MET,event,alt_m,lat_deg,inc_deg,surfspd_mps,orbspd_mps,vertspeed_mps,ap_m,pe_m,eta_ap_s,mass_t,throttle,dv_mps,q_atm
0,PRELAUNCH,82.248,-0.0972068,0.0972068,0.002,174.965,0.002,77.803,-598435.243,-0.02,2.79541,1,4003.239,0
0.22,LIFTOFF,82.491,-0.0972068,0.097207,2.046,174.976,2.046,78.411,-598435.265,0.19,2.69085,1,4000.578,5.9E-06
0.74,BOOSTER_ASCENT,84.864,-0.0972068,0.0972069,6.901,175.099,6.901,83.013,-598435.261,0.687,2.68096,1,3992.297,0.0001925
1.3,BOOSTER_ASCENT,90.254,-0.0972068,0.097207,12.168,175.385,12.168,93.554,-598435.241,1.227,2.67031,1,3980.109,0.0006913
1.86,BOOSTER_ASCENT,98.605,-0.0972068,0.0972072,17.473,175.831,17.473,109.968,-598435.24,1.771,2.65967,1,3972.138,0.0015046
2.42,BOOSTER_ASCENT,109.938,-0.0972069,0.0972072,22.816,176.437,22.816,132.338,-598435.26,2.319,2.64902,1,3960.767,0.0026369
2.98,BOOSTER_ASCENT,124.273,-0.0972069,0.097207,28.194,177.207,28.194,160.739,-598435.288,2.87,2.63837,1,3949.313,0.0040918
3.54,BOOSTER_ASCENT,141.629,-0.0972069,0.0972069,33.606,178.142,33.606,195.247,-598435.318,3.426,2.62773,1,3942.167,0.005872
4.1,BOOSTER_ASCENT,162.025,-0.0972069,0.0972072,39.049,179.241,39.049,235.931,-598435.35,3.984,2.61708,1,3931.162,0.0079787
4.66,BOOSTER_ASCENT,185.479,-0.0972067,0.0972076,44.524,180.503,44.524,282.856,-598435.403,4.546,2.60643,1,3923.977,0.0104121
5.22,BOOSTER_ASCENT,212.007,-0.0972055,0.0973392,50.026,181.947,50.026,336.076,-598435.104,5.111,2.59579,1,3913.735,0.0131708
5.78,BOOSTER_ASCENT,241.622,-0.0972017,0.100362,55.549,183.615,55.548,395.62,-598433.579,5.679,2.58514,1,3906.838,0.0162501
6.34,BOOSTER_ASCENT,274.334,-0.097193,0.1160449,61.088,185.517,61.088,461.506,-598430.55,6.248,2.57449,1,3896.706,0.0196436
6.9,BOOSTER_ASCENT,310.152,-0.0971764,0.1547698,66.642,187.645,66.64,533.751,-598425.996,6.819,2.56385,1,3887.123,0.0233446
7.46,BOOSTER_ASCENT,349.082,-0.0971488,0.2188656,72.207,189.994,72.202,612.363,-598419.896,7.392,2.5532,1,3880.667,0.0273453
8.02,BOOSTER_ASCENT,391.128,-0.0971072,0.3062762,77.783,192.557,77.77,697.342,-598412.215,7.965,2.54255,1,3871.183,0.0316368
8.58,BOOSTER_ASCENT,436.293,-0.0970483,0.4151241,83.365,195.327,83.341,788.676,-598402.902,8.54,2.53191,1,3865.268,0.0362093
9.14,BOOSTER_ASCENT,484.578,-0.0969688,0.5443661,88.953,198.297,88.911,886.347,-598391.902,9.115,2.52126,1,3856.155,0.0410518
9.7,BOOSTER_ASCENT,535.981,-0.0968656,0.6934505,94.544,201.458,94.478,990.324,-598379.15,9.69,2.51061,1,3850.201,0.0461522
10.26,BOOSTER_ASCENT,590.499,-0.0967351,0.8620468,100.137,204.805,100.038,1100.57,-598364.575,10.265,2.49997,1,3841.7,0.0514977
10.82,BOOSTER_ASCENT,648.127,-0.096574,1.0499171,105.731,208.329,105.588,1217.05,-598348.102,10.84,2.48932,1,3833.129,0.0570757
11.38,BOOSTER_ASCENT,708.86,-0.0963787,1.2576693,111.326,212.027,111.125,1339.718,-598329.567,11.414,2.47867,1,3827.518,0.0628736
11.94,BOOSTER_ASCENT,772.69,-0.0961453,1.4844396,116.923,215.89,116.651,1468.556,-598308.939,11.987,2.46803,1,3819.496,0.0688798
12.5,BOOSTER_ASCENT,839.61,-0.0958704,1.7290865,122.524,219.91,122.165,1603.547,-598286.206,12.561,2.45738,1,3814.071,0.0750842
13.06,BOOSTER_ASCENT,909.614,-0.0955501,1.9912015,128.131,224.08,127.666,1744.656,-598261.273,13.133,2.44674,1,3806.062,0.0814749
13.62,BOOSTER_ASCENT,982.694,-0.0951807,2.2702063,133.744,228.394,133.153,1891.851,-598234.054,13.705,2.43609,1,3798.434,0.08804
14.18,BOOSTER_ASCENT,1058.843,-0.0947585,2.5655055,139.365,232.847,138.625,2045.094,-598204.452,14.277,2.42544,1,3793.263,0.0947676
14.74,BOOSTER_ASCENT,1138.05,-0.0942797,2.876454,144.995,237.433,144.081,2204.343,-598172.364,14.848,2.4148,1,3785.605,0.1016453
15.3,BOOSTER_ASCENT,1220.308,-0.0937403,3.2024067,150.634,242.147,149.52,2369.549,-598137.675,15.418,2.40415,1,3780.789,0.1086609
15.86,BOOSTER_ASCENT,1305.605,-0.0931365,3.5426379,156.283,246.984,154.939,2540.658,-598100.267,15.987,2.3935,1,3773.302,0.1158017
16.42,BOOSTER_ASCENT,1393.93,-0.0924641,3.8964637,161.944,251.939,160.337,2717.607,-598060.004,16.555,2.38286,1,3768.36,0.1230546
16.98,BOOSTER_ASCENT,1485.271,-0.0917192,4.2631197,167.616,257.009,165.712,2900.32,-598016.749,17.122,2.37221,1,3761.233,0.1304064
17.54,BOOSTER_ASCENT,1579.614,-0.0908977,4.641807,173.3,262.188,171.061,3088.717,-597970.354,17.687,2.36156,1,3753.944,0.1378433
18.1,BOOSTER_ASCENT,1676.943,-0.0899953,5.0317306,178.997,267.472,176.382,3282.704,-597920.655,18.25,2.35092,1,3749.115,0.1453516
18.66,BOOSTER_ASCENT,1777.244,-0.089008,5.431424,184.708,272.857,181.674,3482.223,-597867.579,18.812,2.34027,1,3742.12,0.152919
19.22,BOOSTER_ASCENT,1880.501,-0.0879317,5.8384615,190.437,278.335,186.942,3687.293,-597811.179,19.373,2.32962,1,3737.327,0.1605374
19.78,BOOSTER_ASCENT,1986.7,-0.0867626,6.2512086,196.187,283.9,192.185,3897.899,-597751.433,19.932,2.31898,1,3730.15,0.1681979
20.34,BOOSTER_ASCENT,2095.827,-0.0854972,6.668676,201.958,289.55,197.404,4113.973,-597688.223,20.491,2.30833,1,3725.586,0.1758879
20.9,BOOSTER_ASCENT,2207.869,-0.0841316,7.0905719,207.749,295.281,202.592,4335.379,-597621.327,21.047,2.29768,1,3718.41,0.1835915
21.46,BOOSTER_ASCENT,2322.805,-0.0826621,7.5165825,213.559,301.091,207.746,4561.952,-597550.495,21.602,2.28704,1,3711.214,0.1912912
22.02,BOOSTER_ASCENT,2440.616,-0.0810846,7.9458852,219.386,306.979,212.863,4793.568,-597475.56,22.154,2.27639,1,3706.619,0.1989723
22.58,BOOSTER_ASCENT,2561.28,-0.0793951,8.3779587,225.23,312.94,217.937,5030.061,-597396.291,22.703,2.26574,1,3699.363,0.2066195
23.14,BOOSTER_ASCENT,2684.77,-0.0775895,8.8127681,231.089,318.974,222.961,5271.177,-597312.343,23.249,2.2551,1,3694.497,0.2142138
23.7,BOOSTER_ASCENT,2811.058,-0.0756635,9.2496053,236.962,325.078,227.932,5516.733,-597223.486,23.791,2.24445,1,3687.365,0.2217402
24.26,BOOSTER_ASCENT,2940.112,-0.0736127,9.6880556,242.847,331.251,232.844,5766.487,-597129.41,24.328,2.2338,1,3682.421,0.2291833
24.82,BOOSTER_ASCENT,3071.896,-0.0714325,10.1279753,248.743,337.49,237.688,6020.127,-597029.723,24.861,2.22316,1,3674.931,0.2365256
25.38,BOOSTER_ASCENT,3206.37,-0.0691181,10.5690202,254.648,343.796,242.458,6277.343,-596924.045,25.387,2.21251,1,3667.572,0.243751
25.94,BOOSTER_ASCENT,3343.491,-0.0666645,11.0108326,260.562,350.166,247.145,6537.806,-596811.973,25.906,2.20187,1,3662.451,0.250845
26.5,BOOSTER_ASCENT,3483.21,-0.0640667,11.453185,266.482,356.599,251.742,6801.131,-596693.034,26.418,2.19122,1,3654.666,0.2577926
27.06,BOOSTER_ASCENT,3625.477,-0.0613193,11.8945519,272.413,363.094,256.25,7067.185,-596567.107,26.923,2.18057,1,3649.64,0.264586
27.62,BOOSTER_ASCENT,3770.247,-0.0584181,12.3314395,278.366,369.643,260.689,7336.38,-596434.755,27.422,2.16993,1,3641.624,0.2712351
28.18,BOOSTER_ASCENT,3917.487,-0.0553591,12.7620194,284.352,376.245,265.076,7609.041,-596296.201,27.918,2.15928,1,3636.193,0.2777531
28.74,BOOSTER_ASCENT,4067.17,-0.0521388,13.1857685,290.376,382.901,269.413,7885.153,-596151.324,28.41,2.14863,1,3628.164,0.2841388
29.3,BOOSTER_ASCENT,4219.262,-0.0487541,13.6014407,296.41,389.585,273.677,8163.932,-596000.293,28.897,2.13799,1,3619.712,0.2903477
29.86,BOOSTER_ASCENT,4373.704,-0.0452025,14.0068837,302.385,396.23,277.799,8443.246,-595843.716,29.37,2.12734,1,3613.975,0.2962432
30.42,BOOSTER_ASCENT,4530.401,-0.0414821,14.4007046,308.251,402.791,281.736,8721.446,-595682.101,29.826,2.11669,1,3605.476,0.3017033
30.98,BOOSTER_ASCENT,4689.246,-0.0375921,14.7823168,313.993,409.25,285.476,8997.862,-595515.786,30.262,2.10605,1,3599.521,0.3066865
31.54,BOOSTER_ASCENT,4850.13,-0.0335315,15.1515791,319.615,415.605,289.026,9272.313,-595345.006,30.679,2.0954,1,3590.405,0.3111896
32.1,BOOSTER_ASCENT,5012.95,-0.0293,15.5087084,325.128,421.864,292.4,9544.912,-595169.883,31.08,2.08475,1,3581.347,0.3152312
32.66,BOOSTER_ASCENT,5177.614,-0.0248971,15.8540647,330.548,428.036,295.617,9816.003,-594990.502,31.465,2.07411,1,3574.989,0.3188434
33.22,BOOSTER_ASCENT,5344.037,-0.0203225,16.1882804,335.893,434.137,298.695,10085.859,-594806.777,31.836,2.06346,1,3565.247,0.3220586
33.78,BOOSTER_ASCENT,5512.148,-0.0155757,16.5123472,341.183,440.185,301.651,10354.848,-594618.372,32.196,2.05281,1,3558.917,0.3249137
34.34,BOOSTER_ASCENT,5681.886,-0.0106558,16.8274507,346.45,446.21,304.515,10623.753,-594424.762,32.548,2.04217,1,3548.755,0.3274671
34.9,BOOSTER_ASCENT,5853.21,-0.0055616,17.1350574,351.742,452.256,307.328,10893.792,-594225.127,32.895,2.03152,1,3541.837,0.3298002
35.46,BOOSTER_ASCENT,6026.104,-0.0002909,17.4365788,357.105,458.367,310.128,11166.266,-594018.509,33.243,2.02087,1,3531.56,0.3320034
36.02,BOOSTER_ASCENT,6200.565,0.0051589,17.7325853,362.556,464.559,312.927,11441.551,-593804.361,33.594,2.01023,1,3520.698,0.3341107
36.58,BOOSTER_ASCENT,6376.595,0.0107906,18.0234453,368.102,470.839,315.73,11719.816,-593582.202,33.946,1.99958,1,3513.306,0.3361279
37.14,BOOSTER_ASCENT,6554.196,0.0166074,18.3094898,373.751,477.218,318.54,12001.223,-593351.528,34.302,1.98893,1,3502.338,0.3380612
37.7,BOOSTER_ASCENT,6733.373,0.0226124,18.591008,379.511,483.702,321.361,12285.927,-593111.811,34.661,1.97829,1,3494.647,0.3399153
38.26,BOOSTER_ASCENT,6914.132,0.0288091,18.8682531,385.39,490.299,324.195,12574.064,-592862.502,35.024,1.96764,1,3482.883,0.3416935
38.82,BOOSTER_ASCENT,7096.483,0.0352013,19.1414367,391.393,497.015,327.044,12865.753,-592603.031,35.392,1.957,1,3475.252,0.3433971
39.38,BOOSTER_ASCENT,7280.434,0.0417928,19.4107298,397.526,503.858,329.909,13161.085,-592332.815,35.763,1.94635,1,3463.033,0.3450256
39.94,BOOSTER_ASCENT,7465.993,0.0485877,19.6762707,403.794,510.832,332.79,13460.12,-592051.256,36.139,1.9357,1,3450.535,0.346576
40.5,BOOSTER_ASCENT,7653.178,0.05559,19.9380289,410.223,517.958,335.717,13764.003,-591757.946,36.524,1.92506,1,3442.435,0.3480672
41.06,BOOSTER_ASCENT,7842.035,0.0628037,20.1956435,416.863,525.271,338.757,14075.34,-591452.921,36.924,1.91441,1,3429.478,0.3495708
41.62,BOOSTER_ASCENT,8032.467,0.0702264,20.4227602,422.447,531.555,340.902,14355.705,-591168.472,37.222,1.90468,1,3421.279,0.3497576
42.18,BOOSTER_ASCENT,8224.247,0.0778503,20.6661854,429.167,538.92,343.894,14671.07,-590848.321,37.621,1.89426,0.85,3409.027,0.3503635
42.68,BOOSTER_ASCENT,8396.602,0.0848275,20.8626957,434.452,544.795,345.955,14931.372,-590576.068,37.909,1.88549,1,3401.38,0.3494332
43.24,BOOSTER_ASCENT,8591.152,0.0928447,21.0812826,440.609,551.597,348.399,15230.791,-590258.458,38.249,1.87576,1,3388.613,0.3496598
43.8,BOOSTER_ASCENT,8787.219,0.1010743,21.3155551,447.929,559.507,351.693,15566.808,-589900.915,38.692,1.86534,0.85,3379.887,0.3502502
44.3,BOOSTER_ASCENT,8963.616,0.1086053,21.5114606,454.084,566.196,354.289,15855.94,-589585.907,39.049,1.85635,1,3366.665,0.3481155
44.86,BOOSTER_ASCENT,9163.075,0.1172647,21.7460322,462.143,574.808,358.026,16217.125,-589189.606,39.551,1.8457,1,3356.922,0.3470931
45.42,BOOSTER_ASCENT,9364.655,0.1261692,21.9770002,470.414,583.618,361.855,16586.817,-588776.716,40.068,1.83505,1,3342.502,0.3460363
45.98,BOOSTER_ASCENT,9568.401,0.1353236,22.2043804,478.889,592.622,365.763,16964.748,-588346.358,40.599,1.82441,1,3332.419,0.3449279
46.54,BOOSTER_ASCENT,9774.358,0.144733,22.4282215,487.572,601.823,369.748,17351.094,-587897.719,41.145,1.81376,1,3317.036,0.3437589
47.1,BOOSTER_ASCENT,9982.57,0.1544024,22.6485762,496.464,611.225,373.81,17746.061,-587429.942,41.705,1.80311,1,3301.824,0.3425231
47.66,BOOSTER_ASCENT,10193.077,0.1643373,22.8654783,505.566,620.829,377.946,18149.807,-586942.145,42.279,1.79247,1,3291.199,0.3412123
48.22,BOOSTER_ASCENT,10405.921,0.1745428,23.0789431,514.881,630.636,382.153,18562.474,-586433.441,42.868,1.78182,1,3275.009,0.3398164
48.78,BOOSTER_ASCENT,10621.141,0.1850246,23.2889662,524.406,640.647,386.428,18984.164,-585902.949,43.471,1.77118,1,3264.548,0.3383233
49.34,BOOSTER_ASCENT,10838.772,0.1957881,23.4955316,534.141,650.86,390.766,19414.924,-585349.812,44.088,1.76053,1,3247.866,0.3367179
49.9,BOOSTER_ASCENT,11058.85,0.2068387,23.6986018,544.081,661.273,395.16,19854.737,-584773.214,44.72,1.74988,1,3236.578,0.334989
50.46,BOOSTER_ASCENT,11281.403,0.218182,23.8981181,554.22,671.88,399.604,20303.497,-584172.406,45.364,1.73924,1,3219.925,0.3331264
51.02,BOOSTER_ASCENT,11506.457,0.2298234,24.0939996,564.551,682.675,404.088,20761,-583546.723,46.022,1.72859,1,3202.458,0.3311171
51.58,BOOSTER_ASCENT,11734.031,0.2417682,24.2861421,575.063,693.645,408.601,21226.925,-582895.622,46.691,1.71794,1,3190.65,0.3289457
52.14,BOOSTER_ASCENT,11964.136,0.2540215,24.4744213,585.742,704.78,413.129,21700.815,-582218.7,47.371,1.7073,1,3173.24,0.3265942
52.7,BOOSTER_ASCENT,12196.778,0.266588,24.658692,596.57,716.061,417.657,22182.059,-581515.74,48.059,1.69665,1,3161.111,0.3240425
53.26,BOOSTER_ASCENT,12431.951,0.2794723,24.8388659,607.534,727.476,422.171,22670.106,-580786.443,48.755,1.686,1,3142.673,0.321275
53.82,BOOSTER_ASCENT,12669.647,0.2926787,25.0150486,618.633,739.025,426.669,23164.922,-580029.832,49.459,1.67536,1,3130.788,0.3182968
54.38,BOOSTER_ASCENT,12909.857,0.3062118,25.1873723,629.872,750.712,431.15,23666.589,-579244.755,50.17,1.66471,1,3111.873,0.3151181
54.94,BOOSTER_ASCENT,13152.571,0.3200761,25.3559666,641.253,762.541,435.614,24175.185,-578429.995,50.89,1.65406,1,3092.666,0.3117481
55.5,BOOSTER_ASCENT,13397.781,0.3342764,25.5209732,652.781,774.514,440.056,24690.633,-577584.152,51.618,1.64342,1,3080.294,0.3081933
56.08,BOOSTER_ASCENT,13654.609,0.3493394,25.6886209,665.435,787.541,445.477,25276.721,-576674.745,52.485,1.63239,1,3060.616,0.3046397
56.66,BOOSTER_ASCENT,13914.899,0.3647721,25.8491958,678.669,801.025,451.872,25925.756,-575753.536,53.483,1.62136,1,3047.343,0.301377
57.24,BOOSTER_ASCENT,14178.877,0.3805746,26.0081367,692.161,814.783,458.262,26588.384,-574785.66,54.498,1.61034,1,3027.817,0.2978706
57.82,BOOSTER_ASCENT,14446.59,0.3967536,26.1633164,705.839,828.721,464.724,27268.753,-573782.436,55.538,1.59931,1,3007.406,0.2941162
58.4,BOOSTER_ASCENT,14718.068,0.4133135,26.3148344,719.697,842.836,471.253,27967.195,-572742.867,56.604,1.58828,1,2987.346,0.2900985
58.98,BOOSTER_ASCENT,14993.354,0.4302591,26.4629546,733.749,857.141,477.85,28684.421,-571664.392,57.696,1.57726,1,2973.402,0.2858466
59.56,BOOSTER_ASCENT,15272.489,0.4475952,26.607699,747.995,871.636,484.519,29421.302,-570546.053,58.817,1.56623,1,2952.251,0.2813716
60.14,BOOSTER_ASCENT,15555.514,0.4653268,26.7491743,762.439,886.326,491.263,30178.679,-569386.283,59.968,1.5552,1,2931.472,0.2766869
60.72,BOOSTER_ASCENT,15842.473,0.4834587,26.8874673,777.083,901.212,498.085,30957.466,-568183.547,61.149,1.54418,1,2917.032,0.271803
61.3,BOOSTER_ASCENT,16133.414,0.5019959,27.0226631,791.931,916.299,504.987,31758.638,-566936.251,62.364,1.53315,1,2895.139,0.2666208
61.88,BOOSTER_ASCENT,16428.382,0.5209435,27.1548608,806.989,931.592,511.973,32583.327,-565642.56,63.614,1.52212,1,2873.64,0.2609494
62.46,BOOSTER_ASCENT,16727.429,0.5403064,27.284136,822.26,947.094,519.048,33432.665,-564300.69,64.901,1.5111,1,2858.707,0.2551449
63.04,BOOSTER_ASCENT,17030.607,0.5600901,27.4105629,837.748,962.809,526.213,34307.815,-562908.841,66.226,1.50007,1,2836.076,0.2492084
63.62,BOOSTER_ASCENT,17337.968,0.5802994,27.5342105,853.454,978.74,533.471,35210.014,-561465.137,67.592,1.48904,1,2813.863,0.2431604
64.2,BOOSTER_ASCENT,17649.568,0.6009398,27.6551456,869.383,994.889,540.826,36140.572,-559967.638,69.001,1.47802,1,2798.438,0.2370264
64.78,BOOSTER_ASCENT,17965.463,0.6220165,27.7734319,885.537,1011.26,548.279,37100.879,-558414.334,70.455,1.46699,1,2775.064,0.2308313
65.36,BOOSTER_ASCENT,18285.711,0.6435347,27.8891336,901.917,1027.854,555.833,38092.41,-556803.143,71.957,1.45596,1,2752.127,0.2245986
65.94,BOOSTER_ASCENT,18610.372,0.6654997,28.002309,918.528,1044.675,563.491,39116.735,-555131.913,73.508,1.44494,1,2736.202,0.2183499
66.52,BOOSTER_ASCENT,18939.506,0.6879168,28.1130162,935.371,1061.724,571.256,40175.522,-553398.408,75.113,1.43391,1,2712.075,0.2121043
67.1,BOOSTER_ASCENT,19273.176,0.7107914,28.2213105,952.449,1079.005,579.129,41270.552,-551600.313,76.773,1.42288,1,2688.403,0.2058774
67.68,BOOSTER_ASCENT,19611.446,0.7341288,28.3272473,969.764,1096.52,587.114,42403.726,-549735.218,78.492,1.41185,1,2671.972,0.1996805
68.26,BOOSTER_ASCENT,19954.382,0.7579343,28.4308798,987.318,1114.271,595.212,43577.084,-547800.618,80.273,1.40083,1,2647.085,0.1935194
68.84,BOOSTER_ASCENT,20302.049,0.7822134,28.5322613,1005.114,1132.26,603.427,44792.811,-545793.901,82.119,1.3898,1,2622.675,0.1873932
69.42,BOOSTER_ASCENT,20654.516,0.8069714,28.6314427,1023.154,1150.491,611.762,46053.263,-543712.333,84.034,1.37877,1,2605.736,0.1812929
70,BOOSTER_ASCENT,21011.855,0.8322138,28.7284768,1041.441,1168.965,620.219,47360.984,-541553.046,86.023,1.36775,1,2580.087,0.1751997
70.58,BOOSTER_ASCENT,21374.135,0.8579458,28.8234152,1059.979,1187.687,628.801,48718.734,-539313.018,88.09,1.35672,1,2554.939,0.1690899
71.16,BOOSTER_ASCENT,21741.433,0.8841731,28.916308,1078.77,1206.659,637.513,50129.492,-536989.086,90.239,1.34569,1,2537.491,0.1629789
71.74,BOOSTER_ASCENT,22113.822,0.9109011,29.0071999,1097.818,1225.885,646.357,51596.468,-534577.966,92.476,1.33467,1,2511.076,0.1568944
72.32,BOOSTER_ASCENT,22491.381,0.9381352,29.0961334,1117.127,1245.369,655.336,53123.113,-532076.263,94.806,1.32364,1,2485.176,0.1508619
72.9,BOOSTER_ASCENT,22874.189,0.965881,29.1831575,1136.697,1265.112,664.453,54713.148,-529480.441,97.234,1.31261,1,2467.206,0.1449064
73.48,BOOSTER_ASCENT,23262.328,0.9941442,29.2683159,1156.534,1285.118,673.713,56370.593,-526786.843,99.768,1.30159,1,2440.828,0.1390509
74.06,BOOSTER_ASCENT,23655.881,1.0229301,29.3516501,1176.639,1305.389,683.118,58099.794,-523991.68,102.415,1.29056,1,2413.323,0.133316
74.64,BOOSTER_ASCENT,24054.933,1.0522444,29.4332023,1197.016,1325.929,692.671,59905.458,-521091.022,105.181,1.27953,1,2394.815,0.1277193
75.22,BOOSTER_ASCENT,24459.571,1.0820928,29.513011,1217.666,1346.74,702.375,61792.694,-518080.8,108.074,1.26851,1,2367.645,0.1222743
75.8,BOOSTER_ASCENT,24869.883,1.1124806,29.5911164,1238.592,1367.825,712.234,63767.053,-514956.787,111.104,1.25748,1,2339.315,0.1169899
75.98,BOOSTER_BURNOUT,24998.35,1.1220191,29.607711,1242.912,1372.204,714.038,64209.583,-514260.72,111.73,1.25541,0,2339.315,0.1151313
76.32,BOOSTER_COAST,25240.623,1.1400405,29.604226,1240.456,1369.908,711.318,64151.588,-514355.262,111.283,1.25541,0,2333.899,0.1102331
76.58,BOOSTER_COAST,25425.269,1.1538053,29.6019411,1238.614,1368.188,709.257,64110.202,-514423.198,110.947,1.25541,0,2334.006,0.1061456
76.84,BOOSTER_COAST,25609.382,1.1675559,29.5999836,1236.803,1366.499,707.213,64071.319,-514487.424,110.616,1.25541,0,2334.11,0.1022366
77.1,BOOSTER_COAST,25792.966,1.1812929,29.5982591,1235.018,1364.836,705.183,64034.579,-514548.492,110.288,1.25541,0,2334.299,0.0984499
77.36,BOOSTER_COAST,25976.024,1.1950165,29.5966818,1233.257,1363.196,703.166,63999.674,-514606.87,109.963,1.25541,0,2334.393,0.0946985
77.62,BOOSTER_COAST,26158.56,1.2087271,29.5951897,1231.515,1361.575,701.159,63966.274,-514663.064,109.641,1.25541,0,2334.484,0.0911071
77.88,BOOSTER_COAST,26340.574,1.2224249,29.5937532,1229.791,1359.972,699.161,63934.266,-514717.237,109.322,1.25541,0,2334.573,0.0876662
78.14,BOOSTER_COAST,26522.071,1.2361101,29.5923626,1228.085,1358.387,697.173,63903.621,-514769.413,109.005,1.25541,0,2334.658,0.0843664
78.4,BOOSTER_COAST,26703.051,1.2497829,29.5910147,1226.396,1356.819,695.194,63874.283,-514819.662,108.69,1.25541,0,2334.815,0.0811993
78.66,BOOSTER_COAST,26883.519,1.2634436,29.5897061,1224.723,1355.267,693.223,63846.168,-514868.102,108.377,1.25541,0,2334.894,0.0781563
78.92,BOOSTER_COAST,27063.475,1.2770921,29.5884355,1223.066,1353.731,691.26,63819.204,-514914.834,108.067,1.25541,0,2334.97,0.0752297
79.18,BOOSTER_COAST,27242.922,1.2907289,29.5872034,1221.424,1352.21,689.305,63793.347,-514959.914,107.758,1.25541,0,2335.044,0.0724184
79.44,BOOSTER_COAST,27421.861,1.304354,29.5860108,1219.796,1350.704,687.358,63768.557,-515003.393,107.451,1.25541,0,2335.116,0.0697192
79.7,BOOSTER_COAST,27600.296,1.3179674,29.5848589,1218.184,1349.212,685.417,63744.794,-515045.317,107.146,1.25541,0,2335.187,0.0671281
79.96,BOOSTER_COAST,27778.226,1.3315697,29.5837486,1216.585,1347.734,683.484,63722.021,-515085.737,106.843,1.25541,0,2335.32,0.0646413
80.22,BOOSTER_COAST,27955.656,1.3451606,29.58268,1214.999,1346.269,681.558,63700.197,-515124.702,106.542,1.25541,0,2335.378,0.062255
80.48,BOOSTER_COAST,28132.585,1.3587404,29.581651,1213.427,1344.818,679.639,63679.28,-515162.273,106.242,1.25541,0,2335.441,0.0599654
80.5,PRE_SEPARATION,28146.174,1.3597846,29.5815734,1213.307,1344.707,679.491,63677.708,-515165.107,106.219,1.25541,0,2335.441,0.0597932
80.76,BOOSTER_SEPARATED,28322.662,1.3733597,29.5840989,1212.712,1344.228,678.125,63734.61,-515071.584,106.064,0.68541,0,2335.514,0.0576552
82.62,UPPER_ENGINE_READY,29571.905,1.4702498,29.582987,1203.231,1335.603,665.328,63711.547,-515112.554,104.16,0.68541,0,2335.97,0.0444875
82.9,UPPER_ASCENT,29758.082,1.4848129,29.5937431,1204.729,1337.214,665.054,63949.318,-514684.028,104.32,0.68464,0.5,2333.978,0.0428168
83.22,UPPER_ASCENT,29970.954,1.5015033,29.6112754,1207.78,1340.386,665.456,64297.615,-514054.582,104.673,0.68362,0.5,2330.81,0.0413133
83.54,UPPER_ASCENT,30183.955,1.5182452,29.626721,1210.833,1343.562,665.86,64647.129,-513421.473,105.029,0.6826,0.5,2324.459,0.0398701
83.86,UPPER_ASCENT,30397.084,1.5350374,29.6393887,1213.882,1346.739,666.263,64997.622,-512784.943,105.387,0.68158,0.5,2321.276,0.0384845
84.18,UPPER_ASCENT,30610.343,1.5518786,29.6493736,1216.93,1349.917,666.665,65349.084,-512144.827,105.748,0.68056,0.5,2315.189,0.0371546
84.5,UPPER_ASCENT,30823.73,1.5687675,29.657009,1219.978,1353.099,667.068,65701.659,-511500.833,106.111,0.67954,0.5,2311.992,0.0358781
84.82,UPPER_ASCENT,31037.246,1.585703,29.6626787,1223.029,1356.286,667.472,66055.527,-510852.659,106.477,0.67852,0.5,2305.588,0.0346531
85.14,UPPER_ASCENT,31250.892,1.6026844,29.6667426,1226.085,1359.48,667.879,66410.861,-510200.037,106.847,0.67751,0.5,2302.38,0.0334775
85.46,UPPER_ASCENT,31464.669,1.6197107,29.6695157,1229.149,1362.684,668.289,66767.809,-509542.733,107.219,0.67649,0.5,2295.949,0.032349
85.78,UPPER_ASCENT,31678.577,1.6367815,29.6712695,1232.221,1365.897,668.703,67126.495,-508880.553,107.596,0.67547,0.5,2292.727,0.0312654
86.1,UPPER_ASCENT,31892.618,1.6538965,29.6722391,1235.304,1369.121,669.123,67487.026,-508213.328,107.977,0.67445,0.5,2286.566,0.0302243
86.42,UPPER_ASCENT,32106.814,1.6710566,29.6729256,1238.99,1372.948,669.936,67905.36,-507437.322,108.47,0.67325,0.7,2283.331,0.0292317
86.74,UPPER_ASCENT,32321.408,1.6882788,29.6740376,1243.993,1378.092,671.406,68420.842,-506480.232,109.152,0.67182,0.7,2274.233,0.0283479
87.06,UPPER_ASCENT,32536.473,1.7055681,29.6750339,1249.016,1383.256,672.885,68941.441,-505513.154,109.844,0.67039,0.7,2269.673,0.0274979
87.38,UPPER_ASCENT,32752.013,1.7229245,29.6760176,1254.061,1388.44,674.376,69467.295,-504535.945,110.545,0.66896,0.7,2260.947,0.0266739
87.7,UPPER_ASCENT,32968.032,1.7403483,29.677117,1259.127,1393.644,675.877,69998.524,-503548.455,111.257,0.66754,0.7,2256.365,0.0258739
88.02,UPPER_ASCENT,33184.533,1.7578398,29.678448,1264.215,1398.87,677.39,70535.249,-502550.539,111.979,0.66611,0.7,2251.775,0.0250956
88.34,UPPER_ASCENT,33401.519,1.7753992,29.6801068,1269.325,1404.116,678.914,71077.587,-501542.059,112.711,0.66468,0.7,2242.575,0.0243368
88.66,UPPER_ASCENT,33618.995,1.7930269,29.6821677,1274.458,1409.384,680.449,71625.658,-500522.887,113.454,0.66325,0.7,2237.964,0.0235949
88.98,UPPER_ASCENT,33836.964,1.8107235,29.684683,1279.613,1414.672,681.996,72179.577,-499492.902,114.208,0.66183,0.7,2228.719,0.0228712
89.3,UPPER_ASCENT,34055.429,1.8284892,29.6876838,1284.79,1419.982,683.554,72739.457,-498451.993,114.973,0.6604,0.7,2224.508,0.0221672
89.62,UPPER_ASCENT,34274.395,1.8463246,29.6911818,1289.991,1425.313,685.124,73305.413,-497400.056,115.75,0.65897,0.7,2215.22,0.0214828
89.94,UPPER_ASCENT,34493.865,1.8642299,29.6951721,1295.214,1430.665,686.706,73877.56,-496336.994,116.538,0.65754,0.7,2210.565,0.0208177
90.26,UPPER_ASCENT,34713.843,1.8822058,29.6996367,1300.459,1436.038,688.3,74456.008,-495262.709,117.338,0.65612,0.7,2201.232,0.0201719
90.58,UPPER_ASCENT,34934.332,1.9002528,29.7045475,1305.726,1441.431,689.905,75040.87,-494177.101,118.15,0.65469,0.7,2196.555,0.0195449
90.9,UPPER_ASCENT,35155.337,1.918371,29.709869,1311.015,1446.845,691.522,75632.26,-493080.07,118.975,0.65326,0.7,2187.605,0.0189367
91.22,UPPER_ASCENT,35376.861,1.936561,29.7155625,1316.326,1452.28,693.151,76230.296,-491971.518,119.811,0.65183,0.7,2182.905,0.0183469
91.54,UPPER_ASCENT,35598.908,1.9548231,29.7215876,1321.659,1457.735,694.791,76835.097,-490851.345,120.66,0.65041,0.7,2173.484,0.0177754
91.86,UPPER_ASCENT,35821.482,1.9731578,29.7279045,1327.013,1463.21,696.443,77446.793,-489719.452,121.523,0.64898,0.7,2168.762,0.0172218
92.18,UPPER_ASCENT,36044.546,1.9915622,29.7336923,1331.649,1468.312,697.715,77998.297,-488699.731,122.268,0.64772,0.55,2160.037,0.0166767
92.5,UPPER_ASCENT,36267.956,2.0100255,29.7391556,1335.842,1472.627,698.752,78512.8,-487748.43,122.942,0.64654,0.55,2156.559,0.0161301
92.82,UPPER_ASCENT,36491.699,2.028547,29.7447436,1340.05,1476.956,699.798,79031.869,-486788.658,123.625,0.64536,0.55,2148.633,0.0156029
93.14,UPPER_ASCENT,36715.712,2.0471218,29.7490771,1343.377,1480.066,700.2,79440.909,-486032.068,124.096,0.64447,0.3,2145.329,0.015081
93.52,UPPER_ASCENT,36981.695,2.0692194,29.7523685,1345.046,1481.871,699.778,79747.277,-485469.864,124.328,0.64378,0.3,2141.007,0.0144743
93.88,UPPER_ASCENT,37233.493,2.0901828,29.7546992,1346.162,1483.122,699.094,80005.692,-485004.796,124.465,0.64323,0.15,2138.969,0.0138856
94.24,UPPER_ASCENT,37484.86,2.1111572,29.7565461,1346.144,1483.249,697.669,80142.329,-484716.473,124.377,0.64289,0.15,2136.844,0.0132967
94.58,ASCENT_CUTOFF,37721.773,2.1309729,29.7589008,1346.104,1483.351,696.202,80256.547,-484434.46,124.272,0.64256,0,2134.811,0.0127659
94.6,UPPER_ASCENT,37735.693,2.1333046,29.7592118,1346.098,1483.363,696.024,80269.23,-484400.801,124.259,0.64254,0,2134.811,0.0127052
95.2,ATMOSPHERIC_COAST,38152.166,2.1670887,29.7586478,1343.332,1480.83,692.336,80239.275,-484417.47,123.628,0.64254,0,2134.643,0.011863
95.7,ATMOSPHERIC_COAST,38497.497,2.1961734,29.7579492,1340.947,1478.647,689.144,80211.646,-484432.391,123.081,0.64254,0,2134.67,0.0112012
96.2,ATMOSPHERIC_COAST,38841.26,2.2252216,29.7567205,1338.579,1476.48,685.994,80188.71,-484449.86,122.541,0.64254,0,2134.685,0.0105846
96.7,ATMOSPHERIC_COAST,39183.462,2.2542341,29.7549818,1336.242,1474.342,682.897,80172.19,-484468.411,122.011,0.64254,0,2134.701,0.0100096
97.2,ATMOSPHERIC_COAST,39524.118,2.283211,29.753088,1333.935,1472.233,679.835,80160.152,-484485.884,121.488,0.64254,0,2134.722,0.0094727
97.7,ATMOSPHERIC_COAST,39863.24,2.3121526,29.7513947,1331.655,1470.149,676.794,80150.694,-484501.362,120.97,0.64254,0,2134.736,0.0089705
98.2,ATMOSPHERIC_COAST,40200.839,2.341059,29.7500418,1329.396,1468.086,673.764,80142.759,-484514.899,120.455,0.64254,0,2134.749,0.0084995
98.7,ATMOSPHERIC_COAST,40536.925,2.3699307,29.7489729,1327.156,1466.041,670.743,80135.772,-484526.933,119.941,0.64254,0,2134.761,0.0080565
99.2,ATMOSPHERIC_COAST,40871.501,2.3987682,29.7480591,1324.93,1464.01,667.727,80129.37,-484537.993,119.429,0.64254,0,2134.778,0.0076386
99.7,ATMOSPHERIC_COAST,41204.569,2.4275713,29.7471901,1322.716,1461.99,664.716,80123.314,-484548.521,118.917,0.64254,0,2134.788,0.0072483
100.2,ATMOSPHERIC_COAST,41536.134,2.4563408,29.7463047,1320.512,1459.98,661.708,80117.467,-484558.783,118.405,0.64254,0,2134.799,0.0069
100.7,ATMOSPHERIC_COAST,41866.194,2.4850769,29.7453933,1318.318,1457.979,658.703,80111.791,-484568.834,117.894,0.64254,0,2134.815,0.0065652
101.2,ATMOSPHERIC_COAST,42194.753,2.5137799,29.7444803,1316.133,1455.989,655.701,80106.311,-484578.6,117.383,0.64254,0,2134.823,0.0062419
101.7,ATMOSPHERIC_COAST,42521.813,2.54245,29.7435979,1313.96,1454.009,652.704,80101.066,-484587.981,116.873,0.64254,0,2134.833,0.0059328
102.2,ATMOSPHERIC_COAST,42847.374,2.5710871,29.7427665,1311.798,1452.04,649.709,80096.076,-484596.919,116.363,0.64254,0,2134.846,0.0056386
102.7,ATMOSPHERIC_COAST,43171.439,2.5996916,29.7419899,1309.646,1450.081,646.719,80091.339,-484605.412,115.854,0.64254,0,2134.853,0.0053587
103.2,ATMOSPHERIC_COAST,43494.009,2.628264,29.7412605,1307.506,1448.133,643.731,80086.835,-484613.498,115.345,0.64254,0,2134.861,0.0050926
103.7,ATMOSPHERIC_COAST,43815.087,2.6568041,29.7405673,1305.376,1446.196,640.748,80082.543,-484621.222,114.836,0.64254,0,2134.869,0.0048398
104.2,ATMOSPHERIC_COAST,44134.675,2.6853125,29.7399023,1303.256,1444.268,637.767,80078.445,-484628.625,114.328,0.64254,0,2134.879,0.0045995
104.7,ATMOSPHERIC_COAST,44452.772,2.7137892,29.7392621,1301.147,1442.351,634.79,80074.532,-484635.727,113.82,0.64254,0,2134.887,0.0043714
105.2,ATMOSPHERIC_COAST,44769.383,2.7422347,29.7386471,1299.047,1440.443,631.816,80070.803,-484642.534,113.312,0.64254,0,2134.893,0.0041549
105.7,ATMOSPHERIC_COAST,45084.507,2.7706487,29.7380585,1296.958,1438.545,628.846,80067.258,-484649.052,112.805,0.64254,0,2134.902,0.0039494
106.2,ATMOSPHERIC_COAST,45398.147,2.799032,29.7374964,1294.88,1436.657,625.879,80063.894,-484655.288,112.298,0.64254,0,2134.908,0.0037544
106.7,ATMOSPHERIC_COAST,45710.305,2.8273845,29.7369601,1292.811,1434.779,622.915,80060.701,-484661.255,111.792,0.64254,0,2134.913,0.0035695
107.2,ATMOSPHERIC_COAST,46020.981,2.8557065,29.7364482,1290.752,1432.911,619.954,80057.668,-484666.969,111.286,0.64254,0,2134.921,0.0033941
107.7,ATMOSPHERIC_COAST,46330.177,2.8839979,29.7359593,1288.703,1431.052,616.996,80054.787,-484672.444,110.78,0.64254,0,2134.926,0.0032278
108.2,ATMOSPHERIC_COAST,46637.896,2.9122593,29.7354918,1286.664,1429.202,614.041,80052.047,-484677.695,110.274,0.64254,0,2134.931,0.0030701
108.7,ATMOSPHERIC_COAST,46944.138,2.9404907,29.7350446,1284.635,1427.362,611.089,80049.442,-484682.733,109.769,0.64254,0,2134.935,0.0029205
109.2,ATMOSPHERIC_COAST,47248.904,2.9686923,29.7346167,1282.615,1425.532,608.141,80046.964,-484687.569,109.264,0.64254,0,2134.941,0.0027786
109.7,ATMOSPHERIC_COAST,47552.197,2.9968643,29.7342075,1280.605,1423.71,605.194,80044.607,-484692.211,108.759,0.64254,0,2134.946,0.0026439
110.2,ATMOSPHERIC_COAST,47854.018,3.025007,29.7338161,1278.605,1421.898,602.251,80042.364,-484696.668,108.254,0.64254,0,2134.949,0.002516
110.7,ATMOSPHERIC_COAST,48154.368,3.0531206,29.7334419,1276.614,1420.095,599.311,80040.23,-484700.949,107.75,0.64254,0,2134.954,0.0023945
111.2,ATMOSPHERIC_COAST,48453.249,3.0812051,29.7330839,1274.632,1418.302,596.373,80038.199,-484705.061,107.245,0.64254,0,2134.958,0.002279
111.7,ATMOSPHERIC_COAST,48750.661,3.1092608,29.7327416,1272.66,1416.517,593.438,80036.267,-484709.01,106.741,0.64254,0,2134.962,0.002169
112.2,ATMOSPHERIC_COAST,49046.606,3.1372876,29.7324142,1270.697,1414.741,590.506,80034.429,-484712.803,106.237,0.64254,0,2134.966,0.0020643
112.7,ATMOSPHERIC_COAST,49341.086,3.1652863,29.7321011,1268.744,1412.975,587.576,80032.68,-484716.447,105.734,0.64254,0,2134.969,0.0019643
113.2,ATMOSPHERIC_COAST,49634.102,3.1932564,29.7318017,1266.8,1411.217,584.649,80031.016,-484719.946,105.23,0.64254,0,2134.971,0.0018689
113.7,ATMOSPHERIC_COAST,49925.655,3.2211986,29.7315156,1264.865,1409.468,581.724,80029.434,-484723.305,104.727,0.64254,0,2134.974,0.001778
114.2,ATMOSPHERIC_COAST,50215.746,3.2491126,29.731242,1262.939,1407.729,578.802,80027.929,-484726.53,104.223,0.64254,0,2134.978,0.0016914
114.7,ATMOSPHERIC_COAST,50504.377,3.276999,29.7309806,1261.023,1405.998,575.883,80026.499,-484729.625,103.72,0.64254,0,2134.98,0.001609
115.2,ATMOSPHERIC_COAST,50791.549,3.3048575,29.7307308,1259.116,1404.276,572.965,80025.139,-484732.596,103.217,0.64254,0,2134.982,0.0015306
115.7,ATMOSPHERIC_COAST,51077.263,3.3326888,29.7304921,1257.218,1402.562,570.051,80023.847,-484735.447,102.715,0.64254,0,2134.985,0.0014561
116.2,ATMOSPHERIC_COAST,51361.52,3.3604927,29.7302641,1255.329,1400.858,567.138,80022.618,-484738.182,102.212,0.64254,0,2134.988,0.0013852
116.7,ATMOSPHERIC_COAST,51644.322,3.3882697,29.7300462,1253.449,1399.162,564.228,80021.451,-484740.806,101.709,0.64254,0,2134.99,0.0013178
117.2,ATMOSPHERIC_COAST,51925.669,3.4160194,29.7298381,1251.579,1397.475,561.321,80020.341,-484743.323,101.207,0.64254,0,2134.993,0.0012539
117.7,ATMOSPHERIC_COAST,52205.563,3.4437425,29.7296392,1249.717,1395.796,558.416,80019.287,-484745.737,100.705,0.64254,0,2134.994,0.0011931
118.2,ATMOSPHERIC_COAST,52484.005,3.4714389,29.7294491,1247.864,1394.126,555.512,80018.285,-484748.052,100.202,0.64254,0,2134.995,0.0011355
118.7,ATMOSPHERIC_COAST,52760.996,3.4991088,29.7292675,1246.021,1392.465,552.612,80017.332,-484750.273,99.7,0.64254,0,2134.997,0.0010807
119.2,ATMOSPHERIC_COAST,53036.537,3.5267525,29.7290939,1244.186,1390.813,549.713,80016.427,-484752.402,99.198,0.64254,0,2134.999,0.0010288
119.7,ATMOSPHERIC_COAST,53310.63,3.5543697,29.7289279,1242.361,1389.169,546.817,80015.567,-484754.444,98.696,0.64254,0,2135.001,0.0009796
120.2,ATMOSPHERIC_COAST,53583.275,3.5819612,29.7287693,1240.544,1387.533,543.923,80014.75,-484756.402,98.195,0.64254,0,2135.002,0.0009328
120.7,ATMOSPHERIC_COAST,53854.474,3.6095266,29.7286177,1238.736,1385.907,541.031,80013.972,-484758.28,97.693,0.64254,0,2135.004,0.0008885
121.2,ATMOSPHERIC_COAST,54124.227,3.6370666,29.7284726,1236.937,1384.288,538.141,80013.234,-484760.08,97.191,0.64254,0,2135.005,0.0008465
121.7,ATMOSPHERIC_COAST,54392.535,3.6645808,29.728334,1235.147,1382.678,535.253,80012.531,-484761.807,96.69,0.64254,0,2135.006,0.0008065
122.2,ATMOSPHERIC_COAST,54659.401,3.6920695,29.7282013,1233.366,1381.077,532.367,80011.863,-484763.463,96.188,0.64254,0,2135.008,0.0007687
122.7,ATMOSPHERIC_COAST,54924.824,3.7195332,29.7280744,1231.594,1379.484,529.484,80011.228,-484765.051,95.687,0.64254,0,2135.009,0.0007327
123.2,ATMOSPHERIC_COAST,55188.805,3.7469716,29.727953,1229.831,1377.9,526.602,80010.623,-484766.573,95.185,0.64254,0,2135.01,0.0006985
123.7,ATMOSPHERIC_COAST,55451.347,3.774385,29.7278368,1228.077,1376.323,523.722,80010.048,-484768.033,94.684,0.64254,0,2135.01,0.000666
124.2,ATMOSPHERIC_COAST,55712.449,3.8017735,29.7277257,1226.331,1374.756,520.845,80009.502,-484769.433,94.183,0.64254,0,2135.012,0.0006351
124.7,ATMOSPHERIC_COAST,55972.113,3.8291376,29.7276194,1224.594,1373.197,517.969,80008.981,-484770.776,93.682,0.64254,0,2135.013,0.0006056
125.2,ATMOSPHERIC_COAST,56230.34,3.856477,29.7275176,1222.866,1371.646,515.095,80008.486,-484772.063,93.18,0.64254,0,2135.014,0.0005775
125.7,ATMOSPHERIC_COAST,56487.13,3.8837919,29.7274202,1221.147,1370.103,512.224,80008.014,-484773.299,92.679,0.64254,0,2135.015,0.0005506
126.2,ATMOSPHERIC_COAST,56742.485,3.9110825,29.727327,1219.437,1368.569,509.354,80007.563,-484774.489,92.178,0.64254,0,2135.016,0.0005249
126.7,ATMOSPHERIC_COAST,56996.405,3.9383492,29.7272378,1217.735,1367.043,506.486,80007.132,-484775.635,91.677,0.64254,0,2135.017,0.0005004
127.2,ATMOSPHERIC_COAST,57248.892,3.9655917,29.7271523,1216.043,1365.525,503.62,80006.72,-484776.742,91.176,0.64254,0,2135.018,0.000477
127.7,ATMOSPHERIC_COAST,57499.946,3.9928105,29.7270703,1214.359,1364.016,500.755,80006.326,-484777.811,90.676,0.64254,0,2135.017,0.0004547
128.2,ATMOSPHERIC_COAST,57749.569,4.0200057,29.7269919,1212.683,1362.515,497.893,80005.947,-484778.845,90.175,0.64254,0,2135.019,0.0004328
128.7,ATMOSPHERIC_COAST,57997.761,4.0471768,29.7269168,1211.017,1361.022,495.032,80005.584,-484779.845,89.674,0.64254,0,2135.02,0.000412
129.2,ATMOSPHERIC_COAST,58244.523,4.0743251,29.7268448,1209.359,1359.538,492.173,80005.236,-484780.813,89.173,0.64254,0,2135.02,0.0003919
129.7,ATMOSPHERIC_COAST,58489.856,4.1014495,29.7267759,1207.71,1358.061,489.316,80004.902,-484781.751,88.672,0.64254,0,2135.021,0.0003728
130.2,ATMOSPHERIC_COAST,58733.762,4.128551,29.7267099,1206.069,1356.593,486.461,80004.582,-484782.659,88.172,0.64254,0,2135.021,0.0003546
130.7,ATMOSPHERIC_COAST,58976.239,4.1556296,29.7266468,1204.438,1355.133,483.607,80004.273,-484783.539,87.671,0.64254,0,2135.022,0.0003372
131.2,ATMOSPHERIC_COAST,59217.291,4.1826854,29.7265863,1202.815,1353.682,480.756,80003.977,-484784.391,87.17,0.64254,0,2135.022,0.0003206
131.7,ATMOSPHERIC_COAST,59456.917,4.2097182,29.7265284,1201.201,1352.238,477.905,80003.693,-484785.217,86.669,0.64254,0,2135.023,0.0003048
132.2,ATMOSPHERIC_COAST,59695.119,4.2367282,29.7264729,1199.595,1350.803,475.057,80003.419,-484786.017,86.169,0.64254,0,2135.024,0.0002899
132.7,ATMOSPHERIC_COAST,59931.896,4.2637157,29.7264198,1197.998,1349.376,472.21,80003.156,-484786.792,85.668,0.64254,0,2135.024,0.0002756
132.9,FAIRING_JETTISON,60026.209,4.2745047,29.7263992,1197.362,1348.808,471.072,80003.054,-484787.095,85.468,0.64254,0,2135.023,0.0002701
132.92,NEAR_VACUUM,60035.621,4.2755823,29.7214229,1196.784,1348.244,470.759,79979.419,-484885.85,85.383,0.57138,0,2135.023,0.0002696
133.44,TERMINAL_COAST,60279.607,4.3036017,29.7232448,1195.145,1346.777,467.808,79979.872,-484886.352,84.864,0.57138,0,2541.067,0.0002557
133.94,TERMINAL_COAST,60512.766,4.3305221,29.7231902,1193.566,1345.367,464.963,79979.467,-484887.827,84.363,0.57138,0,2541.067,0.0002432
134.44,TERMINAL_COAST,60744.5,4.3574204,29.7231491,1191.996,1343.965,462.12,79979.094,-484889.211,83.862,0.57138,0,2541.067,0.0002313
134.94,TERMINAL_COAST,60974.811,4.3842969,29.7231173,1190.436,1342.572,459.279,79978.744,-484890.511,83.361,0.57138,0,2541.068,0.0002201
135.44,TERMINAL_COAST,61203.701,4.4111509,29.7230884,1188.884,1341.187,456.439,79978.41,-484891.754,82.86,0.57138,0,2541.068,0.0002095
135.94,TERMINAL_COAST,61431.171,4.4379826,29.723058,1187.341,1339.81,453.601,79978.088,-484892.964,82.359,0.57138,0,2541.069,0.0001994
136.44,TERMINAL_COAST,61657.223,4.4647923,29.7230255,1185.807,1338.441,450.765,79977.774,-484894.149,81.858,0.57138,0,2541.069,0.0001898
136.94,TERMINAL_COAST,61881.857,4.491581,29.722992,1184.282,1337.081,447.93,79977.471,-484895.305,81.358,0.57138,0,2541.069,0.0001807
137.44,TERMINAL_COAST,62105.074,4.5183487,29.7229593,1182.765,1335.729,445.097,79977.179,-484896.427,80.857,0.57138,0,2541.07,0.0001721
137.94,TERMINAL_COAST,62326.876,4.5450954,29.7229285,1181.257,1334.386,442.265,79976.899,-484897.51,80.356,0.57138,0,2541.07,0.0001639
138.44,TERMINAL_COAST,62547.261,4.5718207,29.7228997,1179.759,1333.05,439.435,79976.631,-484898.552,79.856,0.57138,0,2541.071,0.000156
138.94,TERMINAL_COAST,62766.232,4.598525,29.7228724,1178.269,1331.723,436.606,79976.375,-484899.554,79.355,0.57138,0,2541.071,0.0001482
139.44,TERMINAL_COAST,62983.79,4.6252084,29.7228462,1176.788,1330.404,433.779,79976.129,-484900.518,78.854,0.57138,0,2541.071,0.0001406
139.94,TERMINAL_COAST,63199.934,4.6518712,29.722821,1175.316,1329.094,430.954,79975.894,-484901.445,78.354,0.57138,0,2541.072,0.0001333
140.44,TERMINAL_COAST,63414.666,4.6785135,29.7227967,1173.853,1327.792,428.13,79975.67,-484902.334,77.853,0.57138,0,2541.072,0.000126
140.94,TERMINAL_COAST,63627.986,4.7051349,29.7227735,1172.398,1326.498,425.307,79975.456,-484903.185,77.353,0.57138,0,2541.072,0.000119
141.44,TERMINAL_COAST,63839.895,4.7317362,29.7227515,1170.953,1325.212,422.487,79975.251,-484903.999,76.852,0.57138,0,2541.072,0.0001122
141.94,TERMINAL_COAST,64050.395,4.7583175,29.7227307,1169.517,1323.935,419.667,79975.057,-484904.774,76.352,0.57138,0,2541.073,0.0001055
142.44,TERMINAL_COAST,64259.485,4.7848783,29.722711,1168.089,1322.666,416.849,79974.872,-484905.511,75.851,0.57138,0,2541.073,9.91E-05
142.94,TERMINAL_COAST,64467.166,4.8114195,29.7226925,1166.671,1321.406,414.033,79974.697,-484906.211,75.351,0.57138,0,2541.073,9.29E-05
143.44,TERMINAL_COAST,64673.439,4.8379402,29.7226751,1165.261,1320.153,411.218,79974.53,-484906.873,74.85,0.57138,0,2541.073,8.68E-05
143.94,TERMINAL_COAST,64878.306,4.8644419,29.7226588,1163.861,1318.909,408.404,79974.372,-484907.498,74.35,0.57138,0,2541.073,8.09E-05
144.44,TERMINAL_COAST,65081.766,4.8909235,29.7226435,1162.469,1317.673,405.592,79974.223,-484908.087,73.85,0.57138,0,2541.074,7.53E-05
144.94,TERMINAL_COAST,65283.82,4.9173856,29.7226293,1161.087,1316.446,402.781,79974.081,-484908.639,73.349,0.57138,0,2541.074,6.98E-05
145.44,TERMINAL_COAST,65484.469,4.9438281,29.7226161,1159.713,1315.227,399.972,79973.948,-484909.157,72.849,0.57138,0,2541.074,6.45E-05
145.94,TERMINAL_COAST,65683.714,4.9702516,29.7226039,1158.348,1314.016,397.164,79973.822,-484909.639,72.349,0.57138,0,2541.075,5.94E-05
146.44,TERMINAL_COAST,65881.556,4.9966559,29.7225926,1156.992,1312.813,394.357,79973.703,-484910.087,71.848,0.57138,0,2541.075,5.45E-05
146.94,TERMINAL_COAST,66077.994,5.0230412,29.7225823,1155.646,1311.619,391.552,79973.591,-484910.502,71.348,0.57138,0,2541.075,4.99E-05
147.44,TERMINAL_COAST,66273.03,5.0494075,29.7225729,1154.308,1310.433,388.748,79973.486,-484910.886,70.848,0.57138,0,2541.075,4.54E-05
147.94,TERMINAL_COAST,66466.665,5.0757551,29.7225643,1152.979,1309.256,385.946,79973.386,-484911.24,70.348,0.57138,0,2541.075,4.11E-05
148.44,TERMINAL_COAST,66658.899,5.1020837,29.7225566,1151.659,1308.086,383.145,79973.293,-484911.565,69.847,0.57138,0,2541.076,3.71E-05
148.94,TERMINAL_COAST,66849.732,5.1283941,29.7225496,1150.348,1306.925,380.345,79973.204,-484911.863,69.347,0.57138,0,2541.075,3.32E-05
149.44,TERMINAL_COAST,67039.166,5.154686,29.7225434,1149.047,1305.772,377.546,79973.12,-484912.136,68.847,0.57138,0,2541.076,2.96E-05
149.94,TERMINAL_COAST,67227.201,5.1809592,29.7225378,1147.754,1304.628,374.749,79973.041,-484912.384,68.347,0.57138,0,2541.075,2.62E-05
150.44,TERMINAL_COAST,67413.838,5.2072144,29.722533,1146.47,1303.491,371.953,79972.966,-484912.608,67.847,0.57138,0,2541.076,2.29E-05
150.94,TERMINAL_COAST,67599.077,5.2334514,29.7225287,1145.195,1302.363,369.158,79972.895,-484912.81,67.347,0.57138,0,2541.076,1.99E-05
151.44,TERMINAL_COAST,67782.92,5.2596707,29.7225251,1143.929,1301.244,366.365,79972.828,-484912.991,66.847,0.57138,0,2541.075,1.71E-05
151.94,TERMINAL_COAST,67965.365,5.2858715,29.7225221,1142.672,1300.132,363.573,79972.765,-484913.15,66.347,0.57138,0,2541.076,1.45E-05
152.44,TERMINAL_COAST,68146.415,5.3120551,29.7225196,1141.425,1299.029,360.782,79972.705,-484913.288,65.846,0.57138,0,2541.076,1.22E-05
152.94,TERMINAL_COAST,68326.07,5.3382206,29.7225177,1140.186,1297.934,357.992,79972.648,-484913.407,65.346,0.57138,0,2541.077,1E-05
153.44,TERMINAL_COAST,68504.331,5.3643689,29.7225162,1138.956,1296.847,355.204,79972.594,-484913.507,64.846,0.57138,0,2541.077,8E-06
153.94,TERMINAL_COAST,68681.197,5.3904996,29.7225152,1137.735,1295.768,352.416,79972.543,-484913.59,64.346,0.57138,0,2541.077,6.3E-06
154.44,TERMINAL_COAST,68856.67,5.4166126,29.7225147,1136.523,1294.698,349.63,79972.494,-484913.657,63.846,0.57138,0,2541.077,4.8E-06
154.94,TERMINAL_COAST,69030.75,5.4427085,29.7225145,1135.321,1293.636,346.845,79972.447,-484913.708,63.346,0.57138,0,2541.076,3.5E-06
155.44,TERMINAL_COAST,69203.439,5.4687877,29.7225146,1134.127,1292.582,344.062,79972.403,-484913.747,62.846,0.57138,0,2541.077,2.4E-06
155.94,TERMINAL_COAST,69374.735,5.4948497,29.722515,1132.942,1291.537,341.279,79972.359,-484913.775,62.346,0.57138,0,2541.077,1.5E-06
156.44,TERMINAL_COAST,69544.641,5.5208945,29.7225157,1131.767,1290.5,338.497,79972.318,-484913.794,61.846,0.57138,0,2541.077,8E-07
156.94,TERMINAL_COAST,69713.156,5.5469227,29.7225165,1130.6,1289.47,335.717,79972.277,-484913.806,61.346,0.57138,0,2541.077,3E-07
157.44,TERMINAL_COAST,69880.281,5.5729342,29.7225174,1129.442,1288.45,332.938,79972.236,-484913.814,60.846,0.57138,0,2541.077,1E-07
157.94,TERMINAL_COAST,70046.026,5.5989289,29.7225181,1128.294,1287.437,330.16,79972.206,-484913.819,60.346,0.57138,0,2541.077,0
158.44,TERMINAL_COAST,70210.41,5.6249075,29.7225181,1127.154,1286.432,327.383,79972.206,-484913.819,59.846,0.57138,0,2541.077,0
158.94,TERMINAL_COAST,70373.405,5.6508694,29.7225181,1126.024,1285.436,324.607,79972.206,-484913.819,59.346,0.57138,0,2541.077,0
159.44,TERMINAL_COAST,70535.013,5.676815,29.7225181,1124.902,1284.448,321.832,79972.206,-484913.819,58.846,0.57138,0,2541.077,0
159.94,TERMINAL_COAST,70695.233,5.7027445,29.7225181,1123.79,1283.468,319.058,79972.206,-484913.819,58.346,0.57138,0,2541.077,0
160.44,TERMINAL_COAST,70854.067,5.7286582,29.7225181,1122.686,1282.496,316.285,79972.206,-484913.819,57.846,0.57138,0,2541.077,0
160.94,TERMINAL_COAST,71011.514,5.7545557,29.7225181,1121.592,1281.533,313.513,79972.206,-484913.819,57.346,0.57138,0,2541.076,0
161.44,TERMINAL_COAST,71167.576,5.7804375,29.7225181,1120.506,1280.577,310.743,79972.206,-484913.819,56.846,0.57138,0,2541.077,0
161.94,TERMINAL_COAST,71322.253,5.806303,29.7225181,1119.43,1279.63,307.973,79972.206,-484913.819,56.346,0.57138,0,2541.077,0
162.44,TERMINAL_COAST,71475.538,5.8321533,29.7225183,1118.363,1278.691,305.204,79972.198,-484913.82,55.846,0.57138,0,2541.077,0
162.94,TERMINAL_COAST,71627.445,5.8579879,29.7225183,1117.305,1277.761,302.437,79972.196,-484913.82,55.346,0.57138,0,2541.077,0
163.44,TERMINAL_COAST,71777.97,5.8838072,29.7225183,1116.256,1276.838,299.67,79972.196,-484913.82,54.846,0.57138,0,2541.077,0
163.94,TERMINAL_COAST,71927.111,5.9096112,29.7225183,1115.216,1275.924,296.904,79972.196,-484913.82,54.346,0.57138,0,2541.077,0
164.44,TERMINAL_COAST,72074.87,5.9353995,29.7225183,1114.185,1275.018,294.139,79972.196,-484913.82,53.846,0.57138,0,2541.077,0
164.94,TERMINAL_COAST,72221.247,5.9611731,29.7225183,1113.164,1274.12,291.376,79972.196,-484913.82,53.346,0.57138,0,2541.077,0
165.44,TERMINAL_COAST,72366.242,5.9869313,29.7225183,1112.151,1273.231,288.613,79972.196,-484913.82,52.846,0.57138,0,2541.077,0
165.94,TERMINAL_COAST,72509.856,6.0126748,29.7225183,1111.148,1272.349,285.851,79972.196,-484913.82,52.346,0.57138,0,2541.077,0
166.44,TERMINAL_COAST,72652.089,6.0384035,29.7225183,1110.154,1271.476,283.09,79972.196,-484913.82,51.846,0.57138,0,2541.077,0
166.94,TERMINAL_COAST,72792.942,6.0641174,29.7225183,1109.169,1270.612,280.33,79972.196,-484913.82,51.346,0.57138,0,2541.077,0
167.44,TERMINAL_COAST,72932.415,6.0898166,29.7225183,1108.193,1269.755,277.571,79972.196,-484913.82,50.846,0.57138,0,2541.077,0
167.94,TERMINAL_COAST,73070.508,6.1155014,29.7225183,1107.226,1268.907,274.812,79972.196,-484913.82,50.346,0.57138,0,2541.077,0
168.44,TERMINAL_COAST,73207.223,6.1411715,29.7225183,1106.269,1268.067,272.055,79972.196,-484913.82,49.846,0.57138,0,2541.076,0
168.94,TERMINAL_COAST,73342.559,6.1668272,29.7225183,1105.32,1267.235,269.298,79972.196,-484913.82,49.346,0.57138,0,2541.076,0
169.44,TERMINAL_COAST,73476.518,6.1924686,29.7225183,1104.381,1266.412,266.543,79972.196,-484913.82,48.846,0.57138,0,2541.077,0
169.94,TERMINAL_COAST,73609.098,6.2180963,29.7225183,1103.451,1265.596,263.788,79972.196,-484913.82,48.346,0.57138,0,2541.077,0
170.44,TERMINAL_COAST,73740.302,6.2437096,29.7225183,1102.531,1264.789,261.034,79972.196,-484913.82,47.846,0.57138,0,2541.077,0
170.94,TERMINAL_COAST,73870.129,6.269309,29.7225183,1101.619,1263.991,258.281,79972.196,-484913.82,47.346,0.57138,0,2541.077,0
171.44,TERMINAL_COAST,73998.579,6.2948947,29.7225183,1100.717,1263.2,255.529,79972.196,-484913.82,46.846,0.57138,0,2541.077,0
171.94,TERMINAL_COAST,74125.645,6.3204665,29.7225185,1099.824,1262.418,252.778,79972.187,-484913.821,46.346,0.57138,0,2541.077,0
172.44,TERMINAL_COAST,74251.344,6.3460245,29.7225185,1098.941,1261.644,250.027,79972.187,-484913.821,45.846,0.57138,0,2541.077,0
172.94,TERMINAL_COAST,74375.668,6.3715692,29.7225185,1098.066,1260.878,247.277,79972.187,-484913.821,45.346,0.57138,0,2541.077,0
173.44,TERMINAL_COAST,74498.617,6.3971004,29.7225185,1097.201,1260.121,244.528,79972.187,-484913.821,44.846,0.57138,0,2541.077,0
173.94,TERMINAL_COAST,74620.193,6.4226179,29.7225185,1096.346,1259.372,241.78,79972.187,-484913.821,44.346,0.57138,0,2541.077,0
174.44,TERMINAL_COAST,74740.394,6.4481225,29.7225185,1095.499,1258.631,239.033,79972.187,-484913.821,43.846,0.57138,0,2541.076,0
174.94,TERMINAL_COAST,74859.221,6.4736137,29.7225185,1094.662,1257.899,236.286,79972.187,-484913.821,43.346,0.57138,0,2541.077,0
175.44,TERMINAL_COAST,74976.676,6.4990921,29.7225185,1093.834,1257.175,233.54,79972.187,-484913.821,42.846,0.57138,0,2541.077,0
175.94,TERMINAL_COAST,75092.758,6.5245571,29.7225185,1093.015,1256.459,230.795,79972.187,-484913.821,42.346,0.57138,0,2541.077,0
176.44,TERMINAL_COAST,75207.467,6.5500093,29.7225185,1092.206,1255.751,228.051,79972.187,-484913.821,41.846,0.57138,0,2541.077,0
176.94,TERMINAL_COAST,75320.805,6.575449,29.7225185,1091.406,1255.052,225.307,79972.187,-484913.821,41.346,0.57138,0,2541.077,0
177.44,TERMINAL_COAST,75432.771,6.6008759,29.7225186,1090.616,1254.361,222.565,79972.187,-484913.821,40.846,0.57138,0,2541.077,0
177.94,TERMINAL_COAST,75543.365,6.6262898,29.7225186,1089.834,1253.679,219.822,79972.187,-484913.821,40.346,0.57138,0,2541.077,0
178.44,TERMINAL_COAST,75652.589,6.6516914,29.7225186,1089.063,1253.004,217.081,79972.187,-484913.821,39.846,0.57138,0,2541.077,0
178.94,TERMINAL_COAST,75760.442,6.6770811,29.7225186,1088.3,1252.338,214.34,79972.187,-484913.821,39.346,0.57138,0,2541.077,0
179.44,TERMINAL_COAST,75866.925,6.7024579,29.7225186,1087.547,1251.681,211.6,79972.187,-484913.821,38.846,0.57138,0,2541.077,0
179.94,TERMINAL_COAST,75972.038,6.7278228,29.7225186,1086.803,1251.031,208.861,79972.187,-484913.821,38.346,0.57138,0,2541.077,0
180.44,TERMINAL_COAST,76075.782,6.7531753,29.7225186,1086.069,1250.39,206.122,79972.187,-484913.821,37.846,0.57138,0,2541.077,0
180.94,TERMINAL_COAST,76178.156,6.7785158,29.7225186,1085.344,1249.758,203.384,79972.187,-484913.821,37.346,0.57138,0,2541.077,0
181.44,TERMINAL_COAST,76279.162,6.8038445,29.7225186,1084.628,1249.133,200.647,79972.187,-484913.821,36.846,0.57138,0,2541.077,0
181.94,TERMINAL_COAST,76378.799,6.8291612,29.7225186,1083.922,1248.517,197.91,79972.187,-484913.821,36.346,0.57138,0,2541.077,0
182.44,TERMINAL_COAST,76477.059,6.854466,29.7225188,1083.225,1247.91,195.174,79972.178,-484913.822,35.846,0.57138,0,2541.077,0
182.94,TERMINAL_COAST,76573.96,6.8797593,29.7225188,1082.538,1247.31,192.438,79972.178,-484913.822,35.346,0.57138,0,2541.077,0
183.44,TERMINAL_COAST,76669.493,6.9050407,29.7225188,1081.86,1246.719,189.703,79972.178,-484913.822,34.846,0.57138,0,2541.077,0
183.94,TERMINAL_COAST,76763.659,6.9303112,29.7225188,1081.192,1246.137,186.969,79972.178,-484913.822,34.346,0.57138,0,2541.077,0
184.44,TERMINAL_COAST,76856.458,6.9555697,29.7225188,1080.533,1245.562,184.236,79972.178,-484913.822,33.846,0.57138,0,2541.077,0
184.94,TERMINAL_COAST,76947.891,6.9808173,29.7225188,1079.883,1244.997,181.503,79972.178,-484913.822,33.346,0.57138,0,2541.077,0
185.44,TERMINAL_COAST,77037.957,7.0060539,29.7225188,1079.243,1244.439,178.77,79972.178,-484913.822,32.846,0.57138,0,2541.077,0
185.94,TERMINAL_COAST,77126.657,7.0312791,29.7225188,1078.613,1243.89,176.038,79972.178,-484913.822,32.346,0.57138,0,2541.077,0
186.44,TERMINAL_COAST,77213.991,7.0564933,29.7225188,1077.992,1243.349,173.307,79972.178,-484913.822,31.846,0.57138,0,2541.077,0
186.94,TERMINAL_COAST,77299.959,7.0816965,29.7225188,1077.38,1242.816,170.576,79972.178,-484913.822,31.346,0.57138,0,2541.077,0
187.44,TERMINAL_COAST,77384.563,7.1068888,29.7225188,1076.778,1242.292,167.846,79972.178,-484913.822,30.846,0.57138,0,2541.077,0
187.94,TERMINAL_COAST,77467.801,7.1320701,29.7225188,1076.185,1241.776,165.116,79972.178,-484913.822,30.346,0.57138,0,2541.077,0
188.44,TERMINAL_COAST,77549.675,7.1572413,29.7225188,1075.602,1241.269,162.387,79972.178,-484913.822,29.846,0.57138,0,2541.077,0
188.94,TERMINAL_COAST,77630.184,7.1824017,29.7225188,1075.028,1240.77,159.658,79972.178,-484913.822,29.346,0.57138,0,2541.077,0
189.44,TERMINAL_COAST,77709.329,7.2075515,29.7225188,1074.464,1240.279,156.93,79972.178,-484913.822,28.846,0.57138,0,2541.077,0
189.94,TERMINAL_COAST,77787.11,7.2326908,29.7225188,1073.91,1239.797,154.203,79972.178,-484913.822,28.346,0.57138,0,2541.077,0
190.44,TERMINAL_COAST,77863.527,7.2578201,29.7225188,1073.364,1239.323,151.475,79972.178,-484913.822,27.846,0.57138,0,2541.077,0
190.94,TERMINAL_COAST,77938.581,7.282939,29.7225188,1072.829,1238.858,148.749,79972.178,-484913.822,27.346,0.57138,0,2541.077,0
191.44,TERMINAL_COAST,78012.272,7.3080478,29.7225188,1072.303,1238.401,146.023,79972.178,-484913.822,26.846,0.57138,0,2541.077,0
191.94,TERMINAL_COAST,78084.596,7.3331466,29.7225189,1071.786,1237.952,143.297,79972.174,-484913.823,26.346,0.57138,0,2541.077,0
192.44,TERMINAL_COAST,78155.556,7.3582354,29.722519,1071.28,1237.512,140.572,79972.17,-484913.824,25.846,0.57138,0,2541.077,0
192.94,TERMINAL_COAST,78225.159,7.3833146,29.722519,1070.782,1237.08,137.847,79972.17,-484913.824,25.346,0.57138,0,2541.077,0
193.44,TERMINAL_COAST,78293.399,7.4083838,29.722519,1070.294,1236.656,135.122,79972.17,-484913.824,24.846,0.57138,0,2541.077,0
193.94,TERMINAL_COAST,78360.277,7.4334431,29.722519,1069.816,1236.241,132.399,79972.17,-484913.824,24.346,0.57138,0,2541.077,0
194.44,TERMINAL_COAST,78425.793,7.4584932,29.722519,1069.348,1235.834,129.675,79972.17,-484913.823,23.846,0.57138,0,2541.077,0
194.94,TERMINAL_COAST,78489.948,7.4835334,29.722519,1068.888,1235.436,126.952,79972.17,-484913.823,23.346,0.57138,0,2541.077,0
195.44,TERMINAL_COAST,78552.741,7.5085645,29.722519,1068.439,1235.046,124.229,79972.17,-484913.823,22.846,0.57138,0,2541.077,0
195.94,TERMINAL_COAST,78614.173,7.533586,29.722519,1067.999,1234.664,121.507,79972.17,-484913.823,22.346,0.57138,0,2541.077,0
196.44,TERMINAL_COAST,78674.243,7.5585985,29.722519,1067.569,1234.291,118.785,79972.17,-484913.823,21.846,0.57138,0,2541.077,0
196.94,TERMINAL_COAST,78732.953,7.583602,29.722519,1067.148,1233.926,116.064,79972.17,-484913.823,21.346,0.57138,0,2541.077,0
197.44,TERMINAL_COAST,78790.303,7.6085958,29.722519,1066.737,1233.57,113.342,79972.17,-484913.823,20.846,0.57138,0,2541.077,0
197.94,TERMINAL_COAST,78846.291,7.6335812,29.722519,1066.336,1233.222,110.622,79972.17,-484913.823,20.346,0.57138,0,2541.077,0
198.44,TERMINAL_COAST,78900.92,7.6585574,29.722519,1065.944,1232.883,107.901,79972.17,-484913.823,19.846,0.57138,0,2541.076,0
198.94,TERMINAL_COAST,78954.188,7.6835251,29.722519,1065.561,1232.552,105.181,79972.17,-484913.823,19.346,0.57138,0,2541.077,0
199.44,TERMINAL_COAST,79006.097,7.7084837,29.722519,1065.189,1232.229,102.461,79972.17,-484913.823,18.846,0.57138,0,2541.077,0
199.94,TERMINAL_COAST,79056.645,7.7334342,29.722519,1064.826,1231.915,99.742,79972.17,-484913.823,18.346,0.57138,0,2541.077,0
200.44,TERMINAL_COAST,79105.834,7.7583756,29.722519,1064.472,1231.609,97.023,79972.17,-484913.823,17.846,0.57138,0,2541.077,0
200.94,TERMINAL_COAST,79153.664,7.7833085,29.722519,1064.129,1231.311,94.304,79972.17,-484913.823,17.346,0.57138,0,2541.077,0
201.44,TERMINAL_COAST,79200.134,7.8082333,29.722519,1063.795,1231.022,91.585,79972.17,-484913.823,16.846,0.57138,0,2541.077,0
201.94,TERMINAL_COAST,79245.245,7.8331499,29.722519,1063.47,1230.742,88.867,79972.17,-484913.823,16.346,0.57138,0,2541.077,0
202.44,TERMINAL_COAST,79288.997,7.858058,29.722519,1063.155,1230.47,86.149,79972.17,-484913.823,15.846,0.57138,0,2541.077,0
202.94,TERMINAL_COAST,79331.39,7.8829584,29.722519,1062.85,1230.206,83.432,79972.17,-484913.823,15.346,0.57138,0,2541.076,0
203.44,TERMINAL_COAST,79372.424,7.9078503,29.722519,1062.555,1229.951,80.714,79972.17,-484913.823,14.846,0.57138,0,2541.077,0
204.28,SV56_GUIDANCE,79438.592,7.9498358,29.7224659,1079.517,1247.046,77.286,79995.054,-481037.284,14.384,0.56807,1,2528.451,0
204.92,SV56_GUIDANCE,79487.102,7.9824357,29.7467791,1101.649,1269.271,74.247,80008.827,-475896.885,14.037,0.56399,1,2505.169,0
205.56,SV56_GUIDANCE,79533.464,8.0156546,29.8024014,1123.97,1291.62,70.658,80013.759,-470562.146,13.577,0.55991,1,2481.714,0
206.2,SV56_GUIDANCE,79577.507,8.0495167,29.8650082,1146.482,1314.139,66.993,80016.678,-465021.432,13.093,0.55583,1,2458.801,0
206.84,SV56_GUIDANCE,79619.181,8.0840158,29.8956803,1169.154,1336.876,63.261,80017.802,-459253.795,12.583,0.55175,1,2434.996,0
207.48,SV56_GUIDANCE,79658.449,8.1191158,29.8883774,1191.955,1359.811,59.476,80017.385,-453253.823,12.051,0.54768,1,2411.738,0
208.12,SV56_GUIDANCE,79695.275,8.1547775,29.8466519,1214.864,1382.914,55.66,80015.771,-447018.979,11.496,0.5436,1,2387.571,0
208.76,SV56_GUIDANCE,79729.661,8.1909895,29.8141471,1237.998,1406.217,51.826,80013.197,-440529.389,10.922,0.53952,1,2363.217,0
209.4,SV56_GUIDANCE,79761.589,8.2277822,29.8154902,1261.413,1429.731,47.983,80009.832,-433770.05,10.326,0.53544,1,2339.418,0
210.04,SV56_GUIDANCE,79791.056,8.2651901,29.8300576,1285.055,1453.44,44.136,80005.787,-426731.797,9.709,0.53136,1,2314.686,0
210.68,SV56_GUIDANCE,79818.067,8.3032188,29.8364206,1308.89,1477.353,40.315,80001.432,-419398.191,9.075,0.52728,1,2289.757,0
211.32,SV56_GUIDANCE,79842.674,8.3418608,29.8329926,1332.922,1501.477,36.626,79997.74,-411752.587,8.446,0.5232,1,2265.394,0
211.96,SV56_GUIDANCE,79864.979,8.381115,29.8285782,1357.171,1525.814,33.118,79995.041,-403777.498,7.833,0.51912,1,2248.533,0
212.6,SV56_GUIDANCE,79885.103,8.4209871,29.8283025,1381.647,1550.367,29.805,79993.309,-395454.265,7.24,0.51504,1,2223.846,0
213.24,SV56_GUIDANCE,79903.171,8.4614868,29.8306676,1406.348,1575.135,26.694,79992.451,-386763.132,6.668,0.51097,1,2198.181,0
213.88,SV56_GUIDANCE,79919.315,8.5026197,29.8325498,1431.267,1600.119,23.785,79992.337,-377682.675,6.119,0.50689,1,2172.306,0
214.52,SV56_GUIDANCE,79933.662,8.5443897,29.8330116,1456.403,1625.319,21.074,79992.818,-368189.778,5.593,0.50281,1,2147.009,0
215.16,SV56_GUIDANCE,79946.336,8.5867996,29.8329947,1481.759,1650.737,18.556,79993.75,-358259.422,5.09,0.49873,1,2120.706,0
215.8,SV56_GUIDANCE,79957.457,8.6298552,29.8333925,1507.337,1676.374,16.22,79994.98,-347864.422,4.607,0.49465,1,2094.181,0
216.44,SV56_GUIDANCE,79967.133,8.6735601,29.8342311,1533.139,1702.231,14.055,79996.378,-336975.187,4.142,0.49057,1,2068.244,0
217.08,SV56_GUIDANCE,79975.483,8.7179213,29.835106,1559.165,1728.311,12.053,79997.858,-325559.463,3.694,0.48649,1,2041.27,0
217.72,SV56_GUIDANCE,79982.602,8.7629433,29.835823,1585.419,1754.617,10.206,79999.337,-313582.049,3.261,0.48241,1,2014.89,0
218.36,SV56_GUIDANCE,79988.588,8.80863,29.8363908,1611.902,1781.15,8.51,80000.76,-301004.484,2.843,0.47833,1,1987.451,0
219,SV56_GUIDANCE,79993.536,8.8549862,29.8369139,1638.618,1807.915,6.961,80002.081,-287784.643,2.439,0.47426,1,1959.77,0
219.64,SV56_GUIDANCE,79997.538,8.9020176,29.8374991,1665.57,1834.914,5.554,80003.265,-273876.316,2.047,0.47018,1,1932.693,0
220.28,SV56_GUIDANCE,80000.685,8.9497299,29.8382041,1692.762,1862.15,4.284,80004.285,-259228.675,1.668,0.4661,1,1904.523,0
220.92,SV56_GUIDANCE,80003.062,8.998127,29.8389299,1720.196,1889.628,3.148,80005.122,-243785.712,1.299,0.46202,1,1876.963,0
221.56,SV56_GUIDANCE,80004.753,9.0472155,29.8396577,1747.876,1917.351,2.141,80005.763,-227485.552,0.94,0.45794,1,1848.286,0
222.2,SV56_GUIDANCE,80005.84,9.0969992,29.8403841,1775.807,1945.324,1.259,80006.205,-210259.683,0.588,0.45386,1,1819.344,0
222.84,SV56_GUIDANCE,80006.402,9.1474848,29.8411066,1803.992,1973.549,0.498,80006.448,-192032.039,0.241,0.44978,1,1791.022,0
223.48,SV56_GUIDANCE,80006.514,9.198678,29.8418257,1832.436,2002.033,-0.143,80006.502,-172717.955,1377.235,0.4457,1,1771.401,0
224.12,SV56_GUIDANCE,80006.254,9.2505836,29.8425389,1861.143,2030.778,-0.666,80006.377,-152222.923,1415.31,0.44162,1,1741.738,0
224.76,SV56_GUIDANCE,80005.698,9.3032064,29.8432455,1890.118,2059.79,-1.07,80006.089,-130441.083,1456.181,0.43755,1,1712.704,0
225.4,SV56_GUIDANCE,80004.92,9.356554,29.8439496,1919.364,2089.074,-1.357,80005.657,-107253.464,1500.136,0.43347,1,1682.478,0
226.04,SV56_GUIDANCE,80003.996,9.4106302,29.8446492,1948.888,2118.633,-1.531,80005.107,-82525.878,1547.502,0.42939,1,1652.888,0
226.68,SV56_GUIDANCE,80003.013,9.4654427,29.8453446,1978.693,2148.474,-1.53,80004.368,-56107.514,1598.718,0.42531,1,1622.078,0
227.32,SV56_GUIDANCE,80002.11,9.5209761,29.8459828,2006.324,2176.136,-1.315,80003.365,-30202.285,1649.649,0.42159,0.7944662,1592.499,0
227.96,SV56_GUIDANCE,80001.367,9.5771112,29.8462789,2028.165,2198.002,-1.036,80002.34,-8687.725,1692.486,0.41867,0.6210949,1569.536,0
228.6,SV56_GUIDANCE,80000.813,9.6337109,29.8460613,2045.352,2215.211,-0.726,80001.401,8930.395,1728.048,0.41639,0.4862999,1550.964,0
229.24,SV56_GUIDANCE,80000.452,9.6906691,29.8456329,2058.878,2228.755,-0.43,80000.69,23244.187,1757.373,0.4146,0.3812,1536.841,0
229.88,SV56_GUIDANCE,80000.26,9.7479,29.8453009,2069.525,2239.416,-0.189,80000.29,34800.181,1781.388,0.4132,0.2990954,1525.415,0
230.52,SV56_GUIDANCE,80000.192,9.8053389,29.8451329,2077.907,2247.81,-0.031,80000.162,44083.671,1800.867,0.4121,0.2348682,1516.486,0
231.16,SV56_GUIDANCE,80000.193,9.8629332,29.8450648,2084.508,2254.421,0.043,80000.175,51512.493,0.245,0.41123,0.1845624,1509.697,0
231.8,SV56_GUIDANCE,80000.217,9.9206429,29.8453571,2089.71,2259.631,0.049,80000.212,57442.268,0.363,0.41055,0.1452901,1504.198,0
232.44,SV56_GUIDANCE,80000.231,9.9784336,29.844528,2093.806,2263.736,0.013,80000.226,62161.409,0.111,0.41002,0.1142317,1500.015,0
233.08,SV56_GUIDANCE,80000.221,10.0362768,29.8409043,2097.021,2266.964,-0.036,80000.226,65902.317,1845.265,0.4096,0.0897347,1496.63,0
233.72,SV56_GUIDANCE,80000.18,10.0941525,29.836737,2099.544,2269.501,-0.076,80000.219,68859.682,1850.598,0.40927,0.0706606,1493.99,0
234.36,SV56_GUIDANCE,80000.134,10.1520443,29.8353014,2101.539,2271.503,-0.094,80000.206,71206.088,1854.747,0.40901,0.0556431,1491.979,0
235,SV56_GUIDANCE,80000.089,10.2099438,29.8356359,2103.113,2273.082,-0.087,80000.155,73062.565,1858.244,0.4088,0.0438146,1490.85,0
235.54,FINE_MODE_LATCH,80000.056,10.2606049,29.8360823,2104.212,2274.184,-0.066,80000.085,74362.63,1861.056,0.40866,0.0366225,1489.467,0
235.66,SV56_GUIDANCE,80000.051,10.2696505,29.8361258,2104.366,2274.338,-0.063,80000.074,74544.885,1861.476,0.40864,0.0118438,1489.467,0
236.3,SV56_GUIDANCE,80000.025,10.3275299,29.8361675,2104.711,2274.687,-0.066,80000.045,74956.978,1862.045,0.4086,0.0105866,1488.889,0
236.94,SV56_GUIDANCE,79999.999,10.3853807,29.836191,2105.028,2275.007,-0.063,80000.001,75335.329,1862.772,0.40856,0.0098019,1488.549,0
237.58,SV56_GUIDANCE,79999.971,10.4432001,29.8361097,2105.319,2275.302,-0.055,79999.951,75685.123,1863.619,0.40852,0.0090626,1488.245,0
238.22,SV56_GUIDANCE,79999.932,10.500989,29.8358573,2105.588,2275.575,-0.046,79999.897,76008.431,1864.479,0.40848,0.0083797,1487.955,0
238.86,SV56_GUIDANCE,79999.903,10.5587463,29.8354852,2105.836,2275.828,-0.039,79999.859,76307.284,1865.278,0.40845,0.007749,1487.688,0
239.5,SV56_GUIDANCE,79999.877,10.6164722,29.8350784,2106.065,2276.061,-0.033,79999.828,76583.693,1865.996,0.40842,0.0071663,1487.448,0
240.14,SV56_GUIDANCE,79999.856,10.6741648,29.83471,2106.276,2276.277,-0.029,79999.803,76839.545,1866.647,0.40839,0.0066275,1487.221,0
240.78,SV56_GUIDANCE,79999.838,10.7318239,29.8344172,2106.472,2276.476,-0.025,79999.781,77076.458,1867.253,0.40836,0.0061289,1487.01,0
241.42,SV56_GUIDANCE,79999.824,10.7894487,29.8341996,2106.653,2276.661,-0.021,79999.763,77295.795,1867.832,0.40834,0.0056674,1486.822,0
242.06,SV56_GUIDANCE,79999.811,10.8470383,29.8340319,2106.82,2276.832,-0.017,79999.747,77498.779,1868.39,0.40832,0.0052406,1486.642,0
242.7,SV56_GUIDANCE,79999.801,10.9045916,29.8338838,2106.974,2276.99,-0.014,79999.734,77686.566,1868.926,0.4083,0.0048459,1486.482,0
243.34,SV56_GUIDANCE,79999.785,10.9621086,29.8337343,2107.116,2277.136,-0.011,79999.716,77860.259,1869.44,0.40828,0.004481,1486.328,0
243.98,SV56_GUIDANCE,79999.778,11.0195894,29.8335763,2107.247,2277.271,-0.009,79999.708,78020.892,1869.928,0.40826,0.0041437,1486.187,0
244.62,SV56_GUIDANCE,79999.772,11.077033,29.8334138,2107.368,2277.396,-0.006,79999.702,78169.447,1870.395,0.40824,0.0038318,1486.06,0
245.26,SV56_GUIDANCE,79999.768,11.1344385,29.8332559,2107.48,2277.512,-0.004,79999.697,78306.848,1870.842,0.40823,0.0035435,1485.94,0
245.9,SV56_GUIDANCE,79999.765,11.1918068,29.8331109,2107.583,2277.618,-0.002,79999.695,78433.954,1871.273,0.40821,0.0032769,1485.832,0
246.54,SV56_GUIDANCE,79999.764,11.2491369,29.8329832,2107.678,2277.717,-0.001,79999.693,78551.548,1871.688,0.4082,0.0030303,1485.729,0
247.18,SV56_GUIDANCE,79999.763,11.306428,29.8328721,2107.765,2277.809,0.001,79999.693,78660.342,0.048,0.40819,0.0028022,1485.665,0
247.82,SV56_GUIDANCE,79999.763,11.3636799,29.8327742,2107.846,2277.893,0.002,79999.694,78760.986,0.228,0.40818,0.0025913,1485.578,0
248.46,SV56_GUIDANCE,79999.763,11.4208918,29.832685,2107.92,2277.971,0.003,79999.696,78854.08,0.413,0.40817,0.0023962,1485.495,0
249.1,SV56_GUIDANCE,79999.765,11.4780636,29.8326011,2107.989,2278.044,0.004,79999.699,78940.184,0.602,0.40816,0.0022159,1485.418,0
249.74,SV56_GUIDANCE,79999.767,11.5351954,29.8325212,2108.052,2278.11,0.005,79999.702,79019.819,0.798,0.40815,0.0020491,1485.349,0
250.38,SV56_GUIDANCE,79999.769,11.5922871,29.8324453,2108.11,2278.172,0.005,79999.706,79093.471,0.999,0.40814,0.0018949,1485.284,0
251.02,SV56_GUIDANCE,79999.772,11.6493368,29.8323741,2108.163,2278.229,0.006,79999.711,79161.589,1.207,0.40813,0.0017523,1485.226,0
251.66,SV56_GUIDANCE,79999.775,11.7063456,29.8323085,2108.212,2278.282,0.006,79999.715,79224.594,1.421,0.40813,0.0016204,1485.17,0
252.3,SV56_GUIDANCE,79999.778,11.7633123,29.8322486,2108.257,2278.331,0.007,79999.721,79282.868,1.643,0.40812,0.0014985,1485.118,0
252.94,SV56_GUIDANCE,79999.782,11.8202372,29.8321942,2108.298,2278.376,0.007,79999.726,79336.767,1.872,0.40812,0.0013857,1485.072,0
253.58,SV56_GUIDANCE,79999.785,11.87712,29.8321445,2108.336,2278.418,0.007,79999.732,79386.619,2.109,0.40811,0.0012814,1485.029,0
254.22,SV56_GUIDANCE,79999.789,11.93396,29.8320988,2108.371,2278.457,0.008,79999.738,79432.726,2.355,0.40811,0.001185,1484.989,0
254.86,SV56_GUIDANCE,79999.785,11.990757,29.8320565,2108.403,2278.493,0.008,79999.736,79475.372,2.609,0.4081,0.0010958,1484.952,0
255.5,SV56_GUIDANCE,79999.79,12.0475111,29.832017,2108.432,2278.526,0.008,79999.742,79514.811,2.873,0.4081,0.0010133,1484.917,0
256.14,SV56_GUIDANCE,79999.795,12.1042213,29.8319803,2108.459,2278.556,0.008,79999.749,79551.283,3.156,0.40809,0.0009371,1484.886,0
256.78,SV56_GUIDANCE,79999.799,12.1608877,29.8319462,2108.483,2278.584,0.008,79999.755,79585.013,3.456,0.40809,0.0008665,1484.857,0
257.42,SV56_GUIDANCE,79999.803,12.2175102,29.8319147,2108.505,2278.611,0.008,79999.762,79616.207,3.771,0.40808,0.0008013,1484.83,0
258.06,SV56_GUIDANCE,79999.807,12.2740879,29.8318857,2108.526,2278.635,0.008,79999.769,79645.057,4.098,0.40808,0.000741,1484.805,0
258.7,SV56_GUIDANCE,79999.812,12.3306217,29.831859,2108.544,2278.657,0.008,79999.775,79671.739,4.436,0.40808,0.0006853,1484.789,0
259.34,SV56_GUIDANCE,79999.816,12.3871098,29.8318344,2108.561,2278.678,0.008,79999.782,79696.416,4.788,0.40808,0.0006337,1484.768,0
259.98,SV56_GUIDANCE,79999.82,12.443553,29.8318118,2108.576,2278.697,0.008,79999.789,79719.238,5.155,0.40807,0.000586,1484.747,0
260.62,SV56_GUIDANCE,79999.824,12.4999504,29.8317908,2108.59,2278.715,0.008,79999.795,79740.343,5.539,0.40807,0.0005419,1484.729,0
261.26,SV56_GUIDANCE,79999.828,12.5563021,29.8317715,2108.602,2278.731,0.008,79999.802,79759.862,5.942,0.40807,0.0005011,1484.712,0
261.9,SV56_GUIDANCE,79999.832,12.612608,29.8317536,2108.614,2278.746,0.008,79999.808,79777.914,6.363,0.40807,0.0004634,1484.696,0
262.54,SV56_GUIDANCE,79999.836,12.6688681,29.8317371,2108.624,2278.76,0.008,79999.815,79794.608,6.803,0.40807,0.0004285,1484.682,0
263.18,SV56_GUIDANCE,79999.84,12.7250805,29.8317218,2108.633,2278.773,0.008,79999.821,79810.046,7.265,0.40806,0.0003963,1484.668,0
263.82,SV56_GUIDANCE,79999.843,12.7812471,29.8317076,2108.641,2278.785,0.008,79999.828,79824.324,7.748,0.40806,0.0003665,1484.656,0
264.46,SV56_GUIDANCE,79999.847,12.8373661,29.8316945,2108.648,2278.796,0.008,79999.834,79837.529,8.255,0.40806,0.0003389,1484.644,0
265.1,SV56_GUIDANCE,79999.85,12.8934383,29.8316824,2108.654,2278.806,0.007,79999.84,79849.74,8.787,0.40806,0.0003134,1484.634,0
265.74,SV56_GUIDANCE,79999.846,12.9494629,29.8316713,2108.659,2278.816,0.007,79999.839,79861.036,9.345,0.40806,0.0002898,1484.624,0
266.38,SV56_GUIDANCE,79999.85,13.0054388,29.831661,2108.664,2278.824,0.007,79999.845,79871.481,9.913,0.40806,0.000268,1484.614,0
267.02,SV56_GUIDANCE,79999.855,13.061367,29.8316514,2108.668,2278.833,0.007,79999.851,79881.138,10.561,0.40806,0.0002478,1484.606,0
267.66,SV56_GUIDANCE,79999.859,13.1172476,29.8316426,2108.672,2278.84,0.007,79999.858,79890.068,11.277,0.40806,0.0002292,0,0
268.3,SV56_GUIDANCE,79999.861,13.1730795,29.8316345,2108.674,2278.847,0.007,79999.864,79898.326,12.026,0.40805,0.000212,0,0
268.94,SV56_GUIDANCE,79999.863,13.2288618,29.831627,2108.677,2278.853,0.007,79999.87,79905.964,12.791,0.40805,0.000196,0,0
269.58,SV56_GUIDANCE,79999.866,13.2845955,29.83162,2108.679,2278.859,0.007,79999.876,79913.028,13.583,0.40805,0.0001813,0,0
270.22,SV56_GUIDANCE,79999.868,13.3402796,29.8316137,2108.68,2278.865,0.007,79999.883,79919.561,14.425,0.40805,0.0001676,0,0
270.86,SV56_GUIDANCE,79999.871,13.395915,29.8316078,2108.681,2278.87,0.006,79999.889,79925.602,15.329,0.40805,0.000155,0,0
271.5,SV56_GUIDANCE,79999.874,13.4514999,29.8316023,2108.681,2278.874,0.006,79999.895,79931.189,16.292,0.40805,0.0001434,0,0
272.14,SV56_GUIDANCE,79999.876,13.5070343,29.8315973,2108.682,2278.879,0.006,79999.901,79936.355,17.308,0.40805,0.0001326,0,0
272.78,SV56_GUIDANCE,79999.878,13.5625191,29.8315927,2108.682,2278.883,0.006,79999.907,79941.133,18.375,0.40805,0.0001226,0,0
273.42,SV56_GUIDANCE,79999.88,13.6179533,29.8315884,2108.681,2278.886,0.006,79999.914,79945.552,19.506,0.40805,0.0001134,0,0
274.06,SV56_GUIDANCE,79999.882,13.673336,29.8315844,2108.68,2278.89,0.006,79999.92,79949.639,20.712,0.40805,0.0001049,0,0
274.7,SV56_GUIDANCE,79999.884,13.7286692,29.8315807,2108.679,2278.893,0.006,79999.926,79953.418,21.999,0.40805,9.7E-05,0,0
275.34,SV56_GUIDANCE,79999.885,13.7839499,29.8315774,2108.678,2278.896,0.006,79999.933,79956.913,23.365,0.40805,8.97E-05,0,0
275.98,SV56_GUIDANCE,79999.887,13.839179,29.8315742,2108.677,2278.899,0.006,79999.939,79960.145,24.813,0.40805,8.3E-05,0,0
276.62,SV56_GUIDANCE,79999.889,13.8943567,29.8315713,2108.675,2278.901,0.005,79999.946,79963.133,26.355,0.40805,7.68E-05,0,0
277.26,SV56_GUIDANCE,79999.89,13.949482,29.8315686,2108.673,2278.903,0.005,79999.952,79965.897,28.003,0.40805,7.1E-05,0,0
277.9,SV56_GUIDANCE,79999.892,14.0045557,29.8315661,2108.671,2278.906,0.005,79999.959,79968.453,29.762,0.40805,6.57E-05,0,0
278.54,SV56_GUIDANCE,79999.893,14.059576,29.8315639,2108.669,2278.908,0.005,79999.966,79970.817,31.637,0.40805,6.07E-05,0,0
279.18,SV56_GUIDANCE,79999.894,14.1145449,29.8315617,2108.666,2278.909,0.005,79999.973,79973.003,33.634,0.40805,5.62E-05,0,0
279.82,SV56_GUIDANCE,79999.895,14.1694593,29.8315598,2108.664,2278.911,0.005,79999.98,79975.024,35.771,0.40805,5.2E-05,0,0
280.46,SV56_GUIDANCE,79999.897,14.2243214,29.831558,2108.661,2278.913,0.005,79999.988,79976.893,38.061,0.40805,4.81E-05,0,0
281.1,SV56_GUIDANCE,79999.898,14.27913,29.8315563,2108.658,2278.914,0.005,79999.995,79978.621,40.506,0.40805,4.45E-05,0,0
281.74,SV56_GUIDANCE,79999.899,14.3338842,29.8315548,2108.655,2278.915,0.005,80000.003,79980.219,43.113,0.40805,4.11E-05,0,0
282.38,SV56_GUIDANCE,79999.9,14.3885851,29.8315534,2108.652,2278.917,0.005,80000.011,79981.696,45.91,0.40804,3.81E-05,0,0
283.02,SV56_GUIDANCE,79999.901,14.4432316,29.8315521,2108.649,2278.918,0.005,80000.02,79983.062,48.915,0.40804,3.52E-05,0,0
283.12,FINE_COAST_ENTER,79999.901,14.4517651,29.8315519,2108.649,2278.918,0.005,80000.021,79983.265,49.403,0.40804,0,0,0
283.66,SV56_GUIDANCE,79999.902,14.4978237,29.8315518,2108.645,2278.918,0.005,80000.021,79983.347,49.025,0.40804,0,1484.519,0
284.3,SV56_GUIDANCE,79999.904,14.5523605,29.8315518,2108.641,2278.918,0.004,80000.02,79983.348,48.225,0.40804,0,1484.519,0
284.94,SV56_GUIDANCE,79999.909,14.606843,29.8315518,2108.637,2278.918,0.004,80000.02,79983.348,47.473,0.40804,0,1484.519,0
285.58,SV56_GUIDANCE,79999.915,14.6612701,29.8315518,2108.632,2278.918,0.004,80000.02,79983.349,46.796,0.40804,0,1484.52,0
286.22,SV56_GUIDANCE,79999.92,14.715642,29.8315518,2108.628,2278.918,0.004,80000.02,79983.349,46.167,0.40804,0,1484.519,0
286.86,SV56_GUIDANCE,79999.918,14.7699585,29.8315519,2108.623,2278.918,0.004,80000.012,79983.352,45.58,0.40804,0,1484.519,0
287.5,SV56_GUIDANCE,79999.923,14.8242178,29.8315519,2108.619,2278.918,0.004,80000.012,79983.352,44.956,0.40804,0,1484.52,0
288.14,SV56_GUIDANCE,79999.927,14.8784218,29.8315518,2108.615,2278.918,0.004,80000.012,79983.352,44.317,0.40804,0,1484.52,0
288.78,SV56_GUIDANCE,79999.932,14.9325695,29.8315518,2108.61,2278.918,0.004,80000.012,79983.352,43.675,0.40804,0,1484.519,0
289.42,SV56_GUIDANCE,79999.937,14.98666,29.8315518,2108.606,2278.918,0.004,80000.012,79983.352,43.035,0.40804,0,1484.519,0
290.06,SV56_GUIDANCE,79999.942,15.0406942,29.8315518,2108.602,2278.918,0.004,80000.012,79983.352,42.396,0.40804,0,1484.52,0
290.7,SV56_GUIDANCE,79999.947,15.0946712,29.8315518,2108.597,2278.918,0.004,80000.012,79983.352,41.757,0.40804,0,1484.519,0
291.34,SV56_GUIDANCE,79999.951,15.1485901,29.8315518,2108.593,2278.918,0.004,80000.012,79983.352,41.119,0.40804,0,1484.52,0
291.98,SV56_GUIDANCE,79999.948,15.2024517,29.8315519,2108.588,2278.918,0.004,80000.004,79983.355,40.506,0.40804,0,1484.52,0
292.62,SV56_GUIDANCE,79999.953,15.2562561,29.8315519,2108.584,2278.918,0.004,80000.004,79983.355,39.868,0.40804,0,1484.52,0
293.26,SV56_GUIDANCE,79999.957,15.3100014,29.8315519,2108.579,2278.918,0.004,80000.004,79983.355,39.229,0.40804,0,1484.519,0
293.9,SV56_GUIDANCE,79999.962,15.3636885,29.8315519,2108.575,2278.918,0.004,80000.004,79983.355,38.591,0.40804,0,1484.519,0
294.54,SV56_GUIDANCE,79999.966,15.4173174,29.8315519,2108.57,2278.918,0.004,80000.004,79983.355,37.951,0.40804,0,1484.519,0
295.18,SV56_GUIDANCE,79999.97,15.4708872,29.8315519,2108.566,2278.918,0.003,80000.004,79983.355,37.313,0.40804,0,1484.519,0
295.82,SV56_GUIDANCE,79999.974,15.5243979,29.8315519,2108.561,2278.918,0.003,80000.004,79983.355,36.674,0.40804,0,1484.52,0
296.46,SV56_GUIDANCE,79999.979,15.5778494,29.8315519,2108.557,2278.918,0.003,80000.004,79983.355,36.035,0.40804,0,1484.519,0
297.1,SV56_GUIDANCE,79999.983,15.6312408,29.8315519,2108.552,2278.918,0.003,80000.004,79983.355,35.397,0.40804,0,1484.52,0
297.74,SV56_GUIDANCE,79999.987,15.6845732,29.8315519,2108.548,2278.918,0.003,80000.004,79983.355,34.758,0.40804,0,1484.52,0
298.38,SV56_GUIDANCE,79999.991,15.7378445,29.8315519,2108.543,2278.918,0.003,80000.004,79983.355,34.12,0.40804,0,1484.519,0
299.02,SV56_GUIDANCE,79999.995,15.7910566,29.8315519,2108.539,2278.918,0.003,80000.004,79983.355,33.48,0.40804,0,1484.52,0
299.66,SV56_GUIDANCE,79999.999,15.8442078,29.8315519,2108.534,2278.918,0.003,80000.004,79983.355,32.841,0.40804,0,1484.52,0
300.3,SV56_GUIDANCE,80000.003,15.8972979,29.8315519,2108.53,2278.918,0.003,80000.004,79983.355,32.202,0.40804,0,1484.52,0
300.94,SV56_GUIDANCE,80000.007,15.950326,29.8315519,2108.525,2278.918,0.003,80000.004,79983.355,31.563,0.40804,0,1484.52,0
301.58,SV56_GUIDANCE,80000.011,16.003294,29.8315519,2108.521,2278.918,0.003,80000.004,79983.355,30.919,0.40804,0,1484.52,0
302.22,SV56_GUIDANCE,80000.006,16.0562,29.831552,2108.516,2278.918,0.003,79999.997,79983.358,30.296,0.40804,0,1484.519,0
302.86,SV56_GUIDANCE,80000.01,16.109045,29.831552,2108.512,2278.918,0.003,79999.997,79983.358,29.655,0.40804,0,1484.52,0
303.5,SV56_GUIDANCE,80000.014,16.1618271,29.831552,2108.507,2278.918,0.003,79999.997,79983.358,29.014,0.40804,0,1484.519,0
304.14,SV56_GUIDANCE,80000.018,16.2145462,29.831552,2108.502,2278.918,0.003,79999.997,79983.358,28.374,0.40804,0,1484.52,0
304.78,SV56_GUIDANCE,80000.022,16.2672043,29.831552,2108.498,2278.918,0.003,79999.997,79983.358,27.734,0.40804,0,1484.52,0
305.42,SV56_GUIDANCE,80000.025,16.3197994,29.831552,2108.493,2278.918,0.003,79999.997,79983.358,27.094,0.40804,0,1484.519,0
306.06,SV56_GUIDANCE,80000.029,16.3723297,29.831552,2108.488,2278.918,0.002,79999.997,79983.358,26.454,0.40804,0,1484.52,0
306.7,SV56_GUIDANCE,80000.032,16.424799,29.831552,2108.484,2278.918,0.002,79999.997,79983.358,25.813,0.40804,0,1484.52,0
307.34,SV56_GUIDANCE,80000.036,16.4772034,29.831552,2108.479,2278.918,0.002,79999.997,79983.358,25.174,0.40804,0,1484.52,0
307.98,SV56_GUIDANCE,80000.04,16.5295429,29.831552,2108.475,2278.918,0.002,79999.997,79983.358,24.536,0.40804,0,1484.52,0
308.62,SV56_GUIDANCE,80000.043,16.5818214,29.831552,2108.47,2278.918,0.002,79999.997,79983.358,23.897,0.40804,0,1484.519,0
309.26,SV56_GUIDANCE,80000.039,16.6340332,29.8315521,2108.465,2278.918,0.002,79999.989,79983.361,23.273,0.40804,0,1484.52,0
309.9,SV56_GUIDANCE,80000.042,16.6861801,29.8315521,2108.461,2278.918,0.002,79999.989,79983.361,22.633,0.40804,0,1484.519,0
310.54,SV56_GUIDANCE,80000.045,16.7382641,29.831552,2108.456,2278.918,0.002,79999.989,79983.361,21.994,0.40804,0,1484.52,0
311.18,SV56_GUIDANCE,80000.048,16.7902813,29.831552,2108.451,2278.918,0.002,79999.989,79983.361,21.355,0.40804,0,1484.52,0
311.82,SV56_GUIDANCE,80000.052,16.8422356,29.831552,2108.447,2278.918,0.002,79999.989,79983.361,20.716,0.40804,0,1484.52,0
312.46,SV56_GUIDANCE,80000.055,16.8941212,29.831552,2108.442,2278.918,0.002,79999.989,79983.361,20.078,0.40804,0,1484.52,0
313.1,SV56_GUIDANCE,80000.058,16.9459438,29.831552,2108.437,2278.918,0.002,79999.989,79983.361,19.439,0.40804,0,1484.519,0
313.74,SV56_GUIDANCE,80000.053,16.9976997,29.8315521,2108.433,2278.918,0.002,79999.981,79983.364,18.81,0.40804,0,1484.519,0
314.38,SV56_GUIDANCE,80000.056,17.049387,29.8315521,2108.428,2278.918,0.002,79999.981,79983.364,18.167,0.40804,0,1484.519,0
315.02,SV56_GUIDANCE,80000.059,17.1010113,29.8315521,2108.423,2278.918,0.002,79999.981,79983.364,17.526,0.40804,0,1484.52,0
315.66,SV56_GUIDANCE,80000.062,17.1525669,29.8315521,2108.418,2278.918,0.002,79999.981,79983.364,16.885,0.40804,0,1484.52,0
316.3,SV56_GUIDANCE,80000.065,17.2040539,29.8315521,2108.414,2278.918,0.002,79999.981,79983.364,16.243,0.40804,0,1484.52,0
316.94,SV56_GUIDANCE,80000.068,17.255476,29.8315521,2108.409,2278.918,0.001,79999.981,79983.364,15.603,0.40804,0,1484.52,0
317.58,SV56_GUIDANCE,80000.071,17.3068295,29.8315521,2108.404,2278.918,0.001,79999.981,79983.364,14.962,0.40804,0,1484.52,0
318.22,SV56_GUIDANCE,80000.074,17.3581161,29.8315521,2108.399,2278.918,0.001,79999.981,79983.364,14.321,0.40804,0,1484.519,0
318.86,SV56_GUIDANCE,80000.077,17.4093342,29.8315521,2108.395,2278.918,0.001,79999.981,79983.364,13.68,0.40804,0,1484.519,0
319.5,SV56_GUIDANCE,80000.08,17.4604836,29.8315521,2108.39,2278.918,0.001,79999.981,79983.364,13.038,0.40804,0,1484.519,0
320.14,SV56_GUIDANCE,80000.082,17.5115643,29.8315521,2108.385,2278.918,0.001,79999.981,79983.364,12.401,0.40804,0,1484.52,0
320.78,SV56_GUIDANCE,80000.085,17.5625763,29.8315521,2108.38,2278.918,0.001,79999.981,79983.364,11.764,0.40804,0,1484.519,0
321.42,SV56_GUIDANCE,80000.088,17.6135197,29.8315521,2108.376,2278.918,0.001,79999.981,79983.364,11.126,0.40804,0,1484.519,0
322.06,SV56_GUIDANCE,80000.09,17.6643944,29.8315521,2108.371,2278.918,0.001,79999.981,79983.364,10.487,0.40804,0,1484.519,0
322.7,SV56_GUIDANCE,80000.093,17.7151985,29.8315521,2108.366,2278.918,0.001,79999.981,79983.364,9.848,0.40804,0,1484.52,0
323.34,SV56_GUIDANCE,80000.09,17.7659321,29.8315521,2108.361,2278.918,0.001,79999.976,79983.366,9.213,0.40804,0,1484.52,0
323.98,SV56_GUIDANCE,80000.09,17.816597,29.8315522,2108.356,2278.918,0.001,79999.973,79983.367,8.575,0.40804,0,1484.519,0
324.62,SV56_GUIDANCE,80000.092,17.8671913,29.8315521,2108.352,2278.918,0.001,79999.973,79983.367,7.935,0.40804,0,1484.52,0
325.26,SV56_GUIDANCE,80000.095,17.9177132,29.8315521,2108.347,2278.918,0.001,79999.973,79983.367,7.296,0.40804,0,1484.52,0
325.9,SV56_GUIDANCE,80000.097,17.9681664,29.8315521,2108.342,2278.918,0.001,79999.973,79983.367,6.654,0.40804,0,1484.52,0
326.54,SV56_GUIDANCE,80000.099,18.018549,29.8315521,2108.337,2278.918,0.001,79999.973,79983.367,6.011,0.40804,0,1484.52,0
327.18,SV56_GUIDANCE,80000.102,18.0688591,29.8315521,2108.332,2278.918,0.001,79999.973,79983.367,5.37,0.40804,0,1484.52,0
327.82,SV56_GUIDANCE,80000.104,18.1190968,29.8315521,2108.328,2278.918,0,79999.973,79983.367,4.728,0.40804,0,1484.519,0
328.46,SV56_GUIDANCE,80000.106,18.1692638,29.8315521,2108.323,2278.918,0,79999.973,79983.367,4.087,0.40804,0,1484.52,0
329.1,SV56_GUIDANCE,80000.108,18.2193584,29.8315522,2108.318,2278.918,0,79999.973,79983.367,3.447,0.40804,0,1484.52,0
329.74,SV56_GUIDANCE,80000.111,18.2693806,29.8315522,2108.313,2278.918,0,79999.973,79983.367,2.806,0.40804,0,1484.52,0
330.38,SV56_GUIDANCE,80000.113,18.3193302,29.8315522,2108.308,2278.918,0,79999.973,79983.367,2.166,0.40804,0,1484.519,0
331.02,SV56_GUIDANCE,80000.115,18.3692074,29.8315522,2108.303,2278.918,0,79999.973,79983.367,1.525,0.40804,0,1484.52,0
331.66,SV56_GUIDANCE,80000.117,18.4190102,29.8315522,2108.298,2278.918,0,79999.973,79983.367,0.885,0.40804,0,1484.519,0
332.3,SV56_GUIDANCE,80000.119,18.4687405,29.8315522,2108.294,2278.918,0,79999.973,79983.367,0.248,0.40804,0,1484.519,0
332.94,SV56_GUIDANCE,80000.121,18.5183964,29.8315522,2108.289,2278.918,0,79999.973,79983.367,1874.385,0.40804,0,1484.519,0
333.58,SV56_GUIDANCE,80000.123,18.5679798,29.8315522,2108.284,2278.918,0,79999.973,79983.367,1873.747,0.40804,0,1484.52,0
334.22,SV56_GUIDANCE,80000.125,18.6174889,29.8315522,2108.279,2278.918,0,79999.973,79983.367,1873.107,0.40804,0,1484.52,0
334.86,SV56_GUIDANCE,80000.127,18.6669216,29.8315522,2108.274,2278.918,0,79999.973,79983.367,1872.468,0.40804,0,1484.519,0
335.5,SV56_GUIDANCE,80000.129,18.7162819,29.8315522,2108.269,2278.918,0,79999.973,79983.367,1871.828,0.40804,0,1484.519,0
336.14,SV56_GUIDANCE,80000.13,18.7655659,29.8315521,2108.264,2278.918,0,79999.973,79983.367,1871.188,0.40804,0,1484.52,0
336.78,SV56_GUIDANCE,80000.132,18.8147755,29.8315521,2108.26,2278.918,0,79999.973,79983.367,1870.549,0.40804,0,1484.52,0
337.42,SV56_GUIDANCE,80000.134,18.8639088,29.8315521,2108.255,2278.918,0,79999.973,79983.367,1869.91,0.40804,0,1484.52,0
338.06,SV56_GUIDANCE,80000.135,18.9129677,29.8315521,2108.25,2278.918,-0.001,79999.973,79983.367,1869.268,0.40804,0,1484.52,0
338.7,SV56_GUIDANCE,80000.137,18.9619503,29.8315521,2108.245,2278.918,-0.001,79999.973,79983.367,1868.626,0.40804,0,1484.52,0
339.34,SV56_GUIDANCE,80000.138,19.0108566,29.8315521,2108.24,2278.918,-0.001,79999.973,79983.367,1867.985,0.40804,0,1484.52,0
339.98,SV56_GUIDANCE,80000.14,19.0596848,29.8315521,2108.235,2278.918,-0.001,79999.973,79983.367,1867.344,0.40804,0,1484.52,0
340.62,SV56_GUIDANCE,80000.141,19.1084385,29.8315522,2108.23,2278.918,-0.001,79999.973,79983.367,1866.703,0.40804,0,1484.519,0
341.26,SV56_GUIDANCE,80000.143,19.157114,29.8315522,2108.225,2278.918,-0.001,79999.973,79983.367,1866.062,0.40804,0,1484.519,0
341.9,SV56_GUIDANCE,80000.136,19.2057133,29.8315522,2108.22,2278.918,-0.001,79999.965,79983.371,1865.413,0.40804,0,1484.519,0
342.54,SV56_GUIDANCE,80000.138,19.2542343,29.8315522,2108.215,2278.918,-0.001,79999.965,79983.371,1864.772,0.40804,0,1484.52,0
343.18,SV56_GUIDANCE,80000.139,19.3026772,29.8315522,2108.211,2278.918,-0.001,79999.965,79983.371,1864.131,0.40804,0,1484.52,0
343.82,SV56_GUIDANCE,80000.141,19.3510437,29.8315522,2108.206,2278.918,-0.001,79999.965,79983.371,1863.492,0.40804,0,1484.519,0
344.46,SV56_GUIDANCE,80000.142,19.3993301,29.8315522,2108.201,2278.918,-0.001,79999.965,79983.371,1862.855,0.40804,0,1484.519,0
345.1,SV56_GUIDANCE,80000.143,19.4475403,29.8315522,2108.196,2278.918,-0.001,79999.965,79983.37,1862.217,0.40804,0,1484.52,0
345.74,SV56_GUIDANCE,80000.144,19.4956703,29.8315522,2108.191,2278.918,-0.001,79999.965,79983.37,1861.579,0.40804,0,1484.52,0
346.38,SV56_GUIDANCE,80000.145,19.5437202,29.8315522,2108.186,2278.918,-0.001,79999.965,79983.37,1860.94,0.40804,0,1484.52,0
347.02,SV56_GUIDANCE,80000.147,19.591692,29.8315522,2108.181,2278.918,-0.001,79999.965,79983.37,1860.301,0.40804,0,1484.52,0
347.66,SV56_GUIDANCE,80000.148,19.6395836,29.8315522,2108.176,2278.918,-0.001,79999.965,79983.37,1859.662,0.40804,0,1484.52,0
348.3,SV56_GUIDANCE,80000.149,19.687397,29.8315522,2108.171,2278.918,-0.001,79999.965,79983.37,1859.023,0.40804,0,1484.52,0
348.94,SV56_GUIDANCE,80000.149,19.7351284,29.8315522,2108.166,2278.918,-0.002,79999.965,79983.37,1858.384,0.40804,0,1484.52,0
349.58,SV56_GUIDANCE,80000.15,19.7827797,29.8315522,2108.161,2278.918,-0.002,79999.965,79983.37,1857.744,0.40804,0,1484.519,0
350.22,SV56_GUIDANCE,80000.151,19.8303528,29.8315522,2108.156,2278.918,-0.002,79999.965,79983.37,1857.1,0.40804,0,1484.52,0
350.86,SV56_GUIDANCE,80000.152,19.8778419,29.8315522,2108.151,2278.918,-0.002,79999.965,79983.371,1856.458,0.40804,0,1484.52,0
351.5,SV56_GUIDANCE,80000.153,19.925251,29.8315522,2108.147,2278.918,-0.002,79999.965,79983.371,1855.816,0.40804,0,1484.52,0
352.14,SV56_GUIDANCE,80000.154,19.97258,29.8315522,2108.142,2278.918,-0.002,79999.965,79983.371,1855.175,0.40804,0,1484.52,0
352.78,SV56_GUIDANCE,80000.155,20.0198269,29.8315522,2108.137,2278.918,-0.002,79999.965,79983.371,1854.534,0.40804,0,1484.519,0
353.42,SV56_GUIDANCE,80000.155,20.0669918,29.8315522,2108.132,2278.918,-0.002,79999.965,79983.371,1853.893,0.40804,0,1484.52,0
354.06,SV56_GUIDANCE,80000.156,20.1140728,29.8315522,2108.127,2278.918,-0.002,79999.965,79983.371,1853.252,0.40804,0,1484.52,0
354.7,SV56_GUIDANCE,80000.157,20.1610737,29.8315522,2108.122,2278.918,-0.002,79999.965,79983.371,1852.611,0.40804,0,1484.519,0
355.34,SV56_GUIDANCE,80000.157,20.2079906,29.8315522,2108.117,2278.918,-0.002,79999.965,79983.371,1851.971,0.40804,0,1484.52,0
355.98,SV56_GUIDANCE,80000.158,20.2548256,29.8315522,2108.112,2278.918,-0.002,79999.965,79983.371,1851.334,0.40804,0,1484.52,0
356.62,SV56_GUIDANCE,80000.159,20.3015766,29.8315522,2108.107,2278.918,-0.002,79999.965,79983.37,1850.697,0.40804,0,1484.519,0
357.26,SV56_GUIDANCE,80000.159,20.3482456,29.8315522,2108.102,2278.918,-0.002,79999.965,79983.37,1850.058,0.40804,0,1484.52,0
357.9,SV56_GUIDANCE,80000.159,20.3948288,29.8315522,2108.097,2278.918,-0.002,79999.965,79983.371,1849.418,0.40804,0,1484.52,0
358.54,SV56_GUIDANCE,80000.16,20.44133,29.8315522,2108.092,2278.918,-0.002,79999.965,79983.37,1848.779,0.40804,0,1484.519,0
359.18,SV56_GUIDANCE,80000.152,20.4877453,29.8315522,2108.087,2278.918,-0.002,79999.957,79983.374,1848.121,0.40804,0,1484.519,0
359.82,SV56_GUIDANCE,80000.153,20.5340767,29.8315522,2108.082,2278.918,-0.003,79999.957,79983.374,1847.482,0.40804,0,1484.52,0
360.46,SV56_GUIDANCE,80000.153,20.5803242,29.8315522,2108.077,2278.918,-0.003,79999.957,79983.374,1846.843,0.40804,0,1484.519,0
361.1,SV56_GUIDANCE,80000.153,20.6264858,29.8315522,2108.072,2278.918,-0.003,79999.957,79983.374,1846.204,0.40804,0,1484.52,0
361.74,SV56_GUIDANCE,80000.153,20.6725636,29.8315522,2108.068,2278.918,-0.003,79999.957,79983.374,1845.562,0.40804,0,1484.52,0
362.38,SV56_GUIDANCE,80000.153,20.7185535,29.8315522,2108.063,2278.918,-0.003,79999.957,79983.374,1844.919,0.40804,0,1484.52,0
363.02,SV56_GUIDANCE,80000.153,20.7644596,29.8315522,2108.058,2278.918,-0.003,79999.957,79983.374,1844.278,0.40804,0,1484.52,0
363.66,SV56_GUIDANCE,80000.154,20.8102779,29.8315522,2108.053,2278.918,-0.003,79999.957,79983.374,1843.638,0.40804,0,1484.519,0
364.3,SV56_GUIDANCE,80000.154,20.8560123,29.8315522,2108.048,2278.918,-0.003,79999.957,79983.374,1842.997,0.40804,0,1484.52,0
364.94,SV56_GUIDANCE,80000.154,20.901659,29.8315522,2108.043,2278.918,-0.003,79999.957,79983.374,1842.356,0.40804,0,1484.519,0
365.58,SV56_GUIDANCE,80000.154,20.9472179,29.8315522,2108.038,2278.918,-0.003,79999.957,79983.374,1841.715,0.40804,0,1484.52,0
366.22,SV56_GUIDANCE,80000.154,20.992691,29.8315522,2108.033,2278.918,-0.003,79999.957,79983.374,1841.073,0.40804,0,1484.52,0
366.86,SV56_GUIDANCE,80000.154,21.0380764,29.8315522,2108.028,2278.918,-0.003,79999.957,79983.374,1840.433,0.40804,0,1484.52,0
367.5,SV56_GUIDANCE,80000.154,21.083374,29.8315522,2108.023,2278.918,-0.003,79999.957,79983.374,1839.793,0.40804,0,1484.52,0
368.14,SV56_GUIDANCE,80000.153,21.1285839,29.8315522,2108.018,2278.918,-0.003,79999.957,79983.374,1839.156,0.40804,0,1484.52,0
368.78,SV56_GUIDANCE,80000.153,21.1737061,29.8315522,2108.013,2278.918,-0.003,79999.957,79983.374,1838.518,0.40804,0,1484.52,0
369.42,SV56_GUIDANCE,80000.153,21.2187405,29.8315522,2108.008,2278.918,-0.003,79999.957,79983.374,1837.878,0.40804,0,1484.519,0
370.06,SV56_GUIDANCE,80000.153,21.2636852,29.8315522,2108.003,2278.918,-0.003,79999.957,79983.374,1837.239,0.40804,0,1484.519,0
370.7,SV56_GUIDANCE,80000.152,21.3085403,29.8315522,2107.998,2278.918,-0.004,79999.957,79983.374,1836.6,0.40804,0,1484.519,0
371.34,SV56_GUIDANCE,80000.152,21.3533077,29.8315522,2107.993,2278.918,-0.004,79999.957,79983.374,1835.962,0.40804,0,1484.519,0
371.98,SV56_GUIDANCE,80000.151,21.3979855,29.8315522,2107.989,2278.918,-0.004,79999.957,79983.374,1835.323,0.40804,0,1484.519,0
372.62,SV56_GUIDANCE,80000.151,21.4425735,29.8315522,2107.984,2278.918,-0.004,79999.957,79983.374,1834.684,0.40804,0,1484.519,0
373.26,SV56_GUIDANCE,80000.15,21.4870701,29.8315522,2107.979,2278.918,-0.004,79999.957,79983.374,1834.046,0.40804,0,1484.52,0
373.9,SV56_GUIDANCE,80000.15,21.5314789,29.8315522,2107.974,2278.918,-0.004,79999.957,79983.374,1833.402,0.40804,0,1484.52,0
374.54,SV56_GUIDANCE,80000.149,21.5757961,29.8315522,2107.969,2278.918,-0.004,79999.957,79983.374,1832.759,0.40804,0,1484.519,0
375.18,SV56_GUIDANCE,80000.149,21.6200218,29.8315522,2107.964,2278.918,-0.004,79999.957,79983.374,1832.117,0.40804,0,1484.519,0
375.82,SV56_GUIDANCE,80000.148,21.6641579,29.8315522,2107.959,2278.918,-0.004,79999.957,79983.374,1831.476,0.40804,0,1484.519,0
376.46,SV56_GUIDANCE,80000.147,21.7082024,29.8315522,2107.954,2278.918,-0.004,79999.957,79983.374,1830.835,0.40804,0,1484.52,0
377.1,SV56_GUIDANCE,80000.147,21.7521553,29.8315522,2107.949,2278.918,-0.004,79999.957,79983.374,1830.194,0.40804,0,1484.52,0
377.74,SV56_GUIDANCE,80000.138,21.7960167,29.8315522,2107.944,2278.918,-0.004,79999.95,79983.377,1829.522,0.40804,0,1484.519,0
378.38,SV56_GUIDANCE,80000.137,21.8397846,29.8315522,2107.939,2278.918,-0.004,79999.95,79983.377,1828.881,0.40804,0,1484.519,0
379.02,SV56_GUIDANCE,80000.137,21.8834629,29.8315522,2107.934,2278.918,-0.004,79999.95,79983.377,1828.24,0.40804,0,1484.52,0
379.66,SV56_GUIDANCE,80000.136,21.9270458,29.8315522,2107.93,2278.918,-0.004,79999.95,79983.377,1827.604,0.40804,0,1484.52,0
380.3,SV56_GUIDANCE,80000.135,21.9705372,29.8315522,2107.925,2278.918,-0.004,79999.95,79983.377,1826.966,0.40804,0,1484.52,0
380.94,SV56_GUIDANCE,80000.134,22.013937,29.8315522,2107.92,2278.918,-0.004,79999.95,79983.377,1826.328,0.40804,0,1484.519,0
381.58,SV56_GUIDANCE,80000.133,22.0572414,29.8315522,2107.915,2278.918,-0.005,79999.95,79983.377,1825.689,0.40804,0,1484.519,0
382.22,SV56_GUIDANCE,80000.132,22.1004543,29.8315522,2107.91,2278.918,-0.005,79999.95,79983.377,1825.05,0.40804,0,1484.52,0
382.86,SV56_GUIDANCE,80000.131,22.1435719,29.8315522,2107.905,2278.918,-0.005,79999.95,79983.377,1824.411,0.40804,0,1484.52,0
383.5,SV56_GUIDANCE,80000.13,22.186594,29.8315522,2107.9,2278.918,-0.005,79999.95,79983.377,1823.771,0.40804,0,1484.52,0
384.14,SV56_GUIDANCE,80000.128,22.2295246,29.8315522,2107.895,2278.918,-0.005,79999.95,79983.377,1823.132,0.40804,0,1484.52,0
384.78,SV56_GUIDANCE,80000.127,22.2723598,29.8315522,2107.89,2278.918,-0.005,79999.95,79983.377,1822.493,0.40804,0,1484.52,0
385.42,SV56_GUIDANCE,80000.126,22.3150997,29.8315522,2107.886,2278.918,-0.005,79999.95,79983.377,1821.852,0.40804,0,1484.52,0
386.06,SV56_GUIDANCE,80000.125,22.3577442,29.8315522,2107.881,2278.918,-0.005,79999.95,79983.377,1821.209,0.40804,0,1484.519,0
386.7,SV56_GUIDANCE,80000.123,22.4002934,29.8315522,2107.876,2278.918,-0.005,79999.95,79983.377,1820.567,0.40804,0,1484.52,0
387.34,SV56_GUIDANCE,80000.122,22.4427471,29.8315522,2107.871,2278.918,-0.005,79999.95,79983.377,1819.926,0.40804,0,1484.519,0
387.98,SV56_GUIDANCE,80000.121,22.4851055,29.8315522,2107.866,2278.918,-0.005,79999.95,79983.377,1819.285,0.40804,0,1484.519,0
388.62,SV56_GUIDANCE,80000.119,22.5273666,29.8315522,2107.861,2278.918,-0.005,79999.95,79983.377,1818.645,0.40804,0,1484.52,0
389.26,SV56_GUIDANCE,80000.118,22.5695324,29.8315522,2107.856,2278.918,-0.005,79999.95,79983.377,1818.004,0.40804,0,1484.52,0
389.9,SV56_GUIDANCE,80000.116,22.6116009,29.8315522,2107.852,2278.918,-0.005,79999.95,79983.377,1817.363,0.40804,0,1484.52,0
390.54,SV56_GUIDANCE,80000.115,22.6535721,29.8315522,2107.847,2278.918,-0.005,79999.95,79983.377,1816.722,0.40804,0,1484.52,0
391.18,SV56_GUIDANCE,80000.113,22.695446,29.8315522,2107.842,2278.918,-0.005,79999.95,79983.377,1816.081,0.40804,0,1484.52,0
391.82,SV56_GUIDANCE,80000.112,22.7372227,29.8315522,2107.837,2278.918,-0.005,79999.95,79983.377,1815.444,0.40804,0,1484.52,0
392.46,SV56_GUIDANCE,80000.11,22.7789021,29.8315522,2107.832,2278.918,-0.006,79999.95,79983.377,1814.806,0.40804,0,1484.52,0
393.1,SV56_GUIDANCE,80000.108,22.8204823,29.8315522,2107.827,2278.918,-0.006,79999.95,79983.377,1814.167,0.40804,0,1484.52,0
393.74,SV56_GUIDANCE,80000.107,22.8619671,29.8315522,2107.823,2278.918,-0.006,79999.95,79983.377,1813.528,0.40804,0,1484.52,0
394.38,SV56_GUIDANCE,80000.105,22.9033508,29.8315522,2107.818,2278.918,-0.006,79999.95,79983.377,1812.889,0.40804,0,1484.519,0
395.02,SV56_GUIDANCE,80000.095,22.9446354,29.8315522,2107.813,2278.918,-0.006,79999.942,79983.38,1812.207,0.40804,0,1484.52,0
395.66,SV56_GUIDANCE,80000.093,22.9858227,29.8315522,2107.808,2278.918,-0.006,79999.942,79983.38,1811.568,0.40804,0,1484.52,0
396.3,SV56_GUIDANCE,80000.091,23.0269108,29.8315522,2107.803,2278.918,-0.006,79999.942,79983.38,1810.93,0.40804,0,1484.519,0
396.94,SV56_GUIDANCE,80000.089,23.0678978,29.8315522,2107.799,2278.919,-0.006,79999.942,79983.38,1810.291,0.40804,0,1484.519,0
397.58,SV56_GUIDANCE,80000.087,23.1087856,29.8315522,2107.794,2278.919,-0.006,79999.942,79983.38,1809.65,0.40804,0,1484.52,0
398.22,SV56_GUIDANCE,80000.085,23.1495743,29.8315522,2107.789,2278.919,-0.006,79999.942,79983.38,1809.007,0.40804,0,1484.519,0
398.86,SV56_GUIDANCE,80000.083,23.1902618,29.8315522,2107.784,2278.919,-0.006,79999.942,79983.38,1808.365,0.40804,0,1484.519,0
399.5,SV56_GUIDANCE,80000.081,23.2308483,29.8315522,2107.78,2278.919,-0.006,79999.942,79983.38,1807.724,0.40804,0,1484.52,0
400.14,SV56_GUIDANCE,80000.079,23.2713356,29.8315522,2107.775,2278.919,-0.006,79999.942,79983.38,1807.083,0.40804,0,1484.519,0
400.78,SV56_GUIDANCE,80000.073,23.3117199,29.8315523,2107.77,2278.919,-0.006,79999.938,79983.382,1806.419,0.40804,0,1484.52,0
401.42,SV56_GUIDANCE,80000.067,23.352005,29.8315523,2107.765,2278.919,-0.006,79999.934,79983.383,1805.754,0.40804,0,1484.52,0
402.06,SV56_GUIDANCE,80000.065,23.3921871,29.8315523,2107.761,2278.919,-0.006,79999.934,79983.383,1805.113,0.40804,0,1484.52,0
402.7,SV56_GUIDANCE,80000.063,23.4322662,29.8315523,2107.756,2278.919,-0.006,79999.934,79983.383,1804.472,0.40804,0,1484.52,0
403.34,SV56_GUIDANCE,80000.06,23.4722443,29.8315523,2107.751,2278.919,-0.007,79999.934,79983.383,1803.832,0.40804,0,1484.519,0
403.98,SV56_GUIDANCE,80000.058,23.5121212,29.8315523,2107.746,2278.919,-0.007,79999.934,79983.383,1803.197,0.40804,0,1484.52,0
404.62,SV56_GUIDANCE,80000.056,23.5518951,29.8315522,2107.742,2278.919,-0.007,79999.934,79983.383,1802.559,0.40804,0,1484.52,0
405.26,SV56_GUIDANCE,80000.053,23.5915642,29.8315522,2107.737,2278.919,-0.007,79999.934,79983.383,1801.92,0.40804,0,1484.519,0
405.9,SV56_GUIDANCE,80000.051,23.6311321,29.8315522,2107.732,2278.919,-0.007,79999.934,79983.383,1801.282,0.40804,0,1484.52,0
406.54,SV56_GUIDANCE,80000.048,23.6705952,29.8315522,2107.727,2278.919,-0.007,79999.934,79983.383,1800.643,0.40804,0,1484.519,0
407.18,SV56_GUIDANCE,80000.046,23.7099552,29.8315522,2107.723,2278.919,-0.007,79999.934,79983.383,1800.004,0.40804,0,1484.519,0
407.82,SV56_GUIDANCE,80000.035,23.7492123,29.8315522,2107.718,2278.919,-0.007,79999.927,79983.386,1799.313,0.40804,0,1484.52,0
408.46,SV56_GUIDANCE,80000.033,23.7883644,29.8315522,2107.713,2278.919,-0.007,79999.927,79983.386,1798.674,0.40804,0,1484.519,0
409.1,SV56_GUIDANCE,80000.03,23.8274117,29.8315522,2107.709,2278.919,-0.007,79999.927,79983.386,1798.035,0.40804,0,1484.519,0
409.74,SV56_GUIDANCE,80000.027,23.866354,29.8315522,2107.704,2278.919,-0.007,79999.927,79983.386,1797.391,0.40804,0,1484.52,0
410.38,SV56_GUIDANCE,80000.024,23.9051933,29.8315522,2107.699,2278.919,-0.007,79999.927,79983.386,1796.749,0.40804,0,1484.519,0
411.02,SV56_GUIDANCE,80000.022,23.9439259,29.8315522,2107.695,2278.919,-0.007,79999.927,79983.386,1796.107,0.40804,0,1484.52,0
411.66,SV56_GUIDANCE,80000.019,23.9825535,29.8315522,2107.69,2278.919,-0.007,79999.927,79983.386,1795.466,0.40804,0,1484.519,0
412.3,SV56_GUIDANCE,80000.016,24.0210743,29.8315523,2107.685,2278.919,-0.007,79999.927,79983.386,1794.825,0.40804,0,1484.52,0
412.94,SV56_GUIDANCE,80000.013,24.0594902,29.8315523,2107.681,2278.919,-0.007,79999.927,79983.386,1794.185,0.40804,0,1484.52,0
413.58,SV56_GUIDANCE,80000.01,24.0977993,29.8315523,2107.676,2278.919,-0.007,79999.927,79983.386,1793.543,0.40804,0,1484.519,0
414.22,SV56_GUIDANCE,80000.007,24.1360035,29.8315523,2107.672,2278.919,-0.008,79999.927,79983.386,1792.903,0.40804,0,1484.52,0
414.86,SV56_GUIDANCE,80000.005,24.174099,29.8315523,2107.667,2278.919,-0.008,79999.927,79983.386,1792.262,0.40804,0,1484.52,0
415.5,SV56_GUIDANCE,80000.002,24.2120876,29.8315523,2107.662,2278.919,-0.008,79999.927,79983.386,1791.625,0.40804,0,1484.519,0
416.14,SV56_GUIDANCE,79999.999,24.2499695,29.8315523,2107.658,2278.919,-0.008,79999.927,79983.386,1790.987,0.40804,0,1484.519,0
416.78,SV56_GUIDANCE,79999.995,24.2877445,29.8315522,2107.653,2278.919,-0.008,79999.927,79983.386,1790.348,0.40804,0,1484.519,0
417.42,SV56_GUIDANCE,79999.992,24.3254108,29.8315522,2107.649,2278.919,-0.008,79999.927,79983.386,1789.709,0.40804,0,1484.519,0
418.06,SV56_GUIDANCE,79999.989,24.3629704,29.8315522,2107.644,2278.919,-0.008,79999.927,79983.386,1789.07,0.40804,0,1484.52,0
418.7,SV56_GUIDANCE,79999.986,24.4004211,29.8315522,2107.639,2278.919,-0.008,79999.927,79983.386,1788.431,0.40804,0,1484.519,0
419.34,SV56_GUIDANCE,79999.982,24.4377632,29.8315522,2107.635,2278.919,-0.008,79999.927,79983.386,1787.791,0.40804,0,1484.52,0
419.98,SV56_GUIDANCE,79999.979,24.4749966,29.8315522,2107.63,2278.919,-0.008,79999.927,79983.386,1787.152,0.40804,0,1484.519,0
420.62,SV56_GUIDANCE,79999.976,24.5121212,29.8315522,2107.626,2278.919,-0.008,79999.927,79983.386,1786.514,0.40804,0,1484.52,0
421.26,SV56_GUIDANCE,79999.972,24.5491352,29.8315522,2107.621,2278.919,-0.008,79999.927,79983.386,1785.872,0.40804,0,1484.52,0
421.9,SV56_GUIDANCE,79999.969,24.5860424,29.8315522,2107.617,2278.919,-0.008,79999.927,79983.386,1785.229,0.40804,0,1484.519,0
422.54,SV56_GUIDANCE,79999.965,24.6228371,29.8315522,2107.612,2278.919,-0.008,79999.927,79983.386,1784.587,0.40804,0,1484.519,0
423.18,SV56_GUIDANCE,79999.962,24.659523,29.8315522,2107.608,2278.919,-0.008,79999.927,79983.386,1783.947,0.40804,0,1484.519,0
423.82,SV56_GUIDANCE,79999.958,24.6960983,29.8315523,2107.603,2278.919,-0.008,79999.927,79983.386,1783.306,0.40804,0,1484.519,0
424.46,SV56_GUIDANCE,79999.955,24.7325649,29.8315523,2107.599,2278.919,-0.008,79999.927,79983.386,1782.664,0.40804,0,1484.519,0
425.1,SV56_GUIDANCE,79999.951,24.768919,29.8315523,2107.594,2278.919,-0.008,79999.927,79983.386,1782.023,0.40804,0,1484.519,0
425.52,FINE_COAST_EXIT,79999.949,24.7927151,29.8315523,2107.591,2278.919,-0.009,79999.927,79983.386,1781.582,0.40804,4.7E-05,1484.519,0
425.74,SV56_GUIDANCE,79999.948,24.8051624,29.8315522,2107.59,2278.92,-0.008,79999.929,79983.868,1779.722,0.40804,4.68E-05,0,0
426.38,SV56_GUIDANCE,80000.005,24.8412933,29.831552,2107.587,2278.921,-0.009,80000.006,79985.842,1762.908,0.40804,4E-05,0,0
426.64,FINE_COAST_ENTER,80000.056,24.855938,29.8315516,2107.586,2278.922,-0.009,80000.032,79986.599,1756.246,0.40804,0,0,0
427.02,SV56_GUIDANCE,80000.142,24.8773098,29.8315515,2107.584,2278.922,-0.009,80000.034,79986.851,1754.591,0.40804,0,1484.517,0
427.66,SV56_GUIDANCE,80000.249,24.9132156,29.8315512,2107.579,2278.922,-0.008,79999.968,79986.635,1762.388,0.40804,0,1484.517,0
428.3,SV56_GUIDANCE,80000.291,24.9490108,29.8315509,2107.574,2278.922,-0.008,79999.91,79986.194,1770.543,0.40804,0,1484.517,0
428.94,SV56_GUIDANCE,80000.292,24.9846954,29.8315506,2107.57,2278.921,-0.008,79999.882,79985.926,1774.356,0.40804,0,1484.517,0
429.58,SV56_GUIDANCE,80000.279,25.0202675,29.8315504,2107.565,2278.921,-0.008,79999.877,79985.879,1774.529,0.40804,0,1484.517,0
430.22,SV56_GUIDANCE,80000.268,25.0557289,29.8315504,2107.561,2278.921,-0.008,79999.882,79985.934,1773.011,0.40804,0,1484.517,0
430.86,SV56_GUIDANCE,80000.262,25.091074,29.8315506,2107.557,2278.922,-0.008,79999.889,79985.991,1771.396,0.40804,0,1484.517,0
431.5,SV56_GUIDANCE,80000.26,25.1263084,29.8315509,2107.552,2278.922,-0.008,79999.891,79986.013,1770.358,0.40804,0,1484.517,0
432.14,SV56_GUIDANCE,80000.259,25.1614265,29.8315511,2107.548,2278.922,-0.008,79999.89,79986.005,1769.828,0.40804,0,1484.517,0
432.78,SV56_GUIDANCE,80000.256,25.1964321,29.8315511,2107.543,2278.922,-0.008,79999.889,79985.987,1769.486,0.40804,0,1484.517,0
433.42,SV56_GUIDANCE,80000.252,25.2313251,29.8315511,2107.539,2278.922,-0.008,79999.887,79985.973,1769.092,0.40804,0,1484.517,0
434.06,SV56_GUIDANCE,80000.246,25.2661018,29.8315509,2107.535,2278.922,-0.008,79999.886,79985.967,1768.566,0.40804,0,1484.517,0
434.7,SV56_GUIDANCE,80000.241,25.300766,29.8315508,2107.53,2278.922,-0.008,79999.886,79985.967,1767.937,0.40804,0,1484.517,0
435.34,SV56_GUIDANCE,80000.235,25.3353138,29.8315508,2107.526,2278.922,-0.008,79999.886,79985.969,1767.263,0.40804,0,1484.517,0
435.98,SV56_GUIDANCE,80000.229,25.3697472,29.8315508,2107.522,2278.922,-0.008,79999.887,79985.971,1766.586,0.40804,0,1484.517,0
436.62,SV56_GUIDANCE,80000.224,25.4040661,29.8315508,2107.517,2278.922,-0.008,79999.887,79985.973,1765.919,0.40804,0,1484.517,0
437.26,SV56_GUIDANCE,80000.219,25.4382687,29.8315509,2107.513,2278.922,-0.008,79999.887,79985.973,1765.261,0.40804,0,1484.517,0
437.9,SV56_GUIDANCE,80000.214,25.4723549,29.8315509,2107.509,2278.922,-0.008,79999.887,79985.974,1764.607,0.40804,0,1484.517,0
438.54,SV56_GUIDANCE,80000.209,25.5063267,29.8315509,2107.505,2278.922,-0.008,79999.887,79985.975,1763.954,0.40804,0,1484.517,0
439.18,SV56_GUIDANCE,80000.204,25.5401821,29.8315509,2107.5,2278.922,-0.009,79999.887,79985.975,1763.301,0.40804,0,1484.517,0
439.82,SV56_GUIDANCE,80000.199,25.5739193,29.8315509,2107.496,2278.922,-0.009,79999.887,79985.976,1762.648,0.40804,0,1484.517,0
440.46,SV56_GUIDANCE,80000.194,25.607542,29.8315509,2107.492,2278.922,-0.009,79999.887,79985.977,1761.998,0.40804,0,1484.517,0
441.1,SV56_GUIDANCE,80000.189,25.6410465,29.8315508,2107.488,2278.922,-0.009,79999.887,79985.978,1761.347,0.40804,0,1484.517,0
441.74,SV56_GUIDANCE,80000.184,25.6744347,29.8315508,2107.483,2278.922,-0.009,79999.887,79985.979,1760.693,0.40804,0,1484.517,0
442.38,SV56_GUIDANCE,80000.179,25.7077045,29.8315509,2107.479,2278.922,-0.009,79999.888,79985.98,1760.038,0.40804,0,1484.517,0
443.02,SV56_GUIDANCE,80000.174,25.7408581,29.8315509,2107.475,2278.922,-0.009,79999.888,79985.98,1759.385,0.40804,0,1484.517,0
443.66,SV56_GUIDANCE,80000.169,25.7738934,29.8315509,2107.471,2278.922,-0.009,79999.888,79985.981,1758.734,0.40804,0,1484.517,0
443.76,GUIDANCE_TIMEOUT,80000.169,25.7790451,29.8315509,2107.47,2278.922,-0.009,79999.888,79985.981,1758.612,0.40804,0,1484.517,0
444.12,SV56_CUTOFF,80000.164,25.7975636,29.8315495,2107.468,2278.922,-0.009,79999.87,79985.848,1760.735,0.40804,0,1484.517,0
444.16,FINAL,80000.163,25.7996197,29.8315492,2107.467,2278.922,-0.009,79999.867,79985.824,1761.152,0.40804,0,1484.517,0