MET,mode,actuator,alt_m,inc_deg,plane_angle_err_deg,plane_effectiveness_ratio,plane_trim_active,plane_trim_window_closed,plane_trim_accel_mps2,plane_trim_yaw_deg,radial_vel_mps,tangential_vel_mps,circular_vel_mps,tangential_error_mps,tgo_s,natural_radial_accel,radial_req_accel,tangential_req_accel,radial_alloc_accel,tangential_alloc_accel,max_accel,base_command_accel,total_command_accel,throttle,ap_m,pe_m,ap_error_m,pe_error_m,fine_latched,capture,steer_angle_err_deg
211.52,TGO,THRUST,79580.475,29.9011976,0.4870529,0.07187,False,False,0,0,65.15379,1330.15053,2279.64584,949.49531,22.59504,-5.04358,-0.95642,332.45089,-0.95642,36.24798,36.26059,36.2605927,36.2605927,1,79994.963,-460600.647,5.037,540600.647,False,False,-4.27995
211.68,TGO,THRUST,79590.779,29.9011831,0.4870511,0.07222,False,False,0,0,64.45364,1332.29836,2279.62846,947.3301,22.52484,-5.03497,-0.96503,331.69189,-0.96503,36.29811,36.31094,36.3109408,36.3109408,1,79997.028,-460052.318,2.972,540052.318,False,False,-4.15335
211.84,TGO,THRUST,79601,29.9011982,0.4870529,0.07276,False,False,0,0,63.96593,1338.06553,2279.61123,941.5457,22.36544,-5.01212,-0.98788,329.66694,-0.98788,36.36487,36.37829,36.3782894,36.3782894,1,80002.932,-458580.678,-2.932,538580.678,False,False,-3.76395
212,TGO,THRUST,79611.132,29.9013657,0.4870735,0.07363,False,False,0,0,63.45389,1343.84494,2279.59414,935.7492,22.20601,-4.98912,-1.01088,327.63769,-1.01088,36.43187,36.44589,36.4458884,36.4458884,1,80008.468,-457094.17,-8.468,537094.17,False,False,-3.16205
212.18,TGO,THRUST,79622.413,29.9017982,0.4871271,0.07513,False,False,0,0,62.78417,1350.36383,2279.5751,929.21127,22.02658,-4.96307,-1.03693,325.34869,-1.03693,36.50752,36.52224,36.5222402,36.5222402,1,80013.428,-455403.198,-13.428,535403.198,False,False,-2.41223
212.34,TGO,THRUST,79632.322,29.9024111,0.4872039,0.07695,False,False,0,0,62.09242,1356.17262,2279.55836,923.38575,21.86703,-4.93975,-1.06025,323.30892,-1.06025,36.57501,36.59038,36.5903757,36.5903757,1,80016.544,-453883.569,-16.544,533883.569,False,False,-1.81227
212.5,TGO,THRUST,79642.107,29.9032183,0.4873067,0.07919,False,False,0,0,61.3216,1361.99325,2279.54182,917.54858,21.70746,-4.91629,-1.08371,321.26489,-1.08371,36.64274,36.65877,36.658766,36.658766,1,80018.598,-452348.594,-18.598,532348.594,False,False,-1.33876
212.66,TGO,THRUST,79651.761,29.9041785,0.4874312,0.08176,False,False,0,0,60.49228,1367.8248,2279.52549,911.70069,21.5479,-4.89268,-1.10732,319.21699,-1.10732,36.71072,36.72741,36.7274123,36.7274123,1,80019.857,-450798.353,-19.857,530798.353,False,False,-1.00228
212.84,TGO,THRUST,79662.457,29.9053746,0.4875896,0.08491,False,False,0,0,59.51466,1374.39803,2279.50739,905.10936,21.36841,-4.86596,-1.13404,316.90863,-1.13404,36.78747,36.80495,36.8049454,36.8049454,1,80020.647,-449035.972,-20.647,529035.972,False,False,-0.76125
213,TGO,THRUST,79671.815,29.9064768,0.4877387,0.08778,False,False,0,0,58.62338,1380.25233,2279.49155,899.23922,21.20887,-4.84206,-1.15794,314.85278,-1.15794,36.85596,36.87414,36.8741408,36.8741408,1,80021.013,-447452.879,-21.013,527452.879,False,False,-0.63196
213.16,TGO,THRUST,79681.028,29.9075576,0.487888,0.09061,False,False,0,0,57.72182,1386.11757,2279.47595,893.35838,21.04934,-4.81802,-1.18198,312.79315,-1.18198,36.92468,36.9436,36.9435969,36.9435969,1,80021.198,-445853.994,-21.198,525853.994,False,False,-0.54906
213.32,TGO,THRUST,79690.098,29.9085693,0.4880305,0.09328,False,False,0,0,56.81539,1391.9939,2279.46059,887.4667,20.88982,-4.79383,-1.20617,310.7297,-1.20617,36.99366,37.01332,37.0133152,37.0133152,1,80021.268,-444239.096,-21.268,524239.096,False,False,-0.48956
213.5,TGO,THRUST,79700.127,29.9095794,0.4881754,0.09602,False,False,0,0,55.7924,1398.61813,2279.4436,880.82548,20.71037,-4.76645,-1.23355,308.40372,-1.23355,37.07155,37.09207,37.0920655,37.0920655,1,80021.244,-442402.935,-21.244,522402.935,False,False,-0.43404
213.66,TGO,THRUST,79708.887,29.9103376,0.488286,0.09815,False,False,0,0,54.88037,1404.51826,2279.42876,874.91051,20.55085,-4.74196,-1.25804,306.33208,-1.25804,37.14105,37.16235,37.1623458,37.1623458,1,80021.133,-440753.32,-21.133,520753.32,False,False,-0.38801
213.82,TGO,THRUST,79717.5,29.9109532,0.4883769,0.09998,False,False,0,0,53.96535,1410.42963,2279.41416,868.98453,20.39135,-4.71732,-1.28268,304.25657,-1.28268,37.21079,37.23289,37.2328929,37.2328929,1,80020.935,-439087.051,-20.935,519087.051,False,False,-0.343
213.98,TGO,THRUST,79725.966,29.9114273,0.4884476,0.1015,False,False,0,0,53.04673,1416.35228,2279.39981,863.04753,20.23185,-4.69253,-1.30747,302.17717,-1.30747,37.28079,37.30371,37.3037084,37.3037084,1,80020.645,-437403.923,-20.645,517403.923,False,False,-0.29934
214.16,TGO,THRUST,79735.314,29.9118058,0.4885046,0.10288,False,False,0,0,52.00845,1423.02876,2279.38397,856.35521,20.05241,-4.66447,-1.33553,299.8332,-1.33553,37.35983,37.3837,37.3836964,37.3836964,1,80020.203,-435489.993,-20.203,515489.993,False,False,-0.25342
214.32,TGO,THRUST,79743.458,29.9120253,0.4885379,0.10385,False,False,0,0,51.0811,1428.97543,2279.37014,850.39471,19.89292,-4.63937,-1.36063,297.74553,-1.36063,37.43037,37.45509,37.4550872,37.4550872,1,80019.708,-433770.342,-19.708,513770.342,False,False,-0.21676
214.48,TGO,THRUST,79751.459,29.9121591,0.4885583,0.10465,False,False,0,0,50.14983,1434.93348,2279.35659,844.4231,19.73344,-4.61412,-1.38588,295.65395,-1.38588,37.50115,37.52675,37.5267512,37.5267512,1,80019.114,-432033.164,-19.114,512033.164,False,False,-0.18419
214.64,TGO,THRUST,79759.311,29.9122312,0.4885694,0.10531,False,False,0,0,49.215,1440.90294,2279.34326,838.44032,19.57397,-4.58872,-1.41128,293.55844,-1.41128,37.57219,37.59869,37.59869,37.59869,1,80018.443,-430278.228,-18.443,510278.228,False,False,-0.15551
214.82,TGO,THRUST,79767.966,29.9122687,0.4885751,0.10596,False,False,0,0,48.15952,1447.63228,2279.32858,831.69629,19.39457,-4.55997,-1.44003,291.19626,-1.44003,37.65243,37.67995,37.6799536,37.6799536,1,80017.594,-428282.415,-17.594,508282.415,False,False,-0.12722
214.98,TGO,THRUST,79775.499,29.9122866,0.4885779,0.1065,False,False,0,0,47.21833,1453.62616,2279.31579,825.68963,19.23511,-4.53425,-1.46575,289.09234,-1.46575,37.72402,37.75248,37.7524815,37.7524815,1,80016.761,-426488.977,-16.761,506488.977,False,False,-0.1052
215.14,TGO,THRUST,79782.88,29.9123079,0.4885812,0.10706,False,False,0,0,46.2748,1459.63162,2279.30325,819.67164,19.07565,-4.50838,-1.49162,286.98444,-1.49162,37.79587,37.82529,37.8252892,37.8252892,1,80015.862,-424677.046,-15.862,504677.046,False,False,-0.08535
215.3,TGO,THRUST,79790.111,29.9123437,0.4885867,0.10764,False,False,0,0,45.32926,1465.6487,2279.29097,813.64227,18.9162,-4.48236,-1.508,284.87253,-1.508,37.86836,37.89838,37.8983782,37.8983782,1,80014.901,-422846.377,-14.901,502846.377,False,False,-0.05348
215.48,TGO,THRUST,79798.064,29.9124132,0.4885975,0.10836,False,False,0,0,44.26339,1472.43189,2279.27746,806.84558,18.73683,-4.4529,-1.47027,282.49183,-1.47027,37.95247,37.98094,37.9809396,37.9809396,1,80013.751,-420764.166,-13.751,500764.166,False,False,0.06841
215.64,TGO,THRUST,79804.972,29.9125044,0.4886117,0.10907,False,False,0,0,43.31402,1478.47384,2279.26572,800.79188,18.57739,-4.42654,-1.43427,280.37136,-1.43427,38.02759,38.05463,38.054632,38.054632,1,80012.669,-418892.849,-12.669,498892.849,False,False,0.16907
215.8,TGO,THRUST,79811.728,29.9126227,0.4886303,0.10983,False,False,0,0,42.3625,1484.52755,2279.25424,794.72668,18.41796,-4.40004,-1.39578,278.24685,-1.39578,38.10305,38.12861,38.1286109,38.1286109,1,80011.53,-417002.011,-11.53,497002.011,False,False,0.26141
215.96,TGO,THRUST,79818.332,29.9127647,0.4886526,0.11064,False,False,0,0,41.41009,1490.59312,2279.24301,788.64989,18.25853,-4.37337,-1.35498,276.11826,-1.35498,38.17884,38.20288,38.202878,38.202878,1,80010.348,-415091.377,-10.348,495091.377,False,False,0.34047
216.14,TGO,THRUST,79825.579,29.9129454,0.4886811,0.1116,False,False,0,0,40.34032,1497.43121,2279.23068,781.79947,18.07919,-4.34319,-1.30681,273.71867,-1.30681,38.26447,38.28678,38.2867772,38.2867772,1,80008.994,-412917.884,-8.994,492917.884,False,False,0.41155
216.3,TGO,THRUST,79831.861,29.9131175,0.4887085,0.11248,False,False,0,0,39.39359,1503.52241,2279.21999,775.69758,17.91977,-4.31619,-1.26249,271.58128,-1.26249,38.34088,38.36166,38.3616623,38.3616623,1,80007.795,-410964.195,-7.795,490964.195,False,False,0.45968
216.46,TGO,THRUST,79837.993,29.9132929,0.4887365,0.11337,False,False,0,0,38.4529,1509.6259,2279.20955,769.58366,17.76034,-4.28903,-1.21717,269.43967,-1.21717,38.41756,38.43684,38.436841,38.436841,1,80006.619,-408989.769,-6.619,488989.769,False,False,0.49538
216.62,TGO,THRUST,79843.976,29.9134655,0.4887641,0.11425,False,False,0,0,37.51994,1515.74178,2279.19937,763.45759,17.60092,-4.2617,-1.17119,267.29381,-1.17119,38.4945,38.51231,38.5123149,38.5123149,1,80005.481,-406994.3,-5.481,486994.3,False,False,0.52096
216.8,TGO,THRUST,79850.531,29.9136496,0.4887938,0.11522,False,False,0,0,36.48123,1522.63708,2279.18821,756.55113,17.42157,-4.23077,-1.11901,264.8746,-1.11901,38.58135,38.59758,38.5975758,38.5975758,1,80004.259,-404723.862,-4.259,484723.862,False,False,0.54043
216.96,TGO,THRUST,79856.203,29.9137989,0.488818,0.11605,False,False,0,0,35.56867,1528.7796,2279.17855,750.39895,17.26214,-4.2031,-1.07245,262.71962,-1.07245,38.65881,38.67368,38.6736829,38.6736829,1,80003.232,-402682.657,-3.232,482682.657,False,False,0.55164
217.12,TGO,THRUST,79861.73,29.9139341,0.48884,0.11685,False,False,0,0,34.66678,1534.93475,2279.16913,744.23438,17.1027,-4.17526,-1.02585,260.5603,-1.02585,38.73651,38.75009,38.7500907,38.7500907,1,80002.264,-400619.448,-2.264,480619.448,False,False,0.55829
217.28,TGO,THRUST,79867.116,29.9140568,0.48886,0.11762,False,False,0,0,33.77604,1541.1026,2279.15996,738.05736,16.94326,-4.14726,-0.97931,258.39664,-0.97931,38.81445,38.8268,38.826801,38.826801,1,80001.357,-398533.923,-1.357,478533.923,False,False,0.56117
217.46,TGO,THRUST,79873.007,29.9141808,0.4888804,0.11847,False,False,0,0,32.78778,1548.05666,2279.14992,731.09326,16.76389,-4.11556,-0.92714,255.9573,-0.92714,38.90242,38.91347,38.9134661,38.9134661,1,80000.411,-396160.637,-0.411,476160.637,False,False,0.56073
217.62,TGO,THRUST,79878.097,29.9142794,0.4888966,0.11919,False,False,0,0,31.92202,1554.25165,2279.14124,724.8896,16.60444,-4.0872,-0.88103,253.78434,-0.88103,38.98087,38.99083,38.9908253,38.9908253,1,79999.637,-394026.629,0.363,474026.629,False,False,0.55771
217.78,TGO,THRUST,79883.05,29.9143678,0.4889112,0.1199,False,False,0,0,31.06838,1560.45948,2279.1328,718.67332,16.44499,-4.05868,-0.83523,251.60697,-0.83523,39.05956,39.06849,39.0684926,39.0684926,1,79998.925,-391869.297,1.075,471869.297,False,False,0.55236
217.94,TGO,THRUST,79887.869,29.9144469,0.4889243,0.12058,False,False,0,0,30.2271,1566.68019,2279.12458,712.44439,16.28553,-4.02998,-0.7898,249.42519,-0.7898,39.1385,39.14647,39.14647,39.14647,1,79998.274,-389688.307,1.726,469688.307,False,False,0.54485
218.12,TGO,THRUST,79893.133,29.9145262,0.4889375,0.12133,False,False,0,0,29.29569,1573.69394,2279.1156,705.42166,16.10614,-3.99749,-0.73921,246.96539,-0.73921,39.2276,39.23457,39.2345652,39.2345652,1,79997.614,-387205.992,2.386,467205.992,False,False,0.53407
218.28,TGO,THRUST,79897.674,29.9145894,0.4889481,0.12198,False,False,0,0,28.4814,1579.94217,2279.10786,699.16569,15.94667,-3.96843,-0.69479,244.77418,-0.69479,39.30707,39.31321,39.3132076,39.3132076,1,79997.092,-384973.594,2.908,464973.594,False,False,0.52279
218.44,TGO,THRUST,79902.086,29.9146474,0.4889578,0.12262,False,False,0,0,27.68,1586.2034,2279.10033,692.89692,15.7872,-3.9392,-0.65091,242.5785,-0.65091,39.38679,39.39217,39.3921658,39.3921658,1,79996.628,-382716.454,3.372,462716.454,False,False,0.50994
218.6,TGO,THRUST,79906.373,29.9147015,0.4889669,0.12325,False,False,0,0,26.89161,1592.47769,2279.09301,686.61532,15.62773,-3.90979,-0.60763,240.37835,-0.60763,39.46676,39.47144,39.4714419,39.4714419,1,79996.22,-380434.215,3.78,460434.215,False,False,0.49569
218.78,TGO,THRUST,79911.048,29.91476,0.4889768,0.12396,False,False,0,0,26.02036,1599.5519,2279.08503,679.53313,15.44832,-3.8765,-0.55972,237.89781,-0.55972,39.55705,39.56101,39.5610121,39.5610121,1,79995.828,-377836.238,4.172,457836.238,False,False,0.47815
218.94,TGO,THRUST,79915.075,29.9148121,0.4889856,0.12459,False,False,0,0,25.26,1605.85403,2279.07815,673.22412,15.28884,-3.84672,-0.51788,235.6881,-0.51788,39.63759,39.64097,39.64097,39.64097,1,79995.536,-375499.435,4.464,455499.435,False,False,0.46161
219.1,TGO,THRUST,79918.982,29.9148661,0.4889948,0.12523,False,False,0,0,24.51287,1612.16933,2279.07148,666.90215,15.12935,-3.81676,-0.47678,233.47388,-0.47678,39.71839,39.72125,39.7212516,39.7212516,1,79995.295,-373136.363,4.705,453136.363,False,False,0.44423
219.26,TGO,THRUST,79922.773,29.9149245,0.4890047,0.12587,False,False,0,0,23.77896,1618.49783,2279.06501,660.56718,14.96987,-3.78662,-0.43644,231.25512,-0.43644,39.79947,39.80186,39.8018592,39.8018592,1,79995.103,-370746.634,4.897,450746.634,False,False,0.42618
219.44,TGO,THRUST,79926.9,29.9149983,0.4890173,0.12661,False,False,0,0,22.96913,1625.63321,2279.05795,653.42475,14.79044,-3.75251,-0.39201,228.75358,-0.39201,39.89101,39.89293,39.8929322,39.8929322,1,79994.943,-368025.83,5.057,448025.83,False,False,0.4053
219.6,TGO,THRUST,79930.448,29.9150763,0.4890307,0.1273,False,False,0,0,22.26336,1631.98987,2279.05189,647.06202,14.63095,-3.72199,-0.35339,226.52514,-0.35339,39.97268,39.97424,39.9742388,39.9742388,1,79994.848,-365578.124,5.152,445578.124,False,False,0.3865
219.76,TGO,THRUST,79933.886,29.9151661,0.4890462,0.12802,False,False,0,0,21.57068,1638.35985,2279.04601,640.68616,14.47146,-3.69129,-0.31561,224.29213,-0.31561,40.05464,40.05588,40.0558798,40.0558798,1,79994.794,-363102.493,5.206,443102.493,False,False,0.36747
219.92,TGO,THRUST,79937.216,29.9152665,0.4890635,0.12875,False,False,0,0,20.89103,1644.74318,2279.04032,634.29714,14.31196,-3.66041,-0.27866,222.05453,-0.27866,40.13689,40.13785,40.1378526,40.1378526,1,79994.779,-360598.515,5.221,440598.515,False,False,0.34827
220.1,TGO,THRUST,79940.834,29.9153895,0.4890849,0.1296,False,False,0,0,20.14194,1651.94042,2279.03413,627.09371,14.13253,-3.62546,-0.23813,219.53173,-0.23813,40.22977,40.23047,40.230474,40.230474,1,79994.806,-357747.118,5.194,437747.118,False,False,0.32656
220.26,TGO,THRUST,79943.941,29.9155057,0.4891051,0.13038,False,False,0,0,19.48982,1658.35224,2279.02882,620.67657,13.97303,-3.59419,-0.20306,217.28434,-0.20306,40.31265,40.31316,40.3131637,40.3131637,1,79994.867,-355181.456,5.133,435181.456,False,False,0.30744
220.42,TGO,THRUST,79946.945,29.9156259,0.4891262,0.13116,False,False,0,0,18.85043,1664.77753,2279.02367,614.24614,13.81353,-3.56274,-0.16885,215.0323,-0.16885,40.39584,40.39619,40.396194,40.396194,1,79994.959,-352586.066,5.041,432586.066,False,False,0.28839
220.58,TGO,THRUST,79949.849,29.9157475,0.4891475,0.13194,False,False,0,0,18.22368,1671.21633,2279.0187,607.80237,13.65403,-3.5311,-0.13553,212.77562,-0.13553,40.47934,40.47957,40.479567,40.479567,1,79995.081,-349960.489,4.919,429960.489,False,False,0.26956
220.76,TGO,THRUST,79952.999,29.9158841,0.4891716,0.13283,False,False,0,0,17.53362,1678.47619,2279.01331,600.53712,13.4746,-3.49528,-0.09913,210.23128,-0.09913,40.57365,40.57377,40.573774,40.573774,1,79995.25,-346970.043,4.75,426970.043,False,False,0.24903
220.92,TGO,THRUST,79955.697,29.9160086,0.4891937,0.13362,False,False,0,0,16.93346,1684.94383,2279.00869,594.06486,13.3151,-3.46324,-0.06774,207.96466,-0.06774,40.65783,40.65788,40.6578825,40.6578825,1,79995.427,-344278.74,4.573,424278.74,False,False,0.23179
221.08,TGO,THRUST,79958.302,29.9161354,0.4892163,0.13442,False,False,0,0,16.34545,1691.42512,2279.00422,587.57911,13.1556,-3.43101,-0.03721,205.69335,-0.03721,40.74232,40.74234,40.7423403,40.7423403,1,79995.626,-341555.743,4.374,421555.743,False,False,0.21551
221.24,TGO,THRUST,79960.814,29.9162624,0.4892389,0.13522,False,False,0,0,15.76934,1697.92009,2278.99992,581.07983,12.9961,-3.3986,-0.00751,203.41732,-0.00751,40.82715,40.82715,40.8271498,40.8271498,1,79995.844,-338800.549,4.156,418800.549,False,False,0.20009
221.42,TGO,THRUST,79963.533,29.9164071,0.4892649,0.13612,False,False,0,0,15.1352,1705.24334,2278.99526,573.75192,12.81666,-3.3619,0.02495,200.85113,0.02495,40.92298,40.92298,40.9229835,40.9229835,1,79996.109,-335661.829,3.891,415661.829,False,False,0.18374
221.58,TGO,THRUST,79965.856,29.9165374,0.4892884,0.13693,False,False,0,0,14.58376,1711.76753,2278.99127,567.22374,12.65716,-3.32908,0.05297,198.56502,0.05297,41.00851,41.00855,41.0085475,41.0085475,1,79996.361,-332836.493,3.639,412836.493,False,False,0.17006
221.74,TGO,THRUST,79968.094,29.9166688,0.4893121,0.13774,False,False,0,0,14.04362,1718.30555,2278.98743,560.68188,12.49766,-3.29606,0.08025,196.27415,0.08025,41.09439,41.09447,41.09447,41.09447,1,79996.625,-329977.311,3.375,409977.311,False,False,0.1569
221.9,TGO,THRUST,79970.247,29.9168012,0.4893362,0.13855,False,False,0,0,13.51463,1724.85745,2278.98374,554.12629,12.33816,-3.26285,0.10679,193.97848,0.10679,41.18061,41.18075,41.1807534,41.1807534,1,79996.9,-327083.733,3.1,407083.733,False,False,0.14423
222.08,TGO,THRUST,79972.57,29.9169517,0.4893636,0.13947,False,False,0,0,12.93271,1732.24498,2278.97975,546.73477,12.15873,-3.22525,0.13577,191.39011,0.13577,41.27803,41.27826,41.2782563,41.2782563,1,79997.22,-323786.64,2.78,403786.64,False,False,0.13053
222.24,TGO,THRUST,79974.549,29.9170852,0.4893881,0.14029,False,False,0,0,12.42702,1738.82653,2278.97634,540.14982,11.99923,-3.19162,0.16076,189.08421,0.16076,41.365,41.36531,41.3653139,41.3653139,1,79997.513,-320818.08,2.487,400818.08,False,False,0.11885
222.4,TGO,THRUST,79976.449,29.9172204,0.489413,0.14111,False,False,0,0,11.93211,1745.42211,2278.97308,533.55097,11.83974,-3.15779,0.18505,186.77347,0.18505,41.45233,41.45274,41.4527396,41.4527396,1,79997.812,-317813.318,2.188,397813.318,False,False,0.10766
222.56,TGO,THRUST,79978.273,29.9173562,0.4894381,0.14193,False,False,0,0,11.44784,1752.03177,2278.96994,526.93818,11.68025,-3.12376,0.20863,184.45786,0.20863,41.54001,41.54054,41.5405356,41.5405356,1,79998.116,-314771.748,1.884,394771.748,False,False,0.09699
222.74,TGO,THRUST,79980.233,29.9175091,0.4894664,0.14286,False,False,0,0,10.91557,1759.48453,2278.96657,519.48203,11.50082,-3.08525,0.23434,181.84696,0.23434,41.63909,41.63975,41.6397517,41.6397517,1,79998.462,-311305.213,1.538,391305.213,False,False,0.08562
222.9,TGO,THRUST,79981.891,29.917646,0.4894919,0.14369,False,False,0,0,10.45344,1766.1243,2278.9637,512.8394,11.34133,-3.05079,0.25648,179.52094,0.25648,41.72755,41.72834,41.7283425,41.7283425,1,79998.771,-308183.353,1.229,388183.353,False,False,0.07602
223.06,TGO,THRUST,79983.482,29.9177845,0.4895179,0.14452,False,False,0,0,10.0015,1772.77833,2278.96097,506.18264,11.18184,-3.01614,0.27838,177.19,0.27838,41.81638,41.81731,41.817311,41.817311,1,79999.072,-305022.703,0.928,385022.703,False,False,0.06725
223.22,TGO,THRUST,79985.004,29.9179227,0.4895438,0.14535,False,False,0,0,9.55965,1779.44664,2278.95835,499.5117,11.02235,-2.98128,0.29925,174.85411,0.29925,41.90559,41.90666,41.9066598,41.9066598,1,79999.382,-301822.596,0.618,381822.596,False,False,0.05813
223.4,TGO,THRUST,79986.634,29.9180785,0.4895732,0.14629,False,False,0,0,9.07449,1786.96567,2278.95554,491.98987,10.84293,-2.94181,0.32199,172.2203,0.32199,42.0064,42.00763,42.0076346,42.0076346,1,79999.728,-298174.467,0.272,378174.467,False,False,0.04795
223.56,TGO,THRUST,79988.011,29.9182183,0.4895997,0.14713,False,False,0,0,8.65383,1793.66456,2278.95316,485.28859,10.68344,-2.90652,0.3415,169.87383,0.3415,42.09641,42.0978,42.0977994,42.0977994,1,80000.034,-294888.238,-0.034,374888.238,False,False,0.03912
223.72,TGO,THRUST,79989.323,29.9183579,0.4896263,0.14797,False,False,0,0,8.24304,1800.37794,2278.95089,478.57295,10.52396,-2.87101,0.36036,167.52236,0.36036,42.18681,42.18835,42.1883521,42.1883521,1,80000.337,-291560.372,-0.337,371560.372,False,False,0.03043
223.88,TGO,THRUST,79990.571,29.9184986,0.4896532,0.14881,False,False,0,0,7.84202,1807.10585,2278.94873,471.84288,10.36448,-2.8353,0.37858,165.16585,0.37858,42.2776,42.2793,42.2792952,42.2792952,1,80000.635,-288190.139,-0.635,368190.139,False,False,0.022
224.06,TGO,THRUST,79991.901,29.9186569,0.4896836,0.14975,False,False,0,0,7.40246,1814.6922,2278.94643,464.25423,10.18506,-2.79487,0.3983,162.50874,0.3983,42.3802,42.38208,42.3820759,42.3820759,1,80000.966,-284347.048,-0.966,364347.048,False,False,0.0128
224.22,TGO,THRUST,79993.018,29.9187977,0.4897107,0.1506,False,False,0,0,7.02191,1821.45119,2278.9445,457.4933,10.02559,-2.75871,0.41516,160.14147,0.41516,42.47183,42.47386,42.473857,42.473857,1,80001.254,-280884.27,-1.254,360884.27,False,False,0.00489
224.38,TGO,THRUST,79994.076,29.9189397,0.4897382,0.15144,False,False,0,0,6.65083,1828.2249,2278.94266,450.71776,9.86611,-2.72234,0.43139,157.7691,0.43139,42.56385,42.56604,42.5660365,42.5660365,1,80001.536,-277376.719,-1.536,357376.719,False,False,-0.00337
224.54,TGO,THRUST,79995.077,29.9190812,0.4897657,0.15229,False,False,0,0,6.28915,1835.0134,2278.94092,443.92753,9.70664,-2.68575,0.44698,155.39161,0.44698,42.65628,42.65862,42.658617,42.658617,1,80001.811,-273823.588,-1.811,353823.588,False,False,-0.01095
224.72,TGO,THRUST,79996.135,29.9192414,0.489797,0.15324,False,False,0,0,5.89341,1842.66819,2278.93909,436.2709,9.52723,-2.64434,0.46377,152.71078,0.46377,42.76074,42.76325,42.7632525,42.7632525,1,80002.112,-269770.802,-2.112,349770.802,False,False,-0.01943
224.88,TGO,THRUST,79997.018,29.919384,0.4898249,0.15409,False,False,0,0,5.55144,1849.48828,2278.93755,429.44927,9.36776,-2.60729,0.47804,150.32234,0.47804,42.85403,42.85669,42.8566938,42.8566938,1,80002.371,-266118.04,-2.371,346118.04,False,False,-0.02706
225.04,TGO,THRUST,79997.848,29.9195267,0.489853,0.15494,False,False,0,0,5.21866,1856.32335,2278.9361,422.61275,9.2083,-2.57003,0.49166,147.92871,0.49166,42.94773,42.95054,42.9505443,42.9505443,1,80002.622,-262417.043,-2.622,342417.043,False,False,-0.03459
225.2,TGO,THRUST,79998.626,29.91967,0.4898813,0.1558,False,False,0,0,4.89502,1863.17344,2278.93475,415.7613,9.04883,-2.53255,0.50463,145.52987,0.50463,43.04185,43.04481,43.0448068,43.0448068,1,80002.864,-258666.917,-2.864,338666.917,False,False,-0.04202
225.38,TGO,THRUST,79999.441,29.9198319,0.4899135,0.15676,False,False,0,0,4.54172,1870.89784,2278.93332,408.03548,8.86943,-2.49012,0.51844,142.82491,0.51844,43.14823,43.15135,43.1513479,43.1513479,1,80003.125,-254388.161,-3.125,334388.161,False,False,-0.05014
225.54,TGO,THRUST,80000.115,29.9199752,0.489942,0.15762,False,False,0,0,4.23719,1877.78008,2278.93214,401.15206,8.70997,-2.45217,0.53004,140.41492,0.53004,43.24325,43.24649,43.2464948,43.2464948,1,80003.347,-250530.566,-3.347,330530.566,False,False,-0.05718
225.7,TGO,THRUST,80000.741,29.9201198,0.489971,0.15847,False,False,0,0,3.94151,1884.67756,2278.93104,394.25349,8.55051,-2.41399,0.541,137.99965,0.541,43.33869,43.34206,43.3420622,43.3420622,1,80003.559,-246620.902,-3.559,326620.902,False,False,-0.06405
225.86,TGO,THRUST,80001.321,29.920264,0.49,0.15933,False,False,0,0,3.65461,1891.59032,2278.93002,387.3397,8.39106,-2.3756,0.55132,135.57906,0.55132,43.43455,43.43805,43.4380529,43.4380529,1,80003.761,-242658.178,-3.761,322658.178,False,False,-0.07069
226.04,TGO,THRUST,80001.921,29.9204268,0.4900329,0.1603,False,False,0,0,3.34222,1899.38554,2278.92897,379.54343,8.21167,-2.33213,0.56219,132.84954,0.56219,43.54292,43.54655,43.546552,43.546552,1,80003.975,-238135.423,-3.975,318135.423,False,False,-0.07795
226.2,TGO,THRUST,80002.409,29.9205715,0.4900622,0.16116,False,False,0,0,3.07367,1906.33101,2278.9281,372.59709,8.05222,-2.29325,0.57119,130.4176,0.57119,43.63971,43.64345,43.6434516,43.6434516,1,80004.154,-234056.537,-4.154,314056.537,False,False,-0.08416
226.36,TGO,THRUST,80002.856,29.9207167,0.4900917,0.16203,False,False,0,0,2.81363,1913.29199,2278.92731,365.63532,7.89277,-2.25414,0.57958,127.98028,0.57958,43.73694,43.74078,43.7407835,43.7407835,1,80004.323,-229921.326,-4.323,309921.326,False,False,-0.09014
226.52,TGO,THRUST,80003.262,29.9208616,0.4901214,0.16289,False,False,0,0,2.56201,1920.26853,2278.92659,358.65806,7.73332,-2.21481,0.58737,125.53756,0.58737,43.83462,43.83855,43.8385504,43.8385504,1,80004.479,-225728.688,-4.479,305728.688,False,False,-0.09586
226.7,TGO,THRUST,80003.673,29.9210253,0.490155,0.16387,False,False,0,0,2.2889,1928.13582,2278.92586,350.79004,7.55394,-2.17028,0.59542,122.783,0.59542,43.94503,43.94906,43.949062,43.949062,1,80004.642,-220941.918,-4.642,300941.918,False,False,-0.102
226.86,TGO,THRUST,80003.999,29.9211706,0.4901849,0.16473,False,False,0,0,2.05489,1935.14566,2278.92527,343.77961,7.3945,-2.13045,0.60196,120.32871,0.60196,44.04365,44.04776,44.0477633,44.0477633,1,80004.775,-216623.455,-4.775,296623.455,False,False,-0.10717
227.02,TGO,THRUST,80004.288,29.9213168,0.4902152,0.1656,False,False,0,0,1.82904,1942.17127,2278.92475,336.75347,7.23505,-2.09038,0.60793,117.86894,0.60793,44.14272,44.14691,44.1469089,44.1469089,1,80004.896,-212243.928,-4.896,292243.928,False,False,-0.11201
227.18,TGO,THRUST,80004.543,29.9214634,0.4902457,0.16647,False,False,0,0,1.61125,1949.21274,2278.92429,329.71155,7.07562,-2.05008,0.61336,115.40366,0.61336,44.24225,44.2465,44.2465018,44.2465018,1,80005.005,-207802.111,-5.005,287802.111,False,False,-0.11641
227.36,TGO,THRUST,80004.79,29.921628,0.49028,0.16745,False,False,0,0,1.37579,1957.15341,2278.92383,321.77043,6.89625,-2.00446,0.61883,112.62361,0.61883,44.35477,44.35908,44.3590824,44.3590824,1,80005.114,-202729.037,-5.114,282729.037,False,False,-0.12076
227.52,TGO,THRUST,80004.975,29.9217744,0.4903107,0.16833,False,False,0,0,1.17483,1964.22877,2278.92349,314.69472,6.73681,-1.96366,0.62318,110.14654,0.62318,44.45527,44.45964,44.459636,44.459636,1,80005.198,-198150.617,-5.198,278150.617,False,False,-0.12407
227.68,TGO,THRUST,80005.13,29.9219216,0.4903417,0.1692,False,False,0,0,0.98161,1971.32021,2278.9232,307.60299,6.57738,-1.92261,0.6271,107.66389,0.6271,44.55623,44.56065,44.5606466,44.5606466,1,80005.271,-193505.847,-5.271,273505.847,False,False,-0.12685
227.84,TGO,THRUST,80005.255,29.922069,0.4903728,0.17008,False,False,0,0,0.79603,1978.42778,2278.92296,300.49518,6.41795,-1.88133,0.63062,105.17563,0.63062,44.65766,44.66212,44.6621171,44.6621171,1,80005.332,-188793.352,-5.332,268793.352,False,False,-0.12904
228.02,TGO,THRUST,80005.362,29.9222349,0.490408,0.17107,False,False,0,0,0.59628,1986.44318,2278.92275,292.47956,6.23859,-1.83459,0.63416,102.36959,0.63416,44.77233,44.77683,44.7768253,44.7768253,1,80005.387,-183409.081,-5.387,263409.081,False,False,-0.13079
228.18,TGO,THRUST,80005.428,29.922382,0.4904394,0.17195,False,False,0,0,0.4266,1993.58529,2278.92261,285.33732,6.07916,-1.79279,0.63703,99.86931,0.63703,44.87476,44.87928,44.879284,44.879284,1,80005.424,-178547.931,-5.424,258547.931,False,False,-0.13189
228.34,TGO,THRUST,80005.469,29.92253,0.490471,0.17283,False,False,0,0,0.26426,2000.74376,2278.92251,278.17875,5.91974,-1.75074,0.63969,97.36334,0.63969,44.97766,44.98221,44.9822126,44.9822126,1,80005.449,-173614.508,-5.449,253614.508,False,False,-0.13267
228.5,TGO,THRUST,80005.484,29.9226775,0.4905027,0.17371,False,False,0,0,0.10921,2007.91868,2278.92246,271.00378,5.76032,-1.70844,0.64217,94.85165,0.64217,45.08104,45.08561,45.0856144,45.0856144,1,80005.464,-168607.271,-5.464,248607.271,False,False,-0.13333
228.68,TGO,THRUST,80005.474,29.9228446,0.4905388,0.17471,False,False,0,0,-0.05649,2016.0102,2278.92245,262.91225,5.58097,-1.66056,0.64477,92.01912,0.64477,45.19791,45.20251,45.2025111,45.2025111,1,80005.467,-162883.927,-5.467,242883.927,False,False,-0.13408
228.84,TGO,THRUST,80005.441,29.9229929,0.4905709,0.17559,False,False,0,0,-0.19602,2023.22029,2278.92248,255.70219,5.42155,-1.61773,0.64694,89.49518,0.64694,45.30231,45.30693,45.3069294,45.3069294,1,80005.459,-157714.519,-5.459,237714.519,False,False,-0.13493
229,TGO,THRUST,80005.388,29.9231418,0.4906033,0.17648,False,False,0,0,-0.32817,2030.44705,2278.92255,248.4755,5.26213,-1.57465,0.64892,86.96544,0.64892,45.40719,45.41183,45.4118312,45.4118312,1,80005.441,-152466.195,-5.441,232466.195,False,False,-0.13589
229.16,TGO,THRUST,80005.314,29.9232907,0.4906358,0.17737,False,False,0,0,-0.45288,2037.69055,2278.92265,241.2321,5.10272,-1.53132,0.6507,84.42988,0.6507,45.51257,45.51722,45.51722,45.51722,1,80005.412,-147137.222,-5.412,227137.222,False,False,-0.13695
229.34,TGO,THRUST,80005.209,29.9234584,0.4906726,0.17837,False,False,0,0,-0.58428,2045.85959,2278.92281,233.06321,4.92338,-1.48226,0.65246,81.57037,0.65246,45.6317,45.63637,45.6363685,45.6363685,1,80005.368,-141043.5,-5.368,221043.5,False,False,-0.13815
229.5,TGO,THRUST,80005.097,29.9236075,0.4907054,0.17926,False,False,0,0,-0.69317,2053.13892,2278.92298,225.78406,4.76397,-1.43839,0.65384,79.02233,0.65384,45.73813,45.7428,45.7428032,45.7428032,1,80005.319,-135537.154,-5.319,215537.154,False,False,-0.1393
229.66,TGO,THRUST,80004.97,29.9237572,0.4907385,0.18015,True,False,2.402883,3,-0.79457,2060.43521,2278.92317,218.48796,4.60456,-1.39425,0.65504,76.46838,0.65504,45.84506,45.84974,45.8497355,45.9126572,1,80005.261,-129944.401,-5.261,209944.401,False,False,-3.00313
229.82,TGO,THRUST,80004.827,29.9239214,0.490775,0.18108,True,False,2.408513,3,-0.88847,2067.74856,2278.9234,211.17484,4.44516,-1.34985,0.65606,73.90849,0.65606,45.95249,45.95717,45.9571689,46.0202381,1,80005.193,-124263.288,-5.193,204263.288,False,False,-2.96636
230,TGO,THRUST,80004.65,29.9246134,0.4909297,0.18319,True,False,2.414879,3,-0.98517,2075.9965,2278.92368,202.92717,4.26583,-1.2996,0.65708,71.0215,0.65708,46.07395,46.07863,46.0786349,46.1418708,1,80005.107,-117763.938,-5.107,197763.938,False,False,-2.77785
230.16,TGO,THRUST,80004.48,29.9250039,0.4910177,0.1846,True,False,2.420566,3,-1.06322,2083.34632,2278.92395,195.57763,4.10643,-1.25464,0.65794,68.44891,0.65794,46.18246,46.18715,46.187145,46.2505297,1,80005.021,-111888.295,-5.021,191888.295,False,False,-2.4735
230.32,TGO,THRUST,80004.298,29.9244036,0.4908821,0.18391,True,False,2.426279,3,-1.13378,2090.7134,2278.92424,188.21084,3.94704,-1.20942,0.6883,65.87031,0.6883,46.29105,46.29617,46.2961673,46.3597017,1,80004.927,-105917.799,-4.927,185917.799,False,False,-2.07073
230.48,TGO,THRUST,80004.107,29.9223548,0.4904246,0.18016,True,False,2.43202,3,-1.19687,2098.09745,2278.92455,180.82711,3.78765,-1.16394,0.77539,63.28579,0.77539,46.39923,46.40571,46.4057056,46.4693903,1,80004.826,-99850.541,-4.826,179850.541,False,False,-1.61208
230.66,TGO,THRUST,80003.881,29.918023,0.4894856,0.17162,True,False,2.438511,3,-1.25963,2106.42412,2278.92492,172.5008,3.60837,-1.11246,0.86908,60.37138,0.86908,46.52144,46.52956,46.5295573,46.593412,1,80004.704,-92907.018,-4.704,172907.018,False,False,1.09121
230.82,TGO,THRUST,80003.673,29.9123124,0.4883087,0.16001,True,False,2.44431,3,-1.30833,2113.8424,2278.92526,165.08286,3.44905,-1.06642,0.94828,57.77493,0.94828,46.63056,46.6402,46.6402041,46.7042106,1,80004.589,-86628.286,-4.589,166628.286,False,False,0.67189
230.98,TGO,THRUST,80003.458,29.9049547,0.4868968,0.14477,True,False,2.450136,3,-1.34852,2121.27602,2278.92562,157.6496,3.28978,-1.02013,1.0213,55.17315,1.0213,46.74022,46.75138,46.7513751,46.8155342,1,80004.467,-80247.118,-4.467,160247.118,False,False,0.35057
231.14,TGO,THRUST,80003.24,29.8961633,0.4853667,0.12631,True,False,2.45599,3,-1.3772,2128.7248,2278.92598,150.20118,3.13056,-0.97358,1.08451,52.5661,1.08451,46.85053,46.86308,46.8630806,46.927393,1,80004.332,-73761.29,-4.332,153761.29,False,False,0.25408
231.32,TGO,THRUST,80002.992,29.8849167,0.483662,0.1024,True,False,2.46261,3,-1.392,2137.12303,2278.92639,141.80337,2.9515,-0.92089,1.1392,49.6268,1.1392,46.97558,46.98939,46.9893891,47.0538748,1,80004.162,-66336.388,-4.162,146336.388,False,False,0.37408
231.48,TGO,THRUST,80002.774,29.8740697,0.4822901,0.0791,False,True,0,0,-1.387,2144.60496,2278.92676,134.3218,2.79239,-0.87379,1.16956,47.00826,1.16956,47.00826,47.10224,47.0228028,47.0228028,0.9983136,80003.99,-59619.11,-3.99,139619.11,False,False,3.42101
231.64,TGO,THRUST,80002.559,29.8627378,0.4811454,0.0546,False,True,0,0,-1.36372,2152.09864,2278.92713,126.82849,2.63341,-0.82644,1.18047,44.38566,1.18047,44.38566,47.21548,44.4013509,44.4013509,0.94039809,80003.796,-52792.402,-3.796,132792.402,False,False,3.43079
231.8,TGO,THRUST,80002.351,29.8510575,0.4802768,0.0292,False,True,0,0,-1.3258,2159.43711,2278.92748,119.49037,2.47817,-0.77991,1.17563,41.81742,1.17563,41.81742,47.32427,41.8339425,41.8339425,0.88398499,80003.584,-46009.177,-3.584,126009.177,False,False,3.25403
231.98,TGO,THRUST,80002.125,29.8390266,0.4797144,0.00303,False,True,0,0,-1.27565,2167.19402,2278.92787,111.73385,2.31447,-0.73056,1.16273,39.10278,1.16273,39.10278,47.43972,39.1200663,39.1200663,0.82462689,80003.338,-38731.648,-3.338,118731.648,False,False,2.84914
232.14,TGO,THRUST,80001.933,29.8300473,0.4795145,0,False,True,0,0,-1.22493,2173.70242,2278.9282,105.22578,2.17744,-0.68901,1.14439,36.82511,1.14439,36.82511,47.53624,36.8428852,36.8428852,0.77504842,80003.115,-32538.456,-3.115,112538.456,False,False,2.35759
232.28,TGO,THRUST,80001.75,29.8231,0.4794884,0,False,True,0,0,-1.17076,2179.80523,2278.92852,99.12328,2.0492,-0.64995,1.12196,34.6894,1.12196,34.6894,47.62713,34.7075353,34.7075353,0.72873451,80002.891,-26657.69,-2.891,106657.69,False,False,1.80158
232.44,TGO,THRUST,80001.576,29.8181723,0.4795373,0,False,True,0,0,-1.11272,2185.55521,2278.92882,93.37361,1.9286,-0.61304,1.09443,32.67719,1.09443,32.67719,47.71291,32.6955102,32.6955102,0.68525502,80002.665,-21050.676,-2.665,101050.676,False,False,1.23645
232.6,TGO,THRUST,80001.412,29.8151081,0.4795953,0,False,True,0,0,-1.0511,2190.97304,2278.9291,87.95607,1.81516,-0.57817,1.06178,30.78124,1.06178,30.78124,47.79385,30.7995441,30.7995441,0.64442489,80002.439,-15707.752,-2.439,95707.752,False,False,0.71315
232.76,TGO,THRUST,80001.258,29.8136311,0.4796305,0,False,True,0,0,-0.98631,2196.0771,2278.92937,82.85227,1.70846,-0.54524,1.02411,28.99511,1.02411,28.99511,47.87021,29.0131901,29.0131901,0.60608032,80002.214,-10620.344,-2.214,90620.344,False,False,0.29623
232.92,TGO,THRUST,80001.116,29.8134011,0.4796364,0,False,True,0,0,-0.91883,2200.88488,2278.92962,78.04474,1.60812,-0.51415,0.98164,27.31268,0.98164,27.31268,47.94225,27.3303198,27.3303198,0.57006755,80001.992,-5779.696,-1.992,85779.696,False,False,0.24876
233.08,TGO,THRUST,80000.984,29.8140612,0.4796204,0,False,True,0,0,-0.84933,2205.41318,2278.92985,73.51668,1.51374,-0.48481,0.93482,25.72808,0.93482,25.72808,48.01021,25.7450602,25.7450602,0.53624139,80001.775,-1176.764,-1.775,81176.764,False,False,0.46025
233.24,TGO,THRUST,80000.863,29.8152754,0.4795944,0,False,True,0,0,-0.77851,2209.67808,2278.93007,69.25199,1.42498,-0.45712,0.88415,24.23567,0.88415,24.23567,48.0743,24.2517876,24.2517876,0.50446466,80001.566,3197.708,-1.566,76802.292,False,False,0.60704
233.4,TGO,THRUST,80000.754,29.8167522,0.4795683,0,False,True,0,0,-0.70711,2213.69496,2278.93026,65.2353,1.34149,-0.431,0.83024,22.83005,0.83024,22.83005,48.13476,22.8451458,22.8451458,0.47460806,80001.365,7353.056,-1.365,72646.944,False,False,0.6642
233.56,TGO,THRUST,80000.656,29.8182587,0.479548,0,False,True,0,0,-0.63587,2217.47836,2278.93044,61.45208,1.26294,-0.40634,0.77376,21.50615,0.77376,21.50615,48.19178,21.5200696,21.5200696,0.44655067,80001.177,11298.546,-1.177,68701.454,False,False,-0.64298
233.72,TGO,THRUST,80000.569,29.8196251,0.479535,0,False,True,0,0,-0.56554,2221.04198,2278.9306,57.88861,1.18904,-0.38308,0.71541,20.25917,0.71541,20.25917,48.24554,20.2717951,20.2717951,0.42017965,80001.002,15043.259,-1.002,64956.741,False,False,-0.56512
233.88,TGO,THRUST,80000.492,29.8207428,0.4795283,0,False,True,0,0,-0.49683,2224.3987,2278.93074,54.53204,1.11951,-0.36114,0.65592,19.08459,0.65592,19.08459,48.29625,19.0958567,19.0958567,0.39539009,80000.843,18596.026,-0.843,61403.974,False,False,-0.46133
234.04,TGO,THRUST,80000.426,29.8215576,0.4795258,0,False,True,0,0,-0.43042,2227.56056,2278.93086,51.3703,1.05408,-0.34044,0.59601,17.97819,0.59601,17.97819,48.34405,17.9880714,17.9880714,0.3720845,80000.7,21965.395,-0.7,58034.605,False,False,-0.37673
234.2,TGO,THRUST,80000.37,29.8220597,0.4795253,0,False,True,0,0,-0.36692,2230.53888,2278.93096,48.39208,0.99251,-0.32092,0.5364,16.93602,0.5364,16.93602,48.38912,16.9445163,16.9445163,0.35017199,80000.575,25159.638,-0.575,54840.362,False,False,-0.36599
234.38,TGO,THRUST,80000.323,29.8222729,0.4795254,0,False,True,0,0,-0.30692,2233.34432,2278.93105,45.58673,0.93456,-0.3025,0.4778,15.95435,0.4778,15.95435,48.43162,15.9615019,15.9615019,0.32956778,80000.468,28186.767,-0.468,51813.233,False,False,-0.43799
234.54,TGO,THRUST,80000.284,29.8222426,0.4795253,0,False,True,0,0,-0.25092,2235.98688,2278.93112,42.94424,0.88002,-0.28513,0.42089,15.02966,0.42089,15.02966,48.47169,15.0355511,15.0355511,0.31019246,80000.38,31054.547,-0.38,48945.453,False,False,-0.54722
234.7,TGO,THRUST,80000.253,29.8220267,0.479525,0,False,True,0,0,-0.19933,2238.47605,2278.93118,40.45514,0.82869,-0.26875,0.36629,14.15864,0.36629,14.15864,48.50945,14.1633785,14.1633785,0.29197152,80000.308,33770.505,-0.308,46229.495,False,False,-0.6565
234.86,TGO,THRUST,80000.229,29.8216862,0.4795245,0,False,True,0,0,-0.15254,2240.82074,2278.93123,38.11049,0.78038,-0.25331,0.31459,13.33817,0.31459,13.33817,48.54506,13.3418788,13.3418788,0.27483497,80000.253,36341.93,-0.253,43658.07,False,False,-0.74913
235.02,TGO,THRUST,80000.212,29.8212786,0.479524,0,False,True,0,0,-0.11082,2243.02938,2278.93127,35.90188,0.7349,-0.23875,0.2663,12.56529,0.2663,12.56529,48.57861,12.5681156,12.5681156,0.25871704,80000.213,38775.861,-0.213,41224.139,False,False,-0.81919
235.18,TGO,THRUST,80000.2,29.8208536,0.4795238,0,False,True,0,0,-0.07425,2245.10991,2278.93129,33.82138,0.69209,-0.22501,0.22176,11.83724,0.22176,11.83724,48.61025,11.8393139,11.8393139,0.24355592,80000.185,41079.075,-0.185,38920.925,False,False,-0.8666
235.34,TGO,THRUST,80000.192,29.8204499,0.4795237,0,False,True,0,0,-0.0428,2247.06981,2278.93131,31.8615,0.65178,-0.21207,0.18118,11.15138,0.18118,11.15138,48.64007,11.152855,11.152855,0.22929357,80000.169,43258.082,-0.169,36741.918,False,False,-0.89418
235.48,TGO,THRUST,80000.189,29.8200951,0.4795237,0,False,True,0,0,-0.0164,2248.9161,2278.93132,30.01522,0.61384,-0.19986,0.14476,10.50527,0.14476,10.50527,48.66817,10.5062697,10.5062697,0.21587557,80000.161,45319.124,-0.161,34680.876,False,False,-0.90579
235.64,TGO,THRUST,80000.189,29.8198056,0.4795238,0,False,True,0,0,0.00511,2250.6554,2278.93132,28.27593,0.57811,-0.18835,0.11258,9.89659,0.11258,9.89659,48.69466,9.8972314,9.8972314,0.20325085,80000.16,47268.171,-0.16,32731.829,False,False,-0.90491
235.8,TGO,THRUST,80000.191,29.8195882,0.4795239,0,False,True,0,0,0.02195,2252.29392,2278.93132,26.6374,0.54447,-0.1775,0.08466,9.32316,0.08466,9.32316,48.71963,9.3235487,9.3235487,0.1913715,80000.164,49110.932,-0.164,30889.068,False,False,-0.8939
235.96,TGO,THRUST,80000.194,29.819442,0.4795239,0,False,True,0,0,0.03438,2253.83751,2278.93132,25.09381,0.5128,-0.16727,0.06097,8.78295,0.06097,8.78295,48.74316,8.7831578,8.7831578,0.18019263,80000.171,50852.858,-0.171,29147.142,False,False,-0.87396
236.14,TGO,THRUST,80000.199,29.8193603,0.4795239,0,False,True,0,0,0.04262,2255.29168,2278.93131,23.63963,0.48297,-0.15763,0.04147,8.27401,0.04147,8.27401,48.76533,8.2741151,8.2741151,0.16967207,80000.18,52499.155,-0.18,27500.845,False,False,-0.84471
236.3,TGO,THRUST,80000.205,29.819333,0.4795239,0,False,True,0,0,0.04701,2256.66161,2278.9313,22.26969,0.45488,-0.14854,0.02604,7.79455,0.02604,7.79455,48.78624,7.7945909,7.7945909,0.15977028,80000.189,54054.79,-0.189,25945.21,False,False,-0.8052
236.46,TGO,THRUST,80000.21,29.8193481,0.4795239,0,False,True,0,0,0.04788,2257.95218,2278.93129,20.97911,0.42844,-0.13997,0.01451,7.34285,0.01451,7.34285,48.80593,7.3428632,7.3428632,0.15045022,80000.198,55524.499,-0.198,24475.501,False,False,-0.7543
236.62,TGO,THRUST,80000.216,29.8193933,0.479524,0,False,True,0,0,0.04565,2259.16797,2278.93128,19.76331,0.40353,-0.13189,0.00662,6.91731,0.00662,6.91731,48.8245,6.9173128,6.9173128,0.1416771,80000.205,56912.798,-0.205,23087.202,False,False,-0.69107
236.78,TGO,THRUST,80000.22,29.8194574,0.4795242,0,False,True,0,0,0.04073,2260.31333,2278.93127,18.61795,0.38008,-0.12428,0.00206,6.51642,0.00206,6.51642,48.84199,6.5164175,6.5164175,0.13341836,80000.211,58223.987,-0.211,21776.013,False,False,-0.61519
236.94,TGO,THRUST,80000.223,29.8195305,0.4795244,0,False,True,0,0,0.0336,2261.39231,2278.93127,17.53896,0.35799,-0.11711,0.00048,6.13875,0.00048,6.13875,48.85847,6.1387465,6.1387465,0.12564344,80000.215,59462.163,-0.215,20537.837,False,False,-0.52701
237.1,TGO,THRUST,80000.226,29.8196049,0.4795247,0,False,True,0,0,0.02471,2262.40877,2278.93126,16.52249,0.33719,-0.11034,0.0015,5.78296,0.0015,5.78296,48.87401,5.7829552,5.7829552,0.11832374,80000.218,60631.223,-0.218,19368.777,False,False,-0.42762
237.26,TGO,THRUST,80000.226,29.8196748,0.479525,0,False,True,0,0,0.01449,2263.36632,2278.93126,15.56494,0.3176,-0.10397,0.00472,5.44778,0.00472,5.44778,48.88864,5.4477799,5.4477799,0.11143242,80000.22,61734.878,-0.22,18265.122,False,False,-0.31917
237.42,TGO,THRUST,80000.226,29.8197364,0.4795253,0,False,True,0,0,0.00337,2264.26837,2278.93126,14.66289,0.29915,-0.09797,0.00976,5.13202,0.00976,5.13202,48.90244,5.1320318,5.1320318,0.10494429,80000.22,62776.653,-0.22,17223.347,False,False,-0.20556
237.58,TGO,THRUST,80000.223,29.8197878,0.4795257,0,False,True,0,0,-0.00825,2265.11814,2278.93126,13.81312,0.28178,-0.09231,0.01622,4.83457,0.01622,4.83457,48.91543,4.8345927,4.8345927,0.09883573,80000.22,63759.903,-0.22,16240.097,False,False,-0.10115
237.74,TGO,THRUST,80000.219,29.8198281,0.4795259,0,False,True,0,0,-0.02,2265.91866,2278.93127,13.01261,0.26541,-0.08697,0.02371,4.55435,0.02371,4.55435,48.92768,4.5544089,4.5544089,0.09308451,80000.22,64687.813,-0.22,15312.187,False,False,0.09916
237.9,TGO,THRUST,80000.214,29.819858,0.4795261,0,False,True,0,0,-0.03155,2266.67278,2278.93127,12.2585,0.25,-0.08194,0.03188,4.29037,0.03188,4.29037,48.93922,4.2904876,4.2904876,0.08766972,80000.219,65563.409,-0.219,14436.591,False,False,0.20598
238.06,TGO,THRUST,80000.207,29.8198787,0.4795263,0,False,True,0,0,-0.04259,2267.38319,2278.93128,11.54809,0.23549,-0.07721,0.04037,4.04169,0.04037,4.04169,48.95009,4.0418915,4.0418915,0.08257168,80000.219,66389.564,-0.219,13610.436,False,False,0.32621
238.22,TGO,THRUST,80000.2,29.8198918,0.4795264,0,False,True,0,0,-0.05289,2268.05244,2278.9313,10.87885,0.22182,-0.07274,0.04888,3.80742,0.04888,3.80742,48.96034,3.8077361,3.8077361,0.07777185,80000.219,67169.003,-0.219,12830.997,False,False,0.44404
238.38,TGO,THRUST,80000.191,29.8198993,0.4795265,0,False,True,0,0,-0.06221,2268.68292,2278.93131,10.24839,0.20894,-0.06854,0.05713,3.58673,0.05713,3.58673,48.96999,3.5871851,3.5871851,0.07325272,80000.219,67904.311,-0.219,12095.689,False,False,0.5543
238.54,TGO,THRUST,80000.181,29.8199027,0.4795265,0,False,True,0,0,-0.0704,2269.27687,2278.93132,9.65446,0.19682,-0.06457,0.06486,3.37883,0.06486,3.37883,48.97909,3.3794484,3.3794484,0.06899778,80000.218,68597.936,-0.218,11402.064,False,False,0.65338
238.7,TGO,THRUST,80000.17,29.8199039,0.4795265,0,False,True,0,0,-0.0773,2269.83641,2278.93134,9.09493,0.18539,-0.06084,0.07184,3.18297,0.07184,3.18297,48.98766,3.1837784,3.1837784,0.06499144,80000.217,69252.197,-0.217,10747.803,False,False,0.73821
238.86,TGO,THRUST,80000.159,29.8199041,0.4795265,0,False,True,0,0,-0.08281,2270.36355,2278.93136,8.56781,0.17463,-0.05732,0.07788,2.99846,0.07788,2.99846,48.99573,2.9994685,2.9994685,0.06121897,80000.215,69869.288,-0.215,10130.712,False,False,0.80608
239.02,TGO,THRUST,80000.148,29.8199043,0.4795265,0,False,True,0,0,-0.08687,2270.86016,2278.93138,8.07122,0.1645,-0.054,0.08284,2.82464,0.08284,2.82464,49.00334,2.8258513,2.8258513,0.0576665,80000.212,70451.284,-0.212,9548.716,False,False,0.85464
239.18,TGO,THRUST,80000.136,29.8199052,0.4795266,0,False,True,0,0,-0.08947,2271.32801,2278.9314,7.60339,0.15495,-0.05088,0.08662,2.66089,0.08662,2.66089,49.01052,2.6622971,2.6622971,0.05432094,80000.206,71000.148,-0.206,8999.852,False,False,0.88203
239.34,TGO,THRUST,80000.125,29.8199072,0.4795266,0,False,True,0,0,-0.09062,2271.76876,2278.93142,7.16266,0.14596,-0.04793,0.08916,2.50663,0.08916,2.50663,49.01727,2.5082124,2.5082124,0.05116997,80000.199,71517.732,-0.199,8482.268,False,False,0.88673
239.5,TGO,THRUST,80000.113,29.8199106,0.4795266,0,False,True,0,0,-0.09039,2272.18398,2278.93144,6.74746,0.13749,-0.04516,0.09044,2.36131,0.09044,2.36131,49.02364,2.363039,2.363039,0.04820203,80000.189,72005.787,-0.189,7994.213,False,False,0.86789
239.66,TGO,THRUST,80000.102,29.8199155,0.4795267,0,False,True,0,0,-0.08886,2272.57514,2278.93146,6.35631,0.12951,-0.04255,0.09049,2.22441,0.09049,2.22441,49.02964,2.2262524,2.2262524,0.04540626,80000.178,72465.968,-0.178,7534.032,False,False,0.82487
239.82,TGO,THRUST,80000.092,29.8199213,0.4795268,0,False,True,0,0,-0.08612,2272.94363,2278.93147,5.98784,0.122,-0.04008,0.08933,2.09546,0.08933,2.09546,49.03529,2.0973601,2.0973601,0.04277247,80000.163,72899.836,-0.163,7100.164,False,False,0.75848
239.98,TGO,THRUST,80000.079,29.8199277,0.4795269,0,False,True,0,0,-0.08229,2273.29075,2278.93149,5.64074,0.11492,-0.03776,0.08703,1.97398,0.08703,1.97398,49.04061,1.9759005,1.9759005,0.04029111,80000.147,73308.867,-0.147,6691.133,False,False,0.67003
240.14,TGO,THRUST,80000.065,29.819935,0.479527,0,False,True,0,0,-0.0775,2273.61776,2278.93152,5.31376,0.10825,-0.03558,0.08615,1.85956,0.08615,1.85956,49.04563,1.8615517,1.8615517,0.03795551,80000.123,73694.458,-0.123,6305.542,False,False,0.63703
240.3,TGO,THRUST,80000.056,29.8199426,0.4795271,0,False,True,0,0,-0.07197,2273.92578,2278.93154,5.00576,0.10197,-0.03352,0.08245,1.75177,0.08245,1.75177,49.05036,1.7537138,1.7537138,0.03575333,80000.102,74057.933,-0.102,5942.067,False,False,0.52932
240.46,FINE,THRUST,80000.048,29.8199503,0.4795273,0,False,True,0,0,-0.06597,2274.21593,2278.93155,4.71562,0.09606,-0.03157,0.04179,0.56565,0.04179,0.56565,49.05536,0.5671952,0.5671952,0.01156235,80000.083,74400.553,-0.083,5599.447,True,False,1.91968
240.62,FINE,THRUST,80000.04,29.8199568,0.4795274,0,False,True,0,0,-0.06148,2274.45937,2278.93156,4.4722,0.0911,-0.02995,0.0395,0.53646,0.0395,0.53646,49.05752,0.5379101,0.5379101,0.01096489,80000.066,74688.168,-0.066,5311.832,True,False,1.7272
240.78,FINE,THRUST,80000.034,29.8199592,0.4795274,0,False,True,0,0,-0.06276,2274.548,2278.93157,4.38357,0.08929,-0.02935,0.03915,0.52582,0.03915,0.52582,49.05888,0.5272744,0.5272744,0.01074779,80000.06,74792.906,-0.06,5207.094,True,False,1.56641
240.94,FINE,THRUST,80000.028,29.8199616,0.4795275,0,False,True,0,0,-0.06388,2274.63308,2278.93159,4.29851,0.08756,-0.02878,0.0388,0.51561,0.0388,0.51561,49.06021,0.517065,0.517065,0.0105394,80000.054,74893.455,-0.054,5106.545,True,False,1.37357
241.1,FINE,THRUST,80000.022,29.8199638,0.4795275,0,False,True,0,0,-0.06452,2274.71647,2278.9316,4.21513,0.08586,-0.02823,0.03839,0.5056,0.03839,0.5056,49.06151,0.5070545,0.5070545,0.01033508,80000.046,74992.027,-0.046,5007.973,True,False,1.15881
241.26,FINE,THRUST,80000.016,29.819966,0.4795276,0,False,True,0,0,-0.06467,2274.79822,2278.93161,4.13339,0.08419,-0.02768,0.0379,0.49579,0.0379,0.49579,49.06278,0.4972365,0.4972365,0.0101347,80000.038,75088.68,-0.038,4911.32,True,False,0.93416
241.42,FINE,THRUST,80000.01,29.8199682,0.4795276,0,False,True,0,0,-0.06433,2274.87836,2278.93162,4.05325,0.08256,-0.02714,0.03735,0.48618,0.03735,0.48618,49.06403,0.4876076,0.4876076,0.00993819,80000.028,75183.448,-0.028,4816.552,True,False,0.71041
241.58,FINE,THRUST,80000.004,29.8199702,0.4795277,0,False,True,0,0,-0.06356,2274.95693,2278.93163,3.9747,0.08096,-0.02662,0.03674,0.47675,0.03674,0.47675,49.06526,0.4781647,0.4781647,0.00974548,80000.018,75276.366,-0.018,4723.634,True,False,0.49653
241.74,FINE,THRUST,79999.998,29.819972,0.4795277,0,False,True,0,0,-0.06241,2275.03394,2278.93164,3.89769,0.07939,-0.0261,0.03608,0.46751,0.03608,0.46751,49.06646,0.4689046,0.4689046,0.00955652,80000.006,75367.469,-0.006,4632.531,True,False,0.29966
241.9,FINE,THRUST,79999.991,29.8199737,0.4795277,0,False,True,0,0,-0.06095,2275.10944,2278.93165,3.82221,0.07785,-0.0256,0.03538,0.45846,0.03538,0.45846,49.06764,0.4598239,0.4598239,0.00937122,79999.995,75456.795,0.005,4543.205,True,False,0.12667
242.06,FINE,THRUST,79999.984,29.8199752,0.4795278,0,False,True,0,0,-0.05924,2275.18346,2278.93166,3.7482,0.07634,-0.0251,0.03465,0.44959,0.03465,0.44959,49.0688,0.4509194,0.4509194,0.00918953,79999.982,75544.382,0.018,4455.618,True,False,-0.04947
242.22,FINE,THRUST,79999.978,29.8199765,0.4795278,0,False,True,0,0,-0.05734,2275.25602,2278.93167,3.67565,0.07486,-0.02462,0.03391,0.44089,0.03391,0.44089,49.06993,0.4421877,0.4421877,0.00901138,79999.97,75630.265,0.03,4369.735,True,False,-0.16216
242.38,FINE,THRUST,79999.97,29.8199776,0.4795278,0,False,True,0,0,-0.05532,2275.32717,2278.93168,3.60451,0.07341,-0.02414,0.03315,0.43236,0.03315,0.43236,49.07104,0.4336257,0.4336257,0.00883669,79999.958,75714.484,0.042,4285.516,True,False,-0.26064
242.54,FINE,THRUST,79999.963,29.8199784,0.4795278,0,False,True,0,0,-0.05323,2275.39693,2278.93169,3.53477,0.07199,-0.02367,0.0324,0.42399,0.0324,0.42399,49.07213,0.4252298,0.4252298,0.0086654,79999.946,75797.073,0.054,4202.927,True,False,-0.33522
242.7,FINE,THRUST,79999.956,29.8199792,0.4795279,0,False,True,0,0,-0.05112,2275.46533,2278.9317,3.46638,0.0706,-0.02322,0.03165,0.41579,0.03165,0.41579,49.0732,0.4169969,0.4169969,0.00849745,79999.934,75878.069,0.066,4121.931,True,False,-0.38693
242.86,FINE,THRUST,79999.948,29.8199797,0.4795279,0,False,True,0,0,-0.04902,2275.5324,2278.93172,3.39931,0.06923,-0.02277,0.03091,0.40775,0.03091,0.40775,49.07425,0.4089237,0.4089237,0.00833276,79999.922,75957.505,0.078,4042.495,True,False,-0.41795
243.02,FINE,THRUST,79999.941,29.8199801,0.4795279,0,False,True,0,0,-0.04696,2275.59818,2278.93173,3.33355,0.06789,-0.02233,0.03019,0.39987,0.03019,0.39987,49.07528,0.4010071,0.4010071,0.00817126,79999.911,76035.415,0.089,3964.585,True,False,-0.43108
243.18,FINE,THRUST,79999.933,29.8199802,0.4795279,0,False,True,0,0,-0.04496,2275.66268,2278.93174,3.26906,0.06658,-0.0219,0.02949,0.39214,0.02949,0.39214,49.07628,0.3932438,0.3932438,0.00801291,79999.901,76111.829,0.099,3888.171,True,False,-0.42932
243.34,FINE,THRUST,79999.926,29.8199802,0.4795279,0,False,True,0,0,-0.04305,2275.72594,2278.93175,3.20581,0.06529,-0.02147,0.02881,0.38455,0.02881,0.38455,49.07727,0.385631,0.385631,0.00785763,79999.891,76186.779,0.109,3813.221,True,False,-0.41574
243.5,FINE,THRUST,79999.919,29.8199801,0.4795279,5E-05,False,True,0,0,-0.04123,2275.78798,2278.93177,3.14379,0.06403,-0.02106,0.02815,0.37712,0.02815,0.37712,49.07824,0.3781655,0.3781655,0.00770536,79999.881,76260.293,0.119,3739.707,True,False,-0.39332
243.66,FINE,THRUST,79999.912,29.8199798,0.4795279,0.00059,False,True,0,0,-0.03951,2275.84882,2278.93178,3.08296,0.06279,-0.02065,0.02751,0.36982,0.02751,0.36982,49.07919,0.3708446,0.3708446,0.00755604,79999.872,76332.399,0.128,3667.601,True,False,-0.36487
243.82,FINE,THRUST,79999.905,29.8199794,0.4795279,0.00112,False,True,0,0,-0.03789,2275.90849,2278.93179,3.0233,0.06157,-0.02025,0.02689,0.36267,0.02689,0.36267,49.08013,0.3636653,0.3636653,0.00740962,79999.864,76403.125,0.136,3596.875,True,False,-0.33295
243.98,FINE,THRUST,79999.899,29.8199789,0.4795279,0.00166,False,True,0,0,-0.03636,2275.96701,2278.9318,2.9648,0.06038,-0.01986,0.0263,0.35565,0.0263,0.35565,49.08104,0.356625,0.356625,0.00726604,79999.856,76472.497,0.144,3527.503,True,False,-0.29974
244.14,FINE,THRUST,79999.892,29.8199783,0.4795278,0.00219,False,True,0,0,-0.03493,2276.02439,2278.93181,2.90742,0.05921,-0.01948,0.02573,0.34877,0.02573,0.34877,49.08194,0.3497208,0.3497208,0.00712524,79999.848,76540.539,0.152,3459.461,True,False,-0.26709
244.3,FINE,THRUST,79999.886,29.8199777,0.4795278,0.00273,False,True,0,0,-0.03357,2276.08068,2278.93182,2.85114,0.05806,-0.0191,0.02517,0.34203,0.02517,0.34203,49.08282,0.3429502,0.3429502,0.00698718,79999.841,76607.278,0.159,3392.722,True,False,-0.23646
244.46,FINE,THRUST,79999.881,29.819977,0.4795278,0.00326,False,True,0,0,-0.0323,2276.13587,2278.93183,2.79596,0.05694,-0.01873,0.02464,0.33541,0.02464,0.33541,49.08368,0.3363106,0.3363106,0.00685178,79999.834,76672.737,0.166,3327.263,True,False,-0.20889
244.62,FINE,THRUST,79999.875,29.8199763,0.4795278,0.00379,False,True,0,0,-0.03109,2276.19,2278.93184,2.74184,0.05584,-0.01837,0.02412,0.32892,0.02412,0.32892,49.08453,0.3297995,0.3297995,0.00671901,79999.827,76736.94,0.173,3263.06,True,False,-0.18511
244.78,FINE,THRUST,79999.87,29.8199756,0.4795277,0.00433,False,True,0,0,-0.02994,2276.24309,2278.93185,2.68876,0.05475,-0.01801,0.02361,0.32255,0.02361,0.32255,49.08535,0.3234143,0.3234143,0.00658881,79999.821,76799.911,0.179,3200.089,True,False,-0.16547
244.94,FINE,THRUST,79999.865,29.8199749,0.4795277,0.00486,False,True,0,0,-0.02883,2276.29515,2278.93186,2.63671,0.05369,-0.01766,0.02312,0.31631,0.02312,0.31631,49.08617,0.3171527,0.3171527,0.00646114,79999.815,76861.671,0.185,3138.329,True,False,-0.15011
245.1,FINE,THRUST,79999.86,29.8199743,0.4795277,0.0054,False,True,0,0,-0.02777,2276.3462,2278.93187,2.58567,0.05265,-0.01732,0.02264,0.31019,0.02264,0.31019,49.08697,0.3110121,0.3110121,0.00633594,79999.809,76922.245,0.191,3077.755,True,False,-0.13899
245.26,FINE,THRUST,79999.856,29.8199736,0.4795277,0.00593,False,True,0,0,-0.02675,2276.39627,2278.93188,2.53561,0.05163,-0.01699,0.02217,0.30418,0.02217,0.30418,49.08775,0.3049904,0.3049904,0.00621317,79999.804,76981.653,0.196,3018.347,True,False,-0.13186
245.42,FINE,THRUST,79999.852,29.819973,0.4795277,0.00647,False,True,0,0,-0.02575,2276.44536,2278.93188,2.48652,0.05063,-0.01666,0.02171,0.2983,0.02171,0.2983,49.08852,0.2990853,0.2990853,0.00609277,79999.798,77039.919,0.202,2960.081,True,False,-0.12836
245.58,FINE,THRUST,79999.847,29.8199725,0.4795276,0.007,False,True,0,0,-0.02478,2276.49351,2278.93189,2.43838,0.04965,-0.01634,0.02126,0.29252,0.02126,0.29252,49.08927,0.2932944,0.2932944,0.00597471,79999.793,77097.062,0.207,2902.938,True,False,-0.12808
245.74,FINE,THRUST,79999.844,29.819972,0.4795276,0.00754,False,True,0,0,-0.02383,2276.54072,2278.9319,2.39117,0.04869,-0.01602,0.02082,0.28686,0.02082,0.28686,49.09001,0.2876156,0.2876156,0.00585894,79999.788,77153.106,0.212,2846.894,True,False,-0.13053
245.9,FINE,THRUST,79999.84,29.8199716,0.4795276,0.00807,False,True,0,0,-0.0229,2276.58702,2278.9319,2.34488,0.04775,-0.01571,0.02038,0.28131,0.02038,0.28131,49.09073,0.2820466,0.2820466,0.00574542,79999.784,77208.069,0.216,2791.931,True,False,-0.13518
246.06,FINE,THRUST,79999.829,29.8199713,0.4795276,0.00861,False,True,0,0,-0.02199,2276.63243,2278.93191,2.29948,0.04682,-0.01541,0.01996,0.27586,0.01996,0.27586,49.09144,0.276586,0.276586,0.0056341,79999.778,77261.974,0.222,2738.026,True,False,-0.13971
246.22,FINE,THRUST,79999.825,29.8199711,0.4795276,0.00914,False,True,0,0,-0.02109,2276.67697,2278.93193,2.25496,0.04592,-0.01511,0.01959,0.27052,0.01959,0.27052,49.09213,0.2712327,0.2712327,0.00552497,79999.767,77314.842,0.233,2685.158,True,False,-0.13826
246.38,FINE,THRUST,79999.822,29.8199709,0.4795276,0.00968,False,True,0,0,-0.0202,2276.72063,2278.93193,2.21131,0.04503,-0.01481,0.01917,0.26529,0.01917,0.26529,49.09282,0.2659809,0.2659809,0.00541792,79999.763,77366.689,0.237,2633.311,True,False,-0.14627
246.54,FINE,THRUST,79999.819,29.8199707,0.4795276,0.01021,False,True,0,0,-0.01933,2276.76344,2278.93194,2.1685,0.04416,-0.01453,0.01877,0.26015,0.01877,0.26015,49.09349,0.2608308,0.2608308,0.00531294,79999.759,77417.536,0.241,2582.464,True,False,-0.15469
246.7,FINE,THRUST,79999.816,29.8199706,0.4795276,0.01075,False,True,0,0,-0.01847,2276.80543,2278.93194,2.12652,0.0433,-0.01425,0.01837,0.25512,0.01837,0.25512,49.09414,0.2557804,0.2557804,0.00521,79999.755,77467.404,0.245,2532.596,True,False,-0.16321
246.86,FINE,THRUST,79999.814,29.8199706,0.4795276,0.01129,False,True,0,0,-0.01763,2276.8466,2278.93195,2.08535,0.04246,-0.01397,0.01797,0.25018,0.01797,0.25018,49.09478,0.2508278,0.2508278,0.00510905,79999.751,77516.31,0.249,2483.69,True,False,-0.17138
247.02,FINE,THRUST,79999.811,29.8199707,0.4795276,0.01182,False,True,0,0,-0.0168,2276.88697,2278.93195,2.04498,0.04164,-0.0137,0.01759,0.24534,0.01759,0.24534,49.09542,0.2459711,0.2459711,0.00501006,79999.748,77564.272,0.252,2435.728,True,False,-0.17885
247.18,FINE,THRUST,79999.808,29.8199708,0.4795276,0.01236,False,True,0,0,-0.01598,2276.92656,2278.93196,2.00539,0.04083,-0.01344,0.01721,0.24059,0.01721,0.24059,49.09603,0.2412084,0.2412084,0.00491299,79999.744,77611.311,0.256,2388.689,True,False,-0.18547
247.34,FINE,THRUST,79999.806,29.819971,0.4795276,0.0129,False,True,0,0,-0.01519,2276.96539,2278.93196,1.96657,0.04004,-0.01318,0.01684,0.23594,0.01684,0.23594,49.09664,0.2365379,0.2365379,0.0048178,79999.741,77657.442,0.259,2342.558,True,False,-0.19105
247.5,FINE,THRUST,79999.804,29.8199712,0.4795276,0.01343,False,True,0,0,-0.01441,2277.00346,2278.93197,1.9285,0.03927,-0.01292,0.01647,0.23137,0.01647,0.23137,49.09724,0.2319579,0.2319579,0.00472446,79999.738,77702.684,0.262,2297.316,True,False,-0.19548
247.66,FINE,THRUST,79999.801,29.8199714,0.4795276,0.01397,False,True,0,0,-0.01364,2277.0408,2278.93197,1.89117,0.03851,-0.01267,0.01612,0.22689,0.01612,0.22689,49.09782,0.2274666,0.2274666,0.00463293,79999.735,77747.054,0.265,2252.946,True,False,-0.19876
247.82,FINE,THRUST,79999.799,29.8199717,0.4795276,0.01451,False,True,0,0,-0.0129,2277.07741,2278.93197,1.85456,0.03776,-0.01243,0.01577,0.2225,0.01577,0.2225,49.09839,0.2230622,0.2230622,0.00454317,79999.732,77790.568,0.268,2209.432,True,False,-0.20082
247.98,FINE,THRUST,79999.797,29.819972,0.4795277,0.01504,False,True,0,0,-0.01218,2277.11331,2278.93198,1.81866,0.03703,-0.01219,0.01542,0.2182,0.01542,0.2182,49.09895,0.2187431,0.2187431,0.00445515,79999.73,77833.243,0.27,2166.757,True,False,-0.20175
248.14,FINE,THRUST,79999.795,29.8199723,0.4795277,0.01558,False,True,0,0,-0.01147,2277.14852,2278.93198,1.78346,0.03631,-0.01195,0.01509,0.21398,0.01509,0.21398,49.0995,0.2145077,0.2145077,0.00436884,79999.727,77875.096,0.273,2124.904,True,False,-0.20166
248.3,FINE,THRUST,79999.793,29.8199726,0.4795277,0.01612,False,True,0,0,-0.01079,2277.18305,2278.93198,1.74893,0.03561,-0.01172,0.01476,0.20984,0.01476,0.20984,49.10004,0.2103542,0.2103542,0.0042842,79999.725,77916.142,0.275,2083.858,True,False,-0.20068
248.46,FINE,THRUST,79999.791,29.8199729,0.4795277,0.01665,False,True,0,0,-0.01013,2277.21691,2278.93199,1.71508,0.03492,-0.01149,0.01444,0.20578,0.01444,0.20578,49.10058,0.2062811,0.2062811,0.0042012,79999.723,77956.397,0.277,2043.603,True,False,-0.19892
248.62,FINE,THRUST,79999.79,29.8199733,0.4795277,0.01719,False,True,0,0,-0.00948,2277.25011,2278.93199,1.68187,0.03424,-0.01127,0.01413,0.20179,0.01413,0.20179,49.10109,0.202287,0.202287,0.00411981,79999.721,77995.876,0.279,2004.124,True,False,-0.19662
248.78,FINE,THRUST,79999.788,29.8199736,0.4795277,0.01773,False,True,0,0,-0.00886,2277.28268,2278.93199,1.64932,0.03358,-0.01105,0.01382,0.19789,0.01382,0.19789,49.1016,0.1983701,0.1983701,0.00403999,79999.719,78034.594,0.281,1965.406,True,False,-0.19383
248.94,FINE,THRUST,79999.787,29.8199738,0.4795277,0.01826,False,True,0,0,-0.00825,2277.31461,2278.93199,1.61739,0.03293,-0.01084,0.01352,0.19406,0.01352,0.19406,49.1021,0.1945291,0.1945291,0.00396173,79999.717,78072.565,0.283,1927.435,True,False,-0.19072
249.1,FINE,THRUST,79999.785,29.8199741,0.4795278,0.0188,False,True,0,0,-0.00767,2277.34592,2278.932,1.58608,0.03229,-0.01063,0.01322,0.1903,0.01322,0.1903,49.10259,0.1907624,0.1907624,0.00388498,79999.715,78109.804,0.285,1890.196,True,False,-0.18734
249.26,FINE,THRUST,79999.784,29.8199743,0.4795278,0.01934,False,True,0,0,-0.0071,2277.37663,2278.932,1.55537,0.03167,-0.01042,0.01294,0.18662,0.01294,0.18662,49.10307,0.1870686,0.1870686,0.00380971,79999.714,78146.326,0.286,1853.674,True,False,-0.18389
249.42,FINE,THRUST,79999.783,29.8199745,0.4795278,0.01987,False,True,0,0,-0.00656,2277.40674,2278.932,1.52526,0.03105,-0.01022,0.01266,0.18301,0.01266,0.18301,49.10354,0.1834464,0.1834464,0.00373591,79999.713,78182.143,0.287,1817.857,True,False,-0.18039
249.58,FINE,THRUST,79999.781,29.8199747,0.4795278,0.02041,False,True,0,0,-0.00603,2277.43627,2278.932,1.49573,0.03045,-0.01002,0.01238,0.17947,0.01238,0.17947,49.104,0.1798943,0.1798943,0.00366354,79999.711,78217.269,0.289,1782.731,True,False,-0.17698
249.74,FINE,THRUST,79999.78,29.8199749,0.4795278,0.02095,False,True,0,0,-0.00551,2277.46523,2278.93201,1.46678,0.02986,-0.00983,0.01211,0.17599,0.01211,0.17599,49.10446,0.1764109,0.1764109,0.00359256,79999.71,78251.718,0.29,1748.282,True,False,-0.17369
249.9,FINE,THRUST,79999.779,29.819975,0.4795278,0.02148,False,True,0,0,-0.00502,2277.49363,2278.93201,1.43838,0.02929,-0.00964,0.01185,0.17259,0.01185,0.17259,49.1049,0.172995,0.172995,0.00352297,79999.709,78285.502,0.291,1714.498,True,False,-0.17059
250.06,FINE,THRUST,79999.778,29.8199751,0.4795278,0.02202,False,True,0,0,-0.00453,2277.52148,2278.93201,1.41053,0.02872,-0.00945,0.01159,0.16925,0.01159,0.16925,49.10534,0.1696452,0.1696452,0.00345472,79999.708,78318.635,0.292,1681.365,True,False,-0.16768
250.22,FINE,THRUST,79999.778,29.8199752,0.4795278,0.02256,False,True,0,0,-0.00407,2277.54879,2278.93201,1.38322,0.02816,-0.00927,0.01134,0.16597,0.01134,0.16597,49.10576,0.1663603,0.1663603,0.0033878,79999.707,78351.128,0.293,1648.872,True,False,-0.16498
250.38,FINE,THRUST,79999.777,29.8199753,0.4795278,0.02309,False,True,0,0,-0.00362,2277.57557,2278.93201,1.35645,0.02762,-0.00909,0.01109,0.16276,0.01109,0.16276,49.10618,0.1631389,0.1631389,0.00332217,79999.706,78382.995,0.294,1617.005,True,False,-0.16248
250.54,FINE,THRUST,79999.776,29.8199754,0.4795278,0.02363,False,True,0,0,-0.00318,2277.60183,2278.93201,1.33018,0.02708,-0.00891,0.01085,0.15961,0.01085,0.15961,49.10659,0.1599799,0.1599799,0.00325781,79999.706,78414.246,0.294,1585.754,True,False,-0.16024
250.7,FINE,THRUST,79999.776,29.8199754,0.4795278,0.02417,False,True,0,0,-0.00276,2277.62758,2278.93201,1.30443,0.02656,-0.00874,0.01062,0.15652,0.01062,0.15652,49.10699,0.1568821,0.1568821,0.0031947,79999.705,78444.895,0.295,1555.105,True,False,-0.15824
250.86,FINE,THRUST,79999.775,29.8199754,0.4795278,0.0247,False,True,0,0,-0.00235,2277.65284,2278.93201,1.27918,0.02604,-0.00857,0.01038,0.15349,0.01038,0.15349,49.10739,0.1538442,0.1538442,0.00313281,79999.705,78474.952,0.295,1525.048,True,False,-0.15644
251.02,FINE,THRUST,79999.775,29.8199753,0.4795278,0.02524,False,True,0,0,-0.00195,2277.6776,2278.93202,1.25441,0.02554,-0.00841,0.01016,0.15052,0.01016,0.15052,49.10778,0.1508652,0.1508652,0.00307212,79999.704,78504.43,0.296,1495.57,True,False,-0.15484
251.18,FINE,THRUST,79999.774,29.8199753,0.4795278,0.02577,False,True,0,0,-0.00157,2277.70189,2278.93202,1.23012,0.02504,-0.00824,0.00994,0.14761,0.00994,0.14761,49.10815,0.1479438,0.1479438,0.00301261,79999.704,78533.338,0.296,1466.662,True,False,-0.1534
251.34,FINE,THRUST,79999.771,29.8199752,0.4795278,0.02631,False,True,0,0,-0.00119,2277.72571,2278.93202,1.20631,0.02456,-0.00808,0.00972,0.14475,0.00972,0.14475,49.10853,0.145079,0.145079,0.00295425,79999.704,78561.688,0.296,1438.312,True,False,-0.152
251.5,FINE,THRUST,79999.766,29.8199752,0.4795278,0.02685,False,True,0,0,-0.00083,2277.74908,2278.93203,1.18294,0.02408,-0.00793,0.00955,0.14195,0.00955,0.14195,49.10889,0.1422715,0.1422715,0.00289706,79999.697,78589.494,0.303,1410.506,True,False,-0.13384
251.66,FINE,THRUST,79999.765,29.8199751,0.4795278,0.02738,False,True,0,0,-0.00048,2277.77199,2278.93203,1.16004,0.02362,-0.00777,0.00935,0.1392,0.00935,0.1392,49.10925,0.1395169,0.1395169,0.00284095,79999.696,78616.761,0.304,1383.239,True,False,-0.1291
251.82,FINE,THRUST,79999.765,29.819975,0.4795278,0.02792,False,True,0,0,-0.00015,2277.79445,2278.93203,1.13758,0.02316,-0.00762,0.00915,0.13651,0.00915,0.13651,49.1096,0.1368152,0.1368152,0.00278592,79999.695,78643.501,0.305,1356.499,True,False,-0.12831
251.98,FINE,THRUST,79999.765,29.8199749,0.4795278,0.02845,False,True,0,0,0.00018,2277.81648,2278.93203,1.11555,0.02271,-0.00748,0.00895,0.13387,0.00895,0.13387,49.10995,0.1341658,0.1341658,0.00273195,79999.695,78669.725,0.305,1330.275,True,False,-0.12816
252.14,FINE,THRUST,79999.765,29.8199748,0.4795278,0.02899,False,True,0,0,0.0005,2277.83808,2278.93203,1.09395,0.02227,-0.00733,0.00875,0.13128,0.00875,0.13128,49.11028,0.1315677,0.1315677,0.00267903,79999.696,78695.443,0.304,1304.557,True,False,-0.12853
252.3,FINE,THRUST,79999.765,29.8199746,0.4795278,0.02953,False,True,0,0,0.0008,2277.85926,2278.93203,1.07277,0.02184,-0.00719,0.00856,0.12874,0.00856,0.12874,49.11061,0.1290199,0.1290199,0.00262713,79999.696,78720.664,0.304,1279.336,True,False,-0.12927
252.46,FINE,THRUST,79999.765,29.8199745,0.4795278,0.03006,False,True,0,0,0.0011,2277.88003,2278.93203,1.052,0.02142,-0.00705,0.00838,0.12624,0.00838,0.12624,49.11094,0.1265215,0.1265215,0.00257624,79999.696,78745.399,0.304,1254.601,True,False,-0.13016
252.62,FINE,THRUST,79999.765,29.8199744,0.4795278,0.0306,False,True,0,0,0.00139,2277.9004,2278.93203,1.03163,0.021,-0.00691,0.00819,0.1238,0.00819,0.1238,49.11126,0.1240714,0.1240714,0.00252633,79999.696,78769.655,0.304,1230.345,True,False,-0.1311
252.78,FINE,THRUST,79999.765,29.8199743,0.4795278,0.03113,False,True,0,0,0.00167,2277.92037,2278.93203,1.01166,0.0206,-0.00678,0.00801,0.1214,0.00801,0.1214,49.11157,0.1216687,0.1216687,0.00247739,79999.697,78793.443,0.303,1206.557,True,False,-0.13193
252.94,FINE,THRUST,79999.765,29.8199742,0.4795278,0.03167,False,True,0,0,0.00195,2277.93996,2278.93203,0.99207,0.0202,-0.00665,0.00784,0.11905,0.00784,0.11905,49.11188,0.1193126,0.1193126,0.0024294,79999.697,78816.771,0.303,1183.229,True,False,-0.13256
253.1,FINE,THRUST,79999.766,29.8199742,0.4795278,0.03221,False,True,0,0,0.00221,2277.95917,2278.93203,0.97286,0.01981,-0.00652,0.00767,0.11675,0.00767,0.11675,49.11217,0.1170021,0.1170021,0.00238234,79999.697,78839.649,0.303,1160.351,True,False,-0.13291
253.26,FINE,THRUST,79999.766,29.8199741,0.4795278,0.03274,False,True,0,0,0.00247,2277.97801,2278.93203,0.95402,0.01942,-0.00639,0.0075,0.11449,0.0075,0.11449,49.11247,0.1147363,0.1147363,0.00233619,79999.698,78862.085,0.302,1137.915,True,False,-0.13296
253.42,FINE,THRUST,79999.766,29.819974,0.4795278,0.03328,False,True,0,0,0.00272,2277.99648,2278.93203,0.93555,0.01905,-0.00627,0.00733,0.11228,0.00733,0.11228,49.11276,0.1125144,0.1125144,0.00229094,79999.698,78884.087,0.302,1115.913,True,False,-0.13267
253.58,FINE,THRUST,79999.766,29.819974,0.4795278,0.03381,False,True,0,0,0.00296,2278.01459,2278.93203,0.91744,0.01868,-0.00615,0.00717,0.1101,0.00717,0.1101,49.11304,0.1103355,0.1103355,0.00224656,79999.699,78905.664,0.301,1094.336,True,False,-0.13208
253.74,FINE,THRUST,79999.767,29.8199739,0.4795278,0.03435,False,True,0,0,0.0032,2278.03236,2278.93203,0.89967,0.01832,-0.00603,0.00701,0.10797,0.00701,0.10797,49.11332,0.1081988,0.1081988,0.00220304,79999.7,78926.825,0.3,1073.175,True,False,-0.13125
253.9,FINE,THRUST,79999.767,29.8199739,0.4795278,0.03489,False,True,0,0,0.00342,2278.04978,2278.93203,0.88225,0.01796,-0.00591,0.00686,0.10588,0.00686,0.10588,49.11359,0.1061035,0.1061035,0.00216037,79999.7,78947.577,0.3,1052.423,True,False,-0.1302
254.06,FINE,THRUST,79999.768,29.8199738,0.4795278,0.03542,False,True,0,0,0.00364,2278.06686,2278.93203,0.86517,0.01761,-0.0058,0.0067,0.10383,0.0067,0.10383,49.11386,0.1040488,0.1040488,0.00211852,79999.701,78967.928,0.299,1032.072,True,False,-0.1289
254.22,FINE,THRUST,79999.768,29.8199738,0.4795278,0.03596,False,True,0,0,0.00385,2278.08361,2278.93203,0.84842,0.01727,-0.00569,0.00656,0.10182,0.00656,0.10182,49.11412,0.1020338,0.1020338,0.00207748,79999.702,78987.886,0.298,1012.114,True,False,-0.12738
254.38,FINE,THRUST,79999.768,29.8199738,0.4795278,0.0365,False,True,0,0,0.00405,2278.10004,2278.93203,0.83199,0.01694,-0.00558,0.00641,0.09985,0.00641,0.09985,49.11438,0.1000579,0.1000579,0.00203724,79999.703,79007.458,0.297,992.542,True,False,-0.12567
254.54,FINE,THRUST,79999.769,29.8199738,0.4795278,0.03703,False,True,0,0,0.00425,2278.11615,2278.93203,0.81588,0.01661,-0.00547,0.00627,0.09792,0.00627,0.09792,49.11463,0.0981202,0.0981202,0.00199778,79999.703,79026.652,0.297,973.348,True,False,-0.1239
254.7,FINE,THRUST,79999.769,29.8199738,0.4795278,0.03757,False,True,0,0,0.00443,2278.13194,2278.93203,0.80008,0.01629,-0.00536,0.00613,0.09602,0.00613,0.09602,49.11487,0.0962201,0.0962201,0.00195908,79999.704,79045.475,0.296,954.525,True,False,-0.12211
254.86,FINE,THRUST,79999.77,29.8199738,0.4795278,0.0381,False,True,0,0,0.00461,2278.14744,2278.93202,0.78459,0.01597,-0.00526,0.00599,0.09417,0.00599,0.09417,49.11512,0.0943567,0.0943567,0.00192113,79999.705,79063.935,0.295,936.065,True,False,-0.1203
255.02,FINE,THRUST,79999.771,29.8199738,0.4795278,0.03864,False,True,0,0,0.00479,2278.16263,2278.93202,0.7694,0.01566,-0.00516,0.00586,0.09234,0.00586,0.09234,49.11536,0.0925294,0.0925294,0.00188392,79999.706,79082.038,0.294,917.962,True,False,-0.1185
255.18,FINE,THRUST,79999.771,29.8199738,0.4795278,0.03918,False,True,0,0,0.00496,2278.17752,2278.93202,0.7545,0.01536,-0.00506,0.00573,0.09056,0.00573,0.09056,49.11559,0.0907375,0.0907375,0.00184743,79999.707,79099.791,0.293,900.209,True,False,-0.11674
255.34,FINE,THRUST,79999.772,29.8199738,0.4795278,0.03971,False,True,0,0,0.00512,2278.19213,2278.93202,0.73989,0.01506,-0.00496,0.0056,0.0888,0.0056,0.0888,49.11582,0.0889803,0.0889803,0.00181164,79999.708,79117.201,0.292,882.799,True,False,-0.11501
255.5,FINE,THRUST,79999.772,29.8199738,0.4795278,0.04025,False,True,0,0,0.00527,2278.20646,2278.93202,0.72556,0.01477,-0.00486,0.00548,0.08708,0.00548,0.08708,49.11604,0.0872571,0.0872571,0.00177655,79999.709,79134.275,0.291,865.725,True,False,-0.11333
255.66,FINE,THRUST,79999.773,29.8199738,0.4795278,0.04078,False,True,0,0,0.00542,2278.22051,2278.93202,0.71151,0.01448,-0.00477,0.00536,0.0854,0.00536,0.0854,49.11626,0.0855673,0.0855673,0.00174214,79999.71,79151.019,0.29,848.981,True,False,-0.11174
255.82,FINE,THRUST,79999.774,29.8199739,0.4795278,0.04132,False,True,0,0,0.00556,2278.23429,2278.93202,0.69773,0.0142,-0.00468,0.00524,0.08375,0.00524,0.08375,49.11647,0.0839102,0.0839102,0.00170839,79999.711,79167.439,0.289,832.561,True,False,-0.11022
255.98,FINE,THRUST,79999.774,29.8199739,0.4795278,0.04186,False,True,0,0,0.0057,2278.2478,2278.93202,0.68422,0.01393,-0.00459,0.00512,0.08213,0.00512,0.08213,49.11669,0.0822851,0.0822851,0.0016753,79999.713,79183.542,0.287,816.458,True,False,-0.1088
256.14,FINE,THRUST,79999.775,29.8199739,0.4795278,0.04239,False,True,0,0,0.00583,2278.26104,2278.93202,0.67097,0.01366,-0.0045,0.00501,0.08054,0.00501,0.08054,49.11689,0.0806916,0.0806916,0.00164285,79999.714,79199.334,0.286,800.666,True,False,-0.10748
256.3,FINE,THRUST,79999.776,29.819974,0.4795278,0.04293,False,True,0,0,0.00595,2278.27404,2278.93201,0.65798,0.01339,-0.00441,0.00489,0.07898,0.00489,0.07898,49.1171,0.0791289,0.0791289,0.00161103,79999.715,79214.82,0.285,785.18,True,False,-0.10624
256.46,FINE,THRUST,79999.777,29.8199741,0.4795278,0.04347,False,True,0,0,0.00608,2278.28678,2278.93201,0.64524,0.01314,-0.00432,0.00478,0.07745,0.00478,0.07745,49.1173,0.0775965,0.0775965,0.00157982,79999.716,79230.007,0.284,769.993,True,False,-0.10511
256.62,FINE,THRUST,79999.777,29.8199741,0.4795278,0.044,False,True,0,0,0.00619,2278.29927,2278.93201,0.63274,0.01288,-0.00424,0.00468,0.07595,0.00468,0.07595,49.11749,0.0760937,0.0760937,0.00154922,79999.717,79244.901,0.283,755.099,True,False,-0.10397
256.78,FINE,THRUST,79999.778,29.8199742,0.4795278,0.04454,False,True,0,0,0.0063,2278.31152,2278.93201,0.62049,0.01263,-0.00416,0.00457,0.07448,0.00457,0.07448,49.11768,0.07462,0.07462,0.00151921,79999.719,79259.506,0.281,740.494,True,False,-0.10284
256.94,FINE,THRUST,79999.779,29.8199742,0.4795278,0.04507,False,True,0,0,0.00641,2278.32354,2278.93201,0.60847,0.01239,-0.00408,0.00447,0.07304,0.00447,0.07304,49.11787,0.0731749,0.0731749,0.00148978,79999.72,79273.83,0.28,726.17,True,False,-0.10173
257.1,FINE,THRUST,79999.78,29.8199743,0.4795278,0.04561,False,True,0,0,0.00651,2278.33532,2278.93201,0.59669,0.01215,-0.004,0.00437,0.07162,0.00437,0.07162,49.11806,0.0717577,0.0717577,0.00146092,79999.721,79287.876,0.279,712.124,True,False,-0.10063
257.26,FINE,THRUST,79999.781,29.8199744,0.4795278,0.04615,False,True,0,0,0.00661,2278.34687,2278.93201,0.58513,0.01191,-0.00392,0.00427,0.07024,0.00427,0.07024,49.11823,0.070368,0.070368,0.00143263,79999.723,79301.651,0.277,698.349,True,False,-0.09955
257.42,FINE,THRUST,79999.782,29.8199744,0.4795278,0.04668,False,True,0,0,0.0067,2278.3582,2278.93201,0.5738,0.01168,-0.00385,0.00417,0.06888,0.00417,0.06888,49.11841,0.0690052,0.0690052,0.00140487,79999.724,79315.16,0.276,684.84,True,False,-0.09847
257.58,FINE,THRUST,79999.783,29.8199745,0.4795278,0.04722,False,True,0,0,0.00679,2278.36931,2278.932,0.56269,0.01145,-0.00377,0.00408,0.06755,0.00408,0.06755,49.11859,0.0676688,0.0676688,0.00137766,79999.725,79328.407,0.275,671.593,True,False,-0.0974
257.74,FINE,THRUST,79999.783,29.8199746,0.4795278,0.04776,False,True,0,0,0.00687,2278.38021,2278.932,0.55179,0.01123,-0.0037,0.00399,0.06624,0.00399,0.06624,49.11876,0.0663583,0.0663583,0.00135098,79999.727,79341.398,0.273,658.602,True,False,-0.09636
257.9,FINE,THRUST,79999.782,29.8199746,0.4795278,0.04829,False,True,0,0,0.00696,2278.39089,2278.932,0.54111,0.01102,-0.00363,0.0039,0.06496,0.0039,0.06496,49.11892,0.0650731,0.0650731,0.00132481,79999.728,79354.139,0.272,645.861,True,False,-0.09531
258.06,FINE,THRUST,79999.777,29.8199747,0.4795279,0.04883,False,True,0,0,0.00703,2278.40139,2278.93201,0.53062,0.0108,-0.00356,0.00385,0.0637,0.00385,0.0637,49.11909,0.0638145,0.0638145,0.00129918,79999.723,79366.635,0.277,633.365,True,False,-0.05732
258.22,FINE,THRUST,79999.778,29.8199748,0.4795279,0.04936,False,True,0,0,0.0071,2278.41167,2278.93201,0.52034,0.01059,-0.00349,0.00377,0.06247,0.00377,0.06247,49.11925,0.0625789,0.0625789,0.00127402,79999.723,79378.888,0.277,621.112,True,False,-0.04922
258.38,FINE,THRUST,79999.779,29.8199749,0.4795279,0.0499,False,True,0,0,0.00717,2278.42174,2278.93201,0.51027,0.01039,-0.00342,0.00369,0.06126,0.00369,0.06126,49.1194,0.0613669,0.0613669,0.00124934,79999.725,79390.904,0.275,609.096,True,False,-0.04998
258.54,FINE,THRUST,79999.78,29.8199749,0.4795279,0.05044,False,True,0,0,0.00724,2278.43162,2278.93201,0.50038,0.01019,-0.00335,0.00361,0.06007,0.00361,0.06007,49.11956,0.0601783,0.0601783,0.00122514,79999.726,79402.687,0.274,597.313,True,False,-0.0523
258.7,FINE,THRUST,79999.781,29.819975,0.4795279,0.05097,False,True,0,0,0.0073,2278.44131,2278.93201,0.49069,0.00999,-0.00329,0.00352,0.05891,0.00352,0.05891,49.11971,0.0590128,0.0590128,0.00120141,79999.727,79414.243,0.273,585.757,True,False,-0.05585
258.86,FINE,THRUST,79999.782,29.819975,0.4795279,0.05151,False,True,0,0,0.00736,2278.45082,2278.932,0.48119,0.0098,-0.00322,0.00344,0.05777,0.00344,0.05777,49.11986,0.0578698,0.0578698,0.00117813,79999.729,79425.575,0.271,574.425,True,False,-0.06036
259.02,FINE,THRUST,79999.784,29.8199751,0.4795279,0.05205,False,True,0,0,0.00742,2278.46013,2278.932,0.47187,0.00961,-0.00316,0.00337,0.05665,0.00337,0.05665,49.12,0.056749,0.056749,0.00115531,79999.73,79436.688,0.27,563.312,True,False,-0.06538
259.18,FINE,THRUST,79999.785,29.8199751,0.4795279,0.05258,False,True,0,0,0.00747,2278.46927,2278.932,0.46273,0.00942,-0.0031,0.00329,0.05555,0.00329,0.05555,49.12015,0.0556498,0.0556498,0.00113293,79999.732,79447.586,0.268,552.414,True,False,-0.07058
259.34,FINE,THRUST,79999.786,29.8199751,0.4795279,0.05312,False,True,0,0,0.00753,2278.47823,2278.932,0.45377,0.00924,-0.00304,0.00321,0.05448,0.00321,0.05448,49.12029,0.054572,0.054572,0.00111099,79999.733,79458.273,0.267,541.727,True,False,-0.07563
259.5,FINE,THRUST,79999.787,29.8199752,0.4795279,0.05365,False,True,0,0,0.00758,2278.48702,2278.932,0.44498,0.00906,-0.00298,0.00314,0.05342,0.00314,0.05342,49.12042,0.053515,0.053515,0.00108947,79999.735,79468.753,0.265,531.247,True,False,-0.08042
259.66,FINE,THRUST,79999.788,29.8199752,0.4795279,0.05419,False,True,0,0,0.00763,2278.49563,2278.93199,0.43636,0.00888,-0.00292,0.00307,0.05239,0.00307,0.05239,49.12056,0.0524785,0.0524785,0.00106836,79999.736,79479.03,0.264,520.97,True,False,-0.08468
259.82,FINE,THRUST,79999.789,29.8199753,0.4795279,0.05473,False,True,0,0,0.00768,2278.50408,2278.93199,0.42791,0.00871,-0.00287,0.00299,0.05137,0.00299,0.05137,49.12069,0.0514621,0.0514621,0.00104767,79999.738,79489.109,0.262,510.891,True,False,-0.08832
259.98,FINE,THRUST,79999.79,29.8199753,0.4795279,0.05526,False,True,0,0,0.00773,2278.51237,2278.93199,0.41962,0.00854,-0.00281,0.00292,0.05038,0.00292,0.05038,49.12082,0.0504654,0.0504654,0.00102737,79999.74,79498.992,0.26,501.008,True,False,-0.09125
260.14,FINE,THRUST,79999.791,29.8199753,0.4795279,0.0558,False,True,0,0,0.00777,2278.52049,2278.93199,0.4115,0.00838,-0.00276,0.00286,0.04941,0.00286,0.04941,49.12095,0.0494879,0.0494879,0.00100747,79999.741,79508.685,0.259,491.315,True,False,-0.09339
260.3,FINE,THRUST,79999.792,29.8199753,0.4795279,0.05633,False,True,0,0,0.00781,2278.52846,2278.93199,0.40353,0.00821,-0.0027,0.00279,0.04845,0.00279,0.04845,49.12107,0.0485295,0.0485295,0.00098796,79999.743,79518.19,0.257,481.81,True,False,-0.09474
260.46,FINE,THRUST,79999.793,29.8199754,0.4795279,0.05687,False,True,0,0,0.00785,2278.53628,2278.93199,0.39571,0.00806,-0.00265,0.00272,0.04751,0.00272,0.04751,49.12119,0.0475896,0.0475896,0.00096882,79999.744,79527.511,0.256,472.489,True,False,-0.09534
260.62,FINE,THRUST,79999.794,29.8199754,0.4795279,0.05741,False,True,0,0,0.00789,2278.54394,2278.93198,0.38805,0.0079,-0.0026,0.00266,0.04659,0.00266,0.04659,49.12132,0.0466679,0.0466679,0.00095005,79999.746,79536.651,0.254,463.349,True,False,-0.09523
260.78,FINE,THRUST,79999.795,29.8199754,0.4795279,0.05794,False,True,0,0,0.00792,2278.55145,2278.93198,0.38053,0.00775,-0.00255,0.0026,0.04569,0.0026,0.04569,49.12143,0.045764,0.045764,0.00093165,79999.748,79545.615,0.252,454.385,True,False,-0.09447
260.94,FINE,THRUST,79999.796,29.8199754,0.4795279,0.05848,False,True,0,0,0.00796,2278.55882,2278.93198,0.37316,0.0076,-0.0025,0.00254,0.04481,0.00254,0.04481,49.12155,0.0448777,0.0448777,0.00091361,79999.749,79554.406,0.251,445.594,True,False,-0.09323
261.1,FINE,THRUST,79999.797,29.8199754,0.4795279,0.05901,False,True,0,0,0.00798,2278.56605,2278.93198,0.36593,0.00745,-0.00245,0.00248,0.04394,0.00248,0.04394,49.12166,0.0440085,0.0440085,0.00089591,79999.751,79563.026,0.249,436.974,True,False,-0.09156
261.26,FINE,THRUST,79999.798,29.8199754,0.4795279,0.05955,False,True,0,0,0.00801,2278.57313,2278.93198,0.35885,0.0073,-0.00241,0.00242,0.04309,0.00242,0.04309,49.12177,0.0431562,0.0431562,0.00087856,79999.752,79571.48,0.248,428.52,True,False,-0.08972
261.42,FINE,THRUST,79999.799,29.8199754,0.4795279,0.06009,False,True,0,0,0.00803,2278.58008,2278.93198,0.3519,0.00716,-0.00236,0.00236,0.04225,0.00236,0.04225,49.12188,0.0423204,0.0423204,0.00086154,79999.754,79579.771,0.246,420.229,True,False,-0.08777
261.58,FINE,THRUST,79999.8,29.8199754,0.4795279,0.06062,False,True,0,0,0.00806,2278.58689,2278.93197,0.34508,0.00702,-0.00231,0.00231,0.04144,0.00231,0.04144,49.12198,0.0415007,0.0415007,0.00084485,79999.756,79587.901,0.244,412.099,True,False,-0.08581
261.74,FINE,THRUST,79999.801,29.8199754,0.4795279,0.06116,False,True,0,0,0.00808,2278.59358,2278.93197,0.3384,0.00689,-0.00227,0.00225,0.04063,0.00225,0.04063,49.12209,0.040697,0.040697,0.00082849,79999.757,79595.874,0.243,404.126,True,False,-0.08395
261.9,FINE,THRUST,79999.802,29.8199754,0.4795279,0.06169,False,True,0,0,0.00809,2278.60013,2278.93197,0.33184,0.00676,-0.00222,0.0022,0.03985,0.0022,0.03985,49.12219,0.0399088,0.0399088,0.00081244,79999.759,79603.692,0.241,396.308,True,False,-0.08219
262.06,FINE,THRUST,79999.803,29.8199754,0.4795279,0.06223,False,True,0,0,0.00811,2278.60655,2278.93197,0.32541,0.00662,-0.00218,0.00215,0.03908,0.00215,0.03908,49.12229,0.0391358,0.0391358,0.0007967,79999.761,79611.36,0.239,388.64,True,False,-0.0806
262.22,FINE,THRUST,79999.804,29.8199754,0.4795279,0.06277,False,True,0,0,0.00812,2278.61286,2278.93197,0.31911,0.0065,-0.00214,0.0021,0.03832,0.0021,0.03832,49.12239,0.0383779,0.0383779,0.00078127,79999.762,79618.879,0.238,381.121,True,False,-0.07917
262.38,FINE,THRUST,79999.805,29.8199754,0.4795279,0.0633,False,True,0,0,0.00813,2278.61904,2278.93197,0.31293,0.00637,-0.0021,0.00205,0.03758,0.00205,0.03758,49.12249,0.0376346,0.0376346,0.00076614,79999.764,79626.252,0.236,373.748,True,False,-0.07797
262.54,FINE,THRUST,79999.806,29.8199753,0.4795279,0.06384,False,True,0,0,0.00814,2278.62509,2278.93196,0.30687,0.00625,-0.00206,0.002,0.03685,0.002,0.03685,49.12258,0.0369057,0.0369057,0.0007513,79999.766,79633.483,0.234,366.517,True,False,-0.077
262.7,FINE,THRUST,79999.807,29.8199753,0.4795279,0.06437,False,True,0,0,0.00815,2278.63104,2278.93196,0.30093,0.00613,-0.00202,0.00195,0.03614,0.00195,0.03614,49.12268,0.0361909,0.0361909,0.00073675,79999.767,79640.574,0.233,359.426,True,False,-0.07625
262.86,FINE,THRUST,79999.808,29.8199753,0.4795279,0.06491,False,True,0,0,0.00815,2278.63686,2278.93196,0.2951,0.00601,-0.00198,0.0019,0.03544,0.0019,0.03544,49.12277,0.0354899,0.0354899,0.00072247,79999.769,79647.528,0.231,352.472,True,False,-0.0757
263.02,FINE,THRUST,79999.81,29.8199753,0.4795279,0.06544,False,True,0,0,0.00816,2278.64258,2278.93196,0.28938,0.00589,-0.00194,0.00186,0.03475,0.00186,0.03475,49.12285,0.0348026,0.0348026,0.00070848,79999.771,79654.348,0.229,345.652,True,False,-0.07535
263.18,FINE,THRUST,79999.811,29.8199753,0.4795279,0.06598,False,True,0,0,0.00816,2278.64818,2278.93196,0.28378,0.00578,-0.0019,0.00181,0.03408,0.00181,0.03408,49.12294,0.0341285,0.0341285,0.00069476,79999.772,79661.035,0.228,338.965,True,False,-0.07512
263.34,FINE,THRUST,79999.812,29.8199752,0.4795279,0.06652,False,True,0,0,0.00816,2278.65368,2278.93195,0.27828,0.00566,-0.00187,0.00177,0.03342,0.00177,0.03342,49.12303,0.0334675,0.0334675,0.0006813,79999.774,79667.593,0.226,332.407,True,False,-0.07503
263.5,FINE,THRUST,79999.813,29.8199752,0.4795279,0.06705,False,True,0,0,0.00816,2278.65907,2278.93195,0.27289,0.00555,-0.00183,0.00173,0.03277,0.00173,0.03277,49.12311,0.0328193,0.0328193,0.0006681,79999.776,79674.024,0.224,325.976,True,False,-0.07501
263.66,FINE,THRUST,79999.811,29.8199752,0.4795279,0.06759,False,True,0,0,0.00816,2278.66435,2278.93195,0.2676,0.00545,-0.00179,0.00168,0.03214,0.00168,0.03214,49.1232,0.0321837,0.0321837,0.00065516,79999.777,79680.331,0.223,319.669,True,False,-0.07502
263.82,FINE,THRUST,79999.807,29.8199752,0.4795279,0.06812,False,True,0,0,0.00816,2278.66955,2278.93196,0.26241,0.00534,-0.00176,0.00169,0.03152,0.00169,0.03152,49.12328,0.0315616,0.0315616,0.0006425,79999.772,79686.519,0.228,313.481,True,False,0.00912
263.98,FINE,THRUST,79999.808,29.8199752,0.4795279,0.06866,False,True,0,0,0.00815,2278.67464,2278.93196,0.25733,0.00524,-0.00172,0.00165,0.03091,0.00165,0.03091,49.12336,0.0309506,0.0309506,0.00063006,79999.773,79692.584,0.227,307.416,True,False,0.01837
264.14,FINE,THRUST,79999.809,29.8199752,0.4795279,0.06919,False,True,0,0,0.00814,2278.67962,2278.93196,0.25234,0.00514,-0.00169,0.00161,0.03031,0.00161,0.03031,49.12343,0.0303511,0.0303511,0.00061785,79999.774,79698.533,0.226,301.467,True,False,0.01503
264.3,FINE,THRUST,79999.81,29.8199752,0.4795279,0.06973,False,True,0,0,0.00813,2278.68451,2278.93196,0.24745,0.00504,-0.00166,0.00158,0.02972,0.00158,0.02972,49.12351,0.0297632,0.0297632,0.00060589,79999.776,79704.366,0.224,295.634,True,False,0.00964
264.46,FINE,THRUST,79999.812,29.8199752,0.4795279,0.07027,False,True,0,0,0.00812,2278.6893,2278.93196,0.24266,0.00494,-0.00163,0.00154,0.02915,0.00154,0.02915,49.12358,0.0291866,0.0291866,0.00059415,79999.778,79710.086,0.222,289.914,True,False,-0.00965
264.62,FINE,THRUST,79999.813,29.8199752,0.4795279,0.0708,False,True,0,0,0.00811,2278.694,2278.93195,0.23796,0.00484,-0.00159,0.0015,0.02858,0.0015,0.02858,49.12366,0.0286212,0.0286212,0.00058264,79999.779,79715.695,0.221,284.305,True,False,-0.01939
264.78,FINE,THRUST,79999.814,29.8199752,0.4795279,0.07134,False,True,0,0,0.00811,2278.69861,2278.93195,0.23335,0.00475,-0.00156,0.00146,0.02803,0.00146,0.02803,49.12373,0.0280668,0.0280668,0.00057135,79999.781,79721.196,0.219,278.804,True,False,-0.03212
264.94,FINE,THRUST,79999.815,29.8199752,0.4795279,0.07187,False,True,0,0,0.0081,2278.70312,2278.93195,0.22883,0.00466,-0.00153,0.00143,0.02749,0.00143,0.02749,49.1238,0.0275231,0.0275231,0.00056028,79999.783,79726.59,0.217,273.41,True,False,-0.04553
265.1,FINE,THRUST,79999.816,29.8199751,0.4795279,0.07241,False,True,0,0,0.00809,2278.70756,2278.93195,0.22439,0.00457,-0.0015,0.00139,0.02695,0.00139,0.02695,49.12387,0.0269899,0.0269899,0.00054943,79999.784,79731.879,0.216,268.121,True,False,-0.0586
265.26,FINE,THRUST,79999.818,29.8199751,0.4795279,0.07294,False,True,0,0,0.00809,2278.7119,2278.93195,0.22004,0.00448,-0.00147,0.00135,0.02643,0.00135,0.02643,49.12394,0.0264671,0.0264671,0.00053878,79999.786,79737.067,0.214,262.933,True,False,-0.07061
265.42,FINE,THRUST,79999.819,29.8199751,0.4795279,0.07348,False,True,0,0,0.00808,2278.71616,2278.93194,0.21578,0.00439,-0.00145,0.00132,0.02592,0.00132,0.02592,49.12401,0.0259544,0.0259544,0.00052834,79999.788,79742.153,0.212,257.847,True,False,-0.08104
265.58,FINE,THRUST,79999.82,29.8199751,0.4795279,0.07402,False,True,0,0,0.00807,2278.72034,2278.93194,0.2116,0.00431,-0.00142,0.00128,0.02542,0.00128,0.02542,49.12407,0.0254517,0.0254517,0.00051811,79999.789,79747.141,0.211,252.859,True,False,-0.08956
265.74,FINE,THRUST,79999.821,29.8199751,0.4795279,0.07455,False,True,0,0,0.00807,2278.72444,2278.93194,0.2075,0.00422,-0.00139,0.00125,0.02493,0.00125,0.02493,49.12414,0.0249587,0.0249587,0.00050807,79999.791,79752.033,0.209,247.967,True,False,-0.09603
265.9,FINE,THRUST,79999.822,29.8199751,0.4795279,0.07509,False,True,0,0,0.00806,2278.72845,2278.93194,0.20348,0.00414,-0.00136,0.00122,0.02444,0.00122,0.02444,49.1242,0.0244753,0.0244753,0.00049823,79999.793,79756.83,0.207,243.17,True,False,-0.10042
266.06,FINE,THRUST,79999.823,29.8199751,0.4795279,0.07562,False,True,0,0,0.00805,2278.73239,2278.93194,0.19954,0.00406,-0.00134,0.00119,0.02397,0.00119,0.02397,49.12426,0.0240013,0.0240013,0.00048858,79999.795,79761.534,0.205,238.466,True,False,-0.10289
266.22,FINE,THRUST,79999.824,29.8199751,0.4795279,0.07616,False,True,0,0,0.00804,2278.73626,2278.93193,0.19568,0.00398,-0.00131,0.00116,0.02351,0.00116,0.02351,49.12432,0.0235364,0.0235364,0.00047912,79999.796,79766.147,0.204,233.853,True,False,-0.10358
266.38,FINE,THRUST,79999.825,29.8199751,0.4795279,0.07669,False,True,0,0,0.00803,2278.74005,2278.93193,0.19189,0.00391,-0.00129,0.00113,0.02305,0.00113,0.02305,49.12438,0.0230806,0.0230806,0.00046984,79999.798,79770.671,0.202,229.329,True,False,-0.10271
266.54,FINE,THRUST,79999.826,29.8199751,0.4795279,0.07723,False,True,0,0,0.00802,2278.74376,2278.93193,0.18817,0.00383,-0.00126,0.0011,0.02261,0.0011,0.02261,49.12444,0.0226336,0.0226336,0.00046074,79999.8,79775.107,0.2,224.893,True,False,-0.1006
266.7,FINE,THRUST,79999.827,29.8199751,0.4795279,0.07776,False,True,0,0,0.008,2278.74741,2278.93193,0.18452,0.00376,-0.00124,0.00107,0.02217,0.00107,0.02217,49.12449,0.0221953,0.0221953,0.00045182,79999.801,79779.457,0.199,220.543,True,False,-0.09747
266.86,FINE,THRUST,79999.828,29.8199751,0.4795279,0.0783,False,True,0,0,0.00799,2278.75098,2278.93193,0.18095,0.00368,-0.00121,0.00104,0.02174,0.00104,0.02174,49.12455,0.0217655,0.0217655,0.00044307,79999.803,79783.724,0.197,216.276,True,False,-0.09371
267.02,FINE,THRUST,79999.829,29.8199751,0.4795279,0.07883,False,True,0,0,0.00797,2278.75448,2278.93193,0.17744,0.00361,-0.00119,0.00102,0.02132,0.00102,0.02132,49.12461,0.021344,0.021344,0.00043449,79999.805,79787.907,0.195,212.093,True,False,-0.08963
267.18,FINE,THRUST,79999.829,29.8199751,0.4795279,0.07937,False,True,0,0,0.00795,2278.75792,2278.93192,0.17401,0.00354,-0.00117,0.00099,0.02091,0.00099,0.02091,49.12466,0.0209307,0.0209307,0.00042607,79999.806,79792.01,0.194,207.99,True,False,-0.08553
267.34,FINE,THRUST,79999.83,29.8199751,0.4795279,0.07991,False,True,0,0,0.00793,2278.76129,2278.93192,0.17063,0.00347,-0.00114,0.00096,0.0205,0.00096,0.0205,49.12471,0.0205253,0.0205253,0.00041782,79999.808,79796.034,0.192,203.966,True,False,-0.08166
267.5,FINE,THRUST,79999.831,29.8199751,0.4795279,0.08044,False,True,0,0,0.00791,2278.76459,2278.93192,0.16733,0.00341,-0.00112,0.00094,0.02011,0.00094,0.02011,49.12476,0.0201279,0.0201279,0.00040973,79999.81,79799.979,0.19,200.021,True,False,-0.07814
267.66,FINE,THRUST,79999.832,29.8199751,0.4795279,0.08098,False,True,0,0,0.00789,2278.76783,2278.93192,0.16409,0.00334,-0.0011,0.00091,0.01972,0.00091,0.01972,49.12481,0.0197381,0.0197381,0.00040179,79999.811,79803.849,0.189,196.151,True,False,-0.07516
267.82,FINE,THRUST,79999.833,29.8199751,0.4795279,0.08151,False,True,0,0,0.00787,2278.77101,2278.93192,0.16091,0.00328,-0.00108,0.00089,0.01934,0.00089,0.01934,49.12486,0.0193559,0.0193559,0.00039401,79999.813,79807.643,0.187,192.357,True,False,-0.07279
267.98,FINE,THRUST,79999.834,29.8199751,0.4795279,0.08205,False,True,0,0,0.00785,2278.77413,2278.93192,0.15779,0.00321,-0.00106,0.00087,0.01896,0.00087,0.01896,49.12491,0.018981,0.018981,0.00038638,79999.815,79811.364,0.185,188.636,True,False,-0.07105
268.14,FINE,THRUST,79999.835,29.8199751,0.4795279,0.08258,False,True,0,0,0.00783,2278.77718,2278.93192,0.15473,0.00315,-0.00104,0.00084,0.01859,0.00084,0.01859,49.12496,0.0186134,0.0186134,0.0003789,79999.816,79815.013,0.184,184.987,True,False,-0.06997
268.28,FINE,THRUST,79999.834,29.8199751,0.4795279,0.08312,False,True,0,0,0.00781,2278.78018,2278.93191,0.15174,0.00309,-0.00102,0.00082,0.01823,0.00082,0.01823,49.12501,0.018253,0.018253,0.00037156,79999.818,79818.592,0.182,181.408,True,False,-0.06955
268.46,FINE,THRUST,79999.829,29.8199751,0.4795279,0.08365,False,True,0,0,0.00778,2278.78313,2278.93192,0.14879,0.00303,-0.001,0.00083,0.01788,0.00083,0.01788,49.12505,0.0179003,0.0179003,0.00036438,79999.814,79822.103,0.186,177.897,True,False,0.03787
268.62,FINE,THRUST,79999.83,29.8199752,0.479528,0.08419,False,True,0,0,0.00776,2278.78602,2278.93192,0.1459,0.00297,-0.00098,0.00083,0.01753,0.00083,0.01753,49.1251,0.017554,0.017554,0.00035733,79999.814,79825.545,0.186,174.455,True,False,0.09096
268.78,FINE,THRUST,79999.831,29.8199752,0.479528,0.08472,False,True,0,0,0.00773,2278.78885,2278.93192,0.14308,0.00291,-0.00096,0.00081,0.0172,0.00081,0.0172,49.12514,0.017214,0.017214,0.00035041,79999.815,79828.92,0.185,171.08,True,False,0.08449
268.94,FINE,THRUST,79999.832,29.8199752,0.479528,0.08526,False,True,0,0,0.0077,2278.79162,2278.93192,0.1403,0.00286,-0.00094,0.00079,0.01686,0.00079,0.01686,49.12519,0.0168806,0.0168806,0.00034362,79999.817,79832.23,0.183,167.77,True,False,0.07033
269.1,FINE,THRUST,79999.833,29.8199752,0.479528,0.0858,False,True,0,0,0.00767,2278.79434,2278.93192,0.13758,0.0028,-0.00092,0.00077,0.01654,0.00077,0.01654,49.12523,0.0165535,0.0165535,0.00033697,79999.818,79835.476,0.182,164.524,True,False,0.04945
269.26,FINE,THRUST,79999.835,29.8199752,0.479528,0.08633,False,True,0,0,0.00765,2278.797,2278.93192,0.13492,0.00275,-0.0009,0.00075,0.01622,0.00075,0.01622,49.12527,0.0162327,0.0162327,0.00033044,79999.82,79838.658,0.18,161.342,True,False,0.02445
269.42,FINE,THRUST,79999.836,29.8199752,0.479528,0.08687,False,True,0,0,0.00762,2278.79961,2278.93191,0.1323,0.00269,-0.00089,0.00072,0.0159,0.00072,0.0159,49.12531,0.0159182,0.0159182,0.00032403,79999.822,79841.779,0.178,158.221,True,False,-0.01177
269.58,FINE,THRUST,79999.837,29.8199752,0.479528,0.0874,False,True,0,0,0.0076,2278.80218,2278.93191,0.12974,0.00264,-0.00087,0.0007,0.01559,0.0007,0.01559,49.12535,0.0156098,0.0156098,0.00031775,79999.823,79844.84,0.177,155.16,True,False,-0.03722
269.74,FINE,THRUST,79999.838,29.8199752,0.479528,0.08794,False,True,0,0,0.00758,2278.80469,2278.93191,0.12722,0.00259,-0.00085,0.00068,0.01529,0.00068,0.01529,49.12539,0.0153073,0.0153073,0.0003116,79999.825,79847.841,0.175,152.159,True,False,-0.06499
269.9,FINE,THRUST,79999.839,29.8199753,0.479528,0.08847,False,True,0,0,0.00756,2278.80715,2278.93191,0.12476,0.00254,-0.00084,0.00066,0.015,0.00066,0.015,49.12543,0.0150107,0.0150107,0.00030556,79999.827,79850.783,0.173,149.217,True,False,-0.09046
270.06,FINE,THRUST,79999.84,29.8199753,0.479528,0.08901,False,True,0,0,0.00754,2278.80957,2278.93191,0.12234,0.00249,-0.00082,0.00064,0.01471,0.00064,0.01471,49.12547,0.01472,0.01472,0.00029964,79999.828,79853.669,0.172,146.331,True,False,-0.11222
270.22,FINE,THRUST,79999.841,29.8199753,0.479528,0.08954,False,True,0,0,0.00752,2278.81194,2278.9319,0.11997,0.00244,-0.0008,0.00062,0.01442,0.00062,0.01442,49.12551,0.0144348,0.0144348,0.00029384,79999.83,79856.498,0.17,143.502,True,False,-0.12939
270.38,FINE,THRUST,79999.842,29.8199753,0.479528,0.09008,False,True,0,0,0.0075,2278.81426,2278.9319,0.11764,0.00239,-0.00079,0.0006,0.01414,0.0006,0.01414,49.12554,0.0141553,0.0141553,0.00028814,79999.832,79859.273,0.168,140.727,True,False,-0.14153
270.54,FINE,THRUST,79999.843,29.8199753,0.479528,0.09061,False,True,0,0,0.00749,2278.81654,2278.9319,0.11537,0.00235,-0.00077,0.00058,0.01387,0.00058,0.01387,49.12558,0.0138812,0.0138812,0.00028256,79999.834,79861.994,0.166,138.006,True,False,-0.14857
270.7,FINE,THRUST,79999.844,29.8199753,0.479528,0.09115,False,True,0,0,0.00747,2278.81877,2278.9319,0.11313,0.0023,-0.00076,0.00056,0.0136,0.00056,0.0136,49.12561,0.0136124,0.0136124,0.00027709,79999.835,79864.663,0.165,135.337,True,False,-0.15078
270.86,FINE,THRUST,79999.845,29.8199753,0.479528,0.09168,False,True,0,0,0.00745,2278.82096,2278.9319,0.11094,0.00226,-0.00074,0.00055,0.01334,0.00055,0.01334,49.12565,0.0133489,0.0133489,0.00027173,79999.837,79867.28,0.163,132.72,True,False,-0.14868
271.02,FINE,THRUST,79999.845,29.8199753,0.479528,0.09222,False,True,0,0,0.00743,2278.82311,2278.9319,0.10879,0.00221,-0.00073,0.00053,0.01308,0.00053,0.01308,49.12568,0.0130905,0.0130905,0.00026647,79999.839,79869.846,0.161,130.154,True,False,-0.14307
271.18,FINE,THRUST,79999.846,29.8199754,0.479528,0.09275,False,True,0,0,0.00741,2278.82522,2278.9319,0.10668,0.00217,-0.00072,0.00052,0.01283,0.00052,0.01283,49.12571,0.0128371,0.0128371,0.00026131,79999.84,79872.363,0.16,127.637,True,False,-0.1347
271.34,FINE,THRUST,79999.847,29.8199754,0.479528,0.09329,False,True,0,0,0.00738,2278.82728,2278.9319,0.10461,0.00213,-0.0007,0.0005,0.01258,0.0005,0.01258,49.12574,0.0125886,0.0125886,0.00025625,79999.842,79874.831,0.158,125.169,True,False,-0.1245
271.5,FINE,THRUST,79999.847,29.8199754,0.479528,0.09382,False,True,0,0,0.00736,2278.82931,2278.93189,0.10259,0.00209,-0.00069,0.00049,0.01234,0.00049,0.01234,49.12577,0.0123449,0.0123449,0.00025129,79999.844,79877.251,0.156,122.749,True,False,-0.11335
271.66,FINE,THRUST,79999.848,29.8199754,0.479528,0.09436,False,True,0,0,0.00733,2278.83129,2278.93189,0.1006,0.00205,-0.00067,0.00048,0.0121,0.00048,0.0121,49.12581,0.012106,0.012106,0.00024643,79999.846,79879.624,0.154,120.376,True,False,-0.10213
271.82,FINE,THRUST,79999.849,29.8199754,0.479528,0.09489,False,True,0,0,0.00731,2278.83324,2278.93189,0.09865,0.00201,-0.00066,0.00046,0.01186,0.00046,0.01186,49.12584,0.0118717,0.0118717,0.00024166,79999.847,79881.952,0.153,118.048,True,False,-0.09156
271.98,FINE,THRUST,79999.849,29.8199754,0.479528,0.09543,False,True,0,0,0.00728,2278.83515,2278.93189,0.09674,0.00197,-0.00065,0.00045,0.01163,0.00045,0.01163,49.12587,0.0116419,0.0116419,0.00023698,79999.849,79884.235,0.151,115.765,True,False,-0.08237
272.14,FINE,THRUST,79999.85,29.8199754,0.479528,0.09596,False,True,0,0,0.00725,2278.83702,2278.93189,0.09487,0.00193,-0.00064,0.00044,0.01141,0.00044,0.01141,49.1259,0.0114165,0.0114165,0.00023239,79999.851,79886.473,0.149,113.527,True,False,-0.0749
272.3,FINE,THRUST,79999.851,29.8199754,0.479528,0.0965,False,True,0,0,0.00723,2278.83886,2278.93189,0.09303,0.00189,-0.00062,0.00043,0.01119,0.00043,0.01119,49.12593,0.0111955,0.0111955,0.00022789,79999.852,79888.668,0.148,111.332,True,False,-0.06956
272.46,FINE,THRUST,79999.852,29.8199754,0.479528,0.09703,False,True,0,0,0.0072,2278.84066,2278.93189,0.09122,0.00186,-0.00061,0.00041,0.01097,0.00041,0.01097,49.12595,0.0109788,0.0109788,0.00022348,79999.854,79890.821,0.146,109.179,True,False,-0.06627
272.62,FINE,THRUST,79999.852,29.8199754,0.479528,0.09757,False,True,0,0,0.00717,2278.84243,2278.93189,0.08946,0.00182,-0.0006,0.0004,0.01076,0.0004,0.01076,49.12598,0.0107663,0.0107663,0.00021916,79999.855,79892.932,0.145,107.068,True,False,-0.06498
272.78,FINE,THRUST,79999.853,29.8199755,0.479528,0.0981,False,True,0,0,0.00714,2278.84416,2278.93189,0.08772,0.00179,-0.00059,0.00039,0.01055,0.00039,0.01055,49.12601,0.0105578,0.0105578,0.00021491,79999.857,79895.002,0.143,104.998,True,False,-0.06556
272.94,FINE,THRUST,79999.854,29.8199755,0.479528,0.09864,False,True,0,0,0.00711,2278.84586,2278.93188,0.08602,0.00175,-0.00058,0.00038,0.01035,0.00038,0.01035,49.12603,0.0103535,0.0103535,0.00021075,79999.859,79897.032,0.141,102.968,True,False,-0.06767
273.1,FINE,THRUST,79999.855,29.8199755,0.479528,0.09917,False,True,0,0,0.00708,2278.84753,2278.93188,0.08436,0.00172,-0.00057,0.00037,0.01015,0.00037,0.01015,49.12606,0.010153,0.010153,0.00020667,79999.86,79899.023,0.14,100.977,True,False,-0.07113
273.26,FINE,THRUST,79999.855,29.8199755,0.479528,0.09971,False,True,0,0,0.00706,2278.84916,2278.93188,0.08272,0.00168,-0.00055,0.00035,0.00995,0.00035,0.00995,49.12609,0.0099565,0.0099565,0.00020267,79999.862,79900.975,0.138,99.025,True,False,-0.07552
273.42,FINE,THRUST,79999.856,29.8199755,0.479528,0.10024,False,True,0,0,0.00703,2278.85076,2278.93188,0.08112,0.00165,-0.00054,0.00034,0.00976,0.00034,0.00976,49.12611,0.0097637,0.0097637,0.00019875,79999.864,79902.89,0.136,97.11,True,False,-0.08038
273.58,FINE,THRUST,79999.857,29.8199755,0.479528,0.10078,False,True,0,0,0.007,2278.85233,2278.93188,0.07955,0.00162,-0.00053,0.00033,0.00957,0.00033,0.00957,49.12613,0.0095747,0.0095747,0.0001949,79999.865,79904.767,0.135,95.233,True,False,-0.08536
273.74,FINE,THRUST,79999.858,29.8199755,0.479528,0.10131,False,True,0,0,0.00697,2278.85387,2278.93188,0.078,0.00159,-0.00052,0.00032,0.00938,0.00032,0.00938,49.12616,0.0093893,0.0093893,0.00019113,79999.867,79906.608,0.133,93.392,True,False,-0.08996
273.9,FINE,THRUST,79999.858,29.8199755,0.479528,0.10185,False,True,0,0,0.00695,2278.85538,2278.93188,0.07649,0.00156,-0.00051,0.00031,0.0092,0.00031,0.0092,49.12618,0.0092076,0.0092076,0.00018743,79999.869,79908.413,0.131,91.587,True,False,-0.09397
274.06,FINE,THRUST,79999.859,29.8199755,0.479528,0.10238,False,True,0,0,0.00692,2278.85687,2278.93188,0.07501,0.00153,-0.0005,0.0003,0.00902,0.0003,0.00902,49.12621,0.0090294,0.0090294,0.0001838,79999.87,79910.184,0.13,89.816,True,False,-0.09701
274.22,FINE,THRUST,79999.86,29.8199755,0.479528,0.10291,False,True,0,0,0.00689,2278.85832,2278.93187,0.07356,0.0015,-0.00049,0.00029,0.00885,0.00029,0.00885,49.12623,0.0088546,0.0088546,0.00018024,79999.872,79911.92,0.128,88.08,True,False,-0.099
274.38,FINE,THRUST,79999.86,29.8199755,0.479528,0.10345,False,True,0,0,0.00686,2278.85974,2278.93187,0.07213,0.00147,-0.00048,0.00028,0.00868,0.00028,0.00868,49.12625,0.0086832,0.0086832,0.00017675,79999.874,79913.622,0.126,86.378,True,False,-0.09987
274.54,FINE,THRUST,79999.861,29.8199755,0.479528,0.10398,False,True,0,0,0.00684,2278.86114,2278.93187,0.07073,0.00144,-0.00047,0.00027,0.00851,0.00027,0.00851,49.12627,0.0085152,0.0085152,0.00017333,79999.875,79915.292,0.125,84.708,True,False,-0.09971
274.7,FINE,THRUST,79999.862,29.8199755,0.479528,0.10452,False,True,0,0,0.00681,2278.86251,2278.93187,0.06936,0.00141,-0.00046,0.00026,0.00835,0.00026,0.00835,49.1263,0.0083504,0.0083504,0.00016998,79999.877,79916.929,0.123,83.071,True,False,-0.09855
274.86,FINE,THRUST,79999.862,29.8199755,0.479528,0.10505,False,True,0,0,0.00678,2278.86385,2278.93187,0.06802,0.00138,-0.00046,0.00025,0.00818,0.00025,0.00818,49.12631,0.0081888,0.0081888,0.00016669,79999.879,79918.535,0.121,81.465,True,False,-0.09658
275.02,FINE,THRUST,79999.863,29.8199755,0.479528,0.10559,False,True,0,0,0.00675,2278.86517,2278.93187,0.0667,0.00136,-0.00045,0.00025,0.00803,0.00025,0.00803,49.12634,0.0080303,0.0080303,0.00016346,79999.88,79920.109,0.12,79.891,True,False,-0.09406
275.18,FINE,THRUST,79999.864,29.8199755,0.479528,0.10612,False,True,0,0,0.00672,2278.86646,2278.93187,0.06541,0.00133,-0.00044,0.00024,0.00787,0.00024,0.00787,49.12636,0.0078749,0.0078749,0.0001603,79999.882,79921.654,0.118,78.346,True,False,-0.09114
275.34,FINE,THRUST,79999.864,29.8199755,0.479528,0.10666,False,True,0,0,0.0067,2278.86773,2278.93187,0.06414,0.00131,-0.00043,0.00023,0.00772,0.00023,0.00772,49.12638,0.0077226,0.0077226,0.0001572,79999.884,79923.168,0.116,76.832,True,False,-0.08811
275.5,FINE,THRUST,79999.865,29.8199755,0.479528,0.10719,False,True,0,0,0.00667,2278.86897,2278.93187,0.0629,0.00128,-0.00042,0.00022,0.00757,0.00022,0.00757,49.1264,0.0075732,0.0075732,0.00015416,79999.885,79924.653,0.115,75.347,True,False,-0.08521
275.66,FINE,THRUST,79999.865,29.8199755,0.479528,0.10773,False,True,0,0,0.00664,2278.87019,2278.93186,0.06168,0.00126,-0.00041,0.00022,0.00742,0.00022,0.00742,49.12641,0.0074266,0.0074266,0.00015117,79999.887,79926.109,0.113,73.891,True,False,-0.08266
275.82,FINE,THRUST,79999.858,29.8199756,0.479528,0.10826,False,True,0,0,0.00661,2278.87139,2278.93187,0.06048,0.00123,-0.00041,0.00022,0.00728,0.00022,0.00728,49.12643,0.0072831,0.0072831,0.00014825,79999.886,79927.538,0.114,72.462,True,False,0.05112
275.98,FINE,THRUST,79999.859,29.8199756,0.4795281,0.10879,False,True,0,0,0.00658,2278.87258,2278.93188,0.0593,0.00121,-0.0004,0.00025,0.00714,0.00025,0.00714,49.12645,0.0071425,0.0071425,0.00014539,79999.882,79928.94,0.118,71.06,True,False,0.32069
276.14,FINE,THRUST,79999.86,29.8199756,0.4795281,0.10933,False,True,0,0,0.00655,2278.87372,2278.93187,0.05815,0.00118,-0.00039,0.00024,0.007,0.00024,0.007,49.12647,0.0070042,0.0070042,0.00014258,79999.884,79930.314,0.116,69.686,True,False,0.31441
276.3,FINE,THRUST,79999.861,29.8199756,0.4795281,0.10986,False,True,0,0,0.00651,2278.87485,2278.93187,0.05702,0.00116,-0.00038,0.00024,0.00686,0.00024,0.00686,49.12649,0.0068685,0.0068685,0.00013981,79999.885,79931.661,0.115,68.339,True,False,0.2844
276.46,FINE,THRUST,79999.862,29.8199756,0.4795281,0.1104,False,True,0,0,0.00647,2278.87596,2278.93187,0.05592,0.00114,-0.00037,0.00023,0.00673,0.00023,0.00673,49.1265,0.0067354,0.0067354,0.0001371,79999.887,79932.982,0.113,67.018,True,False,0.22545
276.62,FINE,THRUST,79999.863,29.8199756,0.4795281,0.11093,False,True,0,0,0.00644,2278.87704,2278.93187,0.05483,0.00112,-0.00037,0.00022,0.0066,0.00022,0.0066,49.12652,0.0066047,0.0066047,0.00013444,79999.888,79934.277,0.112,65.723,True,False,0.14428
276.78,FINE,THRUST,79999.865,29.8199756,0.4795281,0.11147,False,True,0,0,0.00641,2278.8781,2278.93187,0.05377,0.00109,-0.00036,0.0002,0.00647,0.0002,0.00647,49.12654,0.0064765,0.0064765,0.00013183,79999.89,79935.547,0.11,64.453,True,False,0.04951
276.94,FINE,THRUST,79999.866,29.8199756,0.4795281,0.112,False,True,0,0,0.00639,2278.87914,2278.93186,0.05272,0.00107,-0.00035,0.00019,0.00635,0.00019,0.00635,49.12656,0.0063509,0.0063509,0.00012928,79999.892,79936.792,0.108,63.208,True,False,-0.05234
277.1,FINE,THRUST,79999.868,29.8199756,0.4795281,0.11253,False,True,0,0,0.00637,2278.88016,2278.93186,0.0517,0.00105,-0.00035,0.00018,0.00623,0.00018,0.00623,49.12657,0.0062277,0.0062277,0.00012677,79999.894,79938.013,0.106,61.987,True,False,-0.14856
277.26,FINE,THRUST,79999.869,29.8199756,0.479528,0.11307,False,True,0,0,0.00635,2278.88116,2278.93186,0.0507,0.00103,-0.00034,0.00017,0.0061,0.00017,0.0061,49.12659,0.006107,0.006107,0.00012431,79999.895,79939.21,0.105,60.79,True,False,-0.23341
277.42,FINE,THRUST,79999.87,29.8199756,0.479528,0.1136,False,True,0,0,0.00634,2278.88215,2278.93186,0.04971,0.00101,-0.00033,0.00016,0.00599,0.00016,0.00599,49.1266,0.0059887,0.0059887,0.0001219,79999.897,79940.383,0.103,59.617,True,False,-0.29987
277.58,FINE,THRUST,79999.87,29.8199756,0.479528,0.11414,False,True,0,0,0.00632,2278.88311,2278.93186,0.04875,0.00099,-0.00033,0.00015,0.00587,0.00015,0.00587,49.12662,0.0058728,0.0058728,0.00011954,79999.899,79941.534,0.101,58.466,True,False,-0.34334
277.74,FINE,THRUST,79999.871,29.8199756,0.479528,0.11467,False,True,0,0,0.00631,2278.88405,2278.93186,0.0478,0.00097,-0.00032,0.00014,0.00576,0.00014,0.00576,49.12663,0.0057593,0.0057593,0.00011723,79999.901,79942.662,0.099,57.338,True,False,-0.36159
277.9,FINE,THRUST,79999.871,29.8199756,0.479528,0.11521,False,True,0,0,0.00629,2278.88498,2278.93185,0.04688,0.00095,-0.00031,0.00013,0.00565,0.00013,0.00565,49.12665,0.005648,0.005648,0.00011497,79999.903,79943.768,0.097,56.232,True,False,-0.35486
278.06,FINE,THRUST,79999.871,29.8199756,0.479528,0.11574,False,True,0,0,0.00628,2278.88588,2278.93185,0.04597,0.00094,-0.00031,0.00013,0.00554,0.00013,0.00554,49.12666,0.0055389,0.0055389,0.00011275,79999.905,79944.854,0.095,55.146,True,False,-0.32548
278.22,FINE,THRUST,79999.871,29.8199756,0.479528,0.11627,False,True,0,0,0.00626,2278.88677,2278.93185,0.04508,0.00092,-0.0003,0.00012,0.00543,0.00012,0.00543,49.12667,0.005432,0.005432,0.00011057,79999.907,79945.918,0.093,54.082,True,False,-0.27773
278.38,FINE,THRUST,79999.871,29.8199756,0.479528,0.11681,False,True,0,0,0.00624,2278.88765,2278.93185,0.04421,0.0009,-0.0003,0.00012,0.00533,0.00012,0.00533,49.12669,0.0053271,0.0053271,0.00010844,79999.909,79946.962,0.091,53.038,True,False,-0.21729
278.54,FINE,THRUST,79999.871,29.8199755,0.479528,0.11734,False,True,0,0,0.00622,2278.8885,2278.93185,0.04335,0.00088,-0.00029,0.00012,0.00522,0.00012,0.00522,49.1267,0.0052243,0.0052243,0.00010634,79999.911,79947.985,0.089,52.015,True,False,-0.15077
278.7,FINE,THRUST,79999.871,29.8199755,0.479528,0.11788,False,True,0,0,0.00619,2278.88934,2278.93185,0.04251,0.00087,-0.00028,0.00012,0.00512,0.00012,0.00512,49.12671,0.0051235,0.0051235,0.00010429,79999.912,79948.99,0.088,51.01,True,False,-0.08496
278.86,FINE,THRUST,79999.871,29.8199755,0.479528,0.11841,False,True,0,0,0.00616,2278.89017,2278.93185,0.04169,0.00085,-0.00028,0.00012,0.00502,0.00012,0.00502,49.12673,0.0050246,0.0050246,0.00010228,79999.914,79949.974,0.086,50.026,True,False,-0.02694
279.02,FINE,THRUST,79999.872,29.8199755,0.479528,0.11894,False,True,0,0,0.00613,2278.89097,2278.93185,0.04088,0.00083,-0.00027,0.00012,0.00493,0.00012,0.00493,49.12674,0.0049275,0.0049275,0.0001003,79999.916,79950.94,0.084,49.06,True,False,0.02251
279.18,FINE,THRUST,79999.872,29.8199755,0.479528,0.11948,False,True,0,0,0.0061,2278.89177,2278.93185,0.04009,0.00082,-0.00027,0.00011,0.00483,0.00011,0.00483,49.12675,0.0048323,0.0048323,9.836E-05,79999.917,79951.888,0.083,48.112,True,False,0.05183
279.34,FINE,THRUST,79999.872,29.8199755,0.479528,0.12001,False,True,0,0,0.00607,2278.89254,2278.93185,0.03931,0.0008,-0.00026,0.00011,0.00474,0.00011,0.00474,49.12676,0.0047389,0.0047389,9.646E-05,79999.919,79952.817,0.081,47.183,True,False,0.06347
279.5,FINE,THRUST,79999.873,29.8199755,0.479528,0.12054,False,True,0,0,0.00605,2278.8933,2278.93185,0.03855,0.00078,-0.00026,0.00011,0.00465,0.00011,0.00465,49.12678,0.0046472,0.0046472,9.46E-05,79999.921,79953.728,0.079,46.272,True,False,0.05642
279.66,FINE,THRUST,79999.874,29.8199755,0.479528,0.12108,False,True,0,0,0.00602,2278.89405,2278.93185,0.0378,0.00077,-0.00025,0.0001,0.00456,0.0001,0.00456,49.12679,0.0045573,0.0045573,9.277E-05,79999.922,79954.621,0.078,45.379,True,False,0.0323
279.82,FINE,THRUST,79999.875,29.8199755,0.479528,0.12161,False,True,0,0,0.00599,2278.89478,2278.93185,0.03707,0.00075,-0.00025,0.0001,0.00447,0.0001,0.00447,49.1268,0.0044691,0.0044691,9.097E-05,79999.924,79955.497,0.076,44.503,True,False,-0.00912
279.98,FINE,THRUST,79999.875,29.8199755,0.479528,0.12215,False,True,0,0,0.00597,2278.8955,2278.93185,0.03635,0.00074,-0.00024,9E-05,0.00438,9E-05,0.00438,49.12681,0.0043826,0.0043826,8.921E-05,79999.926,79956.356,0.074,43.644,True,False,-0.0548
280.14,FINE,THRUST,79999.876,29.8199755,0.479528,0.12268,False,True,0,0,0.00594,2278.8962,2278.93185,0.03564,0.00073,-0.00024,8E-05,0.0043,8E-05,0.0043,49.12682,0.0042978,0.0042978,8.748E-05,79999.928,79957.198,0.072,42.802,True,False,-0.10646
280.3,FINE,THRUST,79999.877,29.8199755,0.479528,0.12321,False,True,0,0,0.00592,2278.89689,2278.93185,0.03495,0.00071,-0.00023,8E-05,0.00421,8E-05,0.00421,49.12683,0.0042146,0.0042146,8.579E-05,79999.93,79958.023,0.07,41.977,True,False,-0.1567
280.46,FINE,THRUST,79999.878,29.8199755,0.479528,0.12375,False,True,0,0,0.0059,2278.89757,2278.93184,0.03427,0.0007,-0.00023,7E-05,0.00413,7E-05,0.00413,49.12684,0.0041331,0.0041331,8.413E-05,79999.931,79958.833,0.069,41.167,True,False,-0.20011
280.62,FINE,THRUST,79999.878,29.8199755,0.479528,0.12428,False,True,0,0,0.00588,2278.89823,2278.93184,0.03361,0.00068,-0.00023,7E-05,0.00405,7E-05,0.00405,49.12685,0.0040532,0.0040532,8.251E-05,79999.933,79959.627,0.067,40.373,True,False,-0.23194
280.78,FINE,THRUST,79999.879,29.8199755,0.479528,0.12481,False,True,0,0,0.00587,2278.89889,2278.93184,0.03296,0.00067,-0.00022,6E-05,0.00397,6E-05,0.00397,49.12686,0.0039749,0.0039749,8.091E-05,79999.935,79960.405,0.065,39.595,True,False,-0.24862
280.94,FINE,THRUST,79999.879,29.8199755,0.479528,0.12535,False,True,0,0,0.00585,2278.89952,2278.93184,0.03232,0.00066,-0.00022,6E-05,0.0039,6E-05,0.0039,49.12688,0.0038982,0.0038982,7.935E-05,79999.937,79961.169,0.063,38.831,True,False,-0.24862
281.1,FINE,THRUST,79999.879,29.8199755,0.479528,0.12588,False,True,0,0,0.00583,2278.90015,2278.93184,0.03169,0.00065,-0.00021,5E-05,0.00382,5E-05,0.00382,49.12688,0.0038229,0.0038229,7.782E-05,79999.939,79961.917,0.061,38.083,True,False,-0.2323
281.26,FINE,THRUST,79999.879,29.8199755,0.479528,0.12641,False,True,0,0,0.00581,2278.90076,2278.93184,0.03108,0.00063,-0.00021,5E-05,0.00375,5E-05,0.00375,49.12689,0.0037492,0.0037492,7.632E-05,79999.941,79962.651,0.059,37.349,True,False,-0.20176
281.42,FINE,THRUST,79999.879,29.8199755,0.479528,0.12695,False,True,0,0,0.00579,2278.90136,2278.93184,0.03048,0.00062,-0.0002,5E-05,0.00368,5E-05,0.00368,49.1269,0.0036769,0.0036769,7.484E-05,79999.943,79963.371,0.057,36.629,True,False,-0.16084
281.58,FINE,THRUST,79999.879,29.8199755,0.479528,0.12748,False,True,0,0,0.00577,2278.90195,2278.93184,0.02989,0.00061,-0.0002,5E-05,0.00361,5E-05,0.00361,49.12691,0.0036059,0.0036059,7.34E-05,79999.945,79964.077,0.055,35.923,True,False,-0.11441
281.74,FINE,THRUST,79999.88,29.8199755,0.479528,0.12802,False,True,0,0,0.00574,2278.90253,2278.93184,0.02931,0.0006,-0.0002,5E-05,0.00354,5E-05,0.00354,49.12692,0.0035364,0.0035364,7.198E-05,79999.947,79964.77,0.053,35.23,True,False,-0.06787
281.9,FINE,THRUST,79999.88,29.8199755,0.479528,0.12855,False,True,0,0,0.00572,2278.9031,2278.93184,0.02874,0.00058,-0.00019,5E-05,0.00347,5E-05,0.00347,49.12693,0.0034681,0.0034681,7.06E-05,79999.949,79965.449,0.051,34.551,True,False,-0.02708
282.06,FINE,THRUST,79999.88,29.8199755,0.479528,0.12908,False,True,0,0,0.00569,2278.90366,2278.93184,0.02818,0.00057,-0.00019,5E-05,0.0034,5E-05,0.0034,49.12694,0.0034012,0.0034012,6.923E-05,79999.951,79966.115,0.049,33.885,True,False,0.00466
282.22,FINE,THRUST,79999.88,29.8199755,0.479528,0.12962,False,True,0,0,0.00567,2278.9042,2278.93184,0.02764,0.00056,-0.00019,5E-05,0.00334,5E-05,0.00334,49.12695,0.0033355,0.0033355,6.79E-05,79999.953,79966.769,0.047,33.231,True,False,0.02041
282.38,FINE,THRUST,79999.881,29.8199755,0.479528,0.13015,False,True,0,0,0.00564,2278.90474,2278.93184,0.0271,0.00055,-0.00018,4E-05,0.00327,4E-05,0.00327,49.12695,0.0032711,0.0032711,6.658E-05,79999.954,79967.409,0.046,32.591,True,False,0.021
282.54,FINE,THRUST,79999.881,29.8199755,0.479528,0.13068,False,True,0,0,0.00562,2278.90526,2278.93184,0.02657,0.00054,-0.00018,4E-05,0.00321,4E-05,0.00321,49.12697,0.0032079,0.0032079,6.53E-05,79999.956,79968.037,0.044,31.963,True,False,0.00732
282.7,FINE,THRUST,79999.882,29.8199755,0.479528,0.13122,False,True,0,0,0.0056,2278.90578,2278.93184,0.02606,0.00053,-0.00017,4E-05,0.00315,4E-05,0.00315,49.12697,0.0031459,0.0031459,6.404E-05,79999.958,79968.654,0.042,31.346,True,False,-0.02574
282.86,FINE,THRUST,79999.883,29.8199755,0.479528,0.13175,False,True,0,0,0.00557,2278.90628,2278.93184,0.02555,0.00052,-0.00017,3E-05,0.00308,3E-05,0.00308,49.12698,0.0030851,0.0030851,6.28E-05,79999.96,79969.258,0.04,30.742,True,False,-0.06536
283.02,FINE,THRUST,79999.883,29.8199755,0.479528,0.13228,False,True,0,0,0.00555,2278.90678,2278.93183,0.02506,0.00051,-0.00017,3E-05,0.00303,3E-05,0.00303,49.12699,0.0030255,0.0030255,6.159E-05,79999.962,79969.85,0.038,30.15,True,False,-0.11022
283.18,FINE,THRUST,79999.884,29.8199755,0.479528,0.13281,False,True,0,0,0.00553,2278.90726,2278.93183,0.02457,0.0005,-0.00016,3E-05,0.00297,3E-05,0.00297,49.12699,0.0029671,0.0029671,6.04E-05,79999.964,79970.43,0.036,29.57,True,False,-0.15444
283.34,FINE,THRUST,79999.884,29.8199755,0.479528,0.13335,False,True,0,0,0.00552,2278.90774,2278.93183,0.02409,0.00049,-0.00016,2E-05,0.00291,2E-05,0.00291,49.127,0.0029098,0.0029098,5.923E-05,79999.966,79971,0.034,29,True,False,-0.19163
283.5,FINE,THRUST,79999.885,29.8199755,0.479528,0.13388,False,True,0,0,0.0055,2278.90821,2278.93183,0.02363,0.00048,-0.00016,2E-05,0.00285,2E-05,0.00285,49.12701,0.0028536,0.0028536,5.809E-05,79999.968,79971.558,0.032,28.442,True,False,-0.21712
283.66,FINE,THRUST,79999.885,29.8199755,0.479528,0.13441,False,True,0,0,0.00548,2278.90866,2278.93183,0.02317,0.00047,-0.00016,2E-05,0.0028,2E-05,0.0028,49.12702,0.0027986,0.0027986,5.697E-05,79999.97,79972.105,0.03,27.895,True,False,-0.22642
283.82,FINE,THRUST,79999.885,29.8199755,0.479528,0.13495,False,True,0,0,0.00546,2278.90911,2278.93183,0.02272,0.00046,-0.00015,1E-05,0.00274,1E-05,0.00274,49.12703,0.0027446,0.0027446,5.587E-05,79999.973,79972.642,0.027,27.358,True,False,-0.2173
283.98,FINE,THRUST,79999.885,29.8199755,0.479528,0.13548,False,True,0,0,0.00545,2278.90955,2278.93183,0.02228,0.00045,-0.00015,1E-05,0.00269,1E-05,0.00269,49.12703,0.0026918,0.0026918,5.479E-05,79999.975,79973.168,0.025,26.832,True,False,-0.19053
284.14,FINE,THRUST,79999.885,29.8199755,0.479528,0.13601,False,True,0,0,0.00543,2278.90998,2278.93183,0.02185,0.00044,-0.00015,1E-05,0.00264,1E-05,0.00264,49.12704,0.0026399,0.0026399,5.374E-05,79999.977,79973.685,0.023,26.315,True,False,-0.14923
284.3,FINE,THRUST,79999.885,29.8199755,0.479528,0.13655,False,True,0,0,0.00541,2278.91041,2278.93183,0.02142,0.00044,-0.00014,1E-05,0.00259,1E-05,0.00259,49.12704,0.002589,0.002589,5.27E-05,79999.979,79974.191,0.021,25.809,True,False,-0.09893
284.46,FINE,THRUST,79999.885,29.8199755,0.479528,0.13708,False,True,0,0,0.00539,2278.91082,2278.93183,0.02101,0.00043,-0.00014,1E-05,0.00254,1E-05,0.00254,49.12705,0.0025392,0.0025392,5.169E-05,79999.981,79974.688,0.019,25.312,True,False,-0.04692
284.62,FINE,THRUST,79999.885,29.8199756,0.479528,0.13761,False,True,0,0,0.00537,2278.91123,2278.93183,0.0206,0.00042,-0.00014,1E-05,0.00249,1E-05,0.00249,49.12706,0.0024903,0.0024903,5.069E-05,79999.983,79975.175,0.017,24.825,True,False,0.01355
284.78,FINE,THRUST,79999.886,29.8199756,0.479528,0.13814,False,True,0,0,0.00534,2278.91163,2278.93183,0.0202,0.00041,-0.00014,1E-05,0.00244,1E-05,0.00244,49.12707,0.0024423,0.0024423,4.971E-05,79999.985,79975.652,0.015,24.348,True,False,0.03938
284.94,FINE,THRUST,79999.886,29.8199756,0.479528,0.13868,False,True,0,0,0.00532,2278.91202,2278.93183,0.01981,0.0004,-0.00013,1E-05,0.0024,1E-05,0.0024,49.12707,0.0023952,0.0023952,4.875E-05,79999.987,79976.121,0.013,23.879,True,False,0.05441
285.1,FINE,THRUST,79999.887,29.8199756,0.479528,0.13921,False,True,0,0,0.0053,2278.9124,2278.93183,0.01943,0.0004,-0.00013,1E-05,0.00235,1E-05,0.00235,49.12708,0.002349,0.002349,4.781E-05,79999.989,79976.58,0.011,23.42,True,False,0.04791
285.26,FINE,THRUST,79999.887,29.8199756,0.479528,0.13974,False,True,0,0,0.00528,2278.91278,2278.93183,0.01905,0.00039,-0.00013,1E-05,0.0023,1E-05,0.0023,49.12708,0.0023036,0.0023036,4.689E-05,79999.991,79977.03,0.009,22.97,True,False,0.02127
285.42,FINE,THRUST,79999.888,29.8199756,0.479528,0.14028,False,True,0,0,0.00526,2278.91315,2278.93183,0.01868,0.00038,-0.00013,1E-05,0.00226,1E-05,0.00226,49.12709,0.0022592,0.0022592,4.599E-05,79999.993,79977.472,0.007,22.528,True,False,-0.03461
285.58,FINE,THRUST,79999.888,29.8199756,0.4795281,0.14081,False,True,0,0,0.00524,2278.91351,2278.93183,0.01832,0.00037,-0.00012,0,0.00222,0,0.00222,49.12709,0.0022156,0.0022156,4.51E-05,79999.996,79977.905,0.004,22.095,True,False,-0.09483
285.74,FINE,THRUST,79999.889,29.8199756,0.4795281,0.14134,False,True,0,0,0.00522,2278.91386,2278.93183,0.01796,0.00037,-0.00012,0,0.00217,0,0.00217,49.1271,0.0021728,0.0021728,4.423E-05,79999.998,79978.329,0.002,21.671,True,False,-0.15992
285.9,FINE,THRUST,79999.889,29.8199756,0.4795281,0.14187,False,True,0,0,0.0052,2278.91421,2278.93182,0.01761,0.00036,-0.00012,0,0.00213,0,0.00213,49.12711,0.0021309,0.0021309,4.338E-05,80000,79978.746,0,21.254,True,False,-0.21827
286.06,FINE,THRUST,79999.889,29.8199756,0.4795281,0.14241,False,True,0,0,0.00519,2278.91455,2278.93182,0.01727,0.00035,-0.00012,-1E-05,0.00209,-1E-05,0.00209,49.12711,0.0020899,0.0020899,4.254E-05,80000.003,79979.154,-0.003,20.846,True,False,-0.26043
286.22,FINE,THRUST,79999.89,29.8199756,0.4795281,0.14294,False,True,0,0,0.00518,2278.91489,2278.93182,0.01694,0.00034,-0.00011,-1E-05,0.00205,-1E-05,0.00205,49.12712,0.0020497,0.0020497,4.172E-05,80000.005,79979.554,-0.005,20.446,True,False,-0.27584
286.38,FINE,THRUST,79999.89,29.8199756,0.4795281,0.14347,False,True,0,0,0.00516,2278.91522,2278.93182,0.01661,0.00034,-0.00011,-1E-05,0.00201,-1E-05,0.00201,49.12712,0.0020102,0.0020102,4.092E-05,80000.008,79979.946,-0.008,20.054,True,False,-0.25898
286.54,FINE,THRUST,79999.89,29.8199756,0.4795281,0.144,False,True,0,0,0.00515,2278.91554,2278.93182,0.01629,0.00033,-0.00011,-1E-05,0.00197,-1E-05,0.00197,49.12713,0.0019716,0.0019716,4.013E-05,80000.01,79980.33,-0.01,19.67,True,False,-0.21007
286.7,FINE,THRUST,79999.889,29.8199756,0.4795281,0.14454,False,True,0,0,0.00513,2278.91585,2278.93182,0.01597,0.00033,-0.00011,-1E-05,0.00193,-1E-05,0.00193,49.12713,0.0019337,0.0019337,3.936E-05,80000.013,79980.708,-0.013,19.292,True,False,-0.13405
286.86,FINE,THRUST,79999.889,29.8199756,0.4795281,0.14507,False,True,0,0,0.00512,2278.91616,2278.93182,0.01566,0.00032,-0.0001,-1E-05,0.0019,-1E-05,0.0019,49.12713,0.0018966,0.0018966,3.86E-05,80000.015,79981.078,-0.015,18.922,True,False,-0.04334
287.02,FINE,THRUST,79999.889,29.8199756,0.4795281,0.1456,False,True,0,0,0.0051,2278.91647,2278.93182,0.01536,0.00031,-0.0001,0,0.00186,0,0.00186,49.12714,0.0018601,0.0018601,3.786E-05,80000.017,79981.441,-0.017,18.559,True,False,0.05167
287.18,FINE,THRUST,79999.889,29.8199756,0.4795281,0.14613,False,True,0,0,0.00508,2278.91676,2278.93182,0.01506,0.00031,-0.0001,0,0.00182,0,0.00182,49.12714,0.0018243,0.0018243,3.713E-05,80000.019,79981.797,-0.019,18.203,True,False,0.12738
287.34,FINE,THRUST,79999.89,29.8199756,0.4795281,0.14667,False,True,0,0,0.00506,2278.91705,2278.93182,0.01477,0.0003,-0.0001,0,0.00179,0,0.00179,49.12715,0.0017892,0.0017892,3.642E-05,80000.022,79982.146,-0.022,17.854,True,False,0.17125
287.5,FINE,THRUST,79999.89,29.8199756,0.4795281,0.1472,False,True,0,0,0.00503,2278.91734,2278.93182,0.01448,0.00029,-0.0001,0,0.00175,0,0.00175,49.12715,0.0017547,0.0017547,3.572E-05,80000.024,79982.489,-0.024,17.511,True,False,0.16983
287.66,FINE,THRUST,79999.883,29.8199756,0.4795281,0.14773,False,True,0,0,0.00501,2278.91763,2278.93183,0.0142,0.00029,-0.0001,1E-05,0.00172,1E-05,0.00172,49.12716,0.0017206,0.0017206,3.502E-05,80000.023,79982.825,-0.023,17.175,True,False,0.67387
287.82,FINE,THRUST,79999.884,29.8199757,0.4795281,0.14826,False,True,0,0,0.00499,2278.91792,2278.93183,0.01392,0.00028,-9E-05,4E-05,0.00169,4E-05,0.00169,49.12716,0.0016871,0.0016871,3.434E-05,80000.02,79983.157,-0.02,16.843,True,False,1.71838
287.98,FINE,THRUST,79999.886,29.8199757,0.4795281,0.14879,False,True,0,0,0.00495,2278.91819,2278.93183,0.01364,0.00028,-9E-05,4E-05,0.00165,4E-05,0.00165,49.12717,0.0016543,0.0016543,3.367E-05,80000.022,79983.481,-0.022,16.519,True,False,1.56732
288.14,FINE,THRUST,79999.889,29.8199757,0.4795281,0.14933,False,True,0,0,0.0049,2278.91845,2278.93183,0.01338,0.00027,-9E-05,3E-05,0.00162,3E-05,0.00162,49.12717,0.0016218,0.0016218,3.301E-05,80000.022,79983.799,-0.022,16.201,True,False,1.18207
288.3,FINE,THRUST,79999.892,29.8199757,0.4795281,0.14986,False,True,0,0,0.00486,2278.91871,2278.93182,0.01311,0.00027,-9E-05,1E-05,0.00159,1E-05,0.00159,49.12717,0.0015896,0.0015896,3.236E-05,80000.024,79984.11,-0.024,15.89,True,False,0.45236
288.46,FINE,THRUST,79999.896,29.8199757,0.4795281,0.15039,False,True,0,0,0.00484,2278.91897,2278.93182,0.01285,0.00026,-9E-05,-1E-05,0.00156,-1E-05,0.00156,49.12718,0.0015583,0.0015583,3.172E-05,80000.026,79984.414,-0.026,15.586,True,False,-0.5125
288.62,FINE,THRUST,79999.899,29.8199757,0.4795281,0.15092,False,True,0,0,0.00484,2278.91922,2278.93181,0.0126,0.00026,-8E-05,-3E-05,0.00153,-3E-05,0.00153,49.12718,0.001528,0.001528,3.11E-05,80000.029,79984.711,-0.029,15.289,True,False,-1.5479
288.78,FINE,THRUST,79999.901,29.8199757,0.4795281,0.15146,False,True,0,0,0.00487,2278.91946,2278.93181,0.01235,0.00025,-8E-05,-5E-05,0.0015,-5E-05,0.0015,49.12719,0.001499,0.001499,3.051E-05,80000.034,79985,-0.034,15,True,False,-2.46053
288.94,FINE,THRUST,79999.9,29.8199757,0.4795281,0.15199,False,True,0,0,0.00491,2278.9197,2278.9318,0.01211,0.00025,-8E-05,-7E-05,0.00147,-7E-05,0.00147,49.12719,0.001471,0.001471,2.994E-05,80000.04,79985.282,-0.04,14.718,True,False,-3.00737
289.1,FINE,THRUST,79999.898,29.8199757,0.4795281,0.15252,False,True,0,0,0.00496,2278.91993,2278.93181,0.01188,0.00024,-8E-05,-7E-05,0.00144,-7E-05,0.00144,49.1272,0.0014435,0.0014435,2.938E-05,80000.047,79985.557,-0.047,14.443,True,False,-3.00282
289.26,FINE,THRUST,79999.894,29.8199757,0.4795281,0.15305,False,True,0,0,0.00501,2278.92016,2278.93181,0.01165,0.00024,-8E-05,-6E-05,0.00141,-6E-05,0.00141,49.1272,0.0014162,0.0014162,2.883E-05,80000.054,79985.828,-0.054,14.172,True,False,-2.34617
289.42,FINE,THRUST,79999.889,29.8199757,0.4795281,0.15358,False,True,0,0,0.00504,2278.92039,2278.93182,0.01143,0.00023,-8E-05,-4E-05,0.00139,-4E-05,0.00139,49.1272,0.0013892,0.0013892,2.828E-05,80000.059,79986.096,-0.059,13.904,True,False,-1.06395
289.58,FINE,THRUST,79999.883,29.8199757,0.4795281,0.15411,False,True,0,0,0.00503,2278.92061,2278.93183,0.01122,0.00023,-8E-05,0,0.00136,0,0.00136,49.12721,0.001363,0.001363,2.774E-05,80000.063,79986.361,-0.063,13.639,True,False,0.66758
289.74,FINE,THRUST,79999.879,29.8199757,0.4795281,0.15465,False,True,0,0,0.00499,2278.92083,2278.93184,0.01101,0.00022,-7E-05,3E-05,0.00134,3E-05,0.00134,49.12721,0.0013381,0.0013381,2.724E-05,80000.064,79986.624,-0.064,13.376,True,False,2.52523
289.9,FINE,THRUST,79999.878,29.8199757,0.4795281,0.15518,False,True,0,0,0.00491,2278.92104,2278.93184,0.0108,0.00022,-7E-05,7E-05,0.00131,7E-05,0.00131,49.12721,0.0013142,0.0013142,2.675E-05,80000.063,79986.883,-0.063,13.117,True,False,4.11643
290.06,FINE,THRUST,79999.879,29.8199757,0.4795281,0.15571,False,True,0,0,0.00479,2278.92125,2278.93184,0.01059,0.00022,-7E-05,9E-05,0.00129,9E-05,0.00129,49.12722,0.0012901,0.0012901,2.626E-05,80000.059,79987.138,-0.059,12.862,True,False,4.96499
290.22,FINE,THRUST,79999.885,29.8199757,0.4795281,0.15624,False,True,0,0,0.00466,2278.92145,2278.93184,0.01038,0.00021,-7E-05,8E-05,0.00126,8E-05,0.00126,49.12722,0.0012646,0.0012646,2.574E-05,80000.054,79987.389,-0.054,12.611,True,False,4.69475
290.38,FINE,THRUST,79999.887,29.8199757,0.4795281,0.15677,False,True,0,0,0.00455,2278.92165,2278.93183,0.01017,0.00021,-7E-05,6E-05,0.00124,6E-05,0.00124,49.12722,0.0012372,0.0012372,2.518E-05,80000.051,79987.636,-0.051,12.364,True,False,3.09884
290.54,FINE,THRUST,79999.896,29.8199757,0.4795282,0.1573,False,True,0,0,0.00447,2278.92188,2278.93182,0.00995,0.0002,-7E-05,6E-05,0.00121,6E-05,0.00121,49.12722,0.0012101,0.0012101,2.463E-05,80000.042,79987.881,-0.042,12.119,True,False,2.62175
290.7,FINE,THRUST,79999.907,29.8199757,0.4795282,0.15784,False,True,0,0,0.00444,2278.92207,2278.93181,0.00973,0.0002,-7E-05,-1E-05,0.00118,-1E-05,0.00118,49.12723,0.001183,0.001183,2.408E-05,80000.043,79988.116,-0.043,11.884,True,False,-0.98248
290.86,FINE,THRUST,79999.916,29.8199757,0.4795282,0.15837,False,True,0,0,0.00444,2278.92226,2278.93179,0.00952,0.00019,-6E-05,-7E-05,0.00116,-7E-05,0.00116,49.12723,0.0011602,0.0011602,2.362E-05,80000.047,79988.343,-0.047,11.657,True,False,-4.87528
291.02,FINE,THRUST,79999.922,29.8199757,0.4795282,0.1589,False,True,0,0,0.00455,2278.92245,2278.93177,0.00933,0.00019,-6E-05,-0.00015,0.00113,-0.00015,0.00113,49.12723,0.001144,0.001144,2.329E-05,80000.058,79988.554,-0.058,11.446,True,False,-8.86585
291.18,FINE,THRUST,79999.921,29.8199757,0.4795282,0.15943,False,True,0,0,0.00473,2278.92262,2278.93177,0.00915,0.00019,-6E-05,-0.0002,0.00111,-0.0002,0.00111,49.12723,0.0011309,0.0011309,2.302E-05,80000.075,79988.749,-0.075,11.251,True,False,-11.41922
291.34,FINE,THRUST,79999.912,29.8199757,0.4795282,0.15996,False,True,0,0,0.00495,2278.92279,2278.93177,0.00898,0.00018,-6E-05,-0.00021,0.00109,-0.00021,0.00109,49.12724,0.0011141,0.0011141,2.268E-05,80000.096,79988.937,-0.096,11.063,True,False,-11.5903
291.5,FINE,THRUST,79999.897,29.8199757,0.4795282,0.16049,False,True,0,0,0.00516,2278.92297,2278.93179,0.00882,0.00018,-6E-05,-0.00017,0.00108,-0.00017,0.00108,49.12724,0.0010899,0.0010899,2.219E-05,80000.118,79989.128,-0.118,10.872,True,False,-8.9068
291.66,FINE,THRUST,79999.878,29.8199757,0.4795282,0.16102,False,True,0,0,0.0053,2278.92315,2278.93182,0.00867,0.00018,-6E-05,-9E-05,0.00106,-9E-05,0.00106,49.12725,0.0010618,0.0010618,2.161E-05,80000.135,79989.331,-0.135,10.669,True,False,-3.27546
291.82,FINE,THRUST,79999.858,29.8199757,0.4795282,0.16156,False,True,0,0,0.00531,2278.92333,2278.93186,0.00852,0.00017,-6E-05,4E-05,0.00104,4E-05,0.00104,49.12725,0.0010411,0.0010411,2.119E-05,80000.142,79989.545,-0.142,10.455,True,False,4.62208
291.98,FINE,THRUST,79999.844,29.8199757,0.4795282,0.16209,False,True,0,0,0.00518,2278.92351,2278.93189,0.00838,0.00017,-6E-05,0.00017,0.00102,0.00017,0.00102,49.12725,0.0010376,0.0010376,2.112E-05,80000.136,79989.76,-0.136,10.24,True,False,12.97988
292.16,FINE,THRUST,79999.837,29.8199757,0.4795282,0.16262,False,True,0,0,0.00493,2278.92366,2278.93191,0.00824,0.00017,-6E-05,0.00029,0.00101,0.00029,0.00101,49.12725,0.0010453,0.0010453,0,80000.119,79989.968,-0.119,10.032,True,False,19.57566
292.32,CAPTURE,COAST,79999.838,29.8199757,0.4795282,0.16315,False,True,0,0,0.00469,2278.92375,2278.93191,0.00816,0.00017,-5E-05,0.00035,0.00099,0.00035,0.00099,49.12725,0.0010541,0.0010541,0,80000.102,79990.094,-0.102,9.906,True,True,3.65275
292.46,CAPTURE,COAST,79999.843,29.8199757,0.4795282,0.16368,False,True,0,0,0.0045,2278.92374,2278.93191,0.00817,0.00017,-5E-05,0.00036,0.00099,0.00036,0.00099,49.12725,0.0010569,0.0010569,0,80000.087,79990.097,-0.087,9.903,True,True,3.37751
292.62,CAPTURE,COAST,79999.851,29.8199757,0.4795282,0.16421,False,True,0,0,0.00444,2278.92374,2278.93189,0.00816,0.00017,-5E-05,0.00032,0.00099,0.00032,0.00099,49.12725,0.0010452,0.0010452,0,80000.082,79990.099,-0.082,9.901,True,True,2.97288
292.78,CAPTURE,COAST,79999.86,29.8199757,0.4795282,0.16474,False,True,0,0,0.00439,2278.92373,2278.93188,0.00815,0.00017,-5E-05,0.00028,0.00099,0.00028,0.00099,49.12725,0.0010305,0.0010305,0,80000.08,79990.102,-0.08,9.898,True,True,2.50732
292.94,CAPTURE,COAST,79999.869,29.8199757,0.4795282,0.16527,False,True,0,0,0.00437,2278.92373,2278.93187,0.00813,0.00017,-5E-05,0.00022,0.00099,0.00022,0.00099,49.12725,0.0010155,0.0010155,0,80000.078,79990.104,-0.078,9.896,True,True,2.01548
293.12,CAPTURE,COAST,79999.88,29.8199757,0.4795282,0.1658,False,True,0,0,0.00436,2278.92373,2278.93185,0.00812,0.00017,-5E-05,0.00016,0.00099,0.00016,0.00099,49.12725,0.0010024,0.0010024,0,80000.078,79990.107,-0.078,9.893,True,True,1.46965