MET,mode,actuator,alt_m,inc_deg,plane_angle_err_deg,plane_dv_est_mps,plane_effectiveness_ratio,plane_node_active,plane_fine_mode,radial_vel_mps,tangential_vel_mps,circular_vel_mps,tangential_error_mps,tgo_s,natural_radial_accel,radial_req_accel,plane_req_accel,tangential_req_accel,radial_alloc_accel,plane_alloc_accel,tangential_alloc_accel,max_accel,command_accel,throttle,ap_m,pe_m,ap_error_m,pe_error_m,fine_latched,capture,steer_angle_err_deg
224.32,TGO,THRUST,79726.132,30.7030763,0.8410725,35.8985,0.57265,True,False,47.64972,1400.39858,2279.39864,879.00006,17.33537,-4.75863,-0.67353,8,307.74819,-0.67353,8,43.4886,44.22343,44.2234294,1,79959.981,-441889.441,40.019,521889.441,False,False,-10.80293
224.48,TGO,THRUST,79733.64,30.7031072,0.8410919,35.98028,0.57243,True,False,46.97936,1403.02756,2279.38596,876.3584,17.26584,-4.74765,-0.68088,8,306.82241,-0.68088,8,43.56466,44.29834,44.2983413,1,79961.416,-441152.147,38.584,521152.147,False,False,-10.73112
224.64,TGO,THRUST,79741.066,30.7046197,0.8420468,36.13133,0.57355,True,False,46.48878,1410.07413,2279.37342,869.29929,17.10644,-4.71835,-0.74806,8,304.35119,-0.74806,8,43.66552,44.39862,44.3986194,1,79965.478,-439170.053,34.522,519170.053,False,False,-10.30379
224.8,TGO,THRUST,79748.4,30.7072966,0.8437414,36.2515,0.57567,True,False,45.98016,1417.13735,2279.36102,862.22367,16.94702,-4.68884,-0.81212,8,301.87415,-0.81212,8,43.7668,44.49935,44.4993526,1,79969.302,-437163.803,30.698,517163.803,False,False,-9.38787
224.96,TGO,THRUST,79755.645,30.7067693,0.8434073,36.45939,0.57502,True,False,45.41314,1424.21884,2279.34878,855.12995,16.78757,-4.6591,-0.86306,8,299.39063,-0.86306,8,43.86871,44.60054,44.6005439,1,79972.483,-435132.563,27.517,515132.563,False,False,-8.06915
225.12,TGO,THRUST,79762.789,30.700166,0.8392447,36.84057,0.56908,True,False,44.77673,1431.31577,2279.3367,848.02093,16.62814,-4.62916,-0.89801,8,296.90161,-0.89801,8,43.97135,44.7022,44.7021965,1,79974.93,-433076.774,25.07,513076.774,False,False,-6.49504
225.28,TGO,THRUST,79769.82,30.6858188,0.8303392,37.48465,0.55612,True,False,44.0771,1438.42144,2279.32479,840.90335,16.46883,-4.59904,-0.91757,8,294.40944,-0.91757,8,44.07476,44.80431,44.8043135,1,79976.697,-430998.065,23.303,510998.065,False,False,-4.82118
225.44,TGO,THRUST,79776.731,30.663047,0.8166038,38.52298,0.5348,True,False,43.3281,1445.52755,2279.31308,833.78553,16.30981,-4.56876,-0.92444,8,291.91707,-0.92444,8,44.1789,44.9069,44.9068981,1,79977.922,-428898.602,22.078,508898.602,False,False,-3.18942
225.62,TGO,THRUST,79784.357,30.6275562,0.7962243,40.43438,0.49955,True,False,42.44528,1453.51341,2279.30014,825.78673,16.13139,-4.53457,-0.92096,8,289.11611,-0.92096,8,44.29685,45.02287,45.0228687,1,79978.838,-426514.331,21.162,506514.331,False,False,-1.55597
225.78,TGO,THRUST,79791,30.5881413,0.7751631,43.20768,0.45734,True,False,41.63902,1460.59984,2279.28887,818.68904,15.9733,-4.50407,-0.91098,8,286.63063,-0.91098,8,44.40233,45.12646,45.1264578,1,79979.381,-424376.293,20.619,504376.293,False,False,-0.47741
225.94,TGO,THRUST,79797.512,30.5426514,0.7530871,47.68737,0.40453,True,False,40.82232,1467.67486,2279.27782,811.60295,15.8157,-4.47347,-0.8967,8,284.14917,-0.8967,8,44.50838,45.23052,45.2305246,1,79979.764,-422220.534,20.236,502220.534,False,False,-0.74291
226.1,TGO,THRUST,79803.894,30.4926119,0.7318126,55.17124,0.34141,True,False,40.00124,1474.74242,2279.26698,804.52456,15.65851,-4.44277,-0.87951,8,281.67037,-0.87951,8,44.61497,45.33507,45.3350725,1,79980.045,-420045.711,19.955,500045.711,False,False,-1.32194
226.26,TGO,THRUST,79810.144,30.4396096,0.7130231,68.51096,0.26916,True,False,39.17934,1481.80917,2279.25637,797.4472,15.50163,-4.41192,-0.86019,8,279.19192,-0.86019,8,44.72207,45.4401,45.4401048,1,79980.26,-417849.581,19.74,497849.581,False,False,-1.64788
226.4,TGO,THRUST,79815.506,30.3851508,0.6980543,95.52607,0.18989,False,False,38.35857,1488.88302,2279.24597,790.36295,15.34491,-4.3809,-0.83921,0,276.71104,-0.83921,0,45.53789,45.54562,45.5456249,1,79980.428,-415629.413,19.572,495629.413,False,False,-11.8399
226.56,TGO,THRUST,79821.51,30.3304313,0.6877331,168.90137,0.10631,False,False,37.53995,1495.97097,2279.2358,783.26482,15.18825,-4.34967,-0.81677,0,274.2253,-0.81677,0,45.64433,45.65164,45.6516363,1,79980.56,-413382.671,19.44,493382.671,False,False,-11.54422
226.72,TGO,THRUST,79827.385,30.2745979,0.6823058,960.09314,0.01864,False,False,36.72426,1503.06783,2279.22584,776.15801,15.03173,-4.31826,-0.79298,0,271.7365,-0.79298,0,45.75127,45.75814,45.7581423,1,79980.662,-411110.635,19.338,491110.635,False,False,-10.67341
226.88,TGO,THRUST,79833.129,30.2213895,0.6820498,1820.00758,0.00988,False,False,35.91147,1510.1964,2279.2161,769.0197,14.87496,-4.28656,-0.76787,0,269.23667,-0.76787,0,45.85872,45.86515,45.8651464,1,79980.738,-408805.558,19.262,488805.558,False,False,9.46189
227.04,TGO,THRUST,79838.744,30.1746697,0.6857947,216.71228,0.08381,False,False,35.10181,1517.37728,2279.20658,761.8293,14.7176,-4.25448,-0.74153,0,266.7186,-0.74153,0,45.96667,45.97265,45.9726521,1,79980.793,-406460.117,19.207,486460.117,False,False,7.71995
227.2,TGO,THRUST,79844.23,30.1368283,0.6915142,128.79914,0.14287,False,False,34.29596,1524.61676,2279.19728,754.58052,14.55953,-4.22199,-0.7141,0,264.18009,-0.7141,0,46.07513,46.08066,46.0806631,1,79980.834,-404071.435,19.166,484071.435,False,False,5.77083
227.36,TGO,THRUST,79849.588,30.109009,0.6972209,100.48681,0.18551,False,False,33.49489,1531.91018,2279.18819,747.278,14.40084,-4.1891,-0.68576,0,261.62278,-0.68576,0,46.18409,46.18918,46.1891827,1,79980.866,-401640.178,19.134,481640.178,False,False,3.80088
227.54,TGO,THRUST,79855.464,30.0913073,0.7015018,88.76357,0.21231,True,False,32.69964,1539.24695,2279.17931,739.93236,14.24172,-4.15587,-0.65668,8,259.05036,-0.65668,8,45.59708,46.29821,46.2982147,1,79980.896,-399169.077,19.104,479169.077,False,False,11.70365
227.68,TGO,THRUST,79860.553,30.0827217,0.7037585,84.28141,0.2254,True,False,31.91115,1546.61502,2279.17065,732.55563,14.08236,-4.12234,-0.62703,8,256.46707,-0.62703,8,45.70872,46.40776,46.4077626,1,79980.93,-396661.476,19.07,476661.476,False,False,9.97249
227.86,TGO,THRUST,79865.518,30.0800935,0.7044731,83.17817,0.22971,True,False,31.13037,1554.00468,2279.1622,725.15752,13.92293,-4.08855,-0.59699,8,253.87629,-0.59699,8,45.82087,46.51783,46.5178302,1,79980.972,-394120.064,19.028,474120.064,False,False,8.16952
228,TGO,THRUST,79870.359,30.0848848,0.7031756,85.85872,0.22319,True,False,30.35725,1561.41105,2279.15395,717.7429,13.76353,-4.05452,-0.56647,8,251.27973,-0.56647,8,45.93353,46.62842,46.6284211,1,79981.021,-391545.982,18.979,471545.982,False,False,6.33101
228.16,TGO,THRUST,79875.078,30.0982269,0.6997458,93.92235,0.204,True,False,29.59197,1568.82618,2279.14592,710.31974,13.60428,-4.0203,-0.53547,8,248.68019,-0.53547,8,46.04669,46.73954,46.7395391,1,79981.076,-388941.509,18.924,468941.509,False,False,4.55679
228.32,TGO,THRUST,79879.107,30.1201037,0.6947212,111.31376,0.1717,False,False,28.83503,1576.24151,2279.13808,702.89657,13.44533,-3.98592,-0.50405,0,246.08065,-0.50405,0,46.84848,46.85119,46.851188,1,79981.14,-386309.245,18.86,466309.245,False,False,6.70957
228.48,TGO,THRUST,79883.601,30.1499271,0.6891013,150.46619,0.12658,False,False,28.087,1583.65026,2279.13045,695.4802,13.28681,-3.95141,-0.47232,0,243.48349,-0.47232,0,46.961,46.96337,46.9633716,1,79981.214,-383651.279,18.786,463651.279,False,False,7.97641
228.64,TGO,THRUST,79887.976,30.1882801,0.6840149,282.30274,0.06728,False,False,27.34828,1591.04186,2279.12302,688.08116,13.12889,-3.91682,-0.44032,0,240.89241,-0.44032,0,47.07403,47.07609,47.0760937,1,79981.301,-380971.167,18.699,460971.167,False,False,8.56395
228.8,TGO,THRUST,79892.235,30.2307513,0.681254,25523.54656,0.00074,False,False,26.61971,1598.4311,2279.11578,680.68468,12.97132,-3.88208,-0.40838,0,238.30222,-0.40838,0,47.18759,47.18936,47.1893582,1,79981.407,-378263.307,18.593,458263.307,False,False,8.41833
228.96,TGO,THRUST,79896.379,30.2726915,0.6815233,1500.33331,0.01273,False,False,25.9018,1605.84065,2279.10874,673.26809,12.81372,-3.84709,-0.37678,0,235.70501,-0.37678,0,47.30167,47.30317,47.303169,1,79981.536,-375518.926,18.464,455518.926,False,False,7.50675
229.12,TGO,THRUST,79900.41,30.3106431,0.6843293,266.44558,0.07232,False,False,25.1947,1613.28737,2279.10189,665.81452,12.65579,-3.81176,-0.34565,0,233.09486,-0.34565,0,47.41627,47.41753,47.4175302,1,79981.691,-372731.057,18.309,452731.057,False,False,6.20093
229.28,TGO,THRUST,79904.33,30.3421663,0.6884881,160.68405,0.12121,False,False,24.49836,1620.77944,2279.09523,658.31579,12.49741,-3.77606,-0.31503,0,230.46893,-0.31503,0,47.5314,47.53245,47.5324456,1,79981.87,-369895.753,18.13,449895.753,False,False,4.62611
229.44,TGO,THRUST,79908.14,30.3657953,0.692673,125.20091,0.15723,False,False,23.81267,1628.31656,2279.08875,650.77219,12.33858,-3.73997,-0.2849,0,227.8273,-0.2849,0,47.64707,47.64792,47.6479194,1,79982.072,-367012.159,17.928,447012.159,False,False,2.96438
229.6,TGO,THRUST,79911.842,30.3810284,0.6958458,110.35219,0.18004,False,False,23.13762,1635.89237,2279.08246,643.19009,12.17941,-3.70354,-0.25522,0,225.1722,-0.25522,0,47.76327,47.76396,47.7639557,1,79982.293,-364081.751,17.707,444081.751,False,False,1.38088
229.76,TGO,THRUST,79915.438,30.3881794,0.697461,105.01759,0.1905,False,False,22.47333,1643.49816,2279.07634,635.57819,12.02005,-3.66679,-0.22601,0,222.50669,-0.22601,0,47.88002,47.88056,47.8805584,1,79982.534,-361107.014,17.466,441107.014,False,False,0.26431
229.92,TGO,THRUST,79918.929,30.3882277,0.6974724,105.61649,0.19031,False,False,21.81995,1651.12603,2279.0704,627.94437,11.86063,-3.62977,-0.19729,0,219.83352,-0.19729,0,47.99733,47.99773,47.9977319,1,79982.792,-358090.24,17.208,438090.24,False,False,1.19755
230.08,TGO,THRUST,79922.317,30.3825937,0.6961972,111.00211,0.18158,False,False,21.17764,1658.77087,2279.06464,620.29377,11.70124,-3.5925,-0.16909,0,217.15449,-0.16909,0,48.11518,48.11548,48.1154803,1,79983.067,-355032.725,16.933,435032.725,False,False,1.98267
230.24,TGO,THRUST,79925.605,30.3729257,0.6941307,121.10915,0.1667,False,False,20.54655,1666.4308,2279.05904,612.62825,11.54193,-3.55498,-0.14149,0,214.47024,-0.14149,0,48.2336,48.23381,48.2338078,1,79983.359,-351934.524,16.641,431934.524,False,False,2.44013
230.4,TGO,THRUST,79928.794,30.3609141,0.6917782,136.46718,0.14812,False,False,19.92684,1674.10652,2279.05362,604.9471,11.38267,-3.51722,-0.11456,0,211.78055,-0.11456,0,48.35258,48.35272,48.3527187,1,79983.668,-348794.648,16.332,428794.648,False,False,2.58472
230.56,TGO,THRUST,79931.885,30.3481403,0.6895395,157.88436,0.1282,False,False,19.31866,1681.8001,2279.04836,597.24826,11.22343,-3.47919,-0.08841,0,209.08467,-0.08841,0,48.47214,48.47222,48.4722174,1,79983.994,-345611.51,16.006,425611.51,False,False,2.45925
230.72,TGO,THRUST,79934.881,30.335962,0.6876604,185.96088,0.10904,False,False,18.72218,1689.5138,2279.04326,589.52945,11.06418,-3.4409,-0.06314,0,206.38183,-0.06314,0,48.59227,48.59231,48.5923082,1,79984.336,-342383.388,15.664,422383.388,False,False,2.12333
230.88,TGO,THRUST,79937.783,30.3254419,0.6862397,220.11125,0.09235,False,False,18.13745,1697.24922,2279.03831,581.7891,10.90489,-3.40232,-0.03883,0,203.67146,-0.03883,0,48.71298,48.713,48.7129955,1,79984.694,-339108.782,15.306,419108.782,False,False,1.64567
231.04,TGO,THRUST,79940.594,30.3173025,0.6852709,257.08741,0.07932,False,False,17.56441,1705.00691,2279.03353,574.02662,10.74555,-3.36346,-0.0155,0,200.95336,-0.0155,0,48.83428,48.83428,48.8342839,1,79985.067,-335786.58,14.933,415786.58,False,False,1.09673
231.2,TGO,THRUST,79943.315,30.3119137,0.684693,290.04823,0.07057,False,False,17.00303,1712.78654,2279.02889,566.24235,10.58617,-3.32431,0.0068,0,198.22765,0.0068,0,48.95618,48.95618,48.9561777,1,79985.453,-332416.03,14.547,412416.03,False,False,0.54599
231.36,TGO,THRUST,79945.948,30.3093273,0.684434,310.44345,0.06621,False,False,16.45328,1720.58724,2279.02441,558.43716,10.42677,-3.28487,0.02805,0,195.49464,0.02805,0,49.07867,49.07868,49.0786815,1,79985.852,-328996.598,14.148,408996.598,False,False,0.16028
231.52,TGO,THRUST,79948.495,30.3093316,0.6844344,313.22084,0.06592,False,False,15.91496,1728.40808,2279.02007,550.61199,10.26736,-3.24516,0.04826,0,192.75465,0.04826,0,49.20178,49.2018,49.2018,1,79986.26,-325527.778,13.74,405527.778,False,False,0.46536
231.68,TGO,THRUST,79950.958,30.3115199,0.6846508,300.40792,0.06906,False,False,15.38811,1736.24836,2279.01587,542.7675,10.10796,-3.20517,0.06737,0,190.00792,0.06737,0,49.32549,49.32554,49.3255377,1,79986.678,-322008.94,13.322,402008.94,False,False,0.78477
231.84,TGO,THRUST,79953.338,30.3153636,0.6850489,278.76458,0.07481,False,False,14.87261,1744.10783,2279.01181,534.90398,9.94858,-3.1649,0.08536,0,187.25454,0.08536,0,49.44983,49.4499,49.4498994,1,79987.104,-318439.26,12.896,398439.26,False,False,0.99421
232,TGO,THRUST,79955.638,30.3202808,0.6855925,254.96636,0.08222,False,False,14.36827,1751.98661,2279.00789,527.02128,9.78921,-3.12436,0.10225,0,184.49447,0.10225,0,49.57478,49.57489,49.5748898,1,79987.537,-314817.715,12.463,394817.715,False,False,1.08859
232.16,TGO,THRUST,79957.859,30.3256956,0.686236,233.16016,0.0904,False,False,13.875,1759.88507,2279.0041,519.11904,9.62984,-3.08353,0.11801,0,181.72757,0.11801,0,49.70037,49.70051,49.7005136,1,79987.974,-311143.134,12.026,391143.134,False,False,1.07763
232.32,TGO,THRUST,79960.002,30.3310868,0.6869233,215.11606,0.09853,False,False,13.39276,1767.80367,2279.00045,511.19677,9.47048,-3.04241,0.13258,0,178.95369,0.13258,0,49.8266,49.82678,49.8267757,1,79988.417,-307414.27,11.583,387414.27,False,False,0.97941
232.48,TGO,THRUST,79962.07,30.3360217,0.687593,201.20269,0.10591,False,False,12.92135,1775.74284,2278.99692,503.25408,9.31111,-3.001,0.14598,0,176.17267,0.14598,0,49.95347,49.95368,49.953681,1,79988.862,-303629.866,11.138,383629.866,False,False,0.81705
232.64,TGO,THRUST,79964.065,30.3401811,0.6881874,191.15577,0.11208,False,False,12.46061,1783.70282,2278.99351,495.29069,9.15174,-2.9593,0.15821,0,173.38443,0.15821,0,50.08098,50.08123,50.0812343,1,79989.308,-299788.698,10.692,379788.698,False,False,0.61566
232.8,TGO,THRUST,79965.987,30.3433712,0.6886614,184.5003,0.11672,False,False,12.01038,1791.68375,2278.99023,487.30648,8.99236,-2.91731,0.16925,0,170.58892,0.16925,0,50.20916,50.20944,50.2094407,1,79989.755,-295889.579,10.245,375889.579,False,False,0.39945
232.96,TGO,THRUST,79968.066,30.345518,0.6889891,180.74443,0.11974,False,False,11.57052,1799.6856,2278.98707,479.30147,8.83298,-2.87501,0.17911,0,167.78614,0.17911,0,50.33799,50.33831,50.3383052,1,79990.202,-291931.35,9.798,371931.35,False,False,0.18983
233.12,TGO,THRUST,79969.84,30.3466514,0.6891647,179.44235,0.12117,False,False,11.14087,1807.70833,2278.98402,471.2757,8.67359,-2.83242,0.18777,0,164.97611,0.18777,0,50.46748,50.46783,50.4678329,1,79990.646,-287912.844,9.354,367912.844,False,False,0.01733
233.28,TGO,THRUST,79971.548,30.3468835,0.6892009,180.19584,0.12121,False,False,10.72125,1815.75188,2278.98109,463.22921,8.51421,-2.78953,0.19526,0,162.15885,0.19526,0,50.59765,50.59803,50.5980289,1,79991.088,-283832.86,8.912,363832.86,False,False,0.15046
233.44,TGO,THRUST,79973.191,30.346384,0.6891235,182.63476,0.12011,False,False,10.31147,1823.81626,2278.97827,455.16201,8.35483,-2.74634,0.20157,0,159.33436,0.20157,0,50.7285,50.7289,50.7288984,1,79991.526,-279690.14,8.474,359690.14,False,False,-0.26001
233.6,TGO,THRUST,79974.769,30.3453542,0.6889657,186.39358,0.11818,False,False,9.91129,1831.90153,2278.97556,447.07403,8.19545,-2.70285,0.20676,0,156.50261,0.20676,0,50.86003,50.86045,50.8604466,1,79991.958,-275483.361,8.042,355483.361,False,False,-0.32626
233.76,TGO,THRUST,79976.286,30.3440042,0.688762,191.09083,0.11575,False,False,9.52053,1840.00779,2278.97295,438.96516,8.03608,-2.65905,0.21083,0,153.66357,0.21083,0,50.99224,50.99268,50.9926788,1,79992.384,-271211.136,7.616,351211.136,False,False,-0.35118
233.92,TGO,THRUST,79977.741,30.3425333,0.6885443,196.32092,0.11313,False,False,9.13904,1848.13518,2278.97045,430.83527,7.87671,-2.61495,0.2138,0,150.81718,0.2138,0,51.12515,51.1256,51.1256005,1,79992.804,-266872.024,7.196,346872.024,False,False,-0.34022
234.08,TGO,THRUST,79979.137,30.3411153,0.6883384,201.66301,0.11059,False,False,8.76664,1856.28385,2278.96805,422.6842,7.71734,-2.57053,0.21566,0,147.9634,0.21566,0,51.25876,51.25922,51.2592168,1,79993.215,-262464.535,6.785,342464.535,False,False,-0.30116
234.24,TGO,THRUST,79980.475,30.3398879,0.6881634,206.70825,0.10833,False,False,8.40316,1864.45392,2278.96575,414.51183,7.55797,-2.52581,0.21645,0,145.10218,0.21645,0,51.39308,51.39353,51.3935335,1,79993.619,-257987.143,6.381,337987.143,False,False,-0.24324
234.4,TGO,THRUST,79981.757,30.3389473,0.6880315,211.10072,0.10652,False,False,8.04841,1872.64551,2278.96354,406.31803,7.39861,-2.48077,0.21619,0,142.23347,0.21619,0,51.5281,51.52856,51.5285559,1,79994.012,-253438.281,5.988,333438.281,False,False,-0.17694
234.56,TGO,THRUST,79982.983,30.3383473,0.6879483,214.57993,0.10524,False,False,7.70218,1880.85874,2278.96143,398.10269,7.23924,-2.43541,0.21492,0,139.35725,0.21492,0,51.66384,51.66429,51.6642896,1,79994.396,-248816.348,5.604,328816.348,False,False,-0.11564
234.72,TGO,THRUST,79984.155,30.3381028,0.6879147,217.01018,0.10452,False,False,7.36432,1889.09369,2278.95941,389.86572,7.07988,-2.38974,0.21266,0,136.47346,0.21266,0,51.8003,51.80074,51.8007403,1,79994.77,-244119.697,5.23,324119.697,False,False,-0.08299
234.88,TGO,THRUST,79985.275,30.3381942,0.6879272,218.3929,0.10431,False,False,7.03468,1897.35046,2278.95748,381.60702,6.92052,-2.34374,0.20943,0,133.58208,0.20943,0,51.93749,51.93791,51.9379137,1,79995.132,-239346.633,4.868,319346.633,False,False,-0.09768
235.04,TGO,THRUST,79986.343,30.3385753,0.6879793,218.85031,0.10455,False,False,6.71309,1905.62915,2278.95563,373.32649,6.76117,-2.29743,0.20525,0,130.68308,0.20525,0,52.07541,52.07582,52.0758155,1,79995.483,-234495.407,4.517,314495.407,False,False,-0.13078
235.2,TGO,THRUST,79987.361,30.3391822,0.6880625,218.58733,0.10515,False,False,6.39946,1913.92986,2278.95387,365.02402,6.60181,-2.25078,0.20012,0,127.77642,0.20012,0,52.21407,52.21445,52.2144515,1,79995.822,-229564.213,4.178,309564.213,False,False,-0.15899
235.36,TGO,THRUST,79988.331,30.3399428,0.6881673,217.84805,0.10598,False,False,6.0937,1922.25271,2278.9522,356.69949,6.44246,-2.20382,0.19403,0,124.86205,0.19403,0,52.35347,52.35383,52.3538277,1,79996.149,-224551.18,3.851,304551.18,False,False,-0.17625
235.52,TGO,THRUST,79989.253,30.3407834,0.6882839,216.87811,0.10694,False,False,5.79567,1930.59782,2278.9506,348.35279,6.28312,-2.15652,0.187,0,121.93993,0.187,0,52.49362,52.49395,52.4939499,1,79996.464,-219454.375,3.536,299454.375,False,False,-0.18234
235.68,TGO,THRUST,79990.128,30.3416366,0.6884031,215.89545,0.10791,False,False,5.50528,1938.96532,2278.94909,339.98377,6.12377,-2.10889,0.17902,0,119.01002,0.17902,0,52.63452,52.63482,52.6348242,1,79996.766,-214271.807,3.234,294271.807,False,False,-0.17951
235.84,TGO,THRUST,79990.959,30.3424456,0.6885168,215.07285,0.10881,False,False,5.22235,1947.35533,2278.94765,331.59232,5.96443,-2.06093,0.17013,0,116.07227,0.17013,0,52.77618,52.77646,52.7764567,1,79997.056,-209001.415,2.944,289001.415,False,False,-0.17134
236,TGO,THRUST,79991.745,30.3431681,0.688619,214.53242,0.10957,False,False,4.94676,1955.76797,2278.94629,323.17831,5.80509,-2.01263,0.16037,0,113.12664,0.16037,0,52.91861,52.91885,52.9188534,1,79997.332,-203641.078,2.668,283641.078,False,False,-0.16189
236.16,TGO,THRUST,79992.489,30.3437772,0.6887055,214.34634,0.11015,False,False,4.67842,1964.20338,2278.94499,314.74162,5.64575,-1.96399,0.14974,0,110.17308,0.14974,0,53.06181,53.06202,53.0620206,1,79997.596,-198188.604,2.404,278188.604,False,False,-0.15484
236.32,TGO,THRUST,79993.191,30.3442604,0.6887744,214.54493,0.11053,False,False,4.41722,1972.66166,2278.94377,306.28211,5.48642,-1.91501,0.13824,0,107.21155,0.13824,0,53.20578,53.20596,53.2059646,1,79997.846,-192641.733,2.154,272641.733,False,False,-0.15245
236.48,TGO,THRUST,79993.853,30.3446187,0.6888255,215.12243,0.11072,False,False,4.16308,1981.14294,2278.94262,297.79968,5.32709,-1.86568,0.12588,0,104.24202,0.12588,0,53.35054,53.35069,53.3506916,1,79998.083,-186998.131,1.917,266998.131,False,False,-0.1548
236.64,TGO,THRUST,79994.475,30.3448638,0.6888605,216.0445,0.11072,False,False,3.91588,1989.64733,2278.94154,289.29421,5.16776,-1.81601,0.11271,0,101.26443,0.11271,0,53.49609,53.49621,53.4962082,1,79998.307,-181255.386,1.693,261255.386,False,False,-0.16036
236.8,TGO,THRUST,79995.058,30.3450152,0.6888821,217.25692,0.11058,False,False,3.67544,1998.17497,2278.94052,280.76555,5.00843,-1.76599,0.09881,0,98.27874,0.09881,0,53.64243,53.64252,53.6425207,1,79998.517,-175411.004,1.483,255411.004,False,False,-0.16714
236.96,TGO,THRUST,79995.605,30.3450969,0.6888938,218.69224,0.11033,False,False,3.44168,2006.72596,2278.93957,272.21361,4.84911,-1.71562,0.08419,0,95.28492,0.08419,0,53.78957,53.78964,53.7896358,1,79998.715,-169462.408,1.285,249462.408,False,False,-0.17346
237.12,TGO,THRUST,79996.115,30.3451346,0.6888991,220.27717,0.11,False,False,3.21454,2015.30044,2278.93868,263.63824,4.68978,-1.6649,0.06889,0,92.28291,0.06889,0,53.93752,53.93756,53.93756,1,79998.899,-163406.928,1.101,243406.928,False,False,-0.17847
237.28,TGO,THRUST,79996.59,30.3451532,0.6889017,221.93884,0.10965,False,False,2.99389,2023.89852,2278.93784,255.03932,4.53047,-1.61382,0.05299,0,89.27267,0.05299,0,54.08627,54.0863,54.0863,1,79999.069,-157241.806,0.931,237241.806,False,False,-0.18192
237.44,TGO,THRUST,79997.03,30.3451748,0.6889048,223.60985,0.10929,False,False,2.77959,2032.52035,2278.93707,246.41672,4.37115,-1.56238,0.03659,0,86.25416,0.03659,0,54.23585,54.23586,54.2358627,1,79999.227,-150964.184,0.773,230964.184,False,False,-0.18415
237.6,TGO,THRUST,79997.438,30.3452176,0.6889108,225.23188,0.10897,False,False,2.57153,2041.16604,2278.93635,237.77032,4.21184,-1.51058,0.01982,0,83.22733,0.01982,0,54.38625,54.38625,54.3862548,1,79999.372,-144571.108,0.628,224571.108,False,False,-0.1856
237.76,TGO,THRUST,79997.813,30.3452928,0.6889214,226.76704,0.10869,False,False,2.36965,2049.83572,2278.93569,229.09997,4.05253,-1.45842,0.00277,0,80.19213,0.00277,0,54.53748,54.53748,54.5374833,1,79999.504,-138059.512,0.496,218059.512,False,False,-0.18669
237.92,TGO,THRUST,79998.157,30.3454101,0.6889378,228.18155,0.10848,False,False,2.17389,2058.52953,2278.93508,220.40555,3.89322,-1.40589,0.00234,0,77.14852,0.00234,0,54.68956,54.68956,54.6895551,1,79999.623,-131426.228,0.377,211426.228,False,False,-0.17007
238.08,TGO,THRUST,79998.471,30.345572,0.6889604,229.46405,0.10833,False,False,1.98418,2067.24759,2278.93452,211.68693,3.73392,-1.35299,0.01442,0,74.09646,0.01442,0,54.84248,54.84248,54.8424774,1,79999.73,-124667.97,0.27,204667.97,False,False,-0.14071
238.24,TGO,THRUST,79998.755,30.3457766,0.6889889,230.61728,0.10825,False,False,1.80022,2075.99004,2278.93402,202.94397,3.57462,-1.29972,0.03162,0,71.03589,0.03162,0,54.99625,54.99626,54.9962573,1,79999.825,-117781.333,0.175,197781.333,False,False,-0.10845
238.4,TGO,THRUST,79999.012,30.3460188,0.6890227,231.65616,0.10822,False,False,1.62194,2084.75702,2278.93356,194.17654,3.41532,-1.24607,0.05361,0,67.96676,0.05361,0,55.15088,55.1509,55.150902,1,79999.908,-110762.785,0.092,190762.785,False,False,-0.07605
238.56,TGO,THRUST,79999.24,30.3462911,0.6890606,232.60382,0.10824,False,False,1.45,2093.54864,2278.93315,185.3845,3.25603,-1.19205,0.07938,0,64.88904,0.07938,0,55.30636,55.30642,55.3064189,1,79999.98,-103608.666,0.02,183608.666,False,False,-0.04689
238.72,TGO,THRUST,79999.435,30.3465849,0.6891015,233.48808,0.10829,False,False,1.28544,2102.36506,2278.93278,176.56772,3.09673,-1.13764,0.10845,0,61.80268,0.10845,0,55.46271,55.46282,55.4628153,1,80000.04,-96315.182,-0.04,176315.182,False,False,-0.02579
238.88,TGO,THRUST,79999.613,30.3468909,0.6891441,234.33866,0.10836,False,False,1.12943,2111.20641,2278.93247,167.72606,2.93745,-1.08285,0.13917,0,58.70763,0.13917,0,55.61992,55.6201,55.6200988,1,80000.091,-88878.392,-0.091,168878.392,False,False,0.02503
239.04,TGO,THRUST,79999.768,30.3472007,0.6891873,235.1838,0.10843,False,False,0.98315,2120.07279,2278.93218,158.85939,2.77816,-1.02768,0.16681,0,55.60385,0.16681,0,55.60385,55.77828,55.6041033,0.9968774,80000.141,-81294.206,-0.141,161294.206,False,False,0.03464
239.2,TGO,THRUST,79999.902,30.3475066,0.6892299,236.04801,0.10849,False,False,0.84766,2128.95393,2278.93194,149.978,2.61908,-0.97219,0.19176,0,52.49496,0.19176,0,52.49496,55.93698,52.4953054,0.93847222,80000.187,-73567.526,-0.187,153567.526,False,False,0.05161
239.36,TGO,THRUST,80000.016,30.3477964,0.6892703,236.95463,0.10853,False,False,0.72319,2137.6473,2278.93173,141.28442,2.46389,-0.91764,0.21438,0,49.45182,0.21438,0,49.45182,56.08944,49.452286,0.88166835,80000.229,-65875.282,-0.229,145875.282,False,False,0.06878
239.52,TGO,THRUST,80000.112,30.34806,0.689307,237.91015,0.10851,False,False,0.60853,2145.84725,2278.93155,133.0843,2.3179,-0.86598,0.23724,0,46.58143,0.23724,0,46.58143,56.23351,46.5820302,0.82836781,80000.264,-58499.967,-0.264,138499.967,False,False,0.08793
239.68,TGO,THRUST,80000.191,30.3482954,0.6893398,238.92361,0.10845,False,False,0.50325,2153.5706,2278.9314,125.3608,2.18073,-0.81715,0.26011,0,43.87787,0.26011,0,43.87787,56.36954,43.8786445,0.77841052,80000.294,-51444.645,-0.294,131444.645,False,False,0.10906
239.84,TGO,THRUST,80000.255,30.3484918,0.6893671,240.03547,0.10831,False,False,0.40694,2160.84477,2278.93127,118.08651,2.05185,-0.771,0.28271,0,41.33157,0.28271,0,41.33157,56.49797,41.3325381,0.73157564,80000.32,-44701.177,-0.32,124701.177,False,False,0.13207
240,TGO,THRUST,80000.306,30.3486412,0.6893878,241.27785,0.1081,False,False,0.31928,2167.69597,2278.93118,111.2352,1.93073,-0.72738,0.30469,0,38.93334,0.30469,0,38.93334,56.6192,38.9345305,0.68765602,80000.341,-38260.662,-0.341,118260.662,False,False,0.15653
240.16,TGO,THRUST,80000.344,30.3487386,0.6894013,242.6739,0.1078,False,False,0.24006,2174.14892,2278.9311,104.78218,1.81688,-0.68618,0.3256,0,36.67453,0.3256,0,36.67453,56.73361,36.6759756,0.64645936,80000.358,-32113.916,-0.358,112113.916,False,False,0.18172
240.32,TGO,THRUST,80000.371,30.3487823,0.6894073,244.23559,0.10741,False,False,0.16906,2180.22685,2278.93104,98.7042,1.70986,-0.64726,0.34505,0,34.54701,0.34505,0,34.54701,56.8416,34.5487344,0.60780721,80000.371,-26251.561,-0.371,106251.561,False,False,0.20666
240.48,TGO,THRUST,80000.388,30.3487747,0.6894063,245.96238,0.10694,False,False,0.10605,2185.95163,2278.931,92.97938,1.60924,-0.6105,0.36266,0,32.54312,0.36266,0,32.54312,56.9435,32.5451438,0.57153392,80000.38,-20664.08,-0.38,100664.08,False,False,0.23026
240.64,TGO,THRUST,80000.396,30.3487212,0.6893989,247.84261,0.10639,False,False,0.05082,2191.34385,2278.93098,87.58713,1.51464,-0.57579,0.37804,0,30.65566,0.37804,0,30.65566,57.03965,30.6579896,0.53748559,80000.386,-15341.89,-0.386,95341.89,False,False,0.25128
240.8,TGO,THRUST,80000.397,30.3486296,0.6893865,249.85575,0.10577,False,False,0.00307,2196.42291,2278.93097,82.50807,1.42567,-0.54302,0.39093,0,28.87783,0.39093,0,28.87783,57.13037,28.8804789,0.50551889,80000.388,-10275.38,-0.388,90275.38,False,False,0.26868
240.96,TGO,THRUST,80000.392,30.3485094,0.6893702,251.97453,0.10511,False,False,-0.03745,2201.20703,2278.93097,77.72394,1.342,-0.51208,0.40103,0,27.20326,0.40103,0,27.20326,57.21595,27.2062154,0.47550053,80000.387,-5454.971,-0.387,85454.971,False,False,0.28147
241.12,TGO,THRUST,80000.382,30.3483703,0.6893514,254.16848,0.10441,False,False,-0.07103,2205.71339,2278.93099,73.21759,1.2633,-0.48287,0.40812,0,25.62593,0.40812,0,25.62593,57.29668,25.6291767,0.44730648,80000.383,-871.152,-0.383,80871.152,False,False,0.28901
241.28,TGO,THRUST,80000.367,30.3482214,0.6893314,256.40778,0.1037,False,False,-0.09804,2209.95817,2278.93101,68.97284,1.18927,-0.45531,0.41207,0,24.14018,0.41207,0,24.14018,57.37283,24.1436926,0.420821,80000.375,3485.484,-0.375,76514.516,False,False,0.2908
241.44,TGO,THRUST,80000.35,30.3480708,0.6893113,258.66454,0.10297,False,False,-0.11894,2213.95656,2278.93103,64.97447,1.11963,-0.4293,0.41286,0,22.74068,0.41286,0,22.74068,57.44466,22.7444244,0.39593626,80000.364,7624.21,-0.364,72375.79,False,False,0.28651
241.6,TGO,THRUST,80000.33,30.3479249,0.689292,260.91495,0.10226,False,False,-0.13416,2217.72292,2278.93106,61.20815,1.05411,-0.40475,0.41051,0,21.42241,0.41051,0,21.42241,57.5124,21.4263467,0.37255176,80000.35,11554.13,-0.35,68445.87,False,False,0.27601
241.76,TGO,THRUST,80000.308,30.3477887,0.6892741,263.14,0.10155,False,False,-0.14417,2221.27072,2278.9311,57.66038,0.99246,-0.38159,0.40507,0,20.18066,0.40507,0,20.18066,57.57629,20.1847284,0.35057364,80000.333,15284.162,-0.333,64715.838,False,False,0.25941
241.92,TGO,THRUST,80000.286,30.3476654,0.6892579,265.3259,0.10086,False,False,-0.14943,2224.61266,2278.93114,54.31848,0.93445,-0.35974,0.39665,0,19.01098,0.39665,0,19.01098,57.63653,19.0151155,0.3299143,80000.314,18823.019,-0.314,61176.981,False,False,0.23702
242.08,TGO,THRUST,80000.264,30.3475568,0.6892438,267.46412,0.1002,False,False,-0.15047,2227.76071,2278.93117,51.17046,0.87986,-0.33913,0.38545,0,17.90917,0.38545,0,17.90917,57.69334,17.913317,0.31049194,80000.293,22179.191,-0.293,57820.809,False,False,0.20947
242.24,TGO,THRUST,80000.242,30.3474635,0.6892317,269.55076,0.09955,False,False,-0.14784,2230.72613,2278.93121,48.20508,0.82848,-0.31969,0.3717,0,16.87129,0.3717,0,16.87129,57.74691,16.8753885,0.29223017,80000.271,25360.931,-0.271,54639.069,False,False,0.17762
242.4,TGO,THRUST,80000.221,30.3473852,0.6892216,271.58602,0.09893,False,False,-0.1421,2233.51952,2278.93125,45.41173,0.78013,-0.30135,0.35571,0,15.89364,0.35571,0,15.89364,57.79741,15.8976182,0.27505761,80000.247,28376.25,-0.247,51623.75,False,False,0.14295
242.56,TGO,THRUST,80000.201,30.3473207,0.6892133,273.57331,0.09832,False,False,-0.13382,2236.15087,2278.93128,42.78041,0.73463,-0.28405,0.33785,0,14.9727,0.33785,0,14.9727,57.84503,14.9765132,0.2589075,80000.224,31232.904,-0.224,48767.096,False,False,0.10821
242.72,TGO,THRUST,80000.183,30.3472684,0.6892066,275.51834,0.09774,False,False,-0.12356,2238.6296,2278.93131,40.30171,0.6918,-0.26774,0.31846,0,14.10519,0.31846,0,14.10519,57.88993,14.1087854,0.24371745,80000.201,33938.395,-0.201,46061.605,False,False,0.08028
242.88,TGO,THRUST,80000.167,30.3472265,0.6892013,277.42809,0.09716,False,False,-0.11182,2240.96457,2278.93134,37.96677,0.65148,-0.25236,0.29791,0,13.288,0.29791,0,13.288,57.93225,13.2913399,0.22942903,80000.179,36499.964,-0.179,43500.036,False,False,-0.0743
243.04,TGO,THRUST,80000.152,30.3471931,0.6891971,279.30988,0.0966,False,False,-0.09909,2243.16412,2278.93137,35.76724,0.61352,-0.23786,0.27656,0,12.51821,0.27656,0,12.51821,57.97215,12.521263,0.21598757,80000.158,38924.587,-0.158,41075.413,False,False,-0.09794
243.2,TGO,THRUST,80000.14,30.3471666,0.6891938,281.17111,0.09605,False,False,-0.0858,2245.23613,2278.93139,33.69527,0.5778,-0.22418,0.25475,0,11.79306,0.25475,0,11.79306,58.00976,11.7958111,0.20334185,80000.14,41218.982,-0.14,38781.018,False,False,-0.13786
243.36,TGO,THRUST,80000.129,30.3471455,0.6891911,283.01852,0.09551,False,False,-0.07234,2247.18798,2278.93141,31.74343,0.54416,-0.21129,0.23282,0,11.10996,0.23282,0,11.10996,58.04521,11.1124,0.19144388,80000.123,43389.602,-0.123,36610.398,False,False,-0.18379
243.52,TGO,THRUST,80000.12,30.3471284,0.689189,284.85798,0.09497,False,False,-0.05907,2249.02667,2278.93143,29.90475,0.51249,-0.19913,0.21108,0,10.46647,0.21108,0,10.46647,58.07863,10.4685964,0.1802487,80000.11,45442.645,-0.11,34557.355,False,False,-0.23136
243.68,TGO,THRUST,80000.114,30.3471143,0.6891872,286.69443,0.09443,False,False,-0.04628,2250.75877,2278.93144,28.17267,0.48268,-0.18767,0.1898,0,9.86028,0.1898,0,9.86028,58.11012,9.8621073,0.1697141,80000.099,47384.049,-0.099,32615.951,False,False,-0.2782
243.84,TGO,THRUST,80000.109,30.3471026,0.6891858,288.53172,0.0939,False,False,-0.03422,2252.39047,2278.93145,26.54098,0.45461,-0.17686,0.16923,0,9.28923,0.16923,0,9.28923,58.13981,9.2907723,0.15980053,80000.09,49219.504,-0.09,30780.496,False,False,-0.32283
244,TGO,THRUST,80000.105,30.3470927,0.6891846,290.37285,0.09337,False,False,-0.02316,2253.92759,2278.93146,25.00387,0.42818,-0.16667,0.14965,0,8.75128,0.14965,0,8.75128,58.16779,8.7525558,0.15047082,80000.084,50954.454,-0.084,29045.546,False,False,-0.36416
244.16,TGO,THRUST,80000.103,30.3470842,0.6891835,292.22008,0.09284,False,False,-0.0133,2255.37564,2278.93146,23.55582,0.40329,-0.15707,0.13129,0,8.24449,0.13129,0,8.24449,58.19416,8.2455392,0.14169014,80000.081,52594.101,-0.081,27405.899,False,False,-0.40108
244.32,TGO,THRUST,80000.102,30.3470769,0.6891827,294.07484,0.09231,False,False,-0.0047,2256.73978,2278.93147,22.19168,0.37985,-0.14802,0.11426,0,7.76707,0.11426,0,7.76707,58.21902,7.7679137,0.13342571,80000.079,54143.411,-0.079,25856.589,False,False,-0.43289
244.48,TGO,THRUST,80000.102,30.3470707,0.6891819,295.93824,0.09178,False,False,0.00253,2258.02489,2278.93147,20.90657,0.35778,-0.13949,0.09869,0,7.31731,0.09869,0,7.31731,58.24244,7.3179751,0.12564678,80000.079,55607.12,-0.079,24392.88,False,False,-0.45867
244.64,TGO,THRUST,80000.103,30.3470656,0.6891813,297.81103,0.09125,False,False,0.00841,2259.23555,2278.93147,19.69591,0.337,-0.13145,0.08464,0,6.8936,0.08464,0,6.8936,58.26452,6.8941168,0.11832444,80000.081,56989.745,-0.081,23010.255,False,False,-0.47783
244.8,TGO,THRUST,80000.104,30.3470615,0.6891808,299.6938,0.09072,False,False,0.0129,2260.37609,2278.93146,18.55538,0.31743,-0.12387,0.07216,0,6.49442,0.07216,0,6.49442,58.28532,6.4948254,0.11143158,80000.083,58295.585,-0.083,21704.415,False,False,-0.48953
244.96,TGO,THRUST,80000.106,30.3470584,0.6891804,301.58719,0.0902,False,False,0.01605,2261.45056,2278.93146,17.4809,0.299,-0.11672,0.06127,0,6.11837,0.06127,0,6.11837,58.30493,6.1186746,0.10494266,80000.086,59528.734,-0.086,20471.266,False,False,-0.49321
245.12,TGO,THRUST,80000.108,30.3470564,0.6891802,303.49182,0.08967,False,False,0.01791,2262.46281,2278.93146,16.46865,0.28164,-0.10999,0.05198,0,5.76409,0.05198,0,5.76409,58.32341,5.7643206,0.09883374,80000.09,60693.085,-0.09,19306.915,False,False,-0.48843
245.28,TGO,THRUST,80000.11,30.3470553,0.6891801,305.40826,0.08914,False,False,0.01853,2263.41644,2278.93146,15.51502,0.26529,-0.10364,0.04425,0,5.43032,0.04425,0,5.43032,58.34082,5.430498,0.09308231,80000.093,61792.339,-0.093,18207.661,False,False,-0.47493
245.44,TGO,THRUST,80000.112,30.3470551,0.68918,307.33725,0.08862,False,False,0.01801,2264.31484,2278.93145,14.61661,0.2499,-0.09766,0.03805,0,5.11587,0.03805,0,5.11587,58.35722,5.1160147,0.08766721,80000.096,62830.014,-0.096,17169.986,False,False,-0.45271
245.6,TGO,THRUST,80000.114,30.3470558,0.6891801,309.27962,0.0881,False,False,0.01645,2265.16122,2278.93145,13.77022,0.23539,-0.09202,0.03329,0,4.81963,0.03329,0,4.81963,58.37269,4.8197485,0.08256856,80000.099,63809.448,-0.099,16190.552,False,False,-0.42195
245.76,TGO,THRUST,80000.115,30.3470573,0.6891803,311.23639,0.08757,False,False,0.01401,2265.9586,2278.93145,12.97285,0.22174,-0.08671,0.02985,0,4.54054,0.02985,0,4.54054,58.38726,4.5406427,0.0777677,80000.101,64733.811,-0.101,15266.189,False,False,-0.38317
245.92,TGO,THRUST,80000.116,30.3470595,0.6891805,313.20859,0.08705,False,False,0.01081,2266.7098,2278.93144,12.22165,0.20887,-0.0817,0.02762,0,4.27761,0.02762,0,4.27761,58.40099,4.2777026,0.0732471,80000.103,65606.11,-0.103,14393.89,False,False,-0.33698
246.08,TGO,THRUST,80000.116,30.3470621,0.6891809,315.19738,0.08653,False,False,0.00703,2267.4175,2278.93144,11.51395,0.19675,-0.07698,0.02646,0,4.0299,0.02646,0,4.0299,58.41392,4.0299917,0.06899026,80000.104,66429.198,-0.104,13570.802,False,False,-0.28417
246.24,TGO,THRUST,80000.116,30.3470653,0.6891812,317.20388,0.08601,False,False,0.0028,2268.08422,2278.93144,10.84723,0.18534,-0.07253,0.02621,0,3.79654,0.02621,0,3.79654,58.42611,3.7966286,0.06498171,80000.104,67205.78,-0.104,12794.22,False,False,-0.22572
246.4,TGO,THRUST,80000.115,30.3470688,0.6891816,319.22926,0.08548,False,False,-0.00173,2268.71233,2278.93144,10.21911,0.17459,-0.06834,0.02674,0,3.57668,0.02674,0,3.57668,58.4376,3.576783,0.06120688,80000.104,67938.421,-0.104,12061.579,False,False,-0.16277
246.56,TGO,THRUST,80000.114,30.3470725,0.689182,321.27467,0.08496,False,False,-0.00642,2269.30408,2278.93145,9.62737,0.16447,-0.06439,0.02788,0,3.36956,0.02788,0,3.36956,58.44842,3.3696731,0.05765208,80000.104,68629.551,-0.104,11370.449,False,False,-0.0966
246.72,TGO,THRUST,80000.111,30.3470764,0.6891825,323.34111,0.08444,False,False,-0.01112,2269.86156,2278.93145,9.06989,0.15493,-0.06067,0.02949,0,3.17443,0.02949,0,3.17443,58.45862,3.1745625,0.05430444,80000.103,69281.472,-0.103,10718.528,False,False,-0.02912
246.88,TGO,THRUST,80000.109,30.3470803,0.6891829,325.42969,0.08392,False,False,-0.01573,2270.38675,2278.93145,8.5447,0.14595,-0.05717,0.03142,0,2.99059,0.03142,0,2.99059,58.46823,2.9907572,0.05115183,80000.103,69896.365,-0.103,10103.635,False,False,0.04105
247.04,TGO,THRUST,80000.106,30.3470843,0.6891834,327.54142,0.0834,False,False,-0.02012,2270.88154,2278.93146,8.04992,0.13749,-0.05386,0.03354,0,2.8174,0.03354,0,2.8174,58.47728,2.817603,0.04818286,80000.101,70476.293,-0.101,9523.707,False,False,0.10806
247.2,TGO,THRUST,80000.102,30.3470883,0.6891838,329.67728,0.08287,False,False,-0.02421,2271.34768,2278.93146,7.58378,0.12952,-0.05075,0.03573,0,2.65424,0.03573,0,2.65424,58.48581,2.6544836,0.04538679,80000.1,71023.212,-0.1,8976.788,False,False,0.17263
247.36,TGO,THRUST,80000.098,30.3470922,0.6891842,331.8381,0.08235,False,False,-0.02792,2271.78683,2278.93147,7.14464,0.12201,-0.04781,0.03788,0,2.50053,0.03788,0,2.50053,58.49385,2.5008173,0.04275351,80000.098,71538.97,-0.098,8461.03,False,False,0.23283
247.52,TGO,THRUST,80000.094,30.347096,0.6891847,334.02477,0.08182,False,False,-0.03118,2272.20055,2278.93148,6.73092,0.11493,-0.04505,0.03987,0,2.35572,0.03987,0,2.35572,58.50143,2.3560561,0.04027348,80000.096,72025.315,-0.096,7974.685,False,False,0.28703
247.68,TGO,THRUST,80000.09,30.3470996,0.6891851,336.23811,0.0813,False,False,-0.03395,2272.59032,2278.93148,6.34116,0.10827,-0.04244,0.04164,0,2.21929,0.04164,0,2.21929,58.50856,2.2196828,0.03793774,80000.094,72483.902,-0.094,7516.098,False,False,0.33355
247.84,TGO,THRUST,80000.085,30.3471032,0.6891855,338.47895,0.08077,False,False,-0.03618,2272.95753,2278.93149,5.97396,0.102,-0.03999,0.04311,0,2.09077,0.04311,0,2.09077,58.51529,2.09121,0.03573784,80000.091,72916.293,-0.091,7083.707,False,False,0.37094
248,TGO,THRUST,80000.081,30.3471066,0.6891858,340.74807,0.08025,False,False,-0.03786,2273.30347,2278.9315,5.62802,0.09609,-0.03768,0.04421,0,1.96968,0.04421,0,1.96968,58.52162,1.9701779,0.03366581,80000.088,73323.966,-0.088,6676.034,False,False,0.39791
248.16,TGO,THRUST,80000.076,30.3471098,0.6891862,343.04624,0.07972,False,False,-0.03898,2273.62939,2278.93151,5.30212,0.09052,-0.0355,0.04491,0,1.85561,0.04491,0,1.85561,58.52759,1.8561535,0.03171416,80000.084,73708.315,-0.084,6291.685,False,False,0.4134
248.34,FINE,THRUST,80000.071,30.3471129,0.6891865,345.3742,0.0792,False,False,-0.03953,2273.93644,2278.93151,4.99508,0.08527,-0.03344,0.0393,0,0.59928,0.0393,0,0.59928,58.53391,0.6005641,0.01026011,80000.08,74070.661,-0.08,5929.339,True,False,2.68803
248.48,FINE,THRUST,80000.067,30.3471153,0.6891868,347.73117,0.07867,False,False,-0.04036,2274.18212,2278.93152,4.7494,0.08108,-0.0318,0.03781,0,0.56979,0.03781,0,0.56979,58.53642,0.5710461,0.0097554,80000.076,74360.768,-0.076,5639.232,True,False,2.63948
248.64,FINE,THRUST,80000.063,30.3471162,0.6891869,350.11328,0.07814,False,False,-0.04388,2274.27604,2278.93153,4.65548,0.07947,-0.03117,0.03778,0,0.55851,0.03778,0,0.55851,58.53814,0.5597876,0.00956278,80000.074,74471.693,-0.074,5528.307,True,False,2.52492
248.8,FINE,THRUST,80000.06,30.347117,0.6891869,352.52798,0.0776,False,False,-0.04765,2274.36636,2278.93154,4.56517,0.07793,-0.03057,0.0378,0,0.54766,0.0378,0,0.54766,58.53982,0.5489644,0.00937762,80000.073,74578.379,-0.073,5421.621,True,False,2.32956
248.96,FINE,THRUST,80000.058,30.3471179,0.689187,354.97603,0.07707,False,False,-0.05086,2274.4549,2278.93154,4.47664,0.07642,-0.02998,0.03774,0,0.53703,0.03774,0,0.53703,58.54147,0.5383505,0.00919605,80000.071,74682.988,-0.071,5317.012,True,False,2.06811
249.12,FINE,THRUST,80000.056,30.3471187,0.6891871,357.45819,0.07654,False,False,-0.05329,2274.54172,2278.93154,4.38982,0.07493,-0.0294,0.03756,0,0.5266,0.03756,0,0.5266,58.54309,0.5279383,0.00901794,80000.068,74785.576,-0.068,5214.424,True,False,1.76142
249.28,FINE,THRUST,80000.054,30.3471195,0.6891872,359.97527,0.07601,False,False,-0.05489,2274.62683,2278.93155,4.30471,0.07348,-0.02883,0.03726,0,0.51638,0.03726,0,0.51638,58.54467,0.5177243,0.00884324,80000.063,74886.172,-0.063,5113.828,True,False,1.43016
249.44,FINE,THRUST,80000.051,30.3471202,0.6891873,362.5281,0.07547,False,False,-0.0557,2274.71027,2278.93155,4.22128,0.07205,-0.02827,0.03684,0,0.50637,0.03684,0,0.50637,58.54622,0.5077056,0.00867188,80000.057,74984.806,-0.057,5015.194,True,False,1.09275
249.6,FINE,THRUST,80000.049,30.3471209,0.6891874,365.11768,0.07494,False,False,-0.05578,2274.79206,2278.93155,4.13949,0.07066,-0.02772,0.03632,0,0.49655,0.03632,0,0.49655,58.54774,0.4978793,0.00850382,80000.049,75081.508,-0.049,4918.492,True,False,0.76455
249.76,FINE,THRUST,80000.046,30.3471216,0.6891874,367.74492,0.07441,False,False,-0.05522,2274.87223,2278.93156,4.05933,0.06929,-0.02718,0.03572,0,0.48693,0.03572,0,0.48693,58.54924,0.4882426,0.00833901,80000.041,75176.313,-0.041,4823.687,True,False,0.45775
249.92,FINE,THRUST,80000.042,30.3471221,0.6891875,370.41042,0.07388,False,False,-0.05412,2274.95082,2278.93156,3.98075,0.06795,-0.02666,0.03504,0,0.47751,0.03504,0,0.47751,58.5507,0.4787925,0.0081774,80000.031,75269.258,-0.031,4730.742,True,False,0.18152
250.08,FINE,THRUST,80000.038,30.3471227,0.6891875,373.11494,0.07334,False,False,-0.05259,2275.02784,2278.93157,3.90373,0.06663,-0.02614,0.0343,0,0.46827,0.0343,0,0.46827,58.55214,0.4695259,0.00801894,80000.02,75360.381,-0.02,4639.619,True,False,-0.06122
250.24,FINE,THRUST,80000.033,30.3471232,0.6891876,375.85934,0.07281,False,False,-0.05073,2275.10335,2278.93158,3.82822,0.06534,-0.02564,0.03353,0,0.45922,0.03353,0,0.45922,58.55355,0.4604395,0.00786356,80000.009,75449.724,-0.009,4550.276,True,False,-0.26066
250.4,FINE,THRUST,80000.028,30.3471236,0.6891876,378.64447,0.07228,False,False,-0.04864,2275.17738,2278.93159,3.75421,0.06408,-0.02514,0.03273,0,0.45034,0.03273,0,0.45034,58.55493,0.4515298,0.00771122,79999.998,75537.326,0.002,4462.674,True,False,-0.42082
250.56,FINE,THRUST,80000.023,30.3471241,0.6891877,381.47124,0.07174,False,False,-0.04641,2275.24996,2278.9316,3.68164,0.06284,-0.02466,0.03192,0,0.44164,0.03192,0,0.44164,58.55628,0.4427934,0.00756184,79999.987,75623.229,0.013,4376.771,True,False,-0.5414
250.72,FINE,THRUST,80000.017,30.3471245,0.6891877,384.3406,0.07121,False,False,-0.04412,2275.32112,2278.93161,3.61049,0.06162,-0.02418,0.03111,0,0.43311,0.03111,0,0.43311,58.55761,0.4342268,0.00741538,79999.977,75707.471,0.023,4292.529,True,False,-0.6247
250.88,FINE,THRUST,80000.01,30.3471248,0.6891878,387.25349,0.07068,False,False,-0.04182,2275.3909,2278.93162,3.54071,0.06043,-0.02371,0.03032,0,0.42475,0.03032,0,0.42475,58.55891,0.4258264,0.00727176,79999.967,75790.091,0.033,4209.909,True,False,-0.67412
251.04,FINE,THRUST,80000.004,30.3471252,0.6891878,390.21091,0.07014,False,False,-0.03957,2275.45933,2278.93163,3.47229,0.05926,-0.02326,0.02954,0,0.41654,0.02954,0,0.41654,58.56019,0.417589,0.00713094,79999.957,75871.124,0.043,4128.876,True,False,-0.69389
251.2,FINE,THRUST,79999.998,30.3471255,0.6891878,393.21389,0.06961,False,False,-0.03741,2275.52644,2278.93164,3.4052,0.05812,-0.02281,0.02879,0,0.4085,0.02879,0,0.4085,58.56145,0.4095112,0.00699285,79999.948,75950.607,0.052,4049.393,True,False,-0.68872
251.36,FINE,THRUST,79999.991,30.3471258,0.6891879,396.26347,0.06908,False,False,-0.03536,2275.59226,2278.93165,3.33939,0.05699,-0.02237,0.02806,0,0.40061,0.02806,0,0.40061,58.56267,0.4015898,0.00685744,79999.939,76028.57,0.061,3971.43,True,False,-0.6635
251.52,FINE,THRUST,79999.985,30.3471261,0.6891879,399.36075,0.06854,False,False,-0.03345,2275.65681,2278.93166,3.27485,0.05589,-0.02193,0.02736,0,0.39287,0.02736,0,0.39287,58.56388,0.3938215,0.00672465,79999.931,76105.045,0.069,3894.955,True,False,-0.62304
251.68,FINE,THRUST,79999.979,30.3471264,0.6891879,402.50686,0.06801,False,False,-0.03169,2275.72012,2278.93167,3.21155,0.05481,-0.02151,0.0267,0,0.38528,0.0267,0,0.38528,58.56506,0.3862034,0.00659443,79999.924,76180.062,0.076,3819.938,True,False,-0.57199
251.84,FINE,THRUST,79999.973,30.3471266,0.6891879,405.70298,0.06747,False,False,-0.03007,2275.78222,2278.93168,3.14946,0.05375,-0.0211,0.02606,0,0.37783,0.02606,0,0.37783,58.56622,0.3787326,0.00646674,79999.917,76253.648,0.083,3746.352,True,False,-0.5145
252,FINE,THRUST,79999.967,30.3471269,0.6891879,408.95028,0.06694,False,False,-0.0286,2275.84312,2278.93169,3.08857,0.05271,-0.02069,0.02546,0,0.37053,0.02546,0,0.37053,58.56735,0.371406,0.00634152,79999.911,76325.832,0.089,3674.168,True,False,-0.45432
252.16,FINE,THRUST,79999.961,30.3471271,0.689188,412.25003,0.06641,False,False,-0.02726,2275.90285,2278.9317,3.02885,0.05169,-0.02029,0.02488,0,0.36337,0.02488,0,0.36337,58.56847,0.364221,0.00621872,79999.905,76396.637,0.095,3603.363,True,False,-0.39456
252.32,FINE,THRUST,79999.956,30.3471273,0.689188,415.6035,0.06587,False,False,-0.02605,2275.96144,2278.93171,2.97027,0.05069,-0.0199,0.02433,0,0.35635,0.02433,0,0.35635,58.56956,0.3571749,0.0060983,79999.9,76466.09,0.1,3533.91,True,False,-0.3378
252.48,FINE,THRUST,79999.951,30.3471274,0.689188,419.01203,0.06534,False,False,-0.02495,2276.01889,2278.93172,2.91282,0.04971,-0.01951,0.0238,0,0.34946,0.0238,0,0.34946,58.57064,0.3502648,0.00598021,79999.895,76534.216,0.105,3465.784,True,False,-0.28595
252.64,FINE,THRUST,79999.946,30.3471276,0.689188,422.47699,0.0648,False,False,-0.02394,2276.07524,2278.93172,2.85648,0.04875,-0.01913,0.02329,0,0.3427,0.02329,0,0.3427,58.57168,0.3434883,0.00586441,79999.89,76601.038,0.11,3398.962,True,False,-0.24039
252.8,FINE,THRUST,79999.942,30.3471277,0.689188,425.9998,0.06427,False,False,-0.023,2276.13051,2278.93173,2.80122,0.0478,-0.01876,0.02281,0,0.33607,0.02281,0,0.33607,58.57272,0.3368427,0.00575085,79999.885,76666.58,0.115,3333.42,True,False,-0.20194
252.96,FINE,THRUST,79999.937,30.3471278,0.689188,429.58192,0.06373,False,False,-0.02214,2276.18471,2278.93174,2.74703,0.04688,-0.0184,0.02233,0,0.32957,0.02233,0,0.32957,58.57373,0.3303256,0.00563948,79999.881,76730.866,0.119,3269.134,True,False,-0.17098
253.12,FINE,THRUST,79999.933,30.3471279,0.689188,433.22488,0.0632,False,False,-0.02133,2276.23786,2278.93175,2.69389,0.04597,-0.01805,0.02187,0,0.3232,0.02187,0,0.3232,58.57472,0.3239344,0.00553028,79999.877,76793.918,0.123,3206.082,True,False,-0.14748
253.28,FINE,THRUST,79999.93,30.347128,0.6891881,436.93024,0.06267,False,False,-0.02055,2276.28998,2278.93175,2.64177,0.04508,-0.0177,0.02142,0,0.31694,0.02142,0,0.31694,58.57569,0.3176667,0.00542318,79999.873,76855.759,0.127,3144.241,True,False,-0.13103
253.44,FINE,THRUST,79999.926,30.347128,0.6891881,440.69962,0.06213,False,False,-0.01981,2276.3411,2278.93176,2.59066,0.04421,-0.01735,0.02098,0,0.31081,0.02098,0,0.31081,58.57664,0.3115202,0.00531816,79999.869,76916.412,0.131,3083.588,True,False,-0.12108
253.6,FINE,THRUST,79999.923,30.347128,0.6891881,444.53472,0.0616,False,False,-0.01909,2276.39123,2278.93176,2.54053,0.04335,-0.01702,0.02056,0,0.3048,0.02056,0,0.3048,58.57758,0.3054926,0.00521518,79999.865,76975.898,0.135,3024.102,True,False,-0.11685
253.76,FINE,THRUST,79999.92,30.3471281,0.6891881,448.43728,0.06106,False,False,-0.01839,2276.44039,2278.93177,2.49138,0.04251,-0.01669,0.02013,0,0.2989,0.02013,0,0.2989,58.5785,0.2995815,0.00511419,79999.862,77034.24,0.138,2965.76,True,False,-0.11745
253.92,FINE,THRUST,79999.917,30.347128,0.6891881,452.40909,0.06053,False,False,-0.0177,2276.48859,2278.93177,2.44318,0.04169,-0.01637,0.01972,0,0.29312,0.01972,0,0.29312,58.57939,0.2937848,0.00501516,79999.858,77091.459,0.142,2908.541,True,False,-0.12199
254.08,FINE,THRUST,79999.915,30.347128,0.6891881,456.45205,0.05999,False,False,-0.01702,2276.53587,2278.93178,2.39591,0.04088,-0.01605,0.01931,0,0.28745,0.01931,0,0.28745,58.58028,0.2881002,0.00491804,79999.855,77147.576,0.145,2852.424,True,False,-0.12953
254.24,FINE,THRUST,79999.912,30.3471279,0.689188,460.56819,0.05946,False,False,-0.01634,2276.58223,2278.93178,2.34956,0.04009,-0.01574,0.01891,0,0.28189,0.01891,0,0.28189,58.58114,0.2825255,0.00482281,79999.852,77202.612,0.148,2797.388,True,False,-0.13914
254.4,FINE,THRUST,79999.91,30.3471278,0.689188,464.7596,0.05892,False,False,-0.01566,2276.62769,2278.93179,2.3041,0.03932,-0.01544,0.01851,0,0.27644,0.01851,0,0.27644,58.58199,0.2770587,0.00472942,79999.849,77256.588,0.151,2743.412,True,False,-0.14989
254.56,FINE,THRUST,79999.908,30.3471277,0.689188,469.02817,0.05839,False,False,-0.015,2276.67227,2278.93179,2.25952,0.03856,-0.01514,0.01812,0,0.27109,0.01812,0,0.27109,58.58282,0.2716977,0.00463784,79999.846,77309.524,0.154,2690.476,True,False,-0.16118
254.72,FINE,THRUST,79999.905,30.3471275,0.689188,473.3759,0.05785,False,False,-0.01433,2276.71598,2278.93179,2.21581,0.03781,-0.01484,0.01774,0,0.26585,0.01774,0,0.26585,58.58364,0.2664404,0.00454803,79999.843,77361.44,0.157,2638.56,True,False,-0.17233
254.88,FINE,THRUST,79999.903,30.3471274,0.689188,477.80487,0.05732,False,False,-0.01368,2276.75885,2278.9318,2.17294,0.03708,-0.01456,0.01736,0,0.26071,0.01736,0,0.26071,58.58444,0.2612848,0.00445997,79999.84,77412.356,0.16,2587.644,True,False,-0.18289
255.02,FINE,THRUST,79999.901,30.3471272,0.689188,482.31752,0.05678,False,False,-0.01303,2276.80089,2278.9318,2.13091,0.03636,-0.01428,0.01699,0,0.25567,0.01699,0,0.25567,58.58522,0.256229,0.00437361,79999.838,77462.29,0.162,2537.71,True,False,-0.19243
255.2,FINE,THRUST,79999.89,30.3471272,0.689188,486.91514,0.05625,False,False,-0.01239,2276.84213,2278.93181,2.08968,0.03566,-0.014,0.01665,0,0.25072,0.01665,0,0.25072,58.58599,0.2512726,0.00428895,79999.83,77511.265,0.17,2488.735,True,False,-0.19302
255.36,FINE,THRUST,79999.882,30.3471271,0.6891879,491.60041,0.05571,False,False,-0.01177,2276.88259,2278.93183,2.04924,0.03497,-0.01373,0.01635,0,0.24587,0.01635,0,0.24587,58.58675,0.2464132,0.00420595,79999.818,77559.297,0.182,2440.703,True,False,-0.18614
255.52,FINE,THRUST,79999.88,30.347127,0.6891879,496.37801,0.05518,False,False,-0.01115,2276.92224,2278.93184,2.0096,0.03429,-0.01346,0.01601,0,0.24111,0.01601,0,0.24111,58.58748,0.2416456,0.00412453,79999.815,77606.402,0.185,2393.598,True,False,-0.18958
255.68,FINE,THRUST,79999.877,30.3471268,0.6891879,501.24949,0.05464,False,False,-0.01055,2276.96112,2278.93184,1.97072,0.03363,-0.0132,0.01567,0,0.23645,0.01567,0,0.23645,58.58821,0.2369698,0.00404467,79999.813,77652.599,0.187,2347.401,True,False,-0.19412
255.84,FINE,THRUST,79999.869,30.3471268,0.6891879,506.21609,0.05411,False,False,-0.00997,2276.99926,2278.93185,1.93259,0.03298,-0.01295,0.01537,0,0.23188,0.01537,0,0.23188,58.58892,0.2323864,0.00396639,79999.804,77697.91,0.196,2302.09,True,False,-0.18747
256,FINE,THRUST,79999.867,30.3471267,0.6891879,511.28298,0.05357,False,False,-0.0094,2277.03666,2278.93186,1.8952,0.03234,-0.0127,0.01505,0,0.22739,0.01505,0,0.22739,58.58962,0.2278902,0.0038896,79999.801,77742.345,0.199,2257.655,True,False,-0.18813
256.16,FINE,THRUST,79999.866,30.3471265,0.6891878,516.45248,0.05303,False,False,-0.00885,2277.07332,2278.93186,1.85854,0.03171,-0.01245,0.01472,0,0.223,0.01472,0,0.223,58.5903,0.2234806,0.00381429,79999.799,77785.924,0.201,2214.076,True,False,-0.19034
256.32,FINE,THRUST,79999.864,30.3471264,0.6891878,521.72738,0.0525,False,False,-0.00831,2277.10928,2278.93186,1.82258,0.0311,-0.01221,0.01441,0,0.21868,0.01441,0,0.21868,58.59097,0.2191563,0.00374044,79999.798,77828.664,0.202,2171.336,True,False,-0.19209
256.48,FINE,THRUST,79999.863,30.3471263,0.6891878,527.111,0.05196,False,False,-0.00779,2277.14454,2278.93187,1.78733,0.0305,-0.01198,0.0141,0,0.21445,0.0141,0,0.21445,58.59163,0.2149157,0.00366803,79999.796,77870.58,0.204,2129.42,True,False,-0.19332
256.64,FINE,THRUST,79999.862,30.3471262,0.6891878,532.60672,0.05143,False,False,-0.00728,2277.17912,2278.93187,1.75275,0.02991,-0.01174,0.01379,0,0.21031,0.01379,0,0.21031,58.59228,0.2107571,0.00359701,79999.795,77911.688,0.205,2088.312,True,False,-0.19406
256.8,FINE,THRUST,79999.86,30.3471261,0.6891878,538.21804,0.05089,False,False,-0.00679,2277.21303,2278.93187,1.71884,0.02933,-0.01152,0.01349,0,0.20624,0.01349,0,0.20624,58.59291,0.206679,0.00352737,79999.793,77952.005,0.207,2047.995,True,False,-0.1943
256.96,FINE,THRUST,79999.859,30.347126,0.6891878,543.94865,0.05036,False,False,-0.00631,2277.24628,2278.93187,1.68559,0.02876,-0.01129,0.0132,0,0.20225,0.0132,0,0.20225,58.59353,0.2026798,0.00345908,79999.792,77991.544,0.208,2008.456,True,False,-0.194
257.12,FINE,THRUST,79999.858,30.3471259,0.6891878,549.80244,0.04982,False,False,-0.00584,2277.2789,2278.93188,1.65298,0.0282,-0.01108,0.01292,0,0.19834,0.01292,0,0.19834,58.59414,0.198758,0.00339211,79999.791,78030.322,0.209,1969.678,True,False,-0.19323
257.28,FINE,THRUST,79999.857,30.3471258,0.6891878,555.7834,0.04929,False,False,-0.00539,2277.31088,2278.93188,1.621,0.02766,-0.01086,0.01264,0,0.1945,0.01264,0,0.1945,58.59474,0.1949121,0.00332644,79999.79,78068.352,0.21,1931.648,True,False,-0.19196
257.44,FINE,THRUST,79999.856,30.3471257,0.6891878,561.89575,0.04875,False,False,-0.00496,2277.34224,2278.93188,1.58964,0.02712,-0.01065,0.01236,0,0.19074,0.01236,0,0.19074,58.59532,0.1911405,0.00326204,79999.789,78105.649,0.211,1894.351,True,False,-0.19025
257.6,FINE,THRUST,79999.855,30.3471256,0.6891878,568.14387,0.04822,False,False,-0.00454,2277.37299,2278.93188,1.55889,0.0266,-0.01045,0.01209,0,0.18705,0.01209,0,0.18705,58.59589,0.187442,0.00319889,79999.788,78142.228,0.212,1857.772,True,False,-0.18825
257.76,FINE,THRUST,79999.854,30.3471255,0.6891878,574.53231,0.04768,False,False,-0.00413,2277.40315,2278.93188,1.52873,0.02608,-0.01024,0.01183,0,0.18343,0.01183,0,0.18343,58.59646,0.183815,0.00313696,79999.787,78178.102,0.213,1821.898,True,False,-0.18598
257.92,FINE,THRUST,79999.854,30.3471255,0.6891878,581.06589,0.04714,False,False,-0.00373,2277.43273,2278.93188,1.49915,0.02558,-0.01005,0.01158,0,0.17989,0.01158,0,0.17989,58.59701,0.1802582,0.00307623,79999.786,78213.284,0.214,1786.716,True,False,-0.18351
258.08,FINE,THRUST,79999.853,30.3471254,0.6891878,587.74964,0.04661,False,False,-0.00335,2277.46173,2278.93188,1.47015,0.02508,-0.00985,0.01133,0,0.17641,0.01133,0,0.17641,58.59755,0.1767702,0.00301668,79999.786,78247.788,0.214,1752.212,True,False,-0.18085
258.24,FINE,THRUST,79999.852,30.3471253,0.6891878,594.58877,0.04607,False,False,-0.00299,2277.49018,2278.93189,1.44171,0.0246,-0.00966,0.01108,0,0.173,0.01108,0,0.173,58.59808,0.1733496,0.00295828,79999.785,78281.627,0.215,1718.373,True,False,-0.17806
258.4,FINE,THRUST,79999.852,30.3471253,0.6891877,601.58875,0.04554,False,False,-0.00263,2277.51807,2278.93189,1.41382,0.02412,-0.00947,0.01084,0,0.16965,0.01084,0,0.16965,58.5986,0.1699953,0.00290101,79999.784,78314.813,0.216,1685.187,True,False,-0.1752
258.56,FINE,THRUST,79999.851,30.3471252,0.6891877,608.7554,0.045,False,False,-0.00229,2277.54542,2278.93189,1.38646,0.02366,-0.00929,0.01061,0,0.16637,0.01061,0,0.16637,58.59911,0.1667058,0.00284485,79999.784,78347.36,0.216,1652.64,True,False,-0.17228
258.72,FINE,THRUST,79999.851,30.3471252,0.6891877,616.09469,0.04447,False,False,-0.00196,2277.57225,2278.93189,1.35964,0.0232,-0.00911,0.01038,0,0.16315,0.01038,0,0.16315,58.59961,0.16348,0.00278978,79999.784,78379.279,0.216,1620.721,True,False,-0.16935
258.88,FINE,THRUST,79999.85,30.3471251,0.6891877,623.61297,0.04393,False,False,-0.00164,2277.59855,2278.93189,1.33334,0.02275,-0.00893,0.01015,0,0.15999,0.01015,0,0.15999,58.60011,0.1603166,0.00273577,79999.783,78410.583,0.217,1589.417,True,False,-0.16645
259.04,FINE,THRUST,79999.85,30.3471251,0.6891877,631.31688,0.0434,False,False,-0.00134,2277.62435,2278.93189,1.30754,0.02231,-0.00876,0.00994,0,0.1569,0.00994,0,0.1569,58.60059,0.1572144,0.00268281,79999.783,78441.283,0.217,1558.717,True,False,-0.16367
259.2,FINE,THRUST,79999.849,30.347125,0.6891877,639.21336,0.04286,False,False,-0.00104,2277.64965,2278.93189,1.28224,0.02188,-0.00859,0.00972,0,0.15387,0.00972,0,0.15387,58.60106,0.1541723,0.00263088,79999.783,78471.391,0.217,1528.609,True,False,-0.16097
259.36,FINE,THRUST,79999.849,30.347125,0.6891877,647.30975,0.04232,False,False,-0.00075,2277.67446,2278.93189,1.25743,0.02145,-0.00843,0.00951,0,0.15089,0.00951,0,0.15089,58.60152,0.1511889,0.00257995,79999.783,78500.918,0.217,1499.082,True,False,-0.15841
259.52,FINE,THRUST,79999.849,30.347125,0.6891877,655.61382,0.04179,False,False,-0.00048,2277.69879,2278.93189,1.23311,0.02104,-0.00826,0.00931,0,0.14797,0.00931,0,0.14797,58.60197,0.1482633,0.00253001,79999.782,78529.876,0.218,1470.124,True,False,-0.15596
259.68,FINE,THRUST,79999.849,30.3471249,0.6891877,664.13357,0.04125,False,False,-0.00021,2277.72264,2278.93189,1.20925,0.02063,-0.0081,0.0091,0,0.14511,0.0091,0,0.14511,58.60242,0.1453943,0.00248103,79999.782,78558.276,0.218,1441.724,True,False,-0.1537
259.84,FINE,THRUST,79999.849,30.3471249,0.6891877,672.87755,0.04072,False,False,4E-05,2277.74604,2278.93189,1.18585,0.02023,-0.00795,0.00891,0,0.1423,0.00891,0,0.1423,58.60286,0.1425808,0.002433,79999.782,78586.127,0.218,1413.873,True,False,-0.15157
260,FINE,THRUST,79999.848,30.3471249,0.6891877,681.85475,0.04018,False,False,0.00029,2277.76898,2278.93189,1.16291,0.01984,-0.00779,0.00872,0,0.13955,0.00872,0,0.13955,58.60328,0.1398218,0.0023859,79999.782,78613.441,0.218,1386.559,True,False,-0.14952
260.16,FINE,THRUST,79999.848,30.3471248,0.6891877,691.07465,0.03965,False,False,0.00053,2277.79148,2278.93189,1.14041,0.01946,-0.00764,0.00853,0,0.13685,0.00853,0,0.13685,58.6037,0.1371161,0.00233972,79999.783,78640.229,0.217,1359.771,True,False,-0.14752
260.32,FINE,THRUST,79999.848,30.3471248,0.6891877,700.54726,0.03911,False,False,0.00076,2277.81355,2278.93189,1.11834,0.01908,-0.00749,0.00834,0,0.1342,0.00834,0,0.1342,58.60412,0.1344628,0.00229443,79999.783,78666.499,0.217,1333.501,True,False,-0.14555
260.48,FINE,THRUST,79999.848,30.3471248,0.6891877,710.28307,0.03857,False,False,0.00098,2277.83519,2278.93189,1.0967,0.01871,-0.00735,0.00816,0,0.13161,0.00816,0,0.13161,58.60452,0.1318608,0.00225001,79999.783,78692.263,0.217,1307.737,True,False,-0.14361
260.64,FINE,THRUST,79999.848,30.3471247,0.6891877,720.29335,0.03804,False,False,0.00119,2277.85641,2278.93189,1.07549,0.01835,-0.00721,0.00799,0,0.12906,0.00799,0,0.12906,58.60492,0.1293091,0.00220646,79999.783,78717.529,0.217,1282.471,True,False,-0.14172
260.8,FINE,THRUST,79999.841,30.3471247,0.6891877,730.58817,0.0375,False,False,0.0014,2277.87723,2278.9319,1.05467,0.01799,-0.00707,0.00784,0,0.12657,0.00784,0,0.12657,58.6053,0.1268079,0.00216376,79999.779,78742.31,0.221,1257.69,True,False,-0.12852
260.96,FINE,THRUST,79999.841,30.3471247,0.6891877,741.18151,0.03697,False,False,0.0016,2277.89764,2278.93191,1.03426,0.01764,-0.00693,0.0077,0,0.12412,0.0077,0,0.12412,58.60568,0.124355,0.00212189,79999.776,78766.612,0.224,1233.388,True,False,-0.1151
261.12,FINE,THRUST,79999.841,30.3471247,0.6891877,752.0881,0.03643,False,False,0.00179,2277.91766,2278.93191,1.01425,0.0173,-0.0068,0.00753,0,0.12172,0.00753,0,0.12172,58.60606,0.1219486,0.00208082,79999.776,78790.444,0.224,1209.556,True,False,-0.11366
261.28,FINE,THRUST,79999.841,30.3471247,0.6891877,763.32037,0.0359,False,False,0.00197,2277.93728,2278.9319,0.99462,0.01697,-0.00667,0.00737,0,0.11936,0.00737,0,0.11936,58.60643,0.1195887,0.00204054,79999.777,78813.817,0.223,1186.183,True,False,-0.11304
261.44,FINE,THRUST,79999.841,30.3471247,0.6891877,774.89314,0.03536,False,False,0.00214,2277.95653,2278.9319,0.97538,0.01664,-0.00654,0.00721,0,0.11705,0.00721,0,0.11705,58.60678,0.1172745,0.00200104,79999.777,78836.738,0.223,1163.262,True,False,-0.1131
261.6,FINE,THRUST,79999.841,30.3471246,0.6891877,786.82222,0.03482,False,False,0.00231,2277.9754,2278.9319,0.95651,0.01632,-0.00641,0.00706,0,0.11479,0.00706,0,0.11479,58.60714,0.115005,0.0019623,79999.777,78859.216,0.223,1140.784,True,False,-0.11376
261.76,FINE,THRUST,79999.842,30.3471246,0.6891877,799.12418,0.03429,False,False,0.00248,2277.99391,2278.9319,0.938,0.016,-0.00629,0.0069,0,0.11257,0.0069,0,0.11257,58.60748,0.1127795,0.00192432,79999.778,78881.261,0.222,1118.739,True,False,-0.11479
261.92,FINE,THRUST,79999.842,30.3471246,0.6891877,811.81691,0.03375,False,False,0.00264,2278.01206,2278.9319,0.91985,0.01569,-0.00616,0.00675,0,0.11039,0.00675,0,0.11039,58.60782,0.110597,0.00188707,79999.778,78902.88,0.222,1097.12,True,False,-0.116
262.08,FINE,THRUST,79999.842,30.3471245,0.6891877,824.91921,0.03322,False,False,0.00279,2278.02985,2278.9319,0.90205,0.01539,-0.00605,0.00661,0,0.10826,0.00661,0,0.10826,58.60815,0.1084567,0.00185054,79999.779,78924.082,0.221,1075.918,True,False,-0.11725
262.24,FINE,THRUST,79999.843,30.3471245,0.6891877,838.45123,0.03268,False,False,0.00294,2278.04731,2278.9319,0.88459,0.01509,-0.00593,0.00646,0,0.10616,0.00646,0,0.10616,58.60848,0.1063579,0.00181472,79999.779,78944.874,0.221,1055.126,True,False,-0.11838
262.4,FINE,THRUST,79999.843,30.3471245,0.6891877,852.43448,0.03215,False,False,0.00309,2278.06442,2278.9319,0.86748,0.0148,-0.00581,0.00632,0,0.10411,0.00632,0,0.10411,58.6088,0.1042997,0.00177959,79999.78,78965.265,0.22,1034.735,True,False,-0.11932
262.56,FINE,THRUST,79999.843,30.3471245,0.6891877,866.89195,0.03161,False,False,0.00323,2278.08121,2278.9319,0.85069,0.01451,-0.0057,0.00619,0,0.10209,0.00619,0,0.10209,58.60911,0.1022813,0.00174514,79999.781,78985.262,0.219,1014.738,True,False,-0.11999
262.72,FINE,THRUST,79999.844,30.3471245,0.6891877,881.84826,0.03107,False,False,0.00337,2278.09767,2278.9319,0.83423,0.01423,-0.00559,0.00605,0,0.10012,0.00605,0,0.10012,58.60941,0.1003019,0.00171136,79999.781,79004.872,0.219,995.128,True,False,-0.12034
262.88,FINE,THRUST,79999.844,30.3471244,0.6891877,897.32963,0.03054,False,False,0.0035,2278.11381,2278.9319,0.81809,0.01396,-0.00548,0.00592,0,0.09818,0.00592,0,0.09818,58.60972,0.0983609,0.00167824,79999.782,79024.104,0.218,975.896,True,False,-0.12037
263.04,FINE,THRUST,79999.845,30.3471244,0.6891877,913.36411,0.03,False,False,0.00363,2278.12964,2278.9319,0.80226,0.01369,-0.00538,0.00579,0,0.09628,0.00579,0,0.09628,58.61001,0.0964574,0.00164575,79999.783,79042.965,0.217,957.035,True,False,-0.12001
263.2,FINE,THRUST,79999.845,30.3471244,0.6891877,929.98201,0.02947,False,False,0.00375,2278.14516,2278.9319,0.78674,0.01342,-0.00527,0.00567,0,0.09442,0.00567,0,0.09442,58.61031,0.0945908,0.00161389,79999.783,79061.462,0.217,938.538,True,False,-0.11927
263.36,FINE,THRUST,79999.846,30.3471244,0.6891877,947.21563,0.02893,False,False,0.00386,2278.16038,2278.9319,0.77151,0.01316,-0.00517,0.00554,0,0.09259,0.00554,0,0.09259,58.61059,0.0927603,0.00158265,79999.784,79079.601,0.216,920.399,True,False,-0.11823
263.52,FINE,THRUST,79999.846,30.3471244,0.6891877,965.09989,0.02839,False,False,0.00398,2278.17531,2278.9319,0.75658,0.01291,-0.00507,0.00542,0,0.0908,0.00542,0,0.0908,58.61086,0.0909652,0.00155202,79999.785,79097.39,0.215,902.61,True,False,-0.11694
263.68,FINE,THRUST,79999.847,30.3471243,0.6891877,983.67242,0.02786,False,False,0.00408,2278.18995,2278.9319,0.74195,0.01266,-0.00497,0.0053,0,0.08905,0.0053,0,0.08905,58.61114,0.0892048,0.00152198,79999.786,79114.836,0.214,885.164,True,False,-0.11541
263.84,FINE,THRUST,79999.847,30.3471243,0.6891877,1002.97372,0.02732,False,False,0.00418,2278.20431,2278.93189,0.72759,0.01241,-0.00488,0.00519,0,0.08732,0.00519,0,0.08732,58.61141,0.0874785,0.00149252,79999.786,79131.944,0.214,868.056,True,False,-0.11364
264,FINE,THRUST,79999.848,30.3471243,0.6891877,1023.04749,0.02679,False,False,0.00428,2278.21838,2278.93189,0.71351,0.01217,-0.00478,0.00507,0,0.08564,0.00507,0,0.08564,58.61167,0.0857856,0.00146363,79999.787,79148.723,0.213,851.277,True,False,-0.11174
264.16,FINE,THRUST,79999.848,30.3471243,0.6891877,1043.94105,0.02625,False,False,0.00438,2278.23219,2278.93189,0.6997,0.01194,-0.00469,0.00496,0,0.08398,0.00496,0,0.08398,58.61193,0.0841255,0.0014353,79999.788,79165.177,0.212,834.823,True,False,-0.10978
264.32,FINE,THRUST,79999.849,30.3471243,0.6891877,1065.70578,0.02571,False,False,0.00446,2278.24573,2278.93189,0.68616,0.01171,-0.0046,0.00485,0,0.08235,0.00485,0,0.08235,58.61218,0.0824975,0.00140751,79999.789,79181.313,0.211,818.687,True,False,-0.10781
264.48,FINE,THRUST,79999.849,30.3471243,0.6891877,1088.39717,0.02518,False,False,0.00455,2278.25901,2278.93189,0.67289,0.01148,-0.00451,0.00475,0,0.08076,0.00475,0,0.08076,58.61243,0.080901,0.00138027,79999.79,79197.138,0.21,802.862,True,False,-0.10584
264.64,FINE,THRUST,79999.85,30.3471243,0.6891877,1112.07582,0.02464,False,False,0.00463,2278.27203,2278.93189,0.65986,0.01126,-0.00442,0.00464,0,0.0792,0.00464,0,0.0792,58.61267,0.0793354,0.00135355,79999.791,79212.657,0.209,787.343,True,False,-0.10389
264.8,FINE,THRUST,79999.85,30.3471242,0.6891876,1136.80754,0.02411,False,False,0.00471,2278.28479,2278.93189,0.6471,0.01104,-0.00434,0.00454,0,0.07767,0.00454,0,0.07767,58.61291,0.0778001,0.00132735,79999.791,79227.876,0.209,772.124,True,False,-0.10199
264.96,FINE,THRUST,79999.851,30.3471242,0.6891876,1162.66398,0.02357,False,False,0.00478,2278.29731,2278.93189,0.63457,0.01083,-0.00425,0.00444,0,0.07616,0.00444,0,0.07616,58.61314,0.0762944,0.00130166,79999.792,79242.802,0.208,757.198,True,False,-0.10016
265.12,FINE,THRUST,79999.852,30.3471242,0.6891876,1189.72396,0.02303,False,False,0.00485,2278.30959,2278.93189,0.62229,0.01062,-0.00417,0.00435,0,0.07469,0.00435,0,0.07469,58.61337,0.074818,0.00127647,79999.793,79257.439,0.207,742.561,True,False,-0.09838
265.28,FINE,THRUST,79999.852,30.3471242,0.6891876,1218.07352,0.0225,False,False,0.00491,2278.32163,2278.93189,0.61025,0.01041,-0.00409,0.00425,0,0.07325,0.00425,0,0.07325,58.6136,0.07337,0.00125176,79999.794,79271.793,0.206,728.207,True,False,-0.09672
265.44,FINE,THRUST,79999.853,30.3471242,0.6891876,1247.80687,0.02196,False,False,0.00497,2278.33344,2278.93189,0.59844,0.01021,-0.00401,0.00416,0,0.07183,0.00416,0,0.07183,58.61382,0.0719502,0.00122753,79999.795,79285.87,0.205,714.13,True,False,-0.09516
265.6,FINE,THRUST,79999.853,30.3471242,0.6891876,1279.02817,0.02143,False,False,0.00503,2278.34502,2278.93188,0.58686,0.01001,-0.00393,0.00407,0,0.07044,0.00407,0,0.07044,58.61403,0.0705577,0.00120377,79999.796,79299.675,0.204,700.325,True,False,-0.09368
265.76,FINE,THRUST,79999.854,30.3471242,0.6891876,1311.85159,0.02089,False,False,0.00509,2278.35638,2278.93188,0.57551,0.00982,-0.00386,0.00398,0,0.06908,0.00398,0,0.06908,58.61425,0.0691923,0.00118047,79999.797,79313.214,0.203,686.786,True,False,-0.09236
265.92,FINE,THRUST,79999.855,30.3471242,0.6891876,1346.40382,0.02035,False,False,0.00514,2278.36751,2278.93188,0.56437,0.00963,-0.00378,0.00389,0,0.06774,0.00389,0,0.06774,58.61445,0.0678532,0.00115762,79999.798,79326.49,0.202,673.51,True,False,-0.09117
266.08,FINE,THRUST,79999.855,30.3471242,0.6891876,1382.82511,0.01982,False,False,0.00519,2278.37843,2278.93188,0.55345,0.00944,-0.00371,0.00381,0,0.06643,0.00381,0,0.06643,58.61466,0.0665401,0.00113521,79999.799,79339.511,0.201,660.489,True,False,-0.09009
266.24,FINE,THRUST,79999.856,30.3471242,0.6891876,1421.27163,0.01928,False,False,0.00524,2278.38914,2278.93188,0.54274,0.00926,-0.00364,0.00372,0,0.06515,0.00372,0,0.06515,58.61486,0.0652523,0.00111324,79999.8,79352.279,0.2,647.721,True,False,-0.08915
266.4,FINE,THRUST,79999.857,30.3471241,0.6891876,1461.9169,0.01875,False,False,0.00528,2278.39964,2278.93188,0.53223,0.00908,-0.00357,0.00364,0,0.06389,0.00364,0,0.06389,58.61505,0.0639895,0.00109169,79999.801,79364.801,0.199,635.199,True,False,-0.08827
266.56,FINE,THRUST,79999.857,30.3471241,0.6891876,1504.95498,0.01821,False,False,0.00532,2278.40994,2278.93188,0.52193,0.0089,-0.0035,0.00356,0,0.06265,0.00356,0,0.06265,58.61525,0.0627511,0.00107056,79999.802,79377.081,0.198,622.919,True,False,-0.08741
266.72,FINE,THRUST,79999.858,30.3471241,0.6891876,1550.60358,0.01767,False,False,0.00536,2278.42004,2278.93188,0.51183,0.00873,-0.00343,0.00348,0,0.06144,0.00348,0,0.06144,58.61543,0.0615367,0.00104984,79999.803,79389.124,0.197,610.876,True,False,-0.08654
266.88,FINE,THRUST,79999.859,30.3471241,0.6891876,1599.10773,0.01714,False,False,0.0054,2278.42995,2278.93188,0.50193,0.00856,-0.00336,0.00341,0,0.06025,0.00341,0,0.06025,58.61562,0.0603458,0.00102952,79999.804,79400.934,0.196,599.066,True,False,-0.08566
267.04,FINE,THRUST,79999.86,30.3471241,0.6891876,1650.74407,0.0166,False,False,0.00544,2278.43966,2278.93187,0.49222,0.0084,-0.0033,0.00333,0,0.05908,0.00333,0,0.05908,58.6158,0.0591779,0.00100959,79999.805,79412.516,0.195,587.484,True,False,-0.08478
267.2,FINE,THRUST,79999.86,30.3471241,0.6891876,1705.82608,0.01607,False,False,0.00547,2278.44918,2278.93187,0.48269,0.00823,-0.00324,0.00326,0,0.05794,0.00326,0,0.05794,58.61598,0.0580326,0.00099005,79999.806,79423.874,0.194,576.126,True,False,-0.08395
267.36,FINE,THRUST,79999.861,30.3471241,0.6891876,1764.71045,0.01553,False,False,0.0055,2278.45852,2278.93187,0.47335,0.00807,-0.00317,0.00319,0,0.05682,0.00319,0,0.05682,58.61615,0.0569095,0.00097088,79999.807,79435.012,0.193,564.988,True,False,-0.0831
267.52,FINE,THRUST,79999.862,30.3471241,0.6891876,1827.80519,0.01499,False,False,0.00553,2278.46768,2278.93187,0.46419,0.00792,-0.00311,0.00311,0,0.05572,0.00311,0,0.05572,58.61632,0.0558082,0.00095209,79999.808,79445.935,0.192,554.065,True,False,-0.08227
267.68,FINE,THRUST,79999.862,30.3471241,0.6891876,1895.57832,0.01446,False,False,0.00555,2278.47666,2278.93187,0.45521,0.00777,-0.00305,0.00305,0,0.05464,0.00305,0,0.05464,58.61649,0.0547281,0.00093366,79999.809,79456.647,0.191,543.353,True,False,-0.08142
267.84,FINE,THRUST,79999.863,30.3471241,0.6891876,1968.57094,0.01392,False,False,0.00558,2278.48547,2278.93187,0.4464,0.00762,-0.00299,0.00298,0,0.05359,0.00298,0,0.05359,58.61665,0.0536689,0.00091559,79999.81,79467.152,0.19,532.848,True,False,-0.08054
268,FINE,THRUST,79999.864,30.3471241,0.6891876,2047.40918,0.01339,False,False,0.0056,2278.49411,2278.93187,0.43776,0.00747,-0.00293,0.00291,0,0.05255,0.00291,0,0.05255,58.61682,0.0526303,0.00089787,79999.811,79477.454,0.189,522.546,True,False,-0.07967
268.16,FINE,THRUST,79999.865,30.3471241,0.6891876,2132.82526,0.01285,False,False,0.00562,2278.50258,2278.93187,0.42929,0.00732,-0.00288,0.00285,0,0.05153,0.00285,0,0.05153,58.61697,0.0516117,0.00088049,79999.812,79487.557,0.188,512.443,True,False,-0.07882
268.32,FINE,THRUST,79999.865,30.3471241,0.6891876,2225.67762,0.01231,False,False,0.00563,2278.51089,2278.93186,0.42098,0.00718,-0.00282,0.00278,0,0.05054,0.00278,0,0.05054,58.61713,0.0506128,0.00086345,79999.813,79497.465,0.187,502.535,True,False,-0.078
268.48,FINE,THRUST,79999.866,30.3471241,0.6891876,2326.98308,0.01178,False,False,0.00565,2278.51903,2278.93186,0.41283,0.00704,-0.00277,0.00272,0,0.04956,0.00272,0,0.04956,58.61728,0.0496333,0.00084674,79999.814,79507.181,0.186,492.819,True,False,-0.07717
268.64,FINE,THRUST,79999.867,30.3471241,0.6891876,2437.94892,0.01124,False,False,0.00567,2278.52702,2278.93186,0.40484,0.00691,-0.00271,0.00266,0,0.0486,0.00266,0,0.0486,58.61743,0.0486728,0.00083035,79999.815,79516.71,0.185,483.29,True,False,-0.07637
268.8,FINE,THRUST,79999.862,30.3471241,0.6891876,2560.02714,0.01071,False,False,0.00568,2278.53485,2278.93186,0.39701,0.00677,-0.00266,0.0026,0,0.04766,0.0026,0,0.04766,58.61757,0.0477308,0.00081427,79999.816,79526.054,0.184,473.946,True,False,-0.07558
268.96,FINE,THRUST,79999.86,30.3471242,0.6891876,2694.93306,0.01017,False,False,0.00569,2278.54256,2278.93187,0.38931,0.00664,-0.00261,0.00259,0,0.04674,0.00259,0,0.04674,58.61772,0.0468087,0.00079854,79999.81,79535.221,0.19,464.779,True,False,-0.01345
269.12,FINE,THRUST,79999.861,30.3471242,0.6891876,2844.8929,0.00963,False,False,0.0057,2278.55009,2278.93187,0.38178,0.00651,-0.00256,0.00254,0,0.04583,0.00254,0,0.04583,58.61786,0.0459028,0.00078309,79999.811,79544.207,0.189,455.793,True,False,-0.01283
269.28,FINE,THRUST,79999.862,30.3471242,0.6891876,3012.52433,0.0091,False,False,0.0057,2278.55748,2278.93187,0.37439,0.00639,-0.00251,0.00248,0,0.04495,0.00248,0,0.04495,58.61799,0.0450144,0.00076793,79999.812,79553.02,0.188,446.98,True,False,-0.0146
269.44,FINE,THRUST,79999.863,30.3471242,0.6891876,3201.14572,0.00856,False,False,0.00571,2278.56473,2278.93187,0.36714,0.00626,-0.00246,0.00243,0,0.04408,0.00243,0,0.04408,58.61813,0.0441431,0.00075306,79999.813,79561.663,0.187,438.337,True,False,-0.01874
269.6,FINE,THRUST,79999.864,30.3471242,0.6891876,3414.96382,0.00803,False,False,0.00571,2278.57183,2278.93187,0.36004,0.00614,-0.00241,0.00237,0,0.04322,0.00237,0,0.04322,58.61827,0.0432887,0.00073849,79999.814,79570.139,0.186,429.861,True,False,-0.02468
269.76,FINE,THRUST,79999.865,30.3471241,0.6891876,3659.38816,0.00749,False,False,0.00572,2278.5788,2278.93187,0.35307,0.00602,-0.00237,0.00232,0,0.04239,0.00232,0,0.04239,58.61839,0.0424509,0.00072419,79999.815,79578.451,0.185,421.549,True,False,-0.03193
269.92,FINE,THRUST,79999.865,30.3471241,0.6891876,3941.49661,0.00695,False,False,0.00572,2278.58563,2278.93186,0.34623,0.00591,-0.00232,0.00227,0,0.04157,0.00227,0,0.04157,58.61852,0.0416292,0.00071017,79999.816,79586.602,0.184,413.398,True,False,-0.03986
270.08,FINE,THRUST,79999.866,30.3471241,0.6891876,4270.73102,0.00642,False,False,0.00573,2278.59233,2278.93186,0.33953,0.00579,-0.00228,0.00222,0,0.04076,0.00222,0,0.04076,58.61864,0.0408234,0.00069642,79999.817,79594.595,0.183,405.405,True,False,-0.04799
270.24,FINE,THRUST,79999.867,30.3471241,0.6891876,4659.9763,0.00588,False,False,0.00573,2278.5989,2278.93186,0.33296,0.00568,-0.00223,0.00217,0,0.03997,0.00217,0,0.03997,58.61877,0.0400333,0.00068294,79999.818,79602.433,0.182,397.567,True,False,-0.05593
270.4,FINE,THRUST,79999.868,30.3471241,0.6891876,5127.29005,0.00535,False,False,0.00574,2278.60534,2278.93186,0.32652,0.00557,-0.00219,0.00212,0,0.0392,0.00212,0,0.0392,58.61889,0.0392584,0.00066972,79999.819,79610.12,0.181,389.88,True,False,-0.06331
270.56,FINE,THRUST,79999.861,30.3471242,0.6891876,5698.70467,0.00481,False,False,0.00574,2278.61167,2278.93186,0.32019,0.00546,-0.00215,0.00209,0,0.03844,0.00209,0,0.03844,58.61901,0.0384991,0.00065677,79999.818,79617.66,0.182,382.34,True,False,-0.04494
270.72,FINE,THRUST,79999.862,30.3471242,0.6891876,6413.37746,0.00427,False,False,0.00575,2278.61788,2278.93187,0.31399,0.00536,-0.0021,0.00207,0,0.0377,0.00207,0,0.0377,58.61912,0.0377551,0.00064407,79999.813,79625.054,0.187,374.946,True,False,0.00134
270.88,FINE,THRUST,79999.863,30.3471242,0.6891876,7333.19865,0.00374,False,False,0.00575,2278.62396,2278.93187,0.30791,0.00525,-0.00206,0.00203,0,0.03697,0.00203,0,0.03697,58.61924,0.0370243,0.00063161,79999.815,79632.304,0.185,367.696,True,False,-0.00513
271.04,FINE,THRUST,79999.864,30.3471242,0.6891876,8561.03217,0.0032,False,False,0.00575,2278.62991,2278.93187,0.30195,0.00515,-0.00202,0.00198,0,0.03625,0.00198,0,0.03625,58.61935,0.0363077,0.00061938,79999.816,79639.414,0.184,360.586,True,False,-0.01203
271.2,FINE,THRUST,79999.864,30.3471242,0.6891876,10282.70105,0.00267,False,False,0.00575,2278.63576,2278.93187,0.29611,0.00505,-0.00198,0.00193,0,0.03555,0.00193,0,0.03555,58.61946,0.0356049,0.00060739,79999.817,79646.386,0.183,353.614,True,False,-0.02058
271.36,FINE,THRUST,79999.865,30.3471242,0.6891876,12871.11577,0.00213,False,False,0.00575,2278.64149,2278.93186,0.29038,0.00495,-0.00195,0.00189,0,0.03486,0.00189,0,0.03486,58.61957,0.0349157,0.00059563,79999.818,79653.223,0.182,346.777,True,False,-0.03022
271.52,FINE,THRUST,79999.866,30.3471242,0.6891876,17201.02609,0.00159,False,False,0.00575,2278.64711,2278.93186,0.28476,0.00486,-0.00191,0.00185,0,0.03419,0.00185,0,0.03419,58.61967,0.0342399,0.0005841,79999.819,79659.928,0.181,340.072,True,False,-0.04029
271.68,FINE,THRUST,79999.867,30.3471242,0.6891876,25920.81794,0.00106,False,False,0.00576,2278.65262,2278.93186,0.27924,0.00476,-0.00187,0.0018,0,0.03353,0.0018,0,0.03353,58.61977,0.0335771,0.0005728,79999.82,79666.503,0.18,333.497,True,False,-0.05028
271.84,FINE,THRUST,79999.868,30.3471242,0.6891876,52570.05997,0.00052,False,False,0.00576,2278.65802,2278.93186,0.27384,0.00467,-0.00184,0.00176,0,0.03288,0.00176,0,0.03288,58.61987,0.0329272,0.00056171,79999.821,79672.951,0.179,327.049,True,False,-0.05974
272,FINE,THRUST,79999.869,30.3471242,0.6891876,27.40895,0,False,False,0.00576,2278.66332,2278.93186,0.26854,0.00458,-0.0018,0.00172,0,0.03224,0.00172,0,0.03224,58.61997,0.0322899,0.00055083,79999.822,79679.275,0.178,320.725,True,False,-0.06822
272.16,FINE,THRUST,79999.87,30.3471242,0.6891876,27.40901,0,False,False,0.00576,2278.66852,2278.93186,0.26334,0.00449,-0.00177,0.00168,0,0.03162,0.00168,0,0.03162,58.62007,0.0316649,0.00054017,79999.823,79685.476,0.177,314.524,True,False,-0.07546
272.32,FINE,THRUST,79999.87,30.3471242,0.6891876,27.40907,0,False,False,0.00576,2278.67361,2278.93186,0.25824,0.00441,-0.00173,0.00164,0,0.03101,0.00164,0,0.03101,58.62017,0.031052,0.00052972,79999.824,79691.557,0.176,308.443,True,False,-0.08128
272.48,FINE,THRUST,79999.871,30.3471242,0.6891876,27.40913,0,False,False,0.00576,2278.67861,2278.93185,0.25325,0.00432,-0.0017,0.0016,0,0.03041,0.0016,0,0.03041,58.62026,0.030451,0.00051946,79999.826,79697.52,0.174,302.48,True,False,-0.08566
272.64,FINE,THRUST,79999.872,30.3471242,0.6891876,27.40919,0,False,False,0.00576,2278.68351,2278.93185,0.24834,0.00424,-0.00166,0.00156,0,0.02982,0.00156,0,0.02982,58.62035,0.0298617,0.00050941,79999.827,79703.368,0.173,296.632,True,False,-0.08859
272.8,FINE,THRUST,79999.873,30.3471242,0.6891876,27.40925,0,False,False,0.00576,2278.68831,2278.93185,0.24354,0.00415,-0.00163,0.00153,0,0.02924,0.00153,0,0.02924,58.62044,0.0292838,0.00049955,79999.828,79709.103,0.172,290.897,True,False,-0.09016
272.96,FINE,THRUST,79999.873,30.3471242,0.6891876,27.4093,0,False,False,0.00576,2278.69303,2278.93185,0.23882,0.00407,-0.0016,0.00149,0,0.02868,0.00149,0,0.02868,58.62052,0.028717,0.00048988,79999.829,79714.727,0.171,285.273,True,False,-0.09044
273.12,FINE,THRUST,79999.874,30.3471242,0.6891876,27.40936,0,False,False,0.00576,2278.69765,2278.93185,0.2342,0.004,-0.00157,0.00146,0,0.02812,0.00146,0,0.02812,58.62061,0.0281613,0.0004804,79999.83,79720.242,0.17,279.758,True,False,-0.0896
273.28,FINE,THRUST,79999.875,30.3471242,0.6891876,27.40941,0,False,False,0.00576,2278.70218,2278.93185,0.22967,0.00392,-0.00154,0.00142,0,0.02758,0.00142,0,0.02758,58.6207,0.0276163,0.0004711,79999.831,79725.651,0.169,274.349,True,False,-0.08784
273.44,FINE,THRUST,79999.875,30.3471242,0.6891876,27.40947,0,False,False,0.00575,2278.70662,2278.93185,0.22522,0.00384,-0.00151,0.00139,0,0.02705,0.00139,0,0.02705,58.62078,0.0270818,0.00046198,79999.832,79730.955,0.168,269.045,True,False,-0.08544
273.6,FINE,THRUST,79999.876,30.3471242,0.6891876,27.40952,0,False,False,0.00574,2278.71098,2278.93185,0.22087,0.00377,-0.00148,0.00136,0,0.02652,0.00136,0,0.02652,58.62086,0.0265577,0.00045304,79999.833,79736.156,0.167,263.844,True,False,-0.08258
273.76,FINE,THRUST,79999.877,30.3471242,0.6891876,27.40957,0,False,False,0.00574,2278.71526,2278.93185,0.21659,0.00369,-0.00145,0.00132,0,0.02601,0.00132,0,0.02601,58.62094,0.0260438,0.00044427,79999.834,79741.257,0.166,258.743,True,False,-0.07949
273.92,FINE,THRUST,79999.877,30.3471242,0.6891876,27.40962,0,False,False,0.00573,2278.71945,2278.93184,0.2124,0.00362,-0.00142,0.00129,0,0.02551,0.00129,0,0.02551,58.62102,0.0255398,0.00043568,79999.836,79746.26,0.164,253.74,True,False,-0.07635
274.08,FINE,THRUST,79999.878,30.3471242,0.6891876,27.40967,0,False,False,0.00572,2278.72356,2278.93184,0.20829,0.00355,-0.0014,0.00126,0,0.02501,0.00126,0,0.02501,58.6211,0.0250455,0.00042724,79999.837,79751.165,0.163,248.835,True,False,-0.07335
274.24,FINE,THRUST,79999.879,30.3471242,0.6891876,27.40972,0,False,False,0.00571,2278.72759,2278.93184,0.20426,0.00348,-0.00137,0.00123,0,0.02453,0.00123,0,0.02453,58.62117,0.0245608,0.00041898,79999.838,79755.976,0.162,244.024,True,False,-0.07057
274.4,FINE,THRUST,79999.879,30.3471242,0.6891876,27.40977,0,False,False,0.00569,2278.73154,2278.93184,0.2003,0.00342,-0.00134,0.00121,0,0.02406,0.00121,0,0.02406,58.62125,0.0240855,0.00041087,79999.839,79760.694,0.161,239.306,True,False,-0.06814
274.56,FINE,THRUST,79999.88,30.3471242,0.6891876,27.40981,0,False,False,0.00568,2278.73541,2278.93184,0.19642,0.00335,-0.00132,0.00118,0,0.02359,0.00118,0,0.02359,58.62132,0.0236194,0.00040291,79999.84,79765.321,0.16,234.679,True,False,-0.0661
274.72,FINE,THRUST,79999.881,30.3471242,0.6891876,27.40986,0,False,False,0.00567,2278.73922,2278.93184,0.19262,0.00329,-0.00129,0.00115,0,0.02313,0.00115,0,0.02313,58.62139,0.0231623,0.00039512,79999.841,79769.858,0.159,230.142,True,False,-0.06454
274.88,FINE,THRUST,79999.881,30.3471242,0.6891876,27.4099,0,False,False,0.00565,2278.74294,2278.93184,0.18889,0.00322,-0.00127,0.00112,0,0.02269,0.00112,0,0.02269,58.62146,0.022714,0.00038747,79999.842,79774.308,0.158,225.692,True,False,-0.06349
275.04,FINE,THRUST,79999.882,30.3471242,0.6891876,27.40995,0,False,False,0.00564,2278.7466,2278.93184,0.18524,0.00316,-0.00124,0.0011,0,0.02225,0.0011,0,0.02225,58.62153,0.0222745,0.00037997,79999.843,79778.671,0.157,221.329,True,False,-0.06293
275.2,FINE,THRUST,79999.883,30.3471242,0.6891876,27.40999,0,False,False,0.00563,2278.75018,2278.93184,0.18165,0.0031,-0.00122,0.00107,0,0.02182,0.00107,0,0.02182,58.62159,0.0218434,0.00037262,79999.844,79782.95,0.156,217.05,True,False,-0.06285
275.36,FINE,THRUST,79999.883,30.3471242,0.6891876,27.41003,0,False,False,0.00561,2278.7537,2278.93183,0.17814,0.00304,-0.00119,0.00104,0,0.0214,0.00104,0,0.0214,58.62166,0.0214206,0.0003654,79999.845,79787.146,0.155,212.854,True,False,-0.06315
275.52,FINE,THRUST,79999.884,30.3471242,0.6891876,27.41008,0,False,False,0.00559,2278.75715,2278.93183,0.17469,0.00298,-0.00117,0.00102,0,0.02098,0.00102,0,0.02098,58.62172,0.0210061,0.00035833,79999.847,79791.261,0.153,208.739,True,False,-0.06377
275.68,FINE,THRUST,79999.885,30.3471242,0.6891876,27.41012,0,False,False,0.00558,2278.76053,2278.93183,0.17131,0.00292,-0.00115,0.001,0,0.02058,0.001,0,0.02058,58.62178,0.0205995,0.0003514,79999.848,79795.297,0.152,204.703,True,False,-0.06459
275.84,FINE,THRUST,79999.885,30.3471242,0.6891876,27.41016,0,False,False,0.00556,2278.76384,2278.93183,0.16799,0.00287,-0.00113,0.00097,0,0.02018,0.00097,0,0.02018,58.62185,0.0202009,0.0003446,79999.849,79799.254,0.151,200.746,True,False,-0.06548
276,FINE,THRUST,79999.886,30.3471242,0.6891876,27.4102,0,False,False,0.00555,2278.76709,2278.93183,0.16474,0.00281,-0.0011,0.00095,0,0.01979,0.00095,0,0.01979,58.62191,0.0198099,0.00033793,79999.85,79803.135,0.15,196.865,True,False,-0.0664
276.16,FINE,THRUST,79999.887,30.3471242,0.6891876,27.41023,0,False,False,0.00553,2278.77028,2278.93183,0.16155,0.00276,-0.00108,0.00092,0,0.0194,0.00092,0,0.0194,58.62197,0.0194265,0.00033139,79999.851,79806.941,0.149,193.059,True,False,-0.06727
276.32,FINE,THRUST,79999.887,30.3471242,0.6891876,27.41027,0,False,False,0.00551,2278.7734,2278.93183,0.15842,0.0027,-0.00106,0.0009,0,0.01903,0.0009,0,0.01903,58.62202,0.0190506,0.00032497,79999.852,79810.673,0.148,189.327,True,False,-0.06798
276.48,FINE,THRUST,79999.888,30.3471242,0.6891876,27.41031,0,False,False,0.00549,2278.77647,2278.93183,0.15536,0.00265,-0.00104,0.00088,0,0.01866,0.00088,0,0.01866,58.62209,0.0186819,0.00031868,79999.853,79814.333,0.147,185.667,True,False,-0.06856
276.64,FINE,THRUST,79999.889,30.3471242,0.6891876,27.41034,0,False,False,0.00548,2278.77948,2278.93183,0.15235,0.0026,-0.00102,0.00086,0,0.0183,0.00086,0,0.0183,58.62214,0.0183204,0.00031252,79999.854,79817.923,0.146,182.077,True,False,-0.06893
276.8,FINE,THRUST,79999.889,30.3471242,0.6891876,27.41038,0,False,False,0.00546,2278.78242,2278.93182,0.1494,0.00255,-0.001,0.00084,0,0.01795,0.00084,0,0.01795,58.62219,0.0179658,0.00030647,79999.855,79821.443,0.145,178.557,True,False,-0.06915
276.96,FINE,THRUST,79999.89,30.3471242,0.6891876,27.41041,0,False,False,0.00544,2278.78532,2278.93182,0.14651,0.0025,-0.00098,0.00082,0,0.0176,0.00082,0,0.0176,58.62225,0.0176181,0.00030054,79999.856,79824.894,0.144,175.106,True,False,-0.06921
277.12,FINE,THRUST,79999.891,30.3471242,0.6891876,27.41045,0,False,False,0.00542,2278.78815,2278.93182,0.14367,0.00245,-0.00096,0.0008,0,0.01726,0.0008,0,0.01726,58.6223,0.0172772,0.00029472,79999.857,79828.279,0.143,171.721,True,False,-0.06912
277.28,FINE,THRUST,79999.891,30.3471242,0.6891876,27.41048,0,False,False,0.0054,2278.79093,2278.93182,0.14089,0.0024,-0.00094,0.00078,0,0.01692,0.00078,0,0.01692,58.62235,0.0169428,0.00028902,79999.858,79831.599,0.142,168.401,True,False,-0.06898
277.44,FINE,THRUST,79999.892,30.3471242,0.6891876,27.41051,0,False,False,0.00538,2278.79366,2278.93182,0.13816,0.00236,-0.00093,0.00076,0,0.0166,0.00076,0,0.0166,58.6224,0.0166149,0.00028342,79999.859,79834.854,0.141,165.146,True,False,-0.06865
277.6,FINE,THRUST,79999.892,30.3471242,0.6891876,27.41055,0,False,False,0.00536,2278.79633,2278.93182,0.13549,0.00231,-0.00091,0.00074,0,0.01628,0.00074,0,0.01628,58.62245,0.0162934,0.00027794,79999.86,79838.047,0.14,161.953,True,False,-0.06824
277.76,FINE,THRUST,79999.893,30.3471242,0.6891876,27.41058,0,False,False,0.00534,2278.79895,2278.93182,0.13287,0.00227,-0.00089,0.00072,0,0.01596,0.00072,0,0.01596,58.6225,0.0159781,0.00027256,79999.861,79841.177,0.139,158.823,True,False,-0.06775
277.92,FINE,THRUST,79999.894,30.3471242,0.6891876,27.41061,0,False,False,0.00532,2278.80152,2278.93182,0.13029,0.00222,-0.00087,0.0007,0,0.01565,0.0007,0,0.01565,58.62255,0.0156689,0.00026728,79999.862,79844.247,0.138,155.753,True,False,-0.06717
278.08,FINE,THRUST,79999.894,30.3471242,0.6891876,27.41064,0,False,False,0.0053,2278.80404,2278.93182,0.12777,0.00218,-0.00086,0.00069,0,0.01535,0.00069,0,0.01535,58.6226,0.0153657,0.00026211,79999.864,79847.258,0.136,152.742,True,False,-0.06653
278.24,FINE,THRUST,79999.895,30.3471242,0.6891876,27.41067,0,False,False,0.00528,2278.80652,2278.93181,0.1253,0.00214,-0.00084,0.00067,0,0.01505,0.00067,0,0.01505,58.62264,0.0150683,0.00025704,79999.865,79850.211,0.135,149.789,True,False,-0.06582
278.4,FINE,THRUST,79999.895,30.3471242,0.6891876,27.4107,0,False,False,0.00526,2278.80894,2278.93181,0.12287,0.0021,-0.00082,0.00065,0,0.01476,0.00065,0,0.01476,58.62269,0.0147768,0.00025207,79999.866,79853.106,0.134,146.894,True,False,-0.06512
278.56,FINE,THRUST,79999.896,30.3471242,0.6891876,27.41073,0,False,False,0.00524,2278.81132,2278.93181,0.12049,0.00206,-0.00081,0.00064,0,0.01448,0.00064,0,0.01448,58.62274,0.0144908,0.00024719,79999.867,79855.946,0.133,144.054,True,False,-0.06448
278.72,FINE,THRUST,79999.897,30.3471242,0.6891876,27.41076,0,False,False,0.00521,2278.81365,2278.93181,0.11816,0.00202,-0.00079,0.00062,0,0.0142,0.00062,0,0.0142,58.62278,0.0142104,0.0002424,79999.868,79858.73,0.132,141.27,True,False,-0.06393
278.88,FINE,THRUST,79999.897,30.3471242,0.6891876,27.41078,0,False,False,0.00519,2278.81594,2278.93181,0.11587,0.00198,-0.00078,0.00061,0,0.01392,0.00061,0,0.01392,58.62282,0.0139354,0.00023771,79999.869,79861.461,0.131,138.539,True,False,-0.06343
279.04,FINE,THRUST,79999.898,30.3471242,0.6891876,27.41081,0,False,False,0.00517,2278.81818,2278.93181,0.11363,0.00194,-0.00076,0.00059,0,0.01365,0.00059,0,0.01365,58.62286,0.0136657,0.00023311,79999.87,79864.139,0.13,135.861,True,False,-0.06303
279.2,FINE,THRUST,79999.898,30.3471242,0.6891876,27.41084,0,False,False,0.00515,2278.82038,2278.93181,0.11143,0.0019,-0.00075,0.00058,0,0.01339,0.00058,0,0.01339,58.62291,0.0134013,0.0002286,79999.871,79866.765,0.129,133.235,True,False,-0.06262
279.36,FINE,THRUST,79999.899,30.3471242,0.6891876,27.41086,0,False,False,0.00513,2278.82253,2278.93181,0.10927,0.00186,-0.00073,0.00056,0,0.01313,0.00056,0,0.01313,58.62294,0.013142,0.00022418,79999.872,79869.34,0.128,130.66,True,False,-0.06229
279.52,FINE,THRUST,79999.899,30.3471242,0.6891876,27.41089,0,False,False,0.0051,2278.82465,2278.93181,0.10716,0.00183,-0.00072,0.00055,0,0.01288,0.00055,0,0.01288,58.62298,0.0128877,0.00021984,79999.873,79871.865,0.127,128.135,True,False,-0.06197
279.68,FINE,THRUST,79999.9,30.3471242,0.6891876,27.41091,0,False,False,0.00508,2278.82672,2278.93181,0.10508,0.00179,-0.0007,0.00053,0,0.01263,0.00053,0,0.01263,58.62302,0.0126383,0.00021559,79999.874,79874.342,0.126,125.658,True,False,-0.0617
279.84,FINE,THRUST,79999.9,30.3471242,0.6891876,27.41094,0,False,False,0.00506,2278.82876,2278.93181,0.10305,0.00176,-0.00069,0.00052,0,0.01238,0.00052,0,0.01238,58.62306,0.0123937,0.00021141,79999.875,79876.771,0.125,123.229,True,False,-0.06148
280,FINE,THRUST,79999.901,30.3471242,0.6891876,27.41096,0,False,False,0.00504,2278.83075,2278.9318,0.10105,0.00172,-0.00068,0.00051,0,0.01214,0.00051,0,0.01214,58.62309,0.0121539,0.00020732,79999.876,79879.152,0.124,120.848,True,False,-0.06127
280.16,FINE,THRUST,79999.902,30.3471242,0.6891876,27.41098,0,False,False,0.00501,2278.83271,2278.9318,0.0991,0.00169,-0.00066,0.00049,0,0.01191,0.00049,0,0.01191,58.62314,0.0119187,0.00020331,79999.877,79881.488,0.123,118.512,True,False,-0.06118
280.32,FINE,THRUST,79999.902,30.3471242,0.6891876,27.41101,0,False,False,0.00499,2278.83462,2278.9318,0.09718,0.00166,-0.00065,0.00048,0,0.01168,0.00048,0,0.01168,58.62317,0.0116881,0.00019938,79999.878,79883.778,0.122,116.222,True,False,-0.06106
280.48,FINE,THRUST,79999.903,30.3471242,0.6891876,27.41103,0,False,False,0.00497,2278.8365,2278.9318,0.0953,0.00163,-0.00064,0.00047,0,0.01145,0.00047,0,0.01145,58.6232,0.011462,0.00019552,79999.879,79886.025,0.121,113.975,True,False,-0.061
280.64,FINE,THRUST,79999.903,30.3471242,0.6891876,27.41105,0,False,False,0.00494,2278.83835,2278.9318,0.09345,0.00159,-0.00063,0.00046,0,0.01123,0.00046,0,0.01123,58.62324,0.0112402,0.00019174,79999.88,79888.227,0.12,111.773,True,False,-0.06094
280.8,FINE,THRUST,79999.904,30.3471242,0.6891876,27.41107,0,False,False,0.00492,2278.84016,2278.9318,0.09164,0.00156,-0.00061,0.00045,0,0.01101,0.00045,0,0.01101,58.62327,0.0110227,0.00018803,79999.881,79890.388,0.119,109.612,True,False,-0.06092
280.96,FINE,THRUST,79999.904,30.3471242,0.6891876,27.4111,0,False,False,0.0049,2278.84193,2278.9318,0.08987,0.00153,-0.0006,0.00043,0,0.0108,0.00043,0,0.0108,58.6233,0.0108094,0.00018439,79999.882,79892.506,0.118,107.494,True,False,-0.06089
281.12,FINE,THRUST,79999.905,30.3471242,0.6891876,27.41112,0,False,False,0.00488,2278.84367,2278.9318,0.08813,0.0015,-0.00059,0.00042,0,0.01059,0.00042,0,0.01059,58.62334,0.0106003,0.00018082,79999.883,79894.583,0.117,105.417,True,False,-0.06087
281.28,FINE,THRUST,79999.905,30.3471242,0.6891876,27.41114,0,False,False,0.00485,2278.84537,2278.9318,0.08642,0.00147,-0.00058,0.00041,0,0.01039,0.00041,0,0.01039,58.62337,0.0103952,0.00017732,79999.884,79896.62,0.116,103.38,True,False,-0.06082
281.44,FINE,THRUST,79999.906,30.3471242,0.6891876,27.41116,0,False,False,0.00483,2278.84705,2278.9318,0.08475,0.00145,-0.00057,0.0004,0,0.01019,0.0004,0,0.01019,58.6234,0.010194,0.00017389,79999.885,79898.618,0.115,101.382,True,False,-0.0608
281.6,FINE,THRUST,79999.906,30.3471242,0.6891876,27.41118,0,False,False,0.00481,2278.84869,2278.9318,0.08311,0.00142,-0.00056,0.00039,0,0.00999,0.00039,0,0.00999,58.62343,0.0099968,0.00017053,79999.886,79900.577,0.114,99.423,True,False,-0.06074
281.76,FINE,THRUST,79999.907,30.3471242,0.6891876,27.4112,0,False,False,0.00478,2278.8503,2278.9318,0.0815,0.00139,-0.00055,0.00038,0,0.0098,0.00038,0,0.0098,58.62346,0.0098034,0.00016723,79999.887,79902.499,0.113,97.501,True,False,-0.06066
281.92,FINE,THRUST,79999.907,30.3471242,0.6891876,27.41121,0,False,False,0.00476,2278.85187,2278.93179,0.07992,0.00136,-0.00054,0.00037,0,0.00961,0.00037,0,0.00961,58.62349,0.0096137,0.00016399,79999.888,79904.383,0.112,95.617,True,False,-0.06053
282.08,FINE,THRUST,79999.908,30.3471242,0.6891876,27.41123,0,False,False,0.00474,2278.85342,2278.93179,0.07837,0.00134,-0.00053,0.00036,0,0.00942,0.00036,0,0.00942,58.62352,0.0094277,0.00016082,79999.889,79906.23,0.111,93.77,True,False,-0.06037
282.24,FINE,THRUST,79999.908,30.3471242,0.6891876,27.41125,0,False,False,0.00471,2278.85494,2278.93179,0.07686,0.00131,-0.00052,0.00035,0,0.00924,0.00035,0,0.00924,58.62355,0.0092453,0.00015771,79999.89,79908.042,0.11,91.958,True,False,-0.06015
282.4,FINE,THRUST,79999.909,30.3471242,0.6891876,27.41127,0,False,False,0.00469,2278.85642,2278.93179,0.07537,0.00129,-0.00051,0.00034,0,0.00906,0.00034,0,0.00906,58.62358,0.0090664,0.00015466,79999.891,79909.819,0.109,90.181,True,False,-0.05993
282.56,FINE,THRUST,79999.909,30.3471242,0.6891876,27.41129,0,False,False,0.00467,2278.85788,2278.93179,0.07391,0.00126,-0.0005,0.00033,0,0.00888,0.00033,0,0.00888,58.6236,0.008891,0.00015166,79999.891,79911.562,0.109,88.438,True,False,-0.05969
282.72,FINE,THRUST,79999.909,30.3471242,0.6891876,27.4113,0,False,False,0.00465,2278.85931,2278.93179,0.07248,0.00124,-0.00049,0.00032,0,0.00871,0.00032,0,0.00871,58.62363,0.008719,0.00014873,79999.892,79913.271,0.108,86.729,True,False,-0.05937
282.88,FINE,THRUST,79999.91,30.3471242,0.6891876,27.41132,0,False,False,0.00462,2278.86071,2278.93179,0.07108,0.00121,-0.00048,0.00031,0,0.00854,0.00031,0,0.00854,58.62366,0.0085503,0.00014585,79999.893,79914.946,0.107,85.054,True,False,-0.05904
283.04,FINE,THRUST,79999.91,30.3471242,0.6891876,51879.39127,0.00053,False,False,0.0046,2278.86209,2278.93179,0.0697,0.00119,-0.00047,0.00031,0,0.00838,0.00031,0,0.00838,58.62368,0.0083849,0.00014303,79999.894,79916.59,0.106,83.41,True,False,-0.05871
283.2,FINE,THRUST,79999.911,30.3471242,0.6891876,25750.57844,0.00106,False,False,0.00458,2278.86344,2278.93179,0.06835,0.00117,-0.00046,0.0003,0,0.00822,0.0003,0,0.00822,58.62371,0.0082227,0.00014026,79999.895,79918.201,0.105,81.799,True,False,-0.05835
283.36,FINE,THRUST,79999.911,30.3471242,0.6891876,17125.38663,0.0016,False,False,0.00456,2278.86476,2278.93179,0.06703,0.00114,-0.00045,0.00029,0,0.00806,0.00029,0,0.00806,58.62373,0.0080637,0.00013755,79999.896,79919.782,0.104,80.218,True,False,-0.05801
283.52,FINE,THRUST,79999.912,30.3471242,0.6891876,12828.44495,0.00214,False,False,0.00453,2278.86606,2278.93179,0.06573,0.00112,-0.00044,0.00028,0,0.0079,0.00028,0,0.0079,58.62376,0.0079077,0.00013489,79999.897,79921.331,0.103,78.669,True,False,-0.05765
283.68,FINE,THRUST,79999.912,30.3471242,0.6891876,10255.27539,0.00267,False,False,0.00451,2278.86733,2278.93179,0.06446,0.0011,-0.00043,0.00027,0,0.00775,0.00027,0,0.00775,58.62378,0.0077547,0.00013228,79999.898,79922.851,0.102,77.149,True,False,-0.05736
283.84,FINE,THRUST,79999.913,30.3471242,0.6891876,8541.89523,0.00321,False,False,0.00449,2278.86858,2278.93179,0.06321,0.00108,-0.00042,0.00027,0,0.0076,0.00027,0,0.0076,58.6238,0.0076047,0.00012972,79999.899,79924.342,0.101,75.658,True,False,-0.05706
284,FINE,THRUST,79999.913,30.3471242,0.6891876,7319.07114,0.00375,False,False,0.00447,2278.8698,2278.93178,0.06198,0.00106,-0.00042,0.00026,0,0.00745,0.00026,0,0.00745,58.62383,0.0074576,0.00012721,79999.9,79925.803,0.1,74.197,True,False,-0.05677
284.16,FINE,THRUST,79999.913,30.3471242,0.6891876,6402.50299,0.00428,False,False,0.00444,2278.871,2278.93178,0.06078,0.00104,-0.00041,0.00025,0,0.00731,0.00025,0,0.00731,58.62385,0.0073133,0.00012475,79999.901,79927.237,0.099,72.763,True,False,-0.05652
284.32,FINE,THRUST,79999.914,30.3471242,0.6891876,5689.94796,0.00482,False,False,0.00442,2278.87218,2278.93178,0.05961,0.00102,-0.0004,0.00025,0,0.00717,0.00025,0,0.00717,58.62387,0.0071719,0.00012234,79999.902,79928.642,0.098,71.358,True,False,-0.05625
284.48,FINE,THRUST,79999.914,30.3471242,0.6891876,5120.11079,0.00535,False,False,0.0044,2278.87333,2278.93178,0.05845,0.001,-0.00039,0.00024,0,0.00703,0.00024,0,0.00703,58.62389,0.0070331,0.00011997,79999.903,79930.021,0.097,69.979,True,False,-0.05607
284.64,FINE,THRUST,79999.915,30.3471242,0.6891876,4654.01568,0.00589,False,False,0.00438,2278.87446,2278.93178,0.05732,0.00098,-0.00038,0.00023,0,0.00689,0.00023,0,0.00689,58.62391,0.0068971,0.00011765,79999.904,79931.372,0.096,68.628,True,False,-0.0559
284.8,FINE,THRUST,79999.915,30.3471242,0.6891876,4265.69852,0.00643,False,False,0.00435,2278.87557,2278.93178,0.05621,0.00096,-0.00038,0.00023,0,0.00676,0.00023,0,0.00676,58.62393,0.0067637,0.00011537,79999.905,79932.698,0.095,67.302,True,False,-0.05577
284.96,FINE,THRUST,79999.915,30.3471242,0.6891876,3937.18865,0.00696,False,False,0.00433,2278.87666,2278.93178,0.05512,0.00094,-0.00037,0.00022,0,0.00663,0.00022,0,0.00663,58.62396,0.0066329,0.00011314,79999.906,79933.998,0.094,66.002,True,False,-0.05564
285.12,FINE,THRUST,79999.916,30.3471242,0.6891876,3655.65872,0.0075,False,False,0.00431,2278.87772,2278.93178,0.05406,0.00092,-0.00036,0.00021,0,0.0065,0.00021,0,0.0065,58.62398,0.0065046,0.00011095,79999.907,79935.273,0.093,64.727,True,False,-0.05553
285.28,FINE,THRUST,79999.916,30.3471242,0.6891876,3411.70106,0.00803,False,False,0.00429,2278.87877,2278.93178,0.05301,0.0009,-0.00036,0.00021,0,0.00638,0.00021,0,0.00638,58.62399,0.0063788,0.00010881,79999.908,79936.523,0.092,63.477,True,False,-0.05544
285.44,FINE,THRUST,79999.917,30.3471242,0.6891876,3198.26747,0.00857,False,False,0.00427,2278.8798,2278.93178,0.05198,0.00089,-0.00035,0.0002,0,0.00625,0.0002,0,0.00625,58.62401,0.0062554,0.0001067,79999.908,79937.749,0.092,62.251,True,False,-0.05547
285.6,FINE,THRUST,79999.917,30.3471242,0.6891876,3009.96452,0.00911,False,False,0.00425,2278.8808,2278.93178,0.05098,0.00087,-0.00034,0.0002,0,0.00613,0.0002,0,0.00613,58.62403,0.0061344,0.00010464,79999.909,79938.951,0.091,61.049,True,False,-0.05539
285.76,FINE,THRUST,79999.917,30.3471242,0.6891876,2842.60163,0.00964,False,False,0.00423,2278.88179,2278.93178,0.04999,0.00085,-0.00034,0.00019,0,0.00601,0.00019,0,0.00601,58.62405,0.0060158,0.00010262,79999.91,79940.13,0.09,59.87,True,False,-0.05535
285.92,FINE,THRUST,79999.918,30.3471242,0.6891876,2692.86931,0.01018,False,False,0.0042,2278.88276,2278.93178,0.04902,0.00084,-0.00033,0.00018,0,0.0059,0.00018,0,0.0059,58.62407,0.0058994,0.00010063,79999.911,79941.287,0.089,58.713,True,False,-0.05528
286.08,FINE,THRUST,79999.918,30.3471242,0.6891876,2558.12147,0.01072,False,False,0.00418,2278.8837,2278.93178,0.04807,0.00082,-0.00032,0.00018,0,0.00578,0.00018,0,0.00578,58.62408,0.0057853,9.869E-05,79999.912,79942.421,0.088,57.579,True,False,-0.05522
286.24,FINE,THRUST,79999.918,30.3471242,0.6891876,2436.21573,0.01125,False,False,0.00416,2278.88463,2278.93178,0.04714,0.0008,-0.00032,0.00017,0,0.00567,0.00017,0,0.00567,58.6241,0.0056735,9.678E-05,79999.913,79943.532,0.087,56.468,True,False,-0.05508
286.4,FINE,THRUST,79999.919,30.3471242,0.6891876,2325.40001,0.01179,False,False,0.00414,2278.88555,2278.93177,0.04623,0.00079,-0.00031,0.00017,0,0.00556,0.00017,0,0.00556,58.62412,0.0055638,9.491E-05,79999.914,79944.623,0.086,55.377,True,False,-0.05496
286.56,FINE,THRUST,79999.919,30.3471242,0.6891876,2224.22637,0.01232,False,False,0.00412,2278.88644,2278.93177,0.04533,0.00077,-0.0003,0.00016,0,0.00545,0.00016,0,0.00545,58.62413,0.0054562,9.307E-05,79999.915,79945.692,0.085,54.308,True,False,-0.05477
286.72,FINE,THRUST,79999.919,30.3471242,0.6891876,2131.48946,0.01286,False,False,0.0041,2278.88732,2278.93177,0.04445,0.00076,-0.0003,0.00016,0,0.00535,0.00016,0,0.00535,58.62415,0.0053507,9.127E-05,79999.916,79946.741,0.084,53.259,True,False,-0.0546
286.88,FINE,THRUST,79999.914,30.3471242,0.6891876,2046.1758,0.0134,False,False,0.00408,2278.88818,2278.93177,0.04359,0.00074,-0.00029,0.00015,0,0.00524,0.00015,0,0.00524,58.62417,0.0052472,8.951E-05,79999.917,79947.769,0.083,52.231,True,False,-0.05445
287.04,FINE,THRUST,79999.912,30.3471243,0.6891875,1967.4498,0.01393,False,False,0.00406,2278.88905,2278.93179,0.04274,0.00073,-0.00029,0.0002,0,0.00514,0.0002,0,0.00514,58.62419,0.0051463,8.779E-05,79999.91,79948.781,0.09,51.219,True,False,0.50505
287.2,FINE,THRUST,79999.913,30.3471243,0.6891875,1894.53758,0.01447,False,False,0.00404,2278.88987,2278.93179,0.04191,0.00071,-0.00028,0.0002,0,0.00504,0.0002,0,0.00504,58.6242,0.0050468,8.609E-05,79999.911,79949.77,0.089,50.23,True,False,0.51056
287.36,FINE,THRUST,79999.913,30.3471243,0.6891875,1826.83634,0.01501,False,False,0.004,2278.89068,2278.93178,0.0411,0.0007,-0.00028,0.00019,0,0.00495,0.00019,0,0.00495,58.62422,0.0049491,8.442E-05,79999.911,79950.741,0.089,49.259,True,False,0.49797
287.52,FINE,THRUST,79999.915,30.3471243,0.6891875,1763.80659,0.01554,False,False,0.00397,2278.89148,2278.93178,0.0403,0.00069,-0.00027,0.00019,0,0.00485,0.00019,0,0.00485,58.62423,0.004853,8.278E-05,79999.912,79951.693,0.088,48.307,True,False,0.42926
287.68,FINE,THRUST,79999.916,30.3471243,0.6891875,1704.98107,0.01608,False,False,0.00394,2278.89226,2278.93178,0.03952,0.00067,-0.00026,0.00018,0,0.00476,0.00018,0,0.00476,58.62425,0.0047587,8.117E-05,79999.913,79952.626,0.087,47.374,True,False,0.31226
287.84,FINE,THRUST,79999.918,30.3471243,0.6891875,1649.95267,0.01661,False,False,0.00391,2278.89303,2278.93178,0.03875,0.00066,-0.00026,0.00017,0,0.00466,0.00017,0,0.00466,58.62426,0.0046661,7.959E-05,79999.914,79953.541,0.086,46.459,True,False,0.15981
288,FINE,THRUST,79999.919,30.3471243,0.6891875,1598.36531,0.01715,False,False,0.0039,2278.89378,2278.93177,0.038,0.00065,-0.00025,0.00015,0,0.00457,0.00015,0,0.00457,58.62427,0.0045754,7.805E-05,79999.915,79954.438,0.085,45.562,True,False,-0.01213
288.16,FINE,THRUST,79999.921,30.3471243,0.6891875,1549.906,0.01769,False,False,0.00389,2278.89451,2278.93177,0.03726,0.00064,-0.00025,0.00014,0,0.00448,0.00014,0,0.00448,58.62429,0.0044864,7.653E-05,79999.916,79955.317,0.084,44.683,True,False,-0.18581
288.32,FINE,THRUST,79999.922,30.3471243,0.6891875,1504.2986,0.01822,False,False,0.00388,2278.89523,2278.93177,0.03654,0.00062,-0.00024,0.00013,0,0.0044,0.00013,0,0.0044,58.6243,0.0043993,7.504E-05,79999.917,79956.178,0.083,43.822,True,False,-0.34362
288.48,FINE,THRUST,79999.923,30.3471243,0.6891875,1461.29865,0.01876,False,False,0.00388,2278.89594,2278.93177,0.03583,0.00061,-0.00024,0.00012,0,0.00431,0.00012,0,0.00431,58.62431,0.0043141,7.359E-05,79999.918,79957.022,0.082,42.978,True,False,-0.46886
288.64,FINE,THRUST,79999.923,30.3471243,0.6891875,1420.68861,0.01929,False,False,0.00388,2278.89663,2278.93177,0.03514,0.0006,-0.00024,0.00011,0,0.00423,0.00011,0,0.00423,58.62433,0.0042306,7.216E-05,79999.919,79957.85,0.081,42.15,True,False,-0.54919
288.8,FINE,THRUST,79999.923,30.3471243,0.6891875,1382.27473,0.01983,False,False,0.00388,2278.89731,2278.93177,0.03446,0.00059,-0.00023,0.0001,0,0.00415,0.0001,0,0.00415,58.62434,0.0041489,7.077E-05,79999.921,79958.662,0.079,41.338,True,False,-0.57705
288.96,FINE,THRUST,79999.923,30.3471243,0.6891875,1345.88338,0.02037,False,False,0.00388,2278.89798,2278.93177,0.03379,0.00058,-0.00023,0.0001,0,0.00407,0.0001,0,0.00407,58.62435,0.004069,6.941E-05,79999.922,79959.458,0.078,40.542,True,False,-0.55075
289.12,FINE,THRUST,79999.923,30.3471243,0.6891875,1311.35929,0.0209,False,False,0.00388,2278.89863,2278.93177,0.03314,0.00057,-0.00022,0.0001,0,0.00399,0.0001,0,0.00399,58.62436,0.0039906,6.807E-05,79999.923,79960.239,0.077,39.761,True,False,-0.47419
289.28,FINE,THRUST,79999.922,30.3471243,0.6891875,1278.56211,0.02144,False,False,0.00387,2278.89927,2278.93177,0.0325,0.00055,-0.00022,0.0001,0,0.00391,0.0001,0,0.00391,58.62438,0.0039139,6.676E-05,79999.924,79961.005,0.076,38.995,True,False,-0.35681
289.44,FINE,THRUST,79999.921,30.3471243,0.6891875,1247.36546,0.02198,False,False,0.00386,2278.8999,2278.93177,0.03187,0.00054,-0.00021,0.0001,0,0.00384,0.0001,0,0.00384,58.62439,0.0038386,6.548E-05,79999.925,79961.757,0.075,38.243,True,False,-0.2125
289.6,FINE,THRUST,79999.92,30.3471243,0.6891875,1217.65505,0.02251,False,False,0.00384,2278.90052,2278.93177,0.03125,0.00053,-0.00021,0.0001,0,0.00376,0.0001,0,0.00376,58.6244,0.0037648,6.422E-05,79999.926,79962.495,0.074,37.505,True,False,-0.0581
289.76,FINE,THRUST,79999.92,30.3471243,0.6891875,1189.32701,0.02305,False,False,0.00382,2278.90112,2278.93177,0.03065,0.00052,-0.00021,0.00011,0,0.00369,0.00011,0,0.00369,58.62441,0.0036924,6.298E-05,79999.927,79963.218,0.073,36.782,True,False,0.08868
289.92,FINE,THRUST,79999.92,30.3471243,0.6891875,1162.28714,0.02358,False,False,0.00379,2278.90172,2278.93177,0.03006,0.00051,-0.0002,0.00011,0,0.00362,0.00011,0,0.00362,58.62442,0.0036213,6.177E-05,79999.928,79963.928,0.072,36.072,True,False,0.21041
290.08,FINE,THRUST,79999.92,30.3471243,0.6891875,1136.44963,0.02412,False,False,0.00377,2278.9023,2278.93177,0.02948,0.0005,-0.0002,0.00011,0,0.00355,0.00011,0,0.00355,58.62443,0.0035514,6.058E-05,79999.929,79964.625,0.071,35.375,True,False,0.29305
290.24,FINE,THRUST,79999.92,30.3471243,0.6891875,1111.73589,0.02466,False,False,0.00374,2278.90287,2278.93177,0.0289,0.00049,-0.00019,0.00011,0,0.00348,0.00011,0,0.00348,58.62444,0.0034827,5.941E-05,79999.93,79965.308,0.07,34.692,True,False,0.32618
290.4,FINE,THRUST,79999.921,30.3471243,0.6891875,1088.07427,0.02519,False,False,0.00371,2278.90343,2278.93177,0.02834,0.00048,-0.00019,0.00011,0,0.00341,0.00011,0,0.00341,58.62445,0.0034153,5.826E-05,79999.93,79965.978,0.07,34.022,True,False,0.30543
290.56,FINE,THRUST,79999.922,30.3471243,0.6891875,1065.39892,0.02573,False,False,0.00368,2278.90398,2278.93177,0.02779,0.00047,-0.00019,0.0001,0,0.00335,0.0001,0,0.00335,58.62446,0.0033491,5.713E-05,79999.931,79966.634,0.069,33.366,True,False,0.23239
290.72,FINE,THRUST,79999.923,30.3471243,0.6891875,1043.64949,0.02627,False,False,0.00366,2278.90452,2278.93177,0.02725,0.00046,-0.00018,9E-05,0,0.00328,9E-05,0,0.00328,58.62447,0.003284,5.602E-05,79999.932,79967.278,0.068,32.722,True,False,0.11505
290.88,FINE,THRUST,79999.924,30.3471243,0.6891875,1022.77037,0.0268,False,False,0.00364,2278.90504,2278.93177,0.02672,0.00046,-0.00018,9E-05,0,0.00322,9E-05,0,0.00322,58.62448,0.0032202,5.493E-05,79999.933,79967.909,0.067,32.091,True,False,-0.03299
291.04,FINE,THRUST,79999.925,30.3471243,0.6891875,1002.71035,0.02734,False,False,0.00363,2278.90556,2278.93176,0.0262,0.00045,-0.00018,8E-05,0,0.00316,8E-05,0,0.00316,58.62449,0.0031577,5.386E-05,79999.934,79968.528,0.066,31.472,True,False,-0.19336
291.2,FINE,THRUST,79999.926,30.3471243,0.6891875,983.42221,0.02787,False,False,0.00362,2278.90607,2278.93176,0.0257,0.00044,-0.00017,7E-05,0,0.0031,7E-05,0,0.0031,58.6245,0.0030964,5.282E-05,79999.935,79969.134,0.065,30.866,True,False,-0.34767
291.36,FINE,THRUST,79999.927,30.3471243,0.6891875,964.86222,0.02841,False,False,0.00362,2278.90656,2278.93176,0.0252,0.00043,-0.00017,6E-05,0,0.00304,6E-05,0,0.00304,58.62451,0.0030365,5.18E-05,79999.936,79969.728,0.064,30.272,True,False,-0.47372
291.52,FINE,THRUST,79999.927,30.3471243,0.6891875,946.98986,0.02895,False,False,0.00362,2278.90705,2278.93176,0.02471,0.00042,-0.00017,5E-05,0,0.00298,5E-05,0,0.00298,58.62452,0.0029778,5.079E-05,79999.938,79970.31,0.062,29.69,True,False,-0.55362
291.68,FINE,THRUST,79999.927,30.3471243,0.6891875,929.76767,0.02948,False,False,0.00362,2278.90753,2278.93176,0.02423,0.00041,-0.00016,5E-05,0,0.00292,5E-05,0,0.00292,58.62453,0.0029204,4.982E-05,79999.939,79970.881,0.061,29.119,True,False,-0.5755
291.84,FINE,THRUST,79999.927,30.3471243,0.6891875,913.16084,0.03002,False,False,0.00362,2278.908,2278.93176,0.02376,0.00041,-0.00016,5E-05,0,0.00286,5E-05,0,0.00286,58.62454,0.0028642,4.886E-05,79999.94,79971.441,0.06,28.559,True,False,-0.53403
292,FINE,THRUST,79999.926,30.3471243,0.6891875,897.13694,0.03056,False,False,0.00362,2278.90846,2278.93176,0.02331,0.0004,-0.00016,5E-05,0,0.00281,5E-05,0,0.00281,58.62455,0.0028092,4.792E-05,79999.942,79971.991,0.058,28.009,True,False,-0.43223
292.16,FINE,THRUST,79999.925,30.3471243,0.6891875,881.66579,0.03109,False,False,0.00361,2278.90891,2278.93176,0.02286,0.00039,-0.00015,5E-05,0,0.00275,5E-05,0,0.00275,58.62455,0.0027553,4.7E-05,79999.943,79972.53,0.057,27.47,True,False,-0.28211
292.32,FINE,THRUST,79999.925,30.3471243,0.6891875,866.71935,0.03163,False,False,0.0036,2278.90935,2278.93176,0.02241,0.00038,-0.00015,6E-05,0,0.0027,6E-05,0,0.0027,58.62456,0.0027024,4.61E-05,79999.944,79973.059,0.056,26.941,True,False,-0.10235
292.48,FINE,THRUST,79999.923,30.3471243,0.6891875,852.27131,0.03216,False,False,0.00358,2278.90978,2278.93177,0.02198,0.00037,-0.00015,6E-05,0,0.00265,6E-05,0,0.00265,58.62457,0.0026505,4.521E-05,79999.945,79973.578,0.055,26.422,True,False,0.08284
292.64,FINE,THRUST,79999.916,30.3471244,0.6891875,838.30026,0.0327,False,False,0.00355,2278.91023,2278.93178,0.02155,0.00037,-0.00014,0.00011,0,0.0026,0.00011,0,0.0026,58.62458,0.0026,4.435E-05,79999.939,79974.09,0.061,25.91,True,False,1.16931
292.8,FINE,THRUST,79999.916,30.3471244,0.6891875,824.77759,0.03324,False,False,0.00352,2278.91065,2278.93178,0.02113,0.00036,-0.00014,0.00012,0,0.00255,0.00012,0,0.00255,58.62459,0.0025501,4.35E-05,79999.939,79974.591,0.061,25.409,True,False,1.49184
292.96,FINE,THRUST,79999.917,30.3471244,0.6891875,811.68375,0.03377,False,False,0.00346,2278.91106,2278.93178,0.02072,0.00035,-0.00014,0.00012,0,0.0025,0.00012,0,0.0025,58.6246,0.0025006,4.266E-05,79999.939,79975.083,0.061,24.917,True,False,1.51694
293.12,FINE,THRUST,79999.92,30.3471244,0.6891875,798.99926,0.03431,False,False,0.00341,2278.91146,2278.93177,0.02031,0.00035,-0.00014,0.00011,0,0.00245,0.00011,0,0.00245,58.62461,0.0024515,4.182E-05,79999.939,79975.566,0.061,24.434,True,False,1.2992
293.28,FINE,THRUST,79999.923,30.3471244,0.6891875,786.70523,0.03484,False,False,0.00336,2278.91186,2278.93177,0.01991,0.00034,-0.00013,0.0001,0,0.0024,0.0001,0,0.0024,58.62461,0.0024028,4.099E-05,79999.939,79976.039,0.061,23.961,True,False,0.84111
293.44,FINE,THRUST,79999.927,30.3471244,0.6891875,774.78392,0.03538,False,False,0.00334,2278.91224,2278.93176,0.01952,0.00033,-0.00013,8E-05,0,0.00235,8E-05,0,0.00235,58.62462,0.0023549,4.017E-05,79999.94,79976.501,0.06,23.499,True,False,0.19263
293.6,FINE,THRUST,79999.931,30.3471244,0.6891875,763.21862,0.03592,False,False,0.00333,2278.91262,2278.93176,0.01914,0.00033,-0.00013,5E-05,0,0.00231,5E-05,0,0.00231,58.62463,0.0023081,3.937E-05,79999.941,79976.954,0.059,23.046,True,False,-0.558
293.76,FINE,THRUST,79999.933,30.3471244,0.6891875,751.99363,0.03645,False,False,0.00334,2278.91299,2278.93175,0.01876,0.00032,-0.00013,3E-05,0,0.00226,3E-05,0,0.00226,58.62463,0.0022626,3.86E-05,79999.943,79977.395,0.057,22.605,True,False,-1.33204
293.92,FINE,THRUST,79999.935,30.3471244,0.6891875,741.09411,0.03699,False,False,0.00338,2278.91335,2278.93175,0.0184,0.00031,-0.00012,0,0,0.00222,0,0,0.00222,58.62464,0.0022188,3.785E-05,79999.945,79977.826,0.055,22.174,True,False,-1.97838
294.08,FINE,THRUST,79999.935,30.3471244,0.6891875,730.50615,0.03752,False,False,0.00343,2278.91371,2278.93175,0.01804,0.00031,-0.00012,-1E-05,0,0.00218,-1E-05,0,0.00218,58.62465,0.0021764,3.712E-05,79999.948,79978.247,0.052,21.753,True,False,-2.37859
294.24,FINE,THRUST,79999.934,30.3471244,0.6891875,720.21658,0.03806,False,False,0.00348,2278.91405,2278.93175,0.0177,0.0003,-0.00012,-2E-05,0,0.00214,-2E-05,0,0.00214,58.62465,0.0021352,3.642E-05,79999.951,79978.66,0.049,21.34,True,False,-2.44245
294.4,FINE,THRUST,79999.931,30.3471244,0.6891875,710.21298,0.0386,False,False,0.00353,2278.91439,2278.93175,0.01736,0.0003,-0.00012,-2E-05,0,0.00209,-2E-05,0,0.00209,58.62466,0.002095,3.574E-05,79999.954,79979.065,0.046,20.935,True,False,-2.12628
294.56,FINE,THRUST,79999.927,30.3471244,0.6891875,700.48353,0.03913,False,False,0.00356,2278.91473,2278.93176,0.01703,0.00029,-0.00011,0,0,0.00206,0,0,0.00206,58.62467,0.0020556,3.506E-05,79999.956,79979.464,0.044,20.536,True,False,-1.44452
294.72,FINE,THRUST,79999.922,30.3471244,0.6891875,691.01718,0.03967,False,False,0.00357,2278.91506,2278.93176,0.01671,0.00028,-0.00011,2E-05,0,0.00202,2E-05,0,0.00202,58.62467,0.002017,3.441E-05,79999.958,79979.858,0.042,20.142,True,False,-0.47566
294.88,FINE,THRUST,79999.918,30.3471244,0.6891875,681.8034,0.04021,False,False,0.00355,2278.91538,2278.93177,0.01639,0.00028,-0.00011,5E-05,0,0.00198,5E-05,0,0.00198,58.62468,0.0019794,3.376E-05,79999.959,79980.246,0.041,19.754,True,False,0.63828
295.04,FINE,THRUST,79999.915,30.3471244,0.6891875,672.83216,0.04074,False,False,0.0035,2278.9157,2278.93178,0.01608,0.00027,-0.00011,8E-05,0,0.00194,8E-05,0,0.00194,58.62468,0.0019428,3.314E-05,79999.959,79980.629,0.041,19.371,True,False,1.74114
295.2,FINE,THRUST,79999.914,30.3471244,0.6891875,664.09409,0.04128,False,False,0.00342,2278.91601,2278.93178,0.01577,0.00027,-0.00011,0.00011,0,0.0019,0.00011,0,0.0019,58.62469,0.0019067,3.252E-05,79999.959,79981.006,0.041,18.994,True,False,2.60933
295.36,FINE,THRUST,79999.915,30.3471244,0.6891875,655.58013,0.04181,False,False,0.00333,2278.91632,2278.93178,0.01546,0.00026,-0.0001,0.00012,0,0.00187,0.00012,0,0.00187,58.62469,0.0018704,3.191E-05,79999.957,79981.376,0.043,18.624,True,False,3.05467
295.52,FINE,THRUST,79999.919,30.3471244,0.6891875,647.28183,0.04235,False,False,0.00323,2278.91662,2278.93178,0.01516,0.00026,-0.0001,0.00012,0,0.00183,0.00012,0,0.00183,58.6247,0.0018335,3.128E-05,79999.955,79981.739,0.045,18.261,True,False,2.93434
295.68,FINE,THRUST,79999.924,30.3471244,0.6891875,639.1911,0.04289,False,False,0.00314,2278.91692,2278.93177,0.01485,0.00025,-0.0001,0.0001,0,0.00179,0.0001,0,0.00179,58.62471,0.0017958,3.063E-05,79999.954,79982.096,0.046,17.904,True,False,2.18459
295.84,FINE,THRUST,79999.931,30.3471244,0.6891875,631.30021,0.04342,False,False,0.00308,2278.91721,2278.93176,0.01455,0.00025,-0.0001,7E-05,0,0.00176,7E-05,0,0.00176,58.62471,0.0017581,2.999E-05,79999.954,79982.444,0.046,17.556,True,False,0.84971
296,FINE,THRUST,79999.937,30.3471244,0.6891875,623.60192,0.04396,False,False,0.00306,2278.91749,2278.93175,0.01426,0.00024,-0.0001,3E-05,0,0.00172,3E-05,0,0.00172,58.62472,0.0017214,2.936E-05,79999.955,79982.784,0.045,17.216,True,False,-0.9012
296.18,FINE,COAST,79999.944,30.3471244,0.6891875,616.08918,0.04449,False,False,0.00309,2278.91777,2278.93174,0.01397,0.00024,-9E-05,-2E-05,0,0.00169,-2E-05,0,0.00169,58.62472,0.001687,0,79999.957,79983.113,0.043,16.887,True,False,-1.17738
296.32,FINE,COAST,79999.947,30.3471244,0.6891875,608.7554,0.04503,False,False,0.00315,2278.91793,2278.93173,0.0138,0.00024,-9E-05,-6E-05,0,0.00167,-6E-05,0,0.00167,58.62472,0.0016672,0,79999.96,79983.311,0.04,16.689,True,False,-1.29754
296.46,FINE,COAST,79999.949,30.3471244,0.6891875,602.48014,0.0455,False,False,0.00319,2278.91793,2278.93173,0.0138,0.00024,-9E-05,-8E-05,0,0.00167,-8E-05,0,0.00167,58.62472,0.0016683,0,79999.962,79983.306,0.038,16.694,True,False,-1.34505
296.62,FINE,COAST,79999.95,30.3471244,0.6891875,595.46509,0.04603,False,False,0.00323,2278.91793,2278.93172,0.0138,0.00024,-9E-05,-0.0001,0,0.00167,-0.0001,0,0.00167,58.62472,0.0016695,0,79999.964,79983.302,0.036,16.698,True,False,-1.32485
296.76,FINE,COAST,79999.949,30.3471244,0.6891875,589.45967,0.0465,False,False,0.00325,2278.91792,2278.93172,0.0138,0.00024,-9E-05,-0.00011,0,0.00167,-0.00011,0,0.00167,58.62472,0.0016702,0,79999.965,79983.298,0.035,16.702,True,False,-1.25538
296.9,FINE,COAST,79999.949,30.3471244,0.6891875,583.57423,0.04697,False,False,0.00326,2278.91792,2278.93172,0.0138,0.00024,-9E-05,-0.0001,0,0.00167,-0.0001,0,0.00167,58.62472,0.0016706,0,79999.966,79983.296,0.034,16.704,True,False,-1.14989
297.04,FINE,COAST,79999.947,30.3471244,0.6891875,577.80527,0.04744,False,False,0.00327,2278.91792,2278.93173,0.01381,0.00024,-9E-05,-0.0001,0,0.00167,-0.0001,0,0.00167,58.62472,0.0016708,0,79999.967,79983.294,0.033,16.706,True,False,-1.01926
297.2,FINE,COAST,79999.945,30.3471244,0.6891875,571.35032,0.04798,False,False,0.00327,2278.91792,2278.93173,0.01381,0.00024,-9E-05,-9E-05,0,0.00167,-9E-05,0,0.00167,58.62472,0.0016707,0,79999.967,79983.294,0.033,16.706,True,False,-0.85182
297.34,FINE,COAST,79999.943,30.3471244,0.6891875,565.8195,0.04845,False,False,0.00326,2278.91791,2278.93173,0.01382,0.00024,-9E-05,-7E-05,0,0.00167,-7E-05,0,0.00167,58.62472,0.0016707,0,79999.967,79983.293,0.033,16.707,True,False,-0.6989
297.48,FINE,COAST,79999.942,30.3471244,0.6891875,560.39481,0.04892,False,False,0.00325,2278.91791,2278.93173,0.01382,0.00024,-9E-05,-6E-05,0,0.00167,-6E-05,0,0.00167,58.62472,0.0016706,0,79999.967,79983.294,0.033,16.706,True,False,-0.54741
297.62,FINE,COAST,79999.94,30.3471244,0.6891875,555.07324,0.04938,False,False,0.00323,2278.91791,2278.93174,0.01383,0.00024,-9E-05,-5E-05,0,0.00167,-5E-05,0,0.00167,58.62472,0.0016705,0,79999.967,79983.294,0.033,16.706,True,False,-0.40295
297.78,FINE,COAST,79999.938,30.3471244,0.6891875,549.11395,0.04992,False,False,0.00321,2278.91791,2278.93174,0.01383,0.00024,-9E-05,-3E-05,0,0.00167,-3E-05,0,0.00167,58.62472,0.0016706,0,79999.967,79983.295,0.033,16.705,True,False,-0.25184
297.92,FINE,COAST,79999.937,30.3471244,0.6891875,544.00363,0.05039,False,False,0.00319,2278.91791,2278.93174,0.01383,0.00024,-9E-05,-2E-05,0,0.00167,-2E-05,0,0.00167,58.62472,0.0016707,0,79999.967,79983.296,0.033,16.704,True,False,-0.13518
298.06,FINE,COAST,79999.936,30.3471244,0.6891875,538.98762,0.05086,False,False,0.00316,2278.91791,2278.93174,0.01384,0.00024,-9E-05,-1E-05,0,0.00167,-1E-05,0,0.00167,58.62472,0.0016709,0,79999.966,79983.297,0.034,16.703,True,False,-0.03499
298.2,FINE,COAST,79999.936,30.3471244,0.6891875,534.06334,0.05133,False,False,0.00314,2278.91791,2278.93175,0.01384,0.00024,-9E-05,0,0,0.00167,0,0,0.00167,58.62472,0.0016711,0,79999.966,79983.298,0.034,16.702,True,False,0.04895
298.36,FINE,COAST,79999.935,30.3471244,0.6891875,528.54472,0.05186,False,False,0.00311,2278.91791,2278.93175,0.01384,0.00024,-9E-05,1E-05,0,0.00167,1E-05,0,0.00167,58.62472,0.0016713,0,79999.965,79983.299,0.035,16.701,True,False,0.12341
298.5,FINE,COAST,79999.935,30.3471244,0.6891875,523.80871,0.05233,False,False,0.00309,2278.91791,2278.93175,0.01384,0.00024,-9E-05,1E-05,0,0.00167,1E-05,0,0.00167,58.62472,0.0016714,0,79999.965,79983.3,0.035,16.7,True,False,0.17138
298.64,FINE,COAST,79999.935,30.3471244,0.6891875,519.15691,0.0528,False,False,0.00306,2278.9179,2278.93175,0.01384,0.00024,-9E-05,2E-05,0,0.00167,2E-05,0,0.00167,58.62472,0.0016715,0,79999.965,79983.301,0.035,16.699,True,False,0.20451
298.78,FINE,COAST,79999.936,30.3471244,0.6891875,514.58709,0.05327,False,False,0.00304,2278.9179,2278.93175,0.01384,0.00024,-9E-05,2E-05,0,0.00167,2E-05,0,0.00167,58.62472,0.0016715,0,79999.964,79983.302,0.036,16.698,True,False,0.22436
298.94,FINE,COAST,79999.937,30.3471244,0.6891875,509.46206,0.05381,False,False,0.00301,2278.9179,2278.93175,0.01384,0.00024,-9E-05,2E-05,0,0.00167,2E-05,0,0.00167,58.62472,0.0016714,0,79999.964,79983.302,0.036,16.698,True,False,0.2331
299.08,FINE,COAST,79999.938,30.3471244,0.6891875,505.06074,0.05427,False,False,0.00299,2278.9179,2278.93174,0.01384,0.00024,-9E-05,2E-05,0,0.00167,2E-05,0,0.00167,58.62472,0.0016713,0,79999.964,79983.303,0.036,16.697,True,False,0.23063
299.22,FINE,COAST,79999.939,30.3471244,0.6891875,500.7349,0.05474,False,False,0.00298,2278.9179,2278.93174,0.01384,0.00024,-9E-05,1E-05,0,0.00167,1E-05,0,0.00167,58.62472,0.0016712,0,79999.964,79983.303,0.036,16.697,True,False,0.22073
299.36,FINE,COAST,79999.94,30.3471244,0.6891875,496.4826,0.05521,False,False,0.00296,2278.9179,2278.93174,0.01384,0.00024,-9E-05,1E-05,0,0.00167,1E-05,0,0.00167,58.62472,0.001671,0,79999.963,79983.303,0.037,16.697,True,False,0.20521
299.52,FINE,COAST,79999.941,30.3471244,0.6891875,491.7105,0.05575,False,False,0.00294,2278.9179,2278.93174,0.01384,0.00024,-9E-05,0,0,0.00167,0,0,0.00167,58.62472,0.0016709,0,79999.963,79983.304,0.037,16.696,True,False,0.18277
299.66,FINE,COAST,79999.942,30.3471244,0.6891875,487.60964,0.05622,False,False,0.00293,2278.9179,2278.93174,0.01384,0.00024,-9E-05,0,0,0.00167,0,0,0.00167,58.62472,0.0016707,0,79999.963,79983.304,0.037,16.696,True,False,0.16066
299.8,FINE,COAST,79999.944,30.3471244,0.6891875,483.57666,0.05669,False,False,0.00291,2278.91789,2278.93173,0.01384,0.00024,-9E-05,-1E-05,0,0.00167,-1E-05,0,0.00167,58.62472,0.0016706,0,79999.963,79983.304,0.037,16.696,True,False,0.13769
299.94,FINE,COAST,79999.945,30.3471244,0.6891875,479.60994,0.05716,False,False,0.0029,2278.91789,2278.93173,0.01384,0.00024,-9E-05,-1E-05,0,0.00167,-1E-05,0,0.00167,58.62472,0.0016705,0,79999.963,79983.304,0.037,16.696,True,False,0.11492
300.1,FINE,COAST,79999.946,30.3471244,0.6891875,475.15556,0.05769,False,False,0.00288,2278.91789,2278.93173,0.01384,0.00024,-9E-05,-2E-05,0,0.00167,-2E-05,0,0.00167,58.62472,0.0016704,0,79999.963,79983.304,0.037,16.696,True,False,0.09027
300.24,FINE,COAST,79999.947,30.3471244,0.6891875,471.32537,0.05816,False,False,0.00287,2278.91789,2278.93173,0.01384,0.00024,-9E-05,-3E-05,0,0.00167,-3E-05,0,0.00167,58.62472,0.0016704,0,79999.963,79983.304,0.037,16.696,True,False,0.07065
300.38,FINE,COAST,79999.949,30.3471244,0.6891875,467.55652,0.05863,False,False,0.00286,2278.91789,2278.93173,0.01384,0.00024,-9E-05,-3E-05,0,0.00167,-3E-05,0,0.00167,58.62472,0.0016704,0,79999.963,79983.304,0.037,16.696,True,False,0.05333
300.52,FINE,COAST,79999.95,30.3471244,0.6891875,463.84754,0.0591,False,False,0.00285,2278.91789,2278.93172,0.01384,0.00024,-9E-05,-4E-05,0,0.00167,-4E-05,0,0.00167,58.62472,0.0016704,0,79999.963,79983.303,0.037,16.697,True,False,0.0386
300.68,FINE,COAST,79999.951,30.3471244,0.6891875,459.68019,0.05963,False,False,0.00284,2278.91789,2278.93172,0.01384,0.00024,-9E-05,-4E-05,0,0.00167,-4E-05,0,0.00167,58.62472,0.0016704,0,79999.963,79983.303,0.037,16.697,True,False,0.02514
300.82,FINE,COAST,79999.952,30.3471244,0.6891875,456.09478,0.0601,False,False,0.00283,2278.91788,2278.93172,0.01384,0.00024,-9E-05,-5E-05,0,0.00167,-5E-05,0,0.00167,58.62472,0.0016705,0,79999.964,79983.303,0.036,16.697,True,False,0.01632
300.96,FINE,COAST,79999.953,30.3471244,0.6891875,452.56494,0.06057,False,False,0.00281,2278.91788,2278.93172,0.01384,0.00024,-9E-05,-5E-05,0,0.00167,-5E-05,0,0.00167,58.62472,0.0016705,0,79999.964,79983.303,0.036,16.697,True,False,0.01023
301.1,FINE,COAST,79999.954,30.3471244,0.6891875,449.08938,0.06104,False,False,0.0028,2278.91788,2278.93172,0.01384,0.00024,-9E-05,-6E-05,0,0.00167,-6E-05,0,0.00167,58.62472,0.0016706,0,79999.964,79983.303,0.036,16.697,True,False,0.00673
301.26,FINE,COAST,79999.955,30.3471244,0.6891875,445.18219,0.06158,False,False,0.00279,2278.91788,2278.93171,0.01384,0.00024,-9E-05,-6E-05,0,0.00167,-6E-05,0,0.00167,58.62472,0.0016707,0,79999.964,79983.303,0.036,16.697,True,False,0.00509
301.4,FINE,COAST,79999.956,30.3471244,0.6891875,441.81882,0.06204,False,False,0.00278,2278.91788,2278.93171,0.01384,0.00024,-9E-05,-6E-05,0,0.00167,-6E-05,0,0.00167,58.62472,0.0016708,0,79999.964,79983.303,0.036,16.697,True,False,0.00472
301.54,FINE,COAST,79999.956,30.3471244,0.6891875,438.50597,0.06251,False,False,0.00277,2278.91788,2278.93171,0.01384,0.00024,-9E-05,-7E-05,0,0.00167,-7E-05,0,0.00167,58.62472,0.0016709,0,79999.964,79983.303,0.036,16.697,True,False,0.00513
301.68,FINE,COAST,79999.957,30.3471244,0.6891875,435.24249,0.06298,False,False,0.00275,2278.91788,2278.93171,0.01384,0.00024,-9E-05,-7E-05,0,0.00167,-7E-05,0,0.00167,58.62472,0.001671,0,79999.964,79983.303,0.036,16.697,True,False,0.00674
301.84,FINE,COAST,79999.958,30.3471244,0.6891875,431.57185,0.06352,False,False,0.00274,2278.91787,2278.93171,0.01384,0.00024,-9E-05,-7E-05,0,0.00167,-7E-05,0,0.00167,58.62472,0.0016711,0,79999.964,79983.302,0.036,16.698,True,False,0.00995
301.98,FINE,COAST,79999.959,30.3471244,0.6891875,428.41055,0.06399,False,False,0.00273,2278.91787,2278.93171,0.01384,0.00024,-9E-05,-8E-05,0,0.00167,-8E-05,0,0.00167,58.62472,0.0016712,0,79999.964,79983.302,0.036,16.698,True,False,0.01347
302.12,FINE,COAST,79999.96,30.3471244,0.6891875,425.29528,0.06445,False,False,0.00271,2278.91787,2278.93171,0.01384,0.00024,-9E-05,-8E-05,0,0.00167,-8E-05,0,0.00167,58.62472,0.0016712,0,79999.964,79983.302,0.036,16.698,True,False,0.01709
302.26,FINE,COAST,79999.958,30.3471244,0.6891875,422.22505,0.06492,False,False,0.0027,2278.91787,2278.93171,0.01384,0.00024,-9E-05,-8E-05,0,0.00167,-8E-05,0,0.00167,58.62472,0.0016713,0,79999.964,79983.302,0.036,16.698,True,False,0.0207
302.42,FINE,COAST,79999.953,30.3471245,0.6891874,418.77103,0.06546,False,False,0.00269,2278.91789,2278.93172,0.01383,0.00024,-9E-05,-4E-05,0,0.00167,-4E-05,0,0.00167,58.62472,0.0016685,0,79999.956,79983.306,0.044,16.694,True,False,0.0248
302.56,FINE,COAST,79999.954,30.3471245,0.6891874,415.79409,0.06593,False,False,0.00267,2278.91789,2278.93172,0.01383,0.00024,-9E-05,-4E-05,0,0.00167,-4E-05,0,0.00167,58.62472,0.0016685,0,79999.956,79983.306,0.044,16.694,True,False,0.02831
302.7,FINE,COAST,79999.955,30.3471245,0.6891874,412.85925,0.0664,False,False,0.00266,2278.91789,2278.93171,0.01383,0.00024,-9E-05,-4E-05,0,0.00167,-4E-05,0,0.00167,58.62472,0.0016686,0,79999.956,79983.306,0.044,16.694,True,False,0.0318
302.84,FINE,COAST,79999.956,30.3471244,0.6891874,409.9656,0.06686,False,False,0.00265,2278.91789,2278.93171,0.01383,0.00024,-9E-05,-4E-05,0,0.00167,-4E-05,0,0.00167,58.62472,0.0016686,0,79999.956,79983.306,0.044,16.694,True,False,0.03506
303,FINE,COAST,79999.956,30.3471245,0.6891874,406.70795,0.0674,False,False,0.00263,2278.91789,2278.93171,0.01383,0.00024,-9E-05,-5E-05,0,0.00167,-5E-05,0,0.00167,58.62472,0.0016686,0,79999.956,79983.306,0.044,16.694,True,False,0.0381
303.14,FINE,COAST,79999.957,30.3471244,0.6891874,403.89973,0.06787,False,False,0.00262,2278.91788,2278.93171,0.01383,0.00024,-9E-05,-5E-05,0,0.00167,-5E-05,0,0.00167,58.62472,0.0016686,0,79999.956,79983.306,0.044,16.694,True,False,0.04019
303.28,FINE,COAST,79999.958,30.3471244,0.6891874,401.13009,0.06834,False,False,0.0026,2278.91788,2278.93171,0.01383,0.00024,-9E-05,-5E-05,0,0.00167,-5E-05,0,0.00167,58.62472,0.0016687,0,79999.956,79983.306,0.044,16.694,True,False,0.04186
303.42,FINE,COAST,79999.959,30.3471244,0.6891874,398.39825,0.06881,False,False,0.00259,2278.91788,2278.93171,0.01383,0.00024,-9E-05,-5E-05,0,0.00167,-5E-05,0,0.00167,58.62472,0.0016687,0,79999.956,79983.306,0.044,16.694,True,False,0.04316
303.58,FINE,COAST,79999.96,30.3471244,0.6891874,395.32143,0.06934,False,False,0.00258,2278.91788,2278.93171,0.01383,0.00024,-9E-05,-6E-05,0,0.00167,-6E-05,0,0.00167,58.62472,0.0016687,0,79999.956,79983.306,0.044,16.694,True,False,0.04424
303.72,FINE,COAST,79999.96,30.3471244,0.6891874,392.66801,0.06981,False,False,0.00256,2278.91788,2278.93171,0.01383,0.00024,-9E-05,-6E-05,0,0.00167,-6E-05,0,0.00167,58.62472,0.0016688,0,79999.956,79983.306,0.044,16.694,True,False,0.04486
303.86,FINE,COAST,79999.961,30.3471244,0.6891874,390.05003,0.07028,False,False,0.00255,2278.91788,2278.9317,0.01383,0.00024,-9E-05,-6E-05,0,0.00167,-6E-05,0,0.00167,58.62472,0.0016688,0,79999.956,79983.306,0.044,16.694,True,False,0.04528
304,FINE,COAST,79999.962,30.3471244,0.6891874,387.46678,0.07075,False,False,0.00254,2278.91788,2278.9317,0.01383,0.00024,-9E-05,-7E-05,0,0.00167,-7E-05,0,0.00167,58.62472,0.0016689,0,79999.956,79983.306,0.044,16.694,True,False,0.04552
304.16,FINE,COAST,79999.963,30.3471244,0.6891874,384.55617,0.07128,False,False,0.00252,2278.91788,2278.9317,0.01383,0.00024,-9E-05,-7E-05,0,0.00167,-7E-05,0,0.00167,58.62472,0.001669,0,79999.956,79983.306,0.044,16.694,True,False,0.04557
304.3,FINE,COAST,79999.956,30.3471245,0.6891874,382.04533,0.07175,False,False,0.00251,2278.91788,2278.9317,0.01382,0.00024,-9E-05,-6E-05,0,0.00167,-6E-05,0,0.00167,58.62472,0.001668,0,79999.953,79983.307,0.047,16.693,True,False,0.04544
304.44,FINE,COAST,79999.951,30.3471245,0.6891874,379.56772,0.07222,False,False,0.0025,2278.91791,2278.93172,0.01381,0.00024,-9E-05,0,0,0.00167,0,0,0.00167,58.62472,0.0016657,0,79999.944,79983.311,0.056,16.689,True,False,0.04514
304.58,FINE,COAST,79999.952,30.3471245,0.6891874,377.12141,0.07269,False,False,0.00248,2278.91791,2278.93172,0.01381,0.00024,-9E-05,0,0,0.00167,0,0,0.00167,58.62472,0.0016654,0,79999.943,79983.311,0.057,16.689,True,False,0.04464
304.74,FINE,COAST,79999.953,30.3471245,0.6891874,374.36391,0.07322,False,False,0.00247,2278.91791,2278.93172,0.01381,0.00024,-9E-05,0,0,0.00167,0,0,0.00167,58.62472,0.0016654,0,79999.943,79983.311,0.057,16.689,True,False,0.04381
304.88,FINE,COAST,79999.954,30.3471245,0.6891874,371.98402,0.07369,False,False,0.00245,2278.91791,2278.93172,0.01381,0.00024,-9E-05,0,0,0.00167,0,0,0.00167,58.62472,0.0016653,0,79999.943,79983.311,0.057,16.689,True,False,0.04284
305.02,FINE,COAST,79999.955,30.3471246,0.6891874,369.63427,0.07416,False,False,0.00244,2278.91791,2278.93171,0.01381,0.00024,-9E-05,-1E-05,0,0.00167,-1E-05,0,0.00167,58.62472,0.0016652,0,79999.943,79983.311,0.057,16.689,True,False,0.04168
305.16,FINE,COAST,79999.955,30.3471246,0.6891874,367.31408,0.07463,False,False,0.00243,2278.91791,2278.93171,0.01381,0.00024,-9E-05,-1E-05,0,0.00167,-1E-05,0,0.00167,58.62472,0.0016652,0,79999.943,79983.311,0.057,16.689,True,False,0.04031
305.32,FINE,COAST,79999.956,30.3471246,0.6891874,364.6979,0.07516,False,False,0.00241,2278.9179,2278.93171,0.01381,0.00024,-9E-05,-1E-05,0,0.00167,-1E-05,0,0.00167,58.62472,0.0016651,0,79999.943,79983.311,0.057,16.689,True,False,0.03852
305.46,FINE,COAST,79999.957,30.3471246,0.6891874,362.4392,0.07563,False,False,0.0024,2278.9179,2278.93171,0.01381,0.00024,-9E-05,-1E-05,0,0.00167,-1E-05,0,0.00167,58.62472,0.0016651,0,79999.943,79983.311,0.057,16.689,True,False,0.03672
305.6,FINE,COAST,79999.958,30.3471246,0.6891874,360.20836,0.0761,False,False,0.00239,2278.9179,2278.93171,0.01381,0.00024,-9E-05,-2E-05,0,0.00166,-2E-05,0,0.00166,58.62472,0.001665,0,79999.943,79983.311,0.057,16.689,True,False,0.03475
305.74,FINE,COAST,79999.959,30.3471246,0.6891874,358.00487,0.07657,False,False,0.00237,2278.9179,2278.93171,0.01381,0.00024,-9E-05,-2E-05,0,0.00166,-2E-05,0,0.00166,58.62472,0.001665,0,79999.943,79983.311,0.057,16.689,True,False,0.03258
305.9,FINE,COAST,79999.96,30.3471246,0.6891874,355.51946,0.0771,False,False,0.00236,2278.9179,2278.93171,0.01381,0.00024,-9E-05,-2E-05,0,0.00166,-2E-05,0,0.00166,58.62472,0.0016649,0,79999.943,79983.311,0.057,16.689,True,False,0.02988
306.04,FINE,COAST,79999.961,30.3471246,0.6891874,353.37292,0.07757,False,False,0.00234,2278.9179,2278.93171,0.01381,0.00024,-9E-05,-3E-05,0,0.00166,-3E-05,0,0.00166,58.62472,0.0016649,0,79999.943,79983.311,0.057,16.689,True,False,0.02746
306.18,FINE,COAST,79999.961,30.3471246,0.6891874,351.2522,0.07804,False,False,0.00233,2278.9179,2278.9317,0.01381,0.00024,-9E-05,-3E-05,0,0.00166,-3E-05,0,0.00166,58.62472,0.0016649,0,79999.943,79983.311,0.057,16.689,True,False,0.02528
306.32,FINE,COAST,79999.962,30.3471246,0.6891874,349.15685,0.07851,False,False,0.00232,2278.9179,2278.9317,0.01381,0.00024,-9E-05,-3E-05,0,0.00166,-3E-05,0,0.00166,58.62472,0.0016649,0,79999.943,79983.311,0.057,16.689,True,False,0.02333
306.48,FINE,COAST,79999.963,30.3471246,0.6891874,346.79264,0.07904,False,False,0.0023,2278.91789,2278.9317,0.01381,0.00024,-9E-05,-4E-05,0,0.00166,-4E-05,0,0.00166,58.62472,0.0016649,0,79999.943,79983.311,0.057,16.689,True,False,0.02135
306.62,FINE,COAST,79999.964,30.3471246,0.6891874,344.75012,0.07951,False,False,0.00229,2278.91789,2278.9317,0.01381,0.00024,-9E-05,-4E-05,0,0.00166,-4E-05,0,0.00166,58.62472,0.0016649,0,79999.943,79983.311,0.057,16.689,True,False,0.01978
306.76,FINE,COAST,79999.965,30.3471246,0.6891874,342.73158,0.07998,False,False,0.00228,2278.91789,2278.9317,0.01381,0.00024,-9E-05,-4E-05,0,0.00166,-4E-05,0,0.00166,58.62472,0.0016649,0,79999.943,79983.311,0.057,16.689,True,False,0.01836
306.9,FINE,COAST,79999.965,30.3471246,0.6891874,340.7366,0.08045,False,False,0.00227,2278.91789,2278.9317,0.01381,0.00024,-9E-05,-5E-05,0,0.00166,-5E-05,0,0.00166,58.62472,0.0016649,0,79999.943,79983.311,0.057,16.689,True,False,0.01702
307.06,FINE,COAST,79999.966,30.3471246,0.6891873,338.48494,0.08098,False,False,0.00225,2278.91789,2278.9317,0.01381,0.00024,-9E-05,-5E-05,0,0.00166,-5E-05,0,0.00166,58.62472,0.0016649,0,79999.943,79983.311,0.057,16.689,True,False,0.01562
307.2,FINE,COAST,79999.967,30.3471246,0.6891873,336.53907,0.08145,False,False,0.00224,2278.91789,2278.93169,0.0138,0.00024,-9E-05,-5E-05,0,0.00166,-5E-05,0,0.00166,58.62472,0.0016649,0,79999.943,79983.311,0.057,16.689,True,False,0.01448
307.34,FINE,COAST,79999.968,30.3471246,0.6891873,334.6155,0.08192,False,False,0.00222,2278.91789,2278.93169,0.0138,0.00024,-9E-05,-5E-05,0,0.00166,-5E-05,0,0.00166,58.62472,0.0016649,0,79999.943,79983.311,0.057,16.689,True,False,0.01341
307.48,FINE,COAST,79999.969,30.3471246,0.6891873,332.71386,0.08239,False,False,0.00221,2278.91789,2278.93169,0.0138,0.00024,-9E-05,-6E-05,0,0.00166,-6E-05,0,0.00166,58.62472,0.001665,0,79999.943,79983.311,0.057,16.689,True,False,0.01239
307.64,FINE,COAST,79999.969,30.3471246,0.6891873,330.56691,0.08292,False,False,0.0022,2278.91789,2278.93169,0.0138,0.00024,-9E-05,-6E-05,0,0.00166,-6E-05,0,0.00166,58.62472,0.001665,0,79999.943,79983.311,0.057,16.689,True,False,0.01128
307.78,FINE,COAST,79999.97,30.3471246,0.6891873,328.71099,0.08339,False,False,0.00218,2278.91788,2278.93169,0.0138,0.00024,-9E-05,-6E-05,0,0.00166,-6E-05,0,0.00166,58.62472,0.001665,0,79999.943,79983.311,0.057,16.689,True,False,0.01032
307.92,FINE,COAST,79999.971,30.3471246,0.6891873,326.87585,0.08386,False,False,0.00217,2278.91788,2278.93169,0.0138,0.00024,-9E-05,-7E-05,0,0.00166,-7E-05,0,0.00166,58.62472,0.0016651,0,79999.943,79983.311,0.057,16.689,True,False,0.00943
308.06,FINE,COAST,79999.972,30.3471246,0.6891873,325.06115,0.08433,False,False,0.00216,2278.91788,2278.93169,0.0138,0.00024,-9E-05,-7E-05,0,0.00166,-7E-05,0,0.00166,58.62472,0.0016651,0,79999.943,79983.311,0.057,16.689,True,False,0.00853
308.22,FINE,COAST,79999.973,30.3471246,0.6891873,323.01179,0.08486,False,False,0.00214,2278.91788,2278.93168,0.0138,0.00024,-9E-05,-7E-05,0,0.00166,-7E-05,0,0.00166,58.62472,0.0016652,0,79999.943,79983.311,0.057,16.689,True,False,0.00752
308.36,FINE,COAST,79999.973,30.3471246,0.6891873,321.23974,0.08533,False,False,0.00213,2278.91788,2278.93168,0.0138,0.00024,-9E-05,-8E-05,0,0.00166,-8E-05,0,0.00166,58.62472,0.0016652,0,79999.943,79983.311,0.057,16.689,True,False,0.00667
308.5,FINE,COAST,79999.974,30.3471246,0.6891873,319.48708,0.0858,False,False,0.00212,2278.91788,2278.93168,0.0138,0.00024,-9E-05,-8E-05,0,0.00166,-8E-05,0,0.00166,58.62472,0.0016652,0,79999.943,79983.311,0.057,16.689,True,False,0.00589
308.64,FINE,COAST,79999.975,30.3471246,0.6891873,317.75349,0.08627,False,False,0.0021,2278.91788,2278.93168,0.0138,0.00024,-9E-05,-8E-05,0,0.00166,-8E-05,0,0.00166,58.62472,0.0016653,0,79999.943,79983.311,0.057,16.689,True,False,0.00515
308.8,FINE,COAST,79999.976,30.3471246,0.6891873,315.79522,0.0868,False,False,0.00209,2278.91788,2278.93168,0.0138,0.00024,-9E-05,-8E-05,0,0.00166,-8E-05,0,0.00166,58.62472,0.0016654,0,79999.943,79983.311,0.057,16.689,True,False,0.0044
308.94,FINE,COAST,79999.976,30.3471246,0.6891873,314.10148,0.08727,False,False,0.00208,2278.91788,2278.93168,0.0138,0.00024,-9E-05,-9E-05,0,0.00166,-9E-05,0,0.00166,58.62472,0.0016654,0,79999.943,79983.311,0.057,16.689,True,False,0.00388
309.08,FINE,COAST,79999.977,30.3471246,0.6891873,312.42587,0.08774,False,False,0.00206,2278.91788,2278.93168,0.0138,0.00024,-9E-05,-9E-05,0,0.00166,-9E-05,0,0.00166,58.62472,0.0016655,0,79999.943,79983.311,0.057,16.689,True,False,0.00355
309.22,FINE,COAST,79999.978,30.3471246,0.6891873,310.76809,0.08821,False,False,0.00205,2278.91787,2278.93168,0.0138,0.00024,-9E-05,-9E-05,0,0.00166,-9E-05,0,0.00166,58.62472,0.0016656,0,79999.943,79983.311,0.057,16.689,True,False,0.00353
309.38,FINE,COAST,79999.979,30.3471246,0.6891873,308.89497,0.08874,False,False,0.00204,2278.91787,2278.93167,0.0138,0.00024,-9E-05,-9E-05,0,0.00166,-9E-05,0,0.00166,58.62472,0.0016656,0,79999.943,79983.311,0.057,16.689,True,False,0.00391
309.52,FINE,COAST,79999.979,30.3471246,0.6891873,307.27446,0.08921,False,False,0.00202,2278.91787,2278.93167,0.0138,0.00024,-9E-05,-0.0001,0,0.00166,-0.0001,0,0.00166,58.62472,0.0016657,0,79999.943,79983.311,0.057,16.689,True,False,0.00451
309.66,FINE,COAST,79999.98,30.3471246,0.6891873,305.67093,0.08968,False,False,0.00201,2278.91787,2278.93167,0.0138,0.00024,-9E-05,-0.0001,0,0.00166,-0.0001,0,0.00166,58.62472,0.0016658,0,79999.943,79983.311,0.057,16.689,True,False,0.00533
309.8,FINE,COAST,79999.981,30.3471246,0.6891873,304.0841,0.09015,False,False,0.002,2278.91787,2278.93167,0.0138,0.00024,-9E-05,-0.0001,0,0.00166,-0.0001,0,0.00166,58.62472,0.0016659,0,79999.943,79983.311,0.057,16.689,True,False,0.00628
309.96,FINE,COAST,79999.982,30.3471246,0.6891873,302.29069,0.09068,False,False,0.00198,2278.91787,2278.93167,0.0138,0.00024,-9E-05,-0.0001,0,0.00166,-0.0001,0,0.00166,58.62472,0.001666,0,79999.943,79983.311,0.057,16.689,True,False,0.00731
310.1,FINE,COAST,79999.982,30.3471246,0.6891873,300.73877,0.09115,False,False,0.00197,2278.91787,2278.93167,0.0138,0.00024,-9E-05,-0.00011,0,0.00166,-0.00011,0,0.00166,58.62472,0.001666,0,79999.943,79983.311,0.057,16.689,True,False,0.00804
310.24,FINE,COAST,79999.983,30.3471246,0.6891873,299.20275,0.09162,False,False,0.00196,2278.91787,2278.93167,0.0138,0.00024,-9E-05,-0.00011,0,0.00166,-0.00011,0,0.00166,58.62472,0.0016661,0,79999.943,79983.311,0.057,16.689,True,False,0.00862
310.38,FINE,COAST,79999.984,30.3471246,0.6891873,297.6824,0.09209,False,False,0.00194,2278.91787,2278.93167,0.0138,0.00024,-9E-05,-0.00011,0,0.00166,-0.00011,0,0.00166,58.62472,0.0016662,0,79999.943,79983.311,0.057,16.689,True,False,0.0091
310.54,FINE,COAST,79999.985,30.3471246,0.6891873,295.96374,0.09262,False,False,0.00193,2278.91787,2278.93166,0.0138,0.00024,-9E-05,-0.00011,0,0.00166,-0.00011,0,0.00166,58.62472,0.0016663,0,79999.943,79983.311,0.057,16.689,True,False,0.00957
310.68,FINE,COAST,79999.985,30.3471246,0.6891873,294.47616,0.09309,False,False,0.00191,2278.91786,2278.93166,0.0138,0.00024,-9E-05,-0.00012,0,0.00166,-0.00012,0,0.00166,58.62472,0.0016664,0,79999.943,79983.311,0.057,16.689,True,False,0.00986
310.82,FINE,COAST,79999.986,30.3471246,0.6891873,293.00351,0.09356,False,False,0.0019,2278.91786,2278.93166,0.0138,0.00024,-9E-05,-0.00012,0,0.00166,-0.00012,0,0.00166,58.62472,0.0016665,0,79999.943,79983.311,0.057,16.689,True,False,0.01011
310.96,FINE,COAST,79999.987,30.3471246,0.6891873,291.54557,0.09402,False,False,0.00189,2278.91786,2278.93166,0.0138,0.00024,-9E-05,-0.00012,0,0.00166,-0.00012,0,0.00166,58.62472,0.0016666,0,79999.943,79983.311,0.057,16.689,True,False,0.0103
311.1,FINE,COAST,79999.988,30.3471246,0.6891873,289.89708,0.09456,False,False,0.00187,2278.91786,2278.93166,0.0138,0.00024,-9E-05,-0.00012,0,0.00166,-0.00012,0,0.00166,58.62472,0.0016667,0,79999.943,79983.311,0.057,16.689,True,False,0.01044
311.26,FINE,COAST,79999.98,30.3471246,0.6891873,288.47013,0.09503,False,False,0.00186,2278.91787,2278.93167,0.01379,0.00024,-9E-05,-0.0001,0,0.00166,-0.0001,0,0.00166,58.62472,0.0016645,0,79999.939,79983.313,0.061,16.687,True,False,0.01054
311.4,FINE,COAST,79999.981,30.3471246,0.6891873,287.05721,0.09549,False,False,0.00185,2278.91788,2278.93167,0.01379,0.00024,-9E-05,-8E-05,0,0.00166,-8E-05,0,0.00166,58.62472,0.0016626,0,79999.935,79983.314,0.065,16.686,True,False,0.01062
311.54,FINE,COAST,79999.982,30.3471246,0.6891873,285.65791,0.09596,False,False,0.00183,2278.91788,2278.93167,0.01379,0.00024,-9E-05,-8E-05,0,0.00166,-8E-05,0,0.00166,58.62472,0.0016627,0,79999.935,79983.314,0.065,16.686,True,False,0.01066
311.7,FINE,COAST,79999.983,30.3471246,0.6891873,284.07539,0.0965,False,False,0.00182,2278.91788,2278.93167,0.01379,0.00024,-9E-05,-8E-05,0,0.00166,-8E-05,0,0.00166,58.62472,0.0016627,0,79999.935,79983.314,0.065,16.686,True,False,0.01071
311.84,FINE,COAST,79999.983,30.3471246,0.6891873,282.70506,0.09696,False,False,0.00181,2278.91788,2278.93167,0.01379,0.00024,-9E-05,-9E-05,0,0.00166,-9E-05,0,0.00166,58.62472,0.0016628,0,79999.935,79983.314,0.065,16.686,True,False,0.01072
311.98,FINE,COAST,79999.984,30.3471246,0.6891873,281.34793,0.09743,False,False,0.00179,2278.91788,2278.93167,0.01379,0.00024,-9E-05,-9E-05,0,0.00166,-9E-05,0,0.00166,58.62472,0.0016628,0,79999.935,79983.314,0.065,16.686,True,False,0.01073
312.12,FINE,COAST,79999.985,30.3471246,0.6891873,280.00382,0.0979,False,False,0.00178,2278.91788,2278.93166,0.01379,0.00024,-9E-05,-9E-05,0,0.00166,-9E-05,0,0.00166,58.62472,0.0016629,0,79999.935,79983.314,0.065,16.686,True,False,0.01072
312.28,FINE,COAST,79999.981,30.3471246,0.6891873,278.4834,0.09843,False,False,0.00177,2278.91788,2278.93166,0.01379,0.00024,-9E-05,-9E-05,0,0.00166,-9E-05,0,0.00166,58.62472,0.0016629,0,79999.935,79983.314,0.065,16.686,True,False,0.0107
312.42,FINE,COAST,79999.978,30.3471247,0.6891872,277.16692,0.0989,False,False,0.00175,2278.9179,2278.93168,0.01378,0.00023,-9E-05,-5E-05,0,0.00166,-5E-05,0,0.00166,58.62472,0.0016597,0,79999.927,79983.317,0.073,16.683,True,False,0.01069
312.56,FINE,COAST,79999.979,30.3471247,0.6891872,275.86252,0.09937,False,False,0.00174,2278.9179,2278.93167,0.01378,0.00023,-9E-05,-5E-05,0,0.00166,-5E-05,0,0.00166,58.62472,0.0016597,0,79999.927,79983.317,0.073,16.683,True,False,0.01066
312.7,FINE,COAST,79999.98,30.3471247,0.6891872,274.5704,0.09984,False,False,0.00173,2278.9179,2278.93167,0.01378,0.00023,-9E-05,-5E-05,0,0.00166,-5E-05,0,0.00166,58.62472,0.0016596,0,79999.927,79983.317,0.073,16.683,True,False,0.01065
312.86,FINE,COAST,79999.98,30.3471247,0.6891872,273.10848,0.10037,False,False,0.00171,2278.9179,2278.93167,0.01378,0.00023,-9E-05,-5E-05,0,0.00166,-5E-05,0,0.00166,58.62472,0.0016596,0,79999.927,79983.317,0.073,16.683,True,False,0.01066
313,FINE,COAST,79999.981,30.3471247,0.6891872,271.84207,0.10084,False,False,0.0017,2278.9179,2278.93167,0.01378,0.00023,-9E-05,-6E-05,0,0.00166,-6E-05,0,0.00166,58.62472,0.0016596,0,79999.927,79983.317,0.073,16.683,True,False,0.01067
313.14,FINE,COAST,79999.982,30.3471247,0.6891872,270.5874,0.10131,False,False,0.00169,2278.91789,2278.93167,0.01377,0.00023,-9E-05,-6E-05,0,0.00166,-6E-05,0,0.00166,58.62472,0.0016596,0,79999.927,79983.317,0.073,16.683,True,False,0.01071
313.28,FINE,COAST,79999.982,30.3471247,0.6891872,269.3443,0.10177,False,False,0.00167,2278.91789,2278.93167,0.01377,0.00023,-9E-05,-6E-05,0,0.00166,-6E-05,0,0.00166,58.62472,0.0016596,0,79999.927,79983.317,0.073,16.683,True,False,0.01076
313.44,FINE,COAST,79999.983,30.3471247,0.6891872,267.9376,0.10231,False,False,0.00166,2278.91789,2278.93167,0.01377,0.00023,-9E-05,-6E-05,0,0.00166,-6E-05,0,0.00166,58.62472,0.0016596,0,79999.927,79983.317,0.073,16.683,True,False,0.01088
313.58,FINE,COAST,79999.984,30.3471247,0.6891872,266.71878,0.10278,False,False,0.00164,2278.91789,2278.93167,0.01377,0.00023,-9E-05,-6E-05,0,0.00166,-6E-05,0,0.00166,58.62472,0.0016596,0,79999.927,79983.317,0.073,16.683,True,False,0.01102
313.72,FINE,COAST,79999.984,30.3471247,0.6891872,265.51105,0.10324,False,False,0.00163,2278.91789,2278.93167,0.01377,0.00023,-9E-05,-7E-05,0,0.00166,-7E-05,0,0.00166,58.62472,0.0016596,0,79999.927,79983.318,0.073,16.682,True,False,0.01122
313.86,FINE,COAST,79999.985,30.3471247,0.6891872,264.31425,0.10371,False,False,0.00162,2278.91789,2278.93166,0.01377,0.00023,-9E-05,-7E-05,0,0.00166,-7E-05,0,0.00166,58.62472,0.0016596,0,79999.927,79983.318,0.073,16.682,True,False,0.01147
314.02,FINE,COAST,79999.986,30.3471247,0.6891872,262.95968,0.10424,False,False,0.0016,2278.91789,2278.93166,0.01377,0.00023,-9E-05,-7E-05,0,0.00166,-7E-05,0,0.00166,58.62472,0.0016596,0,79999.927,79983.317,0.073,16.683,True,False,0.01183
314.16,FINE,COAST,79999.986,30.3471247,0.6891872,261.78583,0.10471,False,False,0.00159,2278.91789,2278.93166,0.01377,0.00023,-9E-05,-7E-05,0,0.00166,-7E-05,0,0.00166,58.62472,0.0016596,0,79999.927,79983.317,0.073,16.683,True,False,0.0122
314.3,FINE,COAST,79999.987,30.3471247,0.6891872,260.62245,0.10518,False,False,0.00158,2278.91789,2278.93166,0.01377,0.00023,-9E-05,-7E-05,0,0.00166,-7E-05,0,0.00166,58.62472,0.0016596,0,79999.927,79983.318,0.073,16.682,True,False,0.01264
314.44,FINE,COAST,79999.988,30.3471247,0.6891872,259.46942,0.10565,False,False,0.00156,2278.91789,2278.93166,0.01377,0.00023,-9E-05,-8E-05,0,0.00166,-8E-05,0,0.00166,58.62472,0.0016596,0,79999.927,79983.318,0.073,16.682,True,False,0.01316
314.6,FINE,COAST,79999.988,30.3471247,0.6891872,258.16415,0.10618,False,False,0.00155,2278.91789,2278.93166,0.01377,0.00023,-9E-05,-8E-05,0,0.00166,-8E-05,0,0.00166,58.62472,0.0016596,0,79999.927,79983.317,0.073,16.683,True,False,0.01379
314.74,FINE,COAST,79999.989,30.3471247,0.6891872,257.03282,0.10665,False,False,0.00154,2278.91789,2278.93166,0.01377,0.00023,-9E-05,-8E-05,0,0.00166,-8E-05,0,0.00166,58.62472,0.0016596,0,79999.927,79983.318,0.073,16.682,True,False,0.01421
314.88,FINE,COAST,79999.99,30.3471247,0.6891872,255.91141,0.10712,False,False,0.00152,2278.91789,2278.93166,0.01377,0.00023,-9E-05,-8E-05,0,0.00166,-8E-05,0,0.00166,58.62472,0.0016597,0,79999.927,79983.318,0.073,16.682,True,False,0.01456
315.02,FINE,COAST,79999.99,30.3471247,0.6891872,254.79979,0.10758,False,False,0.00151,2278.91788,2278.93165,0.01377,0.00023,-9E-05,-9E-05,0,0.00166,-9E-05,0,0.00166,58.62472,0.0016597,0,79999.927,79983.318,0.073,16.682,True,False,0.01479
315.18,FINE,COAST,79999.991,30.3471247,0.6891872,253.54119,0.10812,False,False,0.0015,2278.91788,2278.93165,0.01377,0.00023,-9E-05,-9E-05,0,0.00166,-9E-05,0,0.00166,58.62472,0.0016597,0,79999.927,79983.318,0.073,16.682,True,False,0.01503
315.32,FINE,COAST,79999.992,30.3471247,0.6891872,252.45012,0.10858,False,False,0.00148,2278.91788,2278.93165,0.01377,0.00023,-9E-05,-9E-05,0,0.00166,-9E-05,0,0.00166,58.62472,0.0016597,0,79999.927,79983.318,0.073,16.682,True,False,0.0152
315.46,FINE,COAST,79999.992,30.3471247,0.6891872,251.36844,0.10905,False,False,0.00147,2278.91788,2278.93165,0.01377,0.00023,-9E-05,-9E-05,0,0.00166,-9E-05,0,0.00166,58.62472,0.0016597,0,79999.927,79983.318,0.073,16.682,True,False,0.01529
315.6,FINE,COAST,79999.993,30.3471247,0.6891872,250.29604,0.10952,False,False,0.00146,2278.91788,2278.93165,0.01377,0.00023,-9E-05,-9E-05,0,0.00166,-9E-05,0,0.00166,58.62472,0.0016597,0,79999.927,79983.318,0.073,16.682,True,False,0.01543
315.76,FINE,COAST,79999.994,30.3471247,0.6891872,249.08165,0.11005,False,False,0.00144,2278.91788,2278.93165,0.01377,0.00023,-9E-05,-0.0001,0,0.00166,-0.0001,0,0.00166,58.62472,0.0016598,0,79999.927,79983.318,0.073,16.682,True,False,0.01555
315.9,FINE,COAST,79999.994,30.3471247,0.6891872,248.02872,0.11052,False,False,0.00143,2278.91788,2278.93165,0.01377,0.00023,-9E-05,-0.0001,0,0.00166,-0.0001,0,0.00166,58.62472,0.0016598,0,79999.927,79983.318,0.073,16.682,True,False,0.01569
316.04,FINE,COAST,79999.995,30.3471246,0.6891872,246.98471,0.11099,False,False,0.00141,2278.91788,2278.93165,0.01377,0.00023,-9E-05,-0.0001,0,0.00166,-0.0001,0,0.00166,58.62472,0.0016598,0,79999.927,79983.318,0.073,16.682,True,False,0.01588
316.18,FINE,COAST,79999.996,30.3471246,0.6891872,245.9495,0.11145,False,False,0.0014,2278.91788,2278.93165,0.01377,0.00023,-9E-05,-0.0001,0,0.00166,-0.0001,0,0.00166,58.62472,0.0016599,0,79999.927,79983.318,0.073,16.682,True,False,0.0161
316.34,FINE,COAST,79999.996,30.3471247,0.6891872,244.77704,0.11199,False,False,0.00139,2278.91788,2278.93164,0.01377,0.00023,-9E-05,-0.0001,0,0.00166,-0.0001,0,0.00166,58.62472,0.0016599,0,79999.927,79983.318,0.073,16.682,True,False,0.01633
316.48,FINE,COAST,79999.997,30.3471247,0.6891872,243.76032,0.11246,False,False,0.00137,2278.91788,2278.93164,0.01377,0.00023,-9E-05,-0.00011,0,0.00166,-0.00011,0,0.00166,58.62472,0.0016599,0,79999.927,79983.318,0.073,16.682,True,False,0.01643
316.62,FINE,COAST,79999.998,30.3471247,0.6891872,242.75206,0.11292,False,False,0.00136,2278.91788,2278.93164,0.01377,0.00023,-9E-05,-0.00011,0,0.00166,-0.00011,0,0.00166,58.62472,0.00166,0,79999.927,79983.318,0.073,16.682,True,False,0.01649
316.76,FINE,COAST,79999.998,30.3471247,0.6891872,241.75214,0.11339,False,False,0.00135,2278.91788,2278.93164,0.01377,0.00023,-9E-05,-0.00011,0,0.00166,-0.00011,0,0.00166,58.62472,0.00166,0,79999.927,79983.318,0.073,16.682,True,False,0.01648
316.92,FINE,COAST,79999.999,30.3471247,0.6891872,240.61947,0.11392,False,False,0.00133,2278.91788,2278.93164,0.01376,0.00023,-9E-05,-0.00011,0,0.00166,-0.00011,0,0.00166,58.62472,0.00166,0,79999.927,79983.317,0.073,16.683,True,False,0.01639
317.06,FINE,COAST,80000,30.3471247,0.6891872,239.63711,0.11439,False,False,0.00132,2278.91788,2278.93164,0.01376,0.00023,-9E-05,-0.00011,0,0.00166,-0.00011,0,0.00166,58.62472,0.0016601,0,79999.927,79983.318,0.073,16.682,True,False,0.01623
317.2,FINE,COAST,80000,30.3471247,0.6891872,238.66277,0.11486,False,False,0.00131,2278.91787,2278.93164,0.01376,0.00023,-9E-05,-0.00012,0,0.00166,-0.00012,0,0.00166,58.62472,0.0016601,0,79999.927,79983.318,0.073,16.682,True,False,0.01601
317.34,FINE,COAST,80000.001,30.3471247,0.6891872,237.69637,0.11532,False,False,0.00129,2278.91787,2278.93164,0.01376,0.00023,-9E-05,-0.00012,0,0.00166,-0.00012,0,0.00166,58.62472,0.0016602,0,79999.927,79983.318,0.073,16.682,True,False,0.01571
317.5,FINE,COAST,80000.002,30.3471247,0.6891872,236.60151,0.11586,False,False,0.00128,2278.91787,2278.93164,0.01376,0.00023,-9E-05,-0.00012,0,0.00166,-0.00012,0,0.00166,58.62472,0.0016602,0,79999.927,79983.318,0.073,16.682,True,False,0.01534
317.64,FINE,COAST,80000.002,30.3471247,0.6891872,235.65179,0.11632,False,False,0.00127,2278.91787,2278.93164,0.01376,0.00023,-9E-05,-0.00012,0,0.00166,-0.00012,0,0.00166,58.62472,0.0016602,0,79999.927,79983.318,0.073,16.682,True,False,0.01497
317.78,FINE,COAST,80000.003,30.3471247,0.6891872,234.70971,0.11679,False,False,0.00125,2278.91787,2278.93163,0.01376,0.00023,-9E-05,-0.00012,0,0.00166,-0.00012,0,0.00166,58.62472,0.0016603,0,79999.927,79983.317,0.073,16.683,True,False,0.01456
317.92,FINE,COAST,80000.003,30.3471247,0.6891872,233.77517,0.11726,False,False,0.00124,2278.91787,2278.93163,0.01376,0.00023,-9E-05,-0.00013,0,0.00166,-0.00013,0,0.00166,58.62472,0.0016603,0,79999.927,79983.318,0.073,16.682,True,False,0.01414
318.08,FINE,COAST,80000.004,30.3471247,0.6891872,232.71625,0.11779,False,False,0.00122,2278.91787,2278.93163,0.01376,0.00023,-9E-05,-0.00013,0,0.00166,-0.00013,0,0.00166,58.62472,0.0016604,0,79999.927,79983.318,0.073,16.682,True,False,0.01361
318.22,FINE,COAST,80000.005,30.3471247,0.6891872,231.79758,0.11826,False,False,0.00121,2278.91787,2278.93163,0.01376,0.00023,-9E-05,-0.00013,0,0.00166,-0.00013,0,0.00166,58.62472,0.0016604,0,79999.927,79983.318,0.073,16.682,True,False,0.01311
318.36,FINE,COAST,80000.005,30.3471247,0.6891872,230.88618,0.11873,False,False,0.0012,2278.91787,2278.93163,0.01376,0.00023,-9E-05,-0.00013,0,0.00166,-0.00013,0,0.00166,58.62472,0.0016605,0,79999.927,79983.318,0.073,16.682,True,False,0.01258
318.5,FINE,COAST,80000.006,30.3471247,0.6891872,229.98196,0.11919,False,False,0.00119,2278.91787,2278.93163,0.01376,0.00023,-9E-05,-0.00013,0,0.00166,-0.00013,0,0.00166,58.62472,0.0016605,0,79999.927,79983.318,0.073,16.682,True,False,0.01203
318.66,FINE,COAST,80000.007,30.3471247,0.6891872,228.95726,0.11973,False,False,0.00117,2278.91787,2278.93163,0.01376,0.00023,-9E-05,-0.00014,0,0.00166,-0.00014,0,0.00166,58.62472,0.0016606,0,79999.927,79983.318,0.073,16.682,True,False,0.01138
318.8,FINE,COAST,80000.007,30.3471247,0.6891872,228.06814,0.12019,False,False,0.00116,2278.91787,2278.93163,0.01376,0.00023,-9E-05,-0.00014,0,0.00165,-0.00014,0,0.00165,58.62472,0.0016606,0,79999.927,79983.317,0.073,16.683,True,False,0.0108
318.94,FINE,COAST,80000.008,30.3471247,0.6891872,227.18595,0.12066,False,False,0.00114,2278.91787,2278.93163,0.01376,0.00023,-9E-05,-0.00014,0,0.00165,-0.00014,0,0.00165,58.62472,0.0016607,0,79999.927,79983.318,0.073,16.682,True,False,0.01019
319.08,FINE,COAST,80000.009,30.3471247,0.6891872,226.31061,0.12113,False,False,0.00113,2278.91787,2278.93162,0.01376,0.00023,-9E-05,-0.00014,0,0.00165,-0.00014,0,0.00165,58.62472,0.0016607,0,79999.927,79983.318,0.073,16.682,True,False,0.0096
319.24,FINE,COAST,80000.009,30.3471247,0.6891872,225.31848,0.12166,False,False,0.00112,2278.91787,2278.93162,0.01376,0.00023,-9E-05,-0.00014,0,0.00165,-0.00014,0,0.00165,58.62472,0.0016608,0,79999.927,79983.318,0.073,16.682,True,False,0.00892
319.38,FINE,COAST,80000.01,30.3471247,0.6891872,224.45752,0.12213,False,False,0.0011,2278.91787,2278.93162,0.01376,0.00023,-9E-05,-0.00015,0,0.00165,-0.00015,0,0.00165,58.62472,0.0016608,0,79999.927,79983.318,0.073,16.682,True,False,0.00836
319.52,FINE,COAST,80000.01,30.3471247,0.6891872,223.60316,0.12259,False,False,0.00109,2278.91787,2278.93162,0.01376,0.00023,-9E-05,-0.00015,0,0.00165,-0.00015,0,0.00165,58.62472,0.0016609,0,79999.927,79983.317,0.073,16.683,True,False,0.00784
319.66,FINE,COAST,80000.011,30.3471247,0.6891872,222.75533,0.12306,False,False,0.00108,2278.91786,2278.93162,0.01376,0.00023,-9E-05,-0.00015,0,0.00165,-0.00015,0,0.00165,58.62472,0.001661,0,79999.927,79983.318,0.073,16.682,True,False,-0.0074
319.82,FINE,COAST,80000.012,30.3471247,0.6891872,221.79426,0.12359,False,False,0.00106,2278.91786,2278.93162,0.01375,0.00023,-9E-05,-0.00015,0,0.00165,-0.00015,0,0.00165,58.62472,0.001661,0,79999.927,79983.318,0.073,16.682,True,False,-0.00702
319.96,FINE,COAST,80000.012,30.3471247,0.6891872,220.96015,0.12406,False,False,0.00105,2278.91786,2278.93162,0.01375,0.00023,-9E-05,-0.00015,0,0.00165,-0.00015,0,0.00165,58.62472,0.0016611,0,79999.927,79983.318,0.073,16.682,True,False,-0.00685
320.1,FINE,COAST,80000.013,30.3471247,0.6891872,220.13233,0.12453,False,False,0.00104,2278.91786,2278.93162,0.01375,0.00023,-9E-05,-0.00015,0,0.00165,-0.00015,0,0.00165,58.62472,0.0016611,0,79999.927,79983.317,0.073,16.683,True,False,-0.00684
320.24,FINE,COAST,80000.014,30.3471247,0.6891872,219.31073,0.12499,False,False,0.00102,2278.91786,2278.93162,0.01375,0.00023,-9E-05,-0.00016,0,0.00165,-0.00016,0,0.00165,58.62472,0.0016612,0,79999.927,79983.317,0.073,16.683,True,False,-0.00705
320.4,FINE,COAST,80000.014,30.3471247,0.6891872,218.37928,0.12553,False,False,0.00101,2278.91786,2278.93161,0.01375,0.00023,-9E-05,-0.00016,0,0.00165,-0.00016,0,0.00165,58.62472,0.0016613,0,79999.927,79983.317,0.073,16.683,True,False,-0.00746
320.54,FINE,COAST,80000.015,30.3471247,0.6891872,217.57078,0.12599,False,False,0.001,2278.91786,2278.93161,0.01375,0.00023,-9E-05,-0.00016,0,0.00165,-0.00016,0,0.00165,58.62472,0.0016613,0,79999.927,79983.317,0.073,16.683,True,False,-0.00785
320.68,FINE,COAST,80000.015,30.3471247,0.6891872,216.76829,0.12646,False,False,0.00098,2278.91786,2278.93161,0.01375,0.00023,-9E-05,-0.00016,0,0.00165,-0.00016,0,0.00165,58.62472,0.0016614,0,79999.927,79983.317,0.073,16.683,True,False,-0.0082
320.82,FINE,COAST,80000.016,30.3471247,0.6891872,215.97173,0.12692,False,False,0.00097,2278.91786,2278.93161,0.01375,0.00023,-9E-05,-0.00016,0,0.00165,-0.00016,0,0.00165,58.62472,0.0016614,0,79999.927,79983.317,0.073,16.683,True,False,-0.00851
320.98,FINE,COAST,80000.017,30.3471247,0.6891872,215.06856,0.12746,False,False,0.00095,2278.91786,2278.93161,0.01375,0.00023,-9E-05,-0.00017,0,0.00165,-0.00017,0,0.00165,58.62472,0.0016615,0,79999.927,79983.317,0.073,16.683,True,False,-0.00886
321.12,FINE,COAST,80000.017,30.3471247,0.6891872,214.28451,0.12792,False,False,0.00094,2278.91786,2278.93161,0.01375,0.00023,-9E-05,-0.00017,0,0.00165,-0.00017,0,0.00165,58.62472,0.0016616,0,79999.927,79983.317,0.073,16.683,True,False,-0.0091
321.26,FINE,COAST,80000.018,30.3471247,0.6891872,213.5062,0.12839,False,False,0.00093,2278.91786,2278.93161,0.01375,0.00023,-9E-05,-0.00017,0,0.00165,-0.00017,0,0.00165,58.62472,0.0016616,0,79999.927,79983.317,0.073,16.683,True,False,-0.00933
321.4,FINE,COAST,80000.018,30.3471247,0.6891872,212.73356,0.12886,False,False,0.00092,2278.91786,2278.93161,0.01375,0.00023,-9E-05,-0.00017,0,0.00165,-0.00017,0,0.00165,58.62472,0.0016617,0,79999.927,79983.317,0.073,16.683,True,False,-0.00956
321.56,FINE,COAST,80000.019,30.3471247,0.6891872,211.85741,0.12939,False,False,0.0009,2278.91786,2278.93161,0.01375,0.00023,-9E-05,-0.00017,0,0.00165,-0.00017,0,0.00165,58.62472,0.0016617,0,79999.927,79983.317,0.073,16.683,True,False,-0.00987
321.7,FINE,COAST,80000.02,30.3471247,0.6891872,211.09672,0.12986,False,False,0.00089,2278.91786,2278.93161,0.01375,0.00023,-9E-05,-0.00017,0,0.00165,-0.00017,0,0.00165,58.62472,0.0016618,0,79999.927,79983.317,0.073,16.683,True,False,-0.01017
321.84,FINE,COAST,80000.02,30.3471247,0.6891872,210.34151,0.13032,False,False,0.00087,2278.91786,2278.9316,0.01375,0.00023,-9E-05,-0.00017,0,0.00165,-0.00017,0,0.00165,58.62472,0.0016618,0,79999.927,79983.317,0.073,16.683,True,False,-0.01055
321.98,FINE,COAST,80000.021,30.3471247,0.6891872,209.59173,0.13079,False,False,0.00086,2278.91786,2278.9316,0.01375,0.00023,-9E-05,-0.00018,0,0.00165,-0.00018,0,0.00165,58.62472,0.0016619,0,79999.927,79983.317,0.073,16.683,True,False,-0.01097
322.14,FINE,COAST,80000.017,30.3471247,0.6891872,208.7414,0.13132,False,False,0.00085,2278.91786,2278.9316,0.01375,0.00023,-9E-05,-0.00018,0,0.00165,-0.00018,0,0.00165,58.62472,0.001662,0,79999.927,79983.317,0.073,16.683,True,False,-0.01144
322.28,FINE,COAST,80000.014,30.3471247,0.6891872,208.00324,0.13179,False,False,0.00083,2278.91788,2278.93162,0.01374,0.00023,-9E-05,-0.00013,0,0.00165,-0.00013,0,0.00165,58.62472,0.0016562,0,79999.919,79983.321,0.081,16.679,True,False,-0.01192
322.42,FINE,COAST,80000.015,30.3471247,0.6891872,207.27013,0.13225,False,False,0.00082,2278.91788,2278.93161,0.01374,0.00023,-9E-05,-0.00013,0,0.00165,-0.00013,0,0.00165,58.62472,0.0016562,0,79999.919,79983.321,0.081,16.679,True,False,-0.01237
322.56,FINE,COAST,80000.015,30.3471247,0.6891872,206.5422,0.13272,False,False,0.00081,2278.91788,2278.93161,0.01374,0.00023,-9E-05,-0.00013,0,0.00165,-0.00013,0,0.00165,58.62472,0.0016562,0,79999.919,79983.321,0.081,16.679,True,False,-0.01274
322.72,FINE,COAST,80000.016,30.3471247,0.6891872,205.71656,0.13325,False,False,0.00079,2278.91788,2278.93161,0.01373,0.00023,-9E-05,-0.00013,0,0.00165,-0.00013,0,0.00165,58.62472,0.0016562,0,79999.919,79983.321,0.081,16.679,True,False,-0.01306
322.86,FINE,COAST,80000.016,30.3471247,0.6891872,204.99957,0.13372,False,False,0.00078,2278.91788,2278.93161,0.01373,0.00023,-9E-05,-0.00014,0,0.00165,-0.00014,0,0.00165,58.62472,0.0016562,0,79999.919,79983.321,0.081,16.679,True,False,-0.01323
323,FINE,COAST,80000.017,30.3471247,0.6891872,204.2876,0.13418,False,False,0.00077,2278.91788,2278.93161,0.01373,0.00023,-9E-05,-0.00014,0,0.00165,-0.00014,0,0.00165,58.62472,0.0016563,0,79999.919,79983.321,0.081,16.679,True,False,-0.01334
323.14,FINE,COAST,80000.017,30.3471247,0.6891872,203.58059,0.13465,False,False,0.00075,2278.91788,2278.93161,0.01373,0.00023,-9E-05,-0.00014,0,0.00165,-0.00014,0,0.00165,58.62472,0.0016563,0,79999.919,79983.321,0.081,16.679,True,False,-0.01338
323.3,FINE,COAST,80000.018,30.3471247,0.6891872,202.7786,0.13518,False,False,0.00074,2278.91788,2278.93161,0.01373,0.00023,-9E-05,-0.00014,0,0.00165,-0.00014,0,0.00165,58.62472,0.0016563,0,79999.919,79983.321,0.081,16.679,True,False,-0.01334
323.44,FINE,COAST,80000.019,30.3471247,0.6891872,202.08207,0.13565,False,False,0.00073,2278.91788,2278.93161,0.01373,0.00023,-9E-05,-0.00014,0,0.00165,-0.00014,0,0.00165,58.62472,0.0016563,0,79999.919,79983.321,0.081,16.679,True,False,-0.01321
323.58,FINE,COAST,80000.019,30.3471247,0.6891872,201.39035,0.13611,False,False,0.00071,2278.91788,2278.93161,0.01373,0.00023,-9E-05,-0.00014,0,0.00165,-0.00014,0,0.00165,58.62472,0.0016563,0,79999.919,79983.321,0.081,16.679,True,False,-0.01304
323.72,FINE,COAST,80000.02,30.3471247,0.6891872,200.70338,0.13658,False,False,0.0007,2278.91788,2278.93161,0.01373,0.00023,-9E-05,-0.00014,0,0.00165,-0.00014,0,0.00165,58.62472,0.0016563,0,79999.919,79983.321,0.081,16.679,True,False,-0.01281
323.88,FINE,COAST,80000.02,30.3471247,0.6891872,199.92404,0.13711,False,False,0.00068,2278.91787,2278.9316,0.01373,0.00023,-9E-05,-0.00014,0,0.00165,-0.00014,0,0.00165,58.62472,0.0016563,0,79999.919,79983.321,0.081,16.679,True,False,-0.01249
324.02,FINE,COAST,80000.021,30.3471247,0.6891872,199.24711,0.13758,False,False,0.00067,2278.91787,2278.9316,0.01373,0.00023,-9E-05,-0.00015,0,0.00165,-0.00015,0,0.00165,58.62472,0.0016563,0,79999.919,79983.321,0.081,16.679,True,False,-0.01218
324.16,FINE,COAST,80000.021,30.3471247,0.6891872,198.57478,0.13804,False,False,0.00066,2278.91787,2278.9316,0.01373,0.00023,-9E-05,-0.00015,0,0.00165,-0.00015,0,0.00165,58.62472,0.0016563,0,79999.919,79983.321,0.081,16.679,True,False,-0.01182
324.3,FINE,COAST,80000.022,30.3471247,0.6891872,197.90701,0.13851,False,False,0.00065,2278.91787,2278.9316,0.01373,0.00023,-9E-05,-0.00015,0,0.00165,-0.00015,0,0.00165,58.62472,0.0016563,0,79999.919,79983.321,0.081,16.679,True,False,-0.01145
324.46,FINE,COAST,80000.022,30.3471247,0.6891872,197.14937,0.13904,False,False,0.00063,2278.91787,2278.9316,0.01373,0.00023,-9E-05,-0.00015,0,0.00165,-0.00015,0,0.00165,58.62472,0.0016563,0,79999.919,79983.321,0.081,16.679,True,False,-0.011
324.6,FINE,COAST,80000.023,30.3471247,0.6891872,196.49122,0.13951,False,False,0.00062,2278.91787,2278.9316,0.01373,0.00023,-9E-05,-0.00015,0,0.00165,-0.00015,0,0.00165,58.62472,0.0016563,0,79999.919,79983.321,0.081,16.679,True,False,-0.01056
324.74,FINE,COAST,80000.023,30.3471247,0.6891872,195.83749,0.13997,False,False,0.0006,2278.91787,2278.9316,0.01373,0.00023,-9E-05,-0.00015,0,0.00165,-0.00015,0,0.00165,58.62472,0.0016563,0,79999.919,79983.321,0.081,16.679,True,False,-0.01013
324.88,FINE,COAST,80000.024,30.3471247,0.6891872,195.18813,0.14044,False,False,0.00059,2278.91787,2278.9316,0.01373,0.00023,-9E-05,-0.00015,0,0.00165,-0.00015,0,0.00165,58.62472,0.0016563,0,79999.919,79983.321,0.081,16.679,True,False,-0.00969
325.04,FINE,COAST,80000.024,30.3471247,0.6891872,194.4513,0.14097,False,False,0.00058,2278.91787,2278.9316,0.01373,0.00023,-9E-05,-0.00015,0,0.00165,-0.00015,0,0.00165,58.62472,0.0016562,0,79999.919,79983.321,0.081,16.679,True,False,-0.00917
325.18,FINE,COAST,80000.025,30.3471247,0.6891872,193.81117,0.14144,False,False,0.00056,2278.91787,2278.9316,0.01373,0.00023,-9E-05,-0.00016,0,0.00165,-0.00016,0,0.00165,58.62472,0.0016563,0,79999.919,79983.321,0.081,16.679,True,False,-0.00877
325.32,FINE,COAST,80000.025,30.3471247,0.6891872,193.17527,0.1419,False,False,0.00055,2278.91787,2278.9316,0.01372,0.00023,-9E-05,-0.00016,0,0.00165,-0.00016,0,0.00165,58.62472,0.0016562,0,79999.919,79983.321,0.081,16.679,True,False,0.00839
325.46,FINE,COAST,80000.026,30.3471247,0.6891872,192.54357,0.14237,False,False,0.00054,2278.91787,2278.9316,0.01372,0.00023,-9E-05,-0.00016,0,0.00165,-0.00016,0,0.00165,58.62472,0.0016562,0,79999.919,79983.321,0.081,16.679,True,False,0.00805
325.62,FINE,COAST,80000.026,30.3471247,0.6891872,191.82671,0.1429,False,False,0.00052,2278.91787,2278.93159,0.01372,0.00023,-9E-05,-0.00016,0,0.00165,-0.00016,0,0.00165,58.62472,0.0016562,0,79999.919,79983.321,0.081,16.679,True,False,0.00777
325.76,FINE,COAST,80000.027,30.3471247,0.6891872,191.20386,0.14337,False,False,0.00051,2278.91787,2278.93159,0.01372,0.00023,-9E-05,-0.00016,0,0.00165,-0.00016,0,0.00165,58.62472,0.0016562,0,79999.919,79983.321,0.081,16.679,True,False,0.00764
325.9,FINE,COAST,80000.027,30.3471247,0.6891872,190.58508,0.14383,False,False,0.0005,2278.91787,2278.93159,0.01372,0.00023,-9E-05,-0.00016,0,0.00165,-0.00016,0,0.00165,58.62472,0.0016562,0,79999.919,79983.321,0.081,16.679,True,False,0.00764
326.04,FINE,COAST,80000.028,30.3471247,0.6891872,189.97033,0.1443,False,False,0.00048,2278.91787,2278.93159,0.01372,0.00023,-9E-05,-0.00016,0,0.00165,-0.00016,0,0.00165,58.62472,0.0016562,0,79999.919,79983.321,0.081,16.679,True,False,0.00779
326.2,FINE,COAST,80000.029,30.3471247,0.6891872,189.27264,0.14483,False,False,0.00047,2278.91787,2278.93159,0.01372,0.00023,-9E-05,-0.00016,0,0.00165,-0.00016,0,0.00165,58.62472,0.0016562,0,79999.919,79983.321,0.081,16.679,True,False,0.00817
326.34,FINE,COAST,80000.029,30.3471247,0.6891872,188.66639,0.14529,False,False,0.00046,2278.91787,2278.93159,0.01372,0.00023,-9E-05,-0.00016,0,0.00165,-0.00016,0,0.00165,58.62472,0.0016562,0,79999.919,79983.321,0.081,16.679,True,False,0.00857
326.48,FINE,COAST,80000.029,30.3471247,0.6891872,188.06405,0.14576,False,False,0.00044,2278.91787,2278.93159,0.01372,0.00023,-9E-05,-0.00017,0,0.00165,-0.00017,0,0.00165,58.62472,0.0016561,0,79999.919,79983.321,0.081,16.679,True,False,0.00893
326.62,FINE,COAST,80000.03,30.3471247,0.6891872,187.46558,0.14623,False,False,0.00043,2278.91787,2278.93159,0.01372,0.00023,-9E-05,-0.00017,0,0.00165,-0.00017,0,0.00165,58.62472,0.0016561,0,79999.919,79983.321,0.081,16.679,True,False,0.00926
326.78,FINE,COAST,80000.031,30.3471247,0.6891872,186.78631,0.14676,False,False,0.00041,2278.91787,2278.93159,0.01372,0.00023,-9E-05,-0.00017,0,0.00165,-0.00017,0,0.00165,58.62472,0.0016561,0,79999.919,79983.321,0.081,16.679,True,False,0.00959
326.92,FINE,COAST,80000.031,30.3471247,0.6891872,186.19601,0.14722,False,False,0.0004,2278.91787,2278.93159,0.01372,0.00023,-9E-05,-0.00017,0,0.00165,-0.00017,0,0.00165,58.62472,0.0016561,0,79999.919,79983.321,0.081,16.679,True,False,0.00985
327.06,FINE,COAST,80000.031,30.3471247,0.6891872,185.60946,0.14769,False,False,0.00039,2278.91787,2278.93159,0.01372,0.00023,-9E-05,-0.00017,0,0.00165,-0.00017,0,0.00165,58.62472,0.0016561,0,79999.919,79983.321,0.081,16.679,True,False,0.01006
327.2,FINE,COAST,80000.032,30.3471247,0.6891872,185.02663,0.14815,False,False,0.00038,2278.91787,2278.93159,0.01372,0.00023,-9E-05,-0.00017,0,0.00165,-0.00017,0,0.00165,58.62472,0.0016561,0,79999.919,79983.321,0.081,16.679,True,False,0.01024
327.36,FINE,COAST,80000.033,30.3471247,0.6891872,184.36506,0.14868,False,False,0.00036,2278.91787,2278.93158,0.01372,0.00023,-9E-05,-0.00017,0,0.00165,-0.00017,0,0.00165,58.62472,0.001656,0,79999.919,79983.321,0.081,16.679,True,False,0.01045
327.5,FINE,COAST,80000.033,30.3471247,0.6891872,183.79008,0.14915,False,False,0.00035,2278.91787,2278.93158,0.01371,0.00023,-9E-05,-0.00017,0,0.00165,-0.00017,0,0.00165,58.62472,0.001656,0,79999.919,79983.321,0.081,16.679,True,False,0.01064
327.64,FINE,COAST,80000.033,30.3471247,0.6891872,183.21872,0.14961,False,False,0.00033,2278.91787,2278.93158,0.01371,0.00023,-9E-05,-0.00017,0,0.00165,-0.00017,0,0.00165,58.62472,0.001656,0,79999.919,79983.321,0.081,16.679,True,False,0.01086
327.78,FINE,COAST,80000.034,30.3471247,0.6891872,182.65093,0.15008,False,False,0.00032,2278.91787,2278.93158,0.01371,0.00023,-9E-05,-0.00018,0,0.00165,-0.00018,0,0.00165,58.62472,0.001656,0,79999.919,79983.321,0.081,16.679,True,False,0.01114
327.94,FINE,COAST,80000.035,30.3471247,0.6891872,182.00637,0.15061,False,False,0.00031,2278.91787,2278.93158,0.01371,0.00023,-9E-05,-0.00018,0,0.00165,-0.00018,0,0.00165,58.62472,0.001656,0,79999.919,79983.321,0.081,16.679,True,False,0.01154
328.08,FINE,COAST,80000.035,30.3471247,0.6891872,181.44614,0.15108,False,False,0.00029,2278.91787,2278.93158,0.01371,0.00023,-9E-05,-0.00018,0,0.00165,-0.00018,0,0.00165,58.62472,0.0016559,0,79999.919,79983.321,0.081,16.679,True,False,0.01195
328.22,FINE,COAST,80000.035,30.3471247,0.6891872,180.88938,0.15154,False,False,0.00028,2278.91787,2278.93158,0.01371,0.00023,-9E-05,-0.00018,0,0.00165,-0.00018,0,0.00165,58.62472,0.0016559,0,79999.919,79983.321,0.081,16.679,True,False,0.01241
328.36,FINE,COAST,80000.036,30.3471247,0.6891872,180.33606,0.15201,False,False,0.00027,2278.91787,2278.93158,0.01371,0.00023,-9E-05,-0.00018,0,0.00165,-0.00018,0,0.00165,58.62472,0.0016559,0,79999.919,79983.321,0.081,16.679,True,False,0.01283
328.52,FINE,COAST,80000.036,30.3471247,0.6891872,179.70788,0.15254,False,False,0.00025,2278.91787,2278.93158,0.01371,0.00023,-9E-05,-0.00018,0,0.00165,-0.00018,0,0.00165,58.62472,0.0016559,0,79999.919,79983.321,0.081,16.679,True,False,0.01322
328.66,FINE,COAST,80000.037,30.3471247,0.6891872,179.16183,0.153,False,False,0.00024,2278.91787,2278.93158,0.01371,0.00023,-9E-05,-0.00018,0,0.00165,-0.00018,0,0.00165,58.62472,0.0016559,0,79999.919,79983.321,0.081,16.679,True,False,0.01348
328.8,FINE,COAST,80000.037,30.3471247,0.6891872,178.61913,0.15347,False,False,0.00023,2278.91787,2278.93158,0.01371,0.00023,-9E-05,-0.00018,0,0.00165,-0.00018,0,0.00165,58.62472,0.0016558,0,79999.919,79983.321,0.081,16.679,True,False,0.01365
328.94,FINE,COAST,80000.038,30.3471247,0.6891872,178.07974,0.15393,False,False,0.00021,2278.91787,2278.93158,0.01371,0.00023,-9E-05,-0.00018,0,0.00165,-0.00018,0,0.00165,58.62472,0.0016558,0,79999.919,79983.321,0.081,16.679,True,False,0.01376
329.1,FINE,COAST,80000.038,30.3471247,0.6891872,177.46731,0.15446,False,False,0.0002,2278.91787,2278.93157,0.01371,0.00023,-9E-05,-0.00018,0,0.00165,-0.00018,0,0.00165,58.62472,0.0016558,0,79999.919,79983.321,0.081,16.679,True,False,0.01378
329.24,FINE,COAST,80000.039,30.3471247,0.6891872,176.93492,0.15493,False,False,0.00018,2278.91787,2278.93157,0.01371,0.00023,-9E-05,-0.00018,0,0.00165,-0.00018,0,0.00165,58.62472,0.0016558,0,79999.919,79983.321,0.081,16.679,True,False,0.01373
329.38,FINE,COAST,80000.039,30.3471247,0.6891872,176.40574,0.15539,False,False,0.00017,2278.91787,2278.93157,0.01371,0.00023,-9E-05,-0.00019,0,0.00165,-0.00019,0,0.00165,58.62472,0.0016557,0,79999.919,79983.321,0.081,16.679,True,False,0.01359
329.52,FINE,COAST,80000.04,30.3471247,0.6891872,175.87976,0.15586,False,False,0.00016,2278.91787,2278.93157,0.01371,0.00023,-9E-05,-0.00019,0,0.00165,-0.00019,0,0.00165,58.62472,0.0016557,0,79999.919,79983.321,0.081,16.679,True,False,0.0134
329.68,FINE,COAST,80000.04,30.3471247,0.6891872,175.2825,0.15639,False,False,0.00014,2278.91787,2278.93157,0.0137,0.00023,-9E-05,-0.00019,0,0.00165,-0.00019,0,0.00165,58.62472,0.0016557,0,79999.919,79983.321,0.081,16.679,True,False,0.01316
329.82,FINE,COAST,80000.041,30.3471247,0.6891872,174.76326,0.15685,False,False,0.00013,2278.91787,2278.93157,0.0137,0.00023,-9E-05,-0.00019,0,0.00164,-0.00019,0,0.00164,58.62472,0.0016556,0,79999.919,79983.321,0.081,16.679,True,False,0.01289
329.96,FINE,COAST,80000.041,30.3471247,0.6891872,174.24711,0.15732,False,False,0.00012,2278.91787,2278.93157,0.0137,0.00023,-9E-05,-0.00019,0,0.00164,-0.00019,0,0.00164,58.62472,0.0016556,0,79999.919,79983.321,0.081,16.679,True,False,0.01259
330.1,FINE,COAST,80000.042,30.3471247,0.6891872,173.73404,0.15778,False,False,0.0001,2278.91787,2278.93157,0.0137,0.00023,-9E-05,-0.00019,0,0.00164,-0.00019,0,0.00164,58.62472,0.0016556,0,79999.919,79983.321,0.081,16.679,True,False,0.01227
330.26,FINE,COAST,80000.042,30.3471247,0.6891872,173.1514,0.15831,False,False,9E-05,2278.91787,2278.93157,0.0137,0.00023,-9E-05,-0.00019,0,0.00164,-0.00019,0,0.00164,58.62472,0.0016555,0,79999.919,79983.321,0.081,16.679,True,False,0.01185
330.4,FINE,COAST,80000.043,30.3471247,0.6891872,172.64483,0.15878,False,False,8E-05,2278.91787,2278.93157,0.0137,0.00023,-9E-05,-0.00019,0,0.00164,-0.00019,0,0.00164,58.62472,0.0016555,0,79999.919,79983.321,0.081,16.679,True,False,0.01145
330.54,FINE,COAST,80000.043,30.3471247,0.6891872,172.14124,0.15924,False,False,6E-05,2278.91787,2278.93157,0.0137,0.00023,-9E-05,-0.00019,0,0.00164,-0.00019,0,0.00164,58.62472,0.0016555,0,79999.919,79983.321,0.081,16.679,True,False,0.01103
330.68,FINE,COAST,80000.044,30.3471247,0.6891872,171.64062,0.15971,False,False,5E-05,2278.91787,2278.93157,0.0137,0.00023,-9E-05,-0.00019,0,0.00164,-0.00019,0,0.00164,58.62472,0.0016554,0,79999.919,79983.321,0.081,16.679,True,False,0.01059
330.84,FINE,COAST,80000.044,30.3471247,0.6891872,171.07207,0.16024,False,False,4E-05,2278.91787,2278.93156,0.0137,0.00023,-9E-05,-0.00019,0,0.00164,-0.00019,0,0.00164,58.62472,0.0016554,0,79999.919,79983.321,0.081,16.679,True,False,0.01005
330.98,FINE,COAST,80000.045,30.3471247,0.6891872,170.57771,0.1607,False,False,2E-05,2278.91787,2278.93156,0.0137,0.00023,-9E-05,-0.0002,0,0.00164,-0.0002,0,0.00164,58.62472,0.0016554,0,79999.919,79983.321,0.081,16.679,True,False,0.00956
331.12,FINE,COAST,80000.045,30.3471247,0.6891872,170.08623,0.16117,False,False,1E-05,2278.91787,2278.93156,0.0137,0.00023,-9E-05,-0.0002,0,0.00164,-0.0002,0,0.00164,58.62472,0.0016553,0,79999.919,79983.321,0.081,16.679,True,False,0.00907
331.26,FINE,COAST,80000.045,30.3471247,0.6891872,169.59761,0.16163,False,False,0,2278.91787,2278.93156,0.0137,0.00023,-9E-05,-0.0002,0,0.00164,-0.0002,0,0.00164,58.62472,0.0016553,0,79999.919,79983.321,0.081,16.679,True,False,0.00858
331.42,FINE,COAST,80000.046,30.3471247,0.6891872,169.04265,0.16216,False,False,-2E-05,2278.91787,2278.93156,0.0137,0.00023,-9E-05,-0.0002,0,0.00164,-0.0002,0,0.00164,58.62472,0.0016552,0,79999.919,79983.321,0.081,16.679,True,False,0.00804
331.56,FINE,COAST,80000.046,30.3471247,0.6891872,168.56007,0.16263,False,False,-3E-05,2278.91787,2278.93156,0.01369,0.00023,-9E-05,-0.0002,0,0.00164,-0.0002,0,0.00164,58.62472,0.0016552,0,79999.919,79983.321,0.081,16.679,True,False,-0.0076
331.7,FINE,COAST,80000.047,30.3471247,0.6891872,168.08027,0.16309,False,False,-5E-05,2278.91787,2278.93156,0.01369,0.00023,-9E-05,-0.0002,0,0.00164,-0.0002,0,0.00164,58.62472,0.0016551,0,79999.919,79983.321,0.081,16.679,True,False,-0.0072
331.84,FINE,COAST,80000.047,30.3471247,0.6891872,167.60323,0.16355,False,False,-6E-05,2278.91787,2278.93156,0.01369,0.00023,-9E-05,-0.0002,0,0.00164,-0.0002,0,0.00164,58.62472,0.0016551,0,79999.919,79983.321,0.081,16.679,True,False,-0.0069
332,FINE,COAST,80000.048,30.3471247,0.6891872,167.06138,0.16408,False,False,-7E-05,2278.91787,2278.93156,0.01369,0.00023,-9E-05,-0.0002,0,0.00164,-0.0002,0,0.00164,58.62472,0.001655,0,79999.919,79983.321,0.081,16.679,True,False,-0.00667
332.14,FINE,COAST,80000.048,30.3471247,0.6891872,166.59016,0.16455,False,False,-9E-05,2278.91787,2278.93156,0.01369,0.00023,-9E-05,-0.0002,0,0.00164,-0.0002,0,0.00164,58.62472,0.001655,0,79999.919,79983.321,0.081,16.679,True,False,-0.00663
332.28,FINE,COAST,80000.049,30.3471247,0.6891872,166.12163,0.16501,False,False,-0.0001,2278.91787,2278.93156,0.01369,0.00023,-9E-05,-0.0002,0,0.00164,-0.0002,0,0.00164,58.62472,0.0016549,0,79999.919,79983.321,0.081,16.679,True,False,-0.00676
332.42,FINE,COAST,80000.049,30.3471247,0.6891872,165.65575,0.16548,False,False,-0.00011,2278.91787,2278.93156,0.01369,0.00023,-9E-05,-0.0002,0,0.00164,-0.0002,0,0.00164,58.62472,0.0016549,0,79999.919,79983.321,0.081,16.679,True,False,-0.00706
332.58,FINE,COAST,80000.05,30.3471247,0.6891872,165.12656,0.16601,False,False,-0.00013,2278.91787,2278.93156,0.01369,0.00023,-9E-05,-0.0002,0,0.00164,-0.0002,0,0.00164,58.62472,0.0016548,0,79999.919,79983.321,0.081,16.679,True,False,-0.00761
332.72,FINE,COAST,80000.05,30.3471247,0.6891872,164.66631,0.16647,False,False,-0.00014,2278.91787,2278.93155,0.01369,0.00023,-9E-05,-0.0002,0,0.00164,-0.0002,0,0.00164,58.62472,0.0016548,0,79999.919,79983.321,0.081,16.679,True,False,-0.00815
332.86,FINE,COAST,80000.05,30.3471247,0.6891872,164.20866,0.16693,False,False,-0.00015,2278.91787,2278.93155,0.01369,0.00023,-9E-05,-0.00021,0,0.00164,-0.00021,0,0.00164,58.62472,0.0016547,0,79999.919,79983.321,0.081,16.679,True,False,-0.00863
333,FINE,COAST,80000.051,30.3471247,0.6891872,163.75357,0.1674,False,False,-0.00017,2278.91787,2278.93155,0.01369,0.00023,-9E-05,-0.00021,0,0.00164,-0.00021,0,0.00164,58.62472,0.0016547,0,79999.919,79983.321,0.081,16.679,True,False,-0.00905
333.16,FINE,COAST,80000.051,30.3471247,0.6891872,163.23659,0.16793,False,False,-0.00018,2278.91787,2278.93155,0.01369,0.00023,-9E-05,-0.00021,0,0.00164,-0.00021,0,0.00164,58.62472,0.0016546,0,79999.919,79983.321,0.081,16.679,True,False,-0.00953
333.3,FINE,COAST,80000.052,30.3471247,0.6891872,162.78694,0.16839,False,False,-0.00019,2278.91787,2278.93155,0.01368,0.00023,-9E-05,-0.00021,0,0.00164,-0.00021,0,0.00164,58.62472,0.0016546,0,79999.919,79983.321,0.081,16.679,True,False,-0.00988
333.44,FINE,COAST,80000.052,30.3471247,0.6891872,162.33979,0.16886,False,False,-0.00021,2278.91787,2278.93155,0.01368,0.00023,-9E-05,-0.00021,0,0.00164,-0.00021,0,0.00164,58.62472,0.0016545,0,79999.919,79983.321,0.081,16.679,True,False,-0.01018
333.58,FINE,COAST,80000.053,30.3471247,0.6891872,161.89512,0.16932,False,False,-0.00022,2278.91787,2278.93155,0.01368,0.00023,-9E-05,-0.00021,0,0.00164,-0.00021,0,0.00164,58.62472,0.0016544,0,79999.919,79983.321,0.081,16.679,True,False,-0.01047
333.74,FINE,COAST,80000.053,30.3471247,0.6891872,161.38994,0.16985,False,False,-0.00023,2278.91787,2278.93155,0.01368,0.00023,-9E-05,-0.00021,0,0.00164,-0.00021,0,0.00164,58.62472,0.0016543,0,79999.919,79983.321,0.081,16.679,True,False,-0.0108
333.88,FINE,COAST,80000.053,30.3471247,0.6891872,160.95052,0.17031,False,False,-0.00025,2278.91787,2278.93155,0.01368,0.00023,-9E-05,-0.00021,0,0.00164,-0.00021,0,0.00164,58.62472,0.0016543,0,79999.919,79983.321,0.081,16.679,True,False,-0.01115
334.02,FINE,COAST,80000.054,30.3471247,0.6891872,160.51352,0.17078,False,False,-0.00026,2278.91787,2278.93155,0.01368,0.00023,-9E-05,-0.00021,0,0.00164,-0.00021,0,0.00164,58.62472,0.0016542,0,79999.919,79983.321,0.081,16.679,True,False,-0.01154
334.16,FINE,COAST,80000.054,30.3471247,0.6891872,160.07891,0.17124,False,False,-0.00027,2278.91787,2278.93155,0.01368,0.00023,-9E-05,-0.00021,0,0.00164,-0.00021,0,0.00164,58.62472,0.0016541,0,79999.919,79983.321,0.081,16.679,True,False,-0.012
334.32,FINE,COAST,80000.055,30.3471247,0.6891872,159.58514,0.17177,False,False,-0.00029,2278.91787,2278.93155,0.01368,0.00023,-9E-05,-0.00021,0,0.00164,-0.00021,0,0.00164,58.62472,0.001654,0,79999.919,79983.321,0.081,16.679,True,False,-0.01257
334.46,FINE,COAST,80000.055,30.3471247,0.6891872,159.1556,0.17223,False,False,-0.0003,2278.91787,2278.93155,0.01368,0.00023,-9E-05,-0.00021,0,0.00164,-0.00021,0,0.00164,58.62472,0.0016539,0,79999.919,79983.321,0.081,16.679,True,False,-0.01301
334.6,FINE,COAST,80000.055,30.3471247,0.6891872,158.72841,0.1727,False,False,-0.00031,2278.91787,2278.93155,0.01368,0.00023,-9E-05,-0.00021,0,0.00164,-0.00021,0,0.00164,58.62472,0.0016539,0,79999.919,79983.321,0.081,16.679,True,False,-0.01335
334.74,FINE,COAST,80000.056,30.3471247,0.6891872,158.30353,0.17316,False,False,-0.00033,2278.91787,2278.93154,0.01368,0.00023,-9E-05,-0.00021,0,0.00164,-0.00021,0,0.00164,58.62472,0.0016538,0,79999.919,79983.321,0.081,16.679,True,False,-0.01363
334.9,FINE,COAST,80000.056,30.3471247,0.6891872,157.82077,0.17369,False,False,-0.00034,2278.91787,2278.93154,0.01368,0.00023,-9E-05,-0.00021,0,0.00164,-0.00021,0,0.00164,58.62472,0.0016537,0,79999.919,79983.321,0.081,16.679,True,False,-0.01384
335.04,FINE,COAST,80000.057,30.3471247,0.6891872,157.4008,0.17416,False,False,-0.00036,2278.91787,2278.93154,0.01368,0.00023,-9E-05,-0.00021,0,0.00164,-0.00021,0,0.00164,58.62472,0.0016536,0,79999.919,79983.321,0.081,16.679,True,False,-0.01394
335.18,FINE,COAST,80000.057,30.3471247,0.6891872,156.98309,0.17462,False,False,-0.00037,2278.91787,2278.93154,0.01367,0.00023,-9E-05,-0.00021,0,0.00164,-0.00021,0,0.00164,58.62472,0.0016535,0,79999.919,79983.321,0.081,16.679,True,False,-0.01396
335.32,FINE,COAST,80000.057,30.3471247,0.6891872,156.56762,0.17508,False,False,-0.00038,2278.91787,2278.93154,0.01367,0.00023,-9E-05,-0.00021,0,0.00164,-0.00021,0,0.00164,58.62472,0.0016534,0,79999.919,79983.321,0.081,16.679,True,False,-0.01392
335.48,FINE,COAST,80000.058,30.3471247,0.6891872,156.09552,0.17561,False,False,-0.0004,2278.91787,2278.93154,0.01367,0.00023,-9E-05,-0.00021,0,0.00164,-0.00021,0,0.00164,58.62472,0.0016533,0,79999.919,79983.321,0.081,16.679,True,False,-0.01378
335.62,FINE,COAST,80000.058,30.3471247,0.6891872,155.6848,0.17607,False,False,-0.00041,2278.91787,2278.93154,0.01367,0.00023,-9E-05,-0.00021,0,0.00164,-0.00021,0,0.00164,58.62472,0.0016532,0,79999.919,79983.321,0.081,16.679,True,False,-0.01362
335.76,FINE,COAST,80000.059,30.3471247,0.6891872,155.27626,0.17654,False,False,-0.00042,2278.91787,2278.93154,0.01367,0.00023,-9E-05,-0.00021,0,0.00164,-0.00021,0,0.00164,58.62472,0.0016531,0,79999.919,79983.321,0.081,16.679,True,False,-0.01343
335.9,FINE,COAST,80000.059,30.3471247,0.6891872,154.86989,0.177,False,False,-0.00044,2278.91787,2278.93154,0.01367,0.00023,-9E-05,-0.00021,0,0.00164,-0.00021,0,0.00164,58.62472,0.001653,0,79999.919,79983.321,0.081,16.679,True,False,-0.01316
336.06,FINE,COAST,80000.059,30.3471247,0.6891872,154.40811,0.17753,False,False,-0.00045,2278.91787,2278.93154,0.01367,0.00023,-9E-05,-0.00022,0,0.00164,-0.00022,0,0.00164,58.62472,0.0016528,0,79999.919,79983.321,0.081,16.679,True,False,-0.01283
336.18,FINE,COAST,80000.06,30.3471247,0.6891872,154.00633,0.17799,False,False,-0.00046,2278.91787,2278.93154,0.01367,0.00023,-9E-05,-0.00022,0,0.00164,-0.00022,0,0.00164,58.62472,0.0016527,0,79999.919,79983.321,0.081,16.679,True,False,-0.01249
336.34,FINE,COAST,80000.052,30.3471247,0.6891871,153.60672,0.17846,False,False,-0.00048,2278.91788,2278.93154,0.01366,0.00023,-9E-05,-0.00019,0,0.00164,-0.00019,0,0.00164,58.62472,0.001649,0,79999.915,79983.322,0.085,16.678,True,False,-0.0121
336.48,FINE,COAST,80000.053,30.3471247,0.6891871,153.2092,0.17892,False,False,-0.00049,2278.91789,2278.93155,0.01366,0.00023,-9E-05,-0.00017,0,0.00164,-0.00017,0,0.00164,58.62472,0.0016456,0,79999.911,79983.324,0.089,16.676,True,False,-0.0117
336.64,FINE,COAST,80000.053,30.3471247,0.6891871,152.7574,0.17945,False,False,-0.0005,2278.91789,2278.93155,0.01366,0.00023,-9E-05,-0.00017,0,0.00164,-0.00017,0,0.00164,58.62472,0.0016455,0,79999.911,79983.324,0.089,16.676,True,False,-0.0112
336.78,FINE,COAST,80000.053,30.3471247,0.6891871,152.36428,0.17991,False,False,-0.00052,2278.91789,2278.93155,0.01366,0.00023,-9E-05,-0.00017,0,0.00164,-0.00017,0,0.00164,58.62472,0.0016453,0,79999.911,79983.324,0.089,16.676,True,False,-0.01071
336.92,FINE,COAST,80000.054,30.3471247,0.6891871,151.97321,0.18037,False,False,-0.00053,2278.91789,2278.93155,0.01365,0.00023,-9E-05,-0.00017,0,0.00164,-0.00017,0,0.00164,58.62472,0.0016452,0,79999.911,79983.324,0.089,16.676,True,False,-0.01022
337.06,FINE,COAST,80000.054,30.3471247,0.6891871,151.58417,0.18084,False,False,-0.00054,2278.91789,2278.93155,0.01365,0.00023,-9E-05,-0.00017,0,0.00164,-0.00017,0,0.00164,58.62472,0.0016451,0,79999.911,79983.324,0.089,16.676,True,False,-0.00969
337.22,FINE,COAST,80000.054,30.3471247,0.6891871,151.14203,0.18137,False,False,-0.00056,2278.91789,2278.93155,0.01365,0.00023,-9E-05,-0.00017,0,0.00164,-0.00017,0,0.00164,58.62472,0.0016449,0,79999.911,79983.324,0.089,16.676,True,False,-0.00907
337.36,FINE,COAST,80000.055,30.3471247,0.6891871,150.7573,0.18183,False,False,-0.00057,2278.91789,2278.93155,0.01365,0.00023,-9E-05,-0.00017,0,0.00164,-0.00017,0,0.00164,58.62472,0.0016448,0,79999.911,79983.324,0.089,16.676,True,False,-0.00851
337.5,FINE,COAST,80000.055,30.3471247,0.6891871,150.37455,0.18229,False,False,-0.00058,2278.91789,2278.93155,0.01365,0.00023,-9E-05,-0.00017,0,0.00164,-0.00017,0,0.00164,58.62472,0.0016447,0,79999.911,79983.324,0.089,16.676,True,False,-0.00797
337.64,FINE,COAST,80000.049,30.3471248,0.6891871,149.99378,0.18276,False,False,-0.0006,2278.9179,2278.93155,0.01365,0.00023,-9E-05,-0.00016,0,0.00164,-0.00016,0,0.00164,58.62472,0.0016435,0,79999.91,79983.324,0.09,16.676,True,False,-0.00742
337.8,FINE,COAST,80000.048,30.3471248,0.6891871,149.56106,0.18328,False,False,-0.00061,2278.91792,2278.93156,0.01364,0.00023,-9E-05,-0.00012,0,0.00163,-0.00012,0,0.00163,58.62472,0.0016389,0,79999.904,79983.327,0.096,16.673,True,False,0.00686
337.94,FINE,COAST,80000.048,30.3471248,0.6891871,149.18445,0.18375,False,False,-0.00063,2278.91792,2278.93156,0.01364,0.00023,-9E-05,-0.00012,0,0.00163,-0.00012,0,0.00163,58.62472,0.0016388,0,79999.904,79983.327,0.096,16.673,True,False,0.00643
338.08,FINE,COAST,80000.049,30.3471248,0.6891871,148.80975,0.18421,False,False,-0.00064,2278.91792,2278.93156,0.01364,0.00023,-9E-05,-0.00012,0,0.00163,-0.00012,0,0.00163,58.62472,0.0016386,0,79999.904,79983.327,0.096,16.673,True,False,0.0061
338.22,FINE,COAST,80000.049,30.3471248,0.6891871,148.43697,0.18467,False,False,-0.00065,2278.91792,2278.93156,0.01364,0.00023,-9E-05,-0.00012,0,0.00163,-0.00012,0,0.00163,58.62472,0.0016385,0,79999.904,79983.327,0.096,16.673,True,False,0.00591
338.38,FINE,COAST,80000.049,30.3471248,0.6891871,148.01324,0.1852,False,False,-0.00067,2278.91792,2278.93156,0.01364,0.00023,-9E-05,-0.00012,0,0.00163,-0.00012,0,0.00163,58.62472,0.0016383,0,79999.904,79983.327,0.096,16.673,True,False,0.00591
338.52,FINE,COAST,80000.05,30.3471248,0.6891871,147.6445,0.18566,False,False,-0.00068,2278.91792,2278.93156,0.01364,0.00023,-9E-05,-0.00012,0,0.00163,-0.00012,0,0.00163,58.62472,0.0016382,0,79999.904,79983.327,0.096,16.673,True,False,0.00612
338.66,FINE,COAST,80000.05,30.3471248,0.6891871,147.27761,0.18613,False,False,-0.00069,2278.91792,2278.93155,0.01363,0.00023,-9E-05,-0.00012,0,0.00163,-0.00012,0,0.00163,58.62472,0.001638,0,79999.904,79983.327,0.096,16.673,True,False,0.00655
338.8,FINE,COAST,80000.05,30.3471248,0.6891871,146.91257,0.18659,False,False,-0.00071,2278.91792,2278.93155,0.01363,0.00023,-9E-05,-0.00012,0,0.00163,-0.00012,0,0.00163,58.62472,0.0016379,0,79999.904,79983.327,0.096,16.673,True,False,0.00715
338.96,FINE,COAST,80000.051,30.3471248,0.6891871,146.49764,0.18712,False,False,-0.00072,2278.91792,2278.93155,0.01363,0.00023,-9E-05,-0.00012,0,0.00163,-0.00012,0,0.00163,58.62472,0.0016377,0,79999.904,79983.327,0.096,16.673,True,False,0.00783
339.1,FINE,COAST,80000.051,30.3471248,0.6891871,146.13651,0.18758,False,False,-0.00073,2278.91792,2278.93155,0.01363,0.00023,-9E-05,-0.00012,0,0.00163,-0.00012,0,0.00163,58.62472,0.0016376,0,79999.904,79983.327,0.096,16.673,True,False,0.0084
339.24,FINE,COAST,80000.051,30.3471248,0.6891871,145.77719,0.18804,False,False,-0.00075,2278.91792,2278.93155,0.01363,0.00023,-9E-05,-0.00012,0,0.00163,-0.00012,0,0.00163,58.62472,0.0016374,0,79999.904,79983.327,0.096,16.673,True,False,0.00892
339.38,FINE,COAST,80000.052,30.3471248,0.6891871,145.41967,0.1885,False,False,-0.00076,2278.91792,2278.93155,0.01363,0.00023,-9E-05,-0.00012,0,0.00163,-0.00012,0,0.00163,58.62472,0.0016372,0,79999.904,79983.327,0.096,16.673,True,False,0.00939
339.54,FINE,COAST,80000.052,30.3471248,0.6891871,145.01324,0.18903,False,False,-0.00077,2278.91792,2278.93155,0.01363,0.00023,-9E-05,-0.00012,0,0.00163,-0.00012,0,0.00163,58.62472,0.0016371,0,79999.904,79983.327,0.096,16.673,True,False,0.00993
339.68,FINE,COAST,80000.052,30.3471248,0.6891871,144.65951,0.18949,False,False,-0.00079,2278.91792,2278.93155,0.01363,0.00023,-9E-05,-0.00012,0,0.00163,-0.00012,0,0.00163,58.62472,0.0016369,0,79999.904,79983.327,0.096,16.673,True,False,0.01038
339.82,FINE,COAST,80000.053,30.3471248,0.6891871,144.30753,0.18996,False,False,-0.0008,2278.91792,2278.93155,0.01363,0.00023,-9E-05,-0.00012,0,0.00163,-0.00012,0,0.00163,58.62472,0.0016368,0,79999.904,79983.327,0.096,16.673,True,False,0.01084
339.96,FINE,COAST,80000.053,30.3471248,0.6891871,143.95729,0.19042,False,False,-0.00081,2278.91792,2278.93155,0.01363,0.00023,-9E-05,-0.00012,0,0.00163,-0.00012,0,0.00163,58.62472,0.0016366,0,79999.904,79983.327,0.096,16.673,True,False,0.0113
340.12,FINE,COAST,80000.053,30.3471248,0.6891871,143.55912,0.19095,False,False,-0.00083,2278.91792,2278.93155,0.01363,0.00023,-9E-05,-0.00012,0,0.00163,-0.00012,0,0.00163,58.62472,0.0016364,0,79999.904,79983.327,0.096,16.673,True,False,0.01187
340.26,FINE,COAST,80000.054,30.3471248,0.6891871,143.21256,0.19141,False,False,-0.00084,2278.91792,2278.93155,0.01362,0.00023,-9E-05,-0.00012,0,0.00163,-0.00012,0,0.00163,58.62472,0.0016363,0,79999.904,79983.327,0.096,16.673,True,False,0.0124
340.4,FINE,COAST,80000.054,30.3471248,0.6891871,142.8677,0.19187,False,False,-0.00086,2278.91792,2278.93155,0.01362,0.00023,-9E-05,-0.00012,0,0.00163,-0.00012,0,0.00163,58.62472,0.0016361,0,79999.904,79983.327,0.096,16.673,True,False,0.01285
340.54,FINE,COAST,80000.054,30.3471248,0.6891871,142.52452,0.19233,False,False,-0.00087,2278.91792,2278.93155,0.01362,0.00023,-9E-05,-0.00012,0,0.00163,-0.00012,0,0.00163,58.62472,0.0016359,0,79999.904,79983.327,0.096,16.673,True,False,0.01322
340.7,FINE,COAST,80000.055,30.3471248,0.6891871,142.13437,0.19286,False,False,-0.00088,2278.91793,2278.93155,0.01362,0.00023,-9E-05,-0.00012,0,0.00163,-0.00012,0,0.00163,58.62472,0.0016358,0,79999.904,79983.327,0.096,16.673,True,False,0.01354
340.84,FINE,COAST,80000.055,30.3471248,0.6891871,141.79476,0.19332,False,False,-0.0009,2278.91793,2278.93155,0.01362,0.00023,-9E-05,-0.00012,0,0.00163,-0.00012,0,0.00163,58.62472,0.0016356,0,79999.904,79983.327,0.096,16.673,True,False,0.01374
340.98,FINE,COAST,80000.055,30.3471248,0.6891871,141.4568,0.19378,False,False,-0.00091,2278.91793,2278.93155,0.01362,0.00023,-9E-05,-0.00012,0,0.00163,-0.00012,0,0.00163,58.62472,0.0016354,0,79999.904,79983.327,0.096,16.673,True,False,0.01383
341.12,FINE,COAST,80000.056,30.3471248,0.6891871,141.12048,0.19425,False,False,-0.00092,2278.91793,2278.93155,0.01362,0.00023,-9E-05,-0.00012,0,0.00163,-0.00012,0,0.00163,58.62472,0.0016353,0,79999.904,79983.327,0.096,16.673,True,False,0.01385
341.28,FINE,COAST,80000.056,30.3471248,0.6891871,140.7381,0.19477,False,False,-0.00094,2278.91793,2278.93154,0.01362,0.00023,-9E-05,-0.00012,0,0.00163,-0.00012,0,0.00163,58.62472,0.0016351,0,79999.904,79983.327,0.096,16.673,True,False,0.01379
341.42,FINE,COAST,80000.056,30.3471248,0.6891871,140.40524,0.19524,False,False,-0.00095,2278.91793,2278.93154,0.01362,0.00023,-9E-05,-0.00012,0,0.00163,-0.00012,0,0.00163,58.62472,0.0016349,0,79999.904,79983.327,0.096,16.673,True,False,0.01369
341.56,FINE,COAST,80000.057,30.3471248,0.6891871,140.07398,0.1957,False,False,-0.00096,2278.91793,2278.93154,0.01362,0.00023,-9E-05,-0.00012,0,0.00163,-0.00012,0,0.00163,58.62472,0.0016347,0,79999.904,79983.327,0.096,16.673,True,False,0.01352
341.7,FINE,COAST,80000.057,30.3471248,0.6891871,139.74431,0.19616,False,False,-0.00098,2278.91793,2278.93154,0.01361,0.00023,-9E-05,-0.00012,0,0.00163,-0.00012,0,0.00163,58.62472,0.0016346,0,79999.904,79983.327,0.096,16.673,True,False,0.01329
341.86,FINE,COAST,80000.057,30.3471248,0.6891871,139.36947,0.19669,False,False,-0.00099,2278.91793,2278.93154,0.01361,0.00023,-9E-05,-0.00011,0,0.00163,-0.00011,0,0.00163,58.62472,0.0016344,0,79999.904,79983.327,0.096,16.673,True,False,0.01299
342,FINE,COAST,80000.057,30.3471248,0.689187,139.04316,0.19715,False,False,-0.001,2278.91793,2278.93154,0.01361,0.00023,-9E-05,-0.00011,0,0.00163,-0.00011,0,0.00163,58.62472,0.0016342,0,79999.904,79983.327,0.096,16.673,True,False,0.01268
342.14,FINE,COAST,80000.058,30.3471248,0.689187,138.7184,0.19761,False,False,-0.00102,2278.91793,2278.93154,0.01361,0.00023,-9E-05,-0.00011,0,0.00163,-0.00011,0,0.00163,58.62472,0.001634,0,79999.904,79983.327,0.096,16.673,True,False,0.01234
342.28,FINE,COAST,80000.058,30.3471248,0.689187,138.39519,0.19807,False,False,-0.00103,2278.91793,2278.93154,0.01361,0.00023,-9E-05,-0.00011,0,0.00163,-0.00011,0,0.00163,58.62472,0.0016339,0,79999.904,79983.327,0.096,16.673,True,False,0.01196
342.44,FINE,COAST,80000.058,30.3471248,0.689187,138.02767,0.1986,False,False,-0.00105,2278.91793,2278.93154,0.01361,0.00023,-9E-05,-0.00011,0,0.00163,-0.00011,0,0.00163,58.62472,0.0016337,0,79999.904,79983.327,0.096,16.673,True,False,0.01149
342.58,FINE,COAST,80000.059,30.3471248,0.689187,137.70772,0.19906,False,False,-0.00106,2278.91793,2278.93154,0.01361,0.00023,-9E-05,-0.00011,0,0.00163,-0.00011,0,0.00163,58.62472,0.0016335,0,79999.904,79983.327,0.096,16.673,True,False,0.01105
342.72,FINE,COAST,80000.059,30.3471248,0.689187,137.38928,0.19952,False,False,-0.00107,2278.91793,2278.93154,0.01361,0.00023,-9E-05,-0.00011,0,0.00163,-0.00011,0,0.00163,58.62472,0.0016333,0,79999.904,79983.327,0.096,16.673,True,False,0.01058
342.86,FINE,COAST,80000.059,30.3471248,0.689187,137.07234,0.19998,False,False,-0.00108,2278.91793,2278.93154,0.01361,0.00023,-9E-05,-0.00011,0,0.00163,-0.00011,0,0.00163,58.62472,0.0016331,0,79999.904,79983.327,0.096,16.673,True,False,0.01009
343.04,FINE,THRUST,80000.06,30.3471248,0.689187,136.71194,0.20051,True,False,-0.0011,2278.91793,2278.93154,0.01361,0.00023,-9E-05,-0.00011,8,0.00163,-0.00011,8,0.00163,58.62472,8.0000002,0.1364612,79999.904,79983.327,0.096,16.673,True,False,-89.75893
343.18,FINE,THRUST,80000.074,30.347159,0.6891768,136.42174,0.20098,True,False,0.07605,2279.38962,2278.93153,-0.45808,0,0.00307,-0.01564,8,0,-0.01564,8,0,58.64266,8.0000153,0.13641971,80547.534,79998.959,-547.534,1.041,True,False,-89.7587
343.34,FINE,THRUST,80000.119,30.3470185,0.6892191,135.9592,0.20178,True,False,0.29558,2280.64532,2278.93148,-1.71383,0,0.01149,-0.05938,8,0,-0.05938,8,0,58.66659,8.0002204,0.13636756,82052.811,79996.137,-2052.811,3.863,True,False,-89.40204
343.5,FINE,THRUST,80000.194,30.3463182,0.6894314,134.81724,0.20367,True,False,0.54738,2281.8948,2278.93138,-2.96342,0,0.01988,-0.10843,8,0,-0.10843,8,0,58.69053,8.0007348,0.1363207,83555.792,79992.479,-3555.792,7.521,True,False,-88.4525
343.66,FINE,THRUST,80000.298,30.3457539,0.6896039,133.85916,0.20529,True,False,0.79436,2283.14563,2278.93123,-4.2144,0,0.02827,-0.15692,8,0,-0.15692,8,0,58.71449,8.0015389,0.13627878,85064.564,79988.977,-5064.564,11.023,True,False,-86.86798
343.82,FINE,THRUST,80000.427,30.3457386,0.6896085,133.56507,0.20585,True,False,1.00816,2284.40294,2278.93104,-5.4719,0,0.03672,-0.20033,8,0,-0.20033,8,0,58.73845,8.0025078,0.13623968,86584.509,79986.448,-6584.509,13.552,True,False,-84.63695
343.98,FINE,THRUST,80000.575,30.3465622,0.6893555,134.27218,0.20481,True,False,1.1575,2285.66851,2278.9308,-6.73771,0,0.04523,-0.23362,8,0,-0.23362,8,0,58.76243,8.0034104,0.13619945,88117.052,79985.65,-8117.052,14.35,True,False,-81.7659
344.14,FINE,THRUST,80000.737,30.3484772,0.6887725,136.33048,0.20166,True,False,1.23387,2286.93683,2278.93054,-8.00628,0,0.05376,-0.25537,8,0,-0.25537,8,0,58.78642,8.0040748,0.13615516,89655.602,79986.488,-9655.602,13.512,True,False,-78.26981
344.3,FINE,THRUST,80000.903,30.35172,0.6878046,140.19712,0.19593,False,False,1.24603,2288.19888,2278.93026,-9.26862,0,0.06225,-0.26686,0,0,-0.26686,0,0,58.81042,0.266862,0.00453766,91189.796,79988.37,-11189.796,11.63,True,False,-88.52551
344.44,FINE,THRUST,80001.047,30.354565,0.6869764,143.78285,0.19088,False,False,1.22826,2288.99046,2278.93002,-10.06044,0,0.06758,-0.27028,0,0,-0.27028,0,0,58.81693,0.2702804,0.00459528,92154.14,79989.848,-12154.14,10.152,True,False,-86.90244
344.58,FINE,THRUST,80001.187,30.3547623,0.6869196,143.71222,0.19096,False,False,1.23698,2289.0258,2278.92978,-10.09602,0,0.06782,-0.27283,0,0,-0.27283,0,0,58.81764,0.2728264,0.00463851,92197.926,79989.901,-12197.926,10.099,True,False,-84.95891
344.72,FINE,THRUST,80001.323,30.3550295,0.6868426,143.74002,0.1909,False,False,1.24537,2289.0602,2278.92955,-10.13065,0,0.06805,-0.27529,0,0,-0.27529,0,0,58.81835,0.2752853,0.00468026,92240.557,79989.961,-12240.557,10.039,True,False,-82.69674
344.88,FINE,THRUST,80001.472,30.3554054,0.6867343,143.8712,0.1907,False,False,1.25351,2289.09803,2278.9293,-10.16874,0,0.06831,-0.27782,0,0,-0.27782,0,0,58.81917,0.2778188,0.00472327,92287.462,79990.055,-12287.462,9.945,True,False,-79.72628
345.02,FINE,THRUST,80001.598,30.3557829,0.6866257,144.05497,0.19043,False,False,1.25892,2289.12974,2278.92908,-10.20066,0,0.06853,-0.27972,0,0,-0.27972,0,0,58.8199,0.2797232,0.00475559,92326.773,79990.168,-12326.773,9.832,True,False,-76.79144
345.16,FINE,THRUST,80001.72,30.3561965,0.6865067,144.29096,0.19009,False,False,1.26245,2289.16015,2278.92887,-10.23128,0,0.06873,-0.28129,0,0,-0.28129,0,0,58.82063,0.2812902,0.00478217,92364.472,79990.315,-12364.472,9.685,True,False,-73.54083
345.3,FINE,THRUST,80001.838,30.3566378,0.68638,144.56769,0.18969,False,False,1.26387,2289.18919,2278.92867,-10.26052,0,0.06893,-0.28248,0,0,-0.28248,0,0,58.82137,0.2824837,0.0048024,92400.456,79990.498,-12400.456,9.502,True,False,-69.97304
345.46,FINE,THRUST,80001.968,30.3571663,0.6862285,144.92045,0.18919,False,False,1.26262,2289.2206,2278.92845,-10.29215,0,0.06914,-0.28334,0,0,-0.28334,0,0,58.82221,0.2833416,0.00481691,92439.363,79990.759,-12439.363,9.241,True,False,-65.53943
345.6,FINE,THRUST,80002.079,30.3576403,0.6860928,145.24788,0.18873,False,False,1.25859,2289.24634,2278.92826,-10.31808,0,0.06932,-0.28359,0,0,-0.28359,0,0,58.82296,0.2835904,0.00482108,92471.238,79991.038,-12471.238,8.962,True,False,-61.41046
345.74,FINE,THRUST,80002.188,30.3581168,0.6859567,145.58117,0.18826,False,False,1.25165,2289.27034,2278.92808,-10.34227,0,0.06948,-0.28335,0,0,-0.28335,0,0,58.8237,0.2833483,0.00481691,92500.924,79991.365,-12500.924,8.635,True,False,-57.09592
345.88,FINE,THRUST,80002.297,30.3585881,0.6858223,145.90886,0.18781,False,False,1.24183,2289.29247,2278.92789,-10.36458,0,0.06963,-0.28262,0,0,-0.28262,0,0,58.82445,0.2826248,0.00480455,92528.275,79991.739,-12528.275,8.261,True,False,-52.63157
346.04,FINE,THRUST,80002.422,30.3591108,0.6856735,146.26264,0.18731,False,False,1.22721,2289.31535,2278.92768,-10.38767,0,0.06978,-0.28124,0,0,-0.28124,0,0,58.82529,0.2812378,0.0047809,92556.531,79992.22,-12556.531,7.78,True,False,-47.38502
346.18,FINE,THRUST,80002.532,30.3595471,0.6855495,146.54298,0.18692,False,False,1.21163,2289.3332,2278.9275,-10.40569,0,0.06991,-0.27957,0,0,-0.27957,0,0,58.82603,0.2795677,0.00475245,92578.547,79992.68,-12578.547,7.32,True,False,-42.69683
346.32,FINE,THRUST,80002.644,30.359957,0.6854332,146.78576,0.18658,False,False,1.1937,2289.34894,2278.92732,-10.42162,0,0.07001,-0.27751,0,0,-0.27751,0,0,58.82677,0.2775142,0.00471748,92597.954,79993.172,-12597.954,6.828,True,False,-37.93565
346.46,FINE,THRUST,80002.757,30.3603353,0.685326,146.98284,0.1863,False,False,1.17365,2289.36255,2278.92713,-10.43542,0,0.07011,-0.27512,0,0,-0.27512,0,0,58.8275,0.2751199,0.00467672,92614.719,79993.689,-12614.719,6.311,True,False,-33.12554
346.62,FINE,THRUST,80002.891,30.3607225,0.6852163,147.1415,0.18607,False,False,1.14848,2289.37541,2278.92691,-10.4485,0,0.07019,-0.27202,0,0,-0.27202,0,0,58.82832,0.272022,0.004624,92630.553,79994.302,-12630.553,5.698,True,False,-27.67169
346.76,FINE,THRUST,80003.012,30.3610122,0.6851343,147.20745,0.18597,False,False,1.12456,2289.38396,2278.92671,-10.45726,0,0.07025,-0.26901,0,0,-0.26901,0,0,58.82904,0.2690136,0.0045728,92641.084,79994.855,-12641.084,5.145,True,False,-23.11335
346.9,FINE,THRUST,80003.138,30.3612508,0.6850667,147.19712,0.18596,False,False,1.09934,2289.38991,2278.9265,-10.46341,0,0.07029,-0.26581,0,0,-0.26581,0,0,58.82975,0.2658075,0.00451825,92648.41,79995.414,-12648.41,4.586,True,False,-18.87545
347.04,FINE,THRUST,80003.266,30.3614417,0.6850126,147.11542,0.18605,False,False,1.07337,2289.3936,2278.92629,-10.46731,0,0.07032,-0.26249,0,0,-0.26249,0,0,58.83045,0.2624913,0.00446183,92652.963,79995.97,-12652.963,4.03,True,False,-14.9968
347.2,FINE,THRUST,80003.416,30.3616093,0.684965,146.94667,0.18625,False,False,1.04338,2289.39564,2278.92604,-10.4696,0,0.07034,-0.25866,0,0,-0.25866,0,0,58.83124,0.2586603,0.00439665,92655.501,79996.591,-12655.501,3.409,True,False,-11.02685
347.34,FINE,THRUST,80003.549,30.3617165,0.6849345,146.74055,0.18651,False,False,1.01713,2289.39584,2278.92582,-10.47002,0,0.07034,-0.25531,0,0,-0.25531,0,0,58.83192,0.2553068,0.0043396,92655.793,79997.119,-12655.793,2.881,True,False,-8.02228
347.48,FINE,THRUST,80003.681,30.3617902,0.6849135,146.48522,0.18683,False,False,0.99116,2289.3948,2278.9256,-10.46921,0,0.07033,-0.25199,0,0,-0.25199,0,0,58.83259,0.2519946,0.00428325,92654.57,79997.629,-12654.57,2.371,True,False,-5.58541
347.62,FINE,THRUST,80003.813,30.361834,0.684901,146.18646,0.18721,False,False,0.96556,2289.39271,2278.92537,-10.46734,0,0.07032,-0.24873,0,0,-0.24873,0,0,58.83325,0.2487332,0.00422776,92652.068,79998.12,-12652.068,1.88,True,False,-4.03054
347.78,FINE,THRUST,80003.962,30.3618517,0.684896,145.79893,0.1877,False,False,0.93688,2289.38925,2278.92512,-10.46413,0,0.0703,-0.24508,0,0,-0.24508,0,0,58.83401,0.2450829,0.00416567,92647.908,79998.658,-12647.908,1.342,True,False,3.85484
347.92,FINE,THRUST,80004.09,30.3618421,0.6848987,145.42481,0.18818,False,False,0.91229,2289.38541,2278.92491,-10.46051,0,0.07027,-0.24195,0,0,-0.24195,0,0,58.83465,0.2419528,0.00411242,92643.285,79999.108,-12643.285,0.892,True,False,4.73657
348.06,FINE,THRUST,80004.216,30.3618141,0.6849068,145.02571,0.1887,False,False,0.8883,2289.381,2278.92469,-10.45631,0,0.07025,-0.2389,0,0,-0.2389,0,0,58.83529,0.2388999,0.00406049,92637.971,79999.538,-12637.971,0.462,True,False,5.85265
348.2,FINE,THRUST,80004.339,30.3617735,0.6849185,144.61066,0.18925,False,False,0.86485,2289.37624,2278.92448,-10.45175,0,0.07022,-0.23591,0,0,-0.23591,0,0,58.83592,0.2359129,0.00400968,92632.225,79999.95,-12632.225,0.05,True,False,6.85243
348.36,FINE,THRUST,80004.474,30.3617138,0.6849358,144.12011,0.1899,False,False,0.83871,2289.37036,2278.92425,-10.44611,0,0.07018,-0.23258,0,0,-0.23258,0,0,58.83663,0.2325758,0.00395291,92625.142,80000.4,-12625.142,-0.4,True,False,7.68916
348.5,FINE,THRUST,80004.589,30.3616525,0.6849536,143.68063,0.19048,False,False,0.81633,2289.36495,2278.92406,-10.44089,0,0.07014,-0.22971,0,0,-0.22971,0,0,58.83724,0.2297078,0.00390412,92618.609,80000.777,-12618.609,-0.777,True,False,8.1029
348.64,FINE,THRUST,80004.7,30.3615864,0.6849729,143.2371,0.19108,False,False,0.79444,2289.35944,2278.92387,-10.43557,0,0.07011,-0.2269,0,0,-0.2269,0,0,58.83785,0.226895,0.00385628,92611.971,80001.138,-12611.971,-1.138,True,False,8.20435
348.78,FINE,THRUST,80004.808,30.3615192,0.6849926,142.79474,0.19167,False,False,0.77296,2289.35399,2278.92368,-10.43031,0,0.07007,-0.22412,0,0,-0.22412,0,0,58.83844,0.2241229,0.00380912,92605.407,80001.486,-12605.407,-1.486,True,False,8.02128
348.94,FINE,THRUST,80004.926,30.3614469,0.6850138,142.29903,0.19235,False,False,0.74882,2289.34813,2278.92348,-10.42464,0,0.07003,-0.22099,0,0,-0.22099,0,0,58.83912,0.220994,0.0037559,92598.347,80001.867,-12598.347,-1.867,True,False,7.53809
349.08,FINE,THRUST,80005.026,30.3613911,0.6850302,141.87842,0.19292,False,False,0.72795,2289.34344,2278.92331,-10.42013,0,0.07,-0.21828,0,0,-0.21828,0,0,58.8397,0.2182777,0.0037097,92592.712,80002.188,-12592.712,-2.188,True,False,6.94532
349.22,FINE,THRUST,80005.123,30.3613441,0.6850441,141.47267,0.19348,False,False,0.7074,2289.33923,2278.92315,-10.41609,0,0.06998,-0.21559,0,0,-0.21559,0,0,58.84028,0.2155947,0.00366407,92587.665,80002.497,-12587.665,-2.497,True,False,6.2611
349.36,FINE,THRUST,80005.218,30.361307,0.6850551,141.08291,0.19402,False,False,0.68713,2289.33551,2278.92299,-10.41253,0,0.06995,-0.21294,0,0,-0.21294,0,0,58.84084,0.212941,0.00361893,92583.211,80002.795,-12583.211,-2.795,True,False,5.55151
349.52,FINE,THRUST,80005.322,30.3612773,0.6850639,140.6576,0.19461,False,False,0.66432,2289.33183,2278.92281,-10.40903,0,0.06993,-0.20995,0,0,-0.20995,0,0,58.84148,0.2099492,0.00356805,92578.824,80003.122,-12578.824,-3.122,True,False,4.79836
349.66,FINE,THRUST,80005.411,30.3612626,0.6850683,140.30285,0.1951,False,False,0.64465,2289.32908,2278.92266,-10.40642,0,0.06991,-0.20736,0,0,-0.20736,0,0,58.84204,0.2073626,0.00352406,92575.549,80003.397,-12575.549,-3.397,True,False,4.27174
349.8,FINE,THRUST,80005.498,30.3612574,0.6850699,139.96294,0.19557,False,False,0.62535,2289.32666,2278.92251,-10.40416,0,0.06989,-0.20482,0,0,-0.20482,0,0,58.84259,0.2048212,0.00348083,92572.693,80003.66,-12572.693,-3.66,True,False,3.92864
349.94,FINE,THRUST,80005.582,30.3612614,0.6850687,139.63705,0.19603,False,False,0.60638,2289.32454,2278.92236,-10.40218,0,0.06988,-0.20232,0,0,-0.20232,0,0,58.84312,0.2023206,0.00343831,92570.196,80003.912,-12570.196,-3.912,True,False,3.78901
350.1,FINE,THRUST,80005.675,30.3612761,0.6850642,139.28021,0.19653,False,False,0.58513,2289.32243,2278.92221,-10.40023,0,0.06987,-0.19952,0,0,-0.19952,0,0,58.84373,0.1995151,0.00339059,92567.724,80004.188,-12567.724,-4.188,True,False,3.84756
350.24,FINE,THRUST,80005.754,30.3612966,0.685058,138.97971,0.19695,False,False,0.56687,2289.3208,2278.92207,-10.39873,0,0.06986,-0.1971,0,0,-0.1971,0,0,58.84426,0.1970986,0.0033495,92565.819,80004.419,-12565.819,-4.419,True,False,4.03139
350.38,FINE,THRUST,80005.831,30.3613234,0.6850499,138.68888,0.19736,False,False,0.549,2289.31937,2278.92194,-10.39743,0,0.06985,-0.19473,0,0,-0.19473,0,0,58.84478,0.1947296,0.00330921,92564.165,80004.639,-12564.165,-4.639,True,False,4.28081
350.52,FINE,THRUST,80005.906,30.3613554,0.6850403,138.4062,0.19776,False,False,0.53147,2289.31814,2278.92181,-10.39633,0,0.06984,-0.1924,0,0,-0.1924,0,0,58.84529,0.1924021,0.00326963,92562.757,80004.849,-12562.757,-4.849,True,False,4.56076
350.68,FINE,THRUST,80005.988,30.3613967,0.6850277,138.09079,0.19821,False,False,0.51186,2289.31689,2278.92167,-10.39521,0,0.06983,-0.18979,0,0,-0.18979,0,0,58.84587,0.1897925,0.00322525,92561.327,80005.079,-12561.327,-5.079,True,False,4.88932
350.82,FINE,THRUST,80006.057,30.3614364,0.6850157,137.82068,0.1986,False,False,0.49503,2289.31588,2278.92155,-10.39432,0,0.06983,-0.18755,0,0,-0.18755,0,0,58.84637,0.1875452,0.00318703,92560.187,80005.27,-12560.187,-5.27,True,False,5.16345
350.96,FINE,THRUST,80006.124,30.3614789,0.6850027,137.55545,0.19897,False,False,0.47855,2289.31499,2278.92144,-10.39355,0,0.06982,-0.18534,0,0,-0.18534,0,0,58.84686,0.1853417,0.00314956,92559.188,80005.453,-12559.188,-5.453,True,False,5.41246
351.1,FINE,THRUST,80006.189,30.3615238,0.6849889,137.29437,0.19935,False,False,0.46241,2289.31419,2278.92133,-10.39286,0,0.06982,-0.18318,0,0,-0.18318,0,0,58.84735,0.1831761,0.00311273,92558.304,80005.627,-12558.304,-5.627,True,False,5.6312
351.26,FINE,THRUST,80006.26,30.3615775,0.6849725,137.00019,0.19977,False,False,0.44435,2289.31334,2278.92121,-10.39213,0,0.06981,-0.18075,0,0,-0.18075,0,0,58.84791,0.1807468,0.00307142,92557.366,80005.816,-12557.366,-5.816,True,False,5.83747
351.4,FINE,THRUST,80006.32,30.3616259,0.6849576,136.74584,0.20014,True,False,0.42885,2289.31262,2278.92111,-10.39152,0,0.06981,-0.17865,8,0,-0.17865,8,0,58.84838,8.0019946,0.13597646,92556.574,80005.974,-12556.574,-5.974,True,False,82.89249
351.56,FINE,THRUST,80006.299,30.3625547,0.6846726,137.59413,0.19882,False,False,-0.05316,2289.30249,2278.92102,-10.38146,0,0.06974,-0.10178,0,0,-0.10178,0,0,58.86653,0.1017763,0.00172893,92542.999,80007.319,-12542.999,-7.319,True,False,-6.27179
351.7,FINE,THRUST,80006.182,30.3636752,0.6843315,138.75771,0.19705,False,False,-0.84142,2289.27539,2278.92117,-10.35422,0,0.06956,0.02508,0,0,0.02508,0,0,58.87273,0.025076,0.00042594,92514.896,80002.167,-12514.896,-2.167,True,False,173.29302
351.86,FINE,THRUST,80006.048,30.3636973,0.6843247,138.41511,0.19754,False,False,-0.84185,2289.27561,2278.92139,-10.35422,0,0.06956,0.026,0,0,0.026,0,0,58.87286,0.0260031,0.00044168,92514.76,80002.026,-12514.76,-2.026,True,False,172.62803
352,FINE,THRUST,80005.934,30.363698,0.6843245,138.09195,0.198,False,False,-0.8357,2289.27573,2278.92159,-10.35414,0,0.06956,0.02576,0,0,0.02576,0,0,58.87292,0.0257611,0.00043757,92514.463,80001.983,-12514.463,-1.983,True,False,171.58292
352.14,FINE,THRUST,80005.822,30.3636987,0.6843243,137.77032,0.19846,False,False,-0.82965,2289.27583,2278.92178,-10.35406,0,0.06956,0.02552,0,0,0.02552,0,0,58.873,0.0255214,0.0004335,92514.158,80001.939,-12514.158,-1.939,True,False,170.05844
352.28,FINE,THRUST,80005.713,30.3637005,0.6843237,137.45177,0.19892,False,False,-0.82359,2289.27598,2278.92196,-10.35402,0,0.06956,0.02526,0,0,0.02526,0,0,58.87306,0.0252617,0.00042909,92513.906,80001.895,-12513.906,-1.895,True,False,168.03182
352.44,FINE,THRUST,80005.593,30.3637051,0.6843224,137.09265,0.19944,False,False,-0.81666,2289.27623,2278.92217,-10.35406,0,0.06956,0.02493,0,0,0.02493,0,0,58.87314,0.0249333,0.00042351,92513.722,80001.845,-12513.722,-1.845,True,False,165.09751
352.58,FINE,THRUST,80005.495,30.3637117,0.6843203,136.7835,0.19989,False,False,-0.81057,2289.27654,2278.92234,-10.3542,0,0.06956,0.02461,0,0,0.02461,0,0,58.8732,0.024611,0.00041803,92513.677,80001.803,-12513.677,-1.803,True,False,161.98443
352.72,FINE,THRUST,80005.403,30.3637213,0.6843173,136.47962,0.20034,True,False,-0.80445,2289.27695,2278.9225,-10.35445,0,0.06956,0.02424,8,0,0.02424,8,0,58.87327,8.0000367,0.13588572,92513.762,80001.761,-12513.762,-1.761,True,False,70.08951
352.88,FINE,THRUST,80005.224,30.3661976,0.6835587,139.41045,0.19591,False,False,-1.25036,2289.32633,2278.9227,-10.40363,0,0.06989,0.09602,0,0,0.09602,0,0,58.8913,0.0960183,0.00163043,92580.378,79995.091,-12580.378,4.909,True,False,153.56109
353.04,FINE,THRUST,80004.95,30.3708507,0.6821778,145.69502,0.18709,False,False,-1.98915,2289.43677,2278.92312,-10.51366,0,0.07063,0.21508,0,0,0.21508,0,0,58.89752,0.2150834,0.00365182,92731.796,79978.033,-12731.796,21.967,True,False,148.14892
353.18,FINE,THRUST,80004.721,30.3709824,0.6821395,145.53237,0.18729,False,False,-1.9958,2289.44106,2278.92351,-10.51755,0,0.07066,0.21762,0,0,0.21762,0,0,58.89801,0.2176233,0.00369492,92736.356,79977.577,-12736.356,22.423,True,False,142.90318
353.32,FINE,THRUST,80004.502,30.3712346,0.682066,145.55145,0.18725,False,False,-2.01202,2289.44846,2278.92389,-10.52458,0,0.07071,0.22161,0,0,0.22161,0,0,58.89857,0.2216108,0.00376258,92744.997,79976.858,-12744.997,23.142,True,False,137.18042
353.44,FINE,THRUST,80004.291,30.3715287,0.6819804,145.63399,0.18712,False,False,-2.02693,2289.45732,2278.92425,-10.53307,0,0.07076,0.22531,0,0,0.22531,0,0,58.89915,0.2253128,0.0038254,92755.359,79976.174,-12755.359,23.826,True,False,131.01442
353.62,FINE,THRUST,80004.06,30.3719193,0.6818666,145.81162,0.18686,False,False,-2.0418,2289.46958,2278.92465,-10.54494,0,0.07084,0.22914,0,0,0.22914,0,0,58.89982,0.22914,0.00389033,92769.727,79975.447,-12769.727,24.553,True,False,123.47249
353.76,FINE,THRUST,80003.878,30.372307,0.6817538,146.03762,0.18654,False,False,-2.05218,2289.48213,2278.92497,-10.55716,0,0.07093,0.23195,0,0,0.23195,0,0,58.90042,0.2319479,0.00393797,92784.439,79974.893,-12784.439,25.107,True,False,116.47151
353.9,FINE,THRUST,80003.707,30.3727357,0.6816293,146.32758,0.18614,False,False,-2.05957,2289.49625,2278.92527,-10.57099,0,0.07102,0.23417,0,0,0.23417,0,0,58.90103,0.2341725,0.00397569,92800.987,79974.431,-12800.987,25.569,True,False,109.12245
354.04,FINE,THRUST,80003.547,30.3731998,0.6814947,146.67387,0.18566,False,False,-2.06336,2289.51169,2278.92554,-10.58615,0,0.07112,0.23574,0,0,0.23574,0,0,58.90164,0.2357389,0.00400225,92819.035,79974.075,-12819.035,25.925,True,False,101.44287
354.2,FINE,THRUST,80003.376,30.3737646,0.6813312,147.12601,0.18505,False,False,-2.06261,2289.53053,2278.92584,-10.60469,0,0.07125,0.23663,0,0,0.23663,0,0,58.90235,0.2366276,0.00401729,92840.967,79973.817,-12840.967,26.183,True,False,92.28278
354.34,FINE,THRUST,80003.234,30.3742786,0.6811828,147.5556,0.18447,False,False,-2.05702,2289.54761,2278.92608,-10.62152,0,0.07136,0.23655,0,0,0.23655,0,0,58.90297,0.236552,0.00401596,92860.724,79973.736,-12860.724,26.264,True,False,83.94663
354.48,FINE,THRUST,80003.097,30.3748,0.6810326,148.00054,0.18388,False,False,-2.04649,2289.56475,2278.92632,-10.63843,0,0.07147,0.23565,0,0,0.23565,0,0,58.90359,0.2356455,0.00400053,92880.433,79973.795,-12880.433,26.205,True,False,75.31749
354.62,FINE,THRUST,80002.962,30.3753164,0.6808843,148.44116,0.1833,False,False,-2.03086,2289.58146,2278.92655,-10.65491,0,0.07158,0.2339,0,0,0.2339,0,0,58.90421,0.2339028,0.0039709,92899.462,79973.998,-12899.462,26.002,True,False,66.42018
354.78,FINE,THRUST,80002.803,30.375883,0.6807219,148.91137,0.18267,False,False,-2.00657,2289.59911,2278.92681,-10.6723,0,0.0717,0.2309,0,0,0.2309,0,0,58.90492,0.2308971,0.00391983,92919.288,79974.401,-12919.288,25.599,True,False,56.07806
354.92,FINE,THRUST,80002.653,30.3763409,0.6805909,149.26529,0.18221,False,False,-1.97961,2289.61228,2278.92705,-10.68523,0,0.07179,0.22741,0,0,0.22741,0,0,58.90553,0.2274147,0.00386067,92933.712,79974.901,-12933.712,25.099,True,False,47.0484
355.06,FINE,THRUST,80002.489,30.3767454,0.6804754,149.5353,0.18185,False,False,-1.94803,2289.62275,2278.92731,-10.69545,0,0.07186,0.22329,0,0,0.22329,0,0,58.90613,0.2232861,0.00379054,92944.75,79975.511,-12944.75,24.489,True,False,38.20664
355.2,FINE,THRUST,80002.309,30.3770808,0.6803798,149.6949,0.18163,False,False,-1.9127,2289.63042,2278.92759,-10.70283,0,0.07191,0.21868,0,0,0.21868,0,0,58.90672,0.2186761,0.00371224,92952.295,79976.204,-12952.295,23.796,True,False,29.77001
355.36,FINE,THRUST,80002.081,30.3773621,0.6802995,149.71259,0.18159,False,False,-1.86915,2289.63656,2278.92796,-10.7086,0,0.07195,0.21306,0,0,0.21306,0,0,58.90738,0.2130556,0.00361679,92957.663,79977.055,-12957.663,22.945,True,False,20.80631
355.5,FINE,THRUST,80001.865,30.3775283,0.6802521,149.59876,0.18171,False,False,-1.82968,2289.63974,2278.9283,-10.71143,0,0.07196,0.20805,0,0,0.20805,0,0,58.90794,0.2080464,0.00353172,92959.697,79977.813,-12959.697,22.187,True,False,13.71381
355.64,FINE,THRUST,80001.637,30.3776282,0.6802236,149.37801,0.18197,False,False,-1.79,2289.64092,2278.92867,-10.71225,0,0.07197,0.20311,0,0,0.20311,0,0,58.9085,0.2031101,0.00344789,92959.334,79978.556,-12959.334,21.444,True,False,7.91056
355.78,FINE,THRUST,80001.399,30.3776691,0.6802118,149.06291,0.18236,False,False,-1.75069,2289.64028,2278.92906,-10.71121,0,0.07196,0.19832,0,0,0.19832,0,0,58.90903,0.1983177,0.00336651,92956.782,79979.27,-12956.782,20.73,True,False,6.03674
355.94,FINE,THRUST,80001.117,30.3776522,0.6802167,148.60268,0.18292,False,False,-1.70677,2289.63753,2278.92953,-10.708,0,0.07194,0.19309,0,0,0.19309,0,0,58.90963,0.1930864,0.00327767,92951.492,79980.04,-12951.492,19.96,True,False,10.22849
356.08,FINE,THRUST,80000.866,30.3775893,0.6802348,148.12577,0.18352,False,False,-1.6695,2289.63358,2278.92995,-10.70363,0,0.07191,0.18875,0,0,0.18875,0,0,58.91014,0.1887452,0.00320395,92945.037,79980.668,-12945.037,19.332,True,False,-15.19855
356.22,FINE,THRUST,80000.612,30.3774886,0.680264,147.59242,0.18419,False,False,-1.63364,2289.62839,2278.93037,-10.69802,0,0.07187,0.18466,0,0,0.18466,0,0,58.91064,0.1846616,0.0031346,92937.146,79981.248,-12937.146,18.752,True,False,-20.08438
356.36,FINE,THRUST,80000.359,30.3773565,0.6803023,147.01362,0.18492,False,False,-1.59925,2289.62213,2278.93079,-10.69134,0,0.07183,0.18083,0,0,0.18083,0,0,58.91113,0.1808264,0.00306948,92928.013,79981.783,-12928.013,18.217,True,False,-24.6516
356.52,FINE,THRUST,80000.072,30.3771744,0.6803555,146.30966,0.18582,False,False,-1.56177,2289.61387,2278.93128,-10.68259,0,0.07177,0.17674,0,0,0.17674,0,0,58.91168,0.1767379,0.00300005,92916.292,79982.339,-12916.292,17.661,True,False,-29.39459
356.66,FINE,THRUST,79999.824,30.3769934,0.6804085,145.66599,0.18666,False,False,-1.53049,2289.60578,2278.9317,-10.67408,0,0.07171,0.17339,0,0,0.17339,0,0,58.91214,0.1733906,0.00294321,92905.056,79982.782,-12905.056,17.218,True,False,-33.10349
356.8,FINE,THRUST,79999.581,30.3767978,0.6804661,145.00596,0.18752,False,False,-1.50066,2289.59704,2278.93211,-10.66493,0,0.07165,0.17025,0,0,0.17025,0,0,58.9126,0.1702513,0.0028899,92893.089,79983.185,-12893.089,16.815,True,False,-36.39113
356.94,FINE,THRUST,79999.344,30.3765914,0.6805272,144.33587,0.18841,False,False,-1.47212,2289.58773,2278.93251,-10.65522,0,0.07159,0.16729,0,0,0.16729,0,0,58.91305,0.1672896,0.0028396,92880.474,79983.554,-12880.474,16.446,True,False,-39.25736
357.1,FINE,THRUST,79999.081,30.3763472,0.6805998,143.56539,0.18944,False,False,-1.44095,2289.57648,2278.93296,-10.64352,0,0.07151,0.16409,0,0,0.16409,0,0,58.91356,0.1640904,0.00278527,92865.372,79983.939,-12865.372,16.061,True,False,-42.02059
357.24,FINE,THRUST,79998.859,30.3761294,0.6806649,142.89205,0.19035,False,False,-1.41475,2289.56614,2278.93334,-10.63281,0,0.07144,0.16142,0,0,0.16142,0,0,58.91399,0.1614185,0.0027399,92851.6,79984.247,-12851.6,15.753,True,False,-43.99625
357.38,FINE,THRUST,79998.645,30.3759116,0.6807304,142.22516,0.19126,False,False,-1.38947,2289.55543,2278.93371,-10.62173,0,0.07136,0.15885,0,0,0.15885,0,0,58.91442,0.1588484,0.00269626,92837.409,79984.532,-12837.409,15.468,True,False,-45.56711
357.52,FINE,THRUST,79998.439,30.375696,0.6807954,141.56792,0.19217,False,False,-1.36494,2289.54436,2278.93406,-10.6103,0,0.07128,0.15635,0,0,0.15635,0,0,58.91484,0.156351,0.00265385,92822.814,79984.797,-12822.814,15.203,True,False,-46.74347
357.68,FINE,THRUST,79998.213,30.3754563,0.6808682,140.83391,0.19319,False,False,-1.33766,2289.53128,2278.93445,-10.59684,0,0.07119,0.15356,0,0,0.15356,0,0,58.91531,0.153556,0.00260638,92805.648,79985.082,-12805.648,14.918,True,False,-47.63228
357.82,FINE,THRUST,79998.023,30.3752571,0.6809289,140.21298,0.19406,False,False,-1.31423,2289.51937,2278.93477,-10.58459,0,0.07111,0.15113,0,0,0.15113,0,0,58.91571,0.1511306,0.0025652,92790.081,79985.318,-12790.081,14.682,True,False,-48.0406
357.96,FINE,THRUST,79997.841,30.3750712,0.6809858,139.61649,0.1949,False,False,-1.29113,2289.50707,2278.93508,-10.57199,0,0.07103,0.14871,0,0,0.14871,0,0,58.91611,0.148713,0.00252415,92774.073,79985.544,-12774.073,14.456,True,False,-48.12541
358.1,FINE,THRUST,79997.666,30.3748997,0.6810386,139.04515,0.19572,False,False,-1.26826,2289.49445,2278.93538,-10.55906,0,0.07094,0.14629,0,0,0.14629,0,0,58.91651,0.1462864,0.00248294,92757.691,79985.762,-12757.691,14.238,True,False,-47.90037
358.26,FINE,THRUST,79997.475,30.3747218,0.6810936,138.423,0.19661,False,False,-1.24231,2289.47977,2278.93571,-10.54406,0,0.07084,0.14349,0,0,0.14349,0,0,58.91695,0.1434878,0.00243542,92738.679,79986.005,-12738.679,13.995,True,False,-47.27196
358.4,FINE,THRUST,79997.315,30.3745815,0.6811371,137.90424,0.19736,False,False,-1.21966,2289.4668,2278.93599,-10.53081,0,0.07075,0.141,0,0,0.141,0,0,58.91732,0.1410003,0.00239319,92721.911,79986.212,-12721.911,13.788,True,False,-46.39933
358.54,FINE,THRUST,79997.162,30.3744553,0.6811764,137.4087,0.19809,False,False,-1.19704,2289.45389,2278.93625,-10.51764,0,0.07066,0.13847,0,0,0.13847,0,0,58.9177,0.1384733,0.00235028,92705.235,79986.416,-12705.235,13.584,True,False,-45.22225
358.68,FINE,THRUST,79997.016,30.374342,0.6812119,136.9343,0.19878,False,False,-1.17438,2289.44115,2278.9365,-10.50465,0,0.07057,0.13589,0,0,0.13589,0,0,58.91806,0.135894,0.00230649,92688.778,79986.618,-12688.778,13.382,True,False,-43.73547
358.84,FINE,THRUST,79996.857,30.3742272,0.6812479,136.41569,0.19955,False,False,-1.14835,2289.42695,2278.93677,-10.49018,0,0.07048,0.13287,0,0,0.13287,0,0,58.91847,0.132872,0.00225518,92670.437,79986.847,-12670.437,13.153,True,False,-41.64845
358.98,FINE,THRUST,79996.724,30.3741379,0.6812761,135.98013,0.20019,True,False,-1.12537,2289.41495,2278.937,-10.47795,0,0.07039,0.13015,8,0,0.13015,8,0,58.91882,8.0010586,0.135798,92654.92,79987.048,-12654.92,12.952,True,False,-103.83761
359.14,FINE,THRUST,79996.646,30.3720039,0.681958,132.8486,0.20509,True,False,-0.75044,2289.10935,2278.93723,-10.17213,0,0.06833,0.07308,8,0,0.07308,8,0,58.93695,8.0003338,0.13574393,92276.216,79991.754,-12276.216,8.246,True,False,-102.21812
359.3,FINE,THRUST,79996.729,30.3661686,0.683895,125.58199,0.2175,True,False,0.23501,2288.36109,2278.93722,-9.42386,0,0.0633,-0.07957,8,0,-0.07957,8,0,58.96101,8.0003957,0.1356896,91359.722,79995.405,-11359.722,4.595,True,False,-100.47437
359.46,FINE,THRUST,79996.979,30.36085,0.6857522,119.67775,0.22878,True,False,1.26781,2287.66553,2278.93695,-8.72858,0,0.05862,-0.2412,8,0,-0.2412,8,0,58.98507,8.0036352,0.13568916,90526.849,79982.277,-10526.849,17.723,True,False,-98.05501
359.62,FINE,THRUST,79997.4,30.3566611,0.6872767,115.40062,0.23772,True,False,2.35142,2287.02301,2278.93638,-8.08663,0,0.0543,-0.4124,8,0,-0.4124,8,0,59.00915,8.0106226,0.13575221,89784.573,79945.619,-9784.573,54.381,True,False,-94.95774
359.78,FINE,THRUST,79997.997,30.3539976,0.6882749,112.76475,0.24357,True,False,3.48543,2286.44166,2278.93553,-7.50613,0,0.05039,-0.59319,8,0,-0.59319,8,0,59.03326,8.0219623,0.13588886,89150.207,79877.802,-9150.207,122.198,True,False,-91.19072
359.94,FINE,THRUST,79998.772,30.3532011,0.6885781,111.82086,0.24568,True,False,4.66452,2285.93314,2278.93438,-6.99875,0,0.04698,-0.78283,8,0,-0.78283,8,0,59.05741,8.0382098,0.13610841,88644.528,79772.001,-8644.528,227.999,True,False,-86.7653
360.1,FINE,THRUST,79999.725,30.3545877,0.6880497,112.74667,0.24343,True,False,5.87749,2285.51135,2278.93293,-6.57842,0,0.04416,-0.9796,8,0,-0.9796,8,0,59.08161,8.0597533,0.13641729,88287.324,79625.059,-8287.324,374.941,True,False,-81.69582
360.26,FINE,THRUST,80000.851,30.35844,0.6866076,115.92614,0.23623,True,False,7.10627,2285.19198,2278.93119,-6.26079,0,0.04202,-1.18073,8,0,-1.18073,8,0,59.10589,8.0866634,0.13681655,88093.48,79440.764,-8093.48,559.236,True,False,-76.01859
360.42,FINE,THRUST,80002.145,30.3650558,0.6842254,122.16153,0.22337,True,False,8.32554,2285.0059,2278.92916,-6.07674,0,0.04078,-1.38233,8,0,-1.38233,8,0,59.13025,8.1185484,0.13729941,88085.954,79233.185,-8085.954,766.815,True,False,-69.84427
360.58,FINE,THRUST,80003.595,30.3746082,0.6810037,132.89681,0.20436,True,False,9.49571,2284.98142,2278.92686,-6.05456,0,0.04064,-1.5782,8,0,-1.5782,8,0,59.15471,8.154183,0.13784502,88274.524,79026.339,-8274.524,973.661,True,False,-63.31879
360.74,FINE,THRUST,80005.189,30.3870622,0.6772002,150.84646,0.17905,False,False,10.56658,2285.11571,2278.92431,-6.1914,0,0.04156,-1.76021,0,0,-1.76021,0,0,59.17929,1.7602081,0.02974365,88630.573,78844.971,-8630.573,1155.029,True,False,-132.60459
360.88,FINE,THRUST,80006.652,30.3970221,0.674488,169.65143,0.15857,False,False,11.21478,2285.28633,2278.92189,-6.36443,0,0.04272,-1.8743,0,0,-1.8743,0,0,59.18877,1.8742988,0.03166646,88946.342,78745.662,-8946.342,1254.338,True,False,-124.4578
361.02,FINE,THRUST,80008.123,30.4003129,0.6736555,176.69046,0.15207,False,False,11.37243,2285.33701,2278.91944,-6.41757,0,0.04308,-1.90926,0,0,-1.90926,0,0,59.19363,1.9092645,0.03225456,89036.48,78724.217,-9036.48,1275.783,True,False,-116.20079
361.16,FINE,THRUST,80009.6,30.404095,0.6727369,185.70016,0.1445,False,False,11.5058,2285.40016,2278.91697,-6.48319,0,0.04352,-1.94048,0,0,-1.94048,0,0,59.19865,1.9404782,0.0327791,89135.026,78709.422,-9135.026,1290.578,True,False,-107.82112
361.32,FINE,THRUST,80011.294,30.4087317,0.6716671,198.25719,0.13514,False,False,11.6186,2285.49407,2278.91413,-6.57994,0,0.04417,-1.97,0,0,-1.97,0,0,59.20448,1.9699995,0.0332745,89262.773,78703.578,-9262.773,1296.422,True,False,-98.07224
361.46,FINE,THRUST,80012.777,30.4129241,0.6707538,211.31434,0.12662,False,False,11.67832,2285.59684,2278.91165,-6.68519,0,0.04487,-1.98975,0,0,-1.98975,0,0,59.20966,1.9897525,0.0336052,89388.687,78709.107,-9388.687,1290.893,True,False,-89.38873
361.6,FINE,THRUST,80014.26,30.4171242,0.6698905,226.36851,0.11806,False,False,11.69851,2285.71854,2278.90916,-6.80937,0,0.04571,-2.00331,0,0,-2.00331,0,0,59.21491,2.0033104,0.03383118,89527.103,78724.879,-9527.103,1275.121,True,False,-80.57648
361.74,FINE,THRUST,80015.741,30.4211885,0.6691045,243.22499,0.10975,False,False,11.67691,2285.85712,2278.90668,-6.95044,0,0.04666,-2.01029,0,0,-2.01029,0,0,59.22019,2.0102875,0.03394598,89675.773,78750.642,-9675.773,1249.358,True,False,-71.71023
361.9,FINE,THRUST,80017.431,30.4254245,0.6683371,263.71875,0.10111,False,False,11.59768,2286.03524,2278.90385,-7.1314,0,0.04787,-2.00965,0,0,-2.00965,0,0,59.22625,2.0096545,0.03393182,89857.245,78792.165,-9857.245,1207.835,True,False,-61.74222
362.04,FINE,THRUST,80018.909,30.4285532,0.6678042,281.11081,0.09479,False,False,11.48124,2286.20419,2278.90137,-7.30282,0,0.04903,-2.00164,0,0,-2.00164,0,0,59.23156,2.0016388,0.03379345,90022.437,78837.691,-10022.437,1162.309,True,False,-53.38523
362.18,FINE,THRUST,80020.383,30.4310061,0.6674061,296.17343,0.08992,False,False,11.32623,2286.37766,2278.89889,-7.47876,0,0.05021,-1.98747,0,0,-1.98747,0,0,59.23686,1.987468,0.0335512,90186.927,78889.187,-10186.927,1110.813,True,False,-45.5154
362.32,FINE,THRUST,80021.85,30.4327934,0.6671268,307.79448,0.0865,False,False,11.14149,2286.54632,2278.89643,-7.64989,0,0.05136,-1.96848,0,0,-1.96848,0,0,59.24213,1.9684772,0.03322766,90342.574,78943.519,-10342.574,1056.481,True,False,-38.25487
362.48,FINE,THRUST,80023.516,30.4340516,0.6669352,315.79112,0.08429,False,False,10.90371,2286.72485,2278.89363,-7.83122,0,0.05258,-1.94235,0,0,-1.94235,0,0,59.24808,1.9423526,0.03278338,90502.388,79006.218,-10502.388,993.782,True,False,-30.9964
362.62,FINE,THRUST,80024.962,30.4344892,0.6668694,317.60652,0.0838,False,False,10.67824,2286.86182,2278.89119,-7.97063,0,0.05352,-1.91651,0,0,-1.91651,0,0,59.25324,1.9165096,0.03234438,90619.883,79059.919,-10619.883,940.081,True,False,-26.09053
362.76,FINE,THRUST,80026.394,30.4343386,0.6668921,314.62991,0.0846,False,False,10.44282,2286.97498,2278.88878,-8.0862,0,0.05429,-1.88884,0,0,-1.88884,0,0,59.25833,1.8888392,0.03187466,90710.844,79111.113,-10710.844,888.887,True,False,-23.1362
362.9,FINE,THRUST,80027.811,30.4336535,0.6669969,307.53616,0.08657,False,False,10.20428,2287.06422,2278.88639,-8.17783,0,0.05491,-1.86042,0,0,-1.86042,0,0,59.26334,1.8604168,0.03139237,90775.95,79158.999,-10775.95,841.001,True,False,-22.45605
363.06,FINE,THRUST,80029.408,30.4322997,0.6672093,295.70014,0.09007,False,False,9.93575,2287.14011,2278.88369,-8.25641,0,0.05544,-1.82828,0,0,-1.82828,0,0,59.26898,1.8282789,0.03084714,90823.124,79209.154,-10823.124,790.846,True,False,-24.12412
363.2,FINE,THRUST,80030.783,30.4306849,0.6674717,283.24763,0.09407,False,False,9.70835,2287.18595,2278.88137,-8.30458,0,0.05576,-1.8011,0,0,-1.8011,0,0,59.27384,1.8010967,0.03038603,90843.417,79248.982,-10843.417,751.018,True,False,-26.96372
363.34,FINE,THRUST,80032.136,30.428738,0.6678006,269.84676,0.09879,False,False,9.49151,2287.21428,2278.87908,-8.3352,0,0.05597,-1.77535,0,0,-1.77535,0,0,59.27863,1.775348,0.02994921,90846.237,79284.942,-10846.237,715.058,True,False,-30.42112
363.48,FINE,THRUST,80033.466,30.4265133,0.6681929,256.20049,0.10411,False,False,9.28641,2287.22702,2278.87683,-8.35019,0,0.05607,-1.75123,0,0,-1.75123,0,0,59.28334,1.7512292,0.02953999,90833.7,79317.271,-10833.7,682.729,True,False,-34.06792
363.64,FINE,THRUST,80034.957,30.423696,0.6687148,240.95076,0.11079,False,False,9.06742,2287.22498,2278.87431,-8.35067,0,0.05607,-1.72584,0,0,-1.72584,0,0,59.28865,1.725835,0.02910903,90803.27,79350.095,-10803.27,649.905,True,False,-38.16128
363.78,FINE,THRUST,80036.236,30.421035,0.6692332,228.24101,0.11705,False,False,8.88907,2287.21084,2278.87214,-8.3387,0,0.05599,-1.70549,0,0,-1.70549,0,0,59.29324,1.7054917,0.02876368,90764.823,79375.597,-10764.823,624.403,True,False,-41.51871
363.92,FINE,THRUST,80037.491,30.4182376,0.6698048,216.33479,0.1236,False,False,8.72326,2287.18722,2278.87001,-8.3172,0,0.05585,-1.68694,0,0,-1.68694,0,0,59.29777,1.6869377,0.02844859,90717.553,79398.366,-10717.553,601.634,True,False,44.58552
364.06,FINE,THRUST,80038.723,30.4153308,0.6704273,205.28563,0.13037,False,False,8.569,2287.15595,2278.86793,-8.28802,0,0.05565,-1.67003,0,0,-1.67003,0,0,59.30224,1.6700276,0.02816129,90663.329,79418.776,-10663.329,581.224,True,False,47.31351
364.22,FINE,THRUST,80040.102,30.4119074,0.6711979,193.71651,0.13831,False,False,8.40557,2287.1132,2278.86559,-8.24761,0,0.05538,-1.65253,0,0,-1.65253,0,0,59.3073,1.6525306,0.02786386,90595.259,79439.649,-10595.259,560.351,True,False,49.98426
364.36,FINE,THRUST,80041.285,30.4088406,0.6719224,184.46962,0.1454,False,False,8.27227,2287.07191,2278.86359,-8.20832,0,0.05511,-1.63859,0,0,-1.63859,0,0,59.31169,1.6385895,0.02762675,90532.663,79456.191,-10532.663,543.809,True,False,51.91714
364.5,FINE,THRUST,80042.445,30.4057294,0.6726903,176.00282,0.15256,False,False,8.14693,2287.02897,2278.86162,-8.16735,0,0.05484,-1.62577,0,0,-1.62577,0,0,59.31604,1.6257674,0.02740856,90469.337,79471.443,-10469.337,528.557,True,False,53.46566
364.64,FINE,THRUST,80043.584,30.4025839,0.6735002,168.24781,0.15978,False,False,8.02804,2286.98584,2278.85969,-8.12614,0,0.05456,-1.61384,0,0,-1.61384,0,0,59.32035,1.6138358,0.02720543,90406.717,79485.724,-10406.717,514.276,True,False,54.63458
364.8,FINE,THRUST,80044.86,30.3989623,0.6744746,160.18126,0.16807,False,False,7.89832,2286.93785,2278.85753,-8.08032,0,0.05425,-1.60103,0,0,-1.60103,0,0,59.32524,1.6010257,0.02698726,90337.545,79501.202,-10337.545,498.798,True,False,55.50874
364.92,FINE,THRUST,80045.954,30.3957792,0.6753678,153.75107,0.17533,False,False,7.78857,2286.89804,2278.85568,-8.04236,0,0.054,-1.59029,0,0,-1.59029,0,0,59.32949,1.5902885,0.02680435,90280.069,79514.291,-10280.069,485.709,True,False,55.87177
365.08,FINE,THRUST,80047.02,30.3925992,0.6762944,147.86306,0.18255,False,False,7.68114,2286.86105,2278.85387,-8.00718,0,0.05376,-1.57978,0,0,-1.57978,0,0,59.3337,1.579784,0.02662541,90226.196,79527.156,-10226.196,472.844,True,False,55.86438
365.22,FINE,THRUST,80048.074,30.3894314,0.6772515,142.46706,0.18973,False,False,7.57468,2286.82732,2278.85209,-7.97523,0,0.05354,-1.56933,0,0,-1.56933,0,0,59.3379,1.5693267,0.02644729,90176.261,79539.996,-10176.261,460.004,True,False,55.49069
365.38,FINE,THRUST,80049.253,30.385842,0.678377,136.85157,0.19785,False,False,7.45267,2286.79307,2278.85009,-7.94298,0,0.05333,-1.55722,0,0,-1.55722,0,0,59.34265,1.5572214,0.02624118,90124.195,79554.842,-10124.195,445.158,True,False,54.62121
365.52,FINE,THRUST,80050.263,30.38274,0.6793846,132.37691,0.20483,True,False,7.34424,2286.76691,2278.84838,-7.91853,0,0.05316,-1.54625,8,0,-1.54625,8,0,59.34679,8.14806,0.13729573,90082.887,79568.14,-10082.887,431.86,True,False,-132.19314
365.68,FINE,THRUST,80051.351,30.3737548,0.6824807,121.53295,0.22412,True,False,6.99818,2286.70914,2278.84648,-7.86266,0,0.05279,-1.49776,8,0,-1.49776,8,0,59.36646,8.1389976,0.13709757,89975.336,79608.887,-9975.336,391.113,True,False,-130.76692
365.84,FINE,THRUST,80052.313,30.3558645,0.6893911,105.30169,0.26128,True,False,6.26223,2286.63992,2278.84476,-7.79515,0,0.05233,-1.38611,8,0,-1.38611,8,0,59.39111,8.1191941,0.13670722,89809.742,79692.094,-9809.742,307.906,True,False,-129.10372
366,FINE,THRUST,80053.143,30.3385204,0.6970165,93.88069,0.2963,True,False,5.48502,2286.59953,2278.84326,-7.75627,0,0.05207,-1.26724,8,0,-1.26724,8,0,59.41573,8.0997464,0.13632327,89680.936,79773.215,-9680.936,226.785,True,False,-126.81464
366.16,FINE,THRUST,80053.835,30.3219429,0.7051337,85.59199,0.32877,True,False,4.65781,2286.55693,2278.84198,-7.71495,0,0.05179,-1.13948,8,0,-1.13948,8,0,59.44029,8.0807438,0.13594724,89554.007,79849.453,-9554.007,150.547,True,False,-123.90177
366.32,FINE,THRUST,80054.381,30.3063491,0.713487,79.45075,0.35837,True,False,3.7728,2286.49483,2278.84094,-7.65389,0,0.05138,-1.00144,8,0,-1.00144,8,0,59.46481,8.0624364,0.13558332,89410.312,79918.476,-9410.312,81.524,True,False,-120.3577
366.48,FINE,THRUST,80054.775,30.29199,0.7217767,74.85251,0.38479,True,False,2.82475,2286.39969,2278.84015,-7.55953,0,0.05075,-0.85213,8,0,-0.85213,8,0,59.48928,8.0452552,0.13523874,89236.248,79977.491,-9236.248,22.509,True,False,-116.167
366.64,FINE,THRUST,80055.011,30.2791555,0.7296579,71.40942,0.40772,True,False,1.81189,2286.25941,2278.83963,-7.41979,0,0.04981,-0.69115,8,0,-0.69115,8,0,59.51371,8.0298004,0.13492355,89020.784,80022.944,-9020.784,-22.944,True,False,-111.30867
366.8,FINE,THRUST,80055.081,30.268174,0.7367462,68.86567,0.42686,True,False,0.73689,2286.06313,2278.83937,-7.22376,0,0.04849,-0.51882,8,0,-0.51882,8,0,59.5381,8.0168056,0.13465002,88755.313,80050.369,-8755.313,-50.369,True,False,-105.75778
366.96,FINE,THRUST,80054.985,30.2594063,0.7426301,67.05203,0.44185,True,False,-0.39204,2285.80158,2278.83939,-6.96219,0,0.04673,-0.33635,8,0,-0.33635,8,0,59.56246,8.0070676,0.13443145,88434.186,80054.337,-8434.186,-54.337,True,False,-99.48667
367.12,FINE,THRUST,80054.721,30.2532316,0.7468926,65.86171,0.45235,True,False,-1.56012,2285.46779,2278.83969,-6.6281,0,0.04449,-0.14606,8,0,-0.14606,8,0,59.58679,8.0013332,0.13428032,88055.442,80028.558,-8055.442,-28.558,True,False,-92.46601
367.28,FINE,THRUST,80054.293,30.2500266,0.7491445,65.23864,0.45797,True,False,-2.74502,2285.05799,2278.84027,-6.21772,0,0.04173,0.0485,8,0,0.0485,8,0,59.61112,8.000147,0.13420563,87621.491,79966.277,-7621.491,33.723,True,False,-84.66697
367.44,FINE,THRUST,80053.711,30.250135,0.7490674,65.17459,0.45827,True,False,-3.9162,2284.57252,2278.84112,-5.7314,0,0.03846,0.2424,8,0,0.2424,8,0,59.63545,8.0036714,0.13420997,87139.311,79861.144,-7139.311,138.856,True,False,-76.07241
367.6,FINE,THRUST,80052.987,30.2538602,0.7464442,65.71863,0.45278,True,False,-5.03015,2284.00944,2278.84222,-5.16722,0,0.03467,0.42861,8,0,0.42861,8,0,59.65979,8.0114734,0.13428598,86610.943,79708.952,-6610.943,291.048,True,False,-66.77044
367.76,FINE,THRUST,80052.136,30.2615814,0.7411047,67.02089,0.44068,True,False,-6.01395,2283.35571,2278.84354,-4.51217,0,0.03027,0.59547,8,0,0.59547,8,0,59.68417,8.022131,0.1344097,86019.195,79511.251,-6019.195,488.749,True,False,-57.05319
367.92,FINE,THRUST,80051.178,30.273222,0.7333182,69.27999,0.4217,True,False,-6.81695,2282.65908,2278.84506,-3.81402,0,0.02558,0.73445,8,0,0.73445,8,0,59.70858,8.0336425,0.13454753,85412.222,79277.549,-5412.222,722.451,True,False,-47.18794
368.08,FINE,THRUST,80050.135,30.2881945,0.72379,72.74386,0.39628,True,False,-7.42737,2281.99042,2278.84674,-3.14367,0,0.02108,0.84303,8,0,0.84303,8,0,59.73304,8.0442966,0.1346708,84857.078,79026.048,-4857.078,973.952,True,False,-37.438
368.24,FINE,THRUST,80049.031,30.3057953,0.7133217,77.79697,0.36509,True,False,-7.83318,2281.39391,2278.84855,-2.54536,0,0.01707,0.91887,8,0,0.91887,8,0,59.75754,8.0525971,0.13475448,84378.586,78784.714,-4378.586,1215.286,True,False,-28.08626
368.4,FINE,THRUST,80047.883,30.3252216,0.7027296,85.00399,0.3291,True,False,-8.03222,2280.89785,2278.85044,-2.04741,0,0.01373,0.96128,8,0,0.96128,8,0,59.78209,8.057547,0.13478197,83979.503,78584.353,-3979.503,1415.647,True,False,19.47888
368.56,FINE,THRUST,80046.73,30.3456719,0.6927203,95.21913,0.28956,True,False,-8.03626,2280.51586,2278.85237,-1.66349,0,0.01115,0.97189,8,0,0.97189,8,0,59.80666,8.0588189,0.13474786,83651.557,78449.298,-3651.557,1550.702,True,False,12.21293
368.72,FINE,THRUST,80045.59,30.3664646,0.6837955,109.837,0.24776,True,False,-7.86942,2280.24745,2278.8543,-1.39316,0,0.00934,0.95436,8,0,0.95436,8,0,59.83124,8.0567241,0.13465747,83382.48,78391.098,-3382.48,1608.902,True,False,8.25712
368.88,FINE,THRUST,80044.483,30.3871204,0.676228,131.38962,0.20481,True,False,-7.55603,2280.09146,2278.85618,-1.23528,0,0.00828,0.91249,8,0,0.91249,8,0,59.85583,8.0518712,0.13452108,83166.368,78414.258,-3166.368,1585.742,True,False,10.32464
369.04,FINE,THRUST,80043.428,30.4073056,0.6701243,164.94357,0.16167,False,False,-7.12038,2280.04557,2278.858,-1.18757,0,0.00796,0.85003,0,0,0.85003,0,0,59.88042,0.8500326,0.0141955,83002.948,78516.377,-3002.948,1483.623,True,False,-68.81781
369.2,FINE,THRUST,80042.414,30.4203582,0.6668732,198.87049,0.13344,False,False,-6.77505,2280.07575,2278.85972,-1.21602,0,0.00815,0.80117,0,0,0.80117,0,0,59.88852,0.8011698,0.01337769,82926.229,78623.542,-2926.229,1376.458,True,False,-64.50349
369.34,FINE,THRUST,80041.537,30.4221451,0.6664701,204.10493,0.12994,False,False,-6.72778,2280.09085,2278.8612,-1.22965,0,0.00824,0.79916,0,0,0.79916,0,0,59.89069,0.7991638,0.01334371,82922.789,78641.103,-2922.789,1358.897,True,False,-60.41911
369.48,FINE,THRUST,80040.667,30.4238062,0.6661035,209.19032,0.12672,False,False,-6.67865,2280.11346,2278.86266,-1.25079,0,0.00839,0.79675,0,0,0.79675,0,0,59.89283,0.7967537,0.01330299,82924.994,78662.028,-2924.994,1337.972,True,False,-56.14676
369.62,FINE,THRUST,80039.804,30.4253606,0.6657675,214.15043,0.12372,False,False,-6.62253,2280.14513,2278.86412,-1.28102,0,0.00859,0.79312,0,0,0.79312,0,0,59.89496,0.7931185,0.01324182,82932.782,78688.227,-2932.782,1311.773,True,False,-51.797
369.78,FINE,THRUST,80038.824,30.4269599,0.6654288,219.42861,0.12069,False,False,-6.54934,2280.19173,2278.86576,-1.32596,0,0.00889,0.7874,0,0,0.7874,0,0,59.89739,0.7874016,0.01314584,82948.056,78724.252,-2948.056,1275.748,True,False,-46.85622
369.92,FINE,THRUST,80037.971,30.4281693,0.6651773,223.49083,0.11845,False,False,-6.47792,2280.24056,2278.8672,-1.37336,0,0.00921,0.78113,0,0,0.78113,0,0,59.8995,0.7811301,0.01304068,82966.554,78760.324,-2966.554,1239.676,True,False,-42.65781
370.06,FINE,THRUST,80037.124,30.4291807,0.66497,226.86581,0.11665,False,False,-6.40078,2280.29515,2278.86862,-1.42653,0,0.00956,0.77387,0,0,0.77387,0,0,59.90159,0.7738728,0.01291907,82988.922,78799.444,-2988.922,1200.556,True,False,-38.6297
370.2,FINE,THRUST,80036.282,30.4299929,0.6648053,229.4748,0.1153,False,False,-6.31903,2280.35334,2278.87004,-1.4833,0,0.00994,0.76582,0,0,0.76582,0,0,59.90366,0.7658196,0.01278419,83013.845,78840.361,-3013.845,1159.639,True,False,-34.80407
370.36,FINE,THRUST,80035.327,30.4306866,0.6646658,231.48361,0.11428,False,False,-6.22119,2280.42151,2278.87164,-1.54986,0,0.01039,0.75585,0,0,0.75585,0,0,59.90601,0.7558547,0.01261734,83043.614,78887.885,-3043.614,1112.115,True,False,-30.77932
370.5,FINE,THRUST,80034.498,30.4310867,0.6645858,232.33636,0.11385,False,False,-6.132,2280.48026,2278.87304,-1.60722,0,0.01078,0.74653,0,0,0.74653,0,0,59.90804,0.7465286,0.01246124,83068.894,78929.225,-3068.894,1070.775,True,False,-27.80998
370.64,FINE,THRUST,80033.673,30.4312871,0.6645457,232.29194,0.11387,False,False,-6.04,2280.53569,2278.87443,-1.66127,0,0.01114,0.73674,0,0,0.73674,0,0,59.91004,0.7367438,0.0122975,83091.396,78969.419,-3091.396,1030.581,True,False,-25.6097
370.78,FINE,THRUST,80032.852,30.4312977,0.6645436,231.3943,0.11431,False,False,-5.94633,2280.58678,2278.87581,-1.71098,0,0.01147,0.72669,0,0,0.72669,0,0,59.91202,0.7266906,0.0121293,83110.433,79007.938,-3110.433,992.062,True,False,-24.33701
370.94,FINE,THRUST,80031.923,30.4310993,0.6645836,229.44549,0.11529,False,False,-5.83896,2280.63923,2278.87737,-1.76186,0,0.01181,0.71515,0,0,0.71515,0,0,59.91424,0.7151479,0.01193619,83127.681,79049.421,-3127.681,950.579,True,False,-24.0251
371.08,FINE,THRUST,80031.117,30.4307658,0.6646514,227.07462,0.11651,False,False,-5.74585,2280.68003,2278.87873,-1.80131,0,0.01208,0.70517,0,0,0.70517,0,0,59.91616,0.7051713,0.0117693,83139.077,79083.386,-3139.077,916.614,True,False,-24.57006
371.22,FINE,THRUST,80030.319,30.430308,0.6647455,224.22934,0.11801,False,False,-5.65466,2280.71629,2278.88007,-1.83622,0,0.01231,0.69548,0,0,0.69548,0,0,59.91806,0.6954806,0.01160719,83147.37,79115.07,-3147.37,884.93,True,False,-25.61067
371.36,FINE,THRUST,80029.532,30.4297495,0.6648617,221.04283,0.11973,False,False,-5.56575,2280.74867,2278.8814,-1.86727,0,0.01252,0.68612,0,0,0.68612,0,0,59.91992,0.6861234,0.01145067,83153.166,79144.671,-3153.166,855.329,True,False,-26.89181
371.52,FINE,THRUST,80028.646,30.4290144,0.6650168,217.13117,0.12192,False,False,-5.46723,2280.78167,2278.8829,-1.89877,0,0.01273,0.67587,0,0,0.67587,0,0,59.92203,0.6758675,0.01127912,83157.379,79176.191,-3157.379,823.809,True,False,-28.39718
371.66,FINE,THRUST,80027.884,30.4283046,0.665169,213.56883,0.12398,False,False,-5.38355,2280.80755,2278.88419,-1.92336,0,0.0129,0.66724,0,0,0.66724,0,0,59.92384,0.6672377,0.01113476,83159.299,79202.006,-3159.299,797.994,True,False,-29.59104
371.8,FINE,THRUST,80027.134,30.4275504,0.6653333,209.96081,0.12615,False,False,-5.30229,2280.83096,2278.88546,-1.9455,0,0.01304,0.65893,0,0,0.65893,0,0,59.92563,0.6589334,0.01099585,83159.833,79226.303,-3159.833,773.697,True,False,-30.57328
371.94,FINE,THRUST,80026.397,30.4267646,0.665507,206.36411,0.12838,False,False,-5.2231,2280.85236,2278.8867,-1.96565,0,0.01318,0.65089,0,0,0.65089,0,0,59.9274,0.6508899,0.01086131,83159.284,79249.331,-3159.284,750.669,True,False,31.28094
372.1,FINE,THRUST,80025.572,30.4258446,0.665714,202.33073,0.13098,False,False,-5.13474,2280.87492,2278.8881,-1.98682,0,0.01332,0.64195,0,0,0.64195,0,0,59.92939,0.6419476,0.01071173,83157.731,79274.373,-3157.731,725.627,True,False,31.70037
372.24,FINE,THRUST,80024.865,30.4250317,0.6658999,198.90686,0.13327,False,False,-5.05878,2280.89349,2278.8893,-2.00419,0,0.01344,0.63425,0,0,0.63425,0,0,59.93112,0.6342538,0.01058305,83155.866,79295.431,-3155.866,704.569,True,False,31.70685
372.38,FINE,THRUST,80024.172,30.4242244,0.6660875,195.61812,0.13555,False,False,-4.9839,2280.91124,2278.89047,-2.02077,0,0.01355,0.62665,0,0,0.62665,0,0,59.93282,0.6266507,0.01045588,83153.743,79315.821,-3153.743,684.179,True,False,31.36006
372.52,FINE,THRUST,80023.492,30.4234309,0.6662747,192.48223,0.1378,False,False,-4.90966,2280.92843,2278.89163,-2.0368,0,0.01366,0.61907,0,0,0.61907,0,0,59.9345,0.6190664,0.01032905,83151.489,79335.71,-3151.489,664.29,True,False,30.65702
372.68,FINE,THRUST,80022.731,30.422552,0.6664853,189.10602,0.14031,False,False,-4.82521,2280.94755,2278.89292,-2.05464,0,0.01378,0.61036,0,0,0.61036,0,0,59.9364,0.610359,0.01018345,83148.825,79357.964,-3148.825,642.036,True,False,29.41232
372.82,FINE,THRUST,80022.079,30.421815,0.6666645,186.34278,0.14243,False,False,-4.75123,2280.96392,2278.89402,-2.0699,0,0.01388,0.60264,0,0,0.60264,0,0,59.93803,0.6026366,0.01005433,83146.398,79377.14,-3146.398,622.86,True,False,27.94557
372.96,FINE,THRUST,80021.44,30.4211178,0.6668364,183.77259,0.14446,False,False,-4.67709,2280.97987,2278.8951,-2.08477,0,0.01398,0.59481,0,0,0.59481,0,0,59.93966,0.5948111,0.0099235,83143.798,79396.039,-3143.798,603.961,True,False,26.13575
373.1,FINE,THRUST,80020.813,30.4204695,0.6669983,181.40733,0.14638,False,False,-4.60243,2280.99525,2278.89616,-2.09909,0,0.01408,0.58683,0,0,0.58683,0,0,59.94125,0.586826,0.00979002,83140.778,79414.716,-3140.778,585.284,True,False,24.03675
373.26,FINE,THRUST,80020.109,30.4198013,0.6671672,178.97154,0.14841,False,False,-4.51621,2281.01182,2278.89736,-2.11446,0,0.01418,0.57747,0,0,0.57747,0,0,59.94305,0.5774749,0.00963373,83136.443,79435.782,-3136.443,564.218,True,False,21.3493
373.4,FINE,THRUST,80019.505,30.4192861,0.6672989,177.07417,0.15003,False,False,-4.43986,2281.02523,2278.89838,-2.12685,0,0.01426,0.56908,0,0,0.56908,0,0,59.9446,0.569081,0.00949345,83131.65,79453.967,-3131.65,546.033,True,False,18.81827
373.54,FINE,THRUST,80018.91,30.4188414,0.6674137,175.39571,0.15149,False,False,-4.36302,2281.03743,2278.89938,-2.13805,0,0.01434,0.56055,0,0,0.56055,0,0,59.94613,0.5605539,0.00935096,83125.784,79471.812,-3125.784,528.188,True,False,16.17694
373.68,FINE,THRUST,80018.324,30.4184682,0.6675109,173.92696,0.15279,False,False,-4.2858,2281.04829,2278.90037,-2.14791,0,0.0144,0.55192,0,0,0.55192,0,0,59.94763,0.5519168,0.00920665,83118.735,79489.28,-3118.735,510.72,True,False,13.48827
373.84,FINE,THRUST,80017.665,30.4181289,0.6676,172.49179,0.15409,False,False,-4.19747,2281.05893,2278.90149,-2.15744,0,0.01447,0.54197,0,0,0.54197,0,0,59.94933,0.5419744,0.00904054,83109.159,79508.698,-3109.159,491.302,True,False,10.42129
373.98,FINE,THRUST,80017.097,30.4179057,0.667659,171.43296,0.15505,False,False,-4.12027,2281.06664,2278.90245,-2.16419,0,0.01451,0.53324,0,0,0.53324,0,0,59.95079,0.5332407,0.00889464,83099.41,79525.185,-3099.41,474.815,True,False,7.80416
374.12,FINE,THRUST,80016.538,30.4177487,0.6677007,170.54515,0.15587,False,False,-4.04369,2281.07279,2278.90339,-2.1694,0,0.01455,0.52456,0,0,0.52456,0,0,59.95222,0.5245636,0.00874969,83088.425,79541.099,-3088.425,458.901,True,False,5.29989
374.26,FINE,THRUST,80015.987,30.4176526,0.6677264,169.81044,0.15655,False,False,-3.96788,2281.07744,2278.90432,-2.17312,0,0.01457,0.51597,0,0,0.51597,0,0,59.95363,0.515965,0.00860607,83076.253,79556.439,-3076.253,443.561,True,False,2.95093
374.42,FINE,THRUST,80015.368,30.4176101,0.6677378,169.13612,0.15718,False,False,-3.88247,2281.08103,2278.90537,-2.17566,0,0.01459,0.50628,0,0,0.50628,0,0,59.95521,0.5062799,0.0084443,83061.044,79573.25,-3061.044,426.75,True,False,0.51143
374.56,FINE,THRUST,80014.836,30.4176245,0.6677339,168.67097,0.15761,False,False,-3.80884,2281.08279,2278.90627,-2.17652,0,0.0146,0.49793,0,0,0.49793,0,0,59.95657,0.4979294,0.00830483,83046.737,79587.37,-3046.737,412.63,True,False,1.42666
374.7,FINE,THRUST,80014.313,30.4176797,0.667719,168.30298,0.15795,False,False,-3.73659,2281.08343,2278.90716,-2.17627,0,0.01459,0.48975,0,0,0.48975,0,0,59.95791,0.4897509,0.00816824,83031.702,79600.905,-3031.702,399.095,True,False,3.09148
374.84,FINE,THRUST,80013.8,30.4177686,0.667695,168.01465,0.15822,False,False,-3.66566,2281.08309,2278.90802,-2.17507,0,0.01459,0.48173,0,0,0.48173,0,0,59.95923,0.4817308,0.00803431,83016.079,79613.91,-3016.079,386.09,True,False,4.50119
375,FINE,THRUST,80013.225,30.4179033,0.6676584,167.76309,0.15844,False,False,-3.58625,2281.08181,2278.909,-2.17281,0,0.01457,0.47276,0,0,0.47276,0,0,59.96071,0.4727602,0.0078845,82997.8,79628.176,-2997.8,371.824,True,False,5.7867
375.14,FINE,THRUST,80012.732,30.4180432,0.6676204,167.5946,0.15859,False,False,-3.51802,2281.08008,2278.90983,-2.17024,0,0.01455,0.46505,0,0,0.46505,0,0,59.96198,0.4650506,0.00775576,82981.569,79640.206,-2981.569,359.794,True,False,6.62097
375.28,FINE,THRUST,80012.249,30.4181968,0.6675786,167.4581,0.15871,False,False,-3.45115,2281.07797,2278.91065,-2.16732,0,0.01453,0.4575,0,0,0.4575,0,0,59.96323,0.4574982,0.00762965,82965.352,79651.815,-2965.352,348.185,True,False,7.19656
375.42,FINE,THRUST,80011.775,30.4183585,0.6675346,167.34058,0.15881,False,False,-3.38545,2281.07567,2278.91146,-2.16421,0,0.01451,0.45007,0,0,0.45007,0,0,59.96446,0.4500729,0.00750566,82949.299,79663.069,-2949.299,336.931,True,False,7.51368
375.58,FINE,THRUST,80011.246,30.4185458,0.6674835,167.21266,0.15892,False,False,-3.31172,2281.07292,2278.91235,-2.16057,0,0.01449,0.44173,0,0,0.44173,0,0,59.96584,0.4417297,0.00736636,82931.267,79675.531,-2931.267,324.469,True,False,7.58365
375.72,FINE,THRUST,80010.793,30.4187067,0.6674396,167.09417,0.15903,False,False,-3.24819,2281.07051,2278.91312,-2.15739,0,0.01447,0.43452,0,0,0.43452,0,0,59.96703,0.4345196,0.00724597,82915.814,79686.142,-2915.814,313.858,True,False,7.41003
375.86,FINE,THRUST,80010.349,30.4188597,0.6673978,166.95783,0.15915,False,False,-3.18571,2281.06819,2278.91387,-2.15432,0,0.01445,0.42742,0,0,0.42742,0,0,59.9682,0.4274181,0.00712741,82900.795,79696.465,-2900.795,303.535,True,False,7.0413
376,FINE,THRUST,80009.914,30.4190013,0.6673591,166.79585,0.15929,False,False,-3.12413,2281.06602,2278.91461,-2.15141,0,0.01443,0.4204,0,0,0.4204,0,0,59.96935,0.420402,0.00701028,82886.246,79706.537,-2886.246,293.463,True,False,6.50175
376.16,FINE,THRUST,80009.427,30.4191454,0.6673196,166.5706,0.1595,False,False,-3.05483,2281.06379,2278.91544,-2.14835,0,0.01441,0.41249,0,0,0.41249,0,0,59.97064,0.4124854,0.00687812,82870.261,79717.755,-2870.261,282.245,True,False,5.71517
376.3,FINE,THRUST,80009.01,30.4192536,0.6672899,166.3333,0.15972,False,False,-2.99498,2281.0621,2278.91614,-2.14596,0,0.01439,0.40562,0,0,0.40562,0,0,59.97175,0.4056239,0.00676358,82856.851,79727.345,-2856.851,272.655,True,False,4.91643
376.44,FINE,THRUST,80008.601,30.4193431,0.6672653,166.05403,0.15998,False,False,-2.93607,2281.06069,2278.91684,-2.14386,0,0.01438,0.39886,0,0,0.39886,0,0,59.97283,0.398857,0.00665063,82844.056,79736.695,-2844.056,263.305,True,False,4.04768
376.58,FINE,THRUST,80008.201,30.4194131,0.6672459,165.73181,0.16029,False,False,-2.878,2281.05961,2278.91751,-2.1421,0,0.01436,0.39217,0,0,0.39217,0,0,59.97391,0.3921709,0.00653903,82831.909,79745.826,-2831.909,254.174,True,False,3.15681
376.74,FINE,THRUST,80007.752,30.4194691,0.6672305,165.31067,0.16069,False,False,-2.81269,2281.0588,2278.91827,-2.14052,0,0.01435,0.38464,0,0,0.38464,0,0,59.97511,0.3846354,0.00641325,82818.847,79755.989,-2818.847,244.011,True,False,2.20472
376.88,FINE,THRUST,80007.368,30.4194968,0.6672228,164.89601,0.16109,False,False,-2.75637,2281.05832,2278.91893,-2.13939,0,0.01435,0.37812,0,0,0.37812,0,0,59.97615,0.3781191,0.00630449,82807.968,79764.649,-2807.968,235.351,True,False,1.60316
377.02,FINE,THRUST,80006.991,30.4195053,0.6672204,164.44076,0.16154,False,False,-2.70103,2281.05807,2278.91956,-2.1385,0,0.01434,0.37171,0,0,0.37171,0,0,59.97717,0.3717104,0.00619753,82797.645,79773.057,-2797.645,226.943,True,False,1.50102
377.16,FINE,THRUST,80006.621,30.4194962,0.667223,163.94853,0.16202,False,False,-2.64659,2281.05802,2278.92019,-2.13783,0,0.01434,0.3654,0,0,0.3654,0,0,59.97816,0.3653974,0.00609217,82787.841,79781.228,-2787.841,218.772,True,False,1.91225
377.32,FINE,THRUST,80006.208,30.419466,0.6672314,163.34623,0.16262,False,False,-2.58551,2281.05818,2278.92089,-2.13729,0,0.01433,0.3583,0,0,0.3583,0,0,59.97929,0.3583047,0.00597381,82777.23,79790.27,-2777.23,209.73,True,False,2.62173
377.46,FINE,THRUST,80005.853,30.4194246,0.6672431,162.78978,0.16318,False,False,-2.53293,2281.05847,2278.92149,-2.13698,0,0.01433,0.35219,0,0,0.35219,0,0,59.98025,0.3521874,0.00587172,82768.399,79797.94,-2768.399,202.06,True,False,3.24626
377.6,FINE,THRUST,80005.506,30.4193714,0.6672581,162.21169,0.16377,False,False,-2.48135,2281.05887,2278.92208,-2.13678,0,0.01433,0.34618,0,0,0.34618,0,0,59.9812,0.3461823,0.00577151,82759.982,79805.357,-2759.982,194.643,True,False,3.80628
377.74,FINE,THRUST,80005.167,30.4193088,0.6672758,161.61726,0.16437,False,False,-2.43066,2281.05934,2278.92266,-2.13668,0,0.01433,0.34027,0,0,0.34027,0,0,59.98213,0.3402741,0.00567293,82751.924,79812.538,-2751.924,187.462,True,False,4.27082
377.9,FINE,THRUST,80004.787,30.4192287,0.6672985,160.92484,0.16509,False,False,-2.37382,2281.05994,2278.9233,-2.13664,0,0.01433,0.33364,0,0,0.33364,0,0,59.98317,0.3336399,0.00556222,82743.11,79820.458,-2743.11,179.542,True,False,4.66716
378.04,FINE,THRUST,80004.462,30.4191535,0.66732,160.31297,0.16572,False,False,-2.32489,2281.06048,2278.92385,-2.13663,0,0.01433,0.32792,0,0,0.32792,0,0,59.98407,0.3279167,0.00546673,82735.686,79827.159,-2735.686,172.841,True,False,4.88888
378.18,FINE,THRUST,80004.144,30.419076,0.6673422,159.70109,0.16636,False,False,-2.27688,2281.06103,2278.92439,-2.13664,0,0.01433,0.32229,0,0,0.32229,0,0,59.98495,0.3222944,0.00537292,82728.527,79833.627,-2728.527,166.373,True,False,4.99398
378.32,FINE,THRUST,80003.833,30.4189983,0.6673646,159.0933,0.167,False,False,-2.22966,2281.06157,2278.92492,-2.13665,0,0.01433,0.31676,0,0,0.31676,0,0,59.98582,0.3167564,0.00528052,82721.593,79839.881,-2721.593,160.119,True,False,4.98373
378.48,FINE,THRUST,80003.485,30.4189114,0.6673897,158.40861,0.16773,False,False,-2.17666,2281.06213,2278.92551,-2.13662,0,0.01433,0.31053,0,0,0.31053,0,0,59.98679,0.310529,0.00517662,82713.904,79846.771,-2713.904,153.229,True,False,4.84183
378.62,FINE,THRUST,80003.188,30.418839,0.6674107,157.82159,0.16836,False,False,-2.131,2281.06259,2278.92601,-2.13658,0,0.01433,0.30515,0,0,0.30515,0,0,59.98763,0.3051487,0.00508686,82707.371,79852.598,-2707.371,147.402,True,False,4.61246
378.76,FINE,THRUST,80002.897,30.4187715,0.6674304,157.24919,0.16898,False,False,-2.08614,2281.06301,2278.92651,-2.13651,0,0.01433,0.29986,0,0,0.29986,0,0,59.98845,0.2998564,0.00499857,82701.021,79858.219,-2701.021,141.781,True,False,4.29649
378.9,FINE,THRUST,80002.613,30.41871,0.6674483,156.69324,0.16958,False,False,-2.042,2281.06339,2278.92699,-2.1364,0,0.01433,0.29464,0,0,0.29464,0,0,59.98926,0.2946382,0.00491152,82694.829,79863.651,-2694.829,136.349,True,False,3.90989
379.06,FINE,THRUST,80002.295,30.4186484,0.6674664,156.07997,0.17025,False,False,-1.99243,2281.06375,2278.92753,-2.13623,0,0.01433,0.28877,0,0,0.28877,0,0,59.99016,0.2887659,0.00481355,82687.941,79869.633,-2687.941,130.367,True,False,3.40015
379.2,FINE,THRUST,80002.023,30.4186025,0.6674799,155.56354,0.17082,False,False,-1.9497,2281.06402,2278.92799,-2.13603,0,0.01432,0.28369,0,0,0.28369,0,0,59.99094,0.2836908,0.00472889,82682.061,79874.687,-2682.061,125.313,True,False,2.91237
379.34,FINE,THRUST,80001.757,30.4185648,0.6674911,155.06678,0.17137,False,False,-1.90772,2281.06425,2278.92844,-2.13581,0,0.01432,0.2787,0,0,0.2787,0,0,59.9917,0.2786991,0.00464563,82676.338,79879.558,-2676.338,120.442,True,False,2.41096
379.48,FINE,THRUST,80001.497,30.4185352,0.6674999,154.58948,0.1719,False,False,-1.86643,2281.06444,2278.92888,-2.13556,0,0.01432,0.27378,0,0,0.27378,0,0,59.99245,0.2737791,0.00456356,82670.763,79884.259,-2670.763,115.741,True,False,1.91831
379.64,FINE,THRUST,80001.207,30.4185115,0.6675069,154.06727,0.17249,False,False,-1.82007,2281.06462,2278.92937,-2.13524,0,0.01432,0.26825,0,0,0.26825,0,0,59.99329,0.2682461,0.00447127,82664.576,79889.43,-2664.576,110.57,True,False,1.4225
379.78,FINE,THRUST,80000.958,30.4184991,0.6675106,153.62974,0.17298,False,False,-1.78014,2281.06474,2278.9298,-2.13494,0,0.01432,0.26347,0,0,0.26347,0,0,59.99402,0.2634685,0.00439158,82659.314,79893.791,-2659.314,106.209,True,False,1.1332
379.92,FINE,THRUST,80000.715,30.4184942,0.6675121,153.20926,0.17346,False,False,-1.74094,2281.06484,2278.93021,-2.13463,0,0.01431,0.25877,0,0,0.25877,0,0,59.99473,0.2587737,0.00431327,82654.215,79897.989,-2654.215,102.011,True,False,1.07918
380.06,FINE,THRUST,80000.478,30.4184962,0.6675115,152.80445,0.17392,False,False,-1.70241,2281.06493,2278.93061,-2.13432,0,0.01431,0.25415,0,0,0.25415,0,0,59.99542,0.2541505,0.00423616,82649.27,79902.035,-2649.27,97.965,True,False,1.25701
380.22,FINE,THRUST,80000.212,30.4185061,0.6675085,152.35903,0.17442,False,False,-1.65918,2281.06501,2278.93106,-2.13395,0,0.01431,0.24896,0,0,0.24896,0,0,59.9962,0.248956,0.00414953,82643.812,79906.476,-2643.812,93.524,True,False,1.59781
380.36,FINE,THRUST,79999.986,30.4185205,0.6675042,151.98261,0.17485,False,False,-1.62198,2281.06507,2278.93145,-2.13363,0,0.01431,0.24447,0,0,0.24447,0,0,59.99687,0.2444739,0.00407478,82639.195,79910.217,-2639.195,89.783,True,False,1.91879
380.5,FINE,THRUST,79999.764,30.4185395,0.6674984,151.61674,0.17527,False,False,-1.58547,2281.06514,2278.93182,-2.13331,0,0.01431,0.24007,0,0,0.24007,0,0,59.99753,0.2400717,0.00400136,82634.744,79913.813,-2634.744,86.187,True,False,2.21916
380.64,FINE,THRUST,79999.548,30.4185622,0.6674915,151.25975,0.17569,False,False,-1.54961,2281.0652,2278.93219,-2.13301,0,0.0143,0.23574,0,0,0.23574,0,0,59.99817,0.2357381,0.00392909,82630.451,79917.273,-2630.451,82.727,True,False,2.47417
380.8,FINE,THRUST,79999.307,30.4185916,0.6674825,150.86044,0.17615,False,False,-1.50938,2281.06528,2278.9326,-2.13268,0,0.0143,0.23087,0,0,0.23087,0,0,59.9989,0.2308695,0.0038479,82625.737,79921.068,-2625.737,78.932,True,False,2.70348
380.94,FINE,THRUST,79999.101,30.4186196,0.667474,150.51693,0.17655,False,False,-1.47477,2281.06535,2278.93295,-2.13241,0,0.0143,0.22667,0,0,0.22667,0,0,59.99952,0.2266684,0.00377784,82621.77,79924.261,-2621.77,75.739,True,False,2.84538
381.08,FINE,THRUST,79998.9,30.4186486,0.6674651,150.17707,0.17695,False,False,-1.44081,2281.06544,2278.93329,-2.13215,0,0.0143,0.22254,0,0,0.22254,0,0,60.00013,0.2225414,0.00370902,82617.962,79927.327,-2617.962,72.673,True,False,2.92437
381.22,FINE,THRUST,79998.703,30.4186781,0.667456,149.83953,0.17734,False,False,-1.40743,2281.06554,2278.93362,-2.13191,0,0.0143,0.21848,0,0,0.21848,0,0,60.00073,0.2184774,0.00364125,82614.304,79930.275,-2614.304,69.725,True,False,2.94519
381.38,FINE,THRUST,79998.484,30.4187113,0.6674458,149.45495,0.1778,False,False,-1.37,2281.06566,2278.934,-2.13166,0,0.01429,0.21391,0,0,0.21391,0,0,60.0014,0.2139101,0.00356509,82610.303,79933.505,-2610.303,66.495,True,False,2.89921
381.52,FINE,THRUST,79998.298,30.4187395,0.6674371,149.11833,0.17819,False,False,-1.33778,2281.06578,2278.93431,-2.13146,0,0.01429,0.20997,0,0,0.20997,0,0,60.00198,0.2099674,0.00349934,82606.949,79936.22,-2606.949,63.78,True,False,2.80647
381.66,FINE,THRUST,79998.116,30.4187661,0.6674288,148.78039,0.1786,False,False,-1.30618,2281.06591,2278.93462,-2.13129,0,0.01429,0.20609,0,0,0.20609,0,0,60.00254,0.206093,0.00343474,82603.739,79938.824,-2603.739,61.176,True,False,2.66765
381.8,FINE,THRUST,79997.938,30.4187907,0.6674212,148.44046,0.179,False,False,-1.27511,2281.06605,2278.93492,-2.13113,0,0.01429,0.20228,0,0,0.20228,0,0,60.0031,0.2022768,0.00337111,82600.664,79941.326,-2600.664,58.674,True,False,2.48566
381.96,FINE,THRUST,79997.74,30.4188161,0.6674133,148.04875,0.17948,False,False,-1.24026,2281.06623,2278.93526,-2.13097,0,0.01429,0.19799,0,0,0.19799,0,0,60.00372,0.1979871,0.00329958,82597.311,79944.064,-2597.311,55.936,True,False,2.23804
382.1,FINE,THRUST,79997.571,30.4188355,0.6674072,147.70279,0.17989,False,False,-1.21027,2281.0664,2278.93555,-2.13085,0,0.01429,0.19428,0,0,0.19428,0,0,60.00425,0.1942838,0.00323783,82594.506,79946.363,-2594.506,53.637,True,False,1.99718
382.24,FINE,THRUST,79997.407,30.4188522,0.6674019,147.35344,0.18032,False,False,-1.18084,2281.06658,2278.93583,-2.13075,0,0.01429,0.19064,0,0,0.19064,0,0,60.00478,0.1906448,0.00317716,82591.828,79948.566,-2591.828,51.434,True,False,1.7404
382.38,FINE,THRUST,79997.246,30.418866,0.6673976,147.00064,0.18075,False,False,-1.15192,2281.06677,2278.9361,-2.13067,0,0.01429,0.18706,0,0,0.18706,0,0,60.00529,0.1870609,0.00311741,82589.268,79950.679,-2589.268,49.321,True,False,1.4752
382.54,FINE,THRUST,79997.067,30.4188784,0.6673937,146.5933,0.18125,False,False,-1.1195,2281.06699,2278.9364,-2.13059,0,0.01429,0.18303,0,0,0.18303,0,0,60.00586,0.1830333,0.00305026,82586.481,79952.988,-2586.481,47.012,True,False,1.17928
382.68,FINE,THRUST,79996.915,30.4188862,0.6673912,146.23348,0.1817,False,False,-1.09159,2281.0672,2278.93666,-2.13053,0,0.01429,0.17956,0,0,0.17956,0,0,60.00636,0.1795572,0.0029923,82584.154,79954.924,-2584.154,45.076,True,False,0.942
382.82,FINE,THRUST,79996.767,30.4188913,0.6673896,145.87071,0.18215,False,False,-1.06423,2281.06741,2278.93691,-2.13049,0,0.01429,0.17614,0,0,0.17614,0,0,60.00684,0.1761425,0.00293537,82581.935,79956.775,-2581.935,43.225,True,False,0.7439
382.96,FINE,THRUST,79996.622,30.418894,0.6673888,145.5054,0.18261,False,False,-1.03734,2281.06762,2278.93716,-2.13046,0,0.01429,0.17278,0,0,0.17278,0,0,60.00732,0.1727805,0.00287932,82579.817,79958.549,-2579.817,41.451,True,False,0.61502
383.12,FINE,THRUST,79996.461,30.4188943,0.6673887,145.08535,0.18313,False,False,-1.0072,2281.06788,2278.93743,-2.13044,0,0.01429,0.169,0,0,0.169,0,0,60.00785,0.1690035,0.00281636,82577.513,79960.484,-2577.513,39.516,True,False,0.58503
383.26,FINE,THRUST,79996.324,30.4188925,0.6673892,144.71611,0.1836,False,False,-0.98128,2281.0681,2278.93767,-2.13043,0,0.01429,0.16574,0,0,0.16574,0,0,60.0083,0.1657446,0.00276203,82575.592,79962.103,-2575.592,37.897,True,False,0.64858
383.4,FINE,THRUST,79996.191,30.418889,0.6673904,144.34585,0.18407,False,False,-0.95586,2281.06833,2278.93789,-2.13043,0,0.01429,0.16254,0,0,0.16254,0,0,60.00875,0.1625439,0.00270867,82573.761,79963.649,-2573.761,36.351,True,False,0.75026
383.54,FINE,THRUST,79996.061,30.4188841,0.667392,143.9751,0.18455,False,False,-0.93089,2281.06856,2278.93812,-2.13044,0,0.01429,0.15939,0,0,0.15939,0,0,60.00918,0.1593931,0.00265615,82572.014,79965.128,-2572.014,34.872,True,False,0.85724
383.7,FINE,THRUST,79995.917,30.4188771,0.6673942,143.55147,0.18509,False,False,-0.90291,2281.06882,2278.93836,-2.13046,0,0.01429,0.15585,0,0,0.15585,0,0,60.00968,0.1558538,0.00259714,82570.115,79966.738,-2570.115,33.262,True,False,0.96204
383.84,FINE,THRUST,79995.794,30.4188702,0.6673964,143.18142,0.18557,False,False,-0.87885,2281.06904,2278.93857,-2.13047,0,0.01429,0.1528,0,0,0.1528,0,0,60.0101,0.1528002,0.00254624,82568.531,79968.084,-2568.531,31.916,True,False,1.03094
383.96,FINE,THRUST,79995.675,30.4188628,0.6673988,142.8125,0.18605,False,False,-0.85526,2281.06927,2278.93877,-2.1305,0,0.01429,0.1498,0,0,0.1498,0,0,60.01051,0.1498011,0.00249625,82567.022,79969.367,-2567.022,30.633,True,False,1.07358
384.12,FINE,THRUST,79995.551,30.4188552,0.6674013,142.44517,0.18653,False,False,-0.83209,2281.06951,2278.93898,-2.13053,0,0.01429,0.14687,0,0,0.14687,0,0,60.01091,0.146874,0.00244745,82565.584,79970.588,-2565.584,29.412,True,False,1.08889
384.28,FINE,THRUST,79995.422,30.4188466,0.6674041,142.02777,0.18708,False,False,-0.80613,2281.06977,2278.9392,-2.13057,0,0.01429,0.14358,0,0,0.14358,0,0,60.01136,0.1435824,0.00239259,82564.021,79971.917,-2564.021,28.083,True,False,1.07414
384.42,FINE,THRUST,79995.313,30.4188393,0.6674065,141.66497,0.18756,False,False,-0.7838,2281.06999,2278.93939,-2.1306,0,0.01429,0.14072,0,0,0.14072,0,0,60.01175,0.1407204,0.00234488,82562.716,79973.028,-2562.716,26.972,True,False,1.03526
384.56,FINE,THRUST,79995.207,30.4188324,0.6674087,141.30481,0.18804,False,False,-0.76191,2281.0702,2278.93957,-2.13064,0,0.01429,0.13791,0,0,0.13791,0,0,60.01213,0.137909,0.00229802,82561.474,79974.086,-2561.474,25.914,True,False,0.9751
384.7,FINE,THRUST,79995.103,30.4188261,0.6674108,140.94748,0.18852,False,False,-0.74042,2281.07042,2278.93975,-2.13067,0,0.01429,0.13514,0,0,0.13514,0,0,60.0125,0.1351415,0.00225189,82560.289,79975.095,-2560.289,24.905,True,False,0.89453
384.86,FINE,THRUST,79994.989,30.4188199,0.6674129,140.5428,0.18906,False,False,-0.71634,2281.07065,2278.93994,-2.13071,0,0.01429,0.13203,0,0,0.13203,0,0,60.01291,0.1320327,0.00220007,82559.002,79976.19,-2559.002,23.81,True,False,0.78663
385,FINE,THRUST,79994.892,30.4188152,0.6674144,140.19203,0.18953,False,False,-0.69563,2281.07086,2278.94011,-2.13075,0,0.01429,0.12935,0,0,0.12935,0,0,60.01327,0.1293506,0.00215537,82557.929,79977.102,-2557.929,22.898,True,False,0.6811
385.14,FINE,THRUST,79994.798,30.4188114,0.6674156,139.84446,0.19001,False,False,-0.67534,2281.07105,2278.94027,-2.13079,0,0.01429,0.12672,0,0,0.12672,0,0,60.01362,0.1267166,0.00211146,82556.909,79977.968,-2556.909,22.032,True,False,0.57461
385.28,FINE,THRUST,79994.707,30.4188085,0.6674166,139.50009,0.19048,False,False,-0.65542,2281.07125,2278.94042,-2.13083,0,0.01429,0.12412,0,0,0.12412,0,0,60.01396,0.124124,0.00206825,82555.936,79978.792,-2555.936,21.208,True,False,0.47249
385.44,FINE,THRUST,79994.598,30.4188063,0.6674173,139.1104,0.19101,False,False,-0.63311,2281.07147,2278.9406,-2.13087,0,0.01429,0.12123,0,0,0.12123,0,0,60.01434,0.1212287,0.00202,82554.882,79979.683,-2554.882,20.317,True,False,0.38142
385.58,FINE,THRUST,79994.512,30.4188053,0.6674176,138.77274,0.19147,False,False,-0.61393,2281.07167,2278.94075,-2.13091,0,0.01429,0.11875,0,0,0.11875,0,0,60.01467,0.1187501,0.00197868,82554.005,79980.419,-2554.005,19.581,True,False,0.34283
385.72,FINE,THRUST,79994.429,30.4188051,0.6674177,138.43802,0.19194,False,False,-0.59513,2281.07185,2278.94089,-2.13095,0,0.01429,0.11628,0,0,0.11628,0,0,60.01499,0.116283,0.00193757,82553.17,79981.123,-2553.17,18.877,True,False,0.35447
385.86,FINE,THRUST,79994.349,30.4188057,0.6674175,138.10614,0.1924,False,False,-0.57668,2281.07202,2278.94103,-2.13099,0,0.01429,0.11385,0,0,0.11385,0,0,60.0153,0.1138543,0.00189709,82552.375,79981.791,-2552.375,18.209,True,False,0.40523
386.02,FINE,THRUST,79994.26,30.4188071,0.667417,137.73015,0.19292,False,False,-0.55602,2281.07221,2278.94118,-2.13103,0,0.01429,0.11113,0,0,0.11113,0,0,60.01565,0.1111269,0.00185163,82551.514,79982.514,-2551.514,17.486,True,False,0.48645
386.16,FINE,THRUST,79994.185,30.418809,0.6674164,137.40388,0.19338,False,False,-0.53826,2281.07237,2278.94131,-2.13106,0,0.01429,0.10877,0,0,0.10877,0,0,60.01595,0.1087744,0.00181243,82550.799,79983.112,-2550.799,16.888,True,False,0.56442
386.3,FINE,THRUST,79994.112,30.4188115,0.6674155,137.07996,0.19384,False,False,-0.52086,2281.07253,2278.94144,-2.1311,0,0.01429,0.10646,0,0,0.10646,0,0,60.01625,0.1064647,0.00177393,82550.121,79983.678,-2550.121,16.322,True,False,0.63596
386.44,FINE,THRUST,79994.042,30.4188143,0.6674146,136.75822,0.19429,False,False,-0.50379,2281.07269,2278.94156,-2.13113,0,0.01429,0.10419,0,0,0.10419,0,0,60.01653,0.1041918,0.00173605,82549.477,79984.215,-2549.477,15.785,True,False,0.69613
386.6,FINE,THRUST,79993.965,30.4188179,0.6674133,136.39298,0.19481,False,False,-0.48469,2281.07286,2278.94169,-2.13117,0,0.01429,0.10164,0,0,0.10164,0,0,60.01685,0.1016395,0.00169352,82548.782,79984.793,-2548.782,15.207,True,False,0.75185
386.74,FINE,THRUST,79993.899,30.4188213,0.6674122,136.07538,0.19527,False,False,-0.46827,2281.073,2278.9418,-2.1312,0,0.01429,0.09944,0,0,0.09944,0,0,60.01713,0.0994383,0.00165683,82548.206,79985.271,-2548.206,14.729,True,False,0.78523
386.88,FINE,THRUST,79993.836,30.4188247,0.667411,135.75944,0.19572,False,False,-0.45219,2281.07314,2278.94191,-2.13124,0,0.01429,0.09728,0,0,0.09728,0,0,60.01739,0.0972773,0.00162082,82547.662,79985.722,-2547.662,14.278,True,False,0.80301
387.02,FINE,THRUST,79993.776,30.4188282,0.6674098,135.44503,0.19618,False,False,-0.43642,2281.07328,2278.94201,-2.13127,0,0.01429,0.09515,0,0,0.09515,0,0,60.01766,0.0951508,0.00158538,82547.147,79986.148,-2547.147,13.852,True,False,0.80852
387.18,FINE,THRUST,79993.709,30.4188322,0.6674084,135.08743,0.1967,False,False,-0.41877,2281.07343,2278.94213,-2.13131,0,0.01429,0.09276,0,0,0.09276,0,0,60.01795,0.0927631,0.00154559,82546.593,79986.606,-2546.593,13.394,True,False,0.79467
387.32,FINE,THRUST,79993.652,30.4188355,0.6674073,134.7759,0.19715,False,False,-0.4036,2281.07356,2278.94222,-2.13134,0,0.01429,0.0907,0,0,0.0907,0,0,60.0182,0.0907039,0.00151127,82546.135,79986.983,-2546.135,13.017,True,False,0.77003
387.46,FINE,THRUST,79993.598,30.4188387,0.6674062,134.46555,0.1976,False,False,-0.38876,2281.07368,2278.94231,-2.13137,0,0.01429,0.08868,0,0,0.08868,0,0,60.01844,0.0886825,0.00147759,82545.705,79987.338,-2545.705,12.662,True,False,0.7323
387.6,FINE,THRUST,79993.546,30.4188415,0.6674052,134.15629,0.19806,False,False,-0.3742,2281.07381,2278.9424,-2.1314,0,0.01429,0.08669,0,0,0.08669,0,0,60.01868,0.0866936,0.00144444,82545.3,79987.672,-2545.3,12.328,True,False,0.68582
387.76,FINE,THRUST,79993.489,30.4188445,0.6674041,133.80411,0.19858,False,False,-0.35791,2281.07394,2278.9425,-2.13144,0,0.01429,0.08446,0,0,0.08446,0,0,60.01895,0.0844605,0.00140723,82544.865,79988.03,-2544.865,11.97,True,False,0.6195
387.9,FINE,THRUST,79993.441,30.4188468,0.6674033,133.49702,0.19904,False,False,-0.34391,2281.07405,2278.94258,-2.13147,0,0.01429,0.08253,0,0,0.08253,0,0,60.01918,0.0825349,0.00137514,82544.509,79988.323,-2544.509,11.677,True,False,0.55647
388.04,FINE,THRUST,79993.395,30.4188488,0.6674026,133.19087,0.19949,False,False,-0.33022,2281.07416,2278.94266,-2.1315,0,0.01429,0.08064,0,0,0.08064,0,0,60.0194,0.0806448,0.00134365,82544.174,79988.599,-2544.174,11.401,True,False,0.48832
388.18,FINE,THRUST,79993.351,30.4188504,0.6674021,132.88566,0.19995,False,False,-0.31679,2281.07427,2278.94274,-2.13153,0,0.01429,0.07879,0,0,0.07879,0,0,60.01962,0.0787853,0.00131266,82543.86,79988.857,-2543.86,11.143,True,False,0.41915
388.34,FINE,THRUST,79993.303,30.4188518,0.6674015,132.53799,0.20048,True,False,-0.30177,2281.07439,2278.94282,-2.13157,0,0.01429,0.0767,8,0,0.0767,8,0,60.01986,8.0003677,0.13329534,82543.525,79989.132,-2543.525,10.868,True,False,89.17228
388.5,FINE,THRUST,79993.346,30.4188872,0.667389,132.24199,0.20092,True,False,0.18627,2281.07267,2278.94287,-2.1298,0,0.01428,-0.0012,8,0,-0.0012,8,0,60.03829,8.0000001,0.13324831,82539.392,79991.073,-2539.392,8.927,True,False,89.79336
388.66,FINE,THRUST,79993.592,30.4187542,0.6674364,131.70028,0.20176,True,False,1.46291,2281.05512,2278.94263,-2.11249,0,0.01417,-0.20627,8,0,-0.20627,8,0,60.06279,8.0026588,0.13323821,82591.567,79918.988,-2591.567,81.012,True,False,90.95106
388.82,FINE,THRUST,79994.043,30.4180974,0.6676721,130.4087,0.20383,True,False,2.73841,2281.00705,2278.94204,-2.06501,0,0.01385,-0.41226,8,0,-0.41226,8,0,60.08731,8.0106155,0.13331627,82709.177,79746.556,-2709.177,253.444,True,False,91.52319
388.98,FINE,THRUST,79994.696,30.4175186,0.6678817,129.2535,0.20571,True,False,4.01499,2280.96518,2278.94112,-2.02407,0,0.01357,-0.61978,8,0,-0.61978,8,0,60.11185,8.0239717,0.13348402,82909.686,79500.337,-2909.686,499.663,True,False,91.48274
389.14,FINE,THRUST,79995.552,30.4173736,0.6679345,128.72076,0.20658,True,False,5.29421,2280.95126,2278.93985,-2.01141,0,0.01349,-0.82919,8,0,-0.82919,8,0,60.13645,8.0428578,0.13374348,83188.082,79211.417,-3188.082,788.583,True,False,90.81893
389.3,FINE,THRUST,79996.607,30.4179137,0.6677373,129.14613,0.20584,True,False,6.57505,2280.98069,2278.93825,-2.04244,0,0.0137,-1.04045,8,0,-1.04045,8,0,60.1611,8.0673751,0.13409619,83536.414,78906.234,-3536.414,1093.766,True,False,89.52013
389.46,FINE,THRUST,79997.858,30.4193638,0.6672117,130.87865,0.20296,True,False,7.8535,2281.06735,2278.93632,-2.13103,0,0.01429,-1.25298,8,0,-1.25298,8,0,60.18584,8.0975284,0.13454208,83951.002,78605.083,-3951.002,1394.917,True,False,87.57137
389.6,FINE,THRUST,79999.301,30.4219386,0.6662955,134.37396,0.19742,False,False,9.1216,2281.22565,2278.93406,-2.29159,0,0.01537,-1.46558,0,0,-1.46558,0,0,60.21068,1.4655804,0.02434087,84433.055,78324.058,-4433.055,1675.942,True,False,158.88117
389.76,FINE,THRUST,80000.655,30.4243999,0.6654412,137.95522,0.19206,False,False,9.95708,2281.38854,2278.93184,-2.4567,0,0.01648,-1.60883,0,0,-1.60883,0,0,60.21972,1.6088296,0.02671599,84804.198,78157.977,-4804.198,1842.023,True,False,153.58458
389.9,FINE,THRUST,80002.032,30.4252252,0.665159,138.98114,0.19057,False,False,10.15542,2281.4379,2278.92956,-2.50835,0,0.01682,-1.64965,0,0,-1.64965,0,0,60.22393,1.6496452,0.02739186,84904.341,78123.768,-4904.341,1876.232,True,False,147.78531
390.04,FINE,THRUST,80003.425,30.4263469,0.6647786,140.52925,0.18837,False,False,10.36035,2281.50253,2278.92724,-2.5753,0,0.01727,-1.69174,0,0,-1.69174,0,0,60.22833,1.691742,0.02808881,85019.665,78092.907,-5019.665,1907.093,True,False,141.5047
390.2,FINE,THRUST,80005.031,30.4279703,0.6642351,142.95184,0.18503,False,False,10.58548,2281.59693,2278.92456,-2.67237,0,0.01792,-1.73865,0,0,-1.73865,0,0,60.23349,1.7386463,0.02886511,85167.089,78066.788,-5167.089,1933.212,True,False,133.78852
390.34,FINE,THRUST,80006.448,30.4296979,0.6636662,145.71886,0.18137,False,False,10.76878,2281.69855,2278.92219,-2.77635,0,0.01862,-1.7777,0,0,-1.7777,0,0,60.23813,1.7777036,0.02951127,85309.324,78053.616,-5309.324,1946.384,True,False,126.6052
390.48,FINE,THRUST,80007.872,30.4317236,0.6630119,149.19073,0.17699,False,False,10.93511,2281.81803,2278.91981,-2.89822,0,0.01944,-1.81422,0,0,-1.81422,0,0,60.24288,1.8142202,0.0301151,85463.177,78050.342,-5463.177,1949.658,True,False,119.04659
390.62,FINE,THRUST,80009.301,30.4340346,0.6622828,153.44562,0.1719,False,False,11.07885,2281.95366,2278.91742,-3.03624,0,0.02036,-1.84728,0,0,-1.84728,0,0,60.24773,1.847275,0.03066132,85625.992,78057.506,-5625.992,1942.494,True,False,111.13474
390.78,FINE,THRUST,80010.937,30.4369989,0.6613753,159.38027,0.16528,False,False,11.20895,2282.12536,2278.91468,-3.21068,0,0.02154,-1.87973,0,0,-1.87973,0,0,60.25337,1.8797251,0.03119701,85819.133,78078.665,-5819.133,1921.335,True,False,101.68101
390.92,FINE,THRUST,80012.368,30.4398286,0.6605383,165.5849,0.1589,False,False,11.28721,2282.28605,2278.91228,-3.37377,0,0.02263,-1.90251,0,0,-1.90251,0,0,60.2584,1.9025065,0.03157247,85989.59,78108.21,-5989.59,1891.79,True,False,93.06522
391.06,FINE,THRUST,80013.798,30.442835,0.659681,172.81934,0.15206,False,False,11.32809,2282.45261,2278.90989,-3.54272,0,0.02376,-1.91934,0,0,-1.91934,0,0,60.2635,1.9193389,0.03184911,86157.239,78147.504,-6157.239,1852.496,True,False,84.14105
391.2,FINE,THRUST,80015.223,30.4459475,0.6588283,181.09294,0.14494,False,False,11.32815,2282.61968,2278.90749,-3.71219,0,0.0249,-1.92962,0,0,-1.92962,0,0,60.26865,1.9296234,0.03201703,86316.645,78195.504,-6316.645,1804.496,True,False,74.9226
391.36,FINE,THRUST,80016.846,30.4495341,0.65789,191.76259,0.13669,False,False,11.27546,2282.80377,2278.90477,-3.899,0,0.02616,-1.93286,0,0,-1.93286,0,0,60.27457,1.9328563,0.03206752,86481.39,78259.308,-6481.39,1740.692,True,False,64.11305
391.5,FINE,THRUST,80018.262,30.4526057,0.6571245,202.01805,0.12961,False,False,11.18033,2282.94914,2278.90239,-4.04675,0,0.02715,-1.9277,0,0,-1.9277,0,0,60.27976,1.9277034,0.03197928,86600.498,78321.018,-6600.498,1678.982,True,False,54.59964
391.64,FINE,THRUST,80019.675,30.4555038,0.6564343,212.78121,0.12293,False,False,11.04071,2283.07178,2278.90002,-4.17175,0,0.02799,-1.91526,0,0,-1.91526,0,0,60.28495,1.9152567,0.03177006,86688.676,78385.993,-6688.676,1614.007,True,False,45.20462
391.78,FINE,THRUST,80021.084,30.4581111,0.65584,223.46848,0.11695,False,False,10.86207,2283.16592,2278.89766,-4.26826,0,0.02863,-1.89635,0,0,-1.89635,0,0,60.29011,1.8963535,0.03145381,86741.378,78451.851,-6741.378,1548.149,True,False,36.09925
391.94,FINE,THRUST,80022.687,30.4605813,0.6553,234.50084,0.11136,False,False,10.62068,2283.23829,2278.89496,-4.34333,0,0.02914,-1.86852,0,0,-1.86852,0,0,60.29596,1.8685183,0.03098911,86759.834,78526.158,-6759.834,1473.842,True,False,26.33732
392.08,FINE,THRUST,80024.08,30.4621794,0.6549624,241.99642,0.10786,False,False,10.38621,2283.27534,2278.89262,-4.38272,0,0.0294,-1.84022,0,0,-1.84022,0,0,60.30101,1.8402222,0.03051727,86745.669,78589.589,-6745.669,1410.411,True,False,18.6082
392.22,FINE,THRUST,80025.462,30.4632968,0.6547315,247.21395,0.10554,False,False,10.14154,2283.28832,2278.89029,-4.39803,0,0.02951,-1.81007,0,0,-1.81007,0,0,60.30598,1.8100671,0.03001472,86705.991,78649.374,-6705.991,1350.626,True,False,12.09073
392.36,FINE,THRUST,80026.828,30.4639813,0.6545919,250.09229,0.10431,False,False,9.8938,2283.27856,2278.88799,-4.39057,0,0.02946,-1.77918,0,0,-1.77918,0,0,60.31088,1.7791799,0.02950015,86643.404,78704.526,-6643.404,1295.474,True,False,8.34751
392.52,FINE,THRUST,80028.367,30.4642831,0.6545308,250.58846,0.10409,False,False,9.61386,2283.24207,2278.88539,-4.35667,0,0.02923,-1.74409,0,0,-1.74409,0,0,60.31637,1.7440884,0.02891567,86547.55,78761.235,-6547.55,1238.765,True,False,10.26166
392.66,FINE,THRUST,80029.691,30.4641727,0.6545532,248.81407,0.10483,False,False,9.37554,2283.19038,2278.88315,-4.30723,0,0.0289,-1.71418,0,0,-1.71418,0,0,60.32109,1.7141774,0.02841755,86445.427,78805.229,-6445.427,1194.771,True,False,14.87625
392.8,FINE,THRUST,80030.992,30.463758,0.6546384,245.32145,0.10633,False,False,9.14723,2283.12284,2278.88095,-4.24189,0,0.02846,-1.68562,0,0,-1.68562,0,0,60.32572,1.6856226,0.02794202,86329.554,78843.82,-6329.554,1156.18,True,False,-19.92281
392.94,FINE,THRUST,80032.271,30.4630825,0.6547793,240.49287,0.10849,False,False,8.93026,2283.04159,2278.87878,-4.1628,0,0.02793,-1.65864,0,0,-1.65864,0,0,60.33029,1.6586431,0.02749271,86202.292,78877.245,-6202.292,1122.755,True,False,-24.80332
393.1,FINE,THRUST,80033.701,30.4620455,0.6550002,233.83104,0.11161,False,False,8.69743,2282.93457,2278.87636,-4.05821,0,0.02722,-1.62995,0,0,-1.62995,0,0,60.33541,1.6299486,0.02701479,86045.801,78909.422,-6045.801,1090.578,True,False,-29.95549
393.24,FINE,THRUST,80034.927,30.4609486,0.6552397,227.37663,0.11482,False,False,8.50682,2282.83036,2278.87428,-3.95608,0,0.02654,-1.6067,0,0,-1.6067,0,0,60.33982,1.6066972,0.02662748,85901.016,78932.696,-5901.016,1067.304,True,False,-34.02217
393.38,FINE,THRUST,80036.127,30.4597167,0.6555157,220.65724,0.11836,False,False,8.32882,2282.71826,2278.87225,-3.84601,0,0.0258,-1.58525,0,0,-1.58525,0,0,60.34416,1.5852514,0.02627017,85751.021,78951.67,-5751.021,1048.33,True,False,-37.65053
393.52,FINE,THRUST,80037.302,30.4583812,0.6558231,213.88807,0.12215,False,False,8.16245,2282.5994,2278.87025,-3.72915,0,0.02501,-1.56546,0,0,-1.56546,0,0,60.34844,1.5654623,0.02594039,85596.835,78966.717,-5596.835,1033.283,True,False,-40.83141
393.68,FINE,THRUST,80038.616,30.4567667,0.6562062,206.30509,0.12671,False,False,7.98539,2282.45672,2278.86803,-3.5887,0,0.02407,-1.5447,0,0,-1.5447,0,0,60.35328,1.544696,0.02559424,85416.774,78979.527,-5416.774,1020.473,True,False,-43.91463
393.82,FINE,THRUST,80039.739,30.4553042,0.6565639,199.92588,0.13082,False,False,7.84034,2282.32665,2278.86612,-3.46053,0,0.02321,-1.5279,0,0,-1.5279,0,0,60.35745,1.527904,0.02531426,85256.403,78987.271,-5256.403,1012.729,True,False,-46.13162
393.96,FINE,THRUST,80040.838,30.4538246,0.6569361,193.88233,0.13496,False,False,7.70356,2282.19276,2278.86426,-3.3285,0,0.02232,-1.51226,0,0,-1.51226,0,0,60.36158,1.5122571,0.02505331,85094.384,78992.08,-5094.384,1007.92,True,False,-47.90431
394.1,FINE,THRUST,80041.914,30.4523479,0.6573178,188.21681,0.1391,False,False,7.57354,2282.05545,2278.86243,-3.19302,0,0.02142,-1.49752,0,0,-1.49752,0,0,60.36567,1.4975158,0.02480741,84930.904,78994.257,-4930.904,1005.743,True,False,-49.23981
394.26,FINE,THRUST,80043.116,30.4506907,0.6577585,182.24319,0.14374,False,False,7.43145,2281.89498,2278.86039,-3.03458,0,0.02035,-1.48151,0,0,-1.48151,0,0,60.37028,1.4815068,0.02454033,84742.671,78993.877,-4742.671,1006.123,True,False,-50.24252
394.4,FINE,THRUST,80044.144,30.4492873,0.658142,177.4672,0.14769,False,False,7.31114,2281.75171,2278.85865,-2.89306,0,0.0194,-1.46797,0,0,-1.46797,0,0,60.37429,1.4679657,0.02431442,84576.766,78991.332,-4576.766,1008.668,True,False,-50.67852
394.54,FINE,THRUST,80045.151,30.4479608,0.6585131,173.1583,0.15144,False,False,7.19327,2281.60618,2278.85694,-2.74924,0,0.01844,-1.45466,0,0,-1.45466,0,0,60.37825,1.4546609,0.02409246,84409.962,78986.962,-4409.962,1013.038,True,False,-50.73302
394.68,FINE,THRUST,80046.135,30.4467453,0.6588607,169.35483,0.15491,False,False,7.07631,2281.45823,2278.85527,-2.60296,0,0.01746,-1.44135,0,0,-1.44135,0,0,60.38219,1.4413463,0.02387039,84241.893,78980.96,-4241.893,1019.04,True,False,-50.43427
394.84,FINE,THRUST,80047.235,30.4455134,0.6592203,165.61066,0.15849,False,False,6.94245,2281.28705,2278.85341,-2.43365,0,0.01632,-1.42592,0,0,-1.42592,0,0,60.38663,1.42592,0.02361317,84048.955,78972.432,-4048.955,1027.568,True,False,-49.68681
394.98,FINE,THRUST,80048.176,30.4445773,0.6594988,162.81664,0.16127,False,False,6.82412,2281.13635,2278.85181,-2.28454,0,0.01532,-1.41208,0,0,-1.41208,0,0,60.39048,1.4120789,0.02338247,83880.15,78963.852,-3880.15,1036.148,True,False,-48.69086
395.12,FINE,THRUST,80049.095,30.4437732,0.6597416,160.42892,0.16372,False,False,6.70418,2280.9863,2278.85025,-2.13605,0,0.01432,-1.39785,0,0,-1.39785,0,0,60.3943,1.3978538,0.02314546,83712.762,78954.627,-3712.762,1045.373,True,False,-47.38113
395.26,FINE,THRUST,80049.987,30.4430942,0.6599493,158.39875,0.16586,False,False,6.58193,2280.83798,2278.84873,-1.98925,0,0.01334,-1.38313,0,0,-1.38313,0,0,60.39808,1.3831273,0.02290019,83547.659,78945.167,-3547.659,1054.833,True,False,-45.75626
395.42,FINE,THRUST,80050.987,30.4424573,0.6601465,156.45233,0.16796,False,False,6.43868,2280.67224,2278.84704,-1.8252,0,0.01224,-1.36556,0,0,-1.36556,0,0,60.40235,1.3655626,0.02260777,83363.126,78934.682,-3363.126,1065.318,True,False,-43.50668
395.56,FINE,THRUST,80051.841,30.4420066,0.6602875,155.02216,0.16953,False,False,6.30951,2280.53169,2278.84559,-1.6861,0,0.0113,-1.3495,0,0,-1.3495,0,0,60.40604,1.3495013,0.0223405,83206.143,78926.39,-3206.143,1073.61,True,False,-41.18605
395.7,FINE,THRUST,80052.673,30.4416426,0.6604024,153.80494,0.17089,False,False,6.17659,2280.39698,2278.84417,-1.5528,0,0.01041,-1.33274,0,0,-1.33274,0,0,60.40969,1.332745,0.02206177,83054.654,78919.562,-3054.654,1080.438,True,False,-38.52818
395.84,FINE,THRUST,80053.484,30.4413518,0.6604948,152.76254,0.17207,False,False,6.03945,2280.26918,2278.84279,-1.42639,0,0.00956,-1.31522,0,0,-1.31522,0,0,60.41329,1.3152212,0.02177039,82909.317,78914.836,-2909.317,1085.164,True,False,35.52518
396,FINE,THRUST,80054.385,30.4410943,0.6605772,151.74554,0.17324,False,False,5.87727,2280.13323,2278.84126,-1.29197,0,0.00866,-1.29423,0,0,-1.29423,0,0,60.41736,1.2942258,0.02142142,82751.802,78912.891,-2751.802,1087.109,True,False,31.66371
396.14,FINE,THRUST,80055.151,30.4409232,0.6606323,150.97952,0.17412,False,False,5.73026,2280.02431,2278.83996,-1.18435,0,0.00794,-1.27496,0,0,-1.27496,0,0,60.42087,1.2749619,0.02110135,82622.105,78915.019,-2622.105,1084.981,True,False,27.91489
396.28,FINE,THRUST,80055.898,30.4407965,0.6606733,150.31276,0.1749,False,False,5.5788,2279.92682,2278.83869,-1.08813,0,0.00729,-1.25493,0,0,-1.25493,0,0,60.42432,1.2549323,0.02076866,82501.466,78921.709,-2501.466,1078.291,True,False,23.88678
396.42,FINE,THRUST,80056.625,30.4407108,0.6607012,149.73602,0.17557,False,False,5.42265,2279.84277,2278.83745,-1.00532,0,0.00674,-1.23412,0,0,-1.23412,0,0,60.42772,1.2341184,0.02042305,82391.103,78934.14,-2391.103,1065.86,True,False,19.67063
396.58,FINE,THRUST,80057.435,30.4406583,0.6607183,149.17502,0.17623,False,False,5.23961,2279.76481,2278.83607,-0.92873,0,0.00623,-1.20957,0,0,-1.20957,0,0,60.43154,1.2095748,0.02001562,82278.733,78956.143,-2278.733,1043.857,True,False,14.74126
396.72,FINE,THRUST,80058.125,30.4406477,0.6607218,148.75948,0.17672,False,False,5.07655,2279.7129,2278.8349,-0.878,0,0.00589,-1.18762,0,0,-1.18762,0,0,60.43482,1.1876249,0.01965134,82192.811,78982.427,-2192.811,1017.573,True,False,10.43516
396.86,FINE,THRUST,80058.798,30.4406661,0.6607157,148.4051,0.17714,False,False,4.913,2279.67635,2278.83376,-0.84259,0,0.00565,-1.16559,0,0,-1.16559,0,0,60.43803,1.1655888,0.01928568,82118.981,79014.908,-2118.981,985.092,True,False,6.25126
397,FINE,THRUST,80059.454,30.4407103,0.6607012,148.10459,0.17749,False,False,4.75015,2279.65468,2278.83264,-0.82204,0,0.00551,-1.14365,0,0,-1.14365,0,0,60.4412,1.1436547,0.01892178,82057.136,79053.13,-2057.136,946.87,True,False,2.4661
397.16,FINE,THRUST,80060.183,30.4407875,0.6606757,147.81671,0.17783,False,False,4.56667,2279.64689,2278.8314,-0.81549,0,0.00547,-1.11899,0,0,-1.11899,0,0,60.44474,1.11899,0.01851261,82000.738,79102.747,-2000.738,897.253,True,False,2.81199
397.3,FINE,THRUST,80060.801,30.4408741,0.660647,147.60418,0.17808,False,False,4.40926,2279.65353,2278.83035,-0.82318,0,0.00552,-1.09788,0,0,-1.09788,0,0,60.44777,1.097877,0.01816241,81963.203,79150.356,-1963.203,849.644,True,False,6.11266
397.44,FINE,THRUST,80061.401,30.4409792,0.6606122,147.42968,0.17828,False,False,4.25623,2279.6711,2278.82933,-0.84177,0,0.00564,-1.07742,0,0,-1.07742,0,0,60.45075,1.077424,0.01782317,81936.109,79200.541,-1936.109,799.459,True,False,9.24206
397.58,FINE,THRUST,80061.982,30.4411019,0.6605714,147.29098,0.17844,False,False,4.1077,2279.69781,2278.82834,-0.86947,0,0.00583,-1.05763,0,0,-1.05763,0,0,60.45367,1.0576337,0.01749495,81918.35,79252.251,-1918.35,747.749,True,False,12.04574
397.74,FINE,THRUST,80062.623,30.4412566,0.66052,147.16183,0.17859,False,False,3.9436,2279.73709,2278.82724,-0.90985,0,0.0061,-1.03583,0,0,-1.03583,0,0,60.45695,1.0358291,0.01713333,81907.957,79311.853,-1907.957,688.147,True,False,14.82575
397.88,FINE,THRUST,80063.162,30.4414035,0.6604711,147.07239,0.17869,False,False,3.80449,2279.77761,2278.82632,-0.9513,0,0.00638,-1.01738,0,0,-1.01738,0,0,60.45976,1.0173766,0.01682733,81906.49,79363.681,-1906.49,636.319,True,False,16.88101
398.02,FINE,THRUST,80063.683,30.4415595,0.6604191,147.00131,0.17876,False,False,3.66993,2279.82247,2278.82543,-0.99704,0,0.00668,-0.99956,0,0,-0.99956,0,0,60.46252,0.9995557,0.01653182,81911.316,79414.345,-1911.316,585.655,True,False,18.58266
398.16,FINE,THRUST,80064.184,30.4417232,0.6603645,146.94612,0.17882,False,False,3.53938,2279.87068,2278.82457,-1.04611,0,0.00701,-0.98227,0,0,-0.98227,0,0,60.46523,0.9822737,0.01624526,81921.659,79463.449,-1921.659,536.551,True,False,19.93055
398.32,FINE,THRUST,80064.733,30.4419179,0.6602995,146.89825,0.17886,False,False,3.39469,2279.92863,2278.82363,-1.105,0,0.00741,-0.96311,0,0,-0.96311,0,0,60.46827,0.9631117,0.01592756,81939.233,79517.164,-1939.233,482.836,True,False,21.03737
398.46,FINE,THRUST,80065.192,30.4420933,0.6602409,146.86673,0.17889,False,False,3.27131,2279.98096,2278.82284,-1.15812,0,0.00776,-0.94674,0,0,-0.94674,0,0,60.47088,0.9467391,0.01565612,81958.802,79561.87,-1958.802,438.13,True,False,21.62648
398.6,FINE,THRUST,80065.633,30.442271,0.6601815,146.83991,0.17891,False,False,3.15098,2280.03374,2278.82208,-1.21166,0,0.00812,-0.93074,0,0,-0.93074,0,0,60.47345,0.9307352,0.01539081,81981.353,79604.088,-1981.353,395.912,True,False,21.86676
398.74,FINE,THRUST,80066.055,30.4424492,0.6601219,146.8144,0.17893,False,False,3.03306,2280.08624,2278.82136,-1.26488,0,0.00848,-0.91499,0,0,-0.91499,0,0,60.47597,0.914992,0.01512984,82006.013,79643.802,-2006.013,356.198,True,False,21.76967
398.9,FINE,THRUST,80066.515,30.4426507,0.6600544,146.7813,0.17896,False,False,2.90071,2280.14483,2278.82057,-1.32427,0,0.00888,-0.89723,0,0,-0.89723,0,0,60.47881,0.8972334,0.0148355,82035.574,79686.078,-2035.574,313.922,True,False,21.27002
399.04,FINE,THRUST,80066.898,30.4428233,0.6599965,146.74507,0.17899,False,False,2.78633,2280.19418,2278.81991,-1.37427,0,0.00921,-0.88179,0,0,-0.88179,0,0,60.48124,0.8817856,0.01457949,82061.689,79720.461,-2061.689,279.539,True,False,20.52062
399.18,FINE,THRUST,80067.264,30.4429897,0.6599407,146.69668,0.17904,False,False,2.67338,2280.24086,2278.81928,-1.42158,0,0.00953,-0.86644,0,0,-0.86644,0,0,60.48363,0.8664377,0.01432516,82087.056,79752.357,-2087.056,247.643,True,False,19.51266
399.32,FINE,THRUST,80067.614,30.4431484,0.6598874,146.63317,0.1791,False,False,2.56146,2280.28442,2278.81868,-1.46574,0,0.00983,-0.85112,0,0,-0.85112,0,0,60.48598,0.8511233,0.01407141,82110.958,79781.926,-2110.958,218.074,True,False,18.28039
399.48,FINE,THRUST,80067.993,30.4433183,0.6598303,146.53795,0.17921,False,False,2.43468,2280.32978,2278.81802,-1.51175,0,0.01013,-0.83364,0,0,-0.83364,0,0,60.48862,0.8336428,0.01378181,82135.633,79813.008,-2135.633,186.992,True,False,16.64657
399.62,FINE,THRUST,80068.309,30.4434557,0.659784,146.43263,0.17933,False,False,2.3244,2280.36531,2278.81748,-1.54782,0,0.01038,-0.81832,0,0,-0.81832,0,0,60.49088,0.8183164,0.01352793,82154.357,79838.032,-2154.357,161.968,True,False,15.06475
399.76,FINE,THRUST,80068.61,30.4435811,0.6597418,146.30363,0.17948,False,False,2.21521,2280.39656,2278.81696,-1.5796,0,0.01059,-0.80304,0,0,-0.80304,0,0,60.4931,0.8030373,0.01327486,82169.902,79861.064,-2169.902,138.936,True,False,13.38444
399.9,FINE,THRUST,80068.896,30.443694,0.6597037,146.15017,0.17966,False,False,2.107,2280.42348,2278.81647,-1.60701,0,0.01077,-0.78779,0,0,-0.78779,0,0,60.49528,0.7877911,0.01302236,82182.027,79882.274,-2182.027,117.726,True,False,11.64654
400.06,FINE,THRUST,80069.205,30.4438072,0.6596654,145.94397,0.1799,False,False,1.98475,2280.44891,2278.81594,-1.63298,0,0.01095,-0.77045,0,0,-0.77045,0,0,60.49772,0.7704451,0.01273511,82191.51,79904.435,-2191.51,95.565,True,False,9.64135
400.2,FINE,THRUST,80069.461,30.4438927,0.6596364,145.73723,0.18015,False,False,1.87892,2280.46666,2278.81549,-1.65116,0,0.01107,-0.75532,0,0,-0.75532,0,0,60.49982,0.755323,0.01248471,82195.988,79922.187,-2195.988,77.813,True,False,7.91396
400.34,FINE,THRUST,80069.704,30.4439653,0.6596118,145.50584,0.18043,False,False,1.77476,2280.48028,2278.81507,-1.66521,0,0.01116,-0.74035,0,0,-0.74035,0,0,60.50187,0.7403547,0.01223689,82196.971,79938.452,-2196.971,61.548,True,False,6.25139
400.48,FINE,THRUST,80069.933,30.4440258,0.6595912,145.25148,0.18074,False,False,1.67224,2280.49009,2278.81468,-1.67542,0,0.01123,-0.72554,0,0,-0.72554,0,0,60.50387,0.7255357,0.01199156,82194.675,79953.374,-2194.675,46.626,True,False,4.68927
400.64,FINE,THRUST,80070.179,30.4440811,0.6595723,144.93487,0.18113,False,False,1.55728,2280.49706,2278.81425,-1.68281,0,0.01128,-0.70882,0,0,-0.70882,0,0,60.50613,0.7088214,0.01171487,82188.422,79968.908,-2188.422,31.092,True,False,3.07622
400.78,FINE,THRUST,80070.38,30.4441177,0.6595598,144.636,0.1815,False,False,1.45847,2280.49989,2278.8139,-1.68599,0,0.0113,-0.69437,0,0,-0.69437,0,0,60.50805,0.6943677,0.01147563,82180.174,79981.312,-2180.174,18.688,True,False,1.87469
400.92,FINE,THRUST,80070.569,30.4441443,0.6595507,144.31908,0.1819,False,False,1.36183,2280.5001,2278.81357,-1.68652,0,0.01131,-0.68016,0,0,-0.68016,0,0,60.50993,0.6801605,0.01124048,82169.807,79992.641,-2169.807,7.359,True,False,1.02607
401.06,FINE,THRUST,80070.744,30.4441614,0.6595448,143.98525,0.18232,False,False,1.26718,2280.49814,2278.81327,-1.68488,0,0.0113,-0.66618,0,0,-0.66618,0,0,60.51178,0.6661767,0.01100904,82157.776,80003.001,-2157.776,-3.001,True,False,0.96686
401.22,FINE,THRUST,80070.929,30.4441695,0.659542,143.5836,0.18283,False,False,1.16152,2280.49388,2278.81294,-1.68093,0,0.01127,-0.65048,0,0,-0.65048,0,0,60.51385,0.6504806,0.01074928,82142.631,80013.74,-2142.631,-13.74,True,False,1.53484
401.36,FINE,THRUST,80071.078,30.4441669,0.6595429,143.21564,0.1833,False,False,1.07096,2280.48887,2278.81268,-1.67619,0,0.01124,-0.63695,0,0,-0.63695,0,0,60.51562,0.6369546,0.01052546,82128.678,80022.264,-2128.678,-22.264,True,False,2.002
401.5,FINE,THRUST,80071.214,30.4441565,0.6595465,142.83491,0.18379,False,False,0.98254,2280.48315,2278.81244,-1.6707,0,0.0112,-0.62369,0,0,-0.62369,0,0,60.51735,0.6236871,0.01030592,82114.621,80029.99,-2114.621,-29.99,True,False,2.32487
401.64,FINE,THRUST,80071.337,30.44414,0.6595523,142.44455,0.18429,False,False,0.89603,2280.47708,2278.81222,-1.66485,0,0.01116,-0.61064,0,0,-0.61064,0,0,60.51904,0.6106432,0.0100901,82100.843,80036.978,-2100.843,-36.978,True,False,2.48828
401.8,FINE,THRUST,80071.464,30.4441154,0.6595609,141.99053,0.18488,False,False,0.79946,2280.47017,2278.812,-1.65817,0,0.01112,-0.59601,0,0,-0.59601,0,0,60.52094,0.5960089,0.00984798,82085.938,80044.102,-2085.938,-44.102,True,False,2.48913
401.94,FINE,THRUST,80071.563,30.4440915,0.6595692,141.59122,0.18541,False,False,0.71666,2280.46445,2278.81182,-1.65263,0,0.01108,-0.5834,0,0,-0.5834,0,0,60.52256,0.5833977,0.00963934,82073.947,80049.63,-2073.947,-49.63,True,False,2.34947
402.08,FINE,THRUST,80071.65,30.4440682,0.6595774,141.1953,0.18593,False,False,0.6358,2280.45929,2278.81167,-1.64762,0,0.01105,-0.57102,0,0,-0.57102,0,0,60.52415,0.5710247,0.00943466,82063.24,80054.5,-2063.24,-54.5,True,False,2.11154
402.22,FINE,THRUST,80071.726,30.4440486,0.6595843,140.80849,0.18644,False,False,0.55664,2280.45476,2278.81153,-1.64324,0,0.01102,-0.55886,0,0,-0.55886,0,0,60.5257,0.5588577,0.0092334,82053.881,80058.746,-2053.881,-58.746,True,False,1.82118
402.38,FINE,THRUST,80071.8,30.4440333,0.6595897,140.38203,0.18701,False,False,0.46825,2280.45053,2278.81139,-1.63914,0,0.01099,-0.54521,0,0,-0.54521,0,0,60.52743,0.5452065,0.00900759,82044.995,80062.86,-2044.995,-62.86,True,False,1.52715
402.52,FINE,THRUST,80071.854,30.4440285,0.6595914,140.02665,0.18748,False,False,0.39249,2280.44767,2278.81129,-1.63638,0,0.01097,-0.53344,0,0,-0.53344,0,0,60.52891,0.5334449,0.00881306,82038.808,80065.847,-2038.808,-65.847,True,False,1.43326
402.66,FINE,THRUST,80071.897,30.4440335,0.6595897,139.69088,0.18793,False,False,0.31852,2280.44559,2278.81121,-1.63438,0,0.01096,-0.52191,0,0,-0.52191,0,0,60.53036,0.5219109,0.0086223,82034.078,80068.271,-2034.078,-68.271,True,False,1.5876
402.8,FINE,THRUST,80071.93,30.4440495,0.659584,139.37645,0.18836,False,False,0.24618,2280.44423,2278.81115,-1.63309,0,0.01095,-0.51058,0,0,-0.51058,0,0,60.53178,0.5105766,0.00843485,82030.697,80070.162,-2030.697,-70.162,True,False,1.95583
402.96,FINE,THRUST,80071.956,30.4440817,0.6595724,139.04411,0.1888,False,False,0.16551,2280.44344,2278.81109,-1.63235,0,0.01094,-0.49787,0,0,-0.49787,0,0,60.53337,0.4978713,0.00822474,82028.329,80071.706,-2028.329,-71.706,True,False,2.51586
403.1,FINE,THRUST,80071.969,30.4441224,0.6595578,138.7769,0.18916,False,False,0.09644,2280.44332,2278.81106,-1.63225,0,0.01094,-0.48694,0,0,-0.48694,0,0,60.53472,0.486935,0.0080439,82027.401,80072.549,-2027.401,-72.549,True,False,3.04982
403.24,FINE,THRUST,80071.972,30.444174,0.6595393,138.53029,0.18949,False,False,0.02912,2280.44361,2278.81105,-1.63256,0,0.01094,-0.47622,0,0,-0.47622,0,0,60.53604,0.4762195,0.00786671,82027.391,80072.942,-2027.391,-72.942,True,False,3.57921
403.38,FINE,THRUST,80071.966,30.4442358,0.659517,138.3027,0.1898,False,False,-0.03665,2280.44423,2278.81105,-1.63318,0,0.01095,-0.4657,0,0,-0.4657,0,0,60.53734,0.4656968,0.00769272,82028.146,80072.919,-2028.146,-72.919,True,False,-4.07675
403.54,FINE,THRUST,80071.948,30.4443173,0.6594876,138.063,0.19012,False,False,-0.1099,2280.4452,2278.81107,-1.63413,0,0.01096,-0.45391,0,0,-0.45391,0,0,60.53878,0.4539074,0.0074978,82029.765,80072.417,-2029.765,-72.417,True,False,-4.58362
403.68,FINE,THRUST,80071.924,30.4443969,0.6594587,137.86861,0.19038,False,False,-0.17255,2280.44619,2278.8111,-1.63509,0,0.01096,-0.44376,0,0,-0.44376,0,0,60.54002,0.4437621,0.00733006,82031.701,80071.591,-2031.701,-71.591,True,False,-4.96247
403.82,FINE,THRUST,80071.89,30.4444822,0.6594278,137.68492,0.19062,False,False,-0.23359,2280.44723,2278.81115,-1.63608,0,0.01097,-0.43382,0,0,-0.43382,0,0,60.54122,0.4338211,0.00716571,82033.993,80070.436,-2033.993,-70.436,True,False,-5.26963
403.96,FINE,THRUST,80071.848,30.4445719,0.6593952,137.50942,0.19086,False,False,-0.29317,2280.44821,2278.81121,-1.637,0,0.01097,-0.42406,0,0,-0.42406,0,0,60.5424,0.4240559,0.00700428,82036.485,80068.976,-2036.485,-68.976,True,False,-5.50126
404.12,FINE,THRUST,80071.791,30.4446773,0.6593568,137.3147,0.19112,False,False,-0.35953,2280.44931,2278.8113,-1.63801,0,0.01098,-0.41311,0,0,-0.41311,0,0,60.54372,0.4131098,0.00682333,82039.612,80066.966,-2039.612,-66.966,True,False,-5.67173
404.26,FINE,THRUST,80071.731,30.4447707,0.6593228,137.14693,0.19134,False,False,-0.41629,2280.45019,2278.81139,-1.6388,0,0.01099,-0.40368,0,0,-0.40368,0,0,60.54484,0.4036838,0.00666752,82042.496,80064.926,-2042.496,-64.926,True,False,-5.7358
404.4,FINE,THRUST,80071.664,30.4448633,0.659289,136.97809,0.19157,False,False,-0.47158,2280.45096,2278.8115,-1.63946,0,0.01099,-0.39444,0,0,-0.39444,0,0,60.54594,0.3944409,0.00651474,82045.446,80062.655,-2045.446,-62.655,True,False,-5.72409
404.54,FINE,THRUST,80071.589,30.4449537,0.6592559,136.80618,0.1918,False,False,-0.52557,2280.45161,2278.81161,-1.64,0,0.01099,-0.38536,0,0,-0.38536,0,0,60.54701,0.3853551,0.00636456,82048.446,80060.17,-2048.446,-60.17,True,False,5.63885
404.7,FINE,THRUST,80071.495,30.4450531,0.6592194,136.60321,0.19207,False,False,-0.5857,2280.45222,2278.81176,-1.64046,0,0.011,-0.37516,0,0,-0.37516,0,0,60.54821,0.3751625,0.0061961,82051.919,80057.092,-2051.919,-57.092,True,False,5.45701
404.84,FINE,THRUST,80071.404,30.4451355,0.6591892,136.41835,0.19232,False,False,-0.63715,2280.45266,2278.81191,-1.64075,0,0.011,-0.36638,0,0,-0.36638,0,0,60.54923,0.3663797,0.00605094,82055.001,80054.201,-2055.001,-54.201,True,False,5.23135
404.98,FINE,THRUST,80071.306,30.4452123,0.6591609,136.22445,0.19259,False,False,-0.68726,2280.45301,2278.81207,-1.64094,0,0.011,-0.35776,0,0,-0.35776,0,0,60.55023,0.3577633,0.00590854,82058.11,80051.156,-2058.11,-51.156,True,False,4.94864
405.12,FINE,THRUST,80071.202,30.4452831,0.6591348,136.0207,0.19287,False,False,-0.73619,2280.45329,2278.81223,-1.64106,0,0.011,-0.34929,0,0,-0.34929,0,0,60.5512,0.3492907,0.00576852,82061.256,80047.967,-2061.256,-47.967,True,False,4.61897
405.28,FINE,THRUST,80071.074,30.4453559,0.6591079,135.77465,0.19321,False,False,-0.79068,2280.45359,2278.81244,-1.64115,0,0.011,-0.33978,0,0,-0.33978,0,0,60.55229,0.3397844,0.00561142,82064.941,80044.167,-2064.941,-44.167,True,False,4.19419
405.42,FINE,THRUST,80070.956,30.4454124,0.6590869,135.54773,0.19353,False,False,-0.83728,2280.45379,2278.81263,-1.64116,0,0.011,-0.33159,0,0,-0.33159,0,0,60.55321,0.331593,0.00547606,82068.198,80040.71,-2068.198,-40.71,True,False,3.78988
405.56,FINE,THRUST,80070.831,30.4454617,0.6590686,135.30926,0.19387,False,False,-0.88264,2280.45396,2278.81284,-1.64112,0,0.011,-0.32356,0,0,-0.32356,0,0,60.55411,0.3235583,0.00534329,82071.486,80037.163,-2071.486,-37.163,True,False,3.36697
405.7,FINE,THRUST,80070.7,30.4455039,0.6590529,135.05957,0.19422,False,False,-0.9269,2280.45413,2278.81305,-1.64108,0,0.011,-0.31566,0,0,-0.31566,0,0,60.55499,0.3156601,0.00521278,82074.832,80033.53,-2074.832,-33.53,True,False,2.93351
405.86,FINE,THRUST,80070.543,30.4455436,0.6590381,134.76095,0.19465,False,False,-0.97613,2280.45434,2278.81331,-1.64103,0,0.011,-0.3068,0,0,-0.3068,0,0,60.55597,0.3068026,0.00506643,82078.73,80029.291,-2078.73,-29.291,True,False,2.43565
406,FINE,THRUST,80070.399,30.4455714,0.6590277,134.48892,0.19504,False,False,-1.01818,2280.45453,2278.81354,-1.64099,0,0.011,-0.29917,0,0,-0.29917,0,0,60.55681,0.2991746,0.0049404,82082.213,80025.507,-2082.213,-25.507,True,False,2.01077
406.14,FINE,THRUST,80070.25,30.445593,0.6590196,134.20745,0.19544,False,False,-1.05907,2280.45476,2278.81379,-1.64097,0,0.011,-0.2917,0,0,-0.2917,0,0,60.55763,0.2916971,0.00481685,82085.74,80021.684,-2085.74,-21.684,True,False,1.60192
406.28,FINE,THRUST,80070.095,30.4456088,0.6590137,133.91761,0.19586,False,False,-1.09892,2280.45501,2278.81404,-1.64097,0,0.011,-0.28435,0,0,-0.28435,0,0,60.55842,0.2843511,0.00469548,82089.315,80017.824,-2089.315,-17.824,True,False,1.21934
406.44,FINE,THRUST,80069.905,30.4456207,0.6590092,133.57747,0.19636,False,False,-1.14317,2280.45534,2278.81435,-1.64099,0,0.011,-0.27611,0,0,-0.27611,0,0,60.5593,0.2761097,0.00455933,82093.451,80013.381,-2093.451,-13.381,True,False,0.82857
406.58,FINE,THRUST,80069.737,30.4456263,0.659007,133.27338,0.19681,False,False,-1.18094,2280.45567,2278.81463,-1.64104,0,0.011,-0.26898,0,0,-0.26898,0,0,60.56005,0.2689819,0.00444157,82097.12,80009.458,-2097.12,-9.458,True,False,0.53838
406.72,FINE,THRUST,80069.566,30.4456281,0.6590063,132.96433,0.19727,False,False,-1.2176,2280.45602,2278.81491,-1.64111,0,0.011,-0.26204,0,0,-0.26204,0,0,60.56078,0.2620395,0.00432688,82100.804,80005.543,-2100.804,-5.543,True,False,0.33483
406.86,FINE,THRUST,80069.39,30.4456267,0.6590069,132.65153,0.19773,False,False,-1.25327,2280.45641,2278.8152,-1.64121,0,0.011,-0.25522,0,0,-0.25522,0,0,60.5615,0.2552228,0.00421428,82104.509,80001.629,-2104.509,-1.629,True,False,0.29183
407.02,FINE,THRUST,80069.183,30.4456221,0.6590086,132.29087,0.19827,False,False,-1.29284,2280.45689,2278.81554,-1.64135,0,0.011,-0.24759,0,0,-0.24759,0,0,60.56229,0.247586,0.00408812,82108.757,79997.167,-2108.757,2.833,True,False,0.39969
407.16,FINE,THRUST,80068.996,30.4456161,0.6590109,131.97367,0.19875,False,False,-1.32657,2280.45735,2278.81585,-1.6415,0,0.011,-0.24102,0,0,-0.24102,0,0,60.56297,0.2410152,0.00397958,82112.493,79993.266,-2112.493,6.734,True,False,0.50901
407.3,FINE,THRUST,80068.805,30.4456089,0.6590137,131.65602,0.19923,False,False,-1.35927,2280.45784,2278.81617,-1.64167,0,0.01101,-0.23458,0,0,-0.23458,0,0,60.56363,0.2345785,0.00387326,82116.215,79989.396,-2116.215,10.604,True,False,0.59187
407.44,FINE,THRUST,80068.61,30.445601,0.6590167,131.33877,0.19971,False,False,-1.39106,2280.45836,2278.81649,-1.64187,0,0.01101,-0.22826,0,0,-0.22826,0,0,60.56427,0.2282591,0.00376887,82119.928,79985.553,-2119.928,14.447,True,False,0.64023
407.6,FINE,THRUST,80068.381,30.4455917,0.6590203,130.97771,0.20026,True,False,-1.42628,2280.45899,2278.81687,-1.64212,0,0.01101,-0.22118,8,0,-0.22118,8,0,60.56497,8.003057,0.13214003,82124.15,79981.202,-2124.15,18.798,True,False,89.03082
407.76,FINE,THRUST,80068.061,30.4454624,0.6590705,130.4262,0.20113,True,False,-1.92522,2280.45821,2278.81729,-1.64092,0,0.011,-0.13974,8,0,-0.13974,8,0,60.58369,8.0012204,0.13206888,82190.45,79913.411,-2190.45,86.589,True,False,89.42861
407.92,FINE,THRUST,80067.536,30.4447493,0.6593491,128.95966,0.2035,True,False,-3.19728,2280.44381,2278.818,-1.62582,0,0.0109,0.06659,8,0,0.06659,8,0,60.60842,8.0002772,0.13199944,82407.628,79679.001,-2407.628,320.999,True,False,90.16842
408.08,FINE,THRUST,80066.809,30.4439227,0.6596759,127.35401,0.20616,True,False,-4.46825,2280.39979,2278.81904,-1.58074,0,0.0106,0.27426,8,0,0.27426,8,0,60.63315,8.0046996,0.13201853,82654.265,79379.67,-2654.265,620.33,True,False,90.29944
408.24,FINE,THRUST,80065.88,30.4434081,0.6598816,126.25492,0.20802,True,False,-5.74047,2280.36304,2278.82043,-1.5426,0,0.01034,0.48337,8,0,0.48337,8,0,60.65791,8.0145894,0.13212769,82944.174,79045.825,-2944.174,954.175,True,False,89.80746
408.4,FINE,THRUST,80064.751,30.4434621,0.6598598,126.01585,0.2084,True,False,-7.01479,2280.3554,2278.82216,-1.53324,0,0.01028,0.69391,8,0,0.69391,8,0,60.6827,8.030038,0.13232829,83280.115,78700.863,-3280.115,1299.137,True,False,88.68404
408.56,FINE,THRUST,80063.424,30.4442988,0.659524,126.95163,0.20677,True,False,-8.28923,2280.39224,2278.82422,-1.56802,0,0.01051,0.90545,8,0,0.90545,8,0,60.70754,8.051077,0.1326207,83663.238,78362.024,-3663.238,1637.976,True,False,86.91891
408.72,FINE,THRUST,80061.902,30.4461217,0.6588014,129.44913,0.20256,True,False,-9.55796,2280.49249,2278.8266,-1.66589,0,0.01117,1.11691,8,0,1.11691,8,0,60.73246,8.0775915,0.13300287,84100.358,78045.181,-4100.358,1954.819,True,False,84.50422
408.88,FINE,THRUST,80060.192,30.4491272,0.6576396,134.06605,0.19526,False,False,-10.80727,2280.69249,2278.82931,-1.86318,0,0.01249,1.32582,0,0,1.32582,0,0,60.75747,1.3258184,0.02182149,84612.791,77772.516,-4612.791,2227.484,True,False,157.53453
409.02,FINE,THRUST,80058.599,30.45187,0.6566131,138.63895,0.18854,False,False,-11.61831,2280.88863,2278.83192,-2.05671,0,0.01379,1.46427,0,0,1.46427,0,0,60.76629,1.4642682,0.02409672,84997.722,77621.136,-4997.722,2378.864,True,False,152.41376
409.16,FINE,THRUST,80056.993,30.4526885,0.6563125,139.83015,0.18685,False,False,-11.79187,2280.94071,2278.8346,-2.10611,0,0.01412,1.50194,0,0,1.50194,0,0,60.77015,1.5019403,0.0247151,85085.248,77590.552,-5085.248,2409.448,True,False,146.79102
409.3,FINE,THRUST,80055.375,30.4537861,0.6559132,141.58699,0.18443,False,False,-11.97234,2281.00162,2278.8373,-2.16432,0,0.01451,1.54074,0,0,1.54074,0,0,60.7742,1.5407376,0.02535184,85181.853,77561.437,-5181.853,2438.563,True,False,140.66078
409.46,FINE,THRUST,80053.515,30.4553538,0.6553508,144.29279,0.18082,False,False,-12.17097,2281.08418,2278.84041,-2.24377,0,0.01505,1.58385,0,0,1.58385,0,0,60.77894,1.5838519,0.02605922,85300.622,77535.202,-5300.622,2464.798,True,False,133.03236
409.6,FINE,THRUST,80051.882,30.4570065,0.6547685,147.35626,0.17691,False,False,-12.33299,2281.16949,2278.84314,-2.32635,0,0.0156,1.61966,0,0,1.61966,0,0,60.7832,1.6196584,0.02664648,85411.952,77520.366,-5411.952,2479.634,True,False,125.833
409.74,FINE,THRUST,80050.244,30.4589294,0.6541052,151.17817,0.17227,False,False,-12.47961,2281.26891,2278.84588,-2.42303,0,0.01625,1.65294,0,0,1.65294,0,0,60.78757,1.6529375,0.02719203,85530.712,77514.886,-5530.712,2485.114,True,False,118.181
409.88,FINE,THRUST,80048.605,30.4611052,0.6533734,155.83749,0.16694,False,False,-12.60505,2281.38228,2278.84863,-2.53365,0,0.01699,1.68275,0,0,1.68275,0,0,60.79203,1.6827515,0.02768046,85655.408,77520.031,-5655.408,2479.969,True,False,110.10852
410.04,FINE,THRUST,80046.733,30.4638684,0.6524732,162.29693,0.16009,False,False,-12.71587,2281.52701,2278.85176,-2.67525,0,0.01794,1.71152,0,0,1.71152,0,0,60.79722,1.7115195,0.02815128,85802.185,77539.611,-5802.185,2460.389,True,False,100.40033
410.18,FINE,THRUST,80045.098,30.4664768,0.6516539,169.00145,0.15355,False,False,-12.77879,2281.66369,2278.85451,-2.80918,0,0.01884,1.73116,0,0,1.73116,0,0,60.80184,1.7311638,0.02847223,85930.504,77568.678,-5930.504,2431.322,True,False,91.50745
410.32,FINE,THRUST,80043.467,30.4692141,0.6508264,176.74889,0.14664,False,False,-12.80584,2281.80647,2278.85724,-2.94923,0,0.01978,1.745,0,0,1.745,0,0,60.80652,1.7450043,0.02869765,86055.221,77608.47,-6055.221,2391.53,True,False,82.26063
410.46,FINE,THRUST,80041.842,30.4720069,0.6500162,185.50292,0.13956,False,False,-12.79379,2281.95084,2278.85997,-3.09087,0,0.02073,1.75255,0,0,1.75255,0,0,60.81125,1.7525478,0.02881947,86171.906,77657.977,-6171.906,2342.023,True,False,72.67988
410.62,FINE,THRUST,80039.991,30.4751653,0.6491421,196.59126,0.13152,False,False,-12.72931,2282.11092,2278.86308,-3.24784,0,0.02178,1.75304,0,0,1.75304,0,0,60.81667,1.7530446,0.02882506,86289.028,77724.634,-6289.028,2275.366,True,False,61.45633
410.76,FINE,THRUST,80038.373,30.477799,0.6484472,206.94572,0.12481,False,False,-12.62585,2282.23792,2278.86579,-3.37213,0,0.02262,1.74602,0,0,1.74602,0,0,60.82143,1.7460164,0.02870726,86368.995,77789.546,-6368.995,2210.454,True,False,51.59408
410.9,FINE,THRUST,80036.757,30.4802004,0.6478407,217.37601,0.11872,False,False,-12.48099,2282.34609,2278.8685,-3.47759,0,0.02333,1.73248,0,0,1.73248,0,0,60.82617,1.7324775,0.02848243,86422.632,77857.987,-6422.632,2142.013,True,False,41.8797
411.04,FINE,THRUST,80035.143,30.4822606,0.6473408,227.12009,0.11354,False,False,-12.30086,2282.43174,2278.87121,-3.56053,0,0.02388,1.71344,0,0,1.71344,0,0,60.83089,1.7134369,0.02816722,86447.991,77927.505,-6447.991,2072.495,True,False,32.54014
411.2,FINE,THRUST,80033.301,30.4840421,0.6469234,236.0396,0.10918,False,False,-12.06192,2282.5047,2278.8743,-3.6304,0,0.02435,1.68654,0,0,1.68654,0,0,60.83622,1.6865392,0.02772262,86447.044,78006.859,-6447.044,1993.141,True,False,22.52782
411.34,FINE,THRUST,80031.698,30.4851182,0.6466777,241.46651,0.10669,False,False,-11.83586,2282.54718,2278.87699,-3.67019,0,0.02462,1.6604,0,0,1.6604,0,0,60.84081,1.6603963,0.02729083,86423.245,78073.628,-6423.245,1926.372,True,False,14.44542
411.48,FINE,THRUST,80030.104,30.4857852,0.6465276,244.55186,0.10532,False,False,-11.60328,2282.56958,2278.87967,-3.68991,0,0.02475,1.63329,0,0,1.63329,0,0,60.84534,1.6332895,0.0268433,86379.97,78135.829,-6379.97,1864.171,True,False,7.41393
411.62,FINE,THRUST,80028.524,30.4860782,0.6464621,245.31868,0.10498,False,False,-11.36987,2282.57294,2278.88233,-3.69061,0,0.02476,1.6061,0,0,1.6061,0,0,60.8498,1.6061022,0.02639454,86319.346,78192.614,-6319.346,1807.386,True,False,4.7939
411.78,FINE,THRUST,80026.739,30.4860007,0.6464795,243.58583,0.10573,False,False,-11.10801,2282.55534,2278.88534,-3.67,0,0.02462,1.57584,0,0,1.57584,0,0,60.8548,1.5758412,0.0258951,86231.768,78250.231,-6231.768,1749.769,True,False,-10.36795
411.92,FINE,THRUST,80025.196,30.4856146,0.6465669,240.13166,0.10726,False,False,-10.88644,2282.523,2278.88795,-3.63506,0,0.02438,1.55057,0,0,1.55057,0,0,60.8591,1.5505653,0.02547795,86141.459,78294.157,-6141.459,1705.843,True,False,-16.27391
412.06,FINE,THRUST,80023.674,30.4849746,0.6467141,235.27836,0.1095,False,False,-10.67517,2282.47682,2278.89052,-3.5863,0,0.02406,1.52691,0,0,1.52691,0,0,60.86333,1.5269056,0.02508745,86040.909,78331.873,-6040.909,1668.127,True,False,-21.92602
412.2,FINE,THRUST,80022.174,30.4841193,0.6469149,229.41703,0.11233,False,False,-10.47527,2282.41842,2278.89305,-3.52537,0,0.02365,1.50502,0,0,1.50502,0,0,60.8675,1.5050155,0.02472609,85931.855,78363.605,-5931.855,1636.395,True,False,-27.17468
412.36,FINE,THRUST,80020.486,30.4829265,0.6472023,221.94797,0.11616,False,False,-10.26175,2282.33874,2278.8959,-3.44283,0,0.02309,1.4823,0,0,1.4823,0,0,60.87219,1.4822999,0.02435102,85798.932,78392.849,-5798.932,1607.151,True,False,-32.63142
412.5,FINE,THRUST,80019.034,30.4817306,0.6474987,215.06643,0.11992,False,False,-10.08779,2282.25908,2278.89836,-3.36072,0,0.02254,1.4644,0,0,1.4644,0,0,60.87623,1.4643953,0.02405529,85676.659,78412.671,-5676.659,1587.329,True,False,-36.92009
412.64,FINE,THRUST,80017.604,30.480429,0.6478308,208.12752,0.12398,False,False,-9.92604,2282.17164,2278.90078,-3.27087,0,0.02194,1.44835,0,0,1.44835,0,0,60.88022,1.4483497,0.02379015,85550.327,78427.39,-5550.327,1572.61,True,False,-40.75278
412.78,FINE,THRUST,80016.198,30.4790478,0.6481938,201.29719,0.12826,False,False,-9.77561,2282.07729,2278.90315,-3.17414,0,0.02129,1.43401,0,0,1.43401,0,0,60.88416,1.4340143,0.02355316,85420.611,78437.365,-5420.611,1562.635,True,False,-44.13186
412.94,FINE,THRUST,80014.618,30.4774041,0.64864,193.78146,0.13331,False,False,-9.61642,2281.96204,2278.90583,-3.05622,0,0.0205,1.41954,0,0,1.41954,0,0,60.88863,1.4195397,0.02331371,85269.049,78443.373,-5269.049,1556.627,True,False,-47.44373
413.08,FINE,THRUST,80013.26,30.4759318,0.6490527,187.54207,0.13783,False,False,-9.48691,2281.85527,2278.90812,-2.94715,0,0.01977,1.40832,0,0,1.40832,0,0,60.8925,1.408325,0.02312806,85133.85,78444.258,-5133.85,1555.742,True,False,-49.86734
413.22,FINE,THRUST,80011.923,30.4744514,0.64948,181.67996,0.14236,False,False,-9.36555,2281.74369,2278.91038,-2.83331,0,0.019,1.39831,0,0,1.39831,0,0,60.89633,1.3983072,0.02296209,84996.818,78441.359,-4996.818,1558.641,True,False,-51.85688
413.36,FINE,THRUST,80010.607,30.4729799,0.6499171,176.21667,0.14687,False,False,-9.251,2281.62758,2278.91261,-2.71497,0,0.01821,1.38927,0,0,1.38927,0,0,60.90014,1.3892704,0.02281227,84857.998,78434.941,-4857.998,1565.059,True,False,-53.41999
413.52,FINE,THRUST,80009.129,30.4713309,0.6504216,170.47761,0.15192,False,False,-9.12681,2281.4897,2278.91511,-2.5746,0,0.01727,1.37989,0,0,1.37989,0,0,60.90446,1.3798887,0.02265661,84697.298,78423.61,-4697.298,1576.39,True,False,-54.69926
413.66,FINE,THRUST,80007.857,30.4699336,0.6508612,165.89758,0.15621,False,False,-9.02252,2281.36469,2278.91726,-2.44743,0,0.01641,1.37227,0,0,1.37227,0,0,60.90822,1.3722698,0.02253013,84554.827,78410.435,-4554.827,1589.565,True,False,-55.3905
413.8,FINE,THRUST,80006.605,30.468602,0.6512906,161.74533,0.16032,False,False,-8.9211,2281.23581,2278.91938,-2.31643,0,0.01553,1.36501,0,0,1.36501,0,0,60.91195,1.3650074,0.02240952,84410.689,78394.416,-4410.689,1605.584,True,False,-55.71074
413.94,FINE,THRUST,80005.371,30.4673687,0.6516975,158.05701,0.16416,False,False,-8.82105,2281.1026,2278.92146,-2.18114,0,0.01463,1.35787,0,0,1.35787,0,0,60.91567,1.3578704,0.02229099,84264.273,78375.603,-4264.273,1624.397,True,False,-55.69072
414.1,FINE,THRUST,80003.984,30.4661048,0.6521237,154.40573,0.16814,False,False,-8.70707,2280.94551,2278.9238,-2.0217,0,0.01356,1.34966,0,0,1.34966,0,0,60.91989,1.3496552,0.02215459,84094.448,78350.907,-4094.448,1649.093,True,False,-55.27943
414.24,FINE,THRUST,80002.791,30.465133,0.6524579,151.66669,0.17125,False,False,-8.60669,2280.80468,2278.92582,-1.87885,0,0.0126,1.34226,0,0,1.34226,0,0,60.92357,1.3422594,0.02203186,83944.401,78326.818,-3944.401,1673.182,True,False,-54.59314
414.38,FINE,THRUST,80001.616,30.4642873,0.6527535,149.31262,0.17402,False,False,-8.50511,2280.66201,2278.92781,-1.7342,0,0.01163,1.33457,0,0,1.33457,0,0,60.92722,1.3345657,0.02190426,83794.148,78300.847,-3794.148,1699.153,True,False,-53.60727
414.52,FINE,THRUST,80000.459,30.4635642,0.6530098,147.30276,0.17645,False,False,-8.40162,2280.51856,2278.92977,-1.5888,0,0.01065,1.32645,0,0,1.32645,0,0,60.93085,1.3264535,0.02176982,83644.531,78273.427,-3644.531,1726.573,True,False,-52.31912
414.68,FINE,THRUST,79999.16,30.4628741,0.6532577,145.36469,0.17886,False,False,-8.28025,2280.35534,2278.93196,-1.42338,0,0.00954,1.31653,0,0,1.31653,0,0,60.93498,1.3165334,0.02160554,83475.594,78241.025,-3475.594,1758.975,True,False,-50.46704
414.82,FINE,THRUST,79998.045,30.4623752,0.653439,143.93105,0.18068,False,False,-8.17054,2280.21442,2278.93385,-1.28057,0,0.00859,1.30715,0,0,1.30715,0,0,60.93857,1.307149,0.02145027,83330.428,78212.407,-3330.428,1787.593,True,False,-48.50236
414.96,FINE,THRUST,79996.948,30.461961,0.6535909,142.70024,0.18227,False,False,-8.05707,2280.07676,2278.93571,-1.14105,0,0.00765,1.29702,0,0,1.29702,0,0,60.94213,1.2970176,0.02128277,83188.753,78184.302,-3188.753,1815.698,True,False,46.20625
415.1,FINE,THRUST,79995.872,30.4616179,0.6537177,141.63494,0.18366,False,False,-7.93921,2279.94347,2278.93753,-1.00594,0,0.00674,1.28603,0,0,1.28603,0,0,60.94566,1.2860283,0.02110123,83051.168,78157.447,-3051.168,1842.553,True,False,43.56813
415.26,FINE,THRUST,79994.666,30.4612977,0.653837,140.58051,0.18506,False,False,-7.79853,2279.79809,2278.93957,-0.85852,0,0.00576,1.27231,0,0,1.27231,0,0,60.94967,1.2723096,0.02087476,82899.77,78129.349,-2899.77,1870.651,True,False,40.126
415.4,FINE,THRUST,79993.632,30.4610688,0.6539228,139.77202,0.18615,False,False,-7.66962,2279.6782,2278.94132,-0.73687,0,0.00494,1.25919,0,0,1.25919,0,0,60.95314,1.2591911,0.02065835,82772.915,78107.995,-2772.915,1892.005,True,False,36.73373
415.54,FINE,THRUST,79992.617,30.4608798,0.6539941,139.05107,0.18712,False,False,-7.53533,2279.56669,2278.94304,-0.62365,0,0.00418,1.24503,0,0,1.24503,0,0,60.95657,1.245026,0.0204248,82652.153,78090.677,-2652.153,1909.323,True,False,32.98272
415.68,FINE,THRUST,79991.622,30.4607249,0.6540529,138.40353,0.18801,False,False,-7.3955,2279.46474,2278.94473,-0.52002,0,0.00349,1.22979,0,0,1.22979,0,0,60.95997,1.2297872,0.02017368,82537.941,78078.335,-2537.941,1921.665,True,False,28.8785
415.84,FINE,THRUST,79990.508,30.4605859,0.6541058,137.7445,0.18891,False,False,-7.22896,2279.36208,2278.94662,-0.41547,0,0.00279,1.21105,0,0,1.21105,0,0,60.9638,1.2110515,0.01986509,82416.424,78071.879,-2416.424,1928.121,True,False,23.84138
415.98,FINE,THRUST,79989.55,30.4604987,0.6541392,137.23863,0.18961,False,False,-7.07711,2279.28675,2278.94824,-0.33852,0,0.00227,1.19346,0,0,1.19346,0,0,60.96712,1.193458,0.01957544,82319.041,78074.707,-2319.041,1925.293,True,False,19.24158
416.12,FINE,THRUST,79988.61,30.4604435,0.6541604,136.79777,0.19023,False,False,-6.92098,2279.22664,2278.94983,-0.27681,0,0.00186,1.17497,0,0,1.17497,0,0,60.97037,1.1749724,0.0192712,82231.087,78086.375,-2231.087,1913.625,True,False,14.56873
416.26,FINE,THRUST,79987.684,30.4604195,0.6541697,136.41875,0.19075,False,False,-6.76193,2279.18222,2278.95139,-0.23083,0,0.00155,1.15581,0,0,1.15581,0,0,60.97359,1.1558102,0.01895592,82152.875,78107.15,-2152.875,1892.85,True,False,9.92497
416.42,FINE,THRUST,79986.646,30.4604283,0.6541663,136.05662,0.19126,False,False,-6.57881,2279.15066,2278.95315,-0.19752,0,0.00132,1.13344,0,0,1.13344,0,0,60.97719,1.1334437,0.01858799,82075.681,78141.76,-2075.681,1858.24,True,False,4.83775
416.56,FINE,THRUST,79985.755,30.4604659,0.6541517,135.79785,0.19162,False,False,-6.41889,2279.13931,2278.95466,-0.18465,0,0.00124,1.11371,0,0,1.11371,0,0,60.9803,1.1137054,0.01826336,82018.68,78181.026,-2018.68,1818.974,True,False,1.56062
416.7,FINE,THRUST,79984.88,30.4605293,0.654127,135.58851,0.19191,False,False,-6.26139,2279.14209,2278.95614,-0.18595,0,0.00125,1.09416,0,0,1.09416,0,0,60.98334,1.0941574,0.01794191,81971.419,78227.532,-1971.419,1772.468,True,False,4.16716
416.84,FINE,THRUST,79984.022,30.4606166,0.654093,135.42466,0.19213,False,False,-6.10722,2279.15758,2278.9576,-0.19999,0,0.00134,1.07495,0,0,1.07495,0,0,60.98633,1.0749502,0.01762608,81933.314,78280.182,-1933.314,1719.818,True,False,7.79596
417,FINE,THRUST,79983.063,30.4607411,0.6540444,135.28445,0.19232,False,False,-5.93617,2279.18871,2278.95922,-0.22949,0,0.00154,1.0536,0,0,1.0536,0,0,60.98969,1.0535968,0.017275,81900.091,78346.188,-1900.091,1653.812,True,False,11.61723
417.14,FINE,THRUST,79982.243,30.460871,0.6539936,135.20134,0.19242,False,False,-5.79102,2279.22534,2278.96061,-0.26473,0,0.00177,1.03545,0,0,1.03545,0,0,60.99257,1.0354509,0.01697667,81878.764,78407.533,-1878.764,1592.467,True,False,14.59894
417.28,FINE,THRUST,79981.442,30.4610171,0.6539364,135.14873,0.19248,False,False,-5.65074,2279.2689,2278.96197,-0.30693,0,0.00206,1.01792,0,0,1.01792,0,0,60.9954,1.0179184,0.01668844,81863.882,78470.814,-1863.882,1529.186,True,False,17.23106
417.42,FINE,THRUST,79980.66,30.4611777,0.6538735,135.12324,0.19251,False,False,-5.515,2279.31815,2278.9633,-0.35484,0,0.00238,1.00095,0,0,1.00095,0,0,60.99819,1.0009527,0.01640955,81854.745,78535.249,-1854.745,1464.751,True,False,19.51018
417.58,FINE,THRUST,79979.789,30.4613763,0.6537956,135.1228,0.19249,False,False,-5.3652,2279.37991,2278.96478,-0.41513,0,0.00278,0.98223,0,0,0.98223,0,0,61.00131,0.9822328,0.01610183,81850.555,78609.313,-1850.555,1390.687,True,False,21.6812
417.72,FINE,THRUST,79979.048,30.4615617,0.6537229,135.14427,0.19244,False,False,-5.23819,2279.43773,2278.96604,-0.47168,0,0.00316,0.96635,0,0,0.96635,0,0,61.004,0.9663461,0.0158407,81851.698,78673.92,-1851.698,1326.08,True,False,23.20137
417.86,FINE,THRUST,79978.325,30.4617552,0.6536469,135.18109,0.19237,False,False,-5.11505,2279.49788,2278.96727,-0.53061,0,0.00356,0.95094,0,0,0.95094,0,0,61.00664,0.9509411,0.0155875,81856.711,78737.552,-1856.711,1262.448,True,False,24.36715
418,FINE,THRUST,79977.622,30.461955,0.6535685,135.23012,0.19229,False,False,-4.99516,2279.55962,2278.96847,-0.59115,0,0.00396,0.93592,0,0,0.93592,0,0,61.00925,0.9359243,0.0153407,81865.004,78799.881,-1865.004,1200.119,True,False,25.17887
418.16,FINE,THRUST,79976.841,30.4621885,0.6534768,135.29617,0.19217,False,False,-4.86162,2279.63107,2278.9698,-0.66127,0,0.00443,0.91916,0,0,0.91916,0,0,61.01217,0.9191629,0.01506524,81877.725,78869.054,-1877.725,1130.946,True,False,25.6729
418.3,FINE,THRUST,79976.178,30.4623954,0.6533955,135.35926,0.19206,False,False,-4.74706,2279.69367,2278.97093,-0.72274,0,0.00485,0.90473,0,0,0.90473,0,0,61.01468,0.9047336,0.01482813,81891.03,78927.6,-1891.03,1072.4,True,False,25.72938
418.44,FINE,THRUST,79975.533,30.4626017,0.6533144,135.42158,0.19196,False,False,-4.63455,2279.75536,2278.97202,-0.78334,0,0.00525,0.89052,0,0,0.89052,0,0,61.01716,0.8905188,0.01459456,81905.608,78983.869,-1905.608,1016.131,True,False,25.44616
418.58,FINE,THRUST,79974.907,30.4628054,0.6532344,135.47939,0.19185,False,False,-4.52344,2279.8155,2278.97309,-0.8424,0,0.00565,0.87642,0,0,0.87642,0,0,61.01959,0.876423,0.01436298,81920.754,79037.792,-1920.754,962.208,True,False,24.8417
418.74,FINE,THRUST,79974.211,30.4630321,0.6531453,135.5343,0.19176,False,False,-4.39771,2279.88141,2278.97428,-0.90714,0,0.00608,0.86039,0,0,0.86039,0,0,61.02233,0.860392,0.01409963,81937.829,79096.392,-1937.829,903.608,True,False,23.78905
418.88,FINE,THRUST,79973.621,30.4632231,0.6530701,135.56888,0.19169,False,False,-4.28818,2279.93606,2278.97528,-0.96078,0,0.00644,0.84635,0,0,0.84635,0,0,61.02468,0.8463456,0.01386891,81951.833,79145.058,-1951.833,854.942,True,False,22.58539
419.02,FINE,THRUST,79973.048,30.4634047,0.6529986,135.58585,0.19165,False,False,-4.17926,2279.98713,2278.97626,-1.01087,0,0.00678,0.83231,0,0,0.83231,0,0,61.027,0.8323127,0.01363843,81964.257,79191.101,-1964.257,808.899,True,False,21.15517
419.16,FINE,THRUST,79972.49,30.4635756,0.6529314,135.58262,0.19164,False,False,-4.07065,2280.03425,2278.97721,-1.05705,0,0.00709,0.81825,0,0,0.81825,0,0,61.02928,0.818252,0.01340753,81974.573,79234.613,-1974.573,765.387,True,False,19.53717
419.32,FINE,THRUST,79971.871,30.4637559,0.6528603,135.55081,0.19167,False,False,-3.94689,2280.08283,2278.97826,-1.10457,0,0.00741,0.80216,0,0,0.80216,0,0,61.03183,0.8021567,0.01314325,81983.19,79281.281,-1983.19,718.719,True,False,17.51081
419.46,FINE,THRUST,79971.345,30.4638997,0.6528036,135.49682,0.19173,False,False,-3.83875,2280.12052,2278.97916,-1.14136,0,0.00765,0.78803,0,0,0.78803,0,0,61.03403,0.7880255,0.01291125,81987.565,79319.598,-1987.565,680.402,True,False,15.63053
419.6,FINE,THRUST,79970.834,30.4640294,0.6527524,135.41607,0.19183,False,False,-3.73128,2280.15344,2278.98003,-1.17341,0,0.00787,0.77394,0,0,0.77394,0,0,61.03619,0.7739398,0.01268001,81988.709,79355.51,-1988.709,644.49,True,False,13.69483
419.74,FINE,THRUST,79970.336,30.4641447,0.6527068,135.30848,0.19197,False,False,-3.62446,2280.18162,2278.98087,-1.20075,0,0.00805,0.7599,0,0,0.7599,0,0,61.03831,0.7599006,0.01244957,81986.497,79389.183,-1986.497,610.817,True,False,11.74525
419.9,FINE,THRUST,79969.784,30.4642591,0.6526615,135.15282,0.19218,False,False,-3.50349,2280.20815,2278.98181,-1.22633,0,0.00822,0.74396,0,0,0.74396,0,0,61.04068,0.743963,0.01218799,81979.846,79425.063,-1979.846,574.937,True,False,9.55174
420.04,FINE,THRUST,79969.316,30.4643445,0.6526276,134.98917,0.19241,False,False,-3.39857,2280.22659,2278.98261,-1.24398,0,0.00834,0.73011,0,0,0.73011,0,0,61.04272,0.7301067,0.01196059,81970.468,79454.392,-1970.468,545.608,True,False,7.7072
420.18,FINE,THRUST,79968.86,30.4644164,0.652599,134.80069,0.19267,False,False,-3.29516,2280.2408,2278.98339,-1.25741,0,0.00843,0.71643,0,0,0.71643,0,0,61.04472,0.7164335,0.01173621,81957.988,79481.818,-1957.988,518.182,True,False,5.97193
420.32,FINE,THRUST,79968.418,30.4644759,0.6525753,134.58954,0.19297,False,False,-3.19323,2280.25114,2278.98414,-1.267,0,0.0085,0.70294,0,0,0.70294,0,0,61.04668,0.7029393,0.01151478,81942.649,79507.54,-1942.649,492.46,True,False,4.38402
420.48,FINE,THRUST,79967.928,30.4645303,0.6525536,134.32344,0.19334,False,False,-3.07877,2280.25871,2278.98498,-1.27374,0,0.00854,0.68777,0,0,0.68777,0,0,61.04888,0.6877692,0.01126588,81922.032,79535.03,-1922.032,464.97,True,False,2.81175
420.62,FINE,THRUST,79967.514,30.4645683,0.6525384,134.07353,0.1937,False,False,-2.98027,2280.26211,2278.98568,-1.27642,0,0.00856,0.67469,0,0,0.67469,0,0,61.05077,0.6746904,0.0110513,81901.632,79557.636,-1901.632,442.364,True,False,1.74679
420.76,FINE,THRUST,79967.112,30.4645971,0.6525268,133.80759,0.19408,False,False,-2.88376,2280.26296,2278.98637,-1.27659,0,0.00856,0.66187,0,0,0.66187,0,0,61.05262,0.6618656,0.0108409,81879.547,79578.953,-1879.547,421.047,True,False,1.21468
420.9,FINE,THRUST,79966.724,30.4646169,0.6525188,133.52609,0.19449,False,False,-2.7891,2280.26176,2278.98703,-1.27473,0,0.00855,0.64927,0,0,0.64927,0,0,61.05443,0.6492658,0.01063421,81856.172,79599.169,-1856.172,400.831,True,False,1.38228
421.06,FINE,THRUST,79966.295,30.464629,0.6525139,133.18638,0.19498,False,False,-2.68318,2280.25851,2278.98776,-1.27074,0,0.00852,0.63514,0,0,0.63514,0,0,61.05646,0.6351424,0.01040254,81828.451,79621.088,-1828.451,378.912,True,False,1.87459
421.2,FINE,THRUST,79965.934,30.464631,0.6525132,132.87483,0.19544,False,False,-2.59223,2280.25451,2278.98838,-1.26613,0,0.00849,0.62298,0,0,0.62298,0,0,61.0582,0.6229802,0.01020306,81803.732,79639.417,-1803.732,360.583,True,False,2.23465
421.34,FINE,THRUST,79965.585,30.4646254,0.6525154,132.55107,0.19591,False,False,-2.50322,2280.24993,2278.98898,-1.26096,0,0.00845,0.61105,0,0,0.61105,0,0,61.0599,0.6110505,0.01000739,81779.139,79656.992,-1779.139,343.008,True,False,2.45329
421.48,FINE,THRUST,79965.248,30.4646141,0.65252,132.21857,0.19641,False,False,-2.41591,2280.24517,2278.98955,-1.25562,0,0.00842,0.59932,0,0,0.59932,0,0,61.06158,0.5993158,0.00981494,81755.004,79673.937,-1755.004,326.063,True,False,2.52355
421.64,FINE,THRUST,79964.878,30.4645975,0.6525268,131.83403,0.19698,False,False,-2.31818,2280.23988,2278.99019,-1.2497,0,0.00838,0.58614,0,0,0.58614,0,0,61.06345,0.5861372,0.00959882,81728.373,79692.606,-1728.373,307.394,True,False,2.44164
421.78,FINE,THRUST,79964.567,30.4645825,0.6525329,131.49854,0.19749,False,False,-2.2342,2280.23566,2278.99072,-1.24494,0,0.00835,0.57477,0,0,0.57477,0,0,61.06506,0.5747652,0.00941234,81706.123,79708.428,-1706.123,291.572,True,False,2.26665
421.92,FINE,THRUST,79964.268,30.4645697,0.6525382,131.1686,0.19799,False,False,-2.15195,2280.23203,2278.99123,-1.2408,0,0.00832,0.56359,0,0,0.56359,0,0,61.06664,0.5635912,0.00922912,81685.155,79723.733,-1685.155,276.267,True,False,2.04919
422.06,FINE,THRUST,79963.978,30.4645612,0.6525417,130.84811,0.19847,False,False,-2.07123,2280.22916,2278.99173,-1.23743,0,0.0083,0.55258,0,0,0.55258,0,0,61.06818,0.5525848,0.00904865,81665.604,79738.572,-1665.604,261.428,True,False,1.86635
422.22,FINE,THRUST,79963.656,30.4645605,0.6525419,130.49981,0.199,False,False,-1.98087,2280.22677,2278.99228,-1.23449,0,0.00828,0.54026,0,0,0.54026,0,0,61.06991,0.5402568,0.00884653,81644.967,79754.929,-1644.967,245.071,True,False,1.82253
422.36,FINE,THRUST,79963.391,30.4645697,0.6525381,130.21374,0.19944,False,False,-1.90323,2280.22541,2278.99273,-1.23267,0,0.00827,0.52959,0,0,0.52959,0,0,61.07139,0.5295901,0.00867166,81628.347,79768.75,-1628.347,231.25,True,False,1.99634
422.5,FINE,THRUST,79963.136,30.4645891,0.6525301,129.94686,0.19984,False,False,-1.82723,2280.2247,2278.99317,-1.23153,0,0.00826,0.51911,0,0,0.51911,0,0,61.07284,0.519106,0.00849978,81613.097,79782.034,-1613.097,217.966,True,False,2.35145
422.64,FINE,THRUST,79962.892,30.4646193,0.6525174,129.70001,0.20022,True,False,-1.75273,2280.22456,2278.99359,-1.23097,0,0.00825,0.50879,8,0,0.50879,8,0,61.07426,8.0161629,0.13125272,81599.106,79794.791,-1599.106,205.209,True,False,-83.5736
422.8,FINE,THRUST,79962.709,30.46495,0.6523793,129.93576,0.19981,False,False,-1.22151,2280.22326,2278.99402,-1.22924,0,0.00824,0.42544,0,0,0.42544,0,0,61.09339,0.4254406,0.00696377,81514.757,79876.145,-1514.757,123.855,True,False,3.53071
422.94,FINE,THRUST,79962.652,30.4653731,0.6522031,130.37989,0.19908,False,False,-0.40594,2280.23407,2278.99417,-1.2399,0,0.00831,0.29546,0,0,0.29546,0,0,61.10047,0.2954638,0.0048357,81451.314,79951.815,-1451.314,48.185,True,False,4.29688
423.08,FINE,THRUST,79962.603,30.4654235,0.6521821,130.16698,0.1994,False,False,-0.35078,2280.23443,2278.99426,-1.24017,0,0.00832,0.28698,0,0,0.28698,0,0,61.10138,0.2869761,0.00469672,81449.086,79954.25,-1449.086,45.75,True,False,4.89623
423.22,FINE,THRUST,79962.56,30.4654791,0.6521589,129.96406,0.1997,False,False,-0.30898,2280.23427,2278.99434,-1.23993,0,0.00831,0.28059,0,0,0.28059,0,0,61.10217,0.2805876,0.00459211,81447.103,79955.849,-1447.103,44.151,True,False,5.32107
423.38,FINE,THRUST,79962.518,30.4655494,0.6521295,129.74462,0.20003,True,False,-0.26262,2280.23407,2278.99442,-1.23965,0,0.00831,0.27347,8,0,0.27347,8,0,61.10305,8.0046726,0.13100284,81445.136,79957.388,-1445.136,42.612,True,False,-82.44775
423.54,FINE,THRUST,79962.568,30.4662918,0.6518191,130.71412,0.19845,False,False,0.24157,2280.23138,2278.99445,-1.23693,0,0.00829,0.19294,0,0,0.19294,0,0,61.12197,0.1929422,0.00315667,81441.227,79957.996,-1441.227,42.004,True,False,5.9883
423.68,FINE,THRUST,79962.714,30.4671333,0.6514704,131.9271,0.19653,False,False,1.04478,2280.24138,2278.99426,-1.24712,0,0.00836,0.06364,0,0,0.06364,0,0,61.12859,0.0636386,0.00104106,81513.004,79898.921,-1513.004,101.079,True,False,6.49452
423.82,FINE,THRUST,79962.863,30.467165,0.6514573,131.67527,0.1969,False,False,1.06757,2280.24089,2278.99401,-1.24688,0,0.00836,0.05905,0,0,0.05905,0,0,61.12886,0.05905,0.00096599,81515.535,79896.405,-1515.535,103.595,True,False,6.8257
423.98,FINE,THRUST,79963.035,30.4671845,0.6514492,131.35848,0.19737,False,False,1.07868,2280.24012,2278.99373,-1.24639,0,0.00836,0.05618,0,0,0.05618,0,0,61.12905,0.0561809,0.00091905,81516.466,79895.242,-1516.466,104.758,True,False,6.98762
424.12,FINE,THRUST,79963.188,30.4672015,0.6514422,131.08242,0.19778,False,False,1.08787,2280.23941,2278.99347,-1.24594,0,0.00835,0.05374,0,0,0.05374,0,0,61.12921,0.0537425,0.00087916,81517.206,79894.277,-1517.206,105.723,True,False,6.94681
424.26,FINE,THRUST,79963.342,30.4672177,0.6514354,130.80609,0.1982,False,False,1.09669,2280.23872,2278.99322,-1.24551,0,0.00835,0.05135,0,0,0.05135,0,0,61.12935,0.0513544,0.00084009,81517.922,79893.351,-1517.922,106.649,True,False,6.74667
424.4,FINE,THRUST,79963.498,30.4672328,0.6514291,130.52887,0.19862,False,False,1.10518,2280.23805,2278.99296,-1.24509,0,0.00835,0.04901,0,0,0.04901,0,0,61.12949,0.049009,0.00080172,81518.629,79892.46,-1518.629,107.54,True,False,6.40485
424.56,FINE,THRUST,79963.677,30.4672481,0.6514227,130.21033,0.1991,False,False,1.11448,2280.2373,2278.99266,-1.24465,0,0.00835,0.04638,0,0,0.04638,0,0,61.12965,0.0463809,0.00075873,81519.432,79891.484,-1519.432,108.516,True,False,5.86294
424.7,FINE,THRUST,79963.835,30.4672599,0.6514177,129.92992,0.19953,False,False,1.12232,2280.23667,2278.99239,-1.24428,0,0.00834,0.04412,0,0,0.04412,0,0,61.12978,0.0441196,0.00072174,81520.134,79890.661,-1520.134,109.339,True,False,5.27839
424.84,FINE,THRUST,79963.995,30.4672699,0.6514135,129.64756,0.19996,False,False,1.12983,2280.23606,2278.99213,-1.24394,0,0.00834,0.0419,0,0,0.0419,0,0,61.1299,0.0419048,0.0006855,81520.826,79889.876,-1520.826,110.124,True,False,4.60999
424.98,FINE,THRUST,79964.155,30.4672781,0.6514101,129.36331,0.2004,True,False,1.13704,2280.23547,2278.99186,-1.24361,0,0.00834,0.03973,8,0,0.03973,8,0,61.13001,8.0000987,0.13087023,81521.502,79889.125,-1521.502,110.875,True,False,-85.85573
425.14,FINE,THRUST,79964.427,30.4677177,0.651224,129.79972,0.19967,False,False,1.6192,2280.23108,2278.99152,-1.23956,0,0.00831,-0.03868,0,0,-0.03868,0,0,61.14876,0.0386839,0.00063262,81587.16,79819.377,-1587.16,180.623,True,False,-176.8086
425.28,FINE,THRUST,79964.766,30.4681157,0.6510562,130.20897,0.19899,False,False,2.41783,2280.22749,2278.99101,-1.23648,0,0.00829,-0.16841,0,0,-0.16841,0,0,61.15507,0.1684083,0.00275379,81734.86,79669.447,-1734.86,330.553,True,False,-176.98278
425.42,FINE,THRUST,79965.107,30.4681126,0.6510575,129.90184,0.19946,False,False,2.42953,2280.22685,2278.99044,-1.23641,0,0.00829,-0.17245,0,0,-0.17245,0,0,61.15543,0.1724502,0.00281987,81737.588,79667.334,-1737.588,332.666,True,False,-176.6896
425.56,FINE,THRUST,79965.45,30.4681087,0.6510592,129.59495,0.19993,False,False,2.4543,2280.22655,2278.98986,-1.23668,0,0.00829,-0.1786,0,0,-0.1786,0,0,61.15589,0.1786021,0.00292044,81743.43,79662.532,-1743.43,337.468,True,False,-175.86956
425.72,FINE,THRUST,79965.845,30.4681066,0.6510601,129.25,0.20047,True,False,2.48346,2280.2259,2278.9892,-1.23669,0,0.00829,-0.18579,8,0,-0.18579,8,0,61.15645,8.002157,0.13084732,81750.021,79656.787,-1750.021,343.213,True,False,-86.61335
425.88,FINE,THRUST,79966.33,30.468281,0.6509858,129.21817,0.20049,True,False,2.98035,2280.21841,2278.98851,-1.2299,0,0.00825,-0.2679,8,0,-0.2679,8,0,61.17531,8.0044845,0.13084503,81854.192,79546.043,-1854.192,453.957,True,False,-85.55089
426.04,FINE,THRUST,79967.015,30.4690694,0.6506513,130.28192,0.19875,False,False,4.25436,2280.17246,2278.98753,-1.18493,0,0.00794,-0.47519,0,0,-0.47519,0,0,61.20028,0.4751877,0.00776447,82129.711,79220.333,-2129.711,779.667,True,False,-168.62722
426.18,FINE,THRUST,79967.712,30.4698905,0.6503058,131.47148,0.19684,False,False,5.0673,2280.11688,2278.98641,-1.13046,0,0.00758,-0.60915,0,0,-0.60915,0,0,61.20746,0.6091526,0.00995226,82301.681,78986.554,-2301.681,1013.446,True,False,-165.15886
426.34,FINE,THRUST,79968.515,30.4700262,0.6502489,131.36864,0.19698,False,False,5.15116,2280.1047,2278.98507,-1.11963,0,0.00751,-0.62762,0,0,-0.62762,0,0,61.20925,0.6276151,0.0102536,82316.471,78960.702,-2316.471,1039.298,True,False,-160.59315
426.48,FINE,THRUST,79969.221,30.4702206,0.6501672,131.41827,0.19688,False,False,5.23556,2280.08848,2278.98389,-1.10459,0,0.00741,-0.64553,0,0,-0.64553,0,0,61.21095,0.6455259,0.01054592,82327.977,78932.939,-2327.977,1067.061,True,False,-156.07079
426.62,FINE,THRUST,79969.927,30.4704819,0.6500575,131.59182,0.19658,False,False,5.3206,2280.06735,2278.98271,-1.08464,0,0.00727,-0.66353,0,0,-0.66353,0,0,61.2127,0.6635276,0.01083971,82335.821,78903.007,-2335.821,1096.993,True,False,-151.05666
426.76,FINE,THRUST,79970.631,30.470819,0.649916,131.90745,0.19607,False,False,5.40531,2280.04068,2278.98153,-1.05915,0,0.0071,-0.68141,0,0,-0.68141,0,0,61.2145,0.6814066,0.01113146,82339.311,78870.846,-2339.311,1129.154,True,False,-145.57097
426.92,FINE,THRUST,79971.441,30.4713081,0.6497113,132.46622,0.19518,False,False,5.50006,2280.00221,2278.98017,-1.02203,0,0.00685,-0.70149,0,0,-0.70149,0,0,61.21661,0.7014945,0.01145922,82336.678,78831.217,-2336.678,1168.783,True,False,-138.78137
427.06,FINE,THRUST,79972.147,30.4718323,0.6494928,133.14375,0.19411,False,False,5.57909,2279.96106,2278.97899,-0.98207,0,0.00658,-0.7184,0,0,-0.7184,0,0,61.21851,0.7183989,0.01173499,82327.775,78794.248,-2327.775,1205.752,True,False,-132.4244
427.2,FINE,THRUST,79972.849,30.4724533,0.6492351,134.01751,0.19277,False,False,5.65316,2279.91273,2278.97781,-0.93492,0,0.00627,-0.73444,0,0,-0.73444,0,0,61.22046,0.734443,0.01199669,82312.337,78755.254,-2312.337,1244.746,True,False,-125.71209
427.34,FINE,THRUST,79973.548,30.4731709,0.6489393,135.09613,0.19114,False,False,5.72022,2279.85767,2278.97663,-0.88104,0,0.00591,-0.7493,0,0,-0.7493,0,0,61.22245,0.7492985,0.01223895,82290.329,78714.815,-2290.329,1285.185,True,False,-118.67038
427.5,FINE,THRUST,79974.341,30.4741067,0.6485566,136.58938,0.18893,False,False,5.78588,2279.78736,2278.9753,-0.81206,0,0.00544,-0.76444,0,0,-0.76444,0,0,61.22478,0.7644353,0.01248572,82257.313,78667.647,-2257.313,1332.353,True,False,-110.24088
427.64,FINE,THRUST,79975.029,30.4750178,0.6481876,138.12055,0.18672,False,False,5.83148,2279.72066,2278.97414,-0.74651,0,0.005,-0.77571,0,0,-0.77571,0,0,61.22686,0.7757149,0.01266952,82222.039,78626.57,-2222.039,1373.43,True,False,-102.54501
427.78,FINE,THRUST,79975.712,30.4760078,0.6477909,139.8618,0.18428,False,False,5.86433,2279.65024,2278.97299,-0.67725,0,0.00454,-0.7849,0,0,-0.7849,0,0,61.22897,0.7848963,0.01281903,82181.27,78586.552,-2181.27,1413.448,True,False,-94.56776
427.92,FINE,THRUST,79976.391,30.47706,0.647374,141.79329,0.18165,False,False,5.88274,2279.57787,2278.97185,-0.60602,0,0.00406,-0.79173,0,0,-0.79173,0,0,61.23111,0.7917256,0.01293012,82135.863,78548.815,-2135.863,1451.185,True,False,-86.31767
428.08,FINE,THRUST,79977.163,30.4783144,0.6468839,144.1974,0.17848,False,False,5.88451,2279.49518,2278.97055,-0.52463,0,0.00352,-0.79641,0,0,-0.79641,0,0,61.23357,0.7964139,0.01300616,82079.536,78510.102,-2079.536,1489.898,True,False,-76.57246
428.22,FINE,THRUST,79977.836,30.4794296,0.6464543,146.42241,0.17564,False,False,5.8683,2279.42527,2278.96942,-0.45584,0,0.00306,-0.79767,0,0,-0.79767,0,0,61.23574,0.7976708,0.01302623,82027.724,78481.626,-2027.724,1518.374,True,False,-67.79612
428.36,FINE,THRUST,79978.51,30.4805366,0.6460336,148.70795,0.17283,False,False,5.83481,2279.36033,2278.9683,-0.39204,0,0.00263,-0.79619,0,0,-0.79619,0,0,61.23792,0.7961934,0.01300164,81975.043,78459.916,-1975.043,1540.084,True,False,-58.92382
428.5,FINE,THRUST,79979.19,30.4816059,0.6456328,150.98166,0.17011,False,False,5.78349,2279.30416,2278.96716,-0.33699,0,0.00226,-0.79194,0,0,-0.79194,0,0,61.2401,0.7919411,0.01293174,81923.634,78447.32,-1923.634,1552.68,True,False,-50.11036
428.66,FINE,THRUST,79979.976,30.4827334,0.6452159,153.43013,0.16729,False,False,5.70511,2279.25362,2278.96585,-0.28777,0,0.00193,-0.78407,0,0,-0.78407,0,0,61.24257,0.7840666,0.01280264,81868.638,78445.401,-1868.638,1554.599,True,False,-40.32
428.8,FINE,THRUST,79980.673,30.4835992,0.6448997,155.32028,0.16517,False,False,5.62237,2279.22262,2278.96469,-0.25792,0,0.00173,-0.77506,0,0,-0.77506,0,0,61.24472,0.7750571,0.01265508,81825.236,78454.704,-1825.236,1545.296,True,False,-32.13713
428.94,FINE,THRUST,79981.378,30.4843172,0.6446399,156.85335,0.16349,False,False,5.53008,2279.20254,2278.96352,-0.23902,0,0.0016,-0.76465,0,0,-0.76465,0,0,61.24685,0.7646493,0.01248471,81786.199,78472.614,-1786.199,1527.386,True,False,-24.57455
429.08,FINE,THRUST,79982.092,30.4848563,0.6444463,157.91558,0.16234,False,False,5.43091,2279.19164,2278.96233,-0.22931,0,0.00154,-0.75326,0,0,-0.75326,0,0,61.24894,0.7532552,0.01229826,81751.083,78497.502,-1751.083,1502.498,True,False,-17.95855
429.24,FINE,THRUST,79982.912,30.4852761,0.6442961,158.58938,0.16161,False,False,5.31385,2279.19002,2278.96096,-0.22906,0,0.00154,-0.73976,0,0,-0.73976,0,0,61.2513,0.7397589,0.01207744,81716.847,78532.901,-1716.847,1467.099,True,False,-12.38328
429.38,FINE,THRUST,79983.632,30.4854922,0.6442189,158.75141,0.16143,False,False,5.21087,2279.19745,2278.95976,-0.23769,0,0.00159,-0.72794,0,0,-0.72794,0,0,61.25334,0.7279437,0.01188415,81692.48,78568.799,-1692.48,1431.201,True,False,-10.74301
429.52,FINE,THRUST,79984.35,30.4855807,0.6441873,158.54944,0.16163,False,False,5.10963,2279.21226,2278.95855,-0.25371,0,0.0017,-0.71646,0,0,-0.71646,0,0,61.25533,0.716457,0.01169624,81673.499,78608.085,-1673.499,1391.915,True,False,-12.65155
429.66,FINE,THRUST,79985.066,30.4855557,0.6441963,158.02538,0.16217,False,False,5.01124,2279.2336,2278.95735,-0.27626,0,0.00185,-0.70546,0,0,-0.70546,0,0,61.2573,0.7054582,0.01151631,81659.781,78649.861,-1659.781,1350.139,True,False,-16.41768
429.82,FINE,THRUST,79985.876,30.485406,0.6442502,157.09032,0.16315,False,False,4.90347,2279.26488,2278.95598,-0.30889,0,0.00207,-0.69365,0,0,-0.69365,0,0,61.25952,0.6936451,0.01132306,81650.313,78699.565,-1650.313,1300.435,True,False,21.28982
429.96,FINE,THRUST,79986.577,30.4851842,0.6443307,156.02946,0.16428,False,False,4.81366,2279.29743,2278.9548,-0.34263,0,0.0023,-0.68402,0,0,-0.68402,0,0,61.26142,0.6840176,0.01116555,81647.182,78744.065,-1647.182,1255.935,True,False,25.47254
430.1,FINE,THRUST,79987.269,30.4848921,0.6444374,154.7918,0.16562,False,False,4.72861,2279.33396,2278.95363,-0.38033,0,0.00255,-0.67513,0,0,-0.67513,0,0,61.2633,0.6751254,0.01102006,81648.584,78788.755,-1648.584,1211.245,True,False,29.37735
430.24,FINE,THRUST,79987.951,30.484542,0.6445665,153.41902,0.16714,False,False,4.64822,2279.37389,2278.95248,-0.42141,0,0.00282,-0.66694,0,0,-0.66694,0,0,61.26515,0.6669388,0.0108861,81654.216,78833.252,-1654.216,1166.748,True,False,32.92749
430.4,FINE,THRUST,79988.716,30.4840857,0.6447363,151.734,0.16904,False,False,4.56186,2279.423,2278.95119,-0.47181,0,0.00316,-0.65841,0,0,-0.65841,0,0,61.26724,0.6584056,0.01074645,81665.447,78883.426,-1665.447,1116.574,True,False,36.50427
430.54,FINE,THRUST,79989.373,30.4836485,0.6449008,150.19387,0.17083,False,False,4.4907,2279.46858,2278.95007,-0.51851,0,0.00348,-0.65158,0,0,-0.65158,0,0,61.26905,0.6515813,0.01063475,81679.162,78926.538,-1679.162,1073.462,True,False,39.19563
430.68,FINE,THRUST,79990.017,30.4831871,0.6450762,148.62541,0.17268,False,False,4.42343,2279.5161,2278.94898,-0.56712,0,0.0038,-0.64532,0,0,-0.64532,0,0,61.27083,0.6453151,0.01053217,81696.177,78968.643,-1696.177,1031.357,True,False,41.46849
430.82,FINE,THRUST,79990.649,30.4827097,0.6452596,147.05183,0.17458,False,False,4.35953,2279.56531,2278.94791,-0.6174,0,0.00414,-0.63952,0,0,-0.63952,0,0,61.2726,0.6395182,0.01043726,81716.241,79009.708,-1716.241,990.292,True,False,43.32335
430.98,FINE,THRUST,79991.355,30.4821549,0.6454751,145.274,0.17678,False,False,4.29001,2279.62333,2278.94671,-0.67661,0,0.00454,-0.63337,0,0,-0.63337,0,0,61.2746,0.6333655,0.01033651,81742.579,79055.319,-1742.579,944.681,True,False,44.93495
431.12,FINE,THRUST,79991.96,30.4816694,0.645666,143.75479,0.1787,False,False,4.2316,2279.67548,2278.94569,-0.72979,0,0.00489,-0.62829,0,0,-0.62829,0,0,61.27634,0.6282901,0.01025339,81768.373,79094.124,-1768.373,905.876,True,False,45.90734
431.26,FINE,THRUST,79992.551,30.481193,0.6458551,142.28968,0.1806,False,False,4.175,2279.72869,2278.94468,-0.78401,0,0.00526,-0.62343,0,0,-0.62343,0,0,61.27806,0.6234299,0.01017379,81796.474,79131.873,-1796.474,868.127,True,False,46.48973
431.4,FINE,THRUST,79993.13,30.4807381,0.6460376,140.90361,0.18243,False,False,4.11957,2279.78308,2278.9437,-0.83937,0,0.00563,-0.61868,0,0,-0.61868,0,0,61.27977,0.6186838,0.01009605,81826.833,79168.739,-1826.833,831.261,True,False,46.70623
431.56,FINE,THRUST,79993.777,30.4802555,0.6462332,139.43566,0.18442,False,False,4.05703,2279.84651,2278.9426,-0.9039,0,0.00606,-0.6133,0,0,-0.6133,0,0,61.28171,0.6133014,0.0100079,81864.065,79209.843,-1864.065,790.157,True,False,46.52826
431.7,FINE,THRUST,79994.328,30.4798703,0.6463909,138.25679,0.18604,False,False,4.00252,2279.90287,2278.94167,-0.96121,0,0.00644,-0.60855,0,0,-0.60855,0,0,61.28339,0.6085484,0.00993007,81898.559,79244.907,-1898.559,755.093,True,False,46.01683
431.84,FINE,THRUST,79994.864,30.479522,0.6465345,137.17681,0.18755,False,False,3.94794,2279.95958,2278.94076,-1.01882,0,0.00683,-0.60367,0,0,-0.60367,0,0,61.28506,0.6036692,0.00985019,81934.381,79278.998,-1934.381,721.002,True,False,45.18575
431.98,FINE,THRUST,79995.394,30.4792101,0.6466643,136.18993,0.18895,False,False,3.89295,2280.01619,2278.93986,-1.07633,0,0.00722,-0.59868,0,0,-0.59868,0,0,61.28671,0.5986827,0.00976856,81971.101,79312.077,-1971.101,687.923,True,False,44.0331
432.14,FINE,THRUST,79995.986,30.4788976,0.6467953,135.16994,0.19042,False,False,3.82925,2280.08019,2278.93886,-1.14134,0,0.00765,-0.59276,0,0,-0.59276,0,0,61.28858,0.5927622,0.00967166,82013.54,79348.565,-2013.54,651.435,True,False,42.32656
432.28,FINE,THRUST,79996.492,30.4786596,0.6468957,134.36212,0.1916,False,False,3.77241,2280.13512,2278.938,-1.19712,0,0.00803,-0.58732,0,0,-0.58732,0,0,61.29021,0.5873206,0.00958262,82050.527,79379.317,-2050.527,620.683,True,False,40.48885
432.42,FINE,THRUST,79996.987,30.4784523,0.6469838,133.62546,0.19269,False,False,3.71441,2280.1884,2278.93716,-1.25124,0,0.00839,-0.58161,0,0,-0.58161,0,0,61.29182,0.5816106,0.0094892,82086.712,79408.879,-2086.712,591.121,True,False,38.32335
432.56,FINE,THRUST,79997.471,30.4782726,0.6470606,132.9515,0.19369,False,False,3.65499,2280.23957,2278.93634,-1.30323,0,0.00874,-0.57559,0,0,-0.57559,0,0,61.29341,0.5755908,0.00939075,82121.535,79437.254,-2121.535,562.746,True,False,35.82643
432.72,FINE,THRUST,79998.012,30.4780974,0.6471359,132.24875,0.19475,False,False,3.58518,2280.29479,2278.93542,-1.35937,0,0.00911,-0.5683,0,0,-0.5683,0,0,61.29522,0.5682998,0.00927152,82158.874,79468.204,-2158.874,531.796,True,False,-32.55912
432.86,FINE,THRUST,79998.475,30.4779676,0.647192,131.68549,0.1956,False,False,3.52221,2280.33974,2278.93464,-1.4051,0,0.00942,-0.56153,0,0,-0.56153,0,0,61.29678,0.5615266,0.00916079,82188.746,79494.014,-2188.746,505.986,True,False,-29.33463
433,FINE,THRUST,79998.928,30.477858,0.6472395,131.16595,0.19639,False,False,3.45757,2280.38084,2278.93387,-1.44698,0,0.0097,-0.5544,0,0,-0.5544,0,0,61.29832,0.554401,0.00904431,82215.252,79518.565,-2215.252,481.435,True,False,-25.79435
433.14,FINE,THRUST,79999.374,30.4777684,0.6472786,130.68837,0.19713,False,False,3.39106,2280.41729,2278.93311,-1.48417,0,0.00995,-0.54689,0,0,-0.54689,0,0,61.29984,0.5468902,0.00892156,82237.416,79541.838,-2237.416,458.162,True,False,-22.01318
433.3,FINE,THRUST,79999.876,30.4776903,0.6473128,130.19276,0.19789,False,False,3.31288,2280.45221,2278.93227,-1.51994,0,0.01019,-0.53786,0,0,-0.53786,0,0,61.30155,0.5378579,0.00877397,82256.282,79566.797,-2256.282,433.203,True,False,-17.50601
433.44,FINE,THRUST,80000.309,30.4776425,0.6473338,129.80043,0.1985,False,False,3.24288,2280.47644,2278.93153,-1.54491,0,0.01036,-0.52962,0,0,-0.52962,0,0,61.30303,0.5296158,0.00863931,82266.627,79587.197,-2266.627,412.803,True,False,-13.49429
433.58,FINE,THRUST,80000.737,30.4776127,0.6473469,129.44419,0.19905,False,False,3.17218,2280.49453,2278.93081,-1.56371,0,0.01048,-0.52119,0,0,-0.52119,0,0,61.30449,0.5211856,0.00850159,82270.988,79606.17,-2270.988,393.83,True,False,-9.5083
433.72,FINE,THRUST,80001.16,30.4775998,0.6473526,129.12104,0.19955,False,False,3.10125,2280.50652,2278.9301,-1.57642,0,0.01057,-0.51265,0,0,-0.51265,0,0,61.30592,0.5126478,0.00836213,82269.42,79623.749,-2269.42,376.251,True,False,-5.63958
433.88,FINE,THRUST,80001.637,30.4776038,0.6473509,128.78819,0.20007,True,False,3.02068,2280.51307,2278.92929,-1.58378,0,0.01062,-0.50288,8,0,-0.50288,8,0,61.30753,8.01579,0.13074724,82260.677,79642.163,-2260.677,357.837,True,False,85.65727
434.04,FINE,THRUST,80002.023,30.4777412,0.6472897,128.70437,0.20018,True,False,2.4925,2280.51411,2278.92853,-1.58558,0,0.01063,-0.4213,8,0,-0.4213,8,0,61.32673,8.0110858,0.1306296,82159.171,79745.989,-2159.171,254.011,True,False,85.17863
434.2,FINE,THRUST,80002.213,30.4777378,0.6472912,128.35862,0.20072,True,False,1.2175,2280.49366,2278.92805,-1.56561,0,0.0105,-0.21901,8,0,-0.21901,8,0,61.3518,8.0029973,0.13044439,81945.46,79935.108,-1945.46,64.892,True,False,84.96868
434.36,FINE,THRUST,80002.209,30.4777337,0.647293,128.00954,0.20125,True,False,-0.05276,2280.39238,2278.92789,-1.46448,0,0.00982,-0.01568,8,0,-0.01568,8,0,61.37684,8.0000154,0.13034257,81756.119,80003.089,-1756.119,-3.089,True,False,84.06118
434.52,FINE,THRUST,80002.017,30.4782366,0.6470678,128.59366,0.20025,True,False,-1.30879,2280.18735,2278.92806,-1.2593,0,0.00844,0.18729,8,0,0.18729,8,0,61.4019,8.0021921,0.13032484,81605.882,79907.849,-1605.882,92.151,True,False,82.4179
434.68,FINE,THRUST,80001.646,30.4795141,0.6465011,130.65813,0.19689,False,False,-2.53663,2279.86702,2278.92853,-0.93848,0,0.00629,0.38771,0,0,0.38771,0,0,61.42696,0.387706,0.00631166,81508.442,79621.98,-1508.442,378.02,True,False,153.05441
434.82,FINE,THRUST,80001.241,30.4808326,0.6459252,132.93428,0.19332,False,False,-3.29427,2279.59687,2278.92917,-0.6677,0,0.00448,0.51319,0,0,0.51319,0,0,61.43399,0.5131902,0.00835352,81465.334,79341.518,-1465.334,658.482,True,False,146.46034
434.96,FINE,THRUST,80000.843,30.4809785,0.645862,132.90908,0.19334,False,False,-3.34616,2279.57277,2278.92985,-0.64293,0,0.00431,0.52423,0,0,0.52423,0,0,61.4353,0.5242324,0.00853308,81458.957,79317.32,-1458.957,682.68,True,False,139.42672
435.12,FINE,THRUST,80000.4,30.481251,0.6457437,133.09373,0.19303,False,False,-3.41334,2279.53195,2278.9306,-0.60135,0,0.00403,0.53813,0,0,0.53813,0,0,61.43693,0.5381334,0.00875912,81443.672,79281.762,-1443.672,718.238,True,False,130.83979
435.26,FINE,THRUST,80000.024,30.4815601,0.6456098,133.39951,0.19254,False,False,-3.46705,2279.48938,2278.93124,-0.55814,0,0.00374,0.54946,0,0,0.54946,0,0,61.4384,0.5494644,0.00894334,81424.169,79248.562,-1424.169,751.438,True,False,122.8429
435.4,FINE,THRUST,79999.66,30.4819395,0.6454457,133.85164,0.19184,False,False,-3.51459,2279.44048,2278.93186,-0.50862,0,0.00341,0.55978,0,0,0.55978,0,0,61.43989,0.559778,0.00911099,81398.829,79213.598,-1398.829,786.402,True,False,114.39517
435.54,FINE,THRUST,79999.307,30.4823892,0.6452518,134.45375,0.19092,False,False,-3.55388,2279.38608,2278.93246,-0.45362,0,0.00304,0.56873,0,0,0.56873,0,0,61.44142,0.568734,0.00925653,81367.938,79177.582,-1367.938,822.418,True,False,105.52674
435.7,FINE,THRUST,79998.915,30.4829882,0.6449946,135.32976,0.1896,False,False,-3.58595,2279.31877,2278.93313,-0.38564,0,0.00259,0.57687,0,0,0.57687,0,0,61.44319,0.5768669,0.00938862,81326.499,79136.377,-1326.499,863.623,True,False,94.93375
435.84,FINE,THRUST,79998.58,30.4835743,0.6447444,136.24101,0.18826,False,False,-3.60072,2279.25735,2278.9337,-0.32366,0,0.00217,0.58181,0,0,0.58181,0,0,61.44477,0.5818135,0.00946889,81285.86,79101.671,-1285.86,898.329,True,False,85.31136
435.98,FINE,THRUST,79998.248,30.484202,0.644478,137.25861,0.18678,False,False,-3.60175,2279.19548,2278.93426,-0.26122,0,0.00175,0.58453,0,0,0.58453,0,0,61.44636,0.5845292,0.00951284,81242.117,79069.501,-1242.117,930.499,True,False,75.40368
436.12,FINE,THRUST,79997.916,30.4848487,0.6442053,138.33764,0.18524,False,False,-3.5883,2279.13545,2278.93481,-0.20064,0,0.00134,0.5849,0,0,0.5849,0,0,61.44796,0.5849046,0.0095187,81196.565,79041.329,-1196.565,958.671,True,False,65.25737
436.28,FINE,THRUST,79997.528,30.4855773,0.6439002,139.57298,0.18351,False,False,-3.55488,2279.07211,2278.93545,-0.13666,0,0.00092,0.58243,0,0,0.58243,0,0,61.44979,0.5824342,0.00947821,81143.966,79015.956,-1143.966,984.044,True,False,53.56563
436.42,FINE,THRUST,79997.174,30.486176,0.6436512,140.58716,0.18211,False,False,-3.5096,2279.02508,2278.93603,-0.08905,0,0.0006,0.57772,0,0,0.57772,0,0,61.45139,0.5777186,0.00940123,81099.498,79002.21,-1099.498,997.79,True,False,43.56144
436.56,FINE,THRUST,79996.802,30.4867108,0.6434301,141.47043,0.18091,False,False,-3.45116,2278.98918,2278.93664,-0.05254,0,0.00035,0.57093,0,0,0.57093,0,0,61.45298,0.5709283,0.00929049,81058.693,78998.106,-1058.693,1001.894,True,False,33.98411
436.7,FINE,THRUST,79996.412,30.487151,0.6432488,142.1434,0.18,False,False,-3.38341,2278.96398,2278.93727,-0.0267,0,0.00018,0.56269,0,0,0.56269,0,0,61.45455,0.5626917,0.00915623,81022.042,79002.644,-1022.042,997.356,True,False,24.91386
436.86,FINE,THRUST,79995.947,30.4875319,0.6430925,142.63079,0.17934,False,False,-3.29939,2278.94735,2278.93804,-0.00932,0,6E-05,0.55227,0,0,0.55227,0,0,61.45631,0.5522738,0.00898645,80985.783,79016.78,-985.783,983.22,True,False,15.28062
437,FINE,THRUST,79995.527,30.4877588,0.6429995,142.80571,0.17909,False,False,-3.22299,2278.94265,2278.93873,-0.00392,0,3E-05,0.54273,0,0,0.54273,0,0,61.45784,0.5427324,0.00883097,80959.183,79035.806,-959.183,964.194,True,False,-7.95115
437.14,FINE,THRUST,79995.096,30.4878876,0.6429467,142.7462,0.17915,False,False,-3.14637,2278.94629,2278.93944,-0.00685,0,5E-05,0.53317,0,0,0.53317,0,0,61.45933,0.5331739,0.00867523,80937.548,79059.884,-937.548,940.116,True,False,-5.16993
437.28,FINE,THRUST,79994.659,30.4879231,0.6429321,142.46376,0.1795,False,False,-3.07106,2278.95734,2278.94017,-0.01718,0,0.00012,0.52383,0,0,0.52383,0,0,61.4608,0.523833,0.00852304,80920.795,79087.968,-920.795,912.032,True,False,-10.14961
437.44,FINE,THRUST,79994.153,30.4878576,0.6429592,141.8901,0.18024,False,False,-2.98825,2278.97774,2278.94101,-0.03673,0,0.00025,0.51367,0,0,0.51367,0,0,61.46245,0.5136734,0.00835752,80907.446,79123.598,-907.446,876.402,True,False,-17.4124
437.58,FINE,THRUST,79993.708,30.4877152,0.6430182,141.19201,0.18115,False,False,-2.91949,2279.00129,2278.94176,-0.05954,0,0.0004,0.50536,0,0,0.50536,0,0,61.46387,0.5053601,0.00822207,80900.571,79156.823,-900.571,843.177,True,False,-23.59862
437.72,FINE,THRUST,79993.265,30.487502,0.643107,140.33645,0.18228,False,False,-2.85509,2279.02904,2278.9425,-0.08654,0,0.00058,0.49772,0,0,0.49772,0,0,61.46526,0.497718,0.00809755,80897.914,79190.896,-897.914,809.104,True,False,-29.43546
437.86,FINE,THRUST,79992.824,30.4872255,0.6432231,139.3464,0.18361,False,False,-2.79526,2279.06011,2278.94324,-0.11687,0,0.00078,0.49077,0,0,0.49077,0,0,61.46663,0.4907747,0.00798441,80899.134,79225.097,-899.134,774.903,True,False,-34.88022
438.02,FINE,THRUST,79992.326,30.4868411,0.6433859,138.07906,0.18535,False,False,-2.73267,2279.09859,2278.94408,-0.15451,0,0.00104,0.48372,0,0,0.48372,0,0,61.46818,0.4837165,0.00786938,80904.802,79263.51,-904.802,736.49,True,False,-40.60765
438.16,FINE,THRUST,79991.896,30.4864516,0.6435523,136.87248,0.18703,False,False,-2.68283,2279.13407,2278.94481,-0.18927,0,0.00127,0.47828,0,0,0.47828,0,0,61.46951,0.4782814,0.00778079,80913.073,79296.022,-913.073,703.978,True,False,-45.18241
438.3,FINE,THRUST,79991.473,30.4860196,0.6437386,135.59589,0.18885,False,False,-2.63757,2279.17046,2278.94552,-0.22493,0,0.00151,0.47353,0,0,0.47353,0,0,61.47082,0.4735324,0.00770337,80923.973,79327.014,-923.973,672.986,True,False,-49.35244
438.44,FINE,THRUST,79991.058,30.4855494,0.6439434,134.26342,0.19079,False,False,-2.59658,2279.20719,2278.94623,-0.26097,0,0.00175,0.46942,0,0,0.46942,0,0,61.47213,0.4694173,0.00763626,80937.073,79356.263,-937.073,643.737,True,False,-53.12066
438.6,FINE,THRUST,79990.594,30.4849707,0.6441983,132.68886,0.19313,False,False,-2.55457,2279.24893,2278.94701,-0.30192,0,0.00202,0.46543,0,0,0.46543,0,0,61.4736,0.4654277,0.00757118,80954.149,79387.331,-954.149,612.669,True,False,-56.94545
438.74,FINE,THRUST,79990.197,30.4844314,0.6444385,131.2766,0.19529,False,False,-2.52161,2279.28476,2278.94769,-0.33707,0,0.00226,0.46249,0,0,0.46249,0,0,61.47488,0.4624924,0.00752327,80970.424,79412.378,-970.424,587.622,True,False,-59.8768
438.88,FINE,THRUST,79989.808,30.4838653,0.6446935,129.84317,0.19752,False,False,-2.49188,2279.31943,2278.94835,-0.37108,0,0.00249,0.46002,0,0,0.46002,0,0,61.47615,0.4600243,0.00748297,80987.415,79435.353,-987.415,564.647,True,False,-62.42913
439.02,FINE,THRUST,79989.429,30.4832743,0.6449628,128.39492,0.19984,False,False,-2.46494,2279.35257,2278.94899,-0.40358,0,0.00271,0.45796,0,0,0.45796,0,0,61.47742,0.4579591,0.00744922,81004.646,79456.295,-1004.646,543.705,True,False,-64.61078
439.18,FINE,THRUST,79989.005,30.4825708,0.6452873,126.72947,0.20257,True,False,-2.43709,2279.38811,2278.94971,-0.4384,0,0.00294,0.45602,8,0,0.45602,8,0,61.47885,8.0129864,0.13033728,81023.995,79477.797,-1023.995,522.203,True,False,144.68985
439.34,FINE,THRUST,79988.621,30.4772316,0.647866,117.3029,0.21974,True,False,-2.25906,2279.59932,2278.9504,-0.64892,0,0.00435,0.42876,8,0,0.42876,8,0,61.49805,8.0114812,0.13027211,81154.026,79598.398,-1154.026,401.602,True,False,147.95585
439.5,FINE,THRUST,79988.312,30.4636918,0.6552457,99.64948,0.26166,True,False,-1.8377,2280.00742,2278.95098,-1.05644,0,0.00708,0.36082,8,0,0.36082,8,0,61.52319,8.008133,0.13016447,81455.64,79783.024,-1455.64,216.976,True,False,150.64773
439.66,FINE,THRUST,79988.074,30.4497922,0.6640468,87.13354,0.30331,True,False,-1.437,2280.33519,2278.95144,-1.38375,0,0.00928,0.29627,8,0,0.29627,8,0,61.54832,8.005484,0.13006827,81746.366,79883.162,-1746.366,116.838,True,False,152.49752
439.82,FINE,THRUST,79987.906,30.4357406,0.6741659,78.04619,0.34383,True,False,-1.05141,2280.61994,2278.95178,-1.66816,0,0.01119,0.23396,8,0,0.23396,8,0,61.57346,8.0034204,0.12998166,82030.107,79939.38,-2030.107,60.62,True,False,153.50956
439.98,FINE,THRUST,79987.807,30.421646,0.6855051,71.29824,0.38275,True,False,-0.67116,2280.88156,2278.952,-1.92955,0,0.01294,0.17222,8,0,0.17222,8,0,61.5986,8.0018536,0.12990318,82312.034,79970.221,-2312.034,29.779,True,False,153.69707
440.14,FINE,THRUST,79987.778,30.4075922,0.6979493,66.20245,0.41974,True,False,-0.28543,2281.1355,2278.95211,-2.18339,0,0.01464,0.10921,8,0,0.10921,8,0,61.62375,8.0007454,0.12983218,82601.67,79984.65,-2601.67,15.35,True,False,153.07148
440.3,FINE,THRUST,79987.823,30.3936583,0.7113598,62.31091,0.45457,True,False,0.11681,2281.39604,2278.9521,-2.44394,0,0.01639,0.04306,8,0,0.04306,8,0,61.6489,8.0001159,0.129769,82911.798,79987.004,-2911.798,12.996,True,False,151.63936
440.46,FINE,THRUST,79987.944,30.3799305,0.7255681,59.32129,0.48708,True,False,0.54646,2281.67695,2278.95196,-2.72499,0,0.01828,-0.0281,8,0,-0.0281,8,0,61.67405,8.0000493,0.12971499,83256.955,79979.326,-3256.955,20.674,True,False,149.40282
440.62,FINE,THRUST,79988.147,30.3665113,0.7403667,57.02257,0.51712,True,False,1.01393,2281.99151,2278.95169,-3.03982,0,0.02039,-0.10604,8,0,-0.10604,8,0,61.69922,8.0007028,0.12967266,83652.245,79962.564,-3652.245,37.436,True,False,146.36146
440.78,FINE,THRUST,79988.439,30.3535277,0.7554997,55.26267,0.54458,True,False,1.52874,2282.3523,2278.95127,-3.40102,0,0.02281,-0.19242,8,0,-0.19242,8,0,61.7244,8.0023137,0.12964586,84112.436,79937.218,-4112.436,62.782,True,False,142.51452
440.94,FINE,THRUST,79988.827,30.3411378,0.7706521,53.92832,0.56935,True,False,2.09908,2282.77081,2278.95071,-3.8201,0,0.02563,-0.28865,8,0,-0.28865,8,0,61.7496,8.0052059,0.12963979,84651.158,79903.702,-4651.158,96.298,True,False,137.86176
441.1,FINE,THRUST,79989.318,30.3295363,0.7854414,52.93228,0.59132,True,False,2.73113,2283.25691,2278.94997,-4.30694,0,0.0289,-0.39586,8,0,-0.39586,8,0,61.77481,8.009788,0.12966106,85280.09,79862.527,-5280.09,137.473,True,False,132.40347
441.26,FINE,THRUST,79989.92,30.3189568,0.7994133,52.20515,0.61038,True,False,3.42837,2283.81817,2278.94906,-4.86911,0,0.03267,-0.51468,8,0,-0.51468,8,0,61.80005,8.0165391,0.12971735,86008.027,79814.399,-6008.027,185.601,True,False,126.13959
441.42,FINE,THRUST,79990.639,30.3096711,0.8120446,51.69026,0.62637,True,False,4.19068,2284.45897,2278.94795,-5.51102,0,0.03698,-0.64519,8,0,-0.64519,8,0,61.82532,8.0259743,0.12981694,86839.78,79760.259,-6839.78,239.741,True,False,119.0686
441.58,FINE,THRUST,79991.48,30.3019836,0.822755,51.34086,0.63915,True,False,5.01334,2285.1795,2278.94665,-6.23285,0,0.04184,-0.78665,8,0,-0.78665,8,0,61.85063,8.0385831,0.12996769,87774.87,79701.327,-7774.87,298.673,True,False,111.18938
441.74,FINE,THRUST,79992.446,30.2962339,0.8309141,51.11961,0.64851,True,False,5.88522,2285.97615,2278.94513,-7.03102,0,0.0472,-0.9373,8,0,-0.9373,8,0,61.87598,8.0547208,0.13017525,88807.779,79639.307,-8807.779,360.693,True,False,102.53825
441.9,FINE,THRUST,79993.538,30.2927975,0.835852,50.99961,0.65415,True,False,6.78604,2286.84159,2278.94341,-7.89818,0,0.05303,-1.09385,8,0,-1.09385,8,0,61.90139,8.0744349,0.13044028,89927.587,79576.715,-9927.587,423.285,True,False,93.18026
442.06,FINE,THRUST,79994.752,30.2919709,0.8370474,50.96385,0.6558,True,False,7.69128,2287.754,2278.94148,-8.81252,0,0.05918,-1.25222,8,0,-1.25222,8,0,61.92687,8.09741,0.13075762,91105.975,79515.78,-11105.975,484.22,True,False,83.17259
442.22,FINE,THRUST,79996.081,30.2939471,0.834187,51.00981,0.65324,True,False,8.57291,2288.68077,2278.93934,-9.74143,0,0.06543,-1.40768,8,0,-1.40768,8,0,61.95243,8.1229028,0.13111516,92301.459,79458.447,-12301.459,541.553,True,False,72.56756
442.38,FINE,THRUST,79997.516,30.2988474,0.8271405,51.15497,0.64614,True,False,9.40068,2289.57904,2278.93702,-10.64201,0,0.0715,-1.55504,8,0,-1.55504,8,0,61.97808,8.1497326,0.13149378,93460,79406.27,-13460,593.73,True,False,61.52711
442.54,FINE,THRUST,79999.042,30.3067561,0.8159253,51.44386,0.63402,True,False,10.14275,2290.38955,2278.93454,-11.45501,0,0.07697,-1.68873,8,0,-1.68873,8,0,62.00383,8.1762959,0.1318676,94507.75,79360.078,-14507.75,639.922,True,False,50.31094
442.7,FINE,THRUST,80000.646,30.3173895,0.8011768,51.94092,0.61678,True,False,10.75486,2291.06509,2278.93191,-12.13318,0,0.08154,-1.80127,8,0,-1.80127,8,0,62.02967,8.2002784,0.13219929,95382.925,79322.763,-15382.925,677.237,True,False,39.30144
442.86,FINE,THRUST,80002.303,30.3302531,0.783877,52.73074,0.59456,True,False,11.18039,2291.57308,2278.92918,-12.6439,0,0.08498,-1.88324,8,0,-1.88324,8,0,62.0556,8.218674,0.1324405,96039.088,79299.427,-16039.088,700.573,True,False,28.93716
443.02,FINE,THRUST,80004.005,30.3445008,0.7654586,53.89064,0.56817,True,False,11.41314,2291.90132,2278.92636,-12.97496,0,0.08721,-1.93348,8,0,-1.93348,8,0,62.0816,8.230331,0.13257279,96460.224,79290.128,-16460.224,709.872,True,False,19.47811
443.18,FINE,THRUST,80005.726,30.359377,0.7471215,55.49338,0.53858,True,False,11.4763,2292.05909,2278.92349,-13.1356,0,0.0883,-1.95564,8,0,-1.95564,8,0,62.10766,8.2355647,0.13260144,96659.574,79292.49,-16659.574,707.51,True,False,11.43071
443.34,FINE,THRUST,80007.442,30.3743632,0.7296388,57.61676,0.5066,True,False,11.38795,2292.05814,2278.9206,-13.13754,0,0.08831,-1.95253,8,0,-1.95253,8,0,62.13375,8.2348269,0.13253389,96652.967,79304.884,-16652.967,695.116,True,False,7.16933
443.5,FINE,THRUST,80009.137,30.3890798,0.713505,60.34038,0.473,True,False,11.16636,2291.91234,2278.91774,-12.9946,0,0.08735,-1.92704,8,0,-1.92704,8,0,62.15985,8.2288209,0.13238162,96458.987,79325.785,-16458.987,674.215,True,False,10.20362
443.66,FINE,THRUST,80010.791,30.403259,0.6989936,63.74719,0.43857,True,False,10.83101,2291.63776,2278.91493,-12.72283,0,0.08551,-1.88228,8,0,-1.88228,8,0,62.18594,8.218454,0.13215935,96099.159,79353.652,-16099.159,646.348,True,False,-15.93508
443.82,FINE,THRUST,80012.39,30.416733,0.6861996,67.92998,0.40396,True,False,10.40169,2291.25156,2278.9122,-12.33936,0,0.08293,-1.82143,8,0,-1.82143,8,0,62.21202,8.2047304,0.13188335,95596.42,79386.977,-15596.42,613.023,True,False,-21.6495
443.98,FINE,THRUST,80013.922,30.4294211,0.6750862,73.0033,0.36972,True,False,9.89754,2290.77078,2278.90958,-11.8612,0,0.07971,-1.74757,8,0,-1.74757,8,0,62.23807,8.1886506,0.1315698,94973.533,79424.335,-14973.533,575.665,True,False,-26.81799
444.14,FINE,THRUST,80015.375,30.4413161,0.6655293,79.12337,0.33621,True,False,9.33632,2290.21145,2278.90708,-11.30437,0,0.07596,-1.66358,8,0,-1.66358,8,0,62.26408,8.1711388,0.13123358,94251.899,79464.433,-14251.899,535.567,True,False,-31.29422
444.3,FINE,THRUST,80016.744,30.4524689,0.6573574,86.52093,0.30361,True,False,8.73407,2289.58809,2278.90471,-10.68338,0,0.07177,-1.57208,8,0,-1.57208,8,0,62.29005,8.1530008,0.13088769,93450.869,79506.117,-13450.869,493.883,True,False,-35.01891
444.46,FINE,THRUST,80018.021,30.4629752,0.6503821,95.55656,0.2719,True,False,8.10499,2288.91351,2278.90249,-10.01101,0,0.06725,-1.47537,8,0,-1.47537,8,0,62.31597,8.1349067,0.13054288,92587.462,79548.375,-12587.462,451.625,True,False,-37.96121
444.62,FINE,THRUST,80019.205,30.472963,0.6444214,106.819,0.24093,True,False,7.46166,2288.19879,2278.90043,-9.29836,0,0.06245,-1.37552,8,0,-1.37552,8,0,62.34184,8.1173914,0.13020775,91676.446,79590.318,-11676.446,409.682,True,False,-40.10253
444.78,FINE,THRUST,80020.294,30.4825821,0.6393149,121.31302,0.2104,True,False,6.81532,2287.45362,2278.89852,-8.55509,0,0.05745,-1.27437,8,0,-1.27437,8,0,62.36767,8.1008658,0.12988886,90730.648,79631.149,-10730.648,368.851,True,False,-41.431
444.94,FINE,THRUST,80021.29,30.4919958,0.634934,140.85463,0.1799,False,False,6.17627,2286.68657,2278.89678,-7.78979,0,0.0523,-1.17365,0,0,-1.17365,0,0,62.39346,1.1736474,0.01881042,89761.452,79670.135,-9761.452,329.865,True,False,63.51569
445.08,FINE,THRUST,80022.11,30.4981951,0.6323881,158.0614,0.15964,False,False,5.76447,2286.17022,2278.89537,-7.27485,0,0.04884,-1.10967,0,0,-1.10967,0,0,62.40224,1.1096696,0.01778253,89112.494,79694.507,-9112.494,305.493,True,False,64.37962
445.22,FINE,THRUST,80022.916,30.4994214,0.6319157,161.64442,0.15598,False,False,5.70313,2286.06771,2278.89401,-7.1737,0,0.04816,-1.10438,0,0,-1.10438,0,0,62.40538,1.1043836,0.01769693,88987.945,79697.788,-8987.945,302.212,True,False,64.86419
445.36,FINE,THRUST,80023.709,30.5006317,0.6314586,165.35658,0.15236,False,False,5.65054,2285.96859,2278.89267,-7.07592,0,0.0475,-1.10043,0,0,-1.10043,0,0,62.40846,1.1004338,0.01763277,88868.38,79700.234,-8868.38,299.766,True,False,64.96245
445.52,FINE,THRUST,80024.598,30.5020341,0.6309402,169.91167,0.14815,False,False,5.59273,2285.8572,2278.89116,-6.96604,0,0.04676,-1.09619,0,0,-1.09619,0,0,62.41196,1.0961927,0.01756382,88734.22,79702.834,-8734.22,297.166,True,False,64.60885
445.66,FINE,THRUST,80025.362,30.5032787,0.6304906,174.20094,0.14439,False,False,5.54194,2285.7625,2278.88987,-6.87263,0,0.04613,-1.09238,0,0,-1.09238,0,0,62.41502,1.0923765,0.01750182,88620.056,79705.231,-8620.056,294.769,True,False,63.90017
445.8,FINE,THRUST,80026.114,30.5045389,0.6300453,178.80232,0.14057,False,False,5.48973,2285.6714,2278.8886,-6.7828,0,0.04553,-1.08828,0,0,-1.08828,0,0,62.41807,1.0882757,0.01743527,88509.943,79707.924,-8509.943,292.076,True,False,62.83261
445.94,FINE,THRUST,80026.852,30.5058145,0.6296048,183.74679,0.13669,False,False,5.43517,2285.58465,2278.88735,-6.6973,0,0.04495,-1.08374,0,0,-1.08374,0,0,62.4211,1.0837436,0.01736181,88404.654,79711.057,-8404.654,288.943,True,False,61.41505
446.1,FINE,THRUST,80027.68,30.507287,0.6291093,189.84696,0.13218,False,False,5.36891,2285.49173,2278.88595,-6.60578,0,0.04434,-1.07788,0,0,-1.07788,0,0,62.42455,1.0778794,0.01726692,88291.136,79715.332,-8291.136,284.668,True,False,59.38054
446.24,FINE,THRUST,80028.39,30.5085833,0.6286847,195.59713,0.12821,False,False,5.30671,2285.41645,2278.88474,-6.53171,0,0.04384,-1.07202,0,0,-1.07202,0,0,62.42756,1.0720223,0.01717226,88198.352,79719.801,-8198.352,280.199,True,False,57.2468
446.38,FINE,THRUST,80029.086,30.5098778,0.6282715,201.72709,0.12423,False,False,5.24001,2285.34733,2278.88356,-6.46376,0,0.04338,-1.0654,0,0,-1.0654,0,0,62.43055,1.0654017,0.01706539,88112.219,79725.032,-8112.219,274.968,True,False,54.78882
446.52,FINE,THRUST,80029.769,30.511162,0.6278723,208.22405,0.12027,False,False,5.16829,2285.28462,2278.88241,-6.40222,0,0.04297,-1.05793,0,0,-1.05793,0,0,62.43352,1.0579346,0.01694498,88032.996,79731.089,-8032.996,268.911,True,False,52.01059
446.68,FINE,THRUST,80030.533,30.5126031,0.6274371,216.05238,0.11583,False,False,5.0797,2285.2211,2278.88111,-6.33999,0,0.04255,-1.04829,0,0,-1.04829,0,0,62.4369,1.0482863,0.01678953,87951.2,79739.071,-7951.2,260.929,True,False,48.44719
446.82,FINE,THRUST,80031.187,30.5138285,0.6270778,223.19493,0.11206,False,False,4.99596,2285.1727,2278.88,-6.29269,0,0.04223,-1.0388,0,0,-1.0388,0,0,62.43983,1.0388032,0.01663687,87887.305,79747.004,-7887.305,252.996,True,False,44.98885
446.96,FINE,THRUST,80031.826,30.5150052,0.6267419,230.50321,0.10844,False,False,4.90641,2285.13108,2278.87892,-6.25216,0,0.04196,-1.02834,0,0,-1.02834,0,0,62.44273,1.0283447,0.01646861,87830.703,79755.798,-7830.703,244.202,True,False,41.21466
447.1,FINE,THRUST,80032.452,30.5161195,0.6264321,237.85186,0.10504,False,False,4.81085,2285.09619,2278.87786,-6.21833,0,0.04173,-1.01688,0,0,-1.01688,0,0,62.4456,1.0168831,0.0162843,87781.354,79765.43,-7781.354,234.57,True,False,37.16143
447.26,FINE,THRUST,80033.152,30.5172911,0.626115,246.03036,0.10149,False,False,4.69395,2285.06473,2278.87667,-6.18806,0,0.04153,-1.00251,0,0,-1.00251,0,0,62.44884,1.0025077,0.01605326,87734.051,79777.446,-7734.051,222.554,True,False,32.28017
447.4,FINE,THRUST,80033.753,30.5182067,0.6258733,252.71946,0.09877,False,False,4.5849,2285.04461,2278.87565,-6.16896,0,0.0414,-0.98881,0,0,-0.98881,0,0,62.45165,0.9888142,0.01583328,87700.726,79788.78,-7700.726,211.22,True,False,27.9524
447.54,FINE,THRUST,80034.341,30.5189934,0.6256697,258.60673,0.09649,False,False,4.47019,2285.03161,2278.87466,-6.15695,0,0.04132,-0.97419,0,0,-0.97419,0,0,62.45442,0.9741937,0.01559848,87675.304,79800.749,-7675.304,199.251,True,False,23.75272
447.68,FINE,THRUST,80034.915,30.5196435,0.6255042,263.46938,0.09468,False,False,4.35111,2285.02528,2278.87368,-6.1516,0,0.04129,-0.95882,0,0,-0.95882,0,0,62.45714,0.9588205,0.01535165,87657.464,79813.133,-7657.464,186.867,True,False,19.82658
447.84,FINE,THRUST,80035.565,30.5202241,0.6253584,267.64484,0.09318,False,False,4.21202,2285.02508,2278.87259,-6.1525,0,0.04129,-0.94076,0,0,-0.94076,0,0,62.46021,0.9407602,0.01506175,87645.339,79827.453,-7645.339,172.547,True,False,15.80596
447.98,FINE,THRUST,80036.12,30.5206073,0.625263,270.14371,0.09231,False,False,4.08929,2285.02974,2278.87164,-6.1581,0,0.04133,-0.92476,0,0,-0.92476,0,0,62.46285,0.924762,0.01480499,87640.619,79839.882,-7640.619,160.118,True,False,12.74028
448.12,FINE,THRUST,80036.664,30.5208929,0.6251924,271.68576,0.09177,False,False,3.96731,2285.0376,2278.87072,-6.16688,0,0.04139,-0.90883,0,0,-0.90883,0,0,62.46543,0.9088288,0.01454931,87640.038,79851.987,-7640.038,148.013,True,False,10.12727
448.26,FINE,THRUST,80037.194,30.5210942,0.6251427,272.37431,0.09153,False,False,3.84658,2285.04775,2278.86982,-6.17793,0,0.04146,-0.89303,0,0,-0.89303,0,0,62.46798,0.8930257,0.01429573,87642.58,79863.686,-7642.58,136.314,True,False,8.01337
448.42,FINE,THRUST,80037.782,30.5212344,0.6251081,272.23313,0.09158,False,False,3.7107,2285.06121,2278.86882,-6.19239,0,0.04156,-0.87521,0,0,-0.87521,0,0,62.47084,0.8752072,0.01400985,87648.235,79876.484,-7648.235,123.516,True,False,6.28994
448.56,FINE,THRUST,80038.281,30.5212891,0.6250946,271.40951,0.09185,False,False,3.59367,2285.07393,2278.86797,-6.20596,0,0.04165,-0.85982,0,0,-0.85982,0,0,62.47329,0.8598201,0.013763,87654.773,79887.171,-7654.773,112.829,True,False,5.43562
448.7,FINE,THRUST,80038.765,30.5212898,0.6250944,270.03847,0.09232,False,False,3.47899,2285.08689,2278.86714,-6.21975,0,0.04174,-0.84472,0,0,-0.84472,0,0,62.4757,0.8447176,0.01352074,87662.089,79897.325,-7662.089,102.675,True,False,-5.12443
448.84,FINE,THRUST,80039.234,30.5212455,0.6251055,268.22656,0.09295,False,False,3.36652,2285.09965,2278.86634,-6.23331,0,0.04183,-0.82987,0,0,-0.82987,0,0,62.47806,0.8298708,0.01328259,87669.618,79906.968,-7669.618,93.032,True,False,-5.15625
449,FINE,THRUST,80039.751,30.5211508,0.6251293,265.74817,0.09382,False,False,3.24073,2285.11347,2278.86546,-6.24801,0,0.04193,-0.81322,0,0,-0.81322,0,0,62.48072,0.813218,0.0130155,87677.845,79917.372,-7677.845,82.628,True,False,-5.31936
449.14,FINE,THRUST,80040.188,30.5210396,0.6251576,263.3412,0.09468,False,False,3.13272,2285.1245,2278.86471,-6.25979,0,0.04201,-0.79886,0,0,-0.79886,0,0,62.483,0.7988642,0.0127853,87684.213,79925.976,-7684.213,74.024,True,False,-5.40971
449.28,FINE,THRUST,80040.61,30.5209139,0.6251898,260.83704,0.09559,False,False,3.02694,2285.13413,2278.86399,-6.27014,0,0.04208,-0.78476,0,0,-0.78476,0,0,62.48524,0.7847623,0.01255916,87689.305,79934.103,-7689.305,65.897,True,False,-5.38711
449.42,FINE,THRUST,80041.016,30.5207817,0.625224,258.31957,0.09653,False,False,2.92309,2285.14214,2278.8633,-6.27885,0,0.04214,-0.77086,0,0,-0.77086,0,0,62.48744,0.7708627,0.01233628,87692.826,79941.793,-7692.826,58.207,True,False,-5.24438
449.58,FINE,THRUST,80041.464,30.520631,0.6252633,255.50377,0.0976,False,False,2.8067,2285.14915,2278.86253,-6.28662,0,0.04219,-0.75522,0,0,-0.75522,0,0,62.4899,0.7552158,0.01208541,87694.701,79950.071,-7694.701,49.929,True,False,-4.95508
449.72,FINE,THRUST,80041.84,30.5205044,0.6252967,253.13674,0.09852,False,False,2.70654,2285.15338,2278.86189,-6.29149,0,0.04222,-0.74168,0,0,-0.74168,0,0,62.49202,0.7416836,0.01186845,87694.389,79956.909,-7694.389,43.091,True,False,-4.6262
449.86,FINE,THRUST,80042.203,30.5203863,0.6253281,250.88721,0.09941,False,False,2.60834,2285.15586,2278.86127,-6.29459,0,0.04225,-0.72836,0,0,-0.72836,0,0,62.4941,0.7283635,0.01165492,87692.302,79963.362,-7692.302,36.638,True,False,-4.26877
450,FINE,THRUST,80042.552,30.5202785,0.6253569,248.76727,0.10026,False,False,2.5119,2285.15672,2278.86067,-6.29605,0,0.04226,-0.71523,0,0,-0.71523,0,0,62.49614,0.7152255,0.01144431,87688.56,79969.461,-7688.56,30.539,True,False,-3.92642
450.16,FINE,THRUST,80042.935,30.5201699,0.6253863,246.5115,0.10118,False,False,2.40384,2285.1559,2278.86001,-6.29588,0,0.04225,-0.70044,0,0,-0.70044,0,0,62.49844,0.7004416,0.01120735,87682.451,79976.017,-7682.451,23.983,True,False,-3.60567
450.3,FINE,THRUST,80043.257,30.5200871,0.6254088,244.67467,0.10195,False,False,2.31094,2285.15376,2278.85946,-6.2943,0,0.04224,-0.68767,0,0,-0.68767,0,0,62.5004,0.6876714,0.01100267,87675.678,79981.422,-7675.678,18.578,True,False,-3.4162
450.44,FINE,THRUST,80043.566,30.5200154,0.6254285,242.95548,0.10267,False,False,2.21998,2285.15048,2278.85893,-6.29155,0,0.04222,-0.67512,0,0,-0.67512,0,0,62.50232,0.6751212,0.01080154,87667.79,79986.512,-7667.79,13.488,True,False,-3.31578
450.58,FINE,THRUST,80043.862,30.5199532,0.6254457,241.3389,0.10336,False,False,2.13076,2285.14622,2278.85842,-6.2878,0,0.0422,-0.66276,0,0,-0.66276,0,0,62.50422,0.662764,0.01060351,87658.956,79991.311,-7658.956,8.689,True,False,-3.28288
450.74,FINE,THRUST,80044.186,30.5198922,0.6254626,239.59872,0.10411,False,False,2.03096,2285.14034,2278.85787,-6.28247,0,0.04216,-0.64888,0,0,-0.64888,0,0,62.50634,0.6488836,0.01038109,87647.931,79996.455,-7647.931,3.545,True,False,-3.27639
450.88,FINE,THRUST,80044.456,30.5198453,0.6254757,238.14817,0.10475,False,False,1.94527,2285.13457,2278.8574,-6.27717,0,0.04213,-0.63691,0,0,-0.63691,0,0,62.50816,0.6369124,0.01018927,87637.746,80000.685,-7637.746,-0.685,True,False,3.25145
451.02,FINE,THRUST,80044.715,30.5198034,0.6254876,236.75377,0.10537,False,False,1.86144,2285.12849,2278.85696,-6.27153,0,0.04209,-0.62516,0,0,-0.62516,0,0,62.50994,0.6251606,0.01000098,87627.401,80004.657,-7627.401,-4.657,True,False,3.17516
451.16,FINE,THRUST,80044.963,30.5197658,0.6254982,235.41013,0.10597,False,False,1.77926,2285.12228,2278.85653,-6.26575,0,0.04205,-0.6136,0,0,-0.6136,0,0,62.5117,0.6135977,0.00981573,87617.1,80008.392,-7617.1,-8.392,True,False,3.02876
451.32,FINE,THRUST,80045.231,30.5197273,0.6255092,233.92734,0.10664,False,False,1.68734,2285.11542,2278.85607,-6.25935,0,0.04201,-0.60062,0,0,-0.60062,0,0,62.51367,0.6006153,0.00960774,87605.842,80012.386,-7605.842,-12.386,True,False,2.76821
451.46,FINE,THRUST,80045.455,30.5196977,0.6255176,232.67605,0.10722,False,False,1.60841,2285.10986,2278.85569,-6.25418,0,0.04197,-0.58942,0,0,-0.58942,0,0,62.51535,0.5894199,0.0094284,87596.704,80015.66,-7596.704,-15.66,True,False,2.46438
451.6,FINE,THRUST,80045.667,30.5196724,0.6255249,231.47083,0.10778,False,False,1.53116,2285.10491,2278.85532,-6.24959,0,0.04194,-0.57843,0,0,-0.57843,0,0,62.517,0.5784298,0.00925236,87588.462,80018.723,-7588.462,-18.723,True,False,2.10208
451.74,FINE,THRUST,80045.869,30.5196518,0.6255309,230.3132,0.10832,False,False,1.45543,2285.10065,2278.85497,-6.24567,0,0.04192,-0.56762,0,0,-0.56762,0,0,62.51863,0.5676175,0.00907917,87581.217,80021.592,-7581.217,-21.592,True,False,1.6973
451.9,FINE,THRUST,80046.087,30.5196344,0.625536,229.05026,0.10892,False,False,1.37073,2285.09669,2278.85459,-6.2421,0,0.04189,-0.55548,0,0,-0.55548,0,0,62.52044,0.5554806,0.00888478,87574.232,80024.641,-7574.232,-24.641,True,False,1.20685
452.04,FINE,THRUST,80046.266,30.5196248,0.6255388,227.99794,0.10942,False,False,1.29801,2285.09404,2278.85428,-6.23976,0,0.04188,-0.54502,0,0,-0.54502,0,0,62.522,0.545019,0.00871724,87569.243,80027.122,-7569.243,-27.122,True,False,0.78066
452.18,FINE,THRUST,80046.43,30.5196205,0.62554,226.99435,0.10991,False,False,1.2269,2285.09214,2278.854,-6.23814,0,0.04187,-0.53472,0,0,-0.53472,0,0,62.52353,0.5347218,0.00855233,87565.287,80029.42,-7565.287,-29.42,True,False,0.41699
452.32,FINE,THRUST,80046.59,30.5196213,0.6255397,226.03719,0.11037,False,False,1.15722,2285.09091,2278.85372,-6.23719,0,0.04186,-0.52461,0,0,-0.52461,0,0,62.52503,0.5246137,0.00839046,87562.279,80031.555,-7562.279,-31.555,True,False,0.36402
452.48,FINE,THRUST,80046.762,30.5196283,0.6255376,224.99621,0.11088,False,False,1.07937,2285.09023,2278.85342,-6.23681,0,0.04186,-0.51329,0,0,-0.51329,0,0,62.52671,0.5132945,0.0082092,87559.884,80033.804,-7559.884,-33.804,True,False,-0.70005
452.62,FINE,THRUST,80046.903,30.5196392,0.6255344,224.12753,0.11131,False,False,1.01259,2285.09019,2278.85318,-6.23701,0,0.04186,-0.50354,0,0,-0.50354,0,0,62.52815,0.5035434,0.00805307,87558.581,80035.612,-7558.581,-35.612,True,False,-1.02896
452.76,FINE,THRUST,80047.034,30.519654,0.62553,223.29323,0.11173,False,False,0.94733,2285.09058,2278.85295,-6.23763,0,0.04186,-0.49398,0,0,-0.49398,0,0,62.52956,0.4939804,0.00789995,87557.909,80037.272,-7557.909,-37.272,True,False,-1.32778
452.9,FINE,THRUST,80047.157,30.519672,0.6255245,222.48853,0.11213,False,False,0.88344,2285.09131,2278.85274,-6.23857,0,0.04187,-0.48458,0,0,-0.48458,0,0,62.53095,0.4845801,0.00774944,87557.758,80038.794,-7557.758,-38.794,True,False,-1.58187
453.06,FINE,THRUST,80047.286,30.5196959,0.6255173,221.59855,0.11258,False,False,0.81208,2285.09247,2278.85251,-6.23996,0,0.04188,-0.47404,0,0,-0.47404,0,0,62.5325,0.4740362,0.00758064,87558.091,80040.372,-7558.091,-40.372,True,False,-1.8121
453.2,FINE,THRUST,80047.39,30.5197188,0.6255104,220.84046,0.11296,False,False,0.7509,2285.09368,2278.85233,-6.24135,0,0.04189,-0.46495,0,0,-0.46495,0,0,62.53383,0.4649521,0.00743521,87558.719,80041.621,-7558.719,-41.621,True,False,-1.95885
453.34,FINE,THRUST,80047.485,30.519743,0.625503,220.09582,0.11334,False,False,0.69113,2285.095,2278.85216,-6.24284,0,0.0419,-0.45604,0,0,-0.45604,0,0,62.53514,0.4560417,0.00729257,87559.572,80042.75,-7559.572,-42.75,True,False,-2.05458
453.48,FINE,THRUST,80047.573,30.5197677,0.6254955,219.36027,0.11372,False,False,0.63263,2285.09638,2278.85201,-6.24437,0,0.04191,-0.44728,0,0,-0.44728,0,0,62.53641,0.4472807,0.00715232,87560.579,80043.765,-7560.579,-43.765,True,False,-2.10221
453.64,FINE,THRUST,80047.663,30.5197958,0.6254868,218.5253,0.11416,False,False,0.56731,2285.09797,2278.85185,-6.24612,0,0.04192,-0.43745,0,0,-0.43745,0,0,62.53785,0.4374509,0.00699498,87561.839,80044.795,-7561.839,-44.795,True,False,-2.1019
453.78,FINE,THRUST,80047.733,30.5198199,0.6254794,217.79588,0.11454,False,False,0.5113,2285.09934,2278.85172,-6.24762,0,0.04193,-0.42898,0,0,-0.42898,0,0,62.53908,0.4289796,0.00685939,87562.988,80045.591,-7562.988,-45.591,True,False,-2.05843
453.92,FINE,THRUST,80047.796,30.5198427,0.6254724,217.06355,0.11492,False,False,0.45661,2285.10065,2278.85161,-6.24904,0,0.04194,-0.42067,0,0,-0.42067,0,0,62.54028,0.4206682,0.00672636,87564.135,80046.289,-7564.135,-46.289,True,False,-1.97949
454.06,FINE,THRUST,80047.851,30.519864,0.6254657,216.32599,0.11531,False,False,0.40309,2285.10189,2278.85151,-6.25038,0,0.04195,-0.41249,0,0,-0.41249,0,0,62.54146,0.4124948,0.00659554,87565.258,80046.897,-7565.258,-46.897,True,False,-1.87172
454.22,FINE,THRUST,80047.905,30.5198861,0.6254589,215.47405,0.11577,False,False,0.34335,2285.10321,2278.85141,-6.2518,0,0.04196,-0.40332,0,0,-0.40332,0,0,62.54278,0.403323,0.00644875,87566.488,80047.488,-7566.488,-47.488,True,False,-1.71992
454.36,FINE,THRUST,80047.945,30.5199032,0.6254535,214.71941,0.11617,False,False,0.29215,2285.10427,2278.85134,-6.25293,0,0.04196,-0.39542,0,0,-0.39542,0,0,62.54391,0.3954186,0.00632226,87567.511,80047.919,-7567.511,-47.919,True,False,-1.56964
454.5,FINE,THRUST,80047.978,30.5199179,0.6254489,213.95479,0.11659,False,False,0.24217,2285.10524,2278.85128,-6.25397,0,0.04197,-0.38766,0,0,-0.38766,0,0,62.54503,0.3876636,0.00619815,87568.475,80048.274,-7568.475,-48.274,True,False,-1.40957
454.64,FINE,THRUST,80048.004,30.5199303,0.625445,213.18005,0.11701,False,False,0.19327,2285.10614,2278.85123,-6.25491,0,0.04198,-0.38004,0,0,-0.38004,0,0,62.54611,0.3800381,0.00607613,87569.385,80048.558,-7569.385,-48.558,True,False,-1.24701
454.8,FINE,THRUST,80048.026,30.5199415,0.6254414,212.28235,0.11751,False,False,0.13873,2285.10706,2278.85118,-6.25588,0,0.04198,-0.37148,0,0,-0.37148,0,0,62.54733,0.3714827,0.00593923,87570.365,80048.799,-7570.365,-48.799,True,False,-1.06822
454.94,FINE,THRUST,80048.037,30.5199487,0.6254391,211.4868,0.11795,False,False,0.092,2285.10781,2278.85116,-6.25665,0,0.04199,-0.36411,0,0,-0.36411,0,0,62.54837,0.3641111,0.00582127,87571.181,80048.943,-7571.181,-48.943,True,False,-0.92732
455.08,FINE,THRUST,80048.038,30.5199537,0.6254375,210.6825,0.1184,False,False,0.04642,2285.10849,2278.85114,-6.25735,0,0.04199,-0.35688,0,0,-0.35688,0,0,62.5494,0.3568805,0.00570558,87571.964,80049.028,-7571.964,-49.028,True,False,-0.81086
455.22,FINE,THRUST,80048.028,30.5199565,0.6254365,209.87086,0.11885,False,False,0.00185,2285.10916,2278.85115,-6.25801,0,0.042,-0.34971,0,0,-0.34971,0,0,62.5504,0.3497141,0.00559092,87572.729,80049.047,-7572.729,-49.047,True,False,-0.72771
455.38,FINE,THRUST,80048.018,30.5199573,0.6254362,208.93588,0.11939,False,False,-0.04783,2285.10987,2278.85117,-6.2587,0,0.042,-0.3417,0,0,-0.3417,0,0,62.55152,0.3417003,0.0054627,87573.586,80049.009,-7573.586,-49.009,True,False,-0.67998
455.52,FINE,THRUST,80048.005,30.5199562,0.6254366,208.11298,0.11986,False,False,-0.09036,2285.11046,2278.85119,-6.25927,0,0.04201,-0.33483,0,0,-0.33483,0,0,62.55248,0.3348343,0.00535285,87574.33,80048.929,-7574.33,-48.929,True,False,-0.67686
455.66,FINE,THRUST,80047.985,30.5199536,0.6254374,207.28741,0.12034,False,False,-0.13182,2285.11102,2278.85121,-6.25981,0,0.04201,-0.3281,0,0,-0.3281,0,0,62.55342,0.3281021,0.00524515,87575.077,80048.803,-7575.077,-48.803,True,False,-0.69965
455.8,FINE,THRUST,80047.96,30.5199498,0.6254387,206.46079,0.12082,False,False,-0.17232,2285.11158,2278.85125,-6.26033,0,0.04201,-0.32149,0,0,-0.32149,0,0,62.55434,0.3214855,0.0051393,87575.834,80048.635,-7575.834,-48.635,True,False,-0.73532
455.96,FINE,THRUST,80047.925,30.5199442,0.6254405,205.51689,0.12137,False,False,-0.21745,2285.11221,2278.8513,-6.26091,0,0.04202,-0.31407,0,0,-0.31407,0,0,62.55537,0.3140658,0.0050206,87576.717,80048.394,-7576.717,-48.394,True,False,-0.77947
456.1,FINE,THRUST,80047.889,30.5199386,0.6254423,204.69334,0.12186,False,False,-0.25607,2285.11277,2278.85136,-6.26141,0,0.04202,-0.30768,0,0,-0.30768,0,0,62.55626,0.3076757,0.00491838,87577.51,80048.143,-7577.51,-48.143,True,False,-0.81208
456.24,FINE,THRUST,80047.847,30.5199326,0.6254443,203.87368,0.12235,False,False,-0.29369,2285.11333,2278.85143,-6.2619,0,0.04203,-0.30141,0,0,-0.30141,0,0,62.55712,0.3014105,0.00481816,87578.322,80047.858,-7578.322,-47.858,True,False,-0.83555
456.38,FINE,THRUST,80047.8,30.5199263,0.6254464,203.05915,0.12284,False,False,-0.33042,2285.1139,2278.8515,-6.2624,0,0.04203,-0.29525,0,0,-0.29525,0,0,62.55797,0.2952538,0.00471968,87579.154,80047.541,-7579.154,-47.541,True,False,-0.84662
456.54,FINE,THRUST,80047.74,30.519919,0.6254489,202.13604,0.12341,False,False,-0.37133,2285.11456,2278.85159,-6.26296,0,0.04203,-0.28835,0,0,-0.28835,0,0,62.55891,0.288351,0.00460927,87580.128,80047.144,-7580.128,-47.144,True,False,-0.84317
456.68,FINE,THRUST,80047.682,30.5199129,0.6254509,201.33611,0.1239,False,False,-0.4063,2285.11514,2278.85169,-6.26346,0,0.04204,-0.28241,0,0,-0.28241,0,0,62.55972,0.2824068,0.0045142,87581.003,80046.766,-7581.003,-46.766,True,False,-0.82683
456.82,FINE,THRUST,80047.62,30.519907,0.6254529,200.54446,0.12439,False,False,-0.44036,2285.11574,2278.85179,-6.26395,0,0.04204,-0.27658,0,0,-0.27658,0,0,62.56051,0.2765796,0.00442099,87581.892,80046.364,-7581.892,-46.364,True,False,-0.79996
456.96,FINE,THRUST,80047.553,30.5199016,0.6254547,199.76164,0.12487,False,False,-0.47359,2285.11634,2278.85189,-6.26445,0,0.04204,-0.27085,0,0,-0.27085,0,0,62.56129,0.2708541,0.00432942,87582.795,80045.939,-7582.795,-45.939,True,False,-0.76342
457.12,FINE,THRUST,80047.471,30.5198961,0.6254566,198.87837,0.12543,False,False,-0.51056,2285.11704,2278.85203,-6.26501,0,0.04205,-0.26444,0,0,-0.26444,0,0,62.56216,0.2644356,0.00422677,87583.841,80045.427,-7583.841,-45.427,True,False,-0.71284
457.26,FINE,THRUST,80047.394,30.519892,0.625458,198.11572,0.12591,False,False,-0.54215,2285.11766,2278.85215,-6.26551,0,0.04205,-0.25891,0,0,-0.25891,0,0,62.5629,0.2589094,0.00413838,87584.766,80044.958,-7584.766,-44.958,True,False,-0.66449
457.4,FINE,THRUST,80047.313,30.5198886,0.6254592,197.36285,0.12639,False,False,-0.57289,2285.11828,2278.85228,-6.266,0,0.04205,-0.25349,0,0,-0.25349,0,0,62.56363,0.2534927,0.00405176,87585.694,80044.473,-7585.694,-44.473,True,False,-0.61562
457.54,FINE,THRUST,80047.228,30.5198858,0.6254602,196.61969,0.12687,False,False,-0.60286,2285.1189,2278.85242,-6.26648,0,0.04206,-0.24817,0,0,-0.24817,0,0,62.56434,0.2481713,0.00396666,87586.625,80043.973,-7586.625,-43.973,True,False,-0.56914
457.7,FINE,THRUST,80047.126,30.5198836,0.6254609,195.7821,0.12741,False,False,-0.63618,2285.11962,2278.85259,-6.26703,0,0.04206,-0.24221,0,0,-0.24221,0,0,62.56514,0.2422069,0.00387128,87587.686,80043.383,-7587.686,-43.383,True,False,-0.52389
457.84,FINE,THRUST,80047.032,30.5198823,0.6254614,195.05919,0.12789,False,False,-0.66463,2285.12024,2278.85274,-6.2675,0,0.04206,-0.23707,0,0,-0.23707,0,0,62.56582,0.2370725,0.00378917,87588.614,80042.853,-7588.614,-42.853,True,False,-0.4948
457.98,FINE,THRUST,80046.935,30.5198817,0.6254616,194.34529,0.12836,False,False,-0.69229,2285.12087,2278.8529,-6.26797,0,0.04207,-0.23204,0,0,-0.23204,0,0,62.56649,0.2320408,0.00370871,87589.534,80042.313,-7589.534,-42.313,True,False,-0.47679
458.12,FINE,THRUST,80046.833,30.5198818,0.6254616,193.64,0.12882,False,False,-0.71923,2285.12149,2278.85307,-6.26842,0,0.04207,-0.2271,0,0,-0.2271,0,0,62.56713,0.2270985,0.00362968,87590.447,80041.763,-7590.447,-41.763,True,False,-0.4706
458.28,FINE,THRUST,80046.713,30.5198825,0.6254613,192.84393,0.12935,False,False,-0.74915,2285.1222,2278.85326,-6.26894,0,0.04207,-0.22156,0,0,-0.22156,0,0,62.56786,0.22156,0.00354112,87591.48,80041.125,-7591.48,-41.125,True,False,-0.47574
458.42,FINE,THRUST,80046.604,30.5198836,0.6254609,192.15559,0.12982,False,False,-0.77469,2285.12282,2278.85344,-6.26938,0,0.04208,-0.21679,0,0,-0.21679,0,0,62.56849,0.2167932,0.00346489,87592.376,80040.557,-7592.376,-40.557,True,False,-0.48756
458.56,FINE,THRUST,80046.492,30.5198852,0.6254604,191.47439,0.13028,False,False,-0.79948,2285.12344,2278.85363,-6.26981,0,0.04208,-0.21212,0,0,-0.21212,0,0,62.56909,0.2121225,0.00339021,87593.259,80039.984,-7593.259,-39.984,True,False,-0.50262
458.7,FINE,THRUST,80046.376,30.519887,0.6254597,190.79985,0.13074,False,False,-0.8236,2285.12405,2278.85382,-6.27023,0,0.04208,-0.20754,0,0,-0.20754,0,0,62.56969,0.2075357,0.00331687,87594.131,80039.406,-7594.131,-39.406,True,False,-0.51784
458.86,FINE,THRUST,80046.239,30.5198895,0.6254588,190.03649,0.13127,False,False,-0.85037,2285.12475,2278.85404,-6.27071,0,0.04208,-0.2024,0,0,-0.2024,0,0,62.57036,0.2023965,0.0032347,87595.113,80038.742,-7595.113,-38.742,True,False,-0.53233
459,FINE,THRUST,80046.117,30.5198919,0.6254579,189.37463,0.13172,False,False,-0.87319,2285.12536,2278.85425,-6.27112,0,0.04209,-0.19797,0,0,-0.19797,0,0,62.57093,0.1979742,0.003164,87595.961,80038.155,-7595.961,-38.155,True,False,-0.54058
459.14,FINE,THRUST,80045.991,30.5198943,0.6254571,188.71796,0.13218,False,False,-0.89532,2285.12597,2278.85445,-6.27152,0,0.04209,-0.19364,0,0,-0.19364,0,0,62.57148,0.1936418,0.00309473,87596.795,80037.568,-7596.795,-37.568,True,False,-0.54319
459.28,FINE,THRUST,80045.862,30.5198969,0.6254561,188.06608,0.13264,False,False,-0.91684,2285.12658,2278.85467,-6.27192,0,0.04209,-0.18939,0,0,-0.18939,0,0,62.57203,0.189388,0.00302672,87597.616,80036.98,-7597.616,-36.98,True,False,-0.53983
459.44,FINE,THRUST,80045.711,30.5198997,0.6254551,187.32647,0.13316,False,False,-0.94069,2285.12728,2278.85492,-6.27236,0,0.0421,-0.18462,0,0,-0.18462,0,0,62.57264,0.1846228,0.00295054,87598.541,80036.307,-7598.541,-36.307,True,False,-0.52834
459.58,FINE,THRUST,80045.576,30.5199021,0.6254542,186.6837,0.13362,False,False,-0.96099,2285.12789,2278.85514,-6.27275,0,0.0421,-0.18052,0,0,-0.18052,0,0,62.57316,0.1805231,0.00288499,87599.338,80035.717,-7599.338,-35.717,True,False,-0.51207
459.72,FINE,THRUST,80045.438,30.5199044,0.6254534,186.04468,0.13408,False,False,-0.98066,2285.1285,2278.85537,-6.27313,0,0.0421,-0.17651,0,0,-0.17651,0,0,62.57366,0.1765076,0.0028208,87600.123,80035.13,-7600.123,-35.13,True,False,-0.49026
459.86,FINE,THRUST,80045.298,30.5199064,0.6254526,185.40921,0.13454,False,False,-0.99975,2285.12911,2278.8556,-6.27351,0,0.0421,-0.17257,0,0,-0.17257,0,0,62.57416,0.1725656,0.00275778,87600.897,80034.544,-7600.897,-34.544,True,False,-0.46385
460.02,FINE,THRUST,80045.134,30.5199086,0.6254518,184.68705,0.13507,False,False,-1.02089,2285.12981,2278.85587,-6.27394,0,0.04211,-0.16815,0,0,-0.16815,0,0,62.57471,0.1681507,0.0026872,87601.767,80033.877,-7601.767,-33.877,True,False,-0.42947
460.16,FINE,THRUST,80044.989,30.5199102,0.6254512,184.0586,0.13553,False,False,-1.03886,2285.13042,2278.85612,-6.27431,0,0.04211,-0.16435,0,0,-0.16435,0,0,62.57519,0.1643532,0.00262649,87602.518,80033.296,-7602.518,-33.296,True,False,-0.39725
460.3,FINE,THRUST,80044.84,30.5199116,0.6254507,183.43322,0.13599,False,False,-1.05624,2285.13104,2278.85636,-6.27468,0,0.04211,-0.16063,0,0,-0.16063,0,0,62.57565,0.1606344,0.00256704,87603.257,80032.719,-7603.257,-32.719,True,False,-0.36455
460.44,FINE,THRUST,80044.69,30.5199128,0.6254503,182.81088,0.13645,False,False,-1.0731,2285.13166,2278.85661,-6.27505,0,0.04211,-0.15698,0,0,-0.15698,0,0,62.5761,0.1569845,0.0025087,87603.986,80032.146,-7603.986,-32.146,True,False,-0.33305
460.6,FINE,THRUST,80044.515,30.5199138,0.6254499,182.10333,0.13698,False,False,-1.09172,2285.13237,2278.8569,-6.27547,0,0.04212,-0.1529,0,0,-0.1529,0,0,62.5766,0.1528975,0.00244337,87604.805,80031.497,-7604.805,-31.497,True,False,-0.30063
460.74,FINE,THRUST,80044.359,30.5199144,0.6254496,181.48748,0.13745,False,False,-1.10753,2285.133,2278.85716,-6.27584,0,0.04212,-0.14938,0,0,-0.14938,0,0,62.57703,0.149383,0.00238719,87605.512,80030.932,-7605.512,-30.932,True,False,-0.27739
460.88,FINE,THRUST,80044.202,30.5199148,0.6254495,180.8747,0.13791,False,False,-1.1228,2285.13362,2278.85742,-6.2762,0,0.04212,-0.14594,0,0,-0.14594,0,0,62.57745,0.1459421,0.00233218,87606.206,80030.374,-7606.206,-30.374,True,False,-0.26022
461.02,FINE,THRUST,80044.042,30.519915,0.6254494,180.26506,0.13838,False,False,-1.13758,2285.13426,2278.85769,-6.27657,0,0.04212,-0.14257,0,0,-0.14257,0,0,62.57786,0.1425658,0.00227821,87606.89,80029.822,-7606.89,-29.822,True,False,-0.24965
461.18,FINE,THRUST,80043.857,30.519915,0.6254494,179.57226,0.13891,False,False,-1.15388,2285.13498,2278.858,-6.27698,0,0.04213,-0.13879,0,0,-0.13879,0,0,62.57832,0.1387861,0.0022178,87607.657,80029.198,-7607.657,-29.198,True,False,-0.2453
461.32,FINE,THRUST,80043.693,30.5199148,0.6254495,178.9696,0.13938,False,False,-1.1677,2285.13562,2278.85827,-6.27735,0,0.04213,-0.13554,0,0,-0.13554,0,0,62.57871,0.1355365,0.00216586,87608.318,80028.657,-7608.318,-28.657,True,False,-0.24654
461.46,FINE,THRUST,80043.528,30.5199144,0.6254496,178.37034,0.13985,False,False,-1.18101,2285.13625,2278.85854,-6.27771,0,0.04213,-0.13236,0,0,-0.13236,0,0,62.57909,0.1323559,0.00211502,87608.967,80028.124,-7608.967,-28.124,True,False,-0.2508
461.6,FINE,THRUST,80043.36,30.519914,0.6254498,177.77456,0.14032,False,False,-1.19387,2285.1369,2278.85882,-6.27807,0,0.04213,-0.12924,0,0,-0.12924,0,0,62.57946,0.1292355,0.00206514,87609.604,80027.598,-7609.604,-27.598,True,False,-0.25657
461.76,FINE,THRUST,80043.167,30.5199134,0.62545,177.09806,0.14085,False,False,-1.20802,2285.13763,2278.85915,-6.27849,0,0.04214,-0.12574,0,0,-0.12574,0,0,62.57988,0.1257434,0.00200933,87610.318,80027.006,-7610.318,-27.006,True,False,-0.26248
461.9,FINE,THRUST,80042.996,30.5199128,0.6254503,176.51004,0.14132,False,False,-1.21998,2285.13828,2278.85943,-6.27885,0,0.04214,-0.12274,0,0,-0.12274,0,0,62.58023,0.1227419,0.00196135,87610.931,80026.493,-7610.931,-26.493,True,False,-0.26649
462.04,FINE,THRUST,80042.823,30.5199121,0.6254505,175.92576,0.14179,False,False,-1.23149,2285.13892,2278.85972,-6.27921,0,0.04214,-0.1198,0,0,-0.1198,0,0,62.58058,0.1198047,0.00191441,87611.53,80025.99,-7611.53,-25.99,True,False,-0.26806
462.18,FINE,THRUST,80042.649,30.5199114,0.6254508,175.34529,0.14226,False,False,-1.24257,2285.13957,2278.86001,-6.27956,0,0.04214,-0.11692,0,0,-0.11692,0,0,62.58091,0.116924,0.00186837,87612.119,80025.494,-7612.119,-25.494,True,False,-0.26681
462.34,FINE,THRUST,80042.448,30.5199107,0.6254511,174.68664,0.1428,False,False,-1.25473,2285.14032,2278.86034,-6.27997,0,0.04215,-0.1137,0,0,-0.1137,0,0,62.58129,0.1137009,0.00181685,87612.776,80024.936,-7612.776,-24.936,True,False,-0.26243
462.48,FINE,THRUST,80042.271,30.51991,0.6254514,174.1145,0.14327,False,False,-1.265,2285.14097,2278.86064,-6.28033,0,0.04215,-0.11093,0,0,-0.11093,0,0,62.58161,0.1109314,0.00177259,87613.341,80024.456,-7613.341,-24.456,True,False,-0.25569
462.62,FINE,THRUST,80042.092,30.5199094,0.6254516,173.54631,0.14374,False,False,-1.27483,2285.14163,2278.86094,-6.28069,0,0.04215,-0.10822,0,0,-0.10822,0,0,62.58192,0.108222,0.00172928,87613.893,80023.984,-7613.893,-23.984,True,False,-0.2465
462.76,FINE,THRUST,80041.912,30.5199089,0.6254518,172.98207,0.14421,False,False,-1.28427,2285.14229,2278.86124,-6.28105,0,0.04215,-0.10557,0,0,-0.10557,0,0,62.58222,0.1055653,0.00168683,87614.434,80023.521,-7614.434,-23.521,True,False,-0.23543
462.92,FINE,THRUST,80041.704,30.5199083,0.6254521,172.34208,0.14474,False,False,-1.2946,2285.14304,2278.86158,-6.28146,0,0.04216,-0.10259,0,0,-0.10259,0,0,62.58256,0.1025939,0.00163934,87615.038,80023.002,-7615.038,-23.002,True,False,-0.22182
463.06,FINE,THRUST,80041.522,30.5199079,0.6254522,171.78631,0.14521,False,False,-1.30329,2285.1437,2278.86189,-6.28181,0,0.04216,-0.10004,0,0,-0.10004,0,0,62.58285,0.1000413,0.00159854,87615.556,80022.555,-7615.556,-22.555,True,False,-0.20929
463.2,FINE,THRUST,80041.334,30.5199075,0.6254524,171.23446,0.14568,False,False,-1.31158,2285.14437,2278.8622,-6.28217,0,0.04216,-0.09754,0,0,-0.09754,0,0,62.58313,0.0975449,0.00155864,87616.062,80022.117,-7616.062,-22.117,True,False,-0.19714
463.34,FINE,THRUST,80041.14,30.5199072,0.6254524,170.68655,0.14615,False,False,-1.31952,2285.14505,2278.86252,-6.28254,0,0.04216,-0.09505,0,0,-0.09505,0,0,62.58341,0.0950476,0.00151874,87616.561,80021.68,-7616.561,-21.68,True,False,-0.18606
463.5,FINE,THRUST,80040.925,30.519907,0.6254524,170.06506,0.14668,False,False,-1.32816,2285.14584,2278.86289,-6.28295,0,0.04217,-0.09226,0,0,-0.09226,0,0,62.58371,0.0922617,0.00147421,87617.117,80021.192,-7617.117,-21.192,True,False,-0.1757
463.64,FINE,THRUST,80040.738,30.5199068,0.6254525,169.52527,0.14715,False,False,-1.33538,2285.14651,2278.8632,-6.28331,0,0.04217,-0.08991,0,0,-0.08991,0,0,62.58397,0.0899135,0.00143669,87617.59,80020.779,-7617.59,-20.779,True,False,-0.16883
463.78,FINE,THRUST,80040.549,30.5199068,0.6254525,168.9892,0.14761,False,False,-1.34224,2285.14718,2278.86351,-6.28367,0,0.04217,-0.08762,0,0,-0.08762,0,0,62.58422,0.0876183,0.00140001,87618.051,80020.377,-7618.051,-20.377,True,False,-0.1648
463.92,FINE,THRUST,80040.36,30.5199068,0.6254525,168.45681,0.14808,False,False,-1.34877,2285.14785,2278.86383,-6.28402,0,0.04217,-0.08537,0,0,-0.08537,0,0,62.58447,0.0853692,0.00136406,87618.502,80019.982,-7618.502,-19.982,True,False,-0.16336
464.08,FINE,THRUST,80040.143,30.5199068,0.6254525,167.85276,0.14861,False,False,-1.35584,2285.14862,2278.86419,-6.28443,0,0.04218,-0.08286,0,0,-0.08286,0,0,62.58474,0.0828553,0.00132389,87619.005,80019.542,-7619.005,-19.542,True,False,-0.16402
464.22,FINE,THRUST,80039.953,30.519907,0.6254524,167.32801,0.14908,False,False,-1.36173,2285.1493,2278.86451,-6.28479,0,0.04218,-0.0807,0,0,-0.0807,0,0,62.58498,0.0806972,0.0012894,87619.435,80019.164,-7619.435,-19.164,True,False,-0.16604
464.36,FINE,THRUST,80039.761,30.5199071,0.6254524,166.80672,0.14955,False,False,-1.36728,2285.14998,2278.86483,-6.28515,0,0.04218,-0.07859,0,0,-0.07859,0,0,62.58521,0.0785878,0.00125569,87619.854,80018.796,-7619.854,-18.796,True,False,-0.16881
464.5,FINE,THRUST,80039.569,30.5199073,0.6254523,166.28884,0.15001,False,False,-1.37254,2285.15066,2278.86515,-6.2855,0,0.04218,-0.07652,0,0,-0.07652,0,0,62.58543,0.0765215,0.00122267,87620.263,80018.436,-7620.263,-18.436,True,False,-0.17164
464.66,FINE,THRUST,80039.348,30.5199075,0.6254522,165.70104,0.15054,False,False,-1.37818,2285.15143,2278.86552,-6.28591,0,0.04219,-0.07421,0,0,-0.07421,0,0,62.58567,0.0742127,0.00118578,87620.719,80018.034,-7620.719,-18.034,True,False,-0.1743
464.8,FINE,THRUST,80039.154,30.5199077,0.6254521,165.19023,0.15101,False,False,-1.38284,2285.15211,2278.86585,-6.28627,0,0.04219,-0.07223,0,0,-0.07223,0,0,62.58588,0.0722314,0.00115412,87621.108,80017.69,-7621.108,-17.69,True,False,-0.17568
464.94,FINE,THRUST,80038.96,30.5199079,0.625452,164.68262,0.15147,False,False,-1.38719,2285.1528,2278.86617,-6.28663,0,0.04219,-0.0703,0,0,-0.0703,0,0,62.58609,0.0702956,0.00112318,87621.486,80017.356,-7621.486,-17.356,True,False,-0.17595
465.08,FINE,THRUST,80038.765,30.5199082,0.6254519,164.17816,0.15194,False,False,-1.39127,2285.15348,2278.8665,-6.28698,0,0.04219,-0.0684,0,0,-0.0684,0,0,62.58629,0.0683999,0.00109289,87621.855,80017.029,-7621.855,-17.029,True,False,-0.17498
465.24,FINE,THRUST,80038.542,30.5199084,0.6254518,163.60542,0.15247,False,False,-1.3956,2285.15426,2278.86687,-6.28739,0,0.0422,-0.06628,0,0,-0.06628,0,0,62.5865,0.0662825,0.00105905,87622.265,80016.665,-7622.265,-16.665,True,False,-0.17235
465.38,FINE,THRUST,80038.346,30.5199086,0.6254517,163.10754,0.15294,False,False,-1.39914,2285.15494,2278.8672,-6.28775,0,0.0422,-0.06447,0,0,-0.06447,0,0,62.58669,0.0644663,0.00103003,87622.614,80016.355,-7622.614,-16.355,True,False,-0.16885
465.52,FINE,THRUST,80038.149,30.5199088,0.6254516,162.61265,0.1534,False,False,-1.40239,2285.15563,2278.86753,-6.2881,0,0.0422,-0.06269,0,0,-0.06269,0,0,62.58687,0.0626924,0.00100169,87622.954,80016.052,-7622.954,-16.052,True,False,-0.16429
465.66,FINE,THRUST,80037.952,30.519909,0.6254516,162.12073,0.15387,False,False,-1.40539,2285.15631,2278.86786,-6.28846,0,0.0422,-0.06096,0,0,-0.06096,0,0,62.58705,0.0609559,0.00097394,87623.284,80015.758,-7623.284,-15.758,True,False,-0.15895
465.82,FINE,THRUST,80037.727,30.5199092,0.6254515,161.5621,0.1544,False,False,-1.40852,2285.1571,2278.86823,-6.28886,0,0.04221,-0.05902,0,0,-0.05902,0,0,62.58724,0.0590172,0.00094296,87623.651,80015.431,-7623.651,-15.431,True,False,-0.1523
465.96,FINE,THRUST,80037.529,30.5199093,0.6254514,161.07638,0.15487,False,False,-1.41103,2285.15778,2278.86856,-6.28922,0,0.04221,-0.05735,0,0,-0.05735,0,0,62.58741,0.057355,0.0009164,87623.963,80015.151,-7623.963,-15.151,True,False,-0.14629
466.1,FINE,THRUST,80037.331,30.5199095,0.6254514,160.59352,0.15533,False,False,-1.41327,2285.15847,2278.8689,-6.28957,0,0.04221,-0.05573,0,0,-0.05573,0,0,62.58757,0.0557321,0.00089047,87624.266,80014.88,-7624.266,-14.88,True,False,-0.14038
466.24,FINE,THRUST,80037.133,30.5199095,0.6254513,160.1135,0.1558,False,False,-1.41529,2285.15915,2278.86923,-6.28993,0,0.04221,-0.05414,0,0,-0.05414,0,0,62.58773,0.0541442,0.00086509,87624.561,80014.616,-7624.561,-14.616,True,False,-0.13484
466.4,FINE,THRUST,80036.906,30.5199096,0.6254513,159.56833,0.15633,False,False,-1.41731,2285.15994,2278.86961,-6.29033,0,0.04222,-0.05237,0,0,-0.05237,0,0,62.5879,0.0523722,0.00083678,87624.887,80014.324,-7624.887,-14.324,True,False,-0.12949
466.54,FINE,THRUST,80036.707,30.5199097,0.6254513,159.09428,0.1568,False,False,-1.41887,2285.16062,2278.86994,-6.29068,0,0.04222,-0.05085,0,0,-0.05085,0,0,62.58805,0.0508535,0.00081251,87625.165,80014.074,-7625.165,-14.074,True,False,-0.12559
466.68,FINE,THRUST,80036.508,30.5199097,0.6254513,158.623,0.15726,False,False,-1.4202,2285.16131,2278.87027,-6.29104,0,0.04222,-0.04937,0,0,-0.04937,0,0,62.58819,0.0493715,0.00078883,87625.434,80013.833,-7625.434,-13.833,True,False,-0.12272
466.82,FINE,THRUST,80036.309,30.5199097,0.6254513,158.15446,0.15773,False,False,-1.42131,2285.162,2278.87061,-6.29139,0,0.04222,-0.04792,0,0,-0.04792,0,0,62.58833,0.0479221,0.00076567,87625.695,80013.598,-7625.695,-13.598,True,False,-0.12086
466.98,FINE,THRUST,80036.082,30.5199097,0.6254513,157.62233,0.15826,False,False,-1.42233,2285.16278,2278.87099,-6.29179,0,0.04223,-0.04631,0,0,-0.04631,0,0,62.58849,0.0463055,0.00073984,87625.983,80013.338,-7625.983,-13.338,True,False,-0.11962
467.12,FINE,THRUST,80035.882,30.5199097,0.6254513,157.15962,0.15873,False,False,-1.42303,2285.16346,2278.87132,-6.29214,0,0.04223,-0.04492,0,0,-0.04492,0,0,62.58862,0.0449207,0.00071771,87626.229,80013.116,-7626.229,-13.116,True,False,-0.11917
467.26,FINE,THRUST,80035.683,30.5199096,0.6254513,156.69961,0.15919,False,False,-1.42352,2285.16415,2278.87166,-6.29249,0,0.04223,-0.04357,0,0,-0.04357,0,0,62.58874,0.04357,0.00069613,87626.466,80012.902,-7626.466,-12.902,True,False,-0.11884
467.4,FINE,THRUST,80035.484,30.5199096,0.6254513,156.24228,0.15966,False,False,-1.42381,2285.16483,2278.87199,-6.29284,0,0.04223,-0.04225,0,0,-0.04225,0,0,62.58887,0.0422497,0.00067504,87626.696,80012.694,-7626.696,-12.694,True,False,-0.11893
467.56,FINE,THRUST,80035.256,30.5199095,0.6254513,155.72288,0.16019,False,False,-1.42391,2285.16562,2278.87237,-6.29324,0,0.04224,-0.04078,0,0,-0.04078,0,0,62.58901,0.0407779,0.00065152,87626.95,80012.465,-7626.95,-12.465,True,False,-0.11869
467.7,FINE,THRUST,80035.056,30.5199095,0.6254514,155.27124,0.16066,False,False,-1.42382,2285.1663,2278.87271,-6.29359,0,0.04224,-0.03952,0,0,-0.03952,0,0,62.58912,0.0395178,0.00063139,87627.165,80012.269,-7627.165,-12.269,True,False,-0.11828
467.84,FINE,THRUST,80034.857,30.5199094,0.6254514,154.82224,0.16112,False,False,-1.42354,2285.16698,2278.87304,-6.29394,0,0.04224,-0.03829,0,0,-0.03829,0,0,62.58923,0.0382895,0.00061176,87627.373,80012.081,-7627.373,-12.081,True,False,-0.11754
467.98,FINE,THRUST,80034.658,30.5199093,0.6254514,154.37586,0.16159,False,False,-1.42308,2285.16766,2278.87337,-6.29429,0,0.04224,-0.03709,0,0,-0.03709,0,0,62.58934,0.0370894,0.00059258,87627.575,80011.898,-7627.575,-11.898,True,False,-0.11642
468.14,FINE,THRUST,80034.43,30.5199093,0.6254515,153.86889,0.16212,False,False,-1.42235,2285.16844,2278.87376,-6.29469,0,0.04225,-0.03575,0,0,-0.03575,0,0,62.58945,0.0357525,0.00057122,87627.797,80011.697,-7627.797,-11.697,True,False,-0.11453
468.28,FINE,THRUST,80034.231,30.5199092,0.6254515,153.42806,0.16259,False,False,-1.42154,2285.16912,2278.87409,-6.29503,0,0.04225,-0.03461,0,0,-0.03461,0,0,62.58956,0.0346086,0.00055294,87627.985,80011.526,-7627.985,-11.526,True,False,-0.11238
468.42,FINE,THRUST,80034.032,30.5199092,0.6254515,152.98979,0.16305,False,False,-1.42056,2285.1698,2278.87442,-6.29538,0,0.04225,-0.03349,0,0,-0.03349,0,0,62.58965,0.0334941,0.00053514,87628.166,80011.361,-7628.166,-11.361,True,False,-0.11005
468.56,FINE,THRUST,80033.833,30.5199091,0.6254515,152.55407,0.16352,False,False,-1.41943,2285.17048,2278.87476,-6.29572,0,0.04225,-0.03241,0,0,-0.03241,0,0,62.58975,0.032406,0.00051775,87628.342,80011.201,-7628.342,-11.201,True,False,-0.10748
468.72,FINE,THRUST,80033.606,30.5199091,0.6254515,152.0592,0.16405,False,False,-1.41793,2285.17125,2278.87514,-6.29612,0,0.04226,-0.03119,0,0,-0.03119,0,0,62.58985,0.0311946,0.0004984,87628.535,80011.025,-7628.535,-11.025,True,False,-0.1044
468.86,FINE,THRUST,80033.408,30.5199091,0.6254516,151.62887,0.16452,False,False,-1.41648,2285.17193,2278.87547,-6.29646,0,0.04226,-0.03016,0,0,-0.03016,0,0,62.58994,0.0301588,0.00048185,87628.698,80010.876,-7628.698,-10.876,True,False,-0.10182
469,FINE,THRUST,80033.21,30.519909,0.6254516,151.20101,0.16498,False,False,-1.41487,2285.1726,2278.8758,-6.2968,0,0.04226,-0.02915,0,0,-0.02915,0,0,62.59003,0.0291504,0.00046573,87628.855,80010.733,-7628.855,-10.733,True,False,-0.09908
469.14,FINE,THRUST,80033.012,30.519909,0.6254516,150.77561,0.16545,False,False,-1.41311,2285.17328,2278.87613,-6.29714,0,0.04226,-0.02817,0,0,-0.02817,0,0,62.59011,0.0281664,0.00045001,87629.007,80010.595,-7629.007,-10.595,True,False,-0.09658
469.3,FINE,THRUST,80032.786,30.519909,0.6254516,150.29242,0.16598,False,False,-1.41093,2285.17405,2278.87651,-6.29753,0,0.04227,-0.02707,0,0,-0.02707,0,0,62.5902,0.0270717,0.00043252,87629.173,80010.443,-7629.173,-10.443,True,False,-0.09406
469.44,FINE,THRUST,80032.589,30.519909,0.6254516,149.87222,0.16644,False,False,-1.4089,2285.17472,2278.87684,-6.29787,0,0.04227,-0.02614,0,0,-0.02614,0,0,62.59028,0.0261365,0.00041758,87629.314,80010.314,-7629.314,-10.314,True,False,-0.09233
469.58,FINE,THRUST,80032.392,30.519909,0.6254516,149.45442,0.16691,False,False,-1.40671,2285.17539,2278.87717,-6.29821,0,0.04227,-0.02523,0,0,-0.02523,0,0,62.59035,0.0252266,0.00040304,87629.449,80010.19,-7629.449,-10.19,True,False,-0.09078
469.72,FINE,THRUST,80032.196,30.519909,0.6254516,149.03898,0.16738,False,False,-1.4044,2285.17605,2278.8775,-6.29855,0,0.04227,-0.02434,0,0,-0.02434,0,0,62.59042,0.0243395,0.00038887,87629.579,80010.071,-7629.579,-10.071,True,False,-0.08963
469.88,FINE,THRUST,80031.971,30.519909,0.6254516,148.56706,0.16791,False,False,-1.4016,2285.17682,2278.87788,-6.29894,0,0.04228,-0.02335,0,0,-0.02335,0,0,62.5905,0.0233534,0.00037311,87629.722,80009.941,-7629.722,-9.941,True,False,-0.08848
470.02,FINE,THRUST,80031.775,30.519909,0.6254516,148.15662,0.16837,False,False,-1.39903,2285.17748,2278.87821,-6.29927,0,0.04228,-0.02251,0,0,-0.02251,0,0,62.59056,0.0225117,0.00035967,87629.842,80009.83,-7629.842,-9.83,True,False,-0.08783
470.16,FINE,THRUST,80031.58,30.519909,0.6254516,147.74848,0.16884,False,False,-1.39633,2285.17815,2278.87854,-6.29961,0,0.04228,-0.02169,0,0,-0.02169,0,0,62.59063,0.0216934,0.00034659,87629.957,80009.724,-7629.957,-9.724,True,False,-0.0872
470.3,FINE,THRUST,80031.385,30.519909,0.6254516,147.34263,0.1693,False,False,-1.39351,2285.17881,2278.87886,-6.29994,0,0.04228,-0.0209,0,0,-0.0209,0,0,62.59069,0.0208963,0.00033386,87630.068,80009.623,-7630.068,-9.623,True,False,-0.08654
470.46,FINE,THRUST,80031.162,30.519909,0.6254516,146.88155,0.16983,False,False,-1.39015,2285.17956,2278.87924,-6.30033,0,0.04228,-0.02001,0,0,-0.02001,0,0,62.59076,0.020011,0.00031971,87630.189,80009.511,-7630.189,-9.511,True,False,-0.08576
470.6,FINE,THRUST,80030.968,30.5199091,0.6254515,146.4805,0.1703,False,False,-1.38711,2285.18022,2278.87956,-6.30066,0,0.04229,-0.01926,0,0,-0.01926,0,0,62.59081,0.0192561,0.00030765,87630.291,80009.417,-7630.291,-9.417,True,False,-0.08504
470.74,FINE,THRUST,80030.774,30.5199091,0.6254515,146.08167,0.17076,False,False,-1.38394,2285.18088,2278.87989,-6.30099,0,0.04229,-0.01852,0,0,-0.01852,0,0,62.59087,0.0185229,0.00029594,87630.389,80009.328,-7630.389,-9.328,True,False,-0.08427
470.88,FINE,THRUST,80030.581,30.5199091,0.6254515,145.68503,0.17123,False,False,-1.38067,2285.18153,2278.88021,-6.30132,0,0.04229,-0.01781,0,0,-0.01781,0,0,62.59092,0.0178093,0.00028454,87630.482,80009.241,-7630.482,-9.241,True,False,-0.08326
471.04,FINE,THRUST,80030.361,30.5199091,0.6254515,145.23439,0.17176,False,False,-1.37681,2285.18228,2278.88058,-6.3017,0,0.04229,-0.01702,0,0,-0.01702,0,0,62.59098,0.0170177,0.00027189,87630.585,80009.147,-7630.585,-9.147,True,False,-0.08196
471.18,FINE,THRUST,80030.169,30.5199091,0.6254515,144.84239,0.17223,False,False,-1.37334,2285.18293,2278.8809,-6.30203,0,0.0423,-0.01634,0,0,-0.01634,0,0,62.59103,0.0163433,0.00026111,87630.67,80009.068,-7630.67,-9.068,True,False,-0.08075
471.32,FINE,THRUST,80029.977,30.5199092,0.6254515,144.45252,0.17269,False,False,-1.36976,2285.18358,2278.88122,-6.30235,0,0.0423,-0.01569,0,0,-0.01569,0,0,62.59107,0.0156891,0.00025066,87630.752,80008.992,-7630.752,-8.992,True,False,-0.07937
471.46,FINE,THRUST,80029.786,30.5199092,0.6254515,144.06477,0.17315,False,False,-1.36609,2285.18423,2278.88155,-6.30268,0,0.0423,-0.01505,0,0,-0.01505,0,0,62.59112,0.015053,0.0002405,87630.831,80008.92,-7630.831,-8.92,True,False,-0.0779
471.62,FINE,THRUST,80029.568,30.5199092,0.6254515,143.62418,0.17369,False,False,-1.36178,2285.18496,2278.88191,-6.30305,0,0.0423,-0.01435,0,0,-0.01435,0,0,62.59117,0.0143483,0.00022924,87630.916,80008.841,-7630.916,-8.841,True,False,-0.07624
471.76,FINE,THRUST,80029.378,30.5199092,0.6254515,143.24091,0.17415,False,False,-1.35792,2285.18561,2278.88223,-6.30338,0,0.04231,-0.01375,0,0,-0.01375,0,0,62.59121,0.0137486,0.00021966,87630.988,80008.775,-7630.988,-8.775,True,False,-0.07476
471.9,FINE,THRUST,80029.188,30.5199092,0.6254515,142.85969,0.17462,False,False,-1.35398,2285.18625,2278.88255,-6.3037,0,0.04231,-0.01317,0,0,-0.01317,0,0,62.59125,0.0131676,0.00021037,87631.056,80008.712,-7631.056,-8.712,True,False,-0.07337
472.04,FINE,THRUST,80028.999,30.5199092,0.6254515,142.48053,0.17508,False,False,-1.34994,2285.18689,2278.88287,-6.30402,0,0.04231,-0.0126,0,0,-0.0126,0,0,62.59128,0.0126034,0.00020136,87631.121,80008.652,-7631.121,-8.652,True,False,-0.072
472.2,FINE,THRUST,80028.784,30.5199092,0.6254515,142.04968,0.17561,False,False,-1.34524,2285.18761,2278.88323,-6.30439,0,0.04231,-0.01198,0,0,-0.01198,0,0,62.59132,0.0119792,0.00019139,87631.191,80008.587,-7631.191,-8.587,True,False,-0.07051
472.34,FINE,THRUST,80028.596,30.5199092,0.6254515,141.67485,0.17608,False,False,-1.34104,2285.18825,2278.88354,-6.30471,0,0.04231,-0.01145,0,0,-0.01145,0,0,62.59136,0.0114488,0.00018291,87631.25,80008.532,-7631.25,-8.532,True,False,-0.06939
472.48,FINE,THRUST,80028.409,30.5199092,0.6254515,141.30201,0.17654,False,False,-1.33676,2285.18888,2278.88386,-6.30502,0,0.04232,-0.01094,0,0,-0.01094,0,0,62.59139,0.0109356,0.00017471,87631.306,80008.48,-7631.306,-8.48,True,False,-0.06839
472.62,FINE,THRUST,80028.222,30.5199092,0.6254515,140.93115,0.17701,False,False,-1.33241,2285.18951,2278.88417,-6.30534,0,0.04232,-0.01044,0,0,-0.01044,0,0,62.59142,0.0104381,0.00016677,87631.36,80008.431,-7631.36,-8.431,True,False,-0.06749
472.78,FINE,THRUST,80028.01,30.5199092,0.6254515,140.50972,0.17754,False,False,-1.32735,2285.19023,2278.88453,-6.3057,0,0.04232,-0.00989,0,0,-0.00989,0,0,62.59145,0.0098884,0.00015798,87631.418,80008.377,-7631.418,-8.377,True,False,-0.06652
472.92,FINE,THRUST,80027.825,30.5199092,0.6254515,140.14305,0.178,False,False,-1.32286,2285.19085,2278.88484,-6.30602,0,0.04232,-0.00942,0,0,-0.00942,0,0,62.59148,0.0094222,0.00015053,87631.466,80008.333,-7631.466,-8.333,True,False,-0.06578
473.06,FINE,THRUST,80027.64,30.5199092,0.6254515,139.77832,0.17847,False,False,-1.31829,2285.19148,2278.88515,-6.30633,0,0.04233,-0.00897,0,0,-0.00897,0,0,62.59151,0.0089718,0.00014334,87631.511,80008.291,-7631.511,-8.291,True,False,-0.06517
473.2,FINE,THRUST,80027.456,30.5199092,0.6254515,139.41551,0.17893,False,False,-1.31366,2285.1921,2278.88546,-6.30664,0,0.04233,-0.00854,0,0,-0.00854,0,0,62.59153,0.0085359,0.00013637,87631.555,80008.25,-7631.555,-8.25,True,False,-0.06456
473.36,FINE,THRUST,80027.247,30.5199092,0.6254515,139.00319,0.17946,False,False,-1.30829,2285.19281,2278.88581,-6.307,0,0.04233,-0.00806,0,0,-0.00806,0,0,62.59156,0.0080552,0.0001287,87631.601,80008.207,-7631.601,-8.207,True,False,-0.06377
473.5,FINE,THRUST,80027.065,30.5199092,0.6254515,138.64444,0.17992,False,False,-1.30353,2285.19342,2278.88611,-6.30731,0,0.04233,-0.00765,0,0,-0.00765,0,0,62.59159,0.0076484,0.00012219,87631.64,80008.171,-7631.64,-8.171,True,False,-0.06326
473.64,FINE,THRUST,80026.883,30.5199092,0.6254515,138.28757,0.18039,False,False,-1.29871,2285.19404,2278.88642,-6.30762,0,0.04233,-0.00726,0,0,-0.00726,0,0,62.5916,0.0072561,0.00011593,87631.676,80008.138,-7631.676,-8.138,True,False,-0.06264
473.78,FINE,THRUST,80026.702,30.5199092,0.6254515,137.93255,0.18085,False,False,-1.29383,2285.19465,2278.88672,-6.30792,0,0.04234,-0.00688,0,0,-0.00688,0,0,62.59163,0.0068772,0.00010987,87631.711,80008.106,-7631.711,-8.106,True,False,-0.06195
473.94,FINE,THRUST,80026.496,30.5199092,0.6254515,137.52908,0.18138,False,False,-1.28819,2285.19534,2278.88707,-6.30827,0,0.04234,-0.00646,0,0,-0.00646,0,0,62.59165,0.0064603,0.00010321,87631.748,80008.071,-7631.748,-8.071,True,False,-0.06105
474.08,FINE,THRUST,80026.316,30.5199092,0.6254515,137.17801,0.18185,False,False,-1.2832,2285.19595,2278.88737,-6.30858,0,0.04234,-0.00611,0,0,-0.00611,0,0,62.59167,0.0061083,9.759E-05,87631.778,80008.043,-7631.778,-8.043,True,False,-0.06036
474.22,FINE,THRUST,80026.137,30.5199092,0.6254515,136.82875,0.18231,False,False,-1.27815,2285.19655,2278.88767,-6.30888,0,0.04234,-0.00577,0,0,-0.00577,0,0,62.59168,0.0057698,9.218E-05,87631.807,80008.016,-7631.807,-8.016,True,False,-0.05947
474.36,FINE,THRUST,80025.959,30.5199092,0.6254515,136.48129,0.18278,False,False,-1.27306,2285.19715,2278.88797,-6.30918,0,0.04234,-0.00544,0,0,-0.00544,0,0,62.5917,0.0054435,8.697E-05,87631.834,80007.991,-7631.834,-7.991,True,False,-0.05865
474.52,FINE,THRUST,80025.756,30.5199092,0.6254515,136.08639,0.18331,False,False,-1.26718,2285.19784,2278.88831,-6.30953,0,0.04235,-0.00509,0,0,-0.00509,0,0,62.59172,0.0050856,8.125E-05,87631.863,80007.964,-7631.863,-7.964,True,False,-0.05769
474.66,FINE,THRUST,80025.58,30.5199092,0.6254515,135.74275,0.18377,False,False,-1.262,2285.19843,2278.88861,-6.30983,0,0.04235,-0.00478,0,0,-0.00478,0,0,62.59173,0.0047843,7.644E-05,87631.887,80007.942,-7631.887,-7.942,True,False,-0.05695
474.8,FINE,THRUST,80025.404,30.5199092,0.6254515,135.40086,0.18424,False,False,-1.25676,2285.19903,2278.8889,-6.31012,0,0.04235,-0.0045,0,0,-0.0045,0,0,62.59175,0.0044953,7.182E-05,87631.909,80007.921,-7631.909,-7.921,True,False,-0.05614
474.94,FINE,THRUST,80025.229,30.5199092,0.6254515,135.06072,0.1847,False,False,-1.25149,2285.19962,2278.8892,-6.31042,0,0.04235,-0.00422,0,0,-0.00422,0,0,62.59176,0.0042177,6.738E-05,87631.93,80007.902,-7631.93,-7.902,True,False,-0.05525
475.1,FINE,THRUST,80025.029,30.5199092,0.6254515,134.67411,0.18523,False,False,-1.24541,2285.20029,2278.88953,-6.31076,0,0.04236,-0.00391,0,0,-0.00391,0,0,62.59177,0.0039142,6.254E-05,87631.952,80007.882,-7631.952,-7.882,True,False,-0.05429
475.24,FINE,THRUST,80024.856,30.5199092,0.6254515,134.33767,0.18569,False,False,-1.24005,2285.20088,2278.88982,-6.31105,0,0.04236,-0.00366,0,0,-0.00366,0,0,62.59178,0.0036596,5.847E-05,87631.97,80007.865,-7631.97,-7.865,True,False,-0.05353
475.38,FINE,THRUST,80024.683,30.5199092,0.6254515,134.00293,0.18616,False,False,-1.23466,2285.20146,2278.89011,-6.31134,0,0.04236,-0.00342,0,0,-0.00342,0,0,62.5918,0.0034163,5.458E-05,87631.987,80007.849,-7631.987,-7.849,True,False,-0.05276
475.52,FINE,THRUST,80024.511,30.5199092,0.6254515,133.66988,0.18662,False,False,-1.22923,2285.20204,2278.8904,-6.31164,0,0.04236,-0.00318,0,0,-0.00318,0,0,62.5918,0.0031835,5.086E-05,87632.002,80007.835,-7632.002,-7.835,True,False,-0.05208
475.68,FINE,THRUST,80024.315,30.5199092,0.6254515,133.2913,0.18715,False,False,-1.22298,2285.2027,2278.89073,-6.31197,0,0.04236,-0.00293,0,0,-0.00293,0,0,62.59181,0.0029301,4.681E-05,87632.018,80007.819,-7632.018,-7.819,True,False,-0.05122
475.82,FINE,THRUST,80024.145,30.5199092,0.6254515,132.96184,0.18762,False,False,-1.21748,2285.20327,2278.89102,-6.31226,0,0.04237,-0.00272,0,0,-0.00272,0,0,62.59182,0.0027186,4.343E-05,87632.032,80007.807,-7632.032,-7.807,True,False,-0.05052
475.96,FINE,THRUST,80023.975,30.5199092,0.6254515,132.63402,0.18808,False,False,-1.21194,2285.20384,2278.8913,-6.31254,0,0.04237,-0.00252,0,0,-0.00252,0,0,62.59183,0.0025174,4.022E-05,87632.044,80007.796,-7632.044,-7.796,True,False,-0.04982
476.1,FINE,THRUST,80023.801,30.5199092,0.6254515,132.30784,0.18854,False,False,-1.20638,2285.20441,2278.89159,-6.31283,0,0.04237,-0.00233,0,0,-0.00233,0,0,62.59184,0.0023259,3.716E-05,87632.055,80007.785,-7632.055,-7.785,True,False,-0.04919
476.26,FINE,THRUST,80023.606,30.5199091,0.6254514,131.93708,0.18907,False,False,-1.19999,2285.20508,2278.89192,-6.31316,0,0.04237,-0.00207,0,0,-0.00207,0,0,62.59184,0.0020685,3.305E-05,87632.071,80007.766,-7632.071,-7.766,True,False,-0.04848
476.4,FINE,THRUST,80023.439,30.5199091,0.6254514,131.61437,0.18954,False,False,-1.19437,2285.20565,2278.8922,-6.31345,0,0.04237,-0.0019,0,0,-0.0019,0,0,62.59185,0.0018969,3.031E-05,87632.08,80007.757,-7632.08,-7.757,True,False,-0.04799
476.54,FINE,THRUST,80023.273,30.5199091,0.6254514,131.29326,0.19,False,False,-1.18872,2285.20621,2278.89248,-6.31373,0,0.04238,-0.00174,0,0,-0.00174,0,0,62.59185,0.0017356,2.773E-05,87632.088,80007.75,-7632.088,-7.75,True,False,-0.0475
476.7,FINE,COAST,80023.084,30.5199091,0.6254514,130.97375,0.19046,False,False,-1.18304,2285.20677,2278.89276,-6.31401,0,0.04238,-0.00158,0,0,-0.00158,0,0,62.59186,0.0015832,0,87632.096,80007.742,-7632.096,-7.742,True,False,-0.0189
476.86,FINE,COAST,80022.896,30.5199091,0.6254514,130.56526,0.19106,False,False,-1.17558,2285.20748,2278.89312,-6.31436,0,0.04238,-0.00142,0,0,-0.00142,0,0,62.59187,0.0014202,0,87632.101,80007.738,-7632.101,-7.738,True,False,0.01192
477,FINE,COAST,80022.732,30.5199091,0.6254514,130.24933,0.19152,False,False,-1.16965,2285.20803,2278.89339,-6.31464,0,0.04238,-0.00132,0,0,-0.00132,0,0,62.59187,0.001321,0,87632.1,80007.738,-7632.1,-7.738,True,False,0.03428
477.14,FINE,COAST,80022.569,30.5199091,0.6254514,129.93496,0.19199,False,False,-1.16371,2285.20858,2278.89366,-6.31491,0,0.04238,-0.00123,0,0,-0.00123,0,0,62.59187,0.0012271,0,87632.098,80007.738,-7632.098,-7.738,True,False,0.0554
477.28,FINE,COAST,80022.407,30.5199091,0.6254514,129.62212,0.19245,False,False,-1.15778,2285.20912,2278.89394,-6.31519,0,0.04239,-0.00114,0,0,-0.00114,0,0,62.59187,0.0011386,0,87632.096,80007.738,-7632.096,-7.738,True,False,0.07414
477.44,FINE,COAST,80022.223,30.5199091,0.6254514,129.26647,0.19298,False,False,-1.15099,2285.20974,2278.89425,-6.31549,0,0.04239,-0.00104,0,0,-0.00104,0,0,62.59187,0.001044,0,87632.093,80007.738,-7632.093,-7.738,True,False,0.09225
477.58,FINE,COAST,80022.063,30.5199091,0.6254514,128.95689,0.19344,False,False,-1.14506,2285.21028,2278.89452,-6.31576,0,0.04239,-0.00097,0,0,-0.00097,0,0,62.59187,0.0009669,0,87632.091,80007.738,-7632.091,-7.738,True,False,0.10506
477.72,FINE,COAST,80021.903,30.5199091,0.6254514,128.64882,0.19391,False,False,-1.13912,2285.21081,2278.89478,-6.31603,0,0.04239,-0.0009,0,0,-0.0009,0,0,62.59187,0.0008952,0,87632.088,80007.738,-7632.088,-7.738,True,False,0.11507
477.86,FINE,COAST,80021.745,30.5199091,0.6254514,128.34224,0.19437,False,False,-1.13319,2285.21135,2278.89505,-6.3163,0,0.04239,-0.00083,0,0,-0.00083,0,0,62.59187,0.0008289,0,87632.086,80007.738,-7632.086,-7.738,True,False,0.12242
478.02,FINE,COAST,80021.564,30.5199091,0.6254514,127.99369,0.1949,False,False,-1.1264,2285.21195,2278.89535,-6.3166,0,0.0424,-0.00076,0,0,-0.00076,0,0,62.59187,0.0007596,0,87632.083,80007.738,-7632.083,-7.738,True,False,0.12777
478.16,FINE,COAST,80021.408,30.5199091,0.6254514,127.69027,0.19536,False,False,-1.12046,2285.21248,2278.89562,-6.31686,0,0.0424,-0.0007,0,0,-0.0007,0,0,62.59187,0.0007047,0,87632.081,80007.738,-7632.081,-7.738,True,False,0.1301
478.3,FINE,COAST,80021.252,30.5199091,0.6254514,127.38832,0.19582,False,False,-1.11453,2285.213,2278.89588,-6.31712,0,0.0424,-0.00066,0,0,-0.00066,0,0,62.59187,0.0006552,0,87632.079,80007.738,-7632.079,-7.738,True,False,0.13052
478.44,FINE,COAST,80021.097,30.5199091,0.6254514,127.08782,0.19629,False,False,-1.10859,2285.21353,2278.89614,-6.31739,0,0.0424,-0.00061,0,0,-0.00061,0,0,62.59187,0.000611,0,87632.078,80007.738,-7632.078,-7.738,True,False,0.12956
478.6,FINE,COAST,80020.92,30.5199091,0.6254514,126.74615,0.19682,False,False,-1.1018,2285.21412,2278.89644,-6.31768,0,0.0424,-0.00057,0,0,-0.00057,0,0,62.59187,0.0005671,0,87632.077,80007.738,-7632.077,-7.738,True,False,0.12692
478.74,FINE,COAST,80020.767,30.5199091,0.6254514,126.44872,0.19728,False,False,-1.09586,2285.21463,2278.89669,-6.31794,0,0.0424,-0.00053,0,0,-0.00053,0,0,62.59187,0.0005344,0,87632.076,80007.738,-7632.076,-7.738,True,False,0.12331
478.88,FINE,COAST,80020.614,30.5199091,0.6254514,126.15271,0.19774,False,False,-1.08993,2285.21515,2278.89695,-6.3182,0,0.04241,-0.00051,0,0,-0.00051,0,0,62.59187,0.000507,0,87632.075,80007.738,-7632.075,-7.738,True,False,0.11894
479.02,FINE,COAST,80020.463,30.5199091,0.6254514,125.85811,0.19821,False,False,-1.08399,2285.21566,2278.8972,-6.31845,0,0.04241,-0.00049,0,0,-0.00049,0,0,62.59187,0.000485,0,87632.074,80007.738,-7632.074,-7.738,True,False,0.11413
479.18,FINE,COAST,80020.29,30.5199091,0.6254514,125.52313,0.19874,False,False,-1.0772,2285.21624,2278.89749,-6.31875,0,0.04241,-0.00047,0,0,-0.00047,0,0,62.59187,0.0004665,0,87632.074,80007.738,-7632.074,-7.738,True,False,0.10839
479.32,FINE,COAST,80020.14,30.5199091,0.6254514,125.23151,0.1992,False,False,-1.07126,2285.21675,2278.89775,-6.319,0,0.04241,-0.00046,0,0,-0.00046,0,0,62.59187,0.0004559,0,87632.074,80007.738,-7632.074,-7.738,True,False,0.10332
479.46,FINE,COAST,80019.991,30.5199091,0.6254514,124.94127,0.19966,False,False,-1.06532,2285.21725,2278.898,-6.31925,0,0.04241,-0.00045,0,0,-0.00045,0,0,62.59187,0.0004508,0,87632.074,80007.738,-7632.074,-7.738,True,False,0.09841
479.62,FINE,THRUST,80019.822,30.5199091,0.6254514,124.65239,0.20012,True,False,-1.05938,2285.21775,2278.89825,-6.3195,0,0.04241,-0.00045,8,0,-0.00045,8,0,62.59187,8,0.12781214,87632.074,80007.738,-7632.074,-7.738,True,False,89.98009
479.78,FINE,THRUST,80019.539,30.5199096,0.6254511,124.28442,0.20072,True,False,-1.68881,2285.22366,2278.89862,-6.32504,0,0.04245,0.10164,8,0,0.10164,8,0,62.61421,8.0006456,0.12777684,87659.245,79987.286,-7659.245,12.714,True,False,90.66027
479.94,FINE,THRUST,80019.053,30.5197559,0.6255468,123.56644,0.20191,True,False,-2.95623,2285.21897,2278.89926,-6.31971,0,0.04242,0.30692,8,0,0.30692,8,0,62.63976,8.0058854,0.12780836,87722.122,79918.733,-7722.122,81.267,True,False,91.65244
480.1,FINE,THRUST,80018.366,30.519358,0.6257968,122.24672,0.20417,True,False,-4.22321,2285.18892,2278.90025,-6.28868,0,0.04221,0.5136,8,0,0.5136,8,0,62.66534,8.0164698,0.1279251,87790.287,79814.235,-7790.287,185.765,True,False,92.05777
480.26,FINE,THRUST,80017.477,30.519057,0.6259877,121.1925,0.20601,True,False,-5.49194,2285.17046,2278.90157,-6.2689,0,0.04207,0.72178,8,0,0.72178,8,0,62.69096,8.0324944,0.12812844,87905.706,79676.546,-7905.706,323.454,True,False,91.85008
480.42,FINE,THRUST,80016.388,30.5190424,0.625997,120.84805,0.2066,True,False,-6.76324,2285.1841,2278.90322,-6.28088,0,0.04216,0.93144,8,0,0.93144,8,0,62.71664,8.0540411,0.12841953,88088.379,79510.493,-8088.379,489.507,True,False,91.01556
480.58,FINE,THRUST,80015.101,30.5194538,0.625734,121.5449,0.20534,True,False,-8.03529,2285.24496,2278.90522,-6.33975,0,0.04255,1.14217,8,0,1.14217,8,0,62.74238,8.0811239,0.12879849,88349.69,79322.982,-8349.69,677.018,True,False,89.53911
480.74,FINE,THRUST,80013.62,30.5204176,0.625124,123.65258,0.20165,True,False,-9.30305,2285.36675,2278.90753,-6.45921,0,0.04335,1.35307,8,0,1.35307,8,0,62.76823,8.1136186,0.12926315,88697.552,79122.706,-8697.552,877.294,True,False,87.40283
480.9,FINE,THRUST,80011.951,30.5220546,0.6241105,127.68114,0.19499,False,False,-10.55599,2285.57102,2278.91017,-6.66085,0,0.04471,1.56227,0,0,1.56227,0,0,62.79418,1.5622714,0.02487924,89146.745,78921,-9146.745,1079,True,False,157.34882
481.06,FINE,THRUST,80010.169,30.5236598,0.623146,131.93213,0.18843,False,False,-11.40635,2285.78556,2278.9131,-6.87246,0,0.04613,1.70808,0,0,1.70808,0,0,62.80443,1.7080841,0.02719687,89537.036,78788.36,-9537.036,1211.64,True,False,151.25404
481.2,FINE,THRUST,80008.587,30.5242168,0.6228176,133.28439,0.18643,False,False,-11.60501,2285.85449,2278.91573,-6.93876,0,0.04658,1.74946,0,0,1.74946,0,0,62.8091,1.7494557,0.02785354,89645.455,78758.153,-9645.455,1241.847,True,False,145.3739
481.34,FINE,THRUST,80006.994,30.5249601,0.6223837,135.25632,0.18359,False,False,-11.80877,2285.93903,2278.91839,-7.02064,0,0.04713,1.79169,0,0,1.79169,0,0,62.81397,1.7916853,0.02852368,89771.636,78729.037,-9771.636,1270.963,True,False,138.99043
481.48,FINE,THRUST,80005.393,30.5258751,0.6218575,137.86202,0.17997,False,False,-12.00334,2286.0401,2278.92107,-7.11903,0,0.04779,1.83236,0,0,1.83236,0,0,62.81896,1.8323646,0.02916898,89913.735,78703.935,-9913.735,1296.065,True,False,132.14327
481.64,FINE,THRUST,80003.551,30.5271385,0.6211457,141.74563,0.17485,False,False,-12.20778,2286.17816,2278.92414,-7.25401,0,0.0487,1.87592,0,0,1.87592,0,0,62.82479,1.8759184,0.02985952,90096.762,78681.784,-10096.762,1318.216,True,False,123.7984
481.78,FINE,THRUST,80001.933,30.5284292,0.6204368,146.0461,0.16952,False,False,-12.36432,2286.31781,2278.92685,-7.39096,0,0.04962,1.91038,0,0,1.91038,0,0,62.83001,1.9103768,0.03040548,90272.746,78669.246,-10272.746,1330.754,True,False,116.07626
481.92,FINE,THRUST,80000.313,30.5298896,0.6196578,151.33615,0.1634,False,False,-12.49493,2286.47377,2278.92956,-7.54421,0,0.05065,1.94061,0,0,1.94061,0,0,62.83534,1.9406083,0.03088403,90461.26,78663.779,-10461.26,1336.221,True,False,107.98711
482.06,FINE,THRUST,79998.691,30.5314997,0.6188276,157.73438,0.15657,False,False,-12.59383,2286.64285,2278.93228,-7.71058,0,0.05177,1.96569,0,0,1.96569,0,0,62.84076,1.9656902,0.03128049,90657.933,78665.876,-10657.933,1334.124,True,False,99.55053
482.22,FINE,THRUST,79996.841,30.5334906,0.6178436,166.56828,0.14805,False,False,-12.66165,2286.84718,2278.93538,-7.9118,0,0.05312,1.98704,0,0,1.98704,0,0,62.84704,1.9870419,0.03161711,90886.413,78677.769,-10886.413,1322.231,True,False,89.5045
482.36,FINE,THRUST,79995.227,30.5353221,0.6169804,175.73458,0.14014,False,False,-12.67672,2287.02995,2278.93809,-8.09186,0,0.05433,1.99859,0,0,1.99859,0,0,62.85259,1.9985918,0.03179808,91082.812,78696.306,-11082.812,1303.694,True,False,80.37724
482.5,FINE,THRUST,79993.619,30.5371954,0.6161395,186.32559,0.132,False,False,-12.64748,2287.21095,2278.94079,-8.27016,0,0.05553,2.00303,0,0,2.00303,0,0,62.85819,2.0030282,0.03186583,91269.717,78721.981,-11269.717,1278.019,True,False,70.9601
482.64,FINE,THRUST,79992.017,30.5390593,0.6153455,198.31012,0.12388,False,False,-12.57182,2287.3831,2278.94348,-8.43961,0,0.05667,2.00006,0,0,2.00006,0,0,62.8638,2.0000553,0.03181569,91439.281,78754.034,-11439.281,1245.966,True,False,61.37443
482.8,FINE,THRUST,79990.194,30.5411091,0.6145215,213.49821,0.11492,False,False,-12.42589,2287.55652,2278.94654,-8.60997,0,0.05782,1.98725,0,0,1.98725,0,0,62.87022,1.9872527,0.03160881,91597.944,78797.199,-11597.944,1202.801,True,False,50.43855
482.94,FINE,THRUST,79988.604,30.5427548,0.6138974,227.51311,0.10774,False,False,-12.25022,2287.67989,2278.94921,-8.73067,0,0.05863,1.96853,0,0,1.96853,0,0,62.8758,1.968526,0.03130817,91698.112,78838.957,-11698.112,1161.043,True,False,41.08046
483.08,FINE,THRUST,79987.022,30.5441894,0.6133804,241.2656,0.10151,False,False,-12.03766,2287.77264,2278.95187,-8.82077,0,0.05924,1.94406,0,0,1.94406,0,0,62.88134,1.9440643,0.03091639,91759.025,78882.643,-11759.025,1117.357,True,False,32.12744
483.22,FINE,THRUST,79985.448,30.5453329,0.6129862,253.29101,0.09663,False,False,-11.79672,2287.83795,2278.95452,-8.88343,0,0.05966,1.9152,0,0,1.9152,0,0,62.88681,1.9152008,0.03045473,91785.621,78927.238,-11785.621,1072.762,True,False,23.8081
483.38,FINE,THRUST,79983.664,30.546269,0.6126749,263.67934,0.09278,False,False,-11.50061,2287.88161,2278.95752,-8.92409,0,0.05993,1.87902,0,0,1.87902,0,0,62.89298,1.8790192,0.02987645,91779.179,78977.419,-11779.179,1022.581,True,False,15.39204
483.52,FINE,THRUST,79982.121,30.5468006,0.6125024,269.49765,0.09075,False,False,-11.23344,2287.89347,2278.96012,-8.93334,0,0.06,1.84615,0,0,1.84615,0,0,62.89828,1.8461489,0.02935134,91743.692,79019.269,-11743.692,980.731,True,False,9.86152
483.66,FINE,THRUST,79980.597,30.5470869,0.6124105,272.08826,0.08988,False,False,-10.96659,2287.88246,2278.9627,-8.91976,0,0.05991,1.81337,0,0,1.81337,0,0,62.90349,1.8133705,0.02882782,91683.361,79058.325,-11683.361,941.675,True,False,8.51277
483.8,FINE,THRUST,79979.095,30.5471525,0.6123896,271.58911,0.09004,False,False,-10.70455,2287.85079,2278.96524,-8.88556,0,0.05968,1.78137,0,0,1.78137,0,0,62.9086,1.7813696,0.02831679,91601.188,79094.289,-11601.188,905.711,True,False,11.88106
483.96,FINE,THRUST,79977.407,30.5469892,0.6124423,267.71832,0.09134,False,False,-10.41562,2287.79236,2278.96809,-8.82427,0,0.05926,1.74646,0,0,1.74646,0,0,62.91435,1.7464566,0.02775928,91484.485,79131.395,-11484.485,868.605,True,False,-17.57398
484.1,FINE,THRUST,79975.957,30.5466662,0.6125483,262.03359,0.09334,False,False,-10.17419,2287.72423,2278.97055,-8.75369,0,0.05879,1.71768,0,0,1.71768,0,0,62.91927,1.7176751,0.02729967,91365.377,79160.434,-11365.377,839.566,True,False,-22.65808
484.24,FINE,THRUST,79974.533,30.5462031,0.6127035,254.83181,0.096,False,False,-9.94581,2287.64283,2278.97296,-8.66987,0,0.05823,1.69091,0,0,1.69091,0,0,62.92412,1.6909063,0.02687215,91233.576,79186.263,-11233.576,813.737,True,False,-27.47356
484.38,FINE,THRUST,79973.136,30.5456237,0.612903,246.65605,0.09921,False,False,-9.73074,2287.55002,2278.97532,-8.5747,0,0.05759,1.66617,0,0,1.66617,0,0,62.92889,1.6661734,0.02647708,91091.137,79209.103,-11091.137,790.897,True,False,-31.9126
484.54,FINE,THRUST,79971.573,30.5448482,0.6131787,236.718,0.10341,False,False,-9.50134,2287.43227,2278.97797,-8.4543,0,0.05678,1.6404,0,0,1.6404,0,0,62.93425,1.6403985,0.02606527,90917.815,79231.816,-10917.815,768.184,True,False,-36.47197
484.68,FINE,THRUST,79970.233,30.5440921,0.6134569,227.89324,0.10746,False,False,-9.31411,2287.32045,2278.98024,-8.3402,0,0.05601,1.61988,0,0,1.61988,0,0,62.93888,1.6198779,0.02573732,90758.376,79249.026,-10758.376,750.974,True,False,-39.99315
484.82,FINE,THRUST,79968.921,30.5432855,0.6137641,219.24673,0.11175,False,False,-9.13918,2287.20206,2278.98247,-8.21959,0,0.0552,1.6012,0,0,1.6012,0,0,62.94344,1.6011997,0.02543871,90593.455,79263.956,-10593.455,736.044,True,False,-43.07124
484.96,FINE,THRUST,79967.634,30.5424437,0.6140958,210.94499,0.11621,False,False,-8.97525,2287.07793,2278.98465,-8.09328,0,0.05435,1.58415,0,0,1.58415,0,0,62.94796,1.5841502,0.02516603,90423.771,79276.883,-10423.771,723.117,True,False,-45.70613
485.12,FINE,THRUST,79966.195,30.541458,0.6144988,202.02516,0.12141,False,False,-8.79982,2286.93009,2278.98709,-7.943,0,0.05334,1.56641,0,0,1.56641,0,0,62.95306,1.5664089,0.02488217,90224.955,79289.519,-10224.955,710.481,True,False,-48.17916
485.26,FINE,THRUST,79964.963,30.5405887,0.6148672,194.78052,0.12599,False,False,-8.65506,2286.796,2278.98918,-7.80682,0,0.05242,1.55214,0,0,1.55214,0,0,62.95747,1.5521403,0.02465379,90047.026,79298.992,-10047.026,701.008,True,False,-49.87873
485.4,FINE,THRUST,79963.754,30.5397279,0.6152441,188.10638,0.13053,False,False,-8.51729,2286.65831,2278.99122,-7.66709,0,0.05148,1.53886,0,0,1.53886,0,0,62.96184,1.5388579,0.02444112,89866.163,79307.207,-9866.163,692.793,True,False,-51.15374
485.54,FINE,THRUST,79962.57,30.5388863,0.6156242,182.00587,0.13498,False,False,-8.38499,2286.51729,2278.99323,-7.52405,0,0.05052,1.52632,0,0,1.52632,0,0,62.96617,1.5263162,0.02424026,89682.435,79314.4,-9682.435,685.6,True,False,-52.01583
485.7,FINE,THRUST,79961.246,30.5379661,0.6160532,175.75556,0.13987,False,False,-8.23862,2286.3523,2278.99548,-7.35682,0,0.04939,1.5126,0,0,1.5126,0,0,62.97108,1.5125971,0.0240205,89468.999,79321.643,-9468.999,678.357,True,False,-52.52577
485.84,FINE,THRUST,79960.111,30.53722,0.6164112,170.96236,0.14387,False,False,-8.11291,2286.20423,2278.9974,-7.20683,0,0.04839,1.50084,0,0,1.50084,0,0,62.97534,1.5008381,0.02383215,89278.545,79327.357,-9278.545,672.643,True,False,-52.58643
485.98,FINE,THRUST,79958.998,30.5365433,0.6167441,166.79198,0.14753,False,False,-7.98835,2286.05341,2278.99929,-7.05413,0,0.04736,1.48914,0,0,1.48914,0,0,62.97957,1.4891385,0.02364479,89085.28,79332.683,-9085.28,667.317,True,False,-52.30901
486.12,FINE,THRUST,79957.907,30.5359401,0.6170475,163.19177,0.15085,False,False,-7.86391,2285.90056,2279.00114,-6.89942,0,0.04632,1.47733,0,0,1.47733,0,0,62.98377,1.477328,0.02345569,88889.88,79337.823,-8889.88,662.177,True,False,-51.70659
486.28,FINE,THRUST,79956.687,30.5353407,0.6173553,159.69636,0.15422,False,False,-7.72078,2285.72479,2279.0032,-6.72159,0,0.04512,1.46352,0,0,1.46352,0,0,62.98852,1.4635212,0.02323473,88665.406,79343.723,-8665.406,656.277,True,False,-50.62823
486.42,FINE,THRUST,79955.644,30.5348928,0.6175897,157.11306,0.1568,False,False,-7.59376,2285.57115,2279.00497,-6.56617,0,0.04408,1.451,0,0,1.451,0,0,62.99265,1.4510035,0.02303449,88469.071,79349.141,-8469.071,650.859,True,False,-49.34424
486.56,FINE,THRUST,79954.622,30.5345115,0.6177922,154.91204,0.15907,False,False,-7.46455,2285.41922,2279.00671,-6.41251,0,0.04305,1.43798,0,0,1.43798,0,0,62.99673,1.4379824,0.0228263,88274.501,79355.005,-8274.501,644.995,True,False,-47.73837
486.7,FINE,THRUST,79953.62,30.5341898,0.6179653,153.0328,0.16106,False,False,-7.33237,2285.27013,2279.0084,-6.26172,0,0.04203,1.42433,0,0,1.42433,0,0,63.00078,1.4243262,0.02260807,88082.843,79361.532,-8082.843,638.468,True,False,-45.80398
486.86,FINE,THRUST,79952.5,30.5338857,0.6181309,151.21175,0.16303,False,False,-7.17691,2285.10488,2279.01031,-6.09457,0,0.04091,1.40785,0,0,1.40785,0,0,63.00537,1.4078547,0.022345,87869.086,79370.06,-7869.086,629.94,True,False,-43.18141
487,FINE,THRUST,79951.549,30.5336668,0.6182515,149.85106,0.16454,False,False,-7.03623,2284.96597,2279.01193,-5.95404,0,0.03996,1.39246,0,0,1.39246,0,0,63.00934,1.3924594,0.02209925,87687.898,79378.71,-7687.898,621.29,True,False,40.51823
487.14,FINE,THRUST,79950.62,30.5334853,0.6183524,148.66894,0.16586,False,False,-6.891,2284.83402,2279.0135,-5.82052,0,0.03907,1.37615,0,0,1.37615,0,0,63.01327,1.3761455,0.02183898,87513.971,79388.64,-7513.971,611.36,True,False,37.50482
487.28,FINE,THRUST,79949.714,30.5333351,0.6184366,147.63299,0.16704,False,False,-6.74078,2284.71018,2279.01504,-5.69514,0,0.03822,1.35883,0,0,1.35883,0,0,63.01715,1.3588339,0.02156292,87348.521,79400.024,-7348.521,599.976,True,False,34.13652
487.44,FINE,THRUST,79948.706,30.5331959,0.6185152,146.59708,0.16823,False,False,-6.56286,2284.5803,2279.01676,-5.56354,0,0.03734,1.3378,0,0,1.3378,0,0,63.02153,1.3377954,0.02122759,87171.717,79414.975,-7171.717,585.025,True,False,29.85105
487.58,FINE,THRUST,79947.847,30.5330987,0.6185704,145.8005,0.16916,False,False,-6.40143,2284.47829,2279.01822,-5.46007,0,0.03665,1.31824,0,0,1.31824,0,0,63.02531,1.3182358,0.02091598,87029.35,79429.9,-7029.35,570.1,True,False,25.76412
487.72,FINE,THRUST,79947.009,30.5330241,0.6186131,145.10169,0.16998,False,False,-6.23484,2284.38983,2279.01964,-5.37019,0,0.03604,1.29763,0,0,1.29763,0,0,63.02903,1.297626,0.02058775,86901.605,79446.69,-6901.605,553.31,True,False,21.45551
487.86,FINE,THRUST,79946.19,30.5329713,0.6186435,144.49552,0.17069,False,False,-6.0635,2284.31656,2279.02103,-5.29552,0,0.03554,1.27602,0,0,1.27602,0,0,63.0327,1.2760245,0.02024385,86790.447,79465.343,-6790.447,534.657,True,False,17.02075
488.02,FINE,THRUST,79945.277,30.5329364,0.6186637,143.90814,0.17139,False,False,-5.86363,2284.25255,2279.02258,-5.22996,0,0.0351,1.25041,0,0,1.25041,0,0,63.03682,1.2504054,0.01983611,86685.408,79488.629,-6685.408,511.371,True,False,11.91866
488.16,FINE,THRUST,79944.499,30.5329265,0.6186695,143.47832,0.1719,False,False,-5.68665,2284.21387,2279.0239,-5.18996,0,0.03483,1.22741,0,0,1.22741,0,0,63.04035,1.2274083,0.0194702,86613.186,79510.364,-6613.186,489.636,True,False,7.5362
488.3,FINE,THRUST,79943.739,30.5329344,0.6186648,143.12069,0.17233,False,False,-5.51009,2284.19128,2279.0252,-5.16608,0,0.03467,1.20425,0,0,1.20425,0,0,63.04382,1.2042527,0.01910183,86559.748,79532.857,-6559.748,467.143,True,False,3.3901
488.44,FINE,THRUST,79942.997,30.5329586,0.6186507,142.82778,0.17268,False,False,-5.33524,2284.18383,2279.02646,-5.15737,0,0.03461,1.18115,0,0,1.18115,0,0,63.04723,1.1811486,0.01873435,86524.349,79555.707,-6524.349,444.293,True,False,1.50653
488.6,FINE,THRUST,79942.173,30.5330043,0.6186239,142.56452,0.17299,False,False,-5.13925,2284.1922,2279.02786,-5.16434,0,0.03466,1.1551,0,0,1.1551,0,0,63.05104,1.1550961,0.01832001,86504.515,79581.721,-6504.515,418.279,True,False,5.31876
488.74,FINE,THRUST,79941.474,30.5330583,0.6185921,142.38955,0.1732,False,False,-4.97178,2284.21259,2279.02905,-5.18354,0,0.03479,1.13272,0,0,1.13272,0,0,63.05431,1.1327222,0.01796423,86503.495,79604.064,-6503.495,395.936,True,False,8.65535
488.88,FINE,THRUST,79940.794,30.5331236,0.6185535,142.25872,0.17335,False,False,-4.80938,2284.24317,2279.03021,-5.21296,0,0.03499,1.11096,0,0,1.11096,0,0,63.05752,1.1109623,0.01761824,86515.658,79625.633,-6515.658,374.367,True,False,11.66576
489.02,FINE,THRUST,79940.136,30.5331995,0.6185087,142.16936,0.17345,False,False,-4.6519,2284.28178,2279.03133,-5.25045,0,0.03524,1.0898,0,0,1.0898,0,0,63.06067,1.0898044,0.01728184,86538.56,79646.277,-6538.56,353.723,True,False,14.32686
489.18,FINE,THRUST,79939.408,30.5332972,0.6184509,142.10969,0.17351,False,False,-4.47795,2284.33367,2279.03257,-5.30109,0,0.03558,1.06637,0,0,1.06637,0,0,63.06419,1.0663749,0.01690936,86575.519,79668.6,-6575.519,331.4,True,False,16.93465
489.32,FINE,THRUST,79938.795,30.533391,0.6183952,142.09032,0.17352,False,False,-4.33047,2284.38451,2279.03362,-5.35089,0,0.03591,1.04645,0,0,1.04645,0,0,63.0672,1.0464492,0.01659261,86615.668,79687.022,-6615.668,312.978,True,False,18.83596
489.46,FINE,THRUST,79938.202,30.533491,0.6183358,142.09554,0.1735,False,False,-4.18772,2284.43904,2279.03464,-5.4044,0,0.03627,1.02712,0,0,1.02712,0,0,63.07017,1.02712,0.01628535,86661.485,79704.324,-6661.485,295.676,True,False,20.38194
489.6,FINE,THRUST,79937.63,30.5335963,0.6182732,142.12144,0.17346,False,False,-4.04907,2284.49629,2279.03561,-5.46067,0,0.03665,1.0083,0,0,1.0083,0,0,63.07307,1.0082951,0.01598614,86711.759,79720.565,-6711.759,279.435,True,False,21.57267
489.76,FINE,THRUST,79937.001,30.5337213,0.6181988,142.17012,0.17338,False,False,-3.89518,2284.5638,2279.03669,-5.52711,0,0.0371,0.98733,0,0,0.98733,0,0,63.07633,0.987334,0.015653,86773.118,79737.876,-6773.118,262.124,True,False,22.49886
489.9,FINE,THRUST,79936.474,30.5338337,0.6181318,142.2251,0.1733,False,False,-3.76372,2284.62388,2279.03759,-5.58628,0,0.03749,0.96936,0,0,0.96936,0,0,63.07912,0.9693556,0.0153673,86829.115,79752.023,-6829.115,247.977,True,False,22.93011
490.04,FINE,THRUST,79935.966,30.5339471,0.6180642,142.28462,0.17321,False,False,-3.63529,2284.68377,2279.03846,-5.64531,0,0.03789,0.95173,0,0,0.95173,0,0,63.08187,0.9517304,0.01508723,86885.924,79765.244,-6885.924,234.756,True,False,23.01398
490.18,FINE,THRUST,79935.479,30.5340603,0.6179966,142.34394,0.17313,False,False,-3.50917,2284.74277,2279.0393,-5.70347,0,0.03828,0.93435,0,0,0.93435,0,0,63.08456,0.9343533,0.01481112,86942.573,79777.625,-6942.573,222.375,True,False,22.76396
490.34,FINE,THRUST,79934.946,30.5341876,0.6179206,142.40407,0.17304,False,False,-3.36736,2284.80805,2279.04022,-5.76783,0,0.03871,0.91472,0,0,0.91472,0,0,63.08758,0.9147238,0.01449927,87005.792,79790.823,-7005.792,209.177,True,False,22.09606
490.48,FINE,THRUST,79934.499,30.5342957,0.6178559,142.445,0.17297,False,False,-3.24457,2284.86263,2279.04098,-5.82165,0,0.03908,0.89764,0,0,0.89764,0,0,63.09017,0.8976415,0.01422791,87058.881,79801.627,-7058.881,198.373,True,False,21.20741
490.62,FINE,THRUST,79934.071,30.5343992,0.6177939,142.46812,0.17293,False,False,-3.12317,2284.91398,2279.04172,-5.87226,0,0.03942,0.88068,0,0,0.88068,0,0,63.09271,0.8806824,0.01395854,87108.838,79811.744,-7108.838,188.256,True,False,20.06834
490.76,FINE,THRUST,79933.661,30.534497,0.6177352,142.46976,0.17292,False,False,-3.00274,2284.96168,2279.04242,-5.91926,0,0.03973,0.86379,0,0,0.86379,0,0,63.0952,0.8637869,0.01369021,87155.085,79821.238,-7155.085,178.762,True,False,18.71505
490.92,FINE,THRUST,79933.213,30.5346008,0.6176729,142.44039,0.17294,False,False,-2.8662,2285.01117,2279.04319,-5.96798,0,0.04006,0.84455,0,0,0.84455,0,0,63.098,0.8445508,0.01338475,87202.688,79831.366,-7202.688,168.634,True,False,16.9563
491.06,FINE,THRUST,79932.839,30.5346839,0.617623,142.38486,0.17299,False,False,-2.74739,2285.04983,2279.04383,-6.006,0,0.04032,0.82774,0,0,0.82774,0,0,63.10039,0.8277383,0.0131178,87239.398,79839.652,-7239.398,160.348,True,False,15.27764
491.2,FINE,THRUST,79932.481,30.5347589,0.6175778,142.29787,0.17309,False,False,-2.62972,2285.08381,2279.04445,-6.03936,0,0.04054,0.81104,0,0,0.81104,0,0,63.10273,0.8110376,0.01285265,87271.062,79847.391,-7271.062,152.609,True,False,13.51237
491.34,FINE,THRUST,79932.139,30.5348256,0.6175375,142.17881,0.17323,False,False,-2.51312,2285.11309,2279.04504,-6.06806,0,0.04073,0.79444,0,0,0.79444,0,0,63.10503,0.7944363,0.01258911,87297.632,79854.623,-7297.632,145.377,True,False,11.70199
491.5,FINE,THRUST,79931.766,30.5348916,0.6174976,142.00295,0.17343,False,False,-2.3814,2285.14084,2279.04568,-6.09516,0,0.04092,0.77563,0,0,0.77563,0,0,63.1076,0.775629,0.01229058,87321.773,79862.291,-7321.773,137.709,True,False,9.62908
491.64,FINE,THRUST,79931.456,30.5349406,0.6174678,141.81546,0.17365,False,False,-2.26741,2285.16033,2279.04621,-6.11412,0,0.04104,0.7593,0,0,0.7593,0,0,63.1098,0.7593018,0.01203144,87337.665,79868.519,-7337.665,131.481,True,False,7.85554
491.78,FINE,THRUST,79931.16,30.5349816,0.6174429,141.59699,0.17392,False,False,-2.15525,2285.17548,2279.04672,-6.12876,0,0.04114,0.7432,0,0,0.7432,0,0,63.11195,0.7432043,0.01177597,87348.843,79874.289,-7348.843,125.711,True,False,6.15806
491.92,FINE,THRUST,79930.879,30.535015,0.6174225,141.34998,0.17422,False,False,-2.04488,2285.18665,2279.04721,-6.13944,0,0.04121,0.72733,0,0,0.72733,0,0,63.11405,0.7273262,0.011524,87355.696,79879.637,-7355.696,120.363,True,False,4.57188
492.08,FINE,THRUST,79930.574,30.5350448,0.6174043,141.03602,0.1746,False,False,-1.92114,2285.195,2279.04773,-6.14727,0,0.04127,0.70948,0,0,0.70948,0,0,63.1164,0.7094818,0.01124085,87358.774,79885.255,-7358.774,114.745,True,False,2.94346
492.22,FINE,THRUST,79930.323,30.5350648,0.617392,140.73895,0.17496,False,False,-1.81479,2285.19891,2279.04817,-6.15074,0,0.04129,0.6941,0,0,0.6941,0,0,63.11842,0.6941008,0.0109968,87357.823,79889.777,-7357.823,110.223,True,False,1.74251
492.34,FINE,THRUST,79930.086,30.5350794,0.617383,140.42243,0.17536,False,False,-1.71077,2285.2001,2279.04858,-6.15153,0,0.04129,0.67902,0,0,0.67902,0,0,63.12039,0.6790214,0.01075756,87354.02,79893.932,-7354.02,106.068,True,False,0.93692
492.5,FINE,THRUST,79929.855,30.5350886,0.6173772,140.08661,0.17577,False,False,-1.6089,2285.19908,2279.04897,-6.15011,0,0.04128,0.66424,0,0,0.66424,0,0,63.12231,0.6642357,0.01052299,87347.927,79897.748,-7347.927,102.252,True,False,0.99927
492.66,FINE,THRUST,79929.617,30.5350928,0.6173746,139.68034,0.17628,False,False,-1.49513,2285.1958,2279.04939,-6.14641,0,0.04126,0.64767,0,0,0.64767,0,0,63.12446,0.6476658,0.01026014,87338.875,79901.725,-7338.875,98.275,True,False,1.60446
492.8,FINE,THRUST,79929.423,30.5350912,0.6173756,139.30678,0.17676,False,False,-1.3976,2285.19159,2279.04973,-6.14186,0,0.04123,0.63338,0,0,0.63338,0,0,63.1263,0.6333827,0.01003358,87329.711,79904.902,-7329.711,95.098,True,False,2.06403
492.94,FINE,THRUST,79929.242,30.535085,0.6173795,138.91795,0.17725,False,False,-1.30234,2285.18663,2279.05005,-6.13658,0,0.04119,0.61938,0,0,0.61938,0,0,63.12809,0.6193818,0.00981151,87319.987,79907.797,-7319.987,92.203,True,False,2.36858
493.08,FINE,THRUST,79929.074,30.535075,0.6173858,138.5167,0.17777,False,False,-1.20909,2285.18134,2279.05034,-6.131,0,0.04116,0.60562,0,0,0.60562,0,0,63.12985,0.6056203,0.00959325,87310.185,79910.434,-7310.185,89.566,True,False,2.50991
493.24,FINE,THRUST,79928.898,30.5350608,0.6173947,138.0506,0.17837,False,False,-1.10495,2285.17532,2279.05065,-6.12467,0,0.04111,0.59018,0,0,0.59018,0,0,63.13181,0.5901793,0.00934837,87299.375,79913.15,-7299.375,86.85,True,False,2.48612
493.38,FINE,THRUST,79928.758,30.5350475,0.6174031,137.64222,0.1789,False,False,-1.01563,2285.17035,2279.05089,-6.11945,0,0.04108,0.57687,0,0,0.57687,0,0,63.13348,0.5768669,0.00913726,87290.581,79915.288,-7290.581,84.712,True,False,2.3299
493.52,FINE,THRUST,79928.63,30.535035,0.6174111,137.23906,0.17943,False,False,-0.92835,2285.16592,2279.05112,-6.11479,0,0.04105,0.5638,0,0,0.5638,0,0,63.13512,0.5637972,0.00893001,87282.712,79917.204,-7282.712,82.796,True,False,2.08669
493.66,FINE,THRUST,79928.514,30.5350246,0.6174177,136.84604,0.17995,False,False,-0.84287,2285.16219,2279.05133,-6.11087,0,0.04102,0.55093,0,0,0.55093,0,0,63.13672,0.5509337,0.00872604,87275.962,79918.915,-7275.962,81.085,True,False,1.81496
493.82,FINE,THRUST,79928.395,30.5350175,0.6174223,136.41731,0.18051,False,False,-0.74738,2285.15881,2279.05154,-6.10727,0,0.041,0.53649,0,0,0.53649,0,0,63.1385,0.5364873,0.00849699,87269.602,79920.632,-7269.602,79.368,True,False,1.58918
493.96,FINE,THRUST,79928.304,30.5350167,0.6174228,136.06408,0.18098,False,False,-0.66549,2285.15661,2279.0517,-6.10491,0,0.04098,0.52403,0,0,0.52403,0,0,63.14002,0.5240286,0.00829947,87265.205,79921.941,-7265.205,78.059,True,False,1.59702
494.1,FINE,THRUST,79928.223,30.5350216,0.6174196,135.73391,0.18142,False,False,-0.58552,2285.1551,2279.05185,-6.10325,0,0.04097,0.5118,0,0,0.5118,0,0,63.14151,0.5118001,0.0081056,87261.871,79923.072,-7261.871,76.928,True,False,1.8493
494.24,FINE,THRUST,79928.153,30.5350329,0.6174123,135.42813,0.18183,False,False,-0.50727,2285.15421,2279.05198,-6.10224,0,0.04096,0.49977,0,0,0.49977,0,0,63.14296,0.4997733,0.00791495,87259.5,79924.039,-7259.5,75.961,True,False,2.28139
494.4,FINE,THRUST,79928.086,30.5350535,0.6173989,135.10887,0.18225,False,False,-0.41998,2285.15385,2279.0521,-6.10175,0,0.04096,0.48628,0,0,0.48628,0,0,63.14458,0.4862809,0.00770107,87257.827,79924.953,-7257.827,75.047,True,False,2.88483
494.54,FINE,THRUST,79928.039,30.5350784,0.6173826,134.85542,0.18259,False,False,-0.34521,2285.15399,2279.05219,-6.1018,0,0.04096,0.47466,0,0,0.47466,0,0,63.14596,0.4746589,0.00751685,87257.126,79925.598,-7257.126,74.402,True,False,3.44153
494.68,FINE,THRUST,79928.002,30.5351092,0.6173625,134.62414,0.1829,False,False,-0.27229,2285.15446,2279.05226,-6.1022,0,0.04096,0.46326,0,0,0.46326,0,0,63.14731,0.4632649,0.00733626,87257.001,79926.105,-7257.001,73.895,True,False,3.98483
494.82,FINE,THRUST,79927.974,30.5351453,0.6173387,134.41301,0.18318,False,False,-0.20103,2285.15515,2279.05232,-6.10284,0,0.04097,0.45207,0,0,0.45207,0,0,63.14862,0.4520708,0.00715884,87257.321,79926.485,-7257.321,73.515,True,False,4.49041
494.98,FINE,THRUST,79927.955,30.5351921,0.6173079,134.19286,0.18347,False,False,-0.12162,2285.15611,2279.05236,-6.10375,0,0.04097,0.43952,0,0,0.43952,0,0,63.15009,0.439524,0.00695999,87258.078,79926.772,-7258.078,73.228,True,False,-5.00084
495.12,FINE,THRUST,79927.948,30.5352372,0.617278,134.01582,0.1837,False,False,-0.05366,2285.157,2279.05238,-6.10462,0,0.04098,0.42872,0,0,0.42872,0,0,63.15133,0.4287235,0.00678883,87258.972,79926.906,-7258.972,73.094,True,False,-5.37506
495.26,FINE,THRUST,79927.95,30.535285,0.6172464,133.8491,0.18392,False,False,0.01257,2285.15792,2279.05238,-6.10553,0,0.04099,0.41814,0,0,0.41814,0,0,63.15255,0.4181378,0.00662108,87260.046,79926.937,-7260.046,73.063,True,False,-5.67306
495.4,FINE,THRUST,79927.962,30.5353347,0.6172134,133.6897,0.18413,False,False,0.07728,2285.1587,2279.05237,-6.10633,0,0.04099,0.40774,0,0,0.40774,0,0,63.15374,0.4077386,0.00645629,87261.087,79926.873,-7261.087,73.127,True,False,-5.89069
495.56,FINE,THRUST,79927.986,30.5353925,0.6171748,133.51225,0.18437,False,False,0.14938,2285.15942,2279.05234,-6.10708,0,0.041,0.39608,0,0,0.39608,0,0,63.15506,0.3960801,0.00627155,87262.22,79926.693,-7262.22,73.307,True,False,6.03854
495.7,FINE,THRUST,79928.017,30.5354434,0.6171409,133.35831,0.18457,False,False,0.21108,2285.1599,2279.0523,-6.1076,0,0.041,0.38604,0,0,0.38604,0,0,63.15618,0.3860401,0.00611247,87263.147,79926.447,-7263.147,73.553,True,False,6.07967
495.84,FINE,THRUST,79928.056,30.5354933,0.6171074,133.20168,0.18478,False,False,0.27123,2285.16021,2279.05224,-6.10797,0,0.041,0.37619,0,0,0.37619,0,0,63.15728,0.3761947,0.00595647,87263.991,79926.128,-7263.991,73.872,True,False,6.04024
495.98,FINE,THRUST,79928.103,30.5355417,0.617075,133.04027,0.18499,False,False,0.32999,2285.16037,2279.05217,-6.1082,0,0.041,0.36652,0,0,0.36652,0,0,63.15835,0.3665166,0.00580314,87264.753,79925.74,-7264.753,74.26,True,False,5.92388
496.14,FINE,THRUST,79928.168,30.5355943,0.6170395,132.84704,0.18525,False,False,0.39549,2285.16037,2279.05207,-6.1083,0,0.041,0.35566,0,0,0.35566,0,0,63.15954,0.3556595,0.00563113,87265.524,79925.219,-7265.524,74.781,True,False,5.70373
496.28,FINE,THRUST,79928.232,30.5356376,0.6170103,132.6688,0.18549,False,False,0.45155,2285.16022,2279.05197,-6.10825,0,0.041,0.3463,0,0,0.3463,0,0,63.16055,0.346304,0.00548292,87266.122,79924.7,-7266.122,75.3,True,False,5.44192
496.42,FINE,THRUST,79928.305,30.5356776,0.6169832,132.47959,0.18575,False,False,0.5062,2285.15996,2279.05186,-6.1081,0,0.041,0.33713,0,0,0.33713,0,0,63.16153,0.3371258,0.00533752,87266.656,79924.129,-7266.656,75.871,True,False,5.12391
496.56,FINE,THRUST,79928.385,30.5357141,0.6169584,132.27876,0.18602,False,False,0.5596,2285.15958,2279.05173,-6.10785,0,0.041,0.3281,0,0,0.3281,0,0,63.16249,0.3281007,0.00519455,87267.138,79923.511,-7267.138,76.489,True,False,4.75816
496.72,FINE,THRUST,79928.485,30.5357513,0.6169331,132.03406,0.18636,False,False,0.61908,2285.15902,2279.05157,-6.10745,0,0.041,0.31797,0,0,0.31797,0,0,63.16355,0.3179746,0.00503415,87267.626,79922.751,-7267.626,77.249,True,False,4.29448
496.86,FINE,THRUST,79928.58,30.5357798,0.6169137,131.80668,0.18667,False,False,0.66998,2285.15841,2279.05142,-6.10699,0,0.04099,0.30925,0,0,0.30925,0,0,63.16446,0.3092496,0.00489594,87267.981,79922.042,-7267.981,77.958,True,False,3.85881
497,FINE,THRUST,79928.682,30.5358044,0.6168968,131.56632,0.18701,False,False,0.71956,2285.15779,2279.05125,-6.10654,0,0.04099,0.30069,0,0,0.30069,0,0,63.16533,0.3006909,0.00476038,87268.383,79921.3,-7268.383,78.7,True,False,3.40652
497.14,FINE,THRUST,79928.791,30.5358252,0.6168826,131.31362,0.18736,False,False,0.76796,2285.15714,2279.05108,-6.10606,0,0.04099,0.29228,0,0,0.29228,0,0,63.16619,0.2922775,0.00462712,87268.808,79920.528,-7268.808,79.472,True,False,2.94642
497.3,FINE,THRUST,79928.924,30.5358444,0.6168693,131.01045,0.18779,False,False,0.82183,2285.15635,2279.05086,-6.10549,0,0.04098,0.28284,0,0,0.28284,0,0,63.16714,0.2828417,0.00447767,87269.316,79919.612,-7269.316,80.388,True,False,2.42519
497.44,FINE,THRUST,79929.046,30.5358577,0.6168601,130.73373,0.18819,False,False,0.86788,2285.15564,2279.05066,-6.10498,0,0.04098,0.27472,0,0,0.27472,0,0,63.16794,0.2747154,0.00434897,87269.787,79918.782,-7269.787,81.218,True,False,1.98337
497.58,FINE,THRUST,79929.175,30.5358677,0.6168532,130.44709,0.1886,False,False,0.91268,2285.15491,2279.05045,-6.10446,0,0.04098,0.26675,0,0,0.26675,0,0,63.16872,0.2667487,0.0042228,87270.279,79917.936,-7270.279,82.064,True,False,1.56534
497.72,FINE,THRUST,79929.31,30.5358748,0.6168482,130.1518,0.18903,False,False,0.95637,2285.15417,2279.05023,-6.10394,0,0.04097,0.25892,0,0,0.25892,0,0,63.16948,0.2589216,0.00409884,87270.796,79917.072,-7270.796,82.928,True,False,1.18115
497.88,FINE,THRUST,79929.471,30.5358799,0.6168447,129.8053,0.18953,False,False,1.00492,2285.15331,2279.04997,-6.10334,0,0.04097,0.25015,0,0,0.25015,0,0,63.17032,0.2501484,0.0039599,87271.416,79916.07,-7271.416,83.93,True,False,0.79965
498.02,FINE,THRUST,79929.619,30.5358819,0.6168432,129.49567,0.18998,False,False,1.04638,2285.15254,2279.04973,-6.10282,0,0.04097,0.2426,0,0,0.2426,0,0,63.17103,0.2425965,0.00384031,87271.989,79915.178,-7271.989,84.822,True,False,0.54249
498.16,FINE,THRUST,79929.771,30.5358822,0.616843,129.1813,0.19044,False,False,1.08667,2285.15178,2279.04948,-6.1023,0,0.04096,0.2352,0,0,0.2352,0,0,63.17172,0.2351961,0.00372312,87272.583,79914.282,-7272.583,85.718,True,False,0.40518
498.3,FINE,THRUST,79929.93,30.535881,0.6168439,128.86346,0.19091,False,False,1.12591,2285.151,2279.04922,-6.10179,0,0.04096,0.22793,0,0,0.22793,0,0,63.17239,0.227928,0.00360803,87273.2,79913.38,-7273.2,86.62,True,False,0.42015
498.46,FINE,THRUST,79930.117,30.5358783,0.6168458,128.49748,0.19146,False,False,1.16947,2285.15011,2279.04891,-6.10121,0,0.04096,0.21978,0,0,0.21978,0,0,63.17313,0.2197839,0.00347907,87273.93,79912.347,-7273.93,87.653,True,False,0.52964
498.6,FINE,THRUST,79930.287,30.535875,0.6168482,128.17605,0.19194,False,False,1.20663,2285.14933,2279.04863,-6.10071,0,0.04095,0.21278,0,0,0.21278,0,0,63.17376,0.2127752,0.00336809,87274.591,79911.439,-7274.591,88.561,True,False,0.62542
498.74,FINE,THRUST,79930.461,30.5358713,0.6168508,127.8546,0.19242,False,False,1.2427,2285.14855,2279.04834,-6.10021,0,0.04095,0.20591,0,0,0.20591,0,0,63.17436,0.2059083,0.00325937,87275.265,79910.536,-7275.265,89.464,True,False,0.69283
498.88,FINE,THRUST,79930.641,30.5358673,0.6168537,127.53399,0.19291,False,False,1.2778,2285.14777,2279.04804,-6.09972,0,0.04095,0.19917,0,0,0.19917,0,0,63.17495,0.1991651,0.0031526,87275.953,79909.636,-7275.953,90.364,True,False,0.72501
499.04,FINE,THRUST,79930.852,30.5358627,0.616857,127.16958,0.19346,False,False,1.31672,2285.14686,2279.0477,-6.09917,0,0.04094,0.19161,0,0,0.19161,0,0,63.1756,0.1916101,0.00303298,87276.751,79908.616,-7276.751,91.384,True,False,0.7173
499.18,FINE,THRUST,79931.042,30.5358589,0.6168597,126.85309,0.19394,False,False,1.34989,2285.14607,2279.04738,-6.09869,0,0.04094,0.18511,0,0,0.18511,0,0,63.17614,0.1851092,0.00293005,87277.461,79907.727,-7277.461,92.273,True,False,0.67483
499.32,FINE,THRUST,79931.236,30.5358555,0.6168622,126.53943,0.19443,False,False,1.38206,2285.14528,2279.04706,-6.09822,0,0.04094,0.17874,0,0,0.17874,0,0,63.17667,0.1787407,0.00282922,87278.174,79906.85,-7278.174,93.15,True,False,0.60341
499.46,FINE,THRUST,79931.434,30.5358526,0.6168643,126.2289,0.1949,False,False,1.41332,2285.14448,2279.04673,-6.09775,0,0.04093,0.17249,0,0,0.17249,0,0,63.17718,0.1724877,0.00273022,87278.89,79905.983,-7278.89,94.017,True,False,0.51005
499.62,FINE,THRUST,79931.666,30.5358499,0.6168663,125.87818,0.19545,False,False,1.44795,2285.14356,2279.04635,-6.09721,0,0.04093,0.16548,0,0,0.16548,0,0,63.17774,0.1654831,0.00261933,87279.707,79905.008,-7279.707,94.992,True,False,0.39032
499.76,FINE,THRUST,79931.873,30.5358483,0.6168675,125.57505,0.19592,False,False,1.47743,2285.14275,2279.04601,-6.09674,0,0.04093,0.15946,0,0,0.15946,0,0,63.17821,0.1594571,0.00252392,87280.421,79904.164,-7280.421,95.836,True,False,0.29998
499.9,FINE,THRUST,79932.085,30.5358472,0.6168683,125.27552,0.19639,False,False,1.50598,2285.14193,2279.04565,-6.09628,0,0.04092,0.15355,0,0,0.15355,0,0,63.17866,0.1535549,0.00243049,87281.128,79903.339,-7281.128,96.661,True,False,0.27132
500.04,FINE,THRUST,79932.3,30.5358469,0.6168686,124.97951,0.19685,False,False,1.53369,2285.14111,2279.0453,-6.09581,0,0.04092,0.14776,0,0,0.14776,0,0,63.1791,0.1477611,0.00233877,87281.827,79902.528,-7281.827,97.472,True,False,0.3367
500.2,FINE,THRUST,79932.55,30.5358472,0.6168683,124.64538,0.19738,False,False,1.56434,2285.14016,2279.04488,-6.09528,0,0.04092,0.14127,0,0,0.14127,0,0,63.17958,0.1412727,0.00223605,87282.615,79901.622,-7282.615,98.378,True,False,0.48106
500.34,FINE,THRUST,79932.773,30.535848,0.6168677,124.35649,0.19784,False,False,1.5904,2285.13933,2279.04451,-6.09481,0,0.04091,0.13569,0,0,0.13569,0,0,63.17999,0.1356921,0.00214771,87283.295,79900.844,-7283.295,99.156,True,False,0.62871
500.48,FINE,THRUST,79933,30.5358494,0.6168666,124.0706,0.1983,False,False,1.61559,2285.13848,2279.04414,-6.09435,0,0.04091,0.13023,0,0,0.13023,0,0,63.18037,0.1302277,0.0020612,87283.96,79900.088,-7283.96,99.912,True,False,0.778
500.62,FINE,THRUST,79933.23,30.5358513,0.6168653,123.78747,0.19875,False,False,1.64,2285.13763,2279.04375,-6.09388,0,0.04091,0.12486,0,0,0.12486,0,0,63.18075,0.1248649,0.00197631,87284.612,79899.35,-7284.612,100.65,True,False,0.92052
500.78,FINE,THRUST,79933.497,30.5358538,0.6168633,123.46695,0.19926,False,False,1.66696,2285.13665,2279.04331,-6.09334,0,0.0409,0.11886,0,0,0.11886,0,0,63.18115,0.1188608,0.00188127,87285.338,79898.532,-7285.338,101.468,True,False,1.06886
500.92,FINE,THRUST,79933.734,30.5358564,0.6168614,123.1889,0.19971,False,False,1.68984,2285.13578,2279.04292,-6.09287,0,0.0409,0.1137,0,0,0.1137,0,0,63.18149,0.113698,0.00179955,87285.96,79897.834,-7285.96,102.166,True,False,1.18096
501.06,FINE,THRUST,79933.974,30.5358591,0.6168593,122.91276,0.20016,True,False,1.71192,2285.13491,2279.04252,-6.0924,0,0.0409,0.10864,8,0,0.10864,8,0,63.18182,8.0007377,0.12663038,87286.563,79897.161,-7286.563,102.839,True,False,87.96801
501.22,FINE,THRUST,79934.34,30.5359416,0.6167963,122.85031,0.20024,True,False,2.20747,2285.13181,2279.04202,-6.08979,0,0.04088,0.02749,8,0,0.02749,8,0,63.20124,8.0000472,0.12658053,87307.687,79873.988,-7307.687,126.012,True,False,88.3256
501.38,FINE,THRUST,79934.91,30.5359409,0.6167969,122.52358,0.20077,True,False,3.48812,2285.1126,2279.04124,-6.07137,0,0.04075,-0.18029,8,0,-0.18029,8,0,63.22703,8.0020313,0.12656028,87374.998,79787.275,-7374.998,212.725,True,False,89.07937
501.54,FINE,THRUST,79935.685,30.535843,0.6168723,121.89128,0.20184,True,False,4.76813,2285.06217,2279.04011,-6.02206,0,0.04042,-0.38906,8,0,-0.38906,8,0,63.25284,8.0094551,0.12662601,87443.454,79663.342,-7443.454,336.658,True,False,89.24618
501.7,FINE,THRUST,79936.662,30.5358897,0.616836,121.71705,0.20211,True,False,6.04901,2285.01753,2279.03864,-5.97888,0,0.04013,-0.59932,8,0,-0.59932,8,0,63.27868,8.0224178,0.12677916,87554.591,79505.438,-7554.591,494.562,True,False,88.8127
501.86,FINE,THRUST,79937.841,30.5362147,0.6165847,122.42226,0.20086,True,False,7.33117,2285.00054,2279.03683,-5.96371,0,0.04003,-0.81127,8,0,-0.81127,8,0,63.30456,8.0410294,0.12702132,87729.29,79319.12,-7729.29,680.88,True,False,87.77264
502.02,FINE,THRUST,79939.218,30.5369246,0.6160406,124.39898,0.1975,False,False,8.61208,2285.03357,2279.03469,-5.99887,0,0.04027,-1.02463,0,0,-1.02463,0,0,63.33052,1.024632,0.01617912,87986.033,79112.922,-7986.033,887.078,True,False,166.72507
502.16,FINE,THRUST,79940.527,30.5376493,0.6154932,126.54985,0.19397,False,False,9.45021,2285.09808,2279.03256,-6.06552,0,0.04072,-1.16732,0,0,-1.16732,0,0,63.33908,1.1673249,0.01842977,88213.235,78972.945,-8213.235,1027.055,True,False,162.77875
502.3,FINE,THRUST,79941.849,30.5378385,0.6153514,126.90152,0.19339,False,False,9.60108,2285.11148,2279.03036,-6.08112,0,0.04082,-1.19998,0,0,-1.19998,0,0,63.34227,1.1999821,0.01894441,88259.938,78948.61,-8259.938,1051.39,True,False,158.34297
502.44,FINE,THRUST,79943.186,30.5381147,0.6151448,127.56154,0.19233,False,False,9.76444,2285.13158,2279.02813,-6.10345,0,0.04097,-1.23477,0,0,-1.23477,0,0,63.34563,1.2347718,0.01949261,88316.505,78922.673,-8316.505,1077.327,True,False,153.40944
502.6,FINE,THRUST,79944.727,30.5385326,0.6148339,128.6945,0.19054,False,False,9.95132,2285.16468,2279.02556,-6.13912,0,0.04121,-1.27473,0,0,-1.27473,0,0,63.34959,1.2747285,0.02012213,88392.425,78894.151,-8392.425,1105.849,True,False,147.15886
502.74,FINE,THRUST,79946.085,30.5389959,0.6144918,130.06669,0.18843,False,False,10.11222,2285.20422,2279.02329,-6.18093,0,0.04149,-1.30942,0,0,-1.30942,0,0,63.35316,1.309416,0.02066852,88469.963,78870.989,-8469.963,1129.011,True,False,141.15285
502.88,FINE,THRUST,79947.451,30.5395602,0.6140792,131.85937,0.18575,False,False,10.26883,2285.25528,2279.02101,-6.23427,0,0.04185,-1.34355,0,0,-1.34355,0,0,63.35683,1.3435496,0.02120607,88559.211,78850.135,-8559.211,1149.865,True,False,134.66544
503.02,FINE,THRUST,79948.822,30.5402281,0.6135972,134.12168,0.18248,False,False,10.4172,2285.3194,2279.01871,-6.30069,0,0.0423,-1.37649,0,0,-1.37649,0,0,63.3606,1.376493,0.02172475,88661.012,78832.604,-8661.012,1167.396,True,False,127.73265
503.18,FINE,THRUST,79950.393,30.5411188,0.6129655,137.35326,0.17801,False,False,10.57172,2285.40956,2279.01608,-6.39347,0,0.04292,-1.41188,0,0,-1.41188,0,0,63.36502,1.4118813,0.02228171,88792.642,78817.738,-8792.642,1182.262,True,False,119.30606
503.32,FINE,THRUST,79951.769,30.5420025,0.6123518,140.79359,0.17349,False,False,10.68881,2285.50232,2279.01378,-6.48854,0,0.04356,-1.44006,0,0,-1.44006,0,0,63.36898,1.4400586,0.02272497,88919.295,78810.064,-8919.295,1189.936,True,False,111.52162
503.46,FINE,THRUST,79953.145,30.5429791,0.6116893,144.87355,0.16843,False,False,10.78526,2285.60711,2279.01147,-6.59563,0,0.04428,-1.46502,0,0,-1.46502,0,0,63.37304,1.4650185,0.02311738,89054.976,78807.891,-9054.976,1192.109,True,False,103.37521
503.6,FINE,THRUST,79954.519,30.5440325,0.6109932,149.61947,0.16291,False,False,10.85685,2285.72158,2279.00917,-6.71242,0,0.04506,-1.48606,0,0,-1.48606,0,0,63.37716,1.4860594,0.02344787,89196.456,78811.597,-9196.456,1188.403,True,False,94.88369
503.76,FINE,THRUST,79956.086,30.5453064,0.610178,155.87601,0.15617,False,False,10.90368,2285.86069,2279.00654,-6.85415,0,0.04602,-1.50454,0,0,-1.50454,0,0,63.38194,1.5045442,0.02373774,89360.673,78823.214,-9360.673,1176.786,True,False,84.77306
503.9,FINE,THRUST,79957.453,30.5464528,0.6094695,162.03837,0.15007,False,False,10.91078,2285.98548,2279.00424,-6.98123,0,0.04687,-1.5153,0,0,-1.5153,0,0,63.38618,1.515299,0.02390583,89501.641,78839.692,-9501.641,1160.308,True,False,75.58272
504.04,FINE,THRUST,79958.817,30.5476012,0.6087837,168.77465,0.14392,False,False,10.88432,2286.10918,2279.00196,-7.10723,0,0.04772,-1.52065,0,0,-1.52065,0,0,63.39046,1.5206511,0.02398864,89635.596,78861.714,-9635.596,1138.286,True,False,66.11639
504.18,FINE,THRUST,79960.18,30.5487191,0.6081394,175.93175,0.13793,False,False,10.82217,2286.22586,2278.99967,-7.22619,0,0.04852,-1.52023,0,0,-1.52023,0,0,63.39476,1.5202305,0.02398038,89755.836,78888.74,-9755.836,1111.26,True,False,56.52595
504.32,FINE,THRUST,79961.738,30.5499112,0.6074776,184.27706,0.13155,False,False,10.7068,2286.34196,2278.99706,-7.3449,0,0.04931,-1.51254,0,0,-1.51254,0,0,63.39967,1.5125389,0.0238572,89867.049,78924.649,-9867.049,1075.351,True,False,45.62801
504.48,FINE,THRUST,79963.096,30.5508319,0.6069843,191.25002,0.12665,False,False,10.5713,2286.42336,2278.99478,-7.42857,0,0.04988,-1.50013,0,0,-1.50013,0,0,63.40396,1.5001303,0.02365989,89936.649,78959.035,-9936.649,1040.965,True,False,36.36878
504.62,FINE,THRUST,79964.464,30.5515814,0.6065938,197.22276,0.12274,False,False,10.40921,2286.4849,2278.9925,-7.4924,0,0.05031,-1.48335,0,0,-1.48335,0,0,63.40821,1.4833489,0.02339364,89980.294,78995.091,-9980.294,1004.909,True,False,27.59929
504.76,FINE,THRUST,79965.831,30.5521382,0.6063101,201.7252,0.11995,False,False,10.22898,2286.52791,2278.9902,-7.5377,0,0.05061,-1.46357,0,0,-1.46357,0,0,63.41242,1.4635717,0.02308021,90000.876,79031.556,-10000.876,968.444,True,False,19.39067
504.92,FINE,THRUST,79967.388,30.5525641,0.6060964,205.01636,0.11798,False,False,10.01159,2286.5544,2278.98759,-7.56681,0,0.05081,-1.43897,0,0,-1.43897,0,0,63.41717,1.4389706,0.02269055,89997.938,79072.033,-9997.938,927.967,True,False,10.8675
505.06,FINE,THRUST,79968.742,30.5527691,0.6059943,206.27353,0.11724,False,False,9.81742,2286.55858,2278.98531,-7.57327,0,0.05085,-1.41664,0,0,-1.41664,0,0,63.42126,1.4166421,0.02233702,89974.004,79105.632,-9974.004,894.368,True,False,5.13702
505.2,FINE,THRUST,79970.085,30.5528315,0.6059633,206.0846,0.11734,False,False,9.62466,2286.54622,2278.98305,-7.56317,0,0.05078,-1.39437,0,0,-1.39437,0,0,63.42529,1.3943702,0.02198445,89932.188,79136.967,-9932.188,863.033,True,False,6.0838
505.34,FINE,THRUST,79971.415,30.5527664,0.6059959,204.60622,0.1182,False,False,9.43627,2286.5188,2278.98081,-7.538,0,0.05061,-1.37262,0,0,-1.37262,0,0,63.42925,1.372621,0.02164019,89874.49,79165.842,-9874.49,834.158,True,False,-11.4
505.5,FINE,THRUST,79972.917,30.5525564,0.6061021,201.60692,0.11997,False,False,9.22939,2286.47106,2278.97828,-7.49279,0,0.05031,-1.34889,0,0,-1.34889,0,0,63.43371,1.3488906,0.02126457,89791.73,79195.691,-9791.73,804.309,True,False,-17.70405
505.64,FINE,THRUST,79974.212,30.5522715,0.6062485,198.09242,0.12213,False,False,9.0571,2286.41659,2278.97609,-7.44051,0,0.04996,-1.32933,0,0,-1.32933,0,0,63.43754,1.3293268,0.02095489,89706.571,79219.106,-9706.571,780.894,True,False,-22.86455
505.78,FINE,THRUST,79975.49,30.5519094,0.606438,193.99623,0.12474,False,False,8.8945,2286.35199,2278.97393,-7.37806,0,0.04954,-1.31113,0,0,-1.31113,0,0,63.44132,1.3111323,0.02066685,89611.614,79240.002,-9611.614,759.998,True,False,-27.60179
505.92,FINE,THRUST,79976.748,30.5514843,0.6066652,189.52097,0.12773,False,False,8.74164,2286.27854,2278.9718,-7.30673,0,0.04906,-1.29432,0,0,-1.29432,0,0,63.44505,1.2943188,0.02040063,89508.25,79258.548,-9508.25,741.452,True,False,-31.89261
506.08,FINE,THRUST,79978.162,30.5509387,0.6069641,184.16675,0.1315,False,False,8.57881,2286.1853,2278.96941,-7.21589,0,0.04845,-1.27679,0,0,-1.27679,0,0,63.44925,1.2767872,0.02012297,89381.513,79277.071,-9381.513,722.929,True,False,-36.24092
506.22,FINE,THRUST,79979.378,30.5504218,0.6072546,179.42157,0.13504,False,False,8.44599,2286.09661,2278.96735,-7.12925,0,0.04786,-1.26281,0,0,-1.26281,0,0,63.45287,1.2628096,0.01990153,89264.089,79291.173,-9264.089,708.827,True,False,-39.55968
506.36,FINE,THRUST,79980.575,30.5498808,0.6075663,174.74271,0.13872,False,False,8.32186,2286.0024,2278.96533,-7.03707,0,0.04724,-1.25006,0,0,-1.25006,0,0,63.45646,1.2500598,0.01969949,89141.784,79303.473,-9141.784,696.527,True,False,-42.42813
506.5,FINE,THRUST,79981.751,30.549325,0.6078948,170.20321,0.14249,False,False,8.20543,2285.9033,2278.96334,-6.93996,0,0.04659,-1.23838,0,0,-1.23838,0,0,63.46001,1.2383797,0.01951433,89015.128,79314.185,-9015.128,685.815,True,False,-44.85151
506.66,FINE,THRUST,79983.072,30.5486829,0.6082845,165.25784,0.14684,False,False,8.08057,2285.78482,2278.96111,-6.82371,0,0.04581,-1.22615,0,0,-1.22615,0,0,63.46403,1.2261549,0.01932047,88865.739,79324.73,-8865.739,675.27,True,False,-47.08477
506.8,FINE,THRUST,79984.207,30.5481235,0.608633,161.18135,0.15064,False,False,7.97721,2285.67698,2278.95919,-6.7178,0,0.0451,-1.21624,0,0,-1.21624,0,0,63.46751,1.2162398,0.01916319,88731.24,79332.698,-8731.24,667.302,True,False,-48.57957
506.94,FINE,THRUST,79985.323,30.5475753,0.6089827,157.37244,0.15436,False,False,7.87846,2285.56588,2278.9573,-6.60859,0,0.04436,-1.20692,0,0,-1.20692,0,0,63.47096,1.2069179,0.01901528,88593.786,79339.668,-8593.786,660.332,True,False,-49.65703
507.08,FINE,THRUST,79986.421,30.5470448,0.6093289,153.84435,0.15799,False,False,7.78316,2285.45178,2278.95544,-6.49634,0,0.04361,-1.19801,0,0,-1.19801,0,0,63.47439,1.1980072,0.01887387,88453.5,79345.828,-8453.5,654.172,True,False,-50.33318
507.24,FINE,THRUST,79987.653,30.5464738,0.6097103,150.1954,0.16192,False,False,7.67699,2285.31784,2278.95336,-6.36448,0,0.04272,-1.1881,0,0,-1.1881,0,0,63.47827,1.1880962,0.01871658,88289.648,79352.099,-8289.648,647.901,True,False,-50.65398
507.38,FINE,THRUST,79988.713,30.546019,0.6100205,147.37652,0.16509,False,False,7.58512,2285.19742,2278.95156,-6.24585,0,0.04192,-1.17944,0,0,-1.17944,0,0,63.48164,1.1794441,0.01857929,88142.854,79357.099,-8142.854,642.901,True,False,-50.57189
507.52,FINE,THRUST,79989.755,30.5456132,0.6103024,144.90745,0.16797,False,False,7.49351,2285.07473,2278.9498,-6.12493,0,0.04111,-1.17071,0,0,-1.17071,0,0,63.48499,1.1707075,0.0184407,87993.607,79361.807,-7993.607,638.193,True,False,-50.17258
507.66,FINE,THRUST,79990.781,30.5452578,0.6105534,142.76424,0.17055,False,False,7.40146,2284.95052,2278.94807,-6.00246,0,0.04029,-1.16178,0,0,-1.16178,0,0,63.48832,1.1617806,0.01829912,87842.639,79366.386,-7842.639,633.614,True,False,-49.46728
507.82,FINE,THRUST,79991.932,30.5449122,0.6108011,140.67627,0.17314,False,False,7.29503,2284.80795,2278.94612,-5.86184,0,0.03934,-1.15124,0,0,-1.15124,0,0,63.49208,1.1512442,0.01813209,87669.288,79371.675,-7669.288,628.325,True,False,-48.29158
507.96,FINE,THRUST,79992.921,30.5446601,0.6109844,139.12896,0.17511,False,False,7.20015,2284.68366,2278.94444,-5.73921,0,0.03852,-1.14163,0,0,-1.14163,0,0,63.49536,1.1416292,0.01797973,87517.888,79376.545,-7517.888,623.455,True,False,-46.93662
508.1,FINE,THRUST,79993.892,30.5444508,0.6111382,137.80795,0.17683,False,False,7.10328,2284.56106,2278.9428,-5.61826,0,0.0377,-1.1316,0,0,-1.1316,0,0,63.49859,1.1315989,0.01782085,87368.13,79381.818,-7368.13,618.182,True,False,-45.27009
508.24,FINE,THRUST,79994.847,30.5442793,0.6112655,136.67861,0.17831,False,False,7.00387,2284.4411,2278.94118,-5.49992,0,0.03691,-1.12107,0,0,-1.12107,0,0,63.50181,1.1210708,0.01765416,87220.948,79387.675,-7220.948,612.325,True,False,-43.28279
508.4,FINE,THRUST,79995.916,30.544123,0.6113826,135.58271,0.17978,False,False,6.88663,2284.30855,2278.93937,-5.36918,0,0.03603,-1.10835,0,0,-1.10835,0,0,63.50545,1.1083503,0.01745284,87057.252,79395.311,-7057.252,604.689,True,False,-40.60704
508.54,FINE,THRUST,79996.833,30.5440152,0.611464,134.76228,0.18089,False,False,6.78028,2284.19752,2278.93782,-5.2597,0,0.0353,-1.09653,0,0,-1.09653,0,0,63.5086,1.0965306,0.01726586,86918.943,79403.018,-6918.943,596.982,True,False,37.90212
508.68,FINE,THRUST,79997.733,30.5439297,0.611529,134.04716,0.18187,False,False,6.67032,2284.09241,2278.9363,-5.15611,0,0.0346,-1.08406,0,0,-1.08406,0,0,63.51171,1.0840621,0.0170687,86786.621,79411.836,-6786.621,588.164,True,False,34.85094
508.82,FINE,THRUST,79998.615,30.5438627,0.6115803,133.41746,0.18273,False,False,6.55645,2283.99411,2278.9348,-5.05931,0,0.03395,-1.0709,0,0,-1.0709,0,0,63.5148,1.0709037,0.0168607,86661.228,79421.913,-6661.228,578.087,True,False,31.44822
508.98,FINE,THRUST,79999.604,30.5438048,0.6116249,132.78313,0.18361,False,False,6.42148,2283.89146,2278.93313,-4.95834,0,0.03327,-1.05503,0,0,-1.05503,0,0,63.51828,1.055026,0.0166098,86527.878,79435.115,-6527.878,564.885,True,False,27.14255
509.12,FINE,THRUST,80000.452,30.5437683,0.6116532,132.29251,0.18429,False,False,6.29879,2283.81166,2278.93169,-4.87997,0,0.03274,-1.04035,0,0,-1.04035,0,0,63.52128,1.0403542,0.01637804,86421.535,79448.343,-6421.535,551.657,True,False,23.08827
509.26,FINE,THRUST,80001.286,30.5437444,0.6116718,131.85808,0.1849,False,False,6.1722,2283.74323,2278.93028,-4.81295,0,0.03229,-1.02504,0,0,-1.02504,0,0,63.52424,1.0250397,0.0161362,86327.186,79463.244,-6327.186,536.756,True,False,18.86242
509.4,FINE,THRUST,80002.107,30.5437321,0.6116814,131.47463,0.18544,False,False,6.04233,2283.68707,2278.92889,-4.75818,0,0.03193,-1.00919,0,0,-1.00919,0,0,63.52716,1.0091925,0.015886,86245.958,79479.76,-6245.958,520.24,True,False,14.5582
509.56,FINE,THRUST,80003.029,30.5437309,0.6116824,131.09242,0.18597,False,False,5.89138,2283.63847,2278.92733,-4.71113,0,0.03161,-0.99068,0,0,-0.99068,0,0,63.53044,0.9906787,0.01559377,86170.125,79500.34,-6170.125,499.66,True,False,9.66528
509.7,FINE,THRUST,80003.822,30.5437399,0.6116752,130.8018,0.18638,False,False,5.7582,2283.60946,2278.92599,-4.68347,0,0.03142,-0.97431,0,0,-0.97431,0,0,63.53326,0.9743069,0.01533538,86118.805,79519.558,-6118.805,480.442,True,False,5.53812
509.84,FINE,THRUST,80004.602,30.5437573,0.6116615,130.54739,0.18674,False,False,5.62577,2283.59276,2278.92467,-4.66809,0,0.03132,-0.95805,0,0,-0.95805,0,0,63.53604,0.9580544,0.01507891,86081.525,79539.503,-6081.525,460.497,True,False,1.96553
509.98,FINE,THRUST,80005.369,30.5437819,0.6116419,130.32411,0.18705,False,False,5.49496,2283.58751,2278.92337,-4.66414,0,0.03129,-0.94205,0,0,-0.94205,0,0,63.53877,0.9420547,0.01482646,86057.586,79559.869,-6057.586,440.131,True,False,2.91186
510.14,FINE,THRUST,80006.228,30.5438175,0.6116136,130.10066,0.18737,False,False,5.34863,2283.59421,2278.92192,-4.6723,0,0.03135,-0.92425,0,0,-0.92425,0,0,63.54183,0.9242538,0.0145456,86045.352,79583.256,-6045.352,416.744,True,False,6.66133
510.28,FINE,THRUST,80006.964,30.5438564,0.6115825,129.93815,0.18759,False,False,5.22376,2283.60981,2278.92067,-4.68914,0,0.03146,-0.90915,0,0,-0.90915,0,0,63.54446,0.9091534,0.01430736,86046.482,79603.56,-6046.482,396.44,True,False,9.72845
510.42,FINE,THRUST,80007.685,30.5439017,0.6115461,129.803,0.18778,False,False,5.10264,2283.63279,2278.91945,-4.71334,0,0.03162,-0.89461,0,0,-0.89461,0,0,63.54705,0.8946086,0.01407789,86056.931,79623.408,-6056.931,376.592,True,False,12.46731
510.56,FINE,THRUST,80008.391,30.5439517,0.611506,129.68745,0.18794,False,False,4.9851,2283.6617,2278.91825,-4.74345,0,0.03183,-0.88058,0,0,-0.88058,0,0,63.5496,0.8805771,0.01385653,86075.048,79642.683,-6075.048,357.317,True,False,14.86112
510.72,FINE,THRUST,80009.17,30.5440141,0.6114556,129.57788,0.18808,False,False,4.85509,2283.70051,2278.91692,-4.78359,0,0.0321,-0.86512,0,0,-0.86512,0,0,63.55247,0.8651223,0.01361273,86103.477,79663.884,-6103.477,336.116,True,False,17.16924
510.86,FINE,THRUST,80009.841,30.5440731,0.6114079,129.50057,0.18818,False,False,4.74468,2283.73851,2278.91579,-4.82273,0,0.03236,-0.85205,0,0,-0.85205,0,0,63.55494,0.8520497,0.01340651,86133.916,79681.697,-6133.916,318.303,True,False,18.81326
511,FINE,THRUST,80010.496,30.5441354,0.6113575,129.43741,0.18826,False,False,4.63756,2283.77923,2278.91467,-4.86456,0,0.03264,-0.83944,0,0,-0.83944,0,0,63.55736,0.8394416,0.01320762,86168.377,79698.741,-6168.377,301.259,True,False,20.10612
511.14,FINE,THRUST,80011.135,30.5442006,0.6113047,129.38621,0.18833,False,False,4.53325,2283.82196,2278.91359,-4.90837,0,0.03293,-0.82719,0,0,-0.82719,0,0,63.55975,0.8271935,0.01301442,86205.954,79715.042,-6205.954,284.958,True,False,21.04798
511.3,FINE,THRUST,80011.845,30.5442775,0.6112421,129.33875,0.18838,False,False,4.41711,2283.87228,2278.91238,-4.9599,0,0.03328,-0.81357,0,0,-0.81357,0,0,63.56244,0.8135699,0.01279954,86251.552,79732.776,-6251.552,267.224,True,False,21.69507
511.44,FINE,THRUST,80012.449,30.5443464,0.611186,129.30411,0.18842,False,False,4.31759,2283.91694,2278.91135,-5.00559,0,0.03359,-0.80188,0,0,-0.80188,0,0,63.56476,0.8018774,0.01261513,86292.883,79747.568,-6292.883,252.432,True,False,21.89123
511.58,FINE,THRUST,80013.037,30.5444157,0.6111295,129.27149,0.18845,False,False,4.21996,2283.96129,2278.91035,-5.05094,0,0.03389,-0.79038,0,0,-0.79038,0,0,63.56704,0.7903847,0.01243388,86334.497,79761.669,-6334.497,238.331,True,False,21.7545
511.72,FINE,THRUST,80013.61,30.5444846,0.6110732,129.23775,0.18849,False,False,4.12373,2284.00473,2278.90938,-5.09535,0,0.03419,-0.77901,0,0,-0.77901,0,0,63.56929,0.7790075,0.01225446,86375.596,79775.136,-6375.596,224.864,True,False,21.30448
511.88,FINE,THRUST,80014.246,30.5445617,0.61101,129.19326,0.18853,False,False,4.01507,2284.05243,2278.9083,-5.14413,0,0.03452,-0.76608,0,0,-0.76608,0,0,63.57183,0.7660832,0.01205067,86420.913,79789.79,-6420.913,210.21,True,False,20.43894
512.02,FINE,THRUST,80014.787,30.544627,0.6109563,129.14599,0.18859,False,False,3.92067,2284.09193,2278.90738,-5.18456,0,0.03479,-0.75476,0,0,-0.75476,0,0,63.57401,0.7547645,0.01187222,86458.404,79802.027,-6458.404,197.973,True,False,19.40886
512.16,FINE,THRUST,80015.314,30.5446894,0.610905,129.0869,0.18866,False,False,3.82701,2284.12871,2278.90648,-5.22223,0,0.03504,-0.74346,0,0,-0.74346,0,0,63.57616,0.7434554,0.01169393,86493.126,79813.708,-6493.126,186.292,True,False,18.16075
512.3,FINE,THRUST,80015.827,30.5447483,0.6108564,129.01374,0.18876,False,False,3.73385,2284.16244,2278.90561,-5.25684,0,0.03527,-0.73212,0,0,-0.73212,0,0,63.57828,0.7321167,0.0115152,86524.632,79824.873,-6524.632,175.127,True,False,16.73259
512.46,FINE,THRUST,80016.398,30.5448106,0.6108049,128.90997,0.1889,False,False,3.62798,2284.19685,2278.90464,-5.29221,0,0.03551,-0.71912,0,0,-0.71912,0,0,63.58066,0.7191216,0.01131038,86556.19,79837.025,-6556.19,162.975,True,False,14.9313
512.6,FINE,THRUST,80016.883,30.5448603,0.6107637,128.80006,0.18905,False,False,3.5357,2284.22314,2278.90381,-5.31933,0,0.03569,-0.70769,0,0,-0.70769,0,0,63.58271,0.7076938,0.01113029,86579.655,79847.163,-6579.655,152.837,True,False,13.25338
512.74,FINE,THRUST,80017.357,30.5449052,0.6107264,128.67038,0.18923,False,False,3.44417,2284.24566,2278.903,-5.34266,0,0.03585,-0.69628,0,0,-0.69628,0,0,63.58473,0.6962807,0.01095044,86598.997,79856.82,-6598.997,143.18,True,False,11.5231
512.88,FINE,THRUST,80017.819,30.5449451,0.6106932,128.52066,0.18944,False,False,3.35335,2284.26443,2278.90222,-5.36221,0,0.03598,-0.68488,0,0,-0.68488,0,0,63.58671,0.6848803,0.01077081,86614.21,79866.025,-6614.21,133.975,True,False,9.78051
513.04,FINE,THRUST,80018.332,30.5449846,0.6106602,128.32498,0.18972,False,False,3.25067,2284.28136,2278.90135,-5.38002,0,0.0361,-0.6719,0,0,-0.6719,0,0,63.58894,0.6719046,0.01056637,86626.629,79876.006,-6626.629,123.994,True,False,7.8231
513.18,FINE,THRUST,80018.77,30.5450139,0.6106356,128.13299,0.19,False,False,3.16172,2284.2924,2278.9006,-5.3918,0,0.03618,-0.66059,0,0,-0.66059,0,0,63.59086,0.660592,0.01038816,86633.323,79884.303,-6633.323,115.697,True,False,6.18311
513.32,FINE,THRUST,80019.195,30.5450385,0.6106149,127.92219,0.19031,False,False,3.07411,2284.30009,2278.89988,-5.40022,0,0.03624,-0.6494,0,0,-0.6494,0,0,63.59274,0.6493981,0.01021183,86636.356,79892.177,-6636.356,107.823,True,False,4.64928
513.46,FINE,THRUST,80019.61,30.5450587,0.6105978,127.69416,0.19064,False,False,2.98781,2284.30475,2278.89917,-5.40557,0,0.03627,-0.63832,0,0,-0.63832,0,0,63.59459,0.6383204,0.01003734,86636.063,79899.661,-6636.063,100.339,True,False,3.2617
513.62,FINE,THRUST,80020.071,30.5450765,0.6105827,127.41309,0.19106,False,False,2.89092,2284.30676,2278.89839,-5.40837,0,0.03629,-0.62583,0,0,-0.62583,0,0,63.59667,0.6258303,0.00984061,86632.148,79907.757,-6632.148,92.243,True,False,1.93056
513.76,FINE,THRUST,80020.461,30.545088,0.610573,127.15126,0.19145,False,False,2.80755,2284.30605,2278.89772,-5.40833,0,0.03629,-0.61503,0,0,-0.61503,0,0,63.59846,0.6150319,0.00967055,86626.048,79914.48,-6626.048,85.52,True,False,1.15753
513.9,FINE,THRUST,80020.841,30.5450958,0.6105664,126.87573,0.19186,False,False,2.72584,2284.30344,2278.89708,-5.40636,0,0.03628,-0.60442,0,0,-0.60442,0,0,63.60021,0.6044173,0.00950339,86617.95,79920.861,-6617.95,79.139,True,False,1.09383
514.04,FINE,THRUST,80021.21,30.5451,0.6105628,126.58692,0.1923,False,False,2.64566,2284.29934,2278.89645,-5.40289,0,0.03626,-0.59397,0,0,-0.59397,0,0,63.60194,0.5939668,0.00933882,86608.325,79926.933,-6608.325,73.067,True,False,1.51304
514.2,FINE,THRUST,80021.619,30.5451006,0.6105622,126.24154,0.19282,False,False,2.55592,2284.29336,2278.89575,-5.39761,0,0.03622,-0.58223,0,0,-0.58223,0,0,63.60387,0.5822302,0.00915401,86596.07,79933.519,-6596.07,66.481,True,False,1.99911
514.34,FINE,THRUST,80021.964,30.5450979,0.6105645,125.92806,0.1933,False,False,2.47881,2284.28742,2278.89516,-5.39225,0,0.03618,-0.57211,0,0,-0.57211,0,0,63.60553,0.5721082,0.00899463,86584.722,79939.006,-6584.722,60.994,True,False,2.28875
514.48,FINE,THRUST,80022.299,30.545093,0.6105688,125.60699,0.1938,False,False,2.40329,2284.28117,2278.89459,-5.38658,0,0.03615,-0.56217,0,0,-0.56217,0,0,63.60716,0.5621706,0.00883816,86573.238,79944.231,-6573.238,55.769,True,False,2.42888
514.62,FINE,THRUST,80022.624,30.5450863,0.6105747,125.28044,0.1943,False,False,2.32918,2284.27495,2278.89404,-5.38091,0,0.03611,-0.55239,0,0,-0.55239,0,0,63.60877,0.5523908,0.00868419,86561.967,79949.221,-6561.967,50.779,True,False,2.4258
514.78,FINE,THRUST,80022.982,30.5450775,0.6105824,124.90508,0.19489,False,False,2.24619,2284.26817,2278.89343,-5.37475,0,0.03607,-0.54141,0,0,-0.54141,0,0,63.61057,0.5414065,0.00851127,86549.733,79954.649,-6549.733,45.351,True,False,2.27119
514.92,FINE,THRUST,80023.285,30.54507,0.610589,124.57923,0.1954,False,False,2.17483,2284.26276,2278.89291,-5.36985,0,0.03603,-0.53193,0,0,-0.53193,0,0,63.61211,0.5319304,0.00836209,86539.821,79959.181,-6539.821,40.819,True,False,2.0415
515.06,FINE,THRUST,80023.578,30.545064,0.6105942,124.26097,0.1959,False,False,2.1049,2284.25791,2278.89241,-5.36551,0,0.036,-0.52262,0,0,-0.52262,0,0,63.61363,0.5226247,0.00821561,86530.781,79963.502,-6530.781,36.498,True,False,1.77771
515.2,FINE,THRUST,80023.862,30.5450602,0.6105976,123.95277,0.19639,False,False,2.03626,2284.25377,2278.89192,-5.36185,0,0.03598,-0.51347,0,0,-0.51347,0,0,63.61512,0.5134661,0.00807145,86522.744,79967.627,-6522.744,32.373,True,False,1.56106
515.36,FINE,THRUST,80024.174,30.5450595,0.6105982,123.61704,0.19692,False,False,1.95937,2284.24993,2278.89139,-5.35854,0,0.03596,-0.50318,0,0,-0.50318,0,0,63.61679,0.503182,0.00790958,86514.825,79972.108,-6514.825,27.892,True,False,1.51118
515.5,FINE,THRUST,80024.438,30.545063,0.6105951,123.34048,0.19736,False,False,1.89328,2284.24731,2278.89094,-5.35637,0,0.03594,-0.49432,0,0,-0.49432,0,0,63.61823,0.494315,0.00777002,86508.955,79975.84,-6508.955,24.16,True,False,1.71331
515.64,FINE,THRUST,80024.693,30.5450706,0.6105883,123.08158,0.19778,False,False,1.82857,2284.24536,2278.8905,-5.35485,0,0.03593,-0.48561,0,0,-0.48561,0,0,63.61964,0.4856145,0.00763309,86504.029,79979.387,-6504.029,20.613,True,False,2.0983
515.78,FINE,THRUST,80024.939,30.5450827,0.6105774,122.84107,0.19816,False,False,1.7651,2284.24398,2278.89008,-5.35389,0,0.03593,-0.47706,0,0,-0.47706,0,0,63.62103,0.4770596,0.00749846,86499.945,79982.759,-6499.945,17.241,True,False,2.58081
515.94,FINE,THRUST,80025.21,30.545102,0.6105599,122.58864,0.19856,False,False,1.69409,2284.243,2278.88962,-5.35338,0,0.03592,-0.46746,0,0,-0.46746,0,0,63.62258,0.4674639,0.00734745,86496.17,79986.404,-6496.17,13.596,True,False,3.17469
516.08,FINE,THRUST,80025.438,30.5451236,0.6105403,122.38674,0.19888,False,False,1.63313,2284.24257,2278.88923,-5.35334,0,0.03592,-0.4592,0,0,-0.4592,0,0,63.62391,0.4591989,0.00721739,86493.509,79989.424,-6493.509,10.576,True,False,3.68794
516.22,FINE,THRUST,80025.658,30.5451491,0.6105171,122.20088,0.19918,False,False,1.5735,2284.24243,2278.88885,-5.35357,0,0.03592,-0.45109,0,0,-0.45109,0,0,63.62522,0.4510949,0.00708988,86491.336,79992.281,-6491.336,7.719,True,False,4.16827
516.36,FINE,THRUST,80025.869,30.5451781,0.6104905,122.02944,0.19945,False,False,1.51506,2284.24249,2278.88849,-5.354,0,0.03593,-0.44313,0,0,-0.44313,0,0,63.62651,0.4431307,0.00696456,86489.537,79994.984,-6489.537,5.016,True,False,-4.6005
516.52,FINE,THRUST,80026.101,30.545215,0.6104567,121.84842,0.19974,False,False,1.44973,2284.24272,2278.88809,-5.35463,0,0.03593,-0.4342,0,0,-0.4342,0,0,63.62796,0.4341994,0.00682403,86487.807,79997.893,-6487.807,2.107,True,False,-5.01786
516.66,FINE,THRUST,80026.295,30.5452499,0.6104246,121.7008,0.19997,False,False,1.39366,2284.24297,2278.88776,-5.35521,0,0.03593,-0.42651,0,0,-0.42651,0,0,63.62919,0.4265054,0.00670298,86486.47,80000.293,-6486.47,-0.293,True,False,-5.309
516.8,FINE,THRUST,80026.482,30.5452864,0.6103909,121.56025,0.20019,True,False,1.33882,2284.24316,2278.88744,-5.35572,0,0.03594,-0.41896,8,0,-0.41896,8,0,63.63041,8.0109628,0.12589833,86485.162,80002.553,-6485.162,-2.553,True,False,-81.50024
516.96,FINE,THRUST,80026.602,30.5456007,0.610101,122.45743,0.19863,False,False,0.82642,2284.24939,2278.88712,-5.36227,0,0.03598,-0.33824,0,0,-0.33824,0,0,63.65026,0.3382407,0.00531405,86477.621,80018.103,-6477.621,-18.103,True,False,-5.91844
517.12,FINE,THRUST,80026.605,30.5459721,0.609761,123.6013,0.19668,False,False,0.01712,2284.27044,2278.88706,-5.38338,0,0.03612,-0.20913,0,0,-0.20913,0,0,63.65758,0.2091332,0.00328528,86493.502,80027.608,-6493.502,-27.608,True,False,6.47555
517.26,FINE,THRUST,80026.603,30.5460007,0.6097348,123.42575,0.19695,False,False,-0.01952,2284.27075,2278.88706,-5.38369,0,0.03613,-0.20327,0,0,-0.20327,0,0,63.65828,0.203273,0.00319319,86493.88,80027.606,-6493.88,-27.606,True,False,6.79144
517.4,FINE,THRUST,80026.597,30.5460249,0.6097126,123.23299,0.19725,False,False,-0.04307,2284.27051,2278.88707,-5.38344,0,0.03612,-0.19948,0,0,-0.19948,0,0,63.65887,0.1994776,0.00313354,86493.589,80027.581,-6493.589,-27.581,True,False,6.93684
517.54,FINE,THRUST,80026.587,30.5460497,0.6096898,123.04348,0.19755,False,False,-0.06585,2284.27011,2278.88708,-5.38304,0,0.03612,-0.19578,0,0,-0.19578,0,0,63.65943,0.19578,0.00307543,86493.126,80027.539,-6493.126,-27.539,True,False,6.91606
517.7,FINE,THRUST,80026.572,30.5460775,0.6096641,122.82556,0.19789,False,False,-0.09125,2284.26961,2278.8871,-5.38251,0,0.03612,-0.19163,0,0,-0.19163,0,0,63.66007,0.1916298,0.0030102,86492.538,80027.471,-6492.538,-27.471,True,False,6.69967
517.84,FINE,THRUST,80026.555,30.5461006,0.6096427,122.6309,0.1982,False,False,-0.113,2284.26918,2278.88713,-5.38205,0,0.03611,-0.18805,0,0,-0.18805,0,0,63.66062,0.1880491,0.00295393,86492.031,80027.395,-6492.031,-27.395,True,False,6.35758
517.98,FINE,THRUST,80026.535,30.546122,0.6096228,122.43022,0.19852,False,False,-0.13424,2284.26878,2278.88716,-5.38162,0,0.03611,-0.18453,0,0,-0.18453,0,0,63.66115,0.1845306,0.00289864,86491.566,80027.305,-6491.566,-27.305,True,False,5.89118
518.12,FINE,THRUST,80026.511,30.5461414,0.6096047,122.22227,0.19885,False,False,-0.15503,2284.26842,2278.88719,-5.38123,0,0.03611,-0.18106,0,0,-0.18106,0,0,63.66168,0.181065,0.00284418,86491.159,80027.201,-6491.159,-27.201,True,False,5.31901
518.28,FINE,THRUST,80026.482,30.5461606,0.6095867,121.97435,0.19925,False,False,-0.17824,2284.26808,2278.88724,-5.38084,0,0.03611,-0.17717,0,0,-0.17717,0,0,63.66227,0.1771694,0.00278296,86490.776,80027.067,-6490.776,-27.067,True,False,4.56203
518.42,FINE,THRUST,80026.452,30.5461748,0.6095734,121.74779,0.19961,False,False,-0.19813,2284.26785,2278.88729,-5.38057,0,0.03611,-0.17381,0,0,-0.17381,0,0,63.66278,0.1738072,0.00273012,86490.524,80026.936,-6490.524,-26.936,True,False,3.83524
518.56,FINE,THRUST,80026.421,30.5461863,0.6095625,121.51166,0.2,False,False,-0.21755,2284.26771,2278.88734,-5.38038,0,0.0361,-0.17051,0,0,-0.17051,0,0,63.66327,0.1705054,0.00267824,86490.383,80026.795,-6490.383,-26.795,True,False,3.07191
518.7,FINE,THRUST,80026.386,30.5461952,0.6095541,121.2663,0.2004,True,False,-0.23654,2284.26759,2278.88739,-5.3802,0,0.0361,-0.16726,8,0,-0.16726,8,0,63.66376,8.0017482,0.12568764,86490.262,80026.644,-6490.262,-26.644,True,False,-86.55266
518.86,FINE,THRUST,80026.257,30.546308,0.6094469,121.39101,0.20016,True,False,-0.72522,2284.26436,2278.88749,-5.37687,0,0.03608,-0.08867,8,0,-0.08867,8,0,63.68339,8.0004913,0.12562918,86492.8,80020.082,-6492.8,-20.082,True,False,-87.98228
519.02,FINE,THRUST,80025.925,30.546432,0.609329,121.56242,0.19984,False,False,-1.99353,2284.2752,2278.88788,-5.38732,0,0.03615,0.11567,0,0,0.11567,0,0,63.70938,0.1156678,0.00181555,86553.316,79972.648,-6553.316,27.352,True,False,-178.79155
519.16,FINE,THRUST,80025.535,30.5463383,0.6094184,120.91292,0.20094,True,False,-2.78918,2284.29946,2278.88848,-5.41098,0,0.03631,0.24511,8,0,0.24511,8,0,63.71611,8.003754,0.12561585,86633.408,79921.418,-6633.408,78.582,True,False,-90.86879
519.32,FINE,THRUST,80024.999,30.5462366,0.6095163,120.19868,0.20217,True,False,-3.27252,2284.31126,2278.88926,-5.422,0,0.03638,0.32535,8,0,0.32535,8,0,63.73572,8.0066131,0.12562208,86685.55,79882.418,-6685.55,117.582,True,False,-90.93354
519.48,FINE,THRUST,80024.263,30.5460105,0.6097358,119.01581,0.20425,True,False,-4.54117,2284.32024,2278.89032,-5.42991,0,0.03644,0.53235,8,0,0.53235,8,0,63.76174,8.0176929,0.12574457,86824.571,79754.285,-6824.571,245.715,True,False,-91.27644
519.64,FINE,THRUST,80023.326,30.5459088,0.6098355,118.32217,0.20548,True,False,-5.81093,2284.29053,2278.89173,-5.39881,0,0.03623,0.74108,8,0,0.74108,8,0,63.78781,8.0342515,0.12595277,86954.213,79588.845,-6954.213,411.155,True,False,-90.99116
519.8,FINE,THRUST,80022.192,30.5460144,0.6097314,118.41413,0.20528,True,False,-7.08036,2284.20858,2278.89346,-5.31512,0,0.03567,0.95138,8,0,0.95138,8,0,63.81394,8.0563715,0.12624783,87057.985,79386.202,-7057.985,613.798,True,False,-90.06288
519.96,FINE,THRUST,80020.864,30.5464071,0.6093457,119.60887,0.20309,True,False,-8.34502,2284.06126,2278.89553,-5.16573,0,0.03466,1.16261,8,0,1.16261,8,0,63.84015,8.0840374,0.12662937,87121.384,79145.036,-7121.384,854.964,True,False,-88.47156
520.12,FINE,THRUST,80019.347,30.5471646,0.6086119,122.30787,0.19835,False,False,-9.59677,2283.83592,2278.89791,-4.93801,0,0.03313,1.37353,0,0,1.37353,0,0,63.86645,1.3735266,0.02150623,87131.776,78862.763,-7131.776,1137.237,True,False,-157.48724
520.26,FINE,THRUST,80017.919,30.5479114,0.6079029,125.15539,0.19359,False,False,-10.41597,2283.63236,2278.90024,-4.73212,0,0.03175,1.51488,0,0,1.51488,0,0,63.87583,1.5148756,0.02371594,87098.327,78649.226,-7098.327,1350.774,True,False,-152.1879
520.4,FINE,THRUST,80016.479,30.5481545,0.6076747,125.91334,0.19235,False,False,-10.59342,2283.57353,2278.90265,-4.67089,0,0.03134,1.55288,0,0,1.55288,0,0,63.88003,1.5528761,0.02430926,87075.223,78596.395,-7075.223,1403.605,True,False,-146.43822
520.54,FINE,THRUST,80015.03,30.5484912,0.6073604,127.10334,0.19044,False,False,-10.77666,2283.49691,2278.90506,-4.59184,0,0.03081,1.59196,0,0,1.59196,0,0,63.88443,1.5919571,0.02491933,87036.596,78537.613,-7036.596,1462.387,True,False,-140.26797
520.7,FINE,THRUST,80013.361,30.5489847,0.6069042,129.00271,0.18749,False,False,-10.97667,2283.38871,2278.90785,-4.48086,0,0.03006,1.63534,0,0,1.63534,0,0,63.88958,1.635343,0.02559639,86971.286,78466.6,-6971.286,1533.4,True,False,-132.74592
520.84,FINE,THRUST,80011.892,30.5495153,0.60642,131.20004,0.18419,False,False,-11.13843,2283.27606,2278.9103,-4.36576,0,0.02929,1.67137,0,0,1.67137,0,0,63.89421,1.6713722,0.02615843,86894.899,78401.914,-6894.899,1598.086,True,False,-125.7845
520.98,FINE,THRUST,80010.417,30.550143,0.6058563,133.98128,0.18019,False,False,-11.28422,2283.147,2278.91277,-4.23423,0,0.02841,1.705,0,0,1.705,0,0,63.89895,1.7050023,0.02668279,86800.381,78335.442,-6800.381,1664.558,True,False,-118.49162
521.12,FINE,THRUST,80008.938,30.5508655,0.6052201,137.41416,0.1755,False,False,-11.4092,2283.00357,2278.91524,-4.08833,0,0.02743,1.73543,0,0,1.73543,0,0,63.90378,1.735432,0.02715695,86688.851,78268.538,-6688.851,1731.462,True,False,-110.88529
521.28,FINE,THRUST,80007.246,30.5518015,0.604417,142.23565,0.16931,False,False,-11.52093,2282.82534,2278.91808,-3.90726,0,0.02621,1.76535,0,0,1.76535,0,0,63.90941,1.7653503,0.0276227,86542.578,78193.468,-6542.578,1806.532,True,False,-101.82401
521.42,FINE,THRUST,80005.766,30.5527047,0.6036651,147.31269,0.16326,False,False,-11.58662,2282.66109,2278.92056,-3.74053,0,0.02509,1.78646,0,0,1.78646,0,0,63.91442,1.7864556,0.02795074,86401.012,78131.205,-6401.012,1868.795,True,False,-93.59006
521.56,FINE,THRUST,80004.289,30.5536753,0.602883,153.27842,0.15669,False,False,-11.61881,2282.49291,2278.92304,-3.56988,0,0.02395,1.80221,0,0,1.80221,0,0,63.9195,1.8022144,0.02819507,86249.377,78074.143,-6249.377,1925.857,True,False,-85.08315
521.7,FINE,THRUST,80002.816,30.5546932,0.602092,160.16796,0.14974,False,False,-11.61449,2282.326,2278.92551,-3.40049,0,0.02281,1.8121,0,0,1.8121,0,0,63.92463,1.8121029,0.02834749,86091.457,78024.722,-6091.457,1975.278,True,False,-76.32011
521.86,FINE,THRUST,80001.14,30.5558855,0.6012042,169.17734,0.14155,False,False,-11.56255,2282.14377,2278.92832,-3.21545,0,0.02157,1.81579,0,0,1.81579,0,0,63.93052,1.8157851,0.02840248,85908.545,77980.761,-5908.545,2019.239,True,False,-66.06317
522,FINE,THRUST,79999.678,30.5569284,0.6004621,178.01938,0.13434,False,False,-11.47367,2282.00069,2278.93078,-3.06991,0,0.02059,1.81191,0,0,1.81191,0,0,63.9357,1.8119132,0.02833962,85753.136,77957.18,-5753.136,2042.82,True,False,-57.05996
522.14,FINE,THRUST,79998.22,30.5579396,0.5997735,187.58753,0.12734,False,False,-11.34439,2281.88147,2278.93323,-2.94824,0,0.01977,1.80139,0,0,1.80139,0,0,63.94087,1.8013919,0.02817278,85609.013,77950.861,-5609.013,2049.139,True,False,-48.20981
522.28,FINE,THRUST,79996.766,30.5588801,0.5991605,197.48614,0.12083,False,False,-11.17959,2281.791,2278.93567,-2.85533,0,0.01915,1.78497,0,0,1.78497,0,0,63.94602,1.7849679,0.02791367,85481.152,77962.737,-5481.152,2037.263,True,False,-39.66076
522.44,FINE,THRUST,79995.113,30.559824,0.5985718,208.50025,0.11433,False,False,-10.95748,2281.72358,2278.93844,-2.78514,0,0.01868,1.76051,0,0,1.76051,0,0,63.95185,1.7605102,0.02752868,85357.715,77996.799,-5357.715,2003.201,True,False,-30.43497
522.58,FINE,THRUST,79993.675,30.5604943,0.5981696,216.98222,0.10978,False,False,-10.74086,2281.69199,2278.94086,-2.75112,0,0.01845,1.73532,0,0,1.73532,0,0,63.9569,1.7353153,0.02713257,85267.828,78041.412,-5267.828,1958.588,True,False,-23.18987
522.72,FINE,THRUST,79992.248,30.560997,0.5978763,223.60193,0.10648,False,False,-10.51114,2281.68352,2278.94326,-2.74026,0,0.01838,1.70781,0,0,1.70781,0,0,63.96187,1.7078088,0.02670042,85194.913,78096.905,-5194.913,1903.095,True,False,-17.16415
522.86,FINE,THRUST,79990.835,30.5613513,0.5976736,228.23631,0.10428,False,False,-10.27608,2281.6969,2278.94565,-2.75126,0,0.01845,1.67922,0,0,1.67922,0,0,63.96677,1.6792228,0.02625149,85140.222,78160.54,-5140.222,1839.46,True,False,-13.18955
523.02,FINE,THRUST,79989.241,30.5615942,0.5975362,231.06089,0.10299,False,False,-10.00811,2281.7365,2278.94834,-2.78816,0,0.0187,1.64638,0,0,1.64638,0,0,63.97227,1.6463758,0.02573577,85100.298,78240.072,-5100.298,1759.928,True,False,-12.59552
523.16,FINE,THRUST,79987.867,30.56168,0.5974879,231.45133,0.10281,False,False,-9.77805,2281.78998,2278.95066,-2.83932,0,0.01904,1.61809,0,0,1.61809,0,0,63.97699,1.6180898,0.02529175,85084.463,78313.374,-5084.463,1686.626,True,False,-15.17233
523.3,FINE,THRUST,79986.514,30.5616609,0.5974988,230.08952,0.10342,False,False,-9.55584,2281.85842,2278.95295,-2.90547,0,0.01949,1.59083,0,0,1.59083,0,0,63.98163,1.5908267,0.0248638,85085.543,78387.937,-5085.543,1612.063,True,False,-19.02579
523.44,FINE,THRUST,79985.185,30.5615508,0.5975617,227.25452,0.10473,False,False,-9.34287,2281.93967,2278.9552,-2.98447,0,0.02002,1.56482,0,0,1.56482,0,0,63.9862,1.5648154,0.02445551,85102.332,78462.379,-5102.332,1537.621,True,False,23.18303
523.6,FINE,THRUST,79983.694,30.5613308,0.5976894,222.6181,0.10693,False,False,-9.11217,2282.04553,2278.95772,-3.08781,0,0.02071,1.53685,0,0,1.53685,0,0,63.99132,1.5368481,0.02401651,85139.076,78545.788,-5139.076,1454.212,True,False,27.79076
523.74,FINE,THRUST,79982.416,30.56107,0.5978439,217.68579,0.10939,False,False,-8.92141,2282.14772,2278.95988,-3.18783,0,0.02138,1.51392,0,0,1.51392,0,0,63.99573,1.5139238,0.02365664,85185.169,78616.525,-5185.169,1383.475,True,False,31.51124
523.88,FINE,THRUST,79981.163,30.5607589,0.5980325,212.24976,0.11223,False,False,-8.74156,2282.25683,2278.96201,-3.29482,0,0.0221,1.49254,0,0,1.49254,0,0,64.00007,1.4925402,0.02332091,85242.72,78684.333,-5242.72,1315.667,True,False,34.86374
524.02,FINE,THRUST,79979.935,30.5604083,0.5982503,206.54516,0.11538,False,False,-8.57182,2282.3717,2278.96409,-3.40761,0,0.02286,1.47257,0,0,1.47257,0,0,64.00435,1.4725744,0.02300741,85310.508,78749.016,-5310.508,1250.984,True,False,37.81249
524.18,FINE,THRUST,79978.562,30.5599722,0.5985288,199.94482,0.11925,False,False,-8.38923,2282.50859,2278.96642,-3.54217,0,0.02376,1.45135,0,0,1.45135,0,0,64.00917,1.4513478,0.02267406,85398.946,78818.937,-5398.946,1181.063,True,False,40.66554
524.32,FINE,THRUST,79977.387,30.5595693,0.5987937,194.25423,0.12281,False,False,-8.23807,2282.63247,2278.96841,-3.66406,0,0.02458,1.43395,0,0,1.43395,0,0,64.01334,1.4339538,0.02240086,85484.828,78876.743,-5484.828,1123.257,True,False,42.70097
524.46,FINE,THRUST,79976.237,30.5591564,0.5990727,188.76841,0.12644,False,False,-8.0942,2282.75908,2278.97036,-3.78871,0,0.02542,1.41755,0,0,1.41755,0,0,64.01745,1.4175514,0.0221432,85577.343,78931.36,-5577.343,1068.64,True,False,44.30644
524.6,FINE,THRUST,79975.11,30.5587405,0.5993614,183.55572,0.1301,False,False,-7.95625,2282.88796,2278.97227,-3.91569,0,0.02627,1.40192,0,0,1.40192,0,0,64.02151,1.4019244,0.02189771,85675.679,78983.054,-5675.679,1016.946,True,False,45.48274
524.76,FINE,THRUST,79973.851,30.5582707,0.5996969,177.99926,0.13425,False,False,-7.8043,2283.03737,2278.97441,-4.06297,0,0.02726,1.38478,0,0,1.38478,0,0,64.0261,1.3847771,0.02162832,85794.09,79038.831,-5794.09,961.169,True,False,46.31137
524.9,FINE,THRUST,79972.775,30.5578729,0.5999887,173.53597,0.13777,False,False,-7.67474,2283.16976,2278.97623,-4.19353,0,0.02814,1.37014,0,0,1.37014,0,0,64.03007,1.3701433,0.02139844,85902.368,79085.112,-5902.368,914.888,True,False,46.60643
525.04,FINE,THRUST,79971.721,30.5575008,0.6002683,169.52532,0.14111,False,False,-7.54723,2283.30333,2278.97802,-4.3253,0,0.02902,1.35568,0,0,1.35568,0,0,64.034,1.3556834,0.02117131,86014.328,79129.256,-6014.328,870.744,True,False,46.52612
525.18,FINE,THRUST,79970.69,30.5571608,0.6005295,165.97598,0.1442,False,False,-7.42056,2283.43776,2278.97977,-4.45799,0,0.02991,1.34121,0,0,1.34121,0,0,64.03788,1.3412089,0.02094399,86129.361,79171.505,-6129.361,828.495,True,False,46.0885
525.34,FINE,THRUST,79969.538,30.5568155,0.6008005,162.45769,0.1474,False,False,-7.27578,2283.59148,2278.98173,-4.60976,0,0.03093,1.32449,0,0,1.32449,0,0,64.04227,1.3244874,0.02068146,86263.272,79217.6,-6263.272,782.4,True,False,45.17218
525.48,FINE,THRUST,79968.554,30.5565517,0.6010116,159.80701,0.1499,False,False,-7.14808,2283.72524,2278.9834,-4.74184,0,0.03182,1.30955,0,0,1.30955,0,0,64.04607,1.3095484,0.02044697,86381.451,79256.156,-6381.451,743.844,True,False,44.01481
525.62,FINE,THRUST,79967.591,30.5563233,0.6011973,157.5173,0.15214,False,False,-7.01908,2283.85695,2278.98503,-4.87192,0,0.03269,1.29427,0,0,1.29427,0,0,64.04983,1.2942745,0.02020731,86498.963,79293.027,-6498.963,706.973,True,False,42.5308
525.76,FINE,THRUST,79966.65,30.5561285,0.6013581,155.54674,0.15411,False,False,-6.88809,2283.98572,2278.98663,-4.99909,0,0.03355,1.27856,0,0,1.27856,0,0,64.05354,1.2785626,0.01996084,86614.631,79328.316,-6614.631,671.684,True,False,40.71927
525.92,FINE,THRUST,79965.601,30.5559431,0.6015131,153.63046,0.15609,False,False,-6.73538,2284.12786,2278.98841,-5.13945,0,0.03449,1.25999,0,0,1.25999,0,0,64.05772,1.2599883,0.01966958,86742.781,79366.772,-6742.781,633.228,True,False,38.24302
526.06,FINE,THRUST,79964.707,30.5558099,0.6016259,152.20149,0.15759,False,False,-6.59846,2284.24682,2278.98993,-5.25689,0,0.03528,1.2431,0,0,1.2431,0,0,64.06134,1.2430956,0.01940477,86850.01,79398.896,-6850.01,601.104,True,False,35.71648
526.2,FINE,THRUST,79963.834,30.5557005,0.6017194,150.9696,0.15891,False,False,-6.4585,2284.35924,2278.99141,-5.36783,0,0.03602,1.22562,0,0,1.22562,0,0,64.0649,1.2256226,0.01913095,86950.922,79429.564,-6950.922,570.436,True,False,32.84952
526.34,FINE,THRUST,79962.982,30.5556119,0.6017959,149.90312,0.16007,False,False,-6.31516,2284.46417,2278.99286,-5.47131,0,0.03672,1.20752,0,0,1.20752,0,0,64.06843,1.2075213,0.01884737,87044.269,79458.859,-7044.269,541.141,True,False,-29.63652
526.5,FINE,THRUST,79962.034,30.5555326,0.601865,148.85514,0.16122,False,False,-6.14713,2284.57339,2278.99447,-5.57892,0,0.03744,1.18607,0,0,1.18607,0,0,64.07238,1.1860679,0.01851137,87139.805,79490.69,-7139.805,509.31,True,False,-25.57346
526.64,FINE,THRUST,79961.225,30.5554806,0.6019106,148.06978,0.16209,False,False,-5.99582,2284.65774,2278.99585,-5.66189,0,0.038,1.16655,0,0,1.16655,0,0,64.07579,1.1665484,0.01820576,87211.32,79517.18,-7211.32,482.82,True,False,-21.76057
526.78,FINE,THRUST,79960.434,30.5554438,0.6019431,147.39589,0.16285,False,False,-5.84124,2284.72969,2278.99719,-5.7325,0,0.03848,1.14647,0,0,1.14647,0,0,64.07914,1.1464664,0.01789141,87269.331,79542.295,-7269.331,457.705,True,False,-17.79573
526.92,FINE,THRUST,79959.662,30.5554206,0.6019637,146.82008,0.1635,False,False,-5.68403,2284.78854,2278.9985,-5.79004,0,0.03886,1.12594,0,0,1.12594,0,0,64.08244,1.1259358,0.01757012,87312.984,79566.04,-7312.984,433.96,True,False,-13.76389
527.08,FINE,THRUST,79958.8,30.5554088,0.6019742,146.26631,0.16412,False,False,-5.5027,2284.83939,2278.99996,-5.83943,0,0.03919,1.10218,0,0,1.10218,0,0,64.08613,1.102178,0.01719839,87344.901,79591.449,-7344.901,408.551,True,False,-9.177
527.22,FINE,THRUST,79958.064,30.5554097,0.6019734,145.86022,0.16458,False,False,-5.34358,2284.8698,2279.00121,-5.86858,0,0.03939,1.08129,0,0,1.08129,0,0,64.0893,1.0812948,0.01687169,87357.381,79612.208,-7357.381,387.792,True,False,-5.29245
527.36,FINE,THRUST,79957.346,30.5554197,0.6019644,145.51742,0.16497,False,False,-5.1859,2284.88733,2279.00243,-5.8849,0,0.0395,1.06062,0,0,1.06062,0,0,64.09241,1.0606167,0.01654824,87355.863,79631.511,-7355.863,368.489,True,False,-1.78543
527.5,FINE,THRUST,79956.645,30.5554375,0.6019482,145.22846,0.16529,False,False,-5.03043,2284.89299,2279.00362,-5.88937,0,0.03953,1.04026,0,0,1.04026,0,0,64.09546,1.0402627,0.0162299,87341.48,79649.439,-7341.48,350.561,True,False,-2.38099
527.66,FINE,THRUST,79955.865,30.5554662,0.6019222,144.95499,0.1656,False,False,-4.85661,2284.88644,2279.00495,-5.88149,0,0.03948,1.01757,0,0,1.01757,0,0,64.09888,1.0175671,0.01587496,87311.025,79668.322,-7311.025,331.678,True,False,-5.91447
527.8,FINE,THRUST,79955.203,30.5554973,0.6018937,144.75702,0.16581,False,False,-4.70815,2284.87073,2279.00608,-5.86465,0,0.03936,0.99823,0,0,0.99823,0,0,64.1018,0.9982347,0.01557265,87273.699,79683.581,-7273.699,316.419,True,False,-8.75967
527.94,FINE,THRUST,79954.559,30.5555334,0.6018606,144.59382,0.16599,False,False,-4.56403,2284.8473,2279.00717,-5.84012,0,0.0392,0.97953,0,0,0.97953,0,0,64.10468,0.9795297,0.01528016,87228.273,79697.709,-7228.273,302.291,True,False,-11.26604
528.08,FINE,THRUST,79953.934,30.5555742,0.6018231,144.46225,0.16613,False,False,-4.424,2284.8178,2279.00824,-5.80956,0,0.03899,0.9614,0,0,0.9614,0,0,64.10749,0.961398,0.01499666,87176.591,79710.868,-7176.591,289.132,True,False,-13.42219
528.24,FINE,THRUST,79953.243,30.5556252,0.601776,144.34229,0.16625,False,False,-4.26884,2284.77841,2279.00942,-5.769,0,0.03872,0.94135,0,0,0.94135,0,0,64.11065,0.9413456,0.01468314,87111.819,79724.87,-7111.819,275.13,True,False,-15.45463
528.38,FINE,THRUST,79952.66,30.555673,0.6017317,144.25955,0.16633,False,False,-4.13679,2284.74009,2279.01041,-5.72968,0,0.03846,0.92429,0,0,0.92429,0,0,64.11336,0.9242885,0.01441647,87051.351,79736.358,-7051.351,263.642,True,False,16.85413
528.52,FINE,THRUST,79952.095,30.555723,0.6016854,144.19195,0.16639,False,False,-4.00845,2284.69933,2279.01138,-5.68795,0,0.03818,0.90772,0,0,0.90772,0,0,64.11602,0.907717,0.01415741,86988.689,79747.184,-6988.689,252.816,True,False,17.89968
528.66,FINE,THRUST,79951.55,30.5557745,0.6016374,144.13582,0.16644,False,False,-3.88327,2284.65692,2279.01231,-5.64461,0,0.03789,0.89154,0,0,0.89154,0,0,64.11863,0.8915388,0.01390452,86924.684,79757.456,-6924.684,242.544,True,False,18.59256
528.82,FINE,THRUST,79950.95,30.5558345,0.6015815,144.07981,0.16649,False,False,-3.74367,2284.60751,2279.01334,-5.59417,0,0.03755,0.87346,0,0,0.87346,0,0,64.12156,0.8734612,0.01362196,86851.084,79768.612,-6851.084,231.388,True,False,18.96068
528.96,FINE,THRUST,79950.445,30.5558872,0.6015323,144.03316,0.16652,False,False,-3.62385,2284.56426,2279.0142,-5.55006,0,0.03725,0.85789,0,0,0.85789,0,0,64.12407,0.857887,0.01337855,86787.159,79777.969,-6787.159,222.031,True,False,18.92674
529.1,FINE,THRUST,79949.958,30.555939,0.6014836,143.98199,0.16657,False,False,-3.50627,2284.52197,2279.01504,-5.50693,0,0.03696,0.84255,0,0,0.84255,0,0,64.12654,0.8425467,0.01313881,86724.829,79786.977,-6724.829,213.023,True,False,-18.58217
529.24,FINE,THRUST,79949.489,30.5559895,0.6014362,143.92212,0.16662,False,False,-3.39041,2284.48125,2279.01584,-5.46541,0,0.03668,0.82735,0,0,0.82735,0,0,64.12896,0.8273546,0.01290142,86664.76,79795.704,-6664.76,204.296,True,False,-17.95317
529.4,FINE,THRUST,79948.974,30.5560446,0.6013843,143.83721,0.1667,False,False,-3.2598,2284.43741,2279.01672,-5.42069,0,0.03638,0.81013,0,0,0.81013,0,0,64.13168,0.8101259,0.01263223,86599.775,79805.375,-6599.775,194.625,True,False,-16.92632
529.54,FINE,THRUST,79948.541,30.55609,0.6013414,143.74485,0.16679,False,False,-3.14663,2284.4019,2279.01746,-5.38443,0,0.03614,0.79509,0,0,0.79509,0,0,64.13401,0.7950917,0.01239735,86546.64,79813.619,-6546.64,186.381,True,False,-15.79691
529.68,FINE,THRUST,79948.124,30.5561321,0.6013014,143.63088,0.16691,False,False,-3.0348,2284.36959,2279.01817,-5.35142,0,0.03592,0.78015,0,0,0.78015,0,0,64.13629,0.7801462,0.01216388,86497.692,79821.636,-6497.692,178.364,True,False,-14.49212
529.82,FINE,THRUST,79947.723,30.5561706,0.6012649,143.49318,0.16706,False,False,-2.92408,2284.34074,2279.01886,-5.32188,0,0.03572,0.76525,0,0,0.76525,0,0,64.13854,0.7652535,0.01193126,86453.194,79829.44,-6453.194,170.56,True,False,-13.05176
529.98,FINE,THRUST,79947.283,30.5562097,0.6012275,143.30419,0.16727,False,False,-2.79898,2284.31225,2279.01962,-5.29264,0,0.03552,0.74831,0,0,0.74831,0,0,64.14106,0.748312,0.01166666,86408.117,79838.084,-6408.117,161.916,True,False,-11.29068
530.12,FINE,THRUST,79946.914,30.5562397,0.6011988,143.11044,0.16748,False,False,-2.69057,2284.29129,2279.02025,-5.27104,0,0.03538,0.73353,0,0,0.73353,0,0,64.14321,0.7335289,0.0114358,86373.78,79845.41,-6373.78,154.59,True,False,-9.69327
530.26,FINE,THRUST,79946.559,30.5562654,0.601174,142.88896,0.16774,False,False,-2.5837,2284.27413,2279.02086,-5.25327,0,0.03526,0.71887,0,0,0.71887,0,0,64.14532,0.7188736,0.01120695,86344.368,79852.464,-6344.368,147.536,True,False,-8.08457
530.4,FINE,THRUST,79946.217,30.5562871,0.6011532,142.64061,0.16802,False,False,-2.47829,2284.26061,2279.02144,-5.23917,0,0.03516,0.70434,0,0,0.70434,0,0,64.14739,0.7043368,0.01097998,86319.71,79859.242,-6319.71,140.758,True,False,-6.502
530.56,FINE,THRUST,79945.844,30.5563069,0.601134,142.32511,0.16839,False,False,-2.35981,2284.24943,2279.02208,-5.22734,0,0.03508,0.6879,0,0,0.6879,0,0,64.14971,0.6879042,0.01072342,86297.111,79866.626,-6297.111,133.374,True,False,-4.76791
530.7,FINE,THRUST,79945.532,30.5563202,0.601121,142.02359,0.16874,False,False,-2.25772,2284.24306,2279.02262,-5.22044,0,0.03504,0.67366,0,0,0.67366,0,0,64.15169,0.673664,0.01050111,86281.855,79872.771,-6281.855,127.229,True,False,-3.35402
530.84,FINE,THRUST,79945.233,30.5563304,0.6011111,141.70194,0.16912,False,False,-2.15765,2284.23961,2279.02313,-5.21648,0,0.03501,0.65964,0,0,0.65964,0,0,64.15363,0.6596414,0.01028222,86270.523,79878.583,-6270.523,121.417,True,False,-2.07011
530.98,FINE,THRUST,79944.947,30.5563376,0.601104,141.36234,0.16953,False,False,-2.05947,2284.23873,2279.02362,-5.2151,0,0.035,0.64582,0,0,0.64582,0,0,64.15553,0.6458187,0.01006645,86262.669,79884.07,-6262.669,115.93,True,False,-0.97183
531.14,FINE,THRUST,79944.636,30.5563422,0.6010995,140.95117,0.17002,False,False,-1.94966,2284.24034,2279.02416,-5.21618,0,0.03501,0.63028,0,0,0.63028,0,0,64.15765,0.6302847,0.009824,86257.344,79889.938,-6257.344,110.062,True,False,-0.53529
531.28,FINE,THRUST,79944.378,30.5563429,0.6010988,140.5717,0.17048,False,False,-1.85542,2284.24361,2279.0246,-5.21901,0,0.03503,0.61689,0,0,0.61689,0,0,64.15947,0.616887,0.0096149,86255.321,79894.738,-6255.321,105.262,True,False,-1.17928
531.42,FINE,THRUST,79944.133,30.5563406,0.601101,140.17456,0.17096,False,False,-1.76332,2284.24817,2279.02503,-5.22314,0,0.03505,0.60374,0,0,0.60374,0,0,64.16125,0.6037391,0.00940972,86255.243,79899.209,-6255.243,100.791,True,False,-1.77873
531.56,FINE,THRUST,79943.9,30.5563355,0.6011061,139.76063,0.17147,False,False,-1.67312,2284.25361,2279.02543,-5.22818,0,0.03509,0.59081,0,0,0.59081,0,0,64.16299,0.5908091,0.00920794,86256.599,79903.37,-6256.599,96.63,True,False,-2.21879
531.72,FINE,THRUST,79943.649,30.5563265,0.6011152,139.26901,0.17208,False,False,-1.57235,2284.26038,2279.02586,-5.23451,0,0.03513,0.5763,0,0,0.5763,0,0,64.16493,0.5763005,0.00898155,86259.254,79907.76,-6259.254,92.24,True,False,-2.51343
531.86,FINE,THRUST,79943.443,30.5563166,0.6011253,138.82848,0.17263,False,False,-1.4859,2284.26644,2279.02622,-5.24022,0,0.03517,0.5638,0,0,0.5638,0,0,64.16659,0.5637959,0.00878644,86262.095,79911.304,-6262.095,88.696,True,False,-2.59529
532,FINE,THRUST,79943.248,30.5563056,0.6011364,138.38398,0.17319,False,False,-1.40139,2284.27231,2279.02656,-5.24575,0,0.03521,0.55153,0,0,0.55153,0,0,64.16821,0.5515251,0.00859499,86265.039,79914.569,-6265.039,85.431,True,False,-2.52735
532.14,FINE,THRUST,79943.065,30.5562944,0.6011479,137.94019,0.17375,False,False,-1.31858,2284.27775,2279.02688,-5.25087,0,0.03524,0.53945,0,0,0.53945,0,0,64.1698,0.539455,0.00840668,86267.774,79917.577,-6267.774,82.423,True,False,-2.32876
532.3,FINE,THRUST,79942.87,30.5562823,0.6011604,137.44084,0.17438,False,False,-1.22602,2284.28318,2279.02722,-5.25597,0,0.03527,0.52591,0,0,0.52591,0,0,64.17158,0.525906,0.00819531,86270.321,79920.713,-6270.321,79.287,True,False,-1.978
532.44,FINE,THRUST,79942.711,30.5562734,0.6011695,137.01819,0.17492,False,False,-1.14657,2284.28722,2279.02749,-5.25973,0,0.0353,0.51423,0,0,0.51423,0,0,64.17309,0.514225,0.00801309,86271.977,79923.217,-6271.977,76.783,True,False,-1.61189
532.58,FINE,THRUST,79942.563,30.5562669,0.6011763,136.61343,0.17544,False,False,-1.06888,2284.29052,2279.02775,-5.26277,0,0.03532,0.50276,0,0,0.50276,0,0,64.17458,0.5027619,0.00783428,86273.011,79925.496,-6273.011,74.504,True,False,-1.27151
532.72,FINE,THRUST,79942.425,30.5562634,0.60118,136.22964,0.17594,False,False,-0.99278,2284.29308,2279.02799,-5.26509,0,0.03534,0.49149,0,0,0.49149,0,0,64.17603,0.4914884,0.00765844,86273.409,79927.57,-6273.409,72.43,True,False,-1.11329
532.88,FINE,THRUST,79942.274,30.5562633,0.60118,135.81955,0.17647,False,False,-0.90776,2284.29517,2279.02826,-5.26691,0,0.03535,0.47888,0,0,0.47888,0,0,64.17764,0.4788819,0.00746182,86273.12,79929.694,-6273.12,70.306,True,False,-1.33269
533.02,FINE,THRUST,79942.158,30.556267,0.601176,135.48709,0.1769,False,False,-0.83484,2284.29629,2279.02846,-5.26783,0,0.03535,0.46799,0,0,0.46799,0,0,64.17903,0.4679939,0.00729201,86272.277,79931.365,-6272.277,68.635,True,False,-1.78613
533.16,FINE,THRUST,79942.052,30.5562744,0.6011682,135.17938,0.1773,False,False,-0.76362,2284.29685,2279.02865,-5.2682,0,0.03536,0.45731,0,0,0.45731,0,0,64.18037,0.457309,0.00712537,86270.973,79932.86,-6270.973,67.14,True,False,-2.33764
533.3,FINE,THRUST,79941.956,30.5562853,0.6011566,134.89582,0.17767,False,False,-0.69392,2284.29693,2279.02882,-5.26811,0,0.03536,0.44681,0,0,0.44681,0,0,64.18169,0.44681,0.00696164,86269.302,79934.192,-6269.302,65.808,True,False,-2.91304
533.46,FINE,THRUST,79941.857,30.5563019,0.6011388,134.59949,0.17806,False,False,-0.61616,2284.29656,2279.02899,-5.26756,0,0.03535,0.43504,0,0,0.43504,0,0,64.18316,0.4350411,0.00677812,86267.073,79935.526,-6267.073,64.474,True,False,3.5511
533.6,FINE,THRUST,79941.781,30.5563197,0.6011197,134.36254,0.17837,False,False,-0.54954,2284.29592,2279.02913,-5.26679,0,0.03535,0.42491,0,0,0.42491,0,0,64.18442,0.4249097,0.00662014,86264.949,79936.541,-6264.949,63.459,True,False,4.06933
533.74,FINE,THRUST,79941.714,30.5563401,0.6010976,134.14327,0.17865,False,False,-0.48455,2284.2951,2279.02925,-5.26585,0,0.03534,0.41498,0,0,0.41498,0,0,64.18564,0.4149802,0.00646531,86262.768,79937.419,-6262.768,62.581,True,False,4.53376
533.88,FINE,THRUST,79941.655,30.5563628,0.6010731,133.93911,0.17892,False,False,-0.42101,2284.29416,2279.02936,-5.2648,0,0.03533,0.40523,0,0,0.40523,0,0,64.18684,0.4052258,0.00631322,86260.61,79938.169,-6260.61,61.831,True,False,4.9332
534.04,FINE,THRUST,79941.599,30.5563907,0.6010426,133.7203,0.1792,False,False,-0.35014,2284.29302,2279.02946,-5.26355,0,0.03533,0.39429,0,0,0.39429,0,0,64.18817,0.3942911,0.00614274,86258.26,79938.881,-6258.26,61.119,True,False,5.30255
534.18,FINE,THRUST,79941.56,30.5564166,0.6010144,133.53841,0.17944,False,False,-0.28946,2284.29197,2279.02954,-5.26244,0,0.03532,0.38488,0,0,0.38488,0,0,64.18931,0.3848756,0.00599594,86256.307,79939.386,-6256.307,60.614,True,False,5.54192
534.32,FINE,THRUST,79941.528,30.5564431,0.6009853,133.36164,0.17966,False,False,-0.23027,2284.29102,2279.0296,-5.26142,0,0.03531,0.37564,0,0,0.37564,0,0,64.19042,0.375643,0.00585201,86254.606,79939.785,-6254.606,60.215,True,False,5.70187
534.46,FINE,THRUST,79941.505,30.5564698,0.6009558,133.18735,0.17989,False,False,-0.1724,2284.29016,2279.02964,-5.26052,0,0.03531,0.36657,0,0,0.36657,0,0,64.1915,0.3665675,0.00571053,86253.152,79940.088,-6253.152,59.912,True,False,5.78297
534.62,FINE,THRUST,79941.482,30.5565001,0.6009223,132.98754,0.18015,False,False,-0.10785,2284.28931,2279.02968,-5.25963,0,0.0353,0.35639,0,0,0.35639,0,0,64.19271,0.3563948,0.00555195,86251.792,79940.321,-6251.792,59.679,True,False,5.78335
534.76,FINE,THRUST,79941.474,30.556526,0.6008935,132.80995,0.18038,False,False,-0.05256,2284.28869,2279.02971,-5.25898,0,0.03529,0.34766,0,0,0.34766,0,0,64.19374,0.347663,0.00541584,86250.86,79940.429,-6250.86,59.571,True,False,5.70319
534.9,FINE,THRUST,79941.476,30.5565509,0.6008658,132.62661,0.18062,False,False,0.00138,2284.28815,2279.02972,-5.25843,0,0.03529,0.33905,0,0,0.33905,0,0,64.19474,0.339054,0.00528165,86250.156,79940.465,-6250.156,59.535,True,False,5.55352
535.04,FINE,THRUST,79941.485,30.5565745,0.6008394,132.43605,0.18088,False,False,0.05414,2284.28769,2279.02971,-5.25799,0,0.03529,0.33059,0,0,0.33059,0,0,64.19572,0.3305862,0.00514966,86249.666,79940.428,-6249.666,59.572,True,False,5.34085
535.2,FINE,THRUST,79941.504,30.5565996,0.6008112,132.20739,0.18118,False,False,0.11298,2284.28728,2279.02968,-5.25759,0,0.03529,0.32108,0,0,0.32108,0,0,64.19681,0.3210821,0.00500153,86249.345,79940.302,-6249.345,59.698,True,False,5.02915
535.34,FINE,THRUST,79941.528,30.5566198,0.6007885,131.99693,0.18146,False,False,0.16339,2284.28698,2279.02965,-5.25733,0,0.03528,0.31289,0,0,0.31289,0,0,64.19774,0.3128893,0.00487384,86249.251,79940.125,-6249.251,59.875,True,False,-4.70355
535.48,FINE,THRUST,79941.559,30.556638,0.6007679,131.7753,0.18176,False,False,0.21255,2284.28676,2279.0296,-5.25716,0,0.03528,0.30485,0,0,0.30485,0,0,64.19864,0.3048493,0.00474853,86249.331,79939.89,-6249.331,60.11,True,False,-4.34119
535.62,FINE,THRUST,79941.597,30.5566543,0.6007494,131.54228,0.18208,False,False,0.26062,2284.28658,2279.02955,-5.25703,0,0.03528,0.29694,0,0,0.29694,0,0,64.19952,0.2969417,0.0046253,86249.546,79939.601,-6249.546,60.399,True,False,-3.94591
535.78,FINE,THRUST,79941.648,30.5566704,0.600731,131.26171,0.18246,False,False,0.3142,2284.28639,2279.02947,-5.25692,0,0.03528,0.28807,0,0,0.28807,0,0,64.2005,0.2880683,0.00448701,86249.896,79939.211,-6249.896,60.789,True,False,-3.47171
535.92,FINE,THRUST,79941.7,30.5566824,0.6007172,131.00426,0.18282,False,False,0.36007,2284.28623,2279.02939,-5.25684,0,0.03528,0.28042,0,0,0.28042,0,0,64.20133,0.2804216,0.00436785,86250.293,79938.82,-6250.293,61.18,True,False,-3.04168
536.06,FINE,THRUST,79941.758,30.5566925,0.6007056,130.73567,0.18319,False,False,0.40478,2284.28607,2279.0293,-5.25677,0,0.03528,0.27292,0,0,0.27292,0,0,64.20214,0.2729208,0.00425096,86250.761,79938.39,-6250.761,61.61,True,False,-2.6115
536.2,FINE,THRUST,79941.822,30.5567007,0.6006961,130.45679,0.18358,False,False,0.44845,2284.28591,2279.0292,-5.25671,0,0.03528,0.26555,0,0,0.26555,0,0,64.20293,0.2655473,0.00413606,86251.289,79937.922,-6251.289,62.078,True,False,-2.1886
536.36,FINE,THRUST,79941.902,30.556708,0.6006877,130.12655,0.18404,False,False,0.49708,2284.28572,2279.02907,-5.25665,0,0.03528,0.25728,0,0,0.25728,0,0,64.2038,0.2572777,0.0040072,86251.952,79937.347,-6251.952,62.653,True,False,-1.72334
536.5,FINE,THRUST,79941.979,30.5567127,0.6006821,129.82874,0.18446,False,False,0.53867,2284.28554,2279.02894,-5.25659,0,0.03528,0.25016,0,0,0.25016,0,0,64.20455,0.2501556,0.00389623,86252.577,79936.81,-6252.577,63.19,True,False,-1.34197
536.64,FINE,THRUST,79942.06,30.556716,0.6006783,129.52361,0.18489,False,False,0.57916,2284.28534,2279.02881,-5.25653,0,0.03528,0.24317,0,0,0.24317,0,0,64.20527,0.2431731,0.00378743,86253.231,79936.247,-6253.231,63.753,True,False,-0.98936
536.78,FINE,THRUST,79942.148,30.5567181,0.6006758,129.2124,0.18534,False,False,0.61867,2284.28512,2279.02867,-5.25645,0,0.03528,0.23631,0,0,0.23631,0,0,64.20597,0.2363126,0.00368054,86253.909,79935.662,-6253.909,64.338,True,False,-0.67269
536.94,FINE,THRUST,79942.254,30.5567192,0.6006745,128.85078,0.18586,False,False,0.66262,2284.28485,2279.0285,-5.25635,0,0.03528,0.22862,0,0,0.22862,0,0,64.20675,0.228622,0.00356072,86254.705,79934.968,-6254.705,65.032,True,False,-0.36026
537.08,FINE,THRUST,79942.353,30.5567193,0.6006744,128.53049,0.18632,False,False,0.70017,2284.28459,2279.02834,-5.25625,0,0.03528,0.222,0,0,0.222,0,0,64.20741,0.2220011,0.00345756,86255.418,79934.339,-6255.418,65.661,True,False,-0.14825
537.22,FINE,THRUST,79942.457,30.5567187,0.6006751,128.20771,0.18679,False,False,0.7367,2284.28431,2279.02817,-5.25614,0,0.03528,0.21551,0,0,0.21551,0,0,64.20805,0.2155122,0.00335647,86256.137,79933.698,-6256.137,66.302,True,False,-0.11896
537.36,FINE,THRUST,79942.566,30.5567176,0.6006764,127.88353,0.18726,False,False,0.7723,2284.284,2279.02799,-5.25601,0,0.03527,0.20914,0,0,0.20914,0,0,64.20867,0.2091381,0.00325716,86256.861,79933.044,-6256.861,66.956,True,False,-0.23925
537.52,FINE,THRUST,79942.696,30.556716,0.6006784,127.51255,0.18781,False,False,0.81187,2284.28362,2279.02778,-5.25584,0,0.03527,0.20199,0,0,0.20199,0,0,64.20937,0.2019944,0.00314587,86257.693,79932.284,-6257.693,67.716,True,False,-0.34582
537.66,FINE,THRUST,79942.815,30.5567143,0.6006804,127.18846,0.18829,False,False,0.84566,2284.28326,2279.02758,-5.25568,0,0.03527,0.19585,0,0,0.19585,0,0,64.20995,0.1958454,0.00305008,86258.424,79931.608,-6258.424,68.392,True,False,-0.39597
537.8,FINE,THRUST,79942.938,30.5567126,0.6006825,126.86571,0.18877,False,False,0.87849,2284.28289,2279.02738,-5.25551,0,0.03527,0.18982,0,0,0.18982,0,0,64.21052,0.1898197,0.00295621,86259.151,79930.929,-6259.151,69.071,True,False,-0.408
537.94,FINE,THRUST,79943.067,30.556711,0.6006845,126.5449,0.18925,False,False,0.91047,2284.28249,2279.02717,-5.25532,0,0.03527,0.1839,0,0,0.1839,0,0,64.21106,0.1839013,0.00286401,86259.874,79930.246,-6259.874,69.754,True,False,-0.38314
538.1,FINE,THRUST,79943.218,30.5567093,0.6006866,126.18132,0.18979,False,False,0.94597,2284.28201,2279.02692,-5.25509,0,0.03527,0.17727,0,0,0.17727,0,0,64.21167,0.1772691,0.0027607,86260.695,79929.463,-6260.695,70.537,True,False,-0.31536
538.24,FINE,THRUST,79943.355,30.556708,0.6006881,125.86626,0.19027,False,False,0.97626,2284.28157,2279.02669,-5.25487,0,0.03527,0.17156,0,0,0.17156,0,0,64.21219,0.1715612,0.00267179,86261.411,79928.775,-6261.411,71.225,True,False,-0.22572
538.38,FINE,THRUST,79943.497,30.556707,0.6006894,125.55443,0.19074,False,False,1.00567,2284.28111,2279.02646,-5.25465,0,0.03527,0.16597,0,0,0.16597,0,0,64.21268,0.1659685,0.00258467,86262.119,79928.091,-6262.119,71.909,True,False,-0.11332
538.52,FINE,THRUST,79943.642,30.5567063,0.6006902,125.24598,0.19121,False,False,1.03428,2284.28063,2279.02622,-5.25441,0,0.03526,0.16048,0,0,0.16048,0,0,64.21316,0.1604763,0.00249912,86262.82,79927.409,-6262.82,72.591,True,False,-0.03875
538.68,FINE,THRUST,79943.813,30.5567059,0.6006907,124.8977,0.19174,False,False,1.06602,2284.28007,2279.02594,-5.25413,0,0.03526,0.15432,0,0,0.15432,0,0,64.21369,0.1543229,0.00240327,86263.611,79926.636,-6263.611,73.364,True,False,-0.19435
538.82,FINE,THRUST,79943.966,30.556706,0.6006907,124.59667,0.19221,False,False,1.09307,2284.27956,2279.02569,-5.25388,0,0.03526,0.14903,0,0,0.14903,0,0,64.21414,0.1490281,0.0023208,86264.299,79925.962,-6264.299,74.038,True,False,-0.34891
538.96,FINE,THRUST,79944.124,30.5567063,0.6006903,124.29902,0.19267,False,False,1.11929,2284.27904,2279.02543,-5.25362,0,0.03526,0.14384,0,0,0.14384,0,0,64.21457,0.1438413,0.00224001,86264.974,79925.298,-6264.974,74.702,True,False,-0.51013
539.1,FINE,THRUST,79944.284,30.5567069,0.6006895,124.00462,0.19313,False,False,1.14479,2284.27851,2279.02516,-5.25335,0,0.03526,0.13875,0,0,0.13875,0,0,64.21498,0.1387489,0.00216069,86265.641,79924.642,-6265.641,75.358,True,False,-0.66787
539.26,FINE,THRUST,79944.472,30.556708,0.6006881,123.67192,0.19364,False,False,1.17303,2284.27788,2279.02485,-5.25303,0,0.03525,0.13304,0,0,0.13304,0,0,64.21544,0.1330448,0.00207185,86266.39,79923.904,-6266.39,76.096,True,False,-0.84485
539.4,FINE,THRUST,79944.64,30.5567092,0.6006865,123.38386,0.1941,False,False,1.19706,2284.27732,2279.02457,-5.25275,0,0.03525,0.12814,0,0,0.12814,0,0,64.21583,0.1281379,0.00199542,86267.036,79923.266,-6267.036,76.734,True,False,-0.98743
539.54,FINE,THRUST,79944.811,30.5567106,0.6006847,123.09837,0.19455,False,False,1.22034,2284.27675,2279.02429,-5.25246,0,0.03525,0.12333,0,0,0.12333,0,0,64.2162,0.1233321,0.00192058,86267.669,79922.641,-6267.669,77.359,True,False,-1.11795
539.68,FINE,THRUST,79944.986,30.5567122,0.6006827,122.8152,0.19499,False,False,1.24293,2284.27616,2279.024,-5.25217,0,0.03525,0.11861,0,0,0.11861,0,0,64.21656,0.1186147,0.0018471,86268.289,79922.028,-6268.289,77.972,True,False,-1.23246
539.84,FINE,THRUST,79945.189,30.5567141,0.6006802,122.49409,0.1955,False,False,1.26792,2284.27548,2279.02366,-5.25182,0,0.03525,0.11333,0,0,0.11333,0,0,64.21695,0.1133318,0.00176483,86268.981,79921.344,-6268.981,78.656,True,False,-1.34216
539.98,FINE,THRUST,79945.369,30.5567159,0.6006778,122.21508,0.19595,False,False,1.28917,2284.27488,2279.02336,-5.25152,0,0.03524,0.10879,0,0,0.10879,0,0,64.21728,0.1087882,0.00169406,86269.575,79920.756,-6269.575,79.244,True,False,-1.41651
540.12,FINE,THRUST,79945.553,30.5567177,0.6006754,121.93756,0.19639,False,False,1.3097,2284.27426,2279.02306,-5.25121,0,0.03524,0.10434,0,0,0.10434,0,0,64.2176,0.1043391,0.00162477,86270.153,79920.185,-6270.153,79.815,True,False,-1.46835
540.26,FINE,THRUST,79945.74,30.5567195,0.600673,121.66135,0.19684,False,False,1.32961,2284.27364,2279.02275,-5.25089,0,0.03524,0.09997,0,0,0.09997,0,0,64.2179,0.0999726,0.00155677,86270.716,79919.629,-6270.716,80.371,True,False,-1.50106
540.42,FINE,THRUST,79945.956,30.5567215,0.6006703,121.34702,0.19735,False,False,1.3516,2284.27291,2279.02239,-5.25053,0,0.03524,0.09508,0,0,0.09508,0,0,64.21823,0.0950837,0.00148063,86271.34,79919.012,-6271.34,80.988,True,False,-1.50967
540.56,FINE,THRUST,79946.148,30.5567232,0.600668,121.073,0.19779,False,False,1.37026,2284.27227,2279.02207,-5.2502,0,0.03524,0.09088,0,0,0.09088,0,0,64.2185,0.0908797,0.00141516,86271.873,79918.486,-6271.873,81.514,True,False,-1.49566
540.7,FINE,THRUST,79946.343,30.5567248,0.6006658,120.7997,0.19824,False,False,1.38827,2284.27162,2279.02174,-5.24988,0,0.03523,0.08676,0,0,0.08676,0,0,64.21877,0.0867639,0.00135107,86272.387,79917.979,-6272.387,82.021,True,False,-1.46176
540.84,FINE,THRUST,79946.54,30.5567263,0.6006637,120.52703,0.19869,False,False,1.40569,2284.27096,2279.02142,-5.24955,0,0.03523,0.08273,0,0,0.08273,0,0,64.21902,0.0827254,0.00128818,86272.885,79917.488,-6272.885,82.512,True,False,-1.40849
541,FINE,THRUST,79946.768,30.5567279,0.6006616,120.21607,0.1992,False,False,1.4249,2284.2702,2279.02104,-5.24916,0,0.03523,0.0782,0,0,0.0782,0,0,64.2193,0.0782046,0.00121777,86273.433,79916.947,-6273.433,83.053,True,False,-1.32925
541.14,FINE,THRUST,79946.97,30.5567291,0.6006599,119.94454,0.19965,False,False,1.44117,2284.26952,2279.0207,-5.24882,0,0.03523,0.07432,0,0,0.07432,0,0,64.21952,0.0743181,0.00115725,86273.897,79916.49,-6273.897,83.51,True,False,-1.24321
541.28,FINE,THRUST,79947.174,30.5567302,0.6006584,119.67342,0.2001,True,False,1.45684,2284.26884,2279.02036,-5.24848,0,0.03522,0.07051,8,0,0.07051,8,0,64.21974,8.0003108,0.12457713,86274.341,79916.052,-6274.341,83.948,True,False,88.34872
541.44,FINE,THRUST,79947.499,30.55677,0.600603,119.58738,0.20023,True,False,1.94753,2284.26788,2279.01993,-5.24795,0,0.03522,-0.00962,8,0,-0.00962,8,0,64.23945,8.0000058,0.12453415,86297.806,79892.896,-6297.806,107.104,True,False,88.95642
541.6,FINE,THRUST,79948.028,30.5567671,0.6006072,119.25469,0.20079,True,False,3.22718,2284.25379,2279.01922,-5.23457,0,0.03513,-0.217,8,0,-0.217,8,0,64.26567,8.0029425,0.12452905,86375.315,79801.852,-6375.315,198.148,True,False,90.00737
541.76,FINE,THRUST,79948.761,30.5566699,0.600744,118.38438,0.20231,True,False,4.50629,2284.2098,2279.01816,-5.19164,0,0.03484,-0.42541,8,0,-0.42541,8,0,64.2919,8.0113028,0.12460827,86460.657,79668.564,-6460.657,331.436,True,False,90.48471
541.92,FINE,THRUST,79949.697,30.5566201,0.6008145,117.79318,0.20334,True,False,5.78651,2284.17068,2279.01676,-5.15392,0,0.03459,-0.63533,8,0,-0.63533,8,0,64.31817,8.0251883,0.12477327,86591.372,79497.493,-6591.372,502.507,True,False,90.37199
542.08,FINE,THRUST,79950.835,30.5566934,0.6007099,117.90094,0.20312,True,False,7.06874,2284.15819,2279.01502,-5.14317,0,0.03452,-0.84706,8,0,-0.84706,8,0,64.34449,8.0447191,0.12502577,86786.578,79295.763,-6786.578,704.237,True,False,89.66125
542.24,FINE,THRUST,79952.174,30.5569474,0.600348,119.05385,0.20103,True,False,8.35107,2284.1986,2279.01295,-5.18565,0,0.0348,-1.06044,8,0,-1.06044,8,0,64.37088,8.0699776,0.1253669,87067.196,79074.178,-7067.196,925.822,True,False,88.34584
542.4,FINE,THRUST,79953.71,30.5574347,0.5996622,121.65212,0.19653,False,False,9.6263,2284.32733,2279.01054,-5.31679,0,0.03568,-1.27456,0,0,-1.27456,0,0,64.39736,1.274562,0.01979215,87460.511,78848.195,-7460.511,1151.805,True,False,164.22296
542.54,FINE,THRUST,79955.158,30.5579121,0.5990026,124.37085,0.19203,False,False,10.46668,2284.45248,2279.00817,-5.4443,0,0.03654,-1.41891,0,0,-1.41891,0,0,64.4066,1.4189115,0.02203053,87770.263,78699.812,-7770.263,1300.188,True,False,160.22729
542.68,FINE,THRUST,79956.625,30.5580584,0.5988023,125.02382,0.19097,False,False,10.64883,2284.47792,2279.00573,-5.47218,0,0.03673,-1.45756,0,0,-1.45756,0,0,64.41056,1.4575605,0.02262922,87839.418,78668.378,-7839.418,1331.622,True,False,155.73525
542.84,FINE,THRUST,79958.321,30.5582984,0.5984753,126.27033,0.18898,False,False,10.87045,2284.51493,2279.00291,-5.51202,0,0.03699,-1.50408,0,0,-1.50408,0,0,64.41531,1.5040758,0.02334966,87929.871,78630.858,-7929.871,1369.142,True,False,149.9883
542.98,FINE,THRUST,79959.822,30.5585693,0.5981088,127.81058,0.18659,False,False,11.06267,2284.55676,2279.00041,-5.55635,0,0.03729,-1.54468,0,0,-1.54468,0,0,64.4196,1.5446814,0.02397844,88018.691,78599.9,-8018.691,1400.1,True,False,144.42039
543.12,FINE,THRUST,79961.336,30.5589041,0.5976606,129.85833,0.18352,False,False,11.25167,2284.60986,2278.99788,-5.61198,0,0.03767,-1.58494,0,0,-1.58494,0,0,64.42401,1.5849384,0.02460167,88118.652,78571.525,-8118.652,1428.475,True,False,138.35072
543.26,FINE,THRUST,79962.86,30.5593059,0.5971303,132.49253,0.17971,False,False,11.43359,2284.67545,2278.99534,-5.68011,0,0.03812,-1.62422,0,0,-1.62422,0,0,64.42853,1.6242229,0.02520969,88230.133,78546.817,-8230.133,1453.183,True,False,131.77816
543.42,FINE,THRUST,79964.612,30.5598497,0.5964267,136.34426,0.17444,False,False,11.62768,2284.7673,2278.99241,-5.77489,0,0.03876,-1.66709,0,0,-1.66709,0,0,64.43383,1.6670928,0.02587294,88372.129,78524.483,-8372.129,1475.517,True,False,123.68201
543.56,FINE,THRUST,79966.15,30.5603964,0.5957363,140.54765,0.16903,False,False,11.77924,2284.86359,2278.98984,-5.87376,0,0.03942,-1.70183,0,0,-1.70183,0,0,64.43859,1.7018326,0.02641015,88508.988,78511.602,-8508.988,1488.398,True,False,116.12577
543.7,FINE,THRUST,79967.691,30.5610075,0.5949858,145.66164,0.1629,False,False,11.90905,2284.97493,2278.98726,-5.98768,0,0.04019,-1.73322,0,0,-1.73322,0,0,64.44345,1.7332216,0.02689523,88656.858,78505.887,-8656.858,1494.113,True,False,108.15906
543.84,FINE,THRUST,79969.232,30.5616741,0.5941935,151.78379,0.15613,False,False,12.01172,2285.09941,2278.98467,-6.11474,0,0.04104,-1.76037,0,0,-1.76037,0,0,64.44841,1.7603664,0.02731435,88812.731,78508,-8812.731,1492,True,False,99.80778
544,FINE,THRUST,79970.992,30.5624895,0.5932624,160.14507,0.14776,False,False,12.08977,2285.25436,2278.98172,-6.27264,0,0.0421,-1.78519,0,0,-1.78519,0,0,64.45418,1.7851878,0.02769701,88996.099,78520.409,-8996.099,1479.591,True,False,89.81396
544.14,FINE,THRUST,79972.528,30.5632319,0.592452,168.71733,0.14007,False,False,12.1191,2285.39672,2278.97914,-6.41757,0,0.04308,-1.8007,0,0,-1.8007,0,0,64.45928,1.8007,0.02793546,89155.9,78539.944,-9155.9,1460.056,True,False,80.69614
544.28,FINE,THRUST,79974.06,30.5639841,0.5916674,178.50144,0.13222,False,False,12.10896,2285.5412,2278.97657,-6.56463,0,0.04407,-1.80989,0,0,-1.80989,0,0,64.46445,1.8098886,0.02807576,89310.349,78567.225,-9310.349,1432.775,True,False,71.24777
544.42,FINE,THRUST,79975.589,30.5647245,0.5909318,189.40176,0.12446,False,False,12.05718,2285.68216,2278.97401,-6.70816,0,0.04503,-1.81236,0,0,-1.81236,0,0,64.46965,1.8123615,0.02811186,89453.298,78601.51,-9453.298,1398.49,True,False,61.57188
544.58,FINE,THRUST,79977.332,30.5655269,0.5901756,202.90978,0.11604,False,False,11.94377,2285.82869,2278.97108,-6.8576,0,0.04604,-1.80639,0,0,-1.80639,0,0,64.47561,1.8063881,0.02801661,89591.327,78648.042,-9591.327,1351.958,True,False,50.45564
544.72,FINE,THRUST,79978.856,30.5661597,0.5896096,215.02066,0.1094,False,False,11.79988,2285.93681,2278.96853,-6.96829,0,0.04678,-1.79387,0,0,-1.79387,0,0,64.48081,1.7938681,0.02782019,89682.82,78693.404,-9682.82,1306.596,True,False,40.89437
544.86,FINE,THRUST,79980.379,30.566692,0.5891538,226.30997,0.10387,False,False,11.61974,2286.02263,2278.96598,-7.05666,0,0.04737,-1.77539,0,0,-1.77539,0,0,64.48598,1.7753919,0.02753144,89744.25,78741.512,-9744.25,1258.488,True,False,31.75539
545,FINE,THRUST,79981.899,30.5670978,0.5888186,235.54409,0.09974,False,False,11.41231,2286.08665,2278.96342,-7.12323,0,0.04782,-1.75239,0,0,-1.75239,0,0,64.49111,1.7523914,0.02717261,89777.852,78790.782,-9777.852,1209.218,True,False,23.14048
545.16,FINE,THRUST,79983.626,30.5674189,0.5885605,243.03404,0.09663,False,False,11.15658,2286.13309,2278.96052,-7.17257,0,0.04815,-1.7229,0,0,-1.7229,0,0,64.49688,1.7228955,0.02671285,89784.806,78845.91,-9784.806,1154.09,True,False,14
545.3,FINE,THRUST,79985.125,30.5675867,0.5884277,246.67027,0.09518,False,False,10.92497,2286.15091,2278.958,-7.19291,0,0.04829,-1.69561,0,0,-1.69561,0,0,64.50187,1.6956145,0.02628784,89765.375,78891.838,-9765.375,1108.162,True,False,6.88664
545.44,FINE,THRUST,79986.61,30.5676575,0.588372,247.53518,0.09484,False,False,10.69291,2286.14852,2278.95549,-7.19302,0,0.04829,-1.66804,0,0,-1.66804,0,0,64.50677,1.668042,0.0258584,89724.374,78934.729,-9724.374,1065.271,True,False,3.67374
545.58,FINE,THRUST,79988.078,30.5676414,0.5883847,245.84174,0.0955,False,False,10.46452,2286.1275,2278.95302,-7.17448,0,0.04817,-1.64083,0,0,-1.64083,0,0,64.51159,1.6408329,0.0254347,89664.078,78974.247,-9664.078,1025.753,True,False,-8.54754
545.74,FINE,THRUST,79989.732,30.5675301,0.5884741,241.27773,0.09731,False,False,10.21234,2286.08296,2278.95022,-7.13274,0,0.04788,-1.61087,0,0,-1.61087,0,0,64.51702,1.6108712,0.02496816,89574.602,79015.03,-9574.602,984.97,True,False,-15.18379
545.88,FINE,THRUST,79991.157,30.567363,0.5886111,235.52009,0.09971,False,False,10.00149,2286.02802,2278.94782,-7.0802,0,0.04753,-1.58598,0,0,-1.58598,0,0,64.52167,1.5859803,0.02458058,89480.685,79046.927,-9480.685,953.073,True,False,-20.65909
546.02,FINE,THRUST,79992.56,30.5671427,0.5887964,228.65558,0.10274,False,False,9.80208,2285.96018,2278.94544,-7.01474,0,0.04709,-1.56269,0,0,-1.56269,0,0,64.52626,1.5626939,0.02421795,89374.676,79075.26,-9374.676,924.74,True,False,-25.70084
546.16,FINE,THRUST,79993.94,30.5668788,0.5890252,221.1275,0.10627,False,False,9.61442,2285.88102,2278.94311,-6.93791,0,0.04657,-1.54107,0,0,-1.54107,0,0,64.53078,1.5410694,0.02388115,89258.272,79100.245,-9258.272,899.755,True,False,-30.28869
546.32,FINE,THRUST,79995.489,30.5665358,0.5893331,212.18522,0.1108,False,False,9.41455,2285.7786,2278.94049,-6.83812,0,0.0459,-1.51843,0,0,-1.51843,0,0,64.53586,1.5184288,0.02352845,89114.587,79124.967,-9114.587,875.033,True,False,-34.9674
546.46,FINE,THRUST,79996.82,30.5662081,0.5896384,204.36455,0.1151,False,False,9.25171,2285.67981,2278.93824,-6.74157,0,0.04525,-1.50033,0,0,-1.50033,0,0,64.54026,1.5003252,0.02324635,88980.784,79143.553,-8980.784,856.447,True,False,-38.56685
546.6,FINE,THRUST,79998.127,30.5658636,0.5899712,196.77437,0.1196,False,False,9.09989,2285.57387,2278.93602,-6.63784,0,0.04456,-1.48379,0,0,-1.48379,0,0,64.54459,1.4837894,0.02298859,88840.955,79159.509,-8840.955,840.491,True,False,-41.71161
546.74,FINE,THRUST,79999.411,30.5655082,0.590327,189.53552,0.12424,False,False,8.95795,2285.46156,2278.93385,-6.52771,0,0.04382,-1.46864,0,0,-1.46864,0,0,64.54888,1.4686425,0.02275241,88695.766,79173.121,-8695.766,826.879,True,False,-44.40384
546.9,FINE,THRUST,80000.852,30.5650964,0.5907553,181.79636,0.12961,False,False,8.80645,2285.32639,2278.93141,-6.39497,0,0.04292,-1.45282,0,0,-1.45282,0,0,64.55372,1.4528211,0.02250561,88524.136,79186.132,-8524.136,813.868,True,False,-46.93986
547.04,FINE,THRUST,80002.088,30.5647367,0.5911437,175.53294,0.13432,False,False,8.68172,2285.20267,2278.92932,-6.27335,0,0.04211,-1.44004,0,0,-1.44004,0,0,64.55792,1.4400426,0.02230621,88369.309,79195.584,-8369.309,804.416,True,False,-48.69251
547.18,FINE,THRUST,80003.304,30.5643832,0.5915385,169.77594,0.13896,False,False,8.56329,2285.07464,2278.92726,-6.14738,0,0.04126,-1.4281,0,0,-1.4281,0,0,64.56208,1.4281015,0.02211982,88210.85,79203.466,-8210.85,796.534,True,False,-50.02216
547.32,FINE,THRUST,80004.498,30.5640402,0.5919342,164.52293,0.14348,False,False,8.44974,2284.94261,2278.92524,-6.01737,0,0.04039,-1.41678,0,0,-1.41678,0,0,64.56621,1.4167784,0.02194303,88048.884,79210.019,-8048.884,789.981,True,False,-50.94305
547.48,FINE,THRUST,80005.837,30.5636674,0.5923784,159.14333,0.14843,False,False,8.32429,2284.78718,2278.92297,-5.86421,0,0.03936,-1.40433,0,0,-1.40433,0,0,64.57088,1.4043349,0.02174873,87859.643,79216.166,-7859.643,783.834,True,False,-51.52532
547.62,FINE,THRUST,80006.988,30.563367,0.5927475,155.01952,0.15247,False,False,8.21655,2284.64691,2278.92103,-5.72589,0,0.03843,-1.3936,0,0,-1.3936,0,0,64.57494,1.393604,0.02158119,87689.835,79220.603,-7689.835,779.397,True,False,-51.66198
547.76,FINE,THRUST,80008.119,30.5630965,0.5930884,151.43955,0.15615,False,False,8.10974,2284.50329,2278.91911,-5.58417,0,0.03747,-1.38287,0,0,-1.38287,0,0,64.57896,1.3828722,0.02141367,87516.644,79224.366,-7516.644,775.634,True,False,-51.47335
547.9,FINE,THRUST,80009.231,30.5628577,0.5933966,148.36013,0.15947,False,False,8.00294,2284.35707,2278.91723,-5.43984,0,0.0365,-1.372,0,0,-1.372,0,0,64.58295,1.3720009,0.02124401,87340.78,79227.67,-7340.78,772.33,True,False,-50.97459
548.06,FINE,THRUST,80010.478,30.5626233,0.5937058,145.38732,0.1628,False,False,7.88003,2284.18822,2278.91512,-5.2731,0,0.03538,-1.35928,0,0,-1.35928,0,0,64.58748,1.3592773,0.02104552,87137.962,79231.176,-7137.962,768.824,True,False,-50.03343
548.2,FINE,THRUST,80011.549,30.5624506,0.5939383,143.20497,0.16533,False,False,7.77088,2284.04011,2278.91331,-5.1268,0,0.0344,-1.34775,0,0,-1.34775,0,0,64.59141,1.3477542,0.02086584,86960.005,79234.277,-6960.005,765.723,True,False,-48.88591
548.34,FINE,THRUST,80012.596,30.5623059,0.5941362,141.35964,0.16754,False,False,7.6598,2283.89318,2278.91153,-4.98165,0,0.03343,-1.33581,0,0,-1.33581,0,0,64.5953,1.3358069,0.02067963,86783.182,79237.67,-6783.182,762.33,True,False,-47.4288
548.48,FINE,THRUST,80013.624,30.562186,0.5943025,139.79839,0.16945,False,False,7.54612,2283.74857,2278.90979,-4.83878,0,0.03247,-1.32328,0,0,-1.32328,0,0,64.59916,1.3232822,0.02048451,86608.552,79241.616,-6608.552,758.384,True,False,-45.6521
548.64,FINE,THRUST,80014.779,30.5620755,0.594458,138.30184,0.17131,False,False,7.41229,2283.58764,2278.90784,-4.67981,0,0.0314,-1.30828,0,0,-1.30828,0,0,64.60353,1.3082758,0.02025084,86413.184,79247.173,-6413.184,752.827,True,False,-43.21925
548.78,FINE,THRUST,80015.768,30.5619981,0.5945683,137.19629,0.17271,False,False,7.29102,2283.45181,2278.90616,-4.54565,0,0.0305,-1.29438,0,0,-1.29438,0,0,64.60731,1.2943753,0.0200345,86246.982,79253.268,-6246.982,746.732,True,False,40.72778
548.92,FINE,THRUST,80016.737,30.5619357,0.5946581,136.24528,0.17394,False,False,7.16565,2283.32214,2278.90452,-4.41762,0,0.02964,-1.27973,0,0,-1.27973,0,0,64.61105,1.2797317,0.0198067,86086.742,79260.793,-6086.742,739.207,True,False,37.88993
549.06,FINE,THRUST,80017.686,30.5618857,0.5947308,135.41879,0.17501,False,False,7.03572,2283.19968,2278.90291,-4.29677,0,0.02883,-1.26428,0,0,-1.26428,0,0,64.61475,1.2642785,0.01956641,85933.454,79270.023,-5933.454,729.977,True,False,34.69977
549.22,FINE,THRUST,80018.747,30.5618409,0.5947964,134.59739,0.17609,False,False,6.88145,2283.07013,2278.90111,-4.16902,0,0.02797,-1.24561,0,0,-1.24561,0,0,64.61893,1.2456052,0.01927616,85768.343,79282.969,-5768.343,717.031,True,False,30.61481
549.36,FINE,THRUST,80019.654,30.5618107,0.5948411,133.96685,0.17692,False,False,6.74112,2282.96709,2278.89957,-4.06752,0,0.02729,-1.22835,0,0,-1.22835,0,0,64.62254,1.2283478,0.01900804,85633.873,79296.658,-5633.873,703.342,True,False,26.68395
549.5,FINE,THRUST,80020.543,30.5617883,0.5948745,133.41106,0.17766,False,False,6.59603,2282.87595,2278.89806,-3.97788,0,0.02668,-1.21029,0,0,-1.21029,0,0,64.6261,1.210286,0.01872751,85511.169,79312.852,-5511.169,687.148,True,False,22.50231
549.64,FINE,THRUST,80021.415,30.5617732,0.5948971,132.9259,0.17831,False,False,6.44622,2282.7985,2278.89659,-3.90192,0,0.02617,-1.19145,0,0,-1.19145,0,0,64.6296,1.1914491,0.01843504,85402.145,79331.788,-5402.145,668.212,True,False,18.1622
549.8,FINE,THRUST,80022.392,30.5617645,0.5949102,132.45129,0.17895,False,False,6.27065,2282.72809,2278.89493,-3.83316,0,0.02571,-1.16921,0,0,-1.16921,0,0,64.63354,1.1692144,0.0180899,85296.02,79356.651,-5296.02,643.349,True,False,13.13382
549.94,FINE,THRUST,80023.229,30.5617637,0.5949114,132.09939,0.17942,False,False,6.11449,2282.68255,2278.89351,-3.78904,0,0.02542,-1.14935,0,0,-1.14935,0,0,64.63693,1.1493494,0.01778162,85219.912,79380.925,-5219.912,619.075,True,False,8.7786
550.08,FINE,THRUST,80024.05,30.5617688,0.5949037,131.80147,0.17982,False,False,5.9581,2282.65207,2278.89212,-3.75994,0,0.02522,-1.12945,0,0,-1.12945,0,0,64.64027,1.129448,0.01747282,85160.017,79407.025,-5160.017,592.975,True,False,4.61645
550.22,FINE,THRUST,80024.856,30.5617791,0.5948877,131.55282,0.18016,False,False,5.80268,2282.63605,2278.89076,-3.7453,0,0.02512,-1.1097,0,0,-1.1097,0,0,64.64353,1.1096971,0.01716641,85116.093,79434.502,-5116.093,565.498,True,False,1.51012
550.38,FINE,THRUST,80025.757,30.5617965,0.5948608,131.3199,0.18047,False,False,5.62796,2282.63407,2278.88923,-3.74484,0,0.02512,-1.08757,0,0,-1.08757,0,0,64.64721,1.0875702,0.01682316,85084.466,79466.887,-5084.466,533.113,True,False,4.33345
550.52,FINE,THRUST,80026.526,30.5618161,0.5948304,131.15614,0.18068,False,False,5.47834,2282.64512,2278.88792,-3.7572,0,0.0252,-1.0687,0,0,-1.0687,0,0,64.65037,1.0687043,0.01653052,85071.759,79495.587,-5071.759,504.413,True,False,7.68639
550.66,FINE,THRUST,80027.279,30.5618403,0.5947925,131.03533,0.18084,False,False,5.33308,2282.66639,2278.88665,-3.77974,0,0.02535,-1.05049,0,0,-1.05049,0,0,64.65346,1.0504918,0.01624804,85071.524,79524.046,-5071.524,475.954,True,False,10.76238
550.8,FINE,THRUST,80028.013,30.5618681,0.594749,130.94686,0.18095,False,False,5.19213,2282.69593,2278.8854,-3.81053,0,0.02556,-1.03291,0,0,-1.03291,0,0,64.65651,1.0329125,0.01597538,85081.748,79551.941,-5081.748,448.059,True,False,13.50199
550.96,FINE,THRUST,80028.829,30.5619032,0.5946937,130.87753,0.18103,False,False,5.03641,2282.73772,2278.88401,-3.85371,0,0.02585,-1.01359,0,0,-1.01359,0,0,64.65993,1.0135895,0.0156757,85104.066,79582.802,-5104.066,417.198,True,False,16.20315
551.1,FINE,THRUST,80029.524,30.5619367,0.5946407,130.84352,0.18107,False,False,4.9044,2282.78,2278.88283,-3.89717,0,0.02614,-0.99727,0,0,-0.99727,0,0,64.66287,0.9972724,0.01542264,85131.415,79608.797,-5131.415,391.203,True,False,18.19119
551.24,FINE,THRUST,80030.199,30.5619725,0.594584,130.83052,0.18107,False,False,4.77662,2282.82629,2278.88168,-3.94461,0,0.02646,-0.98154,0,0,-0.98154,0,0,64.66576,0.98154,0.01517867,85164.684,79633.66,-5164.684,366.34,True,False,19.82754
551.38,FINE,THRUST,80030.857,30.5620101,0.594524,130.83576,0.18105,False,False,4.65256,2282.87568,2278.88056,-3.99512,0,0.0268,-0.9663,0,0,-0.9663,0,0,64.66861,0.9663024,0.01494237,85202.771,79657.389,-5202.771,342.611,True,False,21.10991
551.54,FINE,THRUST,80031.585,30.5620549,0.5944524,130.85952,0.181,False,False,4.5149,2282.93474,2278.87932,-4.05542,0,0.0272,-0.94942,0,0,-0.94942,0,0,64.6718,0.9494207,0.0146806,85250.8,79683.1,-5250.8,316.9,True,False,22.14502
551.68,FINE,THRUST,80032.202,30.5620952,0.5943876,130.89255,0.18094,False,False,4.39739,2282.98788,2278.87827,-4.10962,0,0.02757,-0.935,0,0,-0.935,0,0,64.67456,0.9349993,0.01445699,85295.711,79704.427,-5295.711,295.573,True,False,22.67247
551.82,FINE,THRUST,80032.801,30.5621361,0.5943218,130.93173,0.18087,False,False,4.28258,2283.04138,2278.87725,-4.16413,0,0.02793,-0.9209,0,0,-0.9209,0,0,64.67726,0.9208959,0.01423832,85342.131,79724.627,-5342.131,275.373,True,False,22.85183
551.96,FINE,THRUST,80033.381,30.5621771,0.5942555,130.97329,0.1808,False,False,4.16986,2283.09452,2278.87626,-4.21826,0,0.0283,-0.90701,0,0,-0.90701,0,0,64.67994,0.9070067,0.014023,85389.12,79743.78,-5389.12,256.22,True,False,22.69497
552.12,FINE,THRUST,80034.024,30.5622234,0.5941804,131.01771,0.18072,False,False,4.04307,2283.15379,2278.87516,-4.27863,0,0.0287,-0.89131,0,0,-0.89131,0,0,64.68294,0.891309,0.01377966,85442.234,79764.447,-5442.234,235.553,True,False,22.13058
552.26,FINE,THRUST,80034.567,30.5622631,0.5941159,131.04961,0.18066,False,False,3.93325,2283.20369,2278.87423,-4.32945,0,0.02904,-0.87762,0,0,-0.87762,0,0,64.68552,0.877619,0.01356747,85487.263,79781.557,-5487.263,218.443,True,False,21.32528
552.4,FINE,THRUST,80035.094,30.5623012,0.5940536,131.06934,0.18062,False,False,3.82453,2283.25091,2278.87334,-4.37757,0,0.02937,-0.86398,0,0,-0.86398,0,0,64.68807,0.8639784,0.01335607,85529.936,79797.755,-5529.936,202.245,True,False,20.26175
552.54,FINE,THRUST,80035.604,30.5623376,0.593994,131.07356,0.1806,False,False,3.71652,2283.29499,2278.87246,-4.42253,0,0.02967,-0.85032,0,0,-0.85032,0,0,64.69057,0.8503248,0.01314449,85569.614,79813.115,-5569.614,186.885,True,False,18.97695
552.7,FINE,THRUST,80036.169,30.5623765,0.59393,131.05491,0.18061,False,False,3.59382,2283.34093,2278.8715,-4.46942,0,0.02998,-0.83469,0,0,-0.83469,0,0,64.69339,0.8346854,0.01290217,85610.525,79829.69,-5610.525,170.31,True,False,17.28531
552.84,FINE,THRUST,80036.646,30.562408,0.5938779,131.01551,0.18065,False,False,3.48683,2283.37692,2278.87069,-4.50624,0,0.03023,-0.82093,0,0,-0.82093,0,0,64.69581,0.8209256,0.01268901,85641.996,79843.407,-5641.996,156.593,True,False,15.65332
552.98,FINE,THRUST,80037.11,30.5624367,0.5938303,130.95121,0.18072,False,False,3.38061,2283.40861,2278.8699,-4.53872,0,0.03045,-0.80717,0,0,-0.80717,0,0,64.69819,0.8071654,0.01247586,85668.973,79856.376,-5668.973,143.624,True,False,13.92557
553.12,FINE,THRUST,80037.559,30.5624626,0.5937871,130.861,0.18084,False,False,3.27508,2283.43592,2278.86913,-4.56679,0,0.03064,-0.7934,0,0,-0.7934,0,0,64.70053,0.793395,0.01226257,85691.314,79868.646,-5691.314,131.354,True,False,12.14372
553.28,FINE,THRUST,80038.055,30.5624887,0.5937436,130.72516,0.18101,False,False,3.15555,2283.46172,2278.86828,-4.59343,0,0.03082,-0.77768,0,0,-0.77768,0,0,64.70316,0.7776845,0.01201927,85711.083,79881.847,-5711.083,118.153,True,False,10.08986
553.42,FINE,THRUST,80038.475,30.5625084,0.5937104,130.57814,0.18121,False,False,3.05185,2283.47969,2278.86757,-4.61212,0,0.03094,-0.76395,0,0,-0.76395,0,0,64.70542,0.7639546,0.01180666,85723.451,79892.732,-5723.451,107.268,True,False,8.32336
553.56,FINE,THRUST,80038.882,30.5625252,0.593682,130.40474,0.18144,False,False,2.94956,2283.49347,2278.86687,-4.6266,0,0.03104,-0.75034,0,0,-0.75034,0,0,64.70763,0.7503379,0.01159582,85731.341,79902.985,-5731.341,97.015,True,False,6.62663
553.7,FINE,THRUST,80039.276,30.5625393,0.5936579,130.2066,0.18171,False,False,2.84868,2283.50334,2278.8662,-4.63714,0,0.03111,-0.73683,0,0,-0.73683,0,0,64.70981,0.7368347,0.01138675,85735.057,79912.652,-5735.057,87.348,True,False,5.03459
553.86,FINE,THRUST,80039.71,30.5625524,0.5936356,129.95218,0.18206,False,False,2.73533,2283.51026,2278.86546,-4.6448,0,0.03116,-0.72158,0,0,-0.72158,0,0,64.71225,0.7215823,0.01115063,85734.661,79923.017,-5734.661,76.983,True,False,3.39491
554,FINE,THRUST,80040.076,30.5625613,0.5936202,129.70653,0.1824,False,False,2.63772,2283.51293,2278.86483,-4.6481,0,0.03118,-0.70838,0,0,-0.70838,0,0,64.71435,0.7083772,0.01094622,85730.732,79931.544,-5730.732,68.456,True,False,2.17944
554.14,FINE,THRUST,80040.43,30.562568,0.5936087,129.44095,0.18277,False,False,2.54207,2283.51288,2278.86423,-4.64865,0,0.03119,-0.69539,0,0,-0.69539,0,0,64.71641,0.6953855,0.01074512,85723.978,79939.564,-5723.978,60.436,True,False,1.30301
554.28,FINE,THRUST,80040.77,30.5625727,0.5936005,129.15762,0.18317,False,False,2.44824,2283.51057,2278.86365,-4.64692,0,0.03118,-0.68259,0,0,-0.68259,0,0,64.71842,0.6825883,0.01054705,85714.912,79947.124,-5714.912,52.876,True,False,1.08553
554.44,FINE,THRUST,80041.144,30.5625757,0.5935953,128.8127,0.18366,False,False,2.34329,2283.50578,2278.86301,-4.64277,0,0.03115,-0.66821,0,0,-0.66821,0,0,64.72069,0.6682143,0.01032459,85702.427,79955.235,-5702.427,44.765,True,False,1.52201
554.58,FINE,THRUST,80041.458,30.5625763,0.5935943,128.49353,0.18411,False,False,2.25319,2283.50022,2278.86247,-4.63775,0,0.03111,-0.65582,0,0,-0.65582,0,0,64.72263,0.6558198,0.01013277,85690.228,79961.92,-5690.228,38.08,True,False,1.95863
554.72,FINE,THRUST,80041.76,30.5625752,0.5935962,128.1603,0.18459,False,False,2.16507,2283.49389,2278.86195,-4.63193,0,0.03108,-0.64366,0,0,-0.64366,0,0,64.72454,0.6436556,0.00994454,85677.429,79968.22,-5677.429,31.78,True,False,2.27575
554.86,FINE,THRUST,80042.049,30.5625729,0.5936003,127.81675,0.18509,False,False,2.07869,2283.48715,2278.86145,-4.62569,0,0.03103,-0.63169,0,0,-0.63169,0,0,64.7264,0.6316898,0.00975938,85664.451,79974.171,-5664.451,25.829,True,False,2.44233
555.02,FINE,THRUST,80042.365,30.562569,0.5936073,127.41504,0.18567,False,False,1.98208,2283.47943,2278.86091,-4.61851,0,0.03099,-0.61826,0,0,-0.61826,0,0,64.7285,0.6182572,0.00955154,85649.944,79980.57,-5649.944,19.43,True,False,2.45475
555.16,FINE,THRUST,80042.623,30.5625651,0.5936144,127.0604,0.18619,False,False,1.89911,2283.47298,2278.86046,-4.61252,0,0.03094,-0.60667,0,0,-0.60667,0,0,64.73029,0.6066661,0.00937221,85637.889,79985.848,-5637.889,14.152,True,False,2.32987
555.3,FINE,THRUST,80042.874,30.5625611,0.5936214,126.70816,0.18671,False,False,1.81791,2283.46709,2278.86004,-4.60705,0,0.03091,-0.59525,0,0,-0.59525,0,0,64.73206,0.5952541,0.00919566,85626.757,79990.818,-5626.757,9.182,True,False,2.11207
555.44,FINE,THRUST,80043.116,30.5625579,0.5936273,126.36429,0.18722,False,False,1.73828,2283.46182,2278.85962,-4.60219,0,0.03088,-0.58407,0,0,-0.58407,0,0,64.73378,0.584067,0.0090226,85616.633,79995.511,-5616.633,4.489,True,False,1.85103
555.6,FINE,THRUST,80043.379,30.5625556,0.5936315,125.98608,0.18779,False,False,1.64919,2283.45674,2278.85917,-4.59757,0,0.03084,-0.57151,0,0,-0.57151,0,0,64.73572,0.5715083,0.00882833,85606.491,80000.542,-5606.491,-0.542,True,False,1.59904
555.74,FINE,THRUST,80043.597,30.5625553,0.5936322,125.67241,0.18826,False,False,1.57267,2283.45317,2278.85879,-4.59438,0,0.03082,-0.56068,0,0,-0.56068,0,0,64.73738,0.5606813,0.00866086,85598.895,80004.674,-5598.895,-4.674,True,False,1.53791
555.88,FINE,THRUST,80043.806,30.5625568,0.5936293,125.37809,0.1887,False,False,1.49781,2283.4504,2278.85843,-4.59197,0,0.03081,-0.55006,0,0,-0.55006,0,0,64.73901,0.5500581,0.00849655,85592.489,80008.545,-5592.489,-8.545,True,False,1.70383
556.02,FINE,THRUST,80044.004,30.5625605,0.5936224,125.10508,0.18911,False,False,1.42444,2283.44838,2278.85809,-4.59028,0,0.0308,-0.53961,0,0,-0.53961,0,0,64.74061,0.5396132,0.008335,85587.187,80012.171,-5587.187,-12.171,True,False,2.06385
556.18,FINE,THRUST,80044.218,30.5625674,0.5936092,124.82029,0.18953,False,False,1.34245,2283.44687,2278.85772,-4.58915,0,0.03079,-0.5279,0,0,-0.5279,0,0,64.7424,0.5278984,0.00815383,85582.346,80016.025,-5582.346,-16.025,True,False,2.607
556.32,FINE,THRUST,80044.395,30.5625759,0.593593,124.59506,0.18987,False,False,1.2721,2283.44615,2278.85742,-4.58873,0,0.03079,-0.51781,0,0,-0.51781,0,0,64.74393,0.5178094,0.00799781,85579.028,80019.161,-5579.028,-19.161,True,False,3.1244
556.46,FINE,THRUST,80044.563,30.5625866,0.5935725,124.39093,0.19017,False,False,1.20337,2283.44588,2278.85713,-4.58875,0,0.03079,-0.50792,0,0,-0.50792,0,0,64.74544,0.5079192,0.00784486,85576.443,80022.071,-5576.443,-22.071,True,False,3.64021
556.6,FINE,THRUST,80044.721,30.5625992,0.5935482,124.20644,0.19045,False,False,1.13608,2283.44596,2278.85685,-4.5891,0,0.03079,-0.4982,0,0,-0.4982,0,0,64.74691,0.4982024,0.00769461,85574.452,80024.771,-5574.452,-24.771,True,False,4.12562
556.76,FINE,THRUST,80044.891,30.5626158,0.593516,124.01681,0.19073,False,False,1.06095,2283.44634,2278.85656,-4.58978,0,0.03079,-0.48731,0,0,-0.48731,0,0,64.74857,0.4873101,0.00752619,85572.739,80027.609,-5572.739,-27.609,True,False,-4.62072
556.9,FINE,THRUST,80045.029,30.5626319,0.5934846,123.86693,0.19095,False,False,0.99655,2283.44684,2278.85632,-4.59052,0,0.0308,-0.47793,0,0,-0.47793,0,0,64.74998,0.4779319,0.00738119,85571.599,80029.892,-5571.599,-29.892,True,False,-4.99052
557.04,FINE,THRUST,80045.159,30.5626491,0.5934509,123.72843,0.19115,False,False,0.93365,2283.4474,2278.85609,-4.59131,0,0.0308,-0.46874,0,0,-0.46874,0,0,64.75137,0.4687376,0.00723904,85570.689,80031.988,-5570.689,-31.988,True,False,-5.28819
557.18,FINE,THRUST,80045.28,30.5626671,0.5934153,123.59873,0.19134,False,False,0.8721,2283.4479,2278.85588,-4.59202,0,0.03081,-0.4597,0,0,-0.4597,0,0,64.75273,0.4597009,0.00709933,85569.851,80033.911,-5569.851,-33.911,True,False,-5.51099
557.34,FINE,THRUST,80045.409,30.5626883,0.5933733,123.45688,0.19155,False,False,0.80337,2283.44847,2278.85566,-4.59281,0,0.03081,-0.44956,0,0,-0.44956,0,0,64.75426,0.4495648,0.00694263,85569.041,80035.906,-5569.041,-35.906,True,False,-5.67038
557.48,FINE,THRUST,80045.512,30.562707,0.593336,123.33564,0.19173,False,False,0.74444,2283.44887,2278.85548,-4.5934,0,0.03082,-0.44083,0,0,-0.44083,0,0,64.75556,0.4408304,0.00680761,85568.359,80037.489,-5568.359,-37.489,True,False,-5.72731
557.62,FINE,THRUST,80045.607,30.5627255,0.5932989,123.21349,0.1919,False,False,0.68687,2283.44916,2278.85531,-4.59385,0,0.03082,-0.43226,0,0,-0.43226,0,0,64.75684,0.4322596,0.00667512,85567.656,80038.922,-5567.656,-38.922,True,False,5.70707
557.76,FINE,THRUST,80045.694,30.5627435,0.5932625,123.08822,0.19209,False,False,0.6305,2283.44933,2278.85516,-4.59418,0,0.03082,-0.42383,0,0,-0.42383,0,0,64.7581,0.4238284,0.00654479,85566.915,80040.215,-5566.915,-40.215,True,False,5.61605
557.92,FINE,THRUST,80045.783,30.5627633,0.5932223,122.9382,0.19231,False,False,0.56753,2283.44938,2278.855,-4.59438,0,0.03082,-0.41436,0,0,-0.41436,0,0,64.75951,0.4143623,0.00639848,85566.019,80041.531,-5566.019,-41.531,True,False,5.42671
558.06,FINE,THRUST,80045.854,30.5627797,0.5931889,122.79914,0.19252,False,False,0.51351,2283.4493,2278.85487,-4.59443,0,0.03082,-0.4062,0,0,-0.4062,0,0,64.76071,0.4061985,0.0062723,85565.194,80042.552,-5565.194,-42.552,True,False,5.19306
558.2,FINE,THRUST,80045.917,30.562795,0.5931576,122.65037,0.19274,False,False,0.46073,2283.44913,2278.85476,-4.59437,0,0.03082,-0.39818,0,0,-0.39818,0,0,64.76189,0.3981826,0.00614841,85564.345,80043.452,-5564.345,-43.452,True,False,4.90634
558.34,FINE,THRUST,80045.973,30.5628091,0.5931286,122.49088,0.19298,False,False,0.40903,2283.44888,2278.85466,-4.59422,0,0.03082,-0.39029,0,0,-0.39029,0,0,64.76305,0.3902937,0.00602649,85563.484,80044.24,-5563.484,-44.24,True,False,4.57175
558.5,FINE,THRUST,80046.028,30.5628235,0.5930987,122.2941,0.19328,False,False,0.35129,2283.44855,2278.85456,-4.59399,0,0.03082,-0.38143,0,0,-0.38143,0,0,64.76434,0.3814341,0.00588957,85562.551,80045.012,-5562.551,-45.012,True,False,4.1419
558.64,FINE,THRUST,80046.068,30.5628347,0.5930754,122.10902,0.19357,False,False,0.30176,2283.44819,2278.85448,-4.5937,0,0.03082,-0.37379,0,0,-0.37379,0,0,64.76546,0.3737927,0.00577148,85561.713,80045.581,-5561.713,-45.581,True,False,3.73578
558.78,FINE,THRUST,80046.102,30.5628444,0.593055,121.91108,0.19387,False,False,0.25337,2283.44778,2278.85442,-4.59336,0,0.03082,-0.36629,0,0,-0.36629,0,0,64.76654,0.3662908,0.00565556,85560.9,80046.055,-5560.9,-46.055,True,False,3.30959
558.92,FINE,THRUST,80046.13,30.5628527,0.5930374,121.70053,0.1942,False,False,0.20601,2283.44737,2278.85437,-4.593,0,0.03081,-0.35891,0,0,-0.35891,0,0,64.76761,0.3589099,0.0055415,85560.139,80046.439,-5560.139,-46.439,True,False,2.87301
559.08,FINE,THRUST,80046.153,30.5628605,0.5930209,121.44485,0.19461,False,False,0.15314,2283.4469,2278.85432,-4.59258,0,0.03081,-0.35062,0,0,-0.35062,0,0,64.76879,0.3506249,0.00541348,85559.346,80046.775,-5559.346,-46.775,True,False,2.37476
559.22,FINE,THRUST,80046.167,30.5628659,0.5930093,121.20882,0.19498,False,False,0.10782,2283.4465,2278.85429,-4.59221,0,0.03081,-0.34348,0,0,-0.34348,0,0,64.76981,0.3434833,0.00530314,85558.722,80046.985,-5558.722,-46.985,True,False,1.95004
559.36,FINE,THRUST,80046.175,30.5628701,0.5930003,120.9619,0.19538,False,False,0.06359,2283.44612,2278.85427,-4.59184,0,0.03081,-0.33648,0,0,-0.33648,0,0,64.77081,0.3364766,0.00519488,85558.172,80047.119,-5558.172,-47.119,True,False,1.54597
559.5,FINE,THRUST,80046.177,30.5628731,0.5929937,120.70521,0.19579,False,False,0.02034,2283.44576,2278.85427,-4.59149,0,0.0308,-0.32959,0,0,-0.32959,0,0,64.77179,0.3295874,0.00508844,85557.697,80047.184,-5557.697,-47.184,True,False,1.17069
559.66,FINE,THRUST,80046.172,30.5628753,0.5929889,120.40133,0.19628,False,False,-0.02789,2283.44538,2278.85427,-4.59112,0,0.0308,-0.32186,0,0,-0.32186,0,0,64.77289,0.3218594,0.00496904,85557.246,80047.177,-5557.246,-47.177,True,False,0.79176
559.8,FINE,THRUST,80046.161,30.5628763,0.5929867,120.12762,0.19673,False,False,-0.06919,2283.44509,2278.85428,-4.59081,0,0.0308,-0.3152,0,0,-0.3152,0,0,64.77382,0.3152021,0.0048662,85556.933,80047.104,-5556.933,-47.104,True,False,0.52854
559.94,FINE,THRUST,80046.144,30.5628765,0.5929862,119.84789,0.19719,False,False,-0.10946,2283.44482,2278.8543,-4.59052,0,0.0308,-0.30867,0,0,-0.30867,0,0,64.77474,0.308674,0.00476534,85556.696,80046.975,-5556.696,-46.975,True,False,0.37819
560.08,FINE,THRUST,80046.115,30.5628761,0.5929871,119.56343,0.19766,False,False,-0.14881,2283.44461,2278.85434,-4.59027,0,0.0308,-0.30222,0,0,-0.30222,0,0,64.77564,0.3022247,0.00466572,85556.536,80046.786,-5556.536,-46.786,True,False,0.38641
560.24,FINE,THRUST,80046.084,30.562875,0.5929895,119.23418,0.1982,False,False,-0.19264,2283.44441,2278.85439,-4.59001,0,0.03079,-0.29501,0,0,-0.29501,0,0,64.77664,0.2950141,0.00455433,85556.441,80046.512,-5556.441,-46.512,True,False,0.50124
560.38,FINE,THRUST,80046.051,30.5628737,0.5929925,118.94376,0.19869,False,False,-0.23015,2283.44426,2278.85444,-4.58981,0,0.03079,-0.28882,0,0,-0.28882,0,0,64.7775,0.2888193,0.00445864,85556.43,80046.225,-5556.43,-46.225,True,False,0.60715
560.52,FINE,THRUST,80046.013,30.5628721,0.5929961,118.65239,0.19918,False,False,-0.2667,2283.44414,2278.8545,-4.58964,0,0.03079,-0.28275,0,0,-0.28275,0,0,64.77834,0.2827461,0.00436482,85556.484,80045.895,-5556.484,-45.895,True,False,0.68483
560.66,FINE,THRUST,80045.97,30.5628704,0.593,118.36109,0.19967,False,False,-0.30238,2283.44406,2278.85457,-4.58949,0,0.03079,-0.27678,0,0,-0.27678,0,0,64.77916,0.2767783,0.00427264,85556.601,80045.525,-5556.601,-45.525,True,False,0.72851
560.82,FINE,THRUST,80045.915,30.5628684,0.5930046,118.02941,0.20023,True,False,-0.34211,2283.44401,2278.85466,-4.58936,0,0.03079,-0.27009,8,0,-0.27009,8,0,64.78008,8.0045579,0.12356512,85556.806,80045.058,-5556.806,-45.058,True,False,88.74139
560.98,FINE,THRUST,80045.767,30.5628453,0.5930585,117.49732,0.20116,True,False,-0.84264,2283.4419,2278.85478,-4.58711,0,0.03077,-0.1895,8,0,-0.1895,8,0,64.80014,8.002244,0.12349114,85563.788,80035.373,-5563.788,-35.373,True,False,89.13328
561.14,FINE,THRUST,80045.417,30.5627242,0.5933454,116.0423,0.20378,True,False,-2.11128,2283.42446,2278.8552,-4.56926,0,0.03065,0.0152,8,0,0.0152,8,0,64.8266,8.0000144,0.12340636,85603.219,79974.906,-5603.219,25.094,True,False,89.87716
561.3,FINE,THRUST,80044.864,30.5625861,0.5936783,114.46419,0.2067,True,False,-3.37866,2283.37741,2278.85596,-4.52145,0,0.03033,0.22119,8,0,0.22119,8,0,64.85305,8.0030573,0.12340294,85657.125,79864.282,-5657.125,135.718,True,False,90.03569
561.46,FINE,THRUST,80044.109,30.5624989,0.593892,113.38178,0.20874,True,False,-4.64712,2283.33856,2278.85705,-4.48151,0,0.03006,0.4286,8,0,0.4286,8,0,64.87953,8.0114729,0.1234823,85766.584,79708.044,-5766.584,291.956,True,False,89.59625
561.62,FINE,THRUST,80043.155,30.5625025,0.5938828,113.12877,0.20921,True,False,-5.9175,2283.33627,2278.85849,-4.47778,0,0.03004,0.63735,8,0,0.63735,8,0,64.90604,8.0253486,0.12364564,85956.804,79515.14,-5956.804,484.86,True,False,88.55223
561.78,FINE,THRUST,80042.003,30.5626296,0.5935665,114.00416,0.2075,True,False,-7.18688,2283.39802,2278.86025,-4.53777,0,0.03044,0.8468,8,0,0.8468,8,0,64.9326,8.0446916,0.12389296,86247.306,79299.202,-6247.306,700.798,True,False,86.89551
561.94,FINE,THRUST,80040.654,30.5629101,0.5928744,116.37256,0.20305,True,False,-8.4483,2283.53632,2278.86235,-4.67398,0,0.03136,1.05571,8,0,1.05571,8,0,64.95923,8.0693573,0.12422188,86638.589,79074.797,-6638.589,925.203,True,False,84.61595
562.1,FINE,THRUST,80039.115,30.5633721,0.5917597,120.76621,0.19531,False,False,-9.69381,2283.74204,2278.86477,-4.87727,0,0.03272,1.26287,0,0,1.26287,0,0,64.98594,1.2628743,0.01943304,87109.647,78851.959,-7109.647,1148.041,True,False,160.07085
562.24,FINE,THRUST,80037.668,30.5637933,0.5907745,125.14431,0.18818,False,False,-10.50715,2283.90667,2278.86713,-5.03953,0,0.03381,1.40095,0,0,1.40095,0,0,64.99525,1.400953,0.0215547,87451.645,78707.178,-7451.645,1292.822,True,False,155.67348
562.38,FINE,THRUST,80036.208,30.5639143,0.590496,126.25096,0.18644,False,False,-10.67332,2283.9427,2278.86957,-5.07313,0,0.03404,1.43661,0,0,1.43661,0,0,64.9992,1.4366087,0.02210195,87521.045,78676.212,-7521.045,1323.788,True,False,150.77773
562.52,FINE,THRUST,80034.734,30.5640773,0.5901229,127.8989,0.18393,False,False,-10.84853,2283.98187,2278.87202,-5.10985,0,0.03429,1.47378,0,0,1.47378,0,0,65.00333,1.4737793,0.02267237,87595.689,78643.764,-7595.689,1356.236,True,False,145.38931
562.68,FINE,THRUST,80033.037,30.5643105,0.5895943,130.45593,0.18016,False,False,-11.04454,2284.03377,2278.87486,-5.15891,0,0.03462,1.51563,0,0,1.51563,0,0,65.00819,1.5156326,0.02331449,87687.356,78608.799,-7687.356,1391.201,True,False,138.63499
562.82,FINE,THRUST,80031.542,30.5645573,0.5890431,133.38001,0.17605,False,False,-11.20838,2284.08746,2278.87735,-5.21011,0,0.03496,1.55104,0,0,1.55104,0,0,65.01255,1.5510402,0.02385755,87774.3,78581.353,-7774.3,1418.647,True,False,132.20678
562.96,FINE,THRUST,80030.042,30.5648463,0.5884095,137.07789,0.17113,False,False,-11.36215,2284.15034,2278.87986,-5.27047,0,0.03537,1.58482,0,0,1.58482,0,0,65.01702,1.5848219,0.02437549,87868.316,78557.793,-7868.316,1442.207,True,False,125.29136
563.1,FINE,THRUST,80028.538,30.5651765,0.5877024,141.66956,0.16539,False,False,-11.50125,2284.22296,2278.88238,-5.34059,0,0.03584,1.61622,0,0,1.61622,0,0,65.02159,1.6162193,0.02485666,87968.945,78539.249,-7968.945,1460.751,True,False,117.88682
563.26,FINE,THRUST,80026.82,30.5656015,0.58682,148.19883,0.15787,False,False,-11.63637,2284.31829,2278.88526,-5.43303,0,0.03646,1.64822,0,0,1.64822,0,0,65.02692,1.6482164,0.02534668,88091.153,78525.532,-8091.153,1474.468,True,False,108.82899
563.4,FINE,THRUST,80025.319,30.5660088,0.5860051,155.18276,0.15056,False,False,-11.72777,2284.4124,2278.88778,-5.52463,0,0.03707,1.67184,0,0,1.67184,0,0,65.03167,1.6718427,0.02570813,88203.059,78521.279,-8203.059,1478.721,True,False,100.4035
563.54,FINE,THRUST,80023.822,30.5664425,0.5851714,163.51951,0.14269,False,False,-11.78892,2284.51682,2278.89029,-5.62653,0,0.03776,1.69054,0,0,1.69054,0,0,65.03651,1.6905367,0.02599366,88318.923,78525.32,-8318.923,1474.68,True,False,91.53964
563.68,FINE,THRUST,80022.331,30.5668917,0.5843461,173.29524,0.13445,False,False,-11.81508,2284.62961,2278.89279,-5.73682,0,0.0385,1.70354,0,0,1.70354,0,0,65.0414,1.7035447,0.0261917,88435.939,78538.118,-8435.939,1461.882,True,False,82.26538
563.84,FINE,THRUST,80020.635,30.5674083,0.5834459,186.26332,0.12491,False,False,-11.79771,2284.76483,2278.89564,-5.86919,0,0.03939,1.71076,0,0,1.71076,0,0,65.04704,1.7107601,0.02630036,88566.423,78563.369,-8566.423,1436.631,True,False,71.20455
563.98,FINE,THRUST,80019.156,30.5678469,0.5827231,199.03775,0.11675,False,False,-11.73848,2284.88381,2278.89812,-5.98568,0,0.04017,1.70998,0,0,1.70998,0,0,65.05199,1.7099813,0.02628638,88672.493,78594.157,-8672.493,1405.843,True,False,61.23942
564.12,FINE,THRUST,80017.68,30.5682567,0.5820827,212.75592,0.10911,False,False,-11.63579,2284.99706,2278.9006,-6.09646,0,0.04092,1.70226,0,0,1.70226,0,0,65.05696,1.7022635,0.02616574,88764.212,78632.176,-8764.212,1367.824,True,False,51.20551
564.26,FINE,THRUST,80016.204,30.5686184,0.5815455,226.55328,0.10238,False,False,-11.49137,2285.09937,2278.90307,-6.19629,0,0.04159,1.68793,0,0,1.68793,0,0,65.06191,1.6879309,0.02594346,88836.744,78676,-8836.744,1324,True,False,41.3693
564.42,FINE,THRUST,80014.517,30.5689435,0.5810846,240.42956,0.09639,False,False,-11.28197,2285.20126,2278.9059,-6.29536,0,0.04225,1.66456,0,0,1.66456,0,0,65.06752,1.6645589,0.02558202,88896.053,78731.376,-8896.053,1268.624,True,False,30.66338
564.56,FINE,THRUST,80013.044,30.5691481,0.5808047,249.79919,0.09274,False,False,-11.07217,2285.27316,2278.90837,-6.36479,0,0.04272,1.63996,0,0,1.63996,0,0,65.07237,1.6399638,0.02520215,88925.557,78781.337,-8925.557,1218.663,True,False,21.82013
564.7,FINE,THRUST,80011.578,30.5692842,0.5806225,256.05063,0.09045,False,False,-10.84906,2285.32763,2278.91084,-6.41679,0,0.04307,1.61333,0,0,1.61333,0,0,65.07715,1.6133281,0.02479101,88934.982,78830.347,-8934.982,1169.653,True,False,13.46828
564.84,FINE,THRUST,80010.121,30.5693571,0.5805258,258.92653,0.08943,False,False,-10.6198,2285.36475,2278.91329,-6.45146,0,0.0433,1.58577,0,0,1.58577,0,0,65.08186,1.5857721,0.02436581,88925.672,78877.22,-8925.672,1122.78,True,False,5.63354
565,FINE,THRUST,80008.473,30.5693704,0.5805082,258.15736,0.08969,False,False,-10.35753,2285.38655,2278.91606,-6.47048,0,0.04343,1.55429,0,0,1.55429,0,0,65.08714,1.5542879,0.02388011,88893.906,78927.144,-8893.906,1072.856,True,False,-2.97717
565.14,FINE,THRUST,80007.047,30.5693278,0.5805656,254.35879,0.09104,False,False,-10.13217,2285.38854,2278.91847,-6.47007,0,0.04343,1.52742,0,0,1.52742,0,0,65.09169,1.5274165,0.02346562,88849.245,78967.196,-8849.245,1032.804,True,False,-9.73071
565.28,FINE,THRUST,80005.64,30.5692417,0.5806844,248.25112,0.0933,False,False,-9.9149,2285.37591,2278.92084,-6.45507,0,0.04333,1.50183,0,0,1.50183,0,0,65.09614,1.501829,0.02307094,88790.868,79003.469,-8790.868,996.531,True,False,-16.08613
565.42,FINE,THRUST,80004.252,30.5691187,0.580859,240.49137,0.09634,False,False,-9.70758,2285.34997,2278.92319,-6.42678,0,0.04314,1.4778,0,0,1.4778,0,0,65.10053,1.4778037,0.02270033,88720.332,79035.972,-8720.332,964.028,True,False,-21.98032
565.58,FINE,THRUST,80002.691,30.5689414,0.5811202,230.40786,0.1006,False,False,-9.48469,2285.30554,2278.92583,-6.37971,0,0.04282,1.45254,0,0,1.45254,0,0,65.10545,1.4525352,0.0223105,88626.631,79068.554,-8626.631,931.446,True,False,-28.147
565.72,FINE,THRUST,80001.348,30.5687606,0.5813978,221.09034,0.10489,False,False,-9.30235,2285.25494,2278.9281,-6.32684,0,0.04247,1.43239,0,0,1.43239,0,0,65.10969,1.4323901,0.02199964,88534.429,79093.285,-8534.429,906.715,True,False,-33.05119
565.86,FINE,THRUST,80000.027,30.5685623,0.5817156,211.75438,0.10957,False,False,-9.13262,2285.19469,2278.93033,-6.26436,0,0.04205,1.41419,0,0,1.41419,0,0,65.11387,1.4141872,0.02171868,88434.154,79114.611,-8434.154,885.389,True,False,-37.50136
566,FINE,THRUST,79998.728,30.5683509,0.5820693,202.66326,0.11455,False,False,-8.97494,2285.12567,2278.93253,-6.19314,0,0.04157,1.39783,0,0,1.39783,0,0,65.11799,1.3978287,0.02146609,88326.573,79132.798,-8326.573,867.202,True,False,-41.50394
566.16,FINE,THRUST,79997.271,30.5680989,0.5825114,192.80258,0.12049,False,False,-8.80872,2285.03709,2278.935,-6.1021,0,0.04096,1.38127,0,0,1.38127,0,0,65.12264,1.381265,0.02121021,88195.629,79150.05,-8195.629,849.95,True,False,-45.53832
566.3,FINE,THRUST,79996.018,30.567873,0.5829266,184.74136,0.12584,False,False,-8.67438,2284.95171,2278.93712,-6.01459,0,0.04037,1.36845,0,0,1.36845,0,0,65.12668,1.3684522,0.02101216,88074.49,79162.344,-8074.49,837.656,True,False,-48.60521
566.44,FINE,THRUST,79994.787,30.5676461,0.5833623,177.27857,0.13123,False,False,-8.54969,2284.85973,2278.9392,-5.92053,0,0.03974,1.35709,0,0,1.35709,0,0,65.13066,1.3570889,0.02083641,87947.924,79172.243,-7947.924,827.757,True,False,-51.24787
566.58,FINE,THRUST,79993.577,30.5674208,0.5838136,170.41991,0.13661,False,False,-8.4334,2284.76147,2278.94125,-5.82023,0,0.03906,1.34698,0,0,1.34698,0,0,65.13461,1.3469782,0.02067991,87816.056,79179.987,-7816.056,820.013,True,False,-53.47875
566.74,FINE,THRUST,79992.218,30.5671684,0.5843416,163.31268,0.14267,False,False,-8.30933,2284.6419,2278.94355,-5.69836,0,0.03824,1.33673,0,0,1.33673,0,0,65.1391,1.336726,0.0205211,87659.082,79186.47,-7659.082,813.53,True,False,-55.53505
566.88,FINE,THRUST,79991.05,30.5669544,0.5848083,157.70713,0.14786,False,False,-8.20709,2284.53107,2278.94552,-5.58555,0,0.03749,1.32867,0,0,1.32867,0,0,65.14299,1.3286734,0.02039626,87516.202,79190.301,-7516.202,809.699,True,False,-56.92147
567.02,FINE,THRUST,79989.9,30.5667498,0.5852716,152.66275,0.15285,False,False,-8.10966,2284.41471,2278.94747,-5.46725,0,0.03669,1.3213,0,0,1.3213,0,0,65.14686,1.3213032,0.02028192,87368.3,79192.597,-7368.3,807.403,True,False,-57.94425
567.16,FINE,THRUST,79988.769,30.5665584,0.5857203,148.18958,0.15758,False,False,-8.01559,2284.29226,2278.94938,-5.34288,0,0.03585,1.3144,0,0,1.3144,0,0,65.1507,1.3143952,0.02017469,87214.546,79193.497,-7214.546,806.503,True,False,-58.63559
567.32,FINE,THRUST,79987.497,30.5663595,0.586203,143.75547,0.16256,False,False,-7.91085,2284.14499,2278.95153,-5.19347,0,0.03485,1.30685,0,0,1.30685,0,0,65.15508,1.3068518,0.02005756,87031.636,79193.007,-7031.636,806.993,True,False,-59.04541
567.46,FINE,THRUST,79986.403,30.566204,0.5865927,140.41788,0.16653,False,False,-7.82063,2284.01042,2278.95338,-5.05704,0,0.03393,1.3004,0,0,1.3004,0,0,65.15888,1.3004001,0.01995737,86865.937,79191.446,-6865.937,808.554,True,False,-59.08587
567.6,FINE,THRUST,79985.325,30.5660663,0.5869474,137.53544,0.17011,False,False,-7.73109,2283.87169,2278.9552,-4.91649,0,0.03299,1.29397,0,0,1.29397,0,0,65.16266,1.2939748,0.01985761,86696.189,79189.036,-6696.189,810.964,True,False,-58.83342
567.74,FINE,THRUST,79984.265,30.5659456,0.5872659,135.05338,0.17332,False,False,-7.64148,2283.72985,2278.95699,-4.77286,0,0.03203,1.28745,0,0,1.28745,0,0,65.16644,1.287451,0.01975635,86523.431,79185.994,-6523.431,814.006,True,False,-58.2857
567.9,FINE,THRUST,79983.074,30.5658272,0.5875859,132.63837,0.17656,False,False,-7.5381,2283.56547,2278.95901,-4.60646,0,0.03091,1.27972,0,0,1.27972,0,0,65.17072,1.2797222,0.01963646,86323.836,79182.05,-6323.836,817.95,True,False,-57.28874
568.04,FINE,THRUST,79982.051,30.5657389,0.5878298,130.83534,0.17906,False,False,-7.44594,2283.42084,2278.96074,-4.4601,0,0.02993,1.27257,0,0,1.27257,0,0,65.17445,1.2725725,0.01952564,86148.469,79178.483,-6148.469,821.517,True,False,-56.08014
568.18,FINE,THRUST,79981.045,30.5656632,0.5880432,129.27328,0.18127,False,False,-7.35151,2283.27684,2278.96244,-4.3144,0,0.02895,1.26494,0,0,1.26494,0,0,65.17815,1.2649429,0.01940747,85973.767,79175.109,-5973.767,824.891,True,False,-54.54666
568.32,FINE,THRUST,79980.057,30.565598,0.5882298,127.90821,0.18326,False,False,-7.25402,2283.13449,2278.96411,-4.17038,0,0.02798,1.2567,0,0,1.2567,0,0,65.18183,1.2566983,0.01927989,85800.666,79172.229,-5800.666,827.771,True,False,52.67737
568.48,FINE,THRUST,79978.951,30.5655342,0.5884158,126.54143,0.18528,False,False,-7.13794,2282.97524,2278.96599,-4.00925,0,0.0269,1.24636,0,0,1.24636,0,0,65.18602,1.2463645,0.01912012,85606.079,79169.956,-5606.079,830.044,True,False,50.11912
568.62,FINE,THRUST,79978.003,30.5654859,0.5885589,125.47919,0.18688,False,False,-7.03145,2282.83998,2278.96759,-3.87239,0,0.02598,1.23638,0,0,1.23638,0,0,65.18965,1.2363795,0.01896589,85439.578,79169.236,-5439.578,830.764,True,False,47.50301
568.76,FINE,THRUST,79977.074,30.5654433,0.5886868,124.51744,0.18836,False,False,-6.91991,2282.7099,2278.96917,-3.74073,0,0.02509,1.22543,0,0,1.22543,0,0,65.19326,1.2254307,0.01879689,85277.858,79170.062,-5277.858,829.938,True,False,44.53082
568.9,FINE,THRUST,79976.164,30.5654055,0.5888021,123.63767,0.18972,False,False,-6.80278,2282.58604,2278.97071,-3.61532,0,0.02425,1.21343,0,0,1.21343,0,0,65.19683,1.2134256,0.01861173,85121.819,79172.778,-5121.819,827.222,True,False,41.20039
569.06,FINE,THRUST,79975.147,30.5653671,0.5889206,122.717,0.19118,False,False,-6.66172,2282.45361,2278.97244,-3.48117,0,0.02335,1.19835,0,0,1.19835,0,0,65.20087,1.1983453,0.01837928,84951.855,79178.627,-4951.855,821.373,True,False,36.95235
569.2,FINE,THRUST,79974.277,30.5653374,0.5890136,121.97687,0.19236,False,False,-6.53171,2282.34694,2278.97391,-3.37303,0,0.02263,1.18391,0,0,1.18391,0,0,65.20437,1.1839064,0.01815686,84811.541,79186.501,-4811.541,813.499,True,False,32.85022
569.34,FINE,THRUST,79973.425,30.5653113,0.5890964,121.29568,0.19346,False,False,-6.39597,2282.25039,2278.97536,-3.27504,0,0.02197,1.16836,0,0,1.16836,0,0,65.20783,1.1683639,0.01791754,84680.663,79197.212,-4680.663,802.788,True,False,28.39825
569.48,FINE,THRUST,79972.59,30.565289,0.5891682,120.6754,0.19447,False,False,-6.25449,2282.16545,2278.97677,-3.18868,0,0.02139,1.15171,0,0,1.15171,0,0,65.21124,1.1517134,0.01766127,84560.674,79211.075,-4560.674,788.925,True,False,23.66952
569.64,FINE,THRUST,79971.654,30.5652689,0.5892334,120.05217,0.19549,False,False,-6.08605,2282.08545,2278.97836,-3.10709,0,0.02084,1.13136,0,0,1.13136,0,0,65.21508,1.1313631,0.01734818,84439.829,79231.258,-4439.829,768.742,True,False,18.06287
569.78,FINE,THRUST,79970.851,30.5652565,0.5892741,119.58633,0.19626,False,False,-5.93377,2282.03171,2278.97972,-3.05199,0,0.02047,1.11256,0,0,1.11256,0,0,65.21839,1.1125607,0.017059,84349.938,79252.718,-4349.938,747.282,True,False,13.09931
569.92,FINE,THRUST,79970.062,30.5652491,0.5892987,119.19587,0.19691,False,False,-5.7792,2281.99375,2278.98105,-3.0127,0,0.02021,1.09319,0,0,1.09319,0,0,65.22164,1.0931935,0.01676121,84276.019,79277.271,-4276.019,722.729,True,False,8.18847
570.06,FINE,THRUST,79969.287,30.5652467,0.589307,118.87948,0.19743,False,False,-5.62392,2281.97141,2278.98237,-2.98904,0,0.02005,1.07352,0,0,1.07352,0,0,65.22484,1.0735175,0.01645872,84218.354,79304.418,-4218.354,695.582,True,False,3.52587
570.22,FINE,THRUST,79968.419,30.5652497,0.5892968,118.6056,0.19789,False,False,-5.44784,2281.96432,2278.98384,-2.98048,0,0.01999,1.05102,0,0,1.05102,0,0,65.22843,1.0510166,0.01611286,84172.387,79337.804,-4172.387,662.196,True,False,2.36709
570.36,FINE,THRUST,79967.676,30.5652571,0.5892714,118.43797,0.19816,False,False,-5.2963,2281.97285,2278.9851,-2.98776,0,0.02004,1.03153,0,0,1.03153,0,0,65.23151,1.0315335,0.01581342,84148.652,79368.342,-4148.652,631.658,True,False,6.35498
570.5,FINE,THRUST,79966.949,30.5652683,0.5892325,118.32911,0.19833,False,False,-5.14891,2281.99354,2278.98633,-3.00721,0,0.02017,1.01253,0,0,1.01253,0,0,65.23453,1.0125331,0.01552143,84139.225,79399.287,-4139.225,600.713,True,False,10.20742
570.64,FINE,THRUST,79966.238,30.5652831,0.5891813,118.27283,0.19841,False,False,-5.00603,2282.02425,2278.98754,-3.03672,0,0.02037,0.99408,0,0,0.99408,0,0,65.23749,0.994084,0.01523793,84142.111,79430.062,-4142.111,569.938,True,False,13.73345
570.8,FINE,THRUST,79965.447,30.5653035,0.5891096,118.26526,0.1984,False,False,-4.84863,2282.06913,2278.98888,-3.08025,0,0.02066,0.97374,0,0,0.97374,0,0,65.24081,0.9737438,0.01492538,84158.102,79464.418,-4158.102,535.582,True,False,17.33875
570.94,FINE,THRUST,79964.774,30.5653241,0.5890368,118.30196,0.19832,False,False,-4.71579,2282.11549,2278.99003,-3.12547,0,0.02097,0.95656,0,0,0.95656,0,0,65.24366,0.9565603,0.01466135,84181.706,79493.504,-4181.706,506.496,True,False,20.11728
571.08,FINE,THRUST,79964.118,30.5653467,0.5889562,118.37262,0.19818,False,False,-4.58792,2282.16707,2278.99114,-3.17592,0,0.0213,0.94002,0,0,0.94002,0,0,65.24646,0.9400239,0.01440728,84212.907,79521.354,-4212.907,478.646,True,False,22.54398
571.22,FINE,THRUST,79963.481,30.5653711,0.5888688,118.47283,0.19799,False,False,-4.46457,2282.22287,2278.99223,-3.23065,0,0.02167,0.92407,0,0,0.92407,0,0,65.24921,0.9240671,0.01416212,84250.594,79547.902,-4250.594,452.098,True,False,24.61774
571.38,FINE,THRUST,79962.774,30.5654006,0.5887623,118.6171,0.19772,False,False,-4.32878,2282.2906,2278.99343,-3.29717,0,0.02212,0.90649,0,0,0.90649,0,0,65.2523,0.9064906,0.01389209,84300.198,79576.565,-4300.198,423.435,True,False,26.55624
571.52,FINE,THRUST,79962.175,30.5654276,0.5886643,118.7649,0.19744,False,False,-4.2138,2282.35248,2278.99445,-3.35803,0,0.02253,0.89158,0,0,0.89158,0,0,65.25495,0.8915839,0.01366308,84348.279,79600.218,-4348.279,399.782,True,False,27.87433
571.66,FINE,THRUST,79961.595,30.5654552,0.5885634,118.92634,0.19715,False,False,-4.10239,2282.41577,2278.99544,-3.42033,0,0.02294,0.87712,0,0,0.87712,0,0,65.25756,0.8771209,0.01344091,84399.539,79622.479,-4399.539,377.521,True,False,28.84006
571.8,FINE,THRUST,79961.032,30.5654831,0.5884606,119.09754,0.19683,False,False,-3.99388,2282.47987,2278.9964,-3.48346,0,0.02337,0.863,0,0,0.863,0,0,65.26012,0.8630038,0.01322406,84453.147,79643.438,-4453.147,356.562,True,False,29.45317
571.96,FINE,THRUST,79960.411,30.5655151,0.5883421,119.29918,0.19647,False,False,-3.8729,2282.55323,2278.99746,-3.55577,0,0.02385,0.84721,0,0,0.84721,0,0,65.26301,0.8472116,0.0129815,84516.171,79665.872,-4516.171,334.128,True,False,29.72257
572.1,FINE,THRUST,79959.886,30.5655429,0.5882385,119.47691,0.19615,False,False,-3.76894,2282.61698,2278.99836,-3.61862,0,0.02428,0.83358,0,0,0.83358,0,0,65.26549,0.8335799,0.01277214,84572.064,79684.299,-4572.064,315.701,True,False,29.58117
572.24,FINE,THRUST,79959.378,30.5655701,0.5881363,119.64969,0.19583,False,False,-3.66666,2282.67948,2278.99923,-3.68025,0,0.02469,0.82011,0,0,0.82011,0,0,65.26793,0.8201125,0.01256532,84627.642,79701.617,-4627.642,298.383,True,False,29.09198
572.38,FINE,THRUST,79958.888,30.5655966,0.5880364,119.81349,0.19554,False,False,-3.56543,2282.74019,2279.00007,-3.74012,0,0.02509,0.80672,0,0,0.80672,0,0,65.27033,0.8067152,0.0123596,84682.143,79717.934,-4682.143,282.066,True,False,28.27258
572.54,FINE,THRUST,79958.347,30.5656255,0.5879264,119.98326,0.19523,False,False,-3.45051,2282.80651,2279.00099,-3.80552,0,0.02553,0.79142,0,0,0.79142,0,0,65.27302,0.7914154,0.01212469,84741.98,79735.448,-4741.98,264.552,True,False,26.96378
572.68,FINE,THRUST,79957.891,30.5656494,0.5878346,120.1126,0.195,False,False,-3.35003,2282.86136,2279.00177,-3.85959,0,0.02589,0.77795,0,0,0.77795,0,0,65.27534,0.7779518,0.011918,84791.457,79749.885,-4791.457,250.115,True,False,25.52902
572.82,FINE,THRUST,79957.45,30.5656718,0.5877482,120.2185,0.1948,False,False,-3.24976,2282.91251,2279.00252,-3.90999,0,0.02623,0.76445,0,0,0.76445,0,0,65.27762,0.7644455,0.01171068,84837.379,79763.498,-4837.379,236.502,True,False,23.86206
572.96,FINE,THRUST,79957.019,30.5656925,0.5876676,120.2984,0.19465,False,False,-3.14942,2282.95963,2279.00325,-3.95638,0,0.02654,0.75086,0,0,0.75086,0,0,65.27985,0.7508602,0.01150217,84879.281,79776.357,-4879.281,223.643,True,False,22.00345
573.12,FINE,THRUST,79956.547,30.5657139,0.5875833,120.35444,0.19453,False,False,-3.0347,2283.00816,2279.00407,-4.00409,0,0.02686,0.7353,0,0,0.7353,0,0,65.28237,0.7353008,0.01126339,84921.684,79790.165,-4921.684,209.835,True,False,19.70005
573.26,FINE,THRUST,79956.15,30.5657307,0.5875167,120.37132,0.19449,False,False,-2.93415,2283.04574,2279.00474,-4.041,0,0.02711,0.72155,0,0,0.72155,0,0,65.28452,0.7215517,0.01105242,84953.717,79801.546,-4953.717,198.454,True,False,17.57778
573.4,FINE,THRUST,79955.766,30.5657456,0.5874572,120.35584,0.19449,False,False,-2.83397,2283.07852,2279.0054,-4.07312,0,0.02733,0.70781,0,0,0.70781,0,0,65.28663,0.7078107,0.01084159,84980.707,79812.249,-4980.707,187.751,True,False,15.40282
573.54,FINE,THRUST,79955.395,30.5657587,0.5874047,120.30825,0.19456,False,False,-2.73422,2283.10653,2279.00603,-4.1005,0,0.02751,0.69409,0,0,0.69409,0,0,65.28871,0.6940867,0.01063104,85002.659,79822.319,-5002.659,177.681,True,False,13.21847
573.7,FINE,THRUST,79954.986,30.5657713,0.5873533,120.21517,0.19469,False,False,-2.62108,2283.13284,2279.00673,-4.1261,0,0.02768,0.67848,0,0,0.67848,0,0,65.29102,0.6784808,0.01039164,85021.692,79833.079,-5021.692,166.921,True,False,10.76542
573.84,FINE,THRUST,79954.641,30.5657806,0.5873153,120.10151,0.19487,False,False,-2.52284,2283.15107,2279.00732,-4.14375,0,0.0278,0.6649,0,0,0.6649,0,0,65.29302,0.6648969,0.01018328,85033.261,79841.89,-5033.261,158.11,True,False,8.70361
573.98,FINE,THRUST,79954.308,30.5657882,0.5872838,119.95897,0.19509,False,False,-2.42598,2283.16505,2279.00789,-4.15716,0,0.02789,0.65148,0,0,0.65148,0,0,65.29496,0.6514829,0.00997754,85040.344,79850.126,-5040.344,149.874,True,False,6.76182
574.12,FINE,THRUST,79953.987,30.5657943,0.5872581,119.79024,0.19535,False,False,-2.3305,2283.17515,2279.00844,-4.16671,0,0.02796,0.63824,0,0,0.63824,0,0,65.29688,0.6382399,0.00977443,85043.348,79857.832,-5043.348,142.168,True,False,4.97919
574.28,FINE,THRUST,79953.635,30.5657997,0.5872352,119.56883,0.19571,False,False,-2.22332,2283.18245,2279.00904,-4.17341,0,0.028,0.62335,0,0,0.62335,0,0,65.29901,0.623351,0.0095461,85042.354,79866.024,-5042.354,133.976,True,False,3.19973
574.42,FINE,THRUST,79953.34,30.5658033,0.5872198,119.35477,0.19606,False,False,-2.13113,2283.1856,2279.00955,-4.17605,0,0.02802,0.61052,0,0,0.61052,0,0,65.30084,0.6105171,0.0093493,85038.13,79872.706,-5038.13,127.294,True,False,1.96992
574.56,FINE,THRUST,79953.056,30.5658059,0.5872084,119.1242,0.19643,False,False,-2.04089,2283.18618,2279.01004,-4.17614,0,0.02802,0.59794,0,0,0.59794,0,0,65.30263,0.5979368,0.0091564,85031.327,79878.935,-5031.327,121.065,True,False,1.31215
574.7,FINE,THRUST,79952.784,30.5658077,0.5872007,118.87751,0.19684,False,False,-1.95246,2283.18469,2279.0105,-4.17419,0,0.02801,0.58558,0,0,0.58558,0,0,65.30438,0.5855828,0.00896698,85022.499,79884.755,-5022.499,115.245,True,False,1.47996
574.86,FINE,THRUST,79952.488,30.5658086,0.5871964,118.57742,0.19733,False,False,-1.85364,2283.18107,2279.01101,-4.17005,0,0.02798,0.57174,0,0,0.57174,0,0,65.30634,0.5717425,0.00875478,85010.626,79890.941,-5010.626,109.059,True,False,2.06494
575,FINE,THRUST,79952.242,30.5658087,0.5871962,118.30066,0.19779,False,False,-1.76886,2283.17671,2279.01144,-4.16527,0,0.02795,0.55983,0,0,0.55983,0,0,65.30802,0.5598307,0.00857216,84999.231,79895.99,-4999.231,104.01,True,False,2.50543
575.14,FINE,THRUST,79952.007,30.5658081,0.587199,118.01239,0.19828,False,False,-1.686,2283.17172,2279.01184,-4.15988,0,0.02791,0.54815,0,0,0.54815,0,0,65.30966,0.5481529,0.00839314,84987.468,79900.701,-4987.468,99.299,True,False,2.78905
575.28,FINE,THRUST,79951.784,30.5658069,0.5872044,117.71469,0.19878,False,False,-1.60481,2283.16651,2279.01223,-4.15429,0,0.02787,0.53667,0,0,0.53667,0,0,65.31126,0.5366711,0.00821713,84975.793,79905.107,-4975.793,94.893,True,False,2.9064
575.44,FINE,THRUST,79951.543,30.5658052,0.5872123,117.36904,0.19937,False,False,-1.51405,2283.16067,2279.01264,-4.14803,0,0.02783,0.52378,0,0,0.52378,0,0,65.31306,0.5237821,0.00801956,84962.998,79909.79,-4962.998,90.21,True,False,2.85588
575.58,FINE,THRUST,79951.343,30.5658037,0.5872196,117.06663,0.19989,False,False,-1.43612,2283.15591,2279.01299,-4.14293,0,0.0278,0.51266,0,0,0.51266,0,0,65.3146,0.5126642,0.00784915,84952.561,79913.607,-4952.561,86.393,True,False,2.68109
575.72,FINE,THRUST,79951.155,30.5658023,0.5872264,116.76831,0.2004,True,False,-1.35988,2283.15173,2279.01331,-4.13842,0,0.02777,0.50174,8,0,0.50174,8,0,65.3161,8.0157187,0.12272194,84943.133,79917.158,-4943.133,82.842,True,False,-86.13663
575.88,FINE,THRUST,79951.035,30.5657945,0.5872641,116.30533,0.20121,True,False,-0.82663,2283.12343,2279.01364,-4.1098,0,0.02757,0.41784,8,0,0.41784,8,0,65.33656,8.0109046,0.12260984,84887.437,79937.692,-4887.437,62.308,True,False,-86.16695
576.04,FINE,THRUST,79951.12,30.5657457,0.5875058,115.03259,0.20351,True,False,0.45255,2283.08154,2279.01366,-4.06787,0,0.02729,0.21356,8,0,0.21356,8,0,65.36326,8.0028501,0.12243652,84828.193,79946.288,-4828.193,53.712,True,False,-86.32674
576.2,FINE,THRUST,79951.408,30.5657022,0.5877255,113.88425,0.20564,True,False,1.73164,2283.06505,2279.01335,-4.0517,0,0.02718,0.00783,8,0,0.00783,8,0,65.38995,8.0000038,0.12234301,84860.453,79895.672,-4860.453,104.328,True,False,-85.74272
576.36,FINE,THRUST,79951.897,30.5657018,0.5877269,113.58649,0.20618,True,False,3.01035,2283.05073,2279.0127,-4.03804,0,0.02709,-0.19916,8,0,-0.19916,8,0,65.41664,8.0024788,0.12233094,84953.268,79788.796,-4953.268,211.204,True,False,-84.41879
576.52,FINE,THRUST,79952.586,30.5657654,0.587396,114.56187,0.2043,True,False,4.28737,2283.02415,2279.01171,-4.01244,0,0.02692,-0.40709,8,0,-0.40709,8,0,65.44334,8.0103508,0.12240132,85083.63,79631.284,-5083.63,368.716,True,False,-82.34767
576.68,FINE,THRUST,79953.47,30.5659099,0.5866482,117.27961,0.19931,False,False,5.55868,2282.97465,2279.01039,-3.96426,0,0.0266,-0.61521,0,0,-0.61521,0,0,65.47008,0.6152099,0.00939681,85232.525,79429.321,-5232.525,570.679,True,False,-164.09298
576.82,FINE,THRUST,79954.34,30.5660534,0.5859166,120.19554,0.19423,False,False,6.37212,2282.92589,2279.00899,-3.9169,0,0.02628,-0.75041,0,0,-0.75041,0,0,65.47805,0.7504087,0.01146046,85330.701,79278.46,-5330.701,721.54,True,False,-159.51271
576.96,FINE,THRUST,79955.213,30.5660767,0.5857978,120.44991,0.19378,False,False,6.46413,2282.9153,2279.00753,-3.90777,0,0.02622,-0.77065,0,0,-0.77065,0,0,65.48012,0.7706451,0.01176915,85339.577,79260.773,-5339.577,739.227,True,False,-154.44026
577.1,FINE,THRUST,79956.089,30.5661118,0.5856175,120.99169,0.19285,False,False,6.56731,2282.90055,2279.00606,-3.89449,0,0.02613,-0.79266,0,0,-0.79266,0,0,65.48236,0.7926633,0.01210499,85346.445,79240.183,-5346.445,759.817,True,False,-148.87818
577.26,FINE,THRUST,79957.092,30.5661641,0.5853477,121.92494,0.19129,False,False,6.68379,2282.87914,2279.00438,-3.87476,0,0.026,-0.81758,0,0,-0.81758,0,0,65.48499,0.8175847,0.01248507,85349.57,79215.965,-5349.57,784.035,True,False,-141.925
577.4,FINE,THRUST,79957.969,30.5662211,0.5850526,123.05222,0.18944,False,False,6.78231,2282.85577,2279.00291,-3.85285,0,0.02585,-0.83882,0,0,-0.83882,0,0,65.48736,0.8388157,0.01280882,85347.086,79194.466,-5347.086,805.534,True,False,-135.3534
577.54,FINE,THRUST,79958.843,30.5662894,0.5846987,124.51537,0.18709,False,False,6.87586,2282.82719,2279.00144,-3.82574,0,0.02567,-0.85921,0,0,-0.85921,0,0,65.48979,0.8592066,0.0131197,85338.472,79172.873,-5338.472,827.127,True,False,-128.36485
577.68,FINE,THRUST,79959.714,30.5663688,0.5842882,126.34053,0.18426,False,False,6.96175,2282.7934,2278.99998,-3.79342,0,0.02545,-0.87832,0,0,-0.87832,0,0,65.49229,0.8783192,0.01341103,85323.201,79151.698,-5323.201,848.302,True,False,-120.98995
577.84,FINE,THRUST,79960.704,30.5664724,0.5837555,128.90166,0.18043,False,False,7.04733,2282.74889,2278.99832,-3.75057,0,0.02516,-0.89808,0,0,-0.89808,0,0,65.4952,0.8980788,0.01371213,85297.449,79128.723,-5297.449,871.277,True,False,-112.12001
577.98,FINE,THRUST,79961.565,30.5665727,0.5832436,131.56744,0.17662,False,False,7.10816,2282.70571,2278.99687,-3.70884,0,0.02488,-0.91306,0,0,-0.91306,0,0,65.49781,0.91306,0.01394031,85267.954,79110.478,-5267.954,889.522,True,False,-103.99209
578.12,FINE,THRUST,79962.421,30.5666808,0.5826975,134.64553,0.17241,False,False,7.15356,2282.65945,2278.99543,-3.66402,0,0.02458,-0.92552,0,0,-0.92552,0,0,65.50046,0.9255211,0.01412999,85232.343,79094.628,-5232.343,905.372,True,False,-95.54261
578.26,FINE,THRUST,79963.273,30.5667943,0.5821311,138.11399,0.16792,False,False,7.18122,2282.61147,2278.994,-3.61748,0,0.02427,-0.9351,0,0,-0.9351,0,0,65.50316,0.9350994,0.01427564,85191.453,79081.944,-5191.453,918.056,True,False,-86.78204
578.42,FINE,THRUST,79964.241,30.5669273,0.5814775,142.50284,0.16256,False,False,7.18882,2282.55645,2278.99237,-3.56407,0,0.02391,-0.94217,0,0,-0.94217,0,0,65.50627,0.9421695,0.01438289,85139.627,79072.232,-5139.627,927.768,True,False,-76.40273
578.56,FINE,THRUST,79965.087,30.5670429,0.5809186,146.62341,0.15783,False,False,7.17315,2282.51006,2278.99095,-3.51911,0,0.02361,-0.94478,0,0,-0.94478,0,0,65.50902,0.9447757,0.01442207,85091.422,79068.631,-5091.422,931.369,True,False,-67.03834
578.7,FINE,THRUST,79965.935,30.5671544,0.5803879,150.88695,0.15323,False,False,7.1354,2282.46785,2278.98954,-3.47831,0,0.02333,-0.94388,0,0,-0.94388,0,0,65.51178,0.9438759,0.01440773,85042.779,79070.397,-5042.779,929.603,True,False,-57.56475
578.84,FINE,THRUST,79966.788,30.5672577,0.5799035,155.09866,0.14894,False,False,7.07506,2282.43297,2278.98811,-3.44486,0,0.02311,-0.93944,0,0,-0.93944,0,0,65.51454,0.9394351,0.01433934,84996.745,79078.263,-4996.745,921.737,True,False,-48.14031
579,FINE,THRUST,79967.774,30.5673605,0.5794278,159.53592,0.14468,False,False,6.98133,2282.40415,2278.98647,-3.41768,0,0.02293,-0.93053,0,0,-0.93053,0,0,65.51768,0.930528,0.0142027,84950.041,79094.485,-4950.041,905.515,True,False,-37.65238
579.14,FINE,THRUST,79968.647,30.5674333,0.579094,162.79475,0.1417,False,False,6.88159,2282.38837,2278.98502,-3.40336,0,0.02283,-0.92003,0,0,-0.92003,0,0,65.52041,0.9200251,0.01404181,84915.026,79114.069,-4915.026,885.931,True,False,-28.95564
579.28,FINE,THRUST,79969.521,30.5674876,0.5788463,165.21023,0.13957,False,False,6.76998,2282.3783,2278.98355,-3.39475,0,0.02277,-0.90771,0,0,-0.90771,0,0,65.52311,0.907707,0.01385324,84883.369,79137.038,-4883.369,862.962,True,False,-20.88605
579.42,FINE,THRUST,79970.409,30.5675246,0.5786767,166.75343,0.13824,False,False,6.65173,2282.37406,2278.98208,-3.39198,0,0.02275,-0.8944,0,0,-0.8944,0,0,65.52577,0.8943972,0.01364955,84856.424,79162.225,-4856.424,837.775,True,False,-13.68037
579.58,FINE,THRUST,79971.427,30.5675482,0.5785681,167.48196,0.13761,False,False,6.51349,2282.37662,2278.98037,-3.39624,0,0.02278,-0.87882,0,0,-0.87882,0,0,65.52877,0.878816,0.01341115,84832.867,79192.607,-4832.867,807.393,True,False,-7.78408
579.72,FINE,THRUST,79972.319,30.5675542,0.5785403,167.26936,0.13778,False,False,6.39273,2282.38501,2278.97888,-3.40613,0,0.02285,-0.86527,0,0,-0.86527,0,0,65.53135,0.8652659,0.01320385,84818.952,79219.834,-4818.952,780.166,True,False,-8.01048
579.86,FINE,THRUST,79973.207,30.5675481,0.5785691,166.34485,0.13855,False,False,6.27476,2282.3986,2278.97739,-3.42122,0,0.02295,-0.85219,0,0,-0.85219,0,0,65.53389,0.8521901,0.01300381,84811.339,79246.965,-4811.339,753.035,True,False,-12.3989
580,FINE,THRUST,79974.09,30.5675317,0.5786486,164.81155,0.13986,False,False,6.16095,2282.41689,2278.9759,-3.44099,0,0.02308,-0.83979,0,0,-0.83979,0,0,65.5364,0.8397858,0.01281404,84809.821,79273.597,-4809.821,726.403,True,False,17.636
580.16,FINE,THRUST,79975.09,30.5675024,0.5787945,162.45909,0.14192,False,False,6.03735,2282.44286,2278.97422,-3.46865,0,0.02327,-0.82663,0,0,-0.82663,0,0,65.53921,0.8266294,0.01261274,84815.171,79303.005,-4815.171,696.995,True,False,23.50101
580.3,FINE,THRUST,79975.956,30.5674692,0.5789649,159.99829,0.14415,False,False,5.93535,2282.46956,2278.97276,-3.4968,0,0.02346,-0.81607,0,0,-0.81607,0,0,65.54164,0.8160726,0.01245121,84825.679,79327.653,-4825.679,672.347,True,False,28.28774
580.44,FINE,THRUST,79976.811,30.5674305,0.5791694,157.27671,0.1467,False,False,5.83972,2282.49946,2278.97131,-3.52814,0,0.02367,-0.80649,0,0,-0.80649,0,0,65.54403,0.8064939,0.01230461,84841.214,79351.092,-4841.214,648.908,True,False,32.68264
580.58,FINE,THRUST,79977.654,30.5673875,0.5794039,154.38279,0.14951,False,False,5.75032,2282.53226,2278.96989,-3.56237,0,0.0239,-0.79786,0,0,-0.79786,0,0,65.5464,0.7978605,0.01217245,84861.435,79373.319,-4861.435,626.681,True,False,36.66182
580.74,FINE,THRUST,79978.603,30.5673346,0.579703,150.96285,0.15298,False,False,5.65553,2282.57298,2278.96829,-3.60469,0,0.02418,-0.7891,0,0,-0.7891,0,0,65.54908,0.7891027,0.01203835,84889.859,79397.255,-4889.859,602.745,True,False,40.68929
580.88,FINE,THRUST,79979.419,30.5672861,0.5799882,147.9375,0.15619,False,False,5.57852,2282.61127,2278.9669,-3.64436,0,0.02445,-0.78232,0,0,-0.78232,0,0,65.55139,0.7823206,0.01193446,84919.104,79417.013,-4919.104,582.987,True,False,43.75541
581.02,FINE,THRUST,79980.223,30.5672363,0.5802909,144.9377,0.15951,False,False,5.50674,2282.65183,2278.96555,-3.68629,0,0.02473,-0.77631,0,0,-0.77631,0,0,65.55368,0.7763052,0.01184228,84952.122,79435.711,-4952.122,564.289,True,False,46.39598
581.16,FINE,THRUST,79981.013,30.5671861,0.5806078,141.99779,0.1629,False,False,5.43953,2282.69465,2278.96421,-3.73044,0,0.02503,-0.77095,0,0,-0.77095,0,0,65.55596,0.7709522,0.01176022,84988.759,79453.479,-4988.759,546.521,True,False,48.61771
581.32,FINE,THRUST,79981.899,30.5671289,0.5809833,138.74713,0.16683,False,False,5.36755,2282.7463,2278.96271,-3.78359,0,0.02538,-0.76552,0,0,-0.76552,0,0,65.55854,0.7655215,0.01167691,85034.881,79472.795,-5034.881,527.205,True,False,50.65215
581.46,FINE,THRUST,79982.66,30.5670795,0.5813202,136.01934,0.17028,False,False,5.30803,2282.79396,2278.96142,-3.83254,0,0.02571,-0.76125,0,0,-0.76125,0,0,65.56078,0.7612476,0.01161133,85078.89,79488.98,-5078.89,511.02,True,False,52.00102
581.6,FINE,THRUST,79983.409,30.5670314,0.5816608,133.41992,0.1737,False,False,5.25115,2282.8439,2278.96015,-3.88374,0,0.02605,-0.75733,0,0,-0.75733,0,0,65.56301,0.7573264,0.01155112,85126.197,79504.601,-5126.197,495.399,True,False,52.96307
581.74,FINE,THRUST,79984.144,30.5669851,0.5820003,130.96911,0.17706,False,False,5.19613,2282.89656,2278.95891,-3.93765,0,0.02642,-0.75364,0,0,-0.75364,0,0,65.56524,0.7536392,0.01149449,85177.154,79519.83,-5177.154,480.17,True,False,53.56392
581.9,FINE,THRUST,79984.97,30.5669354,0.5823799,128.37336,0.18076,False,False,5.13467,2282.96054,2278.95751,-4.00303,0,0.02686,-0.74958,0,0,-0.74958,0,0,65.56775,0.7495799,0.01143214,85240.25,79536.926,-5240.25,463.074,True,False,53.83632
582.04,FINE,THRUST,79985.679,30.5668949,0.5827009,126.28365,0.18386,False,False,5.08151,2283.01978,2278.95631,-4.06347,0,0.02726,-0.74606,0,0,-0.74606,0,0,65.56995,0.7460645,0.01137815,85299.553,79551.689,-5299.553,448.311,True,False,53.72948
582.18,FINE,THRUST,79986.377,30.5668575,0.5830085,124.36053,0.18681,False,False,5.02851,2283.08163,2278.95513,-4.12649,0,0.02768,-0.74252,0,0,-0.74252,0,0,65.57214,0.7425157,0.01132365,85362.157,79566.277,-5362.157,433.723,True,False,53.30946
582.32,FINE,THRUST,79987.062,30.566823,0.5833014,122.59359,0.1896,False,False,4.97524,2283.1456,2278.95397,-4.19163,0,0.02812,-0.73886,0,0,-0.73886,0,0,65.57431,0.7388609,0.01126753,85427.466,79580.697,-5427.466,419.303,True,False,52.57997
582.48,FINE,THRUST,79987.832,30.5667872,0.5836166,120.75451,0.1926,False,False,4.9135,2283.22064,2278.95267,-4.26797,0,0.02863,-0.73447,0,0,-0.73447,0,0,65.57679,0.7344676,0.01120012,85504.607,79596.976,-5504.607,403.024,True,False,51.36517
582.62,FINE,THRUST,79988.492,30.5667589,0.5838754,119.28741,0.19506,False,False,4.85826,2283.28728,2278.95155,-4.33573,0,0.02909,-0.73035,0,0,-0.73035,0,0,65.57894,0.7303538,0.01113702,85573.445,79611.047,-5573.445,388.953,True,False,49.96331
582.76,FINE,THRUST,79989.14,30.5667331,0.5841182,117.9407,0.19737,False,False,4.80155,2283.35404,2278.95045,-4.40359,0,0.02955,-0.72593,0,0,-0.72593,0,0,65.58108,0.7259297,0.01106919,85642.591,79624.934,-5642.591,375.066,True,False,48.23811
582.9,FINE,THRUST,79989.777,30.5667097,0.5843458,116.70168,0.19955,False,False,4.74298,2283.42026,2278.94938,-4.47089,0,0.03,-0.72113,0,0,-0.72113,0,0,65.58321,0.7211274,0.01099561,85711.236,79638.644,-5711.236,361.356,True,False,46.1825
583.06,FINE,THRUST,79990.49,30.5666857,0.584588,115.40391,0.20189,True,False,4.67333,2283.49436,2278.94817,-4.5462,0,0.0305,-0.7151,8,0,-0.7151,8,0,65.58562,8.0318971,0.12246429,85787.972,79654.092,-5787.972,345.908,True,False,106.32736
583.22,FINE,THRUST,79991.13,30.5665829,0.5856872,110.9674,0.21038,True,False,4.29729,2283.84067,2278.94701,-4.89366,0,0.03284,-0.6617,8,0,-0.6617,8,0,65.60637,8.0273192,0.12235578,86138.783,79722.967,-6138.783,277.033,True,False,104.26552
583.38,FINE,THRUST,79991.619,30.566346,0.5884583,102.15372,0.22969,True,False,3.37974,2284.5949,2278.94606,-5.64884,0,0.03791,-0.52359,8,0,-0.52359,8,0,65.63324,8.0171157,0.12215023,86928.202,79844.832,-6928.202,155.168,True,False,101.95682
583.54,FINE,THRUST,79991.951,30.5661371,0.5912006,95.36271,0.24727,True,False,2.40721,2285.2974,2278.94537,-6.35203,0,0.04264,-0.37534,8,0,-0.37534,8,0,65.66009,8.0088002,0.12197363,87697.67,79925.306,-7697.67,74.694,True,False,98.94689
583.7,FINE,THRUST,79992.12,30.5659711,0.5936133,90.47719,0.26176,True,False,1.37704,2285.95202,2278.94495,-7.00707,0,0.04704,-0.21652,8,0,-0.21652,8,0,65.68693,8.0029296,0.12183444,88443.174,79972.829,-8443.174,27.171,True,False,95.23784
583.86,FINE,THRUST,79992.12,30.5658552,0.5954462,87.25581,0.27234,True,False,0.28997,2286.55322,2278.94481,-7.60842,0,0.05108,-0.04718,8,0,-0.04718,8,0,65.71375,8.0001391,0.12174224,89152.986,79992.232,-9152.986,7.768,True,False,90.8409
584.02,FINE,THRUST,79991.949,30.5657945,0.5964708,85.55774,0.27829,True,False,-0.84836,2287.09144,2278.94495,-8.14649,0,0.0547,0.13187,8,0,0.13187,8,0,65.74057,8.0010869,0.121707,89812.348,79986.427,-9812.348,13.573,True,False,85.76944
584.18,FINE,THRUST,79991.599,30.5657931,0.5964922,85.38278,0.27892,True,False,-2.02655,2287.55462,2278.94539,-8.60924,0,0.05782,0.31894,8,0,0.31894,8,0,65.7674,8.0063552,0.12173744,90404.435,79957.368,-10404.435,42.632,True,False,80.03845
584.34,FINE,THRUST,79991.086,30.5658545,0.5953773,86.90561,0.27357,True,False,-3.22638,2287.929,2278.94611,-8.98289,0,0.06033,0.51117,8,0,0.51117,8,0,65.79426,8.016314,0.12183912,90910.522,79906.759,-10910.522,93.241,True,False,73.67798
584.5,FINE,THRUST,79990.411,30.5659832,0.5930614,90.60248,0.26141,True,False,-4.4227,2288.19093,2278.94711,-9.24383,0,0.06209,0.70463,8,0,0.70463,8,0,65.82115,8.0309712,0.12201201,91299.722,79836.429,-11299.722,163.571,True,False,66.80563
584.66,FINE,THRUST,79989.583,30.5661834,0.5896074,97.43915,0.24167,True,False,-5.57801,2288.31133,2278.94837,-9.36296,0,0.06289,0.89349,8,0,0.89349,8,0,65.8481,8.0497411,0.12224712,91533.693,79748.902,-11533.693,251.098,True,False,59.59648
584.82,FINE,THRUST,79988.614,30.5664554,0.5852937,109.23422,0.21399,True,False,-6.64186,2288.28667,2278.94988,-9.33679,0,0.06271,1.06965,8,0,1.06965,8,0,65.87513,8.0711924,0.12252261,91603.088,79648.896,-11603.088,351.104,True,False,52.24729
584.98,FINE,THRUST,79987.523,30.5667939,0.5806089,129.69471,0.17878,False,False,-7.56724,2288.12622,2278.95161,-9.17462,0,0.06162,1.22541,0,0,1.22541,0,0,65.90223,1.2254093,0.01859435,91512.627,79542.745,-11512.627,457.255,True,False,124.68074
585.12,FINE,THRUST,79986.514,30.5670505,0.5775831,151.87164,0.15187,False,False,-8.08501,2287.95835,2278.95327,-9.00508,0,0.06048,1.31574,0,0,1.31574,0,0,65.91159,1.3157437,0.01996225,91376.058,79472.538,-11376.058,527.462,True,False,116.3635
585.26,FINE,THRUST,79985.506,30.5671087,0.5769463,157.82838,0.14597,False,False,-8.16065,2287.92632,2278.95496,-8.97136,0,0.06025,1.33453,0,0,1.33453,0,0,65.91539,1.3345251,0.02024603,91344.957,79460.351,-11344.957,539.649,True,False,107.99084
585.4,FINE,THRUST,79984.499,30.5671728,0.5762563,165.23131,0.13926,False,False,-8.21681,2287.88798,2278.95665,-8.93133,0,0.05998,1.35023,0,0,1.35023,0,0,65.91929,1.3502297,0.02048307,91304.126,79450.088,-11304.126,549.912,True,False,99.54322
585.56,FINE,THRUST,79983.351,30.5672475,0.575468,175.15773,0.13119,False,False,-8.25069,2287.83173,2278.95858,-8.87316,0,0.05959,1.3634,0,0,1.3634,0,0,65.92382,1.3633991,0.02068143,91239.214,79441.33,-11239.214,558.67,True,False,89.77389
585.7,FINE,THRUST,79982.349,30.567312,0.5748045,185.06635,0.12402,False,False,-8.25173,2287.77037,2278.96026,-8.81011,0,0.05917,1.37041,0,0,1.37041,0,0,65.92782,1.3704137,0.02078658,91164.661,79436.507,-11164.661,563.493,True,False,81.12169
585.84,FINE,THRUST,79981.349,30.5673738,0.5741847,195.98997,0.11698,False,False,-8.22481,2287.69783,2278.96194,-8.7359,0,0.05867,1.37301,0,0,1.37301,0,0,65.93184,1.3730134,0.02082474,91073.554,79434.549,-11073.554,565.451,True,False,72.41726
585.98,FINE,THRUST,79980.35,30.5674305,0.5736296,207.52503,0.11036,False,False,-8.16859,2287.61405,2278.96361,-8.65044,0,0.05809,1.37099,0,0,1.37099,0,0,65.93588,1.3709885,0.02079275,90965.617,79435.654,-10965.617,564.346,True,False,63.8215
586.14,FINE,THRUST,79979.206,30.5674856,0.573101,220.43743,0.1038,False,False,-8.06789,2287.50491,2278.96552,-8.53939,0,0.05735,1.36293,0,0,1.36293,0,0,65.94049,1.362934,0.02066915,90822.021,79440.789,-10822.021,559.211,True,False,54.37144
586.28,FINE,THRUST,79978.205,30.5675237,0.5727413,230.48315,0.09921,False,False,-7.95157,2287.40212,2278.9672,-8.43492,0,0.05664,1.35143,0,0,1.35143,0,0,65.94451,1.3514322,0.02049348,90684.306,79448.462,-10684.306,551.538,True,False,46.58377
586.42,FINE,THRUST,79977.204,30.5675522,0.572472,238.66578,0.09576,False,False,-7.81491,2287.29864,2278.96888,-8.32976,0,0.05594,1.33669,0,0,1.33669,0,0,65.94849,1.3366853,0.02026862,90543.234,79458.683,-10543.234,541.317,True,False,39.3586
586.56,FINE,THRUST,79976.205,30.567572,0.572284,244.54771,0.09342,False,False,-7.66318,2287.19907,2278.97056,-8.22851,0,0.05526,1.31949,0,0,1.31949,0,0,65.95244,1.3194921,0.02000672,90404.847,79471.02,-10404.847,528.98,True,False,32.85211
586.72,FINE,THRUST,79975.067,30.5675847,0.5721611,248.0156,0.09209,False,False,-7.47665,2287.09465,2278.97247,-8.12218,0,0.05454,1.29766,0,0,1.29766,0,0,65.95689,1.2976575,0.01967433,90256.081,79487.244,-10256.081,512.756,True,False,26.76958
586.86,FINE,THRUST,79974.077,30.5675878,0.5721293,248.03717,0.09207,False,False,-7.30521,2287.01593,2278.97413,-8.0418,0,0.054,1.27712,0,0,1.27712,0,0,65.96073,1.2771248,0.0193619,90139.749,79503.069,-10139.749,496.931,True,False,23.24693
587,FINE,THRUST,79973.094,30.5675847,0.5721631,245.4258,0.09305,False,False,-7.13106,2286.9507,2278.97579,-7.97492,0,0.05355,1.25603,0,0,1.25603,0,0,65.96451,1.2560309,0.01904101,90039.005,79519.819,-10039.005,480.181,True,False,21.85332
587.14,FINE,THRUST,79972.12,30.5675764,0.5722562,240.63378,0.09492,False,False,-6.95824,2286.89761,2278.97743,-7.92018,0,0.05318,1.23502,0,0,1.23502,0,0,65.96821,1.2350155,0.01872137,89952.832,79536.863,-9952.832,463.137,True,False,22.54294
587.3,FINE,THRUST,79971.022,30.5675622,0.5724284,233.17384,0.09798,False,False,-6.76617,2286.85023,2278.97928,-7.87095,0,0.05285,1.21169,0,0,1.21169,0,0,65.97239,1.2116947,0.01836669,89870.906,79556.107,-9870.906,443.893,True,False,25.1706
587.44,FINE,THRUST,79970.076,30.5675467,0.572632,225.4796,0.10136,False,False,-6.6046,2286.81931,2278.98088,-7.83843,0,0.05263,1.19217,0,0,1.19217,0,0,65.97598,1.1921678,0.01806973,89812.653,79572.447,-9812.653,427.553,True,False,28.33712
587.58,FINE,THRUST,79969.146,30.5675295,0.5728804,217.19642,0.10527,False,False,-6.45085,2286.79737,2278.98245,-7.81492,0,0.05247,1.17374,0,0,1.17374,0,0,65.9795,1.1737391,0.01778945,89766.173,79588.061,-9766.173,411.939,True,False,31.81001
587.72,FINE,THRUST,79968.232,30.5675112,0.5731702,208.67736,0.10963,False,False,-6.30528,2286.78336,2278.984,-7.79936,0,0.05237,1.15646,0,0,1.15646,0,0,65.98297,1.1564615,0.01752667,89730.257,79602.861,-9730.257,397.139,True,False,35.29808
587.88,FINE,THRUST,79967.209,30.5674898,0.5735479,198.99988,0.11503,False,False,-6.14916,2286.77571,2278.98574,-7.78998,0,0.05231,1.13817,0,0,1.13817,0,0,65.98688,1.138167,0.01724839,89700.582,79618.7,-9700.582,381.3,True,False,39.08993
588.02,FINE,THRUST,79966.333,30.5674713,0.5739164,190.77563,0.12007,False,False,-6.0211,2286.77514,2278.98722,-7.78792,0,0.05229,1.12336,0,0,1.12336,0,0,65.99024,1.1233632,0.01702317,89683.085,79631.631,-9683.085,368.369,True,False,-42.13354
588.16,FINE,THRUST,79965.475,30.5674535,0.5743164,182.92291,0.12531,False,False,-5.90096,2286.77918,2278.98868,-7.7905,0,0.05231,1.10968,0,0,1.10968,0,0,65.99356,1.1096778,0.01681494,89672.186,79643.679,-9672.186,356.321,True,False,-44.86965
588.3,FINE,THRUST,79964.636,30.5674366,0.5747459,175.49455,0.13071,False,False,-5.78794,2286.7868,2278.9901,-7.7967,0,0.05235,1.09699,0,0,1.09699,0,0,65.99684,1.0969906,0.01662187,89666.549,79654.906,-9666.549,345.094,True,False,-47.25722
588.46,FINE,THRUST,79963.7,30.5674188,0.5752696,167.5617,0.13703,False,False,-5.66655,2286.79835,2278.99169,-7.80667,0,0.05242,1.08357,0,0,1.08357,0,0,66.00054,1.0835726,0.01641763,89664.598,79666.803,-9664.598,333.197,True,False,-49.54381
588.6,FINE,THRUST,79962.9,30.5674046,0.575755,161.10259,0.14264,False,False,-5.56607,2286.80967,2278.99305,-7.81662,0,0.05249,1.07261,0,0,1.07261,0,0,66.00374,1.0726135,0.0162508,89665.171,79676.486,-9665.171,323.514,True,False,-51.15057
588.74,FINE,THRUST,79962.118,30.5673921,0.5762624,155.0961,0.1483,False,False,-5.47023,2286.82113,2278.99437,-7.82675,0,0.05256,1.06228,0,0,1.06228,0,0,66.00691,1.0622823,0.0160935,89666.612,79685.547,-9666.612,314.453,True,False,-52.38789
588.88,FINE,THRUST,79961.354,30.5673812,0.5767903,149.5162,0.15397,False,False,-5.37808,2286.832,2278.99567,-7.83633,0,0.05262,1.05243,0,0,1.05243,0,0,66.01005,1.052429,0.01594347,89667.937,79694.078,-9667.937,305.922,True,False,-53.2623
589.04,FINE,THRUST,79960.502,30.5673708,0.5774159,143.63298,0.16045,False,False,-5.27618,2286.84297,2278.99712,-7.84585,0,0.05268,1.04159,0,0,1.04159,0,0,66.0136,1.0415867,0.01577836,89668.309,79703.283,-9668.309,296.717,True,False,-53.81565
589.18,FINE,THRUST,79959.775,30.5673636,0.577981,138.8848,0.1661,False,False,-5.18898,2286.85084,2278.99835,-7.85249,0,0.05273,1.03231,0,0,1.03231,0,0,66.01668,1.0323052,0.01563704,89666.983,79710.962,-9666.983,289.038,True,False,-53.91595
589.32,FINE,THRUST,79959.065,30.5673581,0.5785587,134.49348,0.1717,False,False,-5.10293,2286.85683,2278.99956,-7.85727,0,0.05276,1.02311,0,0,1.02311,0,0,66.01972,1.023111,0.01549705,89663.701,79718.356,-9663.701,281.644,True,False,-53.65895
589.46,FINE,THRUST,79958.372,30.5673543,0.5791469,130.43235,0.17722,False,False,-5.01721,2286.86081,2279.00074,-7.86007,0,0.05278,1.01387,0,0,1.01387,0,0,66.02275,1.0138731,0.01535642,89658.243,79725.547,-9658.243,274.453,True,False,-53.05255
589.62,FINE,THRUST,79957.601,30.5673522,0.5798279,126.16923,0.18343,False,False,-4.91875,2286.86292,2279.00205,-7.86087,0,0.05279,1.00312,0,0,1.00312,0,0,66.02617,1.0031188,0.01519275,89649.268,79733.606,-9649.268,266.394,True,False,-51.92766
589.76,FINE,THRUST,79956.944,30.567352,0.5804283,122.74469,0.18874,False,False,-4.83131,2286.86277,2279.00316,-7.85961,0,0.05278,0.9934,0,0,0.9934,0,0,66.02913,0.9934006,0.01504488,89639.106,79740.599,-9639.106,259.401,True,False,-50.57084
589.9,FINE,THRUST,79956.305,30.5673535,0.5810277,119.59392,0.19391,False,False,-4.74219,2286.86097,2279.00425,-7.85672,0,0.05276,0.98332,0,0,0.98332,0,0,66.03207,0.9833166,0.0148915,89626.997,79747.583,-9626.997,252.417,True,False,-48.8663
590.04,FINE,THRUST,79955.682,30.5673564,0.5816225,116.69893,0.19893,False,False,-4.65076,2286.85779,2279.00531,-7.85248,0,0.05273,0.97277,0,0,0.97277,0,0,66.03497,0.9727653,0.01473106,89613.21,79754.614,-9613.21,245.386,True,False,-46.80815
590.201,FINE,THRUST,79954.882,30.5673614,0.5822903,113.68744,0.20443,True,False,-4.54287,2286.85285,2279.00649,-7.84637,0,0.05269,0.96004,8,0,0.96004,8,0,66.03785,8.0573986,0.12201183,89595.831,79762.757,-9595.831,237.243,True,False,-45.12441
590.39,FINE,THRUST,79953.976,30.5673629,0.582493,112.58524,0.2065,True,False,-4.50791,2286.85356,2279.00782,-7.84574,0,0.05268,0.95955,8,0,0.95955,8,0,66.03785,8.0573402,0.12201094,89591.26,79764.816,-9591.26,235.184,True,False,-45.12441
590.777,FINE,THRUST,79951.919,30.5673629,0.582493,112.16462,0.20728,True,False,-4.49556,2286.85711,2279.00959,-7.84752,0,0.0527,0.96431,8,0,0.96431,8,0,66.03785,8.0579092,0.12201956,89591.26,79764.816,-9591.26,235.184,True,False,-45.12441
591.553,FINE,THRUST,79948.399,30.5673629,0.582493,110.97168,0.20951,True,False,-4.46,2286.86727,2279.01466,-7.85261,0,0.05273,0.97793,8,0,0.97793,8,0,66.03785,8.0595496,0.1220444,89591.26,79764.816,-9591.26,235.184,True,False,-45.12441
592.427,FINE,THRUST,79944.483,30.5673629,0.582493,109.53647,0.21225,True,False,-4.41613,2286.87969,2279.02084,-7.85884,0,0.05277,0.99449,8,0,0.99449,8,0,66.03785,8.061576,0.12207508,89591.26,79764.816,-9591.26,235.184,True,False,-45.12441
593.398,FINE,THRUST,79940.182,30.5673629,0.582493,107.97631,0.21532,True,False,-4.36706,2286.89342,2279.02768,-7.86573,0,0.05282,1.01272,8,0,1.01272,8,0,66.03785,8.0638454,0.12210945,89591.26,79764.816,-9591.26,235.184,True,False,-45.12441
594.468,FINE,THRUST,79935.514,30.5673629,0.582493,106.30373,0.21871,True,False,-4.31276,2286.90842,2279.03516,-7.87326,0,0.05287,1.03253,8,0,1.03253,8,0,66.03785,8.0663567,0.12214748,89591.26,79764.816,-9591.26,235.184,True,False,-45.12441
596.087,FINE,THRUST,79928.074,30.5673629,0.582493,104.27974,0.22296,True,False,-4.24459,2286.92696,2279.0444,-7.88256,0,0.05293,1.05685,8,0,1.05685,8,0,66.03785,8.0695058,0.12219516,89591.26,79764.816,-9591.26,235.184,True,False,-45.12441
598.517,FINE,THRUST,79917.605,30.5673629,0.582493,101.15514,0.22985,True,False,-4.13371,2286.95646,2279.0591,-7.89736,0,0.05303,1.09513,8,0,1.09513,8,0,66.03785,8.0746083,0.12227243,89591.26,79764.816,-9591.26,235.184,True,False,-45.12441
601.73,FINE,THRUST,79904.425,30.5673629,0.582493,97.15986,0.2393,True,False,-3.98092,2286.99573,2279.07867,-7.91706,0,0.05317,1.14527,8,0,1.14527,8,0,66.03785,8.0815626,0.12237774,89591.26,79764.816,-9591.26,235.184,True,False,-45.12441
605.728,FINE,THRUST,79888.951,30.5673629,0.582493,92.52205,0.2513,True,False,-3.78598,2287.04356,2279.1025,-7.94106,0,0.05333,1.20493,8,0,1.20493,8,0,66.03785,8.0902315,0.12250901,89591.26,79764.816,-9591.26,235.184,True,False,-45.12441
610.509,FINE,THRUST,79871.703,30.5673629,0.582493,87.46908,0.26583,True,False,-3.54851,2287.0984,2279.12983,-7.96857,0,0.05352,1.27109,8,0,1.27109,8,0,66.03785,8.1003499,0.12266223,89591.26,79764.816,-9591.26,235.184,True,False,-45.12441
616.075,FINE,THRUST,79853.299,30.5673629,0.582493,82.20943,0.28284,True,False,-3.26813,2287.15836,2279.1597,-7.99866,0,0.05372,1.34011,8,0,1.34011,8,0,66.03785,8.1114667,0.12283057,89591.26,79764.816,-9591.26,235.184,True,False,-45.12441
622.424,FINE,THRUST,79834.467,30.5673629,0.582493,76.91838,0.30231,True,False,-2.94446,2287.22121,2279.19102,-8.03019,0,0.05394,1.40767,8,0,1.40767,8,0,66.03785,8.1229023,0.12300374,89591.26,79764.816,-9591.26,235.184,True,False,-45.12441
629.382,FINE,THRUST,79816.641,30.5673629,0.582493,71.74866,0.3241,True,False,-2.57832,2287.28416,2279.22239,-8.06177,0,0.05415,1.46864,8,0,1.46864,8,0,66.03785,8.1336887,0.12316708,89591.26,79764.816,-9591.26,235.184,True,False,-45.12441