MET,event,alt_m,lat_deg,inc_deg,surfspd_mps,orbspd_mps,vertspeed_mps,ap_m,pe_m,eta_ap_s,mass_t,throttle,dv_mps,q_atm
0,PRELAUNCH,82.261,-0.0972068,0.0972068,0.002,174.965,0.002,77.816,-598435.243,-0.02,2.79541,1,4003.239,0
0.22,LIFTOFF,82.503,-0.0972068,0.097207,2.046,174.976,2.046,78.423,-598435.264,0.19,2.69085,1,4000.578,5.9E-06
0.76,BOOSTER_ASCENT,85.018,-0.0972068,0.097207,7.088,175.107,7.088,83.302,-598435.259,0.707,2.68058,1,3992.672,0.0002178
1.34,BOOSTER_ASCENT,90.765,-0.0972068,0.0972068,12.546,175.412,12.546,94.543,-598435.239,1.266,2.66955,1,3980.474,0.0007633
1.92,BOOSTER_ASCENT,99.689,-0.0972068,0.0972072,18.044,175.888,18.044,112.091,-598435.247,1.83,2.65853,1,3968.915,0.0016467
2.5,BOOSTER_ASCENT,111.814,-0.0972069,0.0972083,23.582,176.537,23.582,136.036,-598435.272,2.397,2.6475,1,3957.617,0.002873
3.08,BOOSTER_ASCENT,127.162,-0.097207,0.0972099,29.158,177.362,29.158,166.464,-598435.303,2.969,2.63647,1,3950.344,0.0044459
3.66,BOOSTER_ASCENT,145.756,-0.0972071,0.0972114,34.769,178.363,34.769,203.455,-598435.34,3.545,2.62544,1,3939.476,0.0063681
4.24,BOOSTER_ASCENT,167.614,-0.0972073,0.0972117,40.415,179.54,40.415,247.087,-598435.385,4.124,2.61442,1,3928.536,0.0086407
4.82,BOOSTER_ASCENT,192.757,-0.097207,0.0972104,46.093,180.893,46.093,297.43,-598435.442,4.707,2.60339,1,3921.715,0.0112637
5.4,BOOSTER_ASCENT,221.201,-0.0972044,0.0979913,51.799,182.439,51.799,354.537,-598435.124,5.293,2.59236,1,3911.529,0.0142344
5.98,BOOSTER_ASCENT,252.961,-0.0971965,0.1112783,57.525,184.2,57.525,418.434,-598433.95,5.882,2.58134,1,3901.586,0.0175466
6.56,BOOSTER_ASCENT,288.047,-0.0971787,0.1601849,63.269,186.175,63.268,489.14,-598431.834,6.472,2.57031,1,3891.886,0.0211931
7.14,BOOSTER_ASCENT,326.468,-0.0971458,0.2514265,69.026,188.357,69.022,566.67,-598428.763,7.064,2.55928,1,3885.352,0.025166
7.72,BOOSTER_ASCENT,368.228,-0.0970923,0.3806933,74.795,190.74,74.786,651.028,-598424.715,7.658,2.54826,1,3876.041,0.0294562
8.3,BOOSTER_ASCENT,413.333,-0.0970128,0.5450163,80.574,193.318,80.554,742.207,-598419.654,8.252,2.53723,1,3866.95,0.0340532
8.88,BOOSTER_ASCENT,461.783,-0.0969016,0.7432898,86.359,196.084,86.324,840.19,-598413.537,8.847,2.5262,1,3860.824,0.0389454
9.46,BOOSTER_ASCENT,513.579,-0.0967531,0.9752328,92.148,199.031,92.09,944.947,-598406.314,9.443,2.51518,1,3852.085,0.0441199
10.04,BOOSTER_ASCENT,568.718,-0.0965614,1.2408705,97.94,202.151,97.85,1056.437,-598397.928,10.038,2.50415,1,3843.545,0.0495628
10.62,BOOSTER_ASCENT,627.194,-0.0963205,1.540315,103.734,205.437,103.601,1174.618,-598388.317,10.633,2.49312,1,3835.19,0.0552597
11.2,BOOSTER_ASCENT,689.001,-0.0960244,1.8744662,109.528,208.885,109.339,1299.443,-598377.378,11.227,2.4821,1,3829.804,0.0611968
11.78,BOOSTER_ASCENT,754.132,-0.0956665,2.2438601,115.323,212.488,115.063,1430.872,-598365.022,11.82,2.47107,1,3821.486,0.0673604
12.36,BOOSTER_ASCENT,822.579,-0.0952404,2.6464341,121.123,216.238,120.774,1568.891,-598351.243,12.413,2.46004,1,3813.579,0.0737394
12.94,BOOSTER_ASCENT,894.333,-0.0947396,3.081866,126.928,220.129,126.471,1713.46,-598335.954,13.006,2.44902,1,3808.471,0.0803207
13.52,BOOSTER_ASCENT,969.386,-0.0941578,3.5497163,132.739,224.157,132.152,1864.539,-598319.07,13.597,2.43799,1,3800.802,0.0870912
14.1,BOOSTER_ASCENT,1047.729,-0.0934883,4.049395,138.559,228.316,137.816,2022.084,-598300.501,14.188,2.42696,1,3793.259,0.0940374
14.68,BOOSTER_ASCENT,1129.351,-0.0927243,4.5802729,144.387,232.601,143.463,2186.045,-598280.145,14.778,2.41594,1,3788.14,0.1011461
15.26,BOOSTER_ASCENT,1214.242,-0.0918593,5.1416353,150.225,237.007,149.09,2356.365,-598257.885,15.367,2.40491,1,3780.784,0.1084033
15.84,BOOSTER_ASCENT,1302.39,-0.0908861,5.7326867,156.074,241.53,154.695,2532.979,-598233.604,15.954,2.39388,1,3773.52,0.1157949
16.42,BOOSTER_ASCENT,1393.781,-0.089798,6.3525311,161.935,246.166,160.277,2715.813,-598207.174,16.54,2.38286,1,3766.339,0.1233068
17,BOOSTER_ASCENT,1488.402,-0.0885876,7.0002431,167.809,250.91,165.833,2904.784,-598178.459,17.125,2.37183,1,3761.443,0.1309242
17.58,BOOSTER_ASCENT,1586.235,-0.087248,7.6747836,173.695,255.759,171.36,3099.788,-598147.29,17.708,2.3608,1,3754.37,0.1386317
18.16,BOOSTER_ASCENT,1687.265,-0.0857716,8.3749832,179.594,260.709,176.855,3300.714,-598113.515,18.289,2.34978,1,3747.346,0.1464139
18.74,BOOSTER_ASCENT,1791.47,-0.0841511,9.0995109,185.507,265.755,182.315,3507.445,-598076.971,18.867,2.33875,1,3742.755,0.1542552
19.32,BOOSTER_ASCENT,1898.831,-0.082379,9.8460434,191.434,270.894,187.739,3719.885,-598037.521,19.443,2.32772,1,3735.561,0.1621417
19.9,BOOSTER_ASCENT,2009.327,-0.0804481,10.6109802,197.38,276.122,193.128,3938,-597995.1,20.016,2.3167,1,3728.6,0.1700627
20.48,BOOSTER_ASCENT,2122.937,-0.0783514,11.3919407,203.345,281.436,198.481,4161.705,-597949.582,20.587,2.30567,1,3721.636,0.1780055
21.06,BOOSTER_ASCENT,2239.64,-0.076082,12.1869693,209.331,286.832,203.797,4390.895,-597900.819,21.156,2.29464,1,3717.059,0.1859558
21.64,BOOSTER_ASCENT,2359.414,-0.0736328,12.9944604,215.336,292.307,209.071,4625.402,-597848.586,21.722,2.28362,1,3710.069,0.1938973
22.22,BOOSTER_ASCENT,2482.232,-0.0709968,13.814139,221.359,297.859,214.298,4865.025,-597792.659,22.285,2.27221,1,3702.822,0.2018121
22.8,BOOSTER_ASCENT,2608.065,-0.0681665,14.6446508,227.398,303.484,219.471,5109.525,-597732.75,22.843,2.26118,1,3698.186,0.2096816
23.38,BOOSTER_ASCENT,2736.879,-0.0651343,15.4849917,233.452,309.181,224.584,5358.643,-597668.568,23.397,2.25015,1,3691.075,0.2174874
23.96,BOOSTER_ASCENT,2868.638,-0.0618923,16.3343544,239.52,314.946,229.629,5612.084,-597599.791,23.945,2.23913,1,3683.894,0.2252116
24.54,BOOSTER_ASCENT,3003.3,-0.0584323,17.191792,245.598,320.777,234.598,5869.517,-597526.063,24.487,2.2281,1,3676.633,0.2328359
25.12,BOOSTER_ASCENT,3140.818,-0.0547459,18.0559765,251.688,326.672,239.485,6130.634,-597447.041,25.022,2.21707,1,3671.587,0.2403442
25.7,BOOSTER_ASCENT,3281.146,-0.0508246,18.9238945,257.792,332.631,244.292,6395.309,-597362.528,25.551,2.20605,1,3664.159,0.2477297
26.28,BOOSTER_ASCENT,3424.238,-0.0466603,19.792624,263.916,338.653,249.02,6663.453,-597272.34,26.073,2.19502,1,3656.618,0.2549882
26.86,BOOSTER_ASCENT,3570.05,-0.0422452,20.6587415,270.067,344.739,253.677,6935.088,-597176.378,26.589,2.18399,1,3651.361,0.2621191
27.44,BOOSTER_ASCENT,3718.544,-0.0375723,21.5169026,276.251,350.887,258.275,7210.437,-597074.84,27.101,2.17297,1,3643.6,0.2691233
28.02,BOOSTER_ASCENT,3869.69,-0.0326356,22.3641115,282.476,357.097,262.824,7489.668,-596967.744,27.61,2.16194,1,3635.696,0.2760023
28.6,BOOSTER_ASCENT,4023.459,-0.0274294,23.1996103,288.744,363.37,267.325,7772.732,-596854.865,28.116,2.15091,1,3630.426,0.282751
29.18,BOOSTER_ASCENT,4179.821,-0.0219481,24.0217907,295.039,369.691,271.76,8059.029,-596736.103,28.617,2.13989,1,3622.264,0.2893349
29.76,BOOSTER_ASCENT,4338.72,-0.0161869,24.8263148,301.29,375.997,276.063,8346.461,-596611.818,29.105,2.12886,1,3613.67,0.29562
30.34,BOOSTER_ASCENT,4500.057,-0.0101427,25.6092539,307.43,382.226,280.172,8632.923,-596482.474,29.575,2.11783,1,3605.15,0.3014544
30.92,BOOSTER_ASCENT,4663.715,-0.0038133,26.3688352,313.441,388.356,284.07,8917.532,-596348.354,30.024,2.10681,1,3599.456,0.3067816
31.5,BOOSTER_ASCENT,4829.572,0.0028026,27.104349,319.321,394.385,287.763,9200.007,-596209.655,30.453,2.09578,1,3590.61,0.3115943
32.08,BOOSTER_ASCENT,4997.512,0.009706,27.8159215,325.081,400.317,291.263,9480.422,-596066.481,30.863,2.08475,1,3581.55,0.3159112
32.66,BOOSTER_ASCENT,5167.429,0.0168975,28.504065,330.742,406.167,294.592,9759.119,-595918.896,31.256,2.07373,1,3575.192,0.3197644
33.24,BOOSTER_ASCENT,5339.231,0.0243779,29.1699132,336.319,411.948,297.769,10036.392,-595766.817,31.634,2.0627,1,3565.752,0.3231893
33.82,BOOSTER_ASCENT,5512.835,0.0321479,29.8153923,341.837,417.682,300.814,10312.673,-595609.938,31.999,2.05167,1,3556.073,0.3262291
34.4,BOOSTER_ASCENT,5688.173,0.0402093,30.4429406,347.335,423.402,303.762,10588.866,-595447.754,32.356,2.04103,1,3546.152,0.3289523
34.98,BOOSTER_ASCENT,5865.203,0.0485643,31.0548512,352.86,429.154,306.654,10866.21,-595279.496,32.708,2.03,1,3539.187,0.3314478
35.56,BOOSTER_ASCENT,6043.898,0.0572162,31.6497313,358.437,434.966,309.509,11145.307,-595104.352,33.058,2.01897,1,3528.845,0.3337672
36.14,BOOSTER_ASCENT,6224.239,0.0661681,32.2281474,364.076,440.849,312.335,11426.333,-594921.888,33.407,2.00795,1,3518.251,0.335923
36.72,BOOSTER_ASCENT,6406.212,0.0754238,32.7909714,369.787,446.812,315.137,11709.491,-594731.676,33.755,1.99692,1,3511.16,0.3379298
37.3,BOOSTER_ASCENT,6589.804,0.0849871,33.3385957,375.579,452.864,317.921,11994.918,-594533.26,34.104,1.98589,1,3499.79,0.3397957
37.88,BOOSTER_ASCENT,6775.005,0.0948621,33.8714948,381.46,459.013,320.69,12282.753,-594326.167,34.453,1.97487,1,3488.503,0.3415276
38.46,BOOSTER_ASCENT,6961.809,0.1050533,34.390021,387.437,465.266,323.448,12573.11,-594109.902,34.803,1.96384,1,3480.954,0.3431307
39.04,BOOSTER_ASCENT,7150.209,0.1155652,34.8944667,393.516,471.63,326.197,12866.076,-593883.956,35.154,1.95281,1,3469.232,0.3446081
39.62,BOOSTER_ASCENT,7340.201,0.1264028,35.3850451,399.703,478.111,328.938,13161.711,-593647.807,35.507,1.94179,1,3457.247,0.3459603
40.2,BOOSTER_ASCENT,7531.781,0.1375709,35.8619293,406.005,484.716,331.676,13460.162,-593400.918,35.862,1.93038,1,3444.608,0.3471883
40.78,BOOSTER_ASCENT,7724.964,0.1490743,36.3248505,412.47,491.483,334.468,13763.63,-593143.108,36.226,1.91935,1,3436.417,0.3483471
41.36,BOOSTER_ASCENT,7919.798,0.160918,36.7736588,419.132,498.441,337.364,14073.984,-592874.167,36.604,1.90833,1,3423.717,0.3494947
41.94,BOOSTER_ASCENT,8116.252,0.1731011,37.1728437,425.05,504.701,339.614,14363.107,-592614.601,36.91,1.89798,1,3411.604,0.3497
42.52,BOOSTER_ASCENT,8314.088,0.1856095,37.5923047,432.009,511.952,342.627,14683.727,-592324.429,37.307,1.88696,1,3402.703,0.3500342
43.1,BOOSTER_ASCENT,8513.454,0.198454,37.9646536,438.214,518.494,344.994,14982.592,-592044.411,37.632,1.87661,1,3390.32,0.3494235
43.68,BOOSTER_ASCENT,8714.464,0.2116438,38.3406328,445.032,525.626,347.775,15300.412,-591741.873,38.007,1.8661,0.85,3377.069,0.3500241
44.26,BOOSTER_ASCENT,8916.94,0.2251683,38.7090032,452.143,533.043,350.727,15627.905,-591424.007,38.404,1.8553,1,3363.812,0.3483363
44.84,BOOSTER_ASCENT,9121.363,0.2390623,39.0823227,459.962,541.147,354.151,15977.931,-591078.285,38.861,1.84427,1,3354.049,0.3466734
45.42,BOOSTER_ASCENT,9327.796,0.2533326,39.4430769,467.978,549.449,357.654,16335.389,-590717.151,39.331,1.83325,1,3339.597,0.3449798
46,BOOSTER_ASCENT,9536.281,0.2679847,39.7906999,476.181,557.944,361.225,16699.97,-590339.822,39.812,1.82222,1,3324.851,0.3432336
46.58,BOOSTER_ASCENT,9746.857,0.2830245,40.1254848,484.577,566.637,364.864,17071.945,-589945.509,40.306,1.81119,1,3315.014,0.3414328
47.16,BOOSTER_ASCENT,9959.564,0.2984577,40.4475528,493.17,575.533,368.571,17451.508,-589533.367,40.813,1.80017,1,3299.782,0.339574
47.74,BOOSTER_ASCENT,10174.442,0.3142903,40.7569967,501.961,584.635,372.346,17838.847,-589102.524,41.332,1.78952,1,3283.772,0.3376521
48.32,BOOSTER_ASCENT,10391.529,0.3305281,41.0533178,510.95,593.942,376.184,18233.999,-588652.19,41.865,1.77849,1,3273.425,0.3356568
48.9,BOOSTER_ASCENT,10610.854,0.3471755,41.3284023,520.092,603.428,380.055,18635.865,-588182.142,42.406,1.76747,1,3257.421,0.333531
49.48,BOOSTER_ASCENT,10832.43,0.3642341,41.5783573,529.369,613.083,383.946,19043.977,-587691.852,42.956,1.75644,1,3241.136,0.3312322
50.06,BOOSTER_ASCENT,11056.27,0.3817053,41.8051238,538.792,622.915,387.861,19458.724,-587180.375,43.515,1.74541,1,3224.568,0.3287739
50.64,BOOSTER_ASCENT,11282.388,0.3995905,42.009254,548.362,632.926,391.801,19880.244,-586646.858,44.083,1.73439,1,3213.017,0.3261634
51.22,BOOSTER_ASCENT,11510.798,0.417891,42.1913971,558.081,643.114,395.764,20308.562,-586090.535,44.661,1.72336,1,3195.979,0.3234015
51.8,BOOSTER_ASCENT,11741.511,0.4366081,42.3522535,567.943,653.476,399.743,20743.591,-585510.753,45.248,1.71233,1,3178.662,0.3204856
52.38,BOOSTER_ASCENT,11974.536,0.4557429,42.4924421,577.942,664.002,403.732,21185.081,-584907.016,45.843,1.70131,1,3166.597,0.317408
52.96,BOOSTER_ASCENT,12209.874,0.475296,42.6125438,588.065,674.681,407.719,21632.61,-584279.021,46.445,1.69028,1,3148.816,0.3141563
53.54,BOOSTER_ASCENT,12447.52,0.4952674,42.7130948,598.296,685.494,411.689,22085.573,-583626.688,47.053,1.67925,1,3130.76,0.3107182
54.12,BOOSTER_ASCENT,12687.46,0.5156567,42.7948628,608.626,696.432,415.634,22543.604,-582949.653,47.666,1.66823,1,3112.432,0.3070907
54.7,BOOSTER_ASCENT,12929.682,0.5364636,42.8590776,619.063,707.503,419.557,23006.927,-582246.826,48.284,1.6572,1,3100.256,0.30329
55.28,BOOSTER_ASCENT,13174.174,0.5576879,42.9072812,629.619,718.713,423.464,23475.864,-581516.997,48.909,1.64617,1,3080.886,0.2993338
55.86,BOOSTER_ASCENT,13420.928,0.5793306,42.9418937,640.307,730.073,427.361,23950.832,-580758.939,49.542,1.63515,1,3061.83,0.2952383
56.44,BOOSTER_ASCENT,13669.943,0.6013929,42.9650766,651.142,741.593,431.257,24432.468,-579971.388,50.207,1.62374,1,3049.179,0.2910124
57.02,BOOSTER_ASCENT,13921.366,0.6238731,42.9796166,662.448,753.557,435.61,24944.49,-579151.73,50.92,1.61271,1,3029.68,0.2868564
57.6,BOOSTER_ASCENT,14175.535,0.6467686,42.9752323,673.87,765.559,440.648,25498.864,-578345.581,51.716,1.60169,1,3009.921,0.2826369
58.18,BOOSTER_ASCENT,14432.591,0.6700643,42.9574185,685.408,777.705,445.65,26060.694,-577507.634,52.52,1.59066,1,2996.184,0.2781871
58.76,BOOSTER_ASCENT,14692.56,0.6937578,42.9219523,697.046,789.975,450.672,26632.968,-576641.707,53.337,1.57963,1,2975.981,0.2735654
59.34,BOOSTER_ASCENT,14955.461,0.7178473,42.8801436,708.829,802.389,455.771,27219.059,-575748.182,54.177,1.56861,1,2955.516,0.2688033
59.92,BOOSTER_ASCENT,15221.349,0.7423344,42.8361246,720.793,814.974,460.963,27820.276,-574824.482,55.04,1.55758,1,2934.788,0.2639465
60.5,BOOSTER_ASCENT,15490.269,0.7672198,42.7817949,732.891,827.701,466.218,28435.428,-573870.924,55.924,1.54655,1,2920.385,0.2589717
61.08,BOOSTER_ASCENT,15762.249,0.7925004,42.7124596,745.098,840.555,471.517,29063.87,-572887.055,56.828,1.53553,1,2899.215,0.253864
61.66,BOOSTER_ASCENT,16037.322,0.8181725,42.6325037,757.442,853.557,476.883,29707.302,-571871.346,57.755,1.5245,1,2877.78,0.2486458
62.24,BOOSTER_ASCENT,16315.535,0.8442354,42.5466335,769.956,866.728,482.342,30367.777,-570822.039,58.709,1.51347,1,2863.572,0.2429907
62.82,BOOSTER_ASCENT,16596.942,0.8706883,42.452849,782.634,880.067,487.889,31045.662,-569738.095,59.69,1.50245,1,2841.019,0.2372718
63.4,BOOSTER_ASCENT,16881.586,0.8975289,42.3465363,795.452,893.561,493.506,31740.407,-568618.698,60.698,1.49142,1,2818.883,0.2314918
63.98,BOOSTER_ASCENT,17169.504,0.9247538,42.2279213,808.432,907.234,499.182,32452.016,-567459.591,61.731,1.48039,1,2796.489,0.2256662
64.56,BOOSTER_ASCENT,17460.732,0.9523615,42.1005143,821.609,921.117,504.922,33181.597,-566256.493,62.792,1.46937,1,2781.65,0.2198331
65.14,BOOSTER_ASCENT,17755.311,0.9803521,41.9657623,834.994,935.216,510.736,33930.402,-565007.604,63.885,1.45834,1,2758.819,0.2140148
65.72,BOOSTER_ASCENT,18053.282,1.0087254,41.821981,848.581,949.528,516.616,34698.623,-563711.333,65.008,1.44731,1,2734.999,0.208222
66.3,BOOSTER_ASCENT,18354.68,1.0374799,41.6670048,862.357,964.048,522.549,35486.216,-562365.988,66.161,1.43628,1,2719.693,0.2024619
66.88,BOOSTER_ASCENT,18659.534,1.0666126,41.5007101,876.325,978.778,528.536,36293.807,-560969.542,67.347,1.42526,1,2696.147,0.196747
67.46,BOOSTER_ASCENT,18967.88,1.0961215,41.3255049,890.504,993.731,534.587,37123.031,-559519.456,68.568,1.41423,1,2672.334,0.1910942
68.04,BOOSTER_ASCENT,19279.764,1.1260074,41.1485117,904.939,1008.937,540.74,37977.493,-558012.493,69.83,1.4032,1,2648.25,0.1855275
68.62,BOOSTER_ASCENT,19595.258,1.156275,40.9760756,919.674,1024.425,547.031,38860.952,-556445.483,71.143,1.39218,1,2631.535,0.1800653
69.2,BOOSTER_ASCENT,19914.446,1.186932,40.8099314,934.721,1040.205,553.472,39775.74,-554815.754,72.508,1.38115,1,2606.995,0.1747088
69.78,BOOSTER_ASCENT,20237.416,1.2179861,40.6498984,950.084,1056.279,560.067,40723.555,-553120.812,73.929,1.37012,1,2582.181,0.1694486
70.36,BOOSTER_ASCENT,20564.257,1.2494457,40.4955492,965.761,1072.649,566.816,41706.097,-551358.093,75.409,1.3591,1,2564.964,0.1642695
70.94,BOOSTER_ASCENT,20895.059,1.2813187,40.3465032,981.755,1089.317,573.72,42725.21,-549524.892,76.95,1.34807,1,2539.691,0.159151
71.52,BOOSTER_ASCENT,21229.913,1.3136127,40.2024144,998.066,1106.284,580.782,43782.909,-547551.247,78.556,1.33704,1,2514.143,0.1540668
72.1,BOOSTER_ASCENT,21568.91,1.3463355,40.062945,1014.697,1123.554,588.004,44881.382,-545565.607,80.23,1.32602,1,2497.228,0.1490103
72.68,BOOSTER_ASCENT,21912.144,1.3794949,39.9277554,1031.65,1141.129,595.387,46022.972,-543500.301,81.977,1.31499,1,2471.224,0.1439953
73.26,BOOSTER_ASCENT,22259.71,1.4130985,39.7965302,1048.925,1159.013,602.935,47210.197,-541352.036,83.799,1.30396,1,2444.111,0.1390351
73.84,BOOSTER_ASCENT,22611.703,1.4471533,39.6689881,1066.526,1177.207,610.649,48445.77,-539117.384,85.702,1.29294,1,2417.532,0.1341423
74.42,BOOSTER_ASCENT,22968.221,1.4816672,39.544873,1084.454,1195.714,618.531,49732.617,-536792.773,87.69,1.28191,1,2399.932,0.1293295
75,BOOSTER_ASCENT,23329.362,1.516647,39.4239527,1102.711,1214.536,626.585,51073.892,-534374.49,89.769,1.27088,1,2372.87,0.1246085
75.58,BOOSTER_ASCENT,23695.225,1.5521002,39.3060153,1121.298,1233.676,634.812,52473.007,-531858.668,91.943,1.25986,1,2345.515,0.1199897
75.92,BOOSTER_BURNOUT,23911.87,1.5731007,39.2385711,1129.478,1241.965,637.856,53123.185,-530778.38,92.779,1.25541,0,2336.042,0.1172048
76.26,BOOSTER_COAST,24128.165,1.5941073,39.1805874,1125.931,1238.876,634.575,53014.105,-530962.651,92.247,1.25541,0,2333.056,0.1123367
76.52,BOOSTER_COAST,24292.793,1.6101348,39.155077,1123.566,1236.671,632.109,52948.001,-531079.136,91.858,1.25541,0,2333.166,0.1083472
76.78,BOOSTER_COAST,24456.806,1.6261353,39.1429991,1121.505,1234.744,629.816,52901.458,-531164.657,91.506,1.25541,0,2333.281,0.1045815
77.04,BOOSTER_COAST,24620.242,1.642114,39.1377081,1119.642,1233.002,627.633,52867.3,-531229.201,91.178,1.25541,0,2333.394,0.1010113
77.3,BOOSTER_COAST,24783.119,1.6580746,39.1350763,1117.874,1231.351,625.5,52838.99,-531283.496,90.862,1.25541,0,2333.6,0.0976068
77.56,BOOSTER_COAST,24945.444,1.6740189,39.1331443,1116.115,1229.707,623.37,52811.087,-531337.369,90.546,1.25541,0,2333.702,0.0943422
77.82,BOOSTER_COAST,25107.216,1.6899477,39.1313215,1114.371,1228.078,621.249,52784.101,-531389.808,90.232,1.25541,0,2333.802,0.0912063
78.08,BOOSTER_COAST,25268.438,1.705862,39.1294084,1112.65,1226.473,619.139,52758.524,-531439.832,89.92,1.25541,0,2333.89,0.0881953
78.34,BOOSTER_COAST,25429.113,1.7217621,39.127393,1110.953,1224.892,617.042,52734.37,-531487.388,89.612,1.25541,0,2333.984,0.0853037
78.6,BOOSTER_COAST,25589.245,1.7376484,39.1253243,1109.278,1223.333,614.955,52711.471,-531532.786,89.305,1.25541,0,2334.156,0.0825256
78.86,BOOSTER_COAST,25748.835,1.753521,39.1232532,1107.62,1221.791,612.878,52689.63,-531576.386,89.001,1.25541,0,2334.241,0.0798505
79.12,BOOSTER_COAST,25907.887,1.7693802,39.1212081,1105.978,1220.265,610.809,52668.623,-531618.61,88.698,1.25541,0,2334.326,0.0771613
79.38,BOOSTER_COAST,26066.401,1.7852261,39.1192128,1104.35,1218.753,608.746,52648.402,-531659.538,88.397,1.25541,0,2334.406,0.0745756
79.64,BOOSTER_COAST,26224.38,1.8010589,39.1172791,1102.736,1217.255,606.691,52628.961,-531699.166,88.097,1.25541,0,2334.555,0.0720881
79.9,BOOSTER_COAST,26381.826,1.8168788,39.1154105,1101.136,1215.771,604.642,52610.277,-531737.521,87.799,1.25541,0,2334.631,0.0696937
80.16,BOOSTER_COAST,26538.74,1.8326859,39.1136059,1099.55,1214.301,602.6,52592.324,-531774.643,87.502,1.25541,0,2334.696,0.0673873
80.42,BOOSTER_COAST,26695.124,1.8484806,39.1118608,1097.977,1212.844,600.564,52575.066,-531810.582,87.206,1.25541,0,2334.768,0.0651641
80.68,BOOSTER_COAST,26850.979,1.8642627,39.1101718,1096.417,1211.4,598.535,52558.472,-531845.385,86.912,1.25541,0,2334.836,0.0630194
80.94,BOOSTER_COAST,27006.308,1.8800327,39.1085363,1094.87,1209.968,596.511,52542.514,-531879.093,86.619,1.25541,0,2334.964,0.0609487
81.08,PRE_SEPARATION,27089.729,1.8885192,39.1076768,1094.042,1209.202,595.424,52534.176,-531896.803,86.439,1.25541,0,2334.964,0.0597104
81.34,BOOSTER_SEPARATED,27244.341,1.9042797,39.1115591,1093.469,1208.737,593.934,52576.6,-531815.821,86.286,0.68541,0,2335.053,0.057963
83.2,UPPER_ENGINE_READY,28336.273,2.0167997,39.1096783,1084.207,1200.289,580.37,52557.959,-531854.823,84.388,0.68541,0,2335.496,0.0459579
83.46,UPPER_ASCENT,28487.041,2.0325084,39.124975,1085.546,1201.719,579.89,52702.255,-531547.797,84.434,0.68477,0.5,2333.558,0.0445969
83.76,UPPER_ASCENT,28661.032,2.0506885,39.1534173,1088.428,1204.69,580.055,52943.648,-531033.005,84.646,0.68381,0.5,2330.395,0.0433279
84.06,UPPER_ASCENT,28835.072,2.0689282,39.1710485,1091.262,1207.631,580.218,53184.826,-530520.467,84.858,0.68286,0.5,2324.344,0.0420969
84.36,UPPER_ASCENT,29009.156,2.0872207,39.1691719,1094.006,1210.52,580.354,53423.615,-530012.081,85.064,0.6819,0.5,2321.167,0.0408975
84.66,UPPER_ASCENT,29183.27,2.1055562,39.1409374,1096.627,1213.338,580.437,53657.587,-529509.098,85.262,0.68095,0.5,2317.986,0.0397273
84.96,UPPER_ASCENT,29357.393,2.1239207,39.0771008,1099.078,1216.055,580.442,53884.18,-529014.275,85.444,0.67999,0.5,2311.902,0.0385834
85.26,UPPER_ASCENT,29531.498,2.1422944,38.9645286,1101.276,1218.616,580.353,54101.242,-528536.014,85.608,0.67903,0.5,2308.708,0.0374615
85.56,UPPER_ASCENT,29705.534,2.1606479,38.7830027,1103.043,1220.879,580.094,54300.583,-528092.081,85.734,0.67808,0.5,2302.599,0.0363539
85.86,UPPER_ASCENT,29879.377,2.1789341,38.5079288,1103.883,1222.396,579.4,54454.397,-527737.539,85.765,0.67712,0.5,2299.391,0.0352396
86.16,UPPER_ASCENT,30052.749,2.1971107,38.2244902,1102.823,1222.023,577.675,54498.391,-527618.744,85.562,0.67617,0.5,2296.181,0.0340732
86.46,UPPER_ASCENT,30225.268,2.2151799,38.0155335,1098.934,1218.662,574.416,54377.804,-527881.611,85.003,0.67521,0.5,2290.038,0.0328031
86.76,UPPER_ASCENT,30396.651,2.2331789,37.9557847,1092.746,1212.701,569.857,54119.906,-528477.735,84.144,0.67425,0.5,2286.814,0.0314337
87.06,UPPER_ASCENT,30566.891,2.2511194,37.9650764,1086.448,1206.508,564.991,53838.26,-529086.398,83.236,0.6733,0.5,2280.647,0.0300856
87.36,UPPER_ASCENT,30735.761,2.2690022,38.1375187,1081.118,1200.998,560.073,53564.87,-529575.919,82.356,0.67206,0.7,2276.696,0.0288374
87.66,UPPER_ASCENT,30903.249,2.2869241,38.4633606,1078.377,1197.797,556.127,53398.725,-529758.931,81.716,0.67072,0.7,2272.145,0.0277549
87.96,UPPER_ASCENT,31069.47,2.3049622,38.818847,1077.768,1196.752,552.148,53257.225,-529584.421,81.168,0.66939,0.7,2263.434,0.0268456
88.26,UPPER_ASCENT,31234.284,2.3231587,39.1471946,1078.305,1197,547.382,53070.954,-529137.175,80.565,0.66805,0.7,2258.861,0.0260497
88.56,UPPER_ASCENT,31397.451,2.3415189,39.4204355,1078.813,1197.392,541.611,52810.324,-528592.153,79.826,0.66671,0.7,2250.107,0.025308
88.86,UPPER_ASCENT,31558.72,2.3600192,39.6429096,1078.238,1196.806,535.064,52481.329,-528154.9,78.933,0.66537,0.7,2245.511,0.0245657
89.16,UPPER_ASCENT,31717.878,2.3786113,39.8131693,1075.774,1194.424,527.569,52064.519,-527951.641,77.829,0.66403,0.7,2240.907,0.023787
89.46,UPPER_ASCENT,31874.778,2.3972311,39.8987219,1070.763,1189.602,519.64,51594.967,-528128.661,76.561,0.66269,0.7,2232.096,0.0229445
89.76,UPPER_ASCENT,32029.734,2.4157925,39.8545708,1063.482,1182.637,512.68,51181.298,-528735.089,75.345,0.66136,0.7,2227.47,0.0220399
90.06,UPPER_ASCENT,32183.075,2.4342427,39.7353953,1055.699,1175.198,507.44,50893.337,-529541.86,74.357,0.66002,0.7,2218.617,0.0211269
90.36,UPPER_ASCENT,32335.29,2.4525599,39.5767172,1049.088,1168.876,504.949,50815.928,-530357.59,73.801,0.65868,0.7,2213.969,0.0202817
90.66,UPPER_ASCENT,32487.104,2.4707344,39.4221978,1044.888,1164.821,505.735,50993.842,-531033.88,73.794,0.65734,0.7,2209.314,0.019545
90.96,UPPER_ASCENT,32639.441,2.4887867,39.3533772,1043.161,1162.963,509.225,51386.207,-531546.403,74.248,0.656,0.7,2200.405,0.0189283
91.26,UPPER_ASCENT,32792.897,2.5067632,39.3849512,1042.74,1162.185,513.564,51852.754,-531947.03,74.861,0.65466,0.7,2195.728,0.01839
91.56,UPPER_ASCENT,32947.596,2.5247068,39.4922261,1042.513,1161.458,517.705,52309.305,-532327.259,75.449,0.65333,0.7,2186.778,0.0178829
91.86,UPPER_ASCENT,33103.374,2.5426409,39.6531092,1041.653,1160.011,521.064,52705.009,-532767.954,75.9,0.65199,0.7,2182.08,0.0173744
92.16,UPPER_ASCENT,33259.869,2.5605748,39.8568835,1039.588,1157.315,523.014,52987.234,-533305.904,76.107,0.65065,0.7,2177.374,0.0168445
92.46,UPPER_ASCENT,33416.521,2.5785072,40.0874884,1035.868,1152.995,522.751,53092.132,-533939.733,75.943,0.64931,0.7,2168.369,0.0162819
92.76,UPPER_ASCENT,33572.569,2.5964286,40.2994519,1030.345,1147.036,519.676,52976.863,-534625.613,75.329,0.64797,0.7,2163.642,0.015683
93.06,UPPER_ASCENT,33727.315,2.6143174,40.4493418,1023.454,1139.953,514.25,52683.963,-535315.443,74.352,0.64663,0.7,2154.595,0.0150609
93.36,UPPER_ASCENT,33880.186,2.6321509,40.5418221,1014.863,1131.427,505.999,52183.622,-536028,72.938,0.64491,1,2148.916,0.0143867
93.68,UPPER_ASCENT,34040.238,2.6510801,40.4720521,1005.426,1122.573,494.974,51510.799,-536597.872,71.143,0.64287,1,2142.109,0.0137117
94,UPPER_ASCENT,34197.066,2.6698816,40.1671889,998.728,1117.019,484.835,50942.403,-536729.819,69.593,0.64083,1,2129.071,0.0131281
94.32,UPPER_ASCENT,34351.243,2.6885355,39.6821643,996.039,1115.789,478.008,50640.009,-536430.655,68.648,0.63879,1,2122.219,0.012673
94.64,UPPER_ASCENT,34503.718,2.7070341,39.1396979,996.209,1117.422,474.346,50572.155,-535906.067,68.235,0.63675,1,2109.096,0.0123177
94.96,UPPER_ASCENT,34655.33,2.7253838,38.6016285,998.03,1120.601,472.831,50657.732,-535284.487,68.171,0.63472,1,2102.199,0.0120209
95.28,UPPER_ASCENT,34806.67,2.7435942,38.0847327,1000.85,1124.657,472.757,50845.215,-534618.893,68.336,0.63268,1,2088.359,0.0117586
95.6,UPPER_ASCENT,34958.154,2.7616751,37.5914372,1004.327,1129.26,473.767,51109.308,-533935.507,68.672,0.63064,1,2082.047,0.0115188
95.92,UPPER_ASCENT,35110.1,2.7796333,37.1198742,1008.244,1134.204,475.64,51435.152,-533251.432,69.143,0.6286,1,2068.116,0.0112941
96.24,UPPER_ASCENT,35262.76,2.797473,36.6668158,1012.446,1139.344,478.215,51812.244,-532578.443,69.723,0.62656,1,2061.762,0.0110794
96.56,UPPER_ASCENT,35416.336,2.8151963,36.228834,1016.819,1144.582,481.362,52232.353,-531923.957,70.39,0.62452,1,2047.739,0.0108713
96.88,UPPER_ASCENT,35570.996,2.8328035,35.8028895,1021.29,1149.854,484.973,52688.762,-531291.47,71.129,0.62248,1,2040.703,0.0106675
97.2,UPPER_ASCENT,35726.871,2.8502939,35.3866285,1025.814,1155.128,488.955,53175.951,-530680.722,71.925,0.62044,1,2027.227,0.0104666
97.52,UPPER_ASCENT,35884.069,2.8676665,34.9784863,1030.38,1160.398,493.232,53689.384,-530087.596,72.768,0.6184,1,2020.144,0.0102682
97.84,UPPER_ASCENT,36042.67,2.8849206,34.5777687,1035.006,1165.69,497.735,54225.404,-529503.964,73.65,0.61636,1,2006.577,0.0100722
98.16,UPPER_ASCENT,36202.74,2.9020569,34.1847691,1039.739,1171.058,502.409,54781.102,-528917.445,74.565,0.61432,1,1999.448,0.0098794
98.48,UPPER_ASCENT,36364.323,2.9190781,33.800982,1044.655,1176.581,507.201,55354.102,-528311.08,75.51,0.61228,1,1985.789,0.009691
98.8,UPPER_ASCENT,36527.448,2.9359901,33.4295869,1049.86,1182.367,512.056,55942.075,-527662.594,76.481,0.61024,1,1978.611,0.0095086
99.12,UPPER_ASCENT,36692.122,2.9528034,33.0768748,1055.499,1188.564,516.902,56541.701,-526941.076,77.475,0.6082,1,1964.86,0.0093345
99.44,UPPER_ASCENT,36858.329,2.9695346,32.7494855,1061.673,1195.269,521.653,57148.11,-526121.899,78.486,0.60616,1,1957.634,0.0091705
99.76,UPPER_ASCENT,37026.026,2.9862032,32.4507022,1068.372,1202.473,526.24,57756.181,-525198.832,79.505,0.60412,1,1943.128,0.0090164
100.08,UPPER_ASCENT,37195.153,3.00283,32.1820281,1075.548,1210.131,530.609,58361.38,-524173.157,80.523,0.60208,1,1936.513,0.0088712
100.4,UPPER_ASCENT,37365.634,3.0194366,31.9441245,1083.148,1218.188,534.722,58959.993,-523048.319,81.533,0.60004,1,1921.909,0.0087337
100.72,UPPER_ASCENT,37537.381,3.0360439,31.7371743,1091.12,1226.593,538.551,59548.995,-521828.304,82.53,0.59801,1,1915.248,0.0086029
101.04,UPPER_ASCENT,37710.301,3.0526721,31.5608012,1099.413,1235.298,542.078,60125.946,-520517.709,83.511,0.59597,1,1900.542,0.0084778
101.36,UPPER_ASCENT,37884.296,3.0693414,31.4139909,1107.978,1244.252,545.293,60688.993,-519122.117,84.471,0.59393,1,1893.164,0.0083581
101.68,UPPER_ASCENT,38059.266,3.0860696,31.2950245,1116.765,1253.407,548.196,61237.053,-517648.068,85.409,0.59189,1,1879.029,0.00826
102,UPPER_ASCENT,38235.115,3.102874,31.2013738,1125.726,1262.717,550.802,61770.142,-516102.79,86.325,0.58985,1,1871.599,0.0081647
102.32,UPPER_ASCENT,38411.753,3.1197693,31.1297978,1134.824,1272.144,553.137,62289.449,-514493.735,87.222,0.58781,1,1857.364,0.0080717
102.64,UPPER_ASCENT,38589.099,3.1367681,31.0765383,1144.024,1281.659,555.24,62797.204,-512828.065,88.102,0.58577,1,1849.882,0.0079805
102.96,UPPER_ASCENT,38767.088,3.1538806,31.0378125,1153.303,1291.24,557.155,63296.465,-511112.421,88.973,0.58373,1,1835.547,0.0078908
103.28,UPPER_ASCENT,38945.668,3.1711149,31.0104955,1162.644,1300.87,558.932,63791.05,-509353.228,89.841,0.58169,1,1828.012,0.0078023
103.6,UPPER_ASCENT,39124.802,3.1884768,30.9914715,1172.037,1310.541,560.62,64284.72,-507555.123,90.712,0.57965,1,1813.576,0.0077148
103.92,UPPER_ASCENT,39304.468,3.2059708,30.9776391,1181.477,1320.252,562.248,64780.086,-505720.213,91.592,0.57761,1,1805.987,0.0076284
104.24,UPPER_ASCENT,39484.648,3.2235994,30.9665932,1190.963,1330.004,563.835,65278.756,-503849.317,92.483,0.57557,1,1790.754,0.0075428
104.56,UPPER_ASCENT,39665.331,3.2413645,30.9566873,1200.493,1339.797,565.389,65781.619,-501942.473,93.388,0.57353,1,1783.806,0.0074581
104.88,UPPER_ASCENT,39846.506,3.2592666,30.9469219,1210.064,1349.63,566.914,66289.051,-499999.212,94.308,0.57149,1,1768.464,0.0073741
105.2,UPPER_ASCENT,40028.163,3.2773066,30.9367866,1219.677,1359.505,568.408,66801.126,-498018.769,95.243,0.56945,1,1761.465,0.0072907
105.52,UPPER_ASCENT,40210.293,3.2954845,30.9261019,1229.33,1369.42,569.87,67317.771,-496000.227,96.193,0.56741,1,1746.011,0.0072078
105.84,UPPER_ASCENT,40392.885,3.3138011,30.9148901,1239.024,1379.376,571.296,67838.876,-493942.597,97.159,0.56537,1,1738.256,0.0071252
106.16,UPPER_ASCENT,40575.926,3.3322561,30.9032785,1248.758,1389.373,572.684,68364.331,-491844.864,98.14,0.56334,1,1723.396,0.0070429
106.48,UPPER_ASCENT,40759.405,3.3508503,30.8914349,1258.534,1399.412,574.031,68894.05,-489706.004,99.136,0.5613,1,1715.585,0.0069606
106.8,UPPER_ASCENT,40943.307,3.3695843,30.8795286,1268.351,1409.491,575.336,69427.976,-487524.988,100.149,0.55926,1,1700.616,0.0068783
107.12,UPPER_ASCENT,41127.619,3.3884585,30.8677096,1278.21,1419.612,576.595,69965.998,-485300.736,101.178,0.55722,1,1692.747,0.0067956
107.44,UPPER_ASCENT,41312.326,3.4074738,30.8560982,1288.11,1429.774,577.807,70508.185,-483032.274,102.224,0.55518,1,1677.669,0.0067278
107.76,UPPER_ASCENT,41497.415,3.4266305,30.8447845,1298.055,1439.979,578.985,71055.795,-480719.358,103.289,0.55314,1,1669.742,0.006659
108.08,UPPER_ASCENT,41682.877,3.44593,30.8338286,1308.047,1450.229,580.139,71610.256,-478361.768,104.377,0.5511,1,1654.551,0.006589
108.4,UPPER_ASCENT,41868.706,3.4653723,30.8232667,1318.089,1460.526,581.278,72172.704,-475959.063,105.49,0.54906,1,1646.565,0.0065173
108.72,UPPER_ASCENT,42054.898,3.4849586,30.8131168,1328.181,1470.872,582.408,72744.038,-473510.614,106.63,0.54702,1,1630.531,0.0064436
109.04,UPPER_ASCENT,42241.451,3.5046897,30.8033837,1338.326,1481.266,583.533,73325.014,-471015.672,107.798,0.54498,1,1623.215,0.0063684
109.36,UPPER_ASCENT,42428.363,3.5245659,30.7940637,1348.523,1491.71,584.657,73916.308,-468473.406,108.997,0.54294,1,1607.061,0.0062928
109.68,UPPER_ASCENT,42615.635,3.5445881,30.7851473,1358.774,1502.205,585.78,74518.542,-465882.919,110.227,0.5409,1,1599.689,0.006217
110,UPPER_ASCENT,42803.266,3.5647571,30.7766212,1369.079,1512.75,586.904,75132.309,-463243.259,111.492,0.53886,1,1583.412,0.0061409
110.32,UPPER_ASCENT,42991.258,3.5850735,30.7684702,1379.437,1523.347,588.031,75758.193,-460553.428,112.791,0.53682,1,1575.242,0.0060647
110.64,UPPER_ASCENT,43179.61,3.6055381,30.760678,1389.851,1533.995,589.162,76396.774,-457812.388,114.128,0.53478,1,1559.584,0.0059884
110.96,UPPER_ASCENT,43368.325,3.6261513,30.7532281,1400.319,1544.695,590.296,77048.646,-455019.06,115.502,0.53274,1,1551.351,0.005912
111.28,UPPER_ASCENT,43557.329,3.6469011,30.7476915,1407.862,1552.435,590.686,77540.589,-452900.706,116.466,0.53128,0.55,1538.623,0.0058234
111.6,UPPER_ASCENT,43746.304,3.6677327,30.7434538,1413.113,1557.859,590.483,77901.609,-451322.931,117.095,0.53016,0.55,1534.068,0.0057046
111.92,UPPER_ASCENT,43935.214,3.6886404,30.739174,1418.384,1563.301,590.28,78265.565,-449727.722,117.734,0.52903,0.55,1525.353,0.0055879
112.24,UPPER_ASCENT,44124.06,3.7096243,30.7348533,1423.676,1568.764,590.082,78633.09,-448115.183,118.386,0.52791,0.55,1520.779,0.0054732
112.56,UPPER_ASCENT,44312.844,3.7306843,30.730519,1428.989,1574.246,589.89,79004.397,-446485.164,119.049,0.52679,0.3,1512.027,0.0053607
112.88,UPPER_ASCENT,44501.46,3.7518013,30.7277384,1431.538,1576.935,589.031,79213.074,-445546.111,119.288,0.52618,0.3,1509.333,0.0052359
113.2,UPPER_ASCENT,44689.787,3.772953,30.7250134,1433.91,1579.445,588.127,79410.942,-444647.922,119.499,0.52557,0.3,1504.319,0.0051067
113.52,UPPER_ASCENT,44877.825,3.7941399,30.7222693,1436.293,1581.965,587.227,79609.613,-443744.037,119.714,0.52496,0.3,1502.036,0.0049807
113.84,UPPER_ASCENT,45065.571,3.8153608,30.7197983,1438.24,1584.043,586.229,79782.733,-442949.799,119.862,0.52442,0.15,1497.582,0.0048571
114.16,UPPER_ASCENT,45252.932,3.8365982,30.7181222,1438.854,1584.775,584.919,79876.493,-442498.111,119.8,0.52411,0.15,1496.439,0.0047267
114.48,UPPER_ASCENT,45439.875,3.8578458,30.7164433,1439.475,1585.513,583.613,79970.303,-442044.645,119.739,0.52381,0.15,1493.924,0.0045989
114.8,UPPER_ASCENT,45626.4,3.8791037,30.7147765,1440.102,1586.256,582.311,80064.327,-441589.49,119.679,0.5235,0.15,1492.666,0.0044746
114.9,ASCENT_CUTOFF,45684.604,3.8857486,30.7141564,1440.339,1586.537,581.824,80099.645,-441418.373,119.657,0.52341,0,1491.521,0.0044365
115.52,ATMOSPHERIC_COAST,46044.357,3.9269285,30.713145,1438.294,1584.675,578.659,80087.639,-441407.366,119.036,0.52341,0,1491.41,0.0041996
116.02,ATMOSPHERIC_COAST,46333.025,3.960098,30.7124383,1436.524,1583.055,576.039,80076.88,-441421.459,118.514,0.52341,0,1491.415,0.0040092
116.52,ATMOSPHERIC_COAST,46620.387,3.9932325,30.7118375,1434.783,1581.462,573.454,80070.53,-441433.565,118,0.52341,0,1491.417,0.003828
117.02,ATMOSPHERIC_COAST,46906.447,4.0263324,30.711333,1433.062,1579.889,570.887,80066.434,-441443.562,117.49,0.52341,0,1491.42,0.0036555
117.52,ATMOSPHERIC_COAST,47191.217,4.0593982,30.7108893,1431.357,1578.331,568.328,80063.25,-441452.209,116.983,0.52341,0,1491.424,0.0034913
118.02,ATMOSPHERIC_COAST,47474.704,4.0924296,30.7104755,1429.661,1576.782,565.772,80060.444,-441460.151,116.476,0.52341,0,1491.427,0.0033348
118.52,ATMOSPHERIC_COAST,47756.913,4.1254272,30.7100752,1427.975,1575.242,563.219,80057.846,-441467.675,115.97,0.52341,0,1491.429,0.0031857
119.02,ATMOSPHERIC_COAST,48037.846,4.158391,30.7096843,1426.297,1573.71,560.668,80055.411,-441474.864,115.464,0.52341,0,1491.432,0.0030435
119.52,ATMOSPHERIC_COAST,48317.504,4.1913214,30.7093052,1424.628,1572.186,558.12,80053.119,-441481.739,114.958,0.52341,0,1491.435,0.0029078
120.02,ATMOSPHERIC_COAST,48595.888,4.2242188,30.7089418,1422.967,1570.67,555.573,80050.954,-441488.318,114.453,0.52341,0,1491.437,0.0027781
120.52,ATMOSPHERIC_COAST,48872.999,4.2570829,30.7085958,1421.314,1569.163,553.029,80048.895,-441494.627,113.948,0.52341,0,1491.44,0.0026542
121.02,ATMOSPHERIC_COAST,49148.838,4.2899141,30.7082666,1419.669,1567.662,550.486,80046.929,-441500.698,113.443,0.52341,0,1491.442,0.0025356
121.52,ATMOSPHERIC_COAST,49423.405,4.3227129,30.707952,1418.032,1566.169,547.945,80045.04,-441506.558,112.938,0.52341,0,1491.444,0.002422
122.02,ATMOSPHERIC_COAST,49696.703,4.3554788,30.7076497,1416.403,1564.684,545.406,80043.221,-441512.233,112.434,0.52341,0,1491.446,0.0023132
122.52,ATMOSPHERIC_COAST,49968.732,4.3882122,30.7073586,1414.781,1563.206,542.869,80041.466,-441517.733,111.93,0.52341,0,1491.448,0.0022092
123.02,ATMOSPHERIC_COAST,50239.492,4.4209137,30.7070782,1413.167,1561.736,540.333,80039.773,-441523.064,111.425,0.52341,0,1491.45,0.0021098
123.52,ATMOSPHERIC_COAST,50508.985,4.4535828,30.7068084,1411.561,1560.272,537.799,80038.14,-441528.23,110.921,0.52341,0,1491.452,0.0020148
124.02,ATMOSPHERIC_COAST,50777.211,4.4862204,30.706549,1409.963,1558.816,535.266,80036.566,-441533.232,110.417,0.52341,0,1491.453,0.001924
124.52,ATMOSPHERIC_COAST,51044.171,4.518826,30.7062996,1408.372,1557.368,532.735,80035.05,-441538.073,109.914,0.52341,0,1491.455,0.0018374
125.02,ATMOSPHERIC_COAST,51309.867,4.5514002,30.70606,1406.789,1555.926,530.206,80033.592,-441542.756,109.41,0.52341,0,1491.457,0.0017547
125.52,ATMOSPHERIC_COAST,51574.298,4.5839429,30.7058299,1405.213,1554.492,527.679,80032.191,-441547.281,108.906,0.52341,0,1491.458,0.0016758
126.02,ATMOSPHERIC_COAST,51837.467,4.6164546,30.7056089,1403.646,1553.065,525.153,80030.847,-441551.648,108.403,0.52341,0,1491.459,0.0016006
126.52,ATMOSPHERIC_COAST,52099.373,4.6489348,30.7053967,1402.085,1551.646,522.628,80029.561,-441555.86,107.9,0.52341,0,1491.461,0.0015288
127.02,ATMOSPHERIC_COAST,52360.017,4.6813841,30.7051931,1400.533,1550.233,520.106,80028.331,-441559.917,107.397,0.52341,0,1491.462,0.0014605
127.52,ATMOSPHERIC_COAST,52619.4,4.7138028,30.7049977,1398.988,1548.828,517.585,80027.156,-441563.824,106.894,0.52341,0,1491.463,0.0013953
128.02,ATMOSPHERIC_COAST,52877.523,4.746191,30.7048102,1397.45,1547.431,515.065,80026.034,-441567.586,106.391,0.52341,0,1491.464,0.0013332
128.52,ATMOSPHERIC_COAST,53134.387,4.7785487,30.7046304,1395.921,1546.04,512.547,80024.963,-441571.207,105.888,0.52341,0,1491.465,0.0012741
129.02,ATMOSPHERIC_COAST,53389.993,4.8108764,30.7044579,1394.398,1544.656,510.031,80023.939,-441574.693,105.385,0.52341,0,1491.466,0.0012178
129.52,ATMOSPHERIC_COAST,53644.34,4.8431735,30.7042924,1392.884,1543.28,507.517,80022.961,-441578.049,104.883,0.52341,0,1491.467,0.0011641
130.02,ATMOSPHERIC_COAST,53897.431,4.8754406,30.7041336,1391.376,1541.911,505.003,80022.027,-441581.279,104.381,0.52341,0,1491.469,0.001113
130.52,ATMOSPHERIC_COAST,54149.266,4.9076781,30.7039812,1389.877,1540.549,502.492,80021.135,-441584.39,103.878,0.52341,0,1491.469,0.0010644
131.02,ATMOSPHERIC_COAST,54399.845,4.9398856,30.703835,1388.384,1539.194,499.982,80020.283,-441587.383,103.376,0.52341,0,1491.47,0.001018
131.52,ATMOSPHERIC_COAST,54649.17,4.972064,30.7036947,1386.899,1537.846,497.473,80019.469,-441590.265,102.874,0.52341,0,1491.471,0.0009738
132.02,ATMOSPHERIC_COAST,54897.24,5.0042129,30.7035601,1385.422,1536.505,494.966,80018.691,-441593.038,102.372,0.52341,0,1491.472,0.0009317
132.52,ATMOSPHERIC_COAST,55144.058,5.0363321,30.7034309,1383.952,1535.171,492.46,80017.948,-441595.708,101.87,0.52341,0,1491.473,0.0008915
133.02,ATMOSPHERIC_COAST,55389.623,5.0684228,30.7033068,1382.489,1533.844,489.956,80017.238,-441598.277,101.368,0.52341,0,1491.473,0.0008531
133.52,ATMOSPHERIC_COAST,55633.936,5.1004844,30.7031877,1381.034,1532.524,487.453,80016.56,-441600.749,100.866,0.52341,0,1491.474,0.0008165
134.02,ATMOSPHERIC_COAST,55876.998,5.1325169,30.7030734,1379.586,1531.211,484.951,80015.913,-441603.128,100.365,0.52341,0,1491.475,0.0007815
134.52,ATMOSPHERIC_COAST,56118.81,5.1645207,30.7029637,1378.145,1529.905,482.451,80015.295,-441605.416,99.863,0.52341,0,1491.475,0.0007479
135.02,ATMOSPHERIC_COAST,56359.372,5.1964965,30.7028584,1376.712,1528.605,479.953,80014.704,-441607.617,99.361,0.52341,0,1491.476,0.0007158
135.52,ATMOSPHERIC_COAST,56598.686,5.2284431,30.7027574,1375.286,1527.313,477.456,80014.14,-441609.734,98.86,0.52341,0,1491.476,0.000685
136.02,ATMOSPHERIC_COAST,56836.751,5.2603621,30.7026605,1373.867,1526.028,474.96,80013.601,-441611.769,98.359,0.52341,0,1491.477,0.0006554
136.52,ATMOSPHERIC_COAST,57073.568,5.292253,30.7025675,1372.456,1524.749,472.465,80013.087,-441613.729,97.857,0.52341,0,1491.477,0.0006271
137.02,ATMOSPHERIC_COAST,57309.139,5.3241158,30.7024782,1371.052,1523.478,469.972,80012.594,-441615.618,97.356,0.52341,0,1491.478,0.0006
137.52,ATMOSPHERIC_COAST,57543.463,5.3559504,30.7023925,1369.655,1522.213,467.48,80012.121,-441617.442,96.855,0.52341,0,1491.478,0.0005739
138.02,ATMOSPHERIC_COAST,57776.542,5.3877578,30.7023102,1368.265,1520.955,464.989,80011.669,-441619.204,96.353,0.52341,0,1491.479,0.0005484
138.52,ATMOSPHERIC_COAST,58008.376,5.4195371,30.7022313,1366.883,1519.703,462.5,80011.234,-441620.908,95.852,0.52341,0,1491.479,0.0005239
139.02,ATMOSPHERIC_COAST,58238.965,5.4512892,30.7021555,1365.508,1518.459,460.012,80010.817,-441622.557,95.351,0.52341,0,1491.479,0.0005004
139.52,ATMOSPHERIC_COAST,58468.311,5.4830141,30.7020828,1364.14,1517.221,457.525,80010.415,-441624.154,94.85,0.52341,0,1491.48,0.0004778
140.02,ATMOSPHERIC_COAST,58696.414,5.5147119,30.7020131,1362.779,1515.99,455.04,80010.03,-441625.702,94.349,0.52341,0,1491.48,0.0004562
140.52,ATMOSPHERIC_COAST,58923.275,5.5463824,30.7019462,1361.425,1514.766,452.556,80009.659,-441627.202,93.848,0.52341,0,1491.481,0.0004355
141.02,ATMOSPHERIC_COAST,59148.893,5.5780258,30.7018819,1360.079,1513.548,450.073,80009.301,-441628.658,93.347,0.52341,0,1491.481,0.0004157
141.52,ATMOSPHERIC_COAST,59373.271,5.609643,30.7018203,1358.739,1512.337,447.591,80008.957,-441630.07,92.846,0.52341,0,1491.481,0.0003968
142.02,ATMOSPHERIC_COAST,59596.408,5.641233,30.7017611,1357.407,1511.133,445.11,80008.626,-441631.44,92.345,0.52341,0,1491.481,0.0003788
142.52,ATMOSPHERIC_COAST,59818.305,5.6727967,30.7017043,1356.082,1509.935,442.631,80008.307,-441632.77,91.844,0.52341,0,1491.482,0.0003616
142.96,FAIRING_JETTISON,60012.549,5.700551,30.7016562,1354.921,1508.887,440.45,80008.036,-441633.908,91.404,0.52341,0,1491.482,0.0003471
142.98,NEAR_VACUUM,60021.349,5.7018118,30.7053604,1354.115,1508.078,440.092,79971.358,-441825.794,91.269,0.45225,0,1491.482,0.0003465
143.54,TERMINAL_COAST,60266.987,5.7370896,30.7039858,1352.631,1506.737,437.321,79971.186,-441831.78,90.708,0.45225,0,1807.287,0.0003286
144.1,TERMINAL_COAST,60511.063,5.7723341,30.7039384,1351.165,1505.413,434.544,79970.578,-441834.811,90.146,0.45225,0,1807.287,0.0003121
144.66,TERMINAL_COAST,60753.587,5.8075457,30.7038873,1349.708,1504.097,431.769,79969.986,-441837.784,89.585,0.45225,0,1807.288,0.0002964
145.22,TERMINAL_COAST,60994.558,5.8427248,30.703835,1348.26,1502.789,428.996,79969.415,-441840.685,89.023,0.45225,0,1807.288,0.0002816
145.78,TERMINAL_COAST,61233.976,5.877872,30.7037849,1346.821,1501.49,426.224,79968.869,-441843.491,88.461,0.45225,0,1807.288,0.0002675
146.34,TERMINAL_COAST,61471.843,5.9129868,30.7037387,1345.392,1500.2,423.453,79968.349,-441846.188,87.9,0.45225,0,1807.289,0.0002542
146.9,TERMINAL_COAST,61708.158,5.9480696,30.7036959,1343.971,1498.918,420.684,79967.853,-441848.779,87.338,0.45225,0,1807.289,0.0002417
147.46,TERMINAL_COAST,61942.923,5.9831209,30.7036552,1342.56,1497.644,417.916,79967.38,-441851.274,86.777,0.45225,0,1807.289,0.0002297
148.02,TERMINAL_COAST,62176.138,6.0181398,30.7036158,1341.158,1496.38,415.15,79966.927,-441853.682,86.215,0.45225,0,1807.29,0.0002184
148.58,TERMINAL_COAST,62407.805,6.0531278,30.7035777,1339.765,1495.123,412.385,79966.494,-441856.008,85.654,0.45225,0,1807.29,0.0002077
149.14,TERMINAL_COAST,62637.924,6.0880842,30.7035409,1338.381,1493.876,409.622,79966.08,-441858.251,85.093,0.45225,0,1807.29,0.0001972
149.7,TERMINAL_COAST,62866.496,6.1230092,30.7035058,1337.006,1492.636,406.86,79965.684,-441860.41,84.532,0.45225,0,1807.29,0.000187
150.26,TERMINAL_COAST,63093.522,6.1579037,30.7034723,1335.64,1491.405,404.099,79965.308,-441862.483,83.971,0.45225,0,1807.29,0.000177
150.82,TERMINAL_COAST,63319.002,6.1927671,30.7034405,1334.284,1490.183,401.34,79964.949,-441864.47,83.41,0.45225,0,1807.29,0.0001672
151.38,TERMINAL_COAST,63542.937,6.2275996,30.7034101,1332.936,1488.969,398.582,79964.608,-441866.371,82.849,0.45225,0,1807.291,0.0001577
151.94,TERMINAL_COAST,63765.329,6.2624021,30.7033814,1331.598,1487.764,395.826,79964.284,-441868.187,82.288,0.45225,0,1807.291,0.0001484
152.5,TERMINAL_COAST,63986.177,6.297174,30.7033541,1330.269,1486.567,393.071,79963.978,-441869.918,81.727,0.45225,0,1807.291,0.0001394
153.06,TERMINAL_COAST,64205.483,6.3319159,30.7033283,1328.949,1485.379,390.317,79963.687,-441871.563,81.166,0.45225,0,1807.291,0.0001307
153.62,TERMINAL_COAST,64423.247,6.3666277,30.7033039,1327.638,1484.199,387.565,79963.413,-441873.124,80.605,0.45225,0,1807.291,0.0001222
154.18,TERMINAL_COAST,64639.47,6.40131,30.703281,1326.336,1483.027,384.814,79963.154,-441874.601,80.044,0.45225,0,1807.292,0.000114
154.74,TERMINAL_COAST,64854.154,6.4359622,30.7032595,1325.043,1481.864,382.064,79962.911,-441875.994,79.483,0.45225,0,1807.292,0.0001061
155.3,TERMINAL_COAST,65067.297,6.4705853,30.7032394,1323.76,1480.71,379.316,79962.682,-441877.304,78.923,0.45225,0,1807.292,9.84E-05
155.86,TERMINAL_COAST,65278.902,6.5051789,30.7032206,1322.485,1479.564,376.569,79962.467,-441878.532,78.362,0.45225,0,1807.292,9.1E-05
156.42,TERMINAL_COAST,65488.969,6.5397434,30.7032032,1321.22,1478.426,373.823,79962.265,-441879.679,77.802,0.45225,0,1807.292,8.38E-05
156.98,TERMINAL_COAST,65697.499,6.5742793,30.7031871,1319.964,1477.297,371.078,79962.077,-441880.747,77.241,0.45225,0,1807.292,7.7E-05
157.54,TERMINAL_COAST,65904.492,6.6087856,30.7031723,1318.717,1476.177,368.335,79961.901,-441881.736,76.68,0.45225,0,1807.293,7.04E-05
158.1,TERMINAL_COAST,66109.949,6.6432638,30.7031588,1317.478,1475.064,365.593,79961.737,-441882.649,76.12,0.45225,0,1807.292,6.41E-05
158.66,TERMINAL_COAST,66313.871,6.6777134,30.7031465,1316.25,1473.96,362.852,79961.585,-441883.488,75.56,0.45225,0,1807.293,5.81E-05
159.22,TERMINAL_COAST,66516.259,6.7121348,30.7031354,1315.03,1472.865,360.113,79961.443,-441884.255,74.999,0.45225,0,1807.293,5.23E-05
159.78,TERMINAL_COAST,66717.112,6.7465281,30.7031254,1313.819,1471.778,357.374,79961.311,-441884.955,74.439,0.45225,0,1807.293,4.69E-05
160.34,TERMINAL_COAST,66916.433,6.7808928,30.7031165,1312.617,1470.699,354.637,79961.189,-441885.591,73.879,0.45225,0,1807.293,4.18E-05
160.9,TERMINAL_COAST,67114.221,6.8152304,30.7031085,1311.425,1469.629,351.901,79961.074,-441886.169,73.318,0.45225,0,1807.293,3.69E-05
161.46,TERMINAL_COAST,67310.477,6.8495398,30.7031015,1310.241,1468.567,349.166,79960.968,-441886.69,72.758,0.45225,0,1807.293,3.23E-05
162.02,TERMINAL_COAST,67505.203,6.883822,30.7030954,1309.067,1467.514,346.433,79960.869,-441887.158,72.198,0.45225,0,1807.293,2.81E-05
162.58,TERMINAL_COAST,67698.397,6.9180765,30.7030901,1307.901,1466.468,343.7,79960.776,-441887.574,71.638,0.45225,0,1807.293,2.41E-05
163.14,TERMINAL_COAST,67890.062,6.9523039,30.7030855,1306.744,1465.431,340.969,79960.69,-441887.941,71.077,0.45225,0,1807.294,2.04E-05
163.7,TERMINAL_COAST,68080.198,6.9865041,30.7030818,1305.597,1464.403,338.239,79960.61,-441888.261,70.517,0.45225,0,1807.294,1.71E-05
164.26,TERMINAL_COAST,68268.805,7.0206776,30.7030787,1304.459,1463.382,335.509,79960.536,-441888.535,69.957,0.45225,0,1807.294,1.4E-05
164.82,TERMINAL_COAST,68455.884,7.0548239,30.7030763,1303.329,1462.37,332.781,79960.467,-441888.765,69.397,0.45225,0,1807.294,1.12E-05
165.38,TERMINAL_COAST,68641.436,7.088944,30.7030746,1302.209,1461.366,330.054,79960.403,-441888.954,68.837,0.45225,0,1807.294,8.8E-06
165.94,TERMINAL_COAST,68825.461,7.1230378,30.7030734,1301.097,1460.371,327.329,79960.343,-441889.105,68.277,0.45225,0,1807.294,6.6E-06
166.5,TERMINAL_COAST,69007.96,7.157105,30.7030728,1299.995,1459.384,324.604,79960.287,-441889.22,67.717,0.45225,0,1807.294,4.8E-06
167.06,TERMINAL_COAST,69188.933,7.1911459,30.7030726,1298.901,1458.405,321.88,79960.235,-441889.304,67.157,0.45225,0,1807.294,3.2E-06
167.62,TERMINAL_COAST,69368.381,7.2251606,30.7030728,1297.817,1457.434,319.157,79960.185,-441889.362,66.597,0.45225,0,1807.294,2E-06
168.18,TERMINAL_COAST,69546.305,7.25915,30.7030733,1296.741,1456.471,316.436,79960.138,-441889.399,66.037,0.45225,0,1807.294,1E-06
168.74,TERMINAL_COAST,69722.705,7.2931132,30.703074,1295.675,1455.517,313.715,79960.092,-441889.42,65.477,0.45225,0,1807.294,4E-07
169.3,TERMINAL_COAST,69897.581,7.3270512,30.7030749,1294.617,1454.57,310.995,79960.047,-441889.431,64.917,0.45225,0,1807.294,1E-07
169.86,TERMINAL_COAST,70070.949,7.3609633,30.7030755,1293.568,1453.632,308.276,79960.019,-441889.436,64.357,0.45225,0,1807.294,0
170.42,TERMINAL_COAST,70242.821,7.3948503,30.7030755,1292.528,1452.702,305.559,79960.019,-441889.436,63.797,0.45225,0,1807.294,0
170.98,TERMINAL_COAST,70413.163,7.4287124,30.7030757,1291.497,1451.78,302.842,79960.009,-441889.437,63.237,0.45225,0,1807.294,0
171.54,TERMINAL_COAST,70581.992,7.4625492,30.7030757,1290.475,1450.866,300.126,79960.009,-441889.437,62.677,0.45225,0,1807.294,0
172.1,TERMINAL_COAST,70749.301,7.4963613,30.7030757,1289.461,1449.961,297.411,79960.009,-441889.437,62.117,0.45225,0,1807.294,0
172.66,TERMINAL_COAST,70915.089,7.5301485,30.7030757,1288.457,1449.063,294.697,79960.009,-441889.437,61.557,0.45225,0,1807.294,0
173.22,TERMINAL_COAST,71079.358,7.563911,30.7030757,1287.461,1448.174,291.984,79960.009,-441889.437,60.997,0.45225,0,1807.294,0
173.78,TERMINAL_COAST,71242.108,7.5976491,30.7030757,1286.475,1447.292,289.272,79960.009,-441889.437,60.437,0.45225,0,1807.294,0
174.34,TERMINAL_COAST,71403.34,7.6313629,30.7030757,1285.497,1446.419,286.561,79960.009,-441889.437,59.877,0.45225,0,1807.294,0
174.9,TERMINAL_COAST,71563.053,7.6650524,30.7030757,1284.528,1445.554,283.851,79960.009,-441889.437,59.317,0.45225,0,1807.294,0
175.46,TERMINAL_COAST,71721.249,7.6987181,30.7030757,1283.568,1444.697,281.141,79960.009,-441889.437,58.757,0.45225,0,1807.294,0
176.02,TERMINAL_COAST,71877.928,7.7323599,30.7030757,1282.617,1443.848,278.433,79960.009,-441889.437,58.197,0.45225,0,1807.294,0
176.58,TERMINAL_COAST,72033.091,7.7659779,30.7030757,1281.675,1443.007,275.725,79960.009,-441889.437,57.637,0.45225,0,1807.294,0
177.14,TERMINAL_COAST,72186.737,7.799572,30.7030757,1280.742,1442.175,273.018,79960.009,-441889.437,57.077,0.45225,0,1807.294,0
177.7,TERMINAL_COAST,72338.868,7.8331428,30.7030757,1279.817,1441.35,270.312,79960.009,-441889.437,56.517,0.45225,0,1807.294,0
178.26,TERMINAL_COAST,72489.483,7.8666902,30.7030757,1278.902,1440.534,267.607,79960.009,-441889.437,55.957,0.45225,0,1807.294,0
178.82,TERMINAL_COAST,72638.584,7.9002142,30.7030757,1277.996,1439.725,264.903,79960.009,-441889.437,55.397,0.45225,0,1807.294,0
179.38,TERMINAL_COAST,72786.171,7.9337153,30.7030757,1277.098,1438.925,262.199,79960.009,-441889.437,54.837,0.45225,0,1807.294,0
179.94,TERMINAL_COAST,72932.244,7.9671936,30.7030757,1276.21,1438.133,259.497,79960.009,-441889.437,54.277,0.45225,0,1807.294,0
180.5,TERMINAL_COAST,73076.804,8.0006485,30.7030757,1275.33,1437.349,256.795,79960.009,-441889.437,53.717,0.45225,0,1807.294,0
181.06,TERMINAL_COAST,73219.851,8.0340815,30.7030757,1274.459,1436.573,254.094,79960.009,-441889.437,53.157,0.45225,0,1807.294,0
181.62,TERMINAL_COAST,73361.385,8.0674915,30.7030757,1273.598,1435.805,251.394,79960.009,-441889.437,52.597,0.45225,0,1807.294,0
182.18,TERMINAL_COAST,73501.408,8.1008787,30.7030757,1272.745,1435.046,248.694,79960.009,-441889.437,52.037,0.45225,0,1807.294,0
182.74,TERMINAL_COAST,73639.919,8.134244,30.7030757,1271.901,1434.294,245.995,79960.009,-441889.437,51.477,0.45225,0,1807.294,0
183.3,TERMINAL_COAST,73776.919,8.1675873,30.7030757,1271.066,1433.551,243.297,79960.009,-441889.437,50.917,0.45225,0,1807.294,0
183.86,TERMINAL_COAST,73912.409,8.2009087,30.7030757,1270.241,1432.815,240.6,79960.009,-441889.437,50.357,0.45225,0,1807.294,0
184.42,TERMINAL_COAST,74046.388,8.2342072,30.7030757,1269.424,1432.088,237.904,79960.009,-441889.437,49.797,0.45225,0,1807.294,0
184.98,TERMINAL_COAST,74178.858,8.2674847,30.7030757,1268.616,1431.369,235.208,79960.009,-441889.437,49.237,0.45225,0,1807.294,0
185.54,TERMINAL_COAST,74309.818,8.3007412,30.7030757,1267.817,1430.658,232.513,79960.009,-441889.437,48.677,0.45225,0,1807.294,0
186.1,TERMINAL_COAST,74439.269,8.3339748,30.7030757,1267.027,1429.955,229.819,79960.009,-441889.437,48.117,0.45225,0,1807.294,0
186.66,TERMINAL_COAST,74567.212,8.3671875,30.7030757,1266.246,1429.261,227.125,79960.009,-441889.437,47.557,0.45225,0,1807.294,0
187.22,TERMINAL_COAST,74693.646,8.4003792,30.7030757,1265.474,1428.574,224.433,79960.009,-441889.437,46.997,0.45225,0,1807.294,0
187.78,TERMINAL_COAST,74818.573,8.4335499,30.7030757,1264.711,1427.896,221.74,79960.009,-441889.437,46.437,0.45225,0,1807.294,0
188.34,TERMINAL_COAST,74941.992,8.4666996,30.7030757,1263.957,1427.225,219.049,79960.009,-441889.437,45.877,0.45225,0,1807.294,0
188.9,TERMINAL_COAST,75063.904,8.4998283,30.7030757,1263.212,1426.563,216.358,79960.009,-441889.437,45.317,0.45225,0,1807.294,0
189.46,TERMINAL_COAST,75184.309,8.5329361,30.7030757,1262.476,1425.909,213.668,79960.009,-441889.437,44.757,0.45225,0,1807.294,0
190.02,TERMINAL_COAST,75303.208,8.5660229,30.7030757,1261.749,1425.263,210.979,79960.009,-441889.437,44.197,0.45225,0,1807.294,0
190.58,TERMINAL_COAST,75420.602,8.5990896,30.7030757,1261.031,1424.625,208.29,79960.009,-441889.437,43.637,0.45225,0,1807.294,0
191.14,TERMINAL_COAST,75536.49,8.6321363,30.7030757,1260.322,1423.995,205.602,79960.009,-441889.437,43.077,0.45225,0,1807.294,0
191.7,TERMINAL_COAST,75650.872,8.6651621,30.7030757,1259.622,1423.373,202.914,79960.009,-441889.437,42.517,0.45225,0,1807.294,0
192.26,TERMINAL_COAST,75763.75,8.6981688,30.7030757,1258.931,1422.76,200.227,79960.009,-441889.437,41.957,0.45225,0,1807.294,0
192.82,TERMINAL_COAST,75875.123,8.7311544,30.7030757,1258.249,1422.155,197.541,79960.009,-441889.437,41.397,0.45225,0,1807.294,0
193.38,TERMINAL_COAST,75984.993,8.7641211,30.7030757,1257.576,1421.557,194.855,79960.009,-441889.437,40.837,0.45225,0,1807.294,0
193.94,TERMINAL_COAST,76093.358,8.7970676,30.7030757,1256.912,1420.968,192.17,79960.009,-441889.437,40.277,0.45225,0,1807.294,0
194.5,TERMINAL_COAST,76200.22,8.8299942,30.7030757,1256.257,1420.387,189.486,79960.009,-441889.437,39.717,0.45225,0,1807.294,0
195.06,TERMINAL_COAST,76305.579,8.8629017,30.7030757,1255.612,1419.814,186.802,79960.009,-441889.437,39.157,0.45225,0,1807.294,0
195.62,TERMINAL_COAST,76409.435,8.8957891,30.7030757,1254.975,1419.249,184.119,79960.009,-441889.437,38.597,0.45225,0,1807.294,0
196.18,TERMINAL_COAST,76511.789,8.9286585,30.7030757,1254.347,1418.693,181.436,79960.009,-441889.437,38.037,0.45225,0,1807.294,0
196.74,TERMINAL_COAST,76612.64,8.9615078,30.7030757,1253.728,1418.144,178.754,79960.009,-441889.437,37.477,0.45225,0,1807.294,0
197.3,TERMINAL_COAST,76711.989,8.994338,30.7030757,1253.119,1417.603,176.072,79960.009,-441889.437,36.917,0.45225,0,1807.294,0
197.86,TERMINAL_COAST,76809.837,9.0271502,30.7030757,1252.518,1417.071,173.391,79960.009,-441889.437,36.357,0.45225,0,1807.294,0
198.42,TERMINAL_COAST,76906.173,9.0599432,30.703076,1251.926,1416.547,170.711,79959.998,-441889.439,35.797,0.45225,0,1807.294,0
198.98,TERMINAL_COAST,77001.018,9.0927172,30.703076,1251.344,1416.031,168.031,79959.998,-441889.439,35.237,0.45225,0,1807.294,0
199.54,TERMINAL_COAST,77094.363,9.125473,30.703076,1250.77,1415.523,165.351,79959.998,-441889.439,34.677,0.45225,0,1807.294,0
200.1,TERMINAL_COAST,77186.208,9.1582108,30.703076,1250.206,1415.023,162.672,79959.998,-441889.438,34.117,0.45225,0,1807.294,0
200.66,TERMINAL_COAST,77276.552,9.1909304,30.703076,1249.651,1414.531,159.994,79959.998,-441889.438,33.557,0.45225,0,1807.294,0
201.22,TERMINAL_COAST,77365.397,9.2236309,30.703076,1249.105,1414.048,157.316,79959.998,-441889.438,32.997,0.45225,0,1807.294,0
201.78,TERMINAL_COAST,77452.743,9.2563143,30.703076,1248.567,1413.572,154.638,79959.998,-441889.438,32.437,0.45225,0,1807.294,0
202.34,TERMINAL_COAST,77538.589,9.2889795,30.703076,1248.039,1413.105,151.961,79959.998,-441889.438,31.877,0.45225,0,1807.294,0
202.9,TERMINAL_COAST,77622.936,9.3216267,30.703076,1247.52,1412.646,149.285,79959.998,-441889.438,31.317,0.45225,0,1807.294,0
203.46,TERMINAL_COAST,77705.784,9.3542557,30.703076,1247.01,1412.195,146.609,79959.998,-441889.438,30.757,0.45225,0,1807.294,0
204.02,TERMINAL_COAST,77787.134,9.3868685,30.703076,1246.509,1411.752,143.933,79959.998,-441889.438,30.197,0.45225,0,1807.294,0
204.58,TERMINAL_COAST,77866.985,9.4194632,30.7030759,1246.018,1411.317,141.258,79959.998,-441889.438,29.637,0.45225,0,1807.294,0
205.14,TERMINAL_COAST,77945.339,9.4520397,30.7030759,1245.535,1410.89,138.583,79959.998,-441889.438,29.077,0.45225,0,1807.294,0
205.7,TERMINAL_COAST,78022.195,9.4846001,30.703076,1245.061,1410.471,135.909,79959.998,-441889.438,28.517,0.45225,0,1807.294,0
206.26,TERMINAL_COAST,78097.553,9.5171432,30.703076,1244.597,1410.061,133.235,79959.998,-441889.438,27.957,0.45225,0,1807.294,0
206.82,TERMINAL_COAST,78171.414,9.5496693,30.703076,1244.141,1409.659,130.561,79959.998,-441889.438,27.397,0.45225,0,1807.294,0
207.38,TERMINAL_COAST,78243.778,9.5821781,30.703076,1243.695,1409.264,127.888,79959.998,-441889.438,26.837,0.45225,0,1807.294,0
207.94,TERMINAL_COAST,78314.645,9.6146708,30.703076,1243.258,1408.878,125.215,79959.998,-441889.438,26.277,0.45225,0,1807.294,0
208.5,TERMINAL_COAST,78384.015,9.6471462,30.703076,1242.83,1408.5,122.543,79959.998,-441889.438,25.717,0.45225,0,1807.294,0
209.06,TERMINAL_COAST,78451.889,9.6796055,30.703076,1242.411,1408.131,119.871,79959.998,-441889.438,25.157,0.45225,0,1807.294,0
209.62,TERMINAL_COAST,78518.267,9.7120485,30.703076,1242.001,1407.769,117.199,79959.998,-441889.438,24.597,0.45225,0,1807.294,0
210.18,TERMINAL_COAST,78583.149,9.7444754,30.703076,1241.6,1407.415,114.528,79959.998,-441889.438,24.037,0.45225,0,1807.294,0
210.74,TERMINAL_COAST,78646.535,9.776886,30.703076,1241.208,1407.07,111.857,79959.998,-441889.438,23.477,0.45225,0,1807.294,0
211.3,TERMINAL_COAST,78708.425,9.8092804,30.703076,1240.826,1406.733,109.187,79959.998,-441889.438,22.917,0.45225,0,1807.294,0
211.86,TERMINAL_COAST,78768.82,9.8416586,30.703076,1240.452,1406.403,106.517,79959.998,-441889.438,22.357,0.45225,0,1807.294,0
212.42,TERMINAL_COAST,78827.72,9.8740215,30.703076,1240.088,1406.082,103.847,79959.998,-441889.438,21.797,0.45225,0,1807.294,0
212.98,TERMINAL_COAST,78885.125,9.9063683,30.703076,1239.733,1405.769,101.177,79959.998,-441889.438,21.237,0.45225,0,1807.294,0
213.54,TERMINAL_COAST,78941.035,9.9386997,30.703076,1239.386,1405.465,98.508,79959.998,-441889.438,20.677,0.45225,0,1807.294,0
214.1,TERMINAL_COAST,78995.45,9.9710159,30.7030759,1239.049,1405.168,95.839,79959.998,-441889.438,20.117,0.45225,0,1807.294,0
214.66,TERMINAL_COAST,79048.371,10.0033159,30.703076,1238.722,1404.88,93.17,79959.998,-441889.438,19.557,0.45225,0,1807.294,0
215.22,TERMINAL_COAST,79099.797,10.0356016,30.703076,1238.403,1404.599,90.502,79959.998,-441889.438,18.997,0.45225,0,1807.294,0
215.78,TERMINAL_COAST,79149.729,10.0678711,30.703076,1238.093,1404.327,87.834,79959.998,-441889.438,18.437,0.45225,0,1807.294,0
216.34,TERMINAL_COAST,79198.167,10.1001263,30.703076,1237.793,1404.063,85.166,79959.998,-441889.438,17.877,0.45225,0,1807.294,0
216.9,TERMINAL_COAST,79245.111,10.1323671,30.703076,1237.501,1403.807,82.498,79959.998,-441889.438,17.317,0.45225,0,1807.294,0
217.46,TERMINAL_COAST,79290.561,10.1645918,30.703076,1237.219,1403.559,79.831,79959.998,-441889.438,16.757,0.45225,0,1807.294,0
218.02,TERMINAL_COAST,79334.518,10.1968031,30.703076,1236.946,1403.319,77.164,79959.998,-441889.438,16.197,0.45225,0,1807.294,0
218.58,TERMINAL_COAST,79376.981,10.2289991,30.703076,1236.682,1403.088,74.497,79959.998,-441889.438,15.637,0.45225,0,1807.294,0
219.14,TERMINAL_COAST,79417.934,10.2611799,30.7030764,1236.428,1402.864,71.831,79959.981,-441889.441,15.077,0.45225,0,1807.294,0
219.7,TERMINAL_COAST,79457.411,10.2933474,30.7030763,1236.182,1402.649,69.164,79959.981,-441889.441,14.517,0.45225,0,1807.294,0
220.26,TERMINAL_COAST,79495.394,10.3255005,30.7030763,1235.945,1402.442,66.498,79959.981,-441889.441,13.957,0.45225,0,1807.294,0
220.82,TERMINAL_COAST,79531.885,10.3576393,30.7030763,1235.718,1402.243,63.832,79959.981,-441889.441,13.397,0.45225,0,1807.294,0
221.38,TERMINAL_COAST,79566.883,10.3897638,30.7030763,1235.5,1402.052,61.166,79959.981,-441889.441,12.837,0.45225,0,1807.294,0
221.94,TERMINAL_COAST,79600.387,10.421875,30.7030763,1235.291,1401.869,58.501,79959.981,-441889.441,12.277,0.45225,0,1807.294,0
222.5,TERMINAL_COAST,79632.4,10.4539719,30.7030763,1235.091,1401.694,55.835,79959.981,-441889.441,11.717,0.45225,0,1807.294,0
223.06,TERMINAL_COAST,79662.919,10.4860554,30.7030763,1234.9,1401.528,53.17,79959.981,-441889.441,11.157,0.45225,0,1807.294,0
223.62,TERMINAL_COAST,79691.946,10.5181246,30.7030763,1234.719,1401.37,50.505,79959.981,-441889.441,10.597,0.45225,0,1807.294,0
224.18,TERMINAL_COAST,79719.481,10.5501804,30.7030763,1234.546,1401.219,47.84,79959.981,-441889.441,10.037,0.45225,0,1807.294,0
224.82,SV53_GUIDANCE,79749.31,10.5870352,30.7073815,1256.424,1423.176,45.561,79971.755,-435642.716,9.746,0.44893,1,1788.665,0
225.46,SV53_GUIDANCE,79777.586,10.6245651,30.6404958,1284.492,1451.482,42.743,79978.576,-427311.601,9.385,0.44486,1,1760.064,0
226.12,SV53_GUIDANCE,79804.682,10.6638508,30.4530531,1313.102,1480.566,39.385,79980.211,-418400.756,8.893,0.44065,1,1731.199,0
226.76,SV53_GUIDANCE,79828.833,10.7024021,30.2342059,1340.855,1508.842,36.114,79980.721,-409385.406,8.391,0.43657,1,1702.067,0
227.4,SV53_GUIDANCE,79850.908,10.7414246,30.0948139,1369.414,1537.761,32.898,79980.889,-399790.404,7.881,0.43249,1,1672.661,0
228.04,SV53_GUIDANCE,79870.955,10.7810898,30.0940757,1398.823,1567.255,29.783,79981.061,-389595.328,7.373,0.42841,1,1642.045,0
228.68,SV53_GUIDANCE,79889.052,10.821579,30.2200244,1428.542,1596.808,26.801,79981.378,-378943.37,6.869,0.42433,1,1612.069,0
229.32,SV53_GUIDANCE,79905.293,10.8630142,30.3606713,1458.538,1626.605,23.983,79982.019,-367737.532,6.378,0.42026,1,1581.804,0
229.96,SV53_GUIDANCE,79919.786,10.9053211,30.3844468,1488.902,1656.996,21.337,79982.997,-355800.9,5.904,0.41618,1,1551.244,0
230.6,SV53_GUIDANCE,79932.643,10.94837,30.3388872,1519.438,1687.689,18.87,79984.249,-343194.723,5.449,0.4121,1,1520.384,0
231.24,SV53_GUIDANCE,79943.982,10.9921322,30.3097189,1550.341,1718.715,16.59,79985.751,-329856.066,5.015,0.40802,1,1489.217,0
231.88,SV53_GUIDANCE,79953.921,11.0366592,30.318983,1581.656,1750.075,14.493,79987.428,-315728.026,4.604,0.40394,1,1457.737,0
232.52,SV53_GUIDANCE,79962.576,11.0819979,30.3392267,1613.314,1781.755,12.575,79989.197,-300754.377,4.214,0.39986,1,1424.94,0
233.16,SV53_GUIDANCE,79970.058,11.1281509,30.3469014,1645.287,1813.771,10.825,79990.978,-284858.687,3.846,0.39578,1,1392.806,0
233.8,SV53_GUIDANCE,79976.471,11.175107,30.3429023,1677.575,1846.124,9.234,79992.7,-267963.153,3.496,0.3917,1,1360.339,0
234.44,SV53_GUIDANCE,79981.913,11.2228632,30.3384639,1710.208,1878.82,7.788,79994.301,-249978.771,3.163,0.38762,1,1327.533,0
235.08,SV53_GUIDANCE,79986.473,11.271431,30.3390132,1743.2,1911.864,6.477,79995.739,-230804.61,2.843,0.38355,1,1294.38,0
235.72,SV53_GUIDANCE,79990.235,11.3208237,30.34225,1776.555,1945.263,5.292,79996.985,-210327.361,2.533,0.37947,1,1260.873,0
236.36,SV53_GUIDANCE,79993.276,11.3710518,30.3445403,1810.272,1979.025,4.226,79998.025,-188418.23,2.23,0.37539,1,1227.005,0
237,SV53_GUIDANCE,79995.67,11.4221191,30.3451279,1844.357,2013.157,3.271,79998.854,-164930.967,1.93,0.37131,1,1191.691,0
237.64,SV53_GUIDANCE,79997.487,11.4740334,30.3452703,1878.821,2047.667,2.42,79999.472,-139698.694,1.624,0.36723,1,1157.063,0
238.28,SV53_GUIDANCE,79998.789,11.5268011,30.3459551,1913.673,2082.564,1.666,79999.888,-112529.986,1.303,0.36315,1,1122.049,0
238.92,SV53_GUIDANCE,79999.634,11.5804319,30.3471233,1948.922,2117.854,1.019,80000.129,-83204.301,0.958,0.35907,1,1086.64,0
239.56,SV53_GUIDANCE,80000.123,11.6349239,30.3482409,1982.742,2151.713,0.529,80000.287,-53151.617,0.618,0.35522,0.8283678,1052.341,0
240.2,SV53_GUIDANCE,80000.348,11.690155,30.3487765,2009.762,2178.765,0.186,80000.368,-27668.566,0.264,0.35218,0.6464594,1024.768,0
240.84,SV53_GUIDANCE,80000.397,11.7459593,30.3485411,2031.027,2200.056,-0.028,80000.388,-6619.22,1698.509,0.34981,0.5055189,1003.065,0
241.48,SV53_GUIDANCE,80000.347,11.8022032,30.3479601,2047.766,2216.817,-0.131,80000.354,10605.56,1732.826,0.34795,0.3959363,985.495,0
242.12,SV53_GUIDANCE,80000.261,11.8587828,30.3474851,2060.944,2230.012,-0.149,80000.276,24593.351,1760.938,0.3465,0.3104919,972.145,0
242.76,SV53_GUIDANCE,80000.181,11.9156189,30.347236,2071.32,2240.403,-0.115,80000.184,35882.257,1783.86,0.34536,0.2437174,961.632,0
243.4,SV53_GUIDANCE,80000.128,11.9726467,30.3471323,2079.489,2248.584,-0.062,80000.113,44947.731,1802.471,0.34446,0.1914439,953.353,0
244.04,SV53_GUIDANCE,80000.105,12.0298157,30.3470862,2085.922,2255.027,-0.016,80000.082,52198.946,1817.501,0.34375,0.1504708,946.833,0
244.68,SV53_GUIDANCE,80000.103,12.0870876,30.3470624,2090.988,2260.102,0.012,80000.083,57980.942,0.076,0.3432,0.1183244,941.699,0
245.32,SV53_GUIDANCE,80000.11,12.1444292,30.3470551,2094.977,2264.099,0.018,80000.095,62580.027,0.165,0.34276,0.0930823,937.654,0
245.96,SV53_GUIDANCE,80000.116,12.2018175,30.3470614,2098.119,2267.247,0.008,80000.103,66230.935,0.083,0.34242,0.0732471,934.383,0
246.6,SV53_GUIDANCE,80000.113,12.2592325,30.3470754,2100.593,2269.727,-0.01,80000.104,69124.457,1852.186,0.34215,0.0576521,931.891,0
247.24,SV53_GUIDANCE,80000.102,12.316659,30.3470912,2102.541,2271.681,-0.027,80000.099,71414.759,1856.51,0.34194,0.0453868,929.929,0
247.88,SV53_GUIDANCE,80000.085,12.3740845,30.3471057,2104.075,2273.22,-0.037,80000.088,73225.792,1859.821,0.34177,0.0357378,928.383,0
248.26,FINE_MODE_LATCH,80000.073,12.4099712,30.3471136,2104.862,2274.01,-0.04,80000.078,74157.932,1861.522,0.34169,0.0317142,927.932,0
248.52,SV53_GUIDANCE,80000.066,12.4314995,30.347116,2105.103,2274.253,-0.043,80000.074,74444.827,1861.945,0.34166,0.0097554,927.346,0
249.16,SV53_GUIDANCE,80000.055,12.488883,30.3471193,2105.452,2274.606,-0.055,80000.065,74861.331,1862.292,0.34162,0.0090179,926.991,0
249.8,SV53_GUIDANCE,80000.045,12.5462303,30.347122,2105.773,2274.931,-0.054,80000.033,75246.307,1862.938,0.34159,0.008339,926.664,0
250.44,SV53_GUIDANCE,80000.027,12.6035404,30.347124,2106.069,2275.232,-0.047,79999.99,75602.015,1863.808,0.34156,0.0077112,926.453,0
251.08,SV53_GUIDANCE,80000.003,12.6608114,30.3471255,2106.343,2275.51,-0.038,79999.95,75930.976,1864.728,0.34153,0.0071309,926.166,0
251.72,SV53_GUIDANCE,79999.977,12.7180424,30.3471266,2106.596,2275.767,-0.03,79999.919,76235.474,1865.575,0.3415,0.0065944,925.901,0
252.36,SV53_GUIDANCE,79999.954,12.7752342,30.3471274,2106.829,2276.005,-0.025,79999.896,76517.39,1866.308,0.34147,0.0060983,925.656,0
253,SV53_GUIDANCE,79999.936,12.8323841,30.3471279,2107.045,2276.225,-0.022,79999.878,76778.346,1866.946,0.34145,0.0056395,925.429,0
253.64,SV53_GUIDANCE,79999.922,12.889493,30.3471281,2107.244,2276.428,-0.019,79999.862,77019.832,1867.525,0.34142,0.0052152,925.212,0
254.28,SV53_GUIDANCE,79999.912,12.946559,30.3471278,2107.428,2276.616,-0.016,79999.849,77243.258,1868.073,0.3414,0.0048228,925.019,0
254.92,SV53_GUIDANCE,79999.903,13.003583,30.3471273,2107.598,2276.791,-0.013,79999.838,77449.958,1868.601,0.34139,0.00446,924.84,0
255.56,SV53_GUIDANCE,79999.879,13.0605631,30.3471269,2107.755,2276.952,-0.011,79999.813,77641.19,1869.109,0.34137,0.0041245,924.674,0
256.2,SV53_GUIDANCE,79999.865,13.1174984,30.3471264,2107.9,2277.1,-0.008,79999.798,77818.109,1869.593,0.34135,0.0038143,924.521,0
256.84,SV53_GUIDANCE,79999.86,13.1743898,30.347126,2108.033,2277.238,-0.006,79999.792,77981.779,1870.053,0.34134,0.0035274,924.379,0
257.48,SV53_GUIDANCE,79999.856,13.2312365,30.3471256,2108.156,2277.365,-0.005,79999.788,78133.195,1870.49,0.34132,0.003262,924.248,0
258.12,SV53_GUIDANCE,79999.853,13.2880373,30.3471253,2108.27,2277.483,-0.003,79999.785,78273.27,1870.904,0.34131,0.0030167,924.123,0
258.76,SV53_GUIDANCE,79999.851,13.3447924,30.3471251,2108.374,2277.592,-0.002,79999.783,78402.852,1871.298,0.3413,0.0027898,924.011,0
259.4,SV53_GUIDANCE,79999.849,13.4015007,30.347125,2108.471,2277.693,-0.001,79999.782,78522.725,1871.671,0.34129,0.0025799,923.908,0
260.04,SV53_GUIDANCE,79999.848,13.4581614,30.3471248,2108.56,2277.786,0,79999.783,78633.613,0.041,0.34128,0.0023859,923.812,0
260.68,SV53_GUIDANCE,79999.847,13.5147753,30.3471247,2108.642,2277.872,0.001,79999.782,78736.189,0.17,0.34127,0.0022065,923.724,0
261.32,SV53_GUIDANCE,79999.841,13.5713415,30.3471247,2108.717,2277.952,0.002,79999.777,78831.077,0.3,0.34126,0.0020405,923.642,0
261.96,SV53_GUIDANCE,79999.842,13.6278591,30.3471245,2108.787,2278.025,0.003,79999.779,78918.846,0.434,0.34125,0.0018871,923.567,0
262.6,SV53_GUIDANCE,79999.844,13.6843281,30.3471245,2108.85,2278.094,0.003,79999.781,79000.029,0.574,0.34124,0.0017451,923.494,0
263.24,SV53_GUIDANCE,79999.845,13.7407484,30.3471244,2108.909,2278.157,0.004,79999.784,79075.121,0.718,0.34124,0.0016139,923.43,0
263.88,SV53_GUIDANCE,79999.847,13.7971191,30.3471243,2108.963,2278.215,0.004,79999.787,79144.579,0.866,0.34123,0.0014925,923.37,0
264.52,SV53_GUIDANCE,79999.849,13.8534403,30.3471243,2109.013,2278.269,0.005,79999.79,79208.824,1.017,0.34122,0.0013803,923.315,0
265.16,SV53_GUIDANCE,79999.852,13.9097118,30.3471242,2109.058,2278.319,0.005,79999.794,79268.248,1.171,0.34122,0.0012765,923.264,0
265.8,SV53_GUIDANCE,79999.854,13.9659328,30.3471242,2109.1,2278.365,0.005,79999.798,79323.211,1.329,0.34121,0.0011805,923.217,0
266.44,SV53_GUIDANCE,79999.857,14.0221024,30.3471241,2109.138,2278.407,0.005,79999.802,79374.049,1.492,0.34121,0.0010917,923.173,0
267.08,SV53_GUIDANCE,79999.86,14.0782213,30.3471241,2109.174,2278.447,0.005,79999.806,79421.069,1.659,0.3412,0.0010096,923.131,0
267.72,SV53_GUIDANCE,79999.863,14.1342897,30.3471241,2109.206,2278.483,0.006,79999.81,79464.558,1.832,0.3412,0.0009337,923.095,0
268.36,SV53_GUIDANCE,79999.865,14.1903057,30.3471241,2109.235,2278.517,0.006,79999.814,79504.782,2.011,0.3412,0.0008634,923.06,0
269,SV53_GUIDANCE,79999.861,14.2462692,30.3471242,2109.262,2278.548,0.006,79999.81,79541.988,2.195,0.34119,0.0007985,923.028,0
269.64,SV53_GUIDANCE,79999.864,14.3021812,30.3471242,2109.286,2278.577,0.006,79999.815,79576.398,2.383,0.34119,0.0007385,922.999,0
270.28,SV53_GUIDANCE,79999.867,14.3580399,30.3471241,2109.309,2278.604,0.006,79999.819,79608.222,2.588,0.34119,0.0006829,922.972,0
270.92,SV53_GUIDANCE,79999.863,14.413846,30.3471242,2109.329,2278.628,0.006,79999.815,79637.658,2.807,0.34118,0.0006316,922.946,0
271.56,SV53_GUIDANCE,79999.866,14.4695988,30.3471242,2109.347,2278.651,0.006,79999.82,79664.88,3.039,0.34118,0.0005841,922.922,0
272.2,SV53_GUIDANCE,79999.87,14.5252981,30.3471242,2109.364,2278.672,0.006,79999.824,79690.055,3.292,0.34118,0.0005402,922.901,0
272.84,SV53_GUIDANCE,79999.873,14.5809441,30.3471242,2109.379,2278.692,0.006,79999.829,79713.338,3.561,0.34118,0.0004995,922.881,0
273.48,SV53_GUIDANCE,79999.876,14.6365356,30.3471242,2109.393,2278.71,0.006,79999.833,79734.872,3.841,0.34118,0.000462,922.862,0
274.12,SV53_GUIDANCE,79999.878,14.6920729,30.3471242,2109.405,2278.727,0.006,79999.838,79754.788,4.128,0.34117,0.0004272,922.845,0
274.76,SV53_GUIDANCE,79999.881,14.7475557,30.3471242,2109.416,2278.742,0.006,79999.842,79773.209,4.425,0.34117,0.0003951,922.83,0
275.4,SV53_GUIDANCE,79999.884,14.8029842,30.3471242,2109.426,2278.756,0.006,79999.846,79790.245,4.736,0.34117,0.0003654,922.815,0
276.04,SV53_GUIDANCE,79999.886,14.8583565,30.3471242,2109.435,2278.769,0.006,79999.851,79806.001,5.062,0.34117,0.0003379,922.801,0
276.68,SV53_GUIDANCE,79999.889,14.9136734,30.3471242,2109.442,2278.782,0.005,79999.855,79820.573,5.404,0.34117,0.0003125,922.789,0
277.32,SV53_GUIDANCE,79999.891,14.968935,30.3471242,2109.449,2278.793,0.005,79999.859,79834.05,5.763,0.34117,0.000289,922.777,0
277.96,SV53_GUIDANCE,79999.894,15.0241413,30.3471242,2109.455,2278.803,0.005,79999.863,79846.515,6.139,0.34117,0.0002673,922.767,0
278.6,SV53_GUIDANCE,79999.896,15.0792904,30.3471242,2109.46,2278.813,0.005,79999.867,79858.042,6.533,0.34116,0.0002472,922.757,0
279.24,SV53_GUIDANCE,79999.898,15.1343832,30.3471242,2109.465,2278.822,0.005,79999.871,79868.704,6.946,0.34116,0.0002286,922.748,0
279.88,SV53_GUIDANCE,79999.901,15.1894188,30.3471242,2109.468,2278.83,0.005,79999.876,79878.564,7.38,0.34116,0.0002114,922.74,0
280.52,SV53_GUIDANCE,79999.903,15.2443981,30.3471242,2109.471,2278.838,0.005,79999.88,79887.683,7.837,0.34116,0.0001955,922.732,0
281.16,SV53_GUIDANCE,79999.905,15.2993202,30.3471242,2109.474,2278.845,0.005,79999.883,79896.117,8.318,0.34116,0.0001808,922.725,0
281.8,SV53_GUIDANCE,79999.907,15.3541842,30.3471242,2109.476,2278.851,0.005,79999.887,79903.917,8.824,0.34116,0.0001672,922.718,0
282.44,SV53_GUIDANCE,79999.909,15.4089909,30.3471242,2109.477,2278.858,0.005,79999.891,79911.131,9.359,0.34116,0.0001547,922.712,0
283.08,SV53_GUIDANCE,79999.91,15.4637394,30.3471242,2109.478,2278.863,0.005,79999.895,79917.803,9.923,0.34116,0.000143,922.706,0
283.72,SV53_GUIDANCE,79999.912,15.5184288,30.3471242,2109.479,2278.868,0.004,79999.899,79923.974,10.52,0.34116,0.0001323,0,0
284.36,SV53_GUIDANCE,79999.914,15.57306,30.3471242,2109.479,2278.873,0.004,79999.903,79929.68,11.15,0.34116,0.0001223,0,0
285,SV53_GUIDANCE,79999.915,15.6276331,30.3471242,2109.479,2278.877,0.004,79999.906,79934.958,11.817,0.34116,0.0001131,0,0
285.64,SV53_GUIDANCE,79999.917,15.6821461,30.3471242,2109.478,2278.882,0.004,79999.91,79939.839,12.524,0.34116,0.0001046,0,0
286.28,SV53_GUIDANCE,79999.918,15.7366009,30.3471242,2109.478,2278.885,0.004,79999.914,79944.354,13.273,0.34116,9.68E-05,0,0
286.92,SV53_GUIDANCE,79999.912,15.7909946,30.3471243,2109.476,2278.889,0.004,79999.91,79948.532,14.072,0.34116,8.95E-05,0,0
287.56,SV53_GUIDANCE,79999.915,15.8453293,30.3471243,2109.475,2278.892,0.004,79999.913,79952.396,14.762,0.34116,8.28E-05,0,0
288.2,SV53_GUIDANCE,79999.921,15.8996038,30.3471243,2109.473,2278.895,0.004,79999.917,79955.965,15.709,0.34116,7.65E-05,0,0
288.84,SV53_GUIDANCE,79999.923,15.9538183,30.3471243,2109.471,2278.898,0.004,79999.922,79959.261,16.993,0.34116,7.08E-05,0,0
289.48,SV53_GUIDANCE,79999.921,16.0079708,30.3471243,2109.469,2278.9,0.004,79999.926,79962.313,18.208,0.34115,6.55E-05,0,0
290.12,SV53_GUIDANCE,79999.92,16.0620651,30.3471243,2109.467,2278.903,0.004,79999.929,79965.139,19.156,0.34115,6.06E-05,0,0
290.76,SV53_GUIDANCE,79999.923,16.1160965,30.3471243,2109.465,2278.905,0.004,79999.933,79967.753,20.173,0.34115,5.6E-05,0,0
291.4,SV53_GUIDANCE,79999.927,16.1700649,30.3471243,2109.462,2278.907,0.004,79999.937,79970.166,21.651,0.34115,5.18E-05,0,0
292.04,SV53_GUIDANCE,79999.926,16.2239742,30.3471243,2109.459,2278.909,0.004,79999.943,79972.397,23.351,0.34115,4.79E-05,0,0
292.68,SV53_GUIDANCE,79999.916,16.2778206,30.3471244,2109.456,2278.911,0.004,79999.939,79974.467,24.712,0.34115,4.43E-05,0,0
293.32,SV53_GUIDANCE,79999.924,16.331604,30.3471244,2109.453,2278.912,0.003,79999.939,79976.387,25.267,0.34115,4.1E-05,0,0
293.96,SV53_GUIDANCE,79999.935,16.3853264,30.3471244,2109.45,2278.914,0.003,79999.947,79978.143,27.899,0.34115,3.78E-05,0,0
294.6,SV53_GUIDANCE,79999.926,16.4389858,30.3471244,2109.446,2278.915,0.004,79999.958,79979.76,31.549,0.34115,3.51E-05,0,0
295.24,SV53_GUIDANCE,79999.914,16.4925823,30.3471244,2109.443,2278.916,0.003,79999.958,79981.284,32.028,0.34115,3.25E-05,0,0
295.88,SV53_GUIDANCE,79999.932,16.5461159,30.3471244,2109.439,2278.917,0.003,79999.954,79982.701,31.621,0.34115,3E-05,0,0
296.14,FINE_COAST_ENTER,79999.943,16.5678444,30.3471244,2109.438,2278.918,0.003,79999.958,79983.233,33.231,0.34115,0,0,0
296.48,SV53_GUIDANCE,79999.949,16.5979156,30.3471244,2109.435,2278.918,0.003,79999.963,79983.303,34.471,0.34115,0,922.65,0
297.06,SV53_GUIDANCE,79999.947,16.6463184,30.3471244,2109.431,2278.918,0.003,79999.967,79983.294,34.996,0.34115,0,922.65,0
297.64,SV53_GUIDANCE,79999.94,16.6946697,30.3471244,2109.427,2278.918,0.003,79999.967,79983.295,34.402,0.34115,0,922.65,0
298.22,SV53_GUIDANCE,79999.935,16.7429676,30.3471244,2109.422,2278.918,0.003,79999.965,79983.299,33.348,0.34115,0,922.65,0
298.8,SV53_GUIDANCE,79999.936,16.791214,30.3471244,2109.418,2278.918,0.003,79999.964,79983.302,32.323,0.34115,0,922.65,0
299.38,SV53_GUIDANCE,79999.94,16.8394051,30.3471244,2109.414,2278.918,0.003,79999.963,79983.303,31.515,0.34115,0,922.65,0
299.96,SV53_GUIDANCE,79999.945,16.8875446,30.3471244,2109.409,2278.918,0.003,79999.963,79983.304,30.904,0.34115,0,922.65,0
300.54,SV53_GUIDANCE,79999.95,16.9356308,30.3471244,2109.405,2278.918,0.003,79999.963,79983.303,30.391,0.34115,0,922.65,0
301.12,SV53_GUIDANCE,79999.954,16.9836636,30.3471244,2109.4,2278.918,0.003,79999.964,79983.303,29.886,0.34115,0,922.65,0
301.7,SV53_GUIDANCE,79999.957,17.031641,30.3471244,2109.396,2278.918,0.003,79999.964,79983.302,29.35,0.34115,0,922.65,0
302.28,SV53_GUIDANCE,79999.955,17.079565,30.3471244,2109.392,2278.918,0.003,79999.959,79983.305,28.787,0.34115,0,922.65,0
302.86,SV53_GUIDANCE,79999.956,17.1274357,30.3471244,2109.387,2278.918,0.003,79999.956,79983.306,28.208,0.34115,0,922.65,0
303.44,SV53_GUIDANCE,79999.959,17.175251,30.3471244,2109.383,2278.918,0.003,79999.956,79983.306,27.614,0.34115,0,922.65,0
304.02,SV53_GUIDANCE,79999.962,17.223011,30.3471244,2109.379,2278.918,0.003,79999.956,79983.306,27.027,0.34115,0,922.65,0
304.6,SV53_GUIDANCE,79999.952,17.2707176,30.3471245,2109.374,2278.918,0.002,79999.943,79983.311,26.468,0.34115,0,922.65,0
305.18,SV53_GUIDANCE,79999.956,17.3183689,30.3471246,2109.37,2278.918,0.002,79999.943,79983.311,25.882,0.34115,0,922.65,0
305.76,SV53_GUIDANCE,79999.959,17.3659649,30.3471246,2109.365,2278.918,0.002,79999.943,79983.311,25.296,0.34115,0,922.65,0
306.34,SV53_GUIDANCE,79999.962,17.4135056,30.3471246,2109.361,2278.918,0.002,79999.943,79983.311,24.718,0.34115,0,922.65,0
306.92,SV53_GUIDANCE,79999.966,17.4609909,30.3471246,2109.357,2278.918,0.002,79999.943,79983.311,24.143,0.34115,0,922.65,0
307.5,SV53_GUIDANCE,79999.969,17.5084209,30.3471246,2109.352,2278.918,0.002,79999.943,79983.311,23.566,0.34115,0,922.65,0
308.08,SV53_GUIDANCE,79999.972,17.5557938,30.3471246,2109.348,2278.918,0.002,79999.943,79983.311,22.988,0.34115,0,922.65,0
308.66,SV53_GUIDANCE,79999.975,17.6031113,30.3471246,2109.343,2278.918,0.002,79999.943,79983.311,22.409,0.34115,0,922.65,0
309.24,SV53_GUIDANCE,79999.978,17.6503735,30.3471246,2109.339,2278.918,0.002,79999.943,79983.311,21.83,0.34115,0,922.65,0
309.82,SV53_GUIDANCE,79999.981,17.6975784,30.3471246,2109.334,2278.918,0.002,79999.943,79983.311,21.253,0.34115,0,922.65,0
310.4,SV53_GUIDANCE,79999.984,17.7447262,30.3471246,2109.33,2278.918,0.002,79999.943,79983.311,20.674,0.34115,0,922.65,0
310.98,SV53_GUIDANCE,79999.987,17.7918167,30.3471246,2109.325,2278.918,0.002,79999.943,79983.311,20.095,0.34115,0,922.65,0
311.56,SV53_GUIDANCE,79999.982,17.83885,30.3471246,2109.321,2278.918,0.002,79999.935,79983.314,19.528,0.34115,0,922.65,0
312.14,SV53_GUIDANCE,79999.985,17.885828,30.3471246,2109.317,2278.918,0.002,79999.935,79983.314,18.95,0.34115,0,922.65,0
312.72,SV53_GUIDANCE,79999.98,17.9327469,30.3471247,2109.312,2278.918,0.002,79999.927,79983.317,18.381,0.34115,0,922.65,0
313.3,SV53_GUIDANCE,79999.982,17.9796085,30.3471247,2109.308,2278.918,0.002,79999.927,79983.317,17.801,0.34115,0,922.65,0
313.88,SV53_GUIDANCE,79999.985,18.026413,30.3471247,2109.303,2278.918,0.002,79999.927,79983.318,17.222,0.34115,0,922.65,0
314.46,SV53_GUIDANCE,79999.988,18.0731583,30.3471247,2109.299,2278.918,0.002,79999.927,79983.317,16.642,0.34115,0,922.65,0
315.04,SV53_GUIDANCE,79999.991,18.1198463,30.3471247,2109.294,2278.918,0.001,79999.927,79983.318,16.059,0.34115,0,922.65,0
315.62,SV53_GUIDANCE,79999.993,18.1664753,30.3471247,2109.29,2278.918,0.001,79999.927,79983.318,15.476,0.34115,0,922.65,0
316.2,SV53_GUIDANCE,79999.996,18.2130451,30.3471247,2109.285,2278.918,0.001,79999.927,79983.318,14.894,0.34115,0,922.65,0
316.78,SV53_GUIDANCE,79999.998,18.2595577,30.3471247,2109.281,2278.918,0.001,79999.927,79983.318,14.314,0.34115,0,922.65,0
317.36,SV53_GUIDANCE,80000.001,18.3060112,30.3471247,2109.276,2278.918,0.001,79999.927,79983.318,13.733,0.34115,0,922.65,0
317.94,SV53_GUIDANCE,80000.004,18.3524036,30.3471247,2109.272,2278.918,0.001,79999.927,79983.317,13.153,0.34115,0,922.65,0
318.52,SV53_GUIDANCE,80000.006,18.3987389,30.3471247,2109.267,2278.918,0.001,79999.927,79983.318,12.572,0.34115,0,922.65,0
319.1,SV53_GUIDANCE,80000.009,18.445013,30.3471247,2109.263,2278.918,0.001,79999.927,79983.318,11.991,0.34115,0,922.65,0
319.68,SV53_GUIDANCE,80000.011,18.4912281,30.3471247,2109.258,2278.918,0.001,79999.927,79983.318,11.411,0.34115,0,922.65,0
320.26,SV53_GUIDANCE,80000.014,18.537384,30.3471247,2109.254,2278.918,0.001,79999.927,79983.317,10.83,0.34115,0,922.65,0
320.84,SV53_GUIDANCE,80000.016,18.5834789,30.3471247,2109.249,2278.918,0.001,79999.927,79983.317,10.254,0.34115,0,922.65,0
321.42,SV53_GUIDANCE,80000.019,18.6295128,30.3471247,2109.245,2278.918,0.001,79999.927,79983.317,9.676,0.34115,0,922.65,0
322,SV53_GUIDANCE,80000.021,18.6754875,30.3471247,2109.24,2278.918,0.001,79999.927,79983.317,9.097,0.34115,0,922.65,0
322.58,SV53_GUIDANCE,80000.015,18.7213993,30.3471247,2109.236,2278.918,0.001,79999.919,79983.321,8.523,0.34115,0,922.65,0
323.16,SV53_GUIDANCE,80000.018,18.767252,30.3471247,2109.231,2278.918,0.001,79999.919,79983.321,7.943,0.34115,0,922.65,0
323.74,SV53_GUIDANCE,80000.02,18.8130436,30.3471247,2109.226,2278.918,0.001,79999.919,79983.321,7.364,0.34115,0,922.65,0
324.32,SV53_GUIDANCE,80000.022,18.8587742,30.3471247,2109.222,2278.918,0.001,79999.919,79983.321,6.785,0.34115,0,922.65,0
324.9,SV53_GUIDANCE,80000.024,18.9044418,30.3471247,2109.217,2278.918,0.001,79999.919,79983.321,6.206,0.34115,0,922.65,0
325.48,SV53_GUIDANCE,80000.026,18.9500484,30.3471247,2109.213,2278.918,0.001,79999.919,79983.321,5.627,0.34115,0,922.65,0
326.06,SV53_GUIDANCE,80000.028,18.995594,30.3471247,2109.208,2278.918,0,79999.919,79983.321,5.049,0.34115,0,922.65,0
326.64,SV53_GUIDANCE,80000.03,19.0410767,30.3471247,2109.204,2278.918,0,79999.919,79983.321,4.466,0.34115,0,922.65,0
327.22,SV53_GUIDANCE,80000.032,19.0864983,30.3471247,2109.199,2278.918,0,79999.919,79983.321,3.883,0.34115,0,922.65,0
327.8,SV53_GUIDANCE,80000.034,19.131855,30.3471247,2109.195,2278.918,0,79999.919,79983.321,3.302,0.34115,0,922.65,0
328.38,SV53_GUIDANCE,80000.036,19.1771507,30.3471247,2109.19,2278.918,0,79999.919,79983.321,2.721,0.34115,0,922.65,0
328.96,SV53_GUIDANCE,80000.038,19.2223835,30.3471247,2109.185,2278.918,0,79999.919,79983.321,2.141,0.34115,0,922.65,0
329.54,SV53_GUIDANCE,80000.04,19.2675533,30.3471247,2109.181,2278.918,0,79999.919,79983.321,1.559,0.34115,0,922.65,0
330.12,SV53_GUIDANCE,80000.042,19.3126602,30.3471247,2109.176,2278.918,0,79999.919,79983.321,0.978,0.34115,0,922.65,0
330.7,SV53_GUIDANCE,80000.044,19.3577023,30.3471247,2109.172,2278.918,0,79999.919,79983.321,0.396,0.34115,0,922.65,0
331.28,SV53_GUIDANCE,80000.046,19.4026814,30.3471247,2109.167,2278.918,0,79999.919,79983.321,1874.592,0.34115,0,922.65,0
331.86,SV53_GUIDANCE,80000.047,19.4475975,30.3471247,2109.163,2278.918,0,79999.919,79983.321,1874.01,0.34115,0,922.65,0
332.44,SV53_GUIDANCE,80000.049,19.4924488,30.3471247,2109.158,2278.918,0,79999.919,79983.321,1873.429,0.34115,0,922.65,0
333.02,SV53_GUIDANCE,80000.051,19.5372353,30.3471247,2109.153,2278.918,0,79999.919,79983.321,1872.852,0.34115,0,922.65,0
333.6,SV53_GUIDANCE,80000.053,19.5819588,30.3471247,2109.149,2278.918,0,79999.919,79983.321,1872.276,0.34115,0,922.65,0
334.18,SV53_GUIDANCE,80000.054,19.6266174,30.3471247,2109.144,2278.918,0,79999.919,79983.321,1871.697,0.34115,0,922.65,0
334.76,SV53_GUIDANCE,80000.056,19.6712112,30.3471247,2109.14,2278.918,0,79999.919,79983.321,1871.119,0.34115,0,922.65,0
335.34,SV53_GUIDANCE,80000.058,19.7157383,30.3471247,2109.135,2278.918,0,79999.919,79983.321,1870.541,0.34115,0,922.65,0
335.92,SV53_GUIDANCE,80000.059,19.7602024,30.3471247,2109.13,2278.918,0,79999.919,79983.321,1869.962,0.34115,0,922.65,0
336.5,SV53_GUIDANCE,80000.053,19.8045998,30.3471247,2109.126,2278.918,-0.001,79999.911,79983.324,1869.378,0.34115,0,922.65,0
337.08,SV53_GUIDANCE,80000.054,19.8489323,30.3471247,2109.121,2278.918,-0.001,79999.911,79983.324,1868.799,0.34115,0,922.65,0
337.66,SV53_GUIDANCE,80000.048,19.893198,30.3471248,2109.117,2278.918,-0.001,79999.904,79983.327,1868.214,0.34115,0,922.65,0
338.24,SV53_GUIDANCE,80000.049,19.9373989,30.3471248,2109.112,2278.918,-0.001,79999.904,79983.327,1867.635,0.34115,0,922.65,0
338.82,SV53_GUIDANCE,80000.05,19.9815331,30.3471248,2109.107,2278.918,-0.001,79999.904,79983.327,1867.055,0.34115,0,922.65,0
339.4,SV53_GUIDANCE,80000.052,20.0256004,30.3471248,2109.103,2278.918,-0.001,79999.904,79983.327,1866.471,0.34115,0,922.65,0
339.98,SV53_GUIDANCE,80000.053,20.069603,30.3471248,2109.098,2278.918,-0.001,79999.904,79983.327,1865.888,0.34115,0,922.65,0
340.56,SV53_GUIDANCE,80000.054,20.1135368,30.3471248,2109.094,2278.918,-0.001,79999.904,79983.327,1865.307,0.34115,0,922.65,0
341.14,SV53_GUIDANCE,80000.056,20.1574039,30.3471248,2109.089,2278.918,-0.001,79999.904,79983.327,1864.725,0.34115,0,922.65,0
341.72,SV53_GUIDANCE,80000.057,20.2012043,30.3471248,2109.084,2278.918,-0.001,79999.904,79983.327,1864.144,0.34115,0,922.65,0
342.3,SV53_GUIDANCE,80000.058,20.2449379,30.3471248,2109.08,2278.918,-0.001,79999.904,79983.327,1863.563,0.34115,0,922.65,0
342.88,SV53_GUIDANCE,80000.059,20.2886028,30.3471248,2109.075,2278.918,-0.001,79999.904,79983.327,1862.982,0.34115,0,922.65,0
343,FINE_COAST_EXIT,80000.06,20.2961254,30.3471248,2109.074,2278.918,-0.001,79999.904,79983.327,1862.862,0.34115,0.1364612,922.65,0
343.54,SV53_GUIDANCE,80000.217,20.3367424,30.3458562,2112.98,2282.833,0.734,84686.533,79989.796,914.241,0.3407,0.1363207,919.289,0
344.18,SV53_GUIDANCE,80000.778,20.3849144,30.3507724,2118.033,2287.885,1.248,90807.296,79987.833,927.842,0.34015,0.1361552,914.167,0
344.74,SV53_GUIDANCE,80001.36,20.428587,30.3553052,2119.241,2289.089,1.252,92275.905,79990.028,931.78,0.34003,0.0046803,912.292,0
345.32,SV53_GUIDANCE,80001.871,20.472187,30.3570323,2119.363,2289.213,1.263,92429.864,79990.688,931.996,0.34001,0.0048024,912.176,0
345.9,SV53_GUIDANCE,80002.328,20.5157146,30.3589823,2119.459,2289.31,1.231,92549.778,79992.095,932.753,0.33999,0.0048045,911.994,0
346.48,SV53_GUIDANCE,80002.79,20.559166,30.360631,2119.52,2289.373,1.155,92626.959,79994.147,934.025,0.33997,0.0046767,911.809,0
347.06,SV53_GUIDANCE,80003.304,20.6025467,30.3615722,2119.54,2289.396,1.051,92655.104,79996.438,935.57,0.33996,0.0044618,911.695,0
347.64,SV53_GUIDANCE,80003.851,20.6458645,30.3618503,2119.53,2289.39,0.944,92649.064,79998.526,937.077,0.33994,0.0042278,911.528,0
348.22,SV53_GUIDANCE,80004.373,20.6891193,30.3617299,2119.507,2289.372,0.845,92626.954,80000.29,938.438,0.33993,0.0040097,911.37,0
348.8,SV53_GUIDANCE,80004.838,20.7323132,30.3614642,2119.479,2289.35,0.755,92600.05,80001.773,939.675,0.33991,0.0038091,911.222,0
349.38,SV53_GUIDANCE,80005.244,20.7754402,30.3612834,2119.457,2289.333,0.67,92579.851,80003.042,940.85,0.3399,0.0036189,911.124,0
349.96,SV53_GUIDANCE,80005.606,20.8184986,30.3612715,2119.443,2289.323,0.59,92568.308,80004.121,941.968,0.33989,0.0034383,910.989,0
350.54,SV53_GUIDANCE,80005.926,20.8614826,30.361386,2119.432,2289.317,0.517,92561.67,80005.023,943.012,0.33987,0.0032696,910.862,0
351.12,SV53_GUIDANCE,80006.207,20.9043961,30.3615639,2119.424,2289.314,0.449,92557.599,80005.77,943.978,0.33986,0.0031127,910.778,0
351.72,SV53_GUIDANCE,80006.148,20.9487171,30.3636965,2119.386,2289.276,-0.844,92514.818,80002.039,962.476,0.33972,0.0004259,909.411,0
352.3,SV53_GUIDANCE,80005.682,20.991497,30.3637037,2119.382,2289.276,-0.818,92513.756,80001.858,962.113,0.33971,0.0004291,909.385,0
352.9,SV53_GUIDANCE,80005.154,21.0356922,30.3708262,2119.551,2289.437,-1.988,92730.876,79978.132,978.62,0.33957,0.0016304,908.253,0
353.48,SV53_GUIDANCE,80004.232,21.0783653,30.3718159,2119.579,2289.467,-2.038,92765.869,79975.622,979.277,0.33956,0.0038254,908.025,0
354.06,SV53_GUIDANCE,80003.503,21.1209641,30.3736205,2119.638,2289.527,-2.063,92835.383,79973.866,979.54,0.33955,0.0040022,907.876,0
354.64,SV53_GUIDANCE,80002.923,21.1634731,30.3757451,2119.706,2289.596,-2.013,92914.627,79974.283,978.75,0.33953,0.0039709,907.725,0
355.22,SV53_GUIDANCE,80002.254,21.2058849,30.3773018,2119.745,2289.636,-1.88,92956.63,79976.84,976.861,0.33952,0.0037122,907.578,0
355.8,SV53_GUIDANCE,80001.329,21.2482204,30.3776622,2119.745,2289.639,-1.718,92953.027,79979.853,974.613,0.3395,0.0033665,907.489,0
356.38,SV53_GUIDANCE,80000.287,21.2904949,30.3772224,2119.717,2289.617,-1.571,92919.327,79982.206,972.602,0.33949,0.0030695,907.364,0
356.96,SV53_GUIDANCE,79999.277,21.3327084,30.3764086,2119.674,2289.58,-1.449,92869.198,79983.846,970.928,0.33948,0.0028396,907.248,0
357.54,SV53_GUIDANCE,79998.381,21.3748569,30.375515,2119.623,2289.535,-1.344,92809.982,79985.013,969.499,0.33947,0.0026538,907.179,0
358.12,SV53_GUIDANCE,79997.617,21.4169369,30.3747644,2119.566,2289.484,-1.249,92743.436,79985.945,968.18,0.33946,0.0024829,907.079,0
358.7,SV53_GUIDANCE,79996.976,21.4589462,30.3742544,2119.508,2289.431,-1.155,92674.948,79986.79,966.873,0.33945,0.0023065,906.987,0
359.34,SV53_GUIDANCE,79996.776,21.5037575,30.3620915,2117.885,2287.835,1.005,90727.08,79987.479,931.683,0.33914,0.1356896,904.541,0
359.98,SV53_GUIDANCE,79998.994,21.5498505,30.35402,2115.646,2285.615,5.572,88361.815,79665.606,827.955,0.33858,0.1361084,899.254,0
360.62,SV53_GUIDANCE,80003.981,21.5958691,30.3836867,2115.174,2285.091,10.31,88527.967,78886.857,737.516,0.33803,0.137845,894.083,0
361.18,SV53_GUIDANCE,80010.023,21.6375732,30.4075463,2115.619,2285.498,11.595,89229.082,78703.855,730.43,0.33783,0.0327791,892.306,0
361.76,SV53_GUIDANCE,80016.164,21.6792183,30.4244226,2116.165,2286.018,11.623,89810.796,78780.608,742.189,0.33771,0.033946,891.057,0
362.34,SV53_GUIDANCE,80022.268,21.7208042,30.4338145,2116.866,2286.708,10.965,90464.657,78990.642,764.914,0.33758,0.0332277,889.774,0
362.92,SV53_GUIDANCE,80028.213,21.7623291,30.4326892,2117.294,2287.146,10.002,90813.878,79197.123,785.605,0.33746,0.0313924,888.916,0
363.5,SV53_GUIDANCE,80033.841,21.8037815,30.4244225,2117.372,2287.245,9.12,90812.307,79342.3,799.307,0.33735,0.02954,887.734,0
364.08,SV53_GUIDANCE,80039.07,21.8451481,30.4127702,2117.239,2287.14,8.445,90612.692,79434.658,807.22,0.33724,0.0281613,886.625,0
364.66,SV53_GUIDANCE,80043.906,21.8864117,30.3998683,2117.032,2286.963,7.93,90354.499,79497.403,812.053,0.33714,0.0272054,885.568,0
365.24,SV53_GUIDANCE,80048.371,21.9275684,30.3867341,2116.851,2286.813,7.483,90136.696,79551.108,816.556,0.33704,0.0264473,884.863,0
365.88,SV53_GUIDANCE,80052.533,21.9714203,30.3427894,2116.564,2286.616,5.684,89712.009,79753.319,842.766,0.33668,0.1367072,882.543,0
366.52,SV53_GUIDANCE,80054.849,22.0164165,30.2822019,2116.128,2286.3,2.071,89079.011,80013.086,905.719,0.33613,0.1352387,877.355,0
367.16,SV53_GUIDANCE,80054.629,22.061182,30.2505296,2114.933,2285.169,-2.449,87734.813,79985.631,1002.318,0.33558,0.1342803,872.211,0
367.8,SV53_GUIDANCE,80051.906,22.105814,30.2699728,2112.641,2282.842,-6.634,85560.793,79338.551,1148.93,0.33503,0.1344097,867.087,0
368.44,SV53_GUIDANCE,80047.595,22.1504364,30.3405043,2110.544,2280.615,-8.052,83727.647,78476.17,1284.866,0.33448,0.134782,861.946,0
369.06,SV53_GUIDANCE,80043.174,22.1951504,30.4198409,2110.158,2280.083,-6.789,82928.312,78618.755,1304.185,0.33396,0.0141955,856.627,0
369.64,SV53_GUIDANCE,80039.558,22.2356853,30.4265806,2110.273,2280.189,-6.568,82943.637,78714.697,1293.301,0.33391,0.0132418,855.381,0
370.22,SV53_GUIDANCE,80036.043,22.276144,30.4305366,2110.501,2280.413,-6.246,83036.153,78876.018,1271.1,0.33386,0.0127842,854.88,0
370.8,SV53_GUIDANCE,80032.619,22.3165283,30.4311682,2110.719,2280.634,-5.866,83123.82,79039.347,1247.18,0.33382,0.0121293,854.562,0
371.38,SV53_GUIDANCE,80029.309,22.3568459,30.429206,2110.858,2280.78,-5.491,83156.544,79168.548,1227.984,0.33377,0.0114507,854.102,0
371.96,SV53_GUIDANCE,80026.189,22.3970928,30.4260754,2110.943,2280.875,-5.157,83158.189,79268.238,1212.611,0.33373,0.0108613,853.656,0
372.54,SV53_GUIDANCE,80023.3,22.4372654,30.4227678,2111.005,2280.948,-4.846,83149.498,79352.454,1198.756,0.33369,0.010329,853.386,0
373.12,SV53_GUIDANCE,80020.636,22.4773617,30.4199601,2111.06,2281.012,-4.538,83137.628,79430.558,1184.846,0.33366,0.00979,852.993,0
373.7,SV53_GUIDANCE,80018.158,22.5173798,30.418205,2111.101,2281.06,-4.219,83111.698,79503.916,1171.004,0.33362,0.0092066,852.623,0
374.28,SV53_GUIDANCE,80015.831,22.5573158,30.4176144,2111.119,2281.084,-3.904,83064.947,79569.132,1158.124,0.33359,0.0086061,852.278,0
374.86,SV53_GUIDANCE,80013.655,22.5971718,30.4178669,2111.117,2281.085,-3.606,83002.381,79624.677,1146.568,0.33356,0.0080343,852.056,0
375.44,SV53_GUIDANCE,80011.642,22.6369438,30.4184993,2111.105,2281.076,-3.33,82935.724,79672.463,1135.804,0.33353,0.0075057,851.752,0
376.02,SV53_GUIDANCE,80009.791,22.6766338,30.4191115,2111.092,2281.066,-3.072,82874.177,79714.988,1125.124,0.3335,0.0070103,851.47,0
376.6,SV53_GUIDANCE,80008.088,22.7162437,30.4194576,2111.083,2281.061,-2.829,82822.035,79753.485,1114.186,0.33347,0.006539,851.288,0
377.18,SV53_GUIDANCE,80006.517,22.7557735,30.4194753,2111.078,2281.06,-2.601,82779.818,79788.046,1103.069,0.33345,0.0060922,851.041,0
377.76,SV53_GUIDANCE,80005.071,22.7952271,30.4192494,2111.074,2281.061,-2.388,82745.27,79818.513,1092.049,0.33343,0.0056729,850.812,0
378.34,SV53_GUIDANCE,80003.745,22.8346004,30.4189327,2111.071,2281.063,-2.19,82715.795,79845.079,1081.312,0.33341,0.0052805,850.67,0
378.92,SV53_GUIDANCE,80002.532,22.8738976,30.4186628,2111.068,2281.065,-2.005,82689.639,79868.165,1070.924,0.33339,0.0049115,850.469,0
379.5,SV53_GUIDANCE,80001.424,22.9131145,30.4185164,2111.064,2281.065,-1.832,82666.099,79888.161,1060.912,0.33337,0.0045636,850.278,0
380.08,SV53_GUIDANCE,80000.411,22.9522514,30.4185029,2111.06,2281.066,-1.67,82645.153,79905.387,1051.306,0.33336,0.0042362,850.108,0
380.66,SV53_GUIDANCE,79999.487,22.9913063,30.418584,2111.056,2281.066,-1.519,82626.892,79920.138,1042.128,0.33334,0.0039291,850.003,0
381.24,SV53_GUIDANCE,79998.648,23.0302792,30.4187031,2111.052,2281.066,-1.379,82611.282,79932.714,1033.387,0.33333,0.0036412,849.854,0
381.82,SV53_GUIDANCE,79997.888,23.06917,30.41881,2111.049,2281.067,-1.249,82598.13,79943.394,1025.081,0.33331,0.0033711,849.717,0
382.4,SV53_GUIDANCE,79997.201,23.1079807,30.4188756,2111.045,2281.067,-1.128,82587.161,79952.424,1017.21,0.3333,0.0031174,849.63,0
382.98,SV53_GUIDANCE,79996.581,23.1467094,30.4188945,2111.042,2281.068,-1.015,82578.075,79960.011,1009.781,0.33329,0.0028793,849.511,0
383.56,SV53_GUIDANCE,79996.025,23.1853561,30.418879,2111.038,2281.069,-0.91,82570.578,79966.345,1002.795,0.33328,0.0026561,849.403,0
384.14,SV53_GUIDANCE,79995.518,23.2239227,30.4188487,2111.035,2281.07,-0.813,82564.403,79971.591,996.246,0.33327,0.0024475,849.304,0
384.72,SV53_GUIDANCE,79995.075,23.2624073,30.4188213,2111.031,2281.071,-0.722,82559.316,79975.923,990.12,0.33326,0.0022519,849.241,0
385.3,SV53_GUIDANCE,79994.681,23.3008118,30.4188068,2111.027,2281.071,-0.639,82555.138,79979.468,984.402,0.33325,0.0020683,849.156,0
385.88,SV53_GUIDANCE,79994.326,23.3391323,30.4188067,2111.024,2281.072,-0.561,82551.724,79982.338,979.077,0.33325,0.0018971,849.078,0
386.46,SV53_GUIDANCE,79994.022,23.3773708,30.418817,2111.02,2281.073,-0.489,82548.951,79984.653,974.128,0.33324,0.0017361,849.031,0
387.04,SV53_GUIDANCE,79993.759,23.4155254,30.4188312,2111.016,2281.073,-0.423,82546.727,79986.495,969.537,0.33323,0.0015854,848.964,0
387.62,SV53_GUIDANCE,79993.532,23.453598,30.4188438,2111.012,2281.074,-0.362,82544.971,79987.943,965.286,0.33323,0.0014444,848.904,0
388.2,SV53_GUIDANCE,79993.339,23.4915867,30.4188515,2111.008,2281.074,-0.305,82543.606,79989.065,961.356,0.33322,0.0013127,848.869,0
388.86,SV53_GUIDANCE,79994.187,23.5334091,30.4176336,2110.903,2280.977,3.696,82851.884,79567.078,719.909,0.33278,0.1333163,846.441,0
389.5,SV53_GUIDANCE,79998.201,23.5751457,30.4211775,2111.123,2281.195,8.806,84305.756,78391.647,613.285,0.33224,0.1345421,841.308,0
390.06,SV53_GUIDANCE,80003.825,23.6129189,30.4275271,2111.53,2281.595,10.53,85128.444,78072.304,612.411,0.33206,0.0280888,838.063,0
390.64,SV53_GUIDANCE,80009.709,23.650631,30.4362253,2112.053,2282.108,11.18,85770.252,78072.065,627.89,0.33195,0.0306613,836.954,0
391.22,SV53_GUIDANCE,80015.629,23.6882782,30.4486397,2112.749,2282.787,11.294,86442.472,78242.564,653.577,0.33183,0.032017,835.748,0
391.8,SV53_GUIDANCE,80021.485,23.7258568,30.4600289,2113.226,2283.248,10.684,86758.887,78507.716,678.474,0.33171,0.0314538,834.938,0
392.38,SV53_GUIDANCE,80027.215,23.7633629,30.4642528,2113.253,2283.274,9.683,86573.64,78747.755,694.192,0.3316,0.0295002,833.738,0
392.96,SV53_GUIDANCE,80032.631,23.8007965,30.4623273,2112.949,2282.979,8.754,86085.755,78901.982,698.803,0.33149,0.0274927,832.588,0
393.54,SV53_GUIDANCE,80037.634,23.8381405,30.4571761,2112.461,2282.507,8.028,85462.006,78976.746,693.235,0.3314,0.0259404,831.902,0
394.12,SV53_GUIDANCE,80042.218,23.8753853,30.4510997,2111.884,2281.948,7.466,84789.764,78994.238,678.983,0.3313,0.0248074,830.907,0
394.7,SV53_GUIDANCE,80046.413,23.9125271,30.4458046,2111.262,2281.341,6.976,84097.13,78974.705,656.914,0.33121,0.0238704,829.958,0
395.28,SV53_GUIDANCE,80050.239,23.9495659,30.4426032,2110.632,2280.722,6.475,83408.676,78937.224,628.024,0.33112,0.0229002,829.048,0
395.86,SV53_GUIDANCE,80053.712,23.9865036,30.4411518,2110.076,2280.174,5.918,82790.165,78912.977,597.004,0.33104,0.0217704,828.448,0
396.44,SV53_GUIDANCE,80056.83,24.0233459,30.4406672,2109.684,2279.789,5.286,82305.316,78949.862,573.565,0.33096,0.0204231,827.617,0
397.02,SV53_GUIDANCE,80059.638,24.0600967,30.440766,2109.543,2279.652,4.612,82013.397,79089.868,572.192,0.33089,0.0189218,826.846,0
397.6,SV53_GUIDANCE,80062.144,24.0967598,30.4412167,2109.617,2279.73,3.984,81909.632,79297.019,597.207,0.33082,0.0174949,826.352,0
398.18,SV53_GUIDANCE,80064.324,24.1333351,30.4418688,2109.799,2279.917,3.43,81934.34,79504.041,639.695,0.33076,0.0162453,825.685,0
398.76,SV53_GUIDANCE,80066.172,24.1698265,30.4426009,2110.011,2280.132,2.933,82028.14,79675.852,688.367,0.3307,0.0151298,825.068,0
399.34,SV53_GUIDANCE,80067.711,24.2062321,30.4432772,2110.196,2280.32,2.466,82129.792,79805.525,734.477,0.33065,0.0140714,824.69,0
399.92,SV53_GUIDANCE,80068.975,24.2425537,30.4437806,2110.315,2280.444,2.015,82189.588,79899.113,774.344,0.3306,0.0130224,824.149,0
400.5,SV53_GUIDANCE,80069.996,24.2787895,30.4440686,2110.364,2280.496,1.586,82190.315,79965.184,808.315,0.33055,0.0119916,823.64,0
401.08,SV53_GUIDANCE,80070.792,24.3149395,30.4441686,2110.358,2280.495,1.188,82146.504,80011.171,838.49,0.33051,0.011009,823.189,0
401.66,SV53_GUIDANCE,80071.371,24.3510036,30.4441219,2110.33,2280.472,0.823,82089.54,80042.411,867.144,0.33047,0.0100901,822.915,0
402.24,SV53_GUIDANCE,80071.746,24.386982,30.4440363,2110.305,2280.452,0.49,82047.023,80061.908,895.37,0.33043,0.0092334,822.531,0
402.82,SV53_GUIDANCE,80071.938,24.4228745,30.4440723,2110.293,2280.444,0.185,82028.78,80071.381,922.653,0.3304,0.0084349,822.182,0
403.4,SV53_GUIDANCE,80071.963,24.4586792,30.444296,2110.29,2280.445,-0.092,82029.297,80072.587,947.934,0.33037,0.0076927,821.962,0
403.98,SV53_GUIDANCE,80071.835,24.4943962,30.4446509,2110.291,2280.449,-0.343,82038.813,80067.499,970.674,0.33034,0.0070043,821.668,0
404.56,SV53_GUIDANCE,80071.567,24.5300236,30.4450288,2110.29,2280.452,-0.571,82051.05,80057.881,990.911,0.33032,0.0063646,821.403,0
405.14,SV53_GUIDANCE,80071.171,24.5655613,30.4453386,2110.288,2280.454,-0.777,82064.017,80045.127,1008.862,0.3303,0.0057685,821.165,0
405.72,SV53_GUIDANCE,80070.661,24.6010094,30.4455346,2110.285,2280.454,-0.964,82077.753,80030.354,1024.701,0.33028,0.0052128,821.015,0
406.3,SV53_GUIDANCE,80070.049,24.6363697,30.4456183,2110.282,2280.456,-1.132,82092.417,80014.49,1038.565,0.33026,0.0046955,820.818,0
406.88,SV53_GUIDANCE,80069.339,24.6716404,30.4456235,2110.279,2280.457,-1.283,82107.7,79998.275,1050.602,0.33024,0.0042143,820.642,0
407.46,SV53_GUIDANCE,80068.553,24.7068233,30.445594,2110.277,2280.459,-1.418,82123.103,79982.28,1060.993,0.33023,0.0037689,820.537,0
408.12,SV53_GUIDANCE,80066.596,24.7455425,30.4434923,2110.187,2280.377,-5.422,82867.4,79131.118,1252.346,0.32979,0.1320185,817.742,0
408.76,SV53_GUIDANCE,80061.492,24.7841702,30.4482549,2110.473,2280.656,-10.498,84477.01,77835.765,1307.874,0.32925,0.1330029,812.611,0
409.32,SV53_GUIDANCE,80054.911,24.8191223,30.4549275,2110.922,2281.094,-12.122,85269.894,77540.952,1302.068,0.32907,0.0253518,809.71,0
409.9,SV53_GUIDANCE,80048.137,24.8540096,30.4631503,2111.365,2281.525,-12.692,85765.165,77533.314,1289.914,0.32898,0.0276805,808.697,0
410.48,SV53_GUIDANCE,80041.379,24.8888226,30.4743847,2111.967,2282.108,-12.751,86261.905,77707.082,1269.226,0.32887,0.0288195,807.982,0
411.06,SV53_GUIDANCE,80034.682,24.9235535,30.483656,2112.395,2282.521,-12.124,86449.979,77987.245,1248.697,0.32877,0.0281672,806.828,0
411.64,SV53_GUIDANCE,80028.076,24.9582043,30.4860582,2112.465,2282.589,-11.173,86255.245,78236.62,1235.73,0.32866,0.0263945,805.749,0
412.22,SV53_GUIDANCE,80021.749,24.992775,30.4832427,2112.25,2282.383,-10.313,85832.79,78386.237,1232.747,0.32857,0.0247261,804.745,0
412.8,SV53_GUIDANCE,80015.8,25.0272522,30.4778191,2111.866,2282.012,-9.655,85307.162,78442.389,1239.081,0.32848,0.0235532,804.121,0
413.38,SV53_GUIDANCE,80010.235,25.0616226,30.4717381,2111.383,2281.543,-9.157,84737.624,78426.821,1253.577,0.32839,0.0228123,803.21,0
413.96,SV53_GUIDANCE,80005.022,25.0958862,30.4664052,2110.828,2281.002,-8.736,84137.062,78357.374,1275.802,0.32831,0.022291,802.3,0
414.54,SV53_GUIDANCE,80000.132,25.1300392,30.4630337,2110.228,2280.411,-8.311,83517.505,78249.177,1305.444,0.32823,0.0217698,801.732,0
415.12,SV53_GUIDANCE,79995.568,25.1640835,30.4613713,2109.658,2279.847,-7.834,82936.929,78136.037,1338.731,0.32815,0.0211012,800.887,0
415.7,SV53_GUIDANCE,79991.341,25.1980228,30.4606167,2109.204,2279.398,-7.271,82445.743,78072.591,1369.156,0.32807,0.0201737,800.072,0
416.28,SV53_GUIDANCE,79987.423,25.2318668,30.4604225,2108.969,2279.166,-6.624,82093.69,78132.077,1386.504,0.328,0.0189559,799.302,0
416.86,SV53_GUIDANCE,79983.78,25.2656155,30.4607076,2108.987,2279.188,-5.978,81907.425,78329.279,1383.034,0.32793,0.0176261,798.803,0
417.44,SV53_GUIDANCE,79980.44,25.2992706,30.4613255,2109.168,2279.37,-5.402,81851.02,78590.864,1361.683,0.32787,0.0164095,798.126,0
418.02,SV53_GUIDANCE,79977.425,25.3328342,30.4621299,2109.414,2279.618,-4.895,81874.277,78852.041,1329.305,0.32781,0.0153407,797.499,0
418.6,SV53_GUIDANCE,79974.731,25.3663082,30.4629763,2109.663,2279.87,-4.429,81933.649,79082.094,1292.394,0.32776,0.014363,797.093,0
419.18,SV53_GUIDANCE,79972.333,25.3996925,30.4637125,2109.866,2280.075,-3.978,81981.389,79269.953,1257.022,0.3277,0.0134075,796.539,0
419.76,SV53_GUIDANCE,79970.197,25.4329853,30.4642323,2109.993,2280.205,-3.534,81981.912,79416.375,1226.894,0.32766,0.0124496,796.027,0
420.34,SV53_GUIDANCE,79968.294,25.4661865,30.464518,2110.044,2280.259,-3.107,81927.45,79528.361,1202.669,0.32761,0.0115148,795.713,0
420.92,SV53_GUIDANCE,79966.615,25.4992962,30.464627,2110.042,2280.261,-2.709,81835.424,79615.737,1182.559,0.32757,0.0106342,795.267,0
421.5,SV53_GUIDANCE,79965.154,25.5323143,30.4646019,2110.02,2280.242,-2.342,81734.892,79688.022,1163.342,0.32753,0.0098149,794.846,0
422.08,SV53_GUIDANCE,79963.895,25.565239,30.4645596,2110.001,2280.228,-2.003,81649.936,79750.916,1142.173,0.3275,0.0090487,794.473,0
422.68,SV53_GUIDANCE,79962.827,25.598074,30.4647468,2109.994,2280.225,-1.541,81562.589,79829.672,1105.844,0.32743,0.1312527,794.246,0
423.24,SV53_GUIDANCE,79962.548,25.6308155,30.4655315,2110.001,2280.234,-0.274,81445.589,79957.031,971.715,0.32732,0.0045921,792.772,0
423.84,SV53_GUIDANCE,79962.906,25.6645889,30.4671797,2110.006,2280.241,1.076,81516.251,79895.52,817.183,0.32718,0.000966,791.39,0
424.42,SV53_GUIDANCE,79963.542,25.6971397,30.4672445,2109.999,2280.238,1.112,81519.233,79891.721,813.392,0.32717,0.0008017,791.365,0
425.02,SV53_GUIDANCE,79964.204,25.7295914,30.4674396,2109.992,2280.234,1.301,81541.551,79867.625,794.803,0.32714,0.1308702,791.334,0
425.58,SV53_GUIDANCE,79965.549,25.7619534,30.4681067,2109.982,2280.227,2.476,81748.381,79658.267,704.376,0.32703,0.0029204,790.006,0
426.2,SV53_GUIDANCE,79967.912,25.7964535,30.4699811,2109.868,2280.114,5.127,82312.56,78968.332,593.891,0.32675,0.0099523,787.358,0
426.78,SV53_GUIDANCE,79970.834,25.8286362,30.4711742,2109.77,2280.019,5.477,82338.074,78841.462,578.277,0.32671,0.0111315,786.957,0
427.36,SV53_GUIDANCE,79973.747,25.8607311,30.4738606,2109.564,2279.813,5.771,82266.364,78679.52,554.264,0.32667,0.0122389,786.648,0
427.94,SV53_GUIDANCE,79976.584,25.8927345,30.4779968,2109.278,2279.523,5.886,82093.999,78519.252,525.209,0.32662,0.0129301,786.161,0
428.52,SV53_GUIDANCE,79979.385,25.9246368,30.4824641,2109.03,2279.272,5.726,81881.869,78444.584,501.476,0.32658,0.0129317,785.653,0
429.1,SV53_GUIDANCE,79982.296,25.9564381,30.4851896,2108.954,2279.196,5.343,81724.749,78523.467,495.808,0.32653,0.0122983,785.308,0
429.68,SV53_GUIDANCE,79985.269,25.9881458,30.4854544,2109.016,2279.262,4.93,81652.071,78687.036,506.508,0.32649,0.0115163,784.832,0
430.26,SV53_GUIDANCE,79988.143,26.0197639,30.4842043,2109.162,2279.415,4.583,81662.19,78870.999,529.346,0.32644,0.0108861,784.388,0
430.84,SV53_GUIDANCE,79990.827,26.0512924,30.4822937,2109.351,2279.613,4.307,81735.684,79044.068,559.383,0.3264,0.0104373,784.11,0
431.42,SV53_GUIDANCE,79993.293,26.0827255,30.4803719,2109.564,2279.834,4.073,81854.538,79199.686,593.224,0.32637,0.0100961,783.702,0
432,SV53_GUIDANCE,79995.544,26.1140614,30.4789714,2109.79,2280.068,3.845,82002.94,79339.593,628.725,0.32633,0.0097686,783.297,0
432.58,SV53_GUIDANCE,79997.608,26.145298,30.4781383,2110.001,2280.284,3.603,82149.85,79460.63,662.352,0.32629,0.0093907,782.919,0
433.16,SV53_GUIDANCE,79999.5,26.1764317,30.4777074,2110.158,2280.447,3.333,82252.266,79560.74,690.892,0.32626,0.0089216,782.68,0
433.74,SV53_GUIDANCE,80001.279,26.2074661,30.477601,2110.22,2280.514,3.041,82263.522,79637.738,711.417,0.32623,0.0083621,782.335,0
434.4,SV53_GUIDANCE,80002.178,26.2415981,30.478047,2109.952,2280.249,-0.997,81638.58,79948.997,1046.511,0.32579,0.1303426,779.005,0
434.98,SV53_GUIDANCE,80000.731,26.2734966,30.4811746,2109.251,2279.546,-3.397,81448.208,79290.948,1302.791,0.32554,0.0085331,775.688,0
435.56,SV53_GUIDANCE,79999.208,26.3042393,30.48283,2109.044,2279.339,-3.579,81337.448,79146.627,1339.704,0.32551,0.0092565,775.464,0
436.14,SV53_GUIDANCE,79997.82,26.3348789,30.4853987,2108.796,2279.09,-3.565,81157.072,79021.476,1380.181,0.32547,0.0095187,775.098,0
436.72,SV53_GUIDANCE,79996.298,26.365406,30.4874492,2108.659,2278.953,-3.321,80994.239,79012.446,1403.263,0.32544,0.0091562,774.726,0
437.3,SV53_GUIDANCE,79994.533,26.3958302,30.487884,2108.678,2278.974,-3.008,80910.209,79114.445,1399.488,0.32541,0.008523,774.374,0
437.88,SV53_GUIDANCE,79992.699,26.4261551,30.4869432,2108.789,2279.09,-2.748,80902.991,79254.041,1374.553,0.32538,0.0079844,774.147,0
438.46,SV53_GUIDANCE,79990.941,26.4563789,30.485119,2108.932,2279.24,-2.565,80949.712,79379.821,1339.376,0.32535,0.0076363,773.836,0
439.04,SV53_GUIDANCE,79989.322,26.4865017,30.4827492,2109.064,2279.381,-2.444,81019.233,79472.665,1305.362,0.32532,0.0074492,773.538,0
439.7,SV53_GUIDANCE,79988.025,26.519556,30.4392605,2110.149,2280.552,-1.147,81959.632,79928.212,1042.011,0.32488,0.1300683,769.77,0
440.34,SV53_GUIDANCE,79987.846,26.5522785,30.3833375,2111.09,2281.604,0.436,83166.567,79982.123,916.185,0.32435,0.129769,764.646,0
440.98,SV53_GUIDANCE,79988.94,26.584671,30.3323506,2112.515,2283.13,2.567,85113.862,79873.504,853.707,0.32382,0.1296398,759.364,0
441.62,SV53_GUIDANCE,79991.71,26.6167965,30.2974687,2115.091,2285.777,5.664,88540.614,79654.968,828.763,0.32329,0.1299677,754.233,0
442.26,SV53_GUIDANCE,79996.43,26.6487789,30.2973372,2118.688,2289.379,9.2,93177.596,79418.812,826.86,0.32276,0.1311152,749.069,0
442.9,SV53_GUIDANCE,80002.726,26.6807594,30.3408541,2121.249,2291.864,11.372,96376.297,79291.289,830.388,0.32222,0.1324405,743.844,0
443.54,SV53_GUIDANCE,80009.555,26.7128353,30.3997764,2121.234,2291.744,10.924,96203.389,79346.118,833.702,0.32168,0.1323816,738.575,0
444.18,SV53_GUIDANCE,80015.726,26.7450104,30.4497474,2119.346,2289.766,8.888,93657.467,79495.612,835.391,0.32115,0.1312336,733.319,0
444.82,SV53_GUIDANCE,80020.552,26.777235,30.4896538,2116.538,2286.889,6.335,90005.211,79660.606,834.987,0.32061,0.1298889,728.105,0
445.38,SV53_GUIDANCE,80023.933,26.806427,30.5016819,2115.559,2285.892,5.607,88767.413,79702.181,832.654,0.32046,0.0176328,726.489,0
445.96,SV53_GUIDANCE,80027.061,26.835537,30.506918,2115.194,2285.521,5.386,88318.766,79714.186,830.808,0.3204,0.0173618,725.786,0
446.54,SV53_GUIDANCE,80029.962,26.8645573,30.5122468,2114.921,2285.242,5.103,87970.739,79736.971,831.698,0.32033,0.016945,725.097,0
447.12,SV53_GUIDANCE,80032.629,26.893486,30.5170103,2114.76,2285.077,4.724,87744.938,79774.353,836.709,0.32027,0.0162843,724.635,0
447.7,SV53_GUIDANCE,80035.079,26.9223175,30.5200948,2114.713,2285.028,4.247,87647.613,79823.886,846.146,0.32021,0.0153517,723.99,0
448.28,SV53_GUIDANCE,80037.342,26.9510555,30.5212077,2114.743,2285.061,3.744,87646.609,79873.355,857.686,0.32016,0.0142957,723.387,0
448.86,SV53_GUIDANCE,80039.365,26.9796963,30.5211781,2114.79,2285.112,3.272,87675.866,79914.84,868.934,0.32011,0.0132826,722.83,0
449.44,SV53_GUIDANCE,80041.13,27.0082397,30.5206681,2114.822,2285.149,2.835,87694.455,79948.058,879.214,0.32006,0.0123363,722.488,0
450.02,SV53_GUIDANCE,80042.65,27.0366821,30.5201955,2114.825,2285.158,2.431,87684.143,79974.424,888.518,0.32001,0.0114443,721.987,0
450.6,SV53_GUIDANCE,80043.944,27.0650196,30.5199066,2114.806,2285.143,2.056,87650.751,79995.207,897.006,0.31997,0.0106035,721.54,0
451.18,SV53_GUIDANCE,80045.031,27.0932503,30.5197365,2114.776,2285.118,1.71,87608.574,80011.418,904.842,0.31994,0.0098157,721.266,0
451.76,SV53_GUIDANCE,80045.925,27.1213799,30.5196381,2114.753,2285.098,1.392,87575.841,80023.904,912.186,0.3199,0.0090792,720.878,0
452.34,SV53_GUIDANCE,80046.634,27.1494026,30.519626,2114.741,2285.091,1.099,87560.384,80033.262,919.077,0.31987,0.0083905,720.522,0
452.92,SV53_GUIDANCE,80047.19,27.1773205,30.5196897,2114.739,2285.092,0.83,87557.965,80039.994,925.474,0.31984,0.0077494,720.295,0
453.5,SV53_GUIDANCE,80047.596,27.2051334,30.5197889,2114.741,2285.098,0.583,87561.518,80044.552,931.356,0.31981,0.0071523,719.987,0
454.08,SV53_GUIDANCE,80047.866,27.2328415,30.5198808,2114.743,2285.103,0.358,87566.188,80047.351,936.738,0.31978,0.0065955,719.706,0
454.66,SV53_GUIDANCE,80048.01,27.2604446,30.519939,2114.743,2285.107,0.152,87570.127,80048.747,941.65,0.31976,0.0060761,719.449,0
455.24,SV53_GUIDANCE,80048.025,27.287941,30.5199573,2114.742,2285.11,-0.036,87573.374,80049.023,946.124,0.31974,0.0055909,719.285,0
455.82,SV53_GUIDANCE,80047.952,27.3153324,30.5199457,2114.741,2285.112,-0.206,87576.495,80048.459,950.189,0.31972,0.0051393,719.065,0
456.4,SV53_GUIDANCE,80047.785,27.3426189,30.5199208,2114.74,2285.114,-0.361,87579.883,80047.246,953.872,0.3197,0.0047197,718.864,0
456.98,SV53_GUIDANCE,80047.533,27.3698006,30.5198974,2114.739,2285.117,-0.501,87583.579,80045.557,957.201,0.31968,0.0043294,718.742,0
457.56,SV53_GUIDANCE,80047.203,27.3968754,30.519884,2114.738,2285.12,-0.628,87587.422,80043.532,960.201,0.31967,0.0039667,718.565,0
458.14,SV53_GUIDANCE,80046.804,27.4238453,30.5198822,2114.737,2285.122,-0.742,87591.224,80041.284,962.894,0.31965,0.0036297,718.409,0
458.72,SV53_GUIDANCE,80046.342,27.4507084,30.5198889,2114.736,2285.125,-0.844,87594.87,80038.908,965.304,0.31964,0.0033169,718.269,0
459.3,SV53_GUIDANCE,80045.825,27.4774647,30.519899,2114.735,2285.127,-0.935,87598.312,80036.474,967.45,0.31963,0.0030267,718.184,0
459.88,SV53_GUIDANCE,80045.257,27.5041122,30.5199081,2114.734,2285.13,-1.016,87601.552,80034.043,969.354,0.31962,0.0027578,718.065,0
460.46,SV53_GUIDANCE,80044.646,27.5306549,30.5199136,2114.734,2285.132,-1.087,87604.602,80031.658,971.033,0.31961,0.0025087,717.954,0
461.04,SV53_GUIDANCE,80043.996,27.5570908,30.519915,2114.733,2285.135,-1.15,87607.468,80029.352,972.504,0.3196,0.0022782,717.889,0
461.62,SV53_GUIDANCE,80043.312,27.5834198,30.5199135,2114.732,2285.138,-1.205,87610.141,80027.152,973.784,0.31959,0.0020651,717.799,0
462.2,SV53_GUIDANCE,80042.599,27.6096401,30.5199108,2114.732,2285.14,-1.252,87612.614,80025.074,974.887,0.31959,0.0018684,717.719,0
462.78,SV53_GUIDANCE,80041.86,27.6357536,30.5199084,2114.731,2285.143,-1.292,87614.889,80023.13,975.826,0.31958,0.0016868,717.646,0
463.36,SV53_GUIDANCE,80041.084,27.6617603,30.519907,2114.731,2285.146,-1.326,87616.981,80021.31,976.616,0.31957,0.0015187,717.601,0
463.94,SV53_GUIDANCE,80040.306,27.6876583,30.5199068,2114.73,2285.149,-1.354,87618.881,80019.65,977.267,0.31957,0.0013641,717.542,0
464.52,SV53_GUIDANCE,80039.514,27.7134476,30.5199074,2114.73,2285.152,-1.377,87620.607,80018.133,977.791,0.31956,0.0012227,717.489,0
465.1,SV53_GUIDANCE,80038.709,27.73913,30.5199084,2114.729,2285.154,-1.395,87622.164,80016.755,978.199,0.31956,0.0010929,717.456,0
465.68,SV53_GUIDANCE,80037.896,27.7647018,30.5199092,2114.729,2285.157,-1.408,87623.561,80015.511,978.5,0.31955,0.0009739,717.414,0
466.26,SV53_GUIDANCE,80037.076,27.7901669,30.5199096,2114.729,2285.16,-1.417,87624.807,80014.396,978.705,0.31955,0.0008651,717.376,0
466.84,SV53_GUIDANCE,80036.252,27.8155231,30.5199097,2114.728,2285.163,-1.422,87625.912,80013.401,978.82,0.31955,0.0007657,717.354,0
467.42,SV53_GUIDANCE,80035.427,27.8407707,30.5199095,2114.728,2285.166,-1.424,87626.888,80012.521,978.854,0.31955,0.000675,717.323,0
468,SV53_GUIDANCE,80034.601,27.8659096,30.5199093,2114.728,2285.169,-1.423,87627.743,80011.746,978.815,0.31954,0.0005926,717.296,0
468.58,SV53_GUIDANCE,80033.777,27.8909378,30.5199091,2114.727,2285.171,-1.418,87628.487,80011.068,978.709,0.31954,0.0005178,717.274,0
469.16,SV53_GUIDANCE,80032.956,27.9158573,30.519909,2114.727,2285.174,-1.412,87629.132,80010.48,978.542,0.31954,0.00045,717.26,0
469.74,SV53_GUIDANCE,80032.139,27.9406681,30.519909,2114.727,2285.177,-1.402,87629.687,80009.972,978.32,0.31954,0.0003889,717.243,0
470.32,SV53_GUIDANCE,80031.329,27.9653683,30.519909,2114.726,2285.18,-1.391,87630.16,80009.538,978.049,0.31954,0.0003339,717.228,0
470.9,SV53_GUIDANCE,80030.526,27.9899597,30.5199091,2114.726,2285.183,-1.378,87630.56,80009.17,977.733,0.31954,0.0002845,717.219,0
471.48,SV53_GUIDANCE,80029.731,28.0144405,30.5199092,2114.725,2285.185,-1.363,87630.895,80008.86,977.378,0.31953,0.0002405,717.208,0
472.06,SV53_GUIDANCE,80028.945,28.0388107,30.5199092,2114.725,2285.188,-1.346,87631.174,80008.603,976.987,0.31953,0.0002014,717.199,0
472.64,SV53_GUIDANCE,80028.169,28.0630703,30.5199092,2114.725,2285.19,-1.329,87631.404,80008.39,976.564,0.31953,0.0001668,717.191,0
473.22,SV53_GUIDANCE,80027.404,28.0872192,30.5199092,2114.724,2285.193,-1.31,87631.59,80008.218,976.114,0.31953,0.0001364,717.187,0
473.8,SV53_GUIDANCE,80026.65,28.1112595,30.5199092,2114.723,2285.196,-1.29,87631.739,80008.079,975.64,0.31953,0.0001099,717.182,0
474.4,SV53_GUIDANCE,80025.908,28.1351871,30.5199092,2114.723,2285.198,-1.269,87631.856,80007.971,975.145,0.31953,8.7E-05,0,0
474.98,SV53_GUIDANCE,80025.179,28.1590042,30.5199092,2114.722,2285.2,-1.247,87631.947,80007.887,974.631,0.31953,6.74E-05,0,0
475.56,SV53_GUIDANCE,80024.462,28.1827087,30.5199092,2114.722,2285.203,-1.225,87632.014,80007.823,974.102,0.31953,5.09E-05,0,0
476.14,SV53_GUIDANCE,80023.75,28.2063026,30.5199091,2114.721,2285.205,-1.202,87632.068,80007.769,973.56,0.31953,3.72E-05,0,0
476.66,FINE_COAST_ENTER,80023.131,28.2273617,30.5199091,2114.72,2285.207,-1.181,87632.099,80007.74,973.065,0.31953,0,0,0
476.72,SV53_GUIDANCE,80023.06,28.2297859,30.5199091,2114.72,2285.208,-1.178,87632.101,80007.738,972.986,0.31953,0,717.17,0
477.3,SV53_GUIDANCE,80022.384,28.2531567,30.5199091,2114.72,2285.21,-1.153,87632.094,80007.738,972.406,0.31953,0,717.17,0
477.88,SV53_GUIDANCE,80021.722,28.2764168,30.5199091,2114.719,2285.212,-1.128,87632.084,80007.738,971.826,0.31953,0,717.17,0
478.46,SV53_GUIDANCE,80021.074,28.2995644,30.5199091,2114.718,2285.214,-1.103,87632.077,80007.738,971.246,0.31953,0,717.17,0
479.04,SV53_GUIDANCE,80020.441,28.3225994,30.5199091,2114.717,2285.216,-1.079,87632.074,80007.738,970.666,0.31953,0,717.17,0
479.58,FINE_COAST_EXIT,80019.864,28.3439445,30.5199091,2114.716,2285.218,-1.057,87632.074,80007.738,970.146,0.31953,0.1278121,717.17,0
479.64,SV53_GUIDANCE,80019.798,28.3470993,30.5199098,2114.719,2285.221,-1.372,87644.508,79998.676,977.494,0.31948,0.1278121,717.17,0
480.3,SV53_GUIDANCE,80017.223,28.3722572,30.5190112,2114.68,2285.186,-6.445,88035.685,79554.339,1086.448,0.31896,0.1281284,712.847,0
480.92,SV53_GUIDANCE,80011.507,28.3973045,30.523529,2115.298,2285.796,-11.35,89507.853,78797.112,1151.403,0.31846,0.0248792,707.692,0
481.5,SV53_GUIDANCE,80004.933,28.41992,30.5267995,2115.681,2286.174,-12.159,90048.821,78686.61,1154.314,0.31836,0.029169,705.804,0
482.08,SV53_GUIDANCE,79998.228,28.4424477,30.5329791,2116.348,2286.83,-12.65,90829.206,78673.84,1148.428,0.31825,0.0312805,704.599,0
482.66,SV53_GUIDANCE,79991.561,28.4648819,30.5406101,2117.081,2287.55,-12.468,91562.424,78785.868,1134.887,0.31813,0.0318157,703.765,0
483.24,SV53_GUIDANCE,79985,28.4872169,30.54607,2117.443,2287.903,-11.576,91784.314,78965.105,1119.583,0.31802,0.0304547,702.494,0
483.82,SV53_GUIDANCE,79978.67,28.5094528,30.5470517,2117.373,2287.833,-10.486,91515.612,79122.552,1107.508,0.31791,0.0283168,701.293,0
484.4,SV53_GUIDANCE,79972.742,28.5315838,30.5450512,2117.017,2287.483,-9.557,90961.95,79226.475,1100.432,0.31781,0.0264771,700.521,0
484.98,SV53_GUIDANCE,79967.271,28.5535946,30.5417053,2116.51,2286.985,-8.843,90275.005,79286.562,1097.739,0.31771,0.025166,699.431,0
485.56,SV53_GUIDANCE,79962.236,28.5754776,30.5381899,2115.926,2286.409,-8.275,89522.664,79319.917,1098.208,0.31762,0.0242403,698.428,0
486.14,SV53_GUIDANCE,79957.6,28.5972309,30.5354814,2115.292,2285.782,-7.757,88721.469,79342.232,1100.59,0.31753,0.0234557,697.761,0
486.72,SV53_GUIDANCE,79953.336,28.6188545,30.5339558,2114.662,2285.157,-7.216,87921.801,79367.809,1103.127,0.31744,0.0226081,696.792,0
487.3,SV53_GUIDANCE,79949.459,28.6403522,30.5332277,2114.123,2284.621,-6.608,87214.471,79411.045,1103.024,0.31736,0.0215629,695.892,0
487.88,SV53_GUIDANCE,79945.96,28.6617279,30.5329427,2113.774,2284.274,-5.914,86709.326,79482.655,1096.662,0.31729,0.0202439,695.302,0
488.46,SV53_GUIDANCE,79942.789,28.6829872,30.5329912,2113.692,2284.194,-5.188,86507.507,79575.279,1082.385,0.31721,0.0187343,694.494,0
489.04,SV53_GUIDANCE,79939.951,28.7041302,30.5332719,2113.82,2284.325,-4.521,86565.358,79663.171,1064.165,0.31715,0.0172818,693.731,0
489.62,SV53_GUIDANCE,79937.47,28.7251587,30.5336898,2114.044,2284.55,-3.933,86757.529,79733.684,1046.227,0.31708,0.0159861,693.26,0
490.2,SV53_GUIDANCE,79935.343,28.7460747,30.5341562,2114.287,2284.795,-3.402,86990.266,79787.626,1030.078,0.31703,0.0148111,692.622,0
490.78,SV53_GUIDANCE,79933.547,28.7668781,30.5345758,2114.492,2285.001,-2.9,87191.389,79828.913,1015.805,0.31697,0.0136902,692.017,0
491.36,SV53_GUIDANCE,79932.044,28.7875671,30.5348762,2114.625,2285.136,-2.414,87316.374,79860.44,1003.126,0.31693,0.0125891,691.644,0
491.94,SV53_GUIDANCE,79930.801,28.8081436,30.5350382,2114.681,2285.194,-1.952,87358.447,79883.904,991.807,0.31688,0.011524,691.142,0
492.52,SV53_GUIDANCE,79929.794,28.8286037,30.5350924,2114.681,2285.197,-1.523,87341.296,79900.771,981.614,0.31684,0.010523,690.673,0
493.1,SV53_GUIDANCE,79929.029,28.8489532,30.5350645,2114.658,2285.177,-1.131,87302.002,79912.503,972.277,0.3168,0.0095932,690.387,0
493.68,SV53_GUIDANCE,79928.483,28.8691864,30.5350187,2114.638,2285.16,-0.771,87271.049,79920.228,963.613,0.31677,0.008726,690.005,0
494.26,SV53_GUIDANCE,79928.135,28.889307,30.5350476,2114.63,2285.154,-0.441,87258.15,79924.744,955.599,0.31674,0.0079149,689.65,0
494.84,SV53_GUIDANCE,79927.968,28.9093113,30.5351799,2114.629,2285.156,-0.141,87257.859,79926.715,948.27,0.31671,0.0071588,689.435,0
495.42,SV53_GUIDANCE,79927.967,28.9291973,30.5353781,2114.63,2285.159,0.132,87261.945,79926.748,941.616,0.31668,0.0064563,689.15,0
496,SV53_GUIDANCE,79928.118,28.9489689,30.5355815,2114.629,2285.16,0.379,87265.342,79925.356,935.579,0.31666,0.0058031,688.888,0
496.58,SV53_GUIDANCE,79928.409,28.9686222,30.5357425,2114.626,2285.159,0.604,87267.517,79922.945,930.095,0.31664,0.0051946,688.731,0
497.16,SV53_GUIDANCE,79928.823,28.9881573,30.5358401,2114.62,2285.157,0.809,87269.188,79919.842,925.124,0.31662,0.0046271,688.524,0
497.74,SV53_GUIDANCE,79929.35,29.007576,30.5358789,2114.615,2285.154,0.993,87271.259,79916.32,920.638,0.31661,0.0040988,688.338,0
498.32,SV53_GUIDANCE,79929.976,29.0268803,30.5358791,2114.609,2285.151,1.159,87273.746,79912.604,916.611,0.31659,0.003608,688.227,0
498.9,SV53_GUIDANCE,79930.693,29.0460682,30.5358638,2114.603,2285.147,1.307,87276.552,79908.868,913.012,0.31658,0.0031526,688.083,0
499.48,SV53_GUIDANCE,79931.492,29.0651379,30.5358505,2114.597,2285.144,1.439,87279.504,79905.248,909.809,0.31657,0.0027302,687.957,0
500.06,SV53_GUIDANCE,79932.362,29.0840912,30.535847,2114.591,2285.141,1.557,87282.421,79901.845,906.972,0.31656,0.0023388,687.883,0
500.64,SV53_GUIDANCE,79933.296,29.1029282,30.5358531,2114.584,2285.137,1.66,87285.16,79898.733,904.472,0.31655,0.0019763,687.791,0
501.26,SV53_GUIDANCE,79934.463,29.1222897,30.5359646,2114.568,2285.124,3.168,87359.637,79812.508,868.879,0.31638,0.1265805,686.765,0
501.9,SV53_GUIDANCE,79938.167,29.1428146,30.5367053,2114.476,2285.033,8.292,87912.127,79165.673,764.444,0.31587,0.1270213,681.639,0
502.46,SV53_GUIDANCE,79943.57,29.161314,30.5384165,2114.619,2285.177,9.904,88372.088,78901.16,742.881,0.31572,0.0194926,679.771,0
503.04,SV53_GUIDANCE,79949.215,29.1797104,30.5408825,2114.853,2285.41,10.535,88758.131,78820.897,739.856,0.31564,0.0217247,678.943,0
503.62,SV53_GUIDANCE,79954.911,29.1980057,30.5449819,2115.299,2285.851,10.896,89319.563,78819.565,745.501,0.31556,0.0234479,678.043,0
504.2,SV53_GUIDANCE,79960.569,29.2161884,30.5496251,2115.792,2286.34,10.74,89842.245,78915.264,758.345,0.31547,0.0239804,677.384,0
504.78,SV53_GUIDANCE,79966.221,29.2342587,30.5524777,2116.025,2286.572,10.066,90001.197,79062.125,772.241,0.31538,0.0230802,676.386,0
505.36,SV53_GUIDANCE,79971.793,29.2522202,30.5526211,2115.953,2286.503,9.28,89813.888,79188.567,782.108,0.3153,0.0216402,675.465,0
505.94,SV53_GUIDANCE,79977.104,29.2700691,30.5510798,2115.668,2286.226,8.618,89413.893,79272.705,786.729,0.31522,0.0204006,674.867,0
506.52,SV53_GUIDANCE,79982.084,29.2877979,30.5488432,2115.264,2285.829,8.111,88903.451,79322.254,786.979,0.31515,0.0195143,674.018,0
507.1,SV53_GUIDANCE,79986.731,29.305397,30.5466117,2114.791,2285.365,7.703,88330.937,79350.598,784.136,0.31508,0.0188739,673.232,0
507.68,SV53_GUIDANCE,79991.07,29.3228664,30.5449925,2114.275,2284.855,7.322,87712.568,79370.336,779.425,0.31501,0.0182991,672.708,0
508.26,SV53_GUIDANCE,79995.116,29.3402061,30.5441585,2113.766,2284.352,6.916,87097.574,79393.298,774.652,0.31494,0.0176542,671.945,0
508.84,SV53_GUIDANCE,79998.864,29.3574181,30.5438175,2113.336,2283.925,6.456,86560.052,79431.646,772.516,0.31488,0.0168607,671.235,0
509.42,SV53_GUIDANCE,80002.339,29.3745041,30.54373,2113.064,2283.657,5.929,86187.307,79495.061,776.383,0.31482,0.015886,670.768,0
510,SV53_GUIDANCE,80005.585,29.391468,30.5438078,2113.002,2283.598,5.385,86046.979,79577.438,787.495,0.31476,0.0148265,670.108,0
510.56,SV53_GUIDANCE,80008.588,29.4083138,30.5439981,2113.097,2283.696,4.887,86095.707,79658.688,802.463,0.31471,0.0138565,669.516,0
511.16,SV53_GUIDANCE,80011.314,29.4250374,30.5442581,2113.263,2283.864,4.446,86239.985,79728.442,817.807,0.31466,0.0130144,669.133,0
511.74,SV53_GUIDANCE,80013.771,29.4416428,30.5445427,2113.441,2284.044,4.042,86409.835,79786.207,832.077,0.31461,0.0122545,668.591,0
512.32,SV53_GUIDANCE,80015.971,29.4581299,30.5447956,2113.585,2284.192,3.654,86548.791,79834.055,844.835,0.31457,0.0115152,668.1,0
512.9,SV53_GUIDANCE,80017.949,29.4744968,30.5449753,2113.671,2284.28,3.276,86624.021,79873.572,856.018,0.31453,0.0107708,667.782,0
513.48,SV53_GUIDANCE,80019.727,29.4907455,30.5450726,2113.697,2284.308,2.915,86633.449,79905.784,865.741,0.31449,0.0100373,667.347,0
514.06,SV53_GUIDANCE,80021.314,29.506876,30.5451008,2113.683,2284.296,2.578,86599.214,79931.912,874.33,0.31445,0.0093388,666.932,0
514.64,SV53_GUIDANCE,80022.715,29.5228863,30.5450797,2113.654,2284.271,2.267,86552.697,79953.323,882.225,0.31442,0.0086842,666.675,0
515.22,SV53_GUIDANCE,80023.941,29.5387764,30.5450592,2113.633,2284.252,1.978,86516.673,79971.015,889.725,0.31439,0.0080714,666.324,0
515.8,SV53_GUIDANCE,80025.008,29.5545502,30.5450967,2113.622,2284.244,1.712,86497.03,79985.516,896.868,0.31436,0.0074985,665.991,0
516.38,SV53_GUIDANCE,80025.928,29.5702019,30.5452055,2113.619,2284.243,1.466,86488.213,79997.186,903.568,0.31433,0.0069646,665.784,0
516.98,SV53_GUIDANCE,80026.604,29.5862675,30.5459654,2113.645,2284.27,0.029,86493.069,80027.6,943.33,0.31418,0.0053141,665.35,0
517.56,SV53_GUIDANCE,80026.584,29.6016788,30.5460707,2113.643,2284.27,-0.085,86492.685,80027.49,946.487,0.31417,0.0030754,664.101,0
518.14,SV53_GUIDANCE,80026.504,29.6169662,30.5461561,2113.64,2284.268,-0.173,86490.863,80027.102,948.908,0.31416,0.0028442,663.975,0
518.74,SV53_GUIDANCE,80026.373,29.6321297,30.5462382,2113.636,2284.266,-0.408,86490.291,80025.078,955.433,0.31412,0.1256876,663.901,0
519.36,SV53_GUIDANCE,80024.834,29.6482105,30.5460588,2113.693,2284.325,-4.224,86789.997,79789.853,1054.64,0.31373,0.1256221,660.819,0
520,SV53_GUIDANCE,80020.502,29.6646748,30.5469367,2113.288,2283.919,-9.285,87134.763,78937.421,1166.049,0.31322,0.1266294,655.523,0
520.56,SV53_GUIDANCE,80014.614,29.6794872,30.5488494,2112.817,2283.444,-10.928,86989.909,78484.791,1204.64,0.31305,0.0249193,652.994,0
521.14,SV53_GUIDANCE,80008.515,29.6941948,30.5515562,2112.278,2282.9,-11.496,86580.996,78212.025,1229.87,0.31296,0.027157,652.278,0
521.72,SV53_GUIDANCE,80002.397,29.7087955,30.5555861,2111.603,2282.217,-11.58,85954.194,77990.298,1255.585,0.31285,0.0283475,651.123,0
522.3,SV53_GUIDANCE,79996.352,29.7232857,30.5596038,2111.156,2281.764,-11.016,85386.314,77986.484,1267.732,0.31275,0.0279137,649.965,0
522.88,SV53_GUIDANCE,79990.434,29.7376652,30.5615489,2111.142,2281.747,-10.074,85108.024,78219.743,1257.883,0.31265,0.0262515,649.189,0
523.46,SV53_GUIDANCE,79984.809,29.751936,30.5613941,2111.43,2282.036,-9.168,85128.269,78525.238,1233.137,0.31255,0.0244555,648.126,0
524.04,SV53_GUIDANCE,79979.589,29.7660885,30.5600837,2111.88,2282.49,-8.434,85375.885,78801.902,1202.517,0.31247,0.0230074,647.11,0
524.62,SV53_GUIDANCE,79974.793,29.7801189,30.5583868,2112.4,2283.013,-7.842,85764.008,79025.228,1172.076,0.31238,0.0218977,646.469,0
525.2,SV53_GUIDANCE,79970.399,29.7940235,30.5568972,2112.947,2283.565,-7.312,86229.704,79206.312,1143.75,0.3123,0.020944,645.577,0
525.78,SV53_GUIDANCE,79966.385,29.8078003,30.5559859,2113.483,2284.103,-6.774,86711.326,79357.363,1118.029,0.31223,0.0199608,644.703,0
526.36,SV53_GUIDANCE,79962.743,29.8214493,30.5555503,2113.934,2284.556,-6.189,87117.25,79482.917,1095.586,0.31216,0.0188474,644.147,0
526.94,SV53_GUIDANCE,79959.444,29.8349724,30.5554104,2114.211,2284.835,-5.548,87338.716,79585.292,1076.828,0.31209,0.0175701,643.382,0
527.52,SV53_GUIDANCE,79956.448,29.8483715,30.5554583,2114.27,2284.895,-4.899,87319.898,79663.773,1062.105,0.31203,0.0162299,642.654,0
528.1,SV53_GUIDANCE,79953.759,29.8616486,30.5556121,2114.167,2284.793,-4.307,87128.429,79721.477,1050.725,0.31197,0.0149967,642.205,0
528.68,SV53_GUIDANCE,79951.398,29.8748016,30.5558195,2113.996,2284.623,-3.778,86869.396,79765.885,1041.077,0.31191,0.0139045,641.596,0
529.26,SV53_GUIDANCE,79949.358,29.8878326,30.5560312,2113.823,2284.45,-3.292,86615.553,79802.994,1031.713,0.31186,0.0129014,641.019,0
529.84,SV53_GUIDANCE,79947.611,29.9007416,30.5562005,2113.692,2284.321,-2.83,86418.756,79835.959,1021.618,0.31182,0.0119313,640.661,0
530.42,SV53_GUIDANCE,79946.122,29.9135284,30.5563024,2113.623,2284.253,-2.389,86302.202,79864.824,1010.696,0.31178,0.01098,640.177,0
531,SV53_GUIDANCE,79944.868,29.9261894,30.5563414,2113.609,2284.241,-1.977,86258.342,79888.517,999.569,0.31174,0.0100665,639.723,0
531.58,SV53_GUIDANCE,79943.836,29.9387283,30.556329,2113.626,2284.259,-1.597,86258.514,79906.702,988.909,0.3117,0.0092079,639.444,0
532.16,SV53_GUIDANCE,79943.015,29.9511452,30.5562851,2113.648,2284.282,-1.249,86269.747,79919.961,979.049,0.31167,0.0084067,639.071,0
532.74,SV53_GUIDANCE,79942.385,29.963438,30.5562629,2113.659,2284.295,-0.929,86273.262,79929.189,970.021,0.31164,0.0076584,638.724,0
533.32,SV53_GUIDANCE,79941.93,29.9756107,30.5562974,2113.659,2284.297,-0.635,86267.653,79935.212,961.761,0.31161,0.0069616,638.512,0
533.9,SV53_GUIDANCE,79941.64,29.9876575,30.5563836,2113.654,2284.293,-0.368,86258.83,79938.718,954.205,0.31159,0.0063132,638.23,0
534.48,SV53_GUIDANCE,79941.5,29.9995804,30.5564927,2113.649,2284.29,-0.124,86252.1,79940.274,947.302,0.31156,0.0057105,637.97,0
535.06,SV53_GUIDANCE,79941.489,30.0113792,30.5565936,2113.645,2284.287,0.098,86249.403,79940.342,941.001,0.31154,0.0051497,637.812,0
535.64,SV53_GUIDANCE,79941.609,30.0230522,30.5566666,2113.643,2284.286,0.301,86249.798,79939.314,935.26,0.31153,0.0046253,637.603,0
536.22,SV53_GUIDANCE,79941.841,30.0346012,30.5567063,2113.64,2284.286,0.485,86251.782,79937.494,930.047,0.31151,0.0041361,637.413,0
536.8,SV53_GUIDANCE,79942.174,30.0460281,30.556719,2113.638,2284.285,0.652,86254.505,79935.142,925.334,0.3115,0.0036805,637.299,0
537.38,SV53_GUIDANCE,79942.598,30.0573292,30.5567164,2113.635,2284.284,0.802,86257.486,79932.474,921.089,0.31148,0.0032572,637.151,0
537.96,SV53_GUIDANCE,79943.104,30.0685081,30.5567097,2113.632,2284.282,0.937,86260.492,79929.658,917.281,0.31147,0.002864,637.017,0
538.54,SV53_GUIDANCE,79943.684,30.0795612,30.556706,2113.628,2284.28,1.058,86263.416,79926.827,913.875,0.31146,0.0024991,636.942,0
539.12,SV53_GUIDANCE,79944.331,30.0904922,30.5567077,2113.625,2284.278,1.166,86266.205,79924.086,910.843,0.31145,0.0021607,636.838,0
539.7,SV53_GUIDANCE,79945.036,30.1012955,30.5567136,2113.621,2284.276,1.262,86268.811,79921.512,908.156,0.31145,0.0018471,636.75,0
540.28,SV53_GUIDANCE,79945.793,30.1119747,30.556721,2113.616,2284.273,1.346,86271.187,79919.163,905.787,0.31144,0.0015568,636.702,0
540.86,SV53_GUIDANCE,79946.597,30.12253,30.5567275,2113.612,2284.271,1.42,86273.299,79917.079,903.713,0.31143,0.0012882,636.638,0
541.48,SV53_GUIDANCE,79947.612,30.133316,30.556785,2113.603,2284.263,2.907,86356.849,79828.68,863.172,0.31127,0.1245341,635.634,0
542.12,SV53_GUIDANCE,79951.151,30.1446819,30.556864,2113.532,2284.194,8.031,86985.175,79130.4,747.136,0.31076,0.1250258,630.507,0
542.7,SV53_GUIDANCE,79957.047,30.1552238,30.5582313,2113.869,2284.53,10.815,87906.117,78640.137,713.323,0.3105,0.0226292,627.201,0
543.28,SV53_GUIDANCE,79963.297,30.1653099,30.5597046,2114.111,2284.772,11.581,88334.95,78529.396,710.126,0.31041,0.0252097,626.538,0
543.86,SV53_GUIDANCE,79969.672,30.1752892,30.5622807,2114.587,2285.246,12.074,88949.917,78516.29,716.58,0.31031,0.0273143,625.477,0
544.44,SV53_GUIDANCE,79976.025,30.1851578,30.5653327,2115.169,2285.825,11.978,89559.934,78635.78,731.916,0.31021,0.0281119,624.3,0
545.02,SV53_GUIDANCE,79982.332,30.19491,30.5673522,2115.496,2286.152,11.222,89786.082,78832.388,748.916,0.31011,0.0271726,623.507,0
545.6,SV53_GUIDANCE,79988.494,30.2045479,30.5675663,2115.46,2286.119,10.274,89598.774,79005.308,761.053,0.31001,0.0254347,622.401,0
546.18,SV53_GUIDANCE,79994.33,30.2140675,30.5666248,2115.161,2285.825,9.463,89151.37,79119.167,766.54,0.30992,0.0238812,621.342,0
546.76,SV53_GUIDANCE,79999.774,30.2234573,30.5651993,2114.708,2285.378,8.843,88567.489,79183.12,766.259,0.30983,0.0227524,620.673,0
547.34,SV53_GUIDANCE,80004.835,30.2327099,30.5637579,2114.167,2284.842,8.355,87907.329,79214.75,761.585,0.30975,0.021943,619.741,0
547.92,SV53_GUIDANCE,80009.545,30.2418251,30.562678,2113.565,2284.244,7.911,87188.688,79230.31,753.716,0.30967,0.021244,618.815,0
548.5,SV53_GUIDANCE,80013.915,30.2508011,30.5621007,2112.956,2283.639,7.446,86461.43,79245.662,744.569,0.30959,0.0204845,618.245,0
549.08,SV53_GUIDANCE,80017.954,30.2596397,30.561851,2112.426,2283.112,6.921,85808.426,79279.484,737.596,0.30952,0.0195664,617.38,0
549.66,SV53_GUIDANCE,80021.661,30.2683487,30.5617659,2112.064,2282.753,6.315,85320.559,79350.152,737.748,0.30945,0.018435,616.56,0
550.24,SV53_GUIDANCE,80025.083,30.2769279,30.5617917,2111.949,2282.64,5.671,85090.569,79458.759,749.126,0.30938,0.0171664,616.069,0
550.82,SV53_GUIDANCE,80028.219,30.2853813,30.5618941,2112.04,2282.732,5.075,85097.551,79575.227,768.452,0.30932,0.0159754,615.347,0
551.4,SV53_GUIDANCE,80031.041,30.2937088,30.5620436,2112.23,2282.924,4.549,85238.458,79676.831,789.785,0.30926,0.0149424,614.681,0
551.98,SV53_GUIDANCE,80033.544,30.3019123,30.562212,2112.447,2283.143,4.075,85429.124,79759.413,809.999,0.30921,0.014023,614.281,0
552.56,SV53_GUIDANCE,80035.747,30.3099899,30.5623671,2112.636,2283.333,3.624,85600.809,79825.654,828,0.30916,0.0131445,613.691,0
553.14,SV53_GUIDANCE,80037.685,30.3179417,30.5624825,2112.759,2283.458,3.185,85706.73,79878.638,843.623,0.30911,0.0122626,613.142,0
553.72,SV53_GUIDANCE,80039.386,30.3257694,30.5625495,2112.81,2283.511,2.763,85735.191,79920.5,857.075,0.30907,0.0113868,612.815,0
554.3,SV53_GUIDANCE,80040.865,30.3334732,30.5625752,2112.807,2283.508,2.369,85705.708,79953.265,868.83,0.30903,0.010547,612.337,0
554.88,SV53_GUIDANCE,80042.13,30.3410492,30.56257,2112.779,2283.482,2.006,85653.497,79979.015,879.522,0.30899,0.0097594,611.897,0
555.46,SV53_GUIDANCE,80043.183,30.3485012,30.562556,2112.754,2283.459,1.671,85608.869,79999.321,889.631,0.30895,0.0090226,611.638,0
556.04,SV53_GUIDANCE,80044.058,30.3558292,30.5625654,2112.742,2283.448,1.363,85583.439,80015.094,899.261,0.30892,0.008335,611.258,0
556.62,SV53_GUIDANCE,80044.764,30.3630314,30.5626115,2112.74,2283.446,1.079,85573.119,80026.926,908.297,0.30889,0.0076946,610.911,0
557.2,SV53_GUIDANCE,80045.314,30.3701057,30.562683,2112.741,2283.448,0.82,85569.235,80035.429,916.643,0.30886,0.0070993,610.706,0
557.78,SV53_GUIDANCE,80045.717,30.3770542,30.5627585,2112.741,2283.449,0.583,85566.247,80041.219,924.305,0.30884,0.0065448,610.408,0
558.36,SV53_GUIDANCE,80045.987,30.383873,30.5628201,2112.739,2283.449,0.366,85562.784,80044.832,931.34,0.30881,0.0060265,610.144,0
558.94,SV53_GUIDANCE,80046.136,30.3905678,30.5628587,2112.736,2283.447,0.166,85559.535,80046.702,937.797,0.30879,0.0055415,609.976,0
559.52,SV53_GUIDANCE,80046.176,30.3971329,30.5628749,2112.734,2283.445,-0.016,85557.349,80047.186,943.705,0.30877,0.0050884,609.743,0
560.1,SV53_GUIDANCE,80046.108,30.403574,30.5628753,2112.732,2283.444,-0.182,85556.456,80046.586,949.087,0.30876,0.0046657,609.537,0
560.68,SV53_GUIDANCE,80045.957,30.4098892,30.5628689,2112.731,2283.444,-0.332,85556.748,80045.179,953.968,0.30874,0.0042726,609.408,0
561.34,SV53_GUIDANCE,80044.694,30.4167099,30.5625136,2112.636,2283.35,-4.33,85732.572,79750.978,1076.881,0.30833,0.1234029,606.442,0
561.98,SV53_GUIDANCE,80040.287,30.4233894,30.563238,2112.993,2283.705,-9.384,86985.963,78907.254,1172.92,0.30782,0.1242219,601.312,0
562.54,SV53_GUIDANCE,80034.311,30.4293442,30.564247,2113.338,2284.046,-10.996,87663.56,78617.288,1187.036,0.30767,0.0226724,598.538,0
563.12,SV53_GUIDANCE,80028.109,30.435194,30.5654904,2113.618,2284.323,-11.605,88059.85,78528.148,1187.918,0.30758,0.0248567,597.878,0
563.7,SV53_GUIDANCE,80021.906,30.4409313,30.5672796,2114.061,2284.761,-11.807,88534.41,78556.013,1179.736,0.30748,0.0261917,596.836,0
564.28,SV53_GUIDANCE,80015.782,30.4465504,30.5688719,2114.509,2285.206,-11.338,88883.771,78717.236,1163.627,0.30739,0.0259435,595.712,0
564.86,SV53_GUIDANCE,80009.707,30.4520512,30.5693736,2114.712,2285.407,-10.423,88903.815,78915.111,1147.1,0.30729,0.0243658,594.976,0
565.44,SV53_GUIDANCE,80003.859,30.4574337,30.5689888,2114.642,2285.338,-9.539,88651.19,79060.88,1135.977,0.30721,0.0227003,593.97,0
566.02,SV53_GUIDANCE,79998.361,30.4626884,30.5681625,2114.38,2285.077,-8.849,88229.046,79146.081,1131.074,0.30712,0.0214661,593.008,0
566.6,SV53_GUIDANCE,79993.235,30.4678078,30.5672307,2113.989,2284.688,-8.34,87698.889,79185.073,1131.667,0.30705,0.0206799,592.397,0
567.18,SV53_GUIDANCE,79988.449,30.472784,30.5664071,2113.497,2284.196,-7.937,87077.995,79193.268,1136.958,0.30697,0.0201747,591.537,0
567.76,SV53_GUIDANCE,79983.965,30.4776211,30.5658549,2112.919,2283.619,-7.564,86373.813,79183.062,1146.377,0.3069,0.0197564,590.674,0
568.34,SV53_GUIDANCE,79979.779,30.4823151,30.5655492,2112.325,2283.026,-7.167,85654.268,79170.397,1157.997,0.30682,0.0192799,589.857,0
568.92,SV53_GUIDANCE,79975.908,30.4868698,30.5653762,2111.795,2282.495,-6.698,84993.345,79176.869,1168.342,0.30675,0.0186117,589.309,0
569.5,SV53_GUIDANCE,79972.354,30.491293,30.5652733,2111.411,2282.112,-6.129,84468.194,79225.787,1172.116,0.30669,0.0176613,588.517,0
570.08,SV53_GUIDANCE,79969.069,30.4955845,30.5652484,2111.27,2281.971,-5.491,84181.9,79329.307,1162.725,0.30662,0.0164587,587.797,0
570.66,SV53_GUIDANCE,79966.038,30.4997501,30.5652981,2111.362,2282.062,-4.887,84152.961,79455.966,1141.479,0.30656,0.0152379,587.335,0
571.24,SV53_GUIDANCE,79963.302,30.503788,30.5653931,2111.577,2282.278,-4.362,84287.264,79569.591,1116.227,0.30651,0.0141621,586.69,0
571.82,SV53_GUIDANCE,79960.875,30.5077,30.5655072,2111.838,2282.538,-3.903,84500.35,79660.427,1091.911,0.30646,0.0132241,586.113,0
572.4,SV53_GUIDANCE,79958.751,30.5114861,30.5656184,2112.093,2282.793,-3.479,84727.372,79731.191,1070.264,0.30641,0.0123596,585.741,0
572.98,SV53_GUIDANCE,79956.897,30.5151463,30.5657088,2112.299,2282.999,-3.063,84911.694,79786.808,1051.433,0.30637,0.0115022,585.217,0
573.56,SV53_GUIDANCE,79955.291,30.5186806,30.5657684,2112.429,2283.128,-2.649,85017.547,79830.472,1035.127,0.30633,0.010631,584.749,0
574.14,SV53_GUIDANCE,79953.898,30.5220871,30.5657985,2112.482,2283.182,-2.25,85043.008,79864.043,1020.98,0.30629,0.0097744,584.451,0
574.72,SV53_GUIDANCE,79952.709,30.5253696,30.5658085,2112.483,2283.183,-1.878,85013.72,79889.445,1008.478,0.30625,0.008967,584.038,0
575.3,SV53_GUIDANCE,79951.722,30.5285244,30.5658057,2112.462,2283.163,-1.536,84966.107,79908.658,997.014,0.30622,0.0082171,583.675,0
575.92,SV53_GUIDANCE,79951.037,30.5316544,30.5657596,2112.388,2283.088,0.133,84832.866,79949.701,937.474,0.30604,0.1226098,583.294,0
576.56,SV53_GUIDANCE,79952.789,30.534853,30.5658653,2112.295,2282.996,5.242,85194.459,79483.658,768.733,0.30555,0.1224013,578.008,0
577.12,SV53_GUIDANCE,79956.34,30.5376453,30.5661497,2112.193,2282.895,6.655,85349.312,79222.109,731.107,0.30542,0.012105,575.513,0
577.7,SV53_GUIDANCE,79959.962,30.5403194,30.5664452,2112.069,2282.771,7.027,85304.738,79134.32,718.396,0.30537,0.013411,574.97,0
578.28,SV53_GUIDANCE,79963.515,30.5428696,30.5668939,2111.879,2282.581,7.189,85153.021,79074.136,707.367,0.30532,0.0142756,574.575,0
578.86,SV53_GUIDANCE,79967.033,30.5452843,30.5673366,2111.718,2282.421,7.007,84960.974,79089.752,704.487,0.30527,0.0143393,573.974,0
579.44,SV53_GUIDANCE,79970.663,30.5475655,30.5675441,2111.68,2282.385,6.548,84837.98,79184.932,713.251,0.30522,0.0136495,573.363,0
580.02,SV53_GUIDANCE,79974.341,30.5497284,30.5675107,2111.738,2282.444,6.067,84813.155,79295.795,727.477,0.30517,0.012814,572.977,0
580.6,SV53_GUIDANCE,79977.893,30.5517712,30.5673481,2111.862,2282.57,5.678,84882.259,79391.426,742.789,0.30512,0.0121725,572.446,0
581.18,SV53_GUIDANCE,79981.236,30.553688,30.5671431,2112.031,2282.739,5.385,85022.949,79468.062,757.401,0.30508,0.0117602,571.926,0
581.76,SV53_GUIDANCE,79984.352,30.5554714,30.5669475,2112.24,2282.95,5.15,85224.011,79532.681,771.548,0.30503,0.0114945,571.589,0
582.34,SV53_GUIDANCE,79987.256,30.5571213,30.5667958,2112.496,2283.207,4.929,85485.15,79592.931,786.13,0.30499,0.0112675,571.109,0
582.92,SV53_GUIDANCE,79989.957,30.5586338,30.5666914,2112.768,2283.481,4.691,85769.048,79650.257,800.664,0.30495,0.0109956,570.625,0
583.58,SV53_GUIDANCE,79992.009,30.5601254,30.5660081,2115.079,2285.794,1.64,88259.685,79963.735,910.406,0.30454,0.1219736,566.51,0
584.22,SV53_GUIDANCE,79991.486,30.5614185,30.5658331,2117.131,2287.846,-2.926,90793.143,79921.332,996.988,0.30404,0.1217374,562.987,0
584.86,SV53_GUIDANCE,79988.352,30.5626087,30.5667035,2117.478,2288.19,-7.351,91549.272,79569.493,1061.657,0.30354,0.1225226,557.697,0
585.42,SV53_GUIDANCE,79984.212,30.5636425,30.5672288,2117.152,2287.862,-8.245,91257.488,79443.212,1077.621,0.30339,0.0204831,554.708,0
586,SV53_GUIDANCE,79980.064,30.5645504,30.567473,2116.839,2287.548,-8.097,90859.619,79439.126,1079.344,0.30331,0.0207928,553.81,0
586.58,SV53_GUIDANCE,79975.92,30.5653305,30.5675825,2116.424,2287.132,-7.524,90291.8,79482.997,1076.219,0.30324,0.0200067,553.211,0
587.16,SV53_GUIDANCE,79971.844,30.5659904,30.5675661,2116.164,2286.871,-6.813,89889.729,79551.36,1068.575,0.30317,0.0187214,552.375,0
587.74,SV53_GUIDANCE,79967.974,30.5665226,30.5674952,2116.079,2286.785,-6.187,89706.941,79614.86,1059.537,0.3031,0.0175267,551.574,0
588.32,SV53_GUIDANCE,79964.4,30.5669212,30.567423,2116.097,2286.802,-5.696,89664.754,79663.924,1051.213,0.30304,0.0166219,551.071,0
588.9,SV53_GUIDANCE,79961.138,30.5671749,30.5673732,2116.142,2286.847,-5.301,89668.379,79701.034,1044.105,0.30298,0.0159435,550.373,0
589.48,SV53_GUIDANCE,79958.177,30.5672817,30.5673525,2116.164,2286.868,-4.943,89651.778,79731.606,1037.801,0.30292,0.0153564,549.686,0
590.06,SV53_GUIDANCE,79955.507,30.5672398,30.56736,2116.155,2286.859,-4.57,89600.302,79760.712,1031.442,0.30286,0.0147311,549.244,0
590.989,SV53_GUIDANCE,79950.954,30.5668259,30.5673629,2116.168,2286.87,-4.466,89591.26,79764.816,1029.593,0.30286,0.1220196,0,0
591.793,SV53_GUIDANCE,79947.32,30.5662022,30.5673629,2116.181,2286.882,-4.423,89591.26,79764.816,1028.775,0.30286,0.1220444,0,0
592.694,SV53_GUIDANCE,79943.293,30.5652027,30.5673629,2116.195,2286.896,-4.374,89591.26,79764.816,1027.859,0.30286,0.1220751,0,0
593.694,SV53_GUIDANCE,79938.885,30.5637207,30.5673629,2116.211,2286.91,-4.321,89591.26,79764.816,1026.845,0.30286,0.1221094,0,0
594.832,SV53_GUIDANCE,79933.711,30.5614433,30.5673629,2116.23,2286.928,-4.257,89591.26,79764.816,1025.639,0.30286,0.1221475,0,0
596.701,SV53_GUIDANCE,79925.381,30.5564976,30.5673629,2116.261,2286.955,-4.152,89591.26,79764.816,1023.658,0.30286,0.1221952,0,0
599.355,SV53_GUIDANCE,79914.099,30.5470791,30.5673629,2116.303,2286.993,-4.005,89591.26,79764.816,1020.892,0.30286,0.1222724,0,0
602.792,SV53_GUIDANCE,79900.218,30.5307083,30.5673629,2116.355,2287.039,-3.816,89591.26,79764.816,1017.343,0.30286,0.1223777,0,0
607.014,SV53_GUIDANCE,79884.179,30.5041924,30.5673629,2116.416,2287.093,-3.585,89591.26,79764.816,1013.009,0.30286,0.122509,0,0
612.019,SV53_GUIDANCE,79866.533,30.4636555,30.5673629,2116.485,2287.152,-3.311,89591.26,79764.816,1007.892,0.30286,0.1226622,0,0
617.809,SV53_GUIDANCE,79847.928,30.4045334,30.5673629,2116.56,2287.214,-2.993,89591.26,79764.816,1001.99,0.30286,0.1228306,0,0
624.382,SV53_GUIDANCE,79829.128,30.32164,30.5673629,2116.64,2287.277,-2.632,89591.26,79764.816,995.308,0.30286,0.1230037,0,0
631.382,SV53_GUIDANCE,79812.026,30.216732,30.5673629,2116.716,2287.334,-2.253,89591.26,79764.816,988.308,0.30286,0.1231671,0,0