MET,mode,actuator,alt_m,inc_deg,inc_error_deg,inc_derivative_deg_per_mps,inc_effectiveness,inc_accel_cmd_mps2,inc_trim_yaw_deg,radial_vel_mps,tangential_vel_mps,circular_vel_mps,tangential_error_mps,tgo_s,natural_radial_accel,radial_req_accel,tangential_req_accel,radial_alloc_accel,tangential_alloc_accel,max_accel,base_command_accel,total_command_accel,throttle,ap_m,pe_m,ap_error_m,pe_error_m,fine_latched,capture,steer_angle_err_deg
218.2,TGO,THRUST,79670.635,87.651427,87.651427,2.348573,0.0391161,0.94636,0.645276,0.94429,54.91141,1386.1973,2279.49474,893.29744,19.85751,-4.8179,-1.13182,312.7661,-1.13182,39.13303,39.1494,39.1493977,39.1547152,1,79977.066,-445836.24,22.934,525836.24,False,False,-4.00181
218.36,TGO,THRUST,79679.288,87.6514187,87.6514187,2.3485813,0.0390458,0.94624,1.214121,1.77366,54.13671,1388.51873,2279.47829,890.95957,19.78785,-4.80824,-1.13807,311.94645,-1.13807,39.19157,39.20809,39.2080941,39.2268879,1,79978.713,-445196.415,21.287,525196.415,False,False,-4.17821
218.54,TGO,THRUST,79688.924,87.6511139,87.6511139,2.3488861,0.0388447,0.94613,1.372263,2,53.58856,1395.5321,2279.46204,883.92994,19.60851,-4.77934,-1.2147,309.48551,-1.2147,39.27769,39.29647,39.2964717,39.3204247,1,79984.074,-443262.063,15.926,523262.063,False,False,-3.97192
218.72,TGO,THRUST,79698.448,87.6505556,87.6505556,2.3494444,0.038645,0.946,1.375363,2,53.00349,1402.56313,2279.44596,876.88283,19.42913,-4.75022,-1.24978,307.01836,-1.24978,39.36541,39.38524,39.3852441,39.4092511,1,79988.945,-441303.942,11.055,521303.942,False,False,-3.3756
218.9,TGO,THRUST,79707.846,87.6503887,87.6503887,2.3496113,0.0384468,0.94588,1.378477,2,52.31754,1409.61348,2279.43008,869.8166,19.24969,-4.72088,-1.27912,304.54431,-1.27912,39.45369,39.47442,39.4744231,39.4984845,1,79992.609,-439321.205,7.391,519321.205,False,False,-2.69533
219.08,TGO,THRUST,79717.099,87.6512621,87.6512621,2.3487379,0.0382501,0.94576,1.381605,2,51.52113,1416.68173,2279.41443,862.7327,19.07023,-4.69132,-1.30868,302.06383,-1.30868,39.54235,39.564,39.5640022,39.5881182,1,79994.965,-437313.892,5.035,517313.892,False,False,-2.05882
219.26,TGO,THRUST,79726.194,87.6535913,87.6535913,2.3464087,0.0380549,0.94564,1.384748,2,50.63392,1423.76608,2279.39903,855.63294,18.89076,-4.66154,-1.33846,299.57759,-1.33846,39.6314,39.65399,39.6539934,39.6781643,1,79996.24,-435282.179,3.76,515282.179,False,False,-1.52052
219.44,TGO,THRUST,79735.12,87.657566,87.657566,2.342434,0.0378611,0.94552,1.387905,2,49.68477,1430.86557,2279.3839,848.51833,18.71133,-4.63157,-1.36582,297.086,-1.36582,39.72092,39.74439,39.7443903,39.7686162,1,79996.764,-433226.02,3.236,513226.02,False,False,-1.08995
219.62,TGO,THRUST,79743.87,87.6631858,87.6631858,2.3368142,0.0376689,0.94539,1.391076,2,48.69949,1437.97998,2279.36907,841.38909,18.53193,-4.60138,-1.35079,294.5892,-1.35079,39.8123,39.8352,39.8352049,39.8594863,1,79996.827,-431145.148,3.173,511145.148,False,False,-0.72067
219.8,TGO,THRUST,79752.441,87.6702993,87.6702993,2.3297007,0.0374781,0.94527,1.394262,2,47.69592,1445.10944,2279.35453,834.24509,18.35255,-4.57098,-1.33009,292.08718,-1.33009,39.90427,39.92643,39.9264308,39.9507678,1,79996.628,-429039.185,3.372,509039.185,False,False,-0.44658
219.98,TGO,THRUST,79760.83,87.6786492,87.6786492,2.3213508,0.0372888,0.94515,1.397462,2,46.68352,1452.2542,2279.34029,827.08609,18.17321,-4.54038,-1.30555,289.57987,-1.30555,39.99678,40.01808,40.0180803,40.0424731,1,79996.271,-426907.7,3.729,506907.7,False,False,-0.27274
220.16,TGO,THRUST,79769.037,87.6879192,87.6879192,2.3120808,0.037101,0.94502,1.400677,2,45.66741,1459.41459,2279.32636,819.91177,17.99389,-4.50956,-1.27812,287.06717,-1.27812,40.08978,40.11015,40.1101491,40.134598,1,79995.812,-424750.227,4.188,504750.227,False,False,-0.20084
220.34,TGO,THRUST,79777.061,87.6977779,87.6977779,2.3022221,0.0369145,0.94489,1.403907,2,44.65043,1466.591,2279.31274,812.72174,17.81458,-4.47852,-1.24832,284.54894,-1.24832,40.18326,40.20264,40.2026425,40.2271478,1,79995.282,-422566.27,4.718,502566.27,False,False,-0.19016
220.52,TGO,THRUST,79784.902,87.7079163,87.7079163,2.2920837,0.0367294,0.94477,1.407152,2,43.63425,1473.78383,2279.29943,805.5156,17.63529,-4.44727,-1.2164,282.02506,-1.2164,40.2772,40.29556,40.2955634,40.3201254,1,79994.699,-420355.313,5.301,500355.313,False,False,-0.18632
220.7,TGO,THRUST,79792.561,87.7180738,87.7180738,2.2819262,0.0365457,0.94464,1.410412,2,42.62003,1480.99345,2279.28642,798.29297,17.456,-4.41579,-1.18252,279.49539,-1.18252,40.3716,40.38891,40.3889149,40.4135338,1,79994.076,-418116.837,5.924,498116.837,False,False,0.17603
220.88,TGO,THRUST,79800.038,87.7280543,87.7280543,2.2719457,0.0363633,0.94451,1.413687,2,41.60883,1488.22017,2279.27371,791.05354,17.27671,-4.38409,-1.14682,276.95983,-1.14682,40.46645,40.4827,40.4827,40.507376,1,79993.425,-415850.329,6.575,495850.329,False,False,0.17301
221.06,TGO,THRUST,79807.334,87.7377328,87.7377328,2.2622672,0.0361822,0.94438,1.416977,2,40.60168,1495.46423,2279.26131,783.79708,17.09742,-4.35217,-1.10947,274.4183,-1.10947,40.56175,40.57692,40.5769216,40.601655,1,79992.754,-413555.286,7.246,493555.286,False,False,0.19287
221.24,TGO,THRUST,79814.45,87.7470521,87.7470521,2.2529479,0.0360024,0.94425,1.420283,2,39.59968,1502.72579,2279.24921,776.52342,16.91813,-4.32002,-1.07062,271.87073,-1.07062,40.65749,40.67158,40.6715828,40.6963739,1,79992.076,-411231.219,7.924,491231.219,False,False,0.23333
221.42,TGO,THRUST,79821.387,87.7560144,87.7560144,2.2439856,0.0358239,0.94412,1.423604,2,38.60395,1510.00497,2279.23742,769.23245,16.73883,-4.28763,-1.03047,269.31711,-1.03047,40.75366,40.76669,40.7666867,40.7915358,1,79991.399,-408877.645,8.601,488877.645,False,False,0.2809
221.6,TGO,THRUST,79828.146,87.7646681,87.7646681,2.2353319,0.0356466,0.94399,1.426941,2,37.61563,1517.30181,2279.22592,761.92411,16.55953,-4.25502,-0.98923,266.75739,-0.98923,40.85026,40.86224,40.8622364,40.8871437,1,79990.734,-406494.083,9.266,486494.083,False,False,0.32459
221.78,TGO,THRUST,79834.73,87.7730919,87.7730919,2.2269081,0.0354706,0.94386,1.430293,2,36.6358,1524.61636,2279.21472,754.59836,16.38022,-4.22217,-0.94709,264.19159,-0.94709,40.94728,40.95824,40.9582351,40.9832009,1,79990.09,-404080.054,9.91,484080.054,False,False,0.35894
221.96,TGO,THRUST,79841.138,87.7813794,87.7813794,2.2186206,0.0352959,0.94373,1.433661,2,35.66544,1531.94863,2279.20382,747.25519,16.20092,-4.18909,-0.90425,261.61969,-0.90425,41.04473,41.05469,41.0546859,41.0797105,1,79989.474,-401635.072,10.526,481635.072,False,False,0.38277
222.14,TGO,THRUST,79847.375,87.7896245,87.7896245,2.2103755,0.0351224,0.94359,1.437045,2,34.70549,1539.29864,2279.19321,739.89457,16.02161,-4.15578,-0.86089,259.04168,-0.86089,41.14259,41.15159,41.151592,41.1766757,1,79988.892,-399158.639,11.108,479158.639,False,False,0.39755
222.32,TGO,THRUST,79853.44,87.7979098,87.7979098,2.2020902,0.0349501,0.94346,1.440445,2,33.75676,1546.66641,2279.18288,732.51647,15.8423,-4.12223,-0.81719,256.45756,-0.81719,41.24086,41.24896,41.2489567,41.2740998,1,79988.351,-396650.247,11.649,476650.247,False,False,0.40611
222.5,TGO,THRUST,79859.338,87.8062997,87.8062997,2.1937003,0.034779,0.94332,1.443861,2,32.81998,1554.05198,2279.17284,725.12086,15.66299,-4.08844,-0.7733,253.86732,-0.7733,41.33955,41.34678,41.3467832,41.3719859,1,79987.854,-394109.37,12.146,474109.37,False,False,0.41139
222.68,TGO,THRUST,79865.069,87.8148357,87.8148357,2.1851643,0.0346091,0.94318,1.447294,2,31.89577,1561.45539,2279.16308,717.70769,15.48368,-4.05441,-0.72938,251.27095,-0.72938,41.43866,41.44507,41.4450748,41.4703374,1,79987.404,-391535.468,12.596,471535.468,False,False,0.41555
222.86,TGO,THRUST,79870.636,87.823536,87.823536,2.176464,0.0344403,0.94305,1.450743,2,30.9847,1568.87672,2279.15359,710.27687,15.30438,-4.02015,-0.68555,248.66841,-0.68555,41.53818,41.54383,41.5438349,41.5691577,1,79987.004,-388927.98,12.996,468927.98,False,False,0.41946
223.04,TGO,THRUST,79876.043,87.8323981,87.8323981,2.1676019,0.0342728,0.94291,1.454208,2,30.08725,1576.31604,2279.14438,702.82834,15.12507,-3.98564,-0.64194,246.05968,-0.64194,41.63812,41.64307,41.6430668,41.6684501,1,79986.656,-386286.329,13.344,466286.329,False,False,0.42282
223.22,TGO,THRUST,79881.29,87.8414027,87.8414027,2.1585973,0.0341064,0.94277,1.45769,2,29.20382,1583.77345,2279.13544,695.36199,14.94577,-3.95088,-0.59867,243.44473,-0.59867,41.73848,41.74277,41.7427738,41.7682179,1,79986.359,-383609.917,13.641,463609.917,False,False,0.4246
223.4,TGO,THRUST,79886.382,87.8505187,87.8505187,2.1494813,0.0339411,0.94263,1.461188,2,28.33477,1591.24906,2279.12676,687.8777,14.76647,-3.91588,-0.55583,240.82351,-0.55583,41.83927,41.84296,41.8429595,41.8684646,1,79986.114,-380898.129,13.886,460898.129,False,False,0.42369
223.58,TGO,THRUST,79891.319,87.8597084,87.8597084,2.1402916,0.033777,0.94249,1.464704,2,27.48038,1598.74298,2279.11834,680.37537,14.58717,-3.88064,-0.51352,238.196,-0.51352,41.94048,41.94363,41.9436272,41.9691937,1,79985.922,-378150.334,14.078,458150.334,False,False,0.41927
223.76,TGO,THRUST,79896.106,87.8689324,87.8689324,2.1310676,0.033614,0.94235,1.468236,2,26.64088,1606.25533,2279.11018,672.85485,14.40787,-3.84514,-0.47183,235.56214,-0.47183,42.04213,42.04478,42.0447805,42.0704086,1,79985.78,-375365.881,14.22,455365.881,False,False,0.41113
223.94,TGO,THRUST,79900.745,87.8781539,87.8781539,2.1218461,0.0334521,0.94221,1.471786,2,25.81653,1613.78622,2279.10227,665.31605,14.22856,-3.8094,-0.43085,232.92189,-0.43085,42.14422,42.14642,42.1464228,42.1721129,1,79985.689,-372544.108,14.311,452544.108,False,False,0.39959
224.12,TGO,THRUST,79905.239,87.8873415,87.8873415,2.1126585,0.0332913,0.94207,1.475352,2,25.00745,1621.33577,2279.0946,657.75883,14.04926,-3.7734,-0.39064,230.27522,-0.39064,42.24675,42.24856,42.2485578,42.2743102,1,79985.647,-369684.336,14.353,449684.336,False,False,0.38528
224.3,TGO,THRUST,79909.589,87.8964741,87.8964741,2.1035259,0.0331315,0.94192,1.478936,2,24.21376,1628.90407,2279.08717,650.1831,13.86995,-3.73714,-0.35128,227.6221,-0.35128,42.34973,42.35119,42.351189,42.3770039,1,79985.652,-366785.877,14.348,446785.877,False,False,0.3689
224.48,TGO,THRUST,79913.8,87.9055348,87.9055348,2.0944652,0.0329729,0.94178,1.482538,2,23.43548,1636.49122,2279.07999,642.58877,13.69065,-3.70063,-0.31282,224.96248,-0.31282,42.45317,42.45432,42.45432,42.4801978,1,79985.702,-363848.026,14.298,443848.026,False,False,0.35123
224.66,TGO,THRUST,79917.874,87.9145174,87.9145174,2.0854826,0.0328153,0.94163,1.486157,2,22.67269,1644.09729,2279.07303,634.97574,13.51134,-3.66386,-0.2753,222.29633,-0.2753,42.55706,42.55795,42.5579546,42.5838955,1,79985.795,-360870.066,14.205,440870.066,False,False,0.33286
224.84,TGO,THRUST,79921.814,87.9234229,87.9234229,2.0765771,0.0326587,0.94148,1.489793,2,21.92537,1651.72236,2279.06631,627.34394,13.33203,-3.62684,-0.23879,219.62364,-0.23879,42.66143,42.6621,42.6620963,42.6881007,1,79985.929,-357851.264,14.071,437851.264,False,False,0.31431
225.02,TGO,THRUST,79925.622,87.9322577,87.9322577,2.0677423,0.0325032,0.94134,1.493448,2,21.1935,1659.36651,2279.0598,619.6933,13.15271,-3.58955,-0.20332,216.94438,-0.20332,42.76627,42.76675,42.766749,42.7928172,1,79986.101,-354790.874,13.899,434790.874,False,False,0.29578
225.2,TGO,THRUST,79929.301,87.941032,87.941032,2.058968,0.0323487,0.94119,1.49712,2,20.47698,1667.02978,2279.05352,612.02373,12.9734,-3.55199,-0.16891,214.25851,-0.16891,42.87158,42.87192,42.8719163,42.8980487,1,79986.308,-351688.132,13.692,431688.132,False,False,0.27741
225.38,TGO,THRUST,79932.855,87.9497579,87.9497579,2.0502421,0.0321952,0.94104,1.500811,2,19.77576,1674.71225,2279.04744,604.33519,12.79409,-3.51417,-0.1356,211.56603,-0.1356,42.97739,42.9776,42.9776022,43.003799,1,79986.549,-348542.253,13.451,428542.253,False,False,0.25927
225.56,TGO,THRUST,79936.285,87.9584475,87.9584475,2.0415525,0.0320427,0.94089,1.50452,2,19.08976,1682.41399,2279.04158,596.62759,12.61477,-3.47609,-0.10342,208.86689,-0.10342,43.08369,43.08381,43.0838104,43.1100719,1,79986.821,-345352.435,13.179,425352.435,False,False,0.24148
225.74,TGO,THRUST,79939.594,87.9671116,87.9671116,2.0328884,0.0318912,0.94074,1.508247,2,18.41883,1690.13506,2279.03592,588.90086,12.43546,-3.43774,-0.07238,206.16109,-0.07238,43.19048,43.19054,43.1905449,43.2168715,1,79987.12,-342117.854,12.88,422117.854,False,False,0.22406
225.92,TGO,THRUST,79942.786,87.9757592,87.9757592,2.0242408,0.0317407,0.94059,1.511993,2,17.76285,1697.87553,2279.03046,581.15494,12.25615,-3.39912,-0.04251,203.44858,-0.04251,43.29779,43.29781,43.2978095,43.3242014,1,79987.445,-338837.665,12.555,418837.665,False,False,0.20702
226.1,TGO,THRUST,79945.862,87.9843964,87.9843964,2.0156036,0.0315912,0.94044,1.515757,2,17.1217,1705.63547,2279.0252,573.38973,12.07684,-3.36022,-0.01383,200.72936,-0.01383,43.40561,43.40561,43.4056082,43.4320659,1,79987.793,-335510.997,12.207,415510.997,False,False,0.19039
226.28,TGO,THRUST,79948.826,87.9930235,87.9930235,2.0069765,0.0314426,0.94028,1.51954,2,16.4952,1713.41497,2279.02013,565.60516,11.89753,-3.32105,0.01366,198.00337,0.01366,43.51394,43.51395,43.5139451,43.5404688,1,79988.161,-332136.957,11.839,412136.957,False,False,0.17429
226.46,TGO,THRUST,79951.68,88.0016394,88.0016394,1.9983606,0.031295,0.94013,1.523343,2,15.88314,1721.21411,2279.01525,557.80114,11.71822,-3.28161,0.03995,195.2706,0.03995,43.62281,43.62282,43.6228241,43.6494141,1,79988.548,-328714.625,11.452,408714.625,False,False,0.15872
226.64,TGO,THRUST,79954.426,88.0102437,88.0102437,1.9897563,0.0311483,0.93997,1.527164,2,15.28537,1729.03298,2279.01054,549.97756,11.53891,-3.24189,0.06504,192.53102,0.06504,43.7322,43.73225,43.7322493,43.7589061,1,79988.95,-325243.058,11.05,405243.058,False,False,0.14379
226.82,TGO,THRUST,79957.067,88.0188362,88.0188362,1.9811638,0.0310026,0.93982,1.531004,2,14.70169,1736.87167,2279.00602,542.13435,11.35961,-3.20189,0.08893,189.78458,0.08893,43.84213,43.84222,43.8422249,43.8689487,1,79989.365,-321721.288,10.635,401721.288,False,False,0.12957
227,TGO,THRUST,79959.607,88.0274161,88.0274161,1.9725839,0.0308578,0.93966,1.534864,2,14.13189,1744.73026,2279.00167,534.27141,11.18031,-3.16161,0.11163,187.03126,0.11163,43.95261,43.95275,43.952755,43.9795462,1,79989.792,-318148.319,10.208,398148.319,False,False,0.11598
227.18,TGO,THRUST,79962.046,88.0359805,88.0359805,1.9640195,0.030714,0.9395,1.538743,2,13.57578,1752.60885,2278.99749,526.38864,11.00101,-3.12105,0.13312,184.27102,0.13312,44.06364,44.06384,44.0638438,44.0907027,1,79990.227,-314523.128,9.773,394523.128,False,False,0.10307
227.36,TGO,THRUST,79964.387,88.0445257,88.0445257,1.9554743,0.030571,0.93934,1.542642,2,13.03317,1760.50753,2278.99348,518.48595,10.82171,-3.0802,0.15341,181.50383,0.15341,44.17523,44.1755,44.1754956,44.2024225,1,79990.67,-310844.664,9.33,390844.664,False,False,0.09112
227.54,TGO,THRUST,79966.634,88.0530483,88.0530483,1.9469517,0.0304289,0.93918,1.546561,2,12.50384,1768.4264,2278.98962,510.56323,10.64241,-3.03907,0.17252,178.72965,0.17252,44.28738,44.28771,44.2877147,44.31471,1,79991.117,-307111.847,8.883,387111.847,False,False,0.0802
227.72,TGO,THRUST,79968.788,88.0615457,88.0615457,1.9384543,0.0302877,0.93902,1.5505,2,11.98747,1776.36555,2278.98593,502.62038,10.46312,-2.99765,0.19048,175.94845,0.19048,44.4001,44.40051,44.4005053,44.4275694,1,79991.568,-303323.565,8.432,383323.565,False,False,0.07047
227.9,TGO,THRUST,79970.851,88.0700149,88.0700149,1.9299851,0.0301474,0.93886,1.554459,2,11.48395,1784.32509,2278.98239,494.65729,10.28383,-2.95593,0.20729,173.16019,0.20729,44.51339,44.51387,44.5138719,44.5410051,1,79992.019,-299478.679,7.981,379478.679,False,False,0.06202
228.08,TGO,THRUST,79972.826,88.0784526,88.0784526,1.9215474,0.030008,0.9387,1.558438,2,10.99288,1792.30512,2278.979,486.67387,10.10454,-2.91393,0.22301,170.36483,0.22301,44.62726,44.62782,44.6278189,44.6550215,1,79992.47,-295576.013,7.53,375576.013,False,False,0.05519
228.26,TGO,THRUST,79974.705,88.0868533,88.0868533,1.9131467,0.0298695,0.93854,1.562437,2,10.5141,1800.30575,2278.97575,478.67001,9.92525,-2.87163,0.23775,167.56234,0.23775,44.74172,44.74235,44.7423508,44.7696232,1,79992.917,-291614.359,7.083,371614.359,False,False,-0.05063
228.44,TGO,THRUST,79976.51,88.095215,88.095215,1.904785,0.0297318,0.93837,1.566457,2,10.04735,1808.32708,2278.97266,470.64559,9.74597,-2.82903,0.25184,164.75268,0.25184,44.85677,44.85747,44.857472,44.8848146,1,79993.354,-287592.477,6.646,367592.477,False,False,-0.04879
228.62,TGO,THRUST,79978.234,88.1035382,88.1035382,1.8964618,0.0295949,0.93821,1.570498,2,9.59241,1816.36918,2278.9697,462.60052,9.56668,-2.78613,0.26446,161.9358,0.26446,44.97241,44.97319,44.9731872,45.0006003,1,79993.793,-283509.093,6.207,363509.093,False,False,-0.05004
228.8,TGO,THRUST,79979.877,88.1118259,88.1118259,1.8881741,0.0294589,0.93804,1.57456,2,9.14908,1824.43218,2278.96687,454.53469,9.3874,-2.74293,0.27609,159.11169,0.27609,45.08866,45.0895,45.0895009,45.116985,1,79994.225,-279362.897,5.775,359362.897,False,False,-0.05371
228.98,TGO,THRUST,79981.443,88.1200817,88.1200817,1.8799183,0.0293237,0.93787,1.578643,2,8.71714,1832.51618,2278.96418,446.448,9.20812,-2.69943,0.28676,156.28029,0.28676,45.20551,45.20642,45.2064178,45.2339732,1,79994.65,-275152.54,5.35,355152.54,False,False,-0.05889
229.16,TGO,THRUST,79982.933,88.1283092,88.1283092,1.8716908,0.0291893,0.9377,1.582747,2,8.2964,1840.62126,2278.96161,438.34034,9.02885,-2.65563,0.29652,153.44158,0.29652,45.32297,45.32394,45.3239427,45.3515696,1,79995.066,-270876.637,4.934,350876.637,False,False,-0.06473
229.34,TGO,THRUST,79984.35,88.136512,88.136512,1.863488,0.0290558,0.93754,1.586872,2,7.88661,1848.74755,2278.95917,430.21162,8.84957,-2.61152,0.3054,150.59551,0.3054,45.44105,45.44208,45.4420802,45.4697791,1,79995.472,-266533.76,4.528,346533.76,False,False,-0.07056
229.52,TGO,THRUST,79985.695,88.1446923,88.1446923,1.8553077,0.028923,0.93737,1.591019,2,7.48757,1856.89512,2278.95685,422.06172,8.6703,-2.56709,0.31345,147.74205,0.31345,45.55976,45.56084,45.5608351,45.5886065,1,79995.868,-262122.439,4.132,342122.439,False,False,-0.07618
229.7,TGO,THRUST,79986.97,88.1528509,88.1528509,1.8471491,0.0287911,0.93719,1.595188,2,7.099,1865.06411,2278.95465,413.89053,8.49103,-2.52236,0.32075,144.88116,0.32075,45.67909,45.68021,45.6802124,45.7080565,1,79996.251,-257641.157,3.749,337641.157,False,False,-0.08166
229.88,TGO,THRUST,79988.177,88.1609886,88.1609886,1.8390114,0.02866,0.93702,1.599379,2,6.72076,1873.25461,2278.95256,405.69795,8.31176,-2.47731,0.32733,142.0128,0.32733,45.79905,45.80022,45.8002169,45.8281342,1,79996.622,-253088.354,3.378,333088.354,False,False,-0.08721
230.06,TGO,THRUST,79989.318,88.1691051,88.1691051,1.8308949,0.0285296,0.93685,1.603592,2,6.35282,1881.46674,2278.95059,397.48385,8.1325,-2.43195,0.33316,139.13692,0.33316,45.91964,45.92085,45.9208536,45.9488444,1,79996.98,-248462.423,3.02,328462.423,False,False,-0.09286
230.24,TGO,THRUST,79990.394,88.1771999,88.1771999,1.8228001,0.0284,0.93667,1.607827,2,5.99509,1889.7006,2278.94872,389.24812,7.95324,-2.38627,0.33824,136.2535,0.33824,46.04089,46.04213,46.0421274,46.0701922,1,79997.326,-243761.707,2.674,323761.707,False,False,-0.09868
230.42,TGO,THRUST,79991.409,88.185273,88.185273,1.814727,0.0282712,0.9365,1.612084,2,5.64756,1897.95631,2278.94697,380.99066,7.77398,-2.34027,0.34254,133.36249,0.34254,46.16277,46.16404,46.1640436,46.1921826,1,79997.658,-238984.498,2.342,318984.498,False,False,-0.10465
230.6,TGO,THRUST,79992.361,88.1933253,88.1933253,1.8066747,0.0281431,0.93632,1.616364,2,5.31012,1906.23398,2278.94531,372.71134,7.59472,-2.29394,0.34605,130.46385,0.34605,46.28531,46.28661,46.286607,46.3148208,1,79997.976,-234129.037,2.024,314129.037,False,False,-0.11076
230.78,TGO,THRUST,79993.248,88.2013578,88.2013578,1.7986422,0.0280158,0.93615,1.620667,2,4.98274,1914.53373,2278.94377,364.41004,7.41547,-2.2473,0.34959,127.55754,0.34959,46.40851,46.40982,46.409823,46.4381119,1,79998.273,-229193.508,1.727,309193.508,False,False,-0.11588
230.96,TGO,THRUST,79994.085,88.2093702,88.2093702,1.7906298,0.0278893,0.93597,1.624992,2,4.66532,1922.85565,2278.94232,356.08666,7.23622,-2.20032,0.35171,124.64352,0.35171,46.53237,46.5337,46.5336968,46.5620611,1,79998.563,-224176.042,1.437,304176.042,False,False,-0.12179
231.14,TGO,THRUST,79994.868,88.2173625,88.2173625,1.7826375,0.0277634,0.93579,1.629341,2,4.35778,1931.19987,2278.94096,347.74108,7.05697,-2.15302,0.35285,121.72176,0.35285,46.6569,46.65823,46.6582336,46.6866739,1,79998.84,-219074.707,1.16,299074.707,False,False,-0.12783
231.32,TGO,THRUST,79995.597,88.2253353,88.2253353,1.7746647,0.0276384,0.93561,1.633714,2,4.06004,1939.5665,2278.93968,339.37318,6.87772,-2.10538,0.35318,118.7922,0.35318,46.78211,46.78344,46.7834388,46.8119554,1,79999.103,-213887.51,0.897,293887.51,False,False,-0.13373
231.5,TGO,THRUST,79996.274,88.2332885,88.2332885,1.7667115,0.027514,0.93543,1.638109,2,3.77197,1947.95566,2278.9385,330.98284,6.69848,-2.05741,0.3527,115.8548,0.3527,46.90799,46.90932,46.9093177,46.937911,1,79999.351,-208612.395,0.649,288612.395,False,False,-0.13942
231.68,TGO,THRUST,79996.901,88.2412224,88.2412224,1.7587776,0.0273904,0.93525,1.642529,2,3.49348,1956.36747,2278.9374,322.56993,6.51924,-2.0091,0.35145,112.90953,0.35145,47.03456,47.03588,47.0358759,47.0645464,1,79999.586,-203247.238,0.414,283247.238,False,False,-0.14491
231.86,TGO,THRUST,79997.48,88.2491377,88.2491377,1.7508623,0.0272674,0.93506,1.646972,2,3.22443,1964.80205,2278.93639,314.13434,6.34,-1.96046,0.34944,109.95634,0.34944,47.16182,47.16312,47.1631188,47.1918669,1,79999.805,-197789.848,0.195,277789.848,False,False,-0.1501
232.04,TGO,THRUST,79998.012,88.2570346,88.2570346,1.7429654,0.0271452,0.93488,1.65144,2,2.96473,1973.25952,2278.93546,305.67594,6.16077,-1.91147,0.3467,106.99518,0.3467,47.28978,47.29105,47.2910521,47.3198781,1,80000.011,-192237.959,-0.011,272237.959,False,False,-0.15492
232.22,TGO,THRUST,79998.499,88.2649134,88.2649134,1.7350866,0.0270237,0.93469,1.655932,2,2.71425,1981.73999,2278.9346,297.19461,5.98154,-1.86214,0.34327,104.02602,0.34327,47.41844,47.41968,47.4196812,47.4485856,1,80000.201,-186589.233,-0.201,266589.233,False,False,-0.15944
232.4,TGO,THRUST,79998.942,88.2727754,88.2727754,1.7272246,0.0269028,0.93451,1.660448,2,2.47282,1990.24359,2278.93381,288.69022,5.80231,-1.81246,0.33921,101.04881,0.33921,47.5478,47.54901,47.5490121,47.5779953,1,80000.378,-180841.251,-0.378,260841.251,False,False,-0.1637
232.58,TGO,THRUST,79999.344,88.2806201,88.2806201,1.7193799,0.0267827,0.93432,1.664989,2,2.24041,1998.77045,2278.9331,280.16265,5.62308,-1.76243,0.33453,98.06351,0.33453,47.67788,47.67905,47.6790503,47.7081128,1,80000.54,-174991.514,-0.54,254991.514,False,False,-0.16763
232.76,TGO,THRUST,79999.706,88.2884479,88.2884479,1.7115521,0.0266632,0.93413,1.669555,2,2.01694,2007.32069,2278.93246,271.61177,5.44386,-1.71206,0.32927,95.07007,0.32927,47.80867,47.8098,47.8098017,47.8389439,1,80000.688,-169037.438,-0.688,249037.438,False,False,-0.17113
232.94,TGO,THRUST,80000.029,88.2962593,88.2962593,1.7037407,0.0265444,0.93394,1.674146,2,1.80228,2015.89443,2278.93188,263.03746,5.26463,-1.66132,0.32349,92.06845,0.32349,47.94018,47.94127,47.9412722,47.9704945,1,80000.822,-162976.349,-0.822,242976.349,False,False,-0.17428
233.12,TGO,THRUST,80000.315,88.3040535,88.3040535,1.6959465,0.0264263,0.93375,1.678762,2,1.59633,2024.49179,2278.93137,254.43958,5.08542,-1.61024,0.31728,89.0586,0.31728,48.07242,48.07347,48.0734678,48.1027707,1,80000.942,-156805.482,-0.942,236805.482,False,False,-0.17696
233.3,TGO,THRUST,80000.566,88.3118315,88.3118315,1.6881685,0.0263089,0.93356,1.683404,2,1.39904,2033.11291,2278.93092,245.81801,4.9062,-1.55879,0.31068,86.04048,0.31068,48.20539,48.20639,48.2063944,48.2357783,1,80001.049,-150521.978,-1.049,230521.978,False,False,-0.17923
233.48,TGO,THRUST,80000.783,88.3195935,88.3195935,1.6804065,0.026192,0.93336,1.688072,2,1.21031,2041.75791,2278.93052,237.17261,4.72699,-1.50698,0.3038,83.01405,0.3038,48.3391,48.34006,48.3400581,48.3695236,1,80001.143,-144122.872,-1.143,224122.872,False,False,-0.181
233.66,TGO,THRUST,80000.967,88.3273397,88.3273397,1.6726603,0.0260759,0.93317,1.692766,2,1.03009,2050.42692,2278.93018,228.50326,4.54778,-1.45481,0.29673,79.97925,0.29673,48.47356,48.47447,48.4744652,48.5040125,1,80001.224,-137605.097,-1.224,217605.097,False,False,-0.18229
233.84,TGO,THRUST,80001.121,88.3350704,88.3350704,1.6649296,0.0259604,0.93297,1.697485,2,0.85833,2059.12008,2278.9299,219.80982,4.36857,-1.40227,0.28957,76.93604,0.28957,48.60876,48.60962,48.6096218,48.6392515,1,80001.292,-130965.475,-1.292,210965.475,False,False,-0.18313
234.02,TGO,THRUST,80001.245,88.3427855,88.3427855,1.6572145,0.0258455,0.93278,1.702232,2,0.69501,2067.8375,2278.92966,211.09216,4.18937,-1.34936,0.28244,73.88437,0.28244,48.74472,48.74553,48.7455341,48.7752467,1,80001.349,-124200.715,-1.349,204200.715,False,False,-0.18338
234.2,TGO,THRUST,80001.342,88.3504851,88.3504851,1.6495149,0.0257312,0.93258,1.707004,2,0.54013,2076.57933,2278.92947,202.35014,4.01017,-1.29608,0.27547,70.8242,0.27547,48.88143,48.88221,48.8822086,48.9120045,1,80001.395,-117307.404,-1.395,197307.404,False,False,-0.18299
234.38,TGO,THRUST,80001.412,88.3581699,88.3581699,1.6418301,0.0256176,0.93238,1.711804,2,0.39366,2085.34569,2278.92933,193.58364,3.83098,-1.24243,0.33275,67.75548,0.33275,49.01852,49.01965,49.0196517,49.0495314,1,80001.429,-110282.005,-1.429,190282.005,False,False,-0.10729
234.56,TGO,THRUST,80001.457,88.3658401,88.3658401,1.6341599,0.0255046,0.93218,1.716631,2,0.25552,2094.13673,2278.92923,184.79251,3.65178,-1.18839,0.39474,64.67816,0.39474,49.15628,49.15787,49.1578699,49.1878338,1,80001.453,-103120.848,-1.453,183120.848,False,False,-0.02925
234.74,TGO,THRUST,80001.479,88.3734959,88.3734959,1.6265041,0.0253922,0.93198,1.721485,2,0.12476,2102.95257,2278.92918,175.9766,3.47259,-1.13398,0.45805,61.5922,0.45805,49.29474,49.29687,49.2968697,49.3269184,1,80001.468,-95820.119,-1.468,175820.119,False,False,0.04289
234.92,TGO,THRUST,80001.48,88.3811369,88.3811369,1.6188631,0.0252805,0.93178,1.726366,2,0.00262,2111.79336,2278.92915,167.1358,3.2934,-1.07918,0.52082,58.49754,0.52082,49.43391,49.43666,49.4366579,49.4667917,1,80001.473,-88375.879,-1.473,168375.879,False,False,0.09816
235.1,TGO,THRUST,80001.461,88.3887639,88.3887639,1.6112361,0.0251693,0.93158,1.731275,2,-0.10798,2120.65919,2278.92917,158.26998,3.11422,-1.024,0.57944,55.39416,0.57944,49.57385,49.57724,49.577241,49.6074606,1,80001.47,-80784.047,-1.47,160784.047,False,False,0.13354
235.28,TGO,THRUST,80001.425,88.3963767,88.3963767,1.6036233,0.0250587,0.93137,1.736213,2,-0.20389,2129.55018,2278.92921,149.37904,2.93504,-0.96843,0.62985,52.28202,0.62985,49.71464,49.71863,49.718626,49.7489317,1,80001.458,-73040.389,-1.458,153040.389,False,False,0.14637
235.46,TGO,THRUST,80001.375,88.4039761,88.4039761,1.5960239,0.0249487,0.93117,1.716903,2,-0.28242,2138.46642,2278.92929,140.46286,2.75587,-0.91247,0.66829,49.16111,0.66829,49.16111,49.86082,49.1656554,49.1956241,0.98665895,80001.437,-65140.508,-1.437,145140.508,False,False,0.14719
235.64,TGO,THRUST,80001.315,88.4115283,88.4115283,1.5884717,0.0248398,0.93096,1.60812,2,-0.34222,2147.36821,2278.92938,131.56116,2.57752,-0.85636,0.69243,46.04533,0.69243,46.04533,50.00255,46.0505321,46.0786019,0.92152502,80001.406,-57116.044,-1.406,137116.044,False,False,0.17347
235.82,TGO,THRUST,80001.248,88.4188351,88.4188351,1.5811649,0.0247346,0.93075,1.502387,2,-0.38561,2156.02042,2278.92948,122.90907,2.40474,-0.80161,0.70492,43.01695,0.70492,43.01695,50.13819,43.0227259,43.0489502,0.85860599,80001.366,-49181.774,-1.366,129181.774,False,False,0.1923
236,TGO,THRUST,80001.174,88.4256429,88.4256429,1.5743571,0.0246365,0.93055,1.403449,2,-0.41807,2164.11666,2278.9296,114.81294,2.24348,-0.75017,0.71233,40.1832,0.71233,40.1832,50.26534,40.1895124,40.2140097,0.80003456,80001.318,-41634.105,-1.318,121634.105,False,False,0.20818
236.18,TGO,THRUST,80001.097,88.4319832,88.4319832,1.5680168,0.0245452,0.93034,1.311036,2,-0.44085,2171.67897,2278.92973,107.25076,2.09323,-0.70196,0.7151,37.53636,0.7151,37.53636,50.38439,37.5431697,37.5660539,0.74558908,80001.264,-34474.116,-1.264,114474.116,False,False,0.22038
236.36,TGO,THRUST,80001.018,88.4379069,88.4379069,1.5620931,0.0244601,0.93012,1.224725,2,-0.45461,2178.74206,2278.92986,100.1878,1.95322,-0.65677,0.7131,35.06427,0.7131,35.06427,50.49585,35.0715242,35.0929019,0.69496605,80001.203,-27688.686,-1.203,107688.686,False,False,0.22784
236.54,TGO,THRUST,80000.937,88.4434585,88.4434585,1.5565415,0.0243807,0.92991,1.144109,2,-0.45995,2185.33898,2278.92999,93.59102,1.82272,-0.61443,0.70615,32.75538,0.70615,32.75538,50.60017,32.7629887,32.7829592,0.64788235,80001.137,-21263.79,-1.137,101263.79,False,False,0.23004
236.72,TGO,THRUST,80000.857,88.4486749,88.4486749,1.5513251,0.0243066,0.9297,1.068811,2,-0.45753,2191.50059,2278.93013,87.42954,1.70108,-0.57478,0.69417,30.59886,0.69417,30.59886,50.69782,30.6067376,30.6253937,0.60407716,80001.065,-15185.227,-1.065,95185.227,False,False,0.22662
236.9,TGO,THRUST,80000.779,88.4535849,88.4535849,1.5464151,0.0242373,0.92949,0.998478,2,-0.44798,2197.25571,2278.93026,81.67455,1.58768,-0.53763,0.67718,28.58465,0.67718,28.58465,50.78919,28.5926662,28.6100947,0.56331071,80000.989,-9438.746,-0.989,89438.746,False,False,0.21762
237.08,TGO,THRUST,80000.704,88.4582099,88.4582099,1.5417901,0.0241726,0.92927,0.932781,2,-0.43202,2202.63123,2278.93039,76.29916,1.48194,-0.50285,0.65526,26.70331,0.65526,26.70331,50.87469,26.711345,26.7276268,0.52536192,80000.91,-4010.141,-0.91,84010.141,False,False,0.20356
237.26,TGO,THRUST,80000.633,88.4625657,88.4625657,1.5374343,0.024112,0.92906,0.871412,2,-0.41047,2207.65226,2278.93051,71.27825,1.38333,-0.47029,0.62871,24.94605,0.62871,24.94605,50.95469,24.9539755,24.9691861,0.49002721,80000.829,1114.675,-0.829,78885.325,False,False,0.18558
237.44,TGO,THRUST,80000.566,88.4666634,88.4666634,1.5333366,0.0240553,0.92884,0.814085,2,-0.3843,2212.34226,2278.93063,66.58837,1.29136,-0.4398,0.59803,23.30468,0.59803,23.30468,51.02953,23.3123512,23.3265611,0.45711883,80000.747,5949.595,-0.747,74050.405,False,False,0.16591
237.62,TGO,THRUST,80000.505,88.4705121,88.4705121,1.5294879,0.0240022,0.92862,0.760533,2,-0.35451,2216.7231,2278.93074,62.20764,1.20558,-0.41127,0.56383,21.77152,0.56383,21.77152,51.09955,21.7788174,21.7920925,0.42646353,80000.667,10508.263,-0.667,69491.737,False,False,0.14874
237.8,TGO,THRUST,80000.449,88.4741192,88.4741192,1.5258808,0.0239523,0.9284,0.710506,2,-0.32209,2220.81522,2278.93083,58.11561,1.12555,-0.38457,0.52677,20.33941,0.52677,20.33941,51.16503,20.3462324,20.3586344,0.39790133,80000.589,14804.026,-0.589,65195.974,False,False,0.14094
237.98,TGO,THRUST,80000.4,88.4774926,88.4774926,1.5225074,0.0239055,0.92819,0.663772,2,-0.28799,2224.63772,2278.93092,54.29321,1.05089,-0.35958,0.48756,19.00168,0.48756,19.00168,51.22628,19.0079346,19.0195208,0.37128442,80000.515,18849.886,-0.515,61150.114,False,False,-0.14991
238.16,TGO,THRUST,80000.356,88.4806404,88.4806404,1.5193596,0.0238616,0.92797,0.620113,2,-0.25311,2228.2084,2278.931,50.72261,0.98123,-0.3362,0.44692,17.75208,0.44692,17.75208,51.28357,17.7577078,17.7685319,0.34647614,80000.448,22658.476,-0.448,57341.524,False,False,-0.17768
238.34,TGO,THRUST,80000.319,88.4835722,88.4835722,1.5164278,0.0238203,0.92775,0.579327,2,-0.21826,2231.5439,2278.93107,47.38717,0.91623,-0.31432,0.40554,16.58479,0.40554,16.58479,51.33714,16.5897523,16.5998645,0.32335003,80000.387,26242.024,-0.387,53757.976,False,False,-0.22006
238.52,TGO,THRUST,80000.287,88.4862984,88.4862984,1.5137016,0.0237814,0.92753,0.541225,2,-0.18417,2234.65975,2278.93113,44.27138,0.85557,-0.29386,0.36409,15.49438,0.36409,15.49438,51.38723,15.4986543,15.5081014,0.30178899,80000.333,29612.339,-0.333,50387.661,False,False,-0.2714
238.7,TGO,THRUST,80000.261,88.4888307,88.4888307,1.5111693,0.0237448,0.9273,0.50563,2,-0.15151,2237.57047,2278.93118,41.36071,0.79896,-0.27471,0.32325,14.47575,0.32325,14.47575,51.43407,14.4793594,14.4881852,0.28168458,80000.288,32780.8,-0.288,47219.2,False,False,-0.32734
238.88,TGO,THRUST,80000.24,88.4911812,88.4911812,1.5088188,0.0237103,0.92708,0.472378,2,-0.12088,2240.28958,2278.93122,38.64163,0.74611,-0.25681,0.28362,13.52417,0.28362,13.52417,51.47787,13.5271474,13.5353928,0.26293614,80000.251,35758.341,-0.251,44241.659,False,False,-0.38442
239.06,TGO,THRUST,80000.224,88.4933624,88.4933624,1.5066376,0.0236778,0.92686,0.441315,2,-0.09274,2242.82975,2278.93125,36.1015,0.69679,-0.24006,0.24577,12.63522,0.24577,12.63522,51.51882,12.6376081,12.6453113,0.24545033,80000.222,38555.451,-0.222,41444.549,False,False,-0.4402
239.24,TGO,THRUST,80000.212,88.4953868,88.4953868,1.5046132,0.023647,0.92664,0.412296,2,-0.06749,2245.20278,2278.93127,33.72849,0.65075,-0.2244,0.2102,11.80475,0.2102,11.80475,51.5571,11.8066201,11.8138168,0.22914043,80000.201,41182.172,-0.201,38817.828,False,False,-0.49245
239.42,TGO,THRUST,80000.203,88.4972663,88.4972663,1.5027337,0.023618,0.92641,0.385188,2,-0.04536,2247.4197,2278.93129,31.51159,0.60777,-0.20975,0.17724,11.02891,0.17724,11.02891,51.59289,11.0303311,11.0370546,0.21392587,80000.186,43648.094,-0.186,36351.906,False,False,-0.53931
239.6,TGO,THRUST,80000.198,88.4990126,88.4990126,1.5009874,0.0235906,0.92619,0.359863,2,-0.02647,2249.4908,2278.9313,29.4405,0.56764,-0.19606,0.14721,10.30409,0.14721,10.30409,51.62635,10.3051397,10.3114211,0.19973174,80000.177,45962.37,-0.177,34037.63,False,False,-0.57892
239.78,TGO,THRUST,80000.187,88.5006368,88.5006368,1.4993632,0.0235646,0.92596,0.336207,2,-0.01089,2251.42571,2278.93132,27.5056,0.53017,-0.18325,0.12202,9.62693,0.12202,9.62693,51.65763,9.6276983,9.6335668,0.18648875,80000.168,48133.722,-0.168,31866.278,False,False,-0.59932
239.96,TGO,THRUST,80000.186,88.5021488,88.5021488,1.4978512,0.0235399,0.92574,0.314107,2,0.00139,2253.2334,2278.93133,25.69792,0.49519,-0.17128,0.1001,8.99428,0.1001,8.99428,51.68687,8.994835,9.0003178,0.17413162,80000.163,50170.439,-0.163,29829.561,False,False,-0.60799
240.14,TGO,THRUST,80000.187,88.5035575,88.5035575,1.4964425,0.0235166,0.92551,0.29346,2,0.01037,2254.92224,2278.93133,24.00909,0.46252,-0.16008,0.0799,8.40321,0.0799,8.40321,51.71419,8.4035947,8.4087171,0.16259979,80000.165,52080.397,-0.165,27919.603,False,False,-0.61548
240.32,TGO,THRUST,80000.188,88.504871,88.504871,1.495129,0.0234944,0.92529,0.274172,2,0.01621,2256.50006,2278.93132,22.43126,0.43202,-0.14961,0.06312,7.851,0.06312,7.851,51.73974,7.8512492,7.8560349,0.15183754,80000.168,53871.07,-0.168,26128.93,False,False,-0.61091
240.5,TGO,THRUST,80000.191,88.5060964,88.5060964,1.4939036,0.0234733,0.92506,0.256152,2,0.01923,2257.97417,2278.93132,20.95715,0.40354,-0.13982,0.04957,7.33507,0.04957,7.33507,51.76362,7.3352326,7.3397037,0.14179271,80000.172,55549.537,-0.172,24450.463,False,False,-0.59377
240.68,TGO,THRUST,80000.193,88.50724,88.50724,1.49276,0.0234532,0.92483,0.239317,2,0.01973,2259.3514,2278.93132,19.57992,0.37694,-0.13068,0.0391,6.85304,0.0391,6.85304,51.78593,6.8531481,6.8573254,0.13241676,80000.176,57122.502,-0.176,22877.498,False,False,-0.5638
240.86,TGO,THRUST,80000.195,88.5083076,88.5083076,1.4916924,0.0234341,0.92461,0.223589,2,0.01796,2260.63811,2278.93131,18.2932,0.35209,-0.12212,0.03154,6.40268,0.03154,6.40268,51.80679,6.4027585,6.4066613,0.12366451,80000.18,58596.31,-0.18,21403.69,False,False,-0.52093
241.04,TGO,THRUST,80000.196,88.5093042,88.5093042,1.4906958,0.0234159,0.92438,0.208895,2,0.01425,2261.84026,2278.93131,17.09105,0.32889,-0.11413,0.02665,5.98192,0.02665,5.98192,51.82629,5.981976,5.9856222,0.11549394,80000.182,59976.955,-0.182,20023.045,False,False,-0.46544
241.22,TGO,THRUST,80000.196,88.5102345,88.5102345,1.4897655,0.0233985,0.92415,0.195167,2,0.00894,2262.9634,2278.93131,15.96791,0.30723,-0.10665,0.02417,5.5888,0.02417,5.5888,51.8445,5.5888515,5.5922582,0.10786598,80000.184,61270.104,-0.184,18729.896,False,False,-0.39814
241.4,TGO,THRUST,80000.195,88.5111028,88.5111028,1.4888972,0.0233818,0.92392,0.182341,2,0.00238,2264.01272,2278.93131,14.91859,0.28699,-0.09967,0.02378,5.22151,0.02378,5.22151,51.86153,5.221567,5.2247498,0.10074422,80000.185,62481.103,-0.185,17518.897,False,False,-0.32017
241.58,TGO,THRUST,80000.194,88.5119129,88.5119129,1.4880871,0.0233659,0.92369,0.170358,2,-0.00508,2264.99309,2278.93131,13.93822,0.26809,-0.09314,0.02517,4.87836,0.02517,4.87836,51.87744,4.8784255,4.8813992,0.09409483,80000.185,63614.997,-0.185,16385.003,False,False,-0.23314
241.76,TGO,THRUST,80000.191,88.5126687,88.5126687,1.4873313,0.0233506,0.92346,0.159163,2,-0.01311,2265.90903,2278.93132,13.02229,0.25044,-0.08704,0.02799,4.55776,0.02799,4.55776,51.89232,4.5578435,4.5606218,0.08788626,80000.184,64676.543,-0.184,15323.457,False,False,-0.13951
241.94,TGO,THRUST,80000.186,88.5133736,88.5133736,1.4866264,0.023336,0.92323,0.148705,2,-0.02138,2266.76477,2278.93132,12.16655,0.23395,-0.08133,0.03191,4.25822,0.03191,4.25822,51.90621,4.2583421,4.2609377,0.08208916,80000.183,65670.226,-0.183,14329.774,False,False,-0.04677
242.12,TGO,THRUST,80000.181,88.5140311,88.5140311,1.4859689,0.0233219,0.923,0.138934,2,-0.02959,2267.56427,2278.93133,11.36706,0.21855,-0.076,0.0366,3.97837,0.0366,3.97837,51.9192,3.9785398,3.9809649,0.07667615,80000.181,66600.267,-0.181,13399.733,False,False,0.07326
242.3,TGO,THRUST,80000.174,88.5146442,88.5146442,1.4853558,0.0233084,0.92277,0.129806,2,-0.03747,2268.31124,2278.93134,10.6201,0.20416,-0.07102,0.04174,3.71691,0.04174,3.71691,51.93134,3.717145,3.7194108,0.07162169,80000.179,67470.645,-0.179,12529.355,False,False,0.17254
242.48,TGO,THRUST,80000.167,88.5152159,88.5152159,1.4847841,0.0232954,0.92254,0.121278,2,-0.0448,2269.00912,2278.93135,9.92223,0.19073,-0.06636,0.04705,3.47263,0.04705,3.47263,51.94268,3.4729502,3.4750671,0.06690196,80000.177,68285.1,-0.177,11714.9,False,False,0.27169
242.66,TGO,THRUST,80000.158,88.5157491,88.5157491,1.4842509,0.0232829,0.92231,0.113312,2,-0.05138,2269.66115,2278.93137,9.27022,0.17818,-0.06201,0.05225,3.2444,0.05225,3.2444,51.95328,3.2448252,3.2468031,0.06249467,80000.175,69047.151,-0.175,10952.849,False,False,0.36529
242.84,TGO,THRUST,80000.149,88.5162464,88.5162464,1.4837536,0.0232708,0.92207,0.10587,2,-0.05703,2270.27034,2278.93138,8.66104,0.16645,-0.05794,0.05709,3.03117,0.05709,3.03117,51.96319,3.0317124,3.0335603,0.05837903,80000.172,69760.105,-0.172,10239.895,False,False,0.44978
243.02,TGO,THRUST,80000.14,88.5167103,88.5167103,1.4832897,0.0232591,0.92184,0.098917,2,-0.06164,2270.8395,2278.9314,8.09189,0.1555,-0.05414,0.06137,2.83196,0.06137,2.83196,51.97244,2.8326212,2.8343478,0.05453559,80000.168,70427.071,-0.168,9572.929,False,False,0.52192
243.2,TGO,THRUST,80000.13,88.5171431,88.5171431,1.4828569,0.0232477,0.92161,0.092422,2,-0.06511,2271.37128,2278.93141,7.56013,0.14527,-0.05059,0.06493,2.64583,0.06493,2.64583,51.98109,2.6466244,2.6482377,0.05094617,80000.164,71050.965,-0.164,8949.035,False,False,0.57868
243.38,TGO,THRUST,80000.12,88.5175469,88.5175469,1.4824531,0.0232368,0.92137,0.086354,2,-0.06741,2271.86813,2278.93143,7.0633,0.13571,-0.04727,0.06762,2.47193,0.06762,2.47193,51.98917,2.4728547,2.474362,0.04759379,80000.158,71634.526,-0.158,8365.474,False,False,0.6172
243.56,TGO,THRUST,80000.11,88.5179237,88.5179237,1.4820763,0.0232261,0.92114,0.080684,2,-0.06851,2272.33233,2278.93144,6.59911,0.12678,-0.04417,0.06935,2.30946,0.06935,2.30946,51.99673,2.3105009,2.3119092,0.04446259,80000.151,72180.32,-0.151,7819.68,False,False,0.63536
243.74,TGO,THRUST,80000.1,88.5182754,88.5182754,1.4817246,0.0232158,0.92091,0.075387,2,-0.06845,2272.76604,2278.93146,6.16542,0.11844,-0.04127,0.07007,2.15767,0.07007,2.15767,52.00379,2.158805,2.1601209,0.04153776,80000.142,72690.755,-0.142,7309.245,False,False,0.6312
243.92,TGO,THRUST,80000.091,88.5186037,88.5186037,1.4813963,0.0232057,0.92067,0.070437,2,-0.06728,2273.17126,2278.93148,5.76022,0.11065,-0.03856,0.06979,2.01585,0.06979,2.01585,52.01038,2.0170602,2.0182897,0.03880552,80000.132,73168.087,-0.132,6831.913,False,False,0.60346
244.1,TGO,THRUST,80000.082,88.5189102,88.5189102,1.4810898,0.0231959,0.92044,0.065812,2,-0.0651,2273.54984,2278.93149,5.38165,0.10337,-0.03603,0.06851,1.88336,0.06851,1.88336,52.01654,1.8846072,1.885756,0.036253,80000.12,73614.43,-0.12,6385.57,False,False,0.55193
244.28,TGO,THRUST,80000.074,88.5191964,88.5191964,1.4808036,0.0231864,0.9202,0.06149,2,-0.06197,2273.90353,2278.93151,5.02797,0.09657,-0.03366,0.06629,1.75958,0.06629,1.75958,52.0223,1.7608317,1.761905,0.03386826,80000.107,74031.767,-0.107,5968.233,False,False,0.47758
244.48,FINE,THRUST,80000.065,88.5194636,88.5194636,1.4805364,0.0231771,0.91996,0.019729,2,-0.05804,2274.23397,2278.93152,4.69755,0.09022,-0.03145,0.04029,0.56351,0.04029,0.56351,52.02827,0.5649504,0.5652948,0.01086515,80000.093,74421.955,-0.093,5578.045,True,False,2.25807
244.64,FINE,THRUST,80000.059,88.519661,88.519661,1.480339,0.0231686,0.91973,0.018703,2,-0.05567,2274.47815,2278.93153,4.45339,0.08553,-0.02982,0.03833,0.53422,0.03833,0.53422,52.03056,0.5355933,0.5359198,0.0103001,80000.081,74710.456,-0.081,5289.544,True,False,2.11444
244.82,FINE,THRUST,80000.052,88.5197415,88.5197415,1.4802585,0.0231617,0.91949,0.018286,2,-0.05809,2274.57769,2278.93154,4.35386,0.08362,-0.02915,0.03809,0.52227,0.03809,0.52227,52.03219,0.5236561,0.5239753,0.01007021,80000.077,74828.083,-0.077,5171.917,True,False,1.92851
244.98,FINE,THRUST,80000.048,88.5198101,88.5198101,1.4801899,0.0231555,0.91928,0.017931,2,-0.06004,2274.66256,2278.93155,4.26899,0.08199,-0.02859,0.03787,0.51208,0.03787,0.51208,52.03359,0.5134762,0.5137892,0.00987418,80000.073,74928.405,-0.073,5071.595,True,False,1.71228
245.14,FINE,THRUST,80000.043,88.5198772,88.5198772,1.4801228,0.0231493,0.91907,0.017583,2,-0.06144,2274.74559,2278.93156,4.18597,0.08039,-0.02803,0.03757,0.50211,0.03757,0.50211,52.03496,0.503514,0.5038209,0.00968235,80000.067,75026.559,-0.067,4973.441,True,False,1.4621
245.3,FINE,THRUST,80000.039,88.5199429,88.5199429,1.4800571,0.0231432,0.91886,0.017242,2,-0.06222,2274.82699,2278.93157,4.10458,0.07883,-0.02749,0.03718,0.49234,0.03718,0.49234,52.03631,0.4937432,0.4940442,0.00949422,80000.061,75122.796,-0.061,4877.204,True,False,1.19357
245.48,FINE,THRUST,80000.033,88.5200151,88.5200151,1.4799849,0.0231363,0.91862,0.016866,2,-0.06239,2274.9166,2278.93158,4.01498,0.07711,-0.02689,0.03664,0.48159,0.03664,0.48159,52.0378,0.4829802,0.4832746,0.00928699,80000.051,75228.769,-0.051,4771.231,True,False,0.88707
245.64,FINE,THRUST,80000.028,88.5200781,88.5200781,1.4799219,0.0231302,0.91841,0.016538,2,-0.06194,2274.99476,2278.93159,3.93683,0.0756,-0.02636,0.03607,0.47221,0.03607,0.47221,52.03909,0.4735879,0.4738766,0.00910617,80000.042,75321.215,-0.042,4678.785,True,False,0.62354
245.8,FINE,THRUST,80000.023,88.5201396,88.5201396,1.4798604,0.0231241,0.9182,0.016217,2,-0.06102,2275.07123,2278.93159,3.86037,0.07414,-0.02585,0.03545,0.46304,0.03545,0.46304,52.04036,0.4643947,0.4646777,0.00892918,80000.031,75411.679,-0.031,4588.321,True,False,0.37826
245.96,FINE,THRUST,80000.018,88.5201999,88.5201999,1.4798001,0.023118,0.91799,0.015902,2,-0.05969,2275.14618,2278.9316,3.78542,0.0727,-0.02535,0.03477,0.45405,0.03477,0.45405,52.0416,0.4553802,0.4556578,0.00875565,80000.02,75500.365,-0.02,4499.635,True,False,0.15781
246.14,FINE,THRUST,80000.011,88.5202663,88.5202663,1.4797337,0.0231111,0.91775,0.015556,2,-0.05782,2275.2287,2278.93161,3.70292,0.07111,-0.0248,0.03396,0.44416,0.03396,0.44416,52.04297,0.4454525,0.445724,0.00856454,80000.007,75598.022,-0.007,4401.978,True,False,-0.05682
246.3,FINE,THRUST,80000.005,88.5203241,88.5203241,1.4796759,0.023105,0.91753,0.015253,2,-0.0559,2275.30067,2278.93162,3.63095,0.06973,-0.02432,0.0332,0.43553,0.0332,0.43553,52.04416,0.4367907,0.437057,0.00839781,79999.994,75683.219,0.006,4316.781,True,False,-0.21265
246.46,FINE,THRUST,79999.998,88.5203808,88.5203808,1.4796192,0.0230989,0.91732,0.014957,2,-0.05382,2275.37111,2278.93163,3.56053,0.06837,-0.02385,0.03244,0.42708,0.03244,0.42708,52.04533,0.4283135,0.4285746,0.00823464,79999.982,75766.601,0.018,4233.399,True,False,-0.33702
246.62,FINE,THRUST,79999.992,88.5204362,88.5204362,1.4795638,0.0230929,0.91711,0.014667,2,-0.05165,2275.44016,2278.93165,3.49149,0.06705,-0.02338,0.03167,0.41881,0.03167,0.41881,52.04647,0.4200016,0.4202576,0.00807466,79999.97,75848.361,0.03,4151.639,True,False,-0.43054
246.8,FINE,THRUST,79999.984,88.5204974,88.5204974,1.4795026,0.023086,0.91687,0.014347,2,-0.04916,2275.5162,2278.93166,3.41546,0.06559,-0.02288,0.03082,0.40969,0.03082,0.40969,52.04774,0.4108478,0.4110982,0.00789848,79999.957,75938.414,0.043,4061.586,True,False,-0.50134
246.96,FINE,THRUST,79999.977,88.5205507,88.5205507,1.4794493,0.02308,0.91665,0.014068,2,-0.04694,2275.58255,2278.93167,3.34912,0.06431,-0.02243,0.03006,0.40174,0.03006,0.40174,52.04884,0.4028611,0.4031066,0.00774478,79999.946,76016.996,0.054,3983.004,True,False,-0.5373
247.12,FINE,THRUST,79999.969,88.520603,88.520603,1.479397,0.0230739,0.91644,0.013795,2,-0.04478,2275.64748,2278.93168,3.2842,0.06306,-0.022,0.02933,0.39395,0.02933,0.39395,52.04992,0.3950442,0.395285,0.00759434,79999.935,76093.922,0.065,3906.078,True,False,-0.55086
247.28,FINE,THRUST,79999.962,88.5206542,88.5206542,1.4793458,0.0230679,0.91623,0.013528,2,-0.0427,2275.71116,2278.93169,3.22053,0.06184,-0.02157,0.02862,0.38632,0.02862,0.38632,52.05097,0.3873794,0.3876155,0.00744685,79999.924,76169.367,0.076,3830.633,True,False,-0.54593
247.46,FINE,THRUST,79999.954,88.5207107,88.5207107,1.4792893,0.0230611,0.91598,0.013233,2,-0.04048,2275.7813,2278.93171,3.15041,0.06049,-0.0211,0.02784,0.37791,0.02784,0.37791,52.05214,0.3789377,0.3791686,0.0072844,79999.914,76252.48,0.086,3747.52,True,False,-0.52304
247.62,FINE,THRUST,79999.947,88.5207599,88.5207599,1.4792401,0.0230551,0.91577,0.012976,2,-0.03861,2275.8425,2278.93172,3.08921,0.05932,-0.02069,0.02718,0.37058,0.02718,0.37058,52.05315,0.3715719,0.3717984,0.00714267,79999.905,76325.017,0.095,3674.983,True,False,-0.4917
247.78,FINE,THRUST,79999.941,88.5208082,88.5208082,1.4791918,0.023049,0.91555,0.012724,2,-0.03687,2275.90242,2278.93173,3.02931,0.05817,-0.02029,0.02654,0.36339,0.02654,0.36339,52.05414,0.3643624,0.3645845,0.00700395,79999.896,76396.031,0.104,3603.969,True,False,-0.45306
247.94,FINE,THRUST,79999.934,88.5208555,88.5208555,1.4791445,0.023043,0.91534,0.012477,2,-0.03524,2275.96117,2278.93174,2.97057,0.05704,-0.0199,0.02593,0.35635,0.02593,0.35635,52.05512,0.3572929,0.3575107,0.00686792,79999.888,76465.683,0.112,3534.317,True,False,-0.41036
248.12,FINE,THRUST,79999.927,88.5209076,88.5209076,1.4790924,0.0230363,0.9151,0.012205,2,-0.03354,2276.02589,2278.93175,2.90587,0.0558,-0.01946,0.02527,0.34859,0.02527,0.34859,52.0562,0.3495066,0.3497196,0.00671812,79999.88,76542.415,0.12,3457.585,True,False,-0.36087
248.28,FINE,THRUST,79999.921,88.5209531,88.5209531,1.4790469,0.0230302,0.91488,0.011968,2,-0.03214,2276.08236,2278.93176,2.8494,0.05471,-0.01909,0.02471,0.34182,0.02471,0.34182,52.05713,0.3427125,0.3429214,0.00658741,79999.873,76609.383,0.127,3390.617,True,False,-0.31833
248.44,FINE,THRUST,79999.915,88.5209976,88.5209976,1.4790024,0.0230242,0.91466,0.011736,2,-0.03083,2276.13765,2278.93177,2.79413,0.05365,-0.01872,0.02417,0.33519,0.02417,0.33519,52.05805,0.3360626,0.3362674,0.00645947,79999.866,76674.944,0.134,3325.056,True,False,-0.27847
248.6,FINE,THRUST,79999.91,88.5210413,88.5210413,1.4789587,0.0230182,0.91445,0.011508,2,-0.02961,2276.19186,2278.93178,2.73993,0.05261,-0.01835,0.02365,0.32869,0.02365,0.32869,52.05895,0.3295417,0.3297425,0.00633402,79999.86,76739.244,0.14,3260.756,True,False,-0.24271
248.78,FINE,THRUST,79999.904,88.5210895,88.5210895,1.4789105,0.0230115,0.9142,0.011257,2,-0.02833,2276.25157,2278.93179,2.68022,0.05146,-0.01795,0.02308,0.32153,0.02308,0.32153,52.05994,0.3223596,0.3225561,0.00619586,79999.853,76810.077,0.147,3189.923,True,False,-0.20842
248.94,FINE,THRUST,79999.899,88.5211315,88.5211315,1.4788685,0.0230055,0.91399,0.011038,2,-0.02725,2276.30367,2278.9318,2.62813,0.05046,-0.01761,0.02259,0.31528,0.02259,0.31528,52.0608,0.3160928,0.3162854,0.00607531,79999.847,76871.892,0.153,3128.108,True,False,-0.18405
249.1,FINE,THRUST,79999.894,88.5211726,88.5211726,1.4788274,0.0229995,0.91377,0.010824,2,-0.02623,2276.35467,2278.93181,2.57714,0.04948,-0.01726,0.02212,0.30917,0.02212,0.30917,52.06165,0.3099589,0.3101478,0.00595732,79999.842,76932.406,0.158,3067.594,True,False,-0.16508
249.26,FINE,THRUST,79999.89,88.521213,88.521213,1.478787,0.0229935,0.91355,0.010614,2,-0.02526,2276.40468,2278.93182,2.52713,0.04852,-0.01693,0.02166,0.30317,0.02166,0.30317,52.06248,0.303944,0.3041293,0.00584162,79999.837,76991.751,0.163,3008.249,True,False,-0.1516
249.44,FINE,THRUST,79999.885,88.5212574,88.5212574,1.4787426,0.0229868,0.9133,0.010383,2,-0.0242,2276.45977,2278.93183,2.47206,0.04746,-0.01656,0.02115,0.29657,0.02115,0.29657,52.06339,0.2973194,0.2975006,0.0057142,79999.831,77057.122,0.169,2942.878,True,False,-0.14257
249.6,FINE,THRUST,79999.882,88.5212962,88.5212962,1.4787038,0.0229808,0.91309,0.010181,2,-0.02328,2276.50783,2278.93183,2.42401,0.04654,-0.01624,0.02071,0.2908,0.02071,0.2908,52.06419,0.291539,0.2917167,0.00560302,79999.826,77114.168,0.174,2885.832,True,False,-0.13973
249.76,FINE,THRUST,79999.878,88.5213342,88.5213342,1.4786658,0.0229748,0.91287,0.009983,2,-0.0224,2276.55487,2278.93184,2.37697,0.04564,-0.01592,0.02027,0.28516,0.02027,0.28516,52.06497,0.2858813,0.2860555,0.0054942,79999.822,77170.01,0.178,2829.99,True,False,-0.14059
249.92,FINE,THRUST,79999.875,88.5213714,88.5213714,1.4786286,0.0229689,0.91265,0.009789,2,-0.02153,2276.601,2278.93184,2.33085,0.04475,-0.01562,0.01985,0.27963,0.01985,0.27963,52.06574,0.2803334,0.2805043,0.0053875,79999.817,77224.771,0.183,2775.229,True,False,-0.14462
250.1,FINE,THRUST,79999.871,88.5214125,88.5214125,1.4785875,0.0229622,0.9124,0.009576,2,-0.02057,2276.6518,2278.93185,2.28005,0.04378,-0.01527,0.01938,0.27354,0.01938,0.27354,52.06658,0.2742231,0.2743903,0.00526999,79999.813,77285.091,0.187,2714.909,True,False,-0.15195
250.26,FINE,THRUST,79999.868,88.5214484,88.5214484,1.4785516,0.0229562,0.91218,0.00939,2,-0.01972,2276.69612,2278.93186,2.23573,0.04292,-0.01498,0.01897,0.26822,0.01897,0.26822,52.06731,0.2688916,0.2690555,0.00516746,79999.809,77337.726,0.191,2662.274,True,False,-0.16047
250.42,FINE,THRUST,79999.865,88.5214835,88.5214835,1.4785165,0.0229502,0.91196,0.009208,2,-0.01889,2276.73951,2278.93186,2.19235,0.04209,-0.01469,0.01856,0.26302,0.01856,0.26302,52.06803,0.2636733,0.263834,0.0050671,79999.805,77389.249,0.195,2610.751,True,False,-0.16959
250.58,FINE,THRUST,79999.862,88.5215179,88.5215179,1.4784821,0.0229443,0.91174,0.009029,2,-0.01807,2276.78205,2278.93187,2.14982,0.04127,-0.0144,0.01817,0.25792,0.01817,0.25792,52.06874,0.2585563,0.2587139,0.0049687,79999.801,77439.775,0.199,2560.225,True,False,-0.17906
250.76,FINE,THRUST,79999.859,88.5215558,88.5215558,1.4784442,0.0229375,0.9115,0.008832,2,-0.01717,2276.8289,2278.93187,2.10297,0.04037,-0.01409,0.01773,0.2523,0.01773,0.2523,52.06951,0.2529207,0.2530748,0.00486033,79999.797,77495.428,0.203,2504.572,True,False,-0.18935
250.92,FINE,THRUST,79999.856,88.5215889,88.5215889,1.4784111,0.0229316,0.91128,0.00866,2,-0.01637,2276.86979,2278.93188,2.06209,0.03959,-0.01382,0.01734,0.2474,0.01734,0.2474,52.07019,0.2480033,0.2481545,0.00476577,79999.793,77543.991,0.207,2456.009,True,False,-0.19816
251.08,FINE,THRUST,79999.854,88.5216213,88.5216213,1.4783787,0.0229256,0.91105,0.008492,2,-0.01559,2276.9098,2278.93188,2.02208,0.03882,-0.01355,0.01697,0.2426,0.01697,0.2426,52.07085,0.2431903,0.2433386,0.00467322,79999.79,77591.528,0.21,2408.472,True,False,-0.20587
251.24,FINE,THRUST,79999.852,88.5216531,88.5216531,1.4783469,0.0229197,0.91083,0.008328,2,-0.01483,2276.94903,2278.93188,1.98285,0.03807,-0.01328,0.0166,0.23789,0.0166,0.23789,52.0715,0.2384709,0.2386163,0.00458247,79999.787,77638.145,0.213,2361.855,True,False,-0.21249
251.42,FINE,THRUST,79999.849,88.521688,88.521688,1.478312,0.022913,0.91058,0.008146,2,-0.01399,2276.99224,2278.93189,1.93964,0.03724,-0.013,0.01619,0.23271,0.01619,0.23271,52.07222,0.233273,0.2334152,0.00448253,79999.784,77689.492,0.216,2310.508,True,False,-0.2184
251.58,FINE,THRUST,79999.847,88.5217185,88.5217185,1.4782815,0.022907,0.91036,0.007988,2,-0.01325,2277.02995,2278.93189,1.90194,0.03651,-0.01274,0.01584,0.22819,0.01584,0.22819,52.07285,0.2287377,0.2288771,0.00439533,79999.781,77734.299,0.219,2265.701,True,False,-0.22249
251.74,FINE,THRUST,79999.845,88.5217483,88.5217483,1.4782517,0.0229011,0.91014,0.007833,2,-0.01254,2277.06685,2278.9319,1.86504,0.03581,-0.0125,0.01549,0.22376,0.01549,0.22376,52.07346,0.2242986,0.2244353,0.00430998,79999.778,77778.158,0.222,2221.842,True,False,-0.22511
251.9,FINE,THRUST,79999.843,88.5217776,88.5217776,1.4782224,0.0228951,0.90992,0.007681,2,-0.01185,2277.10304,2278.9319,1.82886,0.03511,-0.01225,0.01515,0.21942,0.01515,0.21942,52.07406,0.2199458,0.2200799,0.00422629,79999.776,77821.169,0.224,2178.831,True,False,-0.22635
252.08,FINE,THRUST,79999.84,88.5218098,88.5218098,1.4781902,0.0228884,0.90967,0.007513,2,-0.0111,2277.1429,2278.9319,1.78901,0.03435,-0.01199,0.01478,0.21464,0.01478,0.21464,52.07472,0.2151518,0.2152829,0.00413412,79999.773,77868.544,0.227,2131.456,True,False,-0.22631
252.24,FINE,THRUST,79999.839,88.5218379,88.5218379,1.4781621,0.0228825,0.90945,0.007367,2,-0.01044,2277.17767,2278.93191,1.75424,0.03368,-0.01175,0.01445,0.21047,0.01445,0.21047,52.0753,0.2109687,0.2110973,0.00405369,79999.771,77909.885,0.229,2090.115,True,False,-0.22544
252.4,FINE,THRUST,79999.837,88.5218653,88.5218653,1.4781347,0.0228765,0.90922,0.007224,2,-0.00981,2277.21171,2278.93191,1.7202,0.03302,-0.01153,0.01413,0.20639,0.01413,0.20639,52.07586,0.2068745,0.2070006,0.00397498,79999.769,77950.352,0.231,2049.648,True,False,-0.22349
252.56,FINE,THRUST,79999.835,88.5218923,88.5218923,1.4781077,0.0228706,0.909,0.007084,2,-0.0092,2277.24509,2278.93191,1.68683,0.03238,-0.0113,0.01382,0.20239,0.01382,0.20239,52.07642,0.2028598,0.2029835,0.0038978,79999.767,77990.036,0.233,2009.964,True,False,-0.22081
252.74,FINE,THRUST,79999.833,88.5219219,88.5219219,1.4780781,0.0228639,0.90875,0.00693,2,-0.00853,2277.28185,2278.93192,1.65007,0.03168,-0.01106,0.01348,0.19798,0.01348,0.19798,52.07703,0.1984381,0.1985591,0.0038128,79999.765,78033.747,0.235,1966.253,True,False,-0.21709
252.9,FINE,THRUST,79999.832,88.5219478,88.5219478,1.4780522,0.0228579,0.90853,0.006795,2,-0.00796,2277.31392,2278.93192,1.618,0.03106,-0.01084,0.01318,0.19413,0.01318,0.19413,52.07756,0.19458,0.1946986,0.00373863,79999.763,78071.89,0.237,1928.11,True,False,-0.21369
253.06,FINE,THRUST,79999.831,88.5219731,88.5219731,1.4780269,0.022852,0.9083,0.006663,2,-0.00741,2277.34532,2278.93192,1.5866,0.03046,-0.01063,0.0129,0.19037,0.0129,0.19037,52.07808,0.1908038,0.1909201,0.00366604,79999.762,78109.227,0.238,1890.773,True,False,-0.20981
253.22,FINE,THRUST,79999.829,88.5219979,88.5219979,1.4780021,0.022846,0.90808,0.006534,2,-0.00688,2277.3761,2278.93192,1.55582,0.02987,-0.01042,0.01261,0.18668,0.01261,0.18668,52.07859,0.187101,0.187215,0.00359486,79999.76,78145.842,0.24,1854.158,True,False,-0.20581
253.4,FINE,THRUST,79999.828,88.5220252,88.5220252,1.4779748,0.0228393,0.90782,0.006391,2,-0.00631,2277.41001,2278.93193,1.52192,0.02922,-0.0102,0.0123,0.18261,0.0123,0.18261,52.07915,0.1830227,0.1831343,0.00351646,79999.759,78186.171,0.241,1813.829,True,False,-0.20119
253.56,FINE,THRUST,79999.827,88.522049,88.522049,1.477951,0.0228334,0.9076,0.006267,2,-0.00581,2277.43959,2278.93193,1.49233,0.02865,-0.01,0.01203,0.17906,0.01203,0.17906,52.07964,0.1794643,0.1795737,0.00344806,79999.758,78221.363,0.242,1778.637,True,False,-0.19746
253.72,FINE,THRUST,79999.826,88.5220723,88.5220723,1.4779277,0.0228274,0.90737,0.006145,2,-0.00533,2277.46855,2278.93193,1.46338,0.02809,-0.00981,0.01177,0.17559,0.01177,0.17559,52.08012,0.1759813,0.1760886,0.00338111,79999.757,78255.811,0.243,1744.189,True,False,-0.19368
253.88,FINE,THRUST,79999.825,88.5220952,88.5220952,1.4779048,0.0228215,0.90715,0.006026,2,-0.00487,2277.49695,2278.93193,1.43498,0.02755,-0.00962,0.01151,0.17218,0.01151,0.17218,52.0806,0.1725661,0.1726713,0.00331546,79999.756,78289.593,0.244,1710.407,True,False,-0.19005
254.06,FINE,THRUST,79999.824,88.5221203,88.5221203,1.4778797,0.0228148,0.9069,0.005895,2,-0.00437,2277.52822,2278.93193,1.40371,0.02695,-0.00941,0.01123,0.16843,0.01123,0.16843,52.08111,0.1688046,0.1689075,0.00324316,79999.755,78326.801,0.245,1673.199,True,False,-0.18619
254.22,FINE,THRUST,79999.823,88.5221422,88.5221422,1.4778578,0.0228088,0.90667,0.00578,2,-0.00394,2277.55551,2278.93193,1.37642,0.02642,-0.00922,0.01098,0.16516,0.01098,0.16516,52.08157,0.1655225,0.1656234,0.00318008,79999.754,78359.27,0.246,1640.73,True,False,-0.18327
254.38,FINE,THRUST,79999.822,88.5221637,88.5221637,1.4778363,0.0228028,0.90644,0.005668,2,-0.00353,2277.58222,2278.93194,1.34972,0.02591,-0.00904,0.01074,0.16195,0.01074,0.16195,52.08201,0.1623101,0.162409,0.00311833,79999.753,78391.052,0.247,1608.948,True,False,-0.1804
254.54,FINE,THRUST,79999.821,88.5221847,88.5221847,1.4778153,0.0227969,0.90622,0.005558,2,-0.00313,2277.60841,2278.93194,1.32353,0.02541,-0.00887,0.01051,0.15881,0.01051,0.15881,52.08244,0.1591601,0.1592571,0.00305779,79999.752,78422.218,0.248,1577.782,True,False,-0.17775
254.72,FINE,THRUST,79999.821,88.5222079,88.5222079,1.4777921,0.0227902,0.90596,0.005437,2,-0.00269,2277.63726,2278.93194,1.29468,0.02485,-0.00868,0.01025,0.15535,0.01025,0.15535,52.08292,0.1556908,0.1557857,0.00299111,79999.752,78456.546,0.248,1543.454,True,False,-0.175
254.88,FINE,THRUST,79999.82,88.5222281,88.5222281,1.4777719,0.0227842,0.90573,0.005331,2,-0.00232,2277.66242,2278.93194,1.26951,0.02437,-0.00851,0.01003,0.15233,0.01003,0.15233,52.08334,0.1526636,0.1527567,0.00293293,79999.751,78486.501,0.249,1513.499,True,False,-0.17306
255.04,FINE,THRUST,79999.82,88.5222479,88.5222479,1.4777521,0.0227783,0.90551,0.005228,2,-0.00196,2277.68706,2278.93194,1.24488,0.0239,-0.00834,0.00981,0.14938,0.00981,0.14938,52.08375,0.1497007,0.1497919,0.00287598,79999.751,78515.822,0.249,1484.178,True,False,-0.17107
255.2,FINE,THRUST,79999.819,88.5222673,88.5222673,1.4777327,0.0227723,0.90528,0.005126,2,-0.00161,2277.71122,2278.93194,1.22073,0.02343,-0.00818,0.00959,0.14648,0.00959,0.14648,52.08415,0.1467954,0.1468848,0.00282014,79999.751,78544.575,0.249,1455.425,True,False,-0.16916
255.38,FINE,THRUST,79999.819,88.5222886,88.5222886,1.4777114,0.0227656,0.90502,0.005014,2,-0.00123,2277.73782,2278.93194,1.19412,0.02292,-0.008,0.00936,0.14329,0.00936,0.14329,52.08459,0.1435955,0.143683,0.00275865,79999.75,78576.245,0.25,1423.755,True,False,-0.16702
255.54,FINE,THRUST,79999.819,88.5223072,88.5223072,1.4776928,0.0227596,0.9048,0.004917,2,-0.0009,2277.76104,2278.93194,1.17091,0.02248,-0.00785,0.00915,0.14051,0.00915,0.14051,52.08498,0.1408034,0.1408893,0.00270499,79999.75,78603.88,0.25,1396.12,True,False,-0.16546
255.7,FINE,THRUST,79999.818,88.5223254,88.5223254,1.4776746,0.0227536,0.90457,0.004822,2,-0.00059,2277.78376,2278.93194,1.14819,0.02204,-0.00769,0.00895,0.13778,0.00895,0.13778,52.08535,0.1380707,0.1381548,0.00265247,79999.75,78630.931,0.25,1369.069,True,False,-0.16373
255.86,FINE,THRUST,79999.815,88.5223432,88.5223432,1.4776568,0.0227477,0.90434,0.004728,2,-0.00028,2277.80604,2278.93194,1.12591,0.02161,-0.00754,0.00875,0.13511,0.00875,0.13511,52.08572,0.135391,0.1354735,0.00260097,79999.75,78657.457,0.25,1342.543,True,False,-0.16196
256.04,FINE,THRUST,79999.809,88.5223631,88.5223631,1.4776369,0.0227409,0.90408,0.004625,2,4E-05,2277.83061,2278.93196,1.10135,0.02114,-0.00738,0.0086,0.13216,0.0086,0.13216,52.08613,0.1324417,0.1325224,0.00254429,79999.741,78686.682,0.259,1313.318,True,False,-0.13455
256.2,FINE,THRUST,79999.809,88.5223802,88.5223802,1.4776198,0.022735,0.90385,0.004535,2,0.00033,2277.85202,2278.93196,1.07994,0.02073,-0.00724,0.00841,0.12959,0.00841,0.12959,52.08649,0.1298665,0.1299457,0.00249481,79999.741,78712.177,0.259,1287.823,True,False,-0.13296
256.36,FINE,THRUST,79999.809,88.522397,88.522397,1.477603,0.022729,0.90362,0.004447,2,0.0006,2277.87298,2278.93196,1.05898,0.02033,-0.0071,0.00823,0.12708,0.00823,0.12708,52.08683,0.1273459,0.1274236,0.00244637,79999.741,78737.132,0.259,1262.868,True,False,-0.13202
256.52,FINE,THRUST,79999.809,88.5224134,88.5224134,1.4775866,0.022723,0.90339,0.004361,2,0.00086,2277.89353,2278.93196,1.03843,0.01993,-0.00696,0.00805,0.12461,0.00805,0.12461,52.08717,0.1248744,0.1249505,0.00239887,79999.741,78761.604,0.259,1238.396,True,False,-0.13184
256.7,FINE,THRUST,79999.809,88.5224315,88.5224315,1.4775685,0.0227163,0.90313,0.004266,2,0.00115,2277.91616,2278.93196,1.0158,0.0195,-0.00681,0.00785,0.1219,0.00785,0.1219,52.08755,0.1221522,0.1222267,0.00234656,79999.741,78788.558,0.259,1211.442,True,False,-0.13241
256.86,FINE,THRUST,79999.809,88.5224473,88.5224473,1.4775527,0.0227103,0.9029,0.004183,2,0.00139,2277.93591,2278.93196,0.99605,0.01912,-0.00667,0.00768,0.11953,0.00768,0.11953,52.08788,0.119777,0.11985,0.00230092,79999.741,78812.077,0.259,1187.923,True,False,-0.13361
257.02,FINE,THRUST,79999.809,88.5224628,88.5224628,1.4775372,0.0227043,0.90267,0.004102,2,0.00163,2277.95524,2278.93196,0.97672,0.01875,-0.00655,0.00751,0.11721,0.00751,0.11721,52.0882,0.1174522,0.1175238,0.00225625,79999.742,78835.099,0.258,1164.901,True,False,-0.13484
257.18,FINE,THRUST,79999.809,88.5224779,88.5224779,1.4775221,0.0226983,0.90244,0.004022,2,0.00186,2277.97419,2278.93196,0.95777,0.01838,-0.00642,0.00734,0.11494,0.00734,0.11494,52.08851,0.1151726,0.1152428,0.00221244,79999.742,78857.674,0.258,1142.326,True,False,-0.13607
257.36,FINE,THRUST,79999.809,88.5224946,88.5224946,1.4775054,0.0226915,0.90218,0.003934,2,0.00211,2277.99507,2278.93196,0.93689,0.01798,-0.00628,0.00716,0.11243,0.00716,0.11243,52.08886,0.1126619,0.1127306,0.0021642,79999.743,78882.538,0.257,1117.462,True,False,-0.13723
257.52,FINE,THRUST,79999.809,88.5225091,88.5225091,1.4774909,0.0226855,0.90195,0.003858,2,0.00233,2278.01328,2278.93196,0.91868,0.01763,-0.00616,0.007,0.11025,0.007,0.11025,52.08916,0.1104712,0.1105386,0.0021221,79999.743,78904.235,0.257,1095.765,True,False,-0.13833
257.68,FINE,THRUST,79999.81,88.5225233,88.5225233,1.4774767,0.0226795,0.90172,0.003783,2,0.00254,2278.03111,2278.93196,0.90085,0.01729,-0.00604,0.00685,0.10811,0.00685,0.10811,52.08946,0.1083271,0.1083931,0.0020809,79999.744,78925.472,0.256,1074.528,True,False,-0.13895
257.84,FINE,THRUST,79999.81,88.5225373,88.5225373,1.4774627,0.0226735,0.90149,0.003709,2,0.00275,2278.04859,2278.93196,0.88337,0.01696,-0.00592,0.0067,0.10601,0.0067,0.10601,52.08974,0.1062245,0.1062893,0.0020405,79999.744,78946.297,0.256,1053.703,True,False,-0.13923
258.02,FINE,THRUST,79999.81,88.5225526,88.5225526,1.4774474,0.0226668,0.90123,0.003629,2,0.00297,2278.06784,2278.93196,0.86411,0.01659,-0.00579,0.00653,0.1037,0.00653,0.1037,52.09006,0.1039089,0.1039722,0.00199601,79999.745,78969.234,0.255,1030.766,True,False,-0.13905
258.18,FINE,THRUST,79999.811,88.522566,88.522566,1.477434,0.0226608,0.90099,0.003558,2,0.00316,2278.08464,2278.93196,0.84731,0.01626,-0.00568,0.00639,0.10169,0.00639,0.10169,52.09034,0.1018884,0.1019505,0.00195719,79999.745,78989.249,0.255,1010.751,True,False,-0.13872
258.34,FINE,THRUST,79999.811,88.5225791,88.5225791,1.4774209,0.0226548,0.90076,0.003489,2,0.00334,2278.10109,2278.93196,0.83087,0.01595,-0.00557,0.00624,0.09972,0.00624,0.09972,52.09062,0.0999108,0.0999717,0.00191919,79999.746,79008.839,0.254,991.161,True,False,-0.13781
258.5,FINE,THRUST,79999.811,88.5225919,88.5225919,1.4774081,0.0226487,0.90053,0.003421,2,0.00352,2278.11721,2278.93195,0.81474,0.01564,-0.00546,0.00611,0.09778,0.00611,0.09778,52.09088,0.0979716,0.0980314,0.00188193,79999.747,79028.05,0.253,971.95,True,False,-0.13652
258.68,FINE,THRUST,79999.812,88.5226061,88.5226061,1.4773939,0.022642,0.90027,0.003347,2,0.00371,2278.13497,2278.93195,0.79699,0.0153,-0.00534,0.00595,0.09565,0.00595,0.09565,52.09118,0.0958359,0.0958943,0.00184089,79999.748,79049.209,0.252,950.791,True,False,-0.13469
258.84,FINE,THRUST,79999.812,88.5226184,88.5226184,1.4773816,0.0226359,0.90003,0.003282,2,0.00387,2278.15046,2278.93195,0.78149,0.015,-0.00524,0.00582,0.09379,0.00582,0.09379,52.09143,0.0939724,0.0940297,0.00180509,79999.748,79067.672,0.252,932.328,True,False,-0.13304
259,FINE,THRUST,79999.813,88.5226305,88.5226305,1.4773695,0.0226299,0.8998,0.003218,2,0.00403,2278.16563,2278.93195,0.76632,0.01471,-0.00514,0.00569,0.09197,0.00569,0.09197,52.09169,0.0921484,0.0922046,0.00177004,79999.749,79085.745,0.251,914.255,True,False,-0.13101
259.16,FINE,THRUST,79999.813,88.5226423,88.5226423,1.4773577,0.0226239,0.89956,0.003155,2,0.00418,2278.1805,2278.93195,0.75145,0.01442,-0.00504,0.00557,0.09019,0.00557,0.09019,52.09194,0.0903599,0.090415,0.00173568,79999.75,79103.466,0.25,896.534,True,False,-0.12881
259.34,FINE,THRUST,79999.814,88.5226553,88.5226553,1.4773447,0.0226171,0.8993,0.003087,2,0.00434,2278.19688,2278.93195,0.73507,0.01411,-0.00493,0.00543,0.08822,0.00543,0.08822,52.09221,0.08839,0.0884439,0.00169783,79999.751,79122.985,0.249,877.015,True,False,-0.12623
259.5,FINE,THRUST,79999.814,88.5226667,88.5226667,1.4773333,0.022611,0.89907,0.003027,2,0.00447,2278.21117,2278.93195,0.72078,0.01384,-0.00483,0.00531,0.08651,0.00531,0.08651,52.09244,0.0866713,0.0867241,0.00166481,79999.752,79140.017,0.248,859.983,True,False,-0.12422
259.66,FINE,THRUST,79999.815,88.5226778,88.5226778,1.4773222,0.022605,0.89883,0.002968,2,0.0046,2278.22516,2278.93195,0.70679,0.01357,-0.00474,0.00519,0.08483,0.00519,0.08483,52.09268,0.084989,0.0850408,0.00163249,79999.753,79156.688,0.247,843.312,True,False,-0.12209
259.82,FINE,THRUST,79999.815,88.5226887,88.5226887,1.4773113,0.0225989,0.8986,0.00291,2,0.00473,2278.23887,2278.93195,0.69308,0.0133,-0.00464,0.00507,0.08318,0.00507,0.08318,52.0929,0.0833394,0.0833902,0.0016008,79999.754,79173.035,0.246,826.965,True,False,-0.11997
260,FINE,THRUST,79999.816,88.5227007,88.5227007,1.4772993,0.0225921,0.89833,0.002847,2,0.00486,2278.25398,2278.93195,0.67797,0.01301,-0.00454,0.00495,0.08137,0.00495,0.08137,52.09315,0.0815226,0.0815723,0.00156589,79999.755,79191.041,0.245,808.959,True,False,-0.11764
260.16,FINE,THRUST,79999.817,88.5227112,88.5227112,1.4772888,0.0225861,0.8981,0.002791,2,0.00498,2278.26716,2278.93195,0.66479,0.01276,-0.00446,0.00484,0.07979,0.00484,0.07979,52.09337,0.0799374,0.0799861,0.00153544,79999.756,79206.752,0.244,793.248,True,False,-0.11592
260.32,FINE,THRUST,79999.817,88.5227214,88.5227214,1.4772786,0.02258,0.89786,0.002737,2,0.00509,2278.28006,2278.93195,0.65188,0.01251,-0.00437,0.00473,0.07824,0.00473,0.07824,52.09359,0.0783858,0.0784336,0.00150563,79999.757,79222.13,0.243,777.87,True,False,-0.11415
260.48,FINE,THRUST,79999.818,88.5227314,88.5227314,1.4772686,0.022574,0.89762,0.002684,2,0.00519,2278.29271,2278.93194,0.63923,0.01227,-0.00428,0.00462,0.07673,0.00462,0.07673,52.0938,0.0768643,0.0769112,0.0014764,79999.758,79237.21,0.242,762.79,True,False,-0.11245
260.66,FINE,THRUST,79999.819,88.5227425,88.5227425,1.4772575,0.0225671,0.89736,0.002626,2,0.0053,2278.30665,2278.93194,0.6253,0.012,-0.00419,0.00451,0.07505,0.00451,0.07505,52.09403,0.0751887,0.0752345,0.00144421,79999.759,79253.82,0.241,746.18,True,False,-0.11064
260.82,FINE,THRUST,79999.819,88.5227521,88.5227521,1.4772479,0.0225611,0.89712,0.002575,2,0.0054,2278.3188,2278.93194,0.61314,0.01177,-0.00411,0.00441,0.07359,0.00441,0.07359,52.09423,0.0737266,0.0737715,0.00141612,79999.76,79268.312,0.24,731.688,True,False,-0.10939
260.98,FINE,THRUST,79999.82,88.5227615,88.5227615,1.4772385,0.022555,0.89688,0.002525,2,0.00549,2278.3307,2278.93194,0.60124,0.01154,-0.00403,0.00431,0.07217,0.00431,0.07217,52.09443,0.0722955,0.0723396,0.00138862,79999.761,79282.498,0.239,717.502,True,False,-0.10802
261.14,FINE,THRUST,79999.821,88.5227708,88.5227708,1.4772292,0.0225489,0.89665,0.002476,2,0.00558,2278.34237,2278.93194,0.58957,0.01132,-0.00395,0.00421,0.07077,0.00421,0.07077,52.09462,0.0708923,0.0709355,0.00136167,79999.762,79296.408,0.238,703.592,True,False,-0.10666
261.32,FINE,THRUST,79999.821,88.522781,88.522781,1.477219,0.0225421,0.89638,0.002422,2,0.00567,2278.35522,2278.93194,0.57672,0.01107,-0.00387,0.0041,0.06923,0.0041,0.06923,52.09483,0.0693468,0.069389,0.00133198,79999.763,79311.729,0.237,688.271,True,False,-0.10514
261.48,FINE,THRUST,79999.822,88.5227898,88.5227898,1.4772102,0.022536,0.89614,0.002375,2,0.00575,2278.36643,2278.93194,0.5655,0.01085,-0.00379,0.00401,0.06788,0.00401,0.06788,52.09502,0.0679982,0.0680397,0.00130607,79999.764,79325.098,0.236,674.902,True,False,-0.10409
261.64,FINE,THRUST,79999.823,88.5227985,88.5227985,1.4772015,0.0225299,0.8959,0.002328,2,0.00582,2278.37741,2278.93194,0.55453,0.01064,-0.00372,0.00392,0.06656,0.00392,0.06656,52.0952,0.0666784,0.066719,0.00128071,79999.765,79338.183,0.235,661.817,True,False,-0.10295
261.8,FINE,THRUST,79999.824,88.522807,88.522807,1.477193,0.0225238,0.89567,0.002283,2,0.00589,2278.38817,2278.93193,0.54377,0.01044,-0.00364,0.00383,0.06527,0.00383,0.06527,52.09538,0.0653841,0.065424,0.00125585,79999.767,79351.015,0.233,648.985,True,False,-0.1018
261.98,FINE,THRUST,79999.824,88.5228164,88.5228164,1.4771836,0.0225169,0.8954,0.002233,2,0.00597,2278.40002,2278.93193,0.53191,0.01021,-0.00356,0.00374,0.06385,0.00374,0.06385,52.09558,0.0639587,0.0639977,0.00122847,79999.768,79365.148,0.232,634.852,True,False,-0.10052
262.14,FINE,THRUST,79999.825,88.5228246,88.5228246,1.4771754,0.0225108,0.89516,0.00219,2,0.00603,2278.41036,2278.93193,0.52157,0.01001,-0.0035,0.00365,0.06261,0.00365,0.06261,52.09575,0.0627149,0.0627532,0.00120457,79999.769,79377.479,0.231,622.521,True,False,-0.09967
262.3,FINE,THRUST,79999.826,88.5228326,88.5228326,1.4771674,0.0225047,0.89492,0.002148,2,0.00609,2278.42049,2278.93193,0.51145,0.00982,-0.00343,0.00357,0.06139,0.00357,0.06139,52.09592,0.0614976,0.0615351,0.00118119,79999.77,79389.55,0.23,610.45,True,False,-0.09869
262.46,FINE,THRUST,79999.827,88.5228404,88.5228404,1.4771596,0.0224986,0.89468,0.002106,2,0.00615,2278.43041,2278.93193,0.50152,0.00963,-0.00336,0.00349,0.0602,0.00349,0.0602,52.09608,0.0603039,0.0603406,0.00115826,79999.771,79401.386,0.229,598.614,True,False,-0.09764
262.64,FINE,THRUST,79999.825,88.5228491,88.5228491,1.4771509,0.0224917,0.89441,0.00206,2,0.00621,2278.44134,2278.93193,0.49059,0.00942,-0.00329,0.0034,0.05889,0.0034,0.05889,52.09626,0.0589892,0.0590251,0.001133,79999.773,79414.422,0.227,585.578,True,False,-0.09646
262.8,FINE,THRUST,79999.819,88.5228568,88.5228568,1.4771432,0.0224855,0.89417,0.00202,2,0.00626,2278.45091,2278.93194,0.48103,0.00923,-0.00322,0.00337,0.05774,0.00337,0.05774,52.09642,0.0578434,0.0578786,0.00111099,79999.766,79425.804,0.234,574.196,True,False,-0.04741
262.96,FINE,THRUST,79999.82,88.5228642,88.5228642,1.4771358,0.0224794,0.89393,0.001981,2,0.0063,2278.46025,2278.93194,0.47169,0.00905,-0.00316,0.00331,0.05662,0.00331,0.05662,52.09657,0.0567208,0.0567554,0.00108943,79999.766,79436.94,0.234,563.06,True,False,-0.03682
263.12,FINE,THRUST,79999.821,88.5228714,88.5228714,1.4771286,0.0224733,0.89369,0.001942,2,0.00635,2278.4694,2278.93194,0.46254,0.00888,-0.0031,0.00323,0.05553,0.00323,0.05553,52.09673,0.0556198,0.0556537,0.00106828,79999.767,79447.858,0.233,552.142,True,False,-0.03785
263.3,FINE,THRUST,79999.822,88.5228793,88.5228793,1.4771207,0.0224664,0.89342,0.0019,2,0.00639,2278.47948,2278.93194,0.45245,0.00868,-0.00303,0.00315,0.05432,0.00315,0.05432,52.09689,0.0544072,0.0544403,0.00104498,79999.769,79459.883,0.231,540.117,True,False,-0.0414
263.46,FINE,THRUST,79999.823,88.5228863,88.5228863,1.4771137,0.0224602,0.89318,0.001863,2,0.00643,2278.48828,2278.93194,0.44365,0.00852,-0.00297,0.00308,0.05326,0.00308,0.05326,52.09704,0.0533491,0.0533816,0.00102466,79999.77,79470.376,0.23,529.624,True,False,-0.04659
263.62,FINE,THRUST,79999.824,88.5228931,88.5228931,1.4771069,0.0224541,0.89294,0.001827,2,0.00647,2278.49689,2278.93193,0.43504,0.00835,-0.00292,0.00301,0.05223,0.00301,0.05223,52.09718,0.0523134,0.0523453,0.00100476,79999.771,79480.646,0.229,519.354,True,False,-0.05282
263.78,FINE,THRUST,79999.825,88.5228997,88.5228997,1.4771003,0.0224479,0.8927,0.001791,2,0.0065,2278.50534,2278.93193,0.4266,0.00819,-0.00286,0.00294,0.05121,0.00294,0.05121,52.09732,0.0512979,0.0513292,0.00098526,79999.772,79490.717,0.228,509.283,True,False,-0.0597
263.96,FINE,THRUST,79999.826,88.5229071,88.5229071,1.4770929,0.022441,0.89242,0.001752,2,0.00654,2278.51464,2278.93193,0.4173,0.00801,-0.0028,0.00287,0.0501,0.00287,0.0501,52.09748,0.0501794,0.05021,0.00096377,79999.774,79501.809,0.226,498.191,True,False,-0.06769
264.12,FINE,THRUST,79999.827,88.5229134,88.5229134,1.4770866,0.0224348,0.89218,0.001718,2,0.00658,2278.52275,2278.93193,0.40918,0.00785,-0.00274,0.0028,0.04912,0.0028,0.04912,52.09761,0.0492035,0.0492335,0.00094502,79999.775,79511.487,0.225,488.513,True,False,-0.07481
264.28,FINE,THRUST,79999.828,88.5229197,88.5229197,1.4770803,0.0224287,0.89194,0.001685,2,0.00661,2278.53069,2278.93193,0.40124,0.0077,-0.00269,0.00274,0.04817,0.00274,0.04817,52.09774,0.0482484,0.0482778,0.00092668,79999.776,79520.96,0.224,479.04,True,False,-0.08124
264.44,FINE,THRUST,79999.821,88.5229258,88.5229258,1.4770742,0.0224225,0.8917,0.001652,2,0.00664,2278.53848,2278.93193,0.39345,0.00755,-0.00264,0.00267,0.04724,0.00267,0.04724,52.09787,0.0473118,0.0473406,0.00090869,79999.778,79530.248,0.222,469.752,True,False,-0.0869
264.62,FINE,THRUST,79999.821,88.5229328,88.5229328,1.4770672,0.0224155,0.89142,0.001616,2,0.00668,2278.54708,2278.93194,0.38486,0.00739,-0.00258,0.00266,0.04621,0.00266,0.04621,52.09801,0.0462817,0.0463099,0.0008889,79999.77,79540.488,0.23,459.512,True,False,-0.01997
264.78,FINE,THRUST,79999.822,88.5229386,88.5229386,1.4770614,0.0224093,0.89118,0.001585,2,0.00671,2278.55457,2278.93194,0.37737,0.00724,-0.00253,0.0026,0.04531,0.0026,0.04531,52.09814,0.0453817,0.0454093,0.00087161,79999.771,79549.415,0.229,450.585,True,False,-0.02388
264.94,FINE,THRUST,79999.823,88.5229444,88.5229444,1.4770556,0.0224031,0.89094,0.001554,2,0.00673,2278.56189,2278.93194,0.37005,0.0071,-0.00248,0.00254,0.04443,0.00254,0.04443,52.09826,0.0445007,0.0445278,0.00085469,79999.773,79558.153,0.227,441.847,True,False,-0.02926
265.1,FINE,THRUST,79999.824,88.52295,88.52295,1.47705,0.022397,0.89069,0.001524,2,0.00676,2278.56907,2278.93193,0.36286,0.00696,-0.00243,0.00248,0.04357,0.00248,0.04357,52.09838,0.0436368,0.0436634,0.0008381,79999.774,79566.721,0.226,433.279,True,False,-0.03623
265.28,FINE,THRUST,79999.825,88.5229563,88.5229563,1.4770437,0.02239,0.89042,0.001491,2,0.00678,2278.57698,2278.93193,0.35495,0.00681,-0.00238,0.00242,0.04262,0.00242,0.04262,52.09851,0.0426853,0.0427114,0.00081982,79999.776,79576.157,0.224,423.843,True,False,-0.04547
265.44,FINE,THRUST,79999.826,88.5229617,88.5229617,1.4770383,0.0223838,0.89018,0.001462,2,0.0068,2278.58388,2278.93193,0.34805,0.00668,-0.00233,0.00236,0.04179,0.00236,0.04179,52.09862,0.0418551,0.0418807,0.00080387,79999.777,79584.391,0.223,415.609,True,False,-0.05449
265.6,FINE,THRUST,79999.827,88.522967,88.522967,1.477033,0.0223776,0.88993,0.001433,2,0.00683,2278.59064,2278.93193,0.34129,0.00655,-0.00229,0.00231,0.04098,0.00231,0.04098,52.09874,0.0410426,0.0410676,0.00078826,79999.778,79592.451,0.222,407.549,True,False,-0.06344
265.76,FINE,THRUST,79999.828,88.5229722,88.5229722,1.4770278,0.0223713,0.88969,0.001405,2,0.00685,2278.59726,2278.93193,0.33466,0.00642,-0.00224,0.00225,0.04018,0.00225,0.04018,52.09885,0.0402458,0.0402704,0.00077296,79999.78,79600.353,0.22,399.647,True,False,-0.07198
265.94,FINE,THRUST,79999.829,88.5229779,88.5229779,1.4770221,0.0223643,0.88941,0.001375,2,0.00687,2278.60456,2278.93193,0.32737,0.00628,-0.00219,0.00219,0.03931,0.00219,0.03931,52.09897,0.0393683,0.0393923,0.00075611,79999.781,79609.057,0.219,390.943,True,False,-0.08069
266.1,FINE,THRUST,79999.83,88.5229829,88.5229829,1.4770171,0.0223581,0.88917,0.001348,2,0.00689,2278.61092,2278.93192,0.321,0.00616,-0.00215,0.00214,0.03854,0.00214,0.03854,52.09907,0.0386026,0.0386262,0.0007414,79999.783,79616.652,0.217,383.348,True,False,-0.08757
266.26,FINE,THRUST,79999.831,88.5229878,88.5229878,1.4770122,0.0223519,0.88892,0.001322,2,0.00691,2278.61715,2278.93192,0.31477,0.00604,-0.00211,0.00209,0.0378,0.00209,0.0378,52.09918,0.0378533,0.0378763,0.000727,79999.784,79624.085,0.216,375.915,True,False,-0.09305
266.42,FINE,THRUST,79999.832,88.5229926,88.5229926,1.4770074,0.0223456,0.88867,0.001296,2,0.00693,2278.62326,2278.93192,0.30866,0.00592,-0.00207,0.00204,0.03706,0.00204,0.03706,52.09928,0.0371185,0.0371411,0.00071289,79999.785,79631.374,0.215,368.626,True,False,-0.09725
266.6,FINE,THRUST,79999.833,88.5229979,88.5229979,1.4770021,0.0223386,0.8884,0.001268,2,0.00695,2278.62999,2278.93192,0.30193,0.0058,-0.00202,0.00198,0.03625,0.00198,0.03625,52.09939,0.0363092,0.0363313,0.00069735,79999.787,79639.402,0.213,360.598,True,False,-0.10039
266.76,FINE,THRUST,79999.834,88.5230025,88.5230025,1.4769975,0.0223324,0.88815,0.001243,2,0.00697,2278.63586,2278.93192,0.29606,0.00568,-0.00198,0.00194,0.03555,0.00194,0.03555,52.09949,0.0356031,0.0356248,0.00068378,79999.788,79646.407,0.212,353.593,True,False,-0.1021
266.92,FINE,THRUST,79999.835,88.523007,88.523007,1.476993,0.0223261,0.8879,0.001219,2,0.00698,2278.64161,2278.93192,0.29031,0.00557,-0.00195,0.00189,0.03486,0.00189,0.03486,52.09958,0.034912,0.0349332,0.00067051,79999.79,79653.263,0.21,346.737,True,False,-0.10252
267.08,FINE,THRUST,79999.835,88.5230114,88.5230114,1.4769886,0.0223198,0.88766,0.001195,2,0.00699,2278.64724,2278.93191,0.28468,0.00546,-0.00191,0.00185,0.03418,0.00185,0.03418,52.09968,0.0342343,0.0342552,0.00065749,79999.791,79659.986,0.209,340.014,True,False,-0.10193
267.26,FINE,THRUST,79999.836,88.5230162,88.5230162,1.4769838,0.0223128,0.88738,0.001169,2,0.007,2278.65344,2278.93191,0.27847,0.00534,-0.00187,0.0018,0.03344,0.0018,0.03344,52.09978,0.0334879,0.0335083,0.00064316,79999.793,79667.391,0.207,332.609,True,False,-0.10026
267.42,FINE,THRUST,79999.837,88.5230205,88.5230205,1.4769795,0.0223065,0.88713,0.001147,2,0.00701,2278.65886,2278.93191,0.27305,0.00524,-0.00183,0.00175,0.03279,0.00175,0.03279,52.09987,0.0328367,0.0328567,0.00063065,79999.794,79673.853,0.206,326.147,True,False,-0.09838
267.58,FINE,THRUST,79999.838,88.5230246,88.5230246,1.4769754,0.0223003,0.88689,0.001124,2,0.00702,2278.66416,2278.93191,0.26775,0.00514,-0.00179,0.00171,0.03215,0.00171,0.03215,52.09996,0.0321993,0.032219,0.00061841,79999.796,79680.177,0.204,319.823,True,False,-0.096
267.74,FINE,THRUST,79999.839,88.5230287,88.5230287,1.4769713,0.022294,0.88664,0.001103,2,0.00702,2278.66935,2278.93191,0.26255,0.00504,-0.00176,0.00167,0.03153,0.00167,0.03153,52.10004,0.0315743,0.0315936,0.0006064,79999.797,79686.378,0.203,313.622,True,False,-0.09332
267.92,FINE,THRUST,79999.84,88.5230332,88.5230332,1.4769668,0.0222869,0.88636,0.001079,2,0.00702,2278.67508,2278.93191,0.25683,0.00493,-0.00172,0.00163,0.03084,0.00163,0.03084,52.10014,0.030886,0.0309048,0.00059318,79999.799,79693.209,0.201,306.791,True,False,-0.0902
268.08,FINE,THRUST,79999.841,88.5230371,88.5230371,1.4769629,0.0222806,0.88611,0.001058,2,0.00703,2278.68007,2278.93191,0.25184,0.00483,-0.00169,0.00159,0.03024,0.00159,0.03024,52.10022,0.0302854,0.0303038,0.00058164,79999.8,79699.168,0.2,300.832,True,False,-0.08777
268.24,FINE,THRUST,79999.842,88.5230409,88.5230409,1.4769591,0.0222743,0.88586,0.001037,2,0.00702,2278.68496,2278.9319,0.24695,0.00474,-0.00166,0.00155,0.02966,0.00155,0.02966,52.1003,0.0296975,0.0297156,0.00057035,79999.801,79705.002,0.199,294.998,True,False,-0.08541
268.4,FINE,THRUST,79999.842,88.5230446,88.5230446,1.4769554,0.022268,0.88561,0.001017,2,0.00702,2278.68975,2278.9319,0.24215,0.00465,-0.00162,0.00151,0.02908,0.00151,0.02908,52.10038,0.0291211,0.0291388,0.00055928,79999.803,79710.722,0.197,289.278,True,False,-0.08336
268.58,FINE,THRUST,79999.843,88.5230488,88.5230488,1.4769512,0.0222609,0.88533,0.000995,2,0.00702,2278.69503,2278.9319,0.23687,0.00455,-0.00159,0.00147,0.02845,0.00147,0.02845,52.10047,0.0284862,0.0285035,0.00054709,79999.804,79717.022,0.196,282.978,True,False,-0.0814
268.74,FINE,THRUST,79999.844,88.5230524,88.5230524,1.4769476,0.0222546,0.88508,0.000975,2,0.00701,2278.69963,2278.9319,0.23227,0.00446,-0.00156,0.00143,0.0279,0.00143,0.0279,52.10055,0.0279322,0.0279492,0.00053645,79999.806,79722.519,0.194,277.481,True,False,-0.08026
268.9,FINE,THRUST,79999.845,88.5230559,88.5230559,1.4769441,0.0222483,0.88483,0.000956,2,0.00701,2278.70414,2278.9319,0.22776,0.00437,-0.00153,0.0014,0.02735,0.0014,0.02735,52.10062,0.02739,0.0274067,0.00052603,79999.807,79727.9,0.193,272.1,True,False,-0.07927
269.06,FINE,THRUST,79999.846,88.5230593,88.5230593,1.4769407,0.0222419,0.88458,0.000938,2,0.007,2278.70856,2278.9319,0.22333,0.00429,-0.0015,0.00137,0.02682,0.00137,0.02682,52.1007,0.0268584,0.0268747,0.00051582,79999.809,79733.176,0.191,266.824,True,False,-0.07857
269.24,FINE,THRUST,79999.847,88.5230631,88.5230631,1.4769369,0.0222348,0.8843,0.000917,2,0.00699,2278.71343,2278.9319,0.21846,0.00419,-0.00146,0.00133,0.02624,0.00133,0.02624,52.10078,0.0262728,0.0262888,0.00050458,79999.81,79738.987,0.19,261.013,True,False,-0.07808
269.4,FINE,THRUST,79999.839,88.5230665,88.5230665,1.4769335,0.0222285,0.88405,0.0009,2,0.00698,2278.71768,2278.9319,0.21421,0.00411,-0.00144,0.00131,0.02573,0.00131,0.02573,52.10085,0.0257621,0.0257778,0.00049477,79999.81,79744.059,0.19,255.941,True,False,-0.05649
269.56,FINE,THRUST,79999.839,88.5230699,88.5230699,1.4769301,0.0222221,0.8838,0.000882,2,0.00697,2278.72187,2278.93191,0.21004,0.00403,-0.00141,0.00132,0.02523,0.00132,0.02523,52.10091,0.025263,0.0252784,0.00048518,79999.804,79749.03,0.196,250.97,True,False,0.05443
269.72,FINE,THRUST,79999.834,88.523073,88.523073,1.476927,0.0222158,0.88355,0.000865,2,0.00696,2278.72594,2278.93191,0.20596,0.00395,-0.00138,0.00129,0.02474,0.00129,0.02474,52.10098,0.0247726,0.0247877,0.00047576,79999.805,79753.896,0.195,246.104,True,False,0.05315
269.9,FINE,THRUST,79999.832,88.5230767,88.5230767,1.4769233,0.0222086,0.88327,0.000846,2,0.00694,2278.73046,2278.93192,0.20146,0.00387,-0.00135,0.00132,0.0242,0.00132,0.0242,52.10106,0.0242337,0.0242485,0.00046541,79999.798,79759.266,0.202,240.734,True,False,0.18393
270.06,FINE,THRUST,79999.833,88.5230798,88.5230798,1.4769202,0.0222023,0.88302,0.00083,2,0.00692,2278.73438,2278.93192,0.19754,0.00379,-0.00132,0.00129,0.02373,0.00129,0.02373,52.10112,0.0237623,0.0237768,0.00045636,79999.799,79763.944,0.201,236.056,True,False,0.17033
270.22,FINE,THRUST,79999.835,88.5230827,88.5230827,1.4769173,0.0221959,0.88276,0.000814,2,0.0069,2278.73822,2278.93192,0.1937,0.00372,-0.0013,0.00126,0.02327,0.00126,0.02327,52.10119,0.0233008,0.023315,0.0004475,79999.8,79768.522,0.2,231.478,True,False,0.14711
270.38,FINE,THRUST,79999.828,88.5230857,88.5230857,1.4769143,0.0221895,0.88251,0.000798,2,0.00689,2278.74198,2278.93191,0.18994,0.00365,-0.00127,0.00123,0.02282,0.00123,0.02282,52.10125,0.0228483,0.0228622,0.0004388,79999.802,79773.012,0.198,226.988,True,False,0.11478
270.56,FINE,THRUST,79999.829,88.5230891,88.5230891,1.4769109,0.0221823,0.88223,0.000781,2,0.00687,2278.74615,2278.93193,0.18578,0.00357,-0.00125,0.00125,0.02232,0.00125,0.02232,52.10131,0.0223511,0.0223648,0.00042926,79999.794,79777.965,0.206,222.035,True,False,0.22105
270.72,FINE,THRUST,79999.83,88.5230919,88.5230919,1.4769081,0.022176,0.88198,0.000765,2,0.00686,2278.74976,2278.93192,0.18216,0.0035,-0.00122,0.00122,0.02188,0.00122,0.02188,52.10138,0.0219161,0.0219295,0.0004209,79999.796,79782.278,0.204,217.722,True,False,0.17769
270.88,FINE,THRUST,79999.832,88.5230946,88.5230946,1.4769054,0.0221696,0.88172,0.00075,2,0.00685,2278.7533,2278.93192,0.17862,0.00343,-0.0012,0.00119,0.02146,0.00119,0.02146,52.10144,0.0214903,0.0215034,0.00041272,79999.797,79786.501,0.203,213.499,True,False,0.12814
271.04,FINE,THRUST,79999.833,88.5230973,88.5230973,1.4769027,0.0221632,0.88147,0.000736,2,0.00684,2278.75677,2278.93192,0.17515,0.00336,-0.00117,0.00115,0.02104,0.00115,0.02104,52.10149,0.0210727,0.0210855,0.0004047,79999.798,79790.641,0.202,209.359,True,False,0.07362
271.22,FINE,THRUST,79999.835,88.5231003,88.5231003,1.4768997,0.022156,0.88118,0.00072,2,0.00684,2278.76059,2278.93192,0.17133,0.00329,-0.00115,0.00112,0.02058,0.00112,0.02058,52.10156,0.0206128,0.0206253,0.00039587,79999.8,79795.2,0.2,204.8,True,False,0.01066
271.38,FINE,THRUST,79999.837,88.5231029,88.5231029,1.4768971,0.0221496,0.88093,0.000706,2,0.00684,2278.76392,2278.93191,0.168,0.00322,-0.00113,0.00108,0.02018,0.00108,0.02018,52.10161,0.0202115,0.0202238,0.00038816,79999.802,79799.178,0.198,200.822,True,False,-0.04467
271.54,FINE,THRUST,79999.838,88.5231054,88.5231054,1.4768946,0.0221431,0.88068,0.000692,2,0.00684,2278.76718,2278.93191,0.16473,0.00316,-0.0011,0.00105,0.01979,0.00105,0.01979,52.10167,0.0198188,0.0198309,0.00038062,79999.803,79803.07,0.197,196.93,True,False,-0.09506
271.7,FINE,THRUST,79999.839,88.5231079,88.5231079,1.4768921,0.0221367,0.88042,0.000679,2,0.00685,2278.77038,2278.93191,0.16153,0.0031,-0.00108,0.00102,0.01941,0.00102,0.01941,52.10172,0.0194338,0.0194457,0.00037322,79999.805,79806.887,0.195,193.113,True,False,-0.13894
271.88,FINE,THRUST,79999.841,88.5231106,88.5231106,1.4768894,0.0221295,0.88014,0.000664,2,0.00686,2278.7739,2278.93191,0.15801,0.00303,-0.00106,0.00099,0.01898,0.00099,0.01898,52.10178,0.0190099,0.0190215,0.00036508,79999.806,79811.091,0.194,188.909,True,False,-0.17867
272.04,FINE,THRUST,79999.842,88.523113,88.523113,1.476887,0.0221231,0.87988,0.000651,2,0.00687,2278.77697,2278.9319,0.15494,0.00297,-0.00104,0.00096,0.01862,0.00096,0.01862,52.10183,0.0186401,0.0186515,0.00035798,79999.808,79814.758,0.192,185.242,True,False,-0.20485
272.2,FINE,THRUST,79999.843,88.5231154,88.5231154,1.4768846,0.0221166,0.87963,0.000638,2,0.00688,2278.77997,2278.9319,0.15193,0.00292,-0.00102,0.00093,0.01825,0.00093,0.01825,52.10188,0.0182782,0.0182894,0.00035103,79999.81,79818.348,0.19,181.652,True,False,-0.2219
272.36,FINE,THRUST,79999.843,88.5231176,88.5231176,1.4768824,0.0221102,0.87937,0.000626,2,0.00689,2278.78292,2278.9319,0.14898,0.00286,-0.001,0.0009,0.0179,0.0009,0.0179,52.10193,0.0179234,0.0179344,0.00034422,79999.811,79821.868,0.189,178.132,True,False,-0.23024
272.54,FINE,THRUST,79999.844,88.5231202,88.5231202,1.4768798,0.0221029,0.87908,0.000612,2,0.0069,2278.78617,2278.9319,0.14573,0.0028,-0.00098,0.00087,0.01751,0.00087,0.01751,52.10198,0.0175328,0.0175435,0.00033671,79999.813,79825.745,0.187,174.255,True,False,-0.23028
272.7,FINE,THRUST,79999.845,88.5231224,88.5231224,1.4768776,0.0220965,0.87883,0.0006,2,0.0069,2278.789,2278.9319,0.1429,0.00274,-0.00096,0.00085,0.01717,0.00085,0.01717,52.10203,0.0171919,0.0172024,0.00033017,79999.815,79829.128,0.185,170.872,True,False,-0.22356
272.86,FINE,THRUST,79999.845,88.5231245,88.5231245,1.4768755,0.02209,0.87857,0.000589,2,0.0069,2278.79177,2278.9319,0.14012,0.00269,-0.00094,0.00083,0.01684,0.00083,0.01684,52.10208,0.0168584,0.0168687,0.00032376,79999.816,79832.439,0.184,167.561,True,False,-0.21152
273.02,FINE,THRUST,79999.846,88.5231266,88.5231266,1.4768734,0.0220835,0.87832,0.000577,2,0.0069,2278.79449,2278.9319,0.1374,0.00264,-0.00092,0.00081,0.01651,0.00081,0.01651,52.10212,0.0165313,0.0165414,0.00031748,79999.818,79835.686,0.182,164.314,True,False,-0.19573
273.2,FINE,THRUST,79999.846,88.5231289,88.5231289,1.4768711,0.0220762,0.87803,0.000565,2,0.0069,2278.79749,2278.9319,0.13441,0.00258,-0.0009,0.00078,0.01615,0.00078,0.01615,52.10217,0.0161712,0.016181,0.00031056,79999.82,79839.263,0.18,160.737,True,False,-0.1753
273.36,FINE,THRUST,79999.847,88.523131,88.523131,1.476869,0.0220698,0.87777,0.000554,2,0.00689,2278.8001,2278.9319,0.13179,0.00253,-0.00088,0.00076,0.01584,0.00076,0.01584,52.10221,0.0158569,0.0158665,0.00030453,79999.821,79842.384,0.179,157.616,True,False,-0.15658
273.52,FINE,THRUST,79999.847,88.5231329,88.5231329,1.4768671,0.0220633,0.87751,0.000543,2,0.00688,2278.80266,2278.93189,0.12924,0.00248,-0.00087,0.00074,0.01553,0.00074,0.01553,52.10225,0.0155493,0.0155587,0.00029862,79999.823,79845.438,0.177,154.562,True,False,-0.13842
273.68,FINE,THRUST,79999.848,88.5231349,88.5231349,1.4768651,0.0220568,0.87726,0.000532,2,0.00687,2278.80517,2278.93189,0.12673,0.00243,-0.00085,0.00073,0.01523,0.00073,0.01523,52.1023,0.0152476,0.0152569,0.00029283,79999.824,79848.434,0.176,151.566,True,False,-0.12185
273.86,FINE,THRUST,79999.848,88.523137,88.523137,1.476863,0.0220495,0.87697,0.000521,2,0.00686,2278.80793,2278.93189,0.12396,0.00238,-0.00083,0.00071,0.0149,0.00071,0.0149,52.10234,0.0149153,0.0149244,0.00028644,79999.826,79851.734,0.174,148.266,True,False,-0.10616
274.02,FINE,THRUST,79999.849,88.5231389,88.5231389,1.4768611,0.022043,0.87671,0.000511,2,0.00684,2278.81034,2278.93189,0.12155,0.00233,-0.00081,0.00069,0.01461,0.00069,0.01461,52.10238,0.0146254,0.0146343,0.00028088,79999.828,79854.612,0.172,145.388,True,False,-0.09566
274.18,FINE,THRUST,79999.839,88.5231408,88.5231408,1.4768592,0.0220365,0.87645,0.000501,2,0.00683,2278.81271,2278.9319,0.11919,0.00229,-0.0008,0.00069,0.01433,0.00069,0.01433,52.10242,0.0143419,0.0143507,0.00027543,79999.826,79857.433,0.174,142.567,True,False,-0.0104
274.34,FINE,THRUST,79999.838,88.5231427,88.5231427,1.4768573,0.0220299,0.87619,0.000491,2,0.00681,2278.81505,2278.93191,0.11686,0.00224,-0.00078,0.00073,0.01405,0.00073,0.01405,52.10246,0.0140647,0.0140733,0.00027011,79999.819,79860.206,0.181,139.794,True,False,0.23286
274.52,FINE,THRUST,79999.839,88.5231447,88.5231447,1.4768553,0.0220226,0.8759,0.00048,2,0.00679,2278.8176,2278.93191,0.11431,0.00219,-0.00077,0.00071,0.01374,0.00071,0.01374,52.1025,0.0137581,0.0137665,0.00026422,79999.82,79863.249,0.18,136.751,True,False,0.22924
274.68,FINE,THRUST,79999.84,88.5231464,88.5231464,1.4768536,0.0220161,0.87564,0.000471,2,0.00677,2278.81982,2278.93191,0.11208,0.00215,-0.00075,0.00069,0.01347,0.00069,0.01347,52.10254,0.0134904,0.0134987,0.00025908,79999.822,79865.906,0.178,134.094,True,False,0.20781
274.84,FINE,THRUST,79999.842,88.5231481,88.5231481,1.4768519,0.0220095,0.87538,0.000462,2,0.00674,2278.822,2278.9319,0.1099,0.00211,-0.00074,0.00068,0.01321,0.00068,0.01321,52.10258,0.0132283,0.0132364,0.00025404,79999.823,79868.506,0.177,131.494,True,False,0.16795
275,FINE,THRUST,79999.843,88.5231497,88.5231497,1.4768503,0.022003,0.87512,0.000453,2,0.00672,2278.82413,2278.9319,0.10777,0.00207,-0.00072,0.00066,0.01295,0.00066,0.01295,52.10261,0.0129712,0.0129791,0.00024911,79999.825,79871.055,0.175,128.945,True,False,0.11386
275.18,FINE,THRUST,79999.845,88.5231515,88.5231515,1.4768485,0.0219956,0.87483,0.000443,2,0.00671,2278.82648,2278.9319,0.10541,0.00202,-0.00071,0.00063,0.01267,0.00063,0.01267,52.10265,0.012688,0.0126957,0.00024367,79999.826,79873.862,0.174,126.138,True,False,0.0421
275.34,FINE,THRUST,79999.846,88.5231531,88.5231531,1.4768469,0.0219891,0.87457,0.000434,2,0.00669,2278.82853,2278.9319,0.10336,0.00198,-0.00069,0.00061,0.01243,0.00061,0.01243,52.10268,0.0124409,0.0124485,0.00023892,79999.828,79876.311,0.172,123.689,True,False,-0.02619
275.5,FINE,THRUST,79999.848,88.5231547,88.5231547,1.4768453,0.0219825,0.87431,0.000426,2,0.00669,2278.83054,2278.93189,0.10135,0.00195,-0.00068,0.00059,0.01218,0.00059,0.01218,52.10272,0.012199,0.0122065,0.00023428,79999.83,79878.707,0.17,121.293,True,False,-0.0934
275.66,FINE,THRUST,79999.849,88.5231562,88.5231562,1.4768438,0.021976,0.87405,0.000418,2,0.00668,2278.83251,2278.93189,0.09938,0.00191,-0.00067,0.00057,0.01195,0.00057,0.01195,52.10275,0.011962,0.0119693,0.00022972,79999.831,79881.057,0.169,118.943,True,False,-0.15551
275.84,FINE,THRUST,79999.851,88.5231579,88.5231579,1.4768421,0.0219686,0.87376,0.000409,2,0.00668,2278.83467,2278.93189,0.09722,0.00187,-0.00065,0.00054,0.01169,0.00054,0.01169,52.10279,0.011701,0.0117081,0.00022471,79999.833,79883.644,0.167,116.356,True,False,-0.21497
276,FINE,THRUST,79999.852,88.5231593,88.5231593,1.4768407,0.021962,0.8735,0.000401,2,0.00668,2278.83656,2278.93189,0.09532,0.00183,-0.00064,0.00052,0.01146,0.00052,0.01146,52.10282,0.0114733,0.0114803,0.00022034,79999.835,79885.902,0.165,114.098,True,False,-0.25607
276.16,FINE,THRUST,79999.852,88.5231607,88.5231607,1.4768393,0.0219554,0.87324,0.000393,2,0.00668,2278.83841,2278.93189,0.09347,0.00179,-0.00063,0.00051,0.01124,0.00051,0.01124,52.10285,0.0112506,0.0112574,0.00021606,79999.837,79888.111,0.163,111.889,True,False,-0.28455
276.32,FINE,THRUST,79999.853,88.5231621,88.5231621,1.4768379,0.0219488,0.87298,0.000385,2,0.00668,2278.84023,2278.93189,0.09166,0.00176,-0.00061,0.00049,0.01102,0.00049,0.01102,52.10288,0.0110322,0.011039,0.00021187,79999.839,79890.278,0.161,109.722,True,False,-0.29992
276.5,FINE,THRUST,79999.854,88.5231637,88.5231637,1.4768363,0.0219414,0.87268,0.000377,2,0.00668,2278.84222,2278.93188,0.08966,0.00172,-0.0006,0.00047,0.01078,0.00047,0.01078,52.10291,0.0107919,0.0107985,0.00020725,79999.841,79892.664,0.159,107.336,True,False,-0.30227
276.66,FINE,THRUST,79999.854,88.523165,88.523165,1.476835,0.0219348,0.87242,0.00037,2,0.00667,2278.84397,2278.93188,0.08792,0.00169,-0.00059,0.00046,0.01057,0.00046,0.01057,52.10294,0.0105822,0.0105887,0.00020323,79999.842,79894.746,0.158,105.254,True,False,-0.29271
276.82,FINE,THRUST,79999.855,88.5231663,88.5231663,1.4768337,0.0219282,0.87216,0.000362,2,0.00667,2278.84567,2278.93188,0.08621,0.00165,-0.00058,0.00044,0.01037,0.00044,0.01037,52.10297,0.010377,0.0103834,0.00019929,79999.844,79896.784,0.156,103.216,True,False,-0.27405
276.98,FINE,THRUST,79999.855,88.5231676,88.5231676,1.4768324,0.0219216,0.87189,0.000355,2,0.00666,2278.84734,2278.93188,0.08454,0.00162,-0.00057,0.00043,0.01017,0.00043,0.01017,52.103,0.0101759,0.0101821,0.00019542,79999.846,79898.783,0.154,101.217,True,False,-0.24848
277.16,FINE,THRUST,79999.855,88.523169,88.523169,1.476831,0.0219141,0.8716,0.000348,2,0.00665,2278.84919,2278.93188,0.08269,0.00159,-0.00055,0.00042,0.00995,0.00042,0.00995,52.10303,0.0099544,0.0099604,0.00019117,79999.848,79900.984,0.152,99.016,True,False,-0.21469
277.32,FINE,THRUST,79999.855,88.5231703,88.5231703,1.4768297,0.0219075,0.87134,0.000341,2,0.00663,2278.8508,2278.93188,0.08109,0.00156,-0.00054,0.00041,0.00975,0.00041,0.00975,52.10305,0.0097611,0.009767,0.00018746,79999.849,79902.905,0.151,97.095,True,False,-0.18315
277.48,FINE,THRUST,79999.856,88.5231715,88.5231715,1.4768285,0.0219009,0.87107,0.000334,2,0.00662,2278.85237,2278.93188,0.07951,0.00153,-0.00053,0.0004,0.00956,0.0004,0.00956,52.10308,0.0095719,0.0095777,0.00018382,79999.851,79904.786,0.149,95.214,True,False,-0.15259
277.64,FINE,THRUST,79999.856,88.5231727,88.5231727,1.4768273,0.0218942,0.87081,0.000328,2,0.0066,2278.85391,2278.93188,0.07797,0.0015,-0.00052,0.00039,0.00938,0.00039,0.00938,52.10311,0.0093863,0.0093921,0.00018026,79999.853,79906.63,0.147,93.37,True,False,-0.12501
277.82,FINE,THRUST,79999.857,88.523174,88.523174,1.476826,0.0218867,0.87051,0.000321,2,0.00658,2278.85561,2278.93188,0.07627,0.00146,-0.00051,0.00038,0.00917,0.00038,0.00917,52.10314,0.0091819,0.0091875,0.00017633,79999.855,79908.661,0.145,91.339,True,False,-0.09962
277.98,FINE,THRUST,79999.857,88.5231751,88.5231751,1.4768249,0.0218801,0.87025,0.000314,2,0.00656,2278.85709,2278.93188,0.07478,0.00144,-0.0005,0.00037,0.009,0.00037,0.009,52.10316,0.0090036,0.0090091,0.00017291,79999.856,79910.434,0.144,89.566,True,False,-0.0835
278.14,FINE,THRUST,79999.858,88.5231762,88.5231762,1.4768238,0.0218734,0.86998,0.000308,2,0.00654,2278.85855,2278.93188,0.07333,0.00141,-0.00049,0.00036,0.00882,0.00036,0.00882,52.10318,0.0088289,0.0088343,0.00016955,79999.858,79912.168,0.142,87.832,True,False,-0.07376
278.3,FINE,THRUST,79999.858,88.5231773,88.5231773,1.4768227,0.0218668,0.86972,0.000302,2,0.00652,2278.85997,2278.93188,0.07191,0.00138,-0.00048,0.00035,0.00865,0.00035,0.00865,52.1032,0.0086577,0.008663,0.00016627,79999.859,79913.87,0.141,86.13,True,False,-0.07047
278.48,FINE,THRUST,79999.859,88.5231785,88.5231785,1.4768215,0.0218593,0.86942,0.000296,2,0.0065,2278.86154,2278.93188,0.07034,0.00135,-0.00047,0.00034,0.00846,0.00034,0.00846,52.10323,0.0084691,0.0084742,0.00016264,79999.861,79915.743,0.139,84.257,True,False,-0.07396
278.64,FINE,THRUST,79999.86,88.5231796,88.5231796,1.4768204,0.0218526,0.86916,0.00029,2,0.00648,2278.86291,2278.93187,0.06897,0.00132,-0.00046,0.00033,0.0083,0.00033,0.0083,52.10326,0.0083044,0.0083095,0.00015948,79999.863,79917.378,0.137,82.622,True,False,-0.08251
278.8,FINE,THRUST,79999.86,88.5231806,88.5231806,1.4768194,0.0218459,0.86889,0.000284,2,0.00646,2278.86424,2278.93187,0.06763,0.0013,-0.00045,0.00032,0.00814,0.00032,0.00814,52.10328,0.0081433,0.0081483,0.00015639,79999.865,79918.978,0.135,81.022,True,False,-0.09486
278.96,FINE,THRUST,79999.861,88.5231816,88.5231816,1.4768184,0.0218392,0.86863,0.000279,2,0.00644,2278.86556,2278.93187,0.06632,0.00127,-0.00044,0.00031,0.00798,0.00031,0.00798,52.1033,0.0079853,0.0079902,0.00015335,79999.866,79920.547,0.134,79.453,True,False,-0.10955
279.14,FINE,THRUST,79999.862,88.5231827,88.5231827,1.4768173,0.0218317,0.86833,0.000273,2,0.00642,2278.867,2278.93187,0.06487,0.00124,-0.00043,0.00029,0.00781,0.00029,0.00781,52.10332,0.0078113,0.007816,0.00015001,79999.868,79922.275,0.132,77.725,True,False,-0.12727
279.3,FINE,THRUST,79999.863,88.5231837,88.5231837,1.4768163,0.021825,0.86806,0.000267,2,0.00641,2278.86826,2278.93187,0.06361,0.00122,-0.00043,0.00028,0.00765,0.00028,0.00765,52.10335,0.0076594,0.0076641,0.00014709,79999.87,79923.782,0.13,76.218,True,False,-0.14264
279.46,FINE,THRUST,79999.863,88.5231846,88.5231846,1.4768154,0.0218183,0.86779,0.000262,2,0.00639,2278.8695,2278.93187,0.06237,0.0012,-0.00042,0.00027,0.00751,0.00027,0.00751,52.10337,0.0075108,0.0075154,0.00014424,79999.872,79925.258,0.128,74.742,True,False,-0.15648
279.62,FINE,THRUST,79999.864,88.5231855,88.5231855,1.4768145,0.0218116,0.86753,0.000257,2,0.00637,2278.87071,2278.93187,0.06116,0.00117,-0.00041,0.00026,0.00736,0.00026,0.00736,52.10339,0.0073651,0.0073696,0.00014144,79999.873,79926.704,0.127,73.296,True,False,-0.16761
279.8,FINE,THRUST,79999.865,88.5231866,88.5231866,1.4768134,0.021804,0.86723,0.000252,2,0.00635,2278.87204,2278.93187,0.05982,0.00115,-0.0004,0.00025,0.0072,0.00025,0.0072,52.10341,0.0072047,0.0072091,0.00013836,79999.875,79928.298,0.125,71.702,True,False,-0.17601
279.94,FINE,THRUST,79999.865,88.5231875,88.5231875,1.4768125,0.0217973,0.86696,0.000247,2,0.00634,2278.8732,2278.93186,0.05866,0.00113,-0.00039,0.00024,0.00706,0.00024,0.00706,52.10343,0.0070648,0.0070691,0.00013567,79999.877,79929.688,0.123,70.312,True,False,-0.17955
280.12,FINE,THRUST,79999.856,88.5231884,88.5231884,1.4768116,0.0217905,0.86669,0.000242,2,0.00632,2278.87436,2278.93187,0.05751,0.0011,-0.00039,0.00027,0.00692,0.00027,0.00692,52.10345,0.0069279,0.0069321,0.00013305,79999.874,79931.054,0.126,68.946,True,False,0.06329
280.28,FINE,THRUST,79999.857,88.5231894,88.5231894,1.4768106,0.0217838,0.86643,0.000237,2,0.0063,2278.87549,2278.93188,0.05639,0.00108,-0.00038,0.00029,0.00679,0.00029,0.00679,52.10346,0.0067939,0.006798,0.00013047,79999.871,79932.393,0.129,67.607,True,False,0.31506
280.46,FINE,THRUST,79999.858,88.5231903,88.5231903,1.4768097,0.0217762,0.86612,0.000232,2,0.00627,2278.87672,2278.93188,0.05516,0.00106,-0.00037,0.00028,0.00664,0.00028,0.00664,52.10348,0.0066458,0.0066499,0.00012763,79999.873,79933.863,0.127,66.137,True,False,0.31155
280.62,FINE,THRUST,79999.859,88.5231911,88.5231911,1.4768089,0.0217695,0.86586,0.000228,2,0.00624,2278.87779,2278.93188,0.05408,0.00104,-0.00036,0.00027,0.00651,0.00027,0.00651,52.1035,0.0065165,0.0065205,0.00012514,79999.875,79935.147,0.125,64.853,True,False,0.27766
280.78,FINE,THRUST,79999.86,88.5231919,88.5231919,1.4768081,0.0217627,0.86559,0.000223,2,0.00621,2278.87884,2278.93187,0.05303,0.00102,-0.00036,0.00026,0.00638,0.00026,0.00638,52.10352,0.0063898,0.0063937,0.00012271,79999.876,79936.403,0.124,63.597,True,False,0.21051
280.94,FINE,THRUST,79999.862,88.5231927,88.5231927,1.4768073,0.0217559,0.86532,0.000219,2,0.00619,2278.87987,2278.93187,0.052,0.001,-0.00035,0.00025,0.00626,0.00025,0.00626,52.10354,0.0062655,0.0062693,0.00012032,79999.878,79937.634,0.122,62.366,True,False,0.1177
281.12,FINE,THRUST,79999.864,88.5231936,88.5231936,1.4768064,0.0217483,0.86502,0.000214,2,0.00617,2278.88101,2278.93187,0.05086,0.00098,-0.00034,0.00023,0.00612,0.00023,0.00612,52.10356,0.0061285,0.0061323,0.00011769,79999.88,79938.99,0.12,61.01,True,False,-0.00598
281.28,FINE,THRUST,79999.865,88.5231943,88.5231943,1.4768057,0.0217415,0.86475,0.00021,2,0.00615,2278.882,2278.93187,0.04987,0.00096,-0.00033,0.00022,0.00601,0.00022,0.00601,52.10357,0.0060091,0.0060127,0.0001154,79999.882,79940.172,0.118,59.828,True,False,-0.12125
281.44,FINE,THRUST,79999.866,88.5231951,88.5231951,1.4768049,0.0217348,0.86448,0.000206,2,0.00614,2278.88296,2278.93186,0.0489,0.00094,-0.00033,0.00021,0.00589,0.00021,0.00589,52.10359,0.0058922,0.0058958,0.00011315,79999.884,79941.329,0.116,58.671,True,False,-0.23203
281.6,FINE,THRUST,79999.867,88.5231958,88.5231958,1.4768042,0.021728,0.86421,0.000202,2,0.00614,2278.88391,2278.93186,0.04795,0.00092,-0.00032,0.00019,0.00577,0.00019,0.00577,52.1036,0.0057777,0.0057812,0.00011096,79999.886,79942.463,0.114,57.537,True,False,-0.32778
281.78,FINE,THRUST,79999.868,88.5231966,88.5231966,1.4768034,0.0217203,0.86391,0.000197,2,0.00613,2278.88496,2278.93186,0.0469,0.0009,-0.00031,0.00018,0.00565,0.00018,0.00565,52.10362,0.0056517,0.0056552,0.00010854,79999.888,79943.712,0.112,56.288,True,False,-0.40831
281.94,FINE,THRUST,79999.869,88.5231973,88.5231973,1.4768027,0.0217135,0.86363,0.000194,2,0.00613,2278.88587,2278.93186,0.04599,0.00088,-0.00031,0.00017,0.00554,0.00017,0.00554,52.10364,0.0055419,0.0055453,0.00010643,79999.89,79944.801,0.11,55.199,True,False,-0.44997
282.1,FINE,THRUST,79999.869,88.523198,88.523198,1.476802,0.0217067,0.86336,0.00019,2,0.00612,2278.88676,2278.93186,0.0451,0.00087,-0.0003,0.00016,0.00543,0.00016,0.00543,52.10365,0.0054346,0.0054379,0.00010437,79999.892,79945.868,0.108,54.132,True,False,-0.46159
282.26,FINE,THRUST,79999.869,88.5231986,88.5231986,1.4768014,0.0216999,0.86309,0.000186,2,0.00612,2278.88764,2278.93186,0.04422,0.00085,-0.0003,0.00015,0.00533,0.00015,0.00533,52.10366,0.0053294,0.0053327,0.00010235,79999.894,79946.914,0.106,53.086,True,False,-0.44333
282.44,FINE,THRUST,79999.869,88.5231994,88.5231994,1.4768006,0.0216922,0.86279,0.000182,2,0.00611,2278.8886,2278.93186,0.04326,0.00083,-0.00029,0.00015,0.00521,0.00015,0.00521,52.10368,0.0052137,0.0052168,0.00010012,79999.896,79948.065,0.104,51.935,True,False,-0.39125
282.6,FINE,THRUST,79999.869,88.5232,88.5232,1.4768,0.0216854,0.86252,0.000179,2,0.00609,2278.88944,2278.93186,0.04242,0.00081,-0.00028,0.00015,0.00511,0.00015,0.00511,52.10369,0.0051127,0.0051158,9.819E-05,79999.898,79949.071,0.102,50.929,True,False,-0.32339
282.76,FINE,THRUST,79999.869,88.5232006,88.5232006,1.4767994,0.0216786,0.86225,0.000175,2,0.00608,2278.89026,2278.93186,0.0416,0.0008,-0.00028,0.00015,0.00501,0.00015,0.00501,52.10371,0.0050139,0.005017,9.629E-05,79999.9,79950.055,0.1,49.945,True,False,-0.24324
282.92,FINE,THRUST,79999.869,88.5232012,88.5232012,1.4767988,0.0216717,0.86197,0.000172,2,0.00606,2278.89107,2278.93186,0.04079,0.00078,-0.00027,0.00014,0.00491,0.00014,0.00491,52.10372,0.004917,0.00492,9.443E-05,79999.902,79951.021,0.098,48.979,True,False,-0.15857
283.1,FINE,THRUST,79999.868,88.5232019,88.5232019,1.4767981,0.021664,0.86167,0.000168,2,0.00604,2278.89196,2278.93186,0.0399,0.00077,-0.00027,0.00014,0.00481,0.00014,0.00481,52.10374,0.0048103,0.0048132,9.238E-05,79999.904,79952.084,0.096,47.916,True,False,-0.06856
283.26,FINE,THRUST,79999.869,88.5232025,88.5232025,1.4767975,0.0216572,0.8614,0.000165,2,0.00602,2278.89274,2278.93186,0.03912,0.00075,-0.00026,0.00014,0.00471,0.00014,0.00471,52.10375,0.0047171,0.00472,9.059E-05,79999.906,79953.013,0.094,46.987,True,False,-0.00215
283.42,FINE,THRUST,79999.869,88.5232031,88.5232031,1.4767969,0.0216503,0.86112,0.000162,2,0.00599,2278.89349,2278.93186,0.03836,0.00074,-0.00026,0.00014,0.00462,0.00014,0.00462,52.10376,0.0046258,0.0046286,8.883E-05,79999.908,79953.921,0.092,46.079,True,False,0.04614
283.58,FINE,THRUST,79999.869,88.5232037,88.5232037,1.4767963,0.0216435,0.86085,0.000158,2,0.00597,2278.89424,2278.93186,0.03762,0.00072,-0.00025,0.00014,0.00453,0.00014,0.00453,52.10377,0.0045362,0.004539,8.711E-05,79999.91,79954.812,0.09,45.188,True,False,0.07132
283.76,FINE,THRUST,79999.87,88.5232043,88.5232043,1.4767957,0.0216357,0.86054,0.000155,2,0.00594,2278.89506,2278.93186,0.0368,0.00071,-0.00025,0.00013,0.00444,0.00013,0.00444,52.10379,0.0044375,0.0044402,8.522E-05,79999.912,79955.794,0.088,44.206,True,False,0.0702
283.92,FINE,THRUST,79999.871,88.5232048,88.5232048,1.4767952,0.0216288,0.86027,0.000152,2,0.00592,2278.89578,2278.93186,0.03608,0.00069,-0.00024,0.00013,0.00435,0.00013,0.00435,52.1038,0.0043512,0.0043539,8.356E-05,79999.913,79956.65,0.087,43.35,True,False,0.04382
284.08,FINE,THRUST,79999.871,88.5232054,88.5232054,1.4767946,0.021622,0.86,0.000149,2,0.00589,2278.89648,2278.93185,0.03538,0.00068,-0.00024,0.00012,0.00427,0.00012,0.00427,52.10381,0.0042668,0.0042694,8.194E-05,79999.915,79957.488,0.085,42.512,True,False,-0.0033
284.24,FINE,THRUST,79999.872,88.5232059,88.5232059,1.4767941,0.0216151,0.85972,0.000146,2,0.00587,2278.89716,2278.93185,0.03469,0.00067,-0.00023,0.00011,0.00418,0.00011,0.00418,52.10382,0.004184,0.0041865,8.035E-05,79999.917,79958.309,0.083,41.691,True,False,-0.06484
284.42,FINE,THRUST,79999.873,88.5232064,88.5232064,1.4767936,0.0216073,0.85942,0.000143,2,0.00585,2278.89792,2278.93185,0.03393,0.00065,-0.00023,0.0001,0.00409,0.0001,0.00409,52.10383,0.0040928,0.0040953,7.86E-05,79999.919,79959.214,0.081,40.786,True,False,-0.14332
284.58,FINE,THRUST,79999.874,88.523207,88.523207,1.476793,0.0216004,0.85914,0.00014,2,0.00584,2278.89858,2278.93185,0.03327,0.00064,-0.00022,0.0001,0.00401,0.0001,0.00401,52.10385,0.0040132,0.0040157,7.707E-05,79999.921,79960.003,0.079,39.997,True,False,-0.21249
284.74,FINE,THRUST,79999.875,88.5232074,88.5232074,1.4767926,0.0215935,0.85887,0.000137,2,0.00583,2278.89922,2278.93185,0.03262,0.00063,-0.00022,9E-05,0.00393,9E-05,0.00393,52.10386,0.0039354,0.0039378,7.558E-05,79999.923,79960.775,0.077,39.225,True,False,-0.27444
284.9,FINE,THRUST,79999.875,88.5232079,88.5232079,1.4767921,0.0215866,0.85859,0.000135,2,0.00581,2278.89986,2278.93185,0.03199,0.00061,-0.00021,8E-05,0.00386,8E-05,0.00386,52.10387,0.0038592,0.0038615,7.411E-05,79999.925,79961.532,0.075,38.468,True,False,-0.32086
285.08,FINE,THRUST,79999.876,88.5232085,88.5232085,1.4767915,0.0215788,0.85828,0.000132,2,0.0058,2278.90055,2278.93185,0.03129,0.0006,-0.00021,8E-05,0.00377,8E-05,0.00377,52.10388,0.0037753,0.0037776,7.25E-05,79999.928,79962.366,0.072,37.634,True,False,-0.34849
285.24,FINE,THRUST,79999.876,88.5232089,88.5232089,1.4767911,0.0215719,0.85801,0.000129,2,0.00579,2278.90116,2278.93185,0.03068,0.00059,-0.00021,7E-05,0.0037,7E-05,0.0037,52.10389,0.0037021,0.0037044,7.11E-05,79999.93,79963.093,0.07,36.907,True,False,-0.34761
285.4,FINE,THRUST,79999.876,88.5232094,88.5232094,1.4767906,0.0215649,0.85773,0.000127,2,0.00578,2278.90176,2278.93185,0.03009,0.00058,-0.0002,7E-05,0.00363,7E-05,0.00363,52.1039,0.0036305,0.0036328,6.972E-05,79999.932,79963.805,0.068,36.195,True,False,-0.32381
285.56,FINE,THRUST,79999.876,88.5232098,88.5232098,1.4767902,0.021558,0.85746,0.000124,2,0.00577,2278.90234,2278.93185,0.0295,0.00057,-0.0002,7E-05,0.00356,7E-05,0.00356,52.10391,0.0035604,0.0035626,6.837E-05,79999.934,79964.504,0.066,35.496,True,False,-0.27892
285.74,FINE,THRUST,79999.873,88.5232103,88.5232103,1.4767897,0.0215502,0.85715,0.000122,2,0.00575,2278.90299,2278.93185,0.02886,0.00055,-0.00019,7E-05,0.00348,7E-05,0.00348,52.10392,0.0034832,0.0034853,6.689E-05,79999.937,79965.273,0.063,34.727,True,False,-0.20994
285.9,FINE,THRUST,79999.867,88.5232109,88.5232109,1.4767891,0.0215432,0.85687,0.000119,2,0.00573,2278.90357,2278.93186,0.02829,0.00054,-0.00019,0.00012,0.00341,0.00012,0.00341,52.10393,0.0034156,0.0034176,6.559E-05,79999.931,79965.952,0.069,34.048,True,False,0.6801
286.06,FINE,THRUST,79999.867,88.5232113,88.5232113,1.4767887,0.0215363,0.85659,0.000117,2,0.00571,2278.90413,2278.93186,0.02773,0.00053,-0.00019,0.00013,0.00335,0.00013,0.00335,52.10394,0.0033497,0.0033517,6.433E-05,79999.932,79966.611,0.068,33.389,True,False,0.92234
286.22,FINE,THRUST,79999.868,88.5232117,88.5232117,1.4767883,0.0215293,0.85632,0.000115,2,0.00567,2278.90467,2278.93186,0.02719,0.00052,-0.00018,0.00013,0.00328,0.00013,0.00328,52.10395,0.0032848,0.0032868,6.308E-05,79999.933,79967.257,0.067,32.743,True,False,0.9687
286.4,FINE,THRUST,79999.87,88.5232122,88.5232122,1.4767878,0.0215215,0.856,0.000112,2,0.00562,2278.90526,2278.93186,0.0266,0.00051,-0.00018,0.00012,0.00321,0.00012,0.00321,52.10396,0.0032129,0.0032149,6.17E-05,79999.934,79967.969,0.066,32.031,True,False,0.86587
286.56,FINE,THRUST,79999.872,88.5232125,88.5232125,1.4767875,0.0215145,0.85573,0.00011,2,0.00558,2278.90578,2278.93186,0.02608,0.0005,-0.00017,0.00011,0.00315,0.00011,0.00315,52.10396,0.0031498,0.0031518,6.049E-05,79999.936,79968.589,0.064,31.411,True,False,0.62934
286.72,FINE,THRUST,79999.875,88.5232129,88.5232129,1.4767871,0.0215075,0.85545,0.000108,2,0.00555,2278.90629,2278.93185,0.02557,0.00049,-0.00017,0.0001,0.00309,0.0001,0.00309,52.10398,0.0030879,0.0030898,5.93E-05,79999.938,79969.196,0.062,30.804,True,False,0.28243
286.88,FINE,THRUST,79999.878,88.5232133,88.5232133,1.4767867,0.0215005,0.85517,0.000106,2,0.00553,2278.90678,2278.93185,0.02506,0.00048,-0.00017,8E-05,0.00303,8E-05,0.00303,52.10398,0.0030272,0.0030291,5.814E-05,79999.94,79969.79,0.06,30.21,True,False,-0.13408
287.06,FINE,THRUST,79999.88,88.5232137,88.5232137,1.4767863,0.0214927,0.85486,0.000103,2,0.00553,2278.90733,2278.93184,0.02451,0.00047,-0.00016,5E-05,0.00296,5E-05,0.00296,52.10399,0.0029606,0.0029624,5.686E-05,79999.942,79970.443,0.058,29.557,True,False,-0.62267
287.22,FINE,THRUST,79999.882,88.5232141,88.5232141,1.4767859,0.0214856,0.85458,0.000101,2,0.00553,2278.9078,2278.93184,0.02403,0.00046,-0.00016,4E-05,0.0029,4E-05,0.0029,52.104,0.0029028,0.0029045,5.574E-05,79999.945,79971.012,0.055,28.988,True,False,-1.01257
287.38,FINE,THRUST,79999.883,88.5232144,88.5232144,1.4767856,0.0214786,0.8543,9.9E-05,2,0.00555,2278.90827,2278.93183,0.02357,0.00045,-0.00016,2E-05,0.00285,2E-05,0.00285,52.10401,0.0028465,0.0028482,5.466E-05,79999.949,79971.568,0.051,28.432,True,False,-1.30693
287.54,FINE,THRUST,79999.883,88.5232148,88.5232148,1.4767852,0.0214716,0.85402,9.7E-05,2,0.00557,2278.90873,2278.93183,0.02311,0.00044,-0.00015,1E-05,0.00279,1E-05,0.00279,52.10402,0.0027917,0.0027934,5.361E-05,79999.952,79972.112,0.048,27.888,True,False,-1.45742
287.72,FINE,THRUST,79999.882,88.5232152,88.5232152,1.4767848,0.0214637,0.85371,9.5E-05,2,0.00559,2278.90923,2278.93183,0.02261,0.00043,-0.00015,1E-05,0.00273,1E-05,0.00273,52.10403,0.0027316,0.0027332,5.246E-05,79999.956,79972.711,0.044,27.289,True,False,-1.42293
287.88,FINE,THRUST,79999.881,88.5232155,88.5232155,1.4767845,0.0214567,0.85343,9.4E-05,2,0.00561,2278.90967,2278.93184,0.02217,0.00043,-0.00015,1E-05,0.00268,1E-05,0.00268,52.10403,0.0026792,0.0026809,5.145E-05,79999.96,79973.235,0.04,26.765,True,False,-1.20571
288.04,FINE,THRUST,79999.878,88.5232158,88.5232158,1.4767842,0.0214497,0.85315,9.2E-05,2,0.00561,2278.9101,2278.93184,0.02174,0.00042,-0.00015,2E-05,0.00263,2E-05,0.00263,52.10404,0.0026281,0.0026297,5.047E-05,79999.963,79973.748,0.037,26.252,True,False,-0.83762
288.2,FINE,THRUST,79999.876,88.5232161,88.5232161,1.4767839,0.0214426,0.85287,9E-05,2,0.00561,2278.91052,2278.93184,0.02133,0.00041,-0.00014,3E-05,0.00258,3E-05,0.00258,52.10405,0.002578,0.0025796,4.951E-05,79999.966,79974.253,0.034,25.747,True,False,-0.36117
288.38,FINE,THRUST,79999.864,88.5232166,88.5232166,1.4767834,0.0214347,0.85255,8.8E-05,2,0.00558,2278.911,2278.93186,0.02086,0.0004,-0.00014,8E-05,0.00252,8E-05,0.00252,52.10405,0.0025227,0.0025242,4.845E-05,79999.964,79974.814,0.036,25.186,True,False,0.89206
288.54,FINE,THRUST,79999.863,88.5232169,88.5232169,1.4767831,0.0214276,0.85227,8.6E-05,2,0.00555,2278.91142,2278.93187,0.02045,0.00039,-0.00014,0.00012,0.00247,0.00012,0.00247,52.10406,0.002475,0.0024765,4.753E-05,79999.961,79975.306,0.039,24.694,True,False,2.06142
288.7,FINE,THRUST,79999.864,88.5232173,88.5232173,1.4767827,0.0214206,0.85199,8.5E-05,2,0.00548,2278.91182,2278.93187,0.02005,0.00038,-0.00013,0.00013,0.00242,0.00013,0.00242,52.10407,0.0024279,0.0024293,4.662E-05,79999.961,79975.785,0.039,24.215,True,False,2.42456
288.86,FINE,THRUST,79999.866,88.5232175,88.5232175,1.4767825,0.0214135,0.85171,8.3E-05,2,0.0054,2278.91221,2278.93187,0.01966,0.00038,-0.00013,0.00014,0.00238,0.00014,0.00238,52.10407,0.0023807,0.0023821,4.572E-05,79999.961,79976.255,0.039,23.745,True,False,2.46449
289.04,FINE,THRUST,79999.871,88.5232179,88.5232179,1.4767821,0.0214056,0.8514,8.1E-05,2,0.00531,2278.91264,2278.93186,0.01922,0.00037,-0.00013,0.00012,0.00232,0.00012,0.00232,52.10408,0.0023274,0.0023288,4.469E-05,79999.961,79976.773,0.039,23.227,True,False,1.99925
289.2,FINE,THRUST,79999.876,88.5232182,88.5232182,1.4767818,0.0213985,0.85111,8E-05,2,0.00525,2278.91302,2278.93185,0.01883,0.00036,-0.00013,0.0001,0.00228,0.0001,0.00228,52.10409,0.0022799,0.0022813,4.378E-05,79999.961,79977.224,0.039,22.776,True,False,1.16453
289.36,FINE,THRUST,79999.883,88.5232184,88.5232184,1.4767816,0.0213914,0.85083,7.8E-05,2,0.00522,2278.91338,2278.93184,0.01846,0.00035,-0.00012,6E-05,0.00223,6E-05,0.00223,52.10409,0.0022333,0.0022347,4.289E-05,79999.963,79977.665,0.037,22.335,True,False,0.0254
289.52,FINE,THRUST,79999.888,88.5232187,88.5232187,1.4767813,0.0213843,0.85055,7.6E-05,2,0.00521,2278.91374,2278.93183,0.01809,0.00035,-0.00012,2E-05,0.00219,2E-05,0.00219,52.1041,0.0021882,0.0021895,4.202E-05,79999.966,79978.094,0.034,21.906,True,False,-1.26083
289.7,FINE,THRUST,79999.893,88.523219,88.523219,1.476781,0.0213763,0.85023,7.5E-05,2,0.00525,2278.91414,2278.93182,0.01769,0.00034,-0.00012,-2E-05,0.00214,-2E-05,0.00214,52.10411,0.00214,0.0021413,4.11E-05,79999.971,79978.561,0.029,21.439,True,False,-2.66709
289.86,FINE,THRUST,79999.895,88.5232193,88.5232193,1.4767807,0.0213692,0.84995,7.3E-05,2,0.00531,2278.91448,2278.93182,0.01734,0.00033,-0.00012,-5E-05,0.0021,-5E-05,0.0021,52.10411,0.0020992,0.0021005,4.031E-05,79999.976,79978.966,0.024,21.034,True,False,-3.61581
290.02,FINE,THRUST,79999.894,88.5232195,88.5232195,1.4767805,0.0213621,0.84967,7.2E-05,2,0.00539,2278.91481,2278.93181,0.01701,0.00033,-0.00011,-7E-05,0.00206,-7E-05,0.00206,52.10412,0.0020601,0.0020613,3.956E-05,79999.983,79979.359,0.017,20.641,True,False,-4.10297
290.18,FINE,THRUST,79999.89,88.5232198,88.5232198,1.4767802,0.021355,0.84939,7.1E-05,2,0.00548,2278.91514,2278.93182,0.01668,0.00032,-0.00011,-8E-05,0.00202,-8E-05,0.00202,52.10412,0.0020218,0.002023,3.883E-05,79999.991,79979.745,0.009,20.255,True,False,-3.97663
290.36,FINE,THRUST,79999.884,88.52322,88.52322,1.47678,0.021347,0.84907,6.9E-05,2,0.00556,2278.9155,2278.93183,0.01633,0.00031,-0.00011,-6E-05,0.00198,-6E-05,0.00198,52.10413,0.0019791,0.0019803,3.801E-05,79999.999,79980.172,0.001,19.828,True,False,-3.05126
290.52,FINE,THRUST,79999.876,88.5232203,88.5232203,1.4767797,0.0213399,0.84878,6.8E-05,2,0.0056,2278.91581,2278.93184,0.01602,0.00031,-0.00011,-3E-05,0.00194,-3E-05,0.00194,52.10413,0.0019417,0.0019429,3.729E-05,80000.004,79980.549,-0.004,19.451,True,False,-1.60638
290.68,FINE,THRUST,79999.869,88.5232205,88.5232205,1.4767795,0.0213327,0.8485,6.7E-05,2,0.0056,2278.91613,2278.93185,0.01572,0.0003,-0.00011,2E-05,0.00191,2E-05,0.00191,52.10414,0.0019056,0.0019068,3.66E-05,80000.008,79980.922,-0.008,19.078,True,False,0.23683
290.84,FINE,THRUST,79999.863,88.5232207,88.5232207,1.4767793,0.0213256,0.84822,6.5E-05,2,0.00556,2278.91644,2278.93186,0.01543,0.0003,-0.0001,7E-05,0.00187,7E-05,0.00187,52.10414,0.0018712,0.0018723,3.593E-05,80000.01,79981.292,-0.01,18.708,True,False,2.19201
291,FINE,THRUST,79999.859,88.523221,88.523221,1.476779,0.0213175,0.8479,6.4E-05,2,0.00545,2278.91677,2278.93187,0.0151,0.00029,-0.0001,0.00012,0.00183,0.00012,0.00183,52.10415,0.0018342,0.0018353,3.522E-05,80000.008,79981.701,-0.008,18.299,True,False,4.12054
291.18,FINE,THRUST,79999.85,88.5232213,88.5232213,1.4767787,0.0213104,0.84761,6.3E-05,2,0.00532,2278.91708,2278.93188,0.0148,0.00028,-0.0001,0.00018,0.00179,0.00018,0.00179,52.10415,0.0018031,0.0018042,3.463E-05,80000,79982.064,0,17.936,True,False,6.11022
291.34,FINE,THRUST,79999.855,88.5232216,88.5232216,1.4767784,0.0213032,0.84733,6.2E-05,2,0.00517,2278.91739,2278.93189,0.0145,0.00028,-0.0001,0.00022,0.00176,0.00022,0.00176,52.10416,0.0017714,0.0017725,3.402E-05,79999.991,79982.421,0.009,17.579,True,False,7.25143
291.5,FINE,THRUST,79999.864,88.5232218,88.5232218,1.4767782,0.0212961,0.84704,6.1E-05,2,0.00499,2278.91767,2278.93188,0.0142,0.00027,-0.0001,0.00021,0.00172,0.00021,0.00172,52.10416,0.0017335,0.0017346,3.329E-05,79999.986,79982.77,0.014,17.23,True,False,6.33056
291.68,FINE,THRUST,79999.88,88.523222,88.523222,1.476778,0.021288,0.84672,5.9E-05,2,0.00482,2278.91799,2278.93185,0.01386,0.00027,-9E-05,0.00015,0.00168,0.00015,0.00168,52.10417,0.0016865,0.0016875,3.239E-05,79999.981,79983.157,0.019,16.843,True,False,3.69588
291.84,FINE,THRUST,79999.895,88.5232222,88.5232222,1.4767778,0.0212808,0.84644,5.7E-05,2,0.00474,2278.91827,2278.93183,0.01356,0.00026,-9E-05,6E-05,0.00164,6E-05,0.00164,52.10417,0.0016444,0.0016454,3.158E-05,79999.98,79983.494,0.02,16.506,True,False,0.06011
292,FINE,THRUST,79999.91,88.5232224,88.5232224,1.4767776,0.0212736,0.84615,5.6E-05,2,0.00475,2278.91854,2278.9318,0.01326,0.00025,-9E-05,-4E-05,0.00161,-4E-05,0.00161,52.10418,0.0016081,0.0016091,3.088E-05,79999.983,79983.816,0.017,16.184,True,False,-4.25654
292.16,FINE,THRUST,79999.92,88.5232226,88.5232226,1.4767774,0.0212665,0.84587,5.5E-05,2,0.00486,2278.9188,2278.93178,0.01299,0.00025,-9E-05,-0.00014,0.00157,-0.00014,0.00157,52.10418,0.0015811,0.0015821,3.036E-05,79999.993,79984.115,0.007,15.885,True,False,-8.59114
292.34,FINE,THRUST,79999.923,88.5232228,88.5232228,1.4767772,0.0212584,0.84554,5.4E-05,2,0.0051,2278.91906,2278.93177,0.0127,0.00024,-9E-05,-0.00023,0.00154,-0.00023,0.00154,52.10419,0.0015593,0.0015603,2.995E-05,80000.01,79984.422,-0.01,15.578,True,False,-12.18706
292.5,FINE,THRUST,79999.918,88.523223,88.523223,1.476777,0.0212512,0.84526,5.4E-05,2,0.00535,2278.91929,2278.93177,0.01247,0.00024,-8E-05,-0.00027,0.00151,-0.00027,0.00151,52.10419,0.0015394,0.0015403,2.956E-05,80000.029,79984.683,-0.029,15.317,True,False,-13.3992
292.66,FINE,THRUST,79999.906,88.5232232,88.5232232,1.4767768,0.0212439,0.84497,5.3E-05,2,0.0056,2278.91953,2278.93178,0.01226,0.00024,-8E-05,-0.00027,0.00149,-0.00027,0.00149,52.10419,0.001513,0.0015139,2.906E-05,80000.049,79984.941,-0.049,15.059,True,False,-12.40961
292.82,FINE,THRUST,79999.886,88.5232234,88.5232234,1.4767766,0.0212367,0.84468,5.2E-05,2,0.00583,2278.91976,2278.93181,0.01205,0.00023,-8E-05,-0.0002,0.00146,-0.0002,0.00146,52.1042,0.0014792,0.0014801,2.841E-05,80000.069,79985.207,-0.069,14.793,True,False,-9.08512
293,FINE,THRUST,79999.861,88.5232236,88.5232236,1.4767764,0.0212286,0.84436,5E-05,2,0.00597,2278.92004,2278.93185,0.01181,0.00023,-8E-05,-8E-05,0.00144,-8E-05,0.00144,52.1042,0.001439,0.0014399,2.763E-05,80000.085,79985.526,-0.085,14.474,True,False,-2.64353
293.16,FINE,THRUST,79999.838,88.5232237,88.5232237,1.4767763,0.0212214,0.84407,4.9E-05,2,0.00598,2278.92029,2278.93189,0.0116,0.00022,-8E-05,7E-05,0.00141,7E-05,0.00141,52.10421,0.0014135,0.0014144,2.714E-05,80000.091,79985.821,-0.091,14.179,True,False,4.56145
293.32,FINE,THRUST,79999.821,88.5232239,88.5232239,1.4767761,0.0212141,0.84379,4.9E-05,2,0.00581,2278.92053,2278.93192,0.01139,0.00022,-8E-05,0.00023,0.00139,0.00023,0.00139,52.10421,0.0014058,0.0014067,2.7E-05,80000.084,79986.117,-0.084,13.883,True,False,12.13594
293.48,FINE,THRUST,79999.811,88.5232241,88.5232241,1.4767759,0.0212069,0.8435,4.9E-05,2,0.00555,2278.92075,2278.93195,0.0112,0.00021,-8E-05,0.00036,0.00136,0.00036,0.00136,52.10422,0.00141,0.0014109,0,80000.07,79986.399,-0.07,13.601,True,False,18.19052
293.66,FINE,THRUST,79999.809,88.5232242,88.5232242,1.4767758,0.0211987,0.84317,5E-05,2,0.00525,2278.9209,2278.93196,0.01106,0.00021,-7E-05,0.00046,0.00134,0.00046,0.00134,52.10422,0.0014192,0.0014201,0,80000.052,79986.604,-0.052,13.396,True,False,22.02999
293.82,FINE,THRUST,79999.816,88.5232242,88.5232242,1.4767758,0.0211915,0.84288,5E-05,2,0.005,2278.92089,2278.93195,0.01107,0.00021,-7E-05,0.00048,0.00134,0.00048,0.00134,52.10422,0.0014288,0.0014297,0,80000.036,79986.606,-0.036,13.394,True,False,22.67918
293.98,FINE,THRUST,79999.831,88.5232242,88.5232242,1.4767758,0.0211842,0.8426,5E-05,2,0.00475,2278.92088,2278.93194,0.01106,0.00021,-7E-05,0.00046,0.00134,0.00046,0.00134,52.10422,0.0014204,0.0014212,0,80000.021,79986.611,-0.021,13.389,True,False,21.04893
294.14,FINE,THRUST,79999.853,88.5232241,88.5232241,1.4767759,0.021177,0.84231,4.9E-05,2,0.0045,2278.92087,2278.93191,0.01104,0.00021,-7E-05,0.00039,0.00134,0.00039,0.00134,52.10422,0.0013952,0.0013961,0,80000.006,79986.625,-0.006,13.375,True,False,17.0824
294.32,FINE,THRUST,79999.886,88.5232241,88.5232241,1.4767759,0.0211688,0.84198,4.7E-05,2,0.00422,2278.92089,2278.93186,0.01098,0.00021,-7E-05,0.00025,0.00133,0.00025,0.00133,52.10422,0.0013548,0.0013556,0,79999.991,79986.659,0.009,13.341,True,False,9.60745
294.48,FINE,THRUST,79999.921,88.5232242,88.5232242,1.4767758,0.0211615,0.84169,4.6E-05,2,0.00405,2278.92092,2278.93181,0.01089,0.00021,-7E-05,7E-05,0.00132,7E-05,0.00132,52.10422,0.0013222,0.001323,0,79999.982,79986.706,0.018,13.294,True,False,-0.04168
294.64,FINE,THRUST,79999.952,88.5232242,88.5232242,1.4767758,0.0211542,0.8414,4.6E-05,2,0.00409,2278.92095,2278.93175,0.0108,0.00021,-7E-05,-0.00015,0.00131,-0.00015,0.00131,52.10422,0.0013194,0.0013202,2.534E-05,79999.985,79986.74,0.015,13.26,True,False,-11.45199
294.8,FINE,THRUST,79999.976,88.5232242,88.5232242,1.4767758,0.0211469,0.84111,4.7E-05,2,0.00431,2278.921,2278.9317,0.0107,0.00021,-7E-05,-0.00038,0.0013,-0.00038,0.0013,52.10422,0.0013519,0.0013527,2.596E-05,79999.999,79986.795,0.001,13.205,True,False,-22.1435
294.98,FINE,THRUST,79999.994,88.5232244,88.5232244,1.4767756,0.0211387,0.84079,4.9E-05,2,0.0046,2278.92122,2278.93166,0.01044,0.0002,-7E-05,-0.00057,0.00127,-0.00057,0.00127,52.10422,0.0013919,0.0013928,2.673E-05,80000.02,79987.038,-0.02,12.962,True,False,-31.20846
295.14,FINE,THRUST,80000.002,88.5232245,88.5232245,1.4767755,0.0211314,0.8405,5E-05,2,0.00486,2278.92141,2278.93164,0.01024,0.0002,-7E-05,-0.0007,0.00124,-0.0007,0.00124,52.10423,0.0014262,0.001427,2.739E-05,80000.041,79987.243,-0.041,12.757,True,False,-36.4758
295.3,FINE,THRUST,80000.002,88.5232247,88.5232247,1.4767753,0.0211241,0.84021,5E-05,2,0.00513,2278.92159,2278.93163,0.01004,0.00019,-7E-05,-0.00077,0.00122,-0.00077,0.00122,52.10423,0.0014452,0.0014461,2.775E-05,80000.063,79987.445,-0.063,12.555,True,False,-39.41079
295.46,FINE,THRUST,79999.995,88.5232248,88.5232248,1.4767752,0.0211168,0.83991,5E-05,2,0.00539,2278.92178,2278.93164,0.00986,0.00019,-7E-05,-0.0008,0.0012,-0.0008,0.0012,52.10424,0.0014416,0.0014425,2.768E-05,80000.087,79987.651,-0.087,12.349,True,False,-40.21814
295.64,FINE,THRUST,79999.977,88.5232249,88.5232249,1.4767751,0.0211086,0.83959,4.9E-05,2,0.00569,2278.922,2278.93166,0.00965,0.00019,-6E-05,-0.00077,0.00118,-0.00077,0.00118,52.10424,0.0014063,0.0014072,2.701E-05,80000.117,79987.891,-0.117,12.109,True,False,-38.64223
295.8,FINE,THRUST,79999.953,88.523225,88.523225,1.476775,0.0211012,0.8393,4.7E-05,2,0.00595,2278.92221,2278.93169,0.00948,0.00018,-6E-05,-0.00069,0.00116,-0.00069,0.00116,52.10424,0.0013477,0.0013486,2.588E-05,80000.146,79988.115,-0.146,11.885,True,False,-34.87061
295.96,FINE,THRUST,79999.922,88.5232251,88.5232251,1.4767749,0.0210939,0.839,4.4E-05,2,0.00621,2278.92243,2278.93173,0.0093,0.00018,-6E-05,-0.00056,0.00114,-0.00056,0.00114,52.10425,0.0012688,0.0012695,2.437E-05,80000.176,79988.351,-0.176,11.649,True,False,-28.46268
296.12,FINE,THRUST,79999.883,88.5232253,88.5232253,1.4767747,0.0210866,0.83871,4.1E-05,2,0.00646,2278.92266,2278.93179,0.00913,0.00018,-6E-05,-0.00038,0.00112,-0.00038,0.00112,52.10425,0.0011812,0.0011819,2.268E-05,80000.209,79988.599,-0.209,11.401,True,False,-18.771
296.3,FINE,THRUST,79999.832,88.5232255,88.5232255,1.4767745,0.0210783,0.83838,3.8E-05,2,0.00668,2278.92294,2278.93187,0.00893,0.00017,-6E-05,-0.00012,0.00109,-0.00012,0.00109,52.10425,0.0011001,0.0011008,2.113E-05,80000.243,79988.903,-0.243,11.097,True,False,-2.95853
296.46,FINE,THRUST,79999.787,88.5232258,88.5232258,1.4767742,0.021071,0.83809,3.8E-05,2,0.0067,2278.92319,2278.93195,0.00875,0.00017,-6E-05,0.00017,0.00107,0.00017,0.00107,52.10426,0.0010867,0.0010873,2.087E-05,80000.256,79989.193,-0.256,10.807,True,False,14.84532
296.62,FINE,THRUST,79999.75,88.523226,88.523226,1.476774,0.0210636,0.8378,4E-05,2,0.00647,2278.92341,2278.93202,0.00861,0.00017,-6E-05,0.00048,0.00105,0.00048,0.00105,52.10426,0.0011589,0.0011596,0,80000.241,79989.47,-0.241,10.53,True,False,32.36018
296.8,FINE,THRUST,79999.716,88.5232262,88.5232262,1.4767738,0.0210553,0.83747,4.5E-05,2,0.00617,2278.92355,2278.93208,0.00854,0.00016,-6E-05,0.00077,0.00105,0.00077,0.00105,52.10426,0.0013009,0.0013017,0,80000.215,79989.664,-0.215,10.336,True,False,46.35587
296.98,FINE,THRUST,79999.693,88.5232262,88.5232262,1.4767738,0.021047,0.83714,5.1E-05,2,0.00589,2278.92353,2278.93213,0.0086,0.00017,-6E-05,0.001,0.00105,0.001,0.00105,52.10426,0.0014544,0.0014553,0,80000.188,79989.675,-0.188,10.325,True,False,54.81904
297.14,FINE,THRUST,79999.676,88.5232261,88.5232261,1.4767739,0.0210396,0.83685,5.5E-05,2,0.00564,2278.92349,2278.93216,0.00867,0.00017,-6E-05,0.00116,0.00106,0.00116,0.00106,52.10426,0.0015675,0.0015685,0,80000.164,79989.661,-0.164,10.339,True,False,59.39172
297.3,FINE,THRUST,79999.666,88.5232261,88.5232261,1.4767739,0.0210323,0.83655,5.9E-05,2,0.0054,2278.92348,2278.93219,0.00871,0.00017,-6E-05,0.00132,0.00106,0.00132,0.00106,52.10426,0.001693,0.001694,0,80000.132,79989.643,-0.132,10.357,True,False,63.26053
297.46,FINE,THRUST,79999.668,88.5232259,88.5232259,1.4767741,0.0210249,0.83626,6.1E-05,2,0.00516,2278.92343,2278.9322,0.00877,0.00017,-6E-05,0.00137,0.00107,0.00137,0.00107,52.10426,0.0017392,0.0017402,0,80000.109,79989.608,-0.109,10.392,True,False,64.09487
297.64,FINE,THRUST,79999.68,88.5232256,88.5232256,1.4767744,0.0210165,0.83593,6.1E-05,2,0.00489,2278.92337,2278.93219,0.00882,0.00017,-6E-05,0.00138,0.00107,0.00138,0.00107,52.10426,0.0017449,0.001746,0,80000.086,79989.566,-0.086,10.434,True,False,63.36099
297.8,FINE,THRUST,79999.698,88.5232254,88.5232254,1.4767746,0.0210091,0.83563,6E-05,2,0.00465,2278.92333,2278.93216,0.00884,0.00017,-6E-05,0.00133,0.00108,0.00133,0.00108,52.10426,0.0017086,0.0017096,0,80000.066,79989.536,-0.066,10.464,True,False,61.24798
297.96,FINE,THRUST,79999.724,88.5232252,88.5232252,1.4767748,0.0210017,0.83534,5.7E-05,2,0.0044,2278.92329,2278.93213,0.00884,0.00017,-6E-05,0.00123,0.00108,0.00123,0.00108,52.10426,0.0016341,0.0016351,0,80000.047,79989.517,-0.047,10.483,True,False,57.63634
298.12,FINE,THRUST,79999.758,88.523225,88.523225,1.476775,0.0209943,0.83504,5.3E-05,2,0.00415,2278.92328,2278.93208,0.0088,0.00017,-6E-05,0.00109,0.00107,0.00109,0.00107,52.10426,0.0015245,0.0015254,0,80000.03,79989.518,-0.03,10.482,True,False,52.2252
298.3,FINE,THRUST,79999.805,88.523225,88.523225,1.476775,0.020986,0.83471,4.8E-05,2,0.00387,2278.92329,2278.93201,0.00872,0.00017,-6E-05,0.00086,0.00106,0.00086,0.00106,52.10426,0.0013668,0.0013677,0,80000.012,79989.55,-0.012,10.45,True,False,43.2583
298.46,FINE,THRUST,79999.855,88.5232251,88.5232251,1.4767749,0.0209785,0.83442,4.2E-05,2,0.00362,2278.92333,2278.93194,0.00861,0.00017,-6E-05,0.00061,0.00105,0.00061,0.00105,52.10426,0.0012113,0.001212,0,79999.997,79989.613,0.003,10.387,True,False,31.57617
298.62,FINE,THRUST,79999.913,88.5232253,88.5232253,1.4767747,0.0209711,0.83412,3.7E-05,2,0.00337,2278.9234,2278.93185,0.00845,0.00016,-6E-05,0.00031,0.00103,0.00031,0.00103,52.10426,0.0010711,0.0010717,0,79999.983,79989.716,0.017,10.284,True,False,14.78764
298.78,FINE,THRUST,79999.973,88.5232257,88.5232257,1.4767743,0.0209637,0.83382,3.5E-05,2,0.00321,2278.92351,2278.93174,0.00824,0.00016,-6E-05,-5E-05,0.001,-5E-05,0.001,52.10426,0.0010007,0.0010013,0,79999.975,79989.855,0.025,10.145,True,False,-8.449
298.96,FINE,THRUST,80000.033,88.523226,88.523226,1.476774,0.0209553,0.83349,3.8E-05,2,0.00344,2278.9236,2278.93164,0.00804,0.00015,-5E-05,-0.0005,0.00098,-0.0005,0.00098,52.10426,0.0010988,0.0010995,2.11E-05,79999.991,79989.948,0.009,10.052,True,False,-36.04885
299.14,CAPTURE,COAST,80000.082,88.5232264,88.5232264,1.4767736,0.0209478,0.83319,4.5E-05,2,0.00369,2278.92368,2278.93155,0.00788,0.00015,-5E-05,-0.00086,0.00096,-0.00086,0.00096,52.10426,0.0012868,0.0012876,0,80000.008,79990.03,-0.008,9.97,True,True,-11.94063
299.3,CAPTURE,COAST,80000.118,88.5232269,88.5232269,1.4767731,0.0209395,0.83286,5.3E-05,2,0.00398,2278.92381,2278.93148,0.00767,0.00015,-5E-05,-0.0012,0.00093,-0.0012,0.00093,52.10426,0.001522,0.001523,0,80000.031,79990.167,-0.031,9.833,True,True,-13.85107
299.48,CAPTURE,COAST,80000.148,88.5232276,88.5232276,1.4767724,0.0209311,0.83253,6.1E-05,2,0.00424,2278.92378,2278.93142,0.00764,0.00015,-5E-05,-0.00147,0.00093,-0.00147,0.00093,52.10426,0.0017439,0.001745,0,80000.051,79990.118,-0.051,9.882,True,True,-15.48757
299.64,CAPTURE,COAST,80000.168,88.5232282,88.5232282,1.4767718,0.0209236,0.83223,6.7E-05,2,0.00447,2278.92374,2278.93138,0.00764,0.00015,-5E-05,-0.00166,0.00093,-0.00166,0.00093,52.10426,0.0019077,0.0019088,0,80000.068,79990.049,-0.068,9.951,True,True,-16.48292
299.82,FINE,COAST,80000.18,88.5232287,88.5232287,1.4767713,0.0209161,0.83193,7.1E-05,2,0.00469,2278.92368,2278.93135,0.00767,0.00015,-5E-05,-0.00181,0.00094,-0.00181,0.00094,52.10426,0.0020338,0.002035,0,80000.085,79989.964,-0.085,10.036,True,False,-17.07852
300.02,FINE,THRUST,80000.184,88.5232292,88.5232292,1.4767708,0.0209068,0.83156,7.5E-05,2,0.00496,2278.92359,2278.93133,0.00774,0.00015,-5E-05,-0.00191,0.00095,-0.00191,0.00095,52.10426,0.0021347,0.002136,4.099E-05,80000.108,79989.844,-0.108,10.156,True,False,-80.58839
300.18,FINE,THRUST,80000.178,88.5232294,88.5232294,1.4767706,0.0208983,0.83123,7.6E-05,2,0.00525,2278.92363,2278.93133,0.0077,0.00015,-5E-05,-0.00196,0.00094,-0.00196,0.00094,52.10427,0.0021709,0.0021722,4.169E-05,80000.135,79989.865,-0.135,10.135,True,False,-80.72631
300.36,CAPTURE,COAST,80000.163,88.5232287,88.5232287,1.4767713,0.0208908,0.83093,7.5E-05,2,0.00559,2278.92388,2278.93135,0.00747,0.00014,-5E-05,-0.00196,0.00091,-0.00196,0.00091,52.10427,0.00216,0.0021614,0,80000.175,79990.126,-0.175,9.874,True,True,-15.59328
300.54,CAPTURE,COAST,80000.138,88.5232282,88.5232282,1.4767718,0.0208814,0.83055,7.3E-05,2,0.00594,2278.92405,2278.93138,0.00733,0.00014,-5E-05,-0.00188,0.0009,-0.00188,0.0009,52.10428,0.002085,0.0020863,0,80000.22,79990.29,-0.22,9.71,True,True,-14.04975
300.7,CAPTURE,COAST,80000.111,88.5232285,88.5232285,1.4767715,0.0208739,0.83025,6.9E-05,2,0.00611,2278.92402,2278.93142,0.0074,0.00014,-5E-05,-0.00175,0.00091,-0.00175,0.00091,52.10428,0.0019733,0.0019745,0,80000.237,79990.246,-0.237,9.754,True,True,-12.37655
300.86,CAPTURE,COAST,80000.081,88.5232287,88.5232287,1.4767713,0.0208664,0.82996,6.4E-05,2,0.0062,2278.92403,2278.93147,0.00744,0.00014,-5E-05,-0.00158,0.00091,-0.00158,0.00091,52.10428,0.0018292,0.0018303,0,80000.249,79990.243,-0.249,9.757,True,True,-10.56088
301.02,CAPTURE,COAST,80000.051,88.5232289,88.5232289,1.4767711,0.0208589,0.82966,5.8E-05,2,0.00623,2278.92405,2278.93152,0.00747,0.00014,-5E-05,-0.00139,0.00092,-0.00139,0.00092,52.10428,0.0016687,0.0016697,0,80000.254,79990.269,-0.254,9.731,True,True,-8.71338
301.22,CAPTURE,COAST,80000.013,88.5232292,88.5232292,1.4767708,0.0208504,0.82932,5.2E-05,2,0.0062,2278.92409,2278.93158,0.00749,0.00014,-5E-05,-0.00117,0.00092,-0.00117,0.00092,52.10428,0.0014867,0.0014876,0,80000.254,79990.319,-0.254,9.681,True,True,-6.49038