MET,mode,actuator,alt_m,inc_deg,plane_angle_err_deg,plane_effectiveness_ratio,plane_trim_accel_mps2,plane_trim_yaw_deg,radial_vel_mps,tangential_vel_mps,circular_vel_mps,tangential_error_mps,tgo_s,natural_radial_accel,radial_req_accel,tangential_req_accel,radial_alloc_accel,tangential_alloc_accel,max_accel,base_command_accel,total_command_accel,throttle,ap_m,pe_m,ap_error_m,pe_error_m,fine_latched,capture,steer_angle_err_deg
211.8,TGO,THRUST,79600.74,29.5286732,0.6507212,0.44394,1.598232,2.3537,61.77273,1323.81913,2279.61128,955.79216,21.19038,-5.06792,-0.93208,334.64758,-0.93208,38.8724,38.88357,38.883569,38.9164012,1,79971.17,-462181.818,28.83,542181.818,False,False,-4.6483
211.96,TGO,THRUST,79610.503,29.5286812,0.6507172,0.44369,1.607224,2.36342,61.07115,1326.12481,2279.59481,953.47,21.12012,-5.05875,-0.94125,333.83367,-0.94125,38.93009,38.94147,38.9414704,38.9746236,1,79973.151,-461598.797,26.849,541598.797,False,False,-4.52884
212.12,TGO,THRUST,79620.184,29.5283454,0.6508833,0.44398,1.626372,2.3868,60.58606,1332.31221,2279.57849,947.26628,20.96072,-5.03436,-0.96564,331.66197,-0.96564,39.00699,39.01894,39.018941,39.0528212,1,79978.807,-460033.236,21.193,540033.236,False,False,-4.15204
212.28,TGO,THRUST,79629.777,29.5282307,0.65094,0.44397,1.64664,2.41171,60.07638,1338.51342,2279.56231,941.04889,20.80129,-5.00981,-0.99019,329.48543,-0.99019,39.08418,39.09672,39.0967206,39.131381,1,79984.108,-458450.78,15.892,538450.78,False,False,-3.54969
212.44,TGO,THRUST,79639.272,29.5292536,0.650435,0.44246,1.671459,2.44314,59.48913,1344.73032,2279.54628,934.81596,20.64181,-4.98509,-1.01491,327.30329,-1.01491,39.16166,39.17481,39.1748108,39.2104523,1,79988.416,-456850.708,11.584,536850.708,False,False,-2.85404
212.6,TGO,THRUST,79648.656,29.531967,0.6491026,0.4387,1.703271,2.48461,58.81091,1350.96196,2279.53042,928.56846,20.48229,-4.96019,-1.03981,325.11586,-1.03981,39.23944,39.25321,39.2532135,39.2901502,1,79991.57,-455233.039,8.43,535233.039,False,False,-2.17901
212.76,TGO,THRUST,79657.913,29.536655,0.646825,0.43228,1.744052,2.53894,58.05161,1357.20654,2279.51476,922.30822,20.32276,-4.93514,-1.06486,322.9238,-1.06486,39.31751,39.33193,39.3319308,39.3705791,1,79993.695,-453598.036,6.305,533598.036,False,False,-1.59559
212.92,TGO,THRUST,79667.043,29.5433825,0.6436101,0.42303,1.795624,2.60868,57.23124,1363.46267,2279.49932,916.03665,20.16326,-4.90993,-1.09007,320.72764,-1.09007,39.39589,39.41096,39.4109644,39.4518488,1,79995.025,-451945.866,4.975,531945.866,False,False,-1.13826
213.08,TGO,THRUST,79676.039,29.5520388,0.6395672,0.41097,1.859843,2.69642,56.37051,1369.72967,2279.48409,909.75442,20.00379,-4.88456,-1.11544,318.52765,-1.11544,39.47456,39.49032,39.4903162,39.5340877,1,79995.83,-450276.507,4.17,530276.507,False,False,-0.81775
213.24,TGO,THRUST,79684.895,29.5623861,0.6348749,0.39631,1.93873,2.80496,55.48614,1376.00747,2279.46909,903.46162,19.84437,-4.85903,-1.14097,316.3239,-1.14097,39.55354,39.56999,39.5699882,39.6174538,1,79996.301,-448589.792,3.699,528589.792,False,False,-0.62378
213.4,TGO,THRUST,79693.607,29.5741065,0.6297483,0.37935,2.034548,2.93742,54.58944,1382.29629,2279.45433,897.15804,19.68498,-4.83335,-1.16665,314.11634,-1.16665,39.63282,39.64998,39.6499824,39.7021471,1,79996.572,-446885.457,3.428,526885.457,False,False,-0.52055
213.56,TGO,THRUST,79702.176,29.5868495,0.6244066,0.36049,2.149894,3.09738,53.68681,1388.59652,2279.43981,890.84329,19.52563,-4.8075,-1.1925,311.90483,-1.1925,39.71241,39.73031,39.7303053,39.7884306,1,79996.72,-445163.182,3.28,525163.182,False,False,-0.46574
213.72,TGO,THRUST,79710.6,29.6002742,0.6190473,0.34015,2.28784,3.28903,52.78109,1394.90863,2279.42554,884.5169,19.3663,-4.7815,-1.2185,309.68924,-1.2185,39.7923,39.81095,39.8109497,39.8766338,1,79996.777,-443422.622,3.223,523422.622,False,False,-0.45106
213.88,TGO,THRUST,79718.879,29.6140827,0.6138293,0.31873,2.452181,3.51758,51.87292,1401.23304,2279.4115,878.17846,19.20698,-4.75533,-1.24467,307.4694,-1.24467,39.8725,39.89192,39.891922,39.9672195,1,79996.752,-441663.431,3.248,521663.431,False,False,-0.51105
214.04,TGO,THRUST,79727.012,29.6280459,0.6088642,0.29657,2.64792,3.78987,50.96196,1407.5701,2279.39771,871.82761,19.04768,-4.72899,-1.27101,305.24519,-1.27101,39.95301,39.97322,39.9732245,40.0608307,1,79996.643,-439885.275,3.357,519885.275,False,False,-0.67332
214.2,TGO,THRUST,79734.998,29.6420187,0.604217,0.2739,2.882099,4.11556,50.04755,1413.92007,2279.38417,865.4641,18.88838,-4.70249,-1.29751,303.01654,-1.29751,40.03384,40.05486,40.0548566,40.1584117,1,79996.444,-438087.844,3.556,518087.844,False,False,-0.92726
214.36,TGO,THRUST,79742.837,29.6559466,0.5999121,0.25085,3.165311,4.50919,49.12922,1420.28304,2279.37087,859.08783,18.72909,-4.67581,-1.32419,300.78339,-1.32419,40.11498,40.13683,40.1368252,40.2614447,1,79996.152,-436270.857,3.848,516270.857,False,False,-1.2549
214.52,TGO,THRUST,79750.529,29.6698674,0.5959431,0.22737,3.514454,4.99397,48.20676,1426.65901,2279.35782,852.69881,18.5698,-4.64897,-1.31092,298.54576,-1.31092,40.19776,40.21913,40.2191299,40.3723891,1,79995.766,-434434.067,4.234,514434.067,False,False,-1.64581
214.68,TGO,THRUST,79758.072,29.6838966,0.5922877,0.20331,3.525948,5,47.28019,1433.04785,2279.34502,846.29717,18.41053,-4.62195,-1.28475,296.30368,-1.28475,40.28129,40.30177,40.301773,40.4557192,1,79995.288,-432577.254,4.712,512577.254,False,False,-1.52191
214.84,TGO,THRUST,79765.466,29.6982283,0.5889172,0.17835,3.533208,5,46.34923,1439.44929,2279.33246,839.88317,18.25127,-4.59477,-1.25589,294.05726,-1.25589,40.36522,40.38476,40.3847563,40.5390195,1,79994.718,-430700.237,5.282,510700.237,False,False,1.34436
215,TGO,THRUST,79772.711,29.7132338,0.585789,0.15186,3.540498,5,45.41468,1445.86279,2279.32016,833.45737,18.09205,-4.56741,-1.22438,291.80668,-1.22438,40.44956,40.46808,40.4680821,40.6226636,1,79994.066,-428802.916,5.934,508802.916,False,False,1.13197
215.16,TGO,THRUST,79779.806,29.7291887,0.5829196,0.12334,3.547819,5,44.47835,1452.2879,2279.30811,827.0202,17.93286,-4.53989,-1.19054,289.5521,-1.19054,40.53427,40.55175,40.5517525,40.7066536,1,79993.35,-426885.16,6.65,506885.16,False,False,0.90519
215.32,TGO,THRUST,79786.752,29.7462344,0.5803816,0.09254,3.555169,5,43.54249,1458.72437,2279.29631,820.57194,17.77371,-4.5122,-1.15475,287.29361,-1.15475,40.61936,40.63577,40.6357695,40.7909916,1,79992.595,-424946.789,7.405,504946.789,False,False,0.6882
215.48,TGO,THRUST,79793.549,29.7644015,0.5782842,0.05943,3.56255,5,42.60925,1465.1721,2279.28476,814.11266,17.61461,-4.48434,-1.11744,285.03127,-1.11744,40.7048,40.72014,40.7201354,40.8756797,1,79991.822,-422987.564,8.178,502987.564,False,False,0.50944
215.62,TGO,THRUST,79800.198,29.7836309,0.5767542,0.02419,0,0,41.6805,1471.63115,2279.27346,807.6423,17.45556,-4.45632,-1.07897,282.76504,-1.07897,40.79058,40.80485,40.8048524,40.8048524,1,79991.049,-421007.195,8.951,501007.195,False,False,4.81268
215.78,TGO,THRUST,79806.699,29.8038373,0.5759169,0,0,0,40.75779,1478.10168,2279.2624,801.16072,17.29655,-4.42813,-1.03963,280.49487,-1.03963,40.8767,40.88992,40.8899226,40.8899226,1,79990.291,-419005.363,9.709,499005.363,False,False,4.91805
215.94,TGO,THRUST,79813.054,29.8257445,0.5759045,0,0,0,39.84241,1484.58185,2279.2516,794.66975,17.13762,-4.39977,-0.99969,278.22142,-0.99969,40.96315,40.97535,40.9753482,40.9753482,1,79989.559,-416982.361,10.441,496982.361,False,False,4.77455
216.1,TGO,THRUST,79819.264,29.8478671,0.5768371,0.02711,0,0,38.93502,1491.07526,2279.24103,788.16577,16.9787,-4.37124,-0.95928,275.94342,-0.95928,41.04992,41.06113,41.0611316,41.0611316,1,79988.857,-414936.777,11.143,494936.777,False,False,4.36858
216.28,TGO,THRUST,79825.331,29.8683897,0.5785478,0.06499,3.59992,5,38.03612,1497.58645,2279.23071,781.64426,16.81971,-4.3425,-0.91853,273.65928,-0.91853,41.13702,41.14727,41.1472748,41.3044508,1,79988.191,-412866.862,11.809,492866.862,False,False,8.73713
216.44,TGO,THRUST,79831.255,29.8861581,0.5806816,0.09764,3.607488,5,37.14628,1504.11771,2279.22063,775.10292,16.66061,-4.31356,-0.87757,271.36821,-0.87757,41.22444,41.23378,41.2337803,41.3912867,0,79987.565,-410771.525,12.435,490771.525,False,False,7.90648
216.6,TGO,THRUST,79837.057,29.896017,0.5821247,0.1158,3.609385,5,36.33726,1508.20448,2279.21079,771.0063,16.56986,-4.29535,-0.83677,269.93282,-0.83677,41.24698,41.25546,41.2554636,41.4130527,1,79987.195,-409449.055,12.805,489449.055,False,False,6.85664
216.76,TGO,THRUST,79842.731,29.9008125,0.582895,0.12479,3.615088,5,35.5807,1510.65609,2279.20113,768.54504,16.50146,-4.28436,-0.79735,269.06983,-0.79735,41.31296,41.32065,41.3206503,41.4784885,1,79986.993,-408650.433,13.007,488650.433,False,False,5.39896
216.92,TGO,THRUST,79848.268,29.9068953,0.5839349,0.13613,3.622721,5,34.7163,1517.23194,2279.19171,761.95977,16.34205,-4.25497,-0.75615,266.7634,-0.75615,41.40098,41.40789,41.4078871,41.5660585,1,79986.493,-406501.71,13.507,486501.71,False,False,3.79215
217.08,TGO,THRUST,79853.669,29.9041172,0.58345,0.13168,3.630385,5,33.86348,1523.82396,2279.18251,755.35856,16.1826,-4.22539,-0.7153,264.4514,-0.7153,41.48933,41.49549,41.495493,41.653999,1,79986.047,-404327.664,13.953,484327.664,False,False,2.28829
217.24,TGO,THRUST,79858.935,29.8937478,0.5817633,0.11363,3.638082,5,33.02225,1530.42449,2279.17355,748.74906,16.02327,-4.19564,-0.67476,262.13651,-0.67476,41.578,41.58347,41.5834703,41.7423124,1,79985.651,-402130.482,14.349,482130.482,False,False,1.04316
217.4,TGO,THRUST,79864.069,29.8771218,0.5794723,0.08415,3.645812,5,32.1926,1537.02933,2279.1648,742.13547,15.86412,-4.16575,-0.63451,259.8202,-0.63451,41.66699,41.67182,41.6718216,41.8310011,1,79985.304,-399911.277,14.696,479911.277,False,False,0.46248
217.54,TGO,THRUST,79869.072,29.8557006,0.5772832,0.04569,0,0,31.37459,1543.63754,2279.15628,735.51873,15.70518,-4.13572,-0.59456,257.50279,-0.59456,41.75632,41.76055,41.760549,41.760549,1,79985.003,-397670.1,14.997,477670.1,False,False,5.81254
217.7,TGO,THRUST,79873.947,29.8308903,0.5758355,0.00082,0,0,30.56835,1550.25055,2279.14797,728.89742,15.54643,-4.10554,-0.55497,255.1838,-0.55497,41.84598,41.84966,41.8496551,41.8496551,1,79984.748,-395406.2,15.252,475406.2,False,False,6.13549
217.86,TGO,THRUST,79878.108,29.8033247,0.5756078,0,0,0,29.77404,1556.86903,2279.13988,722.27085,15.38784,-4.07521,-0.51581,252.86298,-0.51581,41.93597,41.93914,41.9391423,41.9391423,1,79984.539,-393119.056,15.461,473119.056,False,False,6.01913
218.02,TGO,THRUST,79883.318,29.7757738,0.5768354,0.03546,0,0,28.99178,1563.50189,2279.132,715.63012,15.22926,-4.04469,-0.47716,250.53721,-0.47716,42.0263,42.02901,42.029013,42.029013,1,79984.376,-390805.262,15.624,470805.262,False,False,5.47567
218.2,TGO,THRUST,79887.818,29.7507301,0.5792064,0.08086,3.684959,5,28.22165,1570.15729,2279.12433,708.96705,15.07053,-4.01393,-0.43912,248.20364,-0.43912,42.11698,42.11927,42.1192697,42.2801584,1,79984.258,-388461.54,15.742,468461.54,False,False,9.45484
218.36,TGO,THRUST,79892.198,29.7298264,0.5820896,0.11835,3.692889,5,27.46369,1576.83906,2279.11687,702.27781,14.91158,-3.98293,-0.40175,245.86093,-0.40175,42.208,42.20991,42.2099148,42.3711498,0,79984.185,-386086.048,15.815,466086.048,False,False,8.26063
218.52,TGO,THRUST,79896.467,29.7188583,0.5839268,0.13767,3.694877,5,26.75838,1581.02396,2279.1096,698.08564,14.82013,-3.96342,-0.35788,244.3922,-0.35788,42.23112,42.23264,42.2326371,42.3939589,1,79984.16,-384585.301,15.84,464585.301,False,False,6.86993
218.68,TGO,THRUST,79900.627,29.7146635,0.5846863,0.14481,3.700854,5,26.08698,1583.53821,2279.10251,695.5643,14.75244,-3.95164,-0.31069,243.50826,-0.31069,42.29981,42.30095,42.300951,42.4625338,1,79984.169,-383677.946,15.831,463677.946,False,False,5.17035
218.84,TGO,THRUST,79904.67,29.7102206,0.5855253,0.15244,3.708853,5,25.36106,1590.27568,2279.09561,688.81993,14.59299,-3.92012,-0.27472,241.14629,-0.27472,42.39149,42.39238,42.3923807,42.5543127,1,79984.212,-381236.305,15.788,461236.305,False,False,3.37309
219,TGO,THRUST,79908.6,29.7149559,0.5846347,0.1438,3.716886,5,24.64688,1597.02793,2279.08891,682.06098,14.43355,-3.8884,-0.23929,238.77924,-0.23929,42.48353,42.48421,42.4842065,42.6464892,1,79984.288,-378765.509,15.712,458765.509,False,False,1.71561
219.16,TGO,THRUST,79912.418,29.727722,0.582445,0.12076,3.724955,5,23.94543,1603.78616,2279.08239,675.29623,14.27427,-3.85652,-0.20465,236.41016,-0.20465,42.57594,42.57643,42.5764309,42.739066,1,79984.4,-376268.373,15.6,456268.373,False,False,0.43093
219.32,TGO,THRUST,79916.126,29.7471208,0.5797094,0.08553,3.733059,5,23.25723,1610.54559,2279.07606,668.53047,14.11526,-3.8245,-0.17095,234.04076,-0.17095,42.66871,42.66906,42.6690567,42.8320455,1,79984.55,-373746.336,15.45,453746.336,False,False,0.89171
219.46,TGO,THRUST,79919.727,29.7715471,0.5772907,0.04078,0,0,22.5824,1617.30561,2279.06991,661.7643,13.95652,-3.79235,-0.13826,231.67122,-0.13826,42.76186,42.76209,42.7620863,42.7620863,1,79984.737,-371199.326,15.263,451199.326,False,False,6.49736
219.62,TGO,THRUST,79923.222,29.7994238,0.5759424,0,0,0,21.9207,1624.06864,2279.06395,654.99531,13.798,-3.76004,-0.10657,229.30072,-0.10657,42.85539,42.85552,42.8555225,42.8555225,1,79984.958,-368626.111,15.042,448626.111,False,False,6.87353
219.78,TGO,THRUST,79926.613,29.82993,0.5762019,0.00574,0,0,21.27181,1630.83634,2279.05815,648.22182,13.63969,-3.72759,-0.07585,226.92866,-0.07585,42.9493,42.94937,42.9493678,42.9493678,1,79985.21,-366025.711,14.79,446025.711,False,False,6.65372
219.96,TGO,THRUST,79929.903,29.8601849,0.5782469,0.0616,3.765829,5,20.63539,1637.61987,2279.05253,641.43266,13.48136,-3.69492,-0.04612,224.55113,-0.04612,43.0436,43.04363,43.0436251,43.2080448,1,79985.489,-363393.416,14.511,443393.416,False,False,10.9648
220.12,TGO,THRUST,79933.093,29.8877073,0.5816388,0.11198,3.774112,5,20.01116,1644.42884,2279.04708,634.61824,13.32285,-3.662,-0.01739,222.16478,-0.01739,43.13829,43.1383,43.1382971,43.3030783,0,79985.793,-360724.947,14.207,440724.947,False,False,9.84996
220.28,TGO,THRUST,79936.188,29.9031684,0.5841757,0.14012,3.776188,5,19.40861,1648.69536,2279.0418,630.34644,13.23095,-3.64129,0.02669,220.66832,0.02669,43.16202,43.16203,43.1620301,43.3269021,0,79985.995,-359038.176,14.005,439038.176,False,False,8.41867
220.44,TGO,THRUST,79939.189,29.903173,0.5841765,0.14051,3.776188,5,18.826,1648.68793,2279.03667,630.34874,13.231,-3.64127,0.09795,220.66771,0.09795,43.16192,43.16203,43.1620301,43.3269021,1,79985.995,-359038.18,14.005,439038.18,False,False,6.73593
220.6,TGO,THRUST,79942.096,29.9075675,0.5849834,0.14875,3.782431,5,18.2385,1651.26002,2279.0317,627.77168,13.16401,-3.62874,0.15419,219.76438,0.15419,43.23311,43.23339,43.2333864,43.3985309,1,79986.128,-358015.146,13.872,438015.146,False,False,4.70321
220.76,TGO,THRUST,79944.909,29.9108777,0.5856154,0.15512,3.790787,5,17.64965,1658.14938,2279.02689,620.8775,13.00455,-3.59516,0.1829,217.35017,0.1829,43.32851,43.3289,43.3288958,43.4944051,1,79986.488,-355260.701,13.512,435260.701,False,False,2.62155
220.92,TGO,THRUST,79947.631,29.9033963,0.5842114,0.14236,3.79918,5,17.07237,1665.05131,2279.02223,613.97092,12.84515,-3.56138,0.21084,214.93163,0.21084,43.42432,43.42483,43.4248281,43.5907039,1,79986.862,-352473.141,13.138,432473.141,False,False,0.79254
221.08,TGO,THRUST,79950.258,29.8870537,0.5815,0.11361,3.80761,5,16.50846,1671.9544,2279.01773,607.06332,12.68603,-3.52746,0.23747,212.51276,0.23747,43.52054,43.52119,43.5211862,43.6874301,1,79987.258,-349656.624,12.742,429656.624,False,False,0.76111
221.24,TGO,THRUST,79952.798,29.8638614,0.5785063,0.0721,3.816078,5,15.95857,1678.85435,2279.01339,600.15904,12.52726,-3.49341,0.26286,210.09507,0.26286,43.61718,43.61797,43.6179729,43.7845865,1,79987.668,-346812.562,12.332,426812.562,False,False,1.7947
221.38,TGO,THRUST,79955.256,29.8358931,0.5762525,0.02144,0,0,15.42247,1685.75268,2279.00918,593.25649,12.36881,-3.45924,0.28637,207.67801,0.28637,43.71425,43.71519,43.715191,43.715191,1,79988.107,-343939.965,11.893,423939.965,False,False,7.40627
221.54,TGO,THRUST,79957.631,29.8050681,0.5755085,0,0,0,14.89943,1692.65453,2279.00511,586.35058,12.2106,-3.4249,0.30842,205.25979,0.30842,43.81176,43.81284,43.8128435,43.8128435,1,79988.562,-341036.316,11.438,421036.316,False,False,7.53758
221.7,TGO,THRUST,79959.925,29.7724448,0.5767177,0.03551,0,0,14.38863,1699.56358,2279.00118,579.4376,12.05255,-3.3904,0.32919,202.83912,0.32919,43.9097,43.91093,43.9109332,43.9109332,1,79989.028,-338099.606,10.972,418099.606,False,False,7.11691
221.88,TGO,THRUST,79962.138,29.7409802,0.5798188,0.09267,3.850329,5,13.88941,1706.49316,2278.99739,572.50422,11.89441,-3.35565,0.34873,200.41134,0.34873,44.00808,44.00946,44.0094631,44.1775721,1,79989.503,-335123.596,10.497,415123.596,False,False,11.22166
222.04,TGO,THRUST,79964.274,29.713135,0.5841241,0.1425,3.858988,5,13.40128,1713.45344,2278.99373,565.54029,11.73599,-3.32061,0.36708,197.97287,0.36708,44.10691,44.10844,44.1084362,44.2769232,0,79989.984,-332103.178,10.016,412103.178,False,False,9.91095
222.2,TGO,THRUST,79966.329,29.697894,0.5870894,0.16917,3.861159,5,12.90367,1717.81769,2278.9902,561.17251,11.64339,-3.29855,0.4122,196.44298,0.4122,44.13132,44.13325,44.133249,44.3018309,0,79990.287,-330192.291,9.713,410192.291,False,False,8.33084
222.36,TGO,THRUST,79968.299,29.6978908,0.5870901,0.16878,3.861159,5,12.3759,1717.8126,2278.98681,561.1742,11.64342,-3.29854,0.50397,196.44224,0.50397,44.13037,44.13325,44.133249,44.3018309,1,79990.287,-330192.28,9.713,410192.28,False,False,6.57786
222.52,TGO,THRUST,79970.191,29.694457,0.5878139,0.17446,3.867686,5,11.87139,1720.4461,2278.98356,558.53746,11.57713,-3.2852,0.57051,195.51815,0.57051,44.20417,44.20786,44.2078554,44.3767222,1,79990.458,-329032.352,9.542,409032.352,False,False,4.59203
222.68,TGO,THRUST,79972.009,29.6926417,0.5882052,0.17735,3.876424,5,11.41154,1727.49312,2278.98043,551.48731,11.41769,-3.24943,0.59179,193.04955,0.59179,44.30377,44.30772,44.3077238,44.4769721,1,79990.91,-325909.402,9.09,405909.402,False,False,2.59415
222.84,TGO,THRUST,79973.756,29.7004917,0.5865616,0.16325,3.8852,5,10.9623,1734.55205,2278.97743,544.42538,11.25832,-3.21346,0.61225,190.57685,0.61225,44.40382,44.40804,44.4080445,44.577676,1,79991.36,-322747.679,8.64,402747.679,False,False,0.81865
223,TGO,THRUST,79975.433,29.7165395,0.5835622,0.13442,3.894017,5,10.52638,1741.61283,2278.97455,537.36171,11.09922,-3.17734,0.63095,188.10356,0.63095,44.50435,44.50882,44.5088205,44.678837,1,79991.819,-319551.131,8.181,399551.131,False,False,0.66106
223.16,TGO,THRUST,79977.044,29.7390939,0.5801725,0.09346,3.902874,5,10.10488,1748.67123,2278.97178,530.30055,10.94047,-3.14108,0.64739,185.63118,0.64739,44.60536,44.61005,44.6100549,44.7804581,1,79992.287,-316321.203,7.713,396321.203,False,False,1.70162
223.3,TGO,THRUST,79978.59,29.7663117,0.5773854,0.04348,0,0,9.69753,1755.72842,2278.96912,523.24071,10.78206,-3.10469,0.66153,183.15929,0.66153,44.70686,44.71175,44.7117509,44.7117509,1,79992.763,-313056.9,7.237,393056.9,False,False,7.34107
223.46,TGO,THRUST,79980.072,29.7964436,0.5759837,0,0,0,9.30336,1762.78905,2278.96657,516.17752,10.62389,-3.06813,0.67355,180.68625,0.67355,44.80885,44.81391,44.8139116,44.8139116,1,79993.244,-309755.566,6.756,389755.566,False,False,7.5129
223.62,TGO,THRUST,79981.494,29.8285372,0.576449,0.01533,0,0,8.9212,1769.85642,2278.96413,509.10771,10.46591,-3.03139,0.68375,178.21092,0.68375,44.91134,44.91654,44.9165402,44.9165402,1,79993.725,-306415.083,6.275,386415.083,False,False,7.14216
223.8,TGO,THRUST,79982.857,29.8597364,0.578833,0.07305,3.938708,5,8.55018,1776.944,2278.96178,502.01778,10.30786,-2.9944,0.69226,175.72857,0.69226,45.01432,45.01964,45.01964,45.1916077,1,79994.203,-303028.36,5.797,383028.36,False,False,-11.29882
223.98,TGO,THRUST,79984.321,29.890863,0.5830872,0.12999,3.948905,5,8.1452,1784.95446,2278.95926,494.0048,10.12973,-2.95241,0.69992,172.92306,0.69992,45.13077,45.13619,45.1361944,45.3086074,1,79994.736,-299155.772,5.264,379155.772,False,False,-9.84136
224.14,TGO,THRUST,79985.563,29.9138396,0.5874079,0.17135,3.958014,5,7.79547,1792.1102,2278.95712,486.84692,9.97105,-2.91475,0.70524,170.41697,0.70524,45.23481,45.24031,45.2403062,45.4131168,1,79995.201,-295655.505,4.799,375655.505,False,False,-8.13515
224.3,TGO,THRUST,79986.751,29.9300055,0.5910375,0.20009,3.967165,5,7.45513,1799.30265,2278.95507,479.65242,9.812,-2.87674,0.70915,167.89807,0.70915,45.33935,45.3449,45.3448994,45.5181095,1,79995.657,-292097.812,4.343,372097.812,False,False,-6.20215
224.48,TGO,THRUST,79988.024,29.9383399,0.5930973,0.21503,3.97751,5,7.083,1807.43168,2278.95288,471.5212,9.63274,-2.83361,0.71201,165.05125,0.71201,45.45757,45.46315,45.4631463,45.6368081,1,79996.16,-288028.478,3.84,368028.478,False,False,-3.97675
224.64,TGO,THRUST,79989.101,29.9366457,0.5926672,0.21264,3.986751,5,6.76124,1814.67948,2278.95102,464.27154,9.47333,-2.79498,0.71343,162.51308,0.71343,45.56319,45.56877,45.5687736,45.7428389,1,79996.594,-284356.316,3.406,364356.316,False,False,-2.13105
224.8,TGO,THRUST,79990.128,29.9269003,0.5902904,0.19634,3.996035,5,6.4475,1821.93709,2278.94925,457.01216,9.31405,-2.75615,0.71402,159.97153,0.71402,45.66931,45.67489,45.6748928,45.8493635,1,79997.015,-280637.008,2.985,360637.008,False,False,-0.54711
224.98,TGO,THRUST,79991.225,29.907718,0.5861064,0.1633,4.006532,5,6.10364,1830.10489,2278.94735,448.84246,9.13518,-2.71227,0.7139,157.11129,0.7139,45.7893,45.79487,45.7948694,45.9697983,1,79997.472,-276399.965,2.528,356399.965,False,False,-0.86906
225.14,TGO,THRUST,79992.149,29.8850086,0.5820225,0.12329,4.015909,5,5.8057,1837.3655,2278.94575,441.58025,8.97653,-2.67309,0.71325,154.56878,0.71325,45.8965,45.90205,45.9020455,46.0773839,1,79997.863,-272587.205,2.137,352587.205,False,False,-1.70763
225.3,TGO,THRUST,79993.027,29.858682,0.5784961,0.07604,4.025329,5,5.51482,1844.62891,2278.94423,434.31532,8.81816,-2.63375,0.71214,152.02532,0.71214,46.00421,46.00972,46.0097245,46.1854742,1,79998.239,-268728.647,1.761,348728.647,False,False,-2.18028
225.46,TGO,THRUST,79993.961,29.8267449,0.5759944,0.01798,0,0,5.19582,1852.81027,2278.94262,426.13234,8.64019,-2.58925,0.71035,149.16048,0.71035,46.126,46.13147,46.1314689,46.1314689,1,79998.644,-264328.498,1.356,344328.498,False,False,-7.31072
225.62,TGO,THRUST,79994.744,29.7978038,0.5754307,0,0,0,4.91944,1860.09802,2278.94126,418.84324,8.48205,-2.54945,0.70825,146.60859,0.70825,46.2348,46.24023,46.2402282,46.2402282,1,79998.988,-260360.045,1.012,340360.045,False,False,-7.05371
225.78,TGO,THRUST,79995.484,29.7688251,0.5764957,0.03444,0,0,4.64976,1867.40259,2278.93997,411.53738,8.32393,-2.50939,0.70569,144.05085,0.70569,46.34413,46.3495,46.3495016,46.3495016,1,79999.316,-256335.426,0.684,336335.426,False,False,-6.38301
225.96,TGO,THRUST,79996.182,29.7420263,0.5789248,0.08328,4.064661,5,4.38687,1874.73414,2278.93876,404.20461,8.16563,-2.46904,0.70248,141.48371,0.70248,46.45398,46.45929,46.4592927,46.6367596,1,79999.629,-252247.866,0.371,332247.866,False,False,-10.36972
226.12,TGO,THRUST,79996.839,29.7192267,0.5820708,0.12433,4.074313,5,4.13081,1882.0992,2278.93762,396.83841,8.00703,-2.42834,0.69855,138.90488,0.69855,46.56437,46.56961,46.5696051,46.7474934,1,79999.928,-248092.36,0.072,328092.36,False,False,-9.06057
226.28,TGO,THRUST,79997.457,29.7007802,0.5853301,0.15703,4.08401,5,3.88149,1889.49647,2278.93654,389.44006,7.84815,-2.3873,0.69389,136.31481,0.69389,46.67529,46.68044,46.6804427,46.8587544,1,80000.213,-243868.171,-0.213,323868.171,False,False,-7.45948
226.44,TGO,THRUST,79998.036,29.6884236,0.5878641,0.17854,4.093753,5,3.63886,1896.92675,2278.93553,382.00878,7.68899,-2.34591,0.68852,133.71322,0.68852,46.78674,46.79181,46.791809,46.9705462,1,80000.482,-239573.342,-0.482,319573.342,False,False,-5.68676
226.6,TGO,THRUST,79998.577,29.6833625,0.5889814,0.18708,4.103543,5,3.40275,1904.38528,2278.93458,374.5493,7.52963,-2.30421,0.68252,131.10178,0.68252,46.89874,46.90371,46.9037081,47.0828726,1,80000.737,-235209.106,-0.737,315209.106,False,False,-3.89297
226.76,TGO,THRUST,79999.081,29.6858585,0.5884259,0.18236,4.11338,5,3.17297,1911.86333,2278.9337,367.07037,7.37024,-2.26224,0.67605,128.48355,0.67605,47.01128,47.01614,47.0161436,47.1957376,1,80000.977,-230779.178,-0.977,310779.178,False,False,-2.21782
226.92,TGO,THRUST,79999.55,29.6954651,0.5863988,0.16507,4.123264,5,2.94934,1919.35217,2278.93288,359.58071,7.21099,-2.22004,0.66929,125.86157,0.66929,47.12437,47.12912,47.1291195,47.309145,1,80001.202,-226287.484,-1.202,306287.484,False,False,-0.77921
227.08,TGO,THRUST,79999.984,29.7112266,0.5834522,0.1366,4.133195,5,2.73174,1926.84585,2278.93211,352.08626,7.05199,-2.17764,0.66236,123.23793,0.66236,47.238,47.24264,47.2426396,47.4230988,1,80001.412,-221736.463,-1.412,301736.463,False,False,-0.44161
227.24,TGO,THRUST,80000.384,29.7318677,0.5803131,0.09893,4.143175,5,2.52009,1934.34246,2278.93141,344.58894,6.89329,-2.13507,0.65533,120.6133,0.65533,47.35217,47.35671,47.3567079,47.5376028,1,80001.607,-217126.231,-1.607,297126.231,False,False,-1.23963
227.4,TGO,THRUST,80000.751,29.7559672,0.5776947,0.05447,4.153203,5,2.31438,1941.84385,2278.93076,337.08691,6.73484,-2.0923,0.6482,117.98703,0.6482,47.4669,47.47133,47.4713284,47.6526611,1,80001.788,-212454.574,-1.788,292454.574,False,False,-1.72865
227.54,TGO,THRUST,80001.087,29.7821077,0.5761447,0.00592,0,0,2.11461,1949.35443,2278.93016,329.57573,6.57656,-2.04932,0.64096,115.35757,0.64096,47.58219,47.58651,47.5865051,47.5865051,1,80001.955,-207717.558,-1.955,287717.558,False,False,-6.90747
227.72,TGO,THRUST,80001.384,29.8090836,0.5759634,0,0,0,1.92077,1956.87926,2278.92963,322.05037,6.41837,-2.00609,0.63414,112.72316,0.63414,47.69803,47.70224,47.702242,47.702242,1,80002.103,-202910.681,-2.103,282910.681,False,False,-6.74951
227.86,TGO,THRUST,80001.658,29.8365256,0.5772584,0.04464,0,0,1.73284,1964.42002,2278.92914,314.50912,6.26022,-1.9626,0.62725,110.0832,0.62725,47.81443,47.81854,47.8185433,47.8185433,1,80002.238,-198031.415,-2.238,278031.415,False,False,-6.18062
228.04,TGO,THRUST,80001.904,29.8622584,0.57982,0.09238,4.193805,5,1.55095,1971.98699,2278.9287,306.94171,6.10194,-1.91879,0.61946,107.4341,0.61946,47.93141,47.93541,47.935413,48.1185185,1,80002.364,-193071.469,-2.364,273071.469,False,False,-10.26342
228.2,TGO,THRUST,80002.122,29.884502,0.5830732,0.13324,4.20408,5,1.3752,1979.58712,2278.92831,299.34119,5.94338,-1.87463,0.61124,104.77342,0.61124,48.04897,48.05286,48.0528555,48.2364096,1,80002.477,-188024.386,-2.477,268024.386,False,False,-9.03407
228.36,TGO,THRUST,80002.313,29.902842,0.58647,0.16655,4.214405,5,1.20557,1987.21983,2278.92796,291.70813,5.78456,-1.8301,0.60258,102.10137,0.60258,48.16711,48.17087,48.1708748,48.3548797,1,80002.577,-182888.508,-2.577,262888.508,False,False,-7.49509
228.54,TGO,THRUST,80002.496,29.9165589,0.5894276,0.19131,4.226082,5,1.02216,1995.84758,2278.92762,283.08004,5.60554,-1.77956,0.59225,99.08101,0.59225,48.30071,48.30434,48.3043414,48.4888561,1,80002.675,-177000.499,-2.675,257000.499,False,False,-5.54539
228.7,TGO,THRUST,80002.633,29.9212973,0.5905321,0.20013,4.236516,5,0.8656,2003.5481,2278.92737,275.37927,5.4462,-1.73427,0.58268,96.38529,0.58268,48.42009,48.4236,48.4236008,48.608571,1,80002.75,-171669.827,-2.75,251669.827,False,False,-3.78483
228.86,TGO,THRUST,80002.745,29.918756,0.5899328,0.19626,4.247002,5,0.71508,2011.26912,2278.92715,267.65803,5.28684,-1.68868,0.5729,93.68243,0.5729,48.54007,48.54345,48.5434505,48.7288786,1,80002.813,-166252.113,-2.813,246252.113,False,False,-2.14273
229.04,TGO,THRUST,80002.844,29.9077639,0.5874717,0.17761,4.25886,5,0.55278,2019.96907,2278.92696,258.95789,5.10773,-1.6371,0.56196,90.6369,0.56196,48.67575,48.67899,48.6789926,48.8649384,1,80002.87,-160058.367,-2.87,240058.367,False,False,-0.58588
229.2,TGO,THRUST,80002.909,29.8918153,0.5842907,0.14984,4.269457,5,0.41457,2027.70842,2278.92683,251.21841,4.9488,-1.59103,0.55261,87.92768,0.55261,48.79698,48.80011,48.8001114,48.9865199,1,80002.91,-154467.533,-2.91,234467.533,False,False,-0.57411
229.36,TGO,THRUST,80002.952,29.8713566,0.5809015,0.11353,4.280106,5,0.28207,2035.45196,2278.92673,243.47477,4.79016,-1.54476,0.54374,85.21701,0.54374,48.91881,48.92183,48.9218345,49.1087079,1,80002.938,-148795.849,-2.938,228795.849,False,False,-1.31737
229.54,TGO,THRUST,80002.977,29.844666,0.5776725,0.06536,4.29215,5,0.13976,2044.17143,2278.92667,234.75524,4.61197,-1.49245,0.53449,82.16475,0.53449,49.05659,49.0595,49.0595008,49.2469001,1,80002.958,-142314.294,-2.958,222314.294,False,False,-1.78539
229.7,TGO,THRUST,80002.979,29.8191691,0.5758704,0.01884,0,0,0.01922,2051.93441,2278.92665,226.99223,4.45375,-1.44569,0.52709,79.44734,0.52709,49.1797,49.18252,49.1825229,49.1825229,1,80002.965,-136457.266,-2.965,216457.266,False,False,-6.88736
229.84,TGO,THRUST,80002.962,29.7931894,0.5753373,0,0,0,-0.09554,2059.71436,2278.92665,219.21229,4.29558,-1.39865,0.5204,76.72401,0.5204,49.30342,49.30616,49.3061636,49.3061636,1,80002.964,-130504.038,-2.964,210504.038,False,False,-6.67533
230,TGO,THRUST,80002.928,29.7669923,0.5761364,0.02853,0,0,-0.20436,2067.51262,2278.92669,211.41407,4.13743,-1.35132,0.51445,73.9943,0.51445,49.42775,49.43043,49.4304275,49.4304275,1,80002.953,-124451.341,-2.953,204451.341,False,False,-6.0734
230.18,TGO,THRUST,80002.878,29.7425871,0.5780846,0.07319,4.335529,5,-0.30706,2075.33892,2278.92676,203.58784,3.97914,-1.30363,0.51899,71.25481,0.51899,49.5526,49.55532,49.5553193,49.7446126,1,80002.934,-118289.132,-2.934,198289.132,False,False,-10.14123
230.34,TGO,THRUST,80002.812,29.7216741,0.5806686,0.11106,4.346511,5,-0.40346,2083.19987,2278.92685,195.72698,3.82057,-1.25556,0.58834,68.50321,0.58834,49.67736,49.68084,49.6808438,49.8706166,1,80002.906,-112009.332,-2.906,192009.332,False,False,-8.9158
230.5,TGO,THRUST,80002.733,29.7045786,0.583399,0.14161,4.357548,5,-0.49372,2091.0945,2278.92697,187.83248,3.66174,-1.2071,0.65675,65.73985,0.65675,49.80268,49.80701,49.8070059,49.9972606,1,80002.872,-105609.684,-2.872,185609.684,False,False,7.39403
230.66,TGO,THRUST,80002.64,29.6929901,0.5855609,0.16196,4.368642,5,-0.57847,2099.02414,2278.92712,179.90297,3.50263,-1.15824,0.72448,62.96425,0.72448,49.92855,49.93381,49.9338104,50.1245494,1,80002.83,-99085.915,-2.83,179085.915,False,False,5.69022
230.84,TGO,THRUST,80002.521,29.6880022,0.5865671,0.17038,4.381191,5,-0.66549,2107.98132,2278.9273,170.94598,3.32341,-1.10283,0.79763,59.82903,0.79763,50.07089,50.07724,50.0772393,50.2685263,1,80002.776,-91598.858,-2.776,171598.858,False,False,3.73789
231,TGO,THRUST,80002.404,29.6910251,0.5859537,0.1646,4.392406,5,-0.73254,2115.96592,2278.92749,162.96157,3.16408,-1.05323,0.85655,57.03427,0.85655,50.19812,50.20543,50.2054253,50.3972019,1,80002.719,-84816.94,-2.719,164816.94,False,False,2.12166
231.16,TGO,THRUST,80002.279,29.7006442,0.5841208,0.14699,4.403678,5,-0.78723,2123.96278,2278.92769,154.96491,3.00491,-1.00337,0.9064,54.23526,0.9064,50.32611,50.33427,50.3342692,50.5265379,1,80002.652,-77920.458,-2.652,157920.458,False,False,0.73724
231.34,TGO,THRUST,80002.132,29.7182267,0.5812346,0.11474,4.416429,5,-0.83121,2132.96683,2278.92793,145.9611,2.82617,-0.947,0.94791,51.08378,0.94791,50.47111,50.48001,50.4800113,50.6728367,1,80002.564,-70027.782,-2.564,150027.782,False,False,0.54794
231.5,TGO,THRUST,80001.997,29.7385415,0.5786531,0.07715,4.224868,5,-0.85294,2140.97553,2278.92815,137.95262,2.66761,-0.89667,0.9691,48.28073,0.9691,48.28073,50.61027,48.2904569,48.4749186,0.95780794,80002.471,-62891.439,-2.471,142891.439,False,False,1.2866
231.64,TGO,THRUST,80001.862,29.7615097,0.5767178,0.03432,0,0,-0.85976,2148.86448,2278.92838,130.06389,2.51188,-0.8469,0.97671,45.51965,0.97671,45.51965,50.73705,45.5301234,45.5301234,0.8973743,80002.366,-55752.41,-2.366,135752.41,False,False,6.71331
231.8,TGO,THRUST,80001.727,29.7850877,0.5758265,0,0,0,-0.85758,2156.37013,2278.9286,122.55848,2.36411,-0.79939,0.97768,42.89275,0.97768,42.89275,50.85709,42.9038884,42.9038884,0.8436166,80002.253,-48857.293,-2.253,128857.293,False,False,6.78086
231.98,TGO,THRUST,80001.594,29.808549,0.5760465,0.00784,0,0,-0.84944,2163.41997,2278.92883,115.50886,2.22561,-0.7546,0.97511,40.4254,0.97511,40.4254,50.97037,40.4371576,40.4371576,0.79334642,80002.136,-42287.553,-2.136,122287.553,False,False,6.40068
232.14,TGO,THRUST,80001.463,29.8300059,0.5772141,0.0482,0,0,-0.8353,2170.06581,2278.92905,108.86324,2.09535,-0.71225,0.96827,38.09947,0.96827,38.09947,51.07735,38.1117717,38.1117717,0.74615804,80002.014,-36009.844,-2.014,116009.844,False,False,5.62904
232.3,TGO,THRUST,80001.336,29.8480222,0.5789051,0.082,3.142295,5,-0.81517,2176.33937,2278.92927,102.58989,1.97263,-0.67215,0.95665,35.90385,0.95665,35.90385,51.17836,35.9165964,36.0537919,0.70447331,80001.888,-30007.154,-1.888,110007.154,False,False,9.57152
232.48,TGO,THRUST,80001.198,29.8634863,0.5808714,0.11096,2.938727,5,-0.7855,2182.98882,2278.9295,95.94069,1.84283,-0.62953,0.93734,33.57672,0.93734,33.57672,51.28582,33.5897998,33.7181074,0,80001.741,-23562.053,-1.741,103562.053,False,False,8.09765
232.64,TGO,THRUST,80001.069,29.8703039,0.5818888,0.12391,2.82901,5,-0.8007,2186.57659,2278.92971,92.35312,1.7737,-0.60647,0.97539,32.32102,0.97539,32.32102,51.30945,32.3357323,32.4592496,0.6326174,80001.656,-20048.745,-1.656,100048.745,False,False,6.58459
232.8,TGO,THRUST,80000.937,29.8723623,0.5822154,0.12817,2.7699,5,-0.84889,2188.51547,2278.92993,90.41446,1.73521,-0.594,1.06086,31.64233,1.06086,31.64233,51.37321,31.6601062,31.7810427,0.61863062,80001.6,-18139.699,-1.6,98139.699,False,False,4.88123
232.98,TGO,THRUST,80000.796,29.8740217,0.582485,0.13181,2.59325,5,-0.80373,2194.2857,2278.93018,84.64448,1.62297,-0.55681,1.03322,29.62297,1.03322,29.62297,51.46751,29.6409879,29.7542117,0.57811643,80001.426,-12412.977,-1.426,92412.977,False,False,2.94685
233.14,TGO,THRUST,80000.679,29.8704684,0.5819111,0.12594,2.441758,5,-0.75679,2199.2334,2278.93038,79.69698,1.52693,-0.52485,1.00007,27.8915,1.00007,27.8915,51.54708,27.9094194,28.0160289,0.54350375,80001.268,-7448.846,-1.268,87448.846,False,False,1.40766
233.3,TGO,THRUST,80000.57,29.8633135,0.5808254,0.11348,2.299873,5,-0.7055,2203.86666,2278.93057,75.06391,1.43712,-0.49485,0.96156,26.27008,0.96156,26.27008,51.62199,26.2876737,26.3880883,0.51117923,80001.11,-2754.556,-1.11,82754.556,False,False,0.33121
233.48,TGO,THRUST,80000.459,29.8522853,0.5793396,0.09393,2.150518,5,-0.64143,2208.74288,2278.93077,70.18789,1.34273,-0.46321,0.91005,24.56368,0.91005,24.56368,51.70134,24.58053,24.6744236,0.47724919,80000.931,2234.247,-0.931,77765.753,False,False,1.07863
233.64,TGO,THRUST,80000.37,29.8408731,0.5780451,0.07348,2.02554,5,-0.57891,2212.82217,2278.93093,66.10875,1.26388,-0.43668,0.8565,23.13618,0.8565,23.13618,51.76763,23.1520283,23.2404653,0.44893821,80000.774,6446.341,-0.774,73553.659,False,False,1.6912
233.8,TGO,THRUST,80000.292,29.8289532,0.5769596,0.05199,1.908569,5,-0.51383,2216.63933,2278.93107,62.29174,1.19018,-0.41182,0.79829,21.80043,0.79829,21.80043,51.83001,21.8150446,21.8983746,0.42250377,80000.625,10420.026,-0.625,69579.974,False,False,2.01082
233.98,TGO,THRUST,80000.216,29.8157322,0.5760763,0.02806,0,0,-0.43861,2220.66381,2278.93121,58.2674,1.11257,-0.38556,0.72788,20.39216,0.72788,20.39216,51.8961,20.4051434,20.4051434,0.39319224,80000.47,14643.715,-0.47,65356.285,False,False,-7.05482
234.14,TGO,THRUST,80000.16,29.8046026,0.5755953,0.0079,0,0,-0.37097,2224.03439,2278.93131,54.89692,1.04765,-0.36353,0.66165,19.21271,0.66165,19.21271,51.95115,19.2240981,19.2240981,0.37004179,80000.346,18208.442,-0.346,61791.558,False,False,-6.76825
234.3,TGO,THRUST,80000.115,29.7939962,0.5753607,0,0,0,-0.30534,2227.18576,2278.9314,51.74564,0.98702,-0.3429,0.59496,18.10998,0.59496,18.10998,52.00292,18.1197453,18.1197453,0.34843704,80000.24,21564.068,-0.24,58435.932,False,False,-6.11755
234.44,TGO,THRUST,80000.078,29.78469,0.5753348,0,0,0,-0.24167,2230.15871,2278.93147,48.77276,0.92987,-0.32341,0.52763,17.06967,0.52763,17.06967,52.05176,17.0778251,17.0778251,0.32809315,80000.152,24750.069,-0.152,55249.931,False,False,-5.18004
234.6,TGO,THRUST,80000.051,29.7772563,0.5754342,0,0,0,-0.18087,2232.96726,2278.93153,45.96427,0.87594,-0.30498,0.46064,16.0869,0.46064,16.0869,52.09782,16.0934932,16.0934932,0.30890912,80000.083,27778.184,-0.083,52221.816,False,False,-4.07122
234.76,TGO,THRUST,80000.033,29.7718546,0.5755728,0.00637,0,0,-0.12386,2235.62053,2278.93157,43.31104,0.82503,-0.28754,0.39505,15.15846,0.39505,15.15846,52.14127,15.163602,15.163602,0.29081764,80000.033,30655.364,-0.033,49344.636,False,False,-2.91357
234.92,TGO,THRUST,80000.023,29.768386,0.5756907,0.01234,0,0,-0.07143,2238.12548,2278.93159,40.80611,0.77701,-0.27106,0.3319,14.2819,0.3319,14.2819,52.18224,14.2857588,14.2857588,0.27376667,80000.001,33386.52,-0.001,46613.48,False,False,-1.83609
235.08,TGO,THRUST,80000.019,29.7666165,0.5757591,0.01513,0,0,-0.02432,2240.48836,2278.9316,38.44324,0.73174,-0.2555,0.27216,13.45505,0.27216,13.45505,52.22087,13.4578058,13.4578058,0.25770933,79999.986,35976.061,0.014,44023.939,False,False,-1.03406
235.24,TGO,THRUST,80000.022,29.7662132,0.5757754,0.01538,0,0,0.01701,2242.71545,2278.93161,36.21616,0.68911,-0.24082,0.21658,12.67571,0.21658,12.67571,52.25729,12.6775626,12.6775626,0.24259895,79999.986,38428.667,0.014,41571.333,False,False,-0.90337
235.4,TGO,THRUST,80000.029,29.7668145,0.5757517,0.01375,0,0,0.05232,2244.81338,2278.9316,34.11822,0.64898,-0.22697,0.16572,11.94155,0.16572,11.94155,52.29161,11.9426979,11.9426979,0.22838649,79999.997,40749.681,0.003,39250.319,False,False,-1.28134
235.56,TGO,THRUST,80000.041,29.7680721,0.5757051,0.0109,0,0,0.08158,2246.78918,2278.93158,32.1424,0.61121,-0.21392,0.11989,11.25011,0.11989,11.25011,52.32397,11.2507476,11.2507476,0.21502092,80000.018,42945.064,-0.018,37054.936,False,False,-1.6421
235.72,TGO,THRUST,80000.056,29.7696786,0.575651,0.00739,0,0,0.10484,2248.64998,2278.93156,30.28158,0.57566,-0.20162,0.07937,10.5989,0.07937,10.5989,52.35447,10.5991984,10.5991984,0.20245069,80000.046,45021.123,-0.046,34978.877,False,False,-1.85087
235.88,TGO,THRUST,80000.074,29.7713823,0.5756003,0.0037,0,0,0.12225,2250.40272,2278.93153,28.52881,0.54219,-0.19002,0.04428,9.98549,0.04428,9.98549,52.38321,9.9855861,9.9855861,0.19062569,80000.076,46984.197,-0.076,33015.803,False,False,-1.89931
236.04,TGO,THRUST,80000.093,29.7729933,0.5755587,0.00017,0,0,0.13411,2252.05403,2278.9315,26.87748,0.51067,-0.17909,0.01463,9.40756,0.01463,9.40756,52.41031,9.4075722,9.4075722,0.17949849,80000.108,48840.397,-0.108,31159.603,False,False,-1.81198
236.2,TGO,THRUST,80000.113,29.774383,0.5755277,0,0,0,0.14078,2253.61,2278.93147,25.32147,0.48099,-0.16878,-0.00969,8.86298,-0.00969,8.86298,52.43585,8.8629859,8.8629859,0.1690253,80000.139,50595.459,-0.139,29404.541,False,False,-1.62677
236.36,TGO,THRUST,80000.133,29.7754786,0.5755066,0,0,0,0.1426,2255.07627,2278.93144,23.85517,0.45303,-0.15906,-0.02877,8.34978,-0.02877,8.34978,52.45993,8.3498321,8.3498321,0.15916591,80000.167,52254.703,-0.167,27745.297,False,False,-1.38739
236.52,TGO,THRUST,80000.153,29.776254,0.5754935,0,0,0,0.13992,2256.45799,2278.9314,22.47342,0.4267,-0.14989,-0.04273,7.86616,-0.04273,7.86616,52.48262,7.8662764,7.8662764,0.14988347,80000.192,53823.063,-0.192,26176.937,False,False,-1.14014
236.68,TGO,THRUST,80000.171,29.7767195,0.5754865,0,0,0,0.13316,2257.75995,2278.93137,21.17142,0.4019,-0.14125,-0.05178,7.41044,-0.05178,7.41044,52.504,7.4106213,7.4106213,0.14114394,80000.211,55305.162,-0.211,24694.838,False,False,-0.93114
236.84,TGO,THRUST,80000.188,29.7769104,0.5754839,0,0,0,0.12284,2258.98664,2278.93134,19.9447,0.37854,-0.1331,-0.05628,6.98105,-0.05628,6.98105,52.52415,6.9812813,6.9812813,0.13291564,80000.226,56705.379,-0.226,23294.621,False,False,-0.79759
237,TGO,THRUST,80000.202,29.7768779,0.5754843,0,0,0,0.10953,2260.1423,2278.93131,18.78901,0.35654,-0.12542,-0.05666,6.57652,-0.05666,6.57652,52.54314,6.5767633,6.5767633,0.12516882,80000.236,58027.909,-0.236,21972.091,False,False,-0.74675
237.16,TGO,THRUST,80000.215,29.7766803,0.5754868,0,0,0,0.09384,2261.23097,2278.93129,17.70032,0.33582,-0.11818,-0.05341,6.19542,-0.05341,6.19542,52.56104,6.1956533,6.1956533,0.11787539,80000.241,59276.793,-0.241,20723.207,False,False,-0.74698
237.32,TGO,THRUST,80000.225,29.7763752,0.5754907,0,0,0,0.07634,2262.25651,2278.93127,16.67476,0.31632,-0.11136,-0.04704,5.83642,-0.04704,5.83642,52.57791,5.8366112,5.8366112,0.11100881,80000.244,60455.927,-0.244,19544.073,False,False,-0.75592
237.48,TGO,THRUST,80000.232,29.7760151,0.5754952,0,0,0,0.05762,2263.22256,2278.93126,15.7087,0.29795,-0.10493,-0.03807,5.49824,-0.03807,5.49824,52.5938,5.4983682,5.4983682,0.10454404,80000.244,61569.053,-0.244,18430.947,False,False,-0.74766
237.64,TGO,THRUST,80000.236,29.7756437,0.5755,0,0,0,0.03822,2264.13259,2278.93125,14.79866,0.28065,-0.09887,-0.02705,5.17966,-0.02705,5.17966,52.60878,5.1797272,5.1797272,0.09845748,80000.244,62619.754,-0.244,17380.246,False,False,-0.71635
237.8,TGO,THRUST,80000.238,29.775294,0.5755046,0,0,0,0.01864,2264.98988,2278.93124,13.94136,0.26435,-0.09316,-0.01449,4.87954,-0.01449,4.87954,52.62289,4.8795611,4.8795611,0.09272697,80000.243,63611.437,-0.243,16388.563,False,False,0.6717
237.96,TGO,THRUST,80000.237,29.7749886,0.5755086,0,0,0,-0.00063,2265.79749,2278.93124,13.13375,0.24901,-0.08778,-0.00091,4.59681,-0.00091,4.59681,52.63619,4.5968101,4.5968101,0.08733175,80000.242,64547.335,-0.242,15452.665,False,False,0.6347
238.12,TGO,THRUST,80000.234,29.7747403,0.5755119,0,0,0,-0.01918,2266.55833,2278.93124,12.37292,0.23455,-0.08271,0.01321,4.33046,0.01321,4.33046,52.64872,4.3304771,4.3304771,0.08225228,80000.243,65430.511,-0.243,14569.489,False,False,0.63057
238.28,TGO,THRUST,80000.229,29.7745538,0.5755143,0,0,0,-0.03666,2267.2751,2278.93125,11.65615,0.22094,-0.07793,0.02743,4.07953,0.02743,4.07953,52.66052,4.079622,4.079622,0.07747022,80000.245,66263.863,-0.245,13736.137,False,False,0.67432
238.44,TGO,THRUST,80000.216,29.7744274,0.5755159,0,0,0,-0.05274,2267.95037,2278.93126,10.98089,0.20812,-0.07342,0.04135,3.84313,0.04135,3.84313,52.67165,3.843357,3.843357,0.07296823,80000.248,67050.135,-0.248,12949.865,False,False,0.76041
238.6,TGO,THRUST,80000.204,29.7743549,0.5755168,0,0,0,-0.06716,2268.58657,2278.93129,10.34471,0.19604,-0.06918,0.05754,3.62043,0.05754,3.62043,52.68213,3.6208832,3.6208832,0.06873077,80000.244,67791.932,-0.244,12208.068,False,False,0.91619
238.76,TGO,THRUST,80000.194,29.7743272,0.5755172,0,0,0,-0.07973,2269.18592,2278.9313,9.74538,0.18467,-0.06518,0.06977,3.41062,0.06977,3.41062,52.69201,3.4113301,3.4113301,0.06474094,80000.248,68491.715,-0.248,11508.285,False,False,1.03145
238.92,TGO,THRUST,80000.182,29.7743344,0.5755171,0,0,0,-0.0904,2269.75059,2278.93132,9.18073,0.17395,-0.06141,0.08084,3.21295,0.08084,3.21295,52.70132,3.2139706,3.2139706,0.06098464,80000.252,69151.826,-0.252,10848.174,False,False,1.13429
239.08,TGO,THRUST,80000.169,29.7743661,0.5755167,0,0,0,-0.09892,2270.28258,2278.93134,8.64876,0.16386,-0.05786,0.09035,3.02674,0.09035,3.02674,52.71009,3.0280835,3.0280835,0.05744789,80000.255,69774.472,-0.255,10225.528,False,False,1.21393
239.24,TGO,THRUST,80000.156,29.7744132,0.5755163,0,0,0,-0.10515,2270.78379,2278.93136,8.14757,0.15435,-0.05451,0.09804,2.8513,0.09804,2.8513,52.71835,2.8529833,2.8529833,0.05411746,80000.256,70361.745,-0.256,9638.255,False,False,1.26316
239.4,TGO,THRUST,80000.143,29.7744674,0.5755158,0,0,0,-0.1091,2271.256,2278.93139,7.67538,0.1454,-0.05136,0.10381,2.68602,0.10381,2.68602,52.72614,2.6880249,2.6880249,0.05098088,80000.253,70915.62,-0.253,9084.38,False,False,1.27859
239.56,TGO,THRUST,80000.129,29.7745226,0.5755153,0,0,0,-0.11085,2271.70088,2278.93141,7.23052,0.13696,-0.04839,0.10763,2.53031,0.10763,2.53031,52.73348,2.5326007,2.5326007,0.04802643,80000.247,71437.962,-0.247,8562.038,False,False,1.25967
239.72,TGO,THRUST,80000.116,29.7745741,0.5755149,0,0,0,-0.11049,2272.12001,2278.93143,6.81142,0.12901,-0.04559,0.10949,2.38363,0.10949,2.38363,52.74039,2.3861404,2.3861404,0.04524313,80000.236,71930.527,-0.236,8069.473,False,False,1.2058
239.88,TGO,THRUST,80000.103,29.7746188,0.5755145,0,0,0,-0.10824,2272.51486,2278.93145,6.41659,0.12153,-0.04295,0.1095,2.24544,0.1095,2.24544,52.74691,2.2481125,2.2481125,0.04262075,80000.221,72394.977,-0.221,7605.023,False,False,1.11874
240.04,TGO,THRUST,80000.091,29.774655,0.5755143,0,0,0,-0.10428,2272.88683,2278.93147,6.04464,0.11448,-0.04046,0.10777,2.11528,0.10777,2.11528,52.75305,2.1180199,2.1180199,0.04014972,80000.202,72832.878,-0.202,7167.122,False,False,1.00133
240.2,TGO,THRUST,80000.079,29.7746824,0.5755141,0,0,0,-0.09881,2273.23723,2278.93149,5.69427,0.10783,-0.03812,0.10446,1.99266,0.10446,1.99266,52.75883,1.9953996,1.9953996,0.03782115,80000.179,73245.711,-0.179,6754.289,False,False,0.8567
240.36,TGO,THRUST,80000.069,29.7747013,0.575514,0,0,0,-0.09211,2273.56728,2278.93151,5.36423,0.10158,-0.03591,0.09978,1.87717,0.09978,1.87717,52.76428,1.8798221,1.8798221,0.03562679,80000.154,73634.875,-0.154,6365.125,False,False,0.68921
240.52,TGO,THRUST,80000.059,29.7747126,0.575514,0,0,0,-0.08445,2273.87817,2278.93153,5.05336,0.09569,-0.03383,0.09396,1.76839,0.09396,1.76839,52.76942,1.7708871,1.7708871,0.03355897,80000.128,74001.701,-0.128,5998.299,False,False,0.50364
240.7,FINE,THRUST,80000.05,29.7747178,0.5755139,0,0,0,-0.0761,2274.171,2278.93155,4.76055,0.09014,-0.03188,0.0437,0.57101,0.0437,0.57101,52.77485,0.5726807,0.5726807,0.01085139,80000.1,74347.444,-0.1,5652.556,True,False,1.68115
240.86,FINE,THRUST,80000.041,29.7747184,0.5755139,0,0,0,-0.06957,2274.41666,2278.93156,4.5149,0.08549,-0.03023,0.04107,0.54156,0.04107,0.54156,52.7772,0.5431107,0.5431107,0.01029063,80000.077,74637.662,-0.077,5362.338,True,False,1.47398
241.02,FINE,THRUST,80000.034,29.7747174,0.5755139,0,0,0,-0.07012,2274.5061,2278.93158,4.42547,0.08379,-0.02963,0.04061,0.53082,0.04061,0.53082,52.77868,0.5323736,0.5323736,0.01008691,80000.069,74743.339,-0.069,5256.661,True,False,1.31454
241.18,FINE,THRUST,80000.026,29.7747157,0.575514,0,0,0,-0.07051,2274.59195,2278.93159,4.33964,0.08216,-0.02906,0.04015,0.52052,0.04015,0.52052,52.78012,0.5220671,0.5220671,0.00989136,80000.06,74844.785,-0.06,5155.215,True,False,1.13427
241.34,FINE,THRUST,80000.015,29.7747136,0.575514,0,0,0,-0.07049,2274.67609,2278.9316,4.25551,0.08057,-0.0285,0.03963,0.51043,0.03963,0.51043,52.78153,0.5119618,0.5119618,0.00969964,80000.05,74944.235,-0.05,5055.765,True,False,0.94113
241.5,FINE,THRUST,80000.004,29.7747113,0.575514,0,0,0,-0.07004,2274.7586,2278.93163,4.17303,0.07901,-0.02795,0.0391,0.50053,0.0391,0.50053,52.78292,0.5020541,0.5020541,0.00951168,80000.032,75041.753,-0.032,4958.247,True,False,0.75031
241.66,FINE,THRUST,79999.996,29.7747088,0.575514,0,0,0,-0.06919,2274.83947,2278.93164,4.09217,0.07748,-0.0274,0.03848,0.49083,0.03848,0.49083,52.78427,0.4923348,0.4923348,0.0093273,80000.02,75137.369,-0.02,4862.631,True,False,0.5587
241.82,FINE,THRUST,79999.988,29.7747063,0.575514,0,0,0,-0.068,2274.91874,2278.93165,4.01291,0.07597,-0.02687,0.0378,0.48132,0.0378,0.48132,52.78561,0.4828035,0.4828035,0.0091465,80000.008,75231.122,-0.008,4768.878,True,False,0.36002
241.98,FINE,THRUST,79999.98,29.774704,0.575514,0,0,0,-0.06651,2274.99646,2278.93166,3.9352,0.0745,-0.02635,0.03709,0.472,0.03709,0.472,52.78691,0.4734567,0.4734567,0.00896921,79999.995,75323.049,0.005,4676.951,True,False,0.19994
242.14,FINE,THRUST,79999.973,29.7747019,0.575514,0,0,0,-0.06479,2275.07266,2278.93168,3.85902,0.07306,-0.02584,0.03635,0.46287,0.03635,0.46287,52.78819,0.4642911,0.4642911,0.00879536,79999.982,75413.189,0.018,4586.811,True,False,0.06573
242.3,FINE,THRUST,79999.965,29.7747002,0.575514,0,0,0,-0.06288,2275.14736,2278.93169,3.78433,0.07164,-0.02534,0.0356,0.45391,0.0356,0.45391,52.78945,0.4553032,0.4553032,0.00862489,79999.969,75501.579,0.031,4498.421,True,False,-0.07461
242.46,FINE,THRUST,79999.957,29.7746989,0.575514,0,0,0,-0.06085,2275.2206,2278.9317,3.7111,0.07026,-0.02485,0.03484,0.44513,0.03484,0.44513,52.79068,0.4464897,0.4464897,0.00845774,79999.955,75588.255,0.045,4411.745,True,False,-0.16736
242.62,FINE,THRUST,79999.948,29.774698,0.575514,0,0,0,-0.05874,2275.29241,2278.93172,3.6393,0.0689,-0.02437,0.03407,0.43652,0.03407,0.43652,52.79189,0.4378472,0.4378472,0.00829383,79999.942,75673.256,0.058,4326.744,True,False,-0.24268
242.78,FINE,THRUST,79999.94,29.7746975,0.575514,0,0,0,-0.05659,2275.36283,2278.93173,3.5689,0.06756,-0.0239,0.03331,0.42808,0.03331,0.42808,52.79307,0.4293723,0.4293723,0.00813312,79999.929,75756.616,0.071,4243.384,True,False,-0.29836
242.94,FINE,THRUST,79999.932,29.7746975,0.575514,0,0,0,-0.05444,2275.43188,2278.93174,3.49986,0.06626,-0.02344,0.03255,0.4198,0.03255,0.4198,52.79424,0.4210618,0.4210618,0.00797553,79999.917,75838.371,0.083,4161.629,True,False,-0.3358
243.1,FINE,THRUST,79999.924,29.7746979,0.575514,0,0,0,-0.05232,2275.49959,2278.93176,3.43217,0.06497,-0.02299,0.03181,0.41169,0.03181,0.41169,52.79537,0.4129123,0.4129123,0.00782099,79999.905,75918.554,0.095,4081.446,True,False,-0.35708
243.26,FINE,THRUST,79999.916,29.7746986,0.575514,0,0,0,-0.05025,2275.56599,2278.93177,3.36578,0.06372,-0.02254,0.03109,0.40373,0.03109,0.40373,52.79649,0.4049207,0.4049207,0.00766946,79999.893,75997.197,0.107,4002.803,True,False,-0.36464
243.4,FINE,THRUST,79999.907,29.7746997,0.575514,0,0,0,-0.04825,2275.63111,2278.93178,3.30068,0.06248,-0.02211,0.03038,0.39592,0.03038,0.39592,52.79758,0.3970839,0.3970839,0.00752087,79999.882,76074.332,0.118,3925.668,True,False,-0.36108
243.58,FINE,THRUST,79999.892,29.7747011,0.575514,0,0,0,-0.04633,2275.69498,2278.93181,3.23682,0.06127,-0.02168,0.02973,0.38826,0.02973,0.38826,52.79866,0.3894007,0.3894007,0.0073752,79999.866,76149.99,0.134,3850.01,True,False,-0.34398
243.74,FINE,THRUST,79999.885,29.7747027,0.575514,0,0,0,-0.0445,2275.75762,2278.93182,3.17421,0.06009,-0.02126,0.02909,0.38076,0.02909,0.38076,52.79971,0.3818652,0.3818652,0.00723234,79999.853,76224.198,0.147,3775.802,True,False,-0.32307
243.9,FINE,THRUST,79999.877,29.7747045,0.575514,0,0,0,-0.04275,2275.81904,2278.93184,3.1128,0.05892,-0.02085,0.02845,0.37339,0.02845,0.37339,52.80074,0.3744747,0.3744747,0.00709222,79999.843,76296.984,0.157,3703.016,True,False,-0.30072
244.06,FINE,THRUST,79999.87,29.7747063,0.5755141,0,0,0,-0.0411,2275.87927,2278.93185,3.05258,0.05778,-0.02045,0.02783,0.36617,0.02783,0.36617,52.80176,0.3672272,0.3672272,0.00695483,79999.834,76368.377,0.166,3631.623,True,False,-0.27643
244.22,FINE,THRUST,79999.863,29.7747082,0.5755141,0,0,0,-0.03953,2275.93835,2278.93186,2.99351,0.05667,-0.02005,0.02722,0.35909,0.02722,0.35909,52.80275,0.3601198,0.3601198,0.0068201,79999.825,76438.401,0.175,3561.599,True,False,-0.2517
244.38,FINE,THRUST,79999.857,29.7747101,0.5755141,0,0,0,-0.03804,2275.99628,2278.93187,2.93559,0.05557,-0.01966,0.02664,0.35214,0.02664,0.35214,52.80373,0.3531499,0.3531499,0.00668797,79999.817,76507.084,0.183,3492.916,True,False,-0.22777
244.54,FINE,THRUST,79999.845,29.7747119,0.5755141,0,0,0,-0.03662,2276.0531,2278.93188,2.87879,0.05449,-0.01928,0.02608,0.34533,0.02608,0.34533,52.80468,0.3463148,0.3463148,0.00655841,79999.809,76574.449,0.191,3425.551,True,False,-0.20555
244.7,FINE,THRUST,79999.837,29.7747138,0.5755142,0,0,0,-0.03527,2276.10884,2278.93191,2.82307,0.05344,-0.01891,0.02558,0.33865,0.02558,0.33865,52.80562,0.3396147,0.3396147,0.00643141,79999.794,76640.525,0.206,3359.475,True,False,-0.17764
244.86,FINE,THRUST,79999.831,29.7747153,0.5755142,0,0,0,-0.03397,2276.16348,2278.93192,2.76844,0.0524,-0.01854,0.02504,0.3321,0.02504,0.3321,52.80654,0.3330415,0.3330415,0.00630682,79999.786,76705.33,0.214,3294.67,True,False,-0.16056
245.02,FINE,THRUST,79999.825,29.7747168,0.5755142,0,0,0,-0.03272,2276.21707,2278.93193,2.71486,0.05139,-0.01819,0.02452,0.32567,0.02452,0.32567,52.80744,0.3265953,0.3265953,0.00618465,79999.779,76768.89,0.221,3231.11,True,False,-0.14677
245.18,FINE,THRUST,79999.82,29.774718,0.5755142,0,0,0,-0.03152,2276.26962,2278.93193,2.66232,0.05039,-0.01783,0.02401,0.31937,0.02401,0.31937,52.80832,0.3202739,0.3202739,0.00606484,79999.773,76831.23,0.227,3168.77,True,False,-0.13648
245.34,FINE,THRUST,79999.815,29.774719,0.5755142,0,0,0,-0.03036,2276.32115,2278.93194,2.61079,0.04942,-0.01749,0.02351,0.31319,0.02351,0.31319,52.80919,0.3140747,0.3140747,0.00594735,79999.766,76892.371,0.234,3107.629,True,False,-0.12974
245.5,FINE,THRUST,79999.81,29.7747198,0.5755142,0,0,0,-0.02923,2276.37169,2278.93195,2.56026,0.04846,-0.01715,0.02302,0.30713,0.02302,0.30713,52.81004,0.3079955,0.3079955,0.00583214,79999.76,76952.336,0.24,3047.664,True,False,-0.12644
245.66,FINE,THRUST,79999.806,29.7747205,0.5755142,0,0,0,-0.02812,2276.42125,2278.93196,2.51071,0.04752,-0.01682,0.02254,0.30119,0.02254,0.30119,52.81087,0.3020339,0.3020339,0.00571916,79999.754,77011.147,0.246,2988.853,True,False,-0.12637
245.82,FINE,THRUST,79999.801,29.7747209,0.5755142,0,0,0,-0.02704,2276.46985,2278.93197,2.46212,0.0466,-0.01649,0.02207,0.29536,0.02207,0.29536,52.81169,0.2961876,0.2961876,0.00560837,79999.749,77068.825,0.251,2931.175,True,False,-0.12918
245.98,FINE,THRUST,79999.797,29.7747212,0.5755142,0,0,0,-0.02597,2276.51751,2278.93197,2.41447,0.0457,-0.01617,0.02161,0.28965,0.02161,0.28965,52.81249,0.2904544,0.2904544,0.00549973,79999.743,77125.394,0.257,2874.606,True,False,-0.13431
246.14,FINE,THRUST,79999.793,29.7747213,0.5755142,0,0,0,-0.02493,2276.56424,2278.93198,2.36774,0.04482,-0.01586,0.02116,0.28405,0.02116,0.28405,52.81328,0.2848322,0.2848322,0.00539319,79999.738,77180.872,0.262,2819.128,True,False,-0.1411
246.3,FINE,THRUST,79999.79,29.7747212,0.5755142,0,0,0,-0.0239,2276.61007,2278.93199,2.32192,0.04395,-0.01556,0.02071,0.27855,0.02071,0.27855,52.81405,0.2793188,0.2793188,0.00528872,79999.733,77235.282,0.267,2764.718,True,False,-0.14894
246.46,FINE,THRUST,79999.786,29.774721,0.5755142,0,0,0,-0.02289,2276.65501,2278.93199,2.27698,0.0431,-0.01525,0.02027,0.27316,0.02027,0.27316,52.8148,0.273912,0.273912,0.00518627,79999.728,77288.644,0.272,2711.356,True,False,-0.15717
246.6,FINE,THRUST,79999.781,29.7747207,0.5755142,0,0,0,-0.0219,2276.69909,2278.932,2.23291,0.04226,-0.01496,0.01984,0.26788,0.01984,0.26788,52.81555,0.26861,0.26861,0.00508581,79999.723,77340.977,0.277,2659.023,True,False,-0.16535
246.78,FINE,THRUST,79999.771,29.7747204,0.5755143,0,0,0,-0.02092,2276.74232,2278.93201,2.18969,0.04144,-0.01467,0.01945,0.26269,0.01945,0.26269,52.81627,0.2634123,0.2634123,0.00498733,79999.713,77392.304,0.287,2607.696,True,False,-0.16592
246.94,FINE,THRUST,79999.768,29.77472,0.5755143,0,0,0,-0.01996,2276.78471,2278.93202,2.14731,0.04064,-0.01439,0.01905,0.25761,0.01905,0.25761,52.81698,0.2583143,0.2583143,0.00489074,79999.706,77442.642,0.294,2557.358,True,False,-0.16937
247.1,FINE,THRUST,79999.765,29.7747195,0.5755142,0,0,0,-0.01903,2276.82627,2278.93203,2.10576,0.03986,-0.01411,0.01864,0.25263,0.01864,0.25263,52.81768,0.2533141,0.2533141,0.00479601,79999.702,77492.008,0.298,2507.992,True,False,-0.17583
247.26,FINE,THRUST,79999.762,29.774719,0.5755142,0,0,0,-0.01811,2276.86703,2278.93203,2.065,0.03908,-0.01383,0.01824,0.24774,0.01824,0.24774,52.81837,0.2484107,0.2484107,0.00470311,79999.698,77540.424,0.302,2459.576,True,False,-0.18154
247.42,FINE,THRUST,79999.759,29.7747185,0.5755142,0,0,0,-0.01721,2276.907,2278.93204,2.02504,0.03833,-0.01357,0.01785,0.24295,0.01785,0.24295,52.81904,0.2436022,0.2436022,0.00461201,79999.695,77587.907,0.305,2412.093,True,False,-0.18641
247.58,FINE,THRUST,79999.757,29.774718,0.5755142,0,0,0,-0.01633,2276.94619,2278.93204,1.98585,0.03759,-0.0133,0.01746,0.23825,0.01746,0.23825,52.8197,0.2388868,0.2388868,0.00452268,79999.691,77634.474,0.309,2365.526,True,False,-0.19032
247.74,FINE,THRUST,79999.749,29.7747175,0.5755142,0,0,0,-0.01547,2276.98463,2278.93205,1.94742,0.03686,-0.01305,0.01709,0.23364,0.01709,0.23364,52.82035,0.2342626,0.2342626,0.00443508,79999.688,77680.144,0.312,2319.856,True,False,-0.19326
247.9,FINE,THRUST,79999.744,29.7747172,0.5755142,0,0,0,-0.01463,2277.02234,2278.93206,1.90972,0.03614,-0.0128,0.01677,0.22912,0.01677,0.22912,52.82098,0.2297305,0.2297305,0.00434923,79999.677,77724.938,0.323,2275.062,True,False,-0.18284
248.06,FINE,THRUST,79999.742,29.7747169,0.5755142,0,0,0,-0.01382,2277.0593,2278.93207,1.87277,0.03544,-0.01255,0.0164,0.22469,0.0164,0.22469,52.8216,0.2252836,0.2252836,0.00426499,79999.674,77768.865,0.326,2231.135,True,False,-0.18403
248.22,FINE,THRUST,79999.739,29.7747166,0.5755142,0,0,0,-0.01302,2277.09555,2278.93207,1.83652,0.03476,-0.0123,0.01605,0.22034,0.01605,0.22034,52.82221,0.2209228,0.2209228,0.00418238,79999.671,77811.946,0.329,2188.054,True,False,-0.18485
248.38,FINE,THRUST,79999.737,29.7747164,0.5755142,0.00031,0,0,-0.01225,2277.13109,2278.93208,1.80098,0.03409,-0.01207,0.0157,0.21608,0.0157,0.21608,52.82281,0.2166463,0.2166463,0.00410138,79999.668,77854.197,0.332,2145.803,True,False,-0.18536
248.54,FINE,THRUST,79999.735,29.7747162,0.5755142,0.00085,0,0,-0.0115,2277.16595,2278.93208,1.76613,0.03343,-0.01183,0.01536,0.2119,0.01536,0.2119,52.8234,0.2124526,0.2124526,0.00402194,79999.666,77895.634,0.334,2104.366,True,False,-0.18556
248.7,FINE,THRUST,79999.734,29.774716,0.5755142,0.00138,0,0,-0.01076,2277.20014,2278.93208,1.73195,0.03278,-0.0116,0.01502,0.2078,0.01502,0.2078,52.82397,0.2083401,0.2083401,0.00394404,79999.663,77936.272,0.337,2063.728,True,False,-0.1855
248.86,FINE,THRUST,79999.724,29.774716,0.5755142,0.00192,0,0,-0.01005,2277.23366,2278.93209,1.69843,0.03214,-0.01138,0.01471,0.20378,0.01471,0.20378,52.82453,0.2043076,0.2043076,0.00386766,79999.66,77976.127,0.34,2023.873,True,False,-0.18282
249.02,FINE,THRUST,79999.722,29.774716,0.5755142,0.00245,0,0,-0.00936,2277.26655,2278.9321,1.66555,0.03152,-0.01116,0.01443,0.19983,0.01443,0.19983,52.82509,0.2003548,0.2003548,0.0037928,79999.651,78015.217,0.349,1984.783,True,False,-0.17029
249.18,FINE,THRUST,79999.721,29.7747161,0.5755142,0.00299,0,0,-0.00869,2277.29879,2278.9321,1.63332,0.03091,-0.01094,0.01412,0.19597,0.01412,0.19597,52.82563,0.1964764,0.1964764,0.00371934,79999.649,78053.55,0.351,1946.45,True,False,-0.16961
249.34,FINE,THRUST,79999.719,29.7747162,0.5755142,0.00353,0,0,-0.00804,2277.3304,2278.93211,1.6017,0.03031,-0.01073,0.01381,0.19218,0.01381,0.19218,52.82616,0.1926731,0.1926731,0.0036473,79999.648,78091.145,0.352,1908.855,True,False,-0.16916
249.5,FINE,THRUST,79999.718,29.7747163,0.5755142,0.00406,0,0,-0.0074,2277.3614,2278.93211,1.57071,0.02973,-0.01052,0.01351,0.18846,0.01351,0.18846,52.82668,0.1889433,0.1889433,0.00357666,79999.646,78128.015,0.354,1871.985,True,False,-0.16894
249.66,FINE,THRUST,79999.717,29.7747165,0.5755142,0.0046,0,0,-0.00679,2277.39181,2278.93211,1.54031,0.02915,-0.01032,0.01321,0.18481,0.01321,0.18481,52.8272,0.1852858,0.1852858,0.00350739,79999.645,78164.174,0.355,1835.826,True,False,-0.16886
249.8,FINE,THRUST,79999.714,29.7747167,0.5755142,0.00513,0,0,-0.00619,2277.42162,2278.93211,1.51049,0.02859,-0.01012,0.01293,0.18124,0.01293,0.18124,52.8277,0.181699,0.181699,0.00343947,79999.643,78199.636,0.357,1800.364,True,False,-0.16888
249.98,FINE,THRUST,79999.707,29.7747169,0.5755143,0.00567,0,0,-0.00561,2277.45087,2278.93212,1.48125,0.02803,-0.00993,0.01268,0.17773,0.01268,0.17773,52.82819,0.1781833,0.1781833,0.00337288,79999.637,78234.416,0.363,1765.584,True,False,-0.15823
250.14,FINE,THRUST,79999.706,29.7747172,0.5755143,0.00621,0,0,-0.00504,2277.47955,2278.93213,1.45258,0.02749,-0.00973,0.01242,0.17429,0.01242,0.17429,52.82867,0.1747349,0.1747349,0.00330758,79999.633,78268.524,0.367,1731.476,True,False,-0.15278
250.3,FINE,THRUST,79999.705,29.7747174,0.5755143,0.00674,0,0,-0.00449,2277.50766,2278.93213,1.42447,0.02696,-0.00954,0.01215,0.17092,0.01215,0.17092,52.82915,0.1713523,0.1713523,0.00324352,79999.632,78301.974,0.368,1698.026,True,False,-0.15301
250.46,FINE,THRUST,79999.704,29.7747176,0.5755143,0.00728,0,0,-0.00396,2277.53524,2278.93213,1.3969,0.02644,-0.00936,0.01188,0.16761,0.01188,0.16761,52.82961,0.1680352,0.1680352,0.0031807,79999.631,78334.778,0.369,1665.222,True,False,-0.15362
250.62,FINE,THRUST,79999.703,29.7747177,0.5755143,0.00782,0,0,-0.00344,2277.56227,2278.93213,1.36986,0.02592,-0.00918,0.01163,0.16437,0.01163,0.16437,52.83006,0.1647823,0.1647823,0.0031191,79999.63,78366.95,0.37,1633.05,True,False,-0.15449
250.78,FINE,THRUST,79999.703,29.7747179,0.5755143,0.00835,0,0,-0.00294,2277.58879,2278.93214,1.34335,0.02542,-0.009,0.01137,0.16119,0.01137,0.16119,52.83051,0.1615923,0.1615923,0.00305869,79999.63,78398.502,0.37,1601.498,True,False,-0.15551
250.94,FINE,THRUST,79999.702,29.7747181,0.5755143,0.00889,0,0,-0.00245,2277.61479,2278.93214,1.31735,0.02493,-0.00883,0.01112,0.15807,0.01112,0.15807,52.83095,0.1584641,0.1584641,0.00299946,79999.629,78429.444,0.371,1570.556,True,False,-0.15654
251.1,FINE,THRUST,79999.702,29.7747182,0.5755143,0.00943,0,0,-0.00197,2277.64029,2278.93214,1.29185,0.02445,-0.00866,0.01088,0.15502,0.01088,0.15502,52.83138,0.1553964,0.1553964,0.00294137,79999.629,78459.789,0.371,1540.211,True,False,-0.15746
251.26,FINE,THRUST,79999.701,29.7747183,0.5755143,0.00996,0,0,-0.0015,2277.66529,2278.93214,1.26684,0.02397,-0.00849,0.01064,0.15202,0.01064,0.15202,52.8318,0.1523881,0.1523881,0.0028844,79999.628,78489.549,0.372,1510.451,True,False,-0.15816
251.42,FINE,THRUST,79999.701,29.7747185,0.5755143,0.0105,0,0,-0.00105,2277.68981,2278.93214,1.24232,0.02351,-0.00832,0.0104,0.14908,0.0104,0.14908,52.83221,0.1494381,0.1494381,0.00282854,79999.628,78518.735,0.372,1481.265,True,False,-0.1586
251.58,FINE,THRUST,79999.701,29.7747186,0.5755143,0.01104,0,0,-0.00061,2277.71386,2278.93214,1.21828,0.02305,-0.00816,0.01017,0.14619,0.01017,0.14619,52.83261,0.1465451,0.1465451,0.00277376,79999.628,78547.357,0.372,1452.643,True,False,-0.15873
251.74,FINE,THRUST,79999.701,29.7747187,0.5755143,0.01157,0,0,-0.00019,2277.73744,2278.93214,1.1947,0.02261,-0.00801,0.00995,0.14336,0.00995,0.14336,52.83301,0.1437081,0.1437081,0.00272004,79999.628,78575.427,0.372,1424.573,True,False,-0.15854
251.9,FINE,THRUST,79999.701,29.7747188,0.5755143,0.01211,0,0,0.00023,2277.76056,2278.93214,1.17157,0.02217,-0.00785,0.00973,0.14059,0.00973,0.14059,52.8334,0.1409261,0.1409261,0.00266737,79999.628,78602.955,0.372,1397.045,True,False,-0.15801
252.06,FINE,THRUST,79999.693,29.7747189,0.5755143,0.01264,0,0,0.00063,2277.78325,2278.93214,1.1489,0.02174,-0.0077,0.00952,0.13787,0.00952,0.13787,52.83378,0.1381983,0.1381983,0.00261572,79999.627,78629.953,0.373,1370.047,True,False,-0.1537
252.22,FINE,THRUST,79999.693,29.774719,0.5755144,0.01318,0,0,0.00102,2277.8055,2278.93215,1.12665,0.02132,-0.00755,0.00935,0.1352,0.00935,0.1352,52.83415,0.1355248,0.1355248,0.0025651,79999.62,78656.431,0.38,1343.569,True,False,-0.13492
252.38,FINE,THRUST,79999.693,29.774719,0.5755144,0.01372,0,0,0.00139,2277.82731,2278.93215,1.10484,0.02091,-0.0074,0.00915,0.13259,0.00915,0.13259,52.83452,0.1329012,0.1329012,0.00251542,79999.621,78682.397,0.379,1317.603,True,False,-0.13373
252.54,FINE,THRUST,79999.693,29.7747191,0.5755144,0.01425,0,0,0.00175,2277.8487,2278.93215,1.08346,0.0205,-0.00726,0.00895,0.13002,0.00895,0.13002,52.83488,0.1303283,0.1303283,0.00246671,79999.621,78707.861,0.379,1292.139,True,False,-0.13306
252.7,FINE,THRUST,79999.693,29.7747191,0.5755144,0.01479,0,0,0.0021,2277.86967,2278.93215,1.06249,0.02011,-0.00712,0.00875,0.12751,0.00875,0.12751,52.83524,0.1278052,0.1278052,0.00241894,79999.621,78732.834,0.379,1267.166,True,False,-0.13288
252.86,FINE,THRUST,79999.693,29.774719,0.5755144,0.01533,0,0,0.00244,2277.89023,2278.93215,1.04192,0.01972,-0.00698,0.00856,0.12504,0.00856,0.12504,52.83558,0.1253309,0.1253309,0.00237209,79999.622,78757.325,0.378,1242.675,True,False,-0.13314
253.02,FINE,THRUST,79999.693,29.774719,0.5755144,0.01586,0,0,0.00277,2277.9104,2278.93215,1.02175,0.01934,-0.00685,0.00837,0.12262,0.00837,0.12262,52.83592,0.1229045,0.1229045,0.00232615,79999.622,78781.343,0.378,1218.657,True,False,-0.13366
253.18,FINE,THRUST,79999.694,29.774719,0.5755144,0.0164,0,0,0.00309,2277.93018,2278.93215,1.00197,0.01896,-0.00671,0.00818,0.12025,0.00818,0.12025,52.83625,0.1205251,0.1205251,0.00228111,79999.623,78804.897,0.377,1195.103,True,False,-0.13436
253.34,FINE,THRUST,79999.694,29.7747189,0.5755144,0.01693,0,0,0.0034,2277.94957,2278.93215,0.98258,0.01859,-0.00658,0.008,0.11792,0.008,0.11792,52.83658,0.1181917,0.1181917,0.00223693,79999.624,78827.996,0.376,1172.004,True,False,-0.13506
253.5,FINE,THRUST,79999.695,29.7747188,0.5755144,0.01747,0,0,0.00371,2277.96859,2278.93215,0.96356,0.01823,-0.00646,0.00782,0.11564,0.00782,0.11564,52.8369,0.1159035,0.1159035,0.00219361,79999.625,78850.65,0.375,1149.35,True,False,-0.13565
253.66,FINE,THRUST,79999.695,29.7747188,0.5755144,0.01801,0,0,0.004,2277.98724,2278.93215,0.94491,0.01788,-0.00633,0.00765,0.1134,0.00765,0.1134,52.83721,0.1136596,0.1136596,0.00215113,79999.625,78872.866,0.375,1127.134,True,False,-0.13612
253.82,FINE,THRUST,79999.695,29.7747187,0.5755144,0.01854,0,0,0.00428,2278.00553,2278.93215,0.92662,0.01753,-0.00621,0.00748,0.11121,0.00748,0.11121,52.83752,0.1114591,0.1114591,0.00210947,79999.626,78894.653,0.374,1105.347,True,False,-0.13642
253.98,FINE,THRUST,79999.696,29.7747186,0.5755144,0.01908,0,0,0.00456,2278.02347,2278.93215,0.90868,0.0172,-0.00609,0.00731,0.10906,0.00731,0.10906,52.83782,0.1093013,0.1093013,0.00206862,79999.627,78916.019,0.373,1083.981,True,False,-0.13648
254.14,FINE,THRUST,79999.697,29.7747186,0.5755144,0.01961,0,0,0.00482,2278.04106,2278.93215,0.89109,0.01686,-0.00597,0.00714,0.10695,0.00714,0.10695,52.83812,0.1071852,0.1071852,0.00202856,79999.628,78936.972,0.372,1063.028,True,False,-0.13628
254.3,FINE,THRUST,79999.697,29.7747185,0.5755144,0.02015,0,0,0.00508,2278.05831,2278.93215,0.87384,0.01654,-0.00586,0.00698,0.10488,0.00698,0.10488,52.83841,0.10511,0.10511,0.00198927,79999.629,78957.521,0.371,1042.479,True,False,-0.13579
254.46,FINE,THRUST,79999.698,29.7747185,0.5755144,0.02069,0,0,0.00533,2278.07522,2278.93215,0.85692,0.01622,-0.00574,0.00683,0.10285,0.00683,0.10285,52.83869,0.103075,0.103075,0.00195075,79999.63,78977.673,0.37,1022.327,True,False,-0.13505
254.62,FINE,THRUST,79999.699,29.7747184,0.5755143,0.02122,0,0,0.00557,2278.09181,2278.93214,0.84034,0.0159,-0.00563,0.00667,0.10086,0.00667,0.10086,52.83897,0.1010795,0.1010795,0.00191297,79999.632,78997.436,0.368,1002.564,True,False,-0.13404
254.78,FINE,THRUST,79999.699,29.7747183,0.5755143,0.02176,0,0,0.0058,2278.10807,2278.93214,0.82407,0.01559,-0.00552,0.00652,0.09891,0.00652,0.09891,52.83925,0.0991225,0.0991225,0.00187593,79999.633,79016.817,0.367,983.183,True,False,-0.13281
254.94,FINE,THRUST,79999.7,29.7747183,0.5755143,0.02229,0,0,0.00602,2278.12403,2278.93214,0.80812,0.01529,-0.00542,0.00638,0.09699,0.00638,0.09699,52.83952,0.0972035,0.0972035,0.0018396,79999.634,79035.824,0.366,964.176,True,False,-0.13139
255.1,FINE,THRUST,79999.701,29.7747182,0.5755143,0.02283,0,0,0.00623,2278.13967,2278.93214,0.79247,0.015,-0.00531,0.00623,0.09512,0.00623,0.09512,52.83978,0.0953215,0.0953215,0.00180397,79999.635,79054.464,0.365,945.536,True,False,-0.12983
255.26,FINE,THRUST,79999.694,29.7747182,0.5755143,0.02337,0,0,0.00644,2278.15501,2278.93214,0.77713,0.01471,-0.00521,0.0061,0.09328,0.0061,0.09328,52.84004,0.0934764,0.0934764,0.00176905,79999.635,79072.744,0.365,927.256,True,False,-0.12306
255.42,FINE,THRUST,79999.695,29.7747182,0.5755144,0.0239,0,0,0.00664,2278.17007,2278.93215,0.76208,0.01442,-0.00511,0.006,0.09147,0.006,0.09147,52.84029,0.0916684,0.0916684,0.00173482,79999.63,79090.674,0.37,909.326,True,False,-0.09535
255.58,FINE,THRUST,79999.695,29.7747182,0.5755144,0.02444,0,0,0.00683,2278.18482,2278.93215,0.74733,0.01414,-0.00501,0.00587,0.0897,0.00587,0.0897,52.84054,0.0898937,0.0898937,0.00170123,79999.632,79108.254,0.368,891.746,True,False,-0.09404
255.74,FINE,THRUST,79999.696,29.7747181,0.5755144,0.02497,0,0,0.00701,2278.19929,2278.93215,0.73286,0.01387,-0.00491,0.00574,0.08797,0.00574,0.08797,52.84078,0.0881532,0.0881532,0.00166828,79999.633,79125.496,0.367,874.504,True,False,-0.09378
255.9,FINE,THRUST,79999.697,29.7747181,0.5755144,0.02551,0,0,0.00719,2278.21348,2278.93215,0.71867,0.0136,-0.00482,0.00561,0.08626,0.00561,0.08626,52.84102,0.0864464,0.0864464,0.00163597,79999.635,79142.404,0.365,857.596,True,False,-0.09456
256.06,FINE,THRUST,79999.698,29.7747181,0.5755144,0.02605,0,0,0.00736,2278.22739,2278.93214,0.70476,0.01334,-0.00472,0.00548,0.0846,0.00548,0.0846,52.84125,0.0847727,0.0847727,0.00160429,79999.636,79158.985,0.364,841.015,True,False,-0.09615
256.22,FINE,THRUST,79999.699,29.774718,0.5755144,0.02658,0,0,0.00752,2278.24103,2278.93214,0.69111,0.01308,-0.00463,0.00536,0.08296,0.00536,0.08296,52.84148,0.0831314,0.0831314,0.00157322,79999.638,79175.247,0.362,824.753,True,False,-0.09833
256.38,FINE,THRUST,79999.7,29.774718,0.5755144,0.02712,0,0,0.00768,2278.25441,2278.93214,0.67773,0.01282,-0.00454,0.00523,0.08135,0.00523,0.08135,52.84171,0.0815218,0.0815218,0.00154275,79999.639,79191.193,0.361,808.807,True,False,-0.10088
256.54,FINE,THRUST,79999.701,29.774718,0.5755144,0.02766,0,0,0.00783,2278.26753,2278.93214,0.66461,0.01258,-0.00445,0.00512,0.07978,0.00512,0.07978,52.84193,0.0799434,0.0799434,0.00151288,79999.641,79206.832,0.359,793.168,True,False,-0.10352
256.7,FINE,THRUST,79999.703,29.774718,0.5755144,0.02819,0,0,0.00798,2278.28039,2278.93214,0.65174,0.01233,-0.00437,0.005,0.07824,0.005,0.07824,52.84215,0.0783955,0.0783955,0.00148358,79999.643,79222.168,0.357,777.832,True,False,-0.10607
256.86,FINE,THRUST,79999.704,29.7747179,0.5755144,0.02873,0,0,0.00813,2278.29301,2278.93214,0.63913,0.01209,-0.00428,0.00488,0.07672,0.00488,0.07672,52.84236,0.0768776,0.0768776,0.00145485,79999.644,79237.208,0.356,762.792,True,False,-0.10846
257.02,FINE,THRUST,79999.705,29.7747179,0.5755144,0.02926,0,0,0.00827,2278.30538,2278.93213,0.62675,0.01186,-0.0042,0.00477,0.07524,0.00477,0.07524,52.84257,0.0753891,0.0753891,0.00142667,79999.646,79251.957,0.354,748.043,True,False,-0.11051
257.18,FINE,THRUST,79999.706,29.7747179,0.5755144,0.0298,0,0,0.0084,2278.31751,2278.93213,0.61462,0.01163,-0.00412,0.00466,0.07378,0.00466,0.07378,52.84277,0.0739294,0.0739294,0.00139904,79999.648,79266.422,0.352,733.578,True,False,-0.11217
257.34,FINE,THRUST,79999.703,29.7747179,0.5755143,0.03034,0,0,0.00853,2278.32941,2278.93213,0.60272,0.0114,-0.00404,0.00455,0.07235,0.00455,0.07235,52.84297,0.072498,0.072498,0.00137195,79999.65,79280.606,0.35,719.394,True,False,-0.11334
257.5,FINE,THRUST,79999.7,29.7747179,0.5755144,0.03087,0,0,0.00866,2278.3411,2278.93214,0.59104,0.01118,-0.00396,0.0045,0.07095,0.0045,0.07095,52.84316,0.0710963,0.0710963,0.00134542,79999.644,79294.52,0.356,705.48,True,False,-0.0737
257.66,FINE,THRUST,79999.702,29.7747179,0.5755144,0.03141,0,0,0.00878,2278.35254,2278.93214,0.5796,0.01097,-0.00388,0.00439,0.06958,0.00439,0.06958,52.84336,0.0697198,0.0697198,0.00131937,79999.646,79308.161,0.354,691.839,True,False,-0.07428
257.82,FINE,THRUST,79999.703,29.7747179,0.5755144,0.03194,0,0,0.00889,2278.36376,2278.93214,0.56838,0.01075,-0.00381,0.00429,0.06823,0.00429,0.06823,52.84355,0.0683698,0.0683698,0.00129382,79999.647,79321.54,0.353,678.46,True,False,-0.07587
257.98,FINE,THRUST,79999.704,29.7747179,0.5755144,0.03248,0,0,0.00899,2278.37476,2278.93214,0.55737,0.01055,-0.00374,0.0042,0.06691,0.0042,0.06691,52.84373,0.067046,0.067046,0.00126876,79999.649,79334.66,0.351,665.34,True,False,-0.07847
258.14,FINE,THRUST,79999.705,29.7747179,0.5755144,0.03302,0,0,0.0091,2278.38555,2278.93213,0.54658,0.01034,-0.00366,0.0041,0.06562,0.0041,0.06562,52.84391,0.0657478,0.0657478,0.00124419,79999.651,79347.526,0.349,652.474,True,False,-0.08188
258.3,FINE,THRUST,79999.707,29.7747179,0.5755144,0.03355,0,0,0.0092,2278.39613,2278.93213,0.536,0.01014,-0.00359,0.004,0.06435,0.004,0.06435,52.84409,0.0644747,0.0644747,0.00122009,79999.653,79360.143,0.347,639.857,True,False,-0.08575
258.46,FINE,THRUST,79999.7,29.774718,0.5755144,0.03409,0,0,0.0093,2278.40652,2278.93213,0.52562,0.00995,-0.00352,0.00393,0.0631,0.00393,0.0631,52.84427,0.063227,0.063227,0.00119648,79999.653,79372.518,0.347,627.482,True,False,-0.07464
258.62,FINE,THRUST,79999.701,29.774718,0.5755144,0.03463,0,0,0.00939,2278.41671,2278.93214,0.51543,0.00975,-0.00345,0.00387,0.06188,0.00387,0.06188,52.84444,0.0620041,0.0620041,0.00117333,79999.649,79384.654,0.351,615.346,True,False,-0.0478
258.78,FINE,THRUST,79999.703,29.774718,0.5755144,0.03516,0,0,0.00948,2278.42669,2278.93214,0.50545,0.00956,-0.00339,0.00378,0.06069,0.00378,0.06069,52.8446,0.0608035,0.0608035,0.00115061,79999.651,79396.554,0.349,603.446,True,False,-0.05241
258.94,FINE,THRUST,79999.704,29.774718,0.5755144,0.0357,0,0,0.00956,2278.43647,2278.93214,0.49566,0.00938,-0.00332,0.00369,0.05951,0.00369,0.05951,52.84477,0.0596261,0.0596261,0.00112833,79999.653,79408.224,0.347,591.776,True,False,-0.05823
259.1,FINE,THRUST,79999.706,29.7747181,0.5755144,0.03623,0,0,0.00964,2278.44607,2278.93213,0.48607,0.0092,-0.00326,0.0036,0.05836,0.0036,0.05836,52.84493,0.0584715,0.0584715,0.00110647,79999.655,79419.669,0.345,580.331,True,False,-0.06513
259.26,FINE,THRUST,79999.707,29.7747181,0.5755144,0.03677,0,0,0.00972,2278.45548,2278.93213,0.47665,0.00902,-0.00319,0.00352,0.05723,0.00352,0.05723,52.84509,0.0573392,0.0573392,0.00108504,79999.657,79430.892,0.343,569.108,True,False,-0.0726
259.42,FINE,THRUST,79999.709,29.7747181,0.5755144,0.03731,0,0,0.0098,2278.4647,2278.93213,0.46743,0.00884,-0.00313,0.00344,0.05612,0.00344,0.05612,52.84525,0.0562289,0.0562289,0.00106403,79999.66,79441.897,0.34,558.103,True,False,-0.08022
259.58,FINE,THRUST,79999.71,29.7747181,0.5755144,0.03784,0,0,0.00988,2278.47375,2278.93213,0.45837,0.00867,-0.00307,0.00335,0.05504,0.00335,0.05504,52.8454,0.0551401,0.0551401,0.00104342,79999.662,79452.69,0.338,547.31,True,False,-0.08762
259.74,FINE,THRUST,79999.711,29.7747181,0.5755144,0.03838,0,0,0.00995,2278.48262,2278.93212,0.4495,0.00851,-0.00301,0.00327,0.05397,0.00327,0.05397,52.84554,0.0540724,0.0540724,0.00102322,79999.664,79463.274,0.336,536.726,True,False,-0.09451
259.9,FINE,THRUST,79999.713,29.7747181,0.5755144,0.03892,0,0,0.01002,2278.49133,2278.93212,0.4408,0.00834,-0.00295,0.00319,0.05293,0.00319,0.05293,52.84569,0.0530253,0.0530253,0.0010034,79999.666,79473.654,0.334,526.346,True,False,-0.10062
260.06,FINE,THRUST,79999.714,29.7747182,0.5755144,0.03945,0,0,0.01009,2278.49986,2278.93212,0.43226,0.00818,-0.0029,0.00312,0.05191,0.00312,0.05191,52.84584,0.0519985,0.0519985,0.00098397,79999.668,79483.832,0.332,516.168,True,False,-0.10577
260.22,FINE,THRUST,79999.716,29.7747182,0.5755144,0.03999,0,0,0.01015,2278.50823,2278.93212,0.42389,0.00802,-0.00284,0.00304,0.0509,0.00304,0.0509,52.84598,0.0509917,0.0509917,0.00096491,79999.67,79493.814,0.33,506.186,True,False,-0.10989
260.38,FINE,THRUST,79999.717,29.7747182,0.5755144,0.04052,0,0,0.01022,2278.51643,2278.93211,0.41568,0.00787,-0.00279,0.00297,0.04992,0.00297,0.04992,52.84612,0.0500043,0.0500043,0.00094622,79999.673,79503.603,0.327,496.397,True,False,-0.1129
260.54,FINE,THRUST,79999.714,29.7747183,0.5755144,0.04106,0,0,0.01028,2278.52448,2278.93211,0.40763,0.00771,-0.00273,0.0029,0.04895,0.0029,0.04895,52.84625,0.049036,0.049036,0.0009279,79999.675,79513.202,0.325,486.798,True,False,-0.11488
260.7,FINE,THRUST,79999.712,29.7747184,0.5755145,0.0416,0,0,0.01033,2278.53239,2278.93212,0.39973,0.00756,-0.00268,0.00288,0.048,0.00288,0.048,52.84638,0.0480884,0.0480884,0.00090997,79999.669,79522.619,0.331,477.381,True,False,-0.05659
260.86,FINE,THRUST,79999.713,29.7747184,0.5755145,0.04213,0,0,0.01038,2278.54013,2278.93212,0.39199,0.00742,-0.00263,0.00281,0.04707,0.00281,0.04707,52.84651,0.0471573,0.0471573,0.00089234,79999.672,79531.851,0.328,468.149,True,False,-0.05714
261.02,FINE,THRUST,79999.715,29.7747184,0.5755145,0.04267,0,0,0.01043,2278.54772,2278.93212,0.3844,0.00727,-0.00258,0.00274,0.04616,0.00274,0.04616,52.84664,0.0462442,0.0462442,0.00087506,79999.674,79540.905,0.326,459.095,True,False,-0.05917
261.18,FINE,THRUST,79999.716,29.7747185,0.5755145,0.0432,0,0,0.01047,2278.55516,2278.93212,0.37696,0.00713,-0.00253,0.00267,0.04527,0.00267,0.04527,52.84676,0.0453487,0.0453487,0.00085812,79999.676,79549.784,0.324,450.216,True,False,-0.06266
261.34,FINE,THRUST,79999.718,29.7747185,0.5755145,0.04374,0,0,0.01051,2278.56246,2278.93211,0.36966,0.00699,-0.00248,0.00261,0.04439,0.00261,0.04439,52.84689,0.0444706,0.0444706,0.0008415,79999.678,79558.491,0.322,441.509,True,False,-0.06733
261.5,FINE,THRUST,79999.719,29.7747186,0.5755145,0.04428,0,0,0.01055,2278.56961,2278.93211,0.3625,0.00686,-0.00243,0.00254,0.04354,0.00254,0.04354,52.84701,0.0436094,0.0436094,0.0008252,79999.681,79567.03,0.319,432.97,True,False,-0.07283
261.66,FINE,THRUST,79999.721,29.7747186,0.5755145,0.04481,0,0,0.01059,2278.57663,2278.93211,0.35548,0.00673,-0.00238,0.00248,0.04269,0.00248,0.04269,52.84713,0.0427649,0.0427649,0.00080922,79999.683,79575.403,0.317,424.597,True,False,-0.07878
261.82,FINE,THRUST,79999.722,29.7747186,0.5755145,0.04535,0,0,0.01062,2278.58351,2278.93211,0.34859,0.0066,-0.00234,0.00242,0.04187,0.00242,0.04187,52.84724,0.0419368,0.0419368,0.00079355,79999.685,79583.615,0.315,416.385,True,False,-0.08485
261.98,FINE,THRUST,79999.724,29.7747187,0.5755145,0.04589,0,0,0.01066,2278.59026,2278.9321,0.34184,0.00647,-0.00229,0.00236,0.04106,0.00236,0.04106,52.84736,0.0411247,0.0411247,0.00077818,79999.688,79591.667,0.312,408.333,True,False,-0.0907
262.14,FINE,THRUST,79999.725,29.7747187,0.5755145,0.04642,0,0,0.01069,2278.59688,2278.9321,0.33522,0.00634,-0.00225,0.0023,0.04026,0.0023,0.04026,52.84747,0.0403284,0.0403284,0.00076311,79999.69,79599.564,0.31,400.436,True,False,-0.09612
262.3,FINE,THRUST,79999.727,29.7747187,0.5755145,0.04696,0,0,0.01072,2278.60337,2278.9321,0.32873,0.00622,-0.0022,0.00224,0.03948,0.00224,0.03948,52.84758,0.0395474,0.0395474,0.00074833,79999.692,79607.308,0.308,392.692,True,False,-0.10089
262.46,FINE,THRUST,79999.728,29.7747188,0.5755145,0.04749,0,0,0.01075,2278.60973,2278.9321,0.32237,0.0061,-0.00216,0.00219,0.03872,0.00219,0.03872,52.84768,0.0387816,0.0387816,0.00073384,79999.695,79614.902,0.305,385.098,True,False,-0.10493
262.6,FINE,THRUST,79999.728,29.7747188,0.5755145,0.04803,0,0,0.01078,2278.61597,2278.93209,0.31612,0.00598,-0.00212,0.00213,0.03797,0.00213,0.03797,52.84779,0.0380307,0.0380307,0.00071963,79999.697,79622.349,0.303,377.651,True,False,-0.10817
262.78,FINE,THRUST,79999.723,29.7747189,0.5755145,0.04857,0,0,0.0108,2278.6221,2278.9321,0.31,0.00587,-0.00208,0.00211,0.03724,0.00211,0.03724,52.84789,0.0372954,0.0372954,0.00070571,79999.694,79629.655,0.306,370.345,True,False,-0.05974
262.94,FINE,THRUST,79999.725,29.7747189,0.5755145,0.0491,0,0,0.01082,2278.62811,2278.9321,0.30399,0.00575,-0.00204,0.00207,0.03651,0.00207,0.03651,52.84799,0.0365738,0.0365738,0.00069206,79999.694,79636.818,0.306,363.182,True,False,-0.03618
263.1,FINE,THRUST,79999.726,29.774719,0.5755145,0.04964,0,0,0.01084,2278.634,2278.9321,0.2981,0.00564,-0.002,0.00202,0.03581,0.00202,0.03581,52.84809,0.0358656,0.0358656,0.00067866,79999.696,79643.842,0.304,356.158,True,False,-0.03922
263.28,FINE,THRUST,79999.727,29.774719,0.5755145,0.05017,0.003077,5,0.01085,2278.63977,2278.9321,0.29233,0.00553,-0.00196,0.00197,0.03512,0.00197,0.03512,52.84819,0.0351711,0.0353054,0.00066805,79999.699,79650.73,0.301,349.27,True,False,-5.0112
263.44,FINE,THRUST,79999.729,29.7747191,0.5755146,0.05071,0.003017,5,0.01087,2278.64544,2278.93209,0.28666,0.00542,-0.00192,0.00192,0.03444,0.00192,0.03444,52.84828,0.0344891,0.0346208,0.0006551,79999.701,79657.494,0.299,342.506,True,False,-4.98358
263.6,FINE,THRUST,79999.731,29.774721,0.5755147,0.05125,0.002959,5,0.01088,2278.651,2278.93209,0.28109,0.00532,-0.00188,0.00187,0.03377,0.00187,0.03377,52.84838,0.0338194,0.0339486,0.00064238,79999.704,79664.135,0.296,335.865,True,False,-4.83878
263.76,FINE,THRUST,79999.727,29.7747238,0.5755149,0.05179,0.002901,5,0.01089,2278.65645,2278.93209,0.27564,0.00522,-0.00185,0.00182,0.03311,0.00182,0.03311,52.84847,0.033163,0.0332897,0.00062991,79999.706,79670.645,0.294,329.355,True,False,-4.57588
263.92,FINE,THRUST,79999.726,29.7747261,0.5755152,0.05233,0.002845,5,0.01091,2278.66183,2278.9321,0.27027,0.00511,-0.00181,0.00183,0.03247,0.00183,0.03247,52.84856,0.0325207,0.032645,0.00061771,79999.701,79677.035,0.299,322.965,True,False,-4.20972
264.08,FINE,THRUST,79999.727,29.7747272,0.5755153,0.05287,0.00279,5,0.01092,2278.66707,2278.9321,0.26502,0.00501,-0.00178,0.00178,0.03184,0.00178,0.03184,52.84865,0.031889,0.0320109,0.00060571,79999.703,79683.3,0.297,316.7,True,False,-3.75916
264.24,FINE,THRUST,79999.729,29.7747271,0.5755152,0.05341,0.002736,5,0.01092,2278.67222,2278.93209,0.25987,0.00492,-0.00174,0.00174,0.03122,0.00174,0.03122,52.84874,0.0312694,0.0313888,0.00059394,79999.706,79689.445,0.294,310.555,True,False,-3.24258
264.4,FINE,THRUST,79999.731,29.7747254,0.5755151,0.05394,0.002683,5,0.01093,2278.67727,2278.93209,0.25482,0.00482,-0.00171,0.00169,0.03061,0.00169,0.03061,52.84882,0.0306615,0.0307787,0.00058239,79999.708,79695.473,0.292,304.527,True,False,-2.67951
264.56,FINE,THRUST,79999.732,29.7747223,0.5755148,0.05447,0.00263,5,0.01093,2278.68222,2278.93209,0.24987,0.00473,-0.00167,0.00165,0.03002,0.00165,0.03002,52.8489,0.0300655,0.0301804,0.00057107,79999.711,79701.384,0.289,298.616,True,False,-2.08957
264.72,FINE,THRUST,79999.734,29.7747177,0.5755144,0.05499,0.002579,5,0.01094,2278.68708,2278.93209,0.24501,0.00464,-0.00164,0.0016,0.02944,0.0016,0.02944,52.84899,0.0294812,0.0295938,0.00055997,79999.713,79707.179,0.287,292.821,True,False,-1.49176
264.88,FINE,THRUST,79999.728,29.7747115,0.5755139,0.05552,0.002529,5,0.01095,2278.69184,2278.93209,0.24025,0.00455,-0.00161,0.00157,0.02887,0.00157,0.02887,52.84907,0.0289088,0.0290193,0.0005491,79999.714,79712.859,0.286,287.141,True,False,-0.90329
265.04,FINE,THRUST,79999.729,29.7747041,0.5755133,0.05604,0.00248,5,0.01096,2278.69652,2278.93209,0.23558,0.00446,-0.00158,0.00157,0.02831,0.00157,0.02831,52.84914,0.028349,0.0284573,0.00053846,79999.71,79718.427,0.29,281.573,True,False,0.33703
265.2,FINE,THRUST,79999.731,29.7746953,0.5755125,0.05656,0.002432,5,0.01096,2278.70109,2278.93209,0.23101,0.00437,-0.00155,0.00152,0.02776,0.00152,0.02776,52.84922,0.0277993,0.0279054,0.00052802,79999.713,79723.879,0.287,276.121,True,False,-0.18798
265.36,FINE,THRUST,79999.732,29.7746854,0.5755117,0.05708,0.002385,5,0.01096,2278.70556,2278.93209,0.22653,0.00429,-0.00152,0.00148,0.02722,0.00148,0.02722,52.8493,0.0272607,0.0273648,0.00051779,79999.715,79729.221,0.285,270.779,True,False,-0.66174
265.52,FINE,THRUST,79999.734,29.7746747,0.5755107,0.05759,0.002339,5,0.01096,2278.70994,2278.93209,0.22214,0.0042,-0.00149,0.00144,0.02669,0.00144,0.02669,52.84937,0.0267331,0.0268352,0.00050777,79999.718,79734.453,0.282,265.547,True,False,-1.0749
265.68,FINE,THRUST,79999.736,29.7746631,0.5755097,0.0581,0.002294,5,0.01097,2278.71423,2278.93208,0.21785,0.00412,-0.00146,0.0014,0.02618,0.0014,0.02618,52.84944,0.0262163,0.0263164,0.00049795,79999.721,79739.579,0.279,260.421,True,False,-1.42028
265.84,FINE,THRUST,79999.737,29.774651,0.5755086,0.05862,0.002249,5,0.01097,2278.71844,2278.93208,0.21364,0.00404,-0.00143,0.00137,0.02567,0.00137,0.02567,52.84952,0.0257099,0.0258082,0.00048833,79999.723,79744.6,0.277,255.4,True,False,-1.69308
266,FINE,THRUST,79999.739,29.7746386,0.5755074,0.05913,0.002206,5,0.01097,2278.72256,2278.93208,0.20952,0.00396,-0.0014,0.00133,0.02518,0.00133,0.02518,52.84959,0.0252138,0.0253102,0.00047891,79999.726,79749.52,0.274,250.48,True,False,-1.8909
266.16,FINE,THRUST,79999.74,29.774626,0.5755063,0.05964,0.002163,5,0.01097,2278.7266,2278.93208,0.20548,0.00389,-0.00138,0.00129,0.02469,0.00129,0.02469,52.84965,0.0247276,0.0248221,0.00046967,79999.728,79754.342,0.272,245.658,True,False,-2.01369
266.32,FINE,THRUST,79999.742,29.7746135,0.5755051,0.06015,0.002122,5,0.01097,2278.73056,2278.93207,0.20152,0.00381,-0.00135,0.00125,0.02422,0.00125,0.02422,52.84972,0.024251,0.0243437,0.00046062,79999.731,79759.07,0.269,240.93,True,False,-2.06358
266.48,FINE,THRUST,79999.743,29.7746011,0.575504,0.06066,0.002081,5,0.01097,2278.73444,2278.93207,0.19763,0.00374,-0.00132,0.00122,0.02375,0.00122,0.02375,52.84979,0.0237837,0.0238746,0.00045174,79999.734,79763.705,0.266,236.295,True,False,-2.04463
266.64,FINE,THRUST,79999.745,29.774589,0.5755029,0.06117,0.002041,5,0.01097,2278.73825,2278.93207,0.19382,0.00367,-0.0013,0.00118,0.0233,0.00118,0.0233,52.84985,0.0233254,0.0234145,0.00044304,79999.736,79768.251,0.264,231.749,True,False,-1.96264
266.8,FINE,THRUST,79999.746,29.7745774,0.5755018,0.06169,0.002001,5,0.01097,2278.74198,2278.93207,0.19008,0.0036,-0.00127,0.00115,0.02285,0.00115,0.02285,52.84991,0.0228759,0.0229633,0.0004345,79999.739,79772.711,0.261,227.289,True,False,-1.82486
266.96,FINE,THRUST,79999.742,29.7745664,0.5755008,0.0622,0.001963,5,0.01097,2278.74564,2278.93206,0.18642,0.00353,-0.00125,0.00112,0.02241,0.00112,0.02241,52.84998,0.0224348,0.0225205,0.00042612,79999.742,79777.087,0.258,222.913,True,False,-1.6397
267.12,FINE,THRUST,79999.741,29.7745561,0.5754998,0.06272,0.001925,5,0.01096,2278.74926,2278.93207,0.18281,0.00346,-0.00123,0.00114,0.02197,0.00114,0.02197,52.85004,0.0220034,0.0220875,0.00041793,79999.736,79781.384,0.264,218.616,True,False,-1.40867
267.28,FINE,THRUST,79999.74,29.7745463,0.5754989,0.06323,0.001888,5,0.01095,2278.75279,2278.93207,0.17928,0.00339,-0.0012,0.0011,0.02155,0.0011,0.02155,52.8501,0.0215787,0.0216611,0.00040986,79999.739,79785.598,0.261,214.402,True,False,-1.15587
267.44,FINE,THRUST,79999.736,29.7745374,0.575498,0.06375,0.001852,5,0.01094,2278.75627,2278.93208,0.17581,0.00333,-0.00118,0.00112,0.02113,0.00112,0.02113,52.85016,0.0211631,0.0212439,0.00040196,79999.735,79789.737,0.265,210.263,True,False,0.88949
267.6,FINE,THRUST,79999.737,29.7745292,0.5754973,0.06427,0.001816,5,0.01093,2278.75967,2278.93208,0.17241,0.00326,-0.00116,0.0011,0.02073,0.0011,0.02073,52.85021,0.0207542,0.0208335,0.0003942,79999.736,79793.796,0.264,206.204,True,False,0.61488
267.76,FINE,THRUST,79999.739,29.7745217,0.5754965,0.06479,0.001781,5,0.01091,2278.76301,2278.93208,0.16907,0.0032,-0.00113,0.00107,0.02032,0.00107,0.02032,52.85027,0.0203526,0.0204303,0.00038657,79999.739,79797.78,0.261,202.22,True,False,0.33975
267.92,FINE,THRUST,79999.741,29.7745148,0.5754959,0.06532,0.001746,5,0.01089,2278.76628,2278.93207,0.16579,0.00314,-0.00111,0.00104,0.01993,0.00104,0.01993,52.85033,0.0199585,0.0200348,0.00037908,79999.742,79801.688,0.258,198.312,True,False,0.08785
268.08,FINE,THRUST,79999.742,29.7745086,0.5754952,0.06584,0.001712,5,0.01087,2278.76949,2278.93207,0.16258,0.00308,-0.00109,0.00101,0.01955,0.00101,0.01955,52.85038,0.0195718,0.0196466,0.00037174,79999.744,79805.523,0.256,194.477,True,False,0.19389
268.24,FINE,THRUST,79999.744,29.774503,0.5754947,0.06636,0.001679,5,0.01086,2278.77264,2278.93207,0.15943,0.00302,-0.00107,0.00098,0.01917,0.00098,0.01917,52.85043,0.0191925,0.0192658,0.00036453,79999.747,79809.284,0.253,190.716,True,False,-0.41782
268.4,FINE,THRUST,79999.746,29.774498,0.5754942,0.06689,0.001647,5,0.01085,2278.77573,2278.93207,0.15634,0.00296,-0.00105,0.00094,0.0188,0.00094,0.0188,52.85048,0.0188204,0.0188923,0.00035747,79999.75,79812.973,0.25,187.027,True,False,-0.6166
268.56,FINE,THRUST,79999.748,29.7744933,0.5754937,0.06742,0.001615,5,0.01084,2278.77876,2278.93206,0.1533,0.0029,-0.00103,0.00091,0.01843,0.00091,0.01843,52.85053,0.0184554,0.0185259,0.00035053,79999.752,79816.592,0.248,183.408,True,False,-0.78316
268.72,FINE,THRUST,79999.749,29.7744891,0.5754933,0.06794,0.001583,5,0.01084,2278.78173,2278.93206,0.15033,0.00284,-0.00101,0.00088,0.01808,0.00088,0.01808,52.85058,0.0180975,0.0181666,0.00034374,79999.755,79820.141,0.245,179.859,True,False,-0.91407
268.88,FINE,THRUST,79999.751,29.7744851,0.5754929,0.06847,0.001553,5,0.01083,2278.78464,2278.93206,0.14741,0.00279,-0.00099,0.00086,0.01773,0.00086,0.01773,52.85063,0.0177465,0.0178143,0.00033707,79999.758,79823.621,0.242,176.379,True,False,-1.00752
269.04,FINE,THRUST,79999.753,29.7744814,0.5754925,0.069,0.001523,5,0.01082,2278.7875,2278.93205,0.14455,0.00274,-0.00097,0.00083,0.01738,0.00083,0.01738,52.85068,0.0174024,0.0174689,0.00033053,79999.761,79827.034,0.239,172.966,True,False,-1.06332
269.2,FINE,THRUST,79999.754,29.7744778,0.5754921,0.06953,0.001493,5,0.01082,2278.7903,2278.93205,0.14175,0.00268,-0.00095,0.0008,0.01705,0.0008,0.01705,52.85073,0.017065,0.0171302,0.00032412,79999.764,79830.381,0.236,169.619,True,False,-1.08254
269.36,FINE,THRUST,79999.753,29.7744742,0.5754918,0.07006,0.001464,5,0.01081,2278.79305,2278.93205,0.139,0.00263,-0.00093,0.00077,0.01672,0.00077,0.01672,52.85078,0.0167341,0.016798,0.00031784,79999.767,79833.663,0.233,166.337,True,False,-1.06735
269.52,FINE,THRUST,79999.749,29.7744708,0.5754914,0.07059,0.001436,5,0.0108,2278.79576,2278.93206,0.1363,0.00258,-0.00091,0.00079,0.01639,0.00079,0.01639,52.85082,0.0164108,0.0164735,0.0003117,79999.763,79836.884,0.237,163.116,True,False,-1.00163
269.68,FINE,THRUST,79999.743,29.7744673,0.5754911,0.07111,0.001408,5,0.01079,2278.79841,2278.93206,0.13365,0.00253,-0.0009,0.00077,0.01607,0.00077,0.01607,52.85087,0.0160929,0.0161544,0.00030566,79999.764,79840.041,0.236,159.959,True,False,-0.92454
269.84,FINE,THRUST,79999.743,29.7744638,0.5754907,0.07164,0.001381,5,0.01078,2278.80102,2278.93207,0.13105,0.00248,-0.00088,0.0008,0.01576,0.0008,0.01576,52.85091,0.0157823,0.0158426,0.00029976,79999.759,79843.14,0.241,156.86,True,False,0.83785
270,FINE,THRUST,79999.745,29.77446,0.5754903,0.07217,0.001354,5,0.01076,2278.80356,2278.93207,0.12851,0.00243,-0.00086,0.00078,0.01546,0.00078,0.01546,52.85096,0.0154764,0.0155355,0.00029395,79999.762,79846.175,0.238,153.825,True,False,0.72141
270.16,FINE,THRUST,79999.746,29.7744562,0.5754899,0.0727,0.001328,5,0.01073,2278.80605,2278.93207,0.12601,0.00238,-0.00084,0.00076,0.01516,0.00076,0.01516,52.851,0.0151763,0.0152343,0.00028825,79999.765,79849.152,0.235,150.848,True,False,0.58984
270.32,FINE,THRUST,79999.748,29.7744523,0.5754895,0.07323,0.001302,5,0.01071,2278.8085,2278.93206,0.12357,0.00234,-0.00083,0.00073,0.01486,0.00073,0.01486,52.85104,0.014882,0.0149388,0.00028266,79999.768,79852.071,0.232,147.929,True,False,0.44775
270.48,FINE,THRUST,79999.75,29.7744482,0.5754891,0.07375,0.001277,5,0.01069,2278.81089,2278.93206,0.12117,0.00229,-0.00081,0.00071,0.01458,0.00071,0.01458,52.85108,0.0145934,0.0146491,0.00027718,79999.771,79854.932,0.229,145.068,True,False,0.301
270.64,FINE,THRUST,79999.752,29.7744439,0.5754886,0.07428,0.001252,5,0.01068,2278.81324,2278.93206,0.11882,0.00225,-0.0008,0.00069,0.01429,0.00069,0.01429,52.85112,0.0143104,0.0143651,0.0002718,79999.773,79857.737,0.227,142.263,True,False,-0.15819
270.8,FINE,THRUST,79999.753,29.7744396,0.5754881,0.07481,0.001228,5,0.01066,2278.81554,2278.93205,0.11651,0.0022,-0.00078,0.00066,0.01402,0.00066,0.01402,52.85116,0.014033,0.0140866,0.00026653,79999.776,79860.487,0.224,139.513,True,False,-0.06589
270.96,FINE,THRUST,79999.755,29.7744351,0.5754876,0.07534,0.001204,5,0.01065,2278.8178,2278.93205,0.11425,0.00216,-0.00077,0.00064,0.01375,0.00064,0.01375,52.8512,0.013761,0.0138136,0.00026137,79999.779,79863.183,0.221,136.817,True,False,-0.15348
271.12,FINE,THRUST,79999.757,29.7744306,0.5754871,0.07586,0.001181,5,0.01064,2278.82001,2278.93205,0.11204,0.00212,-0.00075,0.00061,0.01348,0.00061,0.01348,52.85123,0.0134944,0.0135459,0.0002563,79999.782,79865.826,0.218,134.174,True,False,-0.27095
271.28,FINE,THRUST,79999.758,29.774426,0.5754866,0.07639,0.001158,5,0.01063,2278.82218,2278.93204,0.10987,0.00208,-0.00074,0.00059,0.01322,0.00059,0.01322,52.85127,0.0132331,0.0132836,0.00025134,79999.785,79868.417,0.215,131.583,True,False,-0.37694
271.44,FINE,THRUST,79999.76,29.7744213,0.5754861,0.07691,0.001135,5,0.01062,2278.8243,2278.93204,0.10774,0.00204,-0.00072,0.00057,0.01296,0.00057,0.01296,52.8513,0.012977,0.0130265,0.00024648,79999.788,79870.957,0.212,129.043,True,False,-0.46582
271.6,FINE,THRUST,79999.752,29.7744167,0.5754856,0.07744,0.001113,5,0.01061,2278.82639,2278.93204,0.10565,0.002,-0.00071,0.00056,0.01271,0.00056,0.01271,52.85134,0.0127263,0.0127749,0.00024171,79999.789,79873.448,0.211,126.552,True,False,-0.50454
271.76,FINE,THRUST,79999.752,29.7744121,0.5754851,0.07797,0.001092,5,0.0106,2278.82846,2278.93206,0.1036,0.00196,-0.00069,0.00059,0.01247,0.00059,0.01247,52.85138,0.0124813,0.012529,0.00023706,79999.784,79875.893,0.216,124.107,True,False,0.52265
271.92,FINE,THRUST,79999.753,29.7744075,0.5754846,0.07849,0.001071,5,0.01059,2278.83046,2278.93205,0.10159,0.00192,-0.00068,0.00057,0.01223,0.00057,0.01223,52.85141,0.0122399,0.0122867,0.00023248,79999.787,79878.288,0.213,121.712,True,False,0.55176
272.08,FINE,THRUST,79999.754,29.774403,0.5754841,0.07902,0.00105,5,0.01057,2278.83243,2278.93205,0.09962,0.00188,-0.00067,0.00055,0.01199,0.00055,0.01199,52.85144,0.0120032,0.012049,0.00022798,79999.79,79880.637,0.21,119.363,True,False,0.56267
272.24,FINE,THRUST,79999.756,29.7743985,0.5754836,0.07955,0.00103,5,0.01055,2278.83435,2278.93205,0.0977,0.00185,-0.00065,0.00054,0.01176,0.00054,0.01176,52.85148,0.011771,0.0118159,0.00022357,79999.793,79882.941,0.207,117.059,True,False,-0.5568
272.4,FINE,THRUST,79999.757,29.7743941,0.5754831,0.08007,0.00101,5,0.01053,2278.83624,2278.93205,0.0958,0.00181,-0.00064,0.00052,0.01153,0.00052,0.01153,52.85151,0.0115432,0.0115873,0.00021924,79999.796,79885.199,0.204,114.801,True,False,-0.53664
272.56,FINE,THRUST,79999.759,29.7743899,0.5754826,0.0806,0.00099,5,0.01051,2278.8381,2278.93204,0.09395,0.00178,-0.00063,0.0005,0.01131,0.0005,0.01131,52.85154,0.0113199,0.0113631,0.000215,79999.799,79887.414,0.201,112.586,True,False,-0.50522
272.72,FINE,THRUST,79999.76,29.7743857,0.5754821,0.08113,0.000971,5,0.0105,2278.83991,2278.93204,0.09213,0.00174,-0.00062,0.00048,0.01109,0.00048,0.01109,52.85157,0.0111008,0.0111432,0.00021084,79999.803,79889.586,0.197,110.414,True,False,-0.46579
272.88,FINE,THRUST,79999.762,29.7743818,0.5754816,0.08165,0.000952,5,0.01048,2278.8417,2278.93204,0.09034,0.00171,-0.00061,0.00046,0.01088,0.00046,0.01088,52.8516,0.010886,0.0109276,0.00020676,79999.806,79891.716,0.194,108.284,True,False,-0.42192
273.04,FINE,THRUST,79999.763,29.774378,0.5754812,0.08218,0.000934,5,0.01047,2278.84344,2278.93204,0.08859,0.00168,-0.00059,0.00044,0.01067,0.00044,0.01067,52.85163,0.0106754,0.0107161,0.00020276,79999.809,79893.805,0.191,106.195,True,False,-0.3774
273.2,FINE,THRUST,79999.764,29.7743743,0.5754807,0.08271,0.000916,5,0.01046,2278.84516,2278.93203,0.08688,0.00164,-0.00058,0.00042,0.01046,0.00042,0.01046,52.85166,0.0104688,0.0105088,0.00019884,79999.812,79895.854,0.188,104.146,True,False,-0.33608
273.36,FINE,THRUST,79999.766,29.7743708,0.5754803,0.08324,0.000898,5,0.01044,2278.84684,2278.93203,0.08519,0.00161,-0.00057,0.00041,0.01026,0.00041,0.01026,52.85169,0.0102663,0.0103055,0.00019499,79999.816,79897.863,0.184,102.137,True,False,-0.3016
273.52,FINE,THRUST,79999.767,29.7743675,0.5754799,0.08377,0.000881,5,0.01043,2278.84849,2278.93203,0.08354,0.00158,-0.00056,0.00039,0.01006,0.00039,0.01006,52.85171,0.0100677,0.0101062,0.00019122,79999.819,79899.833,0.181,100.167,True,False,-0.27689
273.68,FINE,THRUST,79999.768,29.7743643,0.5754795,0.0843,0.000864,5,0.01041,2278.8501,2278.93203,0.08193,0.00155,-0.00055,0.00037,0.00987,0.00037,0.00987,52.85174,0.009873,0.0099108,0.00018752,79999.822,79901.766,0.178,98.234,True,False,-0.2637
273.84,FINE,THRUST,79999.767,29.7743612,0.5754792,0.08483,0.000847,5,0.0104,2278.85169,2278.93203,0.08034,0.00152,-0.00054,0.00036,0.00968,0.00036,0.00968,52.85177,0.0096821,0.0097191,0.00018389,79999.825,79903.661,0.175,96.339,True,False,-0.26142
274,FINE,THRUST,79999.762,29.7743583,0.5754788,0.08536,0.000831,5,0.01038,2278.85326,2278.93203,0.07878,0.00149,-0.00053,0.00038,0.00949,0.00038,0.00949,52.8518,0.0094955,0.0095317,0.00018035,79999.824,79905.522,0.176,94.478,True,False,-0.09845
274.16,FINE,THRUST,79999.762,29.7743555,0.5754785,0.08588,0.000815,5,0.01036,2278.85479,2278.93204,0.07725,0.00146,-0.00052,0.00038,0.0093,0.00038,0.0093,52.85182,0.0093122,0.0093477,0.00017687,79999.824,79907.346,0.176,92.654,True,False,0.14766
274.32,FINE,THRUST,79999.764,29.7743528,0.5754782,0.08641,0.000799,5,0.01034,2278.85629,2278.93204,0.07575,0.00143,-0.00051,0.00037,0.00912,0.00037,0.00912,52.85185,0.009132,0.0091669,0.00017345,79999.827,79909.135,0.173,90.865,True,False,0.19045
274.48,FINE,THRUST,79999.765,29.7743502,0.5754779,0.08694,0.000783,5,0.01031,2278.85775,2278.93203,0.07428,0.00141,-0.0005,0.00036,0.00895,0.00036,0.00895,52.85187,0.0089553,0.0089895,0.00017009,79999.831,79910.89,0.169,89.11,True,False,0.22095
274.64,FINE,THRUST,79999.766,29.7743477,0.5754775,0.08747,0.000768,5,0.01028,2278.85919,2278.93203,0.07284,0.00138,-0.00049,0.00035,0.00878,0.00035,0.00878,52.8519,0.0087819,0.0088154,0.00016679,79999.834,79912.61,0.166,87.39,True,False,0.24142
274.8,FINE,THRUST,79999.768,29.7743453,0.5754772,0.088,0.000753,5,0.01026,2278.8606,2278.93203,0.07143,0.00135,-0.00048,0.00033,0.00861,0.00033,0.00861,52.85192,0.0086118,0.0086447,0.00016356,79999.837,79914.297,0.163,85.703,True,False,-0.25619
274.96,FINE,THRUST,79999.769,29.7743429,0.5754769,0.08854,0.000739,5,0.01023,2278.86199,2278.93203,0.07004,0.00133,-0.00047,0.00032,0.00844,0.00032,0.00844,52.85194,0.0084449,0.0084772,0.0001604,79999.84,79915.951,0.16,84.049,True,False,-0.26936
275.12,FINE,THRUST,79999.771,29.7743405,0.5754766,0.08907,0.000725,5,0.01021,2278.86334,2278.93202,0.06868,0.0013,-0.00046,0.0003,0.00828,0.0003,0.00828,52.85197,0.0082813,0.008313,0.00015729,79999.844,79917.573,0.156,82.427,True,False,-0.28368
275.28,FINE,THRUST,79999.772,29.7743382,0.5754763,0.0896,0.00071,5,0.01019,2278.86467,2278.93202,0.06735,0.00127,-0.00045,0.00029,0.00812,0.00029,0.00812,52.85199,0.008121,0.008152,0.00015424,79999.847,79919.163,0.153,80.837,True,False,-0.29963
275.44,FINE,THRUST,79999.773,29.774336,0.5754761,0.09013,0.000697,5,0.01017,2278.86598,2278.93202,0.06604,0.00125,-0.00044,0.00027,0.00796,0.00027,0.00796,52.85201,0.0079637,0.0079941,0.00015125,79999.85,79920.723,0.15,79.277,True,False,-0.31582
275.6,FINE,THRUST,79999.774,29.7743337,0.5754758,0.09066,0.000683,5,0.01016,2278.86726,2278.93202,0.06476,0.00123,-0.00043,0.00026,0.00781,0.00026,0.00781,52.85203,0.0078096,0.0078394,0.00014833,79999.854,79922.252,0.146,77.748,True,False,-0.32979
275.76,FINE,THRUST,79999.776,29.7743315,0.5754755,0.09119,0.00067,5,0.01014,2278.86851,2278.93202,0.0635,0.0012,-0.00043,0.00024,0.00765,0.00024,0.00765,52.85205,0.0076585,0.0076877,0.00014546,79999.858,79923.751,0.142,76.249,True,False,-0.33877
275.92,FINE,THRUST,79999.777,29.7743293,0.5754752,0.09172,0.000657,5,0.01012,2278.86974,2278.93201,0.06227,0.00118,-0.00042,0.00023,0.00751,0.00023,0.00751,52.85207,0.0075104,0.007539,0.00014264,79999.861,79925.221,0.139,74.779,True,False,-0.3407
276.08,FINE,THRUST,79999.77,29.7743271,0.5754749,0.09225,0.000644,5,0.01011,2278.87095,2278.93201,0.06107,0.00116,-0.00041,0.00023,0.00736,0.00023,0.00736,52.8521,0.0073652,0.0073934,0.00013989,79999.863,79926.663,0.137,73.337,True,False,-0.27476
276.24,FINE,THRUST,79999.77,29.7743249,0.5754747,0.09278,0.000632,5,0.01009,2278.87215,2278.93202,0.05987,0.00113,-0.0004,0.00026,0.00722,0.00026,0.00722,52.85211,0.0072234,0.007251,0.00013719,79999.861,79928.079,0.139,71.921,True,False,0.11524
276.4,FINE,THRUST,79999.767,29.7743227,0.5754744,0.09331,0.00062,5,0.01006,2278.87331,2278.93202,0.05871,0.00111,-0.00039,0.00025,0.00708,0.00025,0.00708,52.85213,0.0070838,0.0071108,0.00013454,79999.864,79929.466,0.136,70.534,True,False,0.10384
276.56,FINE,THRUST,79999.764,29.7743206,0.5754741,0.09384,0.000608,5,0.01003,2278.87447,2278.93203,0.05757,0.00109,-0.00039,0.00029,0.00694,0.00029,0.00694,52.85215,0.0069476,0.0069742,0.00013196,79999.86,79930.829,0.14,69.171,True,False,0.50561
276.72,FINE,THRUST,79999.766,29.7743185,0.5754738,0.09437,0.000596,5,0.01,2278.87558,2278.93203,0.05645,0.00107,-0.00038,0.00028,0.00681,0.00028,0.00681,52.85217,0.0068132,0.0068392,0.0001294,79999.863,79932.163,0.137,67.837,True,False,0.48139
276.88,FINE,THRUST,79999.768,29.7743163,0.5754736,0.0949,0.000585,5,0.00996,2278.87668,2278.93203,0.05535,0.00105,-0.00037,0.00027,0.00668,0.00027,0.00668,52.85219,0.0066811,0.0067066,0.00012689,79999.866,79933.472,0.134,66.528,True,False,0.41959
277.04,FINE,THRUST,79999.767,29.7743142,0.5754733,0.09543,0.000573,5,0.00992,2278.87775,2278.93203,0.05428,0.00103,-0.00036,0.00026,0.00655,0.00026,0.00655,52.85221,0.0065514,0.0065765,0.00012443,79999.869,79934.755,0.131,65.245,True,False,0.31428
277.2,FINE,THRUST,79999.764,29.7743121,0.575473,0.09596,0.000562,5,0.00989,2278.87882,2278.93203,0.05321,0.00101,-0.00036,0.00028,0.00642,0.00028,0.00642,52.85222,0.006425,0.0064495,0.00012203,79999.866,79936.015,0.134,63.985,True,False,0.5384
277.36,FINE,THRUST,79999.767,29.7743101,0.5754727,0.09649,0.000551,5,0.00987,2278.87986,2278.93203,0.05218,0.00099,-0.00035,0.00027,0.00629,0.00027,0.00629,52.85225,0.0063002,0.0063243,0.00011966,79999.868,79937.248,0.132,62.752,True,False,0.45288
277.52,FINE,THRUST,79999.769,29.774308,0.5754725,0.09702,0.00054,5,0.00984,2278.88087,2278.93203,0.05116,0.00097,-0.00034,0.00026,0.00617,0.00026,0.00617,52.85226,0.0061776,0.0062012,0.00011733,79999.872,79938.458,0.128,61.542,True,False,0.27891
277.68,FINE,THRUST,79999.772,29.774306,0.5754722,0.09755,0.00053,5,0.00982,2278.88186,2278.93202,0.05017,0.00095,-0.00034,0.00023,0.00605,0.00023,0.00605,52.85228,0.0060574,0.0060805,0.00011505,79999.876,79939.643,0.124,60.357,True,False,0.14008
277.84,FINE,THRUST,79999.775,29.774304,0.5754719,0.09809,0.00052,5,0.00981,2278.88283,2278.93202,0.04919,0.00093,-0.00033,0.00021,0.00594,0.00021,0.00594,52.8523,0.0059395,0.0059622,0.00011281,79999.88,79940.804,0.12,59.196,True,False,-0.23474
278,FINE,THRUST,79999.777,29.774302,0.5754716,0.09862,0.00051,5,0.0098,2278.88378,2278.93201,0.04823,0.00091,-0.00032,0.00019,0.00582,0.00019,0.00582,52.85231,0.0058241,0.0058464,0.00011062,79999.884,79941.942,0.116,58.058,True,False,-0.42267
278.16,FINE,THRUST,79999.779,29.7743001,0.5754714,0.09915,0.0005,5,0.0098,2278.88471,2278.93201,0.0473,0.00089,-0.00032,0.00017,0.00571,0.00017,0.00571,52.85232,0.0057112,0.005733,0.00010847,79999.888,79943.057,0.112,56.943,True,False,-0.59459
278.32,FINE,THRUST,79999.78,29.7742983,0.5754711,0.09968,0.00049,5,0.00981,2278.88563,2278.93201,0.04638,0.00088,-0.00031,0.00015,0.0056,0.00015,0.0056,52.85234,0.0056006,0.005622,0.00010637,79999.893,79944.15,0.107,55.85,True,False,-0.72561
278.48,FINE,THRUST,79999.781,29.7742964,0.5754709,0.10021,0.000481,5,0.00981,2278.88652,2278.93201,0.04548,0.00086,-0.0003,0.00014,0.00549,0.00014,0.00549,52.85236,0.0054925,0.0055135,0.00010432,79999.898,79945.221,0.102,54.779,True,False,-0.80422
278.64,FINE,THRUST,79999.782,29.7742947,0.5754706,0.10074,0.000471,5,0.00982,2278.8874,2278.932,0.0446,0.00084,-0.0003,0.00013,0.00539,0.00013,0.00539,52.85237,0.0053866,0.0054072,0.00010231,79999.903,79946.272,0.097,53.728,True,False,-0.82541
278.8,FINE,THRUST,79999.782,29.774293,0.5754704,0.10127,0.000462,5,0.00982,2278.88827,2278.932,0.04374,0.00083,-0.00029,0.00012,0.00528,0.00012,0.00528,52.85239,0.0052829,0.0053031,0.00010034,79999.907,79947.302,0.093,52.698,True,False,-0.79059
278.96,FINE,THRUST,79999.781,29.7742913,0.5754701,0.1018,0.000453,5,0.00982,2278.88911,2278.932,0.04289,0.00081,-0.00029,0.00011,0.00518,0.00011,0.00518,52.8524,0.0051814,0.0052011,9.841E-05,79999.912,79948.314,0.088,51.686,True,False,-0.70604
279.12,FINE,THRUST,79999.781,29.7742896,0.5754699,0.10233,0.000445,5,0.00981,2278.88994,2278.932,0.04206,0.0008,-0.00028,0.00011,0.00508,0.00011,0.00508,52.85242,0.0050818,0.0051012,9.652E-05,79999.917,79949.306,0.083,50.694,True,False,-0.58274
279.28,FINE,THRUST,79999.773,29.7742881,0.5754697,0.10286,0.000436,5,0.00979,2278.89076,2278.93201,0.04125,0.00078,-0.00028,0.00012,0.00498,0.00012,0.00498,52.85243,0.0049842,0.0050033,9.466E-05,79999.92,79950.279,0.08,49.721,True,False,-0.33909
279.44,FINE,THRUST,79999.772,29.7742866,0.5754695,0.1034,0.000428,5,0.00977,2278.89158,2278.93202,0.04044,0.00077,-0.00027,0.00016,0.00489,0.00016,0.00489,52.85244,0.0048888,0.0049075,9.285E-05,79999.918,79951.237,0.082,48.763,True,False,0.30681
279.6,FINE,THRUST,79999.772,29.7742851,0.5754693,0.10393,0.000419,5,0.00974,2278.89236,2278.93202,0.03966,0.00075,-0.00027,0.00017,0.00479,0.00017,0.00479,52.85245,0.0047948,0.0048132,9.107E-05,79999.921,79952.175,0.079,47.825,True,False,0.45249
279.76,FINE,THRUST,79999.773,29.7742836,0.5754691,0.10446,0.000411,5,0.0097,2278.89313,2278.93202,0.03889,0.00074,-0.00026,0.00017,0.0047,0.00017,0.0047,52.85247,0.0047024,0.0047204,8.931E-05,79999.925,79953.095,0.075,46.905,True,False,0.54332
279.92,FINE,THRUST,79999.774,29.7742822,0.5754689,0.10499,0.000403,5,0.00965,2278.89388,2278.93202,0.03814,0.00072,-0.00026,0.00016,0.00461,0.00016,0.00461,52.85248,0.0046116,0.0046292,8.759E-05,79999.928,79953.998,0.072,46.002,True,False,0.54564
280.08,FINE,THRUST,79999.776,29.7742808,0.5754687,0.10552,0.000396,5,0.00961,2278.89462,2278.93202,0.03739,0.00071,-0.00025,0.00015,0.00452,0.00015,0.00452,52.8525,0.0045222,0.0045394,8.589E-05,79999.932,79954.883,0.068,45.117,True,False,0.46282
280.24,FINE,THRUST,79999.777,29.7742795,0.5754685,0.10605,0.000388,5,0.00957,2278.89535,2278.93201,0.03667,0.00069,-0.00025,0.00014,0.00443,0.00014,0.00443,52.85251,0.0044343,0.0044513,8.422E-05,79999.935,79955.75,0.065,44.25,True,False,0.30686
280.4,FINE,THRUST,79999.773,29.7742782,0.5754683,0.10659,0.00038,5,0.00955,2278.89607,2278.93202,0.03595,0.00068,-0.00024,0.00016,0.00435,0.00016,0.00435,52.85252,0.0043485,0.0043651,8.259E-05,79999.934,79956.602,0.066,43.398,True,False,0.52948
280.56,FINE,THRUST,79999.775,29.774277,0.5754681,0.10712,0.000373,5,0.00952,2278.89678,2278.93202,0.03524,0.00067,-0.00024,0.00016,0.00426,0.00016,0.00426,52.85253,0.004264,0.0042803,8.099E-05,79999.936,79957.436,0.064,42.564,True,False,0.5085
280.72,FINE,THRUST,79999.778,29.7742757,0.5754679,0.10765,0.000366,5,0.0095,2278.89746,2278.93201,0.03455,0.00065,-0.00023,0.00014,0.00418,0.00014,0.00418,52.85254,0.0041808,0.0041968,7.941E-05,79999.94,79958.253,0.06,41.747,True,False,0.24092
280.88,FINE,THRUST,79999.781,29.7742745,0.5754678,0.10818,0.000359,5,0.00947,2278.89813,2278.93201,0.03388,0.00064,-0.00023,0.00012,0.0041,0.00012,0.0041,52.85255,0.0040993,0.0041149,7.786E-05,79999.945,79959.053,0.055,40.947,True,False,-0.1063
281.04,FINE,THRUST,79999.784,29.7742733,0.5754676,0.10871,0.000352,5,0.00946,2278.89878,2278.932,0.03322,0.00063,-0.00022,0.0001,0.00402,0.0001,0.00402,52.85257,0.0040194,0.0040348,7.634E-05,79999.949,79959.837,0.051,40.163,True,False,-0.41174
281.2,FINE,THRUST,79999.786,29.7742721,0.5754674,0.10924,0.000345,5,0.00946,2278.89943,2278.932,0.03257,0.00062,-0.00022,8E-05,0.00394,8E-05,0.00394,52.85257,0.0039413,0.0039564,7.486E-05,79999.955,79960.605,0.045,39.395,True,False,-0.71524
281.36,FINE,THRUST,79999.788,29.7742709,0.5754672,0.10978,0.000338,5,0.00947,2278.90006,2278.932,0.03194,0.0006,-0.00021,6E-05,0.00386,6E-05,0.00386,52.85259,0.003865,0.0038798,7.341E-05,79999.961,79961.357,0.039,38.643,True,False,-0.96461
281.52,FINE,THRUST,79999.789,29.7742697,0.575467,0.11031,0.000332,5,0.00948,2278.90067,2278.93199,0.03132,0.00059,-0.00021,5E-05,0.00379,5E-05,0.00379,52.8526,0.0037905,0.003805,7.199E-05,79999.967,79962.093,0.033,37.907,True,False,-1.13146
281.68,FINE,THRUST,79999.789,29.7742686,0.5754669,0.11084,0.000325,5,0.00949,2278.90128,2278.93199,0.03071,0.00058,-0.00021,4E-05,0.00372,4E-05,0.00372,52.85261,0.0037177,0.0037319,7.061E-05,79999.973,79962.815,0.027,37.185,True,False,-1.19762
281.84,FINE,THRUST,79999.788,29.7742675,0.5754667,0.11137,0.000319,5,0.00951,2278.90187,2278.93199,0.03012,0.00057,-0.0002,3E-05,0.00365,3E-05,0.00365,52.85262,0.0036465,0.0036604,6.926E-05,79999.979,79963.524,0.021,36.476,True,False,-1.15662
282,FINE,THRUST,79999.787,29.7742664,0.5754665,0.1119,0.000313,5,0.00951,2278.90245,2278.93199,0.02954,0.00056,-0.0002,3E-05,0.00358,3E-05,0.00358,52.85263,0.0035767,0.0035904,6.793E-05,79999.985,79964.219,0.015,35.781,True,False,-1.01447
282.16,FINE,THRUST,79999.786,29.7742653,0.5754664,0.11244,0.000307,5,0.00951,2278.90303,2278.932,0.02897,0.00055,-0.00019,4E-05,0.00351,4E-05,0.00351,52.85264,0.0035084,0.0035218,6.663E-05,79999.991,79964.901,0.009,35.099,True,False,-0.78896
282.32,FINE,THRUST,79999.785,29.7742642,0.5754662,0.11297,0.000301,5,0.0095,2278.90359,2278.932,0.02841,0.00054,-0.00019,4E-05,0.00344,4E-05,0.00344,52.85265,0.0034414,0.0034545,6.536E-05,79999.997,79965.571,0.003,34.429,True,False,-0.50774
282.48,FINE,THRUST,79999.776,29.7742632,0.575466,0.1135,0.000295,5,0.00948,2278.90414,2278.932,0.02786,0.00053,-0.00019,7E-05,0.00337,7E-05,0.00337,52.85265,0.0033756,0.0033885,6.411E-05,79999.999,79966.23,0.001,33.77,True,False,0.07744
282.64,FINE,THRUST,79999.775,29.7742622,0.5754659,0.11403,0.00029,5,0.00944,2278.9047,2278.93201,0.02732,0.00052,-0.00018,0.00011,0.00331,0.00011,0.00331,52.85267,0.0033113,0.0033239,6.289E-05,79999.999,79966.878,0.001,33.122,True,False,0.94199
282.8,FINE,THRUST,79999.775,29.7742612,0.5754658,0.11456,0.000284,5,0.0094,2278.90523,2278.93202,0.02679,0.00051,-0.00018,0.00012,0.00325,0.00012,0.00325,52.85267,0.0032479,0.0032603,6.169E-05,80000.002,79967.513,-0.002,32.487,True,False,1.16528
282.96,FINE,THRUST,79999.777,29.7742602,0.5754656,0.1151,0.000279,5,0.00933,2278.90575,2278.93201,0.02627,0.0005,-0.00018,0.00012,0.00318,0.00012,0.00318,52.85268,0.0031853,0.0031974,6.05E-05,80000.005,79968.136,-0.005,31.864,True,False,1.2333
283.12,FINE,THRUST,79999.779,29.7742592,0.5754654,0.11563,0.000273,5,0.00927,2278.90626,2278.93201,0.02575,0.00049,-0.00017,0.00011,0.00312,0.00011,0.00312,52.85269,0.0031233,0.0031353,5.932E-05,80000.008,79968.747,-0.008,31.253,True,False,1.09501
283.28,FINE,THRUST,79999.783,29.7742582,0.5754653,0.11616,0.000268,5,0.00922,2278.90676,2278.93201,0.02525,0.00048,-0.00017,0.0001,0.00306,0.0001,0.00306,52.8527,0.0030622,0.0030739,5.816E-05,80000.012,79969.346,-0.012,30.654,True,False,0.76529
283.44,FINE,THRUST,79999.786,29.7742572,0.5754651,0.11669,0.000263,5,0.00919,2278.90725,2278.932,0.02475,0.00047,-0.00017,8E-05,0.003,8E-05,0.003,52.85271,0.003002,0.0030135,5.702E-05,80000.016,79969.932,-0.016,30.068,True,False,0.28192
283.6,FINE,THRUST,79999.79,29.7742563,0.575465,0.11722,0.000257,5,0.00917,2278.90773,2278.93199,0.02427,0.00046,-0.00016,5E-05,0.00294,5E-05,0.00294,52.85272,0.0029431,0.0029544,5.59E-05,80000.022,79970.505,-0.022,29.495,True,False,-0.30145
283.76,FINE,THRUST,79999.794,29.7742554,0.5754648,0.11775,0.000252,5,0.00916,2278.9082,2278.93199,0.02379,0.00045,-0.00016,3E-05,0.00289,3E-05,0.00289,52.85272,0.0028857,0.0028967,5.481E-05,80000.028,79971.065,-0.028,28.935,True,False,-0.90001
283.9,FINE,THRUST,79999.796,29.7742545,0.5754647,0.11829,0.000248,5,0.00918,2278.90866,2278.93198,0.02333,0.00044,-0.00016,0,0.00283,0,0.00283,52.85273,0.0028298,0.0028406,5.375E-05,80000.035,79971.612,-0.035,28.388,True,False,-1.44189
284.08,FINE,THRUST,79999.79,29.7742536,0.5754646,0.11882,0.000243,5,0.0092,2278.90912,2278.93199,0.02287,0.00043,-0.00015,1E-05,0.00277,1E-05,0.00277,52.85274,0.0027749,0.0027855,5.27E-05,80000.039,79972.149,-0.039,27.851,True,False,-1.3289
284.24,FINE,THRUST,79999.79,29.7742528,0.5754644,0.11935,0.000238,5,0.00923,2278.90957,2278.93199,0.02242,0.00042,-0.00015,2E-05,0.00272,2E-05,0.00272,52.85275,0.0027213,0.0027317,5.169E-05,80000.044,79972.674,-0.044,27.326,True,False,-0.99983
284.4,FINE,THRUST,79999.79,29.774252,0.5754643,0.11988,0.000234,5,0.00924,2278.91,2278.93199,0.02199,0.00042,-0.00015,1E-05,0.00267,1E-05,0.00267,52.85275,0.0026694,0.0026796,5.07E-05,80000.051,79973.19,-0.051,26.81,True,False,-0.98948
284.56,FINE,THRUST,79999.789,29.7742511,0.5754642,0.12041,0.000229,5,0.00924,2278.91043,2278.93199,0.02156,0.00041,-0.00014,1E-05,0.00262,1E-05,0.00262,52.85276,0.0026184,0.0026284,4.973E-05,80000.058,79973.696,-0.058,26.304,True,False,-0.84902
284.72,FINE,THRUST,79999.788,29.7742503,0.575464,0.12095,0.000225,5,0.00923,2278.91085,2278.93199,0.02115,0.0004,-0.00014,2E-05,0.00257,2E-05,0.00257,52.85277,0.0025685,0.0025783,4.878E-05,80000.065,79974.193,-0.065,25.807,True,False,-0.63376
284.88,FINE,THRUST,79999.787,29.7742495,0.5754639,0.12148,0.00022,5,0.00922,2278.91126,2278.93199,0.02074,0.00039,-0.00014,2E-05,0.00252,2E-05,0.00252,52.85277,0.0025196,0.0025292,4.785E-05,80000.072,79974.682,-0.072,25.318,True,False,-0.36957
285.04,FINE,THRUST,79999.786,29.7742488,0.5754638,0.12201,0.000216,5,0.0092,2278.91166,2278.932,0.02034,0.00038,-0.00014,3E-05,0.00247,3E-05,0.00247,52.85278,0.0024715,0.002481,4.694E-05,80000.078,79975.161,-0.078,24.839,True,False,-0.09365
285.2,FINE,THRUST,79999.786,29.774248,0.5754637,0.12254,0.000212,5,0.00917,2278.91205,2278.932,0.01994,0.00038,-0.00013,3E-05,0.00242,3E-05,0.00242,52.85279,0.0024243,0.0024336,4.604E-05,80000.083,79975.632,-0.083,24.368,True,False,0.15285
285.36,FINE,THRUST,79999.786,29.7742473,0.5754635,0.12307,0.000208,5,0.00914,2278.91244,2278.932,0.01956,0.00037,-0.00013,4E-05,0.00238,4E-05,0.00238,52.8528,0.0023779,0.002387,4.516E-05,80000.088,79976.094,-0.088,23.906,True,False,0.32978
285.52,FINE,THRUST,79999.787,29.7742466,0.5754634,0.12361,0.000204,5,0.00911,2278.91282,2278.932,0.01918,0.00036,-0.00013,4E-05,0.00233,4E-05,0.00233,52.8528,0.0023323,0.0023412,4.43E-05,80000.094,79976.547,-0.094,23.453,True,False,0.40547
285.68,FINE,THRUST,79999.788,29.7742459,0.5754633,0.12414,0.0002,5,0.00907,2278.91319,2278.93199,0.01881,0.00036,-0.00013,4E-05,0.00229,4E-05,0.00229,52.85281,0.0022873,0.0022961,4.344E-05,80000.099,79976.991,-0.099,23.009,True,False,0.36058
285.84,FINE,THRUST,79999.79,29.7742452,0.5754632,0.12467,0.000196,5,0.00904,2278.91355,2278.93199,0.01844,0.00035,-0.00012,3E-05,0.00224,3E-05,0.00224,52.85282,0.0022431,0.0022517,4.26E-05,80000.104,79977.427,-0.104,22.573,True,False,0.19309
286,FINE,THRUST,79999.792,29.7742445,0.5754631,0.1252,0.000192,5,0.00901,2278.91391,2278.93199,0.01808,0.00034,-0.00012,2E-05,0.0022,2E-05,0.0022,52.85282,0.0021997,0.0022081,4.178E-05,80000.11,79977.853,-0.11,22.147,True,False,-0.08297
286.16,FINE,THRUST,79999.792,29.7742438,0.5754629,0.12573,0.000189,5,0.00899,2278.91426,2278.93199,0.01772,0.00034,-0.00012,1E-05,0.00216,1E-05,0.00216,52.85283,0.0021571,0.0021654,4.097E-05,80000.116,79978.27,-0.116,21.73,True,False,-0.42536
286.32,FINE,THRUST,79999.788,29.7742432,0.5754629,0.12627,0.000185,5,0.00899,2278.91462,2278.93199,0.01737,0.00033,-0.00012,3E-05,0.00211,3E-05,0.00211,52.85283,0.002115,0.0021231,4.017E-05,80000.118,79978.68,-0.118,21.32,True,False,0.11766
286.48,FINE,THRUST,79999.789,29.7742426,0.5754628,0.1268,0.000181,5,0.00898,2278.91496,2278.93199,0.01703,0.00032,-0.00011,3E-05,0.00207,3E-05,0.00207,52.85284,0.002074,0.0020819,3.939E-05,80000.123,79979.081,-0.123,20.919,True,False,0.26685
286.64,FINE,THRUST,79999.791,29.774242,0.5754627,0.12733,0.000178,5,0.00896,2278.91529,2278.93199,0.0167,0.00032,-0.00011,2E-05,0.00203,2E-05,0.00203,52.85284,0.0020339,0.0020417,3.863E-05,80000.13,79979.473,-0.13,20.527,True,False,-0.0217
286.8,FINE,THRUST,79999.793,29.7742414,0.5754626,0.12786,0.000175,5,0.00894,2278.91562,2278.93199,0.01637,0.00031,-0.00011,1E-05,0.00199,1E-05,0.00199,52.85285,0.0019946,0.0020022,3.788E-05,80000.137,79979.858,-0.137,20.142,True,False,-0.3308
286.96,FINE,THRUST,79999.795,29.7742408,0.5754625,0.12839,0.000171,5,0.00893,2278.91593,2278.93198,0.01605,0.0003,-0.00011,0,0.00196,0,0.00196,52.85285,0.0019561,0.0019635,3.715E-05,80000.144,79980.235,-0.144,19.765,True,False,-0.69166
287.12,FINE,THRUST,79999.796,29.7742402,0.5754623,0.12893,0.000168,5,0.00893,2278.91624,2278.93198,0.01574,0.0003,-0.00011,-1E-05,0.00192,-1E-05,0.00192,52.85286,0.0019185,0.0019259,3.644E-05,80000.152,79980.603,-0.152,19.397,True,False,-1.04029
287.28,FINE,THRUST,79999.793,29.7742397,0.5754622,0.12946,0.000165,5,0.00894,2278.91655,2278.93198,0.01543,0.00029,-0.0001,-2E-05,0.00188,-2E-05,0.00188,52.85287,0.0018819,0.0018891,3.574E-05,80000.162,79980.963,-0.162,19.037,True,False,-1.29934
287.44,FINE,THRUST,79999.788,29.7742392,0.5754622,0.12999,0.000161,5,0.00895,2278.91687,2278.93199,0.01512,0.00029,-0.0001,2E-05,0.00184,2E-05,0.00184,52.85287,0.001845,0.001852,3.504E-05,80000.164,79981.318,-0.164,18.682,True,False,0.1426
287.6,FINE,THRUST,79999.788,29.7742386,0.5754621,0.13052,0.000158,5,0.00895,2278.91716,2278.93199,0.01483,0.00028,-0.0001,2E-05,0.00181,2E-05,0.00181,52.85287,0.0018099,0.0018168,3.438E-05,80000.172,79981.664,-0.172,18.336,True,False,0.25139
287.76,FINE,THRUST,79999.789,29.7742381,0.575462,0.13105,0.000155,5,0.00892,2278.91745,2278.93199,0.01454,0.00028,-0.0001,3E-05,0.00178,3E-05,0.00178,52.85288,0.0017753,0.0017821,3.372E-05,80000.178,79982.007,-0.178,17.993,True,False,0.423
287.92,FINE,THRUST,79999.79,29.7742375,0.5754619,0.13159,0.000152,5,0.00888,2278.91773,2278.93199,0.01426,0.00027,-0.0001,3E-05,0.00174,3E-05,0.00174,52.85289,0.0017413,0.0017479,3.307E-05,80000.185,79982.343,-0.185,17.657,True,False,0.44801
288.08,FINE,THRUST,79999.791,29.774237,0.5754618,0.13212,0.000149,5,0.00885,2278.91801,2278.93199,0.01398,0.00026,-9E-05,2E-05,0.00171,2E-05,0.00171,52.85289,0.0017077,0.0017142,3.243E-05,80000.191,79982.673,-0.191,17.327,True,False,0.31845
288.24,FINE,THRUST,79999.793,29.7742365,0.5754617,0.13265,0.000147,5,0.00883,2278.91828,2278.93199,0.01371,0.00026,-9E-05,1E-05,0.00167,1E-05,0.00167,52.85289,0.0016747,0.0016811,3.181E-05,80000.197,79982.995,-0.197,17.005,True,False,0.0346
288.4,FINE,THRUST,79999.787,29.774236,0.5754616,0.13318,0.000144,5,0.00881,2278.91855,2278.93199,0.01344,0.00025,-9E-05,1E-05,0.00164,1E-05,0.00164,52.8529,0.0016422,0.0016485,3.119E-05,80000.204,79983.31,-0.204,16.69,True,False,-0.082
288.56,FINE,THRUST,79999.789,29.7742356,0.5754616,0.13371,0.000141,5,0.0088,2278.91883,2278.93199,0.01317,0.00025,-9E-05,4E-05,0.00161,4E-05,0.00161,52.8529,0.0016101,0.0016162,3.058E-05,80000.206,79983.621,-0.206,16.379,True,False,0.94108
288.72,FINE,THRUST,79999.787,29.7742351,0.5754615,0.13425,0.000138,5,0.00878,2278.91908,2278.93199,0.01291,0.00024,-9E-05,3E-05,0.00158,3E-05,0.00158,52.85291,0.0015788,0.0015849,2.999E-05,80000.214,79983.923,-0.214,16.077,True,False,0.51006
288.88,FINE,THRUST,79999.786,29.7742347,0.5754615,0.13478,0.000135,5,0.00875,2278.91935,2278.932,0.01265,0.00024,-8E-05,7E-05,0.00155,7E-05,0.00155,52.85291,0.0015483,0.0015542,2.941E-05,80000.213,79984.223,-0.213,15.777,True,False,1.88227
289.04,FINE,THRUST,79999.789,29.7742342,0.5754614,0.13531,0.000133,5,0.00873,2278.9196,2278.932,0.0124,0.00023,-8E-05,5E-05,0.00152,5E-05,0.00152,52.85292,0.0015177,0.0015235,2.882E-05,80000.22,79984.514,-0.22,15.486,True,False,1.24947
289.2,FINE,THRUST,79999.793,29.7742337,0.5754613,0.13584,0.00013,5,0.00868,2278.91984,2278.93199,0.01215,0.00023,-8E-05,3E-05,0.00149,3E-05,0.00149,52.85292,0.0014874,0.001493,2.825E-05,80000.225,79984.803,-0.225,15.197,True,False,0.44779
289.36,FINE,THRUST,79999.798,29.7742333,0.5754612,0.13637,0.000128,5,0.00866,2278.92008,2278.93198,0.01191,0.00023,-8E-05,1E-05,0.00146,1E-05,0.00146,52.85292,0.0014577,0.0014633,2.769E-05,80000.233,79985.082,-0.233,14.918,True,False,-0.72427
289.52,FINE,THRUST,79999.801,29.7742328,0.5754611,0.1369,0.000125,5,0.00866,2278.92031,2278.93197,0.01167,0.00022,-8E-05,-2E-05,0.00143,-2E-05,0.00143,52.85293,0.0014294,0.0014348,2.715E-05,80000.243,79985.352,-0.243,14.648,True,False,-2.03422
289.68,FINE,THRUST,79999.804,29.7742324,0.575461,0.13744,0.000123,5,0.0087,2278.92053,2278.93197,0.01144,0.00022,-8E-05,-5E-05,0.0014,-5E-05,0.0014,52.85293,0.0014026,0.001408,2.664E-05,80000.257,79985.612,-0.257,14.388,True,False,-3.25971
289.84,FINE,THRUST,79999.799,29.774232,0.575461,0.13797,0.00012,5,0.00877,2278.92075,2278.93197,0.01122,0.00021,-8E-05,-7E-05,0.00138,-7E-05,0.00138,52.85294,0.0013772,0.0013824,2.616E-05,80000.274,79985.862,-0.274,14.138,True,False,-4.05474
290,FINE,THRUST,79999.793,29.7742316,0.5754609,0.1385,0.000118,5,0.00884,2278.92099,2278.93198,0.01099,0.00021,-7E-05,-3E-05,0.00135,-3E-05,0.00135,52.85294,0.0013492,0.0013543,2.562E-05,80000.286,79986.109,-0.286,13.891,True,False,-2.03426
290.16,FINE,THRUST,79999.789,29.7742312,0.5754609,0.13903,0.000116,5,0.0089,2278.9212,2278.93199,0.01079,0.0002,-7E-05,-2E-05,0.00132,-2E-05,0.00132,52.85294,0.0013244,0.0013295,2.515E-05,80000.303,79986.35,-0.303,13.65,True,False,-1.19344
290.32,FINE,THRUST,79999.784,29.7742308,0.5754608,0.13956,0.000114,5,0.0089,2278.92141,2278.932,0.01058,0.0002,-7E-05,1E-05,0.0013,1E-05,0.0013,52.85295,0.0013,0.001305,2.469E-05,80000.314,79986.596,-0.314,13.404,True,False,0.30159
290.48,FINE,THRUST,79999.781,29.7742304,0.5754607,0.1401,0.000112,5,0.00886,2278.92162,2278.932,0.01039,0.0002,-7E-05,4E-05,0.00128,4E-05,0.00128,52.85295,0.0012766,0.0012814,2.425E-05,80000.321,79986.84,-0.321,13.16,True,False,1.89259
290.64,FINE,THRUST,79999.78,29.77423,0.5754606,0.14063,0.00011,5,0.00879,2278.92182,2278.93201,0.01019,0.00019,-7E-05,7E-05,0.00125,7E-05,0.00125,52.85295,0.0012538,0.0012586,2.381E-05,80000.324,79987.085,-0.324,12.915,True,False,3.28448
290.8,FINE,THRUST,79999.782,29.7742297,0.5754606,0.14116,0.000108,5,0.00869,2278.92202,2278.93201,0.00999,0.00019,-7E-05,8E-05,0.00123,8E-05,0.00123,52.85296,0.0012307,0.0012354,2.337E-05,80000.323,79987.327,-0.323,12.673,True,False,4.04308
290.96,FINE,THRUST,79999.787,29.7742293,0.5754605,0.14169,0.000106,5,0.00857,2278.92221,2278.932,0.00979,0.00019,-7E-05,8E-05,0.0012,8E-05,0.0012,52.85296,0.0012064,0.001211,2.291E-05,80000.32,79987.567,-0.32,12.433,True,False,3.8202
291.12,FINE,THRUST,79999.794,29.7742289,0.5754604,0.14222,0.000103,5,0.00847,2278.9224,2278.93199,0.00959,0.00018,-6E-05,6E-05,0.00118,6E-05,0.00118,52.85297,0.0011805,0.001185,2.242E-05,80000.319,79987.802,-0.319,12.198,True,False,2.40757
291.28,FINE,THRUST,79999.803,29.7742286,0.5754603,0.14275,0.000101,5,0.0084,2278.92259,2278.93198,0.00939,0.00018,-6E-05,1E-05,0.00115,1E-05,0.00115,52.85297,0.0011547,0.0011591,2.193E-05,80000.322,79988.029,-0.322,11.971,True,False,-0.14811
291.44,FINE,THRUST,79999.812,29.7742282,0.5754603,0.14328,9.9E-05,5,0.0084,2278.92277,2278.93196,0.00919,0.00017,-6E-05,-4E-05,0.00113,-4E-05,0.00113,52.85297,0.0011315,0.0011359,2.149E-05,80000.332,79988.244,-0.332,11.756,True,False,-3.45293
291.6,FINE,THRUST,79999.816,29.7742279,0.5754602,0.14382,9.7E-05,5,0.00847,2278.92295,2278.93195,0.009,0.00017,-6E-05,-0.00011,0.00111,-0.00011,0.00111,52.85297,0.0011132,0.0011174,2.114E-05,80000.353,79988.44,-0.353,11.56,True,False,-6.90611
291.76,FINE,THRUST,79999.81,29.7742276,0.5754602,0.14435,9.6E-05,5,0.00862,2278.92314,2278.93195,0.00882,0.00017,-6E-05,-0.00012,0.00109,-0.00012,0.00109,52.85298,0.0010937,0.0010979,2.077E-05,80000.379,79988.619,-0.379,11.381,True,False,-7.79461
291.92,FINE,THRUST,79999.804,29.7742273,0.5754601,0.14488,9.4E-05,5,0.00881,2278.92331,2278.93196,0.00865,0.00016,-6E-05,-0.00013,0.00107,-0.00013,0.00107,52.85298,0.0010749,0.001079,2.042E-05,80000.413,79988.786,-0.413,11.214,True,False,-7.61792
292.08,FINE,THRUST,79999.794,29.774227,0.5754601,0.14541,9.2E-05,5,0.00897,2278.92348,2278.93197,0.0085,0.00016,-6E-05,-0.0001,0.00105,-0.0001,0.00105,52.85298,0.0010548,0.0010588,2.003E-05,80000.448,79988.955,-0.448,11.045,True,False,-5.89669
292.24,FINE,THRUST,79999.781,29.7742267,0.57546,0.14594,9E-05,5,0.00907,2278.92364,2278.93199,0.00835,0.00016,-6E-05,-5E-05,0.00103,-5E-05,0.00103,52.85299,0.0010332,0.0010371,1.962E-05,80000.476,79989.134,-0.476,10.866,True,False,-1.97898
292.4,FINE,THRUST,79999.767,29.7742263,0.57546,0.14647,8.9E-05,5,0.00909,2278.92381,2278.93201,0.0082,0.00016,-5E-05,4E-05,0.00101,4E-05,0.00101,52.85299,0.0010153,0.0010192,1.928E-05,80000.492,79989.327,-0.492,10.673,True,False,3.56331
292.56,FINE,THRUST,79999.758,29.774226,0.5754599,0.14701,8.8E-05,5,0.00898,2278.92398,2278.93203,0.00806,0.00015,-5E-05,0.00013,0.001,0.00013,0.001,52.85299,0.0010058,0.0010097,1.91E-05,80000.49,79989.529,-0.49,10.471,True,False,9.54192
292.72,FINE,THRUST,79999.756,29.7742257,0.5754598,0.14754,8.8E-05,5,0.00875,2278.92413,2278.93205,0.00792,0.00015,-5E-05,0.00021,0.00098,0.00021,0.00098,52.85299,0.0010019,0.0010057,0,80000.47,79989.738,-0.47,10.262,True,False,14.32583
292.88,FINE,THRUST,79999.761,29.7742256,0.5754598,0.14807,8.7E-05,5,0.00849,2278.92422,2278.93205,0.00783,0.00015,-5E-05,0.00025,0.00097,0.00025,0.00097,52.85299,0.0009994,0.0010032,0,80000.442,79989.878,-0.442,10.122,True,False,16.3055
293.04,FINE,THRUST,79999.766,29.7742256,0.5754598,0.1486,8.7E-05,5,0.00825,2278.92421,2278.93203,0.00782,0.00015,-5E-05,0.00025,0.00097,0.00025,0.00097,52.85299,0.0009971,0.0010009,0,80000.406,79989.907,-0.406,10.093,True,False,15.41508
293.2,FINE,THRUST,79999.787,29.7742257,0.5754599,0.14913,8.6E-05,5,0.008,2278.92423,2278.93202,0.00779,0.00015,-5E-05,0.00023,0.00096,0.00023,0.00096,52.85299,0.000988,0.0009918,0,80000.367,79989.944,-0.367,10.056,True,False,13.24315
293.36,FINE,THRUST,79999.813,29.7742257,0.5754599,0.14966,8.4E-05,5,0.00777,2278.92424,2278.93198,0.00774,0.00015,-5E-05,0.00011,0.00095,0.00011,0.00095,52.85299,0.0009618,0.0009654,0,80000.338,79989.989,-0.338,10.011,True,False,5.29797
293.52,CAPTURE,COAST,79999.841,29.7742257,0.5754599,0.1502,8.3E-05,5,0.00769,2278.92426,2278.93193,0.00768,0.00015,-5E-05,-5E-05,0.00095,-5E-05,0.00095,52.85299,0.0009483,0.0009519,0,80000.33,79990.025,-0.33,9.975,True,True,-5.86298
293.66,CAPTURE,COAST,79999.864,29.7742256,0.5754598,0.15073,8.5E-05,5,0.00781,2278.92427,2278.93189,0.00762,0.00014,-5E-05,-0.00024,0.00094,-0.00024,0.00094,52.85299,0.0009719,0.0009756,0,80000.348,79990.021,-0.348,9.979,True,True,-6.45427
293.84,FINE,COAST,79999.879,29.7742244,0.5754596,0.15126,9E-05,5,0.00804,2278.92426,2278.93186,0.0076,0.00014,-5E-05,-0.00041,0.00094,-0.00041,0.00094,52.85299,0.0010236,0.0010275,0,80000.381,79989.983,-0.381,10.017,True,False,-6.91606
294,FINE,THRUST,79999.886,29.774223,0.5754593,0.15179,9.4E-05,5,0.00827,2278.92424,2278.93183,0.0076,0.00014,-5E-05,-0.00052,0.00094,-0.00052,0.00094,52.85299,0.0010749,0.001079,2.041E-05,80000.412,79989.935,-0.412,10.065,True,False,-34.21284
294.16,FINE,THRUST,79999.88,29.7742222,0.5754592,0.15232,9.5E-05,5,0.00848,2278.92429,2278.93183,0.00754,0.00014,-5E-05,-0.00056,0.00093,-0.00056,0.00093,52.853,0.0010876,0.0010918,2.066E-05,80000.442,79989.956,-0.442,10.044,True,False,-35.94469
294.32,CAPTURE,COAST,79999.874,29.7742225,0.5754592,0.15285,9.5E-05,5,0.00874,2278.92444,2278.93184,0.0074,0.00014,-5E-05,-0.00057,0.00092,-0.00057,0.00092,52.853,0.0010804,0.0010846,0,80000.49,79990.082,-0.49,9.918,True,True,-6.20691
294.48,CAPTURE,COAST,79999.861,29.7742224,0.5754592,0.15345,9.2E-05,5,0.00891,2278.92453,2278.93186,0.00732,0.00014,-5E-05,-0.00053,0.00091,-0.00053,0.00091,52.853,0.0010539,0.0010579,0,80000.526,79990.161,-0.526,9.839,True,True,-5.4405
294.64,CAPTURE,COAST,79999.851,29.7742214,0.575459,0.15398,8.9E-05,5,0.0089,2278.92454,2278.93188,0.00734,0.00014,-5E-05,-0.00046,0.00091,-0.00046,0.00091,52.853,0.0010212,0.0010251,0,80000.526,79990.172,-0.526,9.828,True,True,-4.82203
294.8,CAPTURE,COAST,79999.841,29.7742206,0.5754588,0.1545,8.7E-05,5,0.00887,2278.92454,2278.93189,0.00735,0.00014,-5E-05,-0.00039,0.00091,-0.00039,0.00091,52.853,0.0009927,0.0009965,0,80000.523,79990.186,-0.523,9.814,True,True,-4.10682
294.96,CAPTURE,COAST,79999.833,29.77422,0.5754587,0.15504,8.5E-05,5,0.00883,2278.92455,2278.93191,0.00736,0.00014,-5E-05,-0.00033,0.00091,-0.00033,0.00091,52.853,0.0009697,0.0009734,0,80000.518,79990.202,-0.518,9.798,True,True,-3.40155
295.14,CAPTURE,COAST,79999.826,29.7742195,0.5754586,0.15557,8.3E-05,5,0.00878,2278.92455,2278.93192,0.00737,0.00014,-5E-05,-0.00027,0.00091,-0.00027,0.00091,52.853,0.0009524,0.000956,0,80000.513,79990.217,-0.513,9.783,True,True,-2.63399