MET,mode,actuator,alt_m,inc_deg,plane_angle_err_deg,plane_dv_est_mps,plane_effectiveness_ratio,radial_vel_mps,tangential_vel_mps,circular_vel_mps,tangential_error_mps,tgo_s,natural_radial_accel,radial_req_accel,plane_req_accel,tangential_req_accel,radial_alloc_accel,plane_alloc_accel,tangential_alloc_accel,max_accel,command_accel,throttle,ap_m,pe_m,ap_error_m,pe_error_m,fine_latched,capture,steer_angle_err_deg
203.42,TGO,THRUST,79404.115,29.2820253,0.890838,32.37463,0.58783,79.93229,1223.99749,2279.94418,1055.94668,25.70426,-5.44598,-0.55402,1.2595,369.72534,-0.55402,1.2595,34.85615,34.8833,34.8833009,1,79983.084,-485627.235,16.916,565627.235,False,False,-5.0498
203.56,TGO,THRUST,79416.779,29.2820213,0.8908405,32.4405,0.58763,79.19757,1226.05857,2279.92283,1053.86426,25.63308,-5.4383,-0.5617,1.26557,368.99541,-0.5617,1.26557,34.90244,34.92989,34.9298944,1,79985.874,-485171.684,14.126,565171.684,False,False,-4.91212
203.74,TGO,THRUST,79429.362,29.2816962,0.8910451,32.58931,0.58772,78.72498,1231.59768,2279.90163,1048.30395,25.47374,-5.41802,-0.58198,1.27933,367.04909,-0.58198,1.27933,34.96398,34.99221,34.992213,1,79993.775,-483949.502,6.225,563949.502,False,False,-4.48279
203.9,TGO,THRUST,79441.859,29.2815752,0.8911212,32.74267,0.58765,78.22693,1237.14872,2279.88057,1042.73185,25.31436,-5.39761,-0.60239,1.29344,365.09859,-0.60239,1.29344,35.0257,35.05475,35.0547545,1,80001.249,-482715.327,-1.249,562715.327,False,False,-3.80712
204.06,TGO,THRUST,79454.258,29.2824468,0.8905732,32.91673,0.58682,77.64904,1242.71457,2279.85966,1037.1451,25.15489,-5.37705,-0.62295,1.30856,363.1428,-0.62295,1.30856,35.0876,35.11752,35.1175198,1,80007.504,-481468.362,-7.504,561468.362,False,False,-3.03527
204.2,TGO,THRUST,79466.549,29.2847866,0.8891054,33.12226,0.58483,76.97746,1248.29436,2279.83893,1031.54456,24.99534,-5.35636,-0.64364,1.32514,361.18202,-0.64364,1.32514,35.14965,35.18051,35.1805104,1,80012.339,-480208.653,-12.339,560208.653,False,False,-2.29551
204.36,TGO,THRUST,79478.718,29.2888382,0.8865745,33.3669,0.58148,76.22195,1253.88605,2279.81838,1025.93233,24.83576,-5.33553,-0.66447,1.3435,359.21697,-0.66447,1.3435,35.21184,35.24373,35.2437273,1,80015.897,-478936.531,-15.897,558936.531,False,False,-1.66526
204.52,TGO,THRUST,79490.758,29.2946549,0.8829647,33.65641,0.5767,75.40304,1259.48793,2279.79804,1020.31011,24.67618,-5.31458,-0.68542,1.36392,357.24831,-0.68542,1.36392,35.27416,35.30717,35.3071718,1,80018.48,-477652.263,-18.48,557652.263,False,False,-1.17926
204.68,TGO,THRUST,79502.661,29.3021371,0.8783623,33.99514,0.5705,74.54204,1265.09913,2279.77793,1014.67881,24.51662,-5.29351,-0.70649,1.38662,355.27637,-0.70649,1.38662,35.33659,35.37085,35.3708452,1,80020.398,-476355.937,-20.398,556355.937,False,False,-0.84785
204.84,TGO,THRUST,79514.424,29.3110714,0.872928,34.38619,0.56302,73.65616,1270.71935,2279.75805,1009.0387,24.35709,-5.27231,-0.72769,1.41175,353.30129,-0.72769,1.41175,35.39914,35.43475,35.4347486,1,80021.9,-475047.501,-21.9,555047.501,False,False,-0.6624
205.02,TGO,THRUST,79526.044,29.3211706,0.8668664,34.83122,0.55441,72.75707,1276.34871,2279.73841,1003.3897,24.19759,-5.25098,-0.74902,1.43945,351.32305,-0.74902,1.43945,35.46178,35.49888,35.4988833,1,80023.154,-473726.815,-23.154,553726.815,False,False,-0.58214
205.16,TGO,THRUST,79537.52,29.3321137,0.8603976,35.33031,0.5449,71.85144,1281.98747,2279.71901,997.73154,24.03811,-5.22953,-0.77047,1.46976,349.34159,-0.77047,1.46976,35.52451,35.56325,35.5632507,1,80024.255,-472393.69,-24.255,552393.69,False,False,-0.54427
205.32,TGO,THRUST,79548.85,29.3435808,0.8537322,35.88196,0.53471,70.94219,1287.63597,2279.69985,992.06388,23.87865,-5.20796,-0.79204,1.50268,347.35678,-0.79204,1.50268,35.58734,35.62785,35.6278518,1,80025.245,-471047.918,-25.245,551047.918,False,False,-0.50332
205.48,TGO,THRUST,79560.034,29.3552811,0.8470533,36.48323,0.52407,70.03006,1293.29454,2279.68094,986.38639,23.7192,-5.18625,-0.81375,1.53813,345.36852,-0.81375,1.53813,35.65024,35.69269,35.6926881,1,80026.135,-469689.282,-26.135,549689.282,False,False,-0.44358
205.66,TGO,THRUST,79571.072,29.3669732,0.8405053,37.13021,0.5132,69.11471,1298.96349,2279.66227,980.69877,23.55975,-5.16442,-0.83558,1.576,343.37668,-0.83558,1.576,35.71324,35.75776,35.7577609,1,80026.922,-468317.573,-26.922,548317.573,False,False,-0.37082
205.8,TGO,THRUST,79581.963,29.3784777,0.8341884,37.81876,0.50226,68.19555,1304.64305,2279.64385,975.0008,23.40031,-5.14245,-0.85755,1.61617,341.3812,-0.85755,1.61617,35.77632,35.82307,35.8230713,1,80027.599,-466932.594,-27.599,546932.594,False,False,-0.30653
205.96,TGO,THRUST,79592.705,29.3896825,0.828159,38.54548,0.49136,67.27211,1310.33335,2279.62567,969.29232,23.24087,-5.12035,-0.87965,1.65852,339.38202,-0.87965,1.65852,35.83948,35.88862,35.8886207,1,80028.16,-465534.163,-28.16,545534.163,False,False,-0.28263
206.12,TGO,THRUST,79603.299,29.4005413,0.8224343,39.30863,0.48057,66.3442,1316.03448,2279.60775,963.57327,23.08142,-5.09812,-0.90188,1.70304,337.37912,-0.90188,1.70304,35.90273,35.95441,35.9544105,1,80028.605,-464122.113,-28.605,544122.113,False,False,-0.31422
206.28,TGO,THRUST,79613.744,29.4110671,0.8169989,40.10904,0.4699,65.41192,1321.74645,2279.59008,957.84363,22.92197,-5.07575,-0.92425,1.74981,335.37249,-0.92425,1.74981,35.96604,36.02044,36.0204419,1,80028.936,-462696.292,-28.936,542696.292,False,False,-0.37946
206.44,TGO,THRUST,79624.039,29.4213208,0.811814,40.95085,0.4593,64.47559,1327.46922,2279.57265,952.10343,22.76252,-5.05325,-0.94675,1.79905,333.36214,-0.94675,1.79905,36.02941,36.08672,36.0867163,1,80029.159,-461256.554,-29.159,541256.554,False,False,-0.45058
206.6,TGO,THRUST,79634.183,29.4313981,0.8068262,41.84187,0.44869,63.53561,1333.20274,2279.55548,946.35274,22.60308,-5.03061,-0.96939,1.85116,331.3481,-0.96939,1.85116,36.0928,36.15323,36.153235,1,80029.28,-459802.76,-29.28,539802.76,False,False,-0.51222
206.76,TGO,THRUST,79644.176,29.441415,0.8019762,42.79384,0.43795,62.59242,1338.94693,2279.53857,940.59164,22.44364,-5.00784,-0.99216,1.90672,329.33039,-0.99216,1.90672,36.15617,36.22,36.2199994,1,80029.307,-458334.773,-29.307,538334.773,False,False,-0.55833
206.92,TGO,THRUST,79654.018,29.4514946,0.7972067,43.82241,0.42695,61.64646,1344.7017,2279.5219,934.8202,22.28421,-4.98493,-1.01507,1.96652,327.30904,-1.01507,1.96652,36.21946,36.28701,36.2870108,1,80029.245,-456852.455,-29.245,536852.455,False,False,-0.5883
207.1,TGO,THRUST,79663.708,29.4617561,0.7924673,44.94725,0.41557,60.69809,1350.46698,2279.50549,929.03851,22.12479,-4.96189,-1.03811,2.03153,325.28408,-1.03811,2.03153,36.28262,36.35427,36.3542707,1,80029.101,-455355.667,-29.101,535355.667,False,False,-0.60487
207.24,TGO,THRUST,79673.247,29.4723059,0.7877191,46.19223,0.40366,59.74766,1356.24269,2279.48934,923.24665,21.96538,-4.93871,-1.06129,2.10296,323.25555,-1.06129,2.10296,36.34553,36.42178,36.4217804,1,80028.879,-453844.267,-28.879,533844.267,False,False,-0.61283
207.4,TGO,THRUST,79682.632,29.4832318,0.782937,47.58578,0.39112,58.79541,1362.02876,2279.47344,917.44468,21.80598,-4.91539,-1.08461,2.18224,321.22346,-1.08461,2.18224,36.40808,36.48954,36.4895412,1,80028.585,-452318.109,-28.585,532318.109,False,False,-0.61813
207.56,TGO,THRUST,79691.865,29.4946011,0.7781097,49.16178,0.37785,57.84159,1367.82513,2279.4578,911.63267,21.6466,-4.89194,-1.10806,2.27111,319.18784,-1.10806,2.27111,36.47011,36.55755,36.5575547,1,80028.221,-450777.043,-28.221,530777.043,False,False,0.62723
207.72,TGO,THRUST,79700.945,29.5064592,0.7732396,50.96081,0.36377,56.88637,1373.63175,2279.44241,905.81066,21.48724,-4.86835,-1.13165,2.37168,317.14869,-1.13165,2.37168,36.53143,36.62582,36.6258222,1,80027.792,-449220.909,-27.792,529220.909,False,False,0.64654
207.88,TGO,THRUST,79709.872,29.5188349,0.7683394,53.0327,0.34881,55.92995,1379.44861,2279.42728,899.97867,21.3279,-4.84462,-1.15538,2.48654,315.10604,-1.15538,2.48654,36.59176,36.69435,36.6943451,1,80027.3,-447649.545,-27.3,527649.545,False,False,0.68244
208.04,TGO,THRUST,79718.646,29.5317429,0.763431,55.43983,0.33294,54.9725,1385.27569,2279.41241,894.13672,21.16858,-4.82076,-1.17924,2.61897,313.05989,-1.17924,2.61897,36.65075,36.76312,36.7631249,1,80026.748,-446062.782,-26.748,526062.782,False,False,0.74098
208.2,TGO,THRUST,79727.267,29.5451892,0.7585419,58.26258,0.3161,54.01415,1391.11297,2279.39779,888.28482,21.00929,-4.79675,-1.20325,2.77318,311.01023,-1.20325,2.77318,36.7079,36.83216,36.832163,1,80026.14,-444460.444,-26.14,524460.444,False,False,0.82847
208.36,TGO,THRUST,79735.734,29.5591784,0.7537027,61.60791,0.29828,53.05505,1396.96046,2279.38344,882.42297,20.85001,-4.77261,-1.22739,2.95481,308.95708,-1.22739,2.95481,36.76249,36.90146,36.9014609,1,80025.477,-442842.355,-25.477,522842.355,False,False,0.95183
208.52,TGO,THRUST,79744.047,29.5737182,0.7489452,65.62267,0.27943,52.0953,1402.81815,2279.36934,876.55119,20.69076,-4.74833,-1.25167,3.17159,306.90043,-1.25167,3.17159,36.81346,36.97102,36.9710201,1,80024.763,-441208.336,-24.763,521208.336,False,False,1.11971
208.68,TGO,THRUST,79752.207,29.5888271,0.7443012,70.51645,0.25951,51.13503,1408.686,2279.3555,870.6695,20.53153,-4.72391,-1.27609,3.43454,304.8403,-1.27609,3.43454,36.85918,37.04084,37.040842,1,80023.999,-439558.212,-23.999,519558.212,False,False,1.34418
208.86,TGO,THRUST,79760.213,29.6045405,0.7398013,76.60093,0.23844,50.17436,1414.56394,2279.34191,864.77797,20.37233,-4.69935,-1.30065,3.76005,302.7767,-1.30065,3.76005,36.89704,37.11093,37.1109281,1,80023.187,-437891.815,-23.187,517891.815,False,False,1.64398
209.02,TGO,THRUST,79768.065,29.6209175,0.7354757,84.36279,0.21613,49.21336,1420.45186,2279.32859,858.87673,20.21317,-4.67465,-1.32535,4,300.70969,-1.32535,4,36.94172,37.18128,37.18128,1,80022.33,-436208.99,-22.33,516208.99,False,False,1.78145
209.18,TGO,THRUST,79775.763,29.6380479,0.7313561,94.60781,0.19244,48.25207,1426.34955,2279.31552,852.96597,20.05404,-4.64981,-1.35019,4,298.63933,-1.35019,4,37.0119,37.2519,37.251899,1,80021.43,-434509.603,-21.43,514509.603,False,False,1.51193
209.34,TGO,THRUST,79783.307,29.6561016,0.72747,108.81115,0.16712,47.29057,1432.25664,2279.30271,847.04607,19.89495,-4.62483,-1.37517,4,296.56576,-1.37517,4,37.08233,37.32279,37.3227869,1,80020.487,-432793.573,-20.487,512793.573,False,False,1.21291
209.5,TGO,THRUST,79790.698,29.675312,0.7238564,129.93802,0.13983,46.32892,1438.17251,2279.29016,841.11764,19.73592,-4.59972,-1.40028,4,294.48919,-1.40028,4,37.15301,37.39395,37.3939451,1,80019.504,-431060.881,-19.504,511060.881,False,False,0.90287
209.66,TGO,THRUST,79797.934,29.6957887,0.720605,164.51071,0.1104,45.36719,1444.09679,2279.27786,835.18107,19.57696,-4.57447,-1.42553,4,292.40975,-1.42553,4,37.22395,37.46538,37.4653751,1,80018.482,-429311.454,-18.482,509311.454,False,False,0.60281
209.8,TGO,THRUST,79804.14,29.7175092,0.7178423,230.31047,0.07888,44.40543,1450.02934,2279.26583,829.23649,19.41807,-4.54908,-1.42534,0,290.32749,-1.42534,0,37.51001,37.53708,37.5370785,1,80017.423,-427545.135,-17.423,507545.135,False,False,5.75939
209.96,TGO,THRUST,79811.088,29.7403984,0.7157036,400.42969,0.04542,43.4437,1455.97017,2279.25405,823.28388,19.25924,-4.52356,-1.38764,0,288.2424,-1.38764,0,37.58345,37.60906,37.6090569,1,80016.329,-425761.724,-16.329,505761.724,False,False,5.93133
210.12,TGO,THRUST,79817.882,29.7653056,0.714285,2058.02583,0.00886,42.48175,1461.91666,2279.24253,817.32587,19.10055,-4.49791,-1.34788,0,286.15541,-1.34788,0,37.6572,37.68131,37.6813119,1,80015.199,-423961.825,-15.199,503961.825,False,False,5.81626
210.28,TGO,THRUST,79824.523,29.7905648,0.7138186,18.28736,0,41.5192,1467.87347,2279.23127,811.3578,18.92188,-4.47212,-1.30888,0,284.06488,-1.30888,0,37.73115,37.75385,37.753845,1,80014.03,-422143.829,-14.03,502143.829,False,False,5.37586
210.44,TGO,THRUST,79831.809,29.8140654,0.7142661,2188.80754,0.00839,40.55722,1473.84684,2279.22027,805.37343,18.76312,-4.44616,-1.26498,0,281.96863,-1.26498,0,37.8055,37.82666,37.826658,1,80012.837,-420305.595,-12.837,500305.595,False,False,4.66645
210.6,TGO,THRUST,79837.343,29.8343721,0.7153366,480.05115,0.03849,39.59807,1479.84022,2279.20953,799.3693,18.60419,-4.42,-1.21953,0,279.86545,-1.21953,0,37.88013,37.89975,37.8997523,1,80011.642,-418445.779,-11.642,498445.779,False,False,3.77893
210.76,TGO,THRUST,79843.524,29.8506151,0.7166486,296.97011,0.06258,38.64408,1485.85438,2279.19904,793.34466,18.44509,-4.39366,-1.17298,0,277.75509,-1.17298,0,37.95501,37.97313,37.9731297,1,80010.465,-416563.84,-10.465,496563.84,False,False,2.81397
210.92,TGO,THRUST,79850.297,29.8624221,0.717856,233.18676,0.08016,37.69737,1491.88809,2279.1888,787.30071,18.28583,-4.36712,-1.12574,0,275.63797,-1.12574,0,38.03013,38.04679,38.0467917,1,80009.325,-414659.847,-9.325,494659.847,False,False,1.75915
211.08,TGO,THRUST,79856.159,29.8698483,0.7187254,205.69961,0.09135,36.75966,1497.93912,2279.17882,781.2397,18.12646,-4.3404,-1.07815,0,273.51489,-1.07815,0,38.10549,38.12074,38.1207401,1,80008.236,-412734.206,-8.236,492734.206,False,False,0.97387
211.24,TGO,THRUST,79861.872,29.8732928,0.7191578,195.06899,0.09677,35.83221,1504.0051,2279.16909,775.16398,17.96703,-4.31352,-1.03044,0,271.38666,-1.03044,0,38.18107,38.19498,38.1949765,1,80007.205,-410787.377,-7.205,490787.377,False,False,0.5871
211.4,TGO,THRUST,79867.44,29.8734019,0.7191718,194.61985,0.09739,34.91596,1510.0842,2279.1596,769.0754,17.80758,-4.28647,-0.9828,0,269.25394,-0.9828,0,38.25688,38.2695,38.2695026,1,80006.238,-408819.67,-6.238,488819.67,False,False,0.78612
211.56,TGO,THRUST,79872.863,29.8709687,0.718862,201.62915,0.09435,34.01152,1516.17538,2279.15036,762.97499,17.64814,-4.25926,-0.93537,0,267.11709,-0.93537,0,38.33291,38.34432,38.3443201,1,80005.338,-406831.152,-5.338,486831.152,False,False,1.07542
211.72,TGO,THRUST,79878.144,29.8668373,0.7183549,214.82771,0.08884,33.11922,1522.27833,2279.14136,756.86303,17.4887,-4.23189,-0.88821,0,264.97622,-0.88821,0,38.40916,38.41943,38.4194307,1,80004.506,-404821.648,-4.506,484821.648,False,False,1.24515
211.88,TGO,THRUST,79883.284,29.8618226,0.7177718,233.34939,0.08205,32.23927,1528.39328,2279.1326,750.73932,17.32928,-4.20436,-0.84139,0,262.83124,-0.84139,0,38.48564,38.49484,38.4948362,1,80003.74,-402790.814,-3.74,482790.814,False,False,1.27646
212.04,TGO,THRUST,79888.286,29.8566489,0.7172078,256.04651,0.07502,31.37183,1534.52066,2279.12407,744.60341,17.16984,-4.17667,-0.79496,0,260.682,-0.79496,0,38.56235,38.57054,38.5705382,1,80003.039,-400738.222,-3.039,480738.222,False,False,1.19069
212.2,TGO,THRUST,79893.151,29.8519061,0.7167243,280.93508,0.0686,30.51701,1540.66088,2279.11577,738.4549,17.0104,-4.14881,-0.74895,0,258.52837,-0.74895,0,38.63928,38.64654,38.6465386,1,80002.402,-398663.445,-2.402,478663.445,False,False,1.02364
212.36,TGO,THRUST,79897.882,29.8480252,0.7163524,304.90985,0.06343,29.67497,1546.81418,2279.1077,732.29353,16.85095,-4.12078,-0.70341,0,256.37025,-0.70341,0,38.71645,38.72284,38.722839,1,80001.828,-396566.104,-1.828,476566.104,False,False,0.81971
212.52,TGO,THRUST,79902.481,29.8452708,0.7161011,324.10818,0.05989,28.8458,1552.9806,2279.09986,726.11926,16.69148,-4.09259,-0.65839,0,254.20763,-0.65839,0,38.79385,38.79944,38.7994414,1,80001.315,-394445.876,-1.315,474445.876,False,False,0.63279
212.68,TGO,THRUST,79906.949,29.8437495,0.7159667,335.10986,0.05814,28.02962,1559.16005,2279.09223,719.93218,16.532,-4.06422,-0.61394,0,252.04054,-0.61394,0,38.8715,38.87635,38.8763474,1,80000.861,-392302.485,-0.861,472302.485,False,False,0.52537
212.84,TGO,THRUST,79911.29,29.8434303,0.7159389,336.40374,0.05814,27.22656,1565.35237,2279.08482,713.73246,16.37251,-4.03569,-0.57009,0,249.86904,-0.57009,0,38.94939,38.95356,38.9535589,1,80000.464,-390135.669,-0.464,470135.669,False,False,0.52887
213,TGO,THRUST,79915.504,29.8441725,0.7160043,328.99388,0.05969,26.43668,1571.55741,2279.07763,707.52022,16.21302,-4.00699,-0.52688,0,247.69318,-0.52688,0,39.02752,39.03108,39.0310777,1,80000.124,-387945.157,-0.124,467945.157,False,False,0.59641
213.16,TGO,THRUST,79919.594,29.845758,0.7161474,315.66618,0.06247,25.66004,1577.77512,2279.07065,701.29552,16.05353,-3.97812,-0.48436,0,245.51298,-0.48436,0,39.10591,39.10891,39.1089056,1,79999.837,-385730.647,0.163,465730.647,False,False,0.6643
213.32,TGO,THRUST,79923.563,29.8479253,0.71635,299.61549,0.0661,24.89667,1584.00551,2279.06387,695.05835,15.89404,-3.94907,-0.44256,0,243.32843,-0.44256,0,39.18455,39.18704,39.1870445,1,79999.601,-383491.801,0.399,463491.801,False,False,0.69993
213.48,TGO,THRUST,79927.412,29.8504018,0.7165912,283.4294,0.07017,24.14658,1590.24867,2279.05729,688.80863,15.73455,-3.91986,-0.4015,0,241.13949,-0.4015,0,39.26344,39.2655,39.2654964,1,79999.415,-381228.253,0.585,461228.253,False,False,0.69398
213.64,TGO,THRUST,79931.143,29.8529305,0.716848,268.76017,0.07432,23.40974,1596.50469,2279.05091,682.54623,15.57506,-3.89047,-0.3612,0,238.94615,-0.3612,0,39.3426,39.34426,39.3442629,1,79999.276,-378939.618,0.724,458939.618,False,False,0.64962
213.8,TGO,THRUST,79934.759,29.8552911,0.7170974,256.44679,0.07822,22.6861,1602.77369,2279.04473,676.27104,15.41556,-3.86091,-0.32169,0,236.74834,-0.32169,0,39.42203,39.42335,39.4233461,1,79999.182,-376625.503,0.818,456625.503,False,False,0.57689
213.96,TGO,THRUST,79938.262,29.8573128,0.7173185,246.77884,0.08163,21.9756,1609.05576,2279.03875,669.98299,15.25606,-3.83118,-0.28298,0,234.54605,-0.28298,0,39.50173,39.50275,39.5027479,1,79999.129,-374285.521,0.871,454285.521,False,False,0.49017
214.12,TGO,THRUST,79941.653,29.8588817,0.717495,239.72734,0.08438,21.27818,1615.35092,2279.03295,663.68202,15.09655,-3.80127,-0.24508,0,232.33926,-0.24508,0,39.58171,39.58247,39.5824701,1,79999.116,-371919.285,0.884,451919.285,False,False,0.4069
214.28,TGO,THRUST,79944.935,29.8599398,0.7176165,235.10435,0.08639,20.59376,1621.65921,2279.02733,657.36812,14.93705,-3.77118,-0.20801,0,230.12796,-0.20801,0,39.66197,39.66251,39.6625148,1,79999.14,-369526.415,0.86,449526.415,False,False,0.3457
214.44,TGO,THRUST,79948.11,29.8604815,0.7176796,232.64297,0.08765,19.92222,1627.98062,2279.0219,651.04127,14.77754,-3.74091,-0.17177,0,227.91215,-0.17177,0,39.74251,39.74288,39.7428839,1,79999.199,-367106.528,0.801,447106.528,False,False,0.31951
214.6,TGO,THRUST,79951.18,29.8605448,0.717687,232.04301,0.08822,19.26347,1634.31516,2279.01664,644.70149,14.61803,-3.71047,-0.13636,0,225.69182,-0.13636,0,39.82335,39.82358,39.8235793,1,79999.289,-364659.234,0.711,444659.234,False,False,0.32495
214.76,TGO,THRUST,79954.147,29.8601998,0.7176465,232.98684,0.0882,18.61746,1640.66283,2279.01157,638.34874,14.45851,-3.67985,-0.10181,0,223.46698,-0.10181,0,39.90447,39.9046,39.9046031,1,79999.41,-362184.131,0.59,442184.131,False,False,0.3451
214.92,TGO,THRUST,79957.013,29.8595374,0.7175688,235.14567,0.08772,17.98402,1647.02365,2279.00666,631.98301,14.299,-3.64904,-0.06811,0,221.23761,-0.06811,0,39.9859,39.98596,39.9859573,1,79999.558,-359680.807,0.442,439680.807,False,False,0.36371
215.08,TGO,THRUST,79959.779,29.8586577,0.7174664,238.18025,0.08693,17.36295,1653.39767,2279.00192,625.60425,14.13949,-3.61806,-0.03522,0,219.00371,-0.03522,0,40.06763,40.06764,40.0676415,1,79999.731,-357148.832,0.269,437148.832,False,False,0.37179
215.24,TGO,THRUST,79962.449,29.8576606,0.7173512,241.745,0.08596,16.75401,1659.78492,2278.99734,619.21242,13.97998,-3.58689,-0.00313,0,216.76524,-0.00313,0,40.14966,40.14966,40.1496625,1,79999.925,-354587.765,0.075,434587.765,False,False,0.36632
215.4,TGO,THRUST,79965.019,29.8566371,0.7172342,245.50093,0.08496,16.15694,1666.18547,2278.99293,612.80746,13.82047,-3.55554,0.02822,0,214.5222,0.02822,0,40.23201,40.23202,40.23202,1,80000.139,-351997.155,-0.139,431997.155,False,False,0.34795
215.56,TGO,THRUST,79967.495,29.8556638,0.7171239,249.13283,0.08403,15.57155,1672.59938,2278.98869,606.38931,13.66096,-3.524,0.05911,0,212.27456,0.05911,0,40.31467,40.31472,40.314716,1,80000.362,-349376.541,-0.362,429376.541,False,False,0.31974
215.72,TGO,THRUST,79969.885,29.8547984,0.7170267,252.37521,0.08326,14.99767,1679.02666,2278.98459,599.95792,13.50145,-3.49228,0.08904,0,210.02231,0.08904,0,40.39765,40.39775,40.3977527,1,80000.608,-346725.45,-0.608,426725.45,False,False,0.28507
215.88,TGO,THRUST,79972.184,29.8540795,0.7169466,255.02607,0.0827,14.43516,1685.4674,2278.98064,593.51324,13.34194,-3.46037,0.11828,0,207.76542,0.11828,0,40.48096,40.48113,40.4811322,1,80000.867,-344043.403,-0.867,424043.403,False,False,0.24822
216.04,TGO,THRUST,79974.396,29.8535256,0.7168851,256.96905,0.08238,13.8839,1691.92162,2278.97684,587.05522,13.18243,-3.42828,0.14684,0,205.50387,0.14684,0,40.56459,40.56486,40.5648566,1,80001.137,-341329.914,-1.137,421329.914,False,False,0.21294
216.2,TGO,THRUST,79976.521,29.8531373,0.7168421,258.17528,0.0823,13.34377,1698.38937,2278.97319,580.58382,13.02292,-3.39599,0.17473,0,203.23767,0.17473,0,40.64855,40.64893,40.648928,1,80001.417,-338584.486,-1.417,418584.486,False,False,0.18203
216.36,TGO,THRUST,79978.562,29.8529012,0.716816,258.6932,0.08245,12.81464,1704.87069,2278.96968,574.09899,12.86341,-3.36352,0.20194,0,200.96678,0.20194,0,40.73285,40.73335,40.7333486,1,80001.706,-335806.61,-1.706,415806.61,False,False,0.15694
216.52,TGO,THRUST,79980.52,29.8527927,0.716804,258.63194,0.08278,12.29641,1711.36564,2278.96632,567.60068,12.7039,-3.33086,0.22851,0,198.69119,0.22851,0,40.81748,40.81812,40.8181207,1,80002,-332995.768,-2,412995.768,False,False,0.13764
216.68,TGO,THRUST,79982.398,29.8527811,0.7168027,258.13658,0.08326,11.78893,1717.87424,2278.96309,561.08884,12.5444,-3.298,0.25443,0,196.41088,0.25443,0,40.90245,40.90325,40.9032462,1,80002.3,-330151.428,-2.3,410151.428,False,False,0.12297
216.84,TGO,THRUST,79984.196,29.8528328,0.7168084,257.36562,0.08382,11.29208,1724.39656,2278.95999,554.56343,12.38489,-3.26496,0.27972,0,194.12584,0.27972,0,40.98777,40.98873,40.9887276,1,80002.604,-327273.046,-2.604,407273.046,False,False,0.11143
217,TGO,THRUST,79985.916,29.8529149,0.7168176,256.47047,0.08444,10.80572,1730.93263,2278.95703,548.02439,12.22539,-3.23172,0.3044,0,191.83604,0.3044,0,41.07344,41.07457,41.0745671,1,80002.91,-324360.067,-2.91,404360.067,False,False,0.10199
217.16,TGO,THRUST,79987.561,29.8529981,0.716827,255.58217,0.08505,10.32975,1737.48253,2278.95419,541.47166,12.06589,-3.19828,0.32848,0,189.54148,0.32848,0,41.15946,41.16077,41.1607668,1,80003.217,-321411.922,-3.217,401411.922,False,False,0.09467
217.32,TGO,THRUST,79989.131,29.8530587,0.7168339,254.80277,0.08563,9.8641,1744.04628,2278.95148,534.9052,11.90639,-3.16465,0.35195,0,187.24212,0.35195,0,41.24583,41.24733,41.247329,1,80003.525,-318428.029,-3.525,398428.029,False,False,0.09009
217.48,TGO,THRUST,79990.629,29.8530793,0.7168362,254.2028,0.08616,9.40871,1750.62395,2278.9489,528.32494,11.74689,-3.13082,0.37481,0,184.93795,0.37481,0,41.33256,41.33426,41.3342562,1,80003.831,-315407.793,-3.831,395407.793,False,False,0.08901
217.64,TGO,THRUST,79992.056,29.8530501,0.7168329,253.81901,0.08662,8.96352,1757.21559,2278.94643,521.73084,11.58739,-3.09679,0.39705,0,182.62896,0.39705,0,41.41965,41.42155,41.4215504,1,80004.136,-312350.607,-4.136,392350.607,False,False,0.09123
217.8,TGO,THRUST,79993.413,29.8529665,0.7168233,253.66637,0.08699,8.52844,1763.82125,2278.94408,515.12283,11.42789,-3.06256,0.41867,0,180.31511,0.41867,0,41.5071,41.50921,41.5092142,1,80004.438,-309255.849,-4.438,389255.849,False,False,0.09569
217.96,TGO,THRUST,79994.702,29.8528309,0.7168077,253.73146,0.08729,8.10339,1770.44099,2278.94185,508.50086,11.2684,-3.02814,0.43967,0,177.9964,0.43967,0,41.59493,41.59725,41.5972499,1,80004.737,-306122.883,-4.737,386122.883,False,False,0.10081
218.12,TGO,THRUST,79995.926,29.8526503,0.716787,253.98268,0.08753,7.68826,1777.07485,2278.93973,501.86488,11.10891,-2.99351,0.46008,0,175.6728,0.46008,0,41.68312,41.68566,41.6856597,1,80005.031,-302951.059,-5.031,382951.059,False,False,0.10512
218.28,TGO,THRUST,79997.084,29.8524351,0.7167621,254.37629,0.08772,7.28292,1783.7229,2278.93772,495.21482,10.94942,-2.95868,0.47989,0,173.34429,0.47989,0,41.77169,41.77445,41.7744462,1,80005.32,-299739.709,-5.32,379739.709,False,False,0.10773
218.44,TGO,THRUST,79998.18,29.8521973,0.7167347,254.86126,0.08788,6.88736,1790.38519,2278.93582,488.55063,10.78993,-2.92364,0.4991,0,171.01086,0.4991,0,41.86064,41.86361,41.8636116,1,80005.604,-296488.152,-5.604,376488.152,False,False,0.10819
218.6,TGO,THRUST,79999.214,29.8519496,0.7167061,255.38509,0.08802,6.50145,1797.06177,2278.93403,481.87225,10.63044,-2.8884,0.51772,0,168.67247,0.51772,0,41.94996,41.95316,41.9531586,1,80005.88,-293195.69,-5.88,373195.69,False,False,0.10643
218.76,TGO,THRUST,80000.188,29.8517036,0.7166777,255.89833,0.08817,6.1251,1803.75271,2278.93233,475.17962,10.47096,-2.85296,0.53576,0,166.32911,0.53576,0,42.03968,42.04309,42.0430894,1,80006.149,-289861.609,-6.149,369861.609,False,False,0.10277
218.92,TGO,THRUST,80001.104,29.8514705,0.7166507,256.35524,0.08833,5.75827,1810.45806,2278.93074,468.47267,10.31148,-2.8173,0.5532,0,163.98077,0.5532,0,42.12977,42.13341,42.1334066,1,80006.41,-286485.178,-6.41,366485.178,False,False,-0.09784
219.08,TGO,THRUST,80001.962,29.8512569,0.716626,256.72739,0.08853,5.40085,1817.17788,2278.92924,461.75135,10.152,-2.78144,0.57007,0,161.62741,0.57007,0,42.22026,42.22411,42.2241127,1,80006.662,-283065.647,-6.662,363065.647,False,False,-0.09202
219.24,TGO,THRUST,80002.765,29.8510674,0.7166041,256.99603,0.08876,5.05278,1823.91223,2278.92783,455.0156,9.99252,-2.74537,0.58636,0,159.26901,0.58636,0,42.31115,42.31521,42.3152102,1,80006.905,-279602.251,-6.905,359602.251,False,False,-0.08601
219.4,TGO,THRUST,80003.514,29.8509079,0.7165855,257.13708,0.08904,4.71394,1830.66117,2278.92652,448.26535,9.83305,-2.70908,0.60208,0,156.90556,0.60208,0,42.40243,42.4067,42.4067016,1,80007.139,-276094.204,-7.139,356094.204,False,False,-0.08063
219.56,TGO,THRUST,80004.211,29.8507789,0.7165705,257.14944,0.08936,4.38432,1837.42475,2278.9253,441.50055,9.67357,-2.67259,0.61721,0,154.53704,0.61721,0,42.49411,42.49859,42.4985895,1,80007.363,-272540.702,-7.363,352540.702,False,False,-0.07649
219.72,TGO,THRUST,80004.856,29.8506789,0.7165589,257.04069,0.08973,4.06386,1844.20304,2278.92417,434.72112,9.5141,-2.63588,0.63176,0,152.16341,0.63176,0,42.58619,42.59088,42.5908765,1,80007.576,-268940.922,-7.576,348940.922,False,False,-0.07402
219.88,TGO,THRUST,80005.452,29.8506049,0.7165502,256.82469,0.09013,3.75248,1850.9961,2278.92312,427.92702,9.35463,-2.59896,0.64573,0,149.78467,0.64573,0,42.67868,42.68357,42.6835652,1,80007.779,-265294.019,-7.779,345294.019,False,False,-0.07328
220.04,TGO,THRUST,80005.992,29.8505529,0.7165441,256.51929,0.09057,3.45008,1857.80399,2278.92216,421.11816,9.19516,-2.56182,0.65941,0,147.40078,0.65941,0,42.77158,42.77666,42.7766581,1,80007.966,-261599.129,-7.966,341599.129,False,False,-0.0739
220.2,TGO,THRUST,80006.493,29.8505183,0.7165401,256.1449,0.09104,3.1566,1864.62678,2278.92127,414.2945,9.0357,-2.52446,0.67254,0,145.01173,0.67254,0,42.86488,42.87016,42.8701581,1,80008.142,-257855.365,-8.142,337855.365,False,False,-0.07577
220.36,TGO,THRUST,80006.948,29.8504964,0.7165375,255.72182,0.09152,2.87194,1871.46451,2278.92046,407.45596,8.87624,-2.48689,0.68483,0,142.61749,0.68483,0,42.95861,42.96407,42.9640676,1,80008.31,-254061.817,-8.31,334061.817,False,False,-0.0789
220.52,TGO,THRUST,80007.36,29.8504829,0.7165359,255.26841,0.09202,2.59602,1878.31725,2278.91973,400.60247,8.71678,-2.44909,0.69657,0,140.21804,0.69657,0,43.05275,43.05839,43.0583895,1,80008.466,-250217.556,-8.466,330217.556,False,False,-0.08274
220.68,TGO,THRUST,80007.729,29.8504738,0.7165348,254.80115,0.09253,2.32877,1885.18508,2278.91907,393.73399,8.55732,-2.41108,0.70776,0,137.81335,0.70776,0,43.14732,43.15313,43.1531265,1,80008.61,-246321.625,-8.61,326321.625,False,False,-0.08689
220.84,TGO,THRUST,80008.056,29.8504652,0.7165338,254.33586,0.09303,2.07013,1892.06805,2278.91847,386.85043,8.39786,-2.37284,0.71842,0,135.40341,0.71842,0,43.24231,43.24828,43.2482812,1,80008.741,-242373.045,-8.741,322373.045,False,False,-0.09109
221,TGO,THRUST,80008.344,29.8504582,0.7165329,253.86812,0.09355,1.82003,1898.96622,2278.91795,379.95173,8.23841,-2.33438,0.72854,0,132.98819,0.72854,0,43.33773,43.34386,43.3438566,1,80008.86,-238370.812,-8.86,318370.812,False,False,-0.09524
221.16,TGO,THRUST,80008.594,29.8504536,0.7165324,253.39521,0.09406,1.57841,1905.87967,2278.91749,373.03782,8.07896,-2.29569,0.73813,0,130.56766,0.73813,0,43.43358,43.43986,43.4398552,1,80008.966,-234313.894,-8.966,314313.894,False,False,-0.09921
221.32,TGO,THRUST,80008.806,29.8504517,0.7165321,252.91552,0.09458,1.3452,1912.80846,2278.9171,366.10864,7.91951,-2.25678,0.74719,0,128.14181,0.74719,0,43.52987,43.53628,43.5362801,1,80009.06,-230201.235,-9.06,310201.235,False,False,-0.10298
221.48,TGO,THRUST,80008.983,29.8504531,0.7165323,252.42722,0.09511,1.12031,1919.75265,2278.91676,359.16411,7.76006,-2.21763,0.75575,0,125.7106,0.75575,0,43.62659,43.63313,43.633134,1,80009.14,-226031.749,-9.14,306031.749,False,False,-0.10648
221.64,TGO,THRUST,80009.124,29.8504585,0.716533,251.92784,0.09564,0.90368,1926.71232,2278.91649,352.20417,7.60062,-2.17827,0.76381,0,123.27402,0.76381,0,43.72375,43.73042,43.7304198,1,80009.208,-221804.324,-9.208,301804.324,False,False,-0.10968
221.8,TGO,THRUST,80009.233,29.8504691,0.7165343,251.41326,0.09619,0.69522,1933.68752,2278.91627,345.22875,7.44118,-2.13867,0.77139,0,120.83204,0.77139,0,43.82135,43.82814,43.8281404,1,80009.262,-217517.815,-9.262,297517.815,False,False,-0.11266
221.96,TGO,THRUST,80009.31,29.8504876,0.7165365,250.87392,0.09674,0.49486,1940.67833,2278.91611,338.23778,7.28174,-2.09883,0.77851,0,118.38464,0.77851,0,43.9194,43.9263,43.9262987,1,80009.304,-213171.049,-9.304,293171.049,False,False,-0.11541
222.12,TGO,THRUST,80009.356,29.850512,0.7165396,250.31737,0.09731,0.30252,1947.68481,2278.916,331.23119,7.1223,-2.05877,0.78519,0,115.93178,0.78519,0,44.0179,44.0249,44.0248976,1,80009.333,-208762.822,-9.333,288762.822,False,False,-0.118
222.28,TGO,THRUST,80009.373,29.8505408,0.7165431,249.75016,0.09788,0.11814,1954.70704,2278.91594,324.2089,6.96286,-2.01847,0.79146,0,113.47346,0.79146,0,44.11684,44.12394,44.1239402,1,80009.349,-204291.895,-9.349,284291.895,False,False,-0.12032
222.44,TGO,THRUST,80009.362,29.8505747,0.7165474,249.16959,0.09846,-0.05836,1961.74508,2278.91593,317.17085,6.80343,-1.97793,0.79732,0,111.00963,0.79732,0,44.21624,44.22343,44.2234294,1,80009.353,-199756.997,-9.353,279756.997,False,False,-0.12244
222.6,TGO,THRUST,80009.324,29.8506136,0.7165522,248.57685,0.09905,-0.22702,1968.79901,2278.91597,310.11696,6.644,-1.93716,0.80282,0,108.54028,0.80282,0,44.3161,44.32337,44.3233683,1,80009.344,-195156.822,-9.344,275156.822,False,False,-0.12422
222.76,TGO,THRUST,80009.261,29.8506566,0.7165576,247.97495,0.09965,-0.38792,1975.86888,2278.91605,303.04717,6.48457,-1.89615,0.80796,0,106.06538,0.80796,0,44.41641,44.42376,44.4237599,1,80009.322,-190490.028,-9.322,270490.028,False,False,-0.12574
222.94,TGO,THRUST,80009.173,29.8507045,0.7165637,247.36211,0.10026,-0.54112,1982.95478,2278.91617,295.96139,6.32514,-1.8549,0.81278,4,103.58491,0.81278,4,44.33712,44.52461,44.5246073,1,80009.289,-185755.236,-9.289,265755.236,False,False,-5.12734
223.1,TGO,THRUST,80009.062,29.8507709,0.7165721,246.69012,0.10089,-0.68666,1990.05678,2278.91633,288.85955,6.16572,-1.81341,0.81732,4,101.09883,0.81732,4,44.43877,44.62591,44.6259137,1,80009.243,-180951.03,-9.243,260951.03,False,False,-5.06389
223.28,TGO,THRUST,80008.911,29.8516987,0.7166911,243.00602,0.10285,-0.84136,1998.06576,2278.91656,280.8508,5.98637,-1.76644,0.82214,4,98.29531,0.82214,4,44.55368,44.74044,44.7404357,1,80009.177,-175461.571,-9.177,255461.571,False,False,-4.74532
223.44,TGO,THRUST,80008.754,29.8522698,0.7167652,240.68706,0.10422,-0.97085,2005.20214,2278.9168,273.71466,5.82695,-1.72443,0.8262,4,95.79727,0.8262,4,44.65633,44.84273,44.8427277,1,80009.107,-170505.003,-9.107,250505.003,False,False,-4.22277
223.6,TGO,THRUST,80008.579,29.8511668,0.7166218,243.99394,0.10316,-1.09267,2012.35473,2278.91708,266.56234,5.66754,-1.68217,0.82997,4,93.29359,0.82997,4,44.75945,44.94549,44.9454885,1,80009.025,-165474.406,-9.025,245474.406,False,False,-3.52917
223.76,TGO,THRUST,80008.36,29.846895,0.7160814,258.90282,0.09753,-1.22056,2020.41952,2278.91742,258.4979,5.48823,-1.63435,0.83389,0,90.47064,0.83389,0,45.05394,45.06166,45.0616588,1,80008.919,-159725.482,-8.919,239725.482,False,False,-2.46372
223.92,TGO,THRUST,80008.147,29.839912,0.7152547,288.09532,0.08786,-1.32613,2027.6024,2278.91776,251.31536,5.32891,-1.59159,0.83714,0,87.95642,0.83714,0,45.15767,45.16543,45.1654266,1,80008.813,-154535.454,-8.813,234535.454,False,False,-3.21514
224.08,TGO,THRUST,80007.919,29.8291527,0.714122,349.29272,0.07261,-1.4241,2034.79526,2278.91813,244.12287,5.16973,-1.54862,0.84027,0,85.43874,0.84027,0,45.26187,45.26967,45.2696735,1,80008.697,-149271.119,-8.697,229271.119,False,False,-3.71683
224.24,TGO,THRUST,80007.677,29.8155578,0.7129395,478.37408,0.05312,-1.51446,2041.99803,2278.91852,236.92049,5.0107,-1.50544,0.84329,0,82.91762,0.84329,0,45.36657,45.3744,45.3744026,1,80008.57,-143931.035,-8.57,223931.035,False,False,-3.89153
224.4,TGO,THRUST,80007.421,29.8009286,0.7119801,795.13327,0.03203,-1.59728,2049.21456,2278.91893,229.70437,4.85172,-1.46203,0.84621,0,80.39172,0.84621,0,45.47174,45.47962,45.4796175,1,80008.434,-138510.763,-8.434,218510.763,False,False,-3.75184
224.56,TGO,THRUST,80007.154,29.7866744,0.7113588,2230.95834,0.01144,-1.67254,2056.44881,2278.91937,222.47056,4.69273,-1.41835,0.84899,0,77.85964,0.84899,0,45.57741,45.58532,45.5853214,1,80008.287,-133005.58,-8.287,213005.58,False,False,-3.35125
224.72,TGO,THRUST,80006.876,29.7738926,0.7110654,25.61129,0,-1.7402,2063.70372,2278.91982,215.2161,4.53366,-1.3744,0.85157,0,75.32035,0.85157,0,45.68358,45.69152,45.6915179,1,80008.131,-127411.339,-8.131,207411.339,False,False,-2.76356
224.88,TGO,THRUST,80006.588,29.7633545,0.7110105,25.69962,0,-1.80025,2070.98066,2278.9203,207.93963,4.39448,-1.33016,0.86572,0,72.77339,0.86572,0,45.79003,45.79821,45.7982103,1,80007.966,-121724.968,-7.966,201724.968,False,False,-2.06781
225.04,TGO,THRUST,80006.292,29.7555005,0.7110788,25.79267,0,-1.85266,2078.27947,2278.92078,200.64132,4.23522,-1.28563,0.86842,0,70.2188,0.86842,0,45.89719,45.9054,45.9054021,1,80007.792,-115944.484,-7.792,195944.484,False,False,-1.34218
225.2,TGO,THRUST,80005.99,29.7504663,0.7111709,17850.14353,0.00145,-1.89761,2085.59896,2278.92128,193.32232,4.07588,-1.24081,0.8712,0,67.65699,0.8712,0,46.00485,46.0131,46.0130968,1,80007.609,-110068.664,-7.609,190068.664,False,False,-0.65483
225.36,TGO,THRUST,80005.681,29.7481255,0.7112262,5769.86466,0.0045,-1.93482,2092.93761,2278.92179,185.98419,3.9165,-1.19572,0.92757,0,65.08851,0.92757,0,46.11197,46.1213,46.1212981,1,80007.418,-104096.58,-7.418,184096.58,False,False,-0.06785
225.52,TGO,THRUST,80005.368,29.7481486,0.7112257,6449.43114,0.00404,-1.96413,2100.29403,2278.92231,178.62828,3.75711,-1.15036,1.02792,0,62.51383,1.02792,0,46.21858,46.23001,46.2300095,1,80007.219,-98027.152,-7.219,178027.152,False,False,0.45573
225.68,TGO,THRUST,80005.052,29.7500678,0.711182,34284.15729,0.00076,-1.9863,2107.66741,2278.92284,171.25544,3.59773,-1.10474,1.12238,0,59.93325,1.12238,0,46.32564,46.33923,46.3392345,1,80007.014,-91858.848,-7.014,171858.848,False,False,0.81576
225.84,TGO,THRUST,80004.733,29.7533438,0.7111224,26.25071,0,-2.00116,2115.05745,2278.92337,163.86592,3.43837,-1.05885,1.21032,0,57.34685,1.21032,0,46.43321,46.44898,46.4489769,1,80006.802,-85589.631,-6.802,165589.631,False,False,1.03284
226,TGO,THRUST,80004.407,29.7574238,0.7110739,26.34084,0,-2.00633,2122.46432,2278.92391,156.45959,3.27903,-1.0127,1.2898,0,54.7546,1.2898,0,46.54137,46.55924,46.5592403,1,80006.576,-79217.052,-6.576,159217.052,False,False,1.11423
226.16,TGO,THRUST,80004.091,29.7617905,0.7110532,26.43221,0,-1.99844,2129.88835,2278.92445,149.03611,3.1197,-0.96628,1.35673,0,52.15638,1.35673,0,46.6503,46.67003,46.6700284,1,80006.331,-72738.38,-6.331,152738.38,False,False,1.07716
226.32,TGO,THRUST,80003.779,29.765999,0.7110638,26.52496,0,-1.97431,2137.32991,2278.92498,141.59507,2.94037,-0.91958,1.40407,0,49.55207,1.40407,0,46.76027,46.78135,46.7813451,1,80006.068,-66150.764,-6.068,146150.764,False,False,0.94448
226.48,TGO,THRUST,80003.474,29.7697019,0.7110981,26.61882,0,-1.93154,2144.78931,2278.9255,134.13619,2.78104,-0.87261,1.43039,0,46.94157,1.43039,0,46.87137,46.89319,46.893194,1,80005.775,-59451.343,-5.775,139451.343,False,False,0.74424
226.64,TGO,THRUST,80003.18,29.772661,0.7111426,26.71329,0,-1.86868,2152.26667,2278.926,126.65933,2.62171,-0.82537,1.43311,0,44.32485,1.43311,0,44.32485,47.00558,44.3480129,0.94346275,80005.45,-52637.301,-5.45,132637.301,False,False,0.54343
226.8,TGO,THRUST,80002.899,29.7747101,0.7111826,16552.82016,0.00162,-1.79021,2159.60289,2278.92649,119.3236,2.46697,-0.77885,1.41661,0,41.75757,1.41661,0,41.75757,47.1137,41.7815951,0.88682467,80005.102,-45854.063,-5.102,125854.063,False,False,0.36331
226.96,TGO,THRUST,80002.631,29.7758135,0.7112075,7022.45935,0.00383,-1.70673,2166.53078,2278.92695,112.39617,2.32124,-0.73478,1.3927,0,39.33322,1.3927,0,39.33322,47.21589,39.3578695,0.8335725,80004.749,-39357.645,-4.749,119357.645,False,False,0.27511
227.12,TGO,THRUST,80002.377,29.7761151,0.7112147,5567.80449,0.00484,-1.62041,2173.05656,2278.92739,105.87083,2.18427,-0.69314,1.36331,0,37.04961,1.36331,0,37.04961,47.31235,37.0746868,0.78361541,80004.397,-33156.106,-4.397,113156.106,False,False,0.31873
227.28,TGO,THRUST,80002.137,29.7757939,0.7112068,5485.75783,0.00493,-1.53186,2179.20288,2278.92781,99.72493,2.0555,-0.6538,1.32877,0,34.89882,1.32877,0,34.89882,47.40339,34.9241025,0.73674279,80004.047,-27240.896,-4.047,107240.896,False,False,0.41033
227.44,TGO,THRUST,80001.911,29.7750376,0.7111883,6209.4456,0.00437,-1.44132,2184.99176,2278.9282,93.93644,1.93445,-0.61665,1.28904,0,32.87312,1.28904,0,32.87312,47.48929,32.8983865,0.6927538,80003.701,-21602.634,-3.701,101602.634,False,False,0.48505
227.6,TGO,THRUST,80001.701,29.7740244,0.7111644,7949.57834,0.00342,-1.34895,2190.444,2278.92857,88.48457,1.82064,-0.58157,1.24408,0,30.96525,1.24408,0,30.96525,47.57035,30.990235,0.65146114,80003.36,-16231.773,-3.36,96231.773,False,False,0.52339
227.76,TGO,THRUST,80001.505,29.772909,0.7111393,11754.2958,0.00232,-1.25499,2195.57922,2278.92891,83.34969,1.71362,-0.54845,1.19391,0,29.16834,1.19391,0,29.16834,47.64683,29.1927637,0.61269062,80003.025,-11118.698,-3.025,91118.698,False,False,0.52254
227.92,TGO,THRUST,80001.324,29.771815,0.7111161,21907.35119,0.00125,-1.15982,2200.41591,2278.92923,78.51333,1.61297,-0.51719,1.13874,0,27.47591,1.13874,0,27.47591,47.71898,27.499498,0.57628011,80002.698,-6253.797,-2.698,86253.797,False,False,0.48643
228.08,TGO,THRUST,80001.159,29.7708315,0.7110962,81037.6643,0.00034,-1.06401,2204.97145,2278.92953,73.95807,1.51831,-0.48768,1.07899,0,25.88188,1.07899,0,25.88188,47.78704,25.9043568,0.54207917,80002.382,-1627.52,-2.382,81627.52,False,False,0.42272
228.24,TGO,THRUST,80001.009,29.7700144,0.7110805,27.4183,0,-0.96825,2209.26223,2278.92979,69.66757,1.42928,-0.45982,1.01524,0,24.3805,1.01524,0,24.3805,47.85123,24.401631,0.50994778,80002.08,2769.58,-2.08,77230.42,False,False,0.34206
228.4,TGO,THRUST,80000.874,29.7693897,0.7110688,27.46801,0,-0.87327,2213.30364,2278.93004,65.62639,1.34553,-0.43354,0.9482,0,22.9664,0.9482,0,22.9664,47.91178,22.9859609,0.47975592,80001.794,6946.807,-1.794,73053.193,False,False,-0.25982
228.56,TGO,THRUST,80000.753,29.7689594,0.7110608,27.51494,0,-0.77986,2217.11019,2278.93025,61.82006,1.26674,-0.40874,0.87862,0,21.63448,0.87862,0,21.63448,47.96888,21.6523126,0.45138247,80001.528,10913.303,-1.528,69086.697,False,False,-0.20321
228.72,TGO,THRUST,80000.647,29.7687075,0.7110562,27.55926,0,-0.68879,2220.69554,2278.93045,58.23491,1.19261,-0.38535,0.80735,0,20.37997,0.80735,0,20.37997,48.02273,20.3959544,0.42471457,80001.284,14678.031,-1.284,65321.969,False,False,-0.20906
228.88,TGO,THRUST,80000.554,29.7686064,0.7110543,27.60109,0,-0.6008,2224.07254,2278.93062,54.85808,1.12287,-0.36327,0.73523,0,19.19836,0.73523,0,19.19836,48.07351,19.2124349,0.39964703,80001.064,18249.759,-1.064,61750.241,False,False,-0.27413
229.04,TGO,THRUST,80000.474,29.7686225,0.7110546,77227.51969,0.00036,-0.51661,2227.25333,2278.93076,51.67744,1.05725,-0.34245,0.6631,0,18.08541,0.6631,0,18.08541,48.12138,18.0975626,0.37608151,80000.869,21637.049,-0.869,58362.951,False,False,-0.36418
229.2,TGO,THRUST,80000.407,29.7687209,0.7110566,26277.24539,0.00105,-0.43686,2230.24933,2278.93089,48.68156,0.99549,-0.32281,0.59181,0,17.03711,0.59181,0,17.03711,48.16653,17.0473879,0.35392605,80000.7,24848.24,-0.7,55151.76,False,False,-0.45978
229.36,TGO,THRUST,80000.351,29.7688687,0.7110596,15211.97424,0.00182,-0.36214,2233.07133,2278.93099,45.85967,0.93738,-0.30429,0.52218,0,16.04969,0.52218,0,16.04969,48.20908,16.0581866,0.33309464,80000.557,27891.438,-0.557,52108.562,False,False,-0.55328
229.52,TGO,THRUST,80000.306,29.7690381,0.7110633,10583.63412,0.00262,-0.29298,2235.72946,2278.93108,43.20162,0.88268,-0.28682,0.45498,0,15.1196,0.45498,0,15.1196,48.24921,15.1264463,0.31350664,80000.44,30774.504,-0.44,49225.496,False,False,-0.64148
229.68,TGO,THRUST,80000.27,29.7692066,0.711067,8122.80366,0.00342,-0.22983,2238.23331,2278.93115,40.69784,0.8312,-0.27035,0.39096,0,14.24349,0.39096,0,14.24349,48.28703,14.2488515,0.29508654,80000.348,33505.041,-0.348,46494.959,False,False,-0.72302
229.84,TGO,THRUST,80000.243,29.7693584,0.7110705,6633.05275,0.00419,-0.17303,2240.59187,2278.9312,38.33933,0.78274,-0.25482,0.33077,0,13.4182,0.33077,0,13.4182,48.32268,13.4222715,0.27776338,80000.278,36090.389,-0.278,43909.611,False,False,-0.79688
230,TGO,THRUST,80000.223,29.7694837,0.7110735,5652.29723,0.00492,-0.1227,2242.81363,2278.93124,36.11762,0.73714,-0.24017,0.27486,0,12.64076,0.27486,0,12.64076,48.35629,12.6437491,0.26147062,80000.227,38537.615,-0.227,41462.385,False,False,-0.86219
230.16,TGO,THRUST,80000.21,29.7695777,0.7110758,4966.66982,0.00561,-0.07888,2244.90655,2278.93127,34.02473,0.69419,-0.22636,0.2236,0,11.90839,0.2236,0,11.90839,48.38797,11.9104925,0.24614574,80000.195,40853.511,-0.195,39146.489,False,False,-0.91777
230.32,TGO,THRUST,80000.203,29.7696399,0.7110774,4463.99165,0.00625,-0.04148,2246.87814,2278.93129,32.05315,0.65377,-0.21333,0.17725,0,11.21847,0.17725,0,11.21847,48.41783,11.2198657,0.23173004,80000.176,43044.604,-0.176,36955.396,False,False,-0.96241
230.48,TGO,THRUST,80000.2,29.7696732,0.7110783,4080.14306,0.00684,-0.01039,2248.73547,2278.9313,30.19583,0.61571,-0.20105,0.13599,0,10.56851,0.13599,0,10.56851,48.44597,10.569381,0.21816841,80000.169,45117.15,-0.169,34882.85,False,False,-0.99461
230.64,TGO,THRUST,80000.201,29.7696821,0.7110785,3776.0389,0.0074,0.01467,2250.48518,2278.9313,28.44612,0.57988,-0.18948,0.09989,0,9.95619,0.09989,0,9.95619,48.4725,9.9566919,0.20540908,80000.17,47077.138,-0.17,32922.862,False,False,-1.01276
230.8,TGO,THRUST,80000.204,29.7696726,0.7110782,3526.75644,0.00793,0.03402,2252.13353,2278.9313,26.79777,0.54614,-0.17856,0.06891,0,9.37933,0.06891,0,9.37933,48.4975,9.379586,0.19340349,80000.177,48930.297,-0.177,31069.703,False,False,-1.01517
230.96,TGO,THRUST,80000.21,29.7696507,0.7110776,3315.92805,0.00843,0.04801,2253.68639,2278.93129,25.2449,0.51437,-0.16827,0.04298,0,8.83587,0.04298,0,8.83587,48.52107,8.8359789,0.18210604,80000.188,50682.105,-0.188,29317.895,False,False,-1.00073
231.12,TGO,THRUST,80000.216,29.7696221,0.7110768,3132.66432,0.00893,0.05697,2255.14931,2278.93128,23.78197,0.48445,-0.15857,0.02205,0,8.32388,0.02205,0,8.32388,48.54327,8.3239071,0.17147395,80000.2,52337.794,-0.2,27662.206,False,False,-0.96833
231.28,TGO,THRUST,80000.224,29.7695915,0.711076,2969.69502,0.00943,0.06128,2256.52751,2278.93127,22.40377,0.45628,-0.14943,0.00597,0,7.84152,0.00597,0,7.84152,48.5642,7.8415234,0.16146714,80000.212,53902.352,-0.212,26097.648,False,False,-0.91789
231.44,TGO,THRUST,80000.231,29.7695629,0.7110751,2822.21769,0.00993,0.06138,2257.82587,2278.93126,21.10539,0.42975,-0.14081,-0.0055,0,7.38709,-0.0055,0,7.38709,48.58393,7.3870912,0.15204804,80000.223,55380.537,-0.223,24619.463,False,False,-0.84968
231.6,TGO,THRUST,80000.238,29.7695387,0.7110744,2687.10002,0.01043,0.05779,2259.04903,2278.93125,19.88222,0.40477,-0.13268,-0.0127,0,6.95897,-0.0127,0,6.95897,48.60252,6.9589802,0.14318148,80000.232,56776.877,-0.232,23223.123,False,False,-0.76462
231.76,TGO,THRUST,80000.243,29.7695206,0.7110739,2562.30541,0.01095,0.05109,2260.20132,2278.93124,18.72991,0.38124,-0.12503,-0.01605,0,6.55564,-0.01605,0,6.55564,48.62004,6.5556597,0.13483453,80000.239,58095.69,-0.239,21904.31,False,False,-0.66402
231.92,TGO,THRUST,80000.248,29.7695093,0.7110735,2446.52341,0.01147,0.04183,2261.28685,2278.93123,17.64438,0.35909,-0.11781,-0.01597,0,6.17567,-0.01597,0,6.17567,48.63654,6.1756931,0.1269764,80000.244,59341.085,-0.244,20658.915,False,False,-0.54949
232.08,TGO,THRUST,80000.251,29.7695047,0.7110734,2338.88567,0.012,0.03057,2262.30946,2278.93122,16.62176,0.33822,-0.111,-0.01294,0,5.81772,-0.01294,0,5.81772,48.6521,5.8177314,0.11957822,80000.246,60516.973,-0.246,19483.027,False,False,-0.42293
232.24,TGO,THRUST,80000.252,29.7695065,0.7110734,2238.67468,0.01255,0.01784,2263.27281,2278.93122,15.65841,0.31857,-0.10459,-0.00744,0,5.4805,-0.00744,0,5.4805,48.66676,5.4805077,0.11261295,80000.248,61627.08,-0.248,18372.92,False,False,-0.28654
232.4,TGO,THRUST,80000.251,29.769513,0.7110736,2145.59143,0.0131,0.00417,2264.18031,2278.93122,14.7509,0.30006,-0.09855,5E-05,0,5.16283,5E-05,0,5.16283,48.68057,5.1628304,0.10605525,80000.248,62674.948,-0.248,17325.052,False,False,-0.14304
232.56,TGO,THRUST,80000.248,29.7695229,0.711074,2059.22676,0.01365,-0.00998,2265.03521,2278.93122,13.89601,0.28263,-0.09286,0.00907,0,4.86357,0.00907,0,4.86357,48.69359,4.8635785,0.09988129,80000.248,63663.948,-0.248,16336.052,False,False,0.019
232.72,TGO,THRUST,80000.244,29.7695353,0.7110744,1979.07017,0.01421,-0.02417,2265.84055,2278.93122,13.09067,0.26622,-0.08749,0.01915,0,4.58166,0.01915,0,4.58166,48.70585,4.5816955,0.09406868,80000.248,64597.285,-0.248,15402.715,False,False,0.1588
232.88,TGO,THRUST,80000.237,29.7695495,0.7110749,1904.62072,0.01477,-0.03799,2266.59921,2278.93123,12.33202,0.25077,-0.08243,0.02987,0,4.31608,0.02987,0,4.31608,48.71741,4.3161848,0.08859635,80000.248,65478.004,-0.248,14521.996,False,False,0.30804
233.04,TGO,THRUST,80000.229,29.7695646,0.7110754,1835.40916,0.01533,-0.05112,2267.3139,2278.93125,11.61734,0.23621,-0.07767,0.04082,0,4.0659,0.04082,0,4.0659,48.7283,4.0661048,0.08344442,80000.249,66308.995,-0.249,13691.005,False,False,0.45315
233.2,TGO,THRUST,80000.22,29.7695803,0.711076,1771.00278,0.01589,-0.06325,2267.98718,2278.93126,10.94408,0.22249,-0.07318,0.05164,0,3.83022,0.05164,0,3.83022,48.73856,3.8305655,0.07859415,80000.251,67093.003,-0.251,12906.997,False,False,0.59052
233.36,TGO,THRUST,80000.21,29.7695958,0.7110765,1711.0053,0.01646,-0.07415,2268.62145,2278.93128,10.30983,0.20958,-0.06895,0.06199,0,3.60819,0.06199,0,3.60819,48.74823,3.6087244,0.07402781,80000.252,67832.629,-0.252,12167.371,False,False,0.71661
233.52,TGO,THRUST,80000.198,29.7696101,0.711077,1655.13175,0.01702,-0.0836,2269.21898,2278.93129,9.71231,0.19742,-0.06496,0.07159,0,3.39903,0.07159,0,3.39903,48.75733,3.3997842,0.06972867,80000.254,68530.338,-0.254,11469.662,False,False,0.82789
233.68,TGO,THRUST,80000.185,29.7696228,0.7110775,1603.01399,0.01757,-0.09146,2269.78191,2278.93131,9.1494,0.18596,-0.0612,0.08018,0,3.20199,0.08018,0,3.20199,48.76592,3.2029896,0.0656809,80000.254,69188.465,-0.254,10811.535,False,False,0.92126
233.84,TGO,THRUST,80000.172,29.7696341,0.7110779,1554.28262,0.01813,-0.09761,2270.31225,2278.93134,8.61909,0.17516,-0.05766,0.08754,0,3.01636,0.08754,0,3.01636,48.77401,3.0176257,0.06186955,80000.253,69809.216,-0.253,10190.784,False,False,0.99348
234,TGO,THRUST,80000.159,29.7696439,0.7110783,1508.6133,0.01868,-0.10202,2270.81187,2278.93136,8.11948,0.165,-0.05433,0.09353,0,2.84148,0.09353,0,2.84148,48.78163,2.8430175,0.0582805,80000.25,70394.677,-0.25,9605.323,False,False,1.04211
234.16,TGO,THRUST,80000.146,29.7696524,0.7110787,1465.71145,0.01923,-0.10466,2271.28258,2278.93138,7.6488,0.15542,-0.05118,0.09805,0,2.67673,0.09805,0,2.67673,48.78881,2.6785272,0.05490044,80000.245,70946.821,-0.245,9053.179,False,False,1.06492
234.32,TGO,THRUST,80000.132,29.7696598,0.7110789,1425.31435,0.01978,-0.10557,2271.72602,2278.9314,7.20538,0.1464,-0.04822,0.10102,0,2.52153,0.10102,0,2.52153,48.79558,2.5235539,0.05171686,80000.237,71467.508,-0.237,8532.492,False,False,1.06036
234.48,TGO,THRUST,80000.119,29.7696661,0.7110792,1387.18995,0.02033,-0.10482,2272.14378,2278.93142,6.78765,0.1379,-0.04543,0.10243,0,2.37533,0.10243,0,2.37533,48.80195,2.3775333,0.048718,80000.226,71958.497,-0.226,8041.503,False,False,1.0276
234.64,TGO,THRUST,80000.107,29.7696717,0.7110794,1351.13178,0.02087,-0.10254,2272.53733,2278.93145,6.39411,0.1299,-0.0428,0.10234,0,2.2376,0.10234,0,2.2376,48.80796,2.2399361,0.04589285,80000.211,72421.446,-0.211,7578.554,False,False,0.96645
234.8,TGO,THRUST,80000.095,29.7696767,0.7110796,1316.95972,0.02142,-0.09884,2272.90807,2278.93147,6.02339,0.12236,-0.04032,0.10079,0,2.10786,0.10079,0,2.10786,48.81362,2.1102662,0.0432311,80000.193,72857.924,-0.193,7142.076,False,False,0.8782
234.96,TGO,THRUST,80000.084,29.7696812,0.7110798,1284.51641,0.02196,-0.09387,2273.25731,2278.93149,5.67418,0.11527,-0.03799,0.09788,0,1.98565,0.09788,0,1.98565,48.81895,1.9880601,0.04072312,80000.173,73269.41,-0.173,6730.59,False,False,0.76475
235.12,TGO,THRUST,80000.073,29.7696854,0.71108,1253.66205,0.02251,-0.08783,2273.58627,2278.9315,5.34523,0.10857,-0.03579,0.09377,0,1.87054,0.09377,0,1.87054,48.82398,1.8728863,0.03835997,80000.15,73657.305,-0.15,6342.695,False,False,0.62928
235.28,TGO,THRUST,80000.063,29.7696894,0.7110802,1224.27555,0.02305,-0.08094,2273.89614,2278.93152,5.03538,0.10228,-0.03371,0.08866,0,1.76211,0.08866,0,1.76211,48.82871,1.7643423,0.0361333,80000.126,74022.936,-0.126,5977.064,False,False,0.47568
235.44,TGO,THRUST,80000.054,29.7696932,0.7110803,1196.2497,0.02359,-0.07344,2274.188,2278.93154,4.74353,0.09635,-0.03176,0.08274,0,1.65999,0.08274,0,1.65999,48.83317,1.6620518,0.0340353,80000.102,74367.558,-0.102,5632.442,False,False,0.3084
235.6,TGO,THRUST,80000.046,29.769697,0.7110805,1169.48683,0.02414,-0.06554,2274.46291,2278.93155,4.46864,0.09075,-0.02992,0.07624,0,1.5638,0.07624,0,1.5638,48.83738,1.5656618,0.03205868,80000.078,74692.36,-0.078,5307.64,False,False,0.13304
235.76,TGO,THRUST,80000.034,29.7697007,0.7110807,1143.89408,0.02468,-0.05744,2274.72185,2278.93157,4.20972,0.08549,-0.02819,0.06934,0,1.47321,0.06934,0,1.47321,48.84134,1.4748406,0.03019657,80000.055,74998.47,-0.055,5001.53,False,False,-0.05892
235.92,TGO,THRUST,80000.025,29.7697043,0.7110809,1119.40532,0.02522,-0.04933,2274.96576,2278.93159,3.96583,0.08054,-0.02656,0.06519,0,1.38788,0.06519,0,1.38788,48.84506,1.3894072,0.02844519,80000.026,75286.957,-0.026,4713.043,False,False,-0.11557
236.08,TGO,THRUST,80000.019,29.7697077,0.711081,1095.9624,0.02576,-0.04141,2275.19549,2278.9316,3.73612,0.07587,-0.02502,0.05809,0,1.3075,0.05809,0,1.3075,48.84858,1.3087919,0.02679284,80000.007,75558.835,-0.007,4441.165,False,False,-0.28826
236.24,TGO,THRUST,80000.014,29.7697108,0.7110812,1073.49415,0.02631,-0.03393,2275.41189,2278.93161,3.51972,0.07147,-0.02357,0.05122,0,1.23179,0.05122,0,1.23179,48.85189,1.2328516,0.02523652,79999.991,75815.077,0.009,4184.923,False,False,-0.45598
236.4,TGO,THRUST,80000.009,29.7697137,0.7110813,1051.94403,0.02685,-0.02683,2275.61574,2278.93162,3.31588,0.06733,-0.02221,0.04454,0,1.16047,0.04454,0,1.16047,48.85501,1.1613219,0.02377079,79999.978,76056.555,0.022,3943.445,False,False,-0.61738
236.56,TGO,THRUST,80000.006,29.7697164,0.7110814,1031.25475,0.02739,-0.02013,2275.80776,2278.93163,3.12387,0.06343,-0.02092,0.03811,0,1.09329,0.03811,0,1.09329,48.85794,1.0939512,0.02239045,79999.968,76284.117,0.032,3715.883,False,False,-0.76854
236.72,TGO,THRUST,80000.002,29.7697188,0.7110816,1011.37437,0.02793,-0.01392,2275.98863,2278.93163,2.943,0.05976,-0.01971,0.03205,0,1.03,0.03205,0,1.03,48.86071,1.0305018,0.0210906,79999.961,76498.568,0.039,3501.432,False,False,-0.90364
236.88,TGO,THRUST,79999.999,29.7697211,0.7110817,992.25559,0.02847,-0.00828,2276.15902,2278.93164,2.77261,0.0563,-0.01857,0.02646,0,0.97039,0.02646,0,0.97039,48.86332,0.9707475,0.01986659,79999.956,76700.666,0.044,3299.334,False,False,-1.01751
237.04,TGO,THRUST,79999.997,29.7697232,0.7110818,973.85533,0.02901,-0.00326,2276.31955,2278.93164,2.6121,0.05304,-0.0175,0.02142,0,0.91422,0.02142,0,0.91422,48.86577,0.9144735,0.01871399,79999.954,76891.128,0.046,3108.872,False,False,-1.1061
237.2,TGO,THRUST,79999.994,29.7697251,0.7110819,956.13422,0.02955,0.00109,2276.47078,2278.93165,2.46087,0.04996,-0.01649,0.01699,0,0.86131,0.01699,0,0.86131,48.86809,0.8614755,0.01762859,79999.953,77070.627,0.047,2929.373,False,False,-1.16671
237.36,TGO,THRUST,79999.992,29.7697268,0.711082,939.05257,0.03009,0.00477,2276.61326,2278.93165,2.31839,0.04707,-0.01553,0.01318,0,0.81145,0.01318,0,0.81145,48.87027,0.8115603,0.01660642,79999.954,77239.796,0.046,2760.204,False,False,-1.19805
237.52,TGO,THRUST,79999.991,29.7697285,0.711082,922.57689,0.03063,0.00778,2276.7475,2278.93165,2.18415,0.04434,-0.01463,0.00999,0,0.76448,0.00999,0,0.76448,48.87232,0.7645454,0.01564373,79999.957,77399.232,0.043,2600.768,False,False,-1.20086
237.68,TGO,THRUST,79999.989,29.7697299,0.7110821,906.67584,0.03117,0.01016,2276.87398,2278.93166,2.05768,0.04177,-0.01379,0.0074,0,0.72022,0.0074,0,0.72022,48.87426,0.7202593,0.01473699,79999.96,77549.493,0.04,2450.507,False,False,-1.17577
237.84,TGO,THRUST,79999.988,29.7697313,0.7110822,891.31836,0.0317,0.01196,2276.99314,2278.93166,1.93851,0.03936,-0.01299,0.00534,0,0.67852,0.00534,0,0.67852,48.87608,0.6785411,0.01388289,79999.964,77691.105,0.036,2308.895,False,False,-1.12436
238,TGO,THRUST,79999.987,29.7697325,0.7110823,876.4764,0.03224,0.01323,2277.10542,2278.93166,1.82624,0.03708,-0.01224,0.00378,0,0.63923,0.00378,0,0.63923,48.87779,0.6392398,0.01307833,79999.967,77824.563,0.033,2175.437,False,False,-1.04951
238.16,TGO,THRUST,79999.986,29.7697337,0.7110823,862.12531,0.03278,0.01402,2277.2112,2278.93166,1.72046,0.03493,-0.01153,0.00267,0,0.60221,0.00267,0,0.60221,48.87941,0.6022139,0.0123204,79999.971,77950.334,0.029,2049.666,False,False,-0.95493
238.32,TGO,THRUST,79999.985,29.7697347,0.7110824,848.23959,0.03332,0.01439,2277.31086,2278.93166,1.6208,0.03291,-0.01086,0.00194,0,0.56733,0.00194,0,0.56733,48.88093,0.5673308,0.01160638,79999.974,78068.858,0.026,1931.142,False,False,-0.84591
238.48,TGO,THRUST,79999.985,29.7697356,0.7110824,834.7968,0.03386,0.0144,2277.40476,2278.93166,1.5269,0.031,-0.01023,0.0015,0,0.53446,0.0015,0,0.53446,48.88237,0.5344662,0.01093372,79999.977,78180.547,0.023,1819.453,False,False,-0.72866
238.64,TGO,THRUST,79999.985,29.7697365,0.7110825,821.77685,0.0344,0.01413,2277.49322,2278.93166,1.43844,0.0292,-0.00964,0.00129,0,0.5035,0.00129,0,0.5035,48.88373,0.5035034,0.01030002,79999.98,78285.794,0.02,1714.206,False,False,-0.60943
238.8,TGO,THRUST,79999.985,29.7697373,0.7110825,809.15927,0.03493,0.01365,2277.57656,2278.93166,1.3551,0.02751,-0.00908,0.00122,0,0.47433,0.00122,0,0.47433,48.885,0.4743328,0.00970303,79999.982,78384.966,0.018,1615.034,False,False,-0.49421
238.96,TGO,THRUST,79999.985,29.769738,0.7110826,796.9248,0.03547,0.01301,2277.65508,2278.93166,1.27659,0.02592,-0.00855,0.00125,0,0.44685,0.00125,0,0.44685,48.8862,0.446851,0.00914064,79999.984,78478.412,0.016,1521.588,False,False,-0.3883
239.12,TGO,THRUST,79999.986,29.7697386,0.7110826,785.05697,0.03601,0.01228,2277.72904,2278.93166,1.20262,0.02441,-0.00806,0.00131,0,0.42096,0.00131,0,0.42096,48.88733,0.4209606,0.00861083,79999.985,78566.46,0.015,1433.54,False,False,-0.29603
239.28,TGO,THRUST,79999.986,29.7697392,0.7110826,773.53911,0.03655,0.01149,2277.79872,2278.93166,1.13294,0.023,-0.00759,0.00137,0,0.39657,0.00137,0,0.39657,48.88839,0.3965696,0.00811173,79999.986,78649.421,0.014,1350.579,False,False,-0.22042
239.44,TGO,THRUST,79999.987,29.7697397,0.7110827,762.35568,0.03708,0.01069,2277.86437,2278.93166,1.06729,0.02166,-0.00715,0.0014,0,0.37359,0.0014,0,0.37359,48.8894,0.3735913,0.00764156,79999.987,78727.586,0.013,1272.414,False,False,-0.16295
239.6,TGO,THRUST,79999.988,29.7697402,0.7110827,751.49224,0.03762,0.00991,2277.92621,2278.93166,1.00545,0.02041,-0.00674,0.00139,0,0.35194,0.00139,0,0.35194,48.89035,0.3519441,0.00719864,79999.988,78801.234,0.012,1198.766,False,False,-0.12345
239.76,TGO,THRUST,79999.99,29.7697406,0.7110827,740.93514,0.03816,0.00916,2277.98446,2278.93166,0.94719,0.01923,-0.00635,0.00134,0,0.33155,0.00134,0,0.33155,48.89124,0.3315509,0.0067814,79999.989,78870.623,0.011,1129.377,False,False,-0.10026
239.92,TGO,THRUST,79999.991,29.769741,0.7110827,730.67127,0.03869,0.00846,2278.03935,2278.93165,0.89231,0.01811,-0.00598,0.00126,0,0.31234,0.00126,0,0.31234,48.89207,0.3123391,0.00638834,79999.99,78935.999,0.01,1064.001,False,False,-0.09018
240.08,TGO,THRUST,79999.992,29.7697414,0.7110828,720.68888,0.03923,0.0078,2278.09105,2278.93165,0.84061,0.01706,-0.00563,0.00115,0,0.29424,0.00115,0,0.29424,48.89286,0.2942404,0.00601806,79999.991,78997.594,0.009,1002.406,False,False,-0.08934
240.24,TGO,THRUST,79999.993,29.7697417,0.7110828,710.97636,0.03977,0.00719,2278.13975,2278.93165,0.7919,0.01607,-0.00531,0.00103,0,0.27719,0.00103,0,0.27719,48.89361,0.2771904,0.00566926,79999.991,79055.627,0.009,944.373,False,False,-0.09314
240.4,TGO,THRUST,79999.994,29.769742,0.7110828,701.52254,0.0403,0.00663,2278.18564,2278.93165,0.74601,0.01514,-0.005,0.00092,0,0.26113,0.00092,0,0.26113,48.89431,0.2611285,0.00534067,79999.992,79110.302,0.008,889.698,False,False,-0.09684
240.56,TGO,THRUST,79999.995,29.7697423,0.7110828,692.31753,0.04084,0.0061,2278.22886,2278.93165,0.70279,0.01426,-0.00471,0.00083,0,0.246,0.00083,0,0.246,48.89497,0.2459974,0.00503114,79999.993,79161.814,0.007,838.186,False,False,-0.09625
240.72,TGO,THRUST,79999.995,29.7697426,0.7110828,683.35141,0.04138,0.0056,2278.26958,2278.93165,0.66207,0.01344,-0.00444,0.00076,0,0.23174,0.00076,0,0.23174,48.8956,0.2317431,0.00473955,79999.993,79210.345,0.007,789.655,False,False,-0.08818
240.88,TGO,THRUST,79999.992,29.7697428,0.7110828,674.61493,0.04191,0.00512,2278.30794,2278.93165,0.6237,0.01266,-0.00418,0.00074,0,0.21831,0.00074,0,0.21831,48.89618,0.2183149,0.00446487,79999.994,79256.069,0.006,743.931,False,False,-0.0711
241.04,TGO,THRUST,79999.989,29.7697431,0.7110829,666.09697,0.04245,0.00466,2278.3441,2278.93166,0.58756,0.01193,-0.00394,0.00369,0,0.20566,0.00369,0,0.20566,48.89673,0.2056934,0.00420669,79999.986,79299.15,0.014,700.85,False,False,0.77599
241.2,TGO,THRUST,79999.989,29.7697433,0.7110829,657.79422,0.04299,0.00421,2278.37815,2278.93166,0.55351,0.01123,-0.00371,0.00372,0,0.19374,0.00372,0,0.19374,48.89725,0.1937782,0.00396297,79999.986,79339.736,0.014,660.264,False,False,0.8361
241.36,TGO,THRUST,79999.991,29.7697434,0.7110829,649.69607,0.04352,0.00363,2278.41022,2278.93166,0.52143,0.01058,-0.00349,0.00366,0,0.18251,0.00366,0,0.18251,48.89774,0.1825497,0.00373329,79999.987,79377.979,0.013,622.021,False,False,0.80568
241.52,TGO,THRUST,79999.994,29.7697436,0.7110829,641.79512,0.04406,0.00304,2278.44044,2278.93165,0.49121,0.00997,-0.00329,0.00323,0,0.17193,0.00323,0,0.17193,48.89821,0.1719635,0.00351677,79999.987,79414.008,0.013,585.992,False,False,0.61076
241.68,TGO,THRUST,79999.996,29.7697437,0.7110829,634.08432,0.0446,0.00261,2278.46891,2278.93165,0.46274,0.00939,-0.0031,0.00246,0,0.16197,0.00246,0,0.16197,48.89864,0.1619852,0.00331267,79999.987,79447.951,0.013,552.049,False,False,0.26778
241.84,TGO,THRUST,79999.999,29.7697438,0.7110829,626.55671,0.04513,0.00237,2278.49573,2278.93164,0.43592,0.00885,-0.00292,0.0015,0,0.15258,0.0015,0,0.15258,48.89905,0.1525863,0.00312043,79999.987,79479.925,0.013,520.075,False,False,-0.15533
242,TGO,THRUST,80000.001,29.769744,0.7110829,619.20599,0.04567,0.00231,2278.52098,2278.93164,0.41066,0.00833,-0.00275,0.00056,0,0.14374,0.00056,0,0.14374,48.89944,0.1437386,0.00293947,79999.987,79510.044,0.013,489.956,False,False,-0.56161
242.16,TGO,THRUST,80000.001,29.7697441,0.711083,612.02593,0.0462,0.00237,2278.54477,2278.93164,0.38686,0.00785,-0.00259,-0.00015,0,0.13541,-0.00015,0,0.13541,48.8998,0.1354108,0.00276915,79999.988,79538.414,0.012,461.586,False,False,-0.84603
242.32,TGO,THRUST,80000.001,29.7697441,0.711083,605.01061,0.04674,0.00248,2278.56718,2278.93164,0.36446,0.0074,-0.00244,-0.00046,0,0.12757,-0.00046,0,0.12757,48.90015,0.1275686,0.00260876,79999.988,79565.139,0.012,434.861,False,False,-0.92546
242.48,TGO,THRUST,79999.999,29.7697442,0.711083,598.15448,0.04728,0.00257,2278.58829,2278.93164,0.34335,0.00697,-0.0023,-0.00033,0,0.12018,-0.00033,0,0.12018,48.90047,0.1201801,0.00245765,79999.989,79590.318,0.011,409.682,False,False,-0.76283
242.64,TGO,THRUST,79999.997,29.7697443,0.711083,591.45204,0.04781,0.00257,2278.60818,2278.93164,0.32346,0.00656,-0.00217,0.00018,0,0.11322,0.00018,0,0.11322,48.90077,0.1132191,0.00231528,79999.99,79614.042,0.01,385.958,False,False,-0.38348
242.8,TGO,THRUST,79999.995,29.7697444,0.711083,584.89822,0.04835,0.00245,2278.62692,2278.93164,0.30472,0.00618,-0.00204,0.0009,0,0.10666,0.0009,0,0.10666,48.90106,0.1066644,0.00218123,79999.99,79636.395,0.01,363.605,False,False,0.12626
242.96,TGO,THRUST,79999.994,29.7697444,0.711083,578.48815,0.04889,0.00221,2278.64458,2278.93165,0.28707,0.00583,-0.00192,0.0016,0,0.10048,0.0016,0,0.10048,48.90133,0.1004939,0.00205503,79999.99,79657.456,0.01,342.544,False,False,0.62301
243.12,TGO,THRUST,79999.995,29.7697445,0.711083,572.2171,0.04942,0.00187,2278.66121,2278.93165,0.27043,0.00549,-0.00181,0.00202,0,0.09466,0.00202,0,0.09466,48.90158,0.0946799,0.00193613,79999.99,79677.299,0.01,322.701,False,False,0.92567
243.28,TGO,THRUST,79999.996,29.7697445,0.711083,566.08075,0.04996,0.0015,2278.67689,2278.93165,0.25476,0.00517,-0.00171,0.00199,0,0.08917,0.00199,0,0.08917,48.90182,0.0891935,0.00182393,79999.99,79695.995,0.01,304.005,False,False,0.89434
243.44,TGO,THRUST,79999.999,29.7697446,0.711083,560.07462,0.05049,0.00118,2278.69165,2278.93164,0.23999,0.00487,-0.00161,0.00147,0,0.084,0.00147,0,0.084,48.90205,0.084014,0.001718,79999.99,79713.609,0.01,286.391,False,False,0.48029
243.6,TGO,THRUST,80000.001,29.7697446,0.711083,554.19467,0.05103,0.00096,2278.70556,2278.93164,0.22608,0.00459,-0.00152,0.00059,0,0.07913,0.00059,0,0.07913,48.90226,0.079133,0.00161819,79999.99,79730.202,0.01,269.798,False,False,-0.23063
243.76,TGO,THRUST,80000.003,29.7697447,0.711083,548.43696,0.05157,0.00089,2278.71866,2278.93163,0.21297,0.00432,-0.00143,-0.00034,0,0.07454,-0.00034,0,0.07454,48.90246,0.0745449,0.00152436,79999.99,79745.83,0.01,254.17,False,False,-1.01543
243.92,TGO,THRUST,80000.004,29.7697447,0.711083,542.79774,0.0521,0.00095,2278.731,2278.93163,0.20064,0.00407,-0.00134,-0.00099,0,0.07023,-0.00099,0,0.07023,48.90265,0.0702326,0.00143617,79999.99,79760.549,0.01,239.451,False,False,-1.55292
244.08,TGO,THRUST,80000.002,29.7697447,0.711083,537.27339,0.05264,0.00108,2278.74262,2278.93163,0.18902,0.00384,-0.00127,-0.00102,0,0.06616,-0.00102,0,0.06616,48.90283,0.066167,0.00135303,79999.991,79774.413,0.009,225.587,False,False,-1.5067
244.24,TGO,THRUST,79999.999,29.7697448,0.711083,531.86042,0.05317,0.0012,2278.75357,2278.93164,0.17807,0.00361,-0.00119,-0.00033,0,0.06233,-0.00033,0,0.06233,48.903,0.0623297,0.00127456,79999.991,79787.475,0.009,212.525,False,False,-0.72624
244.4,TGO,THRUST,79999.995,29.7697448,0.711083,526.55552,0.05371,0.0012,2278.76388,2278.93164,0.16776,0.00341,-0.00112,0.00087,0,0.05872,0.00087,0,0.05872,48.90315,0.0587264,0.00120087,79999.991,79799.785,0.009,200.215,False,False,0.61884
244.56,TGO,THRUST,79999.994,29.7697448,0.711083,521.35546,0.05425,0.00104,2278.7736,2278.93165,0.15804,0.00321,-0.00106,0.00207,0,0.05532,0.00207,0,0.05532,48.9033,0.0553575,0.00113198,79999.991,79811.384,0.009,188.616,False,False,2.00388
244.72,TGO,THRUST,79999.995,29.7697448,0.711083,516.25718,0.05478,0.00071,2278.78276,2278.93165,0.14888,0.00302,-0.001,0.00263,0,0.05211,0.00263,0,0.05211,48.90344,0.0521781,0.00106696,79999.991,79822.314,0.009,177.686,False,False,2.65577
244.88,TGO,THRUST,80000,29.7697449,0.711083,511.2577,0.05532,0.0003,2278.7914,2278.93164,0.14025,0.00285,-0.00094,0.002,0,0.04909,0.002,0,0.04909,48.90357,0.0491278,0.00100458,79999.991,79832.617,0.009,167.383,False,False,1.82416
245.04,TGO,THRUST,80000.006,29.7697449,0.711083,506.3542,0.05585,-1E-05,2278.79954,2278.93164,0.1321,0.00268,-0.00089,0.00019,0,0.04623,0.00019,0,0.04623,48.9037,0.0462353,0.00094544,79999.991,79842.325,0.009,157.675,False,False,-0.63678
245.2,TGO,THRUST,80000.012,29.7697449,0.711083,501.54392,0.05639,-0.00011,2278.80719,2278.93162,0.12443,0.00253,-0.00083,-0.00214,0,0.04355,-0.00214,0,0.04355,48.90382,0.0436024,0.0008916,79999.991,79851.465,0.009,148.535,False,False,-4.00735
245.36,TGO,THRUST,80000.013,29.7697449,0.711083,496.82424,0.05693,7E-05,2278.8144,2278.93162,0.11721,0.00238,-0.00079,-0.00417,0,0.04103,-0.00417,0,0.04103,48.90393,0.0412365,0.00084321,79999.991,79860.066,0.009,139.934,False,False,-7.00277
245.52,TGO,THRUST,80000.006,29.7697449,0.711083,492.19262,0.05746,0.00056,2278.82119,2278.93162,0.11043,0.00224,-0.00074,-0.00404,0,0.03865,-0.00404,0,0.03865,48.90403,0.038861,0.00079464,79999.991,79868.169,0.009,131.831,False,False,-6.73653
245.68,TGO,THRUST,79999.994,29.7697449,0.711083,487.64663,0.058,0.00106,2278.82761,2278.93163,0.10402,0.00211,-0.0007,-0.00117,0,0.03641,-0.00117,0,0.03641,48.90413,0.036431,0.00074495,79999.992,79875.825,0.008,124.175,False,False,-1.857
245.84,TGO,THRUST,79999.981,29.7697449,0.711083,483.18393,0.05853,0.00122,2278.83366,2278.93166,0.098,0.00199,-0.00066,0.00374,0,0.0343,0.00374,0,0.0343,48.90422,0.0345067,0.0007056,79999.993,79883.043,0.007,116.957,False,False,6.89124
246,TGO,THRUST,79999.975,29.769745,0.711083,478.80222,0.05907,0.00085,2278.83935,2278.93167,0.09232,0.00187,-0.00062,0.00798,0,0.03232,0.00798,0,0.03232,48.90431,0.0332871,0.00068066,79999.992,79889.839,0.008,110.161,False,False,14.86107
246.16,TGO,THRUST,79999.976,29.769745,0.711083,474.49934,0.0596,0.00024,2278.84477,2278.93168,0.08691,0.00176,-0.00058,0.00987,0,0.03042,0.00987,0,0.03042,48.90439,0.0319789,0.00065391,79999.992,79896.306,0.008,103.694,False,False,18.82457
246.32,TGO,THRUST,79999.985,29.769745,0.711083,470.2732,0.06014,-0.00042,2278.84999,2278.93167,0.08169,0.00166,-0.00055,0.00893,0,0.02859,0.00893,0,0.02859,48.90447,0.0299509,0.00061244,79999.992,79902.53,0.008,97.47,False,False,17.63329
246.48,TGO,THRUST,80000.002,29.769745,0.711083,466.12175,0.06068,-0.00102,2278.85496,2278.93165,0.0767,0.00155,-0.00051,0.00509,0,0.02684,0.00509,0,0.02684,48.90455,0.0273187,0.00055861,79999.993,79908.461,0.007,91.539,False,False,10.0217
246.64,TGO,THRUST,80000.025,29.769745,0.711083,462.043,0.06121,-0.00152,2278.85959,2278.93162,0.07204,0.00146,-0.00048,-0.00169,0,0.02521,-0.00169,0,0.02521,48.90462,0.025264,0.0005166,79999.994,79913.98,0.006,86.02,False,False,-5.91777
246.8,TGO,THRUST,80000.047,29.769745,0.711083,458.03509,0.06175,-0.00166,2278.86383,2278.93158,0.06775,0.00138,-0.00045,-0.01066,0,0.02371,-0.01066,0,0.02371,48.90468,0.0259919,0.00053148,79999.994,79919.049,0.006,80.951,False,False,-27.51758
246.96,TGO,THRUST,80000.061,29.769745,0.711083,454.09617,0.06228,-0.00121,2278.86789,2278.93155,0.06366,0.00129,-0.00043,-0.01831,0,0.02228,-0.01831,0,0.02228,48.90475,0.0288373,0.00058966,79999.993,79923.892,0.007,76.108,False,False,-43.50921
247.12,TGO,THRUST,80000.068,29.769745,0.711083,450.2246,0.06282,-0.00057,2278.87217,2278.93153,0.05936,0.0012,-0.0004,-0.02331,0,0.02078,-0.02331,0,0.02078,48.90482,0.0312233,0.00063845,79999.991,79928.994,0.009,71.006,False,False,-52.71097
247.28,TGO,THRUST,80000.067,29.769745,0.711083,446.4186,0.06335,0.00019,2278.87685,2278.93152,0.05467,0.00111,-0.00037,-0.02558,0,0.01914,-0.02558,0,0.01914,48.90489,0.0319458,0.00065322,79999.991,79934.584,0.009,65.416,False,False,-57.51953
247.44,TGO,THRUST,80000.059,29.769745,0.711083,442.67654,0.06389,0.001,2278.88181,2278.93153,0.04972,0.001,-0.00033,-0.02507,0,0.0174,-0.02507,0,0.0174,48.90497,0.0305167,0.000624,79999.992,79940.502,0.008,59.498,False,False,-59.00202
247.6,TGO,THRUST,80000.043,29.769745,0.711083,438.9968,0.06443,0.00178,2278.88677,2278.93155,0.04478,0.00091,-0.0003,-0.02168,0,0.01568,-0.02168,0,0.01568,48.90505,0.0267594,0.00054717,79999.996,79946.414,0.004,53.586,False,False,-56.92243
247.76,TGO,THRUST,80000.019,29.769745,0.711083,435.37778,0.06496,0.00246,2278.89138,2278.93158,0.0402,0.00081,-0.00027,-0.01534,0,0.01408,-0.01534,0,0.01408,48.90512,0.0208254,0.00042583,80000.003,79951.909,-0.003,48.091,False,False,-48.82983
247.92,TGO,THRUST,79999.988,29.769745,0.711083,431.81795,0.0655,0.00297,2278.89528,2278.93162,0.03634,0.00073,-0.00024,-0.00598,0,0.01273,-0.00598,0,0.01273,48.90517,0.0140633,0.00028756,80000.01,79956.567,-0.01,43.433,False,False,-24.66052
248.08,TGO,THRUST,79999.949,29.769745,0.711083,428.31583,0.06603,0.00332,2278.89822,2278.93168,0.03346,0.00068,-0.00022,0.00643,0,0.01172,0.00643,0,0.01172,48.90521,0.0133705,0.0002734,80000.017,79960.072,-0.017,39.928,False,False,31.55313
248.24,TGO,THRUST,79999.91,29.769745,0.711083,424.87006,0.06657,0.0034,2278.90047,2278.93175,0.03128,0.00063,-0.00021,0.02159,0,0.01096,0.02159,0,0.01096,48.90525,0.0242083,0.000495,80000.021,79962.755,-0.021,37.245,False,False,68.08785
248.4,TGO,THRUST,79999.879,29.769745,0.711083,421.47949,0.0671,0.00288,2278.90326,2278.93181,0.02855,0.00057,-0.00019,0.03568,0,0.01,0.03568,0,0.01,48.9053,0.0370521,0.00075763,80000.015,79966.092,-0.015,33.908,False,False,81.11576
248.56,TGO,THRUST,79999.855,29.769745,0.711083,418.14327,0.06764,0.00192,2278.90784,2278.93186,0.02402,0.00048,-0.00016,0.04733,0,0.00841,0.04733,0,0.00841,48.90538,0.048068,0.00098288,80000.005,79971.562,-0.005,28.438,False,False,88.02715
248.72,TGO,THRUST,79999.839,29.7697449,0.711083,414.86086,0.06817,0.00046,2278.91428,2278.93189,0.01762,0.00034,-0.00012,0.05663,0,0.00617,0.05663,0,0.00617,48.9055,0.0569624,0.00116474,79999.995,79979.258,0.005,20.742,False,False,92.7841
248.88,TGO,THRUST,79999.83,29.7697437,0.7110829,411.63937,0.06871,-0.00144,2278.92228,2278.93192,0.00964,0.00018,-6E-05,0.06358,0,0.00337,0.06358,0,0.00337,48.90563,0.0636736,0.00130197,80000.01,79988.793,-0.01,11.207,False,False,96.41834
249.06,TGO,THRUST,79999.828,29.7697332,0.7110819,408.55065,0.06923,-0.00369,2278.93154,2278.93193,0.00039,-2E-05,0,0.06814,0,0.00012,0.06814,0,0.00012,48.90579,0.068142,0.00139333,80001.028,79998.822,-1.028,1.178,False,False,99.35442
249.2,TGO,THRUST,79999.832,29.7697197,0.7110806,405.53489,0.06974,-0.00616,2278.9417,2278.93192,-0.00978,0,7E-05,0.07018,0,-0.00344,0.07018,0,-0.00344,48.90596,0.0702654,0.00143675,80012.267,79999.718,-12.267,0.282,False,False,101.90575
249.34,TGO,THRUST,79999.842,29.76971,0.7110797,402.9149,0.0702,-0.00837,2278.95109,2278.93191,-0.01918,0,0.00013,0.06977,0,-0.00674,0.06977,0,-0.00674,48.90611,0.0700916,0.00143319,80023.457,79999.726,-23.457,0.274,False,False,103.90717
249.48,TGO,THRUST,79999.858,29.7697045,0.7110792,400.2918,0.07066,-0.01052,2278.96072,2278.93189,-0.02882,0,0.00019,0.06716,0,-0.01012,0.06716,0,-0.01012,48.90626,0.0679212,0.0013888,80034.96,79999.709,-34.96,0.291,False,False,105.89284
249.62,TGO,THRUST,79999.88,29.7697049,0.7110792,397.65254,0.07113,-0.01248,2278.9703,2278.93186,-0.03844,0,0.00026,0.06221,0,-0.01349,0.06221,0,-0.01349,48.90641,0.063657,0.00130161,80046.407,79999.69,-46.407,0.31,False,False,108.10723
249.78,TGO,THRUST,79999.912,29.7697138,0.7110801,394.60849,0.07168,-0.01437,2278.98082,2278.93181,-0.04901,0,0.00033,0.05349,0,-0.0172,0.05349,0,-0.0172,48.90658,0.0561874,0.00114887,80058.976,79999.675,-58.976,0.325,False,False,111.50837
249.92,TGO,THRUST,79999.946,29.7697291,0.7110816,391.9206,0.07217,-0.01565,2278.98942,2278.93176,-0.05766,0,0.00039,0.04307,0,-0.02023,0.04307,0,-0.02023,48.9067,0.0475835,0.00097295,80069.241,79999.669,-69.241,0.331,False,False,116.35727
250.06,TGO,THRUST,79999.987,29.76975,0.7110836,389.22353,0.07267,-0.0165,2278.99699,2278.9317,-0.06529,0,0.00044,0.02996,0,-0.02291,0.02996,0,-0.02291,48.90681,0.0377123,0.00077111,80078.259,79999.672,-78.259,0.328,False,False,125.24007
250.2,TGO,THRUST,80000.033,29.7697745,0.7110861,386.5347,0.07317,-0.01697,2279.00334,2278.93163,-0.07171,0,0.00048,0.01421,0,-0.02515,0.01421,0,-0.02515,48.9069,0.0288898,0.00059071,80085.82,79999.681,-85.82,0.319,False,False,142.6654
250.36,TGO,THRUST,80000.093,29.7698035,0.7110889,383.49949,0.07375,-0.01711,2279.00898,2278.93153,-0.07744,0,0.00052,-0.00685,0,-0.02716,-0.00685,0,-0.02716,48.90697,0.0280117,0.00057276,80092.525,79999.695,-92.525,0.305,False,False,-156.93525
250.5,TGO,THRUST,80000.147,29.769831,0.7110917,380.86518,0.07426,-0.01687,2279.01309,2278.93144,-0.08165,0,0.00055,-0.02761,0,-0.02863,-0.02761,0,-0.02863,48.90704,0.0397765,0.00081331,80097.414,79999.714,-97.414,0.286,False,False,-139.36611
250.64,TGO,THRUST,80000.194,29.7698677,0.7110954,378.19642,0.07479,-0.01578,2279.01739,2278.93136,-0.08603,0,0.00058,-0.04788,0,-0.03016,-0.04788,0,-0.03016,48.90712,0.0565925,0.00115714,80102.488,79999.756,-102.488,0.244,False,False,-129.62883
250.78,TGO,THRUST,80000.234,29.7699297,0.7111016,375.37411,0.07535,-0.01383,2279.02306,2278.93128,-0.09178,0,0.00062,-0.06631,0,-0.03217,-0.06631,0,-0.03217,48.90723,0.0737005,0.00150694,80109.191,79999.814,-109.191,0.186,False,False,-125.56123
250.94,TGO,THRUST,80000.269,29.7700468,0.7111136,371.85641,0.07607,-0.01029,2279.03149,2278.93121,-0.10028,0,0.00067,-0.08519,0,-0.03513,-0.08519,0,-0.03513,48.9074,0.0921485,0.00188414,80119.178,79999.889,-119.178,0.111,False,False,-123.35553
251.08,TGO,THRUST,80000.291,29.7701938,0.7111286,368.50753,0.07676,-0.00605,2279.03995,2278.93117,-0.10878,0,0.00073,-0.0996,0,-0.03809,-0.0996,0,-0.03809,48.90759,0.1066387,0.00218041,80129.212,79999.942,-129.212,0.058,False,False,-121.94996
251.22,TGO,THRUST,80000.305,29.7703942,0.7111494,364.83771,0.07753,-0.0006,2279.04925,2278.93114,-0.11811,0,0.00079,-0.11203,0,-0.04134,-0.11203,0,-0.04134,48.90782,0.1194141,0.00244162,80140.29,79999.966,-140.29,0.034,False,False,-120.37607
251.36,TGO,THRUST,80000.309,29.7706475,0.7111758,360.87039,0.07839,0.00584,2279.05864,2278.93112,-0.12751,0,0.00085,-0.12209,0,-0.04461,-0.12209,0,-0.04461,48.90807,0.1299809,0.00265766,80151.519,79999.947,-151.519,0.053,False,False,-118.29743
251.52,TGO,THRUST,80000.302,29.7710026,0.7112132,355.99447,0.07947,0.01416,2279.06871,2278.93112,-0.13759,0,0.00092,-0.13018,0,-0.04811,-0.13018,0,-0.04811,48.90839,0.1387817,0.00283758,80163.644,79999.86,-163.644,0.14,False,False,-115.08652
251.66,TGO,THRUST,80000.284,29.7713635,0.7112517,351.50295,0.08049,0.02186,2279.0762,2278.93114,-0.14506,0,0.00097,-0.13365,0,-0.0507,-0.13365,0,-0.0507,48.90869,0.1429465,0.00292272,80172.731,79999.725,-172.731,0.275,False,False,-111.45138
251.8,TGO,THRUST,80000.256,29.7717683,0.7112953,346.8404,0.08158,0.02965,2279.08198,2278.93118,-0.1508,0,0.00101,-0.1333,0,-0.05268,-0.1333,0,-0.05268,48.90899,0.1433363,0.00293067,80179.833,79999.54,-179.833,0.46,False,False,-106.99981
251.94,TGO,THRUST,80000.218,29.7722022,0.7113425,342.11873,0.08271,0.03703,2279.08555,2278.93123,-0.15432,0,0.00103,-0.12851,0,-0.05389,-0.12851,0,-0.05389,48.90931,0.1393552,0.00284926,80184.334,79999.317,-184.334,0.683,False,False,-101.69011
252.1,TGO,THRUST,80000.16,29.7727115,0.7113987,336.79663,0.08402,0.04441,2279.08657,2278.93132,-0.15526,0,0.00104,-0.11698,0,-0.05419,-0.11698,0,-0.05419,48.90965,0.1289185,0.00263585,80185.859,79999.042,-185.859,0.958,False,False,-94.45752
252.24,TGO,THRUST,80000.099,29.7731479,0.7114475,332.32918,0.08516,0.04953,2279.08477,2278.93141,-0.15336,0,0.00103,-0.10123,0,-0.05351,-0.10123,0,-0.05351,48.90994,0.1145068,0.00234118,80183.972,79998.806,-183.972,1.194,False,False,-86.87041
252.38,TGO,THRUST,80000.028,29.7735475,0.7114926,328.19204,0.08623,0.05308,2279.08078,2278.93152,-0.14926,0,0.001,-0.08013,0,-0.05206,-0.08013,0,-0.05206,48.9102,0.0955537,0.00195366,80179.433,79998.602,-179.433,1.398,False,False,-77.57248
252.52,TGO,THRUST,79999.949,29.7738903,0.7115316,324.47627,0.08723,0.05502,2279.07518,2278.93165,-0.14354,0,0.00096,-0.05403,0,-0.05005,-0.05403,0,-0.05005,48.91042,0.0736515,0.00150585,80172.937,79998.449,-172.937,1.551,False,False,-65.48576
252.68,TGO,THRUST,79999.853,29.7741884,0.711566,320.84766,0.08822,0.05544,2279.06785,2278.9318,-0.13604,0,0.00091,-0.01933,0,-0.04743,-0.01933,0,-0.04743,48.91062,0.0512183,0.00104718,80164.31,79998.351,-164.31,1.649,False,False,48.44197
252.82,TGO,THRUST,79999.773,29.7743653,0.7115865,318.19266,0.08896,0.05446,2279.06121,2278.93194,-0.12927,0,0.00087,0.01313,0,-0.04506,0.01313,0,-0.04506,48.91075,0.0469356,0.00095962,80156.434,79998.336,-156.434,1.664,False,False,51.78596
252.96,TGO,THRUST,79999.706,29.774476,0.7115994,315.93445,0.08959,0.05231,2279.05555,2278.93207,-0.12348,0,0.00083,0.04335,0,-0.04304,0.04335,0,-0.04304,48.91085,0.0610881,0.00124897,80149.636,79998.404,-149.636,1.596,False,False,71.83825
253.1,TGO,THRUST,79999.652,29.7745641,0.7116098,313.82756,0.09019,0.0493,2279.04944,2278.93217,-0.11727,0,0.00079,0.06942,0,-0.04088,0.06942,0,-0.04088,48.91097,0.0805619,0.00164711,80142.26,79998.517,-142.26,1.483,False,False,85.51376
253.26,TGO,THRUST,79999.608,29.7746592,0.711621,311.48249,0.09088,0.04405,2279.03994,2278.93226,-0.10768,0,0.00072,0.09476,0,-0.03754,0.09476,0,-0.03754,48.91116,0.1019234,0.00208385,80130.744,79998.724,-130.744,1.276,False,False,95.607
253.4,TGO,THRUST,79999.583,29.7747239,0.7116288,309.55332,0.09144,0.03777,2279.02934,2278.93232,-0.09702,0,0.00065,0.11324,0,-0.03383,0.11324,0,-0.03383,48.91137,0.1181861,0.00241633,80117.856,79998.974,-117.856,1.026,False,False,101.76771
253.54,TGO,THRUST,79999.57,29.7747592,0.711633,307.79702,0.09196,0.02973,2279.01634,2278.93235,-0.08399,0,0.00056,0.12874,0,-0.0293,0.12874,0,-0.0293,48.91162,0.1320305,0.00269937,80102.046,79999.285,-102.046,0.715,False,False,106.39003
253.68,TGO,THRUST,79999.568,29.774751,0.711632,306.27877,0.09242,0.02032,2279.0016,2278.93236,-0.06924,0,0.00046,0.1412,0,-0.02417,0.1412,0,-0.02417,48.9119,0.1432551,0.00292884,80084.132,79999.623,-84.132,0.377,False,False,109.73394
253.84,TGO,THRUST,79999.579,29.7746806,0.7116235,304.86452,0.09285,0.00835,2278.98319,2278.93236,-0.05083,0,0.00034,0.1518,0,-0.01776,0.1518,0,-0.01776,48.91225,0.1528378,0.00312474,80061.815,79999.962,-61.815,0.038,False,False,112.19449
253.98,TGO,THRUST,79999.6,29.7745903,0.7116125,303.77879,0.09318,-0.00279,2278.96603,2278.93233,-0.0337,0,0.00023,0.15761,0,-0.0118,0.15761,0,-0.0118,48.91258,0.1580519,0.00323131,80041.256,80000.046,-41.256,-0.046,False,False,113.19208
254.12,TGO,THRUST,79999.632,29.7744518,0.7115957,302.93777,0.09343,-0.01425,2278.9482,2278.93229,-0.01591,0,0.00011,0.1596,0,-0.00562,0.1596,0,-0.00562,48.91292,0.1596949,0.00326488,80020.819,79999.191,-20.819,0.809,False,False,113.09805
254.28,TGO,THRUST,79999.684,29.7742521,0.7115714,302.40044,0.09359,-0.02541,2278.93047,2278.93223,0.00175,-3E-05,-1E-05,0.15686,0,0.00053,0.15686,0,0.00053,48.91327,0.1568647,0.003207,80007.029,79991.814,-7.029,8.186,False,False,111.35384
254.42,TGO,THRUST,79999.752,29.7739493,0.7115345,302.15351,0.09366,-0.03703,2278.91132,2278.93213,0.02081,0.00036,-0.00014,0.14693,0,0.00716,0.14693,0,0.00716,48.91366,0.1471065,0.00300747,80004.346,79971.617,-4.346,28.383,False,False,108.42691
254.58,TGO,THRUST,79999.836,29.7735811,0.7114896,302.22695,0.09363,-0.04665,2278.89441,2278.932,0.03759,0.00071,-0.00025,0.12882,0,0.013,0.12882,0,0.013,48.91403,0.129474,0.00264697,80004.054,79951.704,-4.054,48.296,False,False,104.15773
254.74,TGO,THRUST,79999.936,29.7731781,0.7114404,302.47178,0.09355,-0.05358,2278.8808,2278.93185,0.05105,0.00099,-0.00034,0.102,0,0.01769,0.102,0,0.01769,48.91437,0.1035261,0.00211648,80003.998,79935.488,-3.998,64.512,False,False,98.7532
254.9,TGO,THRUST,80000.048,29.7727839,0.7113924,302.67489,0.09348,-0.05753,2278.87125,2278.93168,0.06043,0.00119,-0.00041,0.06679,0,0.02096,0.06679,0,0.02096,48.91464,0.0699998,0.00143106,80003.912,79924.135,-3.912,75.865,False,False,92.63759
255.06,TGO,THRUST,80000.168,29.7724502,0.7113517,302.5817,0.09351,-0.05879,2278.86589,2278.93148,0.06559,0.00131,-0.00044,0.02471,0,0.02276,0.02471,0,0.02276,48.91484,0.0335905,0.00068671,80003.764,79917.855,-3.764,82.145,False,False,87.99001
255.22,TGO,THRUST,80000.291,29.7722228,0.711324,301.9694,0.09369,-0.05835,2278.86394,2278.93128,0.06734,0.00136,-0.00045,-0.02143,0,0.02337,-0.02143,0,0.02337,48.91495,0.0317122,0.00064831,80003.604,79915.642,-3.604,84.358,False,False,-100.7534
255.38,TGO,THRUST,80000.403,29.7720784,0.7113063,300.956,0.094,-0.05704,2278.8638,2278.93108,0.06728,0.00136,-0.00045,-0.06818,0,0.02336,-0.06818,0,0.02336,48.91502,0.0720718,0.00147341,80003.433,79915.607,-3.433,84.393,False,False,-109.76207
255.54,TGO,THRUST,80000.493,29.7719005,0.7112845,300.11132,0.09427,-0.05333,2278.86487,2278.9309,0.06604,0.00132,-0.00044,-0.11106,0,0.02293,-0.11106,0,0.02293,48.91518,0.1133992,0.00231828,80003.052,79917.23,-3.052,82.77,False,False,-115.80229
255.7,TGO,THRUST,80000.556,29.7716228,0.7112503,299.75229,0.09437,-0.04522,2278.86893,2278.93077,0.06184,0.00122,-0.00041,-0.14931,0,0.02149,-0.14931,0,0.02149,48.91543,0.1508466,0.00308382,80002.342,79922.76,-2.342,77.24,False,False,-120.39404
255.86,TGO,THRUST,80000.592,29.7712901,0.7112094,299.65957,0.0944,-0.03212,2278.87779,2278.93068,0.05288,0.00102,-0.00035,-0.18246,0,0.0184,-0.18246,0,0.0184,48.91579,0.1833867,0.00374903,80001.376,79934.276,-1.376,65.724,False,False,-123.51307
256.02,TGO,THRUST,80000.591,29.7709634,0.7111692,299.53946,0.09443,-0.01438,2278.89257,2278.93064,0.03807,0.0007,-0.00026,-0.20812,0,0.01328,-0.20812,0,0.01328,48.91623,0.2085442,0.00426329,80000.362,79952.899,-0.362,47.101,False,False,-125.01533
256.18,TGO,THRUST,80000.569,29.7707037,0.7111372,299.09781,0.09457,0.00684,2278.91349,2278.93066,0.01716,0.00026,-0.00012,-0.22652,0,0.00603,-0.22652,0,0.00603,48.91673,0.2266017,0.0046324,80000.157,79978.052,-0.157,21.948,False,False,-124.88253
256.34,TGO,THRUST,80000.528,29.7705629,0.7111199,298.08989,0.09489,0.02977,2278.93984,2278.93071,-0.00913,0,6E-05,-0.23769,0,-0.00309,-0.23769,0,-0.00309,48.91728,0.2377099,0.00485943,80014.958,79994.706,-14.958,5.294,False,False,-123.75147
256.48,TGO,THRUST,80000.469,29.770564,0.71112,296.62542,0.09536,0.04964,2278.96625,2278.93079,-0.03546,0,0.00024,-0.23928,0,-0.01224,-0.23928,0,-0.01224,48.91779,0.2395948,0.00489791,80046.004,79995.208,-46.004,4.792,False,False,-121.22248
256.62,TGO,THRUST,80000.392,29.7706913,0.7111359,294.58576,0.09602,0.06802,2278.99459,2278.9309,-0.06368,0,0.00043,-0.2326,0,-0.02206,-0.2326,0,-0.02206,48.91832,0.2336487,0.0047763,80080.225,79994.85,-80.225,5.15,False,False,-117.76637
256.76,TGO,THRUST,80000.301,29.7709388,0.7111669,292.02249,0.09687,0.0835,2279.02306,2278.93104,-0.09202,0,0.00062,-0.21708,0,-0.03193,-0.21708,0,-0.03193,48.91883,0.2194184,0.00448536,80114.537,79994.574,-114.537,5.426,False,False,-113.60524
256.92,TGO,THRUST,80000.183,29.7713403,0.7112177,288.61578,0.09802,0.09646,2279.05355,2278.93123,-0.12232,0,0.00082,-0.18853,0,-0.04249,-0.18853,0,-0.04249,48.91939,0.1932599,0.00395058,80151.048,79994.524,-151.048,5.476,False,False,-108.36771
257.06,TGO,THRUST,80000.07,29.77176,0.7112714,285.40055,0.09913,0.10326,2279.07697,2278.93141,-0.14556,0,0.00098,-0.15491,0,-0.0506,-0.15491,0,-0.0506,48.91983,0.1629652,0.00333127,80178.87,79994.715,-178.87,5.285,False,False,-103.86186
257.2,TGO,THRUST,79999.936,29.7721903,0.711327,282.2115,0.10026,0.1059,2279.09571,2278.9316,-0.16411,0,0.0011,-0.11454,4,-0.05708,-0.11454,4,-0.05708,48.9202,4.0020468,0.08180765,80200.952,79995.068,-200.952,4.932,False,False,-141.72901
257.36,TGO,THRUST,79999.794,29.776907,0.7119599,262.15279,0.10804,0.08222,2279.24553,2278.93183,-0.31369,0,0.0021,-0.04082,4,-0.10952,-0.04082,4,-0.10952,48.92779,4.0017071,0.08178803,80376.532,79998.455,-376.532,1.545,False,False,-146.55453
257.52,TGO,THRUST,79999.636,29.789235,0.7137957,222.89333,0.12741,-0.05577,2279.55419,2278.93208,-0.62211,0,0.00417,0.15003,4,-0.21793,0.15003,4,-0.21793,48.93777,4.0087405,0.08191506,80744.096,79999.684,-744.096,0.316,False,False,-149.76431
257.68,TGO,THRUST,79999.45,29.8018007,0.7159354,193.78041,0.14701,-0.29155,2279.77296,2278.93236,-0.8406,0,0.00564,0.44692,4,-0.29519,0.44692,4,-0.29519,48.94778,4.0357001,0.0824491,81012.66,79992.548,-1012.66,7.452,False,False,-150.71625
257.84,TGO,THRUST,79999.222,29.81412,0.7182939,172.11394,0.16607,-0.59837,2279.92993,2278.93269,-0.99724,0,0.00669,0.82812,4,-0.35104,0.82812,4,-0.35104,48.95783,4.0998804,0.0837431,81218.94,79973.779,-1218.94,26.221,False,False,-149.51786
258,TGO,THRUST,79998.948,29.8259055,0.7207899,155.74884,0.18416,-0.97537,2280.02466,2278.9331,-1.09156,0,0.00732,1.29619,4,-0.38531,1.29619,4,-0.38531,48.96803,4.2223889,0.08622746,81367.833,79937.85,-1367.833,62.15,False,False,-146.27613
258.16,TGO,THRUST,79998.625,29.8367319,0.7232877,143.43106,0.20067,-1.43384,2280.03097,2278.93359,-1.09737,0,0.00736,1.86407,4,-0.38889,1.86407,4,-0.38889,48.9785,4.4301239,0.09045038,81440.282,79872.45,-1440.282,127.55,False,False,-141.37191
258.32,TGO,THRUST,79998.25,29.8460769,0.7256008,134.37949,0.21486,-1.97354,2279.93484,2278.93417,-1.00067,0,0.00671,2.53283,4,-0.35685,2.53283,4,-0.35685,48.98943,4.7478993,0.09691681,81438.86,79758.244,-1438.86,241.756,False,False,-135.03022
258.48,TGO,THRUST,79997.82,29.8532998,0.7274881,128.15489,0.22587,-2.58935,2279.72376,2278.93483,-0.78893,0,0.00529,3.29839,4,-0.28481,3.29839,4,-0.28481,49.0011,5.1923502,0.10596396,81378.097,79565.834,-1378.097,434.166,False,False,-127.39759
258.64,TGO,THRUST,79997.333,29.857572,0.7286457,124.65182,0.23255,-3.26907,2279.38537,2278.93559,-0.44979,0,0.00302,4.14952,4,-0.16838,4.14952,4,-0.16838,49.01379,5.7660134,0.11764062,81281.848,79256.804,-1281.848,743.196,False,False,-118.54247
258.82,TGO,THRUST,79996.788,29.8578708,0.7287277,124.13292,0.2335,-3.98774,2278.91234,2278.93644,0.0241,-0.00186,-0.00016,5.06209,4,-0.00493,5.06209,4,-0.00493,49.02785,6.4517252,0.13159306,81176.331,78796.482,-1176.331,1203.518,False,False,-108.44104
258.98,TGO,THRUST,79996.188,29.8530244,0.7274077,127.40534,0.22703,-4.70111,2278.30878,2278.93739,0.62861,0.01018,-0.00421,5.99184,4,0.20426,5.99184,4,0.20426,49.04356,7.2072128,0.14695534,81076.564,78175.2,-1076.564,1824.8,False,False,-97.01347
259.14,TGO,THRUST,79995.538,29.8418614,0.7245014,136.28918,0.21132,-5.34021,2277.60231,2278.93843,1.33611,0.02429,-0.00895,6.00895,4,0.44975,6.00895,4,0.44975,49.06111,7.2325511,0.14741922,80982.981,77425.839,-982.981,2574.161,False,False,-81.74094
259.3,TGO,THRUST,79994.855,29.8243283,0.7203281,153.90843,0.18599,-5.77792,2276.87393,2278.93954,2.06561,0.03912,-0.01384,6.01384,4,0.70362,6.01384,4,0.70362,49.0792,7.256813,0.14785924,80884.036,76656.357,-884.036,3343.643,False,False,-66.35704
259.48,TGO,THRUST,79994.074,29.7994265,0.7152444,190.45364,0.14919,-5.88126,2276.19359,2278.94084,2.74725,0.05297,-0.0184,6.0184,4,0.94185,6.0184,4,0.94185,49.09962,7.2875417,0.14842358,80757.972,75970.775,-757.972,4029.225,False,False,-49.45291
259.64,TGO,THRUST,79993.4,29.7752201,0.7112734,250.57592,0.11275,-5.65254,2275.80423,2278.942,3.13777,0.06089,-0.02102,6.02102,4,1.0793,6.02102,4,1.0793,49.11785,7.3087305,0.14879988,80642.236,75620.417,-642.236,4379.583,False,False,-34.88407
259.78,TGO,THRUST,79992.773,29.7516435,0.7083427,366.32028,0.0768,-5.16723,2275.61316,2278.9431,3.32994,0.06476,-0.0223,6.0223,0,1.14819,6.0223,0,1.14819,49.13615,6.1307809,0.12477129,80521.423,75509.994,-521.423,4490.006,False,False,-52.96131
259.94,TGO,THRUST,79992.209,29.7316672,0.7065921,607.89601,0.04617,-4.51835,2275.60749,2278.94412,3.33662,0.06536,-0.02235,6.02235,0,1.1527,6.02235,0,1.1527,49.15226,6.1316714,0.12474852,80405.878,75614.125,-405.878,4385.875,False,False,40.67081
260.1,TGO,THRUST,79991.717,29.7169174,0.7057323,1188.38079,0.02359,-3.80496,2275.7505,2278.94502,3.19452,0.06244,-0.0214,6.0214,0,1.10535,6.0214,0,1.10535,49.16763,6.1220112,0.12451304,80303.982,75881.315,-303.982,4118.685,False,False,29.81566
260.26,TGO,THRUST,79991.314,29.7058567,0.7053284,4144.68005,0.00676,-3.00451,2276.01864,2278.94579,2.92715,0.057,-0.01961,6.01961,0,1.01445,6.01961,0,1.01445,49.18299,6.1044882,0.12411788,80207.442,76292.191,-207.442,3707.809,False,False,21.64195
260.42,TGO,THRUST,79991.043,29.6988288,0.7051782,28.01688,0,-2.15946,2276.38768,2278.9464,2.55873,0.04951,-0.01714,5.48099,0,0.88833,5.48099,0,0.88833,49.19831,5.5525077,0.11285972,80120.71,76813.984,-120.71,3186.016,False,False,18.04907
260.58,TGO,THRUST,79990.826,29.6959489,0.7051399,28.02063,0,-1.33454,2276.81635,2278.94685,2.1305,0.04102,-0.01427,4.75296,0,0.74121,4.75296,0,0.74121,49.21259,4.8104106,0.09774756,80050.918,77390.951,-50.918,2609.049,False,False,19.39683
260.74,TGO,THRUST,79990.688,29.6967708,0.70515,28.02629,0,-0.61313,2277.24382,2278.94714,1.70331,0.03264,-0.01141,4.09257,0,0.59411,4.09257,0,0.59411,49.22513,4.1354631,0.08401121,80006.204,77942.774,-6.204,2057.226,False,False,25.71776
260.9,TGO,THRUST,79990.645,29.7002348,0.7052073,322276.60912,9E-05,-0.02102,2277.6341,2278.94728,1.31318,0.02499,-0.0088,3.53073,0,0.45954,3.53073,0,0.45954,49.23594,3.5605123,0.07231531,79989.861,78423.112,10.139,1576.888,False,False,32.85893
261.06,TGO,THRUST,79990.663,29.705361,0.7053335,3227.86681,0.00869,0.4508,2277.97439,2278.94731,0.97292,0.01831,-0.00652,3.06377,0,0.34203,3.06377,0,0.34203,49.24524,3.0828011,0.062601,80005.238,78813.077,-5.238,1186.923,False,False,40.14786
261.22,TGO,THRUST,79990.73,29.7114168,0.7055452,1496.26195,0.01875,0.81949,2278.26193,2278.94725,0.68532,0.01266,-0.00459,2.67911,0,0.24261,2.67911,0,0.24261,49.25328,2.6900704,0.05461708,80057.426,79103.999,-57.426,896.001,False,False,47.12487
261.38,TGO,THRUST,79990.839,29.717896,0.7058464,952.35843,0.02947,1.10349,2278.49908,2278.94711,0.44803,0.008,-0.003,2.36209,0,0.16051,2.36209,0,0.16051,49.26029,2.3675393,0.04806183,80146.743,79298.138,-146.743,701.862,False,False,53.57726
261.54,TGO,THRUST,79990.981,29.7244669,0.7062304,696.36243,0.04033,1.31975,2278.69048,2278.94691,0.25643,0.00425,-0.00172,2.0988,0,0.09417,2.0988,0,0.09417,49.26643,2.1009099,0.04264384,80259.567,79414.5,-259.567,585.5,False,False,59.39084
261.7,TGO,THRUST,79991.152,29.7309208,0.7066845,551.12332,0.051,1.48269,2278.84146,2278.94665,0.10519,0.00128,-0.00071,1.87716,0,0.04179,1.87716,0,0.04179,49.27188,1.8776234,0.0381074,80374.451,79480.77,-374.451,519.23,False,False,64.49985
261.86,TGO,THRUST,79991.322,29.7371298,0.7071935,459.11667,0.06127,1.60414,2278.95719,2278.94635,-0.01085,0,7E-05,1.68719,0,0.00158,1.68719,0,0.00158,49.27674,1.6871896,0.03423907,80475.903,79518.526,-475.903,481.474,False,False,68.40494
262,TGO,THRUST,79991.508,29.7423145,0.7076726,402.98918,0.06985,1.68413,2279.03343,2278.94605,-0.08738,0,0.00059,1.54034,0,-0.02494,1.54034,0,-0.02494,49.28057,1.5405449,0.0312607,80548.444,79537.983,-548.444,462.017,False,False,71.67967
262.14,TGO,THRUST,79991.708,29.747171,0.7081663,361.57265,0.07791,1.74419,2279.08843,2278.94573,-0.14271,0,0.00096,1.40781,0,-0.0441,1.40781,0,-0.0441,49.28405,1.4085013,0.02857925,80603.954,79549.151,-603.954,450.849,False,False,74.37695
262.28,TGO,THRUST,79991.921,29.7517279,0.7086689,329.76156,0.08548,1.78934,2279.12542,2278.94538,-0.18004,0,0.00121,1.28519,0,-0.05702,1.28519,0,-0.05702,49.28722,1.286454,0.02610117,80643.835,79554.47,-643.835,445.53,False,False,76.50941
262.44,TGO,THRUST,79992.179,29.7565417,0.7092416,301.68685,0.09352,1.82706,2279.14846,2278.94496,-0.2035,0,0.00136,1.15343,0,-0.0651,1.15343,0,-0.0651,49.29054,1.155267,0.02343791,80672.126,79554.883,-672.126,445.117,False,False,78.27749
262.58,TGO,THRUST,79992.451,29.7604444,0.7097374,282.18022,0.10005,1.85143,2279.15421,2278.94458,-0.20963,0,0.00141,1.04239,4,-0.06717,1.04239,4,-0.06717,49.29316,4.1341357,0.08386835,80683.991,79550.933,-683.991,449.067,False,False,154.44551
262.74,TGO,THRUST,79992.741,29.7685776,0.7108601,249.80999,0.11319,1.89182,2279.13514,2278.94411,-0.19103,0,0.00128,0.898,4,-0.06052,0.898,4,-0.06052,49.30168,4.1000078,0.08316163,80682.68,79530.706,-682.68,469.294,False,False,155.52439
262.9,TGO,THRUST,79993.054,29.7832563,0.7131799,208.06811,0.13634,1.95657,2279.05599,2278.94361,-0.11238,0,0.00075,0.72175,4,-0.03277,0.72175,4,-0.03277,49.31201,4.0647265,0.08242874,80647.803,79472.384,-647.803,527.616,False,False,155.34046
263.08,TGO,THRUST,79993.387,29.7976166,0.7158111,179.2985,0.15879,2.0177,2278.9232,2278.94307,0.01988,-0.00125,-0.00013,0.54137,4,0.01372,0.54137,4,0.01372,49.32225,4.0364926,0.08183918,80583.66,79379.364,-583.66,620.636,False,False,153.75882
263.24,TGO,THRUST,79993.743,29.8115366,0.7186998,158.49254,0.18035,2.08281,2278.73669,2278.9425,0.20581,0.00254,-0.00138,0.34929,4,0.07901,0.34929,4,0.07901,49.33242,4.015999,0.08140689,80504.289,79237.577,-504.289,762.423,False,False,151.21296
263.4,TGO,THRUST,79994.122,29.8249011,0.7217832,142.92241,0.20083,2.15928,2278.49652,2278.94189,0.44537,0.0074,-0.00298,0.13779,4,0.16311,0.13779,4,0.16311,49.34254,4.005695,0.08118137,80425.066,79031.796,-425.066,968.204,False,False,148.07566
263.56,TGO,THRUST,79994.522,29.8375876,0.7249881,130.98944,0.22007,2.2576,2278.20487,2278.94124,0.73637,0.0133,-0.00493,-0.104,4,0.26529,-0.104,4,0.26529,49.35263,4.0101367,0.08125478,80359.054,78751.697,-359.054,1248.303,False,False,144.60914
263.72,TGO,THRUST,79994.939,29.8494449,0.7282255,121.71258,0.23787,2.41491,2277.87514,2278.94056,1.06541,0.01995,-0.00714,-0.41127,4,0.38098,-0.41127,4,0.38098,49.36272,4.0390953,0.08182481,80319.736,78399.94,-319.736,1600.06,False,False,141.00476
263.88,TGO,THRUST,79995.378,29.8601814,0.7313567,114.52687,0.25384,2.61009,2277.49077,2278.93985,1.44908,0.02771,-0.00971,-0.7633,4,0.51592,-0.7633,4,0.51592,49.37287,4.104728,0.08313732,80293.988,77970.057,-293.988,2029.943,False,False,137.14059
264.04,TGO,THRUST,79995.838,29.8696445,0.7342726,108.96256,0.26781,2.82534,2277.04503,2278.9391,1.89407,0.03668,-0.01269,-1.14301,4,0.67238,-1.14301,4,0.67238,49.38316,4.2140924,0.0853346,80275.201,77460.833,-275.201,2539.167,False,False,132.91538
264.2,TGO,THRUST,79996.321,29.8777307,0.7368796,104.67765,0.2797,3.05059,2276.53634,2278.93831,2.40197,0.04691,-0.01609,-1.54071,4,0.8509,-1.54071,4,0.8509,49.39371,4.3701059,0.08847495,80260.526,76873.448,-260.526,3126.552,False,False,128.28085
264.36,TGO,THRUST,79996.826,29.884317,0.7390815,101.44911,0.28939,3.27763,2275.96339,2278.93749,2.9741,0.0584,-0.01992,-1.94823,4,1.05191,-1.94823,4,1.05191,49.40462,4.5718801,0.09253953,80248.084,76208.468,-248.084,3791.532,False,False,123.2234
264.52,TGO,THRUST,79997.352,29.8892276,0.7407693,99.15062,0.29669,3.49794,2275.32503,2278.93663,3.6116,0.07119,-0.02419,-2.35672,4,1.27576,-2.35672,4,1.27576,49.41601,4.8147402,0.0974328,80236.46,75466.215,-236.46,4533.785,False,False,117.74396
264.68,TGO,THRUST,79997.896,29.8922231,0.7418187,97.73545,0.30132,3.70148,2274.62166,2278.93574,4.31407,0.08527,-0.02889,-2.75545,4,1.52231,-2.75545,4,1.52231,49.42799,5.0901779,0.10298168,80224.548,74648.564,-224.548,5351.436,False,False,111.83918
264.84,TGO,THRUST,79998.453,29.8930052,0.7420953,97.22909,0.3029,3.87605,2273.85715,2278.93482,5.07767,0.10056,-0.034,-3.13092,4,1.79014,-3.13092,4,1.79014,49.44065,5.3858419,0.1089355,80211.481,73761.243,-211.481,6238.757,False,False,105.4901
265,TGO,THRUST,79999.017,29.8912405,0.7414708,97.73051,0.30099,4.00698,2273.04094,2278.93388,5.89293,0.11687,-0.03945,-3.46663,4,2.07592,-3.46663,4,2.07592,49.45404,5.6856784,0.11496893,80196.601,72816.339,-196.601,7183.661,False,False,98.65943
265.16,TGO,THRUST,79999.58,29.8866018,0.739849,99.42541,0.2951,4.07758,2272.19012,2278.93293,6.74281,0.13387,-0.04513,-3.74332,4,2.37361,-3.74332,4,2.37361,49.46819,5.9704642,0.12069299,80179.484,71834.609,-179.484,8165.391,False,False,91.29525
265.32,TGO,THRUST,80000.131,29.878836,0.7372018,102.60953,0.28481,4.07028,2271.33082,2278.93199,7.60117,0.15102,-0.05086,-3.94016,4,2.674,-3.94016,4,2.674,49.48308,6.2189381,0.12567807,80159.981,70847.023,-159.981,9152.977,False,False,83.33708
265.48,TGO,THRUST,80000.659,29.8678446,0.7336063,107.7294,0.26985,3.9686,2270.49848,2278.93108,8.4326,0.16762,-0.05642,-4.03681,4,2.96466,-4.03681,4,2.96466,49.49862,6.4097648,0.12949381,80138.278,69894.865,-138.278,10105.135,False,False,74.72576
265.64,TGO,THRUST,80001.149,29.8537672,0.7292673,115.44426,0.25025,3.75998,2269.73617,2278.93022,9.19405,0.18283,-0.0615,-4.01633,4,3.23047,-4.01633,4,3.23047,49.51468,6.5243241,0.13176544,80114.943,69027.71,-114.943,10972.29,False,False,65.4178
265.8,TGO,THRUST,80001.592,29.8370464,0.7245112,126.71578,0.22644,3.43839,2269.09106,2278.92942,9.83836,0.19569,-0.0658,-3.86819,4,3.4549,-3.86819,4,3.4549,49.53109,6.5497525,0.13223518,80090.907,68299.276,-90.907,11700.724,False,False,55.51442
265.96,TGO,THRUST,80001.978,29.8185014,0.7197536,142.87344,0.19947,2.9924,2268.61986,2278.92872,10.30886,0.20509,-0.06894,-3.57754,4,3.61808,-3.57754,4,3.61808,49.54762,6.4721939,0.13062573,80066.856,67774.427,-66.856,12225.573,False,False,45.61462
266.12,TGO,THRUST,80002.296,29.7992009,0.715393,165.75741,0.17087,2.43793,2268.38789,2278.92811,10.54022,0.2097,-0.07048,-3.15705,4,3.69721,-3.15705,4,3.69721,49.56403,6.2957401,0.12702237,80044.697,67526.865,-44.697,12473.135,False,False,36.46215
266.28,TGO,THRUST,80002.537,29.7805752,0.7117672,197.25577,0.14286,1.82482,2268.38357,2278.92762,10.54405,0.20978,-0.07051,-2.65269,4,3.69651,-2.65269,4,3.69651,49.58005,6.0581306,0.12218887,80026.576,67540.594,-26.576,12459.406,False,False,28.84095
266.44,TGO,THRUST,80002.698,29.7635172,0.708956,240.07132,0.11692,1.19974,2268.55935,2278.92727,10.36792,0.20627,-0.06933,-2.1081,4,3.63277,-2.1081,4,3.63277,49.59552,5.8000971,0.116948,80013.612,67759.065,-13.612,12240.935,False,False,24.10736
266.58,TGO,THRUST,80002.777,29.7484729,0.7068851,298.09947,0.0939,0.59055,2268.87642,2278.92705,10.05063,0.19994,-0.06722,-1.54972,0,3.51969,-1.54972,0,3.51969,49.61036,3.8457583,0.07751926,80005.97,68137.068,-5.97,11862.932,False,False,48.88042
266.74,TGO,THRUST,80002.791,29.7369223,0.7055566,366.54297,0.07624,0.07497,2269.24493,2278.92697,9.68203,0.19327,-0.06476,-1.05572,0,3.38896,-1.05572,0,3.38896,49.62133,3.5495916,0.07153359,80003.464,68570.123,-3.464,11429.877,False,False,44.23618
266.9,TGO,THRUST,80002.76,29.7290314,0.7047787,434.23737,0.06429,-0.30414,2269.55538,2278.92697,9.37159,0.18712,-0.06269,-0.67741,0,3.27904,-0.67741,0,3.27904,49.6305,3.348283,0.06746422,80004.136,68932.29,-4.136,11067.71,False,False,39.45983
267.06,TGO,THRUST,80002.691,29.7228762,0.7042446,506.67277,0.05507,-0.64846,2269.90251,2278.92705,9.02454,0.1802,-0.06037,-0.31808,0,3.15643,-0.31808,0,3.15643,49.6391,3.1724115,0.06390953,80006.8,69335.464,-6.8,10664.536,False,False,35.71584
267.22,TGO,THRUST,80002.587,29.7185644,0.7039077,572.09361,0.04875,-0.95652,2270.28761,2278.92719,8.63958,0.17251,-0.0578,0.01853,0,3.02066,0.01853,0,3.02066,49.64724,3.0207173,0.06084361,80011.096,69781.629,-11.096,10218.371,False,False,34.24348
267.38,TGO,THRUST,80002.454,29.7158567,0.7037114,619.9554,0.04499,-1.22144,2270.69668,2278.92738,8.2307,0.16433,-0.05507,0.32388,0,2.87667,0.32388,0,2.87667,49.65498,2.8948436,0.05829916,80016.538,70254.968,-16.538,9745.032,False,False,33.00706
267.54,TGO,THRUST,80002.298,29.714414,0.7036112,645.19749,0.04323,-1.44234,2271.11653,2278.92762,7.81109,0.15592,-0.05227,0.59533,0,2.72906,0.59533,0,2.72906,49.6624,2.7932434,0.05624464,80022.654,70740.563,-22.654,9259.437,False,False,32.60457
267.7,TGO,THRUST,80002.123,29.7140195,0.7035843,646.64524,0.04314,-1.62017,2271.53977,2278.92789,7.38813,0.14745,-0.04944,0.83186,0,2.58043,0.83186,0,2.58043,49.66953,2.7112014,0.0545848,80029.016,71230.197,-29.016,8769.803,False,False,32.6173
267.86,TGO,THRUST,80001.934,29.7145119,0.7036183,627.56704,0.04446,-1.75315,2271.96246,2278.9282,6.96574,0.13898,-0.04662,1.0299,0,2.43215,1.0299,0,2.43215,49.67645,2.6412209,0.05316847,80035.113,71719.791,-35.113,8280.209,False,False,32.58531
268.02,TGO,THRUST,80001.736,29.7157485,0.7037066,594.25392,0.04697,-1.84255,2272.38002,2278.92852,6.5485,0.1306,-0.04383,1.18873,0,2.28582,1.18873,0,2.28582,49.68319,2.5764408,0.0518574,80040.528,72204.382,-40.528,7795.618,False,False,32.25526
268.18,TGO,THRUST,80001.535,29.7176,0.7038449,553.40553,0.05045,-1.88647,2272.78845,2278.92886,6.1404,0.12242,-0.0411,1.30481,0,2.14284,1.30481,0,2.14284,49.68975,2.5088379,0.05049005,80044.729,72679.809,-44.729,7320.191,False,False,31.39573
268.34,TGO,THRUST,80001.335,29.7199326,0.7040292,510.62858,0.0547,-1.88801,2273.18277,2278.92919,5.74642,0.11452,-0.03847,1.37919,0,2.00494,1.37919,0,2.00494,49.69616,2.4335027,0.04896762,80047.409,73140.488,-47.409,6859.512,False,False,29.97561
268.5,TGO,THRUST,80001.139,29.7226129,0.7042547,469.64969,0.0595,-1.8474,2273.558,2278.92953,5.37152,0.10701,-0.03596,1.41049,0,1.87386,1.41049,0,1.87386,49.70237,2.3453845,0.04718859,80048.192,73580.926,-48.192,6419.074,False,False,28.058
268.66,TGO,THRUST,80000.951,29.7255003,0.7045136,432.61063,0.06463,-1.76278,2273.90795,2278.92985,5.0219,0.1,-0.03362,1.39607,0,1.75177,1.39607,0,1.75177,49.70837,2.240024,0.04506332,80046.653,73994.195,-46.653,6005.805,False,False,25.79907
268.82,TGO,THRUST,80000.772,29.7284545,0.7047957,400.43719,0.06986,-1.64243,2274.22836,2278.93016,4.7018,0.09361,-0.03148,1.34307,0,1.64014,1.34307,0,1.64014,49.71411,2.1198784,0.04264138,80043.043,74374.998,-43.043,5625.002,False,False,23.08246
268.98,TGO,THRUST,80000.608,29.7313526,0.7050894,373.20857,0.075,-1.49698,2274.51764,2278.93045,4.41281,0.08784,-0.02955,1.26076,0,1.53948,1.26076,0,1.53948,49.71957,1.9898494,0.04002146,80037.921,74720.849,-37.921,5279.151,False,False,20.83535
269.14,TGO,THRUST,80000.46,29.7340972,0.7053829,350.55061,0.07989,-1.33546,2274.77623,2278.93072,4.15448,0.08269,-0.02782,1.15699,0,1.4496,1.15699,0,1.4496,49.72469,1.8547148,0.03729967,80031.892,75031.628,-31.892,4968.372,False,False,18.89982
269.3,TGO,THRUST,80000.33,29.7366169,0.7056657,331.90802,0.08442,-1.1654,2275.00615,2278.93095,3.9248,0.07813,-0.02628,1.03839,0,1.36978,1.03839,0,1.36978,49.72948,1.7188834,0.03456468,80025.541,75309.076,-25.541,4690.924,False,False,17.57563
269.46,TGO,THRUST,80000.22,29.7388627,0.7059287,316.70841,0.08851,-0.99251,2275.21005,2278.93116,3.7211,0.07408,-0.02492,0.91009,0,1.29907,0.91009,0,1.29907,49.73392,1.5861361,0.03189244,80019.352,75555.83,-19.352,4444.17,False,False,-17.2375
269.62,TGO,THRUST,80000.128,29.7407915,0.7061629,304.49601,0.0921,-0.82108,2275.39128,2278.93133,3.54005,0.0705,-0.02371,0.77612,0,1.23627,0.77612,0,1.23627,49.73803,1.4597005,0.02934778,80013.702,75775.415,-13.702,4224.585,False,False,-18.25215
269.78,TGO,THRUST,80000.056,29.7423728,0.7063608,294.88198,0.09514,-0.65429,2275.55332,2278.93147,3.37815,0.06729,-0.02263,0.6397,0,1.18016,0.6397,0,1.18016,49.74181,1.3423879,0.02698711,80008.856,75971.678,-8.856,4028.322,False,False,-20.73897
269.94,TGO,THRUST,80000.002,29.7436143,0.7065201,287.42119,0.09763,-0.49447,2275.69917,2278.93158,3.23241,0.0644,-0.02165,0.50339,0,1.12969,0.50339,0,1.12969,49.74529,1.2367701,0.02486205,80004.966,76147.979,-4.966,3852.021,False,False,-24.532
270.1,TGO,THRUST,79999.965,29.7445458,0.706642,281.69736,0.09964,-0.34307,2275.8315,2278.93166,3.10016,0.06179,-0.02077,0.369,0,1.08391,0.369,0,1.08391,49.7485,1.1449971,0.02301571,80002.096,76307.405,-2.096,3692.595,False,False,-29.34635
270.28,TGO,THRUST,79999.943,29.7452075,0.7067299,277.34933,0.10122,-0.20074,2275.9528,2278.93171,2.97891,0.05939,-0.01995,0.23759,4,1.04195,0.23759,4,1.04195,49.75146,4.1403021,0.08321971,80000.232,76452.906,-0.232,3547.094,False,False,83.33919
270.44,TGO,THRUST,79999.973,29.7460468,0.7068432,272.41247,0.10308,0.07085,2276.18499,2278.93173,2.74674,0.05351,-0.0184,-0.03183,4,0.9616,-0.03183,4,0.9616,49.76006,4.1140832,0.08267842,79999.345,76729.117,0.655,3270.883,False,False,84.60518
270.6,TGO,THRUST,80000.083,29.7473588,0.7070234,265.80802,0.10569,0.54583,2276.63429,2278.93163,2.29734,0.04449,-0.01539,-0.53244,4,0.8059,-0.53244,4,0.8059,49.77052,4.1149679,0.08267882,80008.903,77253.15,-8.903,2746.85,False,False,-88.65233
270.78,TGO,THRUST,80000.294,29.7485371,0.7071887,259.87076,0.10815,1.0781,2277.13952,2278.93136,1.79184,0.03433,-0.01201,-1.12831,4,0.63076,-1.12831,4,0.63076,49.78227,4.2036824,0.08444136,80046.745,77816.447,-46.745,2183.553,False,False,-92.91197
270.94,TGO,THRUST,80000.559,29.7486724,0.7072079,258.13441,0.10891,1.5869,2277.55914,2278.93099,1.37186,0.02585,-0.00919,-1.72207,4,0.48546,-1.72207,4,0.48546,49.79289,4.3819167,0.08800286,80126.67,78236.846,-126.67,1763.154,False,False,-96.30253
271.1,TGO,THRUST,80000.897,29.7478073,0.7070849,260.11675,0.10808,2.11956,2277.97888,2278.9305,0.95163,0.01735,-0.00638,-2.36704,4,0.34017,-2.36704,4,0.34017,49.8039,4.6603194,0.09357338,80281.981,78582.957,-281.981,1417.043,False,False,-98.90147
271.26,TGO,THRUST,80001.312,29.745757,0.7067974,266.73184,0.10537,2.67345,2278.41974,2278.92989,0.51015,0.00837,-0.00342,-3.06144,4,0.18751,-3.06144,4,0.18751,49.81556,5.0405952,0.10118515,80549.799,78842.726,-549.799,1157.274,False,False,-100.42119
271.42,TGO,THRUST,80001.804,29.7422309,0.7063182,280.00794,0.10033,3.24905,2278.89739,2278.92915,0.03176,-0.00138,-0.00021,-3.80652,4,0.022,-3.80652,4,0.022,49.82813,5.5217817,0.11081656,80952.178,79012.916,-952.178,987.084,False,False,-100.68414
271.56,TGO,THRUST,80002.298,29.7368418,0.7056251,304.07787,0.09232,3.84352,2279.4258,2278.92827,-0.49753,0,0.00334,-4.60001,0,-0.16125,-4.60001,0,-0.16125,49.84186,4.6028333,0.09234876,81485.024,79114.475,-1485.024,885.525,False,False,-127.88612
271.7,TGO,THRUST,80002.845,29.730778,0.7049037,337.35685,0.08314,4.33213,2279.89945,2278.9274,-0.97205,0,0.00652,-5.28646,0,-0.32569,-5.28646,0,-0.32569,49.85267,5.2964852,0.10624275,82002.93,79166.173,-2002.93,833.827,False,False,-124.19337
271.84,TGO,THRUST,80003.433,29.7240198,0.7041733,384.78322,0.07283,4.73609,2280.33794,2278.92646,-1.41148,0,0.00946,-5.90492,0,-0.47814,-5.90492,0,-0.47814,49.86402,5.9242479,0.11880808,82496.537,79200.816,-2496.537,799.184,False,False,-119.32015
272,TGO,THRUST,80004.153,29.7134513,0.7031894,495.80557,0.05646,5.19499,2280.92086,2278.92529,-1.99556,0,0.01338,-6.01338,0,-0.68102,-6.01338,0,-0.68102,49.87869,6.0518218,0.12133082,83159.417,79240.69,-3159.417,759.31,False,False,-113.14891
272.16,TGO,THRUST,80004.909,29.7002151,0.7022334,782.31392,0.03574,5.5884,2281.54944,2278.92405,-2.62539,0,0.01761,-6.01761,0,-0.90014,-6.01761,0,-0.90014,49.894,6.0845578,0.12194968,83874.62,79284.16,-3874.62,715.84,False,False,-106.03985
272.32,TGO,THRUST,80005.69,29.6850822,0.7015203,2345.197,0.01191,5.86261,2282.17615,2278.92276,-3.25339,0,0.02182,-6.02182,0,-1.11901,-6.02182,0,-1.11901,49.90946,6.12491,0.12272041,84581.581,79334.565,-4581.581,665.435,False,False,-97.87588
272.48,TGO,THRUST,80006.477,29.668463,0.7012073,27.93735,0,5.99186,2282.78024,2278.92144,-3.8588,0,0.02589,-6.02589,0,-1.33047,-6.02589,0,-1.33047,49.92503,6.1710162,0.12360565,85252.338,79394.727,-5252.338,605.273,False,False,-88.67174
272.64,TGO,THRUST,80007.246,29.6507807,0.701417,4266.08756,0.00655,5.95671,2283.34374,2278.92013,-4.4236,0,0.02968,-6.02968,0,-1.52826,-6.02968,0,-1.52826,49.94071,6.2203376,0.12455444,85863.972,79465.567,-5863.972,534.433,False,False,-78.44539
272.78,TGO,THRUST,80007.889,29.6349046,0.7020824,882.96882,0.03169,5.77909,2283.78634,2278.91903,-4.86731,0,0.03266,-6.03266,0,-1.68415,-6.03266,0,-1.68415,49.95455,6.2633326,0.12538063,86330.452,79535.555,-6330.452,464.445,False,False,-68.6863
272.92,TGO,THRUST,80008.493,29.6191529,0.7031883,495.43811,0.05658,5.45422,2284.15944,2278.91798,-5.24146,0,0.03517,-6.03517,0,-1.81619,-6.03517,0,-1.81619,49.96848,6.3025271,0.12613004,86707.08,79611.427,-6707.08,388.573,False,False,-58.37089
273.06,TGO,THRUST,80009.046,29.6042264,0.7046442,350.94884,0.08005,4.9738,2284.43087,2278.917,-5.51387,0,0.037,-6.037,0,-1.91315,-6.037,0,-1.91315,49.98252,6.3328921,0.12670215,86957.12,79690.833,-6957.12,309.167,False,False,-47.91941
273.22,TGO,THRUST,80009.666,29.5899122,0.7064106,275.18711,0.10236,4.23211,2284.60766,2278.91599,-5.69166,0,0.0382,-6.0382,4,-1.97786,-6.0382,4,-1.97786,49.99864,7.508113,0.15016635,87079.305,79783.42,-7079.305,216.58,False,False,-64.08188
273.38,TGO,THRUST,80010.093,29.5783774,0.7080949,235.05801,0.12012,3.29432,2284.6552,2278.91514,-5.74006,0,0.03852,-6.03852,4,-1.99795,-6.03852,4,-1.99795,50.01704,7.5136913,0.15022263,87048.005,79872.734,-7048.005,127.266,False,False,-53.38873
273.54,TGO,THRUST,80010.378,29.5680942,0.7097909,208.40117,0.1358,2.20205,2284.55349,2278.91452,-5.63898,0,0.03784,-6.03784,4,-1.96624,-6.03784,4,-1.96624,50.03621,7.5047756,0.1499869,86850.233,79947.727,-6850.233,52.273,False,False,-42.81116
273.7,TGO,THRUST,80010.507,29.5620293,0.7108759,195.74731,0.14479,1.06936,2284.3092,2278.91413,-5.39507,0,0.0362,-5.02341,4,-1.88468,-5.02341,4,-1.88468,50.05537,6.6922876,0.13369771,86507.175,79995.672,-6507.175,4.328,False,False,-38.86822
273.86,TGO,THRUST,80010.521,29.5614269,0.7109871,195.20009,0.1452,-0.02537,2283.98591,2278.91399,-5.07192,0,0.03403,-3.95771,4,-1.77526,-3.95771,4,-1.77526,50.07297,5.9004249,0.11783652,86101.013,80011.482,-6101.013,-11.482,False,False,-36.01402
274.02,TGO,THRUST,80010.41,29.5647744,0.7103806,203.09952,0.13941,-0.96285,2283.6291,2278.91408,-4.71503,0,0.03164,-2.99867,4,-1.65349,-2.99867,4,-1.65349,50.08855,5.2655564,0.10512495,85685.093,79996.791,-5685.093,3.209,False,False,-34.79948
274.18,TGO,THRUST,80010.192,29.5704737,0.7093967,217.6298,0.1299,-1.73956,2283.25895,2278.91436,-4.3446,0,0.02915,-2.15694,4,-1.52645,-2.15694,4,-1.52645,50.1024,4.7940013,0.09568406,85275.502,79959.796,-5275.502,40.204,False,False,-34.73913
274.34,TGO,THRUST,80009.884,29.5775541,0.7082587,238.8146,0.11817,-2.37915,2282.88477,2278.9148,-3.96997,0,0.02663,-1.41551,4,-1.39748,-1.41551,4,-1.39748,50.11496,4.4672818,0.08914069,84877.008,79906.904,-4877.008,93.096,False,False,-35.36835
274.5,TGO,THRUST,80009.499,29.5856041,0.7070785,268.67508,0.10484,-2.90704,2282.5132,2278.91538,-3.59782,0,0.02413,-0.75467,4,-1.26899,-0.75467,4,-1.26899,50.12658,4.2637856,0.08506037,84493.679,79842.039,-4493.679,157.961,False,False,-36.27682
274.66,TGO,THRUST,80009.051,29.5944771,0.7059177,311.91953,0.09014,-3.34499,2282.14894,2278.91608,-3.23286,0,0.02168,-0.15756,0,-1.14273,-0.15756,0,-1.14273,50.13761,1.1535371,0.02300742,84129.007,79767.353,-4129.007,232.647,False,False,55.59966
274.8,TGO,THRUST,80008.63,29.6011358,0.7051434,355.45537,0.07901,-3.60759,2281.90441,2278.91677,-2.98764,0,0.02004,0.26096,0,-1.05778,0.26096,0,-1.05778,50.14218,1.0894929,0.02172807,83890.91,79710.078,-3890.91,289.922,False,False,68.76613
274.94,TGO,THRUST,80008.207,29.6036669,0.7048716,376.92952,0.07448,-3.68468,2281.83091,2278.91748,-2.91343,0,0.01954,0.49672,0,-1.03206,0.49672,0,-1.03206,50.14466,1.1453783,0.02284148,83819.898,79690.882,-3819.898,309.118,False,False,74.03161
275.1,TGO,THRUST,80007.723,29.6067998,0.7045529,407.21313,0.0689,-3.75507,2281.7559,2278.91829,-2.83761,0,0.01903,0.74908,0,-1.00576,0.74908,0,-1.00576,50.14755,1.2540634,0.02500747,83746.793,79671.636,-3746.793,328.364,False,False,76.43486
275.24,TGO,THRUST,80007.298,29.6098927,0.7042576,441.97203,0.06346,-3.80327,2281.6882,2278.919,-2.7692,0,0.01857,0.95682,0,-0.98198,0.95682,0,-0.98198,50.15029,1.3710517,0.02733886,83678.985,79656.103,-3678.985,343.897,False,False,75.89998
275.38,TGO,THRUST,80006.875,29.6134034,0.7039454,488.97748,0.05733,-3.83721,2281.61422,2278.91971,-2.6945,0,0.01807,1.15037,0,-0.95595,1.15037,0,-0.95595,50.15328,1.495729,0.02982315,83602.449,79641.721,-3602.449,358.279,False,False,73.47701
275.52,TGO,THRUST,80006.452,29.6173129,0.7036261,554.2728,0.05055,-3.85262,2281.53277,2278.92042,-2.61235,0,0.01752,1.3251,0,-0.92725,1.3251,0,-0.92725,50.15655,1.6173044,0.03224513,83515.11,79629.152,-3515.11,370.848,False,False,69.6214
275.68,TGO,THRUST,80005.974,29.6222152,0.7032682,665.28426,0.04209,-3.84166,2281.42941,2278.92123,-2.50819,0,0.01682,1.49511,0,-0.89075,1.49511,0,-0.89075,50.16061,1.7403404,0.03469536,83399.685,79618.017,-3399.685,381.983,False,False,63.90119
275.82,TGO,THRUST,80005.562,29.6267295,0.70298,815.60112,0.03432,-3.80241,2281.33092,2278.92192,-2.40899,0,0.01616,1.61244,0,-0.8559,1.61244,0,-0.8559,50.16442,1.8255244,0.03639082,83285.087,79612.184,-3285.087,387.816,False,False,58.00703
275.96,TGO,THRUST,80005.158,29.6313697,0.7027253,1062.4578,0.02633,-3.73144,2281.2241,2278.92261,-2.30149,0,0.01543,1.69557,0,-0.81804,1.69557,0,-0.81804,50.16846,1.8825912,0.0375254,83156.064,79610.796,-3156.064,389.204,False,False,-51.46346
276.1,TGO,THRUST,80004.762,29.6359058,0.702517,1510.86786,0.01851,-3.62616,2281.11079,2278.92328,-2.18751,0,0.01467,1.74132,0,-0.77779,1.74132,0,-0.77779,50.17263,1.9071368,0.03801149,83013.945,79614.733,-3013.945,385.267,False,False,-44.53728
276.26,TGO,THRUST,80004.319,29.6406177,0.7023434,2705.97547,0.01033,-3.46072,2280.97551,2278.92403,-2.05147,0,0.01376,1.7448,0,-0.72962,1.7448,0,-0.72962,50.1775,1.8912084,0.03769037,82837.012,79626.867,-2837.012,373.133,False,False,-36.54829
276.4,TGO,THRUST,80003.942,29.6440657,0.7022443,6549.86509,0.00427,-3.28144,2280.85605,2278.92467,-1.93137,0,0.01295,1.70994,0,-0.68699,1.70994,0,-0.68699,50.18174,1.8427821,0.03672216,82674.537,79643.931,-2674.537,356.069,False,False,-29.7869
276.54,TGO,THRUST,80003.578,29.6467659,0.7021835,27.9512,0,-3.08189,2280.73662,2278.9253,-1.81132,0,0.01215,1.65074,0,-0.6443,1.65074,0,-0.6443,50.1859,1.7720229,0.03530918,82508.288,79664.934,-2508.288,335.066,False,False,-23.34447
276.68,TGO,THRUST,80003.228,29.6487565,0.7021483,27.94837,0,-2.87336,2280.62037,2278.9259,-1.69447,0,0.01136,1.57727,0,-0.6027,1.57727,0,-0.6027,50.18991,1.6885009,0.03364224,82343.786,79688.158,-2343.786,311.842,False,False,-17.25691
276.84,TGO,THRUST,80002.851,29.6502401,0.7021277,27.94603,0,-2.63324,2280.49607,2278.92655,-1.56952,0,0.01052,1.48398,0,-0.55816,1.48398,0,-0.55816,50.19429,1.5854749,0.03158676,82164.667,79716.291,-2164.667,283.709,False,False,-10.77524
276.98,TGO,THRUST,80002.539,29.6509351,0.7021198,27.9445,0,-2.42546,2280.39672,2278.92709,-1.46963,0,0.00985,1.39749,0,-0.5225,1.39749,0,-0.5225,50.1979,1.4919781,0.02972192,82018.526,79741.764,-2018.526,258.236,False,False,-5.65992
277.12,TGO,THRUST,80002.247,29.6511426,0.7021177,27.94333,0,-2.22585,2280.30846,2278.9276,-1.38086,0,0.00926,1.31219,0,-0.49077,1.31219,0,-0.49077,50.20131,1.4009627,0.0279069,81885.947,79767.131,-1885.947,232.869,False,False,-2.58173
277.26,TGO,THRUST,80001.973,29.6509483,0.7021195,27.94246,0,-2.03569,2280.23106,2278.92807,-1.30298,0,0.00874,1.22927,0,-0.46287,1.22927,0,-0.46287,50.2045,1.3135313,0.02616362,81767.01,79792.012,-1767.01,207.988,False,False,-5.46244
277.42,TGO,THRUST,80001.683,29.6503345,0.7021254,27.94176,0,-1.83181,2280.15549,2278.92858,-1.22691,0,0.00823,1.13924,0,-0.43556,1.13924,0,-0.43556,50.20792,1.2196623,0.02429223,81647.84,79819.296,-1647.84,180.704,False,False,-10.1871
277.56,TGO,THRUST,80001.449,29.6495254,0.7021337,27.9414,0,-1.66437,2280.09919,2278.92899,-1.1702,0,0.00785,1.06382,0,-0.41515,1.06382,0,-0.41515,50.21071,1.1419535,0.02274323,81556.66,79841.982,-1556.66,158.018,False,False,-14.17147
277.7,TGO,THRUST,80001.233,29.6485372,0.702145,27.94127,0,-1.50955,2280.05203,2278.92937,-1.12266,0,0.00753,0.99418,0,-0.39799,0.99418,0,-0.39799,50.21332,1.0708879,0.02132677,81478.19,79863.002,-1478.19,136.998,False,False,-17.88843
277.84,TGO,THRUST,80001.034,29.6474159,0.7021594,27.94136,0,-1.36599,2280.01259,2278.92972,-1.08287,0,0.00726,0.92922,0,-0.38358,0.92922,0,-0.38358,50.21576,1.0052811,0.02001923,81410.758,79882.338,-1410.758,117.662,False,False,21.31188
278,TGO,THRUST,80000.826,29.6460246,0.7021797,27.94172,0,-1.21508,2279.97549,2278.93008,-1.04541,0,0.00701,0.86034,0,-0.36997,0.86034,0,-0.36997,50.21838,0.9365131,0.01864881,81345.554,79902.24,-1345.554,97.76,False,False,24.84997
278.14,TGO,THRUST,80000.662,29.6447364,0.7022011,27.94224,0,-1.09273,2279.94843,2278.93037,-1.01805,0,0.00683,0.80316,0,-0.35998,0.80316,0,-0.35998,50.22052,0.8801432,0.01752557,81296.882,79917.825,-1296.882,82.175,False,False,27.61877
278.28,TGO,THRUST,80000.513,29.6434279,0.7022252,27.94292,0,-0.98032,2279.92577,2278.93064,-0.99513,0,0.00667,0.75001,0,-0.35158,0.75001,0,-0.35158,50.22253,0.8283255,0.01649311,81255.447,79931.521,-1255.447,68.479,False,False,30.06678
278.42,TGO,THRUST,80000.379,29.6421126,0.7022519,40313.23489,0.00069,-0.87639,2279.90642,2278.93088,-0.97554,0,0.00654,0.69967,0,-0.34438,0.69967,0,-0.34438,50.22442,0.7798269,0.01552685,81219.747,79943.499,-1219.747,56.501,False,False,32.19559
278.58,TGO,THRUST,80000.243,29.6406236,0.7022852,10822.18278,0.00258,-0.76712,2279.88721,2278.93112,-0.95608,0,0.00641,0.64503,0,-0.3372,0.64503,0,-0.3372,50.22645,0.7278552,0.01449147,81184.49,79955.211,-1184.49,44.789,False,False,34.23402
278.72,TGO,THRUST,80000.136,29.6393371,0.7023166,6639.38937,0.00421,-0.67837,2279.87189,2278.93131,-0.94058,0,0.00631,0.59855,0,-0.33148,0.59855,0,-0.33148,50.22811,0.6842099,0.01362205,81157.005,79963.939,-1157.005,36.061,False,False,35.68162
278.86,TGO,THRUST,80000.037,29.6380955,0.7023492,4849.27104,0.00576,-0.59652,2279.85764,2278.93149,-0.92616,0,0.00621,0.55605,0,-0.32616,0.55605,0,-0.32616,50.22967,0.6446426,0.0128339,81132.227,79971.281,-1132.227,28.719,False,False,36.76542
279,TGO,THRUST,79999.957,29.6369004,0.7023827,3859.21701,0.00724,-0.52045,2279.84387,2278.93164,-0.91223,0,0.00612,0.51375,0,-0.32103,0.51375,0,-0.32103,50.23114,0.6058013,0.01206027,81109.244,79977.444,-1109.244,22.556,False,False,37.54164
279.16,TGO,THRUST,79999.878,29.6355993,0.7024213,3166.35368,0.00883,-0.43997,2279.82797,2278.93178,-0.89619,0,0.00601,0.46548,0,-0.31514,0.46548,0,-0.31514,50.23272,0.5621242,0.0111904,81084.142,79983.215,-1084.142,16.785,False,False,38.06394
279.3,TGO,THRUST,79999.821,29.6345163,0.7024553,2760.88533,0.01012,-0.37433,2279.81335,2278.93189,-0.88146,0,0.00591,0.4237,0,-0.30977,0.4237,0,-0.30977,50.23401,0.5248566,0.01044823,81062.315,79987.313,-1062.315,12.687,False,False,38.20377
279.44,TGO,THRUST,79999.772,29.6335087,0.7024884,2474.01722,0.0113,-0.31368,2279.79819,2278.93198,-0.86622,0,0.00581,0.38324,0,-0.30423,0.38324,0,-0.30423,50.23521,0.4893134,0.00974045,81040.712,79990.591,-1040.712,9.409,False,False,38.03433
279.58,TGO,THRUST,79999.732,29.6325744,0.7025203,2262.80036,0.01235,-0.25728,2279.78231,2278.93205,-0.85026,0,0.0057,0.34379,0,-0.29845,0.34379,0,-0.29845,50.23633,0.4552613,0.00906239,81018.955,79993.186,-1018.955,6.814,False,False,37.57502
279.74,TGO,THRUST,79999.694,29.6316001,0.7025547,2085.06702,0.01341,-0.19781,2279.76299,2278.93212,-0.83087,0,0.00557,0.30022,0,-0.29147,0.30022,0,-0.29147,50.23751,0.418428,0.008329,80993.461,79995.427,-993.461,4.573,False,False,36.70914
279.88,TGO,THRUST,79999.668,29.6308227,0.702583,1967.77352,0.01421,-0.14948,2279.74465,2278.93217,-0.81248,0,0.00545,0.26319,0,-0.28487,0.26319,0,-0.28487,50.23848,0.3878433,0.00772004,80970.011,79996.859,-970.011,3.141,False,False,35.70066
280.02,TGO,THRUST,79999.645,29.6301292,0.7026088,1880.11168,0.01487,-0.10511,2279.72536,2278.93221,-0.79315,0,0.00532,0.22817,0,-0.27796,0.22817,0,-0.27796,50.23936,0.3596142,0.00715802,80945.881,79997.852,-945.881,2.148,False,False,34.44813
280.16,TGO,THRUST,79999.626,29.629514,0.7026321,1814.83343,0.0154,-0.06416,2279.70505,2278.93225,-0.77281,0,0.00518,0.19515,0,-0.2707,0.19515,0,-0.2707,50.24019,0.3337081,0.00664225,80920.92,79998.482,-920.92,1.518,False,False,32.99856
280.32,TGO,THRUST,79999.607,29.628905,0.7026556,1762.42626,0.01586,-0.02145,2279.68053,2278.93228,-0.74825,0,0.00502,0.16035,0,-0.26196,0.16035,0,-0.26196,50.24106,0.3071405,0.00611334,80891.226,79998.828,-891.226,1.172,False,False,31.13838
280.46,TGO,THRUST,79999.59,29.628447,0.7026734,1732.01351,0.01614,0.01281,2279.65767,2278.93231,-0.72536,0,0.00486,0.13249,0,-0.25383,0.13249,0,-0.25383,50.24176,0.2863298,0.00569904,80863.875,79998.857,-863.875,1.143,False,False,29.44785
280.6,TGO,THRUST,79999.573,29.6280704,0.7026882,1716.49641,0.01629,0.04386,2279.63392,2278.93234,-0.70159,0,0.0047,0.10778,0,-0.24541,0.10778,0,-0.24541,50.24242,0.2680333,0.0053348,80835.687,79998.673,-835.687,1.327,False,False,27.73339
280.74,TGO,THRUST,79999.553,29.6277785,0.7026996,1715.6951,0.0163,0.07231,2279.60935,2278.93237,-0.67699,0,0.00454,0.08638,0,-0.2367,0.08638,0,-0.2367,50.24303,0.2519731,0.00501508,80806.716,79998.31,-806.716,1.69,False,False,26.05425
280.9,TGO,THRUST,79999.527,29.6275423,0.7027089,1731.68118,0.01615,0.1015,2279.58038,2278.93241,-0.64798,0,0.00434,0.06652,0,-0.22645,0.06652,0,-0.22645,50.24369,0.2360192,0.00469749,80772.742,79997.715,-772.742,2.285,False,False,24.05294
281.04,TGO,THRUST,79999.501,29.6274098,0.7027141,1759.21288,0.01589,0.12424,2279.55431,2278.93245,-0.62186,0,0.00417,0.0531,0,-0.21723,0.0531,0,-0.21723,50.24423,0.2236289,0.00445084,80742.286,79997.067,-742.286,2.933,False,False,22.14152
281.18,TGO,THRUST,79999.473,29.6273365,0.7027169,1798.77304,0.01554,0.14406,2279.52813,2278.93249,-0.59564,0,0.00399,0.04343,0,-0.20799,0.04343,0,-0.20799,50.24474,0.2124753,0.00422881,80711.806,79996.342,-711.806,3.658,False,False,19.90849
281.32,TGO,THRUST,79999.445,29.6273093,0.702718,1849.31881,0.01512,0.16121,2279.502,2278.93254,-0.56946,0,0.00382,0.03699,0,-0.19877,0.03699,0,-0.19877,50.24522,0.2021837,0.00402394,80681.447,79995.565,-681.447,4.435,False,False,17.32477
281.48,TGO,THRUST,79999.414,29.6273176,0.7027177,1919.14621,0.01457,0.17751,2279.47241,2278.93259,-0.53982,0,0.00362,0.0329,0,-0.18834,0.0329,0,-0.18834,50.24574,0.1911924,0.00380515,80647.108,79994.654,-647.108,5.346,False,False,14.08075
281.62,TGO,THRUST,79999.392,29.6273498,0.7027165,1990.47302,0.01405,0.18897,2279.44673,2278.93264,-0.51409,0,0.00345,0.03105,0,-0.1793,0.03105,0,-0.1793,50.24618,0.1819668,0.00362151,80617.307,79993.866,-617.307,6.134,False,False,11.33366
281.76,TGO,THRUST,79999.375,29.6273985,0.7027147,2071.4503,0.0135,0.19804,2279.42178,2278.93267,-0.4891,0,0.00328,0.02981,0,-0.17052,0.02981,0,-0.17052,50.24659,0.173109,0.00344519,80588.361,79993.109,-588.361,6.891,False,False,9.04456
281.9,TGO,THRUST,79999.364,29.6274588,0.7027125,2162.46423,0.01293,0.20525,2279.39766,2278.9327,-0.46497,0,0.00312,0.02823,0,-0.16205,0.02823,0,-0.16205,50.24699,0.1644907,0.00327364,80560.392,79992.381,-560.392,7.619,False,False,7.52744
282.06,TGO,THRUST,79999.359,29.6275356,0.7027098,2279.21745,0.01227,0.21175,2279.37132,2278.93271,-0.43861,0,0.00294,0.02529,0,-0.1528,0.02529,0,-0.1528,50.24741,0.1548824,0.0030824,80529.864,79991.575,-529.864,8.425,False,False,6.78876
282.2,TGO,THRUST,79999.361,29.627605,0.7027074,2393.00197,0.01168,0.2163,2279.34924,2278.93271,-0.41653,0,0.00279,0.0213,0,-0.14506,0.0213,0,-0.14506,50.24777,0.1466157,0.00291785,80504.3,79990.881,-504.3,9.119,False,False,6.76983
282.34,TGO,THRUST,79999.368,29.6276721,0.7027052,2517.84908,0.0111,0.22009,2279.32835,2278.9327,-0.39564,0,0.00265,0.01592,0,-0.13774,0.01592,0,-0.13774,50.2481,0.1386537,0.00275938,80480.154,79990.191,-480.154,9.809,False,False,7.13736
282.48,TGO,THRUST,79999.379,29.6277345,0.7027031,2654.52394,0.01053,0.22346,2279.30853,2278.93269,-0.37584,0,0.00252,0.00934,0,-0.1308,0.00934,0,-0.1308,50.24842,0.1311297,0.00260963,80457.318,79989.484,-457.318,10.516,False,False,7.94557
282.64,TGO,THRUST,79999.392,29.627798,0.702701,2826.45024,0.00989,0.22707,2279.2872,2278.93267,-0.35453,0,0.00238,0.0011,0,-0.12332,0.0011,0,-0.12332,50.24876,0.1233283,0.00245436,80432.821,79988.636,-432.821,11.364,False,False,9.47061
282.78,TGO,THRUST,79999.402,29.6278462,0.7026995,2992.37881,0.00934,0.23004,2279.26944,2278.93265,-0.33679,0,0.00226,-0.00594,0,-0.1171,-0.00594,0,-0.1171,50.24904,0.1172546,0.00233347,80412.519,79987.854,-412.519,12.146,False,False,11.14546
282.92,TGO,THRUST,79999.41,29.6278868,0.7026982,3174.50022,0.00881,0.23279,2279.25263,2278.93263,-0.32,0,0.00215,-0.01227,0,-0.11122,-0.01227,0,-0.11122,50.24931,0.1118944,0.00222679,80393.387,79987.045,-393.387,12.955,False,False,12.70762
283.06,TGO,THRUST,79999.412,29.6279207,0.7026972,3375.74168,0.00828,0.23548,2279.2366,2278.93262,-0.30398,0,0.00204,-0.01684,0,-0.1056,-0.01684,0,-0.1056,50.24956,0.1069371,0.00212812,80375.234,79986.187,-375.234,13.813,False,False,13.46098
283.22,TGO,THRUST,79999.409,29.6279517,0.7026963,3633.43408,0.00769,0.23801,2279.21908,2278.93262,-0.28645,0,0.00192,-0.01919,0,-0.09946,-0.01919,0,-0.09946,50.24984,0.1012955,0.00201584,80355.449,79985.194,-355.449,14.806,False,False,12.80553
283.36,TGO,THRUST,79999.403,29.627973,0.7026957,3888.31741,0.00719,0.23946,2279.2043,2278.93263,-0.27167,0,0.00182,-0.0188,0,-0.09428,-0.0188,0,-0.09428,50.25007,0.0961375,0.00191318,80338.778,79984.35,-338.778,15.65,False,False,10.86284
283.5,TGO,THRUST,79999.396,29.6279896,0.7026952,4176.77848,0.00669,0.24003,2279.19023,2278.93264,-0.25759,0,0.00173,-0.0167,0,-0.08935,-0.0167,0,-0.08935,50.25029,0.090899,0.00180892,80322.892,79983.567,-322.892,16.433,False,False,7.95342
283.64,TGO,THRUST,79999.391,29.6280024,0.7026948,4507.02108,0.0062,0.23966,2279.17689,2278.93265,-0.24423,0,0.00164,-0.0138,0,-0.08468,-0.0138,0,-0.08468,50.2505,0.0857958,0.00170736,80307.786,79982.873,-307.786,17.127,False,False,4.81074
283.8,TGO,THRUST,79999.391,29.6280138,0.7026945,4950.00065,0.00565,0.23817,2279.16263,2278.93266,-0.22997,0,0.00154,-0.01104,0,-0.07969,-0.01104,0,-0.07969,50.25072,0.0804532,0.00160104,80291.584,79982.206,-291.584,17.794,False,False,2.82239
283.94,TGO,THRUST,79999.397,29.6280224,0.7026943,5413.34236,0.00516,0.23628,2279.15092,2278.93266,-0.21827,0,0.00146,-0.01019,0,-0.0756,-0.01019,0,-0.0756,50.2509,0.0762856,0.00151809,80278.241,79981.696,-278.241,18.304,False,False,-3.07979
284.08,TGO,THRUST,79999.409,29.6280305,0.7026941,5971.59405,0.00468,0.23415,2279.13998,2278.93264,-0.20734,0,0.00139,-0.01123,0,-0.07178,-0.01123,0,-0.07178,50.25108,0.0726573,0.00144589,80265.775,79981.227,-265.775,18.773,False,False,-3.0351
284.22,TGO,THRUST,79999.426,29.6280386,0.7026939,6657.87276,0.0042,0.23192,2279.12964,2278.93262,-0.19702,0,0.00132,-0.01419,0,-0.06818,-0.01419,0,-0.06818,50.25124,0.069642,0.00138588,80254.015,79980.774,-254.015,19.226,False,False,2.77986
284.38,TGO,THRUST,79999.446,29.6280484,0.7026936,7666.72118,0.00365,0.22957,2279.1184,2278.93258,-0.18582,0,0.00125,-0.01924,0,-0.06427,-0.01924,0,-0.06427,50.25142,0.0670856,0.001335,80241.297,79980.216,-241.297,19.784,False,False,5.28788
284.52,TGO,THRUST,79999.462,29.628058,0.7026934,8843.38214,0.00316,0.22773,2279.10889,2278.93255,-0.17634,0,0.00118,-0.02385,0,-0.06095,-0.02385,0,-0.06095,50.25158,0.0654548,0.00130254,80230.614,79979.671,-230.614,20.329,False,False,8.74904
284.66,TGO,THRUST,79999.474,29.6280681,0.7026931,10449.7139,0.00267,0.22608,2279.09966,2278.93253,-0.16713,0,0.00112,-0.02782,0,-0.05774,-0.02782,0,-0.05774,50.25172,0.0640893,0.00127536,80220.319,79979.07,-220.319,20.93,False,False,11.76554
284.8,TGO,THRUST,79999.48,29.6280782,0.7026929,12768.44543,0.00219,0.22454,2279.09061,2278.93251,-0.15809,0,0.00106,-0.02973,0,-0.05458,-0.02973,0,-0.05458,50.25187,0.0621539,0.00123685,80210.297,79978.411,-210.297,21.589,False,False,12.99792
284.96,TGO,THRUST,79999.479,29.6280879,0.7026927,17077.21768,0.00164,0.22268,2279.08053,2278.93251,-0.14802,0,0.00099,-0.02895,0,-0.05106,-0.02895,0,-0.05106,50.25203,0.0586991,0.00116809,80199.196,79977.627,-199.196,22.373,False,False,11.70159
285.1,TGO,THRUST,79999.473,29.6280949,0.7026925,24179.42503,0.00116,0.22083,2279.07206,2278.93251,-0.13955,0,0.00094,-0.02558,0,-0.0481,-0.02558,0,-0.0481,50.25216,0.0544825,0.00108418,80189.882,79976.953,-189.882,23.047,False,False,7.89136
285.24,TGO,THRUST,79999.464,29.628099,0.7026924,41104.59986,0.00068,0.2186,2279.06423,2278.93253,-0.1317,0,0.00088,-0.02033,0,-0.04536,-0.02033,0,-0.04536,50.25229,0.0497112,0.00098923,80181.231,79976.373,-181.231,23.627,False,False,2.19409
285.38,TGO,THRUST,79999.459,29.6281003,0.7026924,133949.43528,0.00021,0.21589,2279.05722,2278.93254,-0.12468,0,0.00084,-0.01486,0,-0.04291,-0.01486,0,-0.04291,50.2524,0.0454127,0.00090369,80173.41,79975.947,-173.41,24.053,False,False,-5.93381
285.54,TGO,THRUST,79999.461,29.628102,0.7026924,27.95077,0,0.21244,2279.05027,2278.93254,-0.11773,0,0.00079,-0.0104,0,-0.04049,-0.0104,0,-0.04049,50.25252,0.0418068,0.00083193,80165.564,79975.638,-165.564,24.362,False,False,-12.50774
285.68,TGO,THRUST,79999.469,29.6281047,0.7026923,27.9507,0,0.20926,2279.0449,2278.93254,-0.11236,0,0.00075,-0.00879,0,-0.03862,-0.00879,0,-0.03862,50.25261,0.0396131,0.00078828,80159.423,79975.478,-159.423,24.522,False,False,-15.34853
285.82,TGO,THRUST,79999.484,29.6281097,0.7026922,27.95064,0,0.20613,2279.04004,2278.93252,-0.10752,0,0.00072,-0.00975,0,-0.03694,-0.00975,0,-0.03694,50.2527,0.0382066,0.00076029,80153.851,79975.369,-153.851,24.631,False,False,-14.2155
285.96,TGO,THRUST,79999.505,29.6281148,0.7026921,27.95058,0,0.20305,2279.03549,2278.93249,-0.103,0,0.00069,-0.01327,0,-0.03537,-0.01327,0,-0.03537,50.25279,0.0377788,0.00075178,80148.62,79975.283,-148.62,24.717,False,False,-8.82027
286.12,TGO,THRUST,79999.536,29.6281177,0.7026921,27.95052,0,0.19963,2279.03045,2278.93244,-0.098,0,0.00066,-0.02018,0,-0.03363,-0.02018,0,-0.03363,50.25289,0.03922,0.00078045,80142.839,79975.168,-142.839,24.832,False,False,1.63801
286.26,TGO,THRUST,79999.563,29.6281177,0.7026921,27.95046,0,0.19681,2279.02589,2278.9324,-0.09349,0,0.00063,-0.02799,0,-0.03206,-0.02799,0,-0.03206,50.25298,0.0425633,0.00084698,80137.692,79974.985,-137.692,25.015,False,False,11.69416
286.4,TGO,THRUST,79999.584,29.6281186,0.702692,27.9504,0,0.1944,2279.02075,2278.93235,-0.0884,0,0.00059,-0.03493,0,-0.03029,-0.03493,0,-0.03029,50.25307,0.046234,0.00092002,80132.08,79974.578,-132.08,25.422,False,False,19.18493
286.54,TGO,THRUST,79999.598,29.6281159,0.7026921,27.95033,0,0.19196,2279.01507,2278.93232,-0.08275,0,0.00055,-0.03923,0,-0.02832,-0.03923,0,-0.02832,50.25317,0.0483851,0.00096283,80125.957,79974.028,-125.957,25.972,False,False,23.37117
286.7,TGO,THRUST,79999.605,29.6281113,0.7026922,27.95025,0,0.18891,2279.00808,2278.9323,-0.07578,0,0.00051,-0.04054,0,-0.02589,-0.04054,0,-0.02589,50.25329,0.0481026,0.0009572,80118.483,79973.279,-118.483,26.721,False,False,25.01194
286.84,TGO,THRUST,79999.604,29.6281068,0.7026922,27.95017,0,0.18602,2279.00186,2278.9323,-0.06956,0,0.00047,-0.03863,0,-0.02372,-0.03863,0,-0.02372,50.2534,0.0453315,0.00090206,80111.865,79972.57,-111.865,27.43,False,False,24.10471
286.98,TGO,THRUST,79999.597,29.6281026,0.7026923,27.9501,0,0.18301,2278.99583,2278.93231,-0.06353,0,0.00043,-0.03408,0,-0.02162,-0.03408,0,-0.02162,50.25351,0.0403571,0.00080307,80105.485,79971.859,-105.485,28.141,False,False,20.89305
287.12,TGO,THRUST,79999.584,29.6281002,0.7026923,27.95003,0,0.17998,2278.99034,2278.93232,-0.05802,0,0.00039,-0.02728,0,-0.0197,-0.02728,0,-0.0197,50.2536,0.0336503,0.00066961,80099.677,79971.21,-99.677,28.79,False,False,14.67036
287.28,TGO,THRUST,79999.566,29.6281014,0.7026923,27.94997,0,0.17664,2278.98511,2278.93235,-0.05276,0,0.00035,-0.01768,0,-0.01787,-0.01768,0,-0.01787,50.25369,0.0251399,0.00050026,80094.116,79970.64,-94.116,29.36,False,False,1.84598
287.42,TGO,THRUST,79999.553,29.6281035,0.7026923,27.94993,0,0.17382,2278.98163,2278.93238,-0.04925,0,0.00033,-0.00914,0,-0.01666,-0.00914,0,-0.01666,50.25375,0.0189997,0.00037807,80090.317,79970.385,-90.317,29.615,False,False,-17.23335
287.56,TGO,THRUST,79999.544,29.6281077,0.7026922,27.9499,0,0.17138,2278.97934,2278.9324,-0.04694,0,0.00031,-0.00223,0,-0.01586,-0.00223,0,-0.01586,50.2538,0.0160119,0.00031862,80087.698,79970.365,-87.698,29.635,False,False,-40.59447
287.7,TGO,THRUST,79999.542,29.6281108,0.7026922,27.94988,0,0.16925,2278.97784,2278.9324,-0.04544,0,0.0003,0.00196,0,-0.01534,0.00196,0,-0.01534,50.25383,0.0154617,0.00030767,80085.875,79970.5,-85.875,29.5,False,False,-58.06852
287.86,TGO,THRUST,79999.547,29.628114,0.7026922,27.94986,0,0.16704,2278.97651,2278.9324,-0.04411,0,0.0003,0.00369,0,-0.01488,0.00369,0,-0.01488,50.25388,0.015329,0.00030503,80084.188,79970.706,-84.188,29.294,False,False,-66.59723
288,TGO,THRUST,79999.557,29.6281166,0.7026921,27.94984,0,0.16512,2278.97546,2278.93239,-0.04307,0,0.00029,0.00295,0,-0.01452,0.00295,0,-0.01452,50.25391,0.0148178,0.00029486,80082.818,79970.915,-82.818,29.085,False,False,-65.31955
288.14,TGO,THRUST,79999.572,29.6281189,0.7026921,27.94983,0,0.16322,2278.97448,2278.93237,-0.04211,0,0.00028,0.0003,0,-0.01419,0.0003,0,-0.01419,50.25394,0.0141956,0.00028248,80081.514,79971.141,-81.514,28.859,False,False,-55.75117
288.28,TGO,THRUST,79999.592,29.6281209,0.7026921,27.94982,0,0.16138,2278.97358,2278.93234,-0.04123,0,0.00028,-0.00419,0,-0.01389,-0.00419,0,-0.01389,50.25398,0.0145096,0.00028872,80080.289,79971.375,-80.289,28.625,False,False,-38.02556
288.44,TGO,THRUST,79999.62,29.6281226,0.7026921,27.94981,0,0.15931,2278.97258,2278.9323,-0.04028,0,0.00027,-0.01147,0,-0.01357,-0.01147,0,-0.01357,50.25401,0.0177633,0.00035347,80078.937,79971.644,-78.937,28.356,False,False,-14.42745
288.58,TGO,THRUST,79999.649,29.6281227,0.7026921,27.94979,0,0.15737,2278.97161,2278.93226,-0.03935,0,0.00026,-0.01954,0,-0.01325,-0.01954,0,-0.01325,50.25405,0.0236041,0.00046969,80077.627,79971.877,-77.627,28.123,False,False,3.36418
288.72,TGO,THRUST,79999.678,29.628118,0.7026921,27.94978,0,0.15506,2278.97015,2278.93221,-0.03794,0,0.00025,-0.02839,0,-0.01276,-0.02839,0,-0.01276,50.2541,0.0311284,0.00061942,80075.801,79972.05,-75.801,27.95,False,False,13.05585
288.86,TGO,THRUST,79999.704,29.6281109,0.7026922,27.94975,0,0.15234,2278.96774,2278.93216,-0.03559,0,0.00024,-0.0362,0,-0.01194,-0.0362,0,-0.01194,50.25416,0.038122,0.00075858,80073.051,79972.015,-73.051,27.985,False,False,19.23798
289.02,TGO,THRUST,79999.726,29.6280996,0.7026922,27.94971,0,0.14843,2278.96396,2278.93211,-0.03184,0,0.00021,-0.04205,0,-0.01065,-0.04205,0,-0.01065,50.25426,0.0433753,0.00086312,80068.836,79971.804,-68.836,28.196,False,False,23.05931
289.16,TGO,THRUST,79999.74,29.6280877,0.7026923,27.94966,0,0.14444,2278.96006,2278.93209,-0.02797,0,0.00019,-0.04438,0,-0.00931,-0.04438,0,-0.00931,50.25435,0.0453403,0.00090222,80064.548,79971.518,-64.548,28.482,False,False,24.73447
289.3,TGO,THRUST,79999.748,29.6280741,0.7026924,27.94961,0,0.13996,2278.95579,2278.93207,-0.02372,0,0.00016,-0.04416,0,-0.00783,-0.04416,0,-0.00783,50.25445,0.0448472,0.0008924,80059.892,79971.161,-59.892,28.839,False,False,25.35792
289.44,TGO,THRUST,79999.752,29.6280598,0.7026925,27.94956,0,0.13527,2278.95149,2278.93206,-0.01943,0,0.00013,-0.04175,0,-0.00635,-0.04175,0,-0.00635,50.25455,0.0422305,0.00084033,80055.227,79970.765,-55.227,29.235,False,False,25.14209
289.6,TGO,THRUST,79999.75,29.6280438,0.7026926,27.94951,0,0.12992,2278.94684,2278.93205,-0.01479,0,0.0001,-0.03682,0,-0.00474,-0.03682,0,-0.00474,50.25466,0.0371193,0.00073862,80050.223,79970.313,-50.223,29.687,False,False,24.00445
289.74,TGO,THRUST,79999.742,29.6280311,0.7026926,27.94947,0,0.12542,2278.94321,2278.93206,-0.01115,0,7E-05,-0.03105,0,-0.00348,-0.03105,0,-0.00348,50.25475,0.0312432,0.0006217,80046.307,79969.965,-46.307,30.035,False,False,22.32415
289.88,TGO,THRUST,79999.73,29.6280213,0.7026927,27.94943,0,0.12133,2278.94025,2278.93208,-0.00817,0,5E-05,-0.02222,0,-0.00245,-0.02222,0,-0.00245,50.25482,0.0223565,0.00044486,80043.049,79969.733,-43.049,30.267,False,False,19.49113
290.02,TGO,THRUST,79999.725,29.6280134,0.7026927,27.94941,0,0.1178,2278.93813,2278.93209,-0.00604,0,4E-05,-0.01573,0,-0.00172,-0.01573,0,-0.00172,50.25488,0.0158186,0.00031477,80040.594,79969.717,-40.594,30.283,False,False,16.51136
290.18,TGO,THRUST,79999.721,29.6280069,0.7026927,27.94939,0,0.1148,2278.93678,2278.9321,-0.00468,0,3E-05,-0.01074,0,-0.00125,-0.01074,0,-0.00125,50.25492,0.0108086,0.00021508,80038.846,79969.931,-38.846,30.069,False,False,12.72005
290.32,TGO,THRUST,79999.722,29.628003,0.7026928,27.94939,0,0.11279,2278.93617,2278.93211,-0.00407,0,3E-05,-0.00823,0,-0.00104,-0.00823,0,-0.00104,50.25495,0.0082932,0.00016502,80037.881,79970.23,-37.881,29.77,False,False,9.43783
290.46,TGO,THRUST,79999.726,29.6280009,0.7026928,27.94938,0,0.11133,2278.93593,2278.9321,-0.00382,0,3E-05,-0.00758,0,-0.00097,-0.00758,0,-0.00097,50.25497,0.0076374,0.00015197,80037.317,79970.563,-37.317,29.437,False,False,7.03653
290.6,TGO,THRUST,79999.733,29.6280001,0.7026928,27.94938,0,0.11013,2278.93585,2278.93209,-0.00376,0,3E-05,-0.00844,0,-0.00095,-0.00844,0,-0.00095,50.25499,0.0084926,0.00016899,80036.945,79970.907,-36.945,29.093,False,False,5.89061
290.76,TGO,THRUST,79999.744,29.6280006,0.7026928,27.94938,0,0.10881,2278.93581,2278.93208,-0.00373,0,3E-05,-0.01069,0,-0.00094,-0.01069,0,-0.00094,50.25501,0.0107311,0.00021353,80036.563,79971.31,-36.563,28.69,False,False,5.41496
290.9,TGO,THRUST,79999.755,29.6280021,0.7026928,27.94938,0,0.10752,2278.93573,2278.93206,-0.00367,0,2E-05,-0.01325,0,-0.00093,-0.01325,0,-0.00093,50.25503,0.0132795,0.00026424,80036.159,79971.682,-36.159,28.318,False,False,5.15487
291.06,TGO,THRUST,79999.768,29.6280051,0.7026928,27.94938,0,0.10565,2278.93554,2278.93204,-0.0035,0,2E-05,-0.01626,0,-0.00087,-0.01626,0,-0.00087,50.25506,0.0162854,0.00032405,80035.517,79972.164,-35.517,27.836,False,False,4.80443
291.2,TGO,THRUST,79999.78,29.6280092,0.7026928,27.94938,0,0.1037,2278.93528,2278.93202,-0.00326,0,2E-05,-0.01879,0,-0.00079,-0.01879,0,-0.00079,50.2551,0.0188097,0.00037428,80034.794,79972.629,-34.794,27.371,False,False,4.45194
291.36,TGO,THRUST,79999.794,29.6280145,0.7026928,27.94937,0,0.10098,2278.93492,2278.93199,-0.00293,0,2E-05,-0.0213,0,-0.00069,-0.0213,0,-0.00069,50.25515,0.021309,0.00042402,80033.789,79973.278,-33.789,26.722,False,False,3.94506
291.5,TGO,THRUST,79999.807,29.6280192,0.7026928,27.94937,0,0.09827,2278.93463,2278.93197,-0.00265,0,2E-05,-0.02318,0,-0.0006,-0.02318,0,-0.0006,50.25519,0.0231921,0.00046149,80032.821,79973.948,-32.821,26.052,False,False,3.42705
291.64,TGO,THRUST,79999.819,29.6280237,0.7026928,27.94937,0,0.09524,2278.93436,2278.93195,-0.0024,0,2E-05,-0.02472,0,-0.00052,-0.02472,0,-0.00052,50.25524,0.0247235,0.00049196,80031.771,79974.728,-31.771,25.272,False,False,2.87673
291.78,TGO,THRUST,79999.831,29.6280275,0.7026928,27.94936,0,0.09194,2278.93413,2278.93193,-0.00219,0,1E-05,-0.02594,0,-0.00046,-0.02594,0,-0.00046,50.2553,0.025949,0.00051634,80030.672,79975.608,-30.672,24.392,False,False,2.32778
291.94,TGO,THRUST,79999.844,29.6280301,0.7026928,27.94936,0,0.08793,2278.93396,2278.93191,-0.00205,0,1E-05,-0.027,0,-0.00042,-0.027,0,-0.00042,50.25536,0.0269996,0.00053725,80029.398,79976.737,-29.398,23.263,False,False,1.72753
292.08,TGO,THRUST,79999.855,29.6280306,0.7026928,27.94936,0,0.08426,2278.93387,2278.93189,-0.00198,0,1E-05,-0.02765,0,-0.00041,-0.02765,0,-0.00041,50.25542,0.0276566,0.00055032,80028.273,79977.8,-28.273,22.2,False,False,1.28757
292.22,TGO,THRUST,79999.866,29.6280299,0.7026928,27.94936,0,0.08046,2278.9338,2278.93187,-0.00193,0,1E-05,-0.02805,0,-0.00041,-0.02805,0,-0.00041,50.25549,0.0280525,0.0005582,80027.126,79978.914,-27.126,21.086,False,False,-0.99134
292.36,TGO,THRUST,79999.877,29.6280285,0.7026928,27.94936,0,0.07659,2278.93375,2278.93185,-0.0019,0,1E-05,-0.02821,0,-0.00041,-0.02821,0,-0.00041,50.25555,0.0282151,0.00056143,80025.967,79980.061,-25.967,19.939,False,False,-0.88922
292.52,TGO,THRUST,79999.887,29.6280261,0.7026928,27.94936,0,0.07211,2278.93372,2278.93183,-0.00189,0,1E-05,-0.02813,0,-0.00042,-0.02813,0,-0.00042,50.25562,0.0281374,0.00055989,80024.64,79981.397,-24.64,18.603,False,False,-0.98872
292.66,TGO,THRUST,79999.89,29.6280238,0.7026928,27.94936,0,0.06818,2278.93373,2278.93183,-0.0019,0,1E-05,-0.0259,0,-0.00044,-0.0259,0,-0.00044,50.25568,0.0259015,0.00051539,80023.487,79982.575,-23.487,17.425,False,False,-1.19078
292.8,TGO,THRUST,79999.899,29.6280213,0.7026928,27.94936,0,0.06435,2278.93374,2278.93182,-0.00193,0,1E-05,-0.02455,0,-0.00046,-0.02455,0,-0.00046,50.25574,0.0245534,0.00048857,80022.374,79983.733,-22.374,16.267,False,False,-1.43964
292.94,TGO,THRUST,79999.907,29.6280188,0.7026928,27.94936,0,0.06079,2278.93377,2278.9318,-0.00197,0,1E-05,-0.02428,0,-0.00049,-0.02428,0,-0.00049,50.2558,0.0242807,0.00048314,80021.358,79984.817,-21.358,15.183,False,False,-1.67239
293.1,TGO,THRUST,79999.916,29.628016,0.7026928,27.94936,0,0.0569,2278.93382,2278.93179,-0.00204,0,1E-05,-0.02392,0,-0.00052,-0.02392,0,-0.00052,50.25586,0.0239261,0.00047609,80020.261,79986.013,-20.261,13.987,False,False,-1.91798
293.24,TGO,THRUST,79999.924,29.6280135,0.7026927,27.94936,0,0.05354,2278.93388,2278.93177,-0.00211,0,1E-05,-0.02346,0,-0.00056,-0.02346,0,-0.00056,50.25591,0.0234685,0.00046698,80019.322,79987.053,-19.322,12.947,False,False,-2.10991
293.38,TGO,THRUST,79999.931,29.6280108,0.7026927,27.94936,0,0.05023,2278.93395,2278.93176,-0.00219,0,1E-05,-0.02288,0,-0.0006,-0.02288,0,-0.0006,50.25597,0.0228919,0.00045551,80018.406,79988.077,-18.406,11.923,False,False,-2.2741
293.52,TGO,THRUST,79999.938,29.6280079,0.7026927,27.94936,0,0.04699,2278.93402,2278.93175,-0.00227,0,2E-05,-0.0222,0,-0.00064,-0.0222,0,-0.00064,50.25602,0.0222133,0.000442,80017.514,79989.08,-17.514,10.92,False,False,-2.40439
293.68,TGO,THRUST,79999.945,29.6280045,0.7026926,27.94936,0,0.04339,2278.9341,2278.93174,-0.00236,0,2E-05,-0.02133,0,-0.00068,-0.02133,0,-0.00068,50.25608,0.0213393,0.00042461,80016.527,79990.189,-16.527,9.811,False,False,-2.50466
293.82,TGO,THRUST,79999.95,29.6280013,0.7026926,27.94936,0,0.04033,2278.93416,2278.93173,-0.00243,0,2E-05,-0.02048,0,-0.00071,-0.02048,0,-0.00071,50.25613,0.0204942,0.00040779,80015.687,79991.122,-15.687,8.878,False,False,-2.54558
293.96,TGO,THRUST,79999.955,29.627998,0.7026926,27.94936,0,0.0374,2278.9342,2278.93172,-0.00248,0,2E-05,-0.0196,0,-0.00074,-0.0196,0,-0.00074,50.25617,0.0196141,0.00039028,80014.875,79992.01,-14.875,7.99,False,False,-2.53953
294.1,TGO,THRUST,79999.96,29.6279946,0.7026925,27.94935,0,0.03458,2278.93423,2278.93171,-0.00252,0,2E-05,-0.01869,0,-0.00077,-0.01869,0,-0.00077,50.25622,0.0187051,0.0003722,80014.087,79992.85,-14.087,7.15,False,False,-2.48637
294.26,TGO,THRUST,79999.965,29.6279902,0.7026925,27.94935,0,0.03152,2278.93419,2278.9317,-0.00249,0,2E-05,-0.01763,0,-0.00076,-0.01763,0,-0.00076,50.25626,0.0176514,0.00035123,80013.182,79993.727,-13.182,6.273,False,False,-2.35008
294.4,TGO,THRUST,79999.97,29.6279867,0.7026924,27.94935,0,0.02896,2278.9341,2278.93169,-0.00241,0,2E-05,-0.01669,0,-0.00075,-0.01669,0,-0.00075,50.2563,0.0167116,0.00033253,80012.393,79994.435,-12.393,5.565,False,False,-2.19368
294.54,TGO,THRUST,79999.973,29.6279837,0.7026924,27.94935,0,0.02654,2278.934,2278.93169,-0.00232,0,2E-05,-0.01578,0,-0.00072,-0.01578,0,-0.00072,50.25634,0.0157935,0.00031426,80011.631,79995.091,-11.631,4.909,False,False,-2.03284
294.68,TGO,THRUST,79999.977,29.6279811,0.7026923,27.94934,0,0.02425,2278.93388,2278.93168,-0.0022,0,1E-05,-0.01488,0,-0.00069,-0.01488,0,-0.00069,50.25638,0.0148922,0.00029632,80010.892,79995.697,-10.892,4.303,False,False,-1.88987
294.84,TGO,THRUST,79999.981,29.6279787,0.7026923,27.94934,0,0.02179,2278.93372,2278.93167,-0.00204,0,1E-05,-0.01387,0,-0.00064,-0.01387,0,-0.00064,50.25642,0.013888,0.00027634,80010.077,79996.333,-10.077,3.667,False,False,-1.77624
294.98,TGO,THRUST,79999.984,29.627977,0.7026923,27.94934,0,0.01976,2278.93356,2278.93167,-0.00189,0,1E-05,-0.013,0,-0.0006,-0.013,0,-0.0006,50.25645,0.0130154,0.00025898,80009.389,79996.848,-9.389,3.152,False,False,-1.73638
295.14,TGO,THRUST,79999.987,29.6279755,0.7026923,27.94933,0,0.01761,2278.93338,2278.93166,-0.00171,0,1E-05,-0.01205,0,-0.00054,-0.01205,0,-0.00054,50.25648,0.0120592,0.00023995,80008.645,79997.383,-8.645,2.617,False,False,-1.76155
295.3,TGO,THRUST,79999.989,29.6279744,0.7026922,27.94933,0,0.0156,2278.93319,2278.93166,-0.00153,0,1E-05,-0.01111,0,-0.00048,-0.01111,0,-0.00048,50.25651,0.0111162,0.00022119,80007.941,79997.874,-7.941,2.126,False,False,-1.84388
295.46,TGO,THRUST,79999.992,29.6279735,0.7026922,27.94933,0,0.01374,2278.93301,2278.93165,-0.00135,0,1E-05,-0.01019,0,-0.00043,-0.01019,0,-0.00043,50.25654,0.0101973,0.0002029,80007.284,79998.321,-7.284,1.679,False,False,-1.95735
295.62,TGO,THRUST,79999.994,29.6279728,0.7026922,27.94932,0,0.01203,2278.93283,2278.93165,-0.00118,0,1E-05,-0.0093,0,-0.00037,-0.0093,0,-0.00037,50.25657,0.0093049,0.00018515,80006.678,79998.727,-6.678,1.273,False,False,-2.07774
295.78,TGO,THRUST,79999.995,29.6279723,0.7026922,27.94932,0,0.01047,2278.93267,2278.93165,-0.00102,0,1E-05,-0.00844,0,-0.00032,-0.00844,0,-0.00032,50.2566,0.0084416,0.00016797,80006.124,79999.094,-6.124,0.906,False,False,-2.1876
295.94,TGO,THRUST,79999.997,29.6279718,0.7026922,27.94932,0,0.00904,2278.93252,2278.93164,-0.00088,0,1E-05,-0.00761,0,-0.00028,-0.00761,0,-0.00028,50.25661,0.0076116,0.00015145,80005.624,79999.424,-5.624,0.576,False,False,-2.27636
296.1,TGO,THRUST,79999.998,29.6279714,0.7026922,27.94932,0,0.00776,2278.93239,2278.93164,-0.00075,0,1E-05,-0.00682,0,-0.00024,-0.00682,0,-0.00024,50.25664,0.0068194,0.00013569,80005.179,79999.718,-5.179,0.282,False,False,-2.33863
296.26,TGO,THRUST,79999.999,29.6279711,0.7026922,107167.96794,0.00026,0.0066,2278.93228,2278.93164,-0.00064,0,0,-0.00607,0,-0.0002,-0.00607,0,-0.0002,50.25666,0.0060698,0.00012078,80004.787,79999.977,-4.787,0.023,False,False,-2.36812
296.42,TGO,THRUST,80000,29.6279707,0.7026922,35097.28547,0.0008,0.00556,2278.93218,2278.93164,-0.00054,0,0,-0.00536,0,-0.00017,-0.00536,0,-0.00017,50.25667,0.0053669,0.00010679,80004.447,80000.203,-4.447,-0.203,False,False,-2.37082
296.58,TGO,THRUST,80000.001,29.6279704,0.7026922,20984.5349,0.00133,0.00464,2278.93209,2278.93164,-0.00046,0,0,-0.00471,0,-0.00014,-0.00471,0,-0.00014,50.25669,0.0047139,9.38E-05,80004.159,80000.395,-4.159,-0.395,False,False,-2.34536
296.74,TGO,THRUST,80000.001,29.62797,0.7026921,14966.26557,0.00187,0.00383,2278.93202,2278.93164,-0.00039,0,0,-0.00411,0,-0.00012,-0.00411,0,-0.00012,50.2567,0.0041128,8.184E-05,80003.918,80000.555,-3.918,-0.555,False,False,-2.29221
296.9,TGO,THRUST,80000.001,29.6279697,0.7026921,11630.49229,0.0024,0.00312,2278.93197,2278.93164,-0.00033,0,0,-0.00356,0,-0.00011,-0.00356,0,-0.00011,50.25671,0.0035644,7.092E-05,80003.722,80000.685,-3.722,-0.685,False,False,-2.21068
297.06,TGO,THRUST,80000.002,29.6279694,0.7026921,9510.55376,0.00294,0.0025,2278.93192,2278.93164,-0.00029,0,0,-0.00307,0,-9E-05,-0.00307,0,-9E-05,50.25672,0.0030685,6.106E-05,80003.568,80000.787,-3.568,-0.787,False,False,-2.099
297.22,TGO,THRUST,80000.002,29.6279692,0.7026921,8044.16539,0.00347,0.00197,2278.93189,2278.93164,-0.00025,0,0,-0.00262,0,-8E-05,-0.00262,0,-8E-05,50.25672,0.0026242,5.222E-05,80003.451,80000.864,-3.451,-0.864,False,False,-1.95304
297.38,TGO,THRUST,80000.002,29.627969,0.7026921,6969.46091,0.00401,0.00151,2278.93186,2278.93164,-0.00023,0,0,-0.00223,0,-7E-05,-0.00223,0,-7E-05,50.25673,0.00223,4.437E-05,80003.366,80000.919,-3.366,-0.919,False,False,-1.76547
297.54,TGO,THRUST,80000.002,29.6279688,0.7026921,6147.98579,0.00455,0.00111,2278.93184,2278.93163,-0.00021,0,0,-0.00188,0,-7E-05,-0.00188,0,-7E-05,50.25674,0.0018841,3.749E-05,80003.308,80000.957,-3.308,-0.957,False,False,-1.5245
297.72,TGO,COAST,80000.002,29.6279686,0.7026921,5499.67325,0.00508,0.00078,2278.93184,2278.93163,-0.0002,0,0,-0.00158,0,-7E-05,-0.00158,0,-7E-05,50.25674,0.0015849,0,80003.275,80000.981,-3.275,-0.981,False,False,-1.50277
297.86,TGO,COAST,80000.002,29.6279685,0.7026921,4974.94405,0.00562,0.0006,2278.93184,2278.93163,-0.0002,0,0,-0.00143,0,-7E-05,-0.00143,0,-7E-05,50.25675,0.0014267,0,80003.266,80000.991,-3.266,-0.991,False,False,-1.49883
298.02,TGO,COAST,80000.002,29.6279685,0.7026921,4541.5223,0.00615,0.0006,2278.93184,2278.93163,-0.00021,0,0,-0.00146,0,-7E-05,-0.00146,0,-7E-05,50.25675,0.0014602,0,80003.271,80000.991,-3.271,-0.991,False,False,-1.50174
298.16,TGO,COAST,80000.002,29.6279685,0.7026921,4219.82511,0.00662,0.0006,2278.93184,2278.93163,-0.0002,0,0,-0.00149,0,-7E-05,-0.00149,0,-7E-05,50.25675,0.0014911,0,80003.269,80000.991,-3.269,-0.991,False,False,-1.50499
298.3,TGO,COAST,80000.002,29.6279685,0.7026921,3940.6754,0.00709,0.0006,2278.93183,2278.93163,-0.0002,0,0,-0.00152,0,-7E-05,-0.00152,0,-7E-05,50.25675,0.0015213,0,80003.264,80000.991,-3.264,-0.991,False,False,-1.50533
298.44,TGO,COAST,80000.003,29.6279685,0.7026921,3696.15765,0.00756,0.0006,2278.93183,2278.93163,-0.00019,0,0,-0.00155,0,-7E-05,-0.00155,0,-7E-05,50.25675,0.0015495,0,80003.258,80000.991,-3.258,-0.991,False,False,-1.50081
298.6,TGO,COAST,80000.003,29.6279686,0.7026921,3451.39876,0.0081,0.00061,2278.93182,2278.93163,-0.00019,0,0,-0.00158,0,-6E-05,-0.00158,0,-6E-05,50.25675,0.0015785,0,80003.25,80000.991,-3.25,-0.991,False,False,-1.48871
298.74,TGO,COAST,80000.003,29.6279686,0.7026921,3262.36513,0.00857,0.00061,2278.93182,2278.93163,-0.00018,0,0,-0.0016,0,-6E-05,-0.0016,0,-6E-05,50.25675,0.0016009,0,80003.243,80000.991,-3.243,-0.991,False,False,-1.47208
298.88,TGO,COAST,80000.003,29.6279686,0.7026921,3092.96138,0.00904,0.00061,2278.93181,2278.93163,-0.00018,0,0,-0.00162,0,-6E-05,-0.00162,0,-6E-05,50.25675,0.0016209,0,80003.237,80000.991,-3.237,-0.991,False,False,-1.4504
299.02,TGO,COAST,80000.003,29.6279687,0.7026921,2940.28117,0.00951,0.00061,2278.93181,2278.93163,-0.00017,0,0,-0.00164,0,-6E-05,-0.00164,0,-6E-05,50.25675,0.0016389,0,80003.232,80000.991,-3.232,-0.991,False,False,-1.42457
299.18,TGO,COAST,80000.003,29.6279687,0.7026921,2783.26164,0.01004,0.00061,2278.9318,2278.93163,-0.00017,0,0,-0.00166,0,-6E-05,-0.00166,0,-6E-05,50.25675,0.0016575,0,80003.227,80000.991,-3.227,-0.991,False,False,-1.39129
299.32,TGO,COAST,80000.003,29.6279688,0.7026921,2659.01314,0.01051,0.00061,2278.9318,2278.93163,-0.00016,0,0,-0.00167,0,-6E-05,-0.00167,0,-6E-05,50.25675,0.0016728,0,80003.224,80000.991,-3.224,-0.991,False,False,-1.3598
299.46,TGO,COAST,80000.003,29.6279688,0.7026921,2545.38472,0.01098,0.00062,2278.9318,2278.93163,-0.00016,0,0,-0.00169,0,-5E-05,-0.00169,0,-5E-05,50.25675,0.0016876,0,80003.222,80000.991,-3.222,-0.991,False,False,-1.32652
299.6,TGO,COAST,80000.003,29.6279688,0.7026921,2441.07072,0.01145,0.00062,2278.93179,2278.93163,-0.00016,0,0,-0.0017,0,-5E-05,-0.0017,0,-5E-05,50.25675,0.0017019,0,80003.22,80000.991,-3.22,-0.991,False,False,-1.29236
299.76,TGO,COAST,80000.003,29.6279688,0.7026921,2331.85768,0.01199,0.00062,2278.93179,2278.93163,-0.00016,0,0,-0.00172,0,-5E-05,-0.00172,0,-5E-05,50.25675,0.0017185,0,80003.219,80000.991,-3.219,-0.991,False,False,-1.25289
299.9,TGO,COAST,80000.003,29.6279689,0.7026921,2244.01063,0.01246,0.00062,2278.93179,2278.93163,-0.00016,0,0,-0.00173,0,-5E-05,-0.00173,0,-5E-05,50.25675,0.0017333,0,80003.218,80000.991,-3.218,-0.991,False,False,-1.21849
300.04,TGO,COAST,80000.003,29.6279689,0.7026921,2162.542,0.01292,0.00062,2278.93179,2278.93163,-0.00016,0,0,-0.00175,0,-5E-05,-0.00175,0,-5E-05,50.25675,0.0017486,0,80003.218,80000.991,-3.218,-0.991,False,False,-1.18453
300.18,TGO,COAST,80000.003,29.6279689,0.7026921,2086.78317,0.01339,0.00062,2278.93179,2278.93163,-0.00016,0,0,-0.00176,0,-5E-05,-0.00176,0,-5E-05,50.25675,0.0017644,0,80003.218,80000.991,-3.218,-0.991,False,False,-1.15106
300.34,TGO,COAST,80000.003,29.6279689,0.7026921,2006.45215,0.01393,0.00063,2278.93179,2278.93163,-0.00016,0,0,-0.00178,0,-5E-05,-0.00178,0,-5E-05,50.25675,0.0017832,0,80003.218,80000.991,-3.218,-0.991,False,False,-1.1135
300.48,TGO,COAST,80000.003,29.6279689,0.7026921,1941.07107,0.0144,0.00063,2278.93179,2278.93163,-0.00016,0,0,-0.0018,0,-5E-05,-0.0018,0,-5E-05,50.25675,0.0018004,0,80003.218,80000.991,-3.218,-0.991,False,False,-1.08125
300.62,TGO,COAST,80000.003,29.6279689,0.7026921,1879.8168,0.01487,0.00063,2278.93179,2278.93163,-0.00016,0,0,-0.00182,0,-5E-05,-0.00182,0,-5E-05,50.25675,0.0018181,0,80003.219,80000.991,-3.219,-0.991,False,False,-1.04957
300.76,TGO,COAST,80000.003,29.6279689,0.7026921,1822.31055,0.01534,0.00063,2278.93179,2278.93163,-0.00016,0,0,-0.00184,0,-5E-05,-0.00184,0,-5E-05,50.25675,0.0018365,0,80003.219,80000.991,-3.219,-0.991,False,False,-1.01847
300.92,TGO,COAST,80000.003,29.6279689,0.7026921,1760.75202,0.01587,0.00063,2278.93179,2278.93163,-0.00016,0,0,-0.00186,0,-5E-05,-0.00186,0,-5E-05,50.25675,0.0018583,0,80003.219,80000.991,-3.219,-0.991,False,False,-0.98361
301.06,TGO,COAST,80000.003,29.6279689,0.7026921,1710.202,0.01634,0.00063,2278.93179,2278.93163,-0.00016,0,0,-0.00188,0,-5E-05,-0.00188,0,-5E-05,50.25675,0.0018779,0,80003.22,80000.991,-3.22,-0.991,False,False,-0.95367
301.2,TGO,COAST,80000.003,29.6279689,0.7026921,1662.47351,0.01681,0.00064,2278.93179,2278.93163,-0.00016,0,0,-0.0019,0,-5E-05,-0.0019,0,-5E-05,50.25675,0.0018982,0,80003.22,80000.991,-3.22,-0.991,False,False,-0.92423
301.34,TGO,COAST,80000.003,29.6279689,0.7026921,1617.33668,0.01728,0.00064,2278.93179,2278.93163,-0.00016,0,0,-0.00192,0,-5E-05,-0.00192,0,-5E-05,50.25675,0.001919,0,80003.221,80000.991,-3.221,-0.991,False,False,-0.89519
301.5,TGO,COAST,80000.004,29.6279689,0.7026921,1568.66229,0.01782,0.00064,2278.93179,2278.93163,-0.00016,0,0,-0.00194,0,-5E-05,-0.00194,0,-5E-05,50.25675,0.0019434,0,80003.221,80000.991,-3.221,-0.991,False,False,-0.86256
301.64,TGO,COAST,80000.004,29.6279689,0.7026921,1528.41331,0.01829,0.00064,2278.93179,2278.93163,-0.00016,0,0,-0.00196,0,-5E-05,-0.00196,0,-5E-05,50.25675,0.0019653,0,80003.222,80000.991,-3.222,-0.991,False,False,-0.83467
301.78,TGO,COAST,80000.004,29.6279689,0.7026921,1490.17827,0.01876,0.00064,2278.93179,2278.93163,-0.00016,0,0,-0.00199,0,-5E-05,-0.00199,0,-5E-05,50.25675,0.0019878,0,80003.222,80000.991,-3.222,-0.991,False,False,-0.80739
301.92,TGO,COAST,80000.004,29.6279689,0.7026921,1453.80946,0.01922,0.00065,2278.93179,2278.93163,-0.00016,0,0,-0.00201,0,-5E-05,-0.00201,0,-5E-05,50.25675,0.0020108,0,80003.223,80000.991,-3.223,-0.991,False,False,-0.78071
302.08,TGO,COAST,80000.004,29.6279689,0.7026921,1414.36003,0.01976,0.00065,2278.93179,2278.93163,-0.00016,0,0,-0.00204,0,-5E-05,-0.00204,0,-5E-05,50.25675,0.0020376,0,80003.224,80000.991,-3.224,-0.991,False,False,-0.75102
302.22,TGO,COAST,80000.004,29.6279689,0.7026921,1381.55746,0.02023,0.00065,2278.93179,2278.93163,-0.00016,0,0,-0.00206,0,-5E-05,-0.00206,0,-5E-05,50.25675,0.0020618,0,80003.224,80000.991,-3.224,-0.991,False,False,-0.72572
302.36,TGO,COAST,80000.004,29.6279689,0.7026921,1350.24177,0.0207,0.00065,2278.93179,2278.93163,-0.00016,0,0,-0.00209,0,-5E-05,-0.00209,0,-5E-05,50.25675,0.0020863,0,80003.225,80000.991,-3.225,-0.991,False,False,-0.70109
302.5,TGO,COAST,80000.004,29.6279689,0.7026921,1320.31436,0.02117,0.00065,2278.93179,2278.93163,-0.00016,0,0,-0.00211,0,-5E-05,-0.00211,0,-5E-05,50.25675,0.0021114,0,80003.226,80000.991,-3.226,-0.991,False,False,-0.67716
302.66,TGO,COAST,80000.004,29.627969,0.7026921,1287.6961,0.02171,0.00065,2278.93179,2278.93163,-0.00016,0,0,-0.00214,0,-5E-05,-0.00214,0,-5E-05,50.25675,0.0021408,0,80003.226,80000.991,-3.226,-0.991,False,False,-0.65062
302.8,TGO,COAST,80000.004,29.627969,0.7026921,1260.4494,0.02217,0.00066,2278.93179,2278.93163,-0.00016,0,0,-0.00217,0,-5E-05,-0.00217,0,-5E-05,50.25675,0.002167,0,80003.227,80000.991,-3.227,-0.991,False,False,-0.62809
302.94,TGO,COAST,80000.004,29.627969,0.7026921,1234.33179,0.02264,0.00066,2278.93179,2278.93163,-0.00016,0,0,-0.00219,0,-5E-05,-0.00219,0,-5E-05,50.25675,0.0021936,0,80003.228,80000.991,-3.228,-0.991,False,False,-0.60623
303.08,TGO,COAST,80000.004,29.627969,0.7026921,1209.27452,0.02311,0.00066,2278.93179,2278.93163,-0.00016,0,0,-0.00222,0,-5E-05,-0.00222,0,-5E-05,50.25675,0.0022207,0,80003.229,80000.991,-3.229,-0.991,False,False,-0.58499
303.24,TGO,COAST,80000.003,29.627969,0.7026921,1181.8554,0.02365,0.00066,2278.93179,2278.93163,-0.00016,0,0,-0.00225,0,-5E-05,-0.00225,0,-5E-05,50.25675,0.0022523,0,80003.23,80000.991,-3.23,-0.991,False,False,-0.56156
303.38,TGO,COAST,79999.997,29.627969,0.7026922,1158.85939,0.02412,0.00066,2278.93181,2278.93164,-0.00017,0,0,-0.00032,0,-6E-05,-0.00032,0,-6E-05,50.25675,0.0003241,0,80003.232,80000.986,-3.232,-0.986,False,False,-0.54168
303.52,TGO,COAST,79999.997,29.627969,0.7026922,1136.74352,0.02459,0.00066,2278.93182,2278.93164,-0.00017,0,0,0.00063,0,-6E-05,0.00063,0,-6E-05,50.25675,0.0006355,0,80003.234,80000.983,-3.234,-0.983,False,False,-0.52245
303.66,TGO,COAST,79999.997,29.627969,0.7026922,1115.4579,0.02506,0.00067,2278.93182,2278.93164,-0.00017,0,0,0.0006,0,-6E-05,0.0006,0,-6E-05,50.25675,0.0006068,0,80003.235,80000.983,-3.235,-0.983,False,False,-0.50385
303.82,TGO,COAST,79999.997,29.627969,0.7026922,1092.08737,0.02559,0.00067,2278.93182,2278.93164,-0.00017,0,0,0.00057,0,-6E-05,0.00057,0,-6E-05,50.25675,0.0005733,0,80003.236,80000.983,-3.236,-0.983,False,False,-0.48332
303.96,TGO,COAST,79999.997,29.627969,0.7026922,1072.42708,0.02606,0.00067,2278.93182,2278.93164,-0.00017,0,0,0.00054,0,-6E-05,0.00054,0,-6E-05,50.25675,0.0005438,0,80003.237,80000.983,-3.237,-0.983,False,False,-0.46598
304.1,TGO,COAST,79999.997,29.627969,0.7026922,1053.46224,0.02653,0.00067,2278.93182,2278.93164,-0.00018,0,0,0.00051,0,-6E-05,0.00051,0,-6E-05,50.25675,0.0005137,0,80003.238,80000.983,-3.238,-0.983,False,False,-0.44917
304.24,TGO,COAST,79999.997,29.627969,0.7026922,1035.15661,0.027,0.00067,2278.93182,2278.93164,-0.00018,0,0,0.00048,0,-6E-05,0.00048,0,-6E-05,50.25675,0.0004834,0,80003.239,80000.983,-3.239,-0.983,False,False,-0.43291
304.4,TGO,COAST,79999.997,29.627969,0.7026922,1014.99981,0.02754,0.00068,2278.93182,2278.93164,-0.00018,0,0,0.00044,0,-6E-05,0.00044,0,-6E-05,50.25675,0.0004484,0,80003.24,80000.983,-3.24,-0.983,False,False,-0.41498
304.54,TGO,COAST,79999.997,29.627969,0.7026922,997.99579,0.02801,0.00068,2278.93182,2278.93164,-0.00018,0,0,0.00041,0,-6E-05,0.00041,0,-6E-05,50.25675,0.0004174,0,80003.241,80000.983,-3.241,-0.983,False,False,-0.39986
304.68,TGO,COAST,79999.997,29.627969,0.7026922,981.55228,0.02847,0.00068,2278.93182,2278.93164,-0.00018,0,0,0.00038,0,-6E-05,0.00038,0,-6E-05,50.25675,0.0003861,0,80003.242,80000.983,-3.242,-0.983,False,False,-0.38529
304.82,TGO,COAST,79999.997,29.627969,0.7026922,965.6419,0.02894,0.00068,2278.93182,2278.93164,-0.00018,0,0,0.00035,0,-6E-05,0.00035,0,-6E-05,50.25675,0.0003546,0,80003.243,80000.983,-3.243,-0.983,False,False,-0.37124
304.98,TGO,COAST,79999.997,29.627969,0.7026922,948.07886,0.02948,0.00068,2278.93182,2278.93164,-0.00018,0,0,0.00031,0,-6E-05,0.00031,0,-6E-05,50.25675,0.0003182,0,80003.244,80000.983,-3.244,-0.983,False,False,-0.35583
305.12,TGO,COAST,79999.997,29.627969,0.7026922,933.22716,0.02995,0.00068,2278.93182,2278.93164,-0.00018,0,0,0.00028,0,-6E-05,0.00028,0,-6E-05,50.25675,0.0002862,0,80003.245,80000.983,-3.245,-0.983,False,False,-0.34291
305.26,TGO,COAST,79999.998,29.627969,0.7026922,918.83363,0.03042,0.00069,2278.93182,2278.93164,-0.00018,0,0,0.00025,0,-6E-05,0.00025,0,-6E-05,50.25675,0.0002541,0,80003.246,80000.983,-3.246,-0.983,False,False,-0.3305
305.4,TGO,COAST,79999.998,29.627969,0.7026922,904.87748,0.03089,0.00069,2278.93182,2278.93164,-0.00018,0,0,0.00021,0,-6E-05,0.00021,0,-6E-05,50.25675,0.000222,0,80003.247,80000.983,-3.247,-0.983,False,False,-0.31862
305.56,TGO,COAST,79999.998,29.627969,0.7026922,889.43807,0.03142,0.00069,2278.93183,2278.93164,-0.00018,0,0,0.00017,0,-6E-05,0.00017,0,-6E-05,50.25675,0.0001854,0,80003.249,80000.983,-3.249,-0.983,False,False,-0.30568
305.7,TGO,COAST,79999.998,29.627969,0.7026922,876.35445,0.03189,0.00069,2278.93183,2278.93164,-0.00018,0,0,0.00014,0,-6E-05,0.00014,0,-6E-05,50.25675,0.0001539,0,80003.25,80000.984,-3.25,-0.984,False,False,-0.29488
305.84,TGO,COAST,79999.998,29.627969,0.7026922,863.65031,0.03236,0.00069,2278.93183,2278.93164,-0.00019,0,0,0.00011,0,-6E-05,0.00011,0,-6E-05,50.25675,0.0001235,0,80003.252,80000.984,-3.252,-0.984,False,False,-0.28461
305.98,TGO,COAST,79999.998,29.627969,0.7026922,851.30934,0.03283,0.00069,2278.93183,2278.93164,-0.00019,0,0,7E-05,0,-6E-05,7E-05,0,-6E-05,50.25675,9.55E-05,0,80003.253,80000.984,-3.253,-0.984,False,False,-0.27484
306.14,TGO,COAST,79999.998,29.627969,0.7026922,837.63038,0.03337,0.0007,2278.93183,2278.93164,-0.00019,0,0,3E-05,0,-6E-05,3E-05,0,-6E-05,50.25675,7.1E-05,0,80003.255,80000.984,-3.255,-0.984,False,False,-0.26432
306.28,TGO,COAST,79999.998,29.627969,0.7026922,826.01705,0.03384,0.0007,2278.93183,2278.93164,-0.00019,0,0,0,0,-6E-05,0,0,-6E-05,50.25675,6.4E-05,0,80003.257,80000.984,-3.257,-0.984,False,False,-0.25567
306.42,TGO,COAST,79999.998,29.627969,0.7026922,814.72148,0.03431,0.0007,2278.93183,2278.93164,-0.00019,0,0,-4E-05,0,-6E-05,-4E-05,0,-6E-05,50.25675,7.51E-05,0,80003.259,80000.984,-3.259,-0.984,False,False,-0.2475
306.56,TGO,COAST,79999.998,29.627969,0.7026922,803.73082,0.03477,0.0007,2278.93183,2278.93164,-0.00019,0,0,-7E-05,0,-7E-05,-7E-05,0,-7E-05,50.25675,9.87E-05,0,80003.262,80000.984,-3.262,-0.984,False,False,-0.23982
306.72,TGO,COAST,79999.998,29.627969,0.7026922,791.52776,0.03531,0.0007,2278.93184,2278.93164,-0.00019,0,0,-0.00012,0,-7E-05,-0.00012,0,-7E-05,50.25675,0.0001328,0,80003.264,80000.984,-3.264,-0.984,False,False,-0.23166
306.86,TGO,COAST,79999.999,29.627969,0.7026922,781.15021,0.03578,0.00071,2278.93184,2278.93164,-0.0002,0,0,-0.00015,0,-7E-05,-0.00015,0,-7E-05,50.25675,0.0001656,0,80003.267,80000.984,-3.267,-0.984,False,False,-0.22481
307,TGO,COAST,79999.999,29.627969,0.7026922,771.0414,0.03625,0.00071,2278.93184,2278.93164,-0.0002,0,0,-0.00019,0,-7E-05,-0.00019,0,-7E-05,50.25675,0.0001998,0,80003.27,80000.984,-3.27,-0.984,False,False,-0.21801
307.14,TGO,COAST,79999.999,29.627969,0.7026922,761.19101,0.03672,0.00071,2278.93184,2278.93164,-0.0002,0,0,-0.00022,0,-7E-05,-0.00022,0,-7E-05,50.25675,0.0002349,0,80003.273,80000.984,-3.273,-0.984,False,False,-0.21131
307.3,TGO,COAST,79999.999,29.6279689,0.7026922,750.23749,0.03725,0.00071,2278.93184,2278.93164,-0.0002,0,0,-0.00027,0,-7E-05,-0.00027,0,-7E-05,50.25675,0.0002758,0,80003.277,80000.984,-3.277,-0.984,False,False,-0.20374
307.44,TGO,COAST,79999.999,29.6279689,0.7026922,740.90874,0.03772,0.00071,2278.93185,2278.93164,-0.00021,0,0,-0.0003,0,-7E-05,-0.0003,0,-7E-05,50.25675,0.0003121,0,80003.281,80000.984,-3.281,-0.984,False,False,-0.19723
307.58,TGO,COAST,79999.999,29.6279689,0.7026922,731.80938,0.03819,0.00071,2278.93185,2278.93164,-0.00021,0,0,-0.00034,0,-7E-05,-0.00034,0,-7E-05,50.25675,0.0003488,0,80003.286,80000.984,-3.286,-0.984,False,False,-0.19083
307.72,TGO,COAST,79999.999,29.6279689,0.7026922,722.93106,0.03866,0.00072,2278.93186,2278.93164,-0.00022,0,0,-0.00038,0,-7E-05,-0.00038,0,-7E-05,50.25675,0.000386,0,80003.292,80000.984,-3.292,-0.984,False,False,-0.18464
307.88,TGO,COAST,79999.999,29.6279688,0.7026922,713.04507,0.0392,0.00072,2278.93186,2278.93164,-0.00022,0,0,-0.00042,0,-8E-05,-0.00042,0,-8E-05,50.25675,0.0004288,0,80003.3,80000.984,-3.3,-0.984,False,False,-0.17764
308.02,TGO,COAST,79999.999,29.6279688,0.7026922,704.61442,0.03967,0.00072,2278.93187,2278.93164,-0.00023,0,0,-0.00046,0,-8E-05,-0.00046,0,-8E-05,50.25675,0.0004666,0,80003.309,80000.984,-3.309,-0.984,False,False,-0.17167
308.16,TGO,COAST,79999.999,29.6279687,0.7026922,696.38143,0.04014,0.00072,2278.93188,2278.93164,-0.00024,0,0,-0.0005,0,-8E-05,-0.0005,0,-8E-05,50.25675,0.0005049,0,80003.32,80000.984,-3.32,-0.984,False,False,-0.16585
308.3,TGO,COAST,80000,29.6279686,0.7026922,688.33932,0.0406,0.00072,2278.93189,2278.93164,-0.00025,0,0,-0.00054,0,-9E-05,-0.00054,0,-9E-05,50.25675,0.0005435,0,80003.333,80000.984,-3.333,-0.984,False,False,-0.16013
308.46,TGO,COAST,80000,29.6279685,0.7026921,679.37423,0.04114,0.00073,2278.93191,2278.93164,-0.00027,0,0,-0.00058,0,-9E-05,-0.00058,0,-9E-05,50.25675,0.000588,0,80003.352,80000.984,-3.352,-0.984,False,False,-0.15367
308.6,TGO,COAST,80000,29.6279683,0.7026921,671.72074,0.04161,0.00073,2278.93192,2278.93164,-0.00028,0,0,-0.00062,0,-0.0001,-0.00062,0,-0.0001,50.25675,0.0006274,0,80003.374,80000.985,-3.374,-0.985,False,False,-0.14808
308.74,TGO,COAST,80000,29.627968,0.7026921,664.2402,0.04208,0.00073,2278.93195,2278.93164,-0.00031,0,0,-0.00066,0,-0.00011,-0.00066,0,-0.00011,50.25675,0.0006674,0,80003.402,80000.985,-3.402,-0.985,False,False,-0.14241
308.88,TGO,COAST,80000,29.6279676,0.7026921,656.92798,0.04255,0.00073,2278.93198,2278.93164,-0.00034,0,0,-0.0007,0,-0.00012,-0.0007,0,-0.00012,50.25675,0.000708,0,80003.439,80000.985,-3.439,-0.985,False,False,-0.13662
309.04,TGO,COAST,80000,29.6279669,0.702692,648.7731,0.04308,0.00073,2278.93203,2278.93164,-0.00039,0,0,-0.00074,0,-0.00013,-0.00074,0,-0.00013,50.25675,0.0007558,0,80003.497,80000.986,-3.497,-0.986,False,False,-0.12966
309.18,TGO,COAST,80000,29.6279658,0.7026919,641.81183,0.04355,0.00073,2278.93208,2278.93164,-0.00044,0,0,-0.00078,0,-0.00015,-0.00078,0,-0.00015,50.25675,0.0007986,0,80003.563,80000.986,-3.563,-0.986,False,False,-0.12292
309.32,TGO,COAST,80000,29.6279645,0.7026918,635.00681,0.04401,0.00074,2278.93213,2278.93164,-0.00049,0,0,-0.00082,0,-0.00017,-0.00082,0,-0.00017,50.25675,0.0008415,0,80003.623,80000.987,-3.623,-0.987,False,False,-0.11593
309.46,TGO,COAST,80000,29.6279633,0.7026918,628.34038,0.04448,0.00074,2278.93214,2278.93164,-0.0005,0,0,-0.00086,0,-0.00017,-0.00086,0,-0.00017,50.25675,0.0008817,0,80003.633,80000.987,-3.633,-0.987,False,False,-0.10931
309.62,TGO,COAST,80000.001,29.6279624,0.7026917,620.8795,0.04502,0.00074,2278.93211,2278.93164,-0.00047,0,0,-0.00091,0,-0.00016,-0.00091,0,-0.00016,50.25675,0.0009251,0,80003.597,80000.986,-3.597,-0.986,False,False,-0.10192
309.76,TGO,COAST,80000.001,29.6279618,0.7026916,614.49168,0.04548,0.00074,2278.93207,2278.93164,-0.00044,0,0,-0.00095,0,-0.00015,-0.00095,0,-0.00015,50.25675,0.0009632,0,80003.556,80000.986,-3.556,-0.986,False,False,-0.09572
309.9,TGO,COAST,80000.001,29.6279613,0.7026916,608.23202,0.04595,0.00074,2278.93204,2278.93164,-0.0004,0,0,-0.00099,0,-0.00014,-0.00099,0,-0.00014,50.25675,0.0010015,0,80003.512,80000.986,-3.512,-0.986,False,False,-0.08961
310.04,TGO,COAST,80000.001,29.6279609,0.7026916,602.09678,0.04642,0.00075,2278.932,2278.93164,-0.00036,0,0,-0.00103,0,-0.00012,-0.00103,0,-0.00012,50.25675,0.0010402,0,80003.464,80000.985,-3.464,-0.985,False,False,-0.08376
310.2,TGO,COAST,80000.001,29.6279605,0.7026915,595.23267,0.04696,0.00075,2278.93195,2278.93164,-0.00031,0,0,-0.00108,0,-0.00011,-0.00108,0,-0.00011,50.25675,0.001085,0,80003.407,80000.985,-3.407,-0.985,False,False,-0.07728
310.34,TGO,COAST,80000.001,29.6279602,0.7026915,589.35168,0.04742,0.00075,2278.9319,2278.93164,-0.00027,0,0,-0.00112,0,-9E-05,-0.00112,0,-9E-05,50.25675,0.0011246,0,80003.356,80000.984,-3.356,-0.984,False,False,-0.07183
310.48,TGO,COAST,80000.001,29.62796,0.7026915,583.58391,0.04789,0.00075,2278.93186,2278.93164,-0.00022,0,0,-0.00116,0,-8E-05,-0.00116,0,-8E-05,50.25675,0.0011647,0,80003.303,80000.984,-3.303,-0.984,False,False,-0.06677
310.62,TGO,COAST,80000.001,29.62796,0.7026915,577.92606,0.04836,0.00075,2278.93181,2278.93164,-0.00018,0,0,-0.0012,0,-6E-05,-0.0012,0,-6E-05,50.25675,0.0012052,0,80003.249,80000.983,-3.249,-0.983,False,False,-0.06225
310.78,TGO,COAST,80000.001,29.62796,0.7026915,571.59057,0.0489,0.00076,2278.93176,2278.93164,-0.00013,0,0,-0.00125,0,-4E-05,-0.00125,0,-4E-05,50.25675,0.001252,0,80003.188,80000.983,-3.188,-0.983,False,False,-0.05833
310.92,TGO,COAST,80000.001,29.6279602,0.7026915,566.15793,0.04937,0.00076,2278.93172,2278.93164,-8E-05,0,0,-0.00129,0,-3E-05,-0.00129,0,-3E-05,50.25675,0.0012933,0,80003.136,80000.982,-3.136,-0.982,False,False,-0.05611
311.06,TGO,COAST,80000.002,29.6279604,0.7026915,560.82568,0.04984,0.00076,2278.93167,2278.93164,-4E-05,0,0,-0.00133,0,-1E-05,-0.00133,0,-1E-05,50.25675,0.001335,0,80003.084,80000.982,-3.084,-0.982,False,False,-0.05458
311.2,TGO,COAST,80000.002,29.6279607,0.7026916,555.5913,0.05031,0.00076,2278.93163,2278.93164,1E-05,0,0,-0.00138,0,0,-0.00138,0,0,50.25675,0.001377,0,80003.035,80000.981,-3.035,-0.981,False,False,-0.05358
311.36,TGO,COAST,80000.002,29.6279612,0.7026916,549.72571,0.05084,0.00076,2278.93158,2278.93164,5E-05,0,0,-0.00143,0,2E-05,-0.00143,0,2E-05,50.25675,0.0014253,0,80002.981,80000.98,-2.981,-0.98,False,False,-0.05276
311.52,TGO,COAST,80000.002,29.6279618,0.7026917,543.98082,0.05138,0.00076,2278.93154,2278.93164,9E-05,0,0,-0.00147,0,4E-05,-0.00147,0,4E-05,50.25675,0.001474,0,80002.93,80000.98,-2.93,-0.98,False,False,-0.05225
311.68,TGO,COAST,80000.002,29.6279626,0.7026917,538.35029,0.05192,0.00076,2278.93151,2278.93163,0.00013,0,0,-0.00152,0,5E-05,-0.00152,0,5E-05,50.25675,0.001523,0,80002.893,80000.979,-2.893,-0.979,False,False,-0.05194
311.84,TGO,COAST,80000.002,29.6279642,0.7026919,532.82326,0.05246,0.00077,2278.93152,2278.93163,0.00011,0,0,-0.00157,0,4E-05,-0.00157,0,4E-05,50.25675,0.0015725,0,80002.912,80000.979,-2.912,-0.979,False,False,-0.05181
312,TGO,COAST,80000.002,29.6279653,0.702692,527.4149,0.05299,0.00077,2278.93155,2278.93163,9E-05,0,0,-0.00162,0,3E-05,-0.00162,0,3E-05,50.25675,0.0016222,0,80002.937,80000.98,-2.937,-0.98,False,False,-0.05177
312.16,TGO,COAST,80000.002,29.6279662,0.702692,522.12003,0.05353,0.00077,2278.93157,2278.93163,7E-05,0,0,-0.00167,0,3E-05,-0.00167,0,3E-05,50.25675,0.0016723,0,80002.965,80000.98,-2.965,-0.98,False,False,-0.05191
312.32,TGO,COAST,80000.003,29.6279669,0.7026921,516.93399,0.05407,0.00077,2278.93159,2278.93163,4E-05,0,0,-0.00172,0,2E-05,-0.00172,0,2E-05,50.25675,0.0017225,0,80002.992,80000.981,-2.992,-0.981,False,False,-0.05211
312.48,TGO,COAST,80000.003,29.6279674,0.7026921,511.85262,0.0546,0.00077,2278.93161,2278.93163,2E-05,0,0,-0.00177,0,1E-05,-0.00177,0,1E-05,50.25675,0.0017731,0,80003.019,80000.981,-3.019,-0.981,False,False,-0.05229
312.64,TGO,COAST,80000.003,29.6279678,0.7026922,506.87223,0.05514,0.00078,2278.93163,2278.93163,0,0,0,-0.00182,0,0,-0.00182,0,0,50.25675,0.0018238,0,80003.043,80000.981,-3.043,-0.981,False,False,-0.05246
312.8,TGO,COAST,80000.002,29.6279681,0.7026922,501.98933,0.05568,0.00078,2278.93165,2278.93163,-2E-05,0,0,-0.00187,0,0,-0.00187,0,0,50.25675,0.0018748,0,80003.065,80000.981,-3.065,-0.981,False,False,-0.05252
312.94,TGO,COAST,79999.995,29.6279683,0.7026922,497.79354,0.05615,0.00078,2278.93168,2278.93164,-4E-05,0,0,4E-05,0,-1E-05,4E-05,0,-1E-05,50.25675,4.26E-05,0,80003.085,80000.977,-3.085,-0.977,False,False,-0.05252
313.08,TGO,COAST,79999.995,29.6279685,0.7026923,493.66838,0.05662,0.00078,2278.9317,2278.93165,-6E-05,0,0,0.00098,0,-2E-05,0.00098,0,-2E-05,50.25675,0.0009767,0,80003.101,80000.974,-3.101,-0.974,False,False,-0.05241
313.24,TGO,COAST,79999.996,29.6279686,0.7026923,489.03797,0.05715,0.00078,2278.93171,2278.93165,-7E-05,0,0,0.00093,0,-2E-05,0.00093,0,-2E-05,50.25675,0.0009254,0,80003.118,80000.974,-3.118,-0.974,False,False,-0.05208
313.38,TGO,COAST,79999.996,29.6279687,0.7026923,485.05753,0.05762,0.00079,2278.93173,2278.93165,-8E-05,0,0,0.00088,0,-3E-05,0.00088,0,-3E-05,50.25675,0.0008804,0,80003.13,80000.974,-3.13,-0.974,False,False,-0.05158
313.52,TGO,COAST,79999.996,29.6279688,0.7026923,481.14171,0.05809,0.00079,2278.93173,2278.93165,-9E-05,0,0,0.00083,0,-3E-05,0.00083,0,-3E-05,50.25675,0.0008352,0,80003.142,80000.975,-3.142,-0.975,False,False,-0.05086
313.66,TGO,COAST,79999.996,29.6279689,0.7026923,477.28892,0.05856,0.00079,2278.93174,2278.93165,-0.0001,0,0,0.00079,0,-3E-05,0.00079,0,-3E-05,50.25675,0.00079,0,80003.152,80000.975,-3.152,-0.975,False,False,-0.04986
313.82,TGO,COAST,79999.996,29.6279689,0.7026923,472.9609,0.05909,0.00079,2278.93175,2278.93165,-0.00011,0,0,0.00074,0,-3E-05,0.00074,0,-3E-05,50.25675,0.0007382,0,80003.163,80000.975,-3.163,-0.975,False,False,-0.04841
313.96,TGO,COAST,79999.996,29.627969,0.7026923,469.23798,0.05956,0.00079,2278.93176,2278.93164,-0.00011,0,0,0.00069,0,-4E-05,0.00069,0,-4E-05,50.25675,0.0006928,0,80003.171,80000.975,-3.171,-0.975,False,False,-0.04682
314.1,TGO,COAST,79999.996,29.627969,0.7026923,465.5734,0.06003,0.00079,2278.93176,2278.93164,-0.00012,0,0,0.00065,0,-4E-05,0.00065,0,-4E-05,50.25675,0.0006472,0,80003.178,80000.975,-3.178,-0.975,False,False,-0.04492
314.24,TGO,COAST,79999.996,29.627969,0.7026923,461.96576,0.0605,0.0008,2278.93177,2278.93164,-0.00012,0,0,0.0006,0,-4E-05,0.0006,0,-4E-05,50.25675,0.0006016,0,80003.185,80000.975,-3.185,-0.975,False,False,-0.04273
314.4,TGO,COAST,79999.996,29.627969,0.7026923,457.91077,0.06104,0.0008,2278.93177,2278.93164,-0.00013,0,0,0.00055,0,-4E-05,0.00055,0,-4E-05,50.25675,0.0005493,0,80003.192,80000.975,-3.192,-0.975,False,False,-0.03988
314.54,TGO,COAST,79999.997,29.6279691,0.7026923,454.42075,0.06151,0.0008,2278.93178,2278.93164,-0.00013,0,0,0.0005,0,-4E-05,0.0005,0,-4E-05,50.25675,0.0005035,0,80003.197,80000.975,-3.197,-0.975,False,False,-0.03761
314.68,TGO,COAST,79999.997,29.6279691,0.7026923,450.98364,0.06197,0.0008,2278.93178,2278.93164,-0.00014,0,0,0.00046,0,-5E-05,0.00046,0,-5E-05,50.25675,0.0004575,0,80003.202,80000.975,-3.202,-0.975,False,False,-0.03558
314.82,TGO,COAST,79999.997,29.6279691,0.7026923,447.59823,0.06244,0.0008,2278.93179,2278.93164,-0.00014,0,0,0.00041,0,-5E-05,0.00041,0,-5E-05,50.25675,0.0004115,0,80003.206,80000.975,-3.206,-0.975,False,False,-0.03372
314.98,TGO,COAST,79999.997,29.6279691,0.7026923,443.79102,0.06298,0.00081,2278.93179,2278.93164,-0.00014,0,0,0.00036,0,-5E-05,0.00036,0,-5E-05,50.25675,0.0003588,0,80003.21,80000.975,-3.21,-0.975,False,False,-0.03175
315.12,TGO,COAST,79999.997,29.6279691,0.7026923,440.51254,0.06345,0.00081,2278.93179,2278.93164,-0.00015,0,0,0.00031,0,-5E-05,0.00031,0,-5E-05,50.25675,0.0003126,0,80003.213,80000.975,-3.213,-0.975,False,False,-0.03016
315.26,TGO,COAST,79999.997,29.6279691,0.7026923,437.28222,0.06392,0.00081,2278.93179,2278.93164,-0.00015,0,0,0.00026,0,-5E-05,0.00026,0,-5E-05,50.25675,0.0002665,0,80003.217,80000.975,-3.217,-0.975,False,False,-0.02863
315.4,TGO,COAST,79999.997,29.6279691,0.7026923,434.09902,0.06439,0.00081,2278.9318,2278.93164,-0.00015,0,0,0.00021,0,-5E-05,0.00021,0,-5E-05,50.25675,0.0002205,0,80003.219,80000.975,-3.219,-0.975,False,False,-0.02715
315.56,TGO,COAST,79999.997,29.6279691,0.7026923,430.51746,0.06492,0.00081,2278.9318,2278.93164,-0.00015,0,0,0.00016,0,-5E-05,0.00016,0,-5E-05,50.25675,0.0001686,0,80003.222,80000.976,-3.222,-0.976,False,False,-0.02554
315.7,TGO,COAST,79999.998,29.6279691,0.7026923,427.43181,0.06539,0.00081,2278.9318,2278.93164,-0.00016,0,0,0.00011,0,-5E-05,0.00011,0,-5E-05,50.25675,0.0001245,0,80003.225,80000.976,-3.225,-0.976,False,False,-0.02409
315.84,TGO,COAST,79999.998,29.6279691,0.7026923,424.39014,0.06586,0.00082,2278.9318,2278.93164,-0.00016,0,0,7E-05,0,-5E-05,7E-05,0,-5E-05,50.25675,8.4E-05,0,80003.227,80000.976,-3.227,-0.976,False,False,-0.02265
315.98,TGO,COAST,79999.998,29.6279691,0.7026923,421.39153,0.06633,0.00082,2278.9318,2278.93164,-0.00016,0,0,2E-05,0,-5E-05,2E-05,0,-5E-05,50.25675,5.6E-05,0,80003.229,80000.976,-3.229,-0.976,False,False,-0.02125
316.14,TGO,COAST,79999.998,29.6279691,0.7026923,418.0161,0.06686,0.00082,2278.9318,2278.93164,-0.00016,0,0,-4E-05,0,-5E-05,-4E-05,0,-5E-05,50.25675,6.54E-05,0,80003.231,80000.976,-3.231,-0.976,False,False,-0.01959
316.28,TGO,COAST,79999.998,29.6279691,0.7026923,415.10673,0.06733,0.00082,2278.9318,2278.93164,-0.00016,0,0,-9E-05,0,-5E-05,-9E-05,0,-5E-05,50.25675,0.0001012,0,80003.233,80000.976,-3.233,-0.976,False,False,-0.01808
316.42,TGO,COAST,79999.998,29.6279691,0.7026923,412.23765,0.0678,0.00082,2278.93181,2278.93164,-0.00016,0,0,-0.00013,0,-5E-05,-0.00013,0,-5E-05,50.25675,0.0001445,0,80003.234,80000.976,-3.234,-0.976,False,False,-0.01666
316.56,TGO,COAST,79999.998,29.6279691,0.7026923,409.40802,0.06827,0.00083,2278.93181,2278.93164,-0.00016,0,0,-0.00018,0,-5E-05,-0.00018,0,-5E-05,50.25675,0.0001904,0,80003.236,80000.976,-3.236,-0.976,False,False,-0.01529
316.72,TGO,COAST,79999.998,29.6279691,0.7026923,406.22143,0.0688,0.00083,2278.93181,2278.93164,-0.00017,0,0,-0.00024,0,-6E-05,-0.00024,0,-6E-05,50.25675,0.0002444,0,80003.237,80000.976,-3.237,-0.976,False,False,-0.01393
316.86,TGO,COAST,79999.999,29.6279691,0.7026923,403.47361,0.06927,0.00083,2278.93181,2278.93164,-0.00017,0,0,-0.00029,0,-6E-05,-0.00029,0,-6E-05,50.25675,0.0002923,0,80003.238,80000.976,-3.238,-0.976,False,False,-0.013
317,TGO,COAST,79999.999,29.6279691,0.7026923,400.76278,0.06974,0.00083,2278.93181,2278.93164,-0.00017,0,0,-0.00034,0,-6E-05,-0.00034,0,-6E-05,50.25675,0.0003407,0,80003.239,80000.976,-3.239,-0.976,False,False,-0.01223
317.14,TGO,COAST,79999.999,29.6279691,0.7026923,398.08819,0.07021,0.00083,2278.93181,2278.93164,-0.00017,0,0,-0.00039,0,-6E-05,-0.00039,0,-6E-05,50.25675,0.0003893,0,80003.24,80000.976,-3.24,-0.976,False,False,-0.01161
317.3,TGO,COAST,79999.999,29.6279691,0.7026923,395.07501,0.07074,0.00083,2278.93181,2278.93164,-0.00017,0,0,-0.00044,0,-6E-05,-0.00044,0,-6E-05,50.25675,0.0004454,0,80003.241,80000.976,-3.241,-0.976,False,False,-0.01104
317.44,TGO,COAST,79999.999,29.6279691,0.7026923,392.4757,0.07121,0.00084,2278.93181,2278.93164,-0.00017,0,0,-0.00049,0,-6E-05,-0.00049,0,-6E-05,50.25675,0.0004946,0,80003.242,80000.976,-3.242,-0.976,False,False,-0.01063
317.58,TGO,COAST,79999.999,29.6279691,0.7026923,389.91045,0.07168,0.00084,2278.93181,2278.93164,-0.00017,0,0,-0.00054,0,-6E-05,-0.00054,0,-6E-05,50.25675,0.0005441,0,80003.242,80000.976,-3.242,-0.976,False,False,-0.01031
317.72,TGO,COAST,79999.999,29.6279691,0.7026923,387.37858,0.07215,0.00084,2278.93181,2278.93164,-0.00017,0,0,-0.00059,0,-6E-05,-0.00059,0,-6E-05,50.25675,0.0005938,0,80003.243,80000.976,-3.243,-0.976,False,False,-0.01007
317.88,TGO,COAST,80000,29.6279691,0.7026923,384.52505,0.07269,0.00084,2278.93181,2278.93164,-0.00017,0,0,-0.00065,0,-6E-05,-0.00065,0,-6E-05,50.25675,0.0006507,0,80003.243,80000.976,-3.243,-0.976,False,False,-0.00984
318.02,TGO,COAST,80000,29.6279691,0.7026923,382.06255,0.07315,0.00084,2278.93181,2278.93164,-0.00017,0,0,-0.0007,0,-6E-05,-0.0007,0,-6E-05,50.25675,0.0007009,0,80003.244,80000.976,-3.244,-0.976,False,False,-0.00967
318.16,TGO,COAST,80000,29.6279691,0.7026923,379.63145,0.07362,0.00085,2278.93181,2278.93164,-0.00017,0,0,-0.00075,0,-6E-05,-0.00075,0,-6E-05,50.25675,0.0007512,0,80003.244,80000.976,-3.244,-0.976,False,False,-0.00954
318.3,TGO,COAST,80000,29.6279691,0.7026923,377.23116,0.07409,0.00085,2278.93181,2278.93164,-0.00017,0,0,-0.0008,0,-6E-05,-0.0008,0,-6E-05,50.25675,0.0008017,0,80003.245,80000.976,-3.245,-0.976,False,False,-0.00947
318.46,TGO,COAST,80000,29.6279691,0.7026923,374.52496,0.07463,0.00085,2278.93181,2278.93164,-0.00017,0,0,-0.00086,0,-6E-05,-0.00086,0,-6E-05,50.25675,0.0008596,0,80003.245,80000.976,-3.245,-0.976,False,False,-0.0094
318.6,TGO,COAST,80000,29.6279691,0.7026923,372.18873,0.07509,0.00085,2278.93181,2278.93164,-0.00017,0,0,-0.00091,0,-6E-05,-0.00091,0,-6E-05,50.25675,0.0009105,0,80003.245,80000.976,-3.245,-0.976,False,False,-0.00935
318.74,TGO,COAST,80000,29.6279691,0.7026923,369.88154,0.07556,0.00085,2278.93181,2278.93164,-0.00017,0,0,-0.00096,0,-6E-05,-0.00096,0,-6E-05,50.25675,0.0009616,0,80003.246,80000.976,-3.246,-0.976,False,False,-0.00927
318.88,TGO,COAST,80000,29.6279691,0.7026923,367.60284,0.07603,0.00085,2278.93181,2278.93164,-0.00017,0,0,-0.00101,0,-6E-05,-0.00101,0,-6E-05,50.25675,0.0010128,0,80003.246,80000.976,-3.246,-0.976,False,False,-0.00924
319.04,TGO,COAST,80000.001,29.6279691,0.7026923,365.03282,0.07657,0.00086,2278.93181,2278.93164,-0.00017,0,0,-0.00107,0,-6E-05,-0.00107,0,-6E-05,50.25675,0.0010715,0,80003.246,80000.976,-3.246,-0.976,False,False,-0.0092
319.18,TGO,COAST,80000.001,29.6279691,0.7026923,362.81342,0.07704,0.00086,2278.93181,2278.93164,-0.00017,0,0,-0.00112,0,-6E-05,-0.00112,0,-6E-05,50.25675,0.0011231,0,80003.246,80000.976,-3.246,-0.976,False,False,-0.00918
319.32,TGO,COAST,80000.001,29.6279691,0.7026923,360.62091,0.0775,0.00086,2278.93181,2278.93164,-0.00017,0,0,-0.00117,0,-6E-05,-0.00117,0,-6E-05,50.25675,0.001175,0,80003.246,80000.976,-3.246,-0.976,False,False,-0.00918
319.46,TGO,COAST,80000.001,29.6279691,0.7026923,358.4548,0.07797,0.00086,2278.93181,2278.93164,-0.00017,0,0,-0.00123,0,-6E-05,-0.00123,0,-6E-05,50.25675,0.001227,0,80003.246,80000.976,-3.246,-0.976,False,False,-0.00919
319.62,TGO,COAST,80000.001,29.6279691,0.7026923,356.01096,0.07851,0.00086,2278.93181,2278.93164,-0.00017,0,0,-0.00129,0,-6E-05,-0.00129,0,-6E-05,50.25675,0.0012865,0,80003.247,80000.976,-3.247,-0.976,False,False,-0.00924
319.76,TGO,COAST,80000.001,29.6279691,0.7026923,353.89983,0.07898,0.00087,2278.93181,2278.93164,-0.00017,0,0,-0.00134,0,-6E-05,-0.00134,0,-6E-05,50.25675,0.0013389,0,80003.247,80000.976,-3.247,-0.976,False,False,-0.00931
319.9,TGO,COAST,80000.001,29.6279691,0.7026923,351.81366,0.07944,0.00087,2278.93181,2278.93164,-0.00017,0,0,-0.00139,0,-6E-05,-0.00139,0,-6E-05,50.25675,0.0013914,0,80003.247,80000.976,-3.247,-0.976,False,False,-0.00941
320.04,TGO,COAST,80000.002,29.6279691,0.7026923,349.752,0.07991,0.00087,2278.93181,2278.93164,-0.00017,0,0,-0.00144,0,-6E-05,-0.00144,0,-6E-05,50.25675,0.0014441,0,80003.247,80000.976,-3.247,-0.976,False,False,-0.00958
320.2,TGO,COAST,80000.002,29.6279691,0.7026923,347.42528,0.08045,0.00087,2278.9318,2278.93164,-0.00017,0,0,-0.0015,0,-6E-05,-0.0015,0,-6E-05,50.25675,0.0015046,0,80003.247,80000.976,-3.247,-0.976,False,False,-0.00984
320.34,TGO,COAST,80000.002,29.6279691,0.7026923,345.41471,0.08092,0.00087,2278.9318,2278.93164,-0.00017,0,0,-0.00156,0,-6E-05,-0.00156,0,-6E-05,50.25675,0.0015576,0,80003.247,80000.976,-3.247,-0.976,False,False,-0.01014
320.48,TGO,COAST,80000.002,29.6279691,0.7026923,343.42734,0.08138,0.00087,2278.9318,2278.93163,-0.00017,0,0,-0.00161,0,-6E-05,-0.00161,0,-6E-05,50.25675,0.0016108,0,80003.247,80000.976,-3.247,-0.976,False,False,-0.0105
320.62,TGO,COAST,80000.002,29.6279691,0.7026923,341.46276,0.08185,0.00088,2278.9318,2278.93163,-0.00017,0,0,-0.00166,0,-6E-05,-0.00166,0,-6E-05,50.25675,0.0016642,0,80003.247,80000.976,-3.247,-0.976,False,False,-0.01095
320.78,TGO,COAST,80000.002,29.6279691,0.7026923,339.24494,0.08239,0.00088,2278.9318,2278.93163,-0.00017,0,0,-0.00172,0,-6E-05,-0.00172,0,-6E-05,50.25675,0.0017255,0,80003.247,80000.976,-3.247,-0.976,False,False,-0.01159
320.92,TGO,COAST,80000.002,29.6279691,0.7026923,337.32791,0.08286,0.00088,2278.9318,2278.93163,-0.00017,0,0,-0.00178,0,-6E-05,-0.00178,0,-6E-05,50.25675,0.0017793,0,80003.247,80000.976,-3.247,-0.976,False,False,-0.01224
321.06,TGO,COAST,80000.003,29.6279691,0.7026923,335.43248,0.08332,0.00088,2278.9318,2278.93163,-0.00017,0,0,-0.00183,0,-6E-05,-0.00183,0,-6E-05,50.25675,0.0018333,0,80003.247,80000.976,-3.247,-0.976,False,False,-0.01296
321.2,TGO,COAST,80000.003,29.6279691,0.7026923,333.5583,0.08379,0.00088,2278.9318,2278.93163,-0.00017,0,0,-0.00189,0,-6E-05,-0.00189,0,-6E-05,50.25675,0.0018875,0,80003.247,80000.976,-3.247,-0.976,False,False,-0.0138
321.36,TGO,COAST,80000.003,29.6279691,0.7026923,331.44192,0.08433,0.00089,2278.9318,2278.93163,-0.00017,0,0,-0.00195,0,-6E-05,-0.00195,0,-6E-05,50.25675,0.0019496,0,80003.247,80000.976,-3.247,-0.976,False,False,-0.01484
321.5,TGO,COAST,80000.003,29.6279691,0.7026923,329.61206,0.0848,0.00089,2278.9318,2278.93163,-0.00017,0,0,-0.002,0,-6E-05,-0.002,0,-6E-05,50.25675,0.0020041,0,80003.247,80000.976,-3.247,-0.976,False,False,-0.01588
321.64,TGO,COAST,80000.003,29.6279691,0.7026923,327.80235,0.08526,0.00089,2278.9318,2278.93163,-0.00017,0,0,-0.00206,0,-6E-05,-0.00206,0,-6E-05,50.25675,0.0020588,0,80003.247,80000.976,-3.247,-0.976,False,False,-0.01678
321.78,TGO,COAST,80000.003,29.6279691,0.7026924,326.01246,0.08573,0.00089,2278.9318,2278.93163,-0.00017,0,0,-0.00211,0,-6E-05,-0.00211,0,-6E-05,50.25675,0.0021137,0,80003.247,80000.976,-3.247,-0.976,False,False,-0.01766
321.94,TGO,COAST,80000.004,29.6279691,0.7026924,323.99073,0.08627,0.00089,2278.9318,2278.93163,-0.00017,0,0,-0.00218,0,-6E-05,-0.00218,0,-6E-05,50.25675,0.0021765,0,80003.247,80000.976,-3.247,-0.976,False,False,-0.01853
322.08,TGO,COAST,80000.004,29.6279691,0.7026924,322.24224,0.08673,0.00089,2278.9318,2278.93163,-0.00017,0,0,-0.00223,0,-6E-05,-0.00223,0,-6E-05,50.25675,0.0022316,0,80003.247,80000.976,-3.247,-0.976,False,False,-0.01921
322.22,TGO,COAST,80000.004,29.6279691,0.7026924,320.51259,0.0872,0.0009,2278.9318,2278.93163,-0.00017,0,0,-0.00229,0,-6E-05,-0.00229,0,-6E-05,50.25675,0.0022868,0,80003.247,80000.976,-3.247,-0.976,False,False,-0.01973
322.38,TGO,THRUST,80000.004,29.6279691,0.7026924,318.80146,0.08767,0.0009,2278.9318,2278.93163,-0.00017,0,0,-0.00234,0,-6E-05,-0.00234,0,-6E-05,50.25675,0.0023422,4.661E-05,80003.247,80000.976,-3.247,-0.976,False,False,-3.66996
322.54,TGO,THRUST,80000.004,29.6279691,0.7026924,316.62815,0.08827,0.00071,2278.93181,2278.93163,-0.00018,0,0,-0.00222,0,-6E-05,-0.00222,0,-6E-05,50.25675,0.0022237,4.425E-05,80003.249,80000.988,-3.249,-0.988,False,False,-3.83166
322.7,TGO,THRUST,80000.004,29.6279693,0.7026924,314.72013,0.08881,0.00036,2278.93203,2278.93163,-0.0004,0,0,-0.00187,0,-0.00014,-0.00187,0,-0.00014,50.25676,0.0018793,3.739E-05,80003.496,80001.003,-3.496,-1.003,False,False,-6.16553
322.88,TGO,COAST,80000.004,29.6279696,0.7026924,312.83396,0.08934,3E-05,2278.93225,2278.93163,-0.00062,0,0,-0.00146,0,-0.00022,-0.00146,0,-0.00022,50.25676,0.0014798,0,80003.754,80001.008,-3.754,-1.008,False,False,-5.4827
323.02,TGO,COAST,80000.003,29.6279698,0.7026924,310.97158,0.08988,-0.00016,2278.93232,2278.93163,-0.00069,0,0,-0.00115,0,-0.00024,-0.00115,0,-0.00024,50.25676,0.0011714,0,80003.84,80001.007,-3.84,-1.007,False,False,-4.71311
323.18,TGO,COAST,80000.003,29.6279697,0.7026924,309.13227,0.09041,-0.00016,2278.93239,2278.93163,-0.00075,0,1E-05,-0.00106,0,-0.00026,-0.00106,0,-0.00026,50.25676,0.0010965,0,80003.919,80001.007,-3.919,-1.007,False,False,-3.78957
323.32,TGO,COAST,80000.003,29.6279699,0.7026925,307.5398,0.09088,-0.00017,2278.93245,2278.93163,-0.00082,0,1E-05,-0.00106,0,-0.00029,-0.00106,0,-0.00029,50.25676,0.0011011,0,80003.994,80001.007,-3.994,-1.007,False,False,-3.02588
323.46,TGO,COAST,80000.004,29.6279701,0.7026925,305.96274,0.09135,-0.00017,2278.93248,2278.93163,-0.00085,0,1E-05,-0.00112,0,-0.0003,-0.00112,0,-0.0003,50.25676,0.0011602,0,80004.028,80001.007,-4.028,-1.007,False,False,-2.35247
323.6,TGO,COAST,80000.004,29.6279707,0.7026926,304.40057,0.09182,-0.00018,2278.93249,2278.93163,-0.00086,0,1E-05,-0.00122,0,-0.0003,-0.00122,0,-0.0003,50.25676,0.0012548,0,80004.045,80001.007,-4.045,-1.007,False,False,-1.78729
323.76,TGO,COAST,80000.004,29.6279715,0.7026927,302.63291,0.09235,-0.00019,2278.9325,2278.93163,-0.00087,0,1E-05,-0.00135,0,-0.0003,-0.00135,0,-0.0003,50.25676,0.0013793,0,80004.054,80001.007,-4.054,-1.007,False,False,-1.27676
323.9,TGO,COAST,80000.005,29.6279725,0.7026928,301.1019,0.09282,-0.00019,2278.93249,2278.93163,-0.00086,0,1E-05,-0.00145,0,-0.0003,-0.00145,0,-0.0003,50.25676,0.0014831,0,80004.038,80001.007,-4.038,-1.007,False,False,-0.93914
324.04,TGO,COAST,80000.005,29.6279733,0.7026929,299.58762,0.09329,-0.00019,2278.93243,2278.93163,-0.0008,0,1E-05,-0.00155,0,-0.00028,-0.00155,0,-0.00028,50.25676,0.0015723,0,80003.971,80001.007,-3.971,-1.007,False,False,-0.6872
324.18,TGO,COAST,80000.005,29.6279739,0.702693,298.08931,0.09376,-0.00019,2278.93237,2278.93163,-0.00074,0,0,-0.00162,0,-0.00026,-0.00162,0,-0.00026,50.25676,0.0016447,0,80003.898,80001.007,-3.898,-1.007,False,False,-0.50258
324.34,TGO,COAST,80000.005,29.6279745,0.7026931,296.39559,0.0943,-0.00018,2278.93231,2278.93163,-0.00068,0,0,-0.00169,0,-0.00024,-0.00169,0,-0.00024,50.25676,0.0017075,0,80003.82,80001.007,-3.82,-1.007,False,False,-0.35278
324.48,TGO,COAST,80000.005,29.6279751,0.7026932,294.92939,0.09477,-0.00018,2278.93225,2278.93163,-0.00062,0,0,-0.00173,0,-0.00022,-0.00173,0,-0.00022,50.25676,0.0017476,0,80003.758,80001.007,-3.758,-1.007,False,False,0.26271
324.62,TGO,COAST,80000.005,29.6279756,0.7026933,293.47767,0.09524,-0.00017,2278.9322,2278.93163,-0.00057,0,0,-0.00177,0,-0.0002,-0.00177,0,-0.0002,50.25676,0.0017767,0,80003.699,80001.007,-3.699,-1.007,False,False,0.20655
324.76,TGO,COAST,80000.005,29.6279762,0.7026933,292.04027,0.0957,-0.00017,2278.93215,2278.93163,-0.00052,0,0,-0.00179,0,-0.00018,-0.00179,0,-0.00018,50.25676,0.0017972,0,80003.64,80001.007,-3.64,-1.007,False,False,0.18314
324.92,TGO,COAST,80000.005,29.6279768,0.7026934,290.41492,0.09624,-0.00016,2278.9321,2278.93163,-0.00047,0,0,-0.0018,0,-0.00016,-0.0018,0,-0.00016,50.25676,0.0018119,0,80003.573,80001.007,-3.573,-1.007,False,False,0.18682
325.06,TGO,COAST,80000.005,29.6279772,0.7026935,289.00786,0.09671,-0.00015,2278.93205,2278.93163,-0.00042,0,0,-0.00181,0,-0.00015,-0.00181,0,-0.00015,50.25676,0.0018181,0,80003.513,80001.007,-3.513,-1.007,False,False,0.2019
325.2,TGO,COAST,80000.005,29.6279776,0.7026935,287.61482,0.09718,-0.00015,2278.932,2278.93163,-0.00037,0,0,-0.00181,0,-0.00013,-0.00181,0,-0.00013,50.25676,0.0018183,0,80003.452,80001.007,-3.452,-1.007,False,False,0.21761
325.34,TGO,COAST,80000.005,29.6279779,0.7026936,286.23571,0.09765,-0.00014,2278.93194,2278.93163,-0.00032,0,0,-0.00181,0,-0.00011,-0.00181,0,-0.00011,50.25676,0.0018126,0,80003.39,80001.007,-3.39,-1.007,False,False,0.22948
325.5,TGO,COAST,80000.005,29.6279781,0.7026936,284.67644,0.09818,-0.00013,2278.93188,2278.93163,-0.00026,0,0,-0.0018,0,-9E-05,-0.0018,0,-9E-05,50.25676,0.0017992,0,80003.318,80001.007,-3.318,-1.007,False,False,0.23714
325.64,TGO,COAST,80000.005,29.6279781,0.7026936,283.32664,0.09865,-0.00013,2278.93183,2278.93163,-0.0002,0,0,-0.00178,0,-7E-05,-0.00178,0,-7E-05,50.25676,0.0017819,0,80003.256,80001.007,-3.256,-1.007,False,False,0.23993
325.78,TGO,COAST,80000.005,29.627978,0.7026936,281.99022,0.09912,-0.00012,2278.93178,2278.93163,-0.00015,0,0,-0.00176,0,-5E-05,-0.00176,0,-5E-05,50.25676,0.0017604,0,80003.196,80001.007,-3.196,-1.007,False,False,0.24105
325.92,TGO,COAST,80000.005,29.6279779,0.7026936,280.66697,0.09958,-0.00012,2278.93173,2278.93163,-0.0001,0,0,-0.00174,0,-4E-05,-0.00174,0,-4E-05,50.25676,0.0017354,0,80003.138,80001.007,-3.138,-1.007,False,False,0.24256
326.1,TGO,THRUST,80000.005,29.6279775,0.7026935,279.17051,0.10012,-0.00011,2278.93168,2278.93163,-5E-05,0,0,-0.0017,4,-2E-05,-0.0017,4,-2E-05,50.25676,4.0000004,0.07959129,80003.075,80001.007,-3.075,-1.007,False,False,-89.74952
326.28,TGO,THRUST,79999.927,29.6279535,0.7026899,277.61955,0.10067,-0.31829,2278.9115,2278.93166,0.02015,-0.00119,-0.00014,0.32262,4,0.00599,0.32262,4,0.00599,50.26573,4.0129936,0.07983558,80085.59,79894.372,-85.59,105.628,False,False,-94.27026
326.44,TGO,THRUST,79999.753,29.6281483,0.7027195,275.20955,0.10156,-0.95558,2278.87438,2278.93185,0.05747,-0.00046,-0.00039,1.0037,4,0.01691,1.0037,4,0.01691,50.27601,4.1240389,0.08202796,80254.753,79680.657,-254.753,319.343,False,False,-103.02324
326.6,TGO,THRUST,79999.478,29.6287342,0.7028091,271.00566,0.10315,-1.60039,2278.83798,2278.9322,0.09422,0.00023,-0.00063,1.72763,4,0.02761,1.72763,4,0.02761,50.28652,4.3572323,0.08664813,80426.438,79465.124,-426.438,534.876,False,False,-110.82127
326.76,TGO,THRUST,79999.096,29.6292065,0.7028822,267.44382,0.10453,-2.27029,2278.79755,2278.93273,0.13518,0.00095,-0.00091,2.51579,4,0.03971,2.51579,4,0.03971,50.29754,4.725544,0.09395179,80603.335,79239.391,-603.335,760.609,False,False,-117.38306
326.92,TGO,THRUST,79998.601,29.6292521,0.7028893,265.87504,0.10514,-2.98573,2278.75301,2278.93344,0.18043,0.00171,-0.00121,3.39037,4,0.05315,3.39037,4,0.05315,50.30943,5.2437996,0.10423096,80791.485,78997.379,-791.485,1002.621,False,False,-122.47386
327.08,TGO,THRUST,79997.983,29.628556,0.7027805,267.65659,0.10443,-3.76804,2278.70568,2278.93435,0.22867,0.00246,-0.00153,4.37549,4,0.06741,4.37549,4,0.06741,50.32255,5.9286982,0.11781396,80997.923,78733.674,-997.923,1266.326,False,False,-125.93274
327.24,TGO,THRUST,79997.231,29.6266994,0.7024944,274.9371,0.10162,-4.63878,2278.6574,2278.93546,0.27807,0.00317,-0.00186,5.49652,4,0.08178,5.49652,4,0.08178,50.33732,6.7984158,0.13505716,81230.037,78443.164,-1230.037,1556.836,False,False,-127.67348
327.38,TGO,THRUST,79996.33,29.623092,0.7019585,291.87754,0.09564,-5.61809,2278.61003,2278.93681,0.32678,0.00379,-0.00219,6.00219,0,0.09555,6.00219,0,0.09555,50.35422,6.0029507,0.11921445,81494.845,78121.179,-1494.845,1878.821,False,False,-158.20263
327.54,TGO,THRUST,79995.29,29.617583,0.7011936,323.4442,0.08621,-6.61538,2278.57043,2278.93842,0.36799,0.00492,-0.00247,6.00247,0,0.10663,6.00247,0,0.10663,50.37015,6.0034134,0.11918593,81769.066,77798.955,-1769.066,2201.045,False,False,-151.8637
327.7,TGO,THRUST,79994.127,29.6105764,0.7003165,376.18754,0.07403,-7.50364,2278.5452,2278.94024,0.39504,0.00546,-0.00265,6.00265,0,0.11312,6.00265,0,0.11312,50.38557,6.0037135,0.1191554,82018.435,77518.228,-2018.435,2481.772,False,False,-144.66499
327.86,TGO,THRUST,79992.855,29.6015158,0.6993441,478.98767,0.05806,-8.34275,2278.5326,2278.94226,0.40966,0.00574,-0.00275,6.00275,0,0.11543,6.00275,0,0.11543,50.401,6.0038553,0.11912174,82259.922,77260.096,-2259.922,2739.904,False,False,-136.61584
328.02,TGO,THRUST,79991.488,29.5903155,0.6983978,728.5952,0.03812,-9.11201,2278.53425,2278.94445,0.41021,0.00576,-0.00275,6.00275,0,0.11304,6.00275,0,0.11304,50.41644,6.0038135,0.11908445,82488.301,77031.577,-2488.301,2968.423,False,False,-127.72165
328.18,TGO,THRUST,79990.044,29.5769917,0.6976446,1951.36145,0.01422,-9.78726,2278.55155,2278.9468,0.39524,0.00546,-0.00265,6.00265,0,0.10554,6.00265,0,0.10554,50.43188,6.0035768,0.1190433,82697.21,76840.569,-2697.21,3159.431,False,False,-118.01221
328.34,TGO,THRUST,79988.542,29.5616525,0.697283,27.73001,0,-10.3384,2278.59025,2278.94926,0.35901,0.00474,-0.00241,6.00241,0,0.09101,6.00241,0,0.09101,50.44732,6.0030961,0.11899733,82880.947,76699.412,-2880.947,3300.588,False,False,-107.61257
328.5,TGO,THRUST,79987.196,29.5446023,0.6975201,3385.57221,0.00819,-10.73312,2278.65541,2278.9518,0.29639,0.00349,-0.00199,6.00199,0,0.06777,6.00199,0,0.06777,50.46277,6.0023691,0.11894649,83032.961,76620.537,-3032.961,3379.463,False,False,-98.04211
328.66,TGO,THRUST,79985.643,29.5264086,0.6985169,675.85214,0.04111,-10.94893,2278.74012,2278.95439,0.21428,0.00186,-0.00144,6.00144,0,0.0383,6.00144,0,0.0383,50.47822,6.0015584,0.11889403,83142.963,76605.849,-3142.963,3394.151,False,False,-86.62605
328.82,TGO,THRUST,79984.096,29.5077687,0.7003336,372.77413,0.07472,-10.97171,2278.83336,2278.957,0.12364,7E-05,-0.00083,6.00083,0,0.0065,6.00083,0,0.0065,50.49367,6.0008322,0.11884326,83200.647,76652.518,-3200.647,3347.482,False,False,-74.73594
329,TGO,THRUST,79982.387,29.4894602,0.7028978,260.04981,0.10751,-10.79497,2278.92348,2278.95957,0.03609,-0.00166,-0.00024,6.00024,4,-0.02355,6.00024,4,-0.02355,50.50912,7.2113423,0.14277307,83197.302,76755.435,-3197.302,3244.565,False,False,-94.56237
329.14,TGO,THRUST,79980.929,29.471159,0.7062262,200.71318,0.13995,-10.37592,2278.99208,2278.96208,-0.03,0,0.0002,5.9998,4,-0.04527,5.9998,4,-0.04527,50.52692,7.2110774,0.14271752,83108.882,76916.631,-3108.882,3083.369,False,False,-81.98607
329.3,TGO,THRUST,79979.558,29.452999,0.710277,164.52163,0.17173,-9.70169,2279.03884,2278.96448,-0.07436,0,0.0005,5.9995,4,-0.05854,5.9995,4,-0.05854,50.54551,7.2109255,0.14266205,82931.063,77140.313,-2931.063,2859.687,False,False,-68.91088
329.46,TGO,THRUST,79978.29,29.4381888,0.7141239,144.07081,0.19716,-8.84003,2279.05132,2278.96671,-0.08461,0,0.00057,5.99943,4,-0.05924,5.99943,4,-0.05924,50.5641,7.210874,0.14260857,82676.499,77399.687,-2676.499,2600.313,False,False,-55.66371
329.62,TGO,THRUST,79977.139,29.4282237,0.716982,133.32874,0.2139,-7.81354,2279.00577,2278.96877,-0.03701,0,0.00025,5.99975,4,-0.03914,5.99975,4,-0.03914,50.5827,7.2110024,0.14255868,82337.581,77674.459,-2337.581,2325.541,False,False,-42.84642
329.8,TGO,THRUST,79976.118,29.4241351,0.7182161,129.61209,0.2204,-6.68803,2278.9269,2278.97062,0.04371,-0.00198,-0.00029,6.00029,4,-0.00711,6.00029,4,-0.00711,50.6013,7.2113499,0.14251313,81950.103,77958.931,-1950.103,2041.069,False,False,-30.94961
329.96,TGO,THRUST,79975.237,29.4253851,0.7178359,131.12885,0.21773,-5.54522,2278.83337,2278.97224,0.13887,-0.00011,-0.00093,6.00093,4,0.03002,6.00093,4,0.03002,50.61992,7.2119396,0.14247237,81551.297,78238.598,-1551.297,1761.402,False,False,-20.24966
330.12,TGO,THRUST,79974.497,29.4312068,0.7161128,137.48605,0.20715,-4.44177,2278.72191,2278.97363,0.25172,0.00212,-0.00169,6.00169,4,0.07322,6.00169,4,0.07322,50.63854,7.2128781,0.14243851,81158.888,78492.01,-1158.888,1507.99,False,False,-11.63841
330.28,TGO,THRUST,79973.896,29.440958,0.7134007,149.60738,0.18964,-3.41583,2278.5941,2278.97478,0.38068,0.00467,-0.00255,6.00255,4,0.12179,6.00255,4,0.12179,50.65717,7.2142538,0.14241329,80790.802,78703.083,-790.802,1296.917,False,False,-8.97081
330.44,TGO,THRUST,79973.425,29.4539984,0.7101149,169.99539,0.16611,-2.49315,2278.45232,2278.9757,0.52338,0.00748,-0.00351,6.00351,4,0.17483,6.00351,4,0.17483,50.67581,7.2161397,0.14239812,80467.334,78854.244,-467.334,1145.756,False,False,-13.99602
330.6,TGO,THRUST,79973.073,29.4696965,0.7066824,204.31477,0.13753,-1.68889,2278.29862,2278.97641,0.67779,0.01052,-0.00454,6.00454,4,0.23157,6.00454,4,0.23157,50.69446,7.218598,0.14239421,80214.152,78922.051,-214.152,1077.949,False,False,20.90761
330.76,TGO,THRUST,79972.827,29.4874603,0.7034956,266.76742,0.10485,-1.00927,2278.13426,2278.97693,0.84267,0.01377,-0.00565,6.00565,4,0.29155,6.00565,4,0.29155,50.71313,7.2216899,0.14240277,80055.593,78883.473,-55.593,1116.527,False,False,27.64769
330.9,TGO,THRUST,79972.686,29.5067626,0.7008823,403.79604,0.06901,-0.45328,2277.95963,2278.97729,1.01766,0.01721,-0.00682,6.00682,0,0.35466,6.00682,0,0.35466,50.73181,6.0172811,0.11860964,79987.137,78743.281,12.863,1256.719,False,False,65.33128
331.06,TGO,THRUST,79972.592,29.5258594,0.6991764,835.25547,0.03328,-0.03984,2277.78603,2278.9775,1.19147,0.0211,-0.00798,6.00798,0,0.41688,6.00798,0,0.41688,50.74816,6.0224303,0.11867289,79972.334,78551.224,27.666,1448.776,False,False,70.97788
331.22,TGO,THRUST,79972.551,29.5434486,0.6983859,132796.9017,0.00021,0.2363,2277.62142,2278.97761,1.35619,0.02434,-0.00909,6.00909,0,0.47546,6.00909,0,0.47546,50.76374,6.0278685,0.11874358,79975.32,78352.419,24.68,1647.581,False,False,75.84303
331.38,TGO,THRUST,79972.556,29.5614114,0.6983543,27.75865,0,0.43366,2277.44488,2278.97764,1.53276,0.02781,-0.01027,6.01027,0,0.53792,6.01027,0,0.53792,50.77934,6.0342946,0.11883365,79981.419,78136.554,18.581,1863.446,False,False,80.39358
331.54,TGO,THRUST,79972.595,29.5795713,0.6991192,877.12495,0.03168,0.56388,2277.25411,2278.97761,1.72349,0.03154,-0.01155,6.01155,0,0.60511,6.01155,0,0.60511,50.79497,6.0419264,0.11894733,79986.067,77905.401,13.933,2094.599,False,False,83.66379
331.7,TGO,THRUST,79972.657,29.597802,0.7006903,422.99104,0.06583,0.6394,2277.04625,2278.97753,1.93128,0.03562,-0.01294,6.01294,0,0.67809,6.01294,0,0.67809,50.81062,6.051054,0.11909034,79988.18,77656.609,11.82,2343.391,False,False,86.20629
331.86,TGO,THRUST,79972.738,29.6160162,0.7030586,280.12934,0.09973,0.67312,2276.81792,2278.97741,2.15948,0.04009,-0.01447,6.01447,0,0.75807,6.01447,0,0.75807,50.82629,6.0620546,0.11927005,79988.16,77385.786,11.84,2614.214,False,False,88.0387
332.04,TGO,THRUST,79972.833,29.6341545,0.7062024,210.72318,0.13316,0.6781,2276.56537,2278.97726,2.41189,0.04503,-0.01616,6.01616,4,0.84643,6.01616,4,0.84643,50.84201,7.2739681,0.14307005,79986.863,77087.61,13.137,2912.39,False,False,120.50389
332.2,TGO,THRUST,79972.94,29.6535047,0.7104085,167.69684,0.1683,0.66676,2276.26303,2278.9771,2.71407,0.05048,-0.01818,6.01818,4,0.95216,6.01818,4,0.95216,50.86008,7.2886977,0.14330881,79984.992,76731.089,15.008,3268.911,False,False,120.44085
332.38,TGO,THRUST,79973.076,29.6775451,0.716834,134.93215,0.21102,0.65105,2275.83792,2278.97689,3.13897,0.0588,-0.02103,6.02103,4,1.10082,6.02103,4,1.10082,50.88135,7.3119462,0.14370583,79982.983,76229.449,17.017,3770.551,False,False,119.45149
332.54,TGO,THRUST,79973.213,29.6986364,0.7235397,116.07126,0.24756,0.65366,2275.41267,2278.97667,3.564,0.06711,-0.02387,6.02387,4,1.24959,6.02387,4,1.24959,50.90031,7.3381536,0.14416718,79981.965,75727.07,18.035,4272.93,False,False,117.74239
332.7,TGO,THRUST,79973.37,29.7193906,0.7310855,102.74162,0.28253,0.68937,2274.93739,2278.97643,4.03904,0.07639,-0.02705,6.02705,4,1.41597,6.02705,4,1.41597,50.91934,7.3709093,0.14475657,79981.91,75165.041,18.09,4834.959,False,False,115.2701
332.88,TGO,THRUST,79973.583,29.7421794,0.7404193,91.92937,0.31971,0.79012,2274.33764,2278.97611,4.63847,0.0881,-0.03106,6.03106,4,1.62611,6.03106,4,1.62611,50.94086,7.4174068,0.14560819,79983.306,74455.186,16.694,5544.814,False,False,111.60173
333.04,TGO,THRUST,79973.815,29.7617337,0.7492735,84.83013,0.35052,0.95199,2273.74356,2278.97577,5.2322,0.09968,-0.03503,6.03503,4,1.83446,6.03503,4,1.83446,50.96011,7.4690585,0.14656678,79986.323,73751.406,13.677,6248.594,False,False,107.57788
333.2,TGO,THRUST,79974.1,29.7803852,0.7584207,79.40647,0.37892,1.19897,2273.09058,2278.97535,5.88477,0.1124,-0.0394,6.0394,4,2.06368,6.0394,4,2.06368,50.97949,7.5321356,0.14774835,79991.786,72976.867,8.214,7023.133,False,False,102.8627
333.38,TGO,THRUST,79974.5,29.7998735,0.7686844,74.79996,0.40756,1.59736,2272.288,2278.97476,6.68676,0.12802,-0.04476,6.04476,4,2.34571,6.04476,4,2.34571,51.00148,7.6184915,0.14937784,80002.245,72022.925,-2.245,7977.075,False,False,96.76428
333.54,TGO,THRUST,79974.943,29.815397,0.7773589,71.73692,0.42961,2.07272,2271.52096,2278.97411,7.45315,0.14293,-0.04988,6.04988,4,2.61553,6.04988,4,2.61553,51.02125,7.709864,0.15111085,80016.998,71108.394,-16.998,8891.606,False,False,90.67837
333.7,TGO,THRUST,79975.483,29.8286331,0.7850944,69.46562,0.44791,2.67423,2270.71059,2278.97331,8.26272,0.15865,-0.05529,6.05529,4,2.90088,6.05529,4,2.90088,51.04126,7.8154718,0.15312068,80038.783,70138.178,-38.783,9861.822,False,False,84.07605
333.86,TGO,THRUST,79976.136,29.8388071,0.791248,67.8899,0.46173,3.40682,2269.87096,2278.97233,9.10138,0.17493,-0.06089,5.76127,4,3.19685,5.76127,4,3.19685,51.06154,7.7079231,0.15095361,80069.513,69127.284,-69.513,10872.716,False,False,78.38641
334.02,TGO,THRUST,79976.912,29.8453599,0.7953064,66.92308,0.47063,4.2539,2269.04002,2278.97117,9.93115,0.1911,-0.06642,4.65809,4,3.4901,4.65809,4,3.4901,51.08168,7.062478,0.13825853,80110.337,68119.258,-110.337,11880.742,False,False,76.47251
334.18,TGO,THRUST,79977.811,29.8479122,0.796908,66.51013,0.47435,5.156,2268.28632,2278.96979,10.68346,0.20596,-0.07144,3.45244,4,3.75641,3.45244,4,3.75641,51.1005,6.4830535,0.12686868,80159.853,67195.413,-159.853,12804.587,False,False,75.62959
334.34,TGO,THRUST,79978.827,29.8466323,0.7961021,66.58705,0.47319,6.04209,2267.66757,2278.9682,11.30063,0.21814,-0.07556,2.21642,4,3.97537,2.21642,4,3.97537,51.11778,6.0593795,0.11853761,80214.78,66425.621,-214.78,13574.379,False,False,75.40143
334.5,TGO,THRUST,79979.949,29.8421511,0.7932978,67.08431,0.46793,6.88999,2267.19208,2278.96643,11.77435,0.22747,-0.07872,0.97543,4,4.144,0.97543,4,4.144,51.13386,5.8415889,0.11424112,80273.804,65820.116,-273.804,14179.884,False,False,75.32616
334.66,TGO,THRUST,79981.167,29.8350764,0.7889306,67.96837,0.45923,7.69427,2266.85915,2278.96449,12.10535,0.23393,-0.08093,-0.26141,4,4.26252,-0.26141,4,4.26252,51.14923,5.8512756,0.11439615,80336.69,65377.696,-336.69,14622.304,False,False,74.86141
334.82,TGO,THRUST,79982.475,29.8257428,0.783287,69.26375,0.44738,8.45813,2266.6684,2278.96239,12.29399,0.23754,-0.08218,-1.49389,4,4.33109,-1.49389,4,4.33109,51.16449,6.0819438,0.11887041,80404.178,65096.788,-404.178,14903.212,False,False,73.53278
334.98,TGO,THRUST,79983.863,29.8142518,0.7765305,71.05614,0.43233,9.18383,2266.62792,2278.96015,12.33223,0.23812,-0.08244,-2.72132,4,4.34689,-2.72132,4,4.34689,51.18021,6.5039291,0.12707898,80477.587,64985.175,-477.587,15014.825,False,False,71.05025
335.14,TGO,THRUST,79985.325,29.8006192,0.7687993,73.49093,0.41387,9.86253,2266.76078,2278.95777,12.19699,0.23525,-0.08154,-3.93225,4,4.30182,-3.93225,4,4.30182,51.19691,7.0688242,0.13807129,80558.231,65068.236,-558.231,14931.764,False,False,67.39354
335.3,TGO,THRUST,79986.851,29.785043,0.7603586,76.74495,0.39203,10.46366,2267.10879,2278.95528,11.8465,0.22812,-0.0792,-5.09345,4,4.18116,-5.09345,4,4.18116,51.21501,7.7087847,0.15051808,80646.597,65394.006,-646.597,14605.994,False,False,62.73701
335.46,TGO,THRUST,79988.428,29.7681121,0.7516779,80.9681,0.36744,10.93646,2267.70249,2278.95269,11.2502,0.21619,-0.07522,-5.92478,4,3.97404,-5.92478,4,3.97404,51.23473,8.1789968,0.15963776,80741.014,65999.912,-741.014,14000.088,False,False,56.26687
335.62,TGO,THRUST,79990.034,29.7509282,0.7434138,86.16191,0.34162,11.21444,2268.5381,2278.95002,10.41192,0.19962,-0.06963,-5.93037,4,3.68158,-5.93037,4,3.68158,51.2558,8.0450822,0.15695947,80835.833,66887.712,-835.833,13112.288,False,False,46.70402
335.78,TGO,THRUST,79991.641,29.7348693,0.736206,92.0603,0.31677,11.24524,2269.52585,2278.94733,9.42147,0.18033,-0.06302,-5.93698,4,3.33505,-5.93698,4,3.33505,51.27692,7.897485,0.15401637,80919.274,67965.226,-919.274,12034.774,False,False,38.97511
335.96,TGO,THRUST,79993.415,29.7194301,0.7297593,98.94374,0.2923,10.95016,2270.66995,2278.94431,8.27437,0.15801,-0.05536,-5.94464,4,2.93259,-5.94464,4,2.93259,51.30026,7.7420176,0.15091576,80979.374,69250.733,-979.374,10749.267,False,False,33.37268
336.12,TGO,THRUST,79994.93,29.708512,0.7254923,104.7046,0.27472,10.45068,2271.66423,2278.94171,7.27748,0.13863,-0.0487,-5.9513,4,2.58203,-5.9513,4,2.58203,51.32062,7.6213402,0.14850445,81001.432,70399.415,-1001.432,9600.585,False,False,31.47237
336.28,TGO,THRUST,79996.361,29.7004275,0.7224904,109.52712,0.26164,9.78823,2272.6075,2278.93922,6.33172,0.12024,-0.04238,-5.95762,4,2.24881,-5.95762,4,2.24881,51.34065,7.519999,0.14647261,80996.468,71516.528,-996.468,8483.472,False,False,32.12066
336.46,TGO,THRUST,79997.846,29.6945895,0.7204058,113.29835,0.25231,8.89876,2273.58894,2278.9366,5.34766,0.1011,-0.0358,-5.9642,4,1.90143,-5.9642,4,1.90143,51.36287,7.4288027,0.14463371,80960.778,72711.093,-960.778,7288.907,False,False,34.80699
336.62,TGO,THRUST,79999.037,29.6920727,0.7195279,114.92015,0.24854,8.01731,2274.38391,2278.93447,4.55057,0.08561,-0.03047,-5.96953,4,1.61951,-5.96953,4,1.61951,51.3824,7.36601,0.14335668,80904.978,73706.986,-904.978,6293.014,False,False,37.96479
336.78,TGO,THRUST,80000.093,29.6918142,0.7194384,114.90391,0.24862,7.08213,2275.10593,2278.93256,3.82663,0.07154,-0.02563,-5.97437,4,1.36302,-5.97437,4,1.36302,51.40174,7.3178506,0.1423658,80830.09,74636.887,-830.09,5363.113,False,False,41.20769
336.96,TGO,THRUST,80001.108,29.6938707,0.7201574,113.18401,0.25273,5.98661,2275.83149,2278.93069,3.0992,0.05739,-0.02076,-5.97924,4,1.10476,-5.97924,4,1.10476,51.42336,7.2781735,0.14153438,80724.846,75602.494,-724.846,4397.506,False,False,44.53923
337.12,TGO,THRUST,80001.849,29.6974682,0.7214404,110.50259,0.25939,4.98412,2276.39559,2278.92929,2.53369,0.04641,-0.01697,-5.49363,4,0.90348,-5.49363,4,0.90348,51.44248,6.8553833,0.13326308,80612.329,76384.757,-612.329,3615.243,False,False,48.87602
337.28,TGO,THRUST,80002.438,29.7023233,0.7232208,107.18217,0.26814,3.9841,2276.87203,2278.92814,2.05611,0.03728,-0.01378,-4.75305,4,0.73298,-4.75305,4,0.73298,51.46075,6.2552936,0.12155466,80485.299,77078.068,-485.299,2921.932,False,False,54.54438
337.44,TGO,THRUST,80002.882,29.7078522,0.7253152,103.71138,0.27796,3.03519,2277.24132,2278.92725,1.68593,0.03031,-0.0113,-4.00659,4,0.60024,-4.00659,4,0.60024,51.47756,5.6932442,0.11059662,80351.695,77651.089,-351.695,2348.911,False,False,60.79464
337.6,TGO,THRUST,80003.191,29.7135923,0.7275642,100.39973,0.28806,2.15797,2277.5093,2278.92659,1.41729,0.02531,-0.0095,-3.27829,4,0.50328,-3.27829,4,0.50328,51.49288,5.1962009,0.10091106,80221.5,78100.479,-221.5,1899.521,False,False,67.54625
337.76,TGO,THRUST,80003.376,29.7192708,0.729863,97.37722,0.29796,1.35115,2277.69415,2278.92615,1.232,0.0219,-0.00826,-2.57077,4,0.43572,-2.57077,4,0.43572,51.50685,4.7748015,0.09270227,80107.664,78434.652,-107.664,1565.348,False,False,74.79642
337.92,TGO,THRUST,80003.445,29.7247164,0.7321363,94.68694,0.3074,0.60822,2277.8139,2278.92592,1.11202,0.01972,-0.00745,-1.88124,4,0.39124,-1.88124,4,0.39124,51.51967,4.4375818,0.08613374,80028.773,78656.309,-28.773,1343.691,False,False,82.52418
338.08,TGO,THRUST,80003.406,29.7298408,0.7343367,92.32113,0.31623,-0.08039,2277.88632,2278.92587,1.03955,0.01844,-0.00697,-1.2035,4,0.36357,-1.2035,4,0.36357,51.53155,4.1929209,0.08136609,80004.863,78766.501,-4.863,1233.499,False,False,90.6277
338.24,TGO,THRUST,80003.268,29.7345912,0.7364293,90.25626,0.32439,-0.72776,2277.91873,2278.926,1.00727,0.01791,-0.00675,-0.52753,4,0.35011,-0.52753,4,0.35011,51.54273,4.0497984,0.07857167,80042.416,78767.388,-42.416,1232.612,False,False,98.89224
338.4,TGO,THRUST,80003.036,29.7389051,0.7383737,88.47514,0.33179,-1.34897,2277.90247,2278.92629,1.02383,0.01829,-0.00686,0.15909,4,0.35382,0.15909,4,0.35382,51.55347,4.0187681,0.0779534,80125.036,78665.049,-125.036,1334.951,False,False,106.92004
338.56,TGO,THRUST,80002.715,29.7427394,0.7401371,86.9567,0.33838,-1.95781,2277.83169,2278.92674,1.09505,0.01967,-0.00734,0.86808,4,0.37671,0.86808,4,0.37671,51.56406,4.110411,0.07971465,80227.316,78477.936,-227.316,1522.064,False,False,114.07407
338.72,TGO,THRUST,80002.307,29.7460373,0.7416806,85.68869,0.34409,-2.56729,2277.69902,2278.92733,1.22831,0.02222,-0.00823,1.61108,4,0.42131,1.61108,4,0.42131,51.57481,4.3327909,0.08400983,80331.318,78215.243,-331.318,1784.757,False,False,119.61242
338.88,TGO,THRUST,80001.813,29.7486695,0.7429306,84.6856,0.34872,-3.18761,2277.48843,2278.92807,1.43963,0.02622,-0.00965,2.39783,4,0.4932,2.39783,4,0.4932,51.58606,4.6896538,0.09090933,80426.369,77868.648,-426.369,2131.352,False,False,122.9392
339.04,TGO,THRUST,80001.23,29.7504581,0.7437894,83.97878,0.35201,-3.82666,2277.18694,2278.92895,1.74201,0.03193,-0.01167,3.23665,4,0.59689,3.23665,4,0.59689,51.59816,5.1799817,0.10039083,80507.998,77427.328,-507.998,2572.672,False,False,123.81751
339.2,TGO,THRUST,80000.555,29.7511457,0.7441219,83.6278,0.35358,-4.48962,2276.78233,2278.92998,2.14765,0.03959,-0.01439,4.13365,4,0.73665,4.13365,4,0.73665,51.61147,5.7991163,0.112361,80575.234,76877.986,-575.234,3122.014,False,False,122.40215
339.36,TGO,THRUST,79999.788,29.7503544,0.7437385,83.73894,0.35285,-5.17597,2276.26048,2278.93117,2.67069,0.04947,-0.01789,5.08943,4,0.91742,5.08943,4,0.91742,51.62633,6.5378845,0.12663858,80627.837,76204.427,-627.837,3795.573,False,False,119.06762
339.52,TGO,THRUST,79998.926,29.7475712,0.7423978,84.48599,0.349,-5.87631,2275.60705,2278.93252,3.32547,0.06183,-0.02227,6.02227,4,1.14425,6.02227,4,1.14425,51.64305,7.319637,0.14173517,80665.197,75390.737,-665.197,4609.263,False,False,114.04603
339.68,TGO,THRUST,79997.973,29.7421799,0.7398408,86.13856,0.34101,-6.56697,2274.81396,2278.93402,4.12006,0.07686,-0.02759,6.02759,4,1.42005,6.02759,4,1.42005,51.66182,7.3721368,0.14269989,80686.012,74429.262,-686.012,5570.738,False,False,106.24702
339.84,TGO,THRUST,79996.943,29.7338955,0.7360202,88.97845,0.32829,-7.18527,2273.92103,2278.93567,5.01464,0.09411,-0.03358,6.03358,4,1.7311,6.03358,4,1.7311,51.68122,7.4431663,0.14402073,80688.457,73369.462,-688.457,6630.538,False,False,98.08522
340.02,TGO,THRUST,79995.719,29.7214391,0.7305327,93.90515,0.30861,-7.70074,2272.88807,2278.93766,6.04959,0.11402,-0.0405,6.0405,4,2.09162,6.0405,4,2.09162,51.70325,7.5407189,0.14584614,80667.622,72168.886,-667.622,7831.114,False,False,88.34234
340.18,TGO,THRUST,79994.599,29.7076851,0.7248442,100.4117,0.28625,-7.97431,2271.9808,2278.93951,6.95871,0.13148,-0.04657,6.04657,4,2.40891,6.04657,4,2.40891,51.72307,7.6396244,0.14770246,80630.494,71134.552,-630.494,8865.448,False,False,79.13539
340.34,TGO,THRUST,79993.475,29.6916254,0.7187105,109.81861,0.25942,-8.05941,2271.12247,2278.9414,7.81893,0.14797,-0.05232,6.05232,4,2.70971,6.05232,4,2.70971,51.74316,7.7442286,0.14966671,80578.984,70173.288,-578.984,9826.712,False,False,69.34241
340.52,TGO,THRUST,79992.235,29.6712922,0.7117562,125.654,0.22444,-7.91826,2270.26841,2278.9435,8.67509,0.16437,-0.05804,6.05804,4,3.00985,6.05804,4,3.00985,51.76608,7.8586888,0.15181154,80507.787,69237.067,-507.787,10762.933,False,False,57.58114
340.68,TGO,THRUST,79991.182,29.6517071,0.7059428,147.31605,0.18983,-7.5775,2269.67267,2278.94532,9.27265,0.17577,-0.06203,6.06203,4,3.22014,6.06203,4,3.22014,51.78676,7.9446488,0.15341081,80436.785,68604.59,-436.785,11395.41,False,False,46.7136
340.84,TGO,THRUST,79990.197,29.6315959,0.7009036,180.88306,0.15347,-7.02622,2269.292,2278.94705,9.65505,0.18302,-0.06458,6.06458,4,3.35582,6.06458,4,3.35582,51.80769,8.0025395,0.15446623,80360.858,68228.808,-360.858,11771.192,False,False,35.98678
341.02,TGO,THRUST,79989.201,29.6099897,0.6965664,242.65407,0.11369,-6.18359,2269.15982,2278.94883,9.78902,0.18549,-0.06547,6.06547,4,3.40552,6.06547,4,3.40552,51.83145,8.024185,0.15481305,80274.289,68153.405,-274.289,11846.595,False,False,24.39307
341.16,TGO,THRUST,79988.435,29.592573,0.6938973,338.36906,0.08122,-5.31138,2269.26953,2278.95024,9.68071,0.18332,-0.06475,6.06475,0,3.37052,6.06475,0,3.37052,51.85265,6.9384164,0.13381025,80202.145,68347.577,-202.145,11652.423,False,False,41.80041
341.32,TGO,THRUST,79987.788,29.5779539,0.6922341,509.45011,0.05382,-4.42246,2269.54336,2278.95145,9.40809,0.17843,-0.06293,6.06293,0,3.27807,6.06293,0,3.27807,51.87172,6.8923789,0.13287353,80140.757,68723.787,-140.757,11276.213,False,False,33.51661
341.48,TGO,THRUST,79987.255,29.5661252,0.691276,865.4187,0.03165,-3.60617,2269.92767,2278.95246,9.02479,0.17102,-0.06037,6.06037,0,3.14664,6.06037,0,3.14664,51.88999,6.828576,0.13159718,80093.449,69216.45,-93.449,10783.55,False,False,26.2434
341.64,TGO,THRUST,79986.841,29.5569397,0.6907715,1888.09095,0.0145,-2.76775,2270.42365,2278.95328,8.52963,0.16147,-0.05707,6.05707,0,2.97613,6.05707,0,2.97613,51.9081,6.7487337,0.1300131,80052.975,69834.278,-52.975,10165.722,False,False,20.91034
341.8,TGO,THRUST,79986.548,29.5504613,0.6905408,10753.53587,0.00255,-1.92826,2271.0059,2278.9539,7.948,0.15028,-0.05318,6.05318,0,2.77536,6.05318,0,2.77536,51.92603,6.6591018,0.12824208,80020.753,70546.555,-20.753,9453.445,False,False,18.44768
341.96,TGO,THRUST,79986.376,29.5462608,0.6904458,27.37449,0,-1.1115,2271.65165,2278.95431,7.30266,0.13787,-0.04887,6.04887,0,2.55222,6.04887,0,2.55222,51.94372,6.5652616,0.12639182,79998.312,71325.395,1.688,8674.605,False,False,19.13615
342.12,TGO,THRUST,79986.324,29.5440125,0.690412,27.38147,0,-0.32861,2272.34205,2278.95452,6.61248,0.1246,-0.04426,5.49442,0,2.31327,5.49442,0,2.31327,51.96118,5.961528,0.11473041,79986.805,72147.74,13.195,7852.26,False,False,19.98283
342.28,TGO,THRUST,79986.369,29.5434153,0.6904049,27.38961,0,0.39422,2273.04051,2278.95454,5.91403,0.11138,-0.03959,4.77036,0,2.07123,4.77036,0,2.07123,51.97738,5.2006045,0.10005515,79987.562,72969.321,12.438,7030.679,False,False,21.01156
342.44,TGO,THRUST,79986.539,29.544058,0.6904132,27.39777,0,1.01635,2273.69059,2278.95438,5.26378,0.09916,-0.03524,4.10742,0,1.84572,4.10742,0,1.84572,51.99167,4.5030643,0.08661126,80000.34,73723.698,-0.34,6276.302,False,False,22.40693
342.6,TGO,THRUST,79986.744,29.5454429,0.6904358,27.40566,0,1.53661,2274.27155,2278.95406,4.68251,0.08824,-0.03135,3.51236,0,1.64402,3.51236,0,1.64402,52.00408,3.8780716,0.07457245,80023.329,74387.762,-23.329,5612.238,False,False,23.05594
342.76,TGO,THRUST,79987.047,29.5471799,0.6904722,27.41328,0,1.97013,2274.78296,2278.95361,4.17065,0.07864,-0.02793,2.97502,0,1.46632,2.97502,0,1.46632,52.01477,3.3167483,0.0637655,80054.751,74962.355,-54.751,5037.645,False,False,23.36904
342.92,TGO,THRUST,79987.462,29.5489913,0.6905199,7814.83047,0.00351,2.3313,2275.22796,2278.95305,3.72509,0.07029,-0.02495,2.48526,0,1.31158,2.48526,0,1.31158,52.02394,2.8101158,0.05401582,80092.938,75452.494,-92.938,4547.506,False,False,-22.96523
343.08,TGO,THRUST,79987.886,29.5507036,0.690574,3725.53732,0.00736,2.63225,2275.61042,2278.95239,3.34198,0.06312,-0.02238,2.03455,0,1.1785,2.03455,0,1.1785,52.03174,2.3512246,0.04518828,80136.153,75864.204,-136.153,4135.796,False,False,-21.3411
343.22,TGO,THRUST,79988.353,29.5522232,0.6906294,2530.0952,0.01084,2.88278,2275.93422,2278.95165,3.01743,0.05705,-0.02021,1.61616,0,1.06575,1.61616,0,1.06575,52.03828,1.9359196,0.03720184,80182.444,76203.825,-182.444,3796.175,False,False,-18.34216
343.4,TGO,THRUST,79988.854,29.5535096,0.690682,1977.89539,0.01387,3.09066,2276.20333,2278.95085,2.74752,0.05203,-0.01841,1.22695,0,0.97198,1.22695,0,0.97198,52.04369,1.5652982,0.03007662,80229.603,76478.042,-229.603,3521.958,False,False,-13.69073
343.56,TGO,THRUST,79989.392,29.5545546,0.6907286,1669.78051,0.01644,3.26219,2276.42196,2278.94998,2.52803,0.04795,-0.01694,0.86008,0,0.89573,0.86008,0,0.89573,52.04809,1.241802,0.02385874,80275.355,76694.026,-275.355,3305.974,False,False,-8.4723
343.72,TGO,THRUST,79989.954,29.5553596,0.6907671,1480.97701,0.01853,3.40425,2276.59396,2278.94906,2.35511,0.04475,-0.01578,0.51127,0,0.83568,0.51127,0,0.83568,52.0516,0.9796744,0.01882121,80317.805,76858.145,-317.805,3141.855,False,False,-13.54447
343.88,TGO,THRUST,79990.529,29.5559371,0.6907961,1359.58654,0.02019,3.52397,2276.72383,2278.94811,2.22429,0.04234,-0.0149,0.1778,0,0.7903,0.1778,0,0.7903,52.05437,0.8100536,0.01556168,80355.762,76976.845,-355.762,3023.155,False,False,-31.20169
344.04,TGO,THRUST,79991.114,29.5563382,0.6908171,1276.55619,0.0215,3.6251,2276.82277,2278.94714,2.12437,0.04048,-0.01423,-0.1412,0,0.75567,-0.1412,0,0.75567,52.05664,0.7687468,0.01476751,80389.097,77063.514,-389.097,2936.486,False,False,-53.95481
344.2,TGO,THRUST,79991.705,29.5566453,0.6908336,1212.7746,0.02264,3.71452,2276.90675,2278.94616,2.03941,0.03887,-0.01366,-0.4513,0,0.72623,-0.4513,0,0.72623,52.05871,0.8550358,0.01642445,80420.031,77134.868,-420.031,2865.132,False,False,-74.43855
344.36,TGO,THRUST,79992.302,29.5569005,0.6908478,1159.96471,0.02367,3.80473,2276.99197,2278.94516,1.95319,0.03717,-0.01309,-0.76463,0,0.69636,-0.76463,0,0.69636,52.06092,1.0342019,0.01986522,80453.123,77205.625,-453.123,2794.375,False,False,-88.99652
344.52,TGO,THRUST,79992.908,29.5571115,0.6908598,1115.4304,0.02462,3.90748,2277.09251,2278.94416,1.85165,0.03516,-0.01241,-1.09327,0,0.66116,-1.09327,0,0.66116,52.06355,1.2776473,0.02454015,80493.66,77287.252,-493.66,2712.748,False,False,-98.34764
344.68,TGO,THRUST,79993.525,29.5572484,0.6908677,1080.27271,0.02542,4.03002,2277.21952,2278.94314,1.72361,0.0326,-0.01155,-1.44527,0,0.61676,-1.44527,0,0.61676,52.06678,1.5713703,0.0301799,80546.82,77387.883,-546.82,2612.117,False,False,-103.98198
344.84,TGO,THRUST,79994.154,29.5572458,0.6908675,1058.19289,0.02595,4.1755,2277.38259,2278.9421,1.55951,0.02934,-0.01045,-1.82471,0,0.55981,-1.82471,0,0.55981,52.07075,1.908654,0.03665501,80618.249,77513.31,-618.249,2486.69,False,False,-106.95401
345,TGO,THRUST,79994.799,29.5570061,0.6908533,1055.37176,0.02602,4.34365,2277.59092,2278.94103,1.35011,0.02519,-0.00905,-2.23231,0,0.48709,-2.23231,0,0.48709,52.0756,2.2848331,0.04387531,80715.051,77667.462,-715.051,2332.538,False,False,-107.90589
345.16,TGO,THRUST,79995.46,29.5563996,0.6908175,1082.16071,0.02538,4.53082,2277.85365,2278.93994,1.08629,0.01998,-0.00728,-2.66522,0,0.39538,-2.66522,0,0.39538,52.08141,2.6943877,0.05173415,80846.709,77851.821,-846.709,2148.179,False,False,-107.2259
345.32,TGO,THRUST,79996.138,29.5552664,0.6907523,1158.36016,0.02371,4.72939,2278.17937,2278.93882,0.75945,0.01355,-0.00509,-3.11631,0,0.28165,-3.11631,0,0.28165,52.0883,3.1290079,0.06007123,81025.806,78064.143,-1025.806,1935.857,False,False,-105.15732
345.48,TGO,THRUST,79996.831,29.5534228,0.6906521,1329.64447,0.02066,4.92708,2278.57498,2278.93768,0.3627,0.00576,-0.00243,-3.57322,0,0.14345,-3.57322,0,0.14345,52.09632,3.5761018,0.06864404,81267.918,78297.218,-1267.918,1702.782,False,False,-101.86124
345.64,TGO,THRUST,79997.448,29.5506737,0.6905172,1734.59688,0.01583,5.10639,2279.04393,2278.93651,-0.10742,0,0.00072,-4.01765,0,-0.02048,-4.01765,0,-0.02048,52.10553,4.017698,0.07710695,81589.411,78538.966,-1589.411,1461.034,False,False,-98.36152
345.78,TGO,THRUST,79998.07,29.5473545,0.6903785,2794.60337,0.00983,5.2291,2279.51075,2278.93547,-0.57528,0,0.00386,-4.37586,0,-0.18382,-4.37586,0,-0.18382,52.11457,4.3797203,0.08404022,81943.394,78745.815,-1943.394,1254.185,False,False,-93.80011
345.94,TGO,THRUST,79998.78,29.5422848,0.690219,58993.24898,0.00047,5.30649,2280.10672,2278.93428,-1.17245,0,0.00786,-4.72412,0,-0.39256,-4.72412,0,-0.39256,52.12597,4.7403982,0.09094119,82436.442,78969.048,-2436.442,1030.952,False,False,-87.82046
346.08,TGO,THRUST,79999.392,29.5368268,0.6901193,27.47001,0,5.29749,2280.65662,2278.93324,-1.72338,0,0.01156,-4.95063,0,-0.58542,-4.95063,0,-0.58542,52.13676,4.9851238,0.09561629,82923.42,79143.449,-2923.42,856.551,False,False,-81.96077
346.22,TGO,THRUST,79999.985,29.5304418,0.6900983,27.47599,0,5.20088,2281.22241,2278.93223,-2.29018,0,0.01536,-5.0847,0,-0.78412,-5.0847,0,-0.78412,52.14819,5.1448083,0.09865746,83447.805,79300.03,-3447.805,699.97,False,False,-75.61604
346.36,TGO,THRUST,80000.55,29.5233849,0.690196,27.48655,0,5.00625,2281.77648,2278.93125,-2.84523,0,0.01908,-5.11208,0,-0.97903,-5.11208,0,-0.97903,52.16006,5.2049814,0.09978864,83977.155,79438.082,-3977.155,561.918,False,False,-68.83138
346.52,TGO,THRUST,80001.147,29.5148802,0.6904832,1855.41821,0.01482,4.65974,2282.36234,2278.9302,-3.43214,0,0.02302,-5.00363,0,-1.18561,-5.00363,0,-1.18561,52.17387,5.1421735,0.09855841,84546.748,79574.805,-4546.748,425.195,False,False,-60.61565
346.66,TGO,THRUST,80001.62,29.5074663,0.6908848,953.27805,0.02888,4.255,2282.80461,2278.92937,-3.87524,0,0.026,-4.78947,0,-1.34205,-4.78947,0,-1.34205,52.18588,4.9739472,0.09531212,84978.244,79676.989,-4978.244,323.011,False,False,-53.15671
346.8,TGO,THRUST,80002.041,29.5005143,0.6913893,655.756,0.04201,3.76586,2283.15046,2278.92861,-4.22185,0,0.02832,-4.47181,0,-1.465,-4.47181,0,-1.465,52.19758,4.7056689,0.0901511,85309.169,79763.76,-5309.169,236.24,False,False,-45.8525
346.94,TGO,THRUST,80002.408,29.4945342,0.691922,517.95502,0.05324,3.21342,2283.37799,2278.92794,-4.45005,0,0.02986,-4.07028,0,-1.54673,-4.07028,0,-1.54673,52.20872,4.3542595,0.08340101,85512.488,79835.543,-5512.488,164.457,False,False,-39.04801
347.1,TGO,THRUST,80002.759,29.4894047,0.6924509,440.00896,0.06272,2.55708,2283.50755,2278.92729,-4.58026,0,0.03073,-3.56009,0,-1.5945,-3.56009,0,-1.5945,52.22055,3.9008528,0.07469958,85605.854,79899.192,-5605.854,100.808,False,False,-32.21952
347.24,TGO,THRUST,80003.005,29.4862885,0.6928042,404.08429,0.06833,1.99694,2283.52829,2278.92683,-4.60147,0,0.03087,-3.10442,0,-1.60381,-3.10442,0,-1.60381,52.22994,3.4942305,0.06690091,85590.61,79940.03,-5590.61,59.97,False,False,-27.25313
347.38,TGO,THRUST,80003.199,29.4842713,0.6930453,384.71187,0.0718,1.48632,2283.48435,2278.92645,-4.55789,0,0.03058,-2.67732,0,-1.59027,-2.67732,0,-1.59027,52.23835,3.1140026,0.05961143,85509.935,79968.21,-5509.935,31.79,False,False,-23.30063
347.52,TGO,THRUST,80003.345,29.4831228,0.6931868,375.5193,0.07357,1.03072,2283.39492,2278.92616,-4.46875,0,0.02998,-2.28584,0,-1.5606,-2.28584,0,-1.5606,52.24586,2.7677671,0.05297582,85384.13,79986.598,-5384.13,13.402,False,False,-20.55973
347.68,TGO,THRUST,80003.457,29.4826358,0.6932475,373.43606,0.07398,0.58054,2283.25733,2278.92593,-4.3314,0,0.02906,-1.88746,0,-1.51404,-1.88746,0,-1.51404,52.25347,2.4196709,0.04630642,85206.635,79998.582,-5206.635,1.418,False,False,-19.10094
347.82,TGO,THRUST,80003.514,29.4827514,0.6932331,376.95171,0.07328,0.23935,2283.11762,2278.9258,-4.19182,0,0.02812,-1.57463,0,-1.46633,-1.57463,0,-1.46633,52.25934,2.1516475,0.0411725,85033.626,80003.408,-5033.626,-3.408,False,False,-19.29965
347.96,TGO,THRUST,80003.537,29.4832551,0.6931711,384.52505,0.07183,-0.05056,2282.97659,2278.92573,-4.05087,0,0.02718,-1.29937,0,-1.41797,-1.29937,0,-1.41797,52.26454,1.923278,0.03679891,84862.817,80004.388,-4862.817,-4.388,False,False,-20.4485
348.1,TGO,THRUST,80003.531,29.4840392,0.6930764,395.4751,0.06983,-0.29956,2282.83846,2278.92571,-3.91275,0,0.02625,-1.05328,0,-1.37047,-1.05328,0,-1.37047,52.26917,1.7284654,0.03306854,84698.105,80002.7,-4698.105,-2.7,False,False,-22.21205
348.26,TGO,THRUST,80003.495,29.4851445,0.6929463,411.27506,0.06713,-0.54011,2282.68502,2278.92575,-3.75928,0,0.02522,-0.80387,0,-1.31756,-0.80387,0,-1.31756,52.27391,1.5434313,0.02952584,84517.32,79998.563,-4517.32,1.437,False,False,-24.62457
348.4,TGO,THRUST,80003.441,29.48622,0.6928235,427.5875,0.06455,-0.71968,2282.55196,2278.92582,-3.62614,0,0.02432,-0.60742,0,-1.27157,-0.60742,0,-1.27157,52.27764,1.4091954,0.02695599,84361.833,79993.631,-4361.833,6.369,False,False,-26.83871
348.54,TGO,THRUST,80003.372,29.4873333,0.6927003,445.80195,0.0619,-0.872,2282.42485,2278.92592,-3.49893,0,0.02347,-0.4314,0,-1.22755,-0.4314,0,-1.22755,52.28101,1.3011506,0.02488763,84214.161,79988.003,-4214.161,11.997,False,False,-28.8956
348.68,TGO,THRUST,80003.289,29.4884482,0.6925809,465.68904,0.05924,-1.00195,2282.30032,2278.92605,-3.37428,0,0.02263,-0.27224,0,-1.18436,-0.27224,0,-1.18436,52.28412,1.2152455,0.02324311,84069.986,79981.952,-4069.986,18.048,False,False,-30.7291
348.84,TGO,THRUST,80003.181,29.4896817,0.6924534,490.0512,0.05628,-1.12633,2282.15901,2278.92621,-3.23279,0,0.02168,-0.10905,0,-1.13526,-0.10905,0,-1.13526,52.28742,1.1404829,0.0218118,83906.616,79974.805,-3906.616,25.195,False,False,-32.45507
348.98,TGO,THRUST,80003.078,29.4907091,0.6923509,512.62077,0.05379,-1.21732,2282.03371,2278.92638,-3.10733,0,0.02084,0.01976,0,-1.09165,0.01976,0,-1.09165,52.29012,1.0918303,0.02088024,83761.762,79968.46,-3761.762,31.54,False,False,-33.67455
349.12,TGO,THRUST,80002.962,29.4916409,0.692261,535.44433,0.05149,-1.2924,2281.90739,2278.92656,-2.98083,0,0.01999,0.13602,0,-1.04763,0.13602,0,-1.04763,52.2927,1.0564216,0.02020208,83615.567,79962.207,-3615.567,37.793,False,False,-34.61426
349.26,TGO,THRUST,80002.845,29.4924548,0.6921849,557.80149,0.04942,-1.35375,2281.77861,2278.92676,-2.85185,0,0.01913,0.24277,0,-1.00269,0.24277,0,-1.00269,52.29519,1.0316592,0.01972761,83466.283,79956.057,-3466.283,43.943,False,False,-35.4064
349.42,TGO,THRUST,80002.71,29.4932325,0.6921143,582.07686,0.04735,-1.40853,2281.62833,2278.92698,-2.70135,0,0.01812,0.34862,0,-0.9502,0.34862,0,-0.9502,52.29796,1.0121332,0.0193532,83291.797,79949.232,-3291.797,50.768,False,False,-35.81362
349.56,TGO,THRUST,80002.59,29.4937984,0.6920643,602.16558,0.04576,-1.44419,2281.49431,2278.92718,-2.56713,0,0.01722,0.42998,0,-0.90334,0.42998,0,-0.90334,52.30033,1.0004528,0.019129,83135.903,79943.466,-3135.903,56.534,False,False,-35.7889
349.7,TGO,THRUST,80002.47,29.4942689,0.6920237,621.06744,0.04437,-1.46853,2281.35901,2278.92738,-2.43162,0,0.01631,0.5003,0,-0.85599,0.5003,0,-0.85599,52.30268,0.9914765,0.01895651,82978.181,79937.999,-2978.181,62.001,False,False,-35.30093
349.84,TGO,THRUST,80002.352,29.4946565,0.6919909,638.78418,0.04313,-1.48166,2281.22274,2278.92758,-2.29515,0,0.01539,0.55908,0,-0.80827,0.55908,0,-0.80827,52.305,0.982788,0.01878956,82818.946,79932.922,-2818.946,67.078,False,False,-34.29717
350,TGO,THRUST,80002.219,29.4950181,0.6919609,657.80038,0.04188,-1.48164,2281.06699,2278.92781,-2.13918,0,0.01435,0.61043,0,-0.75368,0.61043,0,-0.75368,52.30762,0.9698817,0.01854188,82636.241,79927.88,-2636.241,72.12,False,False,-32.46912
350.14,TGO,THRUST,80002.105,29.4952863,0.691939,673.83237,0.04088,-1.46806,2280.93215,2278.928,-2.00415,0,0.01344,0.64089,0,-0.70638,0.64089,0,-0.70638,52.3099,0.9537862,0.01823338,82477.251,79924.357,-2477.251,75.643,False,False,-30.33014
350.28,TGO,THRUST,80001.992,29.4955051,0.6919215,688.99582,0.03998,-1.44051,2280.80098,2278.92819,-1.87279,0,0.01256,0.65686,0,-0.66031,0.65686,0,-0.66031,52.31213,0.9313845,0.01780437,82321.512,79922.037,-2321.512,77.963,False,False,-27.78113
350.42,TGO,THRUST,80001.879,29.4956924,0.6919067,703.74039,0.03914,-1.40012,2280.67548,2278.92838,-1.7471,0,0.01171,0.65966,0,-0.61618,0.65966,0,-0.61618,52.31432,0.9026794,0.01725492,82171.288,79921.047,-2171.288,78.953,False,False,-24.92924
350.58,TGO,THRUST,80001.752,29.4958932,0.6918911,720.90175,0.0382,-1.3408,2280.54142,2278.9286,-1.61282,0,0.01081,0.64924,0,-0.56899,0.64924,0,-0.56899,52.31675,0.8632857,0.01650114,82009.247,79921.565,-2009.247,78.435,False,False,-21.44411
350.72,TGO,THRUST,80001.642,29.4960704,0.6918775,736.68733,0.03738,-1.27944,2280.43331,2278.92878,-1.50452,0,0.01009,0.63019,0,-0.53087,0.63019,0,-0.53087,52.31879,0.8239971,0.01574955,81877.136,79923.417,-1877.136,76.583,False,False,-18.30352
350.86,TGO,THRUST,80001.533,29.4962544,0.6918636,753.459,0.03655,-1.21216,2280.33533,2278.92897,-1.40636,0,0.00943,0.6046,0,-0.49629,0.6046,0,-0.49629,52.32074,0.782203,0.01495015,81756.089,79926.407,-1756.089,73.593,False,False,-15.19946
351,TGO,THRUST,80001.427,29.4964437,0.6918495,771.25215,0.0357,-1.14071,2280.24741,2278.92915,-1.31827,0,0.00884,0.57411,0,-0.46522,0.57411,0,-0.46522,52.32259,0.7389397,0.01412277,81646.171,79930.379,-1646.171,69.621,False,False,-12.25151
351.16,TGO,THRUST,80001.308,29.4966644,0.6918333,792.84828,0.03473,-1.05654,2280.15894,2278.92935,-1.22959,0,0.00824,0.53571,0,-0.4339,0.53571,0,-0.4339,52.32459,0.6893837,0.01317514,81534.093,79935.815,-1534.093,64.185,False,False,-9.29262
351.3,TGO,THRUST,80001.207,29.496859,0.6918193,812.84109,0.03387,-0.98197,2280.09067,2278.92952,-1.16115,0,0.00778,0.50009,0,-0.40969,0.50009,0,-0.40969,52.32624,0.646482,0.01235483,81446.479,79941.122,-1446.479,58.878,False,False,-7.33837
351.44,TGO,THRUST,80001.109,29.4970487,0.6918058,833.6322,0.03302,-0.9089,2280.03081,2278.92969,-1.10113,0,0.00738,0.4648,0,-0.38844,0.4648,0,-0.38844,52.32777,0.6057419,0.01157592,81368.795,79946.624,-1368.795,53.376,False,False,-6.34993
351.58,TGO,THRUST,80001.015,29.497232,0.691793,855.18392,0.03219,-0.83793,2279.97783,2278.92985,-1.04798,0,0.00703,0.4303,0,-0.3696,0.4303,0,-0.3696,52.32922,0.5672433,0.0108399,81299.375,79952.14,-1299.375,47.86,False,False,-6.45892
351.74,TGO,THRUST,80000.912,29.4974299,0.6917795,880.58359,0.03126,-0.76031,2279.92428,2278.93003,-0.99426,0,0.00667,0.39262,0,-0.35054,0.39262,0,-0.35054,52.33075,0.5263333,0.01005782,81228.672,79958.246,-1228.672,41.754,False,False,-7.49594
351.88,TGO,THRUST,80000.826,29.497592,0.6917685,903.43989,0.03047,-0.69534,2279.88194,2278.93017,-0.95176,0,0.00638,0.36096,0,-0.33545,0.36096,0,-0.33545,52.33201,0.492763,0.00941609,81172.51,79963.329,-1172.51,36.671,False,False,8.71713
352.02,TGO,THRUST,80000.745,29.4977398,0.6917587,926.62939,0.02971,-0.63426,2279.84347,2278.93031,-0.91316,0,0.00612,0.33162,0,-0.32173,0.33162,0,-0.32173,52.33318,0.4620417,0.00882885,81121.425,79968.02,-1121.425,31.98,False,False,9.91067
352.16,TGO,THRUST,80000.667,29.4978733,0.69175,950.11908,0.02897,-0.57677,2279.80782,2278.93045,-0.87738,0,0.00588,0.3043,0,-0.30902,0.3043,0,-0.30902,52.33428,0.4336917,0.00828695,81074.148,79972.308,-1074.148,27.692,False,False,10.96157
352.32,TGO,THRUST,80000.583,29.4980079,0.6917413,977.23029,0.02817,-0.51547,2279.7697,2278.93059,-0.83911,0,0.00563,0.27561,0,-0.29542,0.27561,0,-0.29542,52.33546,0.4040217,0.00771985,81023.813,79976.693,-1023.813,23.307,False,False,11.91891
352.46,TGO,THRUST,80000.515,29.498111,0.6917348,1001.1979,0.02749,-0.46522,2279.73775,2278.93071,-0.80704,0,0.00541,0.25227,0,-0.28402,0.25227,0,-0.28402,52.33642,0.3798784,0.0072584,80981.908,79980.111,-981.908,19.889,False,False,12.56239
352.6,TGO,THRUST,80000.449,29.4981989,0.6917293,1025.21751,0.02685,-0.41867,2279.70723,2278.93082,-0.7764,0,0.0052,0.23115,0,-0.27314,0.23115,0,-0.27314,52.33732,0.3578271,0.00683694,80942.15,79983.114,-942.15,16.886,False,False,12.97383
352.74,TGO,THRUST,80000.388,29.4982729,0.6917247,1049.31478,0.02623,-0.37538,2279.67767,2278.93093,-0.74674,0,0.00501,0.21193,0,-0.26262,0.21193,0,-0.26262,52.33817,0.3374607,0.0064477,80903.948,79985.747,-903.948,14.253,False,False,13.18509
352.9,TGO,THRUST,80000.322,29.4983418,0.6917205,1076.97399,0.02555,-0.32974,2279.64484,2278.93104,-0.7138,0,0.00479,0.19216,0,-0.25093,0.19216,0,-0.25093,52.33909,0.316062,0.00603874,80861.883,79988.339,-861.883,11.661,False,False,13.20141
353.04,TGO,THRUST,80000.268,29.4983906,0.6917176,1101.38538,0.02499,-0.29274,2279.61657,2278.93114,-0.68543,0,0.00459,0.17638,0,-0.24088,0.17638,0,-0.24088,52.33984,0.2985509,0.00570409,80825.953,79990.292,-825.953,9.708,False,False,13.0842
353.18,TGO,THRUST,80000.217,29.4984289,0.6917153,1125.97213,0.02444,-0.25873,2279.58905,2278.93123,-0.65783,0,0.00441,0.16227,0,-0.23111,0.16227,0,-0.23111,52.34055,0.2823875,0.0053952,80791.239,79991.96,-791.239,8.04,False,False,12.82158
353.32,TGO,THRUST,80000.17,29.4984583,0.6917136,1150.82807,0.02391,-0.22732,2279.56214,2278.93131,-0.63083,0,0.00423,0.1495,0,-0.22155,0.1495,0,-0.22155,52.34122,0.2672746,0.00510639,80757.511,79993.385,-757.511,6.615,False,False,12.46453
353.48,TGO,THRUST,80000.12,29.4984833,0.6917122,1179.7474,0.02333,-0.19443,2279.53215,2278.9314,-0.60076,0,0.00403,0.13633,0,-0.21092,0.13633,0,-0.21092,52.34195,0.2511427,0.00479812,80720.164,79994.752,-720.164,5.248,False,False,11.98492
353.62,TGO,THRUST,80000.08,29.4984987,0.6917113,1205.58829,0.02283,-0.1679,2279.5064,2278.93147,-0.57493,0,0.00385,0.12566,0,-0.20179,0.12566,0,-0.20179,52.34254,0.2377182,0.00454159,80688.28,79995.754,-688.28,4.246,False,False,11.57506
353.76,TGO,THRUST,80000.043,29.4985089,0.6917107,1232.01598,0.02234,-0.14357,2279.48149,2278.93153,-0.54996,0,0.00369,0.11591,0,-0.19297,0.11591,0,-0.19297,52.3431,0.2251013,0.0043005,80657.59,79996.588,-657.59,3.412,False,False,11.16315
353.9,TGO,THRUST,80000.01,29.4985154,0.6917104,1259.20478,0.02185,-0.12114,2279.45733,2278.93159,-0.52574,0,0.00352,0.1068,0,-0.18442,0.1068,0,-0.18442,52.34364,0.2131096,0.00407136,80627.959,79997.28,-627.959,2.72,False,False,10.79604
354.06,TGO,THRUST,79999.976,29.49852,0.6917101,1291.43304,0.02131,-0.09766,2279.43071,2278.93165,-0.49906,0,0.00335,0.09706,0,-0.175,0.09706,0,-0.175,52.34422,0.2001099,0.00382296,80595.44,79997.917,-595.44,2.083,False,False,10.46351
354.2,TGO,THRUST,79999.95,29.4985227,0.69171,1320.86468,0.02083,-0.07871,2279.40812,2278.9317,-0.47643,0,0.00319,0.08885,0,-0.16701,0.08885,0,-0.16701,52.34469,0.1891749,0.00361402,80567.962,79998.36,-567.962,1.64,False,False,10.30778
354.34,TGO,THRUST,79999.926,29.4985249,0.6917098,1351.59359,0.02036,-0.06132,2279.38652,2278.93174,-0.45478,0,0.00305,0.08107,0,-0.15938,0.08107,0,-0.15938,52.34514,0.1788107,0.00341599,80541.769,79998.703,-541.769,1.297,False,False,10.25142
354.48,TGO,THRUST,79999.905,29.4985269,0.6917097,1383.75532,0.01989,-0.04525,2279.36581,2278.93178,-0.43403,0,0.00291,0.0736,0,-0.15206,0.0736,0,-0.15206,52.34557,0.1689374,0.00322735,80516.738,79998.961,-516.738,1.039,False,False,10.30837
354.64,TGO,THRUST,79999.883,29.4985295,0.6917096,1422.48477,0.01934,-0.02837,2279.34325,2278.93182,-0.41143,0,0.00276,0.0655,0,-0.1441,0.0655,0,-0.1441,52.34602,0.1582828,0.00302378,80489.564,79999.161,-489.564,0.839,False,False,10.48571
354.78,TGO,THRUST,79999.866,29.4985325,0.6917094,1458.31447,0.01887,-0.0147,2279.32431,2278.93185,-0.39246,0,0.00263,0.05872,0,-0.13741,0.05872,0,-0.13741,52.3464,0.1494315,0.00285467,80466.821,79999.263,-466.821,0.737,False,False,10.73563
354.92,TGO,THRUST,79999.85,29.4985363,0.6917092,1496.12592,0.01839,-0.00214,2279.30633,2278.93187,-0.37445,0,0.00251,0.05247,0,-0.13107,0.05247,0,-0.13107,52.34675,0.1411772,0.00269696,80445.301,79999.303,-445.301,0.697,False,False,10.9908
355.06,TGO,THRUST,79999.835,29.498541,0.691709,1536.10641,0.01791,0.00945,2279.28917,2278.9319,-0.35727,0,0.00239,0.04672,0,-0.12501,0.04672,0,-0.12501,52.34709,0.1334576,0.00254948,80424.82,79999.286,-424.82,0.714,False,False,11.21086
355.22,TGO,THRUST,79999.819,29.4985467,0.6917087,1584.56602,0.01737,0.02161,2279.27052,2278.93193,-0.3386,0,0.00227,0.04093,0,-0.11844,0.04093,0,-0.11844,52.34745,0.1253087,0.00239379,80402.647,79999.204,-402.647,0.796,False,False,11.31388
355.36,TGO,THRUST,79999.805,29.4985527,0.6917084,1629.73911,0.01688,0.0314,2279.25486,2278.93195,-0.32291,0,0.00216,0.03656,0,-0.11291,0.03656,0,-0.11291,52.34775,0.1186852,0.00226725,80384.08,79999.082,-384.08,0.918,False,False,11.22064
355.5,TGO,THRUST,79999.791,29.4985595,0.6917081,1677.71876,0.0164,0.04031,2279.23994,2278.93197,-0.30796,0,0.00206,0.03296,0,-0.10765,0.03296,0,-0.10765,52.34803,0.1125846,0.00215069,80366.436,79998.922,-366.436,1.078,False,False,10.86593
355.64,TGO,THRUST,79999.778,29.4985665,0.6917078,1728.67326,0.01592,0.04844,2279.22562,2278.932,-0.29362,0,0.00197,0.0301,0,-0.1026,0.0301,0,-0.1026,52.3483,0.1069271,0.00204261,80349.55,79998.725,-349.55,1.275,False,False,10.22761
355.8,TGO,THRUST,79999.763,29.498575,0.6917074,1790.92861,0.01536,0.05679,2279.20991,2278.93202,-0.27789,0,0.00186,0.02761,0,-0.09707,0.02761,0,-0.09707,52.34859,0.1009223,0.00192789,80331.091,79998.465,-331.091,1.535,False,False,9.17844
355.94,TGO,THRUST,79999.751,29.4985824,0.691707,1849.21014,0.01488,0.06334,2279.19662,2278.93205,-0.26458,0,0.00177,0.02592,0,-0.09239,0.02592,0,-0.09239,52.34882,0.0959567,0.00183303,80315.506,79998.209,-315.506,1.791,False,False,8.08644
356.08,TGO,THRUST,79999.74,29.4985898,0.6917067,1911.41227,0.0144,0.06915,2279.18387,2278.93206,-0.2518,0,0.00169,0.02447,0,-0.0879,0.02447,0,-0.0879,52.34905,0.0912425,0.00174296,80300.586,79997.935,-300.586,2.065,False,False,6.96698
356.22,TGO,THRUST,79999.732,29.4985968,0.6917064,1977.82266,0.01391,0.0743,2279.17158,2278.93208,-0.2395,0,0.00161,0.02297,0,-0.08358,0.02297,0,-0.08358,52.34927,0.0866744,0.00165569,80286.247,79997.645,-286.247,2.355,False,False,6.02238
356.38,TGO,THRUST,79999.725,29.4986037,0.6917061,2059.26517,0.01336,0.07951,2279.15815,2278.93209,-0.22605,0,0.00152,0.02087,0,-0.07885,0.02087,0,-0.07885,52.3495,0.0815665,0.00155811,80270.602,79997.295,-270.602,2.705,False,False,5.39414
356.52,TGO,THRUST,79999.722,29.4986085,0.6917059,2135.80386,0.01288,0.0836,2279.14686,2278.9321,-0.21476,0,0.00144,0.01852,0,-0.07489,0.01852,0,-0.07489,52.3497,0.0771413,0.00147358,80257.497,79996.971,-257.497,3.029,False,False,5.41697
356.66,TGO,THRUST,79999.721,29.4986117,0.6917057,2217.72133,0.01241,0.0873,2279.13618,2278.9321,-0.20407,0,0.00137,0.01573,0,-0.07113,0.01573,0,-0.07113,52.34988,0.0728504,0.00139161,80245.125,79996.632,-245.125,3.368,False,False,6.00264
356.8,TGO,THRUST,79999.721,29.4986136,0.6917056,2305.62071,0.01193,0.09074,2279.12605,2278.93211,-0.19394,0,0.0013,0.01266,0,-0.06758,0.01266,0,-0.06758,52.35005,0.0687505,0.00131328,80233.439,79996.274,-233.439,3.726,False,False,7.05938
356.96,TGO,THRUST,79999.72,29.4986146,0.6917056,2414.52433,0.0114,0.09439,2279.11516,2278.93211,-0.18305,0,0.00123,0.00918,0,-0.06375,0.00918,0,-0.06375,52.35024,0.0644096,0.00123036,80220.931,79995.84,-220.931,4.16,False,False,8.53077
357.1,TGO,THRUST,79999.719,29.4986146,0.6917056,2518.24215,0.01093,0.09739,2279.10613,2278.93211,-0.17402,0,0.00117,0.00649,0,-0.06058,0.00649,0,-0.06058,52.35039,0.0609271,0.00116383,80210.606,79995.436,-210.606,4.564,False,False,9.69306
357.24,TGO,THRUST,79999.715,29.4986138,0.6917056,2630.84924,0.01046,0.10021,2279.09764,2278.93211,-0.16553,0,0.00111,0.00459,0,-0.0576,0.00459,0,-0.0576,52.35054,0.0577808,0.00110373,80200.95,79995.012,-200.95,4.988,False,False,10.17843
357.38,TGO,THRUST,79999.709,29.4986136,0.6917056,2754.33279,0.00999,0.10282,2279.08958,2278.93212,-0.15746,0,0.00106,0.00386,0,-0.05477,0.00386,0,-0.05477,52.35067,0.0549014,0.00104872,80191.825,79994.57,-191.825,5.43,False,False,9.4679
357.54,TGO,THRUST,79999.699,29.4986146,0.6917056,2911.1906,0.00945,0.10542,2279.0808,2278.93213,-0.14867,0,0.001,0.00447,0,-0.05168,0.00447,0,-0.05168,52.35083,0.0518744,0.0009909,80181.931,79994.056,-181.931,5.944,False,False,7.02482
357.68,TGO,THRUST,79999.691,29.4986166,0.6917055,3064.66375,0.00898,0.10728,2279.0734,2278.93215,-0.14126,0,0.00095,0.00584,0,-0.04908,0.00584,0,-0.04908,52.35095,0.0494261,0.00094413,80173.602,79993.609,-173.602,6.391,False,False,3.87858
357.82,TGO,THRUST,79999.686,29.4986198,0.6917054,3236.10886,0.0085,0.10867,2279.06631,2278.93216,-0.13415,0,0.0009,0.00726,0,-0.04659,0.00726,0,-0.04659,52.35106,0.0471512,0.00090067,80165.624,79993.18,-165.624,6.82,False,False,0.87167
357.96,TGO,THRUST,79999.685,29.4986239,0.6917052,3428.6672,0.00802,0.10959,2279.05948,2278.93217,-0.12732,0,0.00085,0.00773,0,-0.04419,0.00773,0,-0.04419,52.35118,0.0448637,0.00085698,80157.937,79992.774,-157.937,7.226,False,False,-1.45531
358.12,TGO,THRUST,79999.692,29.4986284,0.6917051,3678.65822,0.00748,0.11023,2279.05203,2278.93216,-0.11986,0,0.0008,0.00617,0,-0.04158,0.00617,0,-0.04158,52.3513,0.0420377,0.00080299,80149.551,79992.331,-149.551,7.669,False,False,-0.5697
358.26,TGO,THRUST,79999.702,29.498631,0.691705,3927.94849,0.007,0.11069,2279.04581,2278.93215,-0.11366,0,0.00076,0.0027,0,-0.03941,0.0027,0,-0.03941,52.3514,0.0395038,0.00075459,80142.594,79991.932,-142.594,8.068,False,False,3.77641
358.4,TGO,THRUST,79999.713,29.498632,0.691705,4211.18683,0.00653,0.11127,2279.04001,2278.93213,-0.10788,0,0.00072,-0.00207,0,-0.03738,-0.00207,0,-0.03738,52.35149,0.0374414,0.00071519,80136.155,79991.502,-136.155,8.498,False,False,10.57831
358.54,TGO,THRUST,79999.721,29.4986304,0.691705,4534.64295,0.00607,0.11213,2279.03458,2278.93211,-0.10247,0,0.00069,-0.00674,0,-0.03549,-0.00674,0,-0.03549,52.35158,0.0361225,0.00069,80130.225,79991.019,-130.225,8.981,False,False,17.6893
358.7,TGO,THRUST,79999.722,29.4986259,0.6917052,4966.0511,0.00554,0.11349,2279.02877,2278.9321,-0.09666,0,0.00065,-0.0103,0,-0.03345,-0.0103,0,-0.03345,52.35168,0.035001,0.00066858,80123.984,79990.387,-123.984,9.613,False,False,23.00871
358.84,TGO,THRUST,79999.715,29.4986228,0.6917053,5418.77595,0.00508,0.11476,2279.02384,2278.93211,-0.09174,0,0.00061,-0.01044,0,-0.03172,-0.01044,0,-0.03172,52.35176,0.0333968,0.00063793,80118.775,79989.782,-118.775,10.218,False,False,22.71015
358.98,TGO,THRUST,79999.7,29.49862,0.6917054,5963.0076,0.00461,0.11592,2279.01906,2278.93213,-0.08693,0,0.00058,-0.00749,0,-0.03004,-0.00749,0,-0.03004,52.35184,0.0309588,0.00059136,80113.757,79989.155,-113.757,10.845,False,False,16.65852
359.12,TGO,THRUST,79999.679,29.4986193,0.6917054,6635.78323,0.00415,0.11684,2279.01448,2278.93216,-0.08232,0,0.00055,-0.00146,0,-0.02842,-0.00146,0,-0.02842,52.35191,0.028458,0.00054359,80108.97,79988.537,-108.97,11.463,False,False,3.73104
359.28,TGO,THRUST,79999.656,29.4986243,0.6917052,7643.23749,0.0036,0.11715,2279.00959,2278.9322,-0.0774,0,0.00052,0.00742,0,-0.0267,0.00742,0,-0.0267,52.35199,0.0277076,0.00052926,80103.811,79987.941,-103.811,12.059,False,False,-17.42583
359.42,TGO,THRUST,79999.645,29.4986298,0.6917051,8819.87858,0.00312,0.11674,2279.00556,2278.93222,-0.07334,0,0.00049,0.01383,0,-0.02528,0.01383,0,-0.02528,52.35206,0.028815,0.00055041,80099.476,79987.53,-99.476,12.47,False,False,-32.06915
359.56,TGO,THRUST,79999.641,29.4986337,0.6917049,10412.59259,0.00264,0.11612,2279.0016,2278.93224,-0.06936,0,0.00046,0.01751,0,-0.02389,0.01751,0,-0.02389,52.35212,0.0296143,0.00056567,80095.203,79987.135,-95.203,12.865,False,False,-40.65813
359.7,TGO,THRUST,79999.646,29.4986383,0.6917048,12715.95986,0.00216,0.11534,2278.99752,2278.93224,-0.06529,0,0.00044,0.01831,0,-0.02246,0.01831,0,-0.02246,52.35219,0.0289788,0.00055354,80090.82,79986.722,-90.82,13.278,False,False,-44.18182
359.86,TGO,THRUST,79999.661,29.4986436,0.6917047,17018.82128,0.00162,0.11434,2278.99284,2278.93222,-0.06062,0,0.00041,0.01561,0,-0.02083,0.01561,0,-0.02083,52.35227,0.0260354,0.00049731,80085.81,79986.216,-85.81,13.784,False,False,-41.94671
360,TGO,THRUST,79999.683,29.4986479,0.6917045,24159.94534,0.00114,0.11348,2278.98892,2278.93219,-0.05673,0,0.00038,0.01002,0,-0.01948,0.01002,0,-0.01948,52.35233,0.0219008,0.00041833,80081.653,79985.757,-81.653,14.243,False,False,-31.90568
360.14,TGO,THRUST,79999.713,29.4986514,0.6917044,41537.72322,0.00066,0.1127,2278.98544,2278.93215,-0.0533,0,0.00036,0.00131,0,-0.01828,0.00131,0,-0.01828,52.35239,0.0183226,0.00034999,80078.004,79985.318,-78.004,14.682,False,False,-7.92691
360.28,TGO,THRUST,79999.749,29.4986536,0.6917044,145773.81999,0.00019,0.1121,2278.98249,2278.93209,-0.0504,0,0.00034,-0.0105,0,-0.01726,-0.0105,0,-0.01726,52.35243,0.0202068,0.00038598,80074.958,79984.905,-74.958,15.095,False,False,28.6625
360.44,TGO,THRUST,79999.786,29.4986518,0.6917044,27.51286,0,0.11198,2278.97939,2278.93203,-0.04736,0,0.00032,-0.02548,0,-0.0162,-0.02548,0,-0.0162,52.35248,0.0301988,0.00057684,80071.907,79984.322,-71.907,15.678,False,False,55.95149
360.58,TGO,THRUST,79999.81,29.4986499,0.6917045,27.51282,0,0.11232,2278.97613,2278.93198,-0.04415,0,0.0003,-0.03666,0,-0.01508,-0.03666,0,-0.01508,52.35255,0.0396376,0.00075713,80068.851,79983.549,-68.851,16.451,False,False,66.46253
360.72,TGO,THRUST,79999.826,29.4986474,0.6917045,27.51277,0,0.11283,2278.97151,2278.93194,-0.03957,0,0.00027,-0.04494,0,-0.01347,-0.04494,0,-0.01347,52.35264,0.0469138,0.00089611,80064.611,79982.338,-64.611,17.662,False,False,72.08555
360.86,TGO,THRUST,79999.835,29.4986444,0.6917046,27.5127,0,0.11344,2278.96567,2278.93192,-0.03374,0,0.00023,-0.05026,0,-0.01143,-0.05026,0,-0.01143,52.35274,0.0515404,0.00098448,80059.418,79980.62,-59.418,19.38,False,False,75.444
361.02,TGO,THRUST,79999.834,29.4986406,0.6917047,27.51261,0,0.11413,2278.95787,2278.93191,-0.02596,0,0.00017,-0.0526,0,-0.0087,-0.0526,0,-0.0087,52.35287,0.0533175,0.00101843,80052.835,79977.975,-52.835,22.025,False,False,77.70132
361.16,TGO,THRUST,79999.824,29.4986374,0.6917048,27.51252,0,0.11464,2278.95056,2278.93192,-0.01864,0,0.00012,-0.05129,0,-0.00614,-0.05129,0,-0.00614,52.35299,0.0516517,0.0009866,80047.062,79975.085,-47.062,24.915,False,False,78.75172
361.3,TGO,THRUST,79999.807,29.4986348,0.6917048,27.51243,0,0.11496,2278.94312,2278.93194,-0.01117,0,7E-05,-0.04675,0,-0.00353,-0.04675,0,-0.00353,52.35312,0.0468801,0.00089546,80041.625,79971.699,-41.625,28.301,False,False,79.28121
361.44,TGO,THRUST,79999.781,29.498633,0.6917049,27.51235,0,0.11506,2278.936,2278.93198,-0.00402,0,3E-05,-0.03896,0,-0.00102,-0.03896,0,-0.00102,52.35323,0.0389696,0.00074436,80036.872,79968.023,-36.872,31.977,False,False,79.63828
361.6,TGO,THRUST,79999.743,29.498632,0.6917049,27.51226,0,0.11488,2278.92885,2278.93203,0.00318,6E-05,-2E-05,-0.02614,0,0.0015,-0.02614,0,0.0015,52.35334,0.0261789,0.00050004,80032.54,79963.897,-32.54,36.103,False,False,81.04585
361.76,TGO,THRUST,79999.695,29.4986321,0.6917049,27.5122,0,0.1145,2278.92323,2278.93211,0.00888,0.00017,-6E-05,-0.00938,0,0.00349,-0.00938,0,0.00349,52.35342,0.0100069,0.00019114,80029.434,79960.361,-29.434,39.639,False,False,94.18476
361.92,TGO,THRUST,79999.637,29.4986324,0.6917049,27.51215,0,0.11417,2278.91979,2278.9322,0.01241,0.00024,-8E-05,0.01079,0,0.00473,0.01079,0,0.00473,52.35346,0.0117784,0.00022498,80027.68,79958.085,-27.68,41.915,False,False,-134.39178
362.08,TGO,THRUST,79999.58,29.4986334,0.6917049,27.51213,0,0.11375,2278.91786,2278.9323,0.01444,0.00028,-0.0001,0.03359,0,0.00544,0.03359,0,0.00544,52.35348,0.0340318,0.00065004,80026.69,79956.841,-26.69,43.159,False,False,-124.55564
362.24,TGO,THRUST,79999.534,29.4986395,0.6917048,27.51209,0,0.11191,2278.91488,2278.93238,0.0175,0.00033,-0.00012,0.05482,0,0.0065,0.05482,0,0.0065,52.35356,0.0552079,0.00105452,80024.882,79955.174,-24.882,44.826,False,False,-126.11627
362.4,TGO,THRUST,79999.499,29.4986527,0.6917045,27.51201,0,0.10795,2278.90923,2278.93245,0.02322,0.00044,-0.00016,0.07391,0,0.00849,0.07391,0,0.00849,52.35369,0.0743981,0.00142107,80021.553,79951.822,-21.553,48.178,False,False,-129.2744
362.56,TGO,THRUST,79999.474,29.4986735,0.6917042,27.51191,0,0.10171,2278.9013,2278.9325,0.0312,0.0006,-0.00021,0.09144,0,0.01126,0.09144,0,0.01126,52.35388,0.0921334,0.00175982,80017.303,79946.674,-17.303,53.326,False,False,-132.49113
362.72,TGO,THRUST,79999.457,29.4987021,0.6917038,27.51177,0,0.09319,2278.89147,2278.93254,0.04107,0.00078,-0.00028,0.10785,0,0.01469,0.10785,0,0.01469,52.35411,0.1088405,0.00207893,80012.827,79939.484,-12.827,60.516,False,False,-135.35786
362.88,TGO,THRUST,79999.448,29.4987379,0.6917033,27.51161,0,0.08247,2278.87999,2278.93256,0.05257,0.001,-0.00035,0.12349,0,0.01868,0.12349,0,0.01868,52.3544,0.1248895,0.00238546,80008.711,79929.953,-8.711,70.047,False,False,-137.72785
363.04,TGO,THRUST,79999.445,29.4987808,0.6917027,27.51143,0,0.06962,2278.86697,2278.93257,0.0656,0.00125,-0.00044,0.13865,0,0.02319,0.13865,0,0.02319,52.35472,0.1405721,0.00268499,80005.335,79917.841,-5.335,82.159,False,False,-139.54348
363.2,TGO,THRUST,79999.448,29.49883,0.6917021,27.51123,0,0.05476,2278.85242,2278.93257,0.08014,0.00153,-0.00054,0.15351,0,0.02823,0.15351,0,0.02823,52.35508,0.1560894,0.00298136,80002.848,79903.009,-2.848,96.991,False,False,-140.78663
363.36,TGO,THRUST,79999.457,29.4988849,0.6917015,27.51101,0,0.03802,2278.83626,2278.93256,0.09629,0.00184,-0.00065,0.16817,0,0.03383,0.16817,0,0.03383,52.35549,0.1715378,0.00327641,80001.227,79885.374,-1.227,114.626,False,False,-141.45994
363.52,TGO,THRUST,79999.471,29.4989448,0.6917009,27.51077,0,0.01959,2278.81832,2278.93254,0.11422,0.00218,-0.00077,0.18255,0,0.04004,0.18255,0,0.04004,52.35594,0.1868936,0.00356967,80000.362,79864.847,-0.362,135.153,False,False,-141.57899
363.68,TGO,THRUST,79999.49,29.4990085,0.6917003,27.51051,0,-0.00033,2278.79837,2278.93251,0.13414,0.00256,-0.0009,0.19646,0,0.04695,0.19646,0,0.04695,52.35643,0.2019963,0.0038581,80000.111,79841.296,-0.111,158.704,False,False,-141.16861
363.84,TGO,THRUST,79999.514,29.4990747,0.6916997,27.51022,0,-0.02142,2278.77614,2278.93247,0.15634,0.00299,-0.00105,0.20952,0,0.05465,0.20952,0,0.05465,52.35695,0.2165319,0.00413569,80000.329,79814.544,-0.329,185.456,False,False,-140.26266
364,TGO,THRUST,79999.545,29.4991417,0.6916992,27.5099,0,-0.04329,2278.75135,2278.93243,0.18107,0.00346,-0.00121,0.22116,0,0.06323,0.22116,0,0.06323,52.35752,0.2300205,0.00439327,80000.878,79784.405,-0.878,215.595,False,False,-138.90561
364.16,TGO,THRUST,79999.583,29.4992075,0.6916988,27.50955,0,-0.06543,2278.72378,2278.93237,0.20859,0.00398,-0.0014,0.2306,0,0.07279,0.2306,0,0.07279,52.35812,0.2418136,0.00461845,80001.623,79750.723,-1.623,249.277,False,False,-137.1564
364.32,TGO,THRUST,79999.629,29.4992694,0.6916984,27.50916,0,-0.08718,2278.69325,2278.9323,0.23905,0.00457,-0.0016,0.23687,0,0.08337,0.23687,0,0.08337,52.35877,0.2511105,0.00479596,80002.443,79713.441,-2.443,286.559,False,False,-135.0947
364.48,TGO,THRUST,79999.684,29.4993246,0.6916982,27.50875,0,-0.10776,2278.65979,2278.93222,0.27243,0.0052,-0.00183,0.23881,0,0.09499,0.23881,0,0.09499,52.35943,0.2570076,0.00490853,80003.224,79672.676,-3.224,327.324,False,False,-132.83087
364.64,TGO,THRUST,79999.749,29.4993698,0.691698,27.50831,0,-0.12628,2278.6236,2278.93212,0.30852,0.00589,-0.00207,0.23517,0,0.10756,0.23517,0,0.10756,52.36011,0.2585967,0.00493881,80003.871,79628.793,-3.871,371.207,False,False,-130.52183
364.8,TGO,THRUST,79999.816,29.499402,0.6916979,27.50784,0,-0.14181,2278.58522,2278.932,0.34678,0.00662,-0.00232,0.22614,0,0.1209,0.22614,0,0.1209,52.3608,0.2564323,0.00489741,80004.309,79582.482,-4.309,417.518,False,False,-128.23977
364.96,TGO,THRUST,79999.903,29.4994186,0.6916979,27.50736,0,-0.15348,2278.54541,2278.93188,0.38647,0.00738,-0.00259,0.20918,0,0.13475,0.20918,0,0.13475,52.36149,0.248827,0.0047521,80004.501,79534.696,-4.501,465.304,False,False,-126.42058
365.12,TGO,THRUST,80000,29.4994175,0.6916979,27.50687,0,-0.16062,2278.50516,2278.93172,0.42656,0.00815,-0.00286,0.18208,0,0.14876,0.18208,0,0.14876,52.36216,0.2351255,0.00449037,80004.443,79486.659,-4.443,513.341,False,False,-125.76707
365.28,TGO,THRUST,80000.106,29.4993928,0.6916979,27.5064,0,-0.16259,2278.46593,2278.93155,0.46562,0.00889,-0.00312,0.14621,0,0.16242,0.14621,0,0.16242,52.36279,0.2185414,0.0041736,80004.146,79440.072,-4.146,559.928,False,False,-126.84738
365.44,TGO,THRUST,80000.23,29.4993439,0.6916979,27.50596,0,-0.15934,2278.42923,2278.93137,0.50214,0.0095,-0.00337,0.10259,0,0.17522,0.10259,0,0.17522,52.36339,0.2030396,0.00387751,80003.664,79396.699,-3.664,603.301,False,False,-129.25375
365.6,TGO,THRUST,80000.342,29.4992784,0.6916979,27.50555,0,-0.15143,2278.39601,2278.93118,0.53517,0.01014,-0.00359,0.05297,0,0.1868,0.05297,0,0.1868,52.36394,0.1941673,0.00370804,80003.07,79357.594,-3.07,642.406,False,False,-135.05474
365.76,TGO,THRUST,80000.452,29.4992029,0.6916978,27.50519,0,-0.13939,2278.36641,2278.931,0.56459,0.01071,-0.00378,-0.00074,0,0.19714,-0.00074,0,0.19714,52.36447,0.1971401,0.00376477,80002.424,79322.852,-2.424,677.148,False,False,-141.95715
365.92,TGO,THRUST,80000.555,29.4991206,0.6916976,27.50486,0,-0.12321,2278.33977,2278.93081,0.59104,0.01121,-0.00396,-0.05707,0,0.20645,-0.05707,0,0.20645,52.36499,0.2141953,0.00409043,80001.756,79291.686,-1.756,708.314,False,False,-147.71389
366.08,TGO,THRUST,80000.646,29.4990318,0.6916974,27.50456,0,-0.102,2278.31526,2278.93065,0.61539,0.01167,-0.00412,-0.11529,0,0.21504,-0.11529,0,0.21504,52.36555,0.2439999,0.00465955,80001.088,79263.064,-1.088,736.936,False,False,-150.76922
366.24,TGO,THRUST,80000.722,29.4989364,0.6916971,27.50428,0,-0.07423,2278.2926,2278.9305,0.6379,0.01209,-0.00428,-0.17531,0,0.22302,-0.17531,0,0.22302,52.36618,0.2836745,0.00541713,80000.459,79236.628,-0.459,763.372,False,False,-150.89228
366.4,TGO,THRUST,80000.779,29.4988367,0.6916968,27.50402,0,-0.03819,2278.27264,2278.93039,0.65775,0.01245,-0.00441,-0.23721,0,0.23008,-0.23721,0,0.23008,52.36691,0.330469,0.00631064,79999.973,79213.284,0.027,786.716,False,False,-148.49826
366.56,TGO,THRUST,80000.812,29.4987396,0.6916964,27.50382,0,0.00734,2278.25738,2278.93031,0.67292,0.01272,-0.00451,-0.30074,0,0.23555,-0.30074,0,0.23555,52.36776,0.3820016,0.00729459,79999.812,79195.257,0.188,804.743,False,False,-144.09537
366.72,TGO,THRUST,80000.819,29.4986563,0.6916961,27.50372,0,0.06272,2278.24978,2278.93027,0.68049,0.01285,-0.00456,-0.36491,0,0.23838,-0.36491,0,0.23838,52.36875,0.4358685,0.00832306,80000.242,79185.792,-0.242,814.208,False,False,-138.12198
366.88,TGO,THRUST,80000.796,29.4986022,0.6916958,27.50375,0,0.12705,2278.25331,2278.93027,0.67696,0.01276,-0.00454,-0.42775,0,0.23736,-0.42775,0,0.23736,52.36988,0.4891953,0.00934116,80001.599,79188.712,-1.599,811.288,False,False,-130.917
367.04,TGO,THRUST,80000.744,29.4985965,0.6916958,27.50397,0,0.19787,2278.27154,2278.93033,0.65879,0.01239,-0.00442,-0.48609,0,0.23124,-0.48609,0,0.23124,52.37115,0.5382906,0.01027838,80004.253,79207.894,-4.253,792.106,False,False,-122.75436
367.2,TGO,THRUST,80000.663,29.4986612,0.6916962,27.50442,0,0.27088,2278.30749,2278.93044,0.62295,0.01169,-0.00417,-0.53551,0,0.21894,-0.53551,0,0.21894,52.37255,0.5785397,0.01104662,80008.56,79246.592,-8.56,753.408,False,False,-113.85638
367.36,TGO,THRUST,80000.57,29.4988118,0.6916974,27.50513,0,0.3402,2278.36242,2278.93059,0.56817,0.01063,-0.00381,-0.57077,0,0.2,-0.57077,0,0.2,52.37407,0.6047922,0.01154755,80014.785,79306.053,-14.785,693.947,False,False,-105.94866
367.52,TGO,THRUST,80000.443,29.4990527,0.6916995,27.50609,0,0.39916,2278.43505,2278.93079,0.49573,0.00923,-0.00332,-0.58653,0,0.17484,-0.58653,0,0.17484,52.37567,0.6120366,0.01168551,80023.044,79384.634,-23.044,615.366,False,False,-96.05693
367.68,TGO,THRUST,80000.3,29.4993744,0.6917029,27.50727,0,0.4415,2278.52119,2278.93101,0.40983,0.00759,-0.00275,-0.57855,0,0.14492,-0.57855,0,0.14492,52.37729,0.5964234,0.01138706,80033.262,79477.396,-33.262,522.604,False,False,-85.80723
367.84,TGO,THRUST,80000.148,29.4997532,0.6917076,27.50857,0,0.46287,2278.61395,2278.93126,0.31731,0.00583,-0.00213,-0.54499,0,0.11261,-0.54499,0,0.11261,52.3789,0.5565026,0.01062456,80045.15,79576.432,-45.15,423.568,False,False,-75.27869
368,TGO,THRUST,79999.998,29.5001537,0.6917134,27.5099,0,0.46205,2278.70488,2278.93152,0.22664,0.00411,-0.00152,-0.48763,0,0.08087,-0.48763,0,0.08087,52.38041,0.4942939,0.00943662,80058.153,79672.192,-58.153,327.808,False,False,-64.59862
368.16,TGO,THRUST,79999.861,29.5005477,0.6917199,27.51112,0,0.4403,2278.78503,2278.93176,0.14673,0.00261,-0.00098,-0.41196,0,0.05283,-0.41196,0,0.05283,52.38178,0.4153296,0.0079289,80070.784,79755.467,-70.784,244.533,False,False,-54.07214
368.32,TGO,THRUST,79999.746,29.5008947,0.6917262,27.51213,0,0.40406,2278.84783,2278.93197,0.08414,0.00145,-0.00056,-0.3287,0,0.0308,-0.3287,0,0.0308,52.38294,0.3301446,0.00630252,80081.103,79820.348,-81.103,179.652,False,False,-43.80654
368.48,TGO,THRUST,79999.661,29.5011416,0.6917311,27.51286,0,0.36245,2278.89185,2278.93214,0.04029,0.00064,-0.00027,-0.24958,0,0.01532,-0.24958,0,0.01532,52.38387,0.2500456,0.00477333,80087.74,79866.475,-87.74,133.525,False,False,-34.01416
368.64,TGO,THRUST,79999.606,29.5012875,0.6917342,27.51331,0,0.32259,2278.91889,2278.93226,0.01337,0.00016,-9E-05,-0.18351,0,0.00576,-0.18351,0,0.00576,52.3846,0.1836035,0.00350491,80089.87,79896.833,-89.87,103.167,False,False,-24.73494
368.8,TGO,THRUST,79999.583,29.5013703,0.6917361,27.51356,0,0.28888,2278.93307,2278.93232,-0.00074,0,0,-0.1353,0,0.00071,-0.1353,0,0.00071,52.38513,0.1352979,0.00258275,80088.113,79915.697,-88.113,84.303,False,False,-15.9447
368.94,TGO,THRUST,79999.586,29.5014098,0.691737,27.51366,0,0.26508,2278.93843,2278.93234,-0.00609,0,4E-05,-0.10815,0,-0.00124,-0.10815,0,-0.00124,52.38548,0.1081587,0.00206467,80084.408,79925.948,-84.408,74.052,False,False,-8.75067
369.08,TGO,THRUST,79999.61,29.5014294,0.6917375,27.51369,0,0.2466,2278.93963,2278.93232,-0.00731,0,5E-05,-0.09446,0,-0.00173,-0.09446,0,-0.00173,52.38575,0.0944726,0.0018034,80079.742,79932.186,-79.742,67.814,False,False,-4.39661
369.24,TGO,THRUST,79999.66,29.5014382,0.6917377,27.51368,0,0.22946,2278.93804,2278.93225,-0.00578,0,4E-05,-0.09162,0,-0.00126,-0.09162,0,-0.00126,52.38601,0.0916242,0.00174902,80073.704,79936.476,-73.704,63.524,False,False,-10.41655
369.38,TGO,THRUST,79999.718,29.5014389,0.6917377,27.51364,0,0.21616,2278.93478,2278.93217,-0.00261,0,2E-05,-0.09732,0,-0.00019,-0.09732,0,-0.00019,52.38623,0.0973197,0.00185773,80067.754,79938.657,-67.754,61.343,False,False,17.96367
369.52,TGO,THRUST,79999.798,29.5014349,0.6917376,109211.16354,0.00025,0.20348,2278.92989,2278.93206,0.00217,0,-1E-05,-0.10848,0,0.00144,-0.10848,0,0.00144,52.38645,0.1084861,0.00207088,80061.065,79939.634,-61.065,60.366,False,False,26.46742
369.68,TGO,THRUST,79999.888,29.5014256,0.6917374,35815.5477,0.00077,0.18871,2278.92195,2278.93192,0.00997,0.00015,-7E-05,-0.12531,0,0.00412,-0.12531,0,0.00412,52.38674,0.1253824,0.0023934,80052.203,79939.135,-52.203,60.865,False,False,34.7558
369.84,TGO,THRUST,79999.984,29.5014117,0.691737,21581.08443,0.00127,0.17337,2278.91104,2278.93177,0.02073,0.00034,-0.00014,-0.14461,0,0.00784,-0.14461,0,0.00784,52.38706,0.1448204,0.00276443,80042.217,79936.215,-42.217,63.785,False,False,42.6294
370,TGO,THRUST,80000.081,29.5013941,0.6917365,15510.20245,0.00177,0.15732,2278.89658,2278.9316,0.03502,0.00061,-0.00023,-0.16468,0,0.01279,-0.16468,0,0.01279,52.38743,0.1651728,0.00315291,80031.718,79929.563,-31.718,70.437,False,False,50.10625
370.16,TGO,THRUST,80000.177,29.5013748,0.6917359,12125.21528,0.00227,0.14082,2278.87819,2278.93144,0.05325,0.00095,-0.00036,-0.18447,0,0.01911,-0.18447,0,0.01911,52.38786,0.185461,0.00354015,80021.983,79917.448,-21.983,82.552,False,False,57.20247
370.32,TGO,THRUST,80000.269,29.5013567,0.6917354,9944.35093,0.00277,0.12431,2278.85571,2278.93128,0.07558,0.00137,-0.00051,-0.20335,0,0.02687,-0.20335,0,0.02687,52.38834,0.205117,0.00391532,80014.257,79898.421,-14.257,101.579,False,False,63.92402
370.48,TGO,THRUST,80000.356,29.5013437,0.691735,8400.63011,0.00328,0.10822,2278.82913,2278.93113,0.102,0.00187,-0.00068,-0.22092,0,0.03606,-0.22092,0,0.03606,52.38887,0.2238415,0.00427269,80008.941,79872.098,-8.941,127.902,False,False,70.26765
370.64,TGO,THRUST,80000.435,29.5013406,0.6917349,7231.44106,0.0038,0.09296,2278.79862,2278.93099,0.13237,0.00244,-0.00089,-0.23695,0,0.04664,-0.23695,0,0.04664,52.38946,0.2415005,0.00460972,80005.614,79839.084,-5.614,160.916,False,False,76.22332
370.8,TGO,THRUST,80000.507,29.5013532,0.6917353,6299.88835,0.00437,0.07883,2278.76443,2278.93086,0.16643,0.00308,-0.00112,-0.25133,0,0.05851,-0.25133,0,0.05851,52.39009,0.2580515,0.00492558,80003.63,79800.329,-3.63,199.671,False,False,81.77577
370.96,TGO,THRUST,80000.57,29.5013877,0.6917364,5528.93906,0.00498,0.06603,2278.72689,2278.93075,0.20386,0.00379,-0.00137,-0.26396,0,0.07157,-0.26396,0,0.07157,52.39077,0.2734934,0.00522026,80002.473,79756.735,-2.473,243.265,False,False,86.90463
371.12,TGO,THRUST,80000.617,29.5014508,0.6917386,4872.97779,0.00565,0.05464,2278.68636,2278.93065,0.2443,0.00456,-0.00164,-0.27331,0,0.08569,-0.27331,0,0.08569,52.39149,0.2864293,0.0054671,80001.799,79709.081,-1.799,290.919,False,False,91.66925
371.28,TGO,THRUST,80000.662,29.5015496,0.6917422,4304.5063,0.00639,0.04468,2278.64332,2278.93057,0.28726,0.00538,-0.00193,-0.28079,0,0.10069,-0.28079,0,0.10069,52.39225,0.298298,0.00569355,80001.411,79658.141,-1.411,341.859,False,False,95.95555
371.44,TGO,THRUST,80000.699,29.501691,0.6917474,3806.48223,0.00723,0.03608,2278.59832,2278.9305,0.33219,0.00623,-0.00223,-0.28779,0,0.11639,-0.28779,0,0.11639,52.39304,0.3104314,0.00592505,80001.191,79604.715,-1.191,395.285,False,False,99.61293
371.6,TGO,THRUST,80000.728,29.5018827,0.6917546,3367.06853,0.00817,0.02863,2278.55176,2278.93045,0.37868,0.00711,-0.00254,-0.29268,0,0.13264,-0.29268,0,0.13264,52.39386,0.3213283,0.00613294,80001.066,79549.34,-1.066,450.66,False,False,102.6821
371.76,TGO,THRUST,80000.748,29.5021326,0.6917645,2978.08503,0.00924,0.02209,2278.50405,2278.9304,0.42635,0.00802,-0.00286,-0.29526,0,0.1493,-0.29526,0,0.1493,52.39471,0.3308615,0.00631479,80000.993,79492.536,-0.993,507.464,False,False,105.1072
371.92,TGO,THRUST,80000.759,29.5024478,0.6917775,2634.08248,0.01044,0.01619,2278.4558,2278.93038,0.47457,0.00893,-0.00318,-0.29534,0,0.16615,-0.29534,0,0.16615,52.39559,0.3388707,0.00646754,80000.952,79435.057,-0.952,564.943,False,False,106.8121
372.08,TGO,THRUST,80000.763,29.5028346,0.6917942,2330.80981,0.0118,0.01061,2278.40772,2278.93036,0.52265,0.00985,-0.0035,-0.29268,0,0.18296,-0.29268,0,0.18296,52.39649,0.3451603,0.00658747,80000.929,79377.757,-0.929,622.243,False,False,107.71441
372.24,TGO,THRUST,80000.759,29.5032979,0.6918151,2064.54718,0.01332,0.005,2278.36061,2278.93036,0.56975,0.01074,-0.00382,-0.28703,0,0.19943,-0.28703,0,0.19943,52.39741,0.3495097,0.00667036,80000.918,79321.62,-0.918,678.38,False,False,107.75231
372.4,TGO,THRUST,80000.747,29.503847,0.6918413,1830.27407,0.01503,-0.00099,2278.31572,2278.93037,0.61465,0.0116,-0.00412,-0.27814,0,0.21512,-0.27814,0,0.21512,52.39834,0.3516283,0.00671068,80000.915,79268.114,-0.915,731.886,False,False,106.91917
372.56,TGO,THRUST,80000.728,29.504483,0.6918733,1625.75334,0.01692,-0.00769,2278.27428,2278.9304,0.65612,0.01239,-0.0044,-0.2658,0,0.22961,-0.2658,0,0.22961,52.39927,0.3512436,0.00670322,80000.921,79218.712,-0.921,781.288,False,False,105.24737
372.72,TGO,THRUST,80000.702,29.5051935,0.6919111,1450.04356,0.01897,-0.0154,2278.23713,2278.93043,0.6933,0.01309,-0.00465,-0.24978,0,0.2426,-0.24978,0,0.2426,52.40021,0.3482047,0.0066451,80000.937,79174.411,-0.937,825.589,False,False,102.80614
372.88,TGO,THRUST,80000.67,29.5059626,0.6919545,1300.86353,0.02115,-0.02436,2278.2049,2278.93048,0.72558,0.01371,-0.00486,-0.22989,0,0.25387,-0.22989,0,0.25387,52.40115,0.3424921,0.00653597,80000.97,79135.964,-0.97,864.036,False,False,99.68528
373.04,TGO,THRUST,80000.63,29.5067724,0.6920029,1175.12169,0.02341,-0.0348,2278.17809,2278.93054,0.75244,0.01423,-0.00504,-0.20601,0,0.26324,-0.20601,0,0.26324,52.40206,0.3342682,0.00637891,80001.024,79103.944,-1.024,896.056,False,False,95.98993
373.2,TGO,THRUST,80000.584,29.5076043,0.6920554,1069.57302,0.02573,-0.04686,2278.15704,2278.93061,0.77357,0.01463,-0.00518,-0.1781,0,0.27059,-0.1781,0,0.27059,52.40296,0.3239427,0.00618176,80001.109,79078.743,-1.109,921.257,False,False,91.84687
373.36,TGO,THRUST,80000.533,29.5084395,0.692111,981.16528,0.02805,-0.06063,2278.1419,2278.93069,0.78879,0.01493,-0.00529,-0.14623,0,0.27587,-0.14623,0,0.27587,52.40383,0.3122333,0.00595821,80001.236,79060.549,-1.236,939.451,False,False,87.42445
373.52,TGO,THRUST,80000.476,29.5092603,0.6921684,907.17171,0.03034,-0.07611,2278.13268,2278.93078,0.7981,0.01511,-0.00535,-0.11064,0,0.27908,-0.11064,0,0.27908,52.40468,0.3002087,0.00572866,80001.419,79049.336,-1.419,950.664,False,False,82.96707
373.68,TGO,THRUST,80000.416,29.5100511,0.6922265,845.20977,0.03256,-0.09324,2278.1292,2278.93088,0.80167,0.01518,-0.00537,-0.07164,0,0.28027,-0.07164,0,0.28027,52.40549,0.2892838,0.00552011,80001.673,79044.883,-1.673,955.117,False,False,78.83816
373.84,TGO,THRUST,80000.352,29.5107998,0.6922838,793.2175,0.0347,-0.11198,2278.13118,2278.93098,0.7998,0.01515,-0.00536,-0.02967,0,0.27955,-0.02967,0,0.27955,52.40627,0.2811241,0.00536432,80002.017,79046.834,-2.017,953.166,False,False,75.54272
374,TGO,THRUST,80000.287,29.5114984,0.6923396,749.42446,0.03673,-0.13229,2278.13831,2278.93109,0.79278,0.01502,-0.00531,0.01479,0,0.27703,0.01479,0,0.27703,52.40702,0.277424,0.00529364,80002.473,79054.79,-2.473,945.21,False,False,73.66654
374.16,TGO,THRUST,80000.226,29.51214,0.6923927,712.45266,0.03864,-0.1545,2278.15041,2278.9312,0.78079,0.01479,-0.00523,0.0613,0,0.27276,0.0613,0,0.27276,52.40777,0.2795628,0.00533438,80003.082,79068.506,-3.082,931.494,False,False,73.66733
374.32,TGO,THRUST,80000.176,29.5126954,0.6924401,682.05519,0.04037,-0.18061,2278.1678,2278.93129,0.76349,0.01446,-0.00512,0.10859,0,0.26662,0.10859,0,0.26662,52.40851,0.2878836,0.00549307,80003.958,79088.246,-3.958,911.754,False,False,75.26204
374.48,TGO,THRUST,80000.136,29.5131792,0.6924827,656.53088,0.04194,-0.20909,2278.19012,2278.93137,0.74125,0.01403,-0.00497,0.15419,0,0.25874,0.15419,0,0.25874,52.40928,0.3011962,0.005747,80005.131,79113.548,-5.131,886.452,False,False,77.56991
374.64,TGO,THRUST,80000.105,29.5136053,0.6925211,634.64456,0.04339,-0.23904,2278.21742,2278.93143,0.71401,0.01351,-0.00479,0.19759,0,0.2491,0.19759,0,0.2491,52.41007,0.3179542,0.00606666,80006.647,79144.422,-6.647,855.578,False,False,80.0065
374.8,TGO,THRUST,80000.082,29.5139759,0.6925554,615.79942,0.04472,-0.27005,2278.24995,2278.93148,0.68153,0.01288,-0.00457,0.23883,0,0.23763,0.23883,0,0.23763,52.41091,0.3369076,0.0064282,80008.586,79181.092,-8.586,818.908,False,False,82.24001
374.96,TGO,THRUST,80000.065,29.5142879,0.6925848,599.67145,0.04592,-0.30167,2278.28794,2278.93151,0.64358,0.01215,-0.00431,0.27788,0,0.22424,0.27788,0,0.22424,52.4118,0.3570732,0.00681284,80011.046,79223.722,-11.046,776.278,False,False,84.08437
375.12,TGO,THRUST,80000.055,29.5145362,0.6926086,586.06335,0.04699,-0.33329,2278.3315,2278.93154,0.60004,0.01131,-0.00402,0.31455,0,0.2089,0.31455,0,0.2089,52.41274,0.3775968,0.00720429,80014.146,79272.343,-14.146,727.657,False,False,85.43873
375.28,TGO,THRUST,80000.049,29.5147151,0.6926261,574.8316,0.04791,-0.36418,2278.38061,2278.93155,0.55094,0.01037,-0.00369,0.34846,0,0.19161,0.34846,0,0.19161,52.41374,0.3976644,0.00758703,80018.034,79326.785,-18.034,673.215,False,False,86.25273
375.44,TGO,THRUST,80000.047,29.5148202,0.6926365,565.85401,0.04868,-0.39347,2278.43509,2278.93156,0.49646,0.00932,-0.00333,0.37905,0,0.17244,0.37905,0,0.17244,52.41478,0.4164307,0.00794491,80022.901,79386.634,-22.901,613.366,False,False,86.50831
375.6,TGO,THRUST,80000.04,29.5148486,0.6926393,559.0119,0.04927,-0.42022,2278.49458,2278.93156,0.43698,0.00818,-0.00293,0.40658,0,0.15154,0.40658,0,0.15154,52.41588,0.4339039,0.0082781,80029.002,79451.192,-29.002,548.808,False,False,86.25562
375.76,TGO,THRUST,80000.045,29.5147995,0.6926344,554.17871,0.0497,-0.44346,2278.55854,2278.93157,0.37302,0.00695,-0.0025,0.43024,0,0.12907,0.43024,0,0.12907,52.41703,0.4491836,0.00856942,80036.712,79519.464,-36.712,480.536,False,False,85.49196
375.92,TGO,THRUST,80000.054,29.5146746,0.6926218,551.21508,0.04997,-0.46224,2278.62631,2278.93156,0.30524,0.00565,-0.00205,0.44621,0,0.10529,0.44621,0,0.10529,52.41822,0.4584599,0.00874619,80046.61,79590.108,-46.61,409.892,False,False,84.15498
376.08,TGO,THRUST,80000.066,29.5144791,0.6926019,549.94449,0.05009,-0.47562,2278.69688,2278.93154,0.23466,0.0043,-0.00157,0.45551,0,0.08054,0.45551,0,0.08054,52.41944,0.4625782,0.00882455,80059.544,79661.051,-59.544,338.949,False,False,82.37888
376.24,TGO,THRUST,80000.081,29.514222,0.6925757,550.13229,0.05007,-0.48277,2278.76883,2278.93152,0.16269,0.00293,-0.00109,0.4573,0,0.05532,0.4573,0,0.05532,52.42067,0.4606377,0.00878733,80076.734,79729.393,-76.734,270.607,False,False,80.21149
376.4,TGO,THRUST,80000.1,29.5139153,0.6925444,551.49894,0.04995,-0.48314,2278.84073,2278.93149,0.09076,0.00156,-0.00061,0.45097,0,0.03015,0.45097,0,0.03015,52.42191,0.451976,0.00862189,80099.817,79791.795,-99.817,208.205,False,False,77.72349
376.56,TGO,THRUST,80000.122,29.5135737,0.6925097,553.70777,0.04975,-0.47648,2278.91102,2278.93146,0.02044,0.00022,-0.00014,0.43623,0,0.00556,0.43623,0,0.00556,52.42312,0.4362688,0.00832207,80130.299,79844.884,-130.299,155.116,False,False,74.99529
376.72,TGO,THRUST,80000.145,29.5132147,0.6924733,556.36287,0.04951,-0.46293,2278.97808,2278.93142,-0.04666,0,0.00031,0.41325,0,-0.01788,0.41325,0,-0.01788,52.4243,0.4136374,0.00789018,80168.324,79886.594,-168.324,113.406,False,False,72.87999
376.86,TGO,THRUST,80000.17,29.5128998,0.6924415,558.72692,0.0493,-0.44583,2279.03296,2278.93138,-0.10159,0,0.00068,0.38684,0,-0.03705,0.38684,0,-0.03705,52.42528,0.3886131,0.0074127,80206.151,79914.028,-206.151,85.972,False,False,70.37963
377,TGO,THRUST,80000.197,29.5125988,0.6924112,560.77702,0.04911,-0.42462,2279.08301,2278.93133,-0.15168,0,0.00102,0.35547,0,-0.05451,0.35547,0,-0.05451,52.42621,0.3596275,0.00685969,80245.32,79934.36,-245.32,65.64,False,False,67.95682
377.14,TGO,THRUST,80000.226,29.5123207,0.6923832,562.27631,0.04898,-0.40007,2279.12771,2278.93129,-0.19642,0,0.00132,0.32014,0,-0.07009,0.32014,0,-0.07009,52.42707,0.3277192,0.00625095,80283.378,79949.437,-283.378,50.563,False,False,65.75629
377.3,TGO,THRUST,80000.259,29.5120422,0.6923552,563.0248,0.04892,-0.36926,2279.17157,2278.93123,-0.24034,0,0.00161,0.27664,0,-0.08536,0.27664,0,-0.08536,52.42796,0.289506,0.00552198,80322.887,79962.053,-322.887,37.947,False,False,63.7248
377.44,TGO,THRUST,80000.287,29.5118364,0.6923345,562.74285,0.04894,-0.34069,2279.20389,2278.93118,-0.2727,0,0.00183,0.23711,0,-0.09659,0.23711,0,-0.09659,52.42867,0.2560317,0.00488343,80353.01,79970.32,-353.01,29.68,False,False,62.65837
377.58,TGO,THRUST,80000.312,29.5116733,0.692318,561.40656,0.04906,-0.31229,2279.22994,2278.93114,-0.2988,0,0.002,0.19847,0,-0.10563,0.19847,0,-0.10563,52.42929,0.2248271,0.0042882,80377.704,79976.554,-377.704,23.446,False,False,62.39094
377.72,TGO,THRUST,80000.332,29.5115504,0.6923056,559.09123,0.04926,-0.28461,2279.25044,2278.9311,-0.31934,0,0.00214,0.16191,0,-0.11272,0.16191,0,-0.11272,52.42984,0.1972862,0.00376286,80397.235,79981.342,-397.235,18.658,False,False,63.09742
377.88,TGO,THRUST,80000.347,29.5114586,0.6922963,555.28857,0.0496,-0.25462,2279.26781,2278.93107,-0.33674,0,0.00226,0.12441,0,-0.11871,0.12441,0,-0.11871,52.43038,0.1719641,0.00327986,80413.646,79985.497,-413.646,14.503,False,False,64.99823
378.02,TGO,THRUST,80000.351,29.5114198,0.6922923,551.01083,0.04998,-0.22965,2279.27862,2278.93105,-0.34757,0,0.00233,0.09609,0,-0.12242,0.09609,0,-0.12242,52.4308,0.1556246,0.00296819,80423.59,79988.33,-423.59,11.67,False,False,67.2652
378.16,TGO,THRUST,80000.344,29.5114141,0.6922918,546.02126,0.05044,-0.20658,2279.28578,2278.93105,-0.35472,0,0.00238,0.07328,0,-0.12485,0.07328,0,-0.12485,52.43118,0.1447634,0.00276102,80429.8,79990.542,-429.8,9.458,False,False,69.08117
378.3,TGO,THRUST,80000.326,29.5114312,0.6922935,540.59859,0.05094,-0.18493,2279.29009,2278.93107,-0.35902,0,0.00241,0.05582,0,-0.12628,0.05582,0,-0.12628,52.43152,0.1380631,0.00263321,80433.056,79992.322,-433.056,7.678,False,False,69.74054
378.46,TGO,THRUST,80000.292,29.5114715,0.6922977,534.06664,0.05157,-0.16151,2279.29212,2278.93112,-0.361,0,0.00242,0.04234,0,-0.12689,0.04234,0,-0.12689,52.4319,0.1337712,0.00255133,80433.725,79993.969,-433.725,6.031,False,False,68.36399
378.6,TGO,THRUST,80000.25,29.5115248,0.6923034,528.08001,0.05215,-0.14186,2279.29161,2278.93118,-0.36043,0,0.00242,0.03613,0,-0.12663,0.03613,0,-0.12663,52.43221,0.1316799,0.00251143,80431.843,79995.153,-431.843,4.847,False,False,65.0035
378.74,TGO,THRUST,80000.195,29.5115966,0.692311,521.82951,0.05278,-0.12312,2279.28904,2278.93126,-0.35778,0,0.0024,0.03529,0,-0.12564,0.03529,0,-0.12564,52.43252,0.1304986,0.00248889,80427.728,79996.127,-427.728,3.873,False,False,59.51629
378.88,TGO,THRUST,80000.131,29.5116884,0.6923209,515.3082,0.05345,-0.10541,2279.28448,2278.93135,-0.35313,0,0.00237,0.03965,0,-0.12395,0.03965,0,-0.12395,52.43283,0.1301344,0.00248193,80421.426,79996.918,-421.426,3.082,False,False,52.14661
379.04,TGO,THRUST,80000.049,29.5118208,0.6923353,507.49122,0.05427,-0.08683,2279.27687,2278.93148,-0.34539,0,0.00232,0.05022,0,-0.12118,0.05022,0,-0.12118,52.43317,0.1311696,0.00250165,80411.578,79997.618,-411.578,2.382,False,False,42.24041
379.18,TGO,THRUST,79999.972,29.5119512,0.6923496,500.55358,0.05502,-0.07196,2279.26835,2278.93161,-0.33674,0,0.00226,0.06337,0,-0.1181,0.06337,0,-0.1181,52.43348,0.1340261,0.00255612,80400.886,79998.088,-400.886,1.912,False,False,33.57174
379.32,TGO,THRUST,79999.891,29.5120911,0.6923651,493.62205,0.0558,-0.05829,2279.25816,2278.93174,-0.32642,0,0.00219,0.07939,0,-0.11444,0.07939,0,-0.11444,52.43379,0.1392855,0.00265641,80388.316,79998.449,-388.316,1.551,False,False,26.93545
379.46,TGO,THRUST,79999.81,29.512237,0.6923815,486.76609,0.05658,-0.04587,2279.24607,2278.93188,-0.31419,0,0.00211,0.09755,0,-0.11012,0.09755,0,-0.11012,52.43411,0.1471158,0.00280573,80373.571,79998.719,-373.571,1.281,False,False,25.06757
379.62,TGO,THRUST,79999.721,29.512407,0.6924008,479.10088,0.05749,-0.03334,2279.22946,2278.93203,-0.29743,0,0.00199,0.11935,0,-0.10421,0.11935,0,-0.10421,52.4345,0.1584428,0.00302173,80353.5,79998.934,-353.5,1.066,False,False,29.23497
379.76,TGO,THRUST,79999.641,29.512561,0.6924186,472.495,0.0583,-0.02369,2279.21286,2278.93216,-0.28069,0,0.00188,0.13922,0,-0.09832,0.13922,0,-0.09832,52.43487,0.1704426,0.00325056,80333.519,79999.058,-333.519,0.942,False,False,-35.74114
379.9,TGO,THRUST,79999.574,29.5127233,0.6924375,465.9254,0.05912,-0.01504,2279.19409,2278.93229,-0.2618,0,0.00175,0.15911,0,-0.09168,0.15911,0,-0.09168,52.43526,0.1836318,0.00350207,80311,79999.135,-311,0.865,False,False,-42.8729
380.04,TGO,THRUST,79999.514,29.5128934,0.6924575,459.40511,0.05996,-0.00744,2279.17315,2278.9324,-0.24075,0,0.00161,0.17566,0,-0.08429,0.17566,0,-0.08429,52.43568,0.1948385,0.00371576,80285.934,79999.181,-285.934,0.819,False,False,-49.46606
380.2,TGO,THRUST,79999.455,29.5130961,0.6924816,452.03984,0.06094,-8E-05,2279.1466,2278.9325,-0.21409,0,0.00144,0.19256,0,-0.07493,0.19256,0,-0.07493,52.43619,0.2066244,0.00394049,80254.216,79999.197,-254.216,0.803,False,False,-56.35282
380.34,TGO,THRUST,79999.412,29.513276,0.6925033,445.74373,0.0618,0.0051,2279.12157,2278.93258,-0.18899,0,0.00127,0.20543,0,-0.06613,0.20543,0,-0.06613,52.43667,0.2158124,0.00411568,80224.344,79999.187,-224.344,0.813,False,False,-61.71702
380.48,TGO,THRUST,79999.377,29.5134585,0.6925256,439.58091,0.06267,0.00921,2279.09477,2278.93265,-0.16212,0,0.00109,0.21628,0,-0.05671,0.21628,0,-0.05671,52.43717,0.2235881,0.00426392,80192.373,79999.16,-192.373,0.84,False,False,-66.47734
380.62,TGO,THRUST,79999.351,29.5136407,0.692548,433.5906,0.06353,0.01234,2279.06653,2278.9327,-0.13383,0,0.0009,0.22495,0,-0.0468,0.22495,0,-0.0468,52.43768,0.2297671,0.00438172,80158.711,79999.115,-158.711,0.885,False,False,-70.64569
380.78,TGO,THRUST,79999.332,29.5138462,0.6925737,426.97976,0.06452,0.01491,2279.03279,2278.93274,-0.10005,0,0.00067,0.23197,0,-0.03497,0.23197,0,-0.03497,52.43829,0.2345867,0.00447358,80118.517,79999.037,-118.517,0.963,False,False,-74.72334
380.92,TGO,THRUST,79999.324,29.5140211,0.6925958,421.42652,0.06537,0.01648,2279.00236,2278.93277,-0.06959,0,0.00047,0.23534,0,-0.0243,0.23534,0,-0.0243,52.43884,0.2365916,0.00451176,80082.321,79998.914,-82.321,1.086,False,False,-77.72218
381.06,TGO,THRUST,79999.325,29.5141905,0.6926174,416.08923,0.06621,0.01769,2278.97122,2278.93277,-0.03845,0,0.00026,0.23588,0,-0.0134,0.23588,0,-0.0134,52.43939,0.23626,0.00450539,80045.469,79998.605,-45.469,1.395,False,False,-80.24409
381.2,TGO,THRUST,79999.334,29.5143527,0.6926383,410.9827,0.06703,0.01878,2278.93974,2278.93277,-0.00698,0,5E-05,0.23333,0,-0.00238,0.23333,0,-0.00238,52.43994,0.2333463,0.00444978,80010.168,79996.344,-10.168,3.656,False,False,-82.33359
381.36,TGO,THRUST,79999.359,29.5145272,0.692661,405.43867,0.06795,0.02022,2278.9038,2278.93274,0.02894,0.00046,-0.00019,0.22631,0,0.0102,0.22631,0,0.0102,52.44057,0.2265385,0.00431991,80000.229,79963.392,-0.229,36.608,False,False,-84.09036
381.52,TGO,THRUST,79999.392,29.5146884,0.6926823,400.21001,0.06884,0.02221,2278.86836,2278.93269,0.06433,0.00114,-0.00043,0.21453,0,0.02259,0.21453,0,0.02259,52.44118,0.2157163,0.00411349,79999.782,79921.568,0.218,78.432,False,False,-85.6134
381.68,TGO,THRUST,79999.437,29.5148342,0.6927017,395.30371,0.0697,0.02508,2278.8341,2278.93263,0.09853,0.0018,-0.00066,0.19769,0,0.03457,0.19769,0,0.03457,52.44176,0.2006862,0.00382684,79999.693,79880.789,0.307,119.211,False,False,-87.00033
381.84,TGO,THRUST,79999.493,29.514963,0.692719,390.72283,0.07051,0.02903,2278.80172,2278.93255,0.13083,0.00242,-0.00088,0.1756,0,0.04589,0.1756,0,0.04589,52.44231,0.1814918,0.00346079,79999.702,79842.16,0.298,157.84,False,False,-88.58965
382,TGO,THRUST,79999.551,29.5150732,0.692734,386.46639,0.07129,0.03412,2278.77197,2278.93245,0.16048,0.00299,-0.00108,0.14877,0,0.05628,0.14877,0,0.05628,52.44281,0.1590596,0.00303301,79999.766,79806.609,0.234,193.391,False,False,-90.91313
382.16,TGO,THRUST,79999.627,29.515164,0.6927465,382.52623,0.07203,0.04025,2278.74554,2278.93234,0.1868,0.0035,-0.00125,0.11897,0,0.06551,0.11897,0,0.06551,52.44325,0.1358182,0.00258981,79999.871,79774.976,0.129,225.024,False,False,-94.66257
382.32,TGO,THRUST,79999.712,29.5152357,0.6927564,378.88284,0.07272,0.04717,2278.72287,2278.93221,0.20935,0.00394,-0.0014,0.08238,0,0.07343,0.08238,0,0.07343,52.44363,0.1103544,0.00210425,80000.022,79747.796,-0.022,252.204,False,False,-102.54101
382.48,TGO,THRUST,79999.804,29.5152896,0.6927639,375.50789,0.07337,0.05447,2278.7042,2278.93206,0.22786,0.0043,-0.00153,0.04235,0,0.07993,0.04235,0,0.07993,52.44394,0.0904588,0.00172487,80000.207,79725.379,-0.207,274.621,False,False,-117.30561
382.64,TGO,THRUST,79999.9,29.5153279,0.6927693,372.36431,0.07399,0.06176,2278.68945,2278.93191,0.24246,0.00459,-0.00163,2E-05,0,0.08507,2E-05,0,0.08507,52.44419,0.0850677,0.00162206,80000.416,79707.607,-0.416,292.393,False,False,-138.99638
382.8,TGO,THRUST,79999.998,29.5153554,0.6927732,369.39002,0.07459,0.06932,2278.67735,2278.93174,0.25439,0.00482,-0.00171,-0.04387,0,0.08927,-0.04387,0,0.08927,52.44443,0.0994651,0.00189658,80000.659,79692.977,-0.659,307.023,False,False,-158.42613
382.96,TGO,THRUST,80000.093,29.5153771,0.6927762,366.52454,0.07517,0.0785,2278.66592,2278.93158,0.26567,0.00503,-0.00178,-0.08945,0,0.09325,-0.08945,0,0.09325,52.44468,0.1292166,0.00246386,80000.988,79679.055,-0.988,320.945,False,False,-168.88574
383.12,TGO,THRUST,80000.183,29.5153949,0.6927788,363.74428,0.07575,0.09151,2278.65355,2278.93142,0.27788,0.00525,-0.00186,-0.13755,0,0.09756,-0.13755,0,0.09756,52.44501,0.1686381,0.00321552,80001.511,79663.832,-1.511,336.168,False,False,-172.06777
383.28,TGO,THRUST,80000.262,29.5154069,0.6927805,361.06629,0.07631,0.11059,2278.6401,2278.93128,0.29118,0.00549,-0.00195,-0.18882,0,0.10228,-0.18882,0,0.10228,52.44543,0.2147397,0.00409454,80002.394,79646.979,-2.394,353.021,False,False,-170.45997
383.44,TGO,THRUST,80000.325,29.5154103,0.692781,358.51543,0.07685,0.13763,2278.62698,2278.93116,0.30418,0.00572,-0.00204,-0.24334,0,0.10692,-0.24334,0,0.10692,52.44598,0.2657955,0.00506799,80003.889,79629.913,-3.889,370.087,False,False,-165.95272
383.6,TGO,THRUST,80000.37,29.5153968,0.692779,356.17021,0.07735,0.17383,2278.61639,2278.93106,0.31467,0.0059,-0.00211,-0.30078,0,0.11072,-0.30078,0,0.11072,52.44665,0.3205073,0.00611111,80006.346,79614.927,-6.346,385.073,False,False,-159.76392
383.76,TGO,THRUST,80000.393,29.515354,0.6927728,354.14902,0.0778,0.21957,2278.6111,2278.931,0.3199,0.00598,-0.00214,-0.36032,0,0.1127,-0.36032,0,0.1127,52.44747,0.3775384,0.00719841,80010.258,79604.842,-10.258,395.158,False,False,-152.50438
383.92,TGO,THRUST,80000.393,29.5152669,0.6927599,352.58985,0.07814,0.27424,2278.61426,2278.93098,0.31672,0.00589,-0.00212,-0.42053,0,0.11177,-0.42053,0,0.11177,52.44844,0.4351267,0.00829628,80016.296,79602.735,-16.296,397.265,False,False,-144.49792
384.08,TGO,THRUST,80000.369,29.5151202,0.6927381,351.63343,0.07835,0.33604,2278.62907,2278.93099,0.30192,0.00559,-0.00202,-0.47904,0,0.1068,-0.47904,0,0.1068,52.44957,0.4908032,0.00935762,80025.38,79611.53,-25.38,388.47,False,False,-135.93087
384.24,TGO,THRUST,80000.32,29.5149001,0.6927054,351.40488,0.0784,0.40185,2278.65843,2278.93105,0.27262,0.00501,-0.00183,-0.53251,0,0.09676,-0.53251,0,0.09676,52.45085,0.5412258,0.01031872,80038.789,79633.385,-38.789,366.615,False,False,-126.91714
384.4,TGO,THRUST,80000.248,29.514598,0.6926606,351.9897,0.07826,0.4672,2278.70428,2278.93114,0.22686,0.00411,-0.00152,-0.57653,0,0.08097,-0.57653,0,0.08097,52.45226,0.5821921,0.01109947,80058.341,79668.826,-58.341,331.174,False,False,-117.53463
384.56,TGO,THRUST,80000.154,29.5142127,0.6926034,353.40832,0.07794,0.52647,2278.76704,2278.93128,0.16424,0.00291,-0.0011,-0.60603,0,0.05925,-0.60603,0,0.05925,52.45379,0.6089217,0.01160873,80086.591,79715.784,-86.591,284.216,False,False,-107.87308
384.72,TGO,THRUST,80000.044,29.5137516,0.6925353,355.60846,0.07746,0.57334,2278.84498,2278.93145,0.08647,0.00142,-0.00058,-0.61584,0,0.03218,-0.61584,0,0.03218,52.4554,0.6166845,0.01175636,80126.64,79769.103,-126.64,230.897,False,False,-98.06244
384.88,TGO,THRUST,79999.939,29.5132373,0.6924597,358.387,0.07685,0.60214,2278.93366,2278.93164,-0.00202,0,1E-05,-0.60219,0,0.00131,-0.60219,0,0.00131,52.45704,0.6021918,0.01147971,80180.655,79821.306,-180.655,178.694,False,False,-89.83225
385.02,TGO,THRUST,79999.831,29.5127728,0.6923918,361.01068,0.07629,0.60975,2279.01476,2278.93182,-0.08295,0,0.00056,-0.57014,0,-0.02699,-0.57014,0,-0.02699,52.45846,0.5707811,0.01088063,80238.147,79860.969,-238.147,139.031,False,False,-81.41976
385.18,TGO,THRUST,79999.711,29.5122672,0.6923183,363.7914,0.0757,0.59801,2279.10387,2278.93202,-0.17185,0,0.00115,-0.51284,0,-0.05814,-0.51284,0,-0.05814,52.46001,0.5161285,0.00983851,80308.934,79896.95,-308.934,103.05,False,False,-72.17537
385.32,TGO,THRUST,79999.616,29.5118738,0.6922613,365.73706,0.07529,0.57192,2279.17366,2278.93219,-0.24147,0,0.00162,-0.44916,0,-0.0826,-0.44916,0,-0.0826,52.46125,0.456696,0.0087054,80368.486,79921.052,-368.486,78.948,False,False,-64.73132
385.46,TGO,THRUST,79999.539,29.5115509,0.6922147,366.94137,0.07504,0.53494,2279.2303,2278.93234,-0.29796,0,0.002,-0.37957,0,-0.10249,-0.37957,0,-0.10249,52.46236,0.3931657,0.00749424,80418.235,79939.24,-418.235,60.76,False,False,-58.27149
385.6,TGO,THRUST,79999.487,29.511314,0.6921806,367.21914,0.07498,0.49139,2279.27192,2278.93245,-0.33947,0,0.00228,-0.31125,0,-0.11717,-0.31125,0,-0.11717,52.46332,0.3325756,0.0063392,80454.525,79952.935,-454.525,47.065,False,False,-53.12979
385.76,TGO,THRUST,79999.458,29.5111637,0.6921589,366.23331,0.07518,0.4408,2279.30257,2278.93253,-0.37004,0,0.00248,-0.24388,0,-0.12804,-0.24388,0,-0.12804,52.46425,0.2754474,0.00525019,80480.081,79964.277,-480.081,35.723,False,False,-48.70655
385.9,TGO,THRUST,79999.46,29.5111,0.6921497,364.64766,0.07551,0.39895,2279.31797,2278.93255,-0.38542,0,0.00258,-0.19754,0,-0.13356,-0.19754,0,-0.13356,52.46494,0.2384508,0.00454495,80491.432,79971.54,-491.432,28.46,False,False,-45.62515
386.04,TGO,THRUST,79999.485,29.5110801,0.6921468,362.61028,0.07593,0.36208,2279.32489,2278.93253,-0.39236,0,0.00263,-0.1653,0,-0.13611,-0.1653,0,-0.13611,52.46552,0.2141307,0.00408136,80494.614,79976.832,-494.614,23.168,False,False,-42.1327
386.18,TGO,THRUST,79999.532,29.5110893,0.6921482,360.29076,0.07642,0.32928,2279.32578,2278.93247,-0.39331,0,0.00264,-0.1455,0,-0.13655,-0.1455,0,-0.13655,52.46604,0.1995462,0.00380334,80491.84,79980.855,-491.84,19.145,False,False,-37.45897
386.34,TGO,THRUST,79999.606,29.5111247,0.6921534,357.41983,0.07704,0.29587,2279.32125,2278.93237,-0.38889,0,0.00261,-0.13583,0,-0.13512,-0.13583,0,-0.13512,52.46658,0.1915874,0.00365161,80483.079,79984.401,-483.079,15.599,False,False,-30.15459
386.48,TGO,THRUST,79999.686,29.511172,0.6921604,354.77745,0.07761,0.26924,2279.31331,2278.93224,-0.38107,0,0.00255,-0.13634,0,-0.13247,-0.13634,0,-0.13247,52.46704,0.1900955,0.00362314,80471.267,79986.881,-471.267,13.119,False,False,22.24895
386.62,TGO,THRUST,79999.776,29.5112311,0.6921692,352.05634,0.07821,0.24485,2279.30219,2278.9321,-0.37009,0,0.00248,-0.14366,0,-0.12871,-0.14366,0,-0.12871,52.46748,0.1928863,0.0036763,80456.093,79988.911,-456.093,11.089,False,False,13.66922
386.76,TGO,THRUST,79999.873,29.5113,0.6921796,349.27929,0.07884,0.22225,2279.28806,2278.93194,-0.35612,0,0.00239,-0.15608,0,-0.1239,-0.15608,0,-0.1239,52.46793,0.1992736,0.00379801,80437.651,79990.599,-437.651,9.401,False,False,7.55271
386.92,TGO,THRUST,79999.989,29.5113889,0.692193,346.06049,0.07957,0.19835,2279.26827,2278.93175,-0.33651,0,0.00226,-0.17469,0,-0.11711,-0.17469,0,-0.11711,52.46846,0.2103114,0.00400834,80412.546,79992.192,-412.546,7.808,False,False,12.967
387.06,TGO,THRUST,80000.092,29.5114734,0.6922059,343.22763,0.08023,0.17912,2279.24781,2278.93158,-0.31622,0,0.00212,-0.19363,0,-0.11008,-0.19363,0,-0.11008,52.46895,0.2227349,0.00424508,80387.075,79993.33,-387.075,6.67,False,False,22.06415
387.2,TGO,THRUST,80000.193,29.5115631,0.6922197,340.3913,0.0809,0.1613,2279.22415,2278.93141,-0.29274,0,0.00196,-0.21392,0,-0.10192,-0.21392,0,-0.10192,52.46946,0.2369565,0.00451608,80357.983,79994.264,-357.983,5.736,False,False,31.34325
387.34,TGO,THRUST,80000.29,29.5116556,0.692234,337.57545,0.08157,0.14502,2279.19729,2278.93124,-0.26605,0,0.00178,-0.23493,0,-0.09263,-0.23493,0,-0.09263,52.47001,0.2525282,0.00481281,80325.253,79994.999,-325.253,5.001,False,False,40.23199
387.5,TGO,THRUST,80000.397,29.5117613,0.6922505,334.4139,0.08234,0.12846,2279.16258,2278.93106,-0.23151,0,0.00155,-0.25919,0,-0.0806,-0.25919,0,-0.0806,52.47067,0.2714288,0.00517296,80283.289,79995.591,-283.289,4.409,False,False,49.72649
387.64,TGO,THRUST,80000.484,29.5118491,0.6922643,331.73669,0.08301,0.11603,2279.12897,2278.93091,-0.19806,0,0.00133,-0.2804,0,-0.06893,-0.2804,0,-0.06893,52.47129,0.2887474,0.00550296,80242.959,79995.858,-242.959,4.142,False,False,57.40208
387.78,TGO,THRUST,80000.564,29.5119294,0.692277,329.16662,0.08366,0.10549,2279.09196,2278.93077,-0.16119,0,0.00108,-0.30121,0,-0.05606,-0.30121,0,-0.05606,52.47195,0.3063822,0.00583897,80198.869,79995.821,-198.869,4.179,False,False,64.51081
387.92,TGO,THRUST,80000.638,29.5119971,0.6922878,326.74442,0.08428,0.09701,2279.05184,2278.93064,-0.12121,0,0.00081,-0.32158,0,-0.0421,-0.32158,0,-0.0421,52.47266,0.3243236,0.00618081,80151.57,79995.279,-151.57,4.721,False,False,71.05669
388.08,TGO,THRUST,80000.714,29.5120524,0.6922967,324.20652,0.08494,0.0899,2279.0023,2278.9305,-0.0718,0,0.00048,-0.34422,0,-0.02483,-0.34422,0,-0.02483,52.47352,0.3451158,0.00657695,80094.586,79993.176,-94.586,6.824,False,False,77.8662
388.22,TGO,THRUST,80000.772,29.5120749,0.6923003,322.23527,0.08545,0.08597,2278.95621,2278.9304,-0.02581,0,0.00017,-0.36345,0,-0.00874,-0.36345,0,-0.00874,52.47431,0.3635506,0.00692816,80046.381,79986.407,-46.381,13.593,False,False,83.22556
388.36,TGO,THRUST,80000.83,29.512067,0.692299,320.54032,0.0859,0.08406,2278.90717,2278.93031,0.02314,0.0003,-0.00016,-0.38199,0,0.00838,-0.38199,0,0.00838,52.47515,0.382083,0.00728122,80015.744,79958.561,-15.744,41.439,False,False,88.34025
388.52,TGO,THRUST,80000.879,29.5120117,0.69229,319.00453,0.08631,0.08421,2278.84798,2278.93021,0.08224,0.00142,-0.00055,-0.40227,0,0.02906,-0.40227,0,0.02906,52.47616,0.4033145,0.00768567,80006.955,79896.771,-6.955,103.229,False,False,93.11614
388.68,TGO,THRUST,80000.919,29.5118974,0.6922713,317.96716,0.08659,0.0866,2278.78604,2278.93014,0.1441,0.0026,-0.00097,-0.42135,0,0.05072,-0.42135,0,0.05072,52.47722,0.4243967,0.00808725,80004.704,79825.167,-4.704,174.833,False,False,97.13193
388.84,TGO,THRUST,80000.95,29.5117122,0.6922409,317.51488,0.08671,0.09086,2278.72143,2278.93008,0.20864,0.00381,-0.0014,-0.43895,0,0.07333,-0.43895,0,0.07333,52.47835,0.4450363,0.00848038,80003.836,79749.012,-3.836,250.988,False,False,100.36592
389,TGO,THRUST,80000.973,29.5114444,0.6921968,317.74118,0.08664,0.09651,2278.65462,2278.93003,0.27541,0.00507,-0.00185,-0.45465,0,0.09672,-0.45465,0,0.09672,52.47952,0.4648228,0.00885722,80003.438,79669.771,-3.438,330.229,False,False,102.77382
389.16,TGO,THRUST,80000.987,29.5110819,0.6921373,318.74811,0.08635,0.10297,2278.58621,2278.93,0.34379,0.00637,-0.0023,-0.4679,0,0.12067,-0.4679,0,0.12067,52.48075,0.483212,0.00920741,80003.238,79588.434,-3.238,411.566,False,False,104.30678
389.32,TGO,THRUST,80000.992,29.5106139,0.6920607,320.64484,0.08583,0.10958,2278.51698,2278.92998,0.413,0.00769,-0.00277,-0.47804,0,0.14492,-0.47804,0,0.14492,52.48203,0.4995212,0.00951795,80003.127,79506.06,-3.127,493.94,False,False,104.92093
389.48,TGO,THRUST,80000.989,29.5100279,0.6919653,323.57147,0.08504,0.11549,2278.44808,2278.92998,0.48189,0.00899,-0.00323,-0.48425,0,0.16905,-0.48425,0,0.16905,52.48336,0.5129104,0.00977282,80003.043,79424.06,-3.043,575.94,False,False,104.62284
389.64,TGO,THRUST,80000.978,29.5093078,0.691849,327.7286,0.08395,0.11964,2278.38126,2278.92999,0.54873,0.01026,-0.00368,-0.48567,0,0.19246,-0.48567,0,0.19246,52.48472,0.5224141,0.00995364,80002.945,79344.568,-2.945,655.432,False,False,103.45596
389.8,TGO,THRUST,80000.96,29.5084582,0.6917134,333.17424,0.08256,0.1212,2278.31806,2278.93001,0.61195,0.01146,-0.0041,-0.48161,0,0.21459,-0.48161,0,0.21459,52.48612,0.5272575,0.01004566,80002.811,79269.444,-2.811,730.556,False,False,101.48683
389.96,TGO,THRUST,80000.933,29.5074958,0.691562,339.87884,0.08091,0.11949,2278.25976,2278.93005,0.67029,0.01257,-0.00449,-0.47147,0,0.235,-0.47147,0,0.235,52.48752,0.5267876,0.01003643,80002.629,79200.217,-2.629,799.783,False,False,98.79784
390.12,TGO,THRUST,80000.9,29.5064432,0.6913992,347.76729,0.07905,0.1139,2278.20747,2278.93009,0.72262,0.01356,-0.00484,-0.45468,0,0.2533,-0.45468,0,0.2533,52.48893,0.5204725,0.00991585,80002.4,79138.211,-2.4,861.789,False,False,95.47773
390.28,TGO,THRUST,80000.851,29.5053269,0.6912298,356.7144,0.07705,0.10401,2278.16216,2278.93016,0.768,0.01443,-0.00515,-0.42935,0,0.26915,-0.42935,0,0.26915,52.49033,0.5067403,0.00965397,80002.125,79084.547,-2.125,915.453,False,False,91.66079
390.44,TGO,THRUST,80000.803,29.5041779,0.691059,366.51836,0.07497,0.08955,2278.12459,2278.93024,0.80565,0.01515,-0.0054,-0.39677,0,0.28228,-0.39677,0,0.28228,52.4917,0.4869329,0.00927638,80001.829,79040.123,-1.829,959.877,False,False,87.40292
390.6,TGO,THRUST,80000.747,29.5030301,0.6908921,376.88804,0.07289,0.07057,2278.09526,2278.93033,0.83507,0.01572,-0.0056,-0.35849,0,0.29251,-0.35849,0,0.29251,52.49301,0.4626891,0.0088143,80001.544,79005.507,-1.544,994.493,False,False,82.7728
390.76,TGO,THRUST,80000.686,29.5019149,0.6907333,387.48213,0.07088,0.04731,2278.07425,2278.93042,0.85617,0.01613,-0.00574,-0.3135,0,0.29982,-0.3135,0,0.29982,52.49427,0.4337894,0.00826356,80001.304,78980.759,-1.304,1019.241,False,False,77.97278
390.92,TGO,THRUST,80000.619,29.5008613,0.6905864,397.90726,0.069,0.02029,2278.06131,2278.93053,0.86922,0.01639,-0.00583,-0.26255,0,0.3043,-0.26255,0,0.3043,52.49545,0.4019076,0.00765605,80001.149,78965.514,-1.149,1034.486,False,False,73.25481
391.08,TGO,THRUST,80000.549,29.4998951,0.6904543,407.724,0.06733,-0.00977,2278.05585,2278.93064,0.87479,0.01651,-0.00586,-0.20679,0,0.30614,-0.20679,0,0.30614,52.49655,0.3694432,0.00703748,80001.122,78959.043,-1.122,1040.957,False,False,69.04037
391.24,TGO,THRUST,80000.476,29.4990352,0.6903388,416.52378,0.0659,-0.04202,2278.05703,2278.93076,0.87374,0.0165,-0.00586,-0.14761,0,0.30567,-0.14761,0,0.30567,52.49756,0.339442,0.00646586,80001.261,78960.291,-1.261,1039.709,False,False,66.00736
391.4,TGO,THRUST,80000.403,29.4982912,0.6902403,423.99249,0.06473,-0.0757,2278.06384,2278.93089,0.86705,0.01638,-0.00581,-0.08647,0,0.30321,-0.08647,0,0.30321,52.49848,0.3153029,0.00600594,80001.594,78968.034,-1.594,1031.966,False,False,65.07305
391.56,TGO,THRUST,80000.338,29.4976736,0.6901595,429.79564,0.06385,-0.11094,2278.07531,2278.93101,0.8557,0.01618,-0.00573,-0.02474,0,0.29912,-0.02474,0,0.29912,52.49934,0.3001438,0.0057171,80002.158,78981.073,-2.158,1018.927,False,False,66.95721
391.72,TGO,THRUST,80000.284,29.4971966,0.6900976,433.56064,0.06329,-0.14848,2278.09061,2278.93111,0.8405,0.0159,-0.00563,0.0355,0,0.29368,0.0355,0,0.29368,52.50016,0.2958167,0.00563459,80003.02,78998.352,-3.02,1001.648,False,False,71.16884
391.88,TGO,THRUST,80000.242,29.4968265,0.6900498,435.70191,0.06297,-0.18692,2278.10941,2278.93119,0.82178,0.01554,-0.00551,0.09225,0,0.287,0.09225,0,0.287,52.50095,0.3014604,0.005742,80004.203,79019.463,-4.203,980.537,False,False,76.31664
392.04,TGO,THRUST,80000.209,29.4965362,0.6900124,436.59711,0.06284,-0.22595,2278.13191,2278.93126,0.79934,0.01511,-0.00536,0.14565,0,0.27901,0.14565,0,0.27901,52.50176,0.3147389,0.00599483,80005.753,79044.601,-5.753,955.399,False,False,81.3464
392.2,TGO,THRUST,80000.184,29.4963149,0.6899839,436.4011,0.06287,-0.26582,2278.15859,2278.93131,0.77272,0.0146,-0.00518,0.19644,0,0.26956,0.19644,0,0.26956,52.50259,0.3335456,0.00635294,80007.747,79074.234,-7.747,925.766,False,False,85.70952
392.36,TGO,THRUST,80000.166,29.4961603,0.6899639,435.14989,0.06305,-0.30659,2278.18997,2278.93134,0.74138,0.01399,-0.00497,0.24527,0,0.25845,0.24527,0,0.25845,52.50347,0.3563094,0.0067864,80010.293,79108.899,-10.293,891.101,False,False,89.1791
392.52,TGO,THRUST,80000.153,29.4960745,0.6899528,432.82849,0.06338,-0.34804,2278.22654,2278.93137,0.70483,0.01329,-0.00472,0.29247,0,0.24552,0.29247,0,0.24552,52.50441,0.3818683,0.00727307,80013.518,79149.052,-13.518,850.948,False,False,91.69201
392.68,TGO,THRUST,80000.144,29.4960612,0.689951,429.41383,0.06389,-0.38971,2278.2687,2278.93139,0.66269,0.01248,-0.00444,0.33809,0,0.23063,0.33809,0,0.23063,52.50541,0.4092627,0.00779468,80017.576,79195.013,-17.576,804.987,False,False,93.2639
392.84,TGO,THRUST,80000.138,29.4961241,0.6899593,424.89841,0.06457,-0.43086,2278.31676,2278.9314,0.61464,0.01155,-0.00412,0.38184,0,0.21368,0.38184,0,0.21368,52.50649,0.4375611,0.00833347,80022.655,79246.96,-22.655,753.04,False,False,93.94846
393,TGO,THRUST,80000.134,29.4962663,0.6899782,419.30789,0.06543,-0.47058,2278.37091,2278.93141,0.5605,0.01051,-0.00376,0.42315,0,0.1946,0.42315,0,0.1946,52.50764,0.4657532,0.0088702,80028.99,79304.885,-28.99,695.115,False,False,93.82444
393.16,TGO,THRUST,80000.132,29.4964889,0.6900081,412.71379,0.06648,-0.50776,2278.43115,2278.93142,0.50026,0.00935,-0.00335,0.4612,0,0.17339,0.4612,0,0.17339,52.50887,0.4927166,0.00938349,80036.888,79368.507,-36.888,631.493,False,False,92.97922
393.32,TGO,THRUST,80000.13,29.4967901,0.6900492,405.24025,0.06772,-0.54118,2278.49731,2278.93142,0.43411,0.00808,-0.00291,0.49493,0,0.15012,0.49493,0,0.15012,52.51017,0.5171998,0.00984952,80046.775,79437.177,-46.775,562.823,False,False,91.50613
393.48,TGO,THRUST,80000.13,29.497165,0.6901011,397.05876,0.06912,-0.56953,2278.56895,2278.93142,0.36247,0.00671,-0.00243,0.52313,0,0.12496,0.52313,0,0.12496,52.51154,0.5378423,0.01024237,80059.256,79509.774,-59.256,490.226,False,False,89.49897
393.64,TGO,THRUST,80000.131,29.4976045,0.6901631,388.38393,0.07067,-0.59153,2278.64534,2278.93142,0.28608,0.00525,-0.00192,0.54448,0,0.09814,0.54448,0,0.09814,52.51296,0.5532595,0.01053568,80075.232,79584.546,-75.232,415.454,False,False,87.04998
393.8,TGO,THRUST,80000.134,29.4980956,0.6902336,379.45791,0.07234,-0.60599,2278.72547,2278.93142,0.20595,0.00371,-0.00138,0.55774,0,0.07005,0.55774,0,0.07005,52.51444,0.5621248,0.0107042,80096.015,79658.965,-96.015,341.035,False,False,84.25042
393.96,TGO,THRUST,80000.139,29.4986214,0.6903106,370.53583,0.0741,-0.61193,2278.80799,2278.93141,0.12342,0.00213,-0.00083,0.56181,0,0.04115,0.56181,0,0.04115,52.51594,0.5633141,0.01072654,80123.385,79729.668,-123.385,270.332,False,False,81.19044
394.12,TGO,THRUST,80000.146,29.4991616,0.6903913,361.86771,0.07588,-0.60874,2278.89131,2278.9314,0.04009,0.00055,-0.00027,0.55592,0,0.01199,0.55592,0,0.01199,52.51744,0.5560464,0.01058784,80159.255,79792.832,-159.255,207.168,False,False,77.96415
394.28,TGO,THRUST,80000.155,29.4996939,0.6904724,353.68031,0.07765,-0.5962,2278.97361,2278.93139,-0.04222,0,0.00028,0.53976,0,-0.01678,0.53976,0,-0.01678,52.51894,0.5400161,0.01028231,80204.617,79845.309,-204.617,154.691,False,False,75.44754
394.44,TGO,THRUST,80000.167,29.5001956,0.6905503,346.16194,0.07935,-0.57463,2279.05296,2278.93137,-0.1216,0,0.00082,0.51359,0,-0.04448,0.51359,0,-0.04448,52.52039,0.5155113,0.00981545,80258.224,79886.049,-258.224,113.951,False,False,72.23822
394.58,TGO,THRUST,80000.179,29.5005935,0.690613,340.24058,0.08074,-0.54897,2279.11857,2278.93135,-0.18722,0,0.00125,0.48319,0,-0.06737,0.48319,0,-0.06737,52.52162,0.4878661,0.00928886,80309.237,79913.047,-309.237,86.953,False,False,69.59959
394.72,TGO,THRUST,80000.193,29.500938,0.6906681,335.0181,0.08201,-0.51809,2279.17906,2278.93133,-0.24773,0,0.00166,0.44707,0,-0.08844,0.44707,0,-0.08844,52.52278,0.4557338,0.00867688,80360.722,79933.48,-360.722,66.52,False,False,67.22349
394.86,TGO,THRUST,80000.206,29.50122,0.6907138,330.52455,0.08313,-0.48304,2279.23374,2278.93131,-0.30243,0,0.00203,0.40654,0,-0.10747,0.40654,0,-0.10747,52.52387,0.4205085,0.00800605,80410.208,79949.009,-410.208,50.991,False,False,65.26445
395.02,TGO,THRUST,80000.22,29.5014402,0.6907499,326.44051,0.08418,-0.43938,2279.28833,2278.93128,-0.35705,0,0.00239,0.35699,0,-0.12644,0.35699,0,-0.12644,52.52502,0.3787235,0.00721035,80461.777,79962.347,-461.777,37.653,False,False,63.72738
395.16,TGO,THRUST,80000.229,29.5015444,0.6907671,323.72236,0.08489,-0.39917,2279.32921,2278.93126,-0.39795,0,0.00267,0.31248,0,-0.14062,0.31248,0,-0.14062,52.52594,0.3426594,0.00652362,80501.492,79971.217,-501.492,28.783,False,False,63.14704
395.3,TGO,THRUST,80000.235,29.5015745,0.6907721,321.68932,0.08543,-0.35929,2279.36278,2278.93125,-0.43153,0,0.00289,0.26942,0,-0.15224,0.26942,0,-0.15224,52.52676,0.309462,0.00589151,80534.644,79977.95,-534.644,22.05,False,False,63.20902
395.44,TGO,THRUST,80000.238,29.5015534,0.6907686,320.12051,0.08585,-0.32052,2279.38977,2278.93124,-0.45853,0,0.00307,0.22872,0,-0.16156,0.22872,0,-0.16156,52.52751,0.2800232,0.00533098,80561.537,79983.108,-561.537,16.892,False,False,63.88755
395.6,TGO,THRUST,80000.237,29.501493,0.6907584,318.65279,0.08624,-0.27841,2279.41345,2278.93124,-0.48221,0,0.00323,0.18591,0,-0.16971,0.18591,0,-0.16971,52.52828,0.2517175,0.00479204,80585.186,79987.554,-585.186,12.446,False,False,65.28417
395.74,TGO,THRUST,80000.233,29.5014217,0.6907464,317.53554,0.08654,-0.24325,2279.42902,2278.93124,-0.49778,0,0.00334,0.15143,0,-0.17504,0.15143,0,-0.17504,52.52889,0.2314515,0.00440618,80600.652,79990.538,-600.652,9.462,False,False,67.00346
395.88,TGO,THRUST,80000.226,29.5013439,0.6907332,316.48123,0.08683,-0.21038,2279.44022,2278.93125,-0.50897,0,0.00341,0.12045,0,-0.17884,0.12045,0,-0.17884,52.52944,0.2156245,0.00410483,80611.613,79992.832,-611.613,7.168,False,False,68.87787
396.02,TGO,THRUST,80000.216,29.5012648,0.6907198,315.44409,0.08711,-0.17928,2279.44786,2278.93127,-0.5166,0,0.00346,0.09248,0,-0.18141,0.09248,0,-0.18141,52.52996,0.2036243,0.00387635,80618.843,79994.623,-618.843,5.377,False,False,70.77927
396.18,TGO,THRUST,80000.199,29.5011777,0.6907049,314.239,0.08745,-0.14559,2279.4529,2278.93129,-0.52161,0,0.0035,0.064,0,-0.18305,0.064,0,-0.18305,52.53051,0.1939172,0.00369152,80623.184,79996.192,-623.184,3.808,False,False,72.72633
396.32,TGO,THRUST,80000.181,29.5011047,0.6906924,313.16657,0.08774,-0.11726,2279.45448,2278.93132,-0.52316,0,0.00351,0.04179,0,-0.1835,0.04179,0,-0.1835,52.53097,0.1881994,0.00358264,80623.952,79997.24,-623.952,2.76,False,False,74.06692
396.46,TGO,THRUST,80000.157,29.5010364,0.6906807,312.06263,0.08805,-0.09006,2279.45367,2278.93135,-0.52232,0,0.0035,0.02239,0,-0.18311,0.02239,0,-0.18311,52.53142,0.1844767,0.00351174,80622.137,79998.026,-622.137,1.974,False,False,74.78627
396.6,TGO,THRUST,80000.128,29.5009722,0.6906697,310.9334,0.08837,-0.06372,2279.45063,2278.93139,-0.51923,0,0.00348,0.00579,0,-0.18195,0.00579,0,-0.18195,52.53185,0.1820373,0.00346528,80617.897,79998.591,-617.897,1.409,False,False,74.73953
396.76,TGO,THRUST,80000.087,29.5008958,0.6906564,309.67748,0.08873,-0.03467,2279.44449,2278.93146,-0.51304,0,0.00344,-0.00941,0,-0.17968,-0.00941,0,-0.17968,52.53234,0.1799254,0.00342504,80610.134,79998.992,-610.134,1.008,False,False,73.55293
396.9,TGO,THRUST,80000.044,29.5008199,0.6906433,308.65888,0.08902,-0.01027,2279.43681,2278.93152,-0.50529,0,0.00339,-0.01911,0,-0.17688,-0.01911,0,-0.17688,52.53277,0.1779138,0.00338672,80600.782,79999.149,-600.782,0.851,False,False,71.41595
397.04,TGO,THRUST,79999.994,29.5007333,0.6906282,307.73325,0.08928,0.01289,2279.42704,2278.9316,-0.49545,0,0.00332,-0.02504,0,-0.17336,-0.02504,0,-0.17336,52.53319,0.1751616,0.0033343,80589.127,79999.14,-589.127,0.86,False,False,68.1523
397.18,TGO,THRUST,79999.938,29.5006326,0.6906106,306.92488,0.08952,0.03449,2279.41532,2278.93169,-0.48364,0,0.00324,-0.0269,0,-0.16916,-0.0269,0,-0.16916,52.5336,0.1712829,0.00326045,80575.292,79998.985,-575.292,1.015,False,False,63.71127
397.34,TGO,THRUST,79999.869,29.5004973,0.6905869,306.16586,0.08973,0.05672,2279.39982,2278.9318,-0.46802,0,0.00314,-0.02393,0,-0.16362,-0.02393,0,-0.16362,52.53406,0.165358,0.00314764,80557.122,79998.663,-557.122,1.337,False,False,57.18217
397.48,TGO,THRUST,79999.804,29.5003622,0.6905632,305.63725,0.08989,0.07368,2279.38474,2278.9319,-0.45283,0,0.00304,-0.01718,0,-0.15824,-0.01718,0,-0.15824,52.53445,0.159175,0.00302992,80539.514,79998.291,-539.514,1.709,False,False,50.28921
397.62,TGO,THRUST,79999.739,29.5002168,0.6905376,305.19264,0.09001,0.088,2279.36874,2278.93201,-0.43673,0,0.00293,-0.00704,0,-0.15256,-0.00704,0,-0.15256,52.53483,0.1527229,0.00290708,80520.866,79997.875,-520.866,2.125,False,False,42.45968
397.76,TGO,THRUST,79999.674,29.5000693,0.6905116,304.76561,0.09014,0.09986,2279.35214,2278.93212,-0.42002,0,0.00282,0.00577,0,-0.14667,0.00577,0,-0.14667,52.53519,0.1467856,0.00279404,80501.521,79997.442,-501.521,2.558,False,False,34.12332
397.92,TGO,THRUST,79999.6,29.4999064,0.6904828,304.23591,0.09029,0.11066,2279.33274,2278.93225,-0.40049,0,0.00268,0.023,0,-0.1398,0.023,0,-0.1398,52.53559,0.1416809,0.00269686,80478.9,79996.954,-478.9,3.046,False,False,25.28272
398.06,TGO,THRUST,79999.54,29.4997731,0.6904593,303.70232,0.09044,0.11776,2279.31528,2278.93235,-0.38293,0,0.00257,0.03963,0,-0.13363,0.03963,0,-0.13363,52.53592,0.1393837,0.00265311,80458.51,79996.554,-458.51,3.446,False,False,21.03173
398.2,TGO,THRUST,79999.487,29.4996529,0.690438,303.06877,0.09063,0.12258,2279.29743,2278.93245,-0.36498,0,0.00245,0.05635,0,-0.12733,0.05635,0,-0.12733,52.53625,0.1392438,0.00265043,80437.598,79996.208,-437.598,3.792,False,False,22.6649
398.34,TGO,THRUST,79999.441,29.4995421,0.6904183,302.36615,0.09084,0.12573,2279.27928,2278.93253,-0.34675,0,0.00232,0.07211,0,-0.12094,0.07211,0,-0.12094,52.53658,0.1408067,0.00268016,80416.3,79995.902,-416.3,4.098,False,False,-28.4429
398.5,TGO,THRUST,79999.398,29.4994248,0.6903974,301.49553,0.09109,0.12769,2279.25809,2278.93261,-0.32548,0,0.00218,0.08828,0,-0.11349,0.08828,0,-0.11349,52.53695,0.1437845,0.00273683,80391.377,79995.595,-391.377,4.405,False,False,-36.45825
398.64,TGO,THRUST,79999.369,29.4993301,0.6903804,300.67729,0.09134,0.12819,2279.23908,2278.93267,-0.30641,0,0.00205,0.10049,0,-0.10682,0.10049,0,-0.10682,52.53729,0.146655,0.00279145,80368.982,79995.357,-368.982,4.643,False,False,-43.2047
398.78,TGO,THRUST,79999.348,29.4992429,0.6903648,299.80657,0.0916,0.1277,2279.21953,2278.93271,-0.28682,0,0.00192,0.11066,0,-0.09996,0.11066,0,-0.09996,52.53763,0.1491262,0.00283846,80345.919,79995.144,-345.919,4.856,False,False,-49.2316
398.92,TGO,THRUST,79999.336,29.4991643,0.6903506,298.87637,0.09188,0.12636,2279.1995,2278.93274,-0.26676,0,0.00179,0.11865,0,-0.09294,0.11865,0,-0.09294,52.53798,0.1507215,0.00286881,80322.264,79994.948,-322.264,5.052,False,False,-54.40948
399.08,TGO,THRUST,79999.331,29.4990863,0.6903366,297.73104,0.09223,0.12399,2279.17614,2278.93276,-0.24338,0,0.00163,0.12491,0,-0.08477,0.12491,0,-0.08477,52.53838,0.1509603,0.00287333,80294.653,79994.735,-294.653,5.265,False,False,-59.26291
399.22,TGO,THRUST,79999.335,29.4990298,0.6903263,296.64814,0.09257,0.12138,2279.15546,2278.93276,-0.22271,0,0.00149,0.1277,0,-0.07754,0.1277,0,-0.07754,52.53873,0.1493967,0.00284355,80270.224,79994.544,-270.224,5.456,False,False,-62.58779
399.36,TGO,THRUST,79999.348,29.4989853,0.6903183,295.48416,0.09293,0.11848,2279.13475,2278.93274,-0.202,0,0.00135,0.12778,0,-0.0703,0.12778,0,-0.0703,52.53909,0.1458437,0.00277591,80245.769,79994.332,-245.769,5.668,False,False,-65.06611
399.5,TGO,THRUST,79999.368,29.4989536,0.6903125,294.23517,0.09332,0.11548,2279.11425,2278.93272,-0.18153,0,0.00122,0.12495,0,-0.06315,0.12495,0,-0.06315,52.53943,0.1400008,0.00266468,80221.609,79994.077,-221.609,5.923,False,False,-66.68853
399.66,TGO,THRUST,79999.402,29.4989335,0.6903088,292.70328,0.09381,0.11223,2279.09146,2278.93267,-0.15879,0,0.00106,0.11787,0,-0.0552,0.11787,0,-0.0552,52.53981,0.1301534,0.00247723,80194.853,79993.701,-194.853,6.299,False,False,-67.44025
399.8,TGO,THRUST,79999.439,29.4989297,0.6903081,291.27641,0.09427,0.10973,2279.07234,2278.93262,-0.13972,0,0.00094,0.10808,0,-0.04854,0.10808,0,-0.04854,52.54012,0.1184753,0.00225495,80172.525,79993.26,-172.525,6.74,False,False,-67.04532
399.94,TGO,THRUST,79999.485,29.4989377,0.6903096,289.77831,0.09476,0.10777,2279.0546,2278.93255,-0.12205,0,0.00082,0.09471,0,-0.04236,0.09471,0,-0.04236,52.54041,0.1037467,0.00197461,80151.972,79992.69,-151.972,7.31,False,False,-65.40398
400.08,TGO,THRUST,79999.539,29.4989558,0.6903129,288.22472,0.09527,0.10644,2279.03856,2278.93246,-0.1061,0,0.00071,0.07764,0,-0.03678,0.07764,0,-0.03678,52.54066,0.0859118,0.00163515,80133.611,79991.965,-133.611,8.035,False,False,-62.03086
400.24,TGO,THRUST,79999.611,29.498985,0.6903184,286.41046,0.09587,0.10573,2279.02296,2278.93235,-0.0906,0,0.00061,0.05359,0,-0.03136,0.05359,0,-0.03136,52.5409,0.0620876,0.0011817,80116.054,79990.963,-116.054,9.037,False,False,-54.27508
400.38,TGO,THRUST,79999.681,29.4990144,0.6903239,284.81489,0.09641,0.10574,2279.01182,2278.93224,-0.07958,0,0.00053,0.0287,0,-0.0275,0.0287,0,-0.0275,52.54106,0.039748,0.00075651,80103.807,79989.971,-103.807,10.029,False,False,-38.85404
400.52,TGO,THRUST,79999.757,29.4990427,0.6903293,283.24448,0.09694,0.10622,2279.004,2278.93212,-0.07188,0,0.00048,0.00069,0,-0.0248,0.00069,0,-0.0248,52.54117,0.0248107,0.00047221,80095.442,79989.059,-95.442,10.941,False,False,-20.43434
400.66,TGO,THRUST,79999.829,29.4990705,0.6903346,281.69545,0.09748,0.10717,2278.99923,2278.93199,-0.06723,0,0.00045,-0.02847,0,-0.02317,-0.02847,0,-0.02317,52.54124,0.036712,0.00069873,80090.558,79988.31,-90.558,11.69,False,False,69.26815
400.82,TGO,THRUST,79999.902,29.4990962,0.6903395,279.98642,0.09807,0.10903,2278.99498,2278.93186,-0.06312,0,0.00042,-0.05954,0,-0.02173,-0.05954,0,-0.02173,52.54133,0.0633827,0.00120634,80086.478,79987.387,-86.478,12.613,False,False,90.771
400.96,TGO,THRUST,79999.956,29.4991313,0.6903462,278.42413,0.09862,0.11176,2278.98968,2278.93176,-0.05792,0,0.00039,-0.0843,0,-0.0199,-0.0843,0,-0.0199,52.54146,0.0866118,0.00164845,80081.589,79986.02,-81.589,13.98,False,False,99.52926
401.1,TGO,THRUST,80000.002,29.4991897,0.6903575,276.72643,0.09923,0.11625,2278.9817,2278.93168,-0.05002,0,0.00034,-0.10768,0,-0.01712,-0.10768,0,-0.01712,52.54165,0.1090301,0.00207512,80074.588,79983.551,-74.588,16.449,False,False,105.32685
401.24,TGO,THRUST,80000.04,29.4992719,0.6903735,274.8943,0.09989,0.12248,2278.97151,2278.93161,-0.0399,0,0.00027,-0.12987,0,-0.01356,-0.12987,0,-0.01356,52.54189,0.1305747,0.00248515,80066.423,79979.621,-66.423,20.379,False,False,109.44761
401.4,TGO,THRUST,80000.08,29.4993979,0.6903982,272.62614,0.10073,0.13174,2278.95741,2278.93154,-0.02587,0,0.00017,-0.15404,4,-0.00861,-0.15404,4,-0.00861,52.54222,4.0029743,0.07618586,80056.732,79972.569,-56.732,27.431,False,False,-119.7573
401.58,TGO,THRUST,80000.137,29.5012738,0.6907756,259.86434,0.10572,0.25357,2278.77432,2278.93148,0.15716,0.00147,-0.00105,-0.28829,4,0.05586,-0.28829,4,0.05586,52.55036,4.0107644,0.07632231,80026.28,79784.639,-26.28,215.361,False,False,-123.08438
401.74,TGO,THRUST,80000.241,29.5065054,0.6919046,231.84693,0.11867,0.53771,2278.31851,2278.93135,0.61284,0.01013,-0.00411,-0.59755,4,0.2163,-0.59755,4,0.2163,52.5611,4.0501671,0.07705636,80033.342,79234.339,-33.342,765.661,False,False,-128.05975
401.9,TGO,THRUST,80000.394,29.5120686,0.6932276,208.24703,0.13234,0.81456,2277.87103,2278.93115,1.06011,0.01862,-0.0071,-0.91728,4,0.37377,-0.91728,4,0.37377,52.57193,4.1208141,0.07838431,80044.903,78690.215,-44.903,1309.785,False,False,-132.20036
402.06,TGO,THRUST,80000.595,29.517782,0.6947169,188.74408,0.1463,1.09905,2277.42506,2278.93086,1.5058,0.02706,-0.01009,-1.26271,4,0.53071,-1.26271,4,0.53071,52.58293,4.2280116,0.08040654,80057.959,78147.128,-57.959,1852.872,False,False,-135.54679
402.22,TGO,THRUST,80000.848,29.5235544,0.6963553,172.61112,0.16032,1.3989,2276.97297,2278.93049,1.95752,0.0356,-0.01312,-1.64224,4,0.68982,-1.64224,4,0.68982,52.5942,4.3786741,0.08325394,80072.542,77596.011,-72.542,2403.989,False,False,-138.09071
402.38,TGO,THRUST,80001.157,29.5293135,0.6981229,159.20919,0.17422,1.72065,2276.50643,2278.93003,2.4236,0.04439,-0.01624,-2.06339,4,0.85402,-2.06339,4,0.85402,52.60584,4.5811515,0.08708447,80088.903,77026.747,-88.903,2973.253,False,False,-139.82135
402.54,TGO,THRUST,80001.524,29.5349805,0.6999913,148.04794,0.18782,2.07126,2276.01625,2278.92948,2.91323,0.0536,-0.01951,-2.5344,4,1.02656,-2.5344,4,1.02656,52.61799,4.8453088,0.09208463,80107.399,76428.181,-107.399,3571.819,False,False,-140.74333
402.7,TGO,THRUST,80001.955,29.5404552,0.701917,138.77227,0.20088,2.45859,2275.49235,2278.92883,3.43648,0.06342,-0.02302,-3.06468,4,1.211,-3.06468,4,1.211,52.63082,5.1825477,0.09846983,80128.477,75788.041,-128.477,4211.959,False,False,-140.88091
402.86,TGO,THRUST,80002.456,29.5455988,0.7038339,131.14353,0.21309,2.89152,2274.92367,2278.92806,4.00439,0.07405,-0.02682,-3.66506,4,1.41121,-3.66506,4,1.41121,52.64451,5.6057281,0.10648268,80152.674,75092.928,-152.674,4907.072,False,False,-140.26957
403.02,TGO,THRUST,80003.034,29.5502137,0.7056425,125.02881,0.22403,3.37989,2274.29839,2278.92718,4.62878,0.08571,-0.03099,-4.34769,4,1.63138,-4.34769,4,1.63138,52.65927,6.1289318,0.11638847,80180.604,74328.522,-180.604,5671.478,False,False,-138.93748
403.18,TGO,THRUST,80003.698,29.5540182,0.7071966,120.4028,0.23308,3.9341,2273.60436,2278.92615,5.32179,0.09862,-0.03563,-5.12572,4,1.87578,-5.12572,4,1.87578,52.67538,6.7669487,0.12846511,80212.937,73480.192,-212.937,6519.808,False,False,-136.88476
403.34,TGO,THRUST,80004.456,29.5566165,0.7082913,117.36904,0.23939,4.56426,2272.83014,2278.92498,6.09484,0.11299,-0.0408,-5.9592,4,2.14845,-5.9592,4,2.14845,52.69313,7.4918579,0.14217901,80250.347,72534.279,-250.347,7465.721,False,False,-134.02221
403.5,TGO,THRUST,80005.319,29.5574664,0.7086556,116.21682,0.24179,5.27693,2271.96879,2278.92365,6.95486,0.12896,-0.04654,-5.95346,4,2.45183,-5.95346,4,2.45183,52.71279,7.5799143,0.1437965,80293.312,71482.759,-293.312,8517.241,False,False,-129.27719
403.66,TGO,THRUST,80006.288,29.5559582,0.7080087,117.44655,0.23895,6.04308,2271.0553,2278.92214,7.86684,0.14613,-0.05264,-5.94736,4,2.77358,-5.94736,4,2.77358,52.73311,7.6853006,0.14573957,80340.158,70368.965,-340.158,9631.035,False,False,-123.15796
403.82,TGO,THRUST,80007.358,29.5516897,0.7062182,121.71173,0.2299,6.806,2270.15821,2278.92045,8.76224,0.16296,-0.05862,-5.94138,4,3.08951,-5.94138,4,3.08951,52.75371,7.8003254,0.14786307,80387.544,69276.73,-387.544,10723.27,False,False,-115.67213
404,TGO,THRUST,80008.672,29.5431459,0.7028264,131.8433,0.21113,7.63674,2269.20912,2278.91835,9.70923,0.18073,-0.06494,-5.93506,4,3.42372,-5.93506,4,3.42372,52.77725,7.933901,0.15032805,80440.584,68121.743,-440.584,11878.257,False,False,-105.85136
404.16,TGO,THRUST,80009.927,29.5321784,0.6988611,148.43557,0.18641,8.31456,2268.45524,2278.91633,10.46109,0.19481,-0.06996,-5.93004,4,3.68912,-5.93004,4,3.68912,52.79852,8.0482931,0.15243407,80485.05,67204.883,-485.05,12795.117,False,False,-96.07738
404.32,TGO,THRUST,80011.246,29.518241,0.6944714,178.16692,0.15428,8.89744,2267.81279,2278.91419,11.1014,0.20677,-0.07423,-5.92577,4,3.91516,-5.92577,4,3.91516,52.82012,8.151275,0.15432141,80523.916,66425.032,-523.916,13574.968,False,False,-85.46179
404.5,TGO,THRUST,80012.782,29.4995492,0.6897584,247.60876,0.11023,9.39116,2267.2566,2278.91166,11.65506,0.21707,-0.07792,-5.92208,4,4.11058,-5.92208,4,4.11058,52.84476,8.2442666,0.15600916,80556.888,65753.273,-556.888,14246.727,False,False,-72.61458
404.64,TGO,THRUST,80014.168,29.4809575,0.6864399,413.9361,0.06561,9.64658,2266.93728,2278.90935,11.97207,0.22292,-0.08003,-5.91997,0,4.22238,-5.91997,0,4.22238,52.86692,7.2714872,0.13754324,80573.311,65372.644,-573.311,14627.356,False,False,-89.21102
404.8,TGO,THRUST,80015.549,29.4622425,0.6845077,1340.16306,0.02021,9.69038,2266.80577,2278.90703,12.10126,0.22563,-0.08089,-5.91911,0,4.26774,-5.91911,0,4.26774,52.88719,7.2972215,0.13797711,80574.204,65225.133,-574.204,14774.867,False,False,-76.47427
404.96,TGO,THRUST,80016.733,29.4450218,0.683994,27.06155,0,9.5372,2266.8643,2278.90473,12.04043,0.22715,-0.08049,-5.91951,0,4.24594,-5.91951,0,4.24594,52.90685,7.2848236,0.13769149,80561.349,65311.308,-561.349,14688.692,False,False,-64.97908
405.12,TGO,THRUST,80018.043,29.4287966,0.6846265,1113.53891,0.02433,9.1859,2267.09682,2278.90249,11.80567,0.22265,-0.07892,-5.92108,0,4.16261,-5.92108,0,4.16261,52.92652,7.2378505,0.1367528,80534.084,65613.17,-534.084,14386.83,False,False,-51.77633
405.28,TGO,THRUST,80019.289,29.4149018,0.6860299,467.41387,0.05809,8.62095,2267.49863,2278.90035,11.40171,0.21497,-0.07623,-5.92377,0,4.01935,-5.92377,0,4.01935,52.9461,7.1586457,0.1352063,80490.894,66126.977,-490.894,13873.023,False,False,-39.15603
405.44,TGO,THRUST,80020.45,29.4042864,0.6876357,325.3641,0.08366,7.88649,2268.03111,2278.89832,10.86722,0.20483,-0.07266,-5.92734,0,3.82983,-5.92734,0,3.82983,52.96548,7.0569765,0.13323728,80435.659,66804.573,-435.659,13195.427,False,False,-27.45954
405.62,TGO,THRUST,80021.636,29.3969865,0.6890059,270.08725,0.10101,7.05666,2268.64057,2278.89646,10.25589,0.19326,-0.06858,-5.93142,4,3.6131,-5.93142,4,3.6131,52.98462,8.0147495,0.15126559,80374.891,67577.708,-374.891,12422.292,False,False,-45.17786
405.78,TGO,THRUST,80022.558,29.392675,0.6899157,246.15607,0.11101,6.13221,2269.32794,2278.89478,9.56684,0.18022,-0.06399,-5.93601,4,3.36886,-5.93601,4,3.36886,53.00563,7.911097,0.14925013,80309.644,68446.838,-309.644,11553.162,False,False,-35.756
405.94,TGO,THRUST,80023.34,29.3911686,0.6902507,239.56727,0.11416,5.11664,2270.09518,2278.89332,8.79814,0.16569,-0.05885,-5.94115,4,3.09643,-5.94115,4,3.09643,53.02709,7.8028891,0.14714911,80241.701,69412.949,-241.701,10587.051,False,False,-27.40013
406.1,TGO,THRUST,80023.979,29.3929383,0.6898598,250.12787,0.10931,4.10961,2270.84272,2278.8921,8.04938,0.15155,-0.05385,-5.94615,4,2.83101,-5.94615,4,2.83101,53.04827,7.7052732,0.14525022,80178.805,70352.318,-178.805,9647.682,False,False,-20.26369
406.24,TGO,THRUST,80024.422,29.3975252,0.6889103,279.9756,0.09755,3.13572,2271.55038,2278.89112,7.34074,0.13817,-0.04912,-5.95088,0,2.57973,-5.95088,0,2.57973,53.06919,6.485983,0.12221749,80123.986,71238.147,-123.986,8761.853,False,False,22.48777
406.4,TGO,THRUST,80024.806,29.4040235,0.6877201,336.51849,0.08104,2.25928,2272.17094,2278.89037,6.71943,0.12644,-0.04497,-5.95503,0,2.35935,-5.95503,0,2.35935,53.08757,6.4053818,0.1206569,80081.774,72010.202,-81.774,7989.798,False,False,28.95479
406.56,TGO,THRUST,80025.074,29.4115323,0.6865711,439.51074,0.06196,1.51556,2272.67828,2278.88982,6.21154,0.11686,-0.04158,-5.95842,0,2.1791,-5.95842,0,2.1791,53.10497,6.3443929,0.11946891,80053.222,72636.258,-53.222,7363.742,False,False,34.58559
406.72,TGO,THRUST,80025.231,29.4203307,0.6855341,686.68245,0.03961,0.81937,2273.13071,2278.88947,5.75876,0.10831,-0.03855,-5.96145,0,2.01831,-5.96145,0,2.01831,53.1222,6.2938429,0.11847859,80034.572,73188.193,-34.572,6811.807,False,False,39.3858
406.88,TGO,THRUST,80025.281,29.4301449,0.684772,1853.43077,0.01466,0.16692,2273.52786,2278.8893,5.36144,0.10081,-0.03589,-5.96411,0,1.87706,-5.96411,0,1.87706,53.13928,6.2525152,0.11766276,80026.333,73664.857,-26.333,6335.143,False,False,43.33146
407.04,TGO,THRUST,80025.227,29.4407326,0.6844174,27.16199,0,-0.4476,2273.8707,2278.8893,5.0186,0.09434,-0.0336,-5.9664,0,1.75501,-5.9664,0,1.75501,53.15626,6.2191648,0.11699779,80028.896,74066.822,-28.896,5933.178,False,False,46.41893
407.2,TGO,THRUST,80025.046,29.4518862,0.6845689,7228.05144,0.00376,-1.03186,2274.16137,2278.88948,4.7281,0.08652,-0.03166,-5.96834,0,1.65139,-5.96834,0,1.65139,53.17315,6.1925921,0.11646089,80042.563,74396.158,-42.563,5603.842,False,False,48.86449
407.36,TGO,THRUST,80024.781,29.4634268,0.6852923,823.56082,0.03303,-1.59488,2274.40273,2278.88982,4.48709,0.08197,-0.03004,-5.96996,0,1.56515,-5.96996,0,1.56515,53.18996,6.1717137,0.11603156,80067.59,74655.857,-67.59,5344.143,False,False,50.16016
407.52,TGO,THRUST,80024.417,29.4751977,0.6866215,434.10225,0.06279,-2.14653,2274.598,2278.89032,4.29232,0.0783,-0.02874,-5.97126,0,1.49513,-5.97126,0,1.49513,53.20672,6.155595,0.11569207,80104.24,74849.378,-104.24,5150.622,False,False,50.62866
407.68,TGO,THRUST,80023.956,29.4870572,0.6885612,295.18741,0.09261,-2.69721,2274.75053,2278.89099,4.14047,0.07543,-0.02773,-5.97227,0,1.44014,-5.97227,0,1.44014,53.22343,6.1434571,0.11542767,80152.826,74980.312,-152.826,5019.688,False,False,50.28621
407.86,TGO,THRUST,80023.395,29.4988707,0.6910876,224.77312,0.12207,-3.25747,2274.86364,2278.89183,4.02819,0.07331,-0.02697,-5.62459,4,1.39897,-5.62459,4,1.39897,53.24012,7.0422368,0.13227313,80213.752,75052.148,-213.752,4947.852,False,False,83.70379
408.02,TGO,THRUST,80022.723,29.5111434,0.6943334,180.97889,0.15233,-3.87015,2274.94411,2278.89284,3.94873,0.07145,-0.02644,-4.78717,4,1.36911,-4.78717,4,1.36911,53.25863,6.3868202,0.11992085,80292.009,75067.963,-292.009,4932.037,False,False,86.01685
408.18,TGO,THRUST,80021.935,29.5236794,0.6982923,151.67851,0.1828,-4.54579,2274.99291,2278.89404,3.90113,0.07078,-0.02612,-3.84331,4,1.35019,-3.84331,4,1.35019,53.27643,5.7091176,0.10716029,80390.124,75026.367,-390.124,4973.633,False,False,89.29086
408.34,TGO,THRUST,80021.038,29.534516,0.7022313,133.5399,0.2088,-5.19562,2275.00714,2278.89543,3.88829,0.07077,-0.02604,-2.88247,4,1.34352,-2.88247,4,1.34352,53.2924,5.110153,0.09588896,80493.536,74938.321,-493.536,5061.679,False,False,93.54192
408.5,TGO,THRUST,80020.038,29.5436167,0.7059051,121.65511,0.2304,-5.81954,2274.99578,2278.897,3.90122,0.07122,-0.02613,-1.90723,4,1.34596,-1.90723,4,1.34596,53.3067,4.6313223,0.08688068,80598.994,74817.675,-598.994,5182.325,False,False,99.11868
408.66,TGO,THRUST,80018.941,29.551103,0.7091751,113.53556,0.24801,-6.42322,2274.9662,2278.89873,3.93253,0.07197,-0.02633,-0.91439,4,1.3549,-0.91439,4,1.3549,53.31962,4.3210949,0.08104137,80705.294,74674.383,-705.294,5325.617,False,False,106.09253
408.82,TGO,THRUST,80017.752,29.5571547,0.7119814,107.8208,0.26219,-7.01708,2274.92355,2278.90063,3.97708,0.07291,-0.02663,0.10425,4,1.3685,0.10425,4,1.3685,53.33158,4.2289084,0.07929464,80813.009,74513.979,-813.009,5486.021,False,False,113.90994
408.98,TGO,THRUST,80016.473,29.5619565,0.7143118,103.72336,0.27343,-7.61938,2274.87004,2278.90268,4.03264,0.07397,-0.027,1.16539,4,1.38593,1.16539,4,1.38593,53.34314,4.390779,0.08231197,80924.829,74336.463,-924.829,5663.537,False,False,121.40835
409.14,TGO,THRUST,80015.104,29.5655483,0.7161154,100.85636,0.2819,-8.25847,2274.80202,2278.90488,4.10286,0.0752,-0.02747,2.29693,4,1.40837,2.29693,4,1.40837,53.35498,4.8228022,0.09039086,81045.358,74133.031,-1045.358,5866.969,False,False,127.33731
409.3,TGO,THRUST,80013.635,29.567894,0.7173218,99.02645,0.28759,-8.96539,2274.71851,2278.90723,4.18872,0.07663,-0.02805,3.53152,4,1.43606,3.53152,4,1.43606,53.36781,5.5257491,0.10354087,81180.888,73896.401,-1180.888,6103.599,False,False,130.85026
409.46,TGO,THRUST,80012.054,29.5688069,0.7177979,98.22748,0.29011,-9.77189,2274.62212,2278.90976,4.28764,0.0782,-0.02871,4.90464,4,1.46799,4.90464,4,1.46799,53.38237,6.4969594,0.12170609,81339.247,73622.004,-1339.247,6377.996,False,False,131.7173
409.62,TGO,THRUST,80010.342,29.5678408,0.7172926,98.70135,0.2885,-10.70655,2274.51813,2278.91249,4.39436,0.07981,-0.02943,6.02943,4,1.50222,6.02943,4,1.50222,53.3994,7.3898998,0.1383892,81528.924,73307.814,-1528.924,6692.186,False,False,128.33798
409.78,TGO,THRUST,80008.485,29.5643383,0.7154857,100.97612,0.28127,-11.76836,2274.418,2278.91545,4.49744,0.08137,-0.03011,6.03011,4,1.53474,6.03011,4,1.53474,53.41892,7.3971428,0.13847421,81753.675,72963.743,-1753.675,7036.257,False,False,118.71048
409.94,TGO,THRUST,80006.485,29.5579304,0.7122903,105.70447,0.26748,-12.86428,2274.34152,2278.91865,4.57713,0.08283,-0.03065,6.03065,4,1.55897,6.03065,4,1.55897,53.43907,7.4026418,0.1385249,81997.342,72628.827,-1997.342,7371.173,False,False,108.51072
410.12,TGO,THRUST,80004.086,29.5474584,0.7073891,114.94645,0.24428,-13.98595,2274.30143,2278.92253,4.6211,0.08361,-0.03094,6.03094,4,1.57061,6.03094,4,1.57061,53.46177,7.4053411,0.13851657,82261.659,72315.317,-2261.659,7684.683,False,False,96.45078
410.28,TGO,THRUST,80001.843,29.5354735,0.7022851,128.46625,0.217,-14.84048,2274.31723,2278.92618,4.60896,0.08335,-0.03086,6.03086,4,1.5635,6.03086,4,1.5635,53.48196,7.4037705,0.13843491,82479.222,72113.631,-2479.222,7886.369,False,False,85.27076
410.44,TGO,THRUST,79999.523,29.5213931,0.6970001,150.26479,0.18413,-15.52373,2274.39228,2278.93,4.53771,0.08199,-0.03038,6.03038,4,1.53628,6.03038,4,1.53628,53.50216,7.3976813,0.13826883,82673.666,72003.598,-2673.666,7996.402,False,False,73.69911
410.62,TGO,THRUST,79996.853,29.5037345,0.6914931,193.49776,0.14187,-16.04887,2274.55744,2278.93442,4.37698,0.07895,-0.02931,6.02931,4,1.47826,6.02931,4,1.47826,53.52488,7.384973,0.13797271,82857.593,72007.891,-2857.593,7992.109,False,False,60.34417
410.78,TGO,THRUST,79994.457,29.487192,0.6874982,269.0669,0.10145,-16.25946,2274.7977,2278.93842,4.14072,0.07453,-0.02773,6.02773,4,1.39486,6.02773,4,1.39486,53.54505,7.3674383,0.13759326,82986.848,72154.244,-2986.848,7845.756,False,False,48.64905
410.92,TGO,THRUST,79992.069,29.470859,0.6846853,445.98364,0.06096,-16.19203,2275.14156,2278.94243,3.80087,0.06817,-0.02546,6.02546,0,1.27613,6.02546,0,1.27613,53.56519,6.1591085,0.11498343,83080.418,72456.674,-3080.418,7543.326,False,False,68.95528
411.08,TGO,THRUST,79989.717,29.4564047,0.683149,1090.84145,0.02487,-15.88292,2275.50257,2278.94642,3.44385,0.06194,-0.02307,6.02307,0,1.1522,6.02307,0,1.1522,53.58284,6.1322821,0.11444489,83119.139,72832.687,-3119.139,7167.313,False,False,58.01453
411.24,TGO,THRUST,79987.419,29.4443809,0.682559,27.11154,0,-15.47135,2275.82709,2278.95033,3.12323,0.05596,-0.02092,6.02092,0,1.04135,6.02092,0,1.04135,53.59962,6.1103105,0.11399915,83120.39,73202.693,-3120.39,6797.307,False,False,47.01428
411.4,TGO,THRUST,79985.463,29.4340926,0.6825525,27.11545,0,-14.9011,2276.17661,2278.95414,2.77752,0.05178,-0.01861,6.01861,0,0.92225,6.01861,0,0.92225,53.61634,6.0888564,0.11356345,83090.226,73633.192,-3090.226,6366.808,False,False,37.85216
411.56,TGO,THRUST,79983.301,29.4262307,0.6828575,2003.72313,0.01354,-14.17344,2276.52282,2278.95783,2.43501,0.04311,-0.01631,6.01631,0,0.8048,6.01631,0,0.8048,53.633,6.0699037,0.11317479,83017.807,74101.708,-3017.807,5898.292,False,False,28.21148
411.72,TGO,THRUST,79981.247,29.4207559,0.6832274,1005.92405,0.02699,-13.34084,2276.84278,2278.96136,2.11858,0.03721,-0.01419,6.01419,0,0.69683,6.01419,0,0.69683,53.64962,6.054429,0.11285129,82907.846,74576.945,-2907.846,5423.055,False,False,19.73446
411.88,TGO,THRUST,79979.308,29.4175025,0.6835077,781.3231,0.03477,-12.44753,2277.13452,2278.96471,1.83019,0.03184,-0.01226,6.01226,0,0.59888,6.01226,0,0.59888,53.6662,6.0420166,0.11258514,82771.08,75046.217,-2771.08,4953.783,False,False,13.01646
412.04,TGO,THRUST,79977.493,29.4163143,0.6836209,729.06036,0.03727,-11.52315,2277.39575,2278.96786,1.57211,0.02703,-0.01053,6.01053,0,0.51165,6.01053,0,0.51165,53.68275,6.032272,0.11236892,82614.184,75500.339,-2614.184,4499.661,False,False,9.7428
412.2,TGO,THRUST,79975.808,29.4170066,0.683555,777.12343,0.03497,-10.59001,2277.62563,2278.97079,1.34516,0.0228,-0.00901,6.00901,0,0.43533,6.00901,0,0.43533,53.69927,6.0247628,0.1121945,82442.504,75933.107,-2442.504,4066.893,False,False,11.36085
412.36,TGO,THRUST,79974.259,29.41937,0.6833479,957.24455,0.02838,-9.66465,2277.8251,2278.9735,1.1484,0.01913,-0.0077,6.0077,0,0.36956,6.0077,0,0.36956,53.71578,6.0190521,0.11205371,82260.626,76341.083,-2260.626,3658.917,False,False,15.46479
412.52,TGO,THRUST,79972.846,29.4231825,0.6830698,1502.74272,0.01807,-8.75849,2277.99661,2278.97599,0.97938,0.01598,-0.00656,6.00656,0,0.31344,6.00656,0,0.31344,53.73227,6.014736,0.11193898,82072.479,76723.235,-2072.479,3276.765,False,False,-19.91421
412.68,TGO,THRUST,79971.569,29.4282221,0.6828068,5896.31652,0.0046,-7.87844,2278.14377,2278.97824,0.83447,0.01328,-0.00559,6.00559,0,0.26567,6.00559,0,0.26567,53.74876,6.0114659,0.11184381,81881.371,77080.519,-1881.371,2919.481,False,False,-24.01447
412.84,TGO,THRUST,79970.427,29.4342752,0.6826475,27.14418,0,-7.02755,2278.27106,2278.98027,0.70921,0.01319,-0.00475,6.00475,0,0.22468,6.00475,0,0.22468,53.76524,6.008955,0.11176282,81690.031,77415.48,-1690.031,2584.52,False,False,-27.54679
413,TGO,THRUST,79969.301,29.4411417,0.682673,27.14653,0,-6.20569,2278.38358,2278.98207,0.59849,0.00889,-0.00401,6.00401,0,0.18868,6.00401,0,0.18868,53.78172,6.0069752,0.11169176,81500.671,77731.892,-1500.671,2268.108,False,False,-30.73879
413.16,TGO,THRUST,79968.439,29.4486366,0.6829504,2153.67352,0.01261,-5.41023,2278.48681,2278.98365,0.49684,0.007,-0.00333,6.00333,0,0.15577,6.00333,0,0.15577,53.7982,6.0053505,0.11162735,81315.076,78034.443,-1315.076,1965.557,False,False,-32.8681
413.32,TGO,THRUST,79967.706,29.4565897,0.683529,809.69787,0.03357,-4.6367,2278.58651,2278.98501,0.3985,0.00517,-0.00267,6.00267,0,0.12394,6.00267,0,0.12394,53.81468,6.0039503,0.11156715,81134.718,78328.465,-1134.718,1671.535,False,False,-34.32395
413.48,TGO,THRUST,79967.099,29.4648394,0.6844374,492.63503,0.05525,-3.87923,2278.68931,2278.98616,0.29685,0.00328,-0.00199,6.00199,0,0.0909,6.00199,0,0.0909,53.83116,6.0026779,0.11150935,80961.268,78620.134,-961.268,1379.866,False,False,-35.13877
413.64,TGO,THRUST,79966.618,29.4731894,0.6856752,353.60468,0.07712,-3.13022,2278.81063,2278.9871,0.17647,0.00105,-0.00118,6.00118,0,0.05127,6.00118,0,0.05127,53.84764,6.0014019,0.11145152,80800.996,78921.526,-800.996,1078.474,False,False,-35.37507
413.8,TGO,THRUST,79966.263,29.481477,0.6872191,276.85621,0.09873,-2.38295,2278.95887,2278.98783,0.02895,-0.00169,-0.00019,6.00019,0,0.00215,6.00019,0,0.00215,53.86413,6.0001945,0.111395,80659.483,79237.108,-659.483,762.892,False,False,-35.08091
413.96,TGO,THRUST,79966.034,29.4895979,0.6890349,228.80597,0.11979,-1.63202,2279.13044,2278.98834,-0.1421,0,0.00095,5.99905,4,-0.05521,5.99905,4,-0.05521,53.88061,7.2105213,0.13382404,80543.877,79555.456,-543.877,444.544,False,False,-66.92954
414.12,TGO,THRUST,79965.946,29.4980774,0.6912487,194.2113,0.14159,-0.81453,2279.3289,2278.98864,-0.34026,0,0.00228,5.99772,4,-0.12182,5.99772,4,-0.12182,53.8996,7.2102339,0.13377157,80483.788,79851.235,-483.788,148.765,False,False,-65.34266
414.28,TGO,THRUST,79966.012,29.507394,0.6940507,167.07552,0.16527,0.11375,2279.51835,2278.98869,-0.52966,0,0.00355,5.99645,4,-0.185,5.99645,4,-0.185,53.91942,7.210522,0.13372773,80597.699,79963.277,-597.699,36.723,False,False,-63.04255
414.44,TGO,THRUST,79966.235,29.5162653,0.6970746,147.84956,0.18759,1.06505,2279.69786,2278.98848,-0.70938,0,0.00476,5.99524,4,-0.24471,5.99524,4,-0.24471,53.93926,7.2112992,0.13369297,80917.155,79859.061,-917.155,140.939,False,False,-60.04112
414.6,TGO,THRUST,79966.617,29.524404,0.7001509,134.02556,0.20787,2.0459,2279.88811,2278.98801,-0.9001,0,0.00603,5.99397,4,-0.30817,5.99397,4,-0.30817,53.95909,7.2126687,0.1336692,81316.129,79689.368,-1316.129,310.632,False,False,-56.39864
414.76,TGO,THRUST,79967.161,29.5314787,0.7030581,124.14747,0.22537,3.05946,2280.11184,2278.98727,-1.12457,0,0.00754,5.99246,4,-0.38334,5.99246,4,-0.38334,53.97894,7.2150209,0.13366361,81772.059,79504.084,-1772.059,495.916,False,False,-52.24296
414.92,TGO,THRUST,79967.869,29.5371147,0.7055285,117.36073,0.23926,4.10301,2280.39181,2278.98626,-1.40556,0,0.00942,5.99058,4,-0.47818,5.99058,4,-0.47818,53.99881,7.2191172,0.1336903,82293.771,79321.731,-2293.771,678.269,False,False,-47.68476
415.08,TGO,THRUST,79968.745,29.5410968,0.707357,113.00843,0.24916,5.16966,2280.72203,2278.98496,-1.73707,0,0.01165,5.98835,4,-0.59063,5.98835,4,-0.59063,54.01869,7.2255937,0.13376099,82870.174,79146.408,-2870.174,853.592,False,False,-42.73018
415.24,TGO,THRUST,79969.79,29.5434745,0.7084823,110.50516,0.25525,6.25789,2281.06127,2278.98339,-2.07788,0,0.01393,5.30917,4,-0.70627,5.30917,4,-0.70627,54.0386,6.6847664,0.12370355,83461.706,78968.422,-3461.706,1031.578,False,False,-40.37826
415.4,TGO,THRUST,79970.997,29.5442283,0.7088447,109.59658,0.25753,7.33409,2281.369,2278.98153,-2.38746,0,0.01601,3.81569,4,-0.81101,3.81569,4,-0.81101,54.0574,5.5872369,0.10335749,84022.176,78785.285,-4022.176,1214.715,False,False,-43.36102
415.56,TGO,THRUST,79972.342,29.5434312,0.7084602,110.12044,0.25619,8.30771,2281.59639,2278.97942,-2.61697,0,0.01755,2.36734,4,-0.88806,2.36734,4,-0.88806,54.07356,4.7321189,0.08751262,84483.507,78605.919,-4483.507,1394.081,False,False,-49.38857
415.72,TGO,THRUST,79973.798,29.5415799,0.7075751,111.65156,0.25238,9.12828,2281.72961,2278.97709,-2.75252,0,0.01846,1.02477,4,-0.93275,1.02477,4,-0.93275,54.0872,4.2332235,0.07826664,84820.506,78438.279,-4820.506,1561.721,False,False,-57.89636
415.88,TGO,THRUST,79975.342,29.5389765,0.7063506,113.99333,0.24677,9.82896,2281.79168,2278.97459,-2.81709,0,0.01889,-0.23565,4,-0.953,-0.23565,4,-0.953,54.09922,4.1187055,0.07613244,85063.408,78279.536,-5063.408,1720.464,False,False,-67.14804
416.04,TGO,THRUST,79976.962,29.5355673,0.7047846,117.3322,0.23922,10.45512,2281.80166,2278.97195,-2.8297,0,0.01898,-1.4522,4,-0.95531,-1.4522,4,-0.95531,54.11066,4.3613657,0.08060086,85241.994,78122.824,-5241.994,1877.176,False,False,-74.69756
416.2,TGO,THRUST,79978.649,29.5309902,0.7027516,122.31272,0.22881,11.04618,2281.77638,2278.9692,-2.80718,0,0.01883,-2.66017,4,-0.94545,-2.66017,4,-0.94545,54.12253,4.8959561,0.09046059,85382.455,77962.289,-5382.455,2037.711,False,False,-78.92351
416.36,TGO,THRUST,79980.4,29.5247538,0.7001145,130.10655,0.21429,11.62539,2281.71664,2278.96633,-2.75031,0,0.01845,-3.88073,4,-0.9236,-3.88073,4,-0.9236,54.13568,5.6491664,0.104352,85492.56,77791.211,-5492.56,2208.789,False,False,-79.50568
416.52,TGO,THRUST,79982.21,29.5162937,0.6967896,142.92108,0.19414,12.18951,2281.61732,2278.96336,-2.65396,0,0.0178,-5.10936,4,-0.88799,-5.10936,4,-0.88799,54.15075,6.5493557,0.12094672,85568.16,77607.577,-5568.16,2392.423,False,False,-76.79069
416.68,TGO,THRUST,79984.073,29.5050984,0.6928497,165.32071,0.16688,12.70534,2281.47271,2278.96029,-2.51242,0,0.01685,-6.01685,4,-0.83672,-6.01685,4,-0.83672,54.16822,7.2734161,0.1342746,85596.623,77416.933,-5596.623,2583.067,False,False,-69.99779
416.84,TGO,THRUST,79985.971,29.4910698,0.6886736,207.77644,0.13197,13.10621,2281.283,2278.95714,-2.32586,0,0.0156,-6.0156,4,-0.77008,-6.0156,4,-0.77008,54.18782,7.2650153,0.13407101,85560.628,77236.337,-5560.628,2763.663,False,False,-58.0662
417,TGO,THRUST,79987.643,29.475254,0.6850072,296.84999,0.09187,13.28857,2281.06108,2278.95395,-2.10713,0,0.01413,-6.01413,0,-0.69292,-6.01413,0,-0.69292,54.2079,6.0539162,0.11167959,85441.423,77099.13,-5441.423,2900.87,False,False,-80.55041
417.16,TGO,THRUST,79989.54,29.4603077,0.6825788,507.81284,0.05351,13.18595,2280.86623,2278.95075,-1.91548,0,0.01284,-6.01284,0,-0.62619,-6.01284,0,-0.62619,54.22548,6.045363,0.11148565,85264.881,77049.871,-5264.881,2950.129,False,False,-68.41704
417.32,TGO,THRUST,79991.399,29.4474971,0.6813099,1326.29907,0.02045,12.91749,2280.7035,2278.9476,-1.7559,0,0.01177,-6.01177,0,-0.57124,-6.01177,0,-0.57124,54.24221,6.0388528,0.11133125,85066.736,77059.533,-5066.736,2940.467,False,False,-55.80712
417.48,TGO,THRUST,79993.201,29.4359342,0.6808145,27.09887,0,12.43666,2280.59164,2278.94452,-1.64712,0,0.01104,-6.01104,0,-0.53478,-6.01104,0,-0.53478,54.25892,6.0347862,0.11122201,84845.952,77151.229,-4845.952,2848.771,False,False,-43.36784
417.64,TGO,THRUST,79994.938,29.4265939,0.6808664,27.10013,0,11.74944,2280.52433,2278.94156,-1.58277,0,0.01061,-6.01061,0,-0.51456,-6.01061,0,-0.51456,54.27562,6.0325982,0.11114747,84598.582,77321.32,-4598.582,2678.68,False,False,-31.56577
417.78,TGO,THRUST,79996.384,29.4204736,0.6811192,2198.16522,0.01233,11.03306,2280.48486,2278.93907,-1.54579,0,0.01036,-6.01036,0,-0.50403,-6.01036,0,-0.50403,54.29024,6.0314614,0.11109661,84363.449,77511.269,-4363.449,2488.731,False,False,-21.84946
417.92,TGO,THRUST,79997.75,29.4162519,0.6813939,1178.41037,0.02301,10.24959,2280.45978,2278.9367,-1.52309,0,0.01021,-6.01021,0,-0.49871,-6.01021,0,-0.49871,54.30485,6.0308673,0.11105578,84120.315,77725.939,-4120.315,2274.061,False,False,-12.75458
418.08,TGO,THRUST,79999.203,29.4137103,0.6815981,929.2528,0.02919,9.30759,2280.4442,2278.93417,-1.51004,0,0.01012,-6.01012,0,-0.4973,-6.01012,0,-0.4973,54.32155,6.0306639,0.11101788,83840.371,77988.627,-3840.371,2011.373,False,False,3.67495
418.22,TGO,THRUST,80000.372,29.413405,0.6816246,918.66435,0.02953,8.46808,2280.43778,2278.93211,-1.50567,0,0.0101,-6.0101,0,-0.49858,-6.0101,0,-0.49858,54.33618,6.0307407,0.11098942,83598.543,78223.802,-3598.543,1776.198,False,False,5.89461
418.36,TGO,THRUST,80001.443,29.4147754,0.6815111,1066.4317,0.02544,7.6341,2280.43398,2278.93023,-1.50375,0,0.01008,-6.01008,0,-0.50071,-6.01008,0,-0.50071,54.3508,6.0309042,0.11096256,83362.828,78455.924,-3362.828,1544.076,False,False,13.03256
418.5,TGO,THRUST,80002.415,29.4176817,0.6813023,1570.39048,0.01727,6.82066,2280.42896,2278.9285,-1.50045,0,0.01006,-6.01006,0,-0.50229,-6.01006,0,-0.50229,54.36543,6.0310129,0.11093471,83135.006,78678.668,-3135.006,1321.332,False,False,19.86392
418.66,TGO,THRUST,80003.407,29.4226845,0.6810419,7820.42413,0.00347,5.93092,2280.41647,2278.92673,-1.48973,0,0.00999,-6.00999,0,-0.50152,-6.00999,0,-0.50152,54.38215,6.0308773,0.1108981,82884.566,78915.228,-2884.566,1084.772,False,False,27.07934
418.8,TGO,THRUST,80004.172,29.4283494,0.6808967,27.0998,0,5.19654,2280.39483,2278.92536,-1.46947,0,0.00985,-6.00985,0,-0.49689,-6.00985,0,-0.49689,54.39679,6.0303586,0.11085872,82672.564,79102.265,-2672.564,897.735,False,False,32.86178
418.94,TGO,THRUST,80004.846,29.435043,0.680929,27.10066,0,4.50898,2280.35875,2278.92414,-1.43461,0,0.00962,-6.00962,0,-0.48699,-6.00962,0,-0.48699,54.41143,6.0293182,0.11080977,82464.339,79268.232,-2464.339,731.768,False,False,38.1604
419.1,TGO,THRUST,80005.511,29.4437478,0.6813004,1594.28908,0.01701,3.78409,2280.2942,2278.92294,-1.37126,0,0.00919,-5.74043,0,-0.46725,-5.74043,0,-0.46725,54.42816,5.7594102,0.10581673,82225.497,79430.843,-2225.497,569.157,False,False,43.63048
419.26,TGO,THRUST,80006.073,29.4531779,0.6821214,638.10964,0.04254,3.13539,2280.19359,2278.92191,-1.27168,0,0.00853,-5.3204,0,-0.43458,-5.3204,0,-0.43458,54.44434,5.3381199,0.09804729,81975.461,79561.459,-1975.461,438.541,False,False,48.52495
419.4,TGO,THRUST,80006.49,29.4615449,0.683213,417.46491,0.06513,2.6447,2280.07281,2278.92115,-1.15166,0,0.00772,-4.99959,0,-0.39421,-4.99959,0,-0.39421,54.4576,5.0151096,0.092092,81744.99,79648.232,-1744.99,351.768,False,False,52.39803
419.54,TGO,THRUST,80006.847,29.4696691,0.6845983,313.19223,0.08698,2.22982,2279.92825,2278.9205,-1.00775,0,0.00676,-4.7301,0,-0.34524,-4.7301,0,-0.34524,54.47001,4.7426794,0.08706955,81508.92,79712.17,-1508.92,287.83,False,False,55.92145
419.68,TGO,THRUST,80007.191,29.4775542,0.6862479,252.61387,0.10809,1.87642,2279.76395,2278.91994,-0.84401,0,0.00566,-4.50074,4,-0.28911,-4.50074,4,-0.28911,54.48173,6.0282841,0.11064781,81266.932,79758.412,-1266.932,241.588,False,False,99.74536
419.84,TGO,THRUST,80007.466,29.4873243,0.6887056,204.46714,0.13401,1.49458,2279.5336,2278.9194,-0.6142,0,0.00412,-4.23706,4,-0.20996,-4.23706,4,-0.20996,54.49759,5.8306751,0.1069896,80953.366,79797.337,-953.366,202.663,False,False,104.10859
420,TGO,THRUST,80007.672,29.4987887,0.6921647,167.90865,0.16399,1.10442,2279.27317,2278.91899,-0.35419,0,0.00237,-3.93827,4,-0.12026,-3.93827,4,-0.12026,54.51393,5.614661,0.10299497,80611.958,79828.118,-611.958,171.882,False,False,108.15561
420.16,TGO,THRUST,80007.818,29.5100151,0.696145,143.52342,0.19293,0.76559,2279.00357,2278.91868,-0.0849,0,0.00057,-3.66627,4,-0.02715,-3.66627,4,-0.02715,54.52969,5.4260722,0.09950675,80293.385,79825.17,-293.385,174.83,False,False,111.45049
420.34,TGO,THRUST,80007.91,29.5208329,0.7005265,126.42077,0.22038,0.46835,2278.70869,2278.91847,0.20978,0.00185,-0.00141,-3.41397,4,0.07499,-3.41397,4,0.07499,54.54492,5.2593538,0.09642244,80070.795,79696.128,-70.795,303.872,False,False,114.02041
420.5,TGO,THRUST,80007.953,29.531169,0.705205,113.91907,0.24616,0.20252,2278.38072,2278.91835,0.53762,0.00793,-0.0036,-3.17333,4,0.18885,-3.17333,4,0.18885,54.55966,5.1093721,0.09364743,80013.927,79362.026,-13.927,637.974,False,False,115.9008
420.66,TGO,THRUST,80007.951,29.540951,0.7100676,104.5099,0.27013,-0.0406,2278.01485,2278.9183,0.90346,0.01468,-0.00605,-2.93735,4,0.31607,-2.93735,4,0.31607,54.57398,4.972717,0.09111882,80008.425,78931.551,-8.425,1068.449,False,False,117.12205
420.82,TGO,THRUST,80007.906,29.5500965,0.7149894,97.28824,0.29214,-0.26839,2277.60774,2278.91834,1.3106,0.02218,-0.00878,-2.69995,4,0.45781,-2.69995,4,0.45781,54.58792,4.8476109,0.08880373,80012.354,78442.797,-12.354,1557.203,False,False,117.70643
420.98,TGO,THRUST,80007.822,29.5585104,0.7198326,91.68186,0.31205,-0.48701,2277.1574,2278.91844,1.76104,0.03047,-0.0118,-2.45594,4,0.61473,-2.45594,4,0.61473,54.6015,4.7338708,0.08669854,80018.205,77901.033,-18.205,2098.967,False,False,117.66318
421.14,TGO,THRUST,80007.699,29.5660856,0.7244472,87.31421,0.32968,-0.70154,2276.66327,2278.9186,2.25533,0.03955,-0.01511,-2.20095,4,0.78702,-2.20095,4,0.78702,54.61477,4.6328824,0.08482838,80024.295,77307.437,-24.295,2692.563,False,False,116.98325
421.3,TGO,THRUST,80007.539,29.5726969,0.728669,83.93422,0.34488,-0.91585,2276.12592,2278.91883,2.79291,0.04941,-0.01871,-1.93165,4,0.97445,-1.93165,4,0.97445,54.62774,4.5476163,0.08324738,80030.244,76663.231,-30.244,3336.769,False,False,115.68418
421.46,TGO,THRUST,80007.341,29.578135,0.7322764,81.40207,0.35727,-1.13116,2275.54372,2278.91912,3.3754,0.06008,-0.02261,-1.64702,4,1.1776,-1.64702,4,1.1776,54.64047,4.4832401,0.08204981,80035.914,75966.812,-35.914,4033.188,False,False,113.83646
421.62,TGO,THRUST,80007.106,29.582259,0.7350933,79.59725,0.36668,-1.34895,2274.92316,2278.91948,3.99632,0.07144,-0.02676,-1.34568,4,1.3942,-1.34568,4,1.3942,54.65301,4.444621,0.08132436,80041.369,75225.972,-41.369,4774.028,False,False,111.47601
421.78,TGO,THRUST,80006.833,29.5850258,0.7370231,78.41114,0.3731,-1.57217,2274.27597,2278.9199,4.64392,0.08327,-0.03109,-1.02466,4,1.62011,-1.02466,4,1.62011,54.66542,4.4356172,0.08114118,80046.841,74454.547,-46.841,5545.453,False,False,108.60855
421.94,TGO,THRUST,80006.521,29.5864171,0.7380064,77.77242,0.37656,-1.80416,2273.61375,2278.92038,5.30663,0.09535,-0.03553,-0.68051,4,1.85129,-0.68051,4,1.85129,54.6778,4.4598602,0.0815662,80052.589,73666.077,-52.589,6333.923,False,False,105.23321
422.1,TGO,THRUST,80006.17,29.5864116,0.7380023,77.64972,0.37704,-2.04809,2272.94742,2278.92092,5.97351,0.10749,-0.03999,-0.30982,4,2.08388,-0.30982,4,2.08388,54.69022,4.5209015,0.0826638,80058.868,72873.253,-58.868,7126.747,False,False,101.35787
422.26,TGO,THRUST,80005.779,29.584976,0.7369833,78.05084,0.37447,-2.30677,2272.28795,2278.92154,6.63358,0.11949,-0.0444,0.09054,4,2.31405,0.09054,4,2.31405,54.70279,4.6220133,0.0844932,80065.927,72088.768,-65.927,7911.232,False,False,97.00916
422.42,TGO,THRUST,80005.345,29.5820652,0.734937,79.02503,0.36873,-2.5825,2271.64739,2278.92222,7.27483,0.13112,-0.04868,0.52325,4,2.53756,0.52325,4,2.53756,54.71561,4.765817,0.0871016,80074.023,71326.454,-74.023,8673.546,False,False,92.23807
422.58,TGO,THRUST,80004.868,29.5776271,0.7318726,80.67066,0.3596,-2.87689,2271.03984,2278.92297,7.88313,0.14212,-0.05275,0.99029,4,2.74949,0.99029,4,2.74949,54.72881,4.9538236,0.09051583,80083.433,70602.488,-83.433,9397.512,False,False,87.12357
422.74,TGO,THRUST,80004.347,29.5716138,0.7278331,83.1497,0.34687,-3.19049,2270.4825,2278.9238,8.4413,0.15219,-0.05647,1.49264,4,2.9438,1.49264,4,2.9438,54.7425,5.1859359,0.09473326,80094.468,69936.562,-94.468,10063.438,False,False,81.76943
422.9,TGO,THRUST,80003.78,29.5640007,0.722912,86.71095,0.3303,-3.52255,2269.99648,2278.9247,8.92822,0.16093,-0.05973,2.02981,4,3.11312,2.02981,4,3.11312,54.75682,5.4600011,0.09971363,80107.488,69352.803,-107.488,10647.197,False,False,76.31366
423.06,TGO,THRUST,80003.168,29.5548066,0.717267,91.73127,0.30974,-3.87016,2269.60767,2278.92568,9.31801,0.16789,-0.06233,2.59905,4,3.24839,2.59905,4,3.24839,54.77188,5.771229,0.10536847,80122.902,68880.797,-122.902,11119.203,False,False,70.98624
423.22,TGO,THRUST,80002.513,29.5441263,0.7111333,98.7775,0.28515,-4.23919,2269.36605,2278.92673,9.56069,0.17214,-0.06395,3.20539,4,3.33209,3.20539,4,3.33209,54.78778,6.1137024,0.11158879,80142.198,68577.197,-142.198,11422.803,False,False,66.14777
423.36,TGO,THRUST,80001.814,29.5322877,0.7048858,108.58502,0.25711,-4.62451,2269.31904,2278.92786,9.60881,0.17284,-0.06427,3.84282,4,3.34765,3.84282,4,3.34765,54.80463,6.4787397,0.11821519,80166.712,68495.82,-166.712,11504.18,False,False,61.94571
423.54,TGO,THRUST,80001.066,29.5196482,0.6988775,122.30313,0.22634,-4.99083,2269.45819,2278.92906,9.47087,0.17014,-0.06335,4.47766,4,3.29815,4.47766,4,3.29815,54.82248,6.8503446,0.12495502,80195.215,68627.823,-195.215,11372.177,False,False,58.31158
423.7,TGO,THRUST,80000.29,29.5065338,0.6933896,141.88978,0.19359,-5.31047,2269.77958,2278.93033,9.15076,0.16413,-0.06121,5.07958,4,3.18504,5.07958,4,3.18504,54.84138,7.2073964,0.1314226,80226.809,68969.672,-226.809,11030.328,False,False,55.15628
423.86,TGO,THRUST,79999.487,29.493315,0.68865,170.71608,0.15984,-5.55941,2270.2807,2278.93165,8.65095,0.15485,-0.05788,5.62052,4,3.00927,5.62052,4,3.00927,54.86129,7.5263535,0.13718877,80260.721,69519.622,-260.721,10480.378,False,False,52.41521
424.02,TGO,THRUST,79998.67,29.4804016,0.6848078,214.98067,0.12626,-5.71501,2270.95266,2278.93301,7.98035,0.14249,-0.0534,6.0534,4,2.77404,6.0534,4,2.77404,54.88213,7.7678108,0.14153625,80296.007,70268.805,-296.007,9731.195,False,False,49.97181
424.16,TGO,THRUST,79997.854,29.4682303,0.6819147,287.12391,0.09417,-5.75597,2271.77685,2278.93438,7.15753,0.12739,-0.0479,6.0479,0,2.48591,6.0479,0,2.48591,54.90371,6.5388705,0.11909706,80331.392,71197.478,-331.392,8802.522,False,False,66.24611
424.32,TGO,THRUST,79997.054,29.4579618,0.6800323,403.21588,0.0669,-5.66622,2272.66075,2278.93574,6.27499,0.11176,-0.042,6.042,0,2.17731,6.042,0,2.17731,54.92288,6.4223412,0.1169338,80362.103,72202.486,-362.103,7797.514,False,False,60.91397
424.48,TGO,THRUST,79996.285,29.4502134,0.6789525,581.71051,0.04631,-5.47758,2273.50494,2278.93707,5.43213,0.09645,-0.03637,6.03637,0,1.88293,6.03637,0,1.88293,54.94095,6.3232235,0.11509126,80385.929,73169.345,-385.929,6830.655,False,False,56.02903
424.64,TGO,THRUST,79995.561,29.4439603,0.6782954,905.41201,0.02974,-5.19255,2274.36696,2278.93833,4.57137,0.08082,-0.03061,6.03061,0,1.58261,6.03061,0,1.58261,54.95874,6.2348154,0.11344538,80405.591,74163.171,-405.591,5836.829,False,False,51.67616
424.8,TGO,THRUST,79994.896,29.4391537,0.6779203,1575.4337,0.01709,-4.8165,2275.22627,2278.93951,3.71324,0.06524,-0.02487,6.02487,0,1.28352,6.02487,0,1.28352,54.97629,6.1600702,0.11204959,80420.687,75160.286,-420.687,4839.714,False,False,47.75202
424.96,TGO,THRUST,79994.301,29.435722,0.677721,3285.40917,0.00819,-4.35551,2276.06423,2278.94058,2.87635,0.05004,-0.01927,6.01927,0,0.99214,6.01927,0,0.99214,54.99361,6.1004859,0.11093081,80431.112,76138.807,-431.112,3861.193,False,False,44.17658
425.12,TGO,THRUST,79993.786,29.4336477,0.6776277,8898.37982,0.00303,-3.80934,2276.86103,2278.94153,2.08049,0.03559,-0.01394,6.01394,0,0.71542,6.01394,0,0.71542,55.01076,6.0563424,0.11009377,80435.567,77076.462,-435.567,2923.538,False,False,41.00036
425.28,TGO,THRUST,79993.364,29.4328882,0.6775983,18261.25894,0.00148,-3.1811,2277.59744,2278.94234,1.3449,0.02223,-0.00901,5.58403,0,0.46006,5.58403,0,0.46006,55.02779,5.6029476,0.10182033,80433.565,77950.732,-433.565,2049.268,False,False,37.81694
425.44,TGO,THRUST,79993.039,29.4331869,0.6776099,9485.90202,0.00284,-2.50704,2278.24982,2278.94298,0.69317,0.01055,-0.00465,5.05031,0,0.23421,5.05031,0,0.23421,55.04383,5.0557391,0.09184933,80433.621,78724.775,-433.621,1275.225,False,False,35.00744
425.6,TGO,THRUST,79992.812,29.4342186,0.6776545,4326.85591,0.00623,-1.83994,2278.78812,2278.94346,0.15535,0.00098,-0.00104,4.48742,0,0.04821,4.48742,0,0.04821,55.05841,4.4876837,0.08150769,80455.869,79342.28,-455.869,657.72,False,False,32.45506
425.76,TGO,THRUST,79992.69,29.4356586,0.6777273,2508.76372,0.01075,-1.2053,2279.21501,2278.94378,-0.27122,0,0.00182,3.92172,0,-0.09897,3.92172,0,-0.09897,55.07141,3.9229721,0.07123428,80547.301,79758.967,-547.301,241.033,False,False,30.61158
425.9,TGO,THRUST,79992.635,29.4370532,0.6778093,1789.12525,0.01507,-0.68671,2279.50657,2278.94394,-0.56263,0,0.00377,3.43598,0,-0.19922,3.43598,0,-0.19922,55.08145,3.4417545,0.06248482,80719.74,79934.069,-719.74,65.931,False,False,28.61466
426.04,TGO,THRUST,79992.64,29.4384084,0.6779,1398.20657,0.01929,-0.21717,2279.72736,2278.94399,-0.78337,0,0.00525,2.97572,0,-0.27491,2.97572,0,-0.27491,55.09024,2.9883882,0.05424532,80930.135,79987.234,-930.135,12.766,False,False,26.66225
426.2,TGO,THRUST,79992.712,29.4397942,0.6780038,1140.16481,0.02366,0.26131,2279.90949,2278.94392,-0.96556,0,0.00647,2.48181,0,-0.33707,2.48181,0,-0.33707,55.09896,2.5045927,0.04545626,81148.737,79986.462,-1148.737,13.538,False,False,24.57461
426.34,TGO,THRUST,79992.826,29.4408071,0.6780871,1001.76664,0.02694,0.63678,2280.01898,2278.94378,-1.07521,0,0.00721,2.07262,0,-0.37419,2.07262,0,-0.37419,55.10546,2.1061254,0.03821991,81302.322,79964.215,-1302.322,35.785,False,False,23.07059
426.48,TGO,THRUST,79992.98,29.4415663,0.6781536,914.56157,0.02951,0.95894,2280.08831,2278.94356,-1.14475,0,0.00768,1.70055,0,-0.39745,1.70055,0,-0.39745,55.11091,1.7463802,0.03168846,81415.733,79934.347,-1415.733,65.653,False,False,21.99764
426.62,TGO,THRUST,79993.167,29.4420988,0.6782026,858.08829,0.03145,1.23363,2280.12838,2278.94327,-1.1851,0,0.00795,1.36232,0,-0.41065,1.36232,0,-0.41065,55.11546,1.4228674,0.02581612,81496.882,79901.929,-1496.882,98.071,False,False,21.66598
426.78,TGO,THRUST,79993.413,29.4424755,0.6782385,817.07467,0.03303,1.4916,2280.14859,2278.94289,-1.2057,0,0.00808,1.0181,0,-0.41699,1.0181,0,-0.41699,55.11969,1.100191,0.01996004,81558.401,79865.669,-1558.401,134.331,False,False,22.71756
426.92,TGO,THRUST,79993.65,29.4426609,0.6782567,793.46782,0.03402,1.67785,2280.15123,2278.94251,-1.20872,0,0.0081,0.74684,0,-0.41743,0.74684,0,-0.41743,55.12262,0.8555744,0.01552129,81592.583,79835.699,-1592.583,164.301,False,False,25.78306
427.06,TGO,THRUST,79993.903,29.4427465,0.6782652,777.32599,0.03472,1.82256,2280.14566,2278.9421,-1.20356,0,0.00807,0.51041,0,-0.41513,0.51041,0,-0.41513,55.12489,0.6579177,0.01193504,81612.735,79810.005,-1612.735,189.995,False,False,31.75133
427.2,TGO,THRUST,79994.165,29.4427742,0.678268,765.28722,0.03527,1.93489,2280.13572,2278.94167,-1.19405,0,0.00801,0.30174,0,-0.41143,0.30174,0,-0.41143,55.12665,0.5102189,0.00925539,81623.623,79788.392,-1623.623,211.608,False,False,42.17905
427.36,TGO,THRUST,79994.469,29.4427765,0.6782682,753.68501,0.03581,2.03148,2280.12142,2278.94116,-1.18025,0,0.00791,0.09181,0,-0.40628,0.09181,0,-0.40628,55.12819,0.4165212,0.0075555,81627.953,79768.326,-1627.953,231.674,False,False,60.45502
427.5,TGO,THRUST,79994.736,29.4427796,0.6782685,743.75687,0.03629,2.09882,2280.10671,2278.94071,-1.166,0,0.00782,-0.07564,0,-0.40106,-0.07564,0,-0.40106,55.12928,0.4081327,0.00740319,81626.694,79753.227,-1626.694,246.773,False,False,78.79725
427.64,TGO,THRUST,79995,29.4427786,0.6782684,734.31201,0.03676,2.15562,2280.0895,2278.94027,-1.14923,0,0.00771,-0.23195,0,-0.395,-0.23195,0,-0.395,55.13029,0.458072,0.0083089,81621.156,79739.43,-1621.156,260.57,False,False,92.98329
427.78,TGO,THRUST,79995.258,29.4427684,0.6782674,725.60027,0.0372,2.2118,2280.06675,2278.93983,-1.12692,0,0.00756,-0.38603,0,-0.387,-0.38603,0,-0.387,55.13138,0.5466216,0.00991489,81610.213,79724.44,-1610.213,275.56,False,False,101.4431
427.94,TGO,THRUST,79995.547,29.4427383,0.6782642,716.87342,0.03765,2.28241,2280.0285,2278.93934,-1.08916,0,0.0073,-0.56595,0,-0.37355,-0.56595,0,-0.37355,55.13286,0.6781122,0.0122996,81587.309,79703.11,-1587.309,296.89,False,False,105.64494
428.08,TGO,THRUST,79995.794,29.4426923,0.6782593,710.42474,0.03799,2.34999,2279.97986,2278.93892,-1.04093,0,0.00698,-0.72686,0,-0.35645,-0.72686,0,-0.35645,55.13443,0.8095579,0.01468335,81554.282,79679.324,-1554.282,320.676,False,False,106.0437
428.22,TGO,THRUST,79996.037,29.4426156,0.678251,705.66749,0.03825,2.42431,2279.91066,2278.93851,-0.97215,0,0.00652,-0.89266,0,-0.33212,-0.89266,0,-0.33212,55.13633,0.9524439,0.01727434,81504.113,79648.159,-1504.113,351.841,False,False,104.52516
428.36,TGO,THRUST,79996.276,29.4424932,0.6782379,703.29968,0.03837,2.50096,2279.81811,2278.93811,-0.88,0,0.0059,-1.05922,0,-0.29962,-1.05922,0,-0.29962,55.13857,1.1007826,0.01996393,81434.728,79608.344,-1434.728,391.656,False,False,101.59772
428.52,TGO,THRUST,79996.547,29.4422724,0.678214,704.74791,0.03829,2.58543,2279.67991,2278.93765,-0.74226,0,0.00498,-1.24487,0,-0.25112,-1.24487,0,-0.25112,55.14156,1.269943,0.0230306,81329.994,79549.584,-1329.994,450.416,False,False,97.0012
428.66,TGO,THRUST,79996.781,29.4419904,0.6781837,710.63635,0.03797,2.64834,2279.53198,2278.93726,-0.59472,0,0.00399,-1.39506,0,-0.19927,-1.39506,0,-0.19927,55.14457,1.409222,0.02555504,81218.962,79485.347,-1218.962,514.653,False,False,92.09778
428.8,TGO,THRUST,79997.012,29.4415986,0.6781419,722.53279,0.03734,2.69519,2279.35596,2278.93687,-0.41909,0,0.00281,-1.52804,0,-0.13765,-1.52804,0,-0.13765,55.14794,1.5342244,0.02782016,81090.391,79405.167,-1090.391,594.833,False,False,86.60208
428.94,TGO,THRUST,79997.24,29.4410862,0.6780879,741.66853,0.03637,2.71757,2279.15757,2278.93648,-0.22109,0,0.00148,-1.63528,0,-0.06827,-1.63528,0,-0.06827,55.15163,1.6367035,0.02967643,80951.861,79308.294,-951.861,691.706,False,False,80.58291
429.1,TGO,THRUST,79997.527,29.4403445,0.6780115,774.47806,0.03482,2.70435,2278.91154,2278.93605,0.02451,-0.00015,-0.00016,-1.71723,0,0.01764,-1.71723,0,0.01764,55.15616,1.7173255,0.0311357,80791.124,79177.045,-791.124,822.955,False,False,71.8636
429.26,TGO,THRUST,79997.775,29.4394494,0.6779222,821.02457,0.03284,2.64296,2278.65992,2278.93563,0.2757,0.00438,-0.00185,-1.74879,0,0.10535,-1.74879,0,0.10535,55.16093,1.7519576,0.03176084,80640.021,79029.554,-640.021,970.446,False,False,63.96695
429.42,TGO,THRUST,79998.021,29.4383858,0.6778204,887.2506,0.03038,2.52788,2278.4204,2278.93521,0.51481,0.0087,-0.00345,-1.72484,0,0.18865,-1.72484,0,0.18865,55.16583,1.73513,0.03145298,80506.43,78879.011,-506.43,1120.989,False,False,55.97913
429.58,TGO,THRUST,79998.264,29.4371705,0.6777103,980.27978,0.02749,2.36089,2278.21532,2278.9348,0.71948,0.01241,-0.00482,-1.64817,0,0.25973,-1.64817,0,0.25973,55.17072,1.6685072,0.03024262,80395.065,78747.282,-395.065,1252.718,False,False,48.14823
429.74,TGO,THRUST,79998.501,29.435928,0.6776045,1098.8029,0.02452,2.15723,2278.05727,2278.9344,0.87712,0.01529,-0.00588,-1.53389,0,0.31422,-1.53389,0,0.31422,55.17546,1.5657398,0.02837746,80305.875,78649.358,-305.875,1350.642,False,False,40.5477
429.9,TGO,THRUST,79998.734,29.4348066,0.677515,1230.73653,0.02189,1.93527,2277.94799,2278.934,0.98601,0.0173,-0.00661,-1.3996,0,0.35159,-1.3996,0,0.35159,55.17994,1.4430895,0.02615243,80235.891,78590.232,-235.891,1409.768,False,False,33.38015
430.06,TGO,THRUST,79998.959,29.4339287,0.6774487,1350.73524,0.01994,1.70874,2277.88655,2278.93362,1.04707,0.01845,-0.00702,-1.25891,0,0.3722,-1.25891,0,0.3722,55.18409,1.3127825,0.02378915,80181.697,78572.196,-181.697,1427.804,False,False,26.74266
430.22,TGO,THRUST,79999.175,29.4332562,0.6774,1450.11367,0.01857,1.49176,2277.86539,2278.93324,1.06786,0.01887,-0.00716,-1.1251,0,0.37875,-1.1251,0,0.37875,55.18787,1.1871408,0.0215109,80140.325,78589.205,-140.325,1410.795,False,False,20.60521
430.38,TGO,THRUST,79999.381,29.4327479,0.6773643,1524.26064,0.01767,1.29245,2277.87571,2278.93289,1.05718,0.01872,-0.00708,-1.00548,0,0.37434,-1.00548,0,0.37434,55.19131,1.0729016,0.01943969,80108.962,78633.594,-108.962,1366.406,False,False,14.98105
430.54,TGO,THRUST,79999.574,29.4323744,0.6773385,1570.71438,0.01714,1.11404,2277.90943,2278.93255,1.02312,0.01815,-0.00686,-0.90268,0,0.36182,-0.90268,0,0.36182,55.19441,0.972496,0.01761947,80085.204,78698.158,-85.204,1301.842,False,False,10.07501
430.7,TGO,THRUST,79999.754,29.432109,0.6773204,1590.84987,0.01693,0.9569,2277.95972,2278.93224,0.97252,0.01727,-0.00652,-0.8166,0,0.34359,-0.8166,0,0.34359,55.19721,0.8859411,0.01605047,80067.145,78776.672,-67.145,1223.328,False,False,6.81794
430.86,TGO,THRUST,79999.921,29.4319274,0.677308,1588.95599,0.01695,0.81979,2278.02116,2278.93194,0.91078,0.01617,-0.0061,-0.74563,0,0.32152,-0.74563,0,0.32152,55.19977,0.8119971,0.01471015,80053.338,78864.159,-53.338,1135.841,False,False,7.25226
431.02,TGO,THRUST,80000.073,29.4318085,0.6772998,1570.58267,0.01715,0.70073,2278.08968,2278.93167,0.84199,0.01496,-0.00564,-0.68745,0,0.29704,-0.68745,0,0.29704,55.20211,0.7488838,0.01356622,80042.698,78956.857,-42.698,1043.143,False,False,10.681
431.18,TGO,THRUST,80000.21,29.431735,0.6772948,1541.19105,0.01747,0.59745,2278.1623,2278.93143,0.76913,0.01365,-0.00515,-0.63957,0,0.2712,-0.63957,0,0.2712,55.20426,0.6946937,0.01258406,80034.424,79052.027,-34.424,947.973,False,False,-14.99628
431.34,TGO,THRUST,80000.332,29.4316926,0.6772918,1505.41472,0.01789,0.50771,2278.23687,2278.93121,0.69434,0.01233,-0.00465,-0.59958,0,0.24472,-0.59958,0,0.24472,55.20625,0.6476018,0.01173059,80027.922,79147.711,-27.922,852.289,False,False,-19.43622
431.5,TGO,THRUST,80000.438,29.4316696,0.6772902,1466.83296,0.01836,0.42945,2278.31184,2278.93101,0.61917,0.01098,-0.00415,-0.56532,0,0.21815,-0.56532,0,0.21815,55.20811,0.6059509,0.01097576,80022.752,79242.516,-22.752,757.484,False,False,-23.7484
431.66,TGO,THRUST,80000.529,29.4316566,0.6772892,1428.03307,0.01886,0.36083,2278.3861,2278.93084,0.54474,0.00965,-0.00365,-0.53491,0,0.19187,-0.53491,0,0.19187,55.20984,0.5682764,0.01029303,80018.584,79335.432,-18.584,664.568,False,False,-27.81247
431.82,TGO,THRUST,80000.605,29.4316457,0.6772884,1390.79218,0.01937,0.30024,2278.45878,2278.9307,0.47192,0.00834,-0.00316,-0.50675,0,0.16618,-0.50675,0,0.16618,55.21147,0.533304,0.0096593,80015.172,79425.696,-15.172,574.304,False,False,-31.55466
431.98,TGO,THRUST,80000.665,29.4316306,0.6772873,1356.27336,0.01986,0.2463,2278.52921,2278.93058,0.40137,0.00708,-0.00269,-0.47956,0,0.1413,-0.47956,0,0.1413,55.21299,0.4999413,0.00905478,80012.326,79512.689,-12.326,487.311,False,False,-34.92815
432.14,TGO,THRUST,80000.712,29.431603,0.6772853,1325.74979,0.02032,0.19779,2278.59677,2278.93049,0.33372,0.00586,-0.00224,-0.45225,0,0.11746,-0.45225,0,0.11746,55.21442,0.4672564,0.00846258,80009.898,79595.82,-9.898,404.18,False,False,-37.91389
432.3,TGO,THRUST,80000.745,29.4315529,0.6772815,1300.61582,0.02071,0.15367,2278.66083,2278.93042,0.2696,0.00471,-0.00181,-0.42404,0,0.09487,-0.42404,0,0.09487,55.21576,0.4345236,0.00786956,80007.768,79674.458,-7.768,325.542,False,False,-40.50573
432.46,TGO,THRUST,80000.765,29.4314798,0.6772759,1280.41752,0.02104,0.1132,2278.72089,2278.93038,0.20949,0.00363,-0.0014,-0.39448,0,0.0737,-0.39448,0,0.0737,55.21701,0.4013009,0.0072677,80005.863,79748.091,-5.863,251.909,False,False,-42.70926
432.62,TGO,THRUST,80000.773,29.4313883,0.6772688,1263.96626,0.02131,0.0759,2278.77654,2278.93035,0.1538,0.00264,-0.00103,-0.36331,0,0.05409,-0.36331,0,0.05409,55.21816,0.3673131,0.00665203,80004.144,79816.27,-4.144,183.73,False,False,-44.53913
432.78,TGO,THRUST,80000.769,29.4312842,0.6772607,1250.04957,0.02155,0.04141,2278.82745,2278.93034,0.10289,0.00173,-0.00069,-0.33042,0,0.03615,-0.33042,0,0.03615,55.21922,0.3323951,0.00601955,80002.626,79878.57,-2.626,121.43,False,False,-46.02155
432.94,TGO,THRUST,80000.754,29.4311735,0.677252,1237.51589,0.02177,0.0095,2278.87333,2278.93036,0.05702,0.00091,-0.00038,-0.29582,0,0.01999,-0.29582,0,0.01999,55.22018,0.296496,0.00536934,80001.506,79934.453,-1.506,65.547,False,False,-47.20118
433.1,TGO,THRUST,80000.729,29.4310623,0.6772433,1225.33402,0.02198,-0.01995,2278.91396,2278.93039,0.01643,0.00019,-0.00011,-0.25963,0,0.00568,-0.25963,0,0.00568,55.22104,0.2596959,0.00470284,80003.149,79981.294,-3.149,18.706,False,False,-48.15348
433.26,TGO,THRUST,80000.699,29.4309558,0.6772349,1212.6624,0.02221,-0.04693,2278.94919,2278.93044,-0.01876,0,0.00013,-0.22213,0,-0.00672,-0.22213,0,-0.00672,55.2218,0.2222299,0.00402431,80031.584,79994.886,-31.584,5.114,False,False,-49.29547
433.4,TGO,THRUST,80000.663,29.4308687,0.6772279,1200.85186,0.02243,-0.06854,2278.97562,2278.93049,-0.04513,0,0.0003,-0.18847,0,-0.01603,-0.18847,0,-0.01603,55.22237,0.1891483,0.00342521,80063.361,79994.622,-63.361,5.378,False,False,-50.21492
433.56,TGO,THRUST,80000.615,29.4307818,0.6772209,1185.75164,0.02272,-0.09028,2279.00026,2278.93057,-0.06969,0,0.00047,-0.15007,0,-0.02469,-0.15007,0,-0.02469,55.22293,0.1520856,0.00275403,80093.831,79993.51,-93.831,6.49,False,False,-51.70812
433.7,TGO,THRUST,80000.567,29.4307154,0.6772156,1171.43184,0.023,-0.10725,2279.01787,2278.93064,-0.08723,0,0.00058,-0.11633,0,-0.03089,-0.11633,0,-0.03089,55.22333,0.1203574,0.00217947,80115.908,79992.403,-115.908,7.597,False,False,-54.17548
433.84,TGO,THRUST,80000.516,29.4306621,0.6772112,1155.59107,0.02331,-0.1215,2279.03137,2278.93072,-0.10065,0,0.00067,-0.08367,0,-0.03563,-0.08367,0,-0.03563,55.22365,0.0909436,0.00164682,80133.018,79991.346,-133.018,8.654,False,False,-58.84501
433.98,TGO,THRUST,80000.462,29.430622,0.6772079,1138.33662,0.02366,-0.1332,2279.04145,2278.93081,-0.11064,0,0.00074,-0.05238,0,-0.03917,-0.05238,0,-0.03917,55.22389,0.0654017,0.0011843,80145.936,79990.387,-145.936,9.613,False,False,-68.47653
434.14,TGO,THRUST,80000.4,29.4305903,0.6772053,1117.34608,0.02411,-0.14344,2279.04935,2278.93092,-0.11843,0,0.00079,-0.01901,0,-0.04193,-0.01901,0,-0.04193,55.22409,0.0460396,0.00083369,80156.203,79989.462,-156.203,10.538,False,False,-91.72607
434.28,TGO,THRUST,80000.348,29.4305698,0.6772036,1098.67241,0.02452,-0.15042,2279.05404,2278.93101,-0.12304,0,0.00082,0.00806,0,-0.04357,0.00806,0,-0.04357,55.22422,0.0443073,0.00080232,80162.423,79988.766,-162.423,11.234,False,False,-120.75328
434.42,TGO,THRUST,80000.299,29.4305532,0.6772022,1080.11078,0.02494,-0.15603,2279.05727,2278.93109,-0.12618,0,0.00085,0.03284,0,-0.04469,0.03284,0,-0.04469,55.22433,0.0554543,0.00100416,80166.805,79988.151,-166.805,11.849,False,False,-139.90989
434.56,TGO,THRUST,80000.254,29.4305345,0.6772006,1062.43533,0.02535,-0.16219,2279.06006,2278.93117,-0.12889,0,0.00086,0.05641,0,-0.04566,0.05641,0,-0.04566,55.22446,0.0725716,0.00131412,80170.789,79987.409,-170.789,12.591,False,False,-147.54828
434.72,TGO,THRUST,80000.209,29.430504,0.677198,1043.98983,0.0258,-0.1717,2279.06308,2278.93126,-0.13182,0,0.00088,0.0856,0,-0.04671,0.0856,0,-0.04671,55.22465,0.0975132,0.00176575,80175.533,79986.132,-175.533,13.868,False,False,-149.71189
434.86,TGO,THRUST,80000.186,29.430467,0.6771947,1029.55879,0.02616,-0.18265,2279.06507,2278.93131,-0.13377,0,0.0009,0.1075,0,-0.04743,0.1075,0,-0.04743,55.22487,0.1174982,0.00212763,80179.446,79984.5,-179.446,15.5,False,False,-147.57261
435,TGO,THRUST,80000.176,29.4304161,0.6771902,1017.07009,0.02648,-0.19693,2279.06587,2278.93134,-0.13454,0,0.0009,0.12839,0,-0.04775,0.12839,0,-0.04775,55.22515,0.1369807,0.0024804,80182.683,79982.116,-182.683,17.884,False,False,-143.84275
435.14,TGO,THRUST,80000.181,29.4303522,0.6771845,1006.29754,0.02677,-0.21382,2279.0646,2278.93134,-0.13326,0,0.00089,0.14672,0,-0.04736,0.14672,0,-0.04736,55.22547,0.1541719,0.00279168,80184.286,79978.883,-184.286,21.117,False,False,-138.90443
435.3,TGO,THRUST,80000.207,29.4302617,0.6771764,996.14808,0.02704,-0.23564,2279.0595,2278.93132,-0.12818,0,0.00086,0.16293,0,-0.04565,0.16293,0,-0.04565,55.2259,0.1692006,0.00306379,80183.033,79973.9,-183.033,26.1,False,False,-132.22329
435.44,TGO,THRUST,80000.248,29.4301689,0.6771681,988.86215,0.02724,-0.2555,2279.05117,2278.93126,-0.1199,0,0.0008,0.17116,0,-0.04282,0.17116,0,-0.04282,55.2263,0.1764326,0.00319472,80178.556,79968.294,-178.556,31.706,False,False,-125.70252
435.58,TGO,THRUST,80000.306,29.4300669,0.6771588,982.66043,0.02741,-0.27518,2279.03883,2278.93118,-0.10765,0,0.00072,0.17283,0,-0.0386,0.17283,0,-0.0386,55.22673,0.1770888,0.00320658,80170.705,79961.269,-170.705,38.731,False,False,-118.74762
435.72,TGO,THRUST,80000.381,29.4299638,0.6771494,976.66132,0.02758,-0.29316,2279.02287,2278.93108,-0.0918,0,0.00062,0.16651,0,-0.03311,0.16651,0,-0.03311,55.22717,0.1697729,0.00307408,80159.94,79952.824,-159.94,47.176,False,False,-111.4155
435.88,TGO,THRUST,80000.484,29.4298549,0.6771395,968.99034,0.0278,-0.31009,2279.00133,2278.93092,-0.07041,0,0.00047,0.14834,0,-0.02568,0.14834,0,-0.02568,55.22765,0.1505481,0.00272596,80145.257,79941.597,-145.257,58.403,False,False,-102.6257
436.02,TGO,THRUST,80000.589,29.4297752,0.6771321,960.81687,0.02803,-0.32082,2278.98104,2278.93075,-0.05029,0,0.00034,0.1226,0,-0.01868,0.1226,0,-0.01868,55.22804,0.1240133,0.00224548,80131.662,79930.801,-131.662,69.199,False,False,-94.60542
436.16,TGO,THRUST,80000.704,29.429717,0.6771267,950.67631,0.02833,-0.32721,2278.96169,2278.93057,-0.03112,0,0.00021,0.08807,0,-0.01199,0.08807,0,-0.01199,55.22836,0.0888776,0.00160927,80119.019,79920.169,-119.019,79.831,False,False,-86.12853
436.3,TGO,THRUST,80000.824,29.4296817,0.6771235,938.54865,0.0287,-0.32972,2278.94521,2278.93037,-0.01483,0,0.0001,0.04649,0,-0.0063,0.04649,0,-0.0063,55.22861,0.0469106,0.00084939,80108.448,79910.876,-108.448,89.124,False,False,-76.62721
436.46,TGO,THRUST,80000.961,29.4296666,0.677122,922.72879,0.02919,-0.32933,2278.93239,2278.93014,-0.00225,0,2E-05,-0.00579,0,-0.00189,-0.00579,0,-0.00189,55.22876,0.0060928,0.00011032,80100.183,79903.634,-100.183,96.366,False,False,88.5538
436.6,TGO,THRUST,80001.085,29.4296676,0.6771221,908.04399,0.02966,-0.32788,2278.92657,2278.92995,0.00338,6E-05,-2E-05,-0.05095,0,8E-05,-0.05095,0,8E-05,55.22881,0.0509463,0.00092246,80096.205,79900.48,-96.205,99.52,False,False,117.37218
436.76,TGO,THRUST,80001.184,29.4296762,0.677123,891.17653,0.03022,-0.3252,2278.92255,2278.92975,0.0072,0.00011,-5E-05,-0.09688,0,0.00143,-0.09688,0,0.00143,55.22892,0.0968925,0.00175438,80092.994,79898.688,-92.994,101.312,False,False,127.94575
436.92,TGO,THRUST,80001.253,29.4297053,0.6771258,873.21159,0.03084,-0.31742,2278.91379,2278.92961,0.01582,0.00025,-0.00011,-0.13746,0,0.00447,-0.13746,0,0.00447,55.22916,0.1375346,0.00249025,80085.751,79895.26,-85.751,104.74,False,False,137.66797
437.08,TGO,THRUST,80001.295,29.4297653,0.6771318,853.49589,0.03156,-0.30321,2278.90237,2278.92951,0.02714,0.00044,-0.00018,-0.17364,0,0.00848,-0.17364,0,0.00848,55.22952,0.1738519,0.00314781,80075.636,79891.546,-75.636,108.454,False,False,145.79669
437.24,TGO,THRUST,80001.31,29.4298612,0.6771414,831.9215,0.03237,-0.28248,2278.8908,2278.92945,0.03866,0.00064,-0.00026,-0.20606,0,0.01258,-0.20606,0,0.01258,55.22998,0.2064474,0.00373796,80064.195,79888.986,-64.195,111.014,False,False,151.5849
437.4,TGO,THRUST,80001.303,29.429995,0.6771551,808.68799,0.0333,-0.25566,2278.88119,2278.92944,0.04825,0.0008,-0.00032,-0.23533,0,0.01603,-0.23533,0,0.01603,55.23054,0.2358771,0.00427077,80052.62,79888.925,-52.62,111.075,False,False,154.28151
437.56,TGO,THRUST,80001.275,29.4301539,0.6771718,785.01534,0.03431,-0.22344,2278.8736,2278.92947,0.05587,0.00092,-0.00037,-0.26198,0,0.01881,-0.26198,0,0.01881,55.23119,0.2626562,0.00475558,80041.108,79891.218,-41.108,108.782,False,False,153.2749
437.72,TGO,THRUST,80001.224,29.4303418,0.6771918,760.84167,0.0354,-0.18654,2278.86964,2278.92953,0.05989,0.00099,-0.0004,-0.28518,0,0.02034,-0.28518,0,0.02034,55.23191,0.2858993,0.00517634,80030.365,79897.103,-30.365,102.897,False,False,148.86642
437.88,TGO,THRUST,80001.149,29.4305687,0.6772166,735.78563,0.03661,-0.14635,2278.87187,2278.92963,0.05776,0.00094,-0.00039,-0.30297,0,0.01973,-0.30297,0,0.01973,55.2327,0.3036092,0.00549691,80021.177,79908.841,-21.177,91.159,False,False,142.21734
438.04,TGO,THRUST,80001.049,29.430835,0.6772464,710.14144,0.03793,-0.10495,2278.88181,2278.92977,0.04796,0.00076,-0.00032,-0.31281,0,0.01643,-0.31281,0,0.01643,55.23354,0.3132451,0.00567128,80013.864,79927.937,-13.864,72.063,False,False,134.31723
438.2,TGO,THRUST,80000.925,29.4311345,0.6772807,684.50532,0.03935,-0.0651,2278.90024,2278.92995,0.02971,0.00042,-0.0002,-0.31177,0,0.01018,-0.31177,0,0.01018,55.23441,0.3119345,0.00564747,80008.65,79955.094,-8.65,44.906,False,False,125.80696
438.36,TGO,THRUST,80000.778,29.4314542,0.6773184,659.6845,0.04084,-0.02996,2278.92685,2278.93018,0.00333,-5E-05,-2E-05,-0.29704,0,0.00106,-0.29704,0,0.00106,55.23529,0.2970449,0.00537781,80007.036,79988.434,-7.036,11.566,False,False,117.1289
438.52,TGO,THRUST,80000.633,29.4317739,0.677357,636.59386,0.04232,-0.0024,2278.95978,2278.93044,-0.02934,0,0.0002,-0.2667,0,-0.01028,-0.2667,0,-0.01028,55.23614,0.2668935,0.00483186,80034.485,80000.28,-34.485,-0.28,False,False,110.00816
438.66,TGO,THRUST,80000.476,29.4320356,0.6773893,618.42975,0.04357,0.01404,2278.99133,2278.93069,-0.06064,0,0.00041,-0.22699,0,-0.02118,-0.22699,0,-0.02118,55.23682,0.2279716,0.00412717,80072.383,80000.052,-72.383,-0.052,False,False,103.3274
438.8,TGO,THRUST,80000.312,29.4322607,0.6774177,602.72608,0.04471,0.02284,2279.02213,2278.93096,-0.09118,0,0.00061,-0.17586,0,-0.03184,-0.17586,0,-0.03184,55.23741,0.1787172,0.00323544,80109.344,79999.872,-109.344,0.128,False,False,98.13944
438.96,TGO,THRUST,80000.121,29.432459,0.6774432,587.95157,0.04583,0.02494,2279.05284,2278.93128,-0.12156,0,0.00081,-0.10685,0,-0.04246,-0.10685,0,-0.04246,55.23795,0.114981,0.00208156,80145.967,79999.922,-145.967,0.078,False,False,97.44293
439.1,TGO,THRUST,79999.956,29.4325803,0.677459,577.51642,0.04666,0.02202,2279.07403,2278.93156,-0.14248,0,0.00096,-0.0415,0,-0.04979,-0.0415,0,-0.04979,55.23827,0.0648183,0.00117343,80171.151,80000.053,-171.151,-0.053,False,False,114.10332
439.24,TGO,THRUST,79999.8,29.432648,0.677468,569.3432,0.04733,0.01757,2279.08746,2278.93183,-0.15563,0,0.00104,0.02349,0,-0.05441,0.02349,0,-0.05441,55.23847,0.0592669,0.00107293,80187.082,80000.161,-187.082,-0.161,False,False,158.10177
439.38,TGO,THRUST,79999.658,29.4326839,0.6774728,562.50343,0.04791,0.01298,2279.09577,2278.93208,-0.16369,0,0.0011,0.08461,0,-0.05725,0.08461,0,-0.05725,55.23862,0.102157,0.00184938,80196.944,80000.234,-196.944,-0.234,False,False,160.60978
439.54,TGO,THRUST,79999.519,29.4327184,0.6774774,555.1068,0.04855,0.0045,2279.10554,2278.93233,-0.17321,0,0.00116,0.15004,0,-0.06061,0.15004,0,-0.06061,55.23887,0.1618199,0.00292946,80208.545,80000.303,-208.545,-0.303,False,False,162.96423
439.68,TGO,THRUST,79999.424,29.4327455,0.6774811,548.89522,0.0491,-0.00933,2279.11621,2278.93252,-0.18369,0,0.00123,0.20478,0,-0.06432,0.20478,0,-0.06432,55.23923,0.2146436,0.00388571,80221.308,80000.277,-221.308,-0.277,False,False,-168.89028
439.82,TGO,THRUST,79999.352,29.432764,0.6774836,543.09947,0.04962,-0.03186,2279.12821,2278.93266,-0.19555,0,0.00131,0.25925,0,-0.06855,0.25925,0,-0.06855,55.23973,0.2681558,0.0048544,80235.982,79999.925,-235.982,0.075,False,False,175.9029
439.96,TGO,THRUST,79999.302,29.432763,0.6774835,538.04704,0.05009,-0.06296,2279.13889,2278.93276,-0.20613,0,0.00138,0.31356,0,-0.07236,0.31356,0,-0.07236,55.24035,0.3217983,0.00582542,80249.747,79998.887,-249.747,1.113,False,False,175.53059
440.12,TGO,THRUST,79999.271,29.4327353,0.6774796,533.2222,0.05054,-0.10892,2279.14792,2278.93284,-0.21508,0,0.00144,0.3763,0,-0.07564,0.3763,0,-0.07564,55.24122,0.3838236,0.00694814,80263.086,79996.268,-263.086,3.732,False,False,166.18042
440.26,TGO,THRUST,79999.268,29.4326915,0.6774735,529.67768,0.05088,-0.15692,2279.151,2278.93287,-0.21813,0,0.00146,0.43039,0,-0.07687,0.43039,0,-0.07687,55.24212,0.4372031,0.00791431,80270.795,79992.164,-270.795,7.836,False,False,157.26403
440.4,TGO,THRUST,79999.29,29.4326083,0.6774617,527.38809,0.0511,-0.21284,2279.14563,2278.93285,-0.21277,0,0.00143,0.48358,0,-0.07518,0.48358,0,-0.07518,55.24316,0.489385,0.00885874,80271.096,79985.349,-271.096,14.651,False,False,148.04161
440.54,TGO,THRUST,79999.336,29.432477,0.6774431,526.59574,0.05117,-0.27362,2279.12856,2278.9328,-0.19575,0,0.00131,0.53238,0,-0.06943,0.53238,0,-0.06943,55.24433,0.5368884,0.00971844,80261.262,79974.669,-261.262,25.331,False,False,138.63947
440.7,TGO,THRUST,79999.418,29.4322709,0.6774139,527.41639,0.05109,-0.34468,2279.09129,2278.93269,-0.1586,0,0.00106,0.57862,0,-0.05667,0.57862,0,-0.05667,55.24581,0.5813838,0.01052358,80235.953,79955.292,-235.953,44.708,False,False,127.84887
440.84,TGO,THRUST,79999.512,29.4320513,0.6773828,529.36065,0.0509,-0.40245,2279.04247,2278.93255,-0.10992,0,0.00074,0.60577,0,-0.03982,0.60577,0,-0.03982,55.24721,0.6070823,0.01098847,80203.546,79929.215,-203.546,70.785,False,False,118.45728
440.98,TGO,THRUST,79999.622,29.4317996,0.6773473,532.3328,0.05061,-0.452,2278.97884,2278.93238,-0.04646,0,0.00031,0.61776,0,-0.01778,0.61776,0,-0.01778,55.24869,0.6180167,0.01118609,80166.088,79890.488,-166.088,109.512,False,False,109.22889
441.12,TGO,THRUST,79999.761,29.4315295,0.6773093,535.93075,0.05027,-0.48846,2278.90386,2278.93219,0.02832,0.00029,-0.00019,0.61133,0,0.00828,0.61133,0,0.00828,55.2502,0.6113871,0.01106579,80130.097,79836.727,-130.097,163.273,False,False,98.60647
441.28,TGO,THRUST,79999.908,29.4312186,0.6772657,540.18754,0.04987,-0.51015,2278.81028,2278.93195,0.12166,0.00198,-0.00082,0.57995,0,0.04087,0.57995,0,0.04087,55.25193,0.5813841,0.01052242,80096.008,79758.83,-96.008,241.17,False,False,88.75375
441.44,TGO,THRUST,80000.053,29.4309294,0.6772254,543.80914,0.04953,-0.50914,2278.71633,2278.9317,0.21537,0.00369,-0.00144,0.52449,0,0.07367,0.52449,0,0.07367,55.25359,0.5296415,0.00958565,80070.244,79672.17,-70.244,327.83,False,False,79.60187
441.6,TGO,THRUST,80000.186,29.4306846,0.6771914,546.00501,0.04932,-0.4875,2278.63049,2278.93146,0.30098,0.00526,-0.00202,0.45033,0,0.10371,0.45033,0,0.10371,55.25512,0.4621163,0.00836332,80051.176,79588.512,-51.176,411.488,False,False,71.49998
441.76,TGO,THRUST,80000.299,29.4304993,0.6771656,546.24128,0.0493,-0.45049,2278.55946,2278.93125,0.37179,0.00656,-0.00249,0.36611,0,0.12862,0.36611,0,0.12862,55.25647,0.3880481,0.00702267,80037.126,79517.539,-37.126,482.461,False,False,64.99644
441.92,TGO,THRUST,80000.381,29.4303774,0.6771487,544.37271,0.04947,-0.40438,2278.50744,2278.93108,0.42364,0.00753,-0.00284,0.28203,0,0.14692,0.28203,0,0.14692,55.25761,0.3180064,0.00575498,80026.843,79465.505,-26.843,534.495,False,False,60.79657
442.08,TGO,THRUST,80000.427,29.4303288,0.6771419,540.11791,0.04986,-0.35615,2278.47449,2278.93096,0.45647,0.00815,-0.00306,0.20838,0,0.15857,0.20838,0,0.15857,55.25856,0.2618509,0.00473865,80019.471,79433.346,-19.471,566.654,False,False,58.82873
442.24,TGO,THRUST,80000.438,29.4303261,0.6771415,534.45828,0.05038,-0.31151,2278.45657,2278.93091,0.47434,0.00849,-0.00318,0.15161,0,0.16498,0.15161,0,0.16498,55.25933,0.2240607,0.00405471,80014.304,79416.923,-14.304,583.077,False,False,57.82115
442.4,TGO,THRUST,80000.415,29.4303483,0.6771446,528.13618,0.05099,-0.27206,2278.44928,2278.93091,0.48163,0.00863,-0.00323,0.11293,0,0.16766,0.11293,0,0.16766,55.25999,0.2021445,0.00365806,80010.642,79411.711,-10.642,588.289,False,False,55.73453
442.56,TGO,THRUST,80000.363,29.4303854,0.67715,521.51016,0.05163,-0.23718,2278.44945,2278.93097,0.48152,0.00864,-0.00323,0.09074,0,0.16774,0.09074,0,0.16774,55.26058,0.1907065,0.00345104,80007.952,79414.435,-7.952,585.565,False,False,50.95726
442.72,TGO,THRUST,80000.285,29.4304315,0.6771567,514.77797,0.05231,-0.20588,2278.45548,2278.93107,0.4756,0.00854,-0.00319,0.08277,0,0.16577,0.08277,0,0.16577,55.26112,0.1852863,0.00335292,80005.909,79423.517,-5.909,576.483,False,False,42.95228
442.88,TGO,THRUST,80000.188,29.4304823,0.6771641,508.07822,0.053,-0.17775,2278.46674,2278.93122,0.46448,0.00833,-0.00311,0.08682,0,0.16197,0.08682,0,0.16197,55.26165,0.1837731,0.00332551,80004.341,79438.392,-4.341,561.608,False,False,31.99989
443.04,TGO,THRUST,80000.076,29.4305355,0.677172,501.48454,0.0537,-0.1527,2278.4825,2278.93139,0.44889,0.00806,-0.00301,0.10053,0,0.1566,0.10053,0,0.1566,55.26217,0.1860896,0.0033674,80003.138,79458.281,-3.138,541.719,False,False,-18.9602
443.2,TGO,THRUST,79999.956,29.4305894,0.6771801,495.03984,0.0544,-0.1306,2278.50211,2278.93159,0.42948,0.0077,-0.00288,0.12161,0,0.14988,0.12161,0,0.14988,55.26269,0.1930114,0.00349262,80002.217,79482.486,-2.217,517.514,False,False,-6.52071
443.36,TGO,THRUST,79999.832,29.4306424,0.6771881,488.78366,0.0551,-0.1113,2278.52532,2278.93179,0.40647,0.00728,-0.00272,0.14797,0,0.14189,0.14797,0,0.14189,55.26323,0.2050115,0.00370973,80001.518,79510.783,-1.518,489.217,False,False,-12.75638
443.52,TGO,THRUST,79999.708,29.4306928,0.6771959,482.7508,0.05579,-0.09469,2278.5522,2278.932,0.37979,0.0068,-0.00255,0.17779,0,0.13261,0.17779,0,0.13261,55.2638,0.2217964,0.00401341,80000.995,79543.306,-0.995,456.694,False,False,-26.40428
443.68,TGO,THRUST,79999.588,29.4307386,0.6772029,476.98292,0.05646,-0.08075,2278.58305,2278.9322,0.34916,0.00624,-0.00234,0.20964,0,0.12193,0.20964,0,0.12193,55.26441,0.2425223,0.0043884,80000.616,79580.409,-0.616,419.591,False,False,-39.44925
443.84,TGO,THRUST,79999.474,29.430777,0.6772089,471.53897,0.05712,-0.06963,2278.61814,2278.9324,0.31426,0.0056,-0.00211,0.2426,0,0.10976,0.2426,0,0.10976,55.26508,0.2662718,0.00481808,80000.364,79622.47,-0.364,377.53,False,False,-51.3665
444,TGO,THRUST,79999.367,29.4308039,0.6772132,466.49923,0.05773,-0.06165,2278.65769,2278.93259,0.2749,0.00488,-0.00184,0.27616,0,0.09601,0.27616,0,0.09601,55.26581,0.2923721,0.00529029,80000.235,79669.734,-0.235,330.266,False,False,-62.11557
444.16,TGO,THRUST,79999.269,29.4308143,0.6772148,461.96402,0.0583,-0.05715,2278.70177,2278.93276,0.23099,0.00407,-0.00155,0.31015,0,0.08066,0.31015,0,0.08066,55.26662,0.320467,0.00579856,80000.248,79722.262,-0.248,277.738,False,False,-71.75677
444.32,TGO,THRUST,79999.18,29.4308022,0.6772129,458.05194,0.0588,-0.05647,2278.75033,2278.93292,0.18259,0.00319,-0.00122,0.34461,0,0.06372,0.34461,0,0.06372,55.2675,0.3504555,0.00634108,80000.484,79779.919,-0.484,220.081,False,False,-80.35769
444.48,TGO,THRUST,79999.101,29.4307605,0.6772061,454.9008,0.05921,-0.05991,2278.80324,2278.93306,0.12982,0.00222,-0.00087,0.37971,0,0.04524,0.37971,0,0.04524,55.26847,0.3823965,0.00691889,80001.217,79842.285,-1.217,157.715,False,False,-87.96469
444.64,TGO,THRUST,79999.03,29.4306809,0.6771932,452.67177,0.0595,-0.06765,2278.86036,2278.93319,0.07283,0.00118,-0.00049,0.41565,0,0.02526,0.41565,0,0.02526,55.26952,0.4164219,0.00753439,80003.638,79907.975,-3.638,92.025,False,False,-94.5973
444.8,TGO,THRUST,79998.968,29.4305543,0.6771726,451.55698,0.05965,-0.0798,2278.92148,2278.9333,0.01182,6E-05,-8E-05,0.45265,0,0.00387,0.45265,0,0.00387,55.27068,0.4526664,0.00818999,80017.049,79967.468,-17.049,32.532,False,False,-100.2503
444.96,TGO,THRUST,79998.921,29.4303697,0.6771425,451.79062,0.05962,-0.09634,2278.98641,2278.9334,-0.05301,0,0.00036,0.49084,0,-0.01888,0.49084,0,-0.01888,55.27192,0.4912064,0.00888709,80073.874,79988.086,-73.874,11.914,False,False,-104.67169
445.12,TGO,THRUST,79998.874,29.4301152,0.6771009,453.66396,0.05937,-0.11713,2279.05489,2278.93349,-0.1214,0,0.00081,0.53027,0,-0.04288,0.53027,0,-0.04288,55.27328,0.5320037,0.00962497,80152.474,79991.16,-152.474,8.84,False,False,-108.36909
445.26,TGO,THRUST,79998.838,29.4298251,0.6770538,456.91937,0.05894,-0.13854,2279.11731,2278.93355,-0.18376,0,0.00123,0.56564,0,-0.06478,0.56564,0,-0.06478,55.27456,0.5693411,0.01030024,80226.501,79991.593,-226.501,8.407,False,False,-110.71573
445.4,TGO,THRUST,79998.809,29.429459,0.6769946,462.07661,0.05828,-0.16282,2279.18233,2278.93361,-0.24872,0,0.00167,0.6018,0,-0.0876,0.6018,0,-0.0876,55.27594,0.6081433,0.01100195,80304.294,79991.353,-304.294,8.647,False,False,-112.21944
445.54,TGO,THRUST,79998.778,29.4290084,0.6769225,469.48018,0.05736,-0.18936,2279.24908,2278.93366,-0.31542,0,0.00211,0.6387,0,-0.11103,0.6387,0,-0.11103,55.27741,0.6482804,0.01172776,80384.488,79990.776,-384.488,9.224,False,False,-112.84222
445.7,TGO,THRUST,79998.755,29.4283756,0.6768228,481.36158,0.05594,-0.22174,2279.3269,2278.93371,-0.39319,0,0.00264,0.68236,0,-0.13836,0.68236,0,-0.13836,55.27921,0.6962462,0.01259508,80478.176,79989.882,-478.176,10.118,False,False,-112.45932
445.84,TGO,THRUST,79998.741,29.4277102,0.6767198,495.40845,0.05434,-0.25064,2279.39485,2278.93374,-0.46111,0,0.00309,0.71689,0,-0.16223,0.71689,0,-0.16223,55.2809,0.73502,0.01329609,80560.094,79989.016,-560.094,10.984,False,False,-111.25923
445.98,TGO,THRUST,79998.732,29.4269151,0.6765996,514.23789,0.05235,-0.27903,2279.46211,2278.93375,-0.52835,0,0.00354,0.74916,0,-0.18586,0.74916,0,-0.18586,55.28268,0.7718742,0.01396232,80641.172,79988.152,-641.172,11.848,False,False,-109.33374
446.12,TGO,THRUST,79998.727,29.4259927,0.6764644,538.82086,0.04995,-0.30537,2279.52671,2278.93377,-0.59295,0,0.00397,0.77782,0,-0.20856,0.77782,0,-0.20856,55.28456,0.8052912,0.01456629,80718.998,79987.374,-718.998,12.626,False,False,-106.77003
446.28,TGO,THRUST,79998.726,29.4247886,0.6762947,575.70466,0.04674,-0.33147,2279.59595,2278.93377,-0.66218,0,0.00444,0.80475,0,-0.23287,0.80475,0,-0.23287,55.28681,0.8377653,0.01515308,80802.242,79986.675,-802.242,13.325,False,False,-103.17571
446.42,TGO,THRUST,79998.73,29.4236223,0.676138,617.3986,0.04357,-0.34938,2279.65107,2278.93377,-0.71729,0,0.00481,0.8218,0,-0.25222,0.8218,0,-0.25222,55.28885,0.8596388,0.01554814,80868.308,79986.304,-868.308,13.696,False,False,-99.53498
446.56,TGO,THRUST,79998.738,29.4223573,0.6759767,670.82087,0.04009,-0.36162,2279.70058,2278.93376,-0.76682,0,0.00514,0.83165,0,-0.2696,0.83165,0,-0.2696,55.29095,0.8742584,0.01581196,80927.399,79986.214,-927.399,13.786,False,False,-95.5009
446.7,TGO,THRUST,79998.751,29.4210176,0.6758159,739.22562,0.03638,-0.36706,2279.74347,2278.93374,-0.80973,0,0.00543,0.83301,0,-0.28464,0.83301,0,-0.28464,55.2931,0.880294,0.0159205,80978.236,79986.454,-978.236,13.546,False,False,-91.12104
446.86,TGO,THRUST,79998.772,29.4194251,0.6756382,842.0378,0.03193,-0.36374,2279.78354,2278.93371,-0.84983,0,0.0057,0.82276,0,-0.29866,0.82276,0,-0.29866,55.29558,0.8752883,0.01582926,81025.196,79987.167,-1025.196,12.833,False,False,-85.74025
447,TGO,THRUST,79998.797,29.4180091,0.6754928,961.42408,0.02796,-0.35174,2279.81025,2278.93368,-0.87658,0,0.00588,0.80252,0,-0.30798,0.80252,0,-0.30798,55.29774,0.8595897,0.01554475,81055.93,79988.174,-1055.93,11.826,False,False,-80.73615
447.14,TGO,THRUST,79998.828,29.4166039,0.67536,1119.07088,0.02401,-0.33094,2279.82899,2278.93363,-0.89536,0,0.006,0.77126,0,-0.31448,0.77126,0,-0.31448,55.29987,0.832913,0.01506175,81076.81,79989.503,-1076.81,10.497,False,False,-75.48133
447.28,TGO,THRUST,79998.866,29.4152416,0.6752423,1330.12159,0.0202,-0.30145,2279.83986,2278.93358,-0.90629,0,0.00608,0.72898,0,-0.31821,0.72898,0,-0.31821,55.30195,0.7954042,0.01438293,81088.056,79991.077,-1088.056,8.923,False,False,-70.00096
447.44,TGO,THRUST,79998.917,29.4137792,0.6751281,1665.20949,0.01613,-0.25794,2279.84324,2278.9335,-0.90974,0,0.0061,0.66794,0,-0.31927,0.66794,0,-0.31927,55.30422,0.7403219,0.01338635,81089.957,79993.033,-1089.957,6.967,False,False,-63.50639
447.58,TGO,THRUST,79998.968,29.4126062,0.6750455,2081.57252,0.0129,-0.21224,2279.83914,2278.93342,-0.90572,0,0.00607,0.60441,0,-0.31771,0.60441,0,-0.31771,55.30608,0.6828265,0.01234632,81083.219,79994.732,-1083.219,5.268,False,False,-57.69476
447.72,TGO,THRUST,79999.024,29.4115716,0.6749793,2657.0371,0.01011,-0.16157,2279.8296,2278.93333,-0.89628,0,0.00601,0.53382,0,-0.31424,0.53382,0,-0.31424,55.30781,0.6194398,0.01119986,81070.202,79996.236,-1070.202,3.764,False,False,-51.89552
447.86,TGO,THRUST,79999.084,29.4106856,0.6749273,3452.7357,0.00778,-0.10758,2279.81589,2278.93323,-0.88265,0,0.00592,0.4582,0,-0.30929,0.4582,0,-0.30929,55.30938,0.5528147,0.00999495,81052.546,79997.41,-1052.546,2.59,False,False,-46.40578
448.02,TGO,THRUST,79999.151,29.4098748,0.6748834,4670.23963,0.00575,-0.04356,2279.79743,2278.93312,-0.86431,0,0.00579,0.36864,0,-0.30265,0.36864,0,-0.30265,55.31099,0.4769639,0.00862331,81029.621,79998.213,-1029.621,1.787,False,False,-41.35252
448.16,TGO,THRUST,79999.204,29.4093428,0.6748565,5921.66019,0.00453,0.01404,2279.7807,2278.93302,-0.84768,0,0.00568,0.28986,0,-0.29664,0.28986,0,-0.29664,55.31222,0.4147495,0.00749833,81009.473,79998.358,-1009.473,1.642,False,False,-39.08365
448.3,TGO,THRUST,79999.252,29.4089703,0.6748383,7023.0008,0.00382,0.06859,2279.76446,2278.93294,-0.83152,0,0.00557,0.21628,0,-0.2908,0.21628,0,-0.2908,55.31328,0.3624154,0.00655205,80990.473,79997.959,-990.473,2.041,False,False,-39.62672
448.44,TGO,THRUST,79999.293,29.4087151,0.6748262,7708.72893,0.00348,0.11861,2279.74832,2278.93286,-0.81546,0,0.00547,0.14954,0,-0.28501,0.14954,0,-0.28501,55.31421,0.3218601,0.00581876,80972.084,79997.108,-972.084,2.892,False,False,-43.19213
448.6,TGO,THRUST,79999.333,29.4085307,0.6748175,7819.27272,0.00343,0.16981,2279.73003,2278.93279,-0.79724,0,0.00534,0.08202,0,-0.27846,0.08202,0,-0.27846,55.31515,0.2902935,0.00524799,80951.697,79995.724,-951.697,4.276,False,False,-50.13178
448.74,TGO,THRUST,79999.362,29.4084379,0.6748131,7441.77086,0.00361,0.21073,2279.71381,2278.93273,-0.78108,0,0.00524,0.0292,0,-0.27267,0.0292,0,-0.27267,55.31589,0.2742307,0.00495754,80933.931,79994.216,-933.931,5.784,False,False,-57.60218
448.88,TGO,THRUST,79999.385,29.4083963,0.6748111,6806.62345,0.00394,0.24809,2279.6975,2278.93269,-0.76481,0,0.00513,-0.01796,0,-0.26685,-0.01796,0,-0.26685,55.31658,0.2674568,0.00483502,80916.278,79992.504,-916.278,7.496,False,False,-65.10692
449.02,TGO,THRUST,79999.404,29.4083958,0.6748111,6085.01069,0.00441,0.28323,2279.68056,2278.93265,-0.7479,0,0.00501,-0.06098,0,-0.26082,-0.06098,0,-0.26082,55.31724,0.26785,0.00484207,80898.107,79990.572,-898.107,9.428,False,False,-71.98363
449.18,TGO,THRUST,79999.42,29.4084398,0.6748133,5276.02325,0.00509,0.32165,2279.65988,2278.93262,-0.72726,0,0.00488,-0.1063,0,-0.25346,-0.1063,0,-0.25346,55.318,0.2748498,0.00496854,80876.098,79988.062,-876.098,11.938,False,False,-78.56055
449.32,TGO,THRUST,79999.43,29.4085151,0.6748172,4630.58931,0.0058,0.35423,2279.64023,2278.9326,-0.70763,0,0.00474,-0.14332,0,-0.24648,-0.14332,0,-0.24648,55.31867,0.2851225,0.00515418,80855.305,79985.563,-855.305,14.437,False,False,-83.00458
449.46,TGO,THRUST,79999.437,29.4086248,0.6748231,4057.30352,0.00662,0.38618,2279.61869,2278.93259,-0.6861,0,0.0046,-0.17842,0,-0.23884,-0.17842,0,-0.23884,55.31937,0.2981229,0.00538912,80832.6,79982.733,-832.6,17.267,False,False,-86.23136
449.6,TGO,THRUST,79999.442,29.4087693,0.6748311,3556.90089,0.00755,0.41744,2279.59495,2278.93258,-0.66237,0,0.00444,-0.21172,0,-0.23043,-0.21172,0,-0.23043,55.3201,0.3129264,0.00565665,80807.657,79979.531,-807.657,20.469,False,False,-88.30023
449.76,TGO,THRUST,79999.444,29.4089781,0.6748431,3067.62039,0.00875,0.4521,2279.56473,2278.93257,-0.63216,0,0.00424,-0.24757,0,-0.21974,-0.24757,0,-0.21974,55.32097,0.3310254,0.00598372,80775.995,79975.363,-775.995,24.637,False,False,-89.38687
449.9,TGO,THRUST,79999.444,29.4091976,0.6748564,2705.37388,0.00992,0.48092,2279.53553,2278.93257,-0.60296,0,0.00404,-0.27657,0,-0.20942,-0.27657,0,-0.20942,55.32177,0.3469147,0.00627085,80745.465,79971.262,-745.465,28.738,False,False,-89.32696
450.04,TGO,THRUST,79999.442,29.4094528,0.6748725,2394.85389,0.01121,0.50812,2279.50329,2278.93257,-0.57072,0,0.00383,-0.30325,0,-0.19805,-0.30325,0,-0.19805,55.32262,0.3621952,0.00654696,80711.82,79966.665,-711.82,33.335,False,False,-88.49059
450.18,TGO,THRUST,79999.439,29.4097405,0.6748915,2130.41494,0.0126,0.533,2279.4681,2278.93257,-0.53553,0,0.00359,-0.32697,0,-0.18565,-0.32697,0,-0.18565,55.3235,0.3759944,0.00679629,80675.161,79961.574,-675.161,38.426,False,False,-86.96854
450.34,TGO,THRUST,79999.433,29.4101048,0.6749168,1876.52922,0.01431,0.5578,2279.4243,2278.93258,-0.49171,0,0.0033,-0.34969,0,-0.17023,-0.34969,0,-0.17023,55.32455,0.3889198,0.00702979,80629.619,79955.133,-629.619,44.867,False,False,-84.52209
450.48,TGO,THRUST,79999.426,29.4104472,0.6749418,1691.13275,0.01588,0.57551,2279.38322,2278.93259,-0.45063,0,0.00302,-0.36493,0,-0.15579,-0.36493,0,-0.15579,55.3255,0.396797,0.00717205,80587.018,79948.982,-587.018,51.018,False,False,-81.85072
450.62,TGO,THRUST,79999.418,29.4108067,0.6749693,1534.15603,0.0175,0.589,2279.33964,2278.93261,-0.40703,0,0.00273,-0.37535,0,-0.14049,-0.37535,0,-0.14049,55.32648,0.4007801,0.00724391,80541.953,79942.314,-541.953,57.686,False,False,-78.78296
450.76,TGO,THRUST,79999.408,29.4111738,0.6749987,1402.00759,0.01915,0.59768,2279.29419,2278.93262,-0.36157,0,0.00242,-0.38035,0,-0.12454,-0.38035,0,-0.12454,55.32746,0.4002261,0.00723377,80495.141,79935.164,-495.141,64.836,False,False,-75.37859
450.92,TGO,THRUST,79999.395,29.4115902,0.6750337,1276.90745,0.02103,0.60125,2279.24078,2278.93264,-0.30814,0,0.00207,-0.379,0,-0.10583,-0.379,0,-0.10583,55.32859,0.3934996,0.00711205,80440.468,79926.431,-440.468,73.569,False,False,-71.15537
451.06,TGO,THRUST,79999.382,29.4119406,0.6750645,1186.74524,0.02263,0.59865,2279.19361,2278.93266,-0.26095,0,0.00175,-0.37151,0,-0.08933,-0.37151,0,-0.08933,55.32957,0.3820946,0.00690579,80392.588,79918.319,-392.588,81.681,False,False,-67.23835
451.2,TGO,THRUST,79999.368,29.4122666,0.6750943,1112.0449,0.02415,0.5908,2279.14706,2278.93268,-0.21438,0,0.00144,-0.35833,0,-0.07305,-0.35833,0,-0.07305,55.33052,0.3657026,0.00660942,80345.826,79909.819,-345.826,90.181,False,False,-63.1774
451.34,TGO,THRUST,79999.354,29.4125592,0.675122,1050.57305,0.02556,0.57808,2279.10202,2278.93271,-0.16932,0,0.00113,-0.34002,0,-0.05732,-0.34002,0,-0.05732,55.33144,0.3448159,0.00623183,80301.204,79900.987,-301.204,99.013,False,False,-59.04845
451.5,TGO,THRUST,79999.339,29.4128397,0.6751495,994.48568,0.027,0.55833,2279.05356,2278.93273,-0.12083,0,0.00081,-0.31397,0,-0.04042,-0.31397,0,-0.04042,55.33242,0.3165575,0.00572101,80254.073,79890.617,-254.073,109.383,False,False,-54.41208
451.64,TGO,THRUST,79999.329,29.4130229,0.6751679,956.88342,0.02807,0.53704,2279.01415,2278.93275,-0.0814,0,0.00055,-0.28794,0,-0.02669,-0.28794,0,-0.02669,55.33322,0.2891722,0.00522601,80216.582,79881.358,-216.582,118.642,False,False,-50.62414
451.78,TGO,THRUST,79999.323,29.4131432,0.6751803,928.48908,0.02892,0.5135,2278.97897,2278.93277,-0.0462,0,0.00031,-0.26095,0,-0.01445,-0.26095,0,-0.01445,55.33395,0.2613505,0.00472315,80183.913,79872.32,-183.913,127.68,False,False,-47.15426
451.92,TGO,THRUST,79999.321,29.413212,0.6751875,906.80132,0.02962,0.48882,2278.9484,2278.93278,-0.01562,0,0.0001,-0.23442,0,-0.00383,-0.23442,0,-0.00383,55.33462,0.2344551,0.00423704,80156.207,79863.806,-156.207,136.194,False,False,-44.02418
452.08,TGO,THRUST,79999.325,29.4132478,0.6751913,887.25928,0.03027,0.46059,2278.91936,2278.93277,0.01342,0.00016,-9E-05,-0.20613,0,0.00624,-0.20613,0,0.00624,55.3353,0.2062266,0.00372685,80130.447,79855.2,-130.447,144.8,False,False,-40.10268
452.24,TGO,THRUST,79999.334,29.4132532,0.6751919,871.31481,0.03082,0.43296,2278.89594,2278.93276,0.03683,0.00059,-0.00025,-0.18061,0,0.01434,-0.18061,0,0.01434,55.3359,0.1811796,0.00327418,80109.895,79848.08,-109.895,151.92,False,False,-37.2768
452.4,TGO,THRUST,79999.35,29.4132381,0.6751902,857.75385,0.03131,0.4068,2278.87777,2278.93275,0.05498,0.00093,-0.00037,-0.15872,0,0.02061,-0.15872,0,0.02061,55.33643,0.1600513,0.00289233,80093.784,79842.765,-93.784,157.235,False,False,-34.66851
452.56,TGO,THRUST,79999.371,29.41321,0.6751871,845.73714,0.03175,0.38238,2278.86409,2278.93272,0.06862,0.00118,-0.00046,-0.14073,0,0.0253,-0.14073,0,0.0253,55.3369,0.1429871,0.00258394,80081.15,79839.331,-81.15,160.669,False,False,-32.1455
452.72,TGO,THRUST,79999.398,29.4131742,0.6751831,834.70166,0.03217,0.35963,2278.85438,2278.93268,0.07829,0.00136,-0.00052,-0.12671,0,0.02861,-0.12671,0,0.02861,55.33731,0.1299018,0.00234745,80071.218,79837.908,-71.218,162.092,False,False,-29.63645
452.88,TGO,THRUST,79999.432,29.4131345,0.6751787,824.27448,0.03258,0.3384,2278.84812,2278.93263,0.08451,0.00148,-0.00057,-0.11666,0,0.03071,-0.11666,0,0.03071,55.33769,0.1206335,0.00217995,80063.362,79838.507,-63.362,161.493,False,False,-26.95665
453.04,TGO,THRUST,79999.47,29.4130936,0.6751741,814.20342,0.03298,0.31857,2278.84439,2278.93257,0.08818,0.00155,-0.00059,-0.11004,0,0.03193,-0.11004,0,0.03193,55.33804,0.1145751,0.00207046,80056.977,79840.647,-56.977,159.353,False,False,-24.02309
453.2,TGO,THRUST,79999.511,29.4130537,0.6751695,804.30018,0.03339,0.29982,2278.84258,2278.9325,0.08992,0.00159,-0.0006,-0.106,0,0.03248,-0.106,0,0.03248,55.33836,0.1108659,0.00200342,80051.632,79844.03,-51.632,155.97,False,False,-20.86987
453.36,TGO,THRUST,79999.554,29.4130163,0.6751652,794.44691,0.0338,0.28183,2278.84233,2278.93243,0.0901,0.00159,-0.0006,-0.10373,0,0.03248,-0.10373,0,0.03248,55.33868,0.108697,0.00196421,80047.039,79848.503,-47.039,151.497,False,False,-17.60624
453.52,TGO,THRUST,79999.597,29.4129824,0.6751613,784.57541,0.03423,0.26435,2278.84337,2278.93236,0.08899,0.00157,-0.0006,-0.1025,0,0.03203,-0.1025,0,0.03203,55.33899,0.1073908,0.0019406,80043.002,79853.949,-43.002,146.051,False,False,-14.37338
453.68,TGO,THRUST,79999.64,29.4129526,0.6751578,774.65004,0.03467,0.24726,2278.84548,2278.93229,0.08681,0.00153,-0.00058,-0.10172,0,0.03121,-0.10172,0,0.03121,55.33929,0.1064017,0.00192271,80039.386,79860.244,-39.386,139.756,False,False,-11.31135
453.84,TGO,THRUST,79999.682,29.4129272,0.6751547,764.65896,0.03512,0.23046,2278.84847,2278.93221,0.08374,0.00147,-0.00056,-0.10092,0,0.03008,-0.10092,0,0.03008,55.33959,0.1053089,0.00190296,80036.098,79867.259,-36.098,132.741,False,False,-8.54997
454,TGO,THRUST,79999.721,29.4129063,0.6751523,754.6096,0.03559,0.21396,2278.8522,2278.93215,0.07995,0.00141,-0.00054,-0.09975,0,0.0287,-0.09975,0,0.0287,55.33989,0.1037993,0.00187567,80033.076,79874.863,-33.076,125.137,False,False,-6.2143
454.16,TGO,THRUST,79999.758,29.4128898,0.6751503,744.52716,0.03607,0.19779,2278.85648,2278.93208,0.0756,0.00133,-0.00051,-0.09796,0,0.02712,-0.09796,0,0.02712,55.34018,0.1016505,0.00183683,80030.277,79882.901,-30.277,117.099,False,False,-4.44064
454.32,TGO,THRUST,79999.791,29.4128772,0.6751487,734.44953,0.03656,0.182,2278.86113,2278.93202,0.07089,0.00125,-0.00048,-0.0954,0,0.02542,-0.0954,0,0.02542,55.34047,0.0987277,0.00178401,80027.663,79891.188,-27.663,108.812,False,False,-3.37485
454.48,TGO,THRUST,79999.82,29.4128681,0.6751476,724.42429,0.03707,0.16665,2278.86593,2278.93197,0.06604,0.00116,-0.00044,-0.09197,0,0.02367,-0.09197,0,0.02367,55.34075,0.0949689,0.00171607,80025.188,79899.492,-25.188,100.508,False,False,3.00799
454.64,TGO,THRUST,79999.846,29.4128616,0.6751468,714.50059,0.03758,0.15184,2278.87066,2278.93192,0.06126,0.00107,-0.00041,-0.0877,0,0.02195,-0.0877,0,0.02195,55.34102,0.0904066,0.00163363,80022.825,79907.609,-22.825,92.391,False,False,3.02918
454.8,TGO,THRUST,79999.868,29.4128572,0.6751462,704.72139,0.0381,0.13764,2278.8752,2278.93188,0.05669,0.00099,-0.00038,-0.08273,0,0.0203,-0.08273,0,0.0203,55.34128,0.0851883,0.00153933,80020.561,79915.372,-20.561,84.628,False,False,3.11533
454.96,TGO,THRUST,79999.888,29.412854,0.6751458,695.13424,0.03863,0.12414,2278.87939,2278.93185,0.05246,0.00092,-0.00035,-0.07729,0,0.01878,-0.07729,0,0.01878,55.34152,0.0795372,0.00143721,80018.387,79922.634,-18.387,77.366,False,False,3.12289
455.12,TGO,THRUST,79999.905,29.4128512,0.6751455,685.78357,0.03916,0.11143,2278.88319,2278.93181,0.04863,0.00085,-0.00033,-0.07162,0,0.01739,-0.07162,0,0.01739,55.34175,0.0737051,0.00133182,80016.312,79929.316,-16.312,70.684,False,False,3.03491
455.28,TGO,THRUST,79999.921,29.4128482,0.6751451,676.68681,0.03968,0.09956,2278.88664,2278.93179,0.04515,0.00079,-0.0003,-0.06599,0,0.01613,-0.06599,0,0.01613,55.34197,0.0679361,0.00122757,80014.367,79935.449,-14.367,64.551,False,False,2.89698
455.44,TGO,THRUST,79999.935,29.412845,0.6751447,667.84793,0.04021,0.08857,2278.88976,2278.93176,0.042,0.00073,-0.00028,-0.06057,0,0.015,-0.06057,0,0.015,55.34216,0.0624018,0.00112756,80012.562,79941.037,-12.562,58.963,False,False,2.73505
455.6,TGO,THRUST,79999.947,29.4128413,0.6751442,659.25962,0.04073,0.07844,2278.89259,2278.93174,0.03915,0.00068,-0.00026,-0.05547,0,0.01397,-0.05547,0,0.01397,55.34234,0.057198,0.00103353,80010.905,79946.119,-10.905,53.881,False,False,2.55712
455.76,TGO,THRUST,79999.958,29.4128374,0.6751437,650.89927,0.04126,0.06914,2278.89518,2278.93172,0.03654,0.00064,-0.00024,-0.05071,0,0.01302,-0.05071,0,0.01302,55.34251,0.0523581,0.00094607,80009.402,79950.757,-9.402,49.243,False,False,2.36223
455.92,TGO,THRUST,79999.969,29.4128336,0.6751432,642.74081,0.04178,0.06062,2278.89758,2278.9317,0.03413,0.0006,-0.00023,-0.0463,0,0.01215,-0.0463,0,0.01215,55.34266,0.0478711,0.00086499,80008.054,79955.01,-8.054,44.99,False,False,2.14355
456.08,TGO,THRUST,79999.978,29.4128304,0.6751427,634.76112,0.0423,0.05284,2278.89982,2278.93168,0.03187,0.00056,-0.00021,-0.04221,0,0.01133,-0.04221,0,0.01133,55.3428,0.0437034,0.00078969,80006.854,79958.922,-6.854,41.078,False,False,1.89529
456.24,TGO,THRUST,79999.986,29.4128278,0.6751424,626.94301,0.04283,0.04574,2278.90192,2278.93167,0.02975,0.00052,-0.0002,-0.03839,0,0.01057,-0.03839,0,0.01057,55.34292,0.0398162,0.00071945,80005.793,79962.519,-5.793,37.481,False,False,1.61636
456.4,TGO,THRUST,79999.993,29.4128261,0.6751421,619.27601,0.04336,0.03927,2278.90388,2278.93166,0.02778,0.00049,-0.00019,-0.03481,0,0.00985,-0.03481,0,0.00985,55.34304,0.0361768,0.00065368,80004.861,79965.819,-4.861,34.181,False,False,1.31389
456.56,TGO,THRUST,79999.999,29.4128252,0.675142,611.75551,0.0439,0.0334,2278.9057,2278.93165,0.02594,0.00045,-0.00017,-0.03145,0,0.00919,-0.03145,0,0.00919,55.34314,0.0327636,0.00059201,80004.049,79968.83,-4.049,31.17,False,False,1.01914
456.72,TGO,THRUST,80000.004,29.4128251,0.675142,604.38067,0.04443,0.02807,2278.90738,2278.93164,0.02425,0.00043,-0.00016,-0.02829,0,0.00858,-0.02829,0,0.00858,55.34324,0.0295672,0.00053425,80003.349,79971.556,-3.349,28.444,False,False,0.84149
456.88,TGO,THRUST,80000.009,29.4128256,0.6751421,597.15263,0.04497,0.02325,2278.90892,2278.93163,0.02271,0.0004,-0.00015,-0.02535,0,0.00803,-0.02535,0,0.00803,55.34332,0.0265896,0.00048045,80002.753,79974.002,-2.753,25.998,False,False,0.98418
457.04,TGO,THRUST,80000.013,29.4128267,0.6751422,590.07307,0.04551,0.01891,2278.91031,2278.93162,0.02131,0.00038,-0.00014,-0.02263,0,0.00752,-0.02263,0,0.00752,55.3434,0.0238424,0.00043081,80002.255,79976.176,-2.255,23.824,False,False,1.45858
457.2,TGO,THRUST,80000.016,29.4128281,0.6751424,583.14324,0.04605,0.01501,2278.91157,2278.93161,0.02005,0.00035,-0.00013,-0.02014,0,0.00707,-0.02014,0,0.00707,55.34347,0.0213441,0.00038567,80001.85,79978.086,-1.85,21.914,False,False,2.12288
457.36,TGO,THRUST,80000.019,29.4128298,0.6751427,576.36347,0.04659,0.01152,2278.91269,2278.93161,0.01892,0.00033,-0.00013,-0.01792,0,0.00666,-0.01792,0,0.00666,55.34353,0.0191174,0.00034543,80001.532,79979.749,-1.532,20.251,False,False,2.87827
457.52,TGO,THRUST,80000.023,29.4128317,0.6751429,569.73334,0.04713,0.00839,2278.91368,2278.9316,0.01792,0.00031,-0.00012,-0.01599,0,0.0063,-0.01599,0,0.0063,55.34359,0.0171859,0.00031053,80001.293,79981.186,-1.293,18.814,False,False,3.63578
457.68,TGO,THRUST,80000.026,29.4128336,0.6751432,563.2513,0.04768,0.00558,2278.91458,2278.9316,0.01702,0.0003,-0.00011,-0.01438,0,0.00598,-0.01438,0,0.00598,55.34364,0.0155685,0.00028131,80001.127,79982.423,-1.127,17.577,False,False,4.2835
457.84,TGO,THRUST,80000.029,29.4128355,0.6751435,556.91519,0.04822,0.00305,2278.91539,2278.93159,0.0162,0.00029,-0.00011,-0.01309,0,0.00568,-0.01309,0,0.00568,55.34368,0.0142721,0.00025788,80001.026,79983.494,-1.026,16.506,False,False,4.69089
458,TGO,THRUST,80000.033,29.4128374,0.6751438,550.72175,0.04876,0.00075,2278.91614,2278.93159,0.01544,0.00027,-0.0001,-0.01213,0,0.00541,-0.01213,0,0.00541,55.34372,0.0132798,0.00023995,80000.982,79984.44,-0.982,15.56,False,False,4.75382
458.16,TGO,THRUST,80000.037,29.4128393,0.6751441,544.66449,0.0493,-0.00135,2278.91687,2278.93158,0.01471,0.00026,-0.0001,-0.01143,0,0.00515,-0.01143,0,0.00515,55.34376,0.0125353,0.0002265,80000.989,79985.296,-0.989,14.704,False,False,4.49097
458.32,TGO,THRUST,80000.04,29.4128415,0.6751445,538.72499,0.04985,-0.00332,2278.91753,2278.93157,0.01404,0.00025,-9E-05,-0.01087,0,0.0049,-0.01087,0,0.0049,55.3438,0.0119217,0.00021541,80001.044,79986.036,-1.044,13.964,False,False,4.15146
458.48,TGO,THRUST,80000.043,29.4128436,0.6751448,532.92181,0.05039,-0.00515,2278.91823,2278.93157,0.01334,0.00024,-9E-05,-0.0103,0,0.00465,-0.0103,0,0.00465,55.34383,0.0113007,0.00020419,80001.144,79986.764,-1.144,13.236,False,False,3.8757
458.64,TGO,THRUST,80000.045,29.4128455,0.6751451,527.24582,0.05093,-0.00687,2278.91895,2278.93156,0.01262,0.00022,-8E-05,-0.00958,0,0.00439,-0.00958,0,0.00439,55.34387,0.01054,0.00019045,80001.288,79987.471,-1.288,12.529,False,False,3.8479
458.8,TGO,THRUST,80000.046,29.4128474,0.6751454,521.69124,0.05147,-0.00847,2278.91965,2278.93156,0.01191,0.00021,-8E-05,-0.00863,0,0.00414,-0.00863,0,0.00414,55.34389,0.00957,0.00017292,80001.473,79988.123,-1.473,11.877,False,False,4.24802
458.96,TGO,THRUST,80000.047,29.4128492,0.6751457,516.2552,0.05202,-0.00996,2278.92029,2278.93156,0.01127,0.0002,-8E-05,-0.00748,0,0.00391,-0.00748,0,0.00391,55.34392,0.0084429,0.00015255,80001.692,79988.666,-1.692,11.334,False,False,5.42869
459.12,TGO,THRUST,80000.048,29.4128508,0.6751459,510.93722,0.05256,-0.01131,2278.92084,2278.93156,0.01072,0.00019,-7E-05,-0.00633,0,0.00372,-0.00633,0,0.00372,55.34395,0.0073364,0.00013256,80001.929,79989.067,-1.929,10.933,False,False,7.55523
459.28,TGO,THRUST,80000.049,29.4128524,0.6751462,505.72931,0.0531,-0.01257,2278.92116,2278.93156,0.0104,0.00019,-7E-05,-0.00534,0,0.0036,-0.00534,0,0.0036,55.34397,0.0064411,0.00011638,80002.167,79989.211,-2.167,10.789,False,False,10.23633
459.44,TGO,THRUST,80000.054,29.4128536,0.6751464,500.63673,0.05364,-0.01371,2278.92136,2278.93155,0.01019,0.00018,-7E-05,-0.00521,0,0.00352,-0.00521,0,0.00352,55.34398,0.0062901,0.00011365,80002.393,79989.217,-2.393,10.783,False,False,9.32503
459.6,TGO,THRUST,80000.06,29.4128544,0.6751465,495.66037,0.05418,-0.01475,2278.9216,2278.93154,0.00994,0.00018,-7E-05,-0.00615,0,0.00343,-0.00615,0,0.00343,55.344,0.0070454,0.0001273,80002.621,79989.263,-2.621,10.737,False,False,3.65294
459.76,TGO,THRUST,80000.066,29.4128548,0.6751466,490.79315,0.05472,-0.01573,2278.92204,2278.93153,0.00949,0.00017,-6E-05,-0.00771,0,0.00327,-0.00771,0,0.00327,55.34402,0.0083783,0.00015139,80002.887,79989.517,-2.887,10.483,False,False,-4.77941
459.94,TGO,THRUST,80000.069,29.4128548,0.6751466,486.03487,0.05525,-0.01666,2278.92289,2278.93153,0.00863,0.00015,-6E-05,-0.00858,0,0.00296,-0.00858,0,0.00296,55.34405,0.0090758,0.00016399,80003.249,79990.159,-3.249,9.841,False,False,-9.02428
460.1,TGO,THRUST,80000.068,29.4128552,0.6751467,481.35299,0.05579,-0.01775,2278.9238,2278.93152,0.00772,0.00013,-5E-05,-0.00796,0,0.00264,-0.00796,0,0.00264,55.34407,0.0083924,0.00015164,80003.71,79990.766,-3.71,9.234,False,False,-9.84317
460.26,TGO,THRUST,80000.063,29.4128558,0.6751468,476.75857,0.05633,-0.01884,2278.92473,2278.93153,0.0068,0.00012,-5E-05,-0.00591,0,0.00232,-0.00591,0,0.00232,55.34409,0.0063459,0.00011466,80004.242,79991.337,-4.242,8.663,False,False,-6.55241
460.42,TGO,THRUST,80000.054,29.412856,0.6751468,472.26035,0.05686,-0.01977,2278.92558,2278.93154,0.00595,0.0001,-4E-05,-0.00259,0,0.00202,-0.00259,0,0.00202,55.34412,0.0032861,5.938E-05,80004.763,79991.82,-4.763,8.18,False,False,10.8187
460.58,TGO,THRUST,80000.046,29.4128561,0.6751468,467.84915,0.0574,-0.02048,2278.92605,2278.93155,0.0055,0.0001,-4E-05,0.00146,0,0.00186,0.00146,0,0.00186,55.34413,0.0023632,4.27E-05,80005.122,79992.005,-5.122,7.995,False,False,101.58681
460.74,TGO,THRUST,80000.042,29.4128553,0.6751467,463.54252,0.05793,-0.02104,2278.92604,2278.93156,0.00553,0.0001,-4E-05,0.00448,0,0.00186,0.00448,0,0.00186,55.34413,0.0048552,8.773E-05,80005.269,79991.829,-5.269,8.171,False,False,130.83505
460.9,TGO,THRUST,80000.042,29.412853,0.6751463,459.35651,0.05846,-0.02169,2278.92602,2278.93157,0.00555,0.0001,-4E-05,0.00612,0,0.00187,0.00612,0,0.00187,55.34414,0.0064037,0.00011571,80005.437,79991.624,-5.437,8.376,False,False,135.94495
461.06,TGO,THRUST,80000.046,29.4128506,0.6751458,455.24755,0.05899,-0.02266,2278.92614,2278.93157,0.00543,0.0001,-4E-05,0.00655,0,0.00182,0.00655,0,0.00182,55.34416,0.0068038,0.00012294,80005.751,79991.439,-5.751,8.561,False,False,136.36573
461.22,TGO,THRUST,80000.055,29.4128484,0.6751454,451.20884,0.05952,-0.0238,2278.92635,2278.93156,0.0052,9E-05,-3E-05,0.00549,0,0.00174,0.00549,0,0.00174,55.34418,0.0057595,0.00010407,80006.156,79991.274,-6.156,8.726,False,False,132.77411
461.38,TGO,THRUST,80000.07,29.4128463,0.6751451,447.23521,0.06004,-0.02494,2278.9266,2278.93154,0.00494,8E-05,-3E-05,0.00249,0,0.00165,0.00249,0,0.00165,55.3442,0.0029827,5.389E-05,80006.58,79991.125,-6.58,8.875,False,False,114.87082
461.54,TGO,THRUST,80000.092,29.4128445,0.6751447,443.32538,0.06057,-0.02586,2278.92677,2278.93151,0.00474,9E-05,-3E-05,-0.00305,0,0.00157,-0.00305,0,0.00157,55.34421,0.0034332,6.203E-05,80006.915,79990.981,-6.915,9.019,False,False,-9.73641
461.7,TGO,THRUST,80000.116,29.4128442,0.6751447,439.44613,0.06111,-0.02646,2278.92701,2278.93147,0.00446,8E-05,-3E-05,-0.01143,0,0.00147,-0.01143,0,0.00147,55.34422,0.0115201,0.00020815,80007.189,79990.975,-7.189,9.025,False,False,-30.31596
461.86,TGO,THRUST,80000.136,29.4128484,0.6751454,435.52693,0.06166,-0.02711,2278.92789,2278.93143,0.00354,6E-05,-2E-05,-0.01935,0,0.00115,-0.01935,0,0.00115,55.34424,0.0193869,0.0003503,80007.797,79991.407,-7.797,8.593,False,False,-36.29986
462.02,TGO,THRUST,80000.15,29.4128557,0.6751468,431.60089,0.06222,-0.02861,2278.92961,2278.9314,0.00179,2E-05,-1E-05,-0.02462,0,0.00053,-0.02462,0,0.00053,55.34429,0.0246272,0.00044498,80009.162,79992.076,-9.162,7.924,False,False,-39.9788
462.16,TGO,THRUST,80000.158,29.4128662,0.6751488,427.6702,0.06279,-0.03081,2278.93209,2278.93138,-0.00071,0,0,-0.02696,0,-0.00035,-0.02696,0,-0.00035,55.34436,0.0269602,0.00048714,80011.354,79992.817,-11.354,7.183,False,False,-42.80031
462.32,TGO,THRUST,80000.159,29.4128789,0.6751513,423.76006,0.06337,-0.03339,2278.93503,2278.93137,-0.00366,0,2E-05,-0.02637,0,-0.00139,-0.02637,0,-0.00139,55.34444,0.026404,0.00047708,80014.219,79993.447,-14.219,6.553,False,False,-45.49091
462.46,TGO,THRUST,80000.155,29.4128907,0.6751535,420.38003,0.06388,-0.03574,2278.93774,2278.93137,-0.00637,0,4E-05,-0.02354,0,-0.00235,-0.02354,0,-0.00235,55.3445,0.0236556,0.00042742,80017.035,79993.851,-17.035,6.149,False,False,-48.02287
462.6,TGO,THRUST,80000.144,29.4129022,0.6751558,417.06157,0.06439,-0.03796,2278.94035,2278.93139,-0.00896,0,6E-05,-0.01871,0,-0.00326,-0.01871,0,-0.00326,55.34456,0.0189917,0.00034315,80019.848,79994.125,-19.848,5.875,False,False,-51.58526
462.74,TGO,THRUST,80000.129,29.4129123,0.6751578,413.82378,0.06489,-0.03988,2278.94263,2278.93141,-0.01123,0,8E-05,-0.01208,0,-0.00406,-0.01208,0,-0.00406,55.34461,0.0127488,0.00023035,80022.378,79994.298,-22.378,5.702,False,False,-59.09665
462.9,TGO,THRUST,80000.105,29.4129213,0.6751595,410.24047,0.06546,-0.04149,2278.94462,2278.93144,-0.01318,0,9E-05,-0.00266,0,-0.00475,-0.00266,0,-0.00475,55.34465,0.0054451,9.838E-05,80024.604,79994.42,-24.604,5.58,False,False,-98.92724
463.04,TGO,THRUST,80000.079,29.4129269,0.6751606,407.20508,0.06595,-0.04235,2278.9458,2278.93148,-0.01432,0,0.0001,0.00699,0,-0.00515,0.00699,0,-0.00515,55.34467,0.0086829,0.00015689,80025.91,79994.496,-25.91,5.504,False,False,-170.21272
463.18,TGO,THRUST,80000.05,29.4129299,0.6751612,404.26808,0.06643,-0.04286,2278.94659,2278.93153,-0.01506,0,0.0001,0.0178,0,-0.00541,0.0178,0,-0.00541,55.34469,0.0186054,0.00033617,80026.769,79994.554,-26.769,5.446,False,False,160.33158
463.34,TGO,THRUST,80000.019,29.4129301,0.6751613,401.03015,0.06696,-0.04448,2278.94792,2278.93158,-0.01634,0,0.00011,0.0317,0,-0.00587,0.0317,0,-0.00587,55.34473,0.0322343,0.00058243,80028.419,79994.471,-28.419,5.529,False,False,156.76364
463.5,TGO,THRUST,79999.994,29.4129322,0.6751617,397.80676,0.06751,-0.04792,2278.94971,2278.93163,-0.01808,0,0.00012,0.04555,0,-0.00649,0.04555,0,-0.00649,55.34481,0.0460112,0.00083135,80030.936,79994.058,-30.936,5.942,False,False,156.25846
463.64,TGO,THRUST,79999.977,29.4129352,0.6751623,395.0035,0.06799,-0.05253,2278.95192,2278.93166,-0.02026,0,0.00014,0.05754,0,-0.00727,0.05754,0,-0.00727,55.34492,0.0579934,0.00104785,80034.139,79993.469,-34.139,6.531,False,False,156.43188
463.78,TGO,THRUST,79999.962,29.4129397,0.6751633,392.20988,0.06847,-0.05883,2278.95484,2278.93169,-0.02315,0,0.00016,0.06987,0,-0.0083,0.06987,0,-0.0083,55.34505,0.0703575,0.00127125,80038.413,79992.639,-38.413,7.361,False,False,156.60655
463.92,TGO,THRUST,79999.951,29.4129459,0.6751645,389.42202,0.06896,-0.06668,2278.95838,2278.93171,-0.02667,0,0.00018,0.08259,0,-0.00956,0.08259,0,-0.00956,55.34522,0.0831374,0.00150216,80043.656,79991.588,-43.656,8.412,False,False,156.55717
464.08,TGO,THRUST,79999.941,29.412956,0.6751667,386.22571,0.06953,-0.07762,2278.96328,2278.93173,-0.03155,0,0.00021,0.09783,0,-0.0113,0.09783,0,-0.0113,55.34544,0.0984834,0.00177943,80050.937,79990.116,-50.937,9.884,False,False,156.09558
464.22,TGO,THRUST,79999.935,29.4129683,0.6751692,383.40528,0.07004,-0.08873,2278.96831,2278.93174,-0.03657,0,0.00025,0.11165,0,-0.0131,0.11165,0,-0.0131,55.34568,0.1124203,0.00203124,80058.382,79988.632,-58.382,11.368,False,False,155.27055
464.36,TGO,THRUST,79999.932,29.4129857,0.6751729,380.53014,0.07057,-0.10165,2278.97433,2278.93175,-0.04258,0,0.00029,0.12628,0,-0.01524,0.12628,0,-0.01524,55.34595,0.1271961,0.0022982,80067.201,79986.941,-67.201,13.059,False,False,154.03091
464.5,TGO,THRUST,79999.932,29.4130096,0.675178,377.5764,0.07113,-0.1162,2278.9814,2278.93175,-0.04965,0,0.00033,0.14144,0,-0.01777,0.14144,0,-0.01777,55.34625,0.1425564,0.00257572,80077.429,79985.096,-77.429,14.904,False,False,152.35809
464.66,TGO,THRUST,79999.937,29.4130477,0.6751862,374.06002,0.0718,-0.13482,2278.99106,2278.93175,-0.05931,0,0.0004,0.15925,0,-0.02121,0.15925,0,-0.02121,55.34664,0.160656,0.00290272,80091.12,79982.848,-91.12,17.152,False,False,149.91362
464.8,TGO,THRUST,79999.945,29.4130925,0.6751959,370.83067,0.07242,-0.15251,2279.00097,2278.93174,-0.06923,0,0.00046,0.17463,0,-0.02474,0.17463,0,-0.02474,55.34702,0.1763722,0.00318666,80104.872,79980.853,-104.872,19.147,False,False,147.31044
464.94,TGO,THRUST,79999.959,29.4131518,0.6752089,367.4012,0.0731,-0.17167,2279.01271,2278.93172,-0.08099,0,0.00054,0.18973,0,-0.02892,0.18973,0,-0.02892,55.34745,0.1919234,0.00346761,80120.788,79978.862,-120.788,21.138,False,False,144.29347
465.08,TGO,THRUST,79999.979,29.4132277,0.6752256,363.74538,0.07384,-0.19182,2279.02637,2278.93169,-0.09468,0,0.00063,0.20374,0,-0.03378,0.20374,0,-0.03378,55.34791,0.2065239,0.00373138,80138.873,79976.982,-138.873,23.018,False,False,140.87626
465.24,TGO,THRUST,80000.01,29.4133385,0.6752502,359.24897,0.07477,-0.21553,2279.04458,2278.93165,-0.11293,0,0.00076,0.21746,0,-0.04025,0.21746,0,-0.04025,55.34848,0.2211507,0.00399561,80162.384,79975.082,-162.384,24.918,False,False,136.5131
465.38,TGO,THRUST,80000.045,29.4134578,0.6752771,355.03496,0.07566,-0.23604,2279.06272,2278.9316,-0.13113,0,0.00088,0.22619,0,-0.04669,0.22619,0,-0.04669,55.34902,0.2309578,0.00417275,80185.246,79973.754,-185.246,26.246,False,False,132.32876
465.52,TGO,THRUST,80000.09,29.4136008,0.6753096,350.53544,0.07663,-0.25586,2279.08313,2278.93153,-0.1516,0,0.00102,0.23103,0,-0.05392,0.23103,0,-0.05392,55.34958,0.2372374,0.00428616,80210.418,79972.81,-210.418,27.19,False,False,127.85844
465.66,TGO,THRUST,80000.145,29.4137665,0.6753477,345.79269,0.07769,-0.27401,2279.10546,2278.93145,-0.17401,0,0.00117,0.23068,0,-0.06182,0.23068,0,-0.06182,55.35016,0.2388249,0.0043148,80237.413,79972.327,-237.413,27.673,False,False,123.16927
465.82,TGO,THRUST,80000.22,29.4139808,0.6753977,340.14777,0.07898,-0.29161,2279.13279,2278.93134,-0.20145,0,0.00135,0.22253,0,-0.07149,0.22253,0,-0.07149,55.35084,0.2337333,0.00422276,80269.802,79972.389,-269.802,27.611,False,False,117.68524
465.96,TGO,THRUST,80000.296,29.4141848,0.6754459,335.11267,0.08018,-0.30334,2279.15755,2278.93122,-0.22633,0,0.00152,0.20759,0,-0.08023,0.20759,0,-0.08023,55.35142,0.2225568,0.0040208,80298.61,79972.983,-298.61,27.017,False,False,113.00761
466.1,TGO,THRUST,80000.38,29.4143953,0.6754964,330.13104,0.08139,-0.31077,2279.1823,2278.93108,-0.25121,0,0.00168,0.18491,0,-0.08897,0.18491,0,-0.08897,55.35198,0.205196,0.00370711,80326.895,79974.08,-326.895,25.92,False,False,108.82624
466.24,TGO,THRUST,80000.47,29.4146024,0.6755466,325.34072,0.0826,-0.31356,2279.20601,2278.93094,-0.27507,0,0.00184,0.15501,0,-0.09733,0.15501,0,-0.09733,55.35249,0.1830317,0.00330666,80353.532,79975.586,-353.532,24.414,False,False,105.6563
466.4,TGO,THRUST,80000.575,29.4148229,0.6756009,320.2504,0.08392,-0.31157,2279.23033,2278.93076,-0.29956,0,0.00201,0.11373,0,-0.10589,0.11373,0,-0.10589,55.35303,0.1553929,0.00280731,80380.377,79977.582,-380.377,22.418,False,False,104.25734
466.54,TGO,THRUST,80000.667,29.414997,0.6756442,316.17228,0.08501,-0.30612,2279.24857,2278.93061,-0.31796,0,0.00213,0.07343,0,-0.11231,0.07343,0,-0.11231,55.35343,0.1341882,0.00242421,80400.155,79979.416,-400.155,20.584,False,False,106.16783
466.68,TGO,THRUST,80000.754,29.4151452,0.6756815,312.52705,0.08601,-0.29834,2279.26317,2278.93046,-0.33271,0,0.00223,0.03169,0,-0.11745,0.03169,0,-0.11745,55.35378,0.1216497,0.00219768,80415.682,79981.163,-415.682,18.837,False,False,-111.4732
466.82,TGO,THRUST,80000.833,29.4152723,0.6757139,309.22881,0.08693,-0.28885,2279.27473,2278.93032,-0.34441,0,0.00231,-0.0095,0,-0.12151,-0.0095,0,-0.12151,55.35409,0.1218831,0.00220188,80427.661,79982.82,-427.661,17.18,False,False,-118.61514
466.98,TGO,THRUST,80000.907,29.4154005,0.6757469,305.75186,0.08792,-0.27581,2279.28515,2278.93018,-0.35497,0,0.00238,-0.05395,0,-0.12516,-0.05395,0,-0.12516,55.35443,0.1362945,0.00246221,80438.056,79984.687,-438.056,15.313,False,False,-125.42669
467.12,TGO,THRUST,80000.951,29.4155024,0.6757733,302.8965,0.08875,-0.26147,2279.29245,2278.93008,-0.36237,0,0.00243,-0.08918,0,-0.12771,-0.08918,0,-0.12771,55.35475,0.155761,0.00281387,80444.888,79986.431,-444.888,13.569,False,False,-128.62523
467.26,TGO,THRUST,80000.973,29.4156016,0.6757993,300.12476,0.08958,-0.2435,2279.29801,2278.93002,-0.36798,0,0.00247,-0.12031,0,-0.12961,-0.12031,0,-0.12961,55.35513,0.1768438,0.00319471,80449.477,79988.335,-449.477,11.665,False,False,-129.269
467.4,TGO,THRUST,80000.971,29.4156976,0.6758246,297.44082,0.09039,-0.22164,2279.30101,2278.93,-0.371,0,0.00249,-0.14666,0,-0.13059,-0.14666,0,-0.13059,55.35555,0.1963774,0.00354757,80450.913,79990.349,-450.913,9.651,False,False,-127.63674
467.56,TGO,THRUST,80000.937,29.4157969,0.6758511,294.54927,0.09128,-0.19226,2279.29988,2278.93003,-0.36985,0,0.00248,-0.16962,0,-0.13009,-0.16962,0,-0.13009,55.35609,0.2137664,0.00386166,80447.123,79992.658,-447.123,7.342,False,False,-123.35196
467.7,TGO,THRUST,80000.879,29.4158659,0.6758696,292.26512,0.09199,-0.16418,2279.29388,2278.9301,-0.36377,0,0.00244,-0.18151,0,-0.12787,-0.18151,0,-0.12787,55.3566,0.2220305,0.00401091,80437.993,79994.515,-437.993,5.485,False,False,-117.71627
467.84,TGO,THRUST,80000.795,29.4159128,0.6758823,290.26132,0.09263,-0.13509,2279.2826,2278.93022,-0.35238,0,0.00236,-0.18453,0,-0.12378,-0.18453,0,-0.12378,55.35715,0.222201,0.00401395,80422.819,79996.132,-422.819,3.868,False,False,-110.58229
467.98,TGO,THRUST,80000.687,29.4159327,0.6758877,288.58158,0.09317,-0.10721,2279.26632,2278.93038,-0.33594,0,0.00225,-0.17681,0,-0.11794,-0.17681,0,-0.11794,55.35769,0.2125374,0.00383935,80402.025,79997.413,-402.025,2.587,False,False,-101.89942
468.14,TGO,THRUST,80000.536,29.4159216,0.6758847,287.05356,0.09367,-0.07941,2279.24293,2278.93061,-0.31232,0,0.00209,-0.15323,0,-0.10958,-0.15323,0,-0.10958,55.3583,0.1883778,0.00340288,80373.005,79998.439,-373.005,1.561,False,False,-89.61296
468.28,TGO,THRUST,80000.385,29.4158863,0.675875,286.00671,0.09401,-0.06029,2279.22011,2278.93084,-0.28926,0,0.00194,-0.11922,0,-0.10144,-0.11922,0,-0.10144,55.35878,0.1565386,0.00282771,80345.151,79998.997,-345.151,1.003,False,False,-75.55684
468.42,TGO,THRUST,80000.22,29.4158359,0.675861,285.1307,0.09429,-0.04724,2279.19787,2278.93111,-0.26676,0,0.00179,-0.07295,0,-0.09352,-0.07295,0,-0.09352,55.35919,0.118612,0.00214259,80318.252,79999.303,-318.252,0.697,False,False,-54.95002
468.56,TGO,THRUST,80000.047,29.4157804,0.6758457,284.31464,0.09456,-0.03999,2279.17834,2278.93139,-0.24695,0,0.00166,-0.01642,0,-0.08657,-0.01642,0,-0.08657,55.35951,0.0881098,0.00159159,80294.777,79999.438,-294.777,0.562,False,False,-22.4024
468.72,TGO,THRUST,79999.851,29.4157218,0.6758293,283.33922,0.09488,-0.03773,2279.1611,2278.93172,-0.22938,0,0.00154,0.05555,0,-0.08041,0.05555,0,-0.08041,55.35978,0.0977323,0.0017654,80274.151,79999.453,-274.151,0.547,False,False,-42.56116
468.86,TGO,THRUST,79999.687,29.4156724,0.6758156,282.47093,0.09517,-0.03885,2279.1484,2278.93201,-0.21639,0,0.00145,0.12004,0,-0.07587,0.12004,0,-0.07587,55.36002,0.1420039,0.0025651,80259.019,79999.391,-259.019,0.609,False,False,-73.18447
469,TGO,THRUST,79999.532,29.4156112,0.6757984,281.73413,0.09542,-0.04289,2279.13384,2278.93228,-0.20156,0,0.00135,0.18442,0,-0.07069,0.18442,0,-0.07069,55.36034,0.1975076,0.00356767,80241.777,79999.227,-241.777,0.773,False,False,92.79255
469.14,TGO,THRUST,79999.39,29.4155271,0.6757747,281.24213,0.09558,-0.05188,2279.11462,2278.93253,-0.18209,0,0.00122,0.24971,0,-0.06391,0.24971,0,-0.06391,55.36079,0.2577576,0.00465596,80219.224,79998.804,-219.224,1.196,False,False,107.59233
469.3,TGO,THRUST,79999.244,29.415422,0.6757451,280.77702,0.09573,-0.07141,2279.08642,2278.93279,-0.15364,0,0.00103,0.32739,0,-0.05401,0.32739,0,-0.05401,55.36147,0.3318158,0.00599362,80186.866,79997.459,-186.866,2.541,False,False,121.56069
469.44,TGO,THRUST,79999.132,29.4153209,0.6757166,280.46791,0.09583,-0.09777,2279.05877,2278.93299,-0.12579,0,0.00084,0.39894,0,-0.04435,0.39894,0,-0.04435,55.36224,0.4014021,0.00725047,80156.816,79994.451,-156.816,5.549,False,False,132.02455
469.58,TGO,THRUST,79999.033,29.4152013,0.6756827,280.35511,0.09587,-0.13553,2279.02889,2278.93317,-0.09573,0,0.00064,0.47686,0,-0.03396,0.47686,0,-0.03396,55.36318,0.478072,0.0086352,80128.395,79987.135,-128.395,12.865,False,False,141.23977
469.72,TGO,THRUST,79998.944,29.4150628,0.6756435,280.44359,0.09583,-0.18536,2278.99939,2278.93333,-0.06606,0,0.00044,0.56242,0,-0.02374,0.56242,0,-0.02374,55.36431,0.5629254,0.01016766,80108.529,79971.69,-108.529,28.31,False,False,149.19507
469.88,TGO,THRUST,79998.852,29.4148767,0.6755907,280.84151,0.09568,-0.25887,2278.96872,2278.93349,-0.03524,0,0.00024,0.67237,0,-0.0132,0.67237,0,-0.0132,55.36584,0.672497,0.01214642,80102.042,79941.441,-102.042,58.559,False,False,156.51118
470.02,TGO,THRUST,79998.777,29.4146885,0.6755374,281.46212,0.09546,-0.33727,2278.94769,2278.93362,-0.01407,0,9E-05,0.77986,0,-0.00606,0.77986,0,-0.00606,55.36742,0.7798802,0.01408554,80110.182,79908.039,-110.182,91.961,False,False,160.8166
470.16,TGO,THRUST,79998.704,29.4144643,0.675474,282.47569,0.09511,-0.43221,2278.93405,2278.93374,-0.00031,0,0,0.90247,0,-0.00156,0.90247,0,-0.00156,55.36927,0.9024687,0.01629909,80129.841,79871.899,-129.841,128.101,False,False,162.49092
470.3,TGO,THRUST,79998.619,29.4141986,0.675399,283.95197,0.09461,-0.54311,2278.93107,2278.93386,0.00279,-0.00028,-2E-05,1.0408,0,-0.00084,1.0408,0,-0.00084,55.37141,1.0408035,0.01879677,80161.024,79836.911,-161.024,163.089,False,False,161.05152
470.46,TGO,THRUST,79998.539,29.4138276,0.6752948,286.40797,0.09378,-0.69045,2278.94492,2278.93401,-0.01092,0,7E-05,1.22078,0,-0.00613,1.22078,0,-0.00613,55.37426,1.2207957,0.02204627,80213.218,79800.903,-213.218,199.097,False,False,157.74212
470.6,TGO,THRUST,79998.453,29.4134104,0.6751785,289.64762,0.09272,-0.83536,2278.96998,2278.93415,-0.03583,0,0.00024,1.39651,0,-0.01534,1.39651,0,-0.01534,55.37714,1.3965914,0.02521963,80272.093,79771.561,-272.093,228.439,False,False,153.15045
470.74,TGO,THRUST,79998.359,29.4128672,0.6750285,294.4466,0.09119,-0.99964,2279.01109,2278.9343,-0.07679,0,0.00051,1.59403,0,-0.03023,1.59403,0,-0.03023,55.38047,1.594313,0.02878836,80348.087,79744.197,-348.087,255.803,False,False,147.60998
470.88,TGO,THRUST,79998.259,29.412205,0.6748485,300.87974,0.08922,-1.17949,2279.07894,2278.93446,-0.14448,0,0.00097,1.8095,0,-0.05452,1.8095,0,-0.05452,55.38427,1.8103217,0.03268657,80449.001,79723.771,-449.001,276.229,False,False,141.38714
471.04,TGO,THRUST,79998.137,29.4112928,0.6746056,310.64636,0.08639,-1.3996,2279.20113,2278.93466,-0.26647,0,0.00179,2.07318,0,-0.09796,2.07318,0,-0.09796,55.38923,2.0754972,0.03747113,80606.286,79711.708,-606.286,288.292,False,False,133.63225
471.18,TGO,THRUST,79998.023,29.4103692,0.674366,321.52524,0.08344,-1.59377,2279.354,2278.93484,-0.41915,0,0.00281,2.30771,0,-0.15205,2.30771,0,-0.15205,55.39417,2.3127168,0.04175018,80787.854,79712.033,-787.854,287.967,False,False,126.39704
471.32,TGO,THRUST,79997.903,29.4092982,0.6740964,335.49845,0.07994,-1.78233,2279.56087,2278.93504,-0.62584,0,0.0042,2.53862,0,-0.22502,2.53862,0,-0.22502,55.39972,2.5485722,0.04600334,81023.813,79722.488,-1023.813,277.512,False,False,118.89712
471.46,TGO,THRUST,79997.778,29.408107,0.6738074,352.85012,0.07598,-1.94802,2279.82376,2278.93524,-0.88852,0,0.00596,2.74844,0,-0.31751,2.74844,0,-0.31751,55.40585,2.7667191,0.0499355,81317.725,79741.97,-1317.725,258.03,False,False,111.21476
471.62,TGO,THRUST,79997.632,29.4066611,0.673472,376.76047,0.07114,-2.0893,2280.19212,2278.93548,-1.25663,0,0.00843,2.94158,0,-0.44683,2.94158,0,-0.44683,55.41351,2.9753225,0.05369308,81726.422,79772.805,-1726.422,227.195,False,False,102.31057
471.76,TGO,THRUST,79997.505,29.4054204,0.6731978,400.06018,0.06698,-2.15224,2280.56216,2278.9357,-1.62646,0,0.01091,3.05002,0,-0.57648,3.05002,0,-0.57648,55.42073,3.1040194,0.05600828,82136.647,79804.52,-2136.647,195.48,False,False,94.47184
471.9,TGO,THRUST,79997.383,29.4042795,0.6729569,424.01729,0.06318,-2.14558,2280.9679,2278.93591,-2.03199,0,0.01363,3.08758,0,-0.7184,3.08758,0,-0.7184,55.42831,3.170055,0.05719198,82587.393,79838.77,-2587.393,161.23,False,False,86.70463
472.04,TGO,THRUST,79997.27,29.4033433,0.672767,445.37958,0.06015,-2.06032,2281.38657,2278.93611,-2.45046,0,0.01643,3.04387,0,-0.86457,3.04387,0,-0.86457,55.4361,3.1642761,0.0570797,83053.943,79873.103,-3053.943,126.897,False,False,79.10023
472.2,TGO,THRUST,79997.155,29.4026567,0.6726319,461.00223,0.05811,-1.8636,2281.84905,2278.93631,-2.91273,0,0.01954,2.89001,0,-1.02571,2.89001,0,-1.02571,55.44505,3.0666341,0.05530943,83570.871,79909.955,-3570.871,90.045,False,False,70.92013
472.34,TGO,THRUST,79997.067,29.4025374,0.6726088,460.86959,0.05813,-1.60892,2282.20786,2278.93647,-3.27139,0,0.02194,2.66849,0,-1.15039,2.66849,0,-1.15039,55.45271,2.9058972,0.05240316,83972.489,79938.315,-3972.489,61.685,False,False,64.56112
472.48,TGO,THRUST,79996.987,29.4028831,0.6726769,447.32813,0.05991,-1.2991,2282.49603,2278.93661,-3.55942,0,0.02388,2.38793,0,-1.25016,2.38793,0,-1.25016,55.46001,2.6953869,0.04860054,84295.099,79961.183,-4295.099,38.817,False,False,59.06716
472.62,TGO,THRUST,79996.929,29.403537,0.6728098,426.56255,0.06284,-0.96413,2282.70565,2278.93673,-3.76892,0,0.02528,2.07903,0,-1.32236,2.07903,0,-1.32236,55.46683,2.4639382,0.04442183,84529.871,79977.769,-4529.871,22.231,False,False,54.39475
472.78,TGO,THRUST,79996.882,29.4044978,0.6730138,400.23443,0.067,-0.5823,2282.85166,2278.93683,-3.91483,0,0.02626,1.71746,0,-1.37214,1.71746,0,-1.37214,55.47397,2.1982819,0.03962727,84693.226,79989.515,-4693.226,10.485,False,False,50.00876
472.92,TGO,THRUST,79996.858,29.405438,0.6732233,377.74054,0.07101,-0.26375,2282.90779,2278.93688,-3.97091,0,0.02664,1.41075,0,-1.3907,1.41075,0,-1.3907,55.47959,1.9809786,0.03570644,84755.426,79994.602,-4755.426,5.398,False,False,46.91906
473.06,TGO,THRUST,79996.848,29.4063831,0.6734437,357.56416,0.07504,0.0227,2282.90753,2278.93691,-3.97062,0,0.02664,1.1311,0,-1.38964,1.1311,0,-1.38964,55.48465,1.7917805,0.03229326,84753.758,79995.885,-4753.758,4.115,False,False,44.23269
473.2,TGO,THRUST,79996.849,29.4072974,0.6736664,339.93884,0.07896,0.27537,2282.86341,2278.93692,-3.92649,0,0.02634,0.88069,0,-1.37335,0.88069,0,-1.37335,55.48922,1.631472,0.0294016,84702.163,79994.479,-4702.163,5.521,False,False,41.82231
473.36,TGO,THRUST,79996.864,29.4082663,0.6739126,322.91995,0.08315,0.52164,2282.77279,2278.93691,-3.83588,0,0.02573,0.63201,0,-1.34081,0.63201,0,-1.34081,55.49395,1.4822969,0.02671096,84597.173,79990.702,-4597.173,9.298,False,False,39.24682
473.5,TGO,THRUST,79996.889,29.4090309,0.6741144,310.48874,0.0865,0.70382,2282.66589,2278.93688,-3.72902,0,0.02502,0.44361,0,-1.30279,0.44361,0,-1.30279,55.49772,1.3762484,0.02479829,84473.45,79986.19,-4473.45,13.81,False,False,37.15311
473.64,TGO,THRUST,79996.923,29.4097006,0.6742967,300.16798,0.08949,0.85386,2282.54281,2278.93683,-3.60598,0,0.02419,0.28359,0,-1.25923,0.28359,0,-1.25923,55.50121,1.2907651,0.02325652,84330.89,79981.161,-4330.89,18.839,False,False,35.05453
473.78,TGO,THRUST,79996.968,29.4102869,0.6744608,291.4951,0.09217,0.97621,2282.40832,2278.93676,-3.47156,0,0.02329,0.1475,0,-1.21177,0.1475,0,-1.21177,55.50447,1.2207129,0.02199306,84174.921,79975.946,-4174.921,24.054,False,False,32.97854
473.94,TGO,THRUST,79997.032,29.4108637,0.6746263,283.21584,0.09488,1.08584,2282.24625,2278.93667,-3.30958,0,0.0222,0.01749,0,-1.15471,0.01749,0,-1.15471,55.50797,1.1548403,0.02080495,83986.61,79970.095,-3986.61,29.905,False,False,30.64418
474.08,TGO,THRUST,79997.099,29.4112955,0.674753,277.12413,0.09698,1.15886,2282.09953,2278.93657,-3.16297,0,0.02122,-0.07748,0,-1.10315,-0.07748,0,-1.10315,55.51088,1.1058677,0.01992164,83815.786,79965.244,-3815.786,34.756,False,False,28.68093
474.22,TGO,THRUST,79997.176,29.4116649,0.6748634,271.92905,0.09884,1.21243,2281.95263,2278.93645,-3.01618,0,0.02023,-0.15678,0,-1.05159,-0.15678,0,-1.05159,55.51365,1.0632174,0.01915236,83644.373,79960.829,-3644.373,39.171,False,False,26.79004
474.36,TGO,THRUST,79997.275,29.411976,0.6749578,267.50358,0.10049,1.24914,2281.80652,2278.93631,-2.87021,0,0.01925,-0.22282,4,-1.00038,-0.22282,4,-1.00038,55.51631,4.1292146,0.0743784,83473.49,79956.916,-3473.49,43.084,False,False,87.55694
474.52,TGO,THRUST,79997.387,29.4125984,0.6751508,260.06906,0.10337,1.29266,2281.46117,2278.93614,-2.52503,0,0.01693,-0.30282,4,-0.87942,-0.30282,4,-0.87942,55.52584,4.1067128,0.0739604,83067.988,79948.626,-3067.988,51.374,False,False,86.75296
474.68,TGO,THRUST,79997.508,29.4138864,0.6755639,247.24011,0.10877,1.32808,2280.81792,2278.93594,-1.88197,0,0.01262,-0.37764,4,-0.65424,-0.37764,4,-0.65424,55.53748,4.0707051,0.07329654,82316.448,79929.564,-2316.448,70.436,False,False,86.64164
474.84,TGO,THRUST,79997.631,29.4150329,0.6759471,236.72949,0.11363,1.30828,2280.17587,2278.93574,-1.24014,0,0.00831,-0.39955,4,-0.42966,-0.39955,4,-0.42966,55.54903,4.0428017,0.07277898,81576.907,79901.006,-1576.907,98.994,False,False,85.8373
475,TGO,THRUST,79997.746,29.4158475,0.6762285,229.47903,0.11724,1.23403,2279.53792,2278.93553,-0.60239,0,0.00404,-0.3663,4,-0.2067,-0.3663,4,-0.2067,55.56051,4.0220514,0.07239047,80872.927,79842.795,-872.927,157.205,False,False,84.46081
475.18,TGO,THRUST,79997.849,29.4162312,0.6763639,225.65386,0.11922,1.10907,2278.90774,2278.93535,0.02761,-0.00095,-0.00019,-0.27888,4,0.01338,-0.27888,4,0.01338,55.57192,4.0097322,0.07215393,80313.199,79650.568,-313.199,349.432,False,False,82.62864
475.34,TGO,THRUST,79997.932,29.416092,0.6763142,225.57295,0.11922,0.93749,2278.29042,2278.93519,0.64477,0.01015,-0.00432,-0.139,4,0.22881,-0.139,4,0.22881,55.58329,4.0089492,0.07212508,80089.171,79138.903,-89.171,861.097,False,False,80.53966
475.5,TGO,THRUST,79997.991,29.4153065,0.6760365,230.14827,0.11677,0.72265,2277.69335,2278.93506,1.24171,0.02089,-0.00832,0.05187,4,0.43702,0.05187,4,0.43702,55.59466,4.0241366,0.07238352,80029.046,78488.313,-29.046,1511.687,False,False,78.38766
475.66,TGO,THRUST,79998.022,29.4138416,0.675532,240.28837,0.11173,0.47138,2277.12371,2278.93498,1.81127,0.03112,-0.01214,0.28859,4,0.63552,0.28859,4,0.63552,55.60606,4.0604405,0.07302155,80007.5,77832.529,-7.5,2167.471,False,False,76.25501
475.84,TGO,THRUST,79998.018,29.411394,0.6747311,260.31692,0.10299,0.15509,2276.52178,2278.93495,2.41317,0.04191,-0.01617,0.60156,4,0.84513,0.60156,4,0.84513,55.61898,4.1323263,0.07429705,79999.178,77125.908,0.822,2874.092,False,False,73.87416
475.98,TGO,THRUST,79997.979,29.4085198,0.6738606,289.4131,0.09249,-0.14716,2276.02564,2278.93498,2.90934,0.05079,-0.01949,0.91373,0,1.01777,0.91373,0,1.01777,55.63065,1.3677577,0.0245864,79998.987,76537.371,1.013,3462.629,False,False,141.91637
476.14,TGO,THRUST,79997.922,29.4059383,0.6731446,321.81551,0.08308,-0.38203,2275.68179,2278.93506,3.25327,0.05795,-0.02179,1.1695,0,1.13737,1.1695,0,1.13737,55.6365,1.6313612,0.02932178,80001.73,76126.828,-1.73,3873.172,False,False,135.45987
476.3,TGO,THRUST,79997.861,29.4044744,0.6727652,342.77094,0.07795,-0.4945,2275.54154,2278.93516,3.39361,0.06037,-0.02273,1.30474,0,1.18611,1.30474,0,1.18611,55.64093,1.7632963,0.03169063,80003.685,75958.443,-3.685,4041.557,False,False,129.41556
476.46,TGO,THRUST,79997.792,29.4025628,0.672299,375.67384,0.07107,-0.61802,2275.40777,2278.93526,3.52749,0.06273,-0.02363,1.45316,0,1.23255,1.45316,0,1.23255,55.64584,1.9054805,0.034243,80006.292,75797.058,-6.292,4202.942,False,False,123.30791
476.62,TGO,THRUST,79997.717,29.4003202,0.6717953,424.28687,0.06288,-0.74209,2275.28609,2278.93538,3.64929,0.06485,-0.02444,1.6047,0,1.27477,1.6047,0,1.27477,55.65115,2.0494114,0.03682604,80009.351,75649.515,-9.351,4350.485,False,False,117.06183
476.78,TGO,THRUST,79997.634,29.3977419,0.671275,499.70922,0.05334,-0.86222,2275.17815,2278.93551,3.75737,0.06674,-0.02516,1.75488,0,1.31219,1.75488,0,1.31219,55.65686,2.191224,0.03937024,80012.708,75517.896,-12.708,4482.104,False,False,110.6011
476.94,TGO,THRUST,79997.547,29.3948248,0.6707635,627.49052,0.04245,-0.97252,2275.0886,2278.93566,3.84705,0.06828,-0.02576,1.89748,0,1.34321,1.89748,0,1.34321,55.66298,2.3247901,0.04176546,80016.119,75407.96,-16.119,4592.04,False,False,103.87441
477.1,TGO,THRUST,79997.456,29.391582,0.6702924,880.38503,0.03023,-1.06605,2275.02303,2278.93581,3.91277,0.06941,-0.0262,2.02481,0,1.3659,2.02481,0,1.3659,55.66949,2.4424494,0.04387411,80019.258,75326.623,-19.258,4673.377,False,False,96.83819
477.26,TGO,THRUST,79997.366,29.3880538,0.669898,1578.47129,0.01685,-1.13512,2274.98659,2278.93596,3.94937,0.07002,-0.02645,2.12817,0,1.37848,2.12817,0,1.37848,55.67634,2.5356054,0.04554189,80021.729,75280.364,-21.729,4719.636,False,False,89.4629
477.42,TGO,THRUST,79997.281,29.3843101,0.6696156,10299.87021,0.00258,-1.17185,2274.98414,2278.93611,3.95197,0.07002,-0.02647,2.19829,0,1.37927,2.19829,0,1.37927,55.68347,2.5951641,0.04660565,80023.111,75275.368,-23.111,4724.632,False,False,81.72563
477.58,TGO,THRUST,79997.213,29.3804532,0.6694725,26.5823,0,-1.16915,2275.01888,2278.93625,3.91737,0.06937,-0.02623,2.22649,0,1.36717,2.22649,0,1.36717,55.6908,2.612739,0.04691509,80023.028,75315.805,-23.028,4684.195,False,False,74.64477
477.74,TGO,THRUST,79997.147,29.3766147,0.6694802,26.58346,0,-1.12175,2275.09163,2278.93637,3.84474,0.06899,-0.02575,2.20577,0,1.34191,2.20577,0,1.34191,55.6982,2.5818893,0.04635499,80021.241,75402.934,-21.241,4597.066,False,False,66.1733
477.9,TGO,THRUST,79997.099,29.3729453,0.6696282,7973.49039,0.00333,-1.02743,2275.20027,2278.93646,3.73619,0.06611,-0.02502,2.13222,0,1.30423,2.13222,0,1.30423,55.70556,2.4994795,0.04486948,80017.757,75534.278,-17.757,4465.722,False,False,57.28418
478.06,TGO,THRUST,79997.071,29.3696007,0.6698834,1648.80587,0.01613,-0.88789,2275.33942,2278.93653,3.5971,0.06363,-0.02409,2.00612,0,1.25602,2.00612,0,1.25602,55.71272,2.3668751,0.04248357,80012.909,75703.206,-12.909,4296.794,False,False,47.99547
478.22,TGO,THRUST,79997.062,29.3667389,0.6701927,984.91691,0.02702,-0.70551,2275.49969,2278.93656,3.43687,0.0608,-0.02302,1.82947,0,1.20054,1.82947,0,1.20054,55.71953,2.1882073,0.03927181,80007.267,75898.081,-7.267,4101.919,False,False,38.63054
478.38,TGO,THRUST,79997.072,29.3645483,0.6704859,755.59524,0.03524,-0.48606,2275.67415,2278.93656,3.26241,0.05773,-0.02185,1.60894,0,1.14022,1.60894,0,1.14022,55.72588,1.9719971,0.03538745,80001.79,76109.824,-1.79,3890.176,False,False,29.82829
478.54,TGO,THRUST,79997.1,29.3630553,0.6707134,654.87005,0.04068,-0.24853,2275.8464,2278.93653,3.09013,0.05471,-0.0207,1.36412,0,1.08071,1.36412,0,1.08071,55.73164,1.7403309,0.03122698,79997.828,76317.683,2.172,3682.317,False,False,22.22501
478.7,TGO,THRUST,79997.146,29.3621229,0.6708664,607.31165,0.04388,-0.0166,2276.00548,2278.93647,2.931,0.05194,-0.01963,1.11819,0,1.02579,1.11819,0,1.02579,55.73675,1.5174326,0.02722499,79996.326,76507.704,3.674,3492.296,False,False,17.26666
478.86,TGO,THRUST,79997.21,29.3616247,0.6709515,587.83015,0.04534,0.19741,2276.14667,2278.93638,2.78971,0.04948,-0.01869,0.88332,0,0.97706,0.88332,0,0.97706,55.74122,1.3171571,0.02362986,79997.378,76674.201,2.622,3325.799,False,False,17.56765
479.02,TGO,THRUST,79997.293,29.3614473,0.6709822,585.59793,0.04552,0.38867,2276.26868,2278.93626,2.66758,0.04736,-0.01787,0.66449,0,0.93495,0.66449,0,0.93495,55.74511,1.1470326,0.02057638,80000.604,76815.953,-0.604,3184.047,False,False,23.43263
479.18,TGO,THRUST,79997.392,29.3614925,0.6709744,594.97923,0.0448,0.55679,2276.37225,2278.93612,2.56387,0.04556,-0.01718,0.46236,0,0.89922,0.46236,0,0.89922,55.74849,1.0111229,0.01813723,80005.456,76934.353,-5.456,3065.647,False,False,32.49806
479.34,TGO,THRUST,79997.489,29.3616685,0.6709445,611.95634,0.04356,0.70508,2276.45821,2278.93594,2.47774,0.04407,-0.0166,0.27437,0,0.86957,0.27437,0,0.86957,55.75146,0.9118268,0.01635521,80011.458,77030.838,-11.458,2969.162,False,False,43.16392
479.5,TGO,THRUST,79997.61,29.3619142,0.6709036,634.14045,0.04204,0.83818,2276.52885,2278.93575,2.4069,0.04283,-0.01612,0.09724,0,0.84522,0.09724,0,0.84522,55.75412,0.8507955,0.01525978,80018.301,77108.411,-18.301,2891.589,False,False,54.49698
479.64,TGO,THRUST,79997.738,29.3622242,0.6708532,662.24998,0.04025,0.9592,2276.58967,2278.93554,2.34587,0.04175,-0.01572,-0.07104,0,0.82426,-0.07104,0,0.82426,55.75658,0.8273195,0.01483806,80025.793,77173.771,-25.793,2826.229,False,False,65.45023
479.82,TGO,THRUST,79997.864,29.3626092,0.6707927,698.51021,0.03816,1.07131,2276.64588,2278.93533,2.28945,0.04075,-0.01534,-0.23078,0,0.80489,-0.23078,0,0.80489,55.75895,0.8373244,0.01501686,80033.891,77233.109,-33.891,2766.891,False,False,74.92496
479.98,TGO,THRUST,79998.003,29.3630863,0.6707205,746.72217,0.03569,1.17743,2276.70166,2278.9351,2.23344,0.03974,-0.01496,-0.38736,0,0.78565,-0.38736,0,0.78565,55.76132,0.8759486,0.01570889,80042.699,77291.32,-42.699,2708.68,False,False,82.39639
480.14,TGO,THRUST,79998.145,29.363674,0.6706358,813.13136,0.03277,1.27973,2276.76027,2278.93487,2.1746,0.03867,-0.01457,-0.54258,0,0.76539,-0.54258,0,0.76539,55.76379,0.9382008,0.01682455,80052.387,77352.101,-52.387,2647.899,False,False,87.53463
480.3,TGO,THRUST,79998.292,29.364401,0.6705371,909.86646,0.02929,1.3781,2276.82505,2278.93462,2.10957,0.03748,-0.01413,-0.69558,0,0.74296,-0.69558,0,0.74296,55.76641,1.0177545,0.01825031,80063.045,77419.322,-63.045,2580.678,False,False,90.35888
480.46,TGO,THRUST,79998.445,29.3652883,0.6704258,1059.68771,0.02514,1.47146,2276.89845,2278.93437,2.03593,0.03613,-0.01364,-0.84576,0,0.7175,-0.84576,0,0.7175,55.76925,1.1091075,0.01988744,80074.724,77495.827,-74.724,2504.173,False,False,91.17877
480.62,TGO,THRUST,79998.605,29.3663458,0.670306,1312.28904,0.0203,1.55817,2276.98212,2278.93411,1.95199,0.03459,-0.01308,-0.99178,0,0.68841,-0.99178,0,0.68841,55.77234,1.2072903,0.02164676,80087.431,77583.588,-87.431,2416.412,False,False,90.37556
480.78,TGO,THRUST,79998.772,29.3675761,0.6701838,1806.22107,0.01475,1.63572,2277.07744,2278.93384,1.8564,0.03284,-0.01244,-1.13121,0,0.65522,-1.13121,0,0.65522,55.7757,1.3072689,0.02343797,80101.091,77684.312,-101.091,2315.688,False,False,88.30839
480.94,TGO,THRUST,79998.944,29.3689731,0.6700675,3131.11457,0.00851,1.70086,2277.18552,2278.93355,1.74804,0.03086,-0.01171,-1.26061,0,0.61751,-1.26061,0,0.61751,55.77935,1.4037309,0.02516578,80115.525,77799.487,-115.525,2200.513,False,False,85.27852
481.1,TGO,THRUST,79999.12,29.3705201,0.6699663,16194.05534,0.00164,1.74983,2277.30707,2278.93326,1.62619,0.02864,-0.0109,-1.37579,0,0.57503,-1.37579,0,0.57503,55.78327,1.4911247,0.02673068,80130.454,77930.244,-130.454,2069.756,False,False,81.52408
481.26,TGO,THRUST,79999.298,29.3721882,0.6698896,26.6272,0,1.77873,2277.44226,2278.93296,1.4907,0.02672,-0.00999,-1.47216,0,0.5277,-1.47216,0,0.5277,55.78745,1.5638815,0.02803286,80145.511,78077.151,-145.511,1922.849,False,False,77.22964
481.42,TGO,THRUST,79999.476,29.3739358,0.6698453,26.62717,0,1.78393,2277.59055,2278.93266,1.34211,0.02405,-0.00899,-1.54522,0,0.47571,-1.54522,0,0.47571,55.79185,1.6167916,0.02897899,80160.276,78239.971,-160.276,1760.029,False,False,72.54132
481.58,TGO,THRUST,79999.65,29.3757096,0.669838,26.62875,0,1.76261,2277.75053,2278.93237,1.18184,0.0206,-0.00792,-1.5911,0,0.41955,-1.5911,0,0.41955,55.79641,1.6454858,0.02949089,80174.345,78417.429,-174.345,1582.571,False,False,67.58368
481.74,TGO,THRUST,79999.818,29.3774474,0.6698679,26.63192,0,1.71316,2277.91984,2278.93208,1.01224,0.01754,-0.00678,-1.60712,0,0.36002,-1.60712,0,0.36002,55.80107,1.6469479,0.02951463,80187.411,78607.026,-187.411,1392.974,False,False,62.47667
481.9,TGO,THRUST,79999.978,29.3790795,0.6699296,26.63643,0,1.63562,2278.09554,2278.93181,0.83627,0.01439,-0.0056,-1.59226,0,0.29817,-1.59226,0,0.29817,55.80575,1.6199428,0.02902824,80199.433,78805.276,-199.433,1194.724,False,False,57.37976
482.06,TGO,THRUST,80000.144,29.3805012,0.67001,5341.74964,0.00499,1.53175,2278.27706,2278.93155,0.65448,0.01114,-0.00439,-1.54746,0,0.2342,-1.54746,0,0.2342,55.81039,1.5650781,0.02804277,80211.4,79010.54,-211.4,989.46,False,False,51.70976
482.22,TGO,THRUST,80000.278,29.3816523,0.6700937,2595.64298,0.01027,1.40588,2278.45908,2278.93131,0.47223,0.0079,-0.00316,-1.47619,0,0.16999,-1.47619,0,0.16999,55.81488,1.4859483,0.0266228,80224.642,79215.116,-224.642,784.884,False,False,47.20422
482.38,TGO,THRUST,80000.397,29.3825154,0.6701677,1855.65545,0.01436,1.26398,2278.63436,2278.93109,0.29673,0.00478,-0.00199,-1.38366,0,0.10809,-1.38366,0,0.10809,55.81916,1.3878765,0.0248638,80241,79408.535,-241,591.465,False,False,43.07247
482.54,TGO,THRUST,80000.5,29.3831445,0.6702279,1523.48511,0.0175,1.11219,2278.794,2278.93091,0.1369,0.00196,-0.00092,-1.27535,0,0.05164,-1.27535,0,0.05164,55.82318,1.2763904,0.02286488,80261.863,79578.778,-261.863,421.222,False,False,39.2773
482.7,TGO,THRUST,80000.577,29.3835757,0.6702726,1345.35658,0.01982,0.95636,2278.93346,2278.93074,-0.00272,0,2E-05,-1.15676,0,0.00225,-1.15676,0,0.00225,55.8269,1.1567584,0.02072045,80289.196,79718.442,-289.196,281.558,False,False,36.49253
482.86,TGO,THRUST,80000.65,29.3838398,0.6703013,1243.23222,0.02145,0.80163,2279.05044,2278.93061,-0.11983,0,0.0008,-1.03305,0,-0.03925,-1.03305,0,-0.03925,55.83027,1.033793,0.01851671,80323.817,79823.946,-323.817,176.054,False,False,33.39207
483,TGO,THRUST,80000.702,29.3839536,0.6703142,1191.0324,0.02239,0.66959,2279.13308,2278.93051,-0.20257,0,0.00136,-0.92352,0,-0.06866,-0.92352,0,-0.06866,55.83293,0.9260691,0.01658643,80357.431,79889.359,-357.431,110.641,False,False,31.11467
483.14,TGO,THRUST,80000.745,29.3839811,0.6703173,1160.78085,0.02297,0.54544,2279.19709,2278.93043,-0.26666,0,0.00179,-0.818,0,-0.0915,-0.818,0,-0.0915,55.83532,0.823102,0.0147416,80390.096,79933.427,-390.096,66.573,False,False,29.22533
483.28,TGO,THRUST,80000.779,29.3839522,0.670314,1143.40235,0.02332,0.43062,2279.24601,2278.93036,-0.31564,0,0.00212,-0.71809,0,-0.10903,-0.71809,0,-0.10903,55.83744,0.7263246,0.01300784,80419.968,79962.215,-419.968,37.785,False,False,27.72403
483.44,TGO,THRUST,80000.806,29.3838791,0.6703054,1132.11606,0.02355,0.31258,2279.28677,2278.93031,-0.35646,0,0.00239,-0.61277,0,-0.12371,-0.61277,0,-0.12371,55.83958,0.6251305,0.01119511,80448.788,79982.289,-448.788,17.711,False,False,26.44916
483.58,TGO,THRUST,80000.821,29.3837971,0.6702957,1125.99212,0.02368,0.21937,2279.31202,2278.93027,-0.38175,0,0.00256,-0.5271,0,-0.13288,-0.5271,0,-0.13288,55.84121,0.5435863,0.0097345,80468.762,79992.613,-468.762,7.387,False,False,25.75709
483.72,TGO,THRUST,80000.829,29.3837145,0.6702859,1120.07264,0.02381,0.13798,2279.32905,2278.93025,-0.3988,0,0.00267,-0.45022,0,-0.13912,-0.45022,0,-0.13912,55.84262,0.4712209,0.00843837,80483.517,79998.296,-483.517,1.704,False,False,25.38179
483.86,TGO,THRUST,80000.83,29.3836382,0.6702768,1113.00783,0.02396,0.06664,2279.33987,2278.93025,-0.40962,0,0.00275,-0.38074,0,-0.14314,-0.38074,0,-0.14314,55.84385,0.4067622,0.00728392,80493.754,80001.025,-493.754,-1.025,False,False,25.38869
484.02,TGO,THRUST,80000.825,29.3835643,0.6702679,1102.5176,0.02419,-0.0035,2279.34638,2278.93025,-0.41613,0,0.00279,-0.31002,0,-0.14566,-0.31002,0,-0.14566,55.84505,0.3425286,0.00613355,80500.739,80001.831,-500.739,-1.831,False,False,25.94139
484.16,TGO,THRUST,80000.817,29.383512,0.6702616,1091.22252,0.02444,-0.05704,2279.34817,2278.93026,-0.4179,0,0.0028,-0.25411,0,-0.14646,-0.25411,0,-0.14646,55.84595,0.2932971,0.0052519,80503.439,80001.251,-503.439,-1.251,False,False,27.10338
484.3,TGO,THRUST,80000.807,29.3834726,0.6702568,1077.79739,0.02474,-0.10235,2279.34731,2278.93028,-0.41703,0,0.0028,-0.20526,0,-0.1463,-0.20526,0,-0.1463,55.84671,0.2520618,0.00451346,80503.66,79999.958,-503.66,0.042,False,False,28.83753
484.44,TGO,THRUST,80000.796,29.3834436,0.6702533,1062.8535,0.02509,-0.14112,2279.34447,2278.93029,-0.41417,0,0.00278,-0.16237,0,-0.14543,-0.16237,0,-0.14543,55.84737,0.2179761,0.00390307,80501.909,79998.253,-501.909,1.747,False,False,31.21295
484.6,TGO,THRUST,80000.785,29.3834214,0.6702505,1044.4066,0.02553,-0.1786,2279.33954,2278.93031,-0.40923,0,0.00274,-0.1203,0,-0.14383,-0.1203,0,-0.14383,55.84802,0.1875085,0.00335748,80498.125,79996.049,-498.125,3.951,False,False,34.52075
484.74,TGO,THRUST,80000.779,29.383409,0.670249,1027.60978,0.02595,-0.207,2279.33386,2278.93033,-0.40353,0,0.00271,-0.08881,0,-0.14193,-0.08881,0,-0.14193,55.84851,0.1674251,0.00299784,80493.302,79993.982,-493.302,6.018,False,False,37.7635
484.88,TGO,THRUST,80000.778,29.3834006,0.6702479,1010.71767,0.02638,-0.23127,2279.32711,2278.93034,-0.39678,0,0.00266,-0.06299,0,-0.13965,-0.06299,0,-0.13965,55.84894,0.1531965,0.00274305,80487.194,79991.903,-487.194,8.097,False,False,40.5795
485.02,TGO,THRUST,80000.783,29.3833935,0.670247,994.15421,0.02682,-0.25245,2279.31908,2278.93033,-0.38875,0,0.00261,-0.0423,0,-0.13691,-0.0423,0,-0.13691,55.84933,0.1432946,0.00256573,80479.564,79989.803,-479.564,10.197,False,False,42.53028
485.18,TGO,THRUST,80000.797,29.3833877,0.6702462,975.54258,0.02733,-0.27369,2279.30851,2278.93032,-0.37819,0,0.00254,-0.02456,0,-0.13328,-0.02456,0,-0.13328,55.84975,0.1355283,0.00242666,80469.204,79987.37,-469.204,12.63,False,False,43.05777
485.32,TGO,THRUST,80000.817,29.3833854,0.6702459,959.40567,0.02779,-0.29025,2279.29794,2278.93029,-0.36765,0,0.00246,-0.01404,0,-0.12965,-0.01404,0,-0.12965,55.85009,0.1304096,0.00233499,80458.615,79985.181,-458.615,14.819,False,False,41.70425
485.46,TGO,THRUST,80000.845,29.3833856,0.670246,943.43652,0.02826,-0.3048,2279.28619,2278.93025,-0.35594,0,0.00239,-0.00823,0,-0.1256,-0.00823,0,-0.1256,55.85042,0.1258705,0.00225371,80446.63,79982.966,-446.63,17.034,False,False,38.43972
485.6,TGO,THRUST,80000.878,29.3833892,0.6702465,927.54397,0.02875,-0.31746,2279.27333,2278.9302,-0.34313,0,0.0023,-0.00672,0,-0.12116,-0.00672,0,-0.12116,55.85074,0.1213455,0.00217268,80433.331,79980.728,-433.331,19.272,False,False,33.30959
485.76,TGO,THRUST,80000.919,29.3833971,0.6702475,909.5118,0.02932,-0.32941,2279.25749,2278.93013,-0.32736,0,0.00219,-0.00965,0,-0.11568,-0.00965,0,-0.11568,55.85108,0.1160826,0.00207843,80416.747,79978.191,-416.747,21.809,False,False,25.49367
485.9,TGO,THRUST,80000.951,29.383407,0.6702489,893.91873,0.02983,-0.33732,2279.24272,2278.93007,-0.31265,0,0.0021,-0.0147,0,-0.11056,-0.0147,0,-0.11056,55.85138,0.1115299,0.0019969,80401.051,79976.057,-401.051,23.943,False,False,17.79687
486.04,TGO,THRUST,80000.98,29.3834197,0.6702507,878.50359,0.03035,-0.34316,2279.22781,2278.93002,-0.29778,0,0.002,-0.0204,0,-0.10537,-0.0204,0,-0.10537,55.85166,0.1073304,0.0019217,80385.07,79974.034,-385.07,25.966,False,False,10.25235
486.18,TGO,THRUST,80001.002,29.3834336,0.6702526,863.47738,0.03088,-0.3474,2279.21304,2278.92998,-0.28306,0,0.0019,-0.02573,0,-0.10024,-0.02573,0,-0.10024,55.85193,0.1034855,0.00185285,80369.179,79972.101,-369.179,27.899,False,False,4.73093
486.34,TGO,THRUST,80001.019,29.3834495,0.6702549,846.90622,0.03148,-0.35065,2279.19655,2278.92994,-0.26661,0,0.00179,-0.03054,0,-0.09449,-0.03054,0,-0.09449,55.85222,0.0993004,0.00177791,80351.373,79969.988,-351.373,30.012,False,False,-7.4901
486.48,TGO,THRUST,80001.027,29.3834631,0.6702569,832.95992,0.03201,-0.35236,2279.18247,2278.92992,-0.25255,0,0.00169,-0.03307,0,-0.08957,-0.03307,0,-0.08957,55.85247,0.0954842,0.00170958,80336.149,79968.202,-336.149,31.798,False,False,-12.37865
486.62,TGO,THRUST,80001.024,29.3834757,0.6702587,819.56711,0.03253,-0.35315,2279.16889,2278.92992,-0.23897,0,0.0016,-0.03376,0,-0.08482,-0.03376,0,-0.08482,55.85272,0.0912956,0.00163458,80321.446,79966.488,-321.446,33.512,False,False,-16.30773
486.76,TGO,THRUST,80001.011,29.3834872,0.6702605,806.70518,0.03305,-0.35324,2279.15586,2278.92993,-0.22593,0,0.00151,-0.02983,0,-0.08026,-0.02983,0,-0.08026,55.85295,0.0856227,0.001533,80307.328,79964.822,-307.328,35.178,False,False,-17.17289
486.92,TGO,THRUST,80000.992,29.3834986,0.6702622,792.67238,0.03364,-0.35267,2279.14178,2278.92996,-0.21182,0,0.00142,-0.02473,0,-0.07532,-0.02473,0,-0.07532,55.85319,0.0792774,0.00141939,80292.109,79962.997,-292.109,37.003,False,False,-16.91261
487.06,TGO,THRUST,80000.967,29.3835067,0.6702634,780.96351,0.03414,-0.35175,2279.13023,2278.92999,-0.20024,0,0.00134,-0.01797,0,-0.07126,-0.01797,0,-0.07126,55.85339,0.0734916,0.00131579,80279.653,79961.46,-279.653,38.54,False,False,-14.12371
487.2,TGO,THRUST,80000.935,29.3835128,0.6702643,769.79516,0.03464,-0.35062,2279.11956,2278.93004,-0.18952,0,0.00127,-0.0085,0,-0.06751,-0.0085,0,-0.06751,55.85358,0.0680399,0.00121818,80268.188,79959.988,-268.188,40.012,False,False,-7.9843
487.34,TGO,THRUST,80000.896,29.3835156,0.6702648,759.24868,0.03512,-0.34945,2279.1097,2278.9301,-0.1796,0,0.0012,0.00357,0,-0.06403,0.00357,0,-0.06403,55.85376,0.0641306,0.00114819,80257.655,79958.551,-257.655,41.449,False,False,1.89472
487.5,TGO,THRUST,80000.846,29.3835141,0.6702645,747.96348,0.03565,-0.34824,2279.0993,2278.93018,-0.16912,0,0.00113,0.02012,0,-0.06036,0.02012,0,-0.06036,55.85394,0.063626,0.00113915,80246.655,79956.915,-246.655,43.085,False,False,16.85664
487.64,TGO,THRUST,80000.804,29.3835095,0.6702638,738.65038,0.03609,-0.34753,2279.09058,2278.93025,-0.16033,0,0.00107,0.03625,0,-0.05728,0.03625,0,-0.05728,55.8541,0.0677879,0.00121366,80237.587,79955.38,-237.587,44.62,False,False,30.36591
487.76,TGO,THRUST,80000.768,29.3835048,0.6702631,729.57509,0.03654,-0.3476,2279.08174,2278.93032,-0.15142,0,0.00101,0.05125,0,-0.05416,0.05125,0,-0.05416,55.85427,0.0745651,0.00133499,80228.665,79953.544,-228.665,46.456,False,False,40.61958
487.92,TGO,THRUST,80000.733,29.3834997,0.6702623,720.75289,0.03699,-0.34788,2279.07221,2278.93038,-0.14183,0,0.00095,0.06495,0,-0.05081,0.06495,0,-0.05081,55.85445,0.0824624,0.00147638,80219.236,79951.386,-219.236,48.614,False,False,47.87423
488.08,TGO,THRUST,80000.712,29.3834931,0.6702612,710.99026,0.0375,-0.34808,2279.06005,2278.93043,-0.12962,0,0.00087,0.07664,0,-0.04654,0.07664,0,-0.04654,55.85468,0.0896588,0.00160522,80207.412,79948.461,-207.412,51.539,False,False,52.60042
488.22,TGO,THRUST,80000.702,29.3834869,0.6702602,702.69882,0.03794,-0.34794,2279.04841,2278.93045,-0.11796,0,0.00079,0.08208,0,-0.04245,0.08208,0,-0.04245,55.8549,0.092405,0.00165438,80196.276,79945.502,-196.276,54.498,False,False,54.24376
488.36,TGO,THRUST,80000.7,29.3834806,0.6702592,694.60769,0.03838,-0.34732,2279.03593,2278.93047,-0.10547,0,0.00071,0.0841,0,-0.03808,0.0841,0,-0.03808,55.85512,0.0923186,0.00165282,80184.524,79942.159,-184.524,57.841,False,False,54.50231
488.5,TGO,THRUST,80000.705,29.3834748,0.6702582,686.66776,0.03883,-0.34611,2279.02318,2278.93046,-0.09272,0,0.00062,0.08264,0,-0.03361,0.08264,0,-0.03361,55.85536,0.0892168,0.00159728,80172.714,79938.558,-172.714,61.442,False,False,53.54232
488.66,TGO,THRUST,80000.72,29.3834692,0.6702573,677.73029,0.03934,-0.34392,2279.00886,2278.93045,-0.07841,0,0.00053,0.07676,0,-0.0286,0.07676,0,-0.0286,55.85561,0.0819167,0.00146658,80159.661,79934.291,-159.661,65.709,False,False,51.0465
488.8,TGO,THRUST,80000.739,29.3834657,0.6702567,669.99943,0.03979,-0.34131,2278.99697,2278.93042,-0.06655,0,0.00045,0.06812,0,-0.02444,0.06812,0,-0.02444,55.85582,0.0723727,0.00129571,80148.983,79930.586,-148.983,69.414,False,False,47.5934
488.94,TGO,THRUST,80000.765,29.3834637,0.6702563,662.33437,0.04025,-0.33818,2278.9863,2278.93038,-0.05592,0,0.00037,0.05665,0,-0.02071,0.05665,0,-0.02071,55.85601,0.0603146,0.00107982,80139.483,79927.156,-139.483,72.844,False,False,42.66622
489.08,TGO,THRUST,80000.794,29.3834638,0.6702563,654.69232,0.04072,-0.33471,2278.97719,2278.93034,-0.04686,0,0.00031,0.04299,0,-0.01752,0.04299,0,-0.01752,55.85616,0.0464188,0.00083104,80131.378,79924.198,-131.378,75.802,False,False,35.62193
489.24,TGO,THRUST,80000.827,29.3834678,0.670257,645.90924,0.04127,-0.33063,2278.96918,2278.93028,-0.0389,0,0.00026,0.02621,0,-0.01472,0.02621,0,-0.01472,55.85631,0.0300598,0.00053816,80124.123,79921.674,-124.123,78.326,False,False,22.6768
489.38,TGO,THRUST,80000.849,29.3834727,0.6702579,638.32863,0.04177,-0.32702,2278.96435,2278.93023,-0.03411,0,0.00023,0.01261,0,-0.01304,0.01261,0,-0.01304,55.85639,0.0181358,0.00032469,80119.479,79920.368,-119.479,79.632,False,False,4.35745
489.52,TGO,THRUST,80000.861,29.3834766,0.6702586,630.97968,0.04225,-0.32405,2278.96177,2278.9302,-0.03156,0,0.00021,0.00297,0,-0.01213,0.00297,0,-0.01213,55.85645,0.0124922,0.00022365,80116.673,79919.912,-116.673,80.088,False,False,-34.41896
489.66,TGO,THRUST,80000.864,29.3834796,0.6702591,623.86306,0.04273,-0.32189,2278.96047,2278.93019,-0.03028,0,0.0002,-0.00212,0,-0.01168,-0.00212,0,-0.01168,55.85649,0.0118685,0.00021248,80115.028,79919.832,-115.028,80.168,False,False,-62.43355
489.82,TGO,THRUST,80000.857,29.3834824,0.6702596,615.95819,0.04328,-0.31987,2278.95965,2278.93019,-0.02945,0,0.0002,-0.00339,0,-0.01138,-0.00339,0,-0.01138,55.85652,0.0118737,0.00021257,80113.745,79919.923,-113.745,80.077,False,False,-72.83674
489.96,TGO,THRUST,80000.843,29.3834848,0.6702601,609.20722,0.04376,-0.31813,2278.95911,2278.93021,-0.0289,0,0.00019,-0.00134,0,-0.01118,-0.00134,0,-0.01118,55.85655,0.01126,0.00020159,80112.758,79920.086,-112.758,79.914,False,False,-66.2966
490.1,TGO,THRUST,80000.822,29.3834871,0.6702605,602.60681,0.04424,-0.3164,2278.9587,2278.93024,-0.02846,0,0.00019,0.00321,0,-0.01102,0.00321,0,-0.01102,55.85657,0.0114781,0.00020549,80111.866,79920.309,-111.866,79.691,False,False,-45.98813
490.24,TGO,THRUST,80000.797,29.3834893,0.6702609,596.15548,0.04472,-0.31472,2278.95841,2278.93028,-0.02813,0,0.00019,0.00994,0,-0.0109,0.00994,0,-0.0109,55.8566,0.0147509,0.00026409,80111.074,79920.58,-111.074,79.42,False,False,-22.32277
490.4,TGO,THRUST,80000.763,29.3834919,0.6702614,588.94698,0.04527,-0.3126,2278.95809,2278.93033,-0.02776,0,0.00019,0.01962,0,-0.01077,0.01962,0,-0.01077,55.85664,0.0223766,0.00040061,80110.122,79920.956,-110.122,79.044,False,False,-6.31762
490.54,TGO,THRUST,80000.729,29.3834944,0.6702619,582.76506,0.04575,-0.31019,2278.95769,2278.93038,-0.02731,0,0.00018,0.02913,0,-0.0106,0.02913,0,-0.0106,55.85669,0.031,0.00055499,80109.037,79921.383,-109.037,78.617,False,False,4.14992
490.68,TGO,THRUST,80000.693,29.3834971,0.6702624,576.70229,0.04623,-0.30675,2278.95697,2278.93044,-0.02653,0,0.00018,0.03883,0,-0.01031,0.03883,0,-0.01031,55.85676,0.0401783,0.00071931,80107.432,79921.956,-107.432,78.044,False,False,7.33229
490.82,TGO,THRUST,80000.655,29.3834988,0.6702627,570.81871,0.0467,-0.30221,2278.95577,2278.9305,-0.02527,0,0.00017,0.04826,0,-0.00986,0.04826,0,-0.00986,55.85686,0.0492593,0.00088188,80105.174,79922.615,-105.174,77.385,False,False,9.72825
490.98,TGO,THRUST,80000.614,29.3835006,0.6702631,564.24556,0.04725,-0.29566,2278.95354,2278.93058,-0.02297,0,0.00015,0.05768,0,-0.00903,0.05768,0,-0.00903,55.85699,0.0583779,0.00104513,80101.61,79923.327,-101.61,76.673,False,False,11.41513
491.12,TGO,THRUST,80000.579,29.3835019,0.6702634,558.63224,0.04772,-0.28893,2278.95098,2278.93064,-0.02034,0,0.00014,0.0644,0,-0.00809,0.0644,0,-0.00809,55.85713,0.0649016,0.00116192,80097.793,79923.917,-97.793,76.083,False,False,12.14142
491.26,TGO,THRUST,80000.546,29.3835027,0.6702635,553.15141,0.0482,-0.28114,2278.9479,2278.93069,-0.01721,0,0.00012,0.06924,0,-0.00696,0.06924,0,-0.00696,55.85729,0.0695882,0.00124582,80093.343,79924.53,-93.343,75.47,False,False,12.32863
491.4,TGO,THRUST,80000.516,29.3835024,0.6702635,547.83517,0.04866,-0.27251,2278.94467,2278.93074,-0.01393,0,9E-05,0.07248,0,-0.00579,0.07248,0,-0.00579,55.85746,0.0727097,0.0013017,80088.579,79925.287,-88.579,74.713,False,False,12.10534
491.56,TGO,THRUST,80000.482,29.3835005,0.6702631,541.96137,0.04919,-0.26183,2278.94111,2278.9308,-0.01031,0,7E-05,0.07464,0,-0.00448,0.07464,0,-0.00448,55.85766,0.0747793,0.00133875,80083.019,79926.42,-83.019,73.58,False,False,11.49266
491.7,TGO,THRUST,80000.454,29.3834977,0.6702625,536.97738,0.04965,-0.25203,2278.93828,2278.93085,-0.00743,0,5E-05,0.07561,0,-0.00345,0.07561,0,-0.00345,55.85785,0.0756881,0.00135501,80078.242,79927.68,-78.242,72.32,False,False,10.73126
491.84,TGO,THRUST,80000.427,29.3834944,0.6702618,532.11157,0.0501,-0.24188,2278.93577,2278.9309,-0.00488,0,3E-05,0.07591,0,-0.00252,0.07591,0,-0.00252,55.85804,0.0759472,0.00135965,80073.592,79929.194,-73.592,70.806,False,False,9.83556
491.98,TGO,THRUST,80000.4,29.3834908,0.6702611,527.34549,0.05055,-0.23154,2278.93364,2278.93094,-0.0027,0,2E-05,0.07576,0,-0.00172,0.07576,0,-0.00172,55.85822,0.0757749,0.00135656,80069.147,79930.966,-69.147,69.034,False,False,8.85595
492.14,TGO,THRUST,80000.37,29.3834869,0.6702602,521.99124,0.05107,-0.21961,2278.93167,2278.93099,-0.00068,0,0,0.07521,0,-0.00097,0.07521,0,-0.00097,55.85844,0.0752189,0.0013466,80064.339,79933.277,-64.339,66.723,False,False,7.69323
492.28,TGO,THRUST,80000.341,29.383484,0.6702596,517.37051,0.05153,-0.20915,2278.93033,2278.93104,0.00071,-2E-05,0,0.07449,0,-0.00045,0.07449,0,-0.00045,55.85863,0.0744942,0.00133362,80060.369,79935.524,-60.369,64.476,False,False,6.48416
492.44,TGO,THRUST,80000.313,29.3834816,0.6702591,512.151,0.05205,-0.19725,2278.92918,2278.93108,0.00191,1E-05,-1E-05,0.07345,0,1E-05,0.07345,0,1E-05,55.85884,0.0734514,0.00131495,80056.089,79938.298,-56.089,61.702,False,False,5.39248
492.6,TGO,THRUST,80000.285,29.3834802,0.6702588,506.99126,0.05258,-0.18546,2278.92839,2278.93113,0.00275,2E-05,-2E-05,0.07217,0,0.00034,0.07217,0,0.00034,55.85905,0.0721687,0.00129198,80052.059,79941.258,-52.059,58.742,False,False,4.38442
492.76,TGO,THRUST,80000.259,29.3834798,0.6702587,501.89429,0.05312,-0.17382,2278.9279,2278.93118,0.00328,4E-05,-2E-05,0.07064,0,0.00057,0.07064,0,0.00057,55.85926,0.070647,0.00126473,80048.261,79944.359,-48.261,55.641,False,False,3.48326
492.92,TGO,THRUST,80000.234,29.3834799,0.6702588,496.87653,0.05365,-0.1624,2278.92772,2278.93122,0.0035,3E-05,-2E-05,0.06887,0,0.00068,0.06887,0,0.00068,55.85946,0.0688698,0.00123291,80044.708,79947.596,-44.708,52.404,False,False,2.67821
493.08,TGO,THRUST,80000.211,29.3834806,0.6702589,491.93682,0.05419,-0.15124,2278.92774,2278.93126,0.00352,4E-05,-2E-05,0.06683,0,0.00073,0.06683,0,0.00073,55.85966,0.066837,0.00119652,80041.344,79950.877,-41.344,49.123,False,False,1.98947
493.24,TGO,THRUST,80000.189,29.3834813,0.6702591,487.08888,0.05473,-0.14038,2278.92789,2278.9313,0.00341,3E-05,-2E-05,0.06455,0,0.00072,0.06455,0,0.00072,55.85985,0.0645543,0.00115565,80038.15,79954.158,-38.15,45.842,False,False,1.41127
493.4,TGO,THRUST,80000.168,29.3834819,0.6702592,482.34319,0.05527,-0.12986,2278.92813,2278.93134,0.0032,4E-05,-2E-05,0.06204,0,0.00069,0.06204,0,0.00069,55.86003,0.0620405,0.00111064,80035.111,79957.397,-35.111,42.603,False,False,0.93432
493.56,TGO,THRUST,80000.15,29.3834822,0.6702593,477.70056,0.05581,-0.11972,2278.9284,2278.93137,0.00297,3E-05,-2E-05,0.05932,0,0.00064,0.05932,0,0.00064,55.86021,0.0593269,0.00106206,80032.205,79960.543,-32.205,39.457,False,False,0.55528
493.72,TGO,THRUST,80000.132,29.3834824,0.6702593,473.14954,0.05634,-0.11,2278.92864,2278.9314,0.00276,3E-05,-2E-05,0.05645,0,0.0006,0.05645,0,0.0006,55.86039,0.056453,0.00101061,80029.408,79963.548,-29.408,36.452,False,False,0.2753
493.88,TGO,THRUST,80000.116,29.3834823,0.6702593,468.69478,0.05688,-0.10072,2278.92886,2278.93143,0.00257,2E-05,-2E-05,0.05346,0,0.00056,0.05346,0,0.00056,55.86055,0.0534613,0.00095705,80026.739,79966.417,-26.739,33.583,False,False,-0.12061
494.04,TGO,THRUST,80000.102,29.383482,0.6702592,464.33319,0.05741,-0.09191,2278.92906,2278.93145,0.0024,2E-05,-2E-05,0.05039,0,0.00053,0.05039,0,0.00053,55.8607,0.0503963,0.00090218,80024.198,79969.133,-24.198,30.867,False,False,-0.20858
494.2,TGO,THRUST,80000.089,29.3834815,0.6702591,460.05964,0.05795,-0.08358,2278.92922,2278.93148,0.00225,2E-05,-2E-05,0.0473,0,0.00051,0.0473,0,0.00051,55.86085,0.0473,0.00084675,80021.785,79971.686,-21.785,28.314,False,False,-0.35061
494.36,TGO,THRUST,80000.077,29.3834808,0.6702589,455.86907,0.05848,-0.07574,2278.92935,2278.9315,0.00215,2E-05,-1E-05,0.04421,0,0.0005,0.04421,0,0.0005,55.86099,0.0442105,0.00079144,80019.5,79974.07,-19.5,25.93,False,False,-0.4876
494.52,TGO,THRUST,80000.066,29.38348,0.6702588,451.75686,0.05901,-0.06839,2278.92943,2278.93152,0.00208,2E-05,-1E-05,0.04116,0,0.0005,0.04116,0,0.0005,55.86111,0.0411602,0.00073683,80017.344,79976.283,-17.344,23.717,False,False,-0.62223
494.68,TGO,THRUST,80000.056,29.3834793,0.6702586,447.71886,0.05954,-0.06153,2278.92948,2278.93153,0.00205,2E-05,-1E-05,0.03817,0,0.00051,0.03817,0,0.00051,55.86123,0.0381758,0.0006834,80015.319,79978.327,-15.319,21.673,False,False,-0.7592
494.84,TGO,THRUST,80000.048,29.3834785,0.6702584,443.75155,0.06008,-0.05516,2278.92951,2278.93155,0.00204,2E-05,-1E-05,0.03527,0,0.00053,0.03527,0,0.00053,55.86134,0.0352788,0.00063154,80013.426,79980.208,-13.426,19.792,False,False,-0.90149
495,TGO,THRUST,80000.04,29.3834778,0.6702582,439.85199,0.06061,-0.04926,2278.9295,2278.93156,0.00206,2E-05,-1E-05,0.03248,0,0.00056,0.03248,0,0.00056,55.86145,0.0324863,0.00058155,80011.665,79981.931,-11.665,18.069,False,False,-1.0498
495.16,TGO,THRUST,80000.025,29.3834772,0.6702581,436.01756,0.06114,-0.04381,2278.92949,2278.93158,0.00209,3E-05,-1E-05,0.03127,0,0.00059,0.03127,0,0.00059,55.86154,0.0312783,0.00055993,80010.034,79983.504,-10.034,16.496,False,False,-1.16418
495.32,TGO,THRUST,80000.019,29.3834767,0.670258,432.24673,0.06168,-0.03871,2278.92947,2278.9316,0.00213,3E-05,-1E-05,0.0301,0,0.00062,0.0301,0,0.00062,55.86163,0.0301072,0.00053896,80008.508,79984.962,-8.508,15.038,False,False,-1.26742
495.48,TGO,THRUST,80000.014,29.3834762,0.6702579,428.53844,0.06221,-0.0338,2278.92943,2278.93161,0.00218,3E-05,-1E-05,0.02735,0,0.00065,0.02735,0,0.00065,55.86172,0.0273587,0.00048976,80007.049,79986.356,-7.049,13.644,False,False,-1.41885
495.64,TGO,THRUST,80000.009,29.3834759,0.6702578,424.89091,0.06274,-0.02917,2278.9294,2278.93162,0.00222,3E-05,-1E-05,0.02459,0,0.00068,0.02459,0,0.00068,55.8618,0.024604,0.00044044,80005.684,79987.659,-5.684,12.341,False,False,-1.58705
495.8,TGO,THRUST,80000.006,29.3834756,0.6702578,421.30226,0.06328,-0.02498,2278.92937,2278.93162,0.00226,3E-05,-2E-05,0.02201,0,0.00071,0.02201,0,0.00071,55.86187,0.0220245,0.00039427,80004.462,79988.825,-4.462,11.175,False,False,-1.76838
495.96,TGO,THRUST,80000.002,29.3834757,0.6702578,417.76403,0.06381,-0.02122,2278.92938,2278.93163,0.00225,3E-05,-2E-05,0.01962,0,0.00072,0.01962,0,0.00072,55.86193,0.0196356,0.0003515,80003.399,79989.89,-3.399,10.11,False,False,-1.92338
496.14,TGO,THRUST,80000,29.3834758,0.6702578,414.28392,0.06435,-0.01786,2278.92943,2278.93164,0.00221,3E-05,-1E-05,0.01742,0,0.00071,0.01742,0,0.00071,55.86199,0.0174343,0.0003121,80002.48,79990.851,-2.48,9.149,False,False,-2.05441
496.3,TGO,THRUST,79999.997,29.3834757,0.6702578,410.86532,0.06489,-0.01486,2278.92947,2278.93164,0.00217,3E-05,-1E-05,0.0154,0,0.00071,0.0154,0,0.00071,55.86204,0.0154153,0.00027595,80001.685,79991.69,-1.685,8.31,False,False,-2.19603
496.46,TGO,THRUST,79999.995,29.3834756,0.6702577,407.50463,0.06542,-0.01221,2278.92952,2278.93164,0.00213,3E-05,-1E-05,0.01355,0,0.0007,0.01355,0,0.0007,55.86209,0.0135708,0.00024293,80001.007,79992.413,-1.007,7.587,False,False,-2.35271
496.62,TGO,THRUST,79999.994,29.3834755,0.6702577,404.19953,0.06596,-0.00987,2278.92956,2278.93165,0.00209,3E-05,-1E-05,0.01187,0,0.0007,0.01187,0,0.0007,55.86213,0.0118932,0.0002129,80000.44,79993.025,-0.44,6.975,False,False,-2.53426
496.78,TGO,THRUST,79999.992,29.3834753,0.6702577,400.94809,0.06649,-0.00781,2278.9296,2278.93165,0.00205,3E-05,-1E-05,0.01035,0,0.00069,0.01035,0,0.00069,55.86216,0.0103748,0.00018572,79999.979,79993.528,0.021,6.472,False,False,-2.7522
496.94,TGO,THRUST,79999.991,29.3834751,0.6702576,397.74853,0.06703,-0.00601,2278.92963,2278.93165,0.00202,4E-05,-1E-05,0.00898,0,0.00069,0.00898,0,0.00069,55.86219,0.0090083,0.00016126,79999.619,79993.926,0.381,6.074,False,False,-3.01992
497.1,TGO,THRUST,79999.991,29.383475,0.6702576,394.59939,0.06756,-0.00444,2278.92966,2278.93165,0.00199,4E-05,-1E-05,0.00776,0,0.00068,0.00776,0,0.00068,55.86222,0.0077873,0.0001394,79999.351,79994.224,0.649,5.776,False,False,-3.35285
497.26,TGO,THRUST,79999.99,29.3834749,0.6702576,391.49925,0.0681,-0.00308,2278.92968,2278.93165,0.00197,4E-05,-1E-05,0.00667,0,0.00068,0.00667,0,0.00068,55.86224,0.0067069,0.00012006,79999.168,79994.429,0.832,5.571,False,False,-3.76832
497.42,TGO,THRUST,79999.99,29.3834748,0.6702575,388.4469,0.06863,-0.0019,2278.92969,2278.93166,0.00196,4E-05,-1E-05,0.00572,0,0.00068,0.00572,0,0.00068,55.86226,0.0057641,0.00010318,79999.055,79994.554,0.945,5.446,False,False,-4.28175
497.58,TGO,THRUST,79999.989,29.3834747,0.6702575,385.44126,0.06917,-0.00089,2278.92969,2278.93166,0.00196,4E-05,-1E-05,0.00491,0,0.00068,0.00491,0,0.00068,55.86228,0.0049594,8.878E-05,79998.998,79994.611,1.002,5.389,False,False,-4.90035
497.74,TGO,THRUST,79999.988,29.3834746,0.6702575,382.48128,0.0697,-2E-05,2278.92968,2278.93166,0.00197,4E-05,-1E-05,0.00424,0,0.00069,0.00424,0,0.00069,55.86229,0.0042969,7.692E-05,79998.982,79994.614,1.018,5.386,False,False,-5.59512
497.9,TGO,THRUST,79999.988,29.3834746,0.6702575,379.56581,0.07024,0.00074,2278.92967,2278.93166,0.00199,4E-05,-1E-05,0.00372,0,0.0007,0.00372,0,0.0007,55.86231,0.0037859,6.777E-05,79998.993,79994.587,1.007,5.413,False,False,-6.22255
498.06,TGO,THRUST,79999.987,29.3834746,0.6702575,376.69425,0.07077,0.00139,2278.92968,2278.93166,0.00198,4E-05,-1E-05,0.00337,0,0.0007,0.00337,0,0.0007,55.86232,0.003442,6.162E-05,79999.021,79994.573,0.979,5.427,False,False,-6.39923
498.22,TGO,THRUST,79999.985,29.3834745,0.6702575,373.8666,0.07131,0.00199,2278.92966,2278.93166,0.002,3E-05,-1E-05,0.0032,0,0.00071,0.0032,0,0.00071,55.86233,0.0032775,5.867E-05,79999.061,79994.51,0.939,5.49,False,False,-6.18758
498.38,TGO,THRUST,79999.984,29.3834745,0.6702575,371.08072,0.07184,0.00253,2278.92967,2278.93166,0.00199,3E-05,-1E-05,0.0032,0,0.00071,0.0032,0,0.00071,55.86234,0.0032803,5.872E-05,79999.109,79994.476,0.891,5.524,False,False,-5.13105
498.54,TGO,THRUST,79999.982,29.3834745,0.6702575,368.33566,0.07238,0.00306,2278.92973,2278.93167,0.00193,3E-05,-1E-05,0.00334,0,0.00069,0.00334,0,0.00069,55.86235,0.0034071,6.099E-05,79999.169,79994.492,0.831,5.508,False,False,-3.35304
498.7,TGO,THRUST,79999.98,29.3834745,0.6702575,365.63081,0.07291,0.00358,2278.92986,2278.93167,0.00181,3E-05,-1E-05,0.0035,0,0.00065,0.0035,0,0.00065,55.86236,0.003557,6.367E-05,79999.242,79994.569,0.758,5.431,False,False,-1.37585
498.86,TGO,THRUST,79999.979,29.3834745,0.6702575,362.96484,0.07345,0.00411,2278.93007,2278.93167,0.0016,3E-05,-1E-05,0.00353,0,0.00057,0.00353,0,0.00057,55.86237,0.0035755,6.401E-05,79999.338,79994.733,0.662,5.267,False,False,0.60162
499.02,TGO,THRUST,79999.979,29.3834745,0.6702575,360.33767,0.07398,0.00464,2278.93036,2278.93167,0.00132,2E-05,-1E-05,0.00329,0,0.00048,0.00329,0,0.00048,55.86238,0.0033203,5.944E-05,79999.46,79994.951,0.54,5.049,False,False,1.77027
499.18,TGO,THRUST,79999.98,29.3834745,0.6702575,357.74886,0.07452,0.00515,2278.93065,2278.93167,0.00103,2E-05,-1E-05,0.0027,0,0.00038,0.0027,0,0.00038,55.86239,0.0027262,4.88E-05,79999.603,79995.159,0.397,4.841,False,False,2.06315
499.34,TGO,THRUST,79999.981,29.3834745,0.6702575,355.19749,0.07506,0.00561,2278.93089,2278.93167,0.00078,1E-05,-1E-05,0.00182,0,0.00029,0.00182,0,0.00029,55.8624,0.0018456,3.304E-05,79999.748,79995.308,0.252,4.692,False,False,0.71563
499.5,TGO,COAST,79999.983,29.3834745,0.6702575,352.68251,0.07559,0.00597,2278.93102,2278.93167,0.00064,1E-05,0,0.00082,0,0.00025,0.00082,0,0.00025,55.8624,0.0008528,0,79999.861,79995.356,0.139,4.644,False,False,0.50819
499.64,TGO,COAST,79999.985,29.3834745,0.6702574,350.20282,0.07613,0.00615,2278.93103,2278.93167,0.00063,1E-05,0,-2E-05,0,0.00024,-2E-05,0,0.00024,55.8624,0.0002437,0,79999.908,79995.322,0.092,4.678,False,False,0.37159
499.8,TGO,COAST,79999.986,29.3834745,0.6702574,347.7576,0.07666,0.00615,2278.931,2278.93166,0.00066,1E-05,0,-0.00062,0,0.00025,-0.00062,0,0.00025,55.8624,0.0006677,0,79999.902,79995.293,0.098,4.707,False,False,0.31505
499.96,TGO,COAST,79999.987,29.3834745,0.6702574,345.34624,0.0772,0.00616,2278.93097,2278.93166,0.0007,1E-05,0,-0.00115,0,0.00026,-0.00115,0,0.00026,55.8624,0.0011834,0,79999.896,79995.264,0.104,4.736,False,False,-0.29703
500.12,TGO,COAST,79999.989,29.3834745,0.6702574,342.96809,0.07773,0.00616,2278.93094,2278.93166,0.00072,1E-05,0,-0.00163,0,0.00027,-0.00163,0,0.00027,55.8624,0.0016569,0,79999.891,79995.238,0.109,4.762,False,False,-0.29307
500.28,TGO,COAST,79999.99,29.3834745,0.6702574,340.62248,0.07827,0.00616,2278.93091,2278.93166,0.00074,1E-05,0,-0.00207,0,0.00028,-0.00207,0,0.00028,55.8624,0.0020895,0,79999.887,79995.218,0.113,4.782,False,False,-0.28423
500.46,TGO,THRUST,79999.991,29.3834745,0.6702574,338.30874,0.0788,0.00616,2278.93089,2278.93165,0.00076,1E-05,-1E-05,-0.00247,0,0.00029,-0.00247,0,0.00029,55.8624,0.0024904,4.458E-05,79999.884,79995.203,0.116,4.797,False,False,-164.57478
500.62,TGO,THRUST,79999.992,29.3834745,0.6702574,336.02615,0.07934,0.0063,2278.9309,2278.93165,0.00076,1E-05,-1E-05,-0.003,0,0.00029,-0.003,0,0.00029,55.86241,0.0030159,5.399E-05,79999.92,79995.172,0.08,4.828,False,False,-165.61979
500.78,TGO,THRUST,79999.991,29.3834756,0.6702578,333.75134,0.07988,0.00674,2278.93073,2278.93165,0.00093,2E-05,-1E-05,-0.00361,0,0.00035,-0.00361,0,0.00035,55.86241,0.0036296,6.497E-05,79999.986,79994.909,0.014,5.091,False,False,-165.03551
500.94,TGO,THRUST,79999.99,29.3834777,0.6702585,331.48838,0.08042,0.00727,2278.93053,2278.93165,0.00113,2E-05,-1E-05,-0.00384,0,0.00042,-0.00384,0,0.00042,55.86242,0.0038582,6.907E-05,80000.066,79994.595,-0.066,5.405,False,False,-163.25593
501.1,TGO,THRUST,79999.986,29.3834798,0.6702592,329.25573,0.08097,0.00789,2278.93034,2278.93166,0.00132,2E-05,-1E-05,-0.0035,0,0.00049,-0.0035,0,0.00049,55.86244,0.0035378,6.333E-05,80000.171,79994.274,-0.171,5.726,False,False,-160.03781
501.26,TGO,THRUST,79999.978,29.3834818,0.6702598,327.05449,0.08151,0.00854,2278.93017,2278.93167,0.00149,3E-05,-1E-05,-0.00226,0,0.00055,-0.00226,0,0.00055,55.86245,0.0023275,4.166E-05,80000.29,79993.961,-0.29,6.039,False,False,-152.2443
501.42,TGO,COAST,79999.967,29.3834837,0.6702605,324.88476,0.08206,0.00914,2278.93001,2278.93168,0.00167,3E-05,-1E-05,0.00042,0,0.00061,0.00042,0,0.00061,55.86246,0.000744,0,80000.395,79993.669,-0.395,6.331,False,False,-149.57057
501.58,TGO,THRUST,79999.949,29.3834855,0.6702611,322.74479,0.0826,0.00953,2278.92983,2278.9317,0.00188,3E-05,-1E-05,0.00524,0,0.00069,0.00524,0,0.00069,55.86246,0.0052847,9.46E-05,80000.446,79993.402,-0.446,6.598,False,False,14.53013
501.76,TGO,THRUST,79999.924,29.3834855,0.6702611,320.40916,0.0832,0.0101,2278.92991,2278.93174,0.00183,3E-05,-1E-05,0.01332,0,0.00067,0.01332,0,0.00067,55.86247,0.0133371,0.00023875,80000.611,79993.348,-0.611,6.652,False,False,22.27333
501.92,TGO,THRUST,79999.903,29.3834813,0.6702596,318.44082,0.08372,0.0113,2278.93068,2278.93178,0.0011,1E-05,-1E-05,0.02026,0,0.00042,0.02026,0,0.00042,55.8625,0.0202667,0.0003628,80001.158,79993.726,-1.158,6.274,False,False,26.59492
502.06,TGO,THRUST,79999.888,29.3834741,0.6702572,316.55118,0.08422,0.01343,2278.93202,2278.93181,-0.00021,0,0,0.02545,0,-3E-05,0.02545,0,-3E-05,55.86255,0.0254547,0.00045567,80002.324,79994.163,-2.324,5.837,False,False,29.6747
502.22,TGO,THRUST,79999.874,29.3834641,0.6702537,314.73528,0.0847,0.0163,2278.93387,2278.93184,-0.00204,0,1E-05,0.02851,0,-0.00066,0.02851,0,-0.00066,55.86262,0.0285155,0.00051046,80004.23,79994.479,-4.23,5.521,False,False,32.4828
502.38,TGO,THRUST,79999.866,29.383452,0.6702495,312.9796,0.08518,0.01964,2278.93612,2278.93186,-0.00426,0,3E-05,0.02922,0,-0.00143,0.02922,0,-0.00143,55.8627,0.0292585,0.00052376,80006.797,79994.602,-6.797,5.398,False,False,34.8728
502.54,TGO,THRUST,79999.864,29.3834386,0.6702449,311.26548,0.08565,0.02318,2278.93858,2278.93187,-0.00671,0,5E-05,0.02756,0,-0.00227,0.02756,0,-0.00227,55.86279,0.0276562,0.00049507,80009.78,79994.571,-9.78,5.429,False,False,37.06203
502.7,TGO,THRUST,79999.869,29.3834251,0.6702402,309.57197,0.08612,0.02667,2278.94106,2278.93186,-0.00919,0,6E-05,0.02362,0,-0.00313,0.02362,0,-0.00313,55.86286,0.0238255,0.0004265,80012.874,79994.448,-12.874,5.552,False,False,39.48722
502.84,TGO,THRUST,79999.878,29.3834142,0.6702363,308.0916,0.08653,0.02949,2278.94308,2278.93185,-0.01123,0,8E-05,0.01845,0,-0.00383,0.01845,0,-0.00383,55.86293,0.0188447,0.00033734,80015.447,79994.309,-15.447,5.691,False,False,42.71974
503,TGO,THRUST,79999.893,29.3834037,0.6702326,306.3817,0.08701,0.03216,2278.94502,2278.93183,-0.01319,0,9E-05,0.01095,0,-0.00451,0.01095,0,-0.00451,55.86299,0.0118397,0.00021194,80017.932,79994.159,-17.932,5.841,False,False,51.48166
503.14,TGO,THRUST,79999.911,29.3833965,0.67023,304.86709,0.08744,0.03396,2278.94635,2278.9318,-0.01455,0,0.0001,0.00318,0,-0.00498,0.00318,0,-0.00498,55.86302,0.0059064,0.00010573,80019.644,79994.053,-19.644,5.947,False,False,83.7896
503.28,TGO,THRUST,79999.933,29.3833916,0.6702282,303.3267,0.08789,0.03504,2278.94722,2278.93177,-0.01544,0,0.0001,-0.00526,0,-0.00529,-0.00526,0,-0.00529,55.86304,0.0074602,0.00013354,80020.748,79994.002,-20.748,5.998,False,False,155.92982
503.44,TGO,THRUST,79999.959,29.3833888,0.6702272,301.76734,0.08834,0.03575,2278.94783,2278.93173,-0.01609,0,0.00011,-0.01439,0,-0.00551,-0.01439,0,-0.00551,55.86306,0.015405,0,80021.516,79993.98,-21.516,6.02,False,False,-168.71674