MET,mode,actuator,alt_m,inc_deg,inc_error_deg,inc_derivative_deg_per_mps,inc_effectiveness,inc_accel_cmd_mps2,inc_trim_yaw_deg,radial_vel_mps,tangential_vel_mps,circular_vel_mps,tangential_error_mps,tgo_s,natural_radial_accel,radial_req_accel,tangential_req_accel,radial_alloc_accel,tangential_alloc_accel,max_accel,base_command_accel,total_command_accel,throttle,ap_m,pe_m,ap_error_m,pe_error_m,fine_latched,capture,steer_angle_err_deg
218.22,TGO,THRUST,79694.725,87.7154977,87.7154977,2.2845023,0.039126,0.94637,0.627526,0.91843,55.0739,1385.86096,2279.45438,893.59342,19.86568,-4.81883,-1.18117,312.86999,-1.18117,39.12669,39.14452,39.1445154,39.149545,1,80002.931,-445915.933,-2.931,525915.933,False,False,-4.09064
218.38,TGO,THRUST,79703.405,87.7154718,87.7154718,2.2845282,0.0390556,0.94625,1.180729,1.72512,54.30002,1388.182,2279.43788,891.25588,19.79602,-4.80918,-1.19082,312.05046,-1.19082,39.18511,39.2032,39.2031972,39.2209738,1,80004.597,-445276.44,-4.597,525276.44,False,False,-4.2486
218.56,TGO,THRUST,79713.071,87.7151353,87.7151353,2.2848647,0.0388545,0.94613,1.372091,2,53.75529,1395.19428,2279.42158,884.2273,19.61667,-4.78028,-1.21972,309.58989,-1.21972,39.27262,39.29155,39.2915527,39.3155026,1,80010.017,-443343.109,-10.017,523343.109,False,False,-3.98813
218.74,TGO,THRUST,79722.625,87.714563,87.714563,2.285437,0.0386548,0.94601,1.37519,2,53.17243,1402.22427,2279.40545,877.18118,19.4373,-4.75118,-1.24882,307.1231,-1.24882,39.3605,39.3803,39.3803028,39.4043068,1,80014.934,-441386.007,-14.934,521386.007,False,False,-3.3728
218.92,TGO,THRUST,79732.053,87.7143634,87.7143634,2.2856366,0.0384565,0.94589,1.378304,2,52.48524,1409.2737,2279.38952,870.11582,19.25786,-4.72184,-1.27816,304.64935,-1.27816,39.44876,39.46946,39.4694594,39.4935178,1,80018.602,-439404.268,-18.602,519404.268,False,False,-2.68679
219.1,TGO,THRUST,79741.335,87.7151857,87.7151857,2.2848143,0.0382597,0.94577,1.381431,2,51.68541,1416.34103,2279.37382,863.03279,19.07839,-4.6923,-1.3077,302.16917,-1.3077,39.5374,39.55902,39.5590159,39.5831289,1,80020.934,-437397.967,-20.934,517397.967,False,False,-2.05085
219.28,TGO,THRUST,79750.459,87.7174529,87.7174529,2.2825471,0.0380644,0.94565,1.384573,2,50.79444,1423.42442,2279.35837,855.93395,18.89893,-4.66254,-1.33746,299.68325,-1.33746,39.62642,39.64898,39.6489845,39.6731523,1,80022.178,-435367.291,-22.178,515367.291,False,False,-1.51598
219.46,TGO,THRUST,79759.413,87.7213602,87.7213602,2.2786398,0.0378706,0.94553,1.387729,2,49.84229,1430.52294,2279.3432,848.82026,18.7195,-4.63257,-1.36743,297.19198,-1.36743,39.71582,39.73936,39.7393585,39.7635814,1,80022.677,-433312.188,-22.677,513312.188,False,False,-1.09141
219.64,TGO,THRUST,79768.192,87.7269126,87.7269126,2.2730874,0.0376783,0.9454,1.390899,2,48.85504,1437.63639,2279.32831,841.69193,18.54009,-4.60239,-1.39761,294.6955,-1.39761,39.80562,39.83015,39.8301501,39.8544284,1,80022.726,-431232.385,-22.726,511232.385,False,False,-0.77663
219.82,TGO,THRUST,79776.79,87.7339631,87.7339631,2.2660369,0.0374875,0.94528,1.394084,2,47.85051,1444.76491,2279.31373,834.54882,18.36072,-4.57201,-1.42799,292.19379,-1.42799,39.89581,39.92135,39.9213528,39.9456867,1,80022.522,-429127.499,-22.522,509127.499,False,False,-0.5745
220,TGO,THRUST,79785.207,87.7422579,87.7422579,2.2577421,0.0372981,0.94516,1.397284,2,46.83845,1451.90877,2279.29945,827.39068,18.18138,-4.54142,-1.45858,289.68678,-1.45858,39.98638,40.01298,40.0129766,40.0373662,1,80022.174,-426997.099,-22.174,506997.099,False,False,-0.47707
220.18,TGO,THRUST,79793.441,87.7514824,87.7514824,2.2485176,0.0371102,0.94503,1.400498,2,45.8228,1459.06826,2279.28548,820.21722,18.00205,-4.51061,-1.48939,287.17438,-1.48939,40.07736,40.10502,40.1050218,40.1294676,1,80021.724,-424840.728,-21.724,504840.728,False,False,-0.44435
220.36,TGO,THRUST,79801.492,87.7613061,87.7613061,2.2386939,0.0369236,0.9449,1.403727,2,44.8042,1466.24369,2279.27181,813.02812,17.82275,-4.47959,-1.52041,284.65648,-1.52041,40.16873,40.19749,40.1974916,40.2219937,1,80021.183,-422657.911,-21.183,502657.911,False,False,-0.42681
220.54,TGO,THRUST,79809.359,87.7714197,87.7714197,2.2285803,0.0367385,0.94478,1.406971,2,43.78192,1473.43539,2279.25845,805.82306,17.64346,-4.44835,-1.55165,282.13297,-1.55165,40.2605,40.29039,40.2903887,40.3149475,1,80020.544,-420448.153,-20.544,500448.153,False,False,-0.39758
220.72,TGO,THRUST,79817.041,87.7815616,87.7815616,2.2184384,0.0365547,0.94465,1.41023,2,42.75508,1480.64367,2279.2454,798.60173,17.46418,-4.41688,-1.58312,279.60373,-1.58312,40.35267,40.38372,40.3837162,40.4083319,1,80019.802,-418210.957,-19.802,498210.957,False,False,-0.352
220.9,TGO,THRUST,79824.537,87.7915341,87.7915341,2.2084659,0.0363722,0.94452,1.413505,2,41.72314,1487.86877,2279.23266,791.36388,17.2849,-4.3852,-1.6148,277.06868,-1.6148,40.44525,40.47748,40.477477,40.5021499,1,80018.954,-415945.832,-18.954,495945.832,False,False,-0.29703
221.08,TGO,THRUST,79831.846,87.8012092,87.8012092,2.1987908,0.0361911,0.94439,1.416794,2,40.68609,1495.11091,2279.22023,784.10932,17.10563,-4.35329,-1.6299,274.52774,-1.6299,40.53892,40.57167,40.5716743,40.5964045,1,80018.004,-413652.29,-18.004,493652.29,False,False,-0.22113
221.26,TGO,THRUST,79838.968,87.8105282,87.8105282,2.1894718,0.0360113,0.94426,1.420099,2,39.6442,1502.37021,2279.20812,776.83791,16.92636,-4.32116,-1.59272,271.98088,-1.59272,40.63511,40.66631,40.666311,40.6910989,1,80016.958,-411329.856,-16.958,491329.856,False,False,-0.0841
221.44,TGO,THRUST,79845.901,87.8194916,87.8194916,2.1805084,0.0358328,0.94413,1.423419,2,38.59764,1509.64672,2279.19632,769.5496,16.7471,-4.28879,-1.5516,269.42807,-1.5516,40.73185,40.76139,40.7613902,40.7862361,1,80015.82,-408978.066,-15.82,488978.066,False,False,0.06742
221.62,TGO,THRUST,79852.645,87.8281466,87.8281466,2.1718534,0.0356555,0.944,1.426755,2,37.54662,1516.94049,2279.18484,762.24435,16.56784,-4.2562,-1.5064,266.8693,-1.5064,40.82914,40.85692,40.8569151,40.8818192,1,80014.596,-406596.455,-14.596,486596.455,False,False,0.17953
221.8,TGO,THRUST,79859.2,87.8365711,87.8365711,2.1634289,0.0354795,0.94387,1.430106,2,36.49338,1524.25159,2279.17368,754.92208,16.38858,-4.22338,-1.45745,264.30455,-1.45745,40.92695,40.95289,40.9528887,40.9778513,1,80013.309,-404184.531,-13.309,484184.531,False,False,0.27517
221.98,TGO,THRUST,79865.566,87.8448582,87.8448582,2.1551418,0.0353047,0.94374,1.433474,2,35.4414,1531.58017,2279.16283,747.58266,16.20932,-4.19033,-1.40542,261.73377,-1.40542,41.02525,41.04931,41.0493143,41.0743357,1,80011.992,-401741.781,-11.992,481741.781,False,False,0.34939
222.16,TGO,THRUST,79871.744,87.8531013,87.8531013,2.1468987,0.0351312,0.9436,1.436857,2,34.39419,1538.92635,2279.1523,740.22595,16.03007,-4.15704,-1.35104,259.15694,-1.35104,41.12401,41.1462,41.1461951,41.1712755,1,80010.676,-399267.675,-10.676,479267.675,False,False,0.40462
222.34,TGO,THRUST,79877.735,87.8613834,87.8613834,2.1386166,0.0349589,0.94347,1.440256,2,33.35478,1546.29025,2279.14208,732.85183,15.85082,-4.12352,-1.29494,256.574,-1.29494,41.2232,41.24353,41.2435342,41.268674,1,80009.386,-396761.673,-9.386,476761.673,False,False,0.44524
222.52,TGO,THRUST,79883.542,87.8697689,87.8697689,2.1302311,0.0347878,0.94333,1.443671,2,32.32552,1553.672,2279.13218,725.46018,15.67157,-4.08976,-1.23763,253.98494,-1.23763,41.32281,41.34133,41.341335,41.3665343,1,80008.141,-394223.227,-8.141,474223.227,False,False,0.4758
222.7,TGO,THRUST,79889.165,87.8783,87.8783,2.1217,0.0346179,0.94319,1.447103,2,31.30824,1561.07168,2279.12258,718.0509,15.49232,-4.05576,-1.17952,251.3897,-1.17952,41.42281,41.4396,41.4396007,41.4648599,1,80006.954,-391651.779,-6.954,471651.779,False,False,0.49985
222.88,TGO,THRUST,79894.609,87.8869947,87.8869947,2.1130053,0.0344492,0.94306,1.450551,2,30.30427,1568.48942,2279.11329,710.62387,15.31306,-4.02152,-1.12089,248.78827,-1.12089,41.52321,41.53833,41.5383346,41.5636541,1,80005.833,-389046.756,-5.833,469046.756,False,False,0.51941
223.06,TGO,THRUST,79899.874,87.8958511,87.8958511,2.1041489,0.0342817,0.94292,1.454015,2,29.31458,1575.92531,2279.1043,703.17899,15.13381,-3.98704,-1.06198,246.1806,-1.06198,41.62399,41.63754,41.6375402,41.6629201,1,80004.782,-386407.573,-4.782,466407.573,False,False,0.53513
223.24,TGO,THRUST,79904.964,87.9048504,87.9048504,2.0951496,0.0341152,0.94278,1.457496,2,28.33995,1583.37946,2279.09561,695.71614,14.95456,-3.95231,-1.00297,243.56665,-1.00297,41.72517,41.73722,41.7372207,41.7626614,1,80003.805,-383733.626,-3.805,463733.626,False,False,0.54677
223.42,TGO,THRUST,79909.883,87.9139617,87.9139617,2.0860383,0.03395,0.94264,1.460993,2,27.38104,1590.852,2279.08721,688.2352,14.7753,-3.91734,-0.94402,240.94639,-0.94402,41.82673,41.83738,41.8373797,41.8628814,1,80002.904,-381024.297,-2.904,461024.297,False,False,0.55388
223.6,TGO,THRUST,79914.631,87.9231477,87.9231477,2.0768523,0.0337858,0.9425,1.464508,2,26.43841,1598.34305,2279.07909,680.73604,14.59604,-3.88212,-0.88528,238.31977,-0.88528,41.92868,41.93802,41.9380205,41.9635836,1,80002.078,-378278.949,-2.078,458278.949,False,False,0.55619
223.78,TGO,THRUST,79919.214,87.932369,87.932369,2.067631,0.0336228,0.94236,1.468039,2,25.51256,1605.85272,2279.07126,673.21854,14.41678,-3.84665,-0.82689,235.68674,-0.82689,42.03101,42.03915,42.0391467,42.0647715,1,80001.328,-375496.933,-1.328,455496.933,False,False,0.5537
223.96,TGO,THRUST,79923.633,87.9415889,87.9415889,2.0584111,0.0334609,0.94222,1.471588,2,24.60392,1613.38113,2279.0637,665.68257,14.23751,-3.81093,-0.769,233.04728,-0.769,42.13374,42.14076,42.1407618,42.1664485,1,80000.654,-372677.582,-0.654,452677.582,False,False,0.54684
224.14,TGO,THRUST,79927.892,87.9507759,87.9507759,2.0492241,0.0333,0.94208,1.475154,2,23.71287,1620.9284,2279.05641,658.12801,14.05824,-3.77496,-0.71171,230.40133,-0.71171,42.23687,42.24287,42.2428693,42.2686182,1,80000.054,-369820.219,-0.054,449820.219,False,False,0.5362
224.32,TGO,THRUST,79931.995,87.9599088,87.9599088,2.0400912,0.0331402,0.94193,1.478736,2,22.83972,1628.49462,2279.04939,650.55477,13.87896,-3.73873,-0.65516,227.74887,-0.65516,42.3404,42.34547,42.3454728,42.3712843,1,79999.527,-366924.154,0.473,446924.154,False,False,0.52247
224.5,TGO,THRUST,79935.943,87.9689708,87.9689708,2.0310292,0.0329815,0.94179,1.482337,2,21.98476,1636.07987,2279.04263,642.96276,13.69968,-3.70224,-0.59945,225.08987,-0.59945,42.44434,42.44858,42.448576,42.4744503,1,79999.07,-363988.681,0.93,443988.681,False,False,0.50642
224.68,TGO,THRUST,79939.742,87.9779554,87.9779554,2.0220446,0.0328239,0.94164,1.485955,2,21.14817,1643.68424,2279.03612,635.35188,13.52039,-3.66549,-0.54469,222.42428,-0.54469,42.5487,42.55218,42.5521825,42.5781199,1,79998.682,-361013.086,1.318,441013.086,False,False,0.48863
224.86,TGO,THRUST,79943.393,87.9868633,87.9868633,2.0131367,0.0326673,0.9415,1.489591,2,20.33009,1651.3078,2279.02987,627.72207,13.3411,-3.62849,-0.49096,219.7521,-0.49096,42.65347,42.6563,42.6562959,42.6822968,1,79998.359,-357996.637,1.641,437996.637,False,False,0.46954
225.04,TGO,THRUST,79946.901,87.9957006,87.9957006,2.0042994,0.0325117,0.94135,1.493244,2,19.53064,1658.9506,2279.02386,620.07326,13.1618,-3.59122,-0.43834,217.07329,-0.43834,42.75867,42.76092,42.7609201,42.7869848,1,79998.099,-354938.589,1.901,434938.589,False,False,0.44951
225.22,TGO,THRUST,79950.269,88.0044774,88.0044774,1.9955226,0.0323571,0.9412,1.496916,2,18.74985,1666.61269,2279.01808,612.40539,12.9825,-3.55369,-0.38691,214.38784,-0.38691,42.86431,42.86606,42.8660588,42.8921875,1,79997.897,-351838.18,2.103,431838.18,False,False,0.42883
225.4,TGO,THRUST,79953.5,88.0132055,88.0132055,1.9867945,0.0322036,0.94105,1.500605,2,17.98771,1674.29414,2279.01254,604.7184,12.8032,-3.51589,-0.33674,211.69573,-0.33674,42.9704,42.97172,42.9717157,42.9979089,1,79997.752,-348694.63,2.248,428694.63,False,False,0.40764
225.58,TGO,THRUST,79956.597,88.0218971,88.0218971,1.9781029,0.032051,0.9409,1.504313,2,17.24416,1681.995,2279.00723,597.01223,12.62389,-3.47783,-0.28785,208.99694,-0.28785,43.07693,43.07789,43.0778948,43.1041527,1,79997.659,-345507.14,2.341,425507.14,False,False,0.38604
225.76,TGO,THRUST,79959.564,88.0305628,88.0305628,1.9694372,0.0318995,0.94075,1.508039,2,16.51914,1689.71532,2279.00214,589.28682,12.44458,-3.4395,-0.24032,206.29144,-0.24032,43.18393,43.1846,43.1845999,43.2109229,1,79997.614,-342274.889,2.386,422274.889,False,False,0.36419
225.94,TGO,THRUST,79962.404,88.0392115,88.0392115,1.9607885,0.0317489,0.9406,1.511784,2,15.81256,1697.45516,2278.99726,581.5421,12.26527,-3.40089,-0.19418,203.57921,-0.19418,43.2914,43.29183,43.291835,43.3182233,1,79997.614,-338997.036,2.386,418997.036,False,False,0.34223
226.12,TGO,THRUST,79965.12,88.0478497,88.0478497,1.9521503,0.0315993,0.94045,1.515548,2,15.12428,1705.21459,2278.99259,573.778,12.08596,-3.36202,-0.14946,200.86023,-0.14946,43.39935,43.3996,43.3996039,43.4260579,1,79997.655,-335672.716,2.345,415672.716,False,False,0.3202
226.3,TGO,THRUST,79967.716,88.0564783,88.0564783,1.9435217,0.0314507,0.94029,1.51933,2,14.4541,1712.99367,2278.98813,565.99446,11.90665,-3.32287,-0.10619,198.13447,-0.10619,43.50778,43.50791,43.5079108,43.5344308,1,79997.734,-332301.038,2.266,412301.038,False,False,0.29817
226.48,TGO,THRUST,79970.195,88.0650958,88.0650958,1.9349042,0.031303,0.94014,1.523131,2,13.80188,1720.79248,2278.98387,558.19139,11.72734,-3.28345,-0.06441,195.40191,-0.06441,43.61671,43.61676,43.6167595,43.6433459,1,79997.848,-328881.089,2.152,408881.089,False,False,0.27639
226.66,TGO,THRUST,79972.56,88.0737017,88.0737017,1.9262983,0.0311563,0.93998,1.526951,2,13.16748,1728.61109,2278.9798,550.36871,11.54803,-3.24374,-0.02414,192.66252,-0.02414,43.72615,43.72615,43.7261543,43.7528073,1,79997.992,-325411.93,2.008,405411.93,False,False,0.25531
226.84,TGO,THRUST,79974.814,88.0822964,88.0822964,1.9177036,0.0310105,0.93983,1.53079,2,12.5506,1736.44958,2278.97592,542.52634,11.36872,-3.20376,0.01462,189.91627,0.01462,43.8361,43.8361,43.8360992,43.8628192,1,79998.163,-321892.595,1.837,401892.595,False,False,0.23525
227.02,TGO,THRUST,79976.961,88.0908786,88.0908786,1.9091214,0.0308657,0.93967,1.534649,2,11.95087,1744.30802,2278.97222,534.6642,11.18941,-3.1635,0.0519,187.16313,0.0519,43.94657,43.9466,43.9465984,43.9733858,1,79998.358,-318322.097,1.642,398322.097,False,False,0.21626
227.2,TGO,THRUST,79979.002,88.0994443,88.0994443,1.9005557,0.0307217,0.93951,1.538527,2,11.36789,1752.18651,2278.9687,526.78219,11.01011,-3.12296,0.08778,184.40306,0.08778,44.05757,44.05766,44.057656,44.0845111,1,79998.573,-314699.415,1.427,394699.415,False,False,0.19822
227.38,TGO,THRUST,79980.942,88.1079901,88.1079901,1.8920099,0.0305787,0.93935,1.542425,2,10.80129,1760.08513,2278.96536,518.88023,10.8308,-3.08213,0.12229,181.63604,0.12229,44.16911,44.16928,44.1692764,44.1961996,1,79998.804,-311023.5,1.196,391023.5,False,False,0.18103
227.56,TGO,THRUST,79982.783,88.1165133,88.1165133,1.8834867,0.0304365,0.9392,1.546343,2,10.25074,1768.00397,2278.96218,510.95822,10.6515,-3.04101,0.15547,178.86203,0.15547,44.28119,44.28146,44.2814638,44.3084554,1,79999.049,-307293.279,0.951,387293.279,False,False,0.16441
227.74,TGO,THRUST,79984.528,88.1250114,88.1250114,1.8749886,0.0302953,0.93903,1.55028,2,9.71596,1775.94311,2278.95917,503.01606,10.4722,-2.9996,0.18735,176.081,0.18735,44.39383,44.39422,44.3942226,44.4212829,1,79999.304,-303507.644,0.696,383507.644,False,False,0.14812
227.92,TGO,THRUST,79986.18,88.1334816,88.1334816,1.8665184,0.0301549,0.93887,1.554238,2,9.19671,1783.90265,2278.95632,495.05367,10.2929,-2.95791,0.21793,173.29291,0.21793,44.50702,44.50756,44.5075571,44.5346864,1,79999.568,-299665.457,0.432,379665.457,False,False,0.13203
228.1,TGO,THRUST,79987.741,88.1419202,88.1419202,1.8580798,0.0300154,0.93871,1.558216,2,8.69276,1791.88268,2278.95362,487.07093,10.1136,-2.91592,0.24723,170.49773,0.24723,44.62079,44.62147,44.6214717,44.6486705,1,79999.838,-295765.549,0.162,375765.549,False,False,0.11609
228.28,TGO,THRUST,79989.214,88.1503221,88.1503221,1.8496779,0.0298768,0.93855,1.562215,2,8.20391,1799.88331,2278.95107,479.06775,9.9343,-2.87363,0.27524,167.69543,0.27524,44.73512,44.73597,44.735971,44.7632395,1,80000.112,-291806.716,-0.112,371806.716,False,False,0.1005
228.46,TGO,THRUST,79990.602,88.158685,88.158685,1.841315,0.0297391,0.93838,1.566234,2,7.72991,1807.90463,2278.94866,471.04403,9.75501,-2.83105,0.30197,164.88596,0.30197,44.85004,44.85106,44.8510593,44.8783981,1,80000.389,-287787.722,-0.389,367787.722,False,False,0.08547
228.64,TGO,THRUST,79991.908,88.1670096,88.1670096,1.8329904,0.0296021,0.93822,1.570273,2,7.27056,1815.94673,2278.9464,462.99967,9.57572,-2.78817,0.32742,162.0693,0.32742,44.96555,44.96674,44.9667414,44.9941506,1,80000.666,-283707.297,-0.666,363707.297,False,False,0.07129
228.82,TGO,THRUST,79993.133,88.1752988,88.1752988,1.8247012,0.0294661,0.93805,1.574334,2,6.82563,1824.00971,2278.94427,454.93456,9.39643,-2.74499,0.35162,159.24541,0.35162,45.08165,45.08302,45.0830217,45.1105018,1,80000.941,-279564.133,-0.941,359564.133,False,False,0.0583
229,TGO,THRUST,79994.282,88.1835559,88.1835559,1.8164441,0.0293308,0.93788,1.578415,2,6.39487,1832.09366,2278.94227,446.84862,9.21714,-2.70151,0.37456,156.41425,0.37456,45.19835,45.19991,45.199905,45.2274564,1,80001.214,-275356.886,-1.214,355356.886,False,False,0.04701
229.18,TGO,THRUST,79995.355,88.1917846,88.1917846,1.8082154,0.0291964,0.93772,1.582518,2,5.97808,1840.19867,2278.94041,438.74173,9.03785,-2.65772,0.39626,153.57578,0.39626,45.31566,45.3174,45.317396,45.3450189,1,80001.483,-271084.177,-1.483,351084.177,False,False,0.03816
229.36,TGO,THRUST,79996.356,88.1999883,88.1999883,1.8000117,0.0290628,0.93755,1.586643,2,5.57501,1848.32486,2278.93866,430.6138,8.85857,-2.61363,0.41675,150.72998,0.41675,45.43359,45.4355,45.4354993,45.4631942,1,80001.746,-266744.58,-1.746,346744.58,False,False,0.03288
229.54,TGO,THRUST,79997.287,88.2081695,88.2081695,1.7918305,0.02893,0.93738,1.590788,2,5.18543,1856.47231,2278.93704,422.46473,8.67929,-2.56922,0.43603,147.87681,0.43603,45.55213,45.55422,45.5542198,45.5819871,1,80002.002,-262336.629,-2.002,342336.629,False,False,-0.03202
229.72,TGO,THRUST,79998.151,88.2163297,88.2163297,1.7836703,0.028798,0.93721,1.594956,2,4.80911,1864.64113,2278.93553,414.2944,8.50002,-2.52451,0.45414,145.01623,0.45414,45.6713,45.67356,45.6735624,45.7014024,1,80002.249,-257858.813,-2.249,337858.813,False,False,-0.03511
229.9,TGO,THRUST,79998.949,88.2244686,88.2244686,1.7755314,0.0286668,0.93703,1.599145,2,4.44582,1872.83143,2278.93413,406.1027,8.32075,-2.47948,0.4711,142.14819,0.4711,45.79111,45.79353,45.7935319,45.8214451,1,80002.488,-253309.574,-2.488,333309.574,False,False,-0.04072
230.08,TGO,THRUST,79999.684,88.2325856,88.2325856,1.7674144,0.0285364,0.93686,1.603357,2,4.09529,1881.04331,2278.93284,397.88953,8.14148,-2.43414,0.48696,139.27266,0.48696,45.91155,45.91413,45.9141333,45.94212,1,80002.717,-248687.309,-2.717,328687.309,False,False,-0.04774
230.26,TGO,THRUST,80000.359,88.2406811,88.2406811,1.7593189,0.0284067,0.93669,1.607591,2,3.75727,1889.27688,2278.93165,389.65477,7.96221,-2.38847,0.50176,136.38961,0.50176,46.03264,46.03537,46.0353716,46.0634322,1,80002.935,-243990.362,-2.935,323990.362,False,False,-0.05564
230.44,TGO,THRUST,80000.975,88.2487555,88.2487555,1.7512445,0.0282778,0.93651,1.611847,2,3.43165,1897.53226,2278.93057,381.39831,7.78295,-2.34249,0.51547,133.49898,0.51547,46.15437,46.15725,46.1572519,46.1853868,1,80003.141,-239217.032,-3.141,319217.032,False,False,-0.06408
230.62,TGO,THRUST,80001.534,88.2568089,88.2568089,1.7431911,0.0281497,0.93633,1.616126,2,3.11834,1905.80955,2278.92958,373.12003,7.60369,-2.29619,0.52808,130.60075,0.52808,46.27677,46.27978,46.2797793,46.3079889,1,80003.335,-234365.561,-3.335,314365.561,False,False,-0.07278
230.8,TGO,THRUST,80002.04,88.2648411,88.2648411,1.7351589,0.0280224,0.93616,1.620427,2,2.81719,1914.10886,2278.92868,364.81982,7.42443,-2.24956,0.53956,127.69487,0.53956,46.39982,46.40296,46.4029589,46.4312435,1,80003.517,-229434.138,-3.517,309434.138,False,False,-0.08155
230.98,TGO,THRUST,80002.494,88.2728528,88.2728528,1.7271472,0.0278958,0.93598,1.624752,2,2.52801,1922.43032,2278.92787,356.49756,7.24518,-2.2026,0.54994,124.78129,0.54994,46.52355,46.5268,46.526796,46.5551561,1,80003.685,-224420.894,-3.685,304420.894,False,False,-0.09027
231.16,TGO,THRUST,80002.898,88.2808445,88.2808445,1.7191555,0.0277699,0.9358,1.629099,2,2.25065,1930.77402,2278.92715,348.15313,7.06593,-2.15532,0.55922,121.85998,0.55922,46.64794,46.6513,46.6512958,46.6797318,1,80003.841,-219323.902,-3.841,299323.902,False,False,-0.09882
231.34,TGO,THRUST,80003.254,88.2888168,88.2888168,1.7111832,0.0276448,0.93562,1.63347,2,1.98494,1939.14009,2278.92651,339.78641,6.88668,-2.1077,0.5674,118.93091,0.5674,46.77302,46.77646,46.7764637,46.804976,1,80003.983,-214141.174,-3.983,294141.174,False,False,-0.10704
231.52,TGO,THRUST,80003.565,88.2967705,88.2967705,1.7032295,0.0275204,0.93544,1.637865,2,1.73067,1947.52865,2278.92594,331.3973,6.70744,-2.05975,0.57452,115.99401,0.57452,46.89879,46.90231,46.9023051,46.9308941,1,80004.11,-208870.657,-4.11,288870.657,False,False,-0.11491
231.7,TGO,THRUST,80003.832,88.3047054,88.3047054,1.6952946,0.0273967,0.93526,1.642283,2,1.48766,1955.9398,2278.92546,322.98565,6.5282,-2.01146,0.5806,113.04926,0.5806,47.02524,47.02883,47.0288254,47.0574915,1,80004.224,-203510.233,-4.224,283510.233,False,False,-0.12233
231.88,TGO,THRUST,80004.057,88.3126212,88.3126212,1.6873788,0.0272737,0.93507,1.646725,2,1.25572,1964.37368,2278.92504,314.55136,6.34896,-1.96283,0.58569,110.0966,0.58569,47.15239,47.15603,47.1560301,47.1847738,1,80004.324,-198057.712,-4.324,278057.712,False,False,-0.12927
232.06,TGO,THRUST,80004.243,88.3205183,88.3205183,1.6794817,0.0271515,0.93489,1.651191,2,1.03464,1972.83039,2278.92469,306.0943,6.16972,-1.91387,0.58983,107.13601,0.58983,47.28025,47.28392,47.2839248,47.3127464,1,80004.409,-192510.834,-4.409,272510.834,False,False,-0.13573
232.24,TGO,THRUST,80004.391,88.3283972,88.3283972,1.6716028,0.0270299,0.9347,1.655682,2,0.82425,1981.31007,2278.92441,297.61434,5.99049,-1.86456,0.59307,104.16742,0.59307,47.40881,47.41252,47.4125152,47.4414152,1,80004.48,-186867.263,-4.48,266867.263,False,False,-0.14167
232.42,TGO,THRUST,80004.503,88.3362585,88.3362585,1.6637415,0.026909,0.93452,1.660196,2,0.6244,1989.81283,2278.92419,289.11136,5.81127,-1.8149,0.59545,101.1908,0.59545,47.53808,47.54181,47.5418068,47.5707857,1,80004.537,-181124.583,-4.537,261124.583,False,False,-0.14697
232.6,TGO,THRUST,80004.58,88.3441023,88.3441023,1.6558977,0.0267888,0.93433,1.664736,2,0.43487,1998.3388,2278.92403,280.58523,5.63204,-1.7649,0.59704,98.20611,0.59704,47.66807,47.67181,47.6718056,47.7008636,1,80004.579,-175280.301,-4.579,255280.301,False,False,-0.15166
232.78,TGO,THRUST,80004.626,88.3519292,88.3519292,1.6480708,0.0266693,0.93414,1.669301,2,0.25546,2006.8881,2278.92392,272.03582,5.45282,-1.71454,0.59795,95.21329,0.59795,47.79878,47.80252,47.8025172,47.831655,1,80004.608,-169331.835,-4.608,249331.835,False,False,-0.15592
232.96,TGO,THRUST,80004.641,88.3597394,88.3597394,1.6402606,0.0265505,0.93395,1.67389,2,0.08602,2015.46087,2278.92387,263.463,5.27361,-1.66383,0.59827,92.21231,0.59827,47.93021,47.93395,47.9339476,47.9631655,1,80004.623,-163276.516,-4.623,243276.516,False,False,-0.15988
233.14,TGO,THRUST,80004.628,88.3675332,88.3675332,1.6324668,0.0264323,0.93376,1.678505,2,-0.0735,2024.05722,2278.92386,254.86665,5.09439,-1.61276,0.59799,89.20311,0.59799,48.06238,48.0661,48.0661027,48.0954011,1,80004.625,-157111.585,-4.625,237111.585,False,False,-0.16367
233.32,TGO,THRUST,80004.588,88.375311,88.375311,1.624689,0.0263148,0.93357,1.683146,2,-0.22318,2032.67728,2278.92391,246.24663,4.91518,-1.56134,0.59717,86.18565,0.59717,48.19529,48.19899,48.1989886,48.228368,1,80004.614,-150834.184,-4.614,230834.184,False,False,-0.16732
233.5,TGO,THRUST,80004.523,88.383073,88.383073,1.616927,0.026198,0.93338,1.687812,2,-0.36304,2041.32118,2278.92399,237.60281,4.73597,-1.50955,0.59582,83.1599,0.59582,48.32894,48.33261,48.3326112,48.3620721,1,80004.59,-144441.358,-4.59,224441.358,False,False,-0.17079
233.68,TGO,THRUST,80004.434,88.3908192,88.3908192,1.6091808,0.0260818,0.93318,1.692504,2,-0.49311,2049.98905,2278.92412,228.93507,4.55677,-1.4574,0.59395,80.12579,0.59395,48.46334,48.46698,48.4669768,48.4965196,1,80004.554,-137930.045,-4.554,217930.045,False,False,-0.17395
233.86,TGO,THRUST,80004.324,88.39855,88.39855,1.60145,0.0259663,0.93299,1.697222,2,-0.61349,2058.68101,2278.92429,220.24327,4.37757,-1.40489,0.59165,77.08329,0.59165,48.59849,48.60209,48.6020915,48.6317167,1,80004.506,-131297.073,-4.506,211297.073,False,False,-0.17678
234.04,TGO,THRUST,80004.194,88.4062653,88.4062653,1.5937347,0.0258513,0.93279,1.701967,2,-0.72424,2067.39721,2278.92449,211.52728,4.19837,-1.352,0.589,74.03234,0.589,48.7344,48.73796,48.7379617,48.7676697,1,80004.447,-124539.156,-4.447,204539.156,False,False,-0.17916
234.22,TGO,THRUST,80004.046,88.4139655,88.4139655,1.5860345,0.0257371,0.93259,1.706738,2,-0.82542,2076.13777,2278.92472,202.78695,4.01918,-1.29874,0.58612,70.97291,0.58612,48.87108,48.87459,48.8745937,48.904385,1,80004.377,-117652.887,-4.377,197652.887,False,False,-0.1811
234.4,TGO,THRUST,80003.881,88.4216503,88.4216503,1.5783497,0.0256234,0.9324,1.711537,2,-0.91708,2084.90282,2278.92498,194.02216,3.83999,-1.24511,0.67171,67.90494,0.67171,49.00739,49.01199,49.0119939,49.0418689,1,80004.297,-110634.735,-4.297,190634.735,False,False,-0.07913
234.58,TGO,THRUST,80003.702,88.4293202,88.4293202,1.5706798,0.0255104,0.9322,1.716362,2,-0.99941,2093.6925,2278.92527,185.23276,3.6608,-1.1911,0.76427,64.82839,0.76427,49.14423,49.15017,49.1501689,49.1801281,1,80004.207,-103481.037,-4.207,183481.037,False,False,0.02911
234.76,TGO,THRUST,80003.51,88.4369762,88.4369762,1.5630238,0.025398,0.93199,1.721214,2,-1.07378,2102.50697,2278.92558,176.41861,3.48162,-1.13671,0.85375,61.74319,0.85375,49.28173,49.28913,49.2891251,49.319169,1,80004.11,-96187.978,-4.11,176187.978,False,False,0.11871
234.94,TGO,THRUST,80003.306,88.4446183,88.4446183,1.5553817,0.0252861,0.93179,1.726094,2,-1.13854,2111.34633,2278.92591,167.57958,3.30244,-1.08194,0.93785,58.64932,0.93785,49.41997,49.42887,49.4288692,49.4589983,1,80004.004,-88751.635,-4.004,168751.635,False,False,0.18314
235.12,TGO,THRUST,80003.094,88.4522464,88.4522464,1.5477536,0.0251749,0.93159,1.731002,2,-1.18965,2120.21066,2278.92625,158.7156,3.12326,-1.02678,1.01171,55.54675,1.01171,49.55908,49.56941,49.5694081,49.5996228,1,80003.885,-81167.965,-3.885,161167.965,False,False,0.21547
235.3,TGO,THRUST,80002.876,88.4598604,88.4598604,1.5401396,0.0250643,0.93139,1.735938,2,-1.22279,2129.10002,2278.92662,149.8266,2.94409,-0.97123,1.06992,52.43548,1.06992,49.69923,49.71075,49.7107483,49.7410492,1,80003.75,-73432.78,-3.75,153432.78,False,False,0.21354
235.48,TGO,THRUST,80002.657,88.46746,88.46746,1.53254,0.0249543,0.93118,1.722569,2,-1.2345,2138.01447,2278.92698,140.91251,2.76493,-0.91529,1.1077,49.3155,1.1077,49.3155,49.8529,49.3279348,49.3580023,0.9900729,80003.593,-65541.725,-3.593,145541.725,False,False,0.19204
235.66,TGO,THRUST,80002.441,88.4750206,88.4750206,1.5249794,0.0248453,0.93097,1.613716,2,-1.22324,2146.92449,2278.92735,132.00286,2.58639,-0.85915,1.12223,46.19714,1.12223,46.19714,49.99491,46.2107685,46.238936,0.92487285,80003.411,-57517.178,-3.411,137517.178,False,False,0.21958
235.84,TGO,THRUST,80002.229,88.4823532,88.4823532,1.5176468,0.0247397,0.93077,1.507656,2,-1.19348,2155.60507,2278.92771,123.32263,2.41302,-0.80423,1.11797,43.15914,1.11797,43.15914,50.13099,43.1736152,43.1999314,0.86174095,80003.21,-49563.874,-3.21,129563.874,False,False,0.23581
236.02,TGO,THRUST,80002.025,88.4891857,88.4891857,1.5108143,0.0246413,0.93056,1.408397,2,-1.15493,2163.72882,2278.92806,115.19924,2.2512,-0.75263,1.10593,40.31606,1.10593,40.31606,50.25857,40.3312236,40.3558073,0.80296367,80003.001,-41996.838,-3.001,121996.838,False,False,0.24695
236.2,TGO,THRUST,80001.829,88.4955485,88.4955485,1.5044515,0.0245496,0.93035,1.315681,2,-1.10942,2171.31688,2278.92839,107.61151,2.10042,-0.70426,1.08733,37.66049,1.08733,37.66049,50.37803,37.6761796,37.6991449,0.74832508,80002.787,-34818.061,-2.787,114818.061,False,False,0.25167
236.38,TGO,THRUST,80001.643,88.5014921,88.5014921,1.4985079,0.0244642,0.93014,1.229081,2,-1.05765,2178.40403,2278.92871,100.52469,1.95992,-0.65893,1.0622,35.18025,1.0622,35.18025,50.48987,35.1962834,35.2177371,0.6975209,80002.568,-28014.503,-2.568,108014.503,False,False,0.24839
236.56,TGO,THRUST,80001.466,88.5070615,88.5070615,1.4929385,0.0243845,0.92993,1.148192,2,-1.00023,2185.0234,2278.92902,93.90562,1.82897,-0.61645,1.03059,32.86375,1.03059,32.86375,50.59455,32.8799092,32.899951,0.65026665,80002.348,-21572.172,-2.348,101572.172,False,False,0.23648
236.74,TGO,THRUST,80001.301,88.512294,88.512294,1.487706,0.0243102,0.92971,1.072633,2,-0.93777,2191.20594,2278.92931,87.72337,1.7069,-0.57667,0.99259,30.70016,0.99259,30.70016,50.69253,30.7161993,30.7349222,0.60630078,80002.126,-15476.892,-2.126,95476.892,False,False,0.21637
236.92,TGO,THRUST,80001.148,88.5172188,88.5172188,1.4827812,0.0242407,0.9295,1.002052,2,-0.87105,2196.98054,2278.92957,81.94903,1.5931,-0.53941,0.9485,28.67935,0.9485,28.67935,50.78422,28.695027,28.7125179,0.56538262,80001.905,-9714.434,-1.905,89714.434,False,False,0.1895
237.1,TGO,THRUST,80001.008,88.5218578,88.5218578,1.4781422,0.0241758,0.92928,0.936119,2,-0.80101,2202.37419,2278.92982,76.55563,1.487,-0.50451,0.89887,26.79188,0.89887,26.79188,50.87002,26.8069501,26.8232902,0.5272907,80001.689,-4270.601,-1.689,84270.601,False,False,0.15937
237.28,TGO,THRUST,80000.88,88.5262269,88.5262269,1.4737731,0.024115,0.92907,0.874527,2,-0.72867,2207.41208,2278.93005,71.51797,1.38805,-0.47184,0.84441,25.02892,0.84441,25.02892,50.9503,25.0431637,25.0584286,0.491821,80001.48,868.694,-1.48,79131.306,False,False,0.13387
237.46,TGO,THRUST,80000.766,88.5303376,88.5303376,1.4696624,0.0240581,0.92885,0.816987,2,-0.65512,2212.11772,2278.93025,66.81253,1.29577,-0.44126,0.78595,23.38225,0.78595,23.38225,51.02541,23.3954583,23.4097189,0.45878555,80001.281,5717.351,-1.281,74282.649,False,False,0.12815
237.64,TGO,THRUST,80000.664,88.5341989,88.5341989,1.4658011,0.0240048,0.92864,0.763235,2,-0.58143,2216.5131,2278.93043,62.41733,1.20969,-0.41264,0.72442,21.84417,0.72442,21.84417,51.09566,21.8561802,21.8695025,0.42801094,80001.094,10289.027,-1.094,69710.973,False,False,-0.15469
237.82,TGO,THRUST,80000.575,88.5378183,88.5378183,1.4621817,0.0239548,0.92842,0.713019,2,-0.50865,2220.61872,2278.93059,58.31187,1.1294,-0.38585,0.66078,20.40749,0.66078,20.40749,51.16138,20.4181901,20.4306359,0.3993371,80000.923,14597.09,-0.923,65402.91,False,False,-0.20805
238,TGO,THRUST,80000.499,88.5412034,88.5412034,1.4587966,0.0239078,0.9282,0.666108,2,-0.4378,2224.45375,2278.93073,54.47699,1.05449,-0.36078,0.59605,19.06551,0.59605,19.06551,51.22284,19.0748283,19.0864553,0.37261609,80000.77,18654.573,-0.77,61345.427,False,False,-0.27704
238.18,TGO,THRUST,80000.435,88.5443627,88.5443627,1.4556373,0.0238638,0.92798,0.622284,2,-0.36979,2228.03607,2278.93085,50.89478,0.9846,-0.33732,0.53121,17.81196,0.53121,17.81196,51.28033,17.81988,17.830742,0.34771117,80000.636,22474.14,-0.636,57525.86,False,False,-0.35435
238.36,TGO,THRUST,80000.381,88.5473053,88.5473053,1.4526947,0.0238223,0.92776,0.581345,2,-0.30551,2231.38242,2278.93095,47.54853,0.91938,-0.31538,0.46727,16.64098,0.46727,16.64098,51.33408,16.6475434,16.6576908,0.32449575,80000.522,26068.063,-0.522,53931.937,False,False,-0.43561
238.54,TGO,THRUST,80000.338,88.5500419,88.5500419,1.4499581,0.0237833,0.92754,0.543102,2,-0.24567,2234.50838,2278.93103,44.42265,0.85852,-0.29485,0.40515,15.54712,0.40515,15.54712,51.38434,15.5523985,15.5618784,0.30285252,80000.428,29448.19,-0.428,50551.81,False,False,-0.51707
238.72,TGO,THRUST,80000.305,88.5525838,88.5525838,1.4474162,0.0237466,0.92732,0.507377,2,-0.19087,2237.42854,2278.9311,41.50256,0.80172,-0.27565,0.34566,14.52527,0.34566,14.52527,51.43135,14.5293789,14.5382352,0.28267264,80000.353,32625.945,-0.353,47374.055,False,False,-0.59589
238.9,TGO,THRUST,80000.279,88.5549432,88.5549432,1.4450568,0.023712,0.9271,0.474006,2,-0.14171,2240.15651,2278.93115,38.77464,0.7487,-0.25769,0.2897,13.57066,0.2897,13.57066,51.4753,13.5737488,13.5820226,0.26385516,80000.297,35612.306,-0.297,44387.694,False,False,-0.66945
239.08,TGO,THRUST,80000.262,88.5571328,88.5571328,1.4428672,0.0236794,0.92687,0.442833,2,-0.09854,2242.70499,2278.93118,36.2262,0.69922,-0.24088,0.23791,12.67884,0.23791,12.67884,51.51638,12.6810763,12.688806,0.24630622,80000.258,38417.802,-0.258,41582.198,False,False,-0.7353
239.26,TGO,THRUST,80000.25,88.5591649,88.5591649,1.4408351,0.0236486,0.92665,0.413714,2,-0.06146,2245.08583,2278.93121,33.84538,0.65302,-0.22517,0.19074,11.84568,0.19074,11.84568,51.5548,11.8472149,11.8544363,0.22993857,80000.233,41052.501,-0.233,38947.499,False,False,-0.79139
239.44,TGO,THRUST,80000.244,88.5610514,88.5610514,1.4389486,0.0236195,0.92643,0.386513,2,-0.03053,2247.31011,2278.93123,31.62111,0.60989,-0.21048,0.14856,11.06729,0.14856,11.06729,51.59071,11.0682851,11.0750318,0.21467105,80000.219,43526.027,-0.219,36473.973,False,False,-0.83566
239.62,TGO,THRUST,80000.241,88.5628043,88.5628043,1.4371957,0.023592,0.9262,0.361104,2,-0.00561,2249.38816,2278.93123,29.54307,0.56963,-0.19674,0.11158,10.34006,0.11158,10.34006,51.62428,10.3406582,10.3469613,0.2004282,80000.214,45847.551,-0.214,34152.449,False,False,-0.86599
239.8,TGO,THRUST,80000.242,88.5644343,88.5644343,1.4355657,0.0235659,0.92598,0.337367,2,0.01354,2251.32962,2278.93123,27.60162,0.53203,-0.18389,0.07988,9.66061,0.07988,9.66061,51.65566,9.6609408,9.6668295,0.18713978,80000.216,48025.806,-0.216,31974.194,False,False,-0.88025
239.98,TGO,THRUST,80000.245,88.5659516,88.5659516,1.4340484,0.0235412,0.92575,0.315194,2,0.02722,2253.14348,2278.93123,25.78775,0.49693,-0.17187,0.05348,9.0258,0.05348,9.0258,51.685,9.0259612,9.0314629,0.1747405,80000.222,50069.096,-0.222,29930.904,False,False,-0.87668
240.16,TGO,THRUST,80000.249,88.5673652,88.5673652,1.4326348,0.0235178,0.92553,0.294478,2,0.03572,2254.83815,2278.93122,24.09307,0.46415,-0.16064,0.03236,8.43269,0.03236,8.43269,51.71242,8.4327561,8.4378962,0.16316962,80000.23,51985.307,-0.23,28014.693,False,False,-0.85391
240.34,TGO,THRUST,80000.254,88.5686833,88.5686833,1.4313167,0.0234955,0.9253,0.275125,2,0.03945,2256.42147,2278.93122,22.50975,0.43354,-0.15013,0.01638,7.87854,0.01638,7.87854,51.73806,7.8785588,7.8833611,0.15237065,80000.238,53781.918,-0.238,26218.082,False,False,-0.81105
240.52,TGO,THRUST,80000.259,88.5699129,88.5699129,1.4300871,0.0234744,0.92507,0.257044,2,0.03886,2257.90076,2278.93121,21.03045,0.40495,-0.14031,0.00533,7.36079,0.00533,7.36079,51.76201,7.3607883,7.365275,0.14229113,80000.246,55466.014,-0.246,24533.986,False,False,-0.74836
240.7,TGO,THRUST,80000.263,88.5710606,88.5710606,1.4289394,0.0234543,0.92485,0.240151,2,0.03451,2259.28285,2278.9312,19.64835,0.37826,-0.13113,-0.00117,6.87704,-0.00117,6.87704,51.78441,6.8770387,6.8812306,0.13288229,80000.252,57044.302,-0.252,22955.698,False,False,-0.66644
240.88,TGO,THRUST,80000.266,88.5721318,88.5721318,1.4278682,0.0234351,0.92462,0.224368,2,0.02704,2260.57412,2278.9312,18.35708,0.35333,-0.12255,-0.00359,6.42507,-0.00359,6.42507,51.80534,6.4250689,6.4289853,0.12409889,80000.256,58523.127,-0.256,21476.873,False,False,-0.56669
241.06,TGO,THRUST,80000.259,88.5731319,88.5731319,1.4268681,0.0234168,0.92439,0.209622,2,0.01711,2261.78052,2278.93119,17.15067,0.33005,-0.11452,-0.00244,6.00279,-0.00244,6.00279,51.8249,6.0027912,6.0064502,0.11589893,80000.258,59908.488,-0.258,20091.512,False,False,-0.45098
241.24,TGO,THRUST,80000.257,88.5740657,88.5740657,1.4259343,0.0233994,0.92416,0.195845,2,0.00534,2262.90767,2278.93121,16.02353,0.3083,-0.10702,0.00514,5.60825,0.00514,5.60825,51.84318,5.6082569,5.6116753,0.10824326,80000.25,61206.065,-0.25,18793.935,False,False,-0.28684
241.42,TGO,THRUST,80000.254,88.5749369,88.5749369,1.4250631,0.0233827,0.92393,0.182973,2,-0.00767,2263.96071,2278.93121,14.9705,0.28799,-0.10001,0.01174,5.23965,0.01174,5.23965,51.86027,5.2396628,5.2428566,0.10109582,80000.25,62421.197,-0.25,17578.803,False,False,-0.14721
241.6,TGO,THRUST,80000.249,88.5757499,88.5757499,1.4242501,0.0233667,0.9237,0.170948,2,-0.02147,2264.94453,2278.93122,13.98669,0.26903,-0.09346,0.02032,4.89527,0.02032,4.89527,51.87624,4.8953111,4.898295,0.09442271,80000.25,63558.954,-0.25,16441.046,False,False,0.03718
241.78,TGO,THRUST,80000.243,88.5765084,88.5765084,1.4234916,0.0233515,0.92347,0.159714,2,-0.03527,2265.86368,2278.93122,13.06754,0.25131,-0.08734,0.03011,4.57352,0.03011,4.57352,51.89116,4.5736211,4.5764089,0.08819246,80000.249,64624.109,-0.249,15375.891,False,False,0.16119
241.96,TGO,THRUST,80000.234,88.5772158,88.5772158,1.4227842,0.0233368,0.92324,0.14922,2,-0.04852,2266.72243,2278.93124,12.20881,0.23476,-0.08161,0.04048,4.27292,0.04048,4.27292,51.90511,4.2731134,4.275718,0.08237567,80000.249,65621.165,-0.249,14378.835,False,False,0.30774
242.14,TGO,THRUST,80000.224,88.5778756,88.5778756,1.4221244,0.0233227,0.92301,0.139418,2,-0.06082,2267.52474,2278.93125,11.40651,0.21931,-0.07626,0.05094,3.99208,0.05094,3.99208,51.91814,3.992402,3.9948355,0.07694489,80000.249,66554.368,-0.249,13445.632,False,False,0.44969
242.32,TGO,THRUST,80000.212,88.5784909,88.5784909,1.4215091,0.0233092,0.92278,0.130261,2,-0.07185,2268.27434,2278.93127,10.65694,0.20487,-0.07126,0.06108,3.72969,0.06108,3.72969,51.93032,3.730188,3.7324617,0.07187443,80000.249,67427.713,-0.249,12572.287,False,False,0.582
242.5,TGO,THRUST,80000.19,88.5790648,88.5790648,1.4209352,0.0232961,0.92255,0.121709,2,-0.08133,2268.9747,2278.9313,9.9566,0.19139,-0.06659,0.07223,3.48454,0.07223,3.48454,51.9417,3.4852857,3.4874101,0.06714085,80000.244,68244.966,-0.244,11755.034,False,False,0.72856
242.68,TGO,THRUST,80000.176,88.5796001,88.5796001,1.4203999,0.0232835,0.92232,0.113721,2,-0.08906,2269.62907,2278.93133,9.30226,0.17879,-0.06222,0.08233,3.25549,0.08233,3.25549,51.95234,3.2565333,3.2585183,0.0627213,80000.238,69009.659,-0.238,10990.341,False,False,0.85964
242.86,TGO,THRUST,80000.162,88.5800992,88.5800992,1.4199008,0.0232714,0.92209,0.106257,2,-0.095,2270.24046,2278.93135,8.69089,0.16703,-0.05814,0.08948,3.04149,0.08948,3.04149,51.96228,3.0428107,3.0446655,0.05859377,80000.236,69725.113,-0.236,10274.887,False,False,0.93794
243.04,TGO,THRUST,80000.147,88.5805648,88.5805648,1.4194352,0.0232597,0.92185,0.099285,2,-0.09905,2270.81171,2278.93138,8.11967,0.15603,-0.05433,0.09515,2.84155,0.09515,2.84155,51.97156,2.8431456,2.8448786,0.05473914,80000.231,70394.449,-0.231,9605.551,False,False,0.98696
243.22,TGO,THRUST,80000.133,88.5809991,88.5809991,1.4190009,0.0232483,0.92162,0.09277,2,-0.10102,2271.34545,2278.9314,7.58596,0.14577,-0.05076,0.09903,2.65475,0.09903,2.65475,51.98025,2.6565934,2.6582127,0.0511389,80000.223,71020.583,-0.223,8979.417,False,False,1.00248
243.4,TGO,THRUST,80000.118,88.5814044,88.5814044,1.4185956,0.0232373,0.92139,0.086683,2,-0.10088,2271.84413,2278.93143,7.0873,0.13617,-0.04743,0.10099,2.48022,0.10099,2.48022,51.98836,2.482272,2.4837851,0.04777579,80000.212,71606.251,-0.212,8393.749,False,False,0.9823
243.58,TGO,THRUST,80000.105,88.5817827,88.5817827,1.4182173,0.0232267,0.92115,0.080994,2,-0.09879,2272.31005,2278.93145,6.6214,0.12721,-0.04432,0.10106,2.31716,0.10106,2.31716,51.99594,2.3193624,2.3207762,0.04463379,80000.197,72154.018,-0.197,7845.982,False,False,0.92572
243.76,TGO,THRUST,80000.092,88.5821357,88.5821357,1.4178643,0.0232163,0.92092,0.075677,2,-0.09493,2272.74535,2278.93147,6.18612,0.11884,-0.04141,0.09932,2.16483,0.09932,2.16483,52.00303,2.1671035,2.1684245,0.04169804,80000.178,72666.287,-0.178,7333.713,False,False,0.83402
243.94,TGO,THRUST,80000.079,88.5824653,88.5824653,1.4175347,0.0232063,0.92068,0.070707,2,-0.08947,2273.15202,2278.93149,5.77947,0.11102,-0.03869,0.09589,2.02252,0.09589,2.02252,52.00965,2.0247888,2.026023,0.03895475,80000.156,73145.312,-0.156,6854.688,False,False,0.70952
244.12,TGO,THRUST,80000.068,88.5827729,88.5827729,1.4172271,0.0231965,0.92045,0.066062,2,-0.0827,2273.53193,2278.93151,5.39958,0.10372,-0.03615,0.09098,1.88958,0.09098,1.88958,52.01583,1.8917656,1.8929187,0.0363912,80000.132,73593.205,-0.132,6406.795,False,False,0.55615
244.3,TGO,THRUST,80000.049,88.5830601,88.5830601,1.4169399,0.0231869,0.92021,0.061721,2,-0.07491,2273.88684,2278.93153,5.04469,0.0969,-0.03378,0.08542,1.76539,0.08542,1.76539,52.02161,1.7674576,1.7685349,0.03399616,80000.105,74011.953,-0.105,5988.047,False,False,0.39769
244.5,FINE,THRUST,80000.039,88.5833285,88.5833285,1.4166715,0.0231776,0.91998,0.019797,2,-0.06641,2274.2184,2278.93156,4.71317,0.09052,-0.03156,0.0419,0.56536,0.0419,0.56536,52.0276,0.5669084,0.567254,0.01090294,80000.072,74403.428,-0.072,5596.572,True,False,1.70895
244.68,FINE,THRUST,80000.031,88.5835358,88.5835358,1.4164642,0.0231684,0.91972,0.01872,2,-0.06081,2274.47464,2278.93158,4.45694,0.0856,-0.02984,0.03935,0.53463,0.03935,0.53463,52.03009,0.5360751,0.5364019,0.01030946,80000.051,74706.186,-0.051,5293.814,True,False,1.50663
244.84,FINE,THRUST,80000.024,88.5836079,88.5836079,1.4163921,0.0231622,0.91951,0.018347,2,-0.06172,2274.56372,2278.93159,4.36787,0.08389,-0.02925,0.03894,0.52394,0.03894,0.52394,52.03155,0.525383,0.5257033,0.01010355,80000.045,74811.451,-0.045,5188.549,True,False,1.3531
245,FINE,THRUST,80000.017,88.5836766,88.5836766,1.4163234,0.023156,0.9193,0.017991,2,-0.06246,2274.64868,2278.9316,4.28292,0.08226,-0.02868,0.03853,0.51374,0.03853,0.51374,52.03295,0.5151845,0.5154986,0.00990716,80000.038,74911.866,-0.038,5088.134,True,False,1.17301
245.16,FINE,THRUST,80000.003,88.583744,88.583744,1.416256,0.0231498,0.91908,0.017642,2,-0.06276,2274.73196,2278.93162,4.19966,0.08066,-0.02812,0.0381,0.50375,0.0381,0.50375,52.03433,0.5051887,0.5054966,0.00971468,80000.024,75010.292,-0.024,4989.708,True,False,0.97983
245.34,FINE,THRUST,79999.996,88.5838181,88.5838181,1.4161819,0.0231429,0.91885,0.017257,2,-0.06257,2274.82364,2278.93164,4.108,0.07889,-0.02751,0.03752,0.49275,0.03752,0.49275,52.03585,0.4941773,0.4944785,0.00950265,80000.011,75118.68,-0.011,4881.32,True,False,0.75204
245.5,FINE,THRUST,79999.99,88.5838825,88.5838825,1.4161175,0.0231368,0.91864,0.016921,2,-0.06194,2274.9036,2278.93165,4.02805,0.07736,-0.02698,0.03692,0.48316,0.03692,0.48316,52.03717,0.484568,0.4848634,0.00931763,80000.001,75213.237,-0.001,4786.763,True,False,0.55055
245.66,FINE,THRUST,79999.984,88.5839456,88.5839456,1.4160544,0.0231307,0.91842,0.016593,2,-0.06094,2274.98183,2278.93166,3.94983,0.07585,-0.02645,0.03628,0.47378,0.03628,0.47378,52.03847,0.4751624,0.475452,0.00913655,79999.99,75305.775,0.01,4694.225,True,False,0.35993
245.82,FINE,THRUST,79999.978,88.5840074,88.5840074,1.4159926,0.0231245,0.91821,0.016271,2,-0.05963,2275.05852,2278.93167,3.87315,0.07438,-0.02594,0.0356,0.46458,0.0356,0.46458,52.03974,0.4659396,0.4662236,0.00895899,79999.979,75396.503,0.021,4603.497,True,False,0.18572
246,FINE,THRUST,79999.97,88.5840753,88.5840753,1.4159247,0.0231177,0.91797,0.015916,2,-0.05784,2275.14296,2278.93168,3.78872,0.07276,-0.02537,0.03479,0.45445,0.03479,0.45445,52.04114,0.4557822,0.45606,0.00876345,79999.965,75496.416,0.035,4503.584,True,False,0.01671
246.16,FINE,THRUST,79999.964,88.5841346,88.5841346,1.4158654,0.0231116,0.91776,0.015607,2,-0.05603,2275.21662,2278.93169,3.71507,0.07134,-0.02488,0.03405,0.44562,0.03405,0.44562,52.04236,0.4469198,0.4471923,0.00859285,79999.954,75583.586,0.046,4416.414,True,False,-0.11561
246.32,FINE,THRUST,79999.957,88.5841926,88.5841926,1.4158074,0.0231055,0.91755,0.015304,2,-0.05409,2275.2887,2278.9317,3.643,0.06996,-0.0244,0.0333,0.43698,0.0333,0.43698,52.04356,0.438246,0.4385132,0.00842589,79999.942,75668.904,0.058,4331.096,True,False,-0.22057
246.48,FINE,THRUST,79999.95,88.5842494,88.5842494,1.4157506,0.0230994,0.91734,0.015007,2,-0.05207,2275.35937,2278.93171,3.57234,0.0686,-0.02393,0.03255,0.42851,0.03255,0.42851,52.04473,0.4297412,0.4300032,0.00826219,79999.93,75752.565,0.07,4247.435,True,False,-0.30236
246.66,FINE,THRUST,79999.942,88.5843119,88.5843119,1.4156881,0.0230926,0.9171,0.01468,2,-0.04974,2275.4372,2278.93173,3.49453,0.06711,-0.0234,0.03171,0.41918,0.03171,0.41918,52.04602,0.4203748,0.420631,0.00808191,79999.917,75844.712,0.083,4155.288,True,False,-0.36805
246.82,FINE,THRUST,79999.935,88.5843665,88.5843665,1.4156335,0.0230865,0.91688,0.014394,2,-0.04766,2275.5051,2278.93174,3.42664,0.0658,-0.02295,0.03096,0.41104,0.03096,0.41104,52.04714,0.4122024,0.4124537,0.00792462,79999.906,75925.121,0.094,4074.879,True,False,-0.40543
246.98,FINE,THRUST,79999.928,88.58442,88.58442,1.41558,0.0230805,0.91667,0.014115,2,-0.04562,2275.57155,2278.93175,3.3602,0.06453,-0.02251,0.03024,0.40307,0.03024,0.40307,52.04825,0.4042038,0.4044502,0.00777068,79999.895,76003.835,0.105,3996.165,True,False,-0.42495
247.14,FINE,THRUST,79999.921,88.5844724,88.5844724,1.4155276,0.0230744,0.91645,0.013841,2,-0.04363,2275.63672,2278.93176,3.29504,0.06327,-0.02207,0.02953,0.39526,0.02953,0.39526,52.04933,0.3963608,0.3966024,0.00761974,79999.885,76081.031,0.115,3918.969,True,False,-0.42946
247.32,FINE,THRUST,79999.913,88.5845302,88.5845302,1.4154698,0.0230676,0.91621,0.01354,2,-0.04149,2275.7085,2278.93178,3.22328,0.06189,-0.02159,0.02876,0.38665,0.02876,0.38665,52.05052,0.3877228,0.3879591,0.00745351,79999.874,76166.07,0.126,3833.93,True,False,-0.42003
247.48,FINE,THRUST,79999.906,88.5845806,88.5845806,1.4154194,0.0230616,0.916,0.013276,2,-0.03967,2275.77113,2278.93179,3.16066,0.06069,-0.02117,0.02809,0.37915,0.02809,0.37915,52.05156,0.3801858,0.3804176,0.00730848,79999.865,76240.286,0.135,3759.714,True,False,-0.40211
247.64,FINE,THRUST,79999.899,88.5846299,88.5846299,1.4153701,0.0230555,0.91578,0.013019,2,-0.03794,2275.83243,2278.9318,3.09937,0.05951,-0.02076,0.02745,0.3718,0.02745,0.3718,52.05257,0.3728088,0.373036,0.00716652,79999.856,76312.941,0.144,3687.059,True,False,-0.37746
247.8,FINE,THRUST,79999.893,88.5846783,88.5846783,1.4153217,0.0230495,0.91557,0.012766,2,-0.03631,2275.89255,2278.93181,3.03926,0.05836,-0.02036,0.02683,0.36459,0.02683,0.36459,52.05357,0.3655751,0.3657979,0.00702734,79999.848,76384.201,0.152,3615.799,True,False,-0.34863
247.98,FINE,THRUST,79999.886,88.5847316,88.5847316,1.4152684,0.0230427,0.91533,0.012488,2,-0.03459,2275.95877,2278.93182,2.97305,0.05709,-0.01991,0.02616,0.35665,0.02616,0.35665,52.05467,0.3576079,0.3578259,0.00687404,79999.84,76462.701,0.16,3537.299,True,False,-0.31384
248.14,FINE,THRUST,79999.88,88.5847782,88.5847782,1.4152218,0.0230367,0.91511,0.012245,2,-0.03315,2276.01656,2278.93183,2.91528,0.05598,-0.01953,0.02558,0.34972,0.02558,0.34972,52.05563,0.3506562,0.3508699,0.00674029,79999.832,76531.211,0.168,3468.789,True,False,-0.28314
248.3,FINE,THRUST,79999.874,88.5848237,88.5848237,1.4151763,0.0230307,0.91489,0.012008,2,-0.0318,2276.07312,2278.93184,2.85872,0.05489,-0.01915,0.02502,0.34294,0.02502,0.34294,52.05657,0.3438519,0.3440615,0.00660938,79999.825,76598.281,0.175,3401.719,True,False,-0.2536
248.46,FINE,THRUST,79999.869,88.5848684,88.5848684,1.4151316,0.0230247,0.91468,0.011775,2,-0.03052,2276.12859,2278.93185,2.80327,0.05383,-0.01878,0.02448,0.33629,0.02448,0.33629,52.05749,0.3371797,0.3373853,0.00648101,79999.819,76664.059,0.181,3335.941,True,False,-0.22657
248.64,FINE,THRUST,79999.863,88.5849176,88.5849176,1.4150824,0.0230179,0.91443,0.011518,2,-0.02916,2276.18968,2278.93186,2.74218,0.05265,-0.01837,0.02389,0.32896,0.02389,0.32896,52.0585,0.329831,0.3300321,0.00633964,79999.812,76736.52,0.188,3263.48,True,False,-0.20028
248.8,FINE,THRUST,79999.858,88.5849606,88.5849606,1.4150394,0.0230119,0.91422,0.011294,2,-0.02801,2276.24299,2278.93187,2.68888,0.05163,-0.01801,0.02338,0.32257,0.02338,0.32257,52.05939,0.3234189,0.323616,0.00621629,79999.806,76799.755,0.194,3200.245,True,False,-0.18146
248.96,FINE,THRUST,79999.853,88.5850026,88.5850026,1.4149974,0.0230059,0.914,0.011075,2,-0.02691,2276.29517,2278.93188,2.63671,0.05063,-0.01766,0.02289,0.31632,0.02289,0.31632,52.06025,0.3171428,0.3173361,0.00609555,79999.8,76861.659,0.2,3138.341,True,False,-0.16669
249.12,FINE,THRUST,79999.849,88.5850438,88.5850438,1.4149562,0.023,0.91378,0.01086,2,-0.02586,2276.34633,2278.93189,2.58556,0.04964,-0.01732,0.02241,0.31018,0.02241,0.31018,52.0611,0.3109885,0.3111781,0.00597717,79999.795,76922.368,0.205,3077.632,True,False,-0.15618
249.3,FINE,THRUST,79999.844,88.5850893,88.5850893,1.4149107,0.0229932,0.91354,0.010623,2,-0.02472,2276.40269,2278.9319,2.52921,0.04856,-0.01694,0.02188,0.30342,0.02188,0.30342,52.06204,0.3042103,0.3043957,0.00584679,79999.789,76989.24,0.211,3010.76,True,False,-0.14907
249.46,FINE,THRUST,79999.84,88.5851289,88.5851289,1.4148711,0.0229872,0.91332,0.010417,2,-0.02373,2276.45186,2278.9319,2.48005,0.04762,-0.01661,0.02142,0.29753,0.02142,0.29753,52.06285,0.2982959,0.2984778,0.00573303,79999.784,77047.597,0.216,2952.403,True,False,-0.14685
249.62,FINE,THRUST,79999.837,88.5851677,88.5851677,1.4148323,0.0229813,0.9131,0.010215,2,-0.02277,2276.49998,2278.93191,2.43192,0.04669,-0.01629,0.02097,0.29175,0.02097,0.29175,52.06365,0.2925071,0.2926854,0.00562168,79999.78,77104.721,0.22,2895.279,True,False,-0.14748
249.78,FINE,THRUST,79999.833,88.5852058,88.5852058,1.4147942,0.0229753,0.91288,0.010016,2,-0.02184,2276.54718,2278.93191,2.38474,0.04579,-0.01598,0.02052,0.2861,0.02052,0.2861,52.06443,0.2868306,0.2870055,0.00551251,79999.775,77160.742,0.225,2839.258,True,False,-0.15063
249.96,FINE,THRUST,79999.829,88.5852477,88.5852477,1.4147523,0.0229686,0.91264,0.009798,2,-0.0208,2276.59915,2278.93192,2.33277,0.04479,-0.01563,0.02004,0.27986,0.02004,0.27986,52.06529,0.2805788,0.2807498,0.00539226,79999.77,77222.447,0.23,2777.553,True,False,-0.15637
250.12,FINE,THRUST,79999.826,88.5852843,88.5852843,1.4147157,0.0229626,0.91242,0.009608,2,-0.0199,2276.6445,2278.93193,2.28742,0.04392,-0.01532,0.01961,0.27442,0.01961,0.27442,52.06605,0.2751237,0.2752914,0.00528735,79999.766,77276.293,0.234,2723.707,True,False,-0.16314
250.28,FINE,THRUST,79999.823,88.5853201,88.5853201,1.4146799,0.0229566,0.9122,0.009421,2,-0.01901,2276.68889,2278.93193,2.24304,0.04306,-0.01503,0.01919,0.2691,0.01919,0.2691,52.06678,0.2697844,0.2699488,0.00518467,79999.762,77329.002,0.238,2670.998,True,False,-0.17042
250.44,FINE,THRUST,79999.82,88.5853553,88.5853553,1.4146447,0.0229507,0.91198,0.009238,2,-0.01814,2276.73242,2278.93194,2.19952,0.04223,-0.01474,0.01878,0.26388,0.01878,0.26388,52.0675,0.2645488,0.2647101,0.00508398,79999.758,77380.69,0.242,2619.31,True,False,-0.1779
250.62,FINE,THRUST,79999.817,88.585394,88.585394,1.414606,0.0229439,0.91173,0.009037,2,-0.01718,2276.78035,2278.93194,2.15159,0.04131,-0.01441,0.01832,0.25813,0.01832,0.25813,52.0683,0.2587825,0.2589403,0.00497309,79999.754,77437.624,0.246,2562.376,True,False,-0.18608
250.78,FINE,THRUST,79999.815,88.5854279,88.5854279,1.4145721,0.022938,0.91151,0.008861,2,-0.01634,2276.82218,2278.93195,2.10977,0.04051,-0.01413,0.01793,0.25312,0.01793,0.25312,52.06899,0.2537512,0.2539059,0.00487634,79999.751,77487.305,0.249,2512.695,True,False,-0.19314
250.94,FINE,THRUST,79999.812,88.585461,88.585461,1.414539,0.022932,0.91129,0.008689,2,-0.01552,2276.86312,2278.93195,2.06883,0.03972,-0.01386,0.01754,0.24821,0.01754,0.24821,52.06967,0.2488267,0.2489784,0.00478164,79999.747,77535.936,0.253,2464.064,True,False,-0.1992
251.1,FINE,THRUST,79999.81,88.5854934,88.5854934,1.4145066,0.0229261,0.91107,0.008521,2,-0.01471,2276.90326,2278.93195,2.02869,0.03895,-0.01359,0.01715,0.24339,0.01715,0.24339,52.07034,0.2439979,0.2441466,0.00468878,79999.744,77583.627,0.256,2416.373,True,False,-0.20433
251.28,FINE,THRUST,79999.807,88.5855292,88.5855292,1.4144708,0.0229194,0.91082,0.008335,2,-0.01383,2276.94747,2278.93196,1.98449,0.0381,-0.0133,0.01673,0.23809,0.01673,0.23809,52.07107,0.2386795,0.238825,0.00458652,79999.741,77636.157,0.259,2363.843,True,False,-0.20882
251.44,FINE,THRUST,79999.805,88.5855604,88.5855604,1.4144396,0.0229134,0.9106,0.008173,2,-0.01306,2276.98605,2278.93196,1.94591,0.03736,-0.01304,0.01637,0.23347,0.01637,0.23347,52.07171,0.234039,0.2341817,0.00449729,79999.738,77681.995,0.262,2318.005,True,False,-0.21195
251.6,FINE,THRUST,79999.803,88.585591,88.585591,1.414409,0.0229075,0.91038,0.008014,2,-0.01231,2277.02381,2278.93197,1.90816,0.03663,-0.01278,0.01601,0.22894,0.01601,0.22894,52.07234,0.2294971,0.2296369,0.00440996,79999.736,77726.865,0.264,2273.135,True,False,-0.21378
251.76,FINE,THRUST,79999.801,88.5856209,88.5856209,1.4143791,0.0229015,0.91016,0.007859,2,-0.01159,2277.06083,2278.93197,1.87114,0.03592,-0.01254,0.01566,0.2245,0.01566,0.2245,52.07295,0.2250433,0.2251805,0.00432433,79999.733,77770.867,0.267,2229.133,True,False,-0.21461
251.94,FINE,THRUST,79999.799,88.5856538,88.5856538,1.4143462,0.0228948,0.90991,0.007687,2,-0.01079,2277.10161,2278.93197,1.83037,0.03514,-0.01226,0.01527,0.21961,0.01527,0.21961,52.07363,0.2201381,0.2202723,0.00423002,79999.731,77819.334,0.269,2180.666,True,False,-0.21434
252.1,FINE,THRUST,79999.797,88.5856826,88.5856826,1.4143174,0.0228889,0.90968,0.007538,2,-0.01011,2277.13719,2278.93198,1.79479,0.03446,-0.01203,0.01493,0.21534,0.01493,0.21534,52.07422,0.2158581,0.2159897,0.00414773,79999.728,77861.628,0.272,2138.372,True,False,-0.21357
252.26,FINE,THRUST,79999.795,88.5857107,88.5857107,1.4142893,0.0228829,0.90946,0.007392,2,-0.00945,2277.17201,2278.93198,1.75997,0.03379,-0.01179,0.01461,0.21116,0.01461,0.21116,52.07479,0.211669,0.211798,0.00406719,79999.726,77903.028,0.274,2096.972,True,False,-0.2119
252.42,FINE,THRUST,79999.794,88.5857383,88.5857383,1.4142617,0.0228769,0.90924,0.007248,2,-0.0088,2277.20616,2278.93198,1.72582,0.03313,-0.01156,0.01429,0.20707,0.01429,0.20707,52.07536,0.2075612,0.2076877,0.00398821,79999.725,77943.627,0.275,2056.373,True,False,-0.20963
252.6,FINE,THRUST,79999.792,88.5857686,88.5857686,1.4142314,0.0228703,0.90899,0.00709,2,-0.00811,2277.24377,2278.93199,1.68821,0.03241,-0.01131,0.01393,0.20256,0.01393,0.20256,52.07599,0.203037,0.2031608,0.00390124,79999.723,77988.345,0.277,2011.655,True,False,-0.20655
252.76,FINE,THRUST,79999.791,88.5857951,88.5857951,1.4142049,0.0228643,0.90876,0.006952,2,-0.0075,2277.27659,2278.93199,1.6554,0.03178,-0.01109,0.01363,0.19862,0.01363,0.19862,52.07653,0.1990895,0.1992108,0.00382535,79999.721,78027.368,0.279,1972.632,True,False,-0.20378
252.92,FINE,THRUST,79999.789,88.585821,88.585821,1.414179,0.0228583,0.90854,0.006817,2,-0.00693,2277.30871,2278.93199,1.62328,0.03116,-0.01088,0.01333,0.19477,0.01333,0.19477,52.07706,0.1952257,0.1953447,0.00375107,79999.72,78065.565,0.28,1934.435,True,False,-0.20063
253.08,FINE,THRUST,79999.788,88.5858464,88.5858464,1.4141536,0.0228524,0.90832,0.006685,2,-0.00637,2277.34021,2278.93199,1.59178,0.03056,-0.01067,0.01304,0.19099,0.01304,0.19099,52.07759,0.191437,0.1915537,0.00367824,79999.718,78103.024,0.282,1896.976,True,False,-0.19732
253.26,FINE,THRUST,79999.787,88.5858744,88.5858744,1.4141256,0.0228457,0.90806,0.006539,2,-0.00576,2277.3749,2278.93199,1.55709,0.02989,-0.01043,0.01271,0.18683,0.01271,0.18683,52.07816,0.1872642,0.1873783,0.00359802,79999.717,78144.283,0.283,1855.717,True,False,-0.19348
253.42,FINE,THRUST,79999.786,88.5858987,88.5858987,1.4141013,0.0228397,0.90784,0.006412,2,-0.00523,2277.40517,2278.932,1.52683,0.02931,-0.01023,0.01243,0.1832,0.01243,0.1832,52.07866,0.1836232,0.1837352,0.00352803,79999.716,78180.286,0.284,1819.714,True,False,-0.19036
253.58,FINE,THRUST,79999.785,88.5859226,88.5859226,1.4140774,0.0228338,0.90761,0.006288,2,-0.00473,2277.4348,2278.932,1.4972,0.02874,-0.01003,0.01216,0.17965,0.01216,0.17965,52.07915,0.1800596,0.1801693,0.00345953,79999.715,78215.528,0.285,1784.472,True,False,-0.18712
253.74,FINE,THRUST,79999.784,88.585946,88.585946,1.414054,0.0228278,0.90739,0.006166,2,-0.00424,2277.46385,2278.932,1.46815,0.02818,-0.00984,0.0119,0.17616,0.0119,0.17616,52.07964,0.1765651,0.1766727,0.00339236,79999.714,78250.088,0.286,1749.912,True,False,-0.18394
253.92,FINE,THRUST,79999.783,88.5859717,88.5859717,1.4140283,0.0228211,0.90714,0.006031,2,-0.00371,2277.49584,2278.932,1.43616,0.02757,-0.00962,0.0116,0.17233,0.0116,0.17233,52.08017,0.1727164,0.1728217,0.00331838,79999.713,78288.155,0.287,1711.845,True,False,-0.18054
254.08,FINE,THRUST,79999.782,88.5859942,88.5859942,1.4140058,0.0228152,0.90691,0.005914,2,-0.00326,2277.52376,2278.932,1.40824,0.02703,-0.00944,0.01135,0.16898,0.01135,0.16898,52.08063,0.1693583,0.1694615,0.00325383,79999.712,78321.372,0.288,1678.628,True,False,-0.178
254.24,FINE,THRUST,79999.782,88.5860162,88.5860162,1.4139838,0.0228092,0.90668,0.005799,2,-0.00282,2277.55109,2278.932,1.38091,0.02651,-0.00925,0.0111,0.1657,0.0111,0.1657,52.08109,0.1660714,0.1661726,0.00319065,79999.712,78353.887,0.288,1646.113,True,False,-0.17545
254.4,FINE,THRUST,79999.777,88.5860377,88.5860377,1.4139623,0.0228033,0.90646,0.005687,2,-0.00239,2277.57789,2278.932,1.35412,0.02599,-0.00907,0.01085,0.16249,0.01085,0.16249,52.08153,0.1628483,0.1629476,0.0031287,79999.711,78385.772,0.289,1614.228,True,False,-0.17305
254.58,FINE,THRUST,79999.771,88.5860616,88.5860616,1.4139384,0.0227966,0.9062,0.005563,2,-0.00193,2277.60743,2278.93202,1.32459,0.02543,-0.00888,0.01065,0.15894,0.01065,0.15894,52.08202,0.1593007,0.1593978,0.00306051,79999.702,78420.901,0.298,1579.099,True,False,-0.14944
254.74,FINE,THRUST,79999.771,88.5860823,88.5860823,1.4139177,0.0227906,0.90598,0.005455,2,-0.00153,2277.63318,2278.93202,1.29884,0.02493,-0.0087,0.01041,0.15586,0.01041,0.15586,52.08244,0.1562033,0.1562985,0.00300098,79999.701,78451.546,0.299,1548.454,True,False,-0.1476
254.9,FINE,THRUST,79999.771,88.5861025,88.5861025,1.4138975,0.0227846,0.90575,0.005349,2,-0.00115,2277.65839,2278.93202,1.27364,0.02445,-0.00853,0.01019,0.15283,0.01019,0.15283,52.08286,0.1531716,0.153265,0.00294271,79999.701,78481.544,0.299,1518.456,True,False,-0.14639
255.06,FINE,THRUST,79999.77,88.5861224,88.5861224,1.4138776,0.0227787,0.90552,0.005245,2,-0.00078,2277.6831,2278.93202,1.24892,0.02397,-0.00837,0.00996,0.14987,0.00996,0.14987,52.08327,0.1501989,0.1502904,0.00288558,79999.701,78510.961,0.299,1489.039,True,False,-0.1459
255.24,FINE,THRUST,79999.77,88.5861442,88.5861442,1.4138558,0.022772,0.90527,0.005131,2,-0.00038,2277.71032,2278.93202,1.2217,0.02345,-0.00819,0.00972,0.1466,0.00972,0.1466,52.08372,0.1469247,0.1470143,0.00282265,79999.701,78543.362,0.299,1456.638,True,False,-0.14602
255.4,FINE,THRUST,79999.77,88.5861633,88.5861633,1.4138367,0.022766,0.90504,0.005031,2,-4E-05,2277.73407,2278.93202,1.19795,0.023,-0.00803,0.0095,0.14375,0.0095,0.14375,52.08412,0.1440679,0.1441557,0.00276775,79999.701,78571.635,0.299,1428.365,True,False,-0.1469
255.56,FINE,THRUST,79999.77,88.5861819,88.5861819,1.4138181,0.02276,0.90481,0.004933,2,0.0003,2277.75732,2278.93202,1.1747,0.02255,-0.00787,0.0093,0.14097,0.0093,0.14097,52.08451,0.1412717,0.1413578,0.00271401,79999.701,78599.309,0.299,1400.691,True,False,-0.14779
255.72,FINE,THRUST,79999.77,88.5862002,88.5862002,1.4137998,0.0227541,0.90458,0.004838,2,0.00063,2277.78011,2278.93202,1.15191,0.02211,-0.00772,0.00909,0.13823,0.00909,0.13823,52.08488,0.1385299,0.1386143,0.00266132,79999.701,78626.447,0.299,1373.553,True,False,-0.14873
255.9,FINE,THRUST,79999.77,88.5862203,88.5862203,1.4137797,0.0227473,0.90432,0.004732,2,0.00098,2277.80522,2278.93202,1.1268,0.02163,-0.00755,0.00887,0.13522,0.00887,0.13522,52.0853,0.1355101,0.1355927,0.00260328,79999.701,78656.338,0.299,1343.662,True,False,-0.14966
256.06,FINE,THRUST,79999.77,88.5862378,88.5862378,1.4137622,0.0227414,0.9041,0.00464,2,0.00129,2277.82713,2278.93202,1.1049,0.02121,-0.0074,0.00867,0.13259,0.00867,0.13259,52.08566,0.1328752,0.1329561,0.00255264,79999.701,78682.42,0.299,1317.58,True,False,-0.15053
256.22,FINE,THRUST,79999.77,88.586255,88.586255,1.413745,0.0227354,0.90387,0.00455,2,0.00159,2277.84857,2278.93202,1.08346,0.0208,-0.00726,0.00848,0.13002,0.00848,0.13002,52.08602,0.1302962,0.1303756,0.00250308,79999.702,78707.951,0.298,1292.049,True,False,-0.1509
256.38,FINE,THRUST,79999.77,88.5862718,88.5862718,1.4137282,0.0227294,0.90364,0.004462,2,0.00188,2277.86959,2278.93202,1.06243,0.02039,-0.00712,0.00829,0.1275,0.00829,0.1275,52.08637,0.1277673,0.1278452,0.00245448,79999.702,78732.986,0.298,1267.014,True,False,-0.15093
256.56,FINE,THRUST,79999.77,88.5862904,88.5862904,1.4137096,0.0227227,0.90338,0.004364,2,0.00219,2277.89275,2278.93202,1.03928,0.01995,-0.00696,0.00808,0.12472,0.00808,0.12472,52.08675,0.1249821,0.1250583,0.00240096,79999.702,78760.561,0.298,1239.439,True,False,-0.15048
256.72,FINE,THRUST,79999.771,88.5863065,88.5863065,1.4136935,0.0227167,0.90315,0.00428,2,0.00246,2277.91295,2278.93202,1.01907,0.01956,-0.00683,0.0079,0.1223,0.0079,0.1223,52.08709,0.1225519,0.1226266,0.00235426,79999.703,78784.622,0.297,1215.378,True,False,-0.14999
256.88,FINE,THRUST,79999.771,88.5863223,88.5863223,1.4136777,0.0227107,0.90292,0.004197,2,0.00272,2277.93273,2278.93202,0.99929,0.01918,-0.0067,0.00773,0.11992,0.00773,0.11992,52.08742,0.1201732,0.1202465,0.00230855,79999.703,78808.174,0.297,1191.826,True,False,-0.149
257.04,FINE,THRUST,79999.771,88.5863378,88.5863378,1.4136622,0.0227047,0.90269,0.004115,2,0.00297,2277.95212,2278.93202,0.9799,0.01881,-0.00657,0.00756,0.1176,0.00756,0.1176,52.08774,0.1178408,0.1179126,0.00226373,79999.704,78831.27,0.296,1168.73,True,False,-0.1477
257.22,FINE,THRUST,79999.771,88.5863549,88.5863549,1.4136451,0.022698,0.90243,0.004025,2,0.00324,2277.97348,2278.93202,0.95854,0.0184,-0.00642,0.00737,0.11504,0.00737,0.11504,52.08809,0.115272,0.1153422,0.00221437,79999.705,78856.708,0.295,1143.292,True,False,-0.14587
257.38,FINE,THRUST,79999.772,88.5863698,88.5863698,1.4136302,0.022692,0.9022,0.003947,2,0.00348,2277.99211,2278.93202,0.93991,0.01804,-0.0063,0.0072,0.1128,0.0072,0.1128,52.0884,0.1130305,0.1130994,0.0021713,79999.705,78878.905,0.295,1121.095,True,False,-0.14427
257.54,FINE,THRUST,79999.772,88.5863843,88.5863843,1.4136157,0.022686,0.90197,0.003871,2,0.0037,2278.01035,2278.93202,0.92167,0.01769,-0.00618,0.00704,0.11061,0.00704,0.11061,52.0887,0.1108367,0.1109042,0.00212914,79999.706,78900.632,0.294,1099.368,True,False,-0.14233
257.7,FINE,THRUST,79999.773,88.5863986,88.5863986,1.4136014,0.02268,0.90173,0.003795,2,0.00392,2278.02824,2278.93202,0.90378,0.01735,-0.00606,0.00689,0.10847,0.00689,0.10847,52.089,0.1086854,0.1087517,0.00208781,79999.707,78921.938,0.293,1078.062,True,False,-0.14022
257.88,FINE,THRUST,79999.773,88.5864143,88.5864143,1.4135857,0.0226732,0.90147,0.003713,2,0.00415,2278.04794,2278.93202,0.88408,0.01697,-0.00592,0.00671,0.1061,0.00671,0.1061,52.08933,0.1063161,0.1063809,0.00204228,79999.708,78945.405,0.292,1054.595,True,False,-0.1377
258.04,FINE,THRUST,79999.774,88.586428,88.586428,1.413572,0.0226672,0.90124,0.00364,2,0.00435,2278.06512,2278.93202,0.86689,0.01664,-0.00581,0.00656,0.10404,0.00656,0.10404,52.08961,0.1042488,0.1043124,0.00200256,79999.709,78965.882,0.291,1034.118,True,False,-0.13567
258.2,FINE,THRUST,79999.774,88.5864414,88.5864414,1.4135586,0.0226612,0.90101,0.00357,2,0.00454,2278.08195,2278.93202,0.85007,0.01632,-0.0057,0.00642,0.10202,0.00642,0.10202,52.08989,0.1022254,0.1022877,0.00196368,79999.71,78985.925,0.29,1014.075,True,False,-0.13344
258.36,FINE,THRUST,79999.775,88.5864546,88.5864546,1.4135454,0.0226552,0.90078,0.003501,2,0.00472,2278.09844,2278.93202,0.83357,0.016,-0.00559,0.00628,0.10004,0.00628,0.10004,52.09017,0.1002413,0.1003024,0.00192555,79999.711,79005.58,0.289,994.42,True,False,-0.13123
258.54,FINE,THRUST,79999.775,88.586469,88.586469,1.413531,0.0226484,0.90051,0.003424,2,0.00492,2278.11661,2278.93202,0.8154,0.01565,-0.00546,0.00612,0.09786,0.00612,0.09786,52.09046,0.098056,0.0981158,0.00188357,79999.712,79027.228,0.288,972.772,True,False,-0.12876
258.7,FINE,THRUST,79999.776,88.5864817,88.5864817,1.4135183,0.0226424,0.90028,0.003358,2,0.00509,2278.13246,2278.93201,0.79955,0.01535,-0.00536,0.00598,0.09596,0.00598,0.09596,52.09073,0.0961493,0.0962079,0.00184693,79999.713,79046.117,0.287,953.883,True,False,-0.12693
258.86,FINE,THRUST,79999.777,88.586494,88.586494,1.413506,0.0226363,0.90005,0.003292,2,0.00525,2278.14798,2278.93201,0.78403,0.01505,-0.00525,0.00585,0.0941,0.00585,0.0941,52.09099,0.094283,0.0943405,0.00181107,79999.714,79064.607,0.286,935.393,True,False,-0.12502
259.02,FINE,THRUST,79999.777,88.5865061,88.5865061,1.4134939,0.0226303,0.89981,0.003229,2,0.0054,2278.16319,2278.93201,0.76882,0.01476,-0.00515,0.00572,0.09228,0.00572,0.09228,52.09124,0.0924531,0.0925094,0.00177591,79999.715,79082.738,0.285,917.262,True,False,-0.12318
259.2,FINE,THRUST,79999.775,88.5865195,88.5865195,1.4134805,0.0226235,0.89955,0.003158,2,0.00557,2278.17995,2278.93201,0.75206,0.01444,-0.00504,0.00557,0.09027,0.00557,0.09027,52.09152,0.0904376,0.0904927,0.00173719,79999.716,79102.708,0.284,897.292,True,False,-0.12121
259.36,FINE,THRUST,79999.77,88.5865313,88.5865313,1.4134687,0.0226175,0.89932,0.003097,2,0.00571,2278.1946,2278.93202,0.73742,0.01415,-0.00494,0.0055,0.08851,0.0055,0.08851,52.09176,0.0886804,0.0887345,0.00170343,79999.71,79120.141,0.29,879.859,True,False,-0.08831
259.52,FINE,THRUST,79999.77,88.5865427,88.5865427,1.4134573,0.0226115,0.89908,0.003037,2,0.00584,2278.20892,2278.93202,0.72311,0.01388,-0.00485,0.00538,0.08679,0.00538,0.08679,52.092,0.0869594,0.0870124,0.00167036,79999.709,79137.198,0.291,862.802,True,False,-0.08048
259.68,FINE,THRUST,79999.771,88.5865538,88.5865538,1.4134462,0.0226054,0.89885,0.002978,2,0.00597,2278.22295,2278.93202,0.70907,0.01361,-0.00475,0.00526,0.08511,0.00526,0.08511,52.09223,0.0852716,0.0853235,0.00163793,79999.71,79153.924,0.29,846.076,True,False,-0.0803
259.86,FINE,THRUST,79999.772,88.5865661,88.5865661,1.4134339,0.0225986,0.89858,0.002913,2,0.00611,2278.2384,2278.93202,0.69362,0.01331,-0.00465,0.00513,0.08325,0.00513,0.08325,52.09249,0.0834125,0.0834634,0.00160222,79999.712,79172.346,0.288,827.654,True,False,-0.08163
260.02,FINE,THRUST,79999.773,88.5865768,88.5865768,1.4134232,0.0225926,0.89835,0.002856,2,0.00623,2278.25189,2278.93202,0.68013,0.01305,-0.00456,0.00502,0.08164,0.00502,0.08164,52.09271,0.0817905,0.0818403,0.00157105,79999.713,79188.421,0.287,811.579,True,False,-0.08428
260.18,FINE,THRUST,79999.774,88.5865873,88.5865873,1.4134127,0.0225865,0.89811,0.002801,2,0.00634,2278.26509,2278.93202,0.66693,0.0128,-0.00447,0.00491,0.08005,0.00491,0.08005,52.09293,0.0802028,0.0802517,0.00154055,79999.714,79204.155,0.286,795.845,True,False,-0.08755
260.34,FINE,THRUST,79999.775,88.5865976,88.5865976,1.4134024,0.0225804,0.89788,0.002746,2,0.00645,2278.27803,2278.93202,0.65398,0.01255,-0.00438,0.0048,0.0785,0.0048,0.0785,52.09314,0.078646,0.0786939,0.00151064,79999.715,79219.583,0.285,780.417,True,False,-0.09121
260.52,FINE,THRUST,79999.776,88.5866089,88.5866089,1.4133911,0.0225736,0.89761,0.002687,2,0.00657,2278.29229,2278.93202,0.63973,0.01228,-0.00429,0.00467,0.07679,0.00467,0.07679,52.09338,0.0769314,0.0769783,0.0014777,79999.717,79236.576,0.283,763.424,True,False,-0.09543
260.68,FINE,THRUST,79999.777,88.5866187,88.5866187,1.4133813,0.0225675,0.89737,0.002634,2,0.00668,2278.30473,2278.93201,0.62729,0.01204,-0.0042,0.00457,0.0753,0.00457,0.0753,52.09359,0.0754353,0.0754813,0.00144896,79999.718,79251.403,0.282,748.597,True,False,-0.09934
260.84,FINE,THRUST,79999.778,88.5866284,88.5866284,1.4133716,0.0225615,0.89714,0.002583,2,0.00678,2278.3169,2278.93201,0.61511,0.01181,-0.00412,0.00446,0.07384,0.00446,0.07384,52.09379,0.073971,0.0740161,0.00142082,79999.72,79265.917,0.28,734.083,True,False,-0.10281
261,FINE,THRUST,79999.779,88.5866378,88.5866378,1.4133622,0.0225554,0.8969,0.002533,2,0.00688,2278.32884,2278.93201,0.60317,0.01158,-0.00404,0.00436,0.0724,0.00436,0.0724,52.09399,0.0725352,0.0725794,0.00139324,79999.721,79280.148,0.279,719.852,True,False,-0.1058
261.18,FINE,THRUST,79999.78,88.5866483,88.5866483,1.4133517,0.0225486,0.89663,0.002478,2,0.00698,2278.34198,2278.93201,0.59002,0.01133,-0.00395,0.00425,0.07083,0.00425,0.07083,52.0942,0.0709538,0.070997,0.00136286,79999.723,79295.823,0.277,704.177,True,False,-0.10846
261.34,FINE,THRUST,79999.781,88.5866574,88.5866574,1.4133426,0.0225425,0.8964,0.00243,2,0.00707,2278.35346,2278.93201,0.57855,0.0111,-0.00388,0.00415,0.06945,0.00415,0.06945,52.09439,0.0695739,0.0696164,0.00133635,79999.724,79309.5,0.276,690.5,True,False,-0.11042
261.5,FINE,THRUST,79999.782,88.5866662,88.5866662,1.4133338,0.0225364,0.89616,0.002382,2,0.00716,2278.36468,2278.93201,0.56732,0.01089,-0.0038,0.00406,0.0681,0.00406,0.0681,52.09458,0.0682234,0.068265,0.00131041,79999.725,79322.887,0.275,677.113,True,False,-0.11161
261.66,FINE,THRUST,79999.773,88.586675,88.586675,1.413325,0.0225303,0.89592,0.002336,2,0.00724,2278.3757,2278.93201,0.55631,0.01068,-0.00373,0.00398,0.06678,0.00398,0.06678,52.09476,0.0668994,0.0669402,0.00128497,79999.725,79336.016,0.275,663.984,True,False,-0.10375
261.84,FINE,THRUST,79999.774,88.5866847,88.5866847,1.4133153,0.0225234,0.89565,0.002285,2,0.00733,2278.38785,2278.93202,0.54417,0.01044,-0.00365,0.00392,0.06532,0.00392,0.06532,52.09496,0.0654423,0.0654822,0.00125698,79999.719,79350.482,0.281,649.518,True,False,-0.06098
262,FINE,THRUST,79999.775,88.5866931,88.5866931,1.4133069,0.0225173,0.89541,0.002241,2,0.0074,2278.39843,2278.93202,0.53359,0.01024,-0.00358,0.00383,0.06406,0.00383,0.06406,52.09514,0.0641697,0.0642088,0.00123253,79999.721,79363.098,0.279,636.902,True,False,-0.06103
262.16,FINE,THRUST,79999.776,88.5867013,88.5867013,1.4132987,0.0225112,0.89517,0.002197,2,0.00747,2278.40879,2278.93201,0.52323,0.01004,-0.00351,0.00375,0.06281,0.00375,0.06281,52.09531,0.0629241,0.0629624,0.0012086,79999.722,79375.447,0.278,624.553,True,False,-0.06233
262.32,FINE,THRUST,79999.778,88.5867093,88.5867093,1.4132907,0.0225051,0.89494,0.002155,2,0.00754,2278.41894,2278.93201,0.51307,0.00985,-0.00344,0.00366,0.06159,0.00366,0.06159,52.09548,0.0617026,0.0617402,0.00118514,79999.724,79387.557,0.276,612.443,True,False,-0.06492
262.5,FINE,THRUST,79999.779,88.5867182,88.5867182,1.4132818,0.0224982,0.89467,0.002108,2,0.0076,2278.43012,2278.93201,0.50189,0.00963,-0.00336,0.00357,0.06025,0.00357,0.06025,52.09566,0.0603573,0.0603941,0.00115929,79999.726,79400.894,0.274,599.106,True,False,-0.06908
262.66,FINE,THRUST,79999.78,88.5867259,88.5867259,1.4132741,0.0224921,0.89443,0.002067,2,0.00767,2278.43988,2278.93201,0.49213,0.00945,-0.0033,0.00349,0.05908,0.00349,0.05908,52.09583,0.0591835,0.0592196,0.00113674,79999.727,79412.532,0.273,587.468,True,False,-0.07378
262.82,FINE,THRUST,79999.781,88.5867334,88.5867334,1.4132666,0.022486,0.89419,0.002027,2,0.00772,2278.44943,2278.93201,0.48257,0.00926,-0.00323,0.0034,0.05793,0.0034,0.05793,52.09599,0.0580346,0.05807,0.00111467,79999.729,79423.923,0.271,576.077,True,False,-0.07864
262.98,FINE,THRUST,79999.782,88.5867408,88.5867408,1.4132592,0.0224798,0.89395,0.001987,2,0.00778,2278.4588,2278.932,0.47321,0.00908,-0.00317,0.00333,0.05681,0.00333,0.05681,52.09614,0.056908,0.0569427,0.00109303,79999.73,79435.092,0.27,564.908,True,False,-0.0835
263.16,FINE,THRUST,79999.783,88.586749,88.586749,1.413251,0.0224729,0.89368,0.001944,2,0.00784,2278.46911,2278.932,0.46289,0.00888,-0.0031,0.00324,0.05557,0.00324,0.05557,52.09631,0.0556673,0.0557012,0.0010692,79999.732,79447.395,0.268,552.605,True,False,-0.08865
263.32,FINE,THRUST,79999.784,88.5867561,88.5867561,1.4132439,0.0224668,0.89344,0.001906,2,0.00789,2278.47811,2278.932,0.45389,0.00871,-0.00304,0.00316,0.05449,0.00316,0.05449,52.09646,0.0545847,0.0546179,0.0010484,79999.734,79458.129,0.266,541.871,True,False,-0.09302
263.48,FINE,THRUST,79999.786,88.586763,88.586763,1.413237,0.0224606,0.89319,0.001869,2,0.00794,2278.48692,2278.932,0.44508,0.00854,-0.00298,0.00309,0.05344,0.00309,0.05344,52.09661,0.0535251,0.0535577,0.00102805,79999.735,79468.636,0.265,531.364,True,False,-0.09666
263.64,FINE,THRUST,79999.787,88.5867698,88.5867698,1.4132302,0.0224545,0.89295,0.001833,2,0.00799,2278.49556,2278.932,0.43644,0.00838,-0.00293,0.00302,0.0524,0.00302,0.0524,52.09675,0.052486,0.052518,0.00100809,79999.737,79478.938,0.263,521.062,True,False,-0.0996
263.82,FINE,THRUST,79999.788,88.5867773,88.5867773,1.4132227,0.0224476,0.89268,0.001793,2,0.00804,2278.50507,2278.93199,0.42692,0.00819,-0.00286,0.00294,0.05126,0.00294,0.05126,52.09691,0.0513417,0.051373,0.0009861,79999.739,79490.286,0.261,509.714,True,False,-0.10201
263.98,FINE,THRUST,79999.789,88.5867839,88.5867839,1.4132161,0.0224414,0.89244,0.001758,2,0.00808,2278.51337,2278.93199,0.41862,0.00803,-0.00281,0.00287,0.05026,0.00287,0.05026,52.09705,0.0503433,0.0503739,0.00096692,79999.74,79500.187,0.26,499.813,True,False,-0.1036
264.14,FINE,THRUST,79999.79,88.5867903,88.5867903,1.4132097,0.0224352,0.8922,0.001724,2,0.00812,2278.5215,2278.93199,0.41049,0.00788,-0.00275,0.0028,0.04929,0.0028,0.04929,52.09718,0.049366,0.0493961,0.00094815,79999.742,79509.878,0.258,490.122,True,False,-0.1043
264.3,FINE,THRUST,79999.791,88.5867965,88.5867965,1.4132035,0.0224291,0.89196,0.00169,2,0.00816,2278.52946,2278.93199,0.40253,0.00773,-0.0027,0.00273,0.04833,0.00273,0.04833,52.09731,0.0484077,0.0484372,0.00092975,79999.744,79519.381,0.256,480.619,True,False,-0.10429
264.48,FINE,THRUST,79999.792,88.5868034,88.5868034,1.4131966,0.0224221,0.89168,0.001654,2,0.0082,2278.53824,2278.93199,0.39375,0.00756,-0.00264,0.00266,0.04728,0.00266,0.04728,52.09746,0.0473523,0.0473812,0.00090947,79999.745,79529.848,0.255,470.152,True,False,-0.10355
264.64,FINE,THRUST,79999.793,88.5868095,88.5868095,1.4131905,0.0224159,0.89144,0.001621,2,0.00823,2278.54589,2278.93199,0.38609,0.00741,-0.00259,0.0026,0.04636,0.0026,0.04636,52.09759,0.0464315,0.0464598,0.00089178,79999.747,79538.981,0.253,461.019,True,False,-0.10272
264.8,FINE,THRUST,79999.794,88.5868154,88.5868154,1.4131846,0.0224098,0.8912,0.00159,2,0.00826,2278.55339,2278.93198,0.3786,0.00727,-0.00254,0.00254,0.04546,0.00254,0.04546,52.09771,0.0455302,0.0455579,0.00087447,79999.749,79547.92,0.251,452.08,True,False,-0.10137
264.96,FINE,THRUST,79999.795,88.5868211,88.5868211,1.4131789,0.0224036,0.89095,0.001559,2,0.00828,2278.56073,2278.93198,0.37125,0.00713,-0.00249,0.00248,0.04458,0.00248,0.04458,52.09783,0.0446464,0.0446736,0.00085749,79999.75,79556.686,0.25,443.314,True,False,-0.09976
265.14,FINE,THRUST,79999.797,88.5868275,88.5868275,1.4131725,0.0223966,0.89068,0.001525,2,0.00831,2278.56883,2278.93198,0.36316,0.00697,-0.00243,0.00241,0.04361,0.00241,0.04361,52.09797,0.043673,0.0436996,0.0008388,79999.752,79566.341,0.248,433.659,True,False,-0.09773
265.3,FINE,THRUST,79999.798,88.5868331,88.5868331,1.4131669,0.0223904,0.89044,0.001495,2,0.00833,2278.57589,2278.93198,0.35609,0.00683,-0.00239,0.00235,0.04276,0.00235,0.04276,52.09808,0.0428237,0.0428498,0.00082248,79999.754,79574.765,0.246,425.235,True,False,-0.09621
265.46,FINE,THRUST,79999.799,88.5868385,88.5868385,1.4131615,0.0223842,0.89019,0.001466,2,0.00835,2278.5828,2278.93198,0.34918,0.0067,-0.00234,0.0023,0.04193,0.0023,0.04193,52.0982,0.0419924,0.042018,0.00080652,79999.756,79583.011,0.244,416.989,True,False,-0.0946
265.62,FINE,THRUST,79999.8,88.5868438,88.5868438,1.4131562,0.022378,0.88995,0.001438,2,0.00836,2278.58957,2278.93197,0.3424,0.00657,-0.00229,0.00224,0.04112,0.00224,0.04112,52.09831,0.0411773,0.0412024,0.00079086,79999.757,79591.096,0.243,408.904,True,False,-0.09306
265.8,FINE,THRUST,79999.801,88.5868497,88.5868497,1.4131503,0.022371,0.88967,0.001407,2,0.00838,2278.59704,2278.93197,0.33494,0.00643,-0.00224,0.00218,0.04022,0.00218,0.04022,52.09843,0.0402796,0.0403041,0.00077361,79999.759,79600.002,0.241,399.998,True,False,-0.09147
265.96,FINE,THRUST,79999.802,88.5868548,88.5868548,1.4131452,0.0223648,0.88943,0.001379,2,0.00839,2278.60355,2278.93197,0.32842,0.0063,-0.0022,0.00213,0.03944,0.00213,0.03944,52.09854,0.0394962,0.0395203,0.00075857,79999.761,79607.772,0.239,392.228,True,False,-0.09048
266.12,FINE,THRUST,79999.803,88.5868598,88.5868598,1.4131402,0.0223585,0.88918,0.001352,2,0.0084,2278.60992,2278.93197,0.32205,0.00618,-0.00216,0.00208,0.03867,0.00208,0.03867,52.09865,0.0387295,0.0387531,0.00074384,79999.763,79615.378,0.237,384.622,True,False,-0.08951
266.28,FINE,THRUST,79999.804,88.5868647,88.5868647,1.4131353,0.0223523,0.88894,0.001326,2,0.0084,2278.61617,2278.93197,0.31579,0.00606,-0.00212,0.00203,0.03792,0.00203,0.03792,52.09875,0.0379777,0.0380009,0.0007294,79999.764,79622.836,0.236,377.164,True,False,-0.0886
266.46,FINE,THRUST,79999.805,88.5868701,88.5868701,1.4131299,0.0223453,0.88866,0.001297,2,0.00841,2278.62306,2278.93197,0.30891,0.00593,-0.00207,0.00197,0.0371,0.00197,0.0371,52.09887,0.0371497,0.0371724,0.0007135,79999.766,79631.051,0.234,368.949,True,False,-0.08777
266.62,FINE,THRUST,79999.807,88.5868748,88.5868748,1.4131252,0.022339,0.88841,0.001272,2,0.00841,2278.62906,2278.93196,0.3029,0.00581,-0.00203,0.00193,0.03638,0.00193,0.03638,52.09897,0.0364273,0.0364495,0.00069962,79999.768,79638.218,0.232,361.782,True,False,-0.08734
266.78,FINE,THRUST,79999.808,88.5868794,88.5868794,1.4131206,0.0223328,0.88817,0.001247,2,0.00842,2278.63494,2278.93196,0.29702,0.0057,-0.00199,0.00188,0.03567,0.00188,0.03567,52.09907,0.0357201,0.0357419,0.00068604,79999.77,79645.233,0.23,354.767,True,False,-0.08688
266.94,FINE,THRUST,79999.809,88.5868839,88.5868839,1.4131161,0.0223265,0.88792,0.001223,2,0.00842,2278.64071,2278.93196,0.29125,0.00559,-0.00195,0.00183,0.03498,0.00183,0.03498,52.09916,0.0350268,0.0350481,0.00067272,79999.771,79652.113,0.229,347.887,True,False,-0.08641
267.12,FINE,THRUST,79999.81,88.5868889,88.5868889,1.4131111,0.0223195,0.88764,0.001196,2,0.00842,2278.64705,2278.93196,0.2849,0.00547,-0.00191,0.00178,0.03422,0.00178,0.03422,52.09926,0.0342631,0.034284,0.00065805,79999.773,79659.69,0.227,340.31,True,False,-0.08592
267.28,FINE,THRUST,79999.811,88.5868932,88.5868932,1.4131068,0.0223132,0.8874,0.001173,2,0.00841,2278.65259,2278.93196,0.27936,0.00536,-0.00187,0.00174,0.03355,0.00174,0.03355,52.09936,0.0335968,0.0336173,0.00064525,79999.775,79666.301,0.225,333.699,True,False,-0.08578
267.44,FINE,THRUST,79999.812,88.5868975,88.5868975,1.4131025,0.022307,0.88715,0.00115,2,0.00841,2278.65802,2278.93195,0.27394,0.00526,-0.00184,0.0017,0.0329,0.0017,0.0329,52.09945,0.0329446,0.0329647,0.00063273,79999.777,79672.772,0.223,327.228,True,False,-0.08557
267.6,FINE,THRUST,79999.813,88.5869016,88.5869016,1.4130984,0.0223007,0.8869,0.001128,2,0.0084,2278.66333,2278.93195,0.26862,0.00516,-0.0018,0.00166,0.03226,0.00166,0.03226,52.09954,0.0323051,0.0323248,0.00062044,79999.778,79679.117,0.222,320.883,True,False,-0.08533
267.78,FINE,THRUST,79999.814,88.5869062,88.5869062,1.4130938,0.0222936,0.88662,0.001104,2,0.0084,2278.66919,2278.93195,0.26276,0.00504,-0.00176,0.00161,0.03156,0.00161,0.03156,52.09963,0.0316008,0.03162,0.00060691,79999.78,79686.105,0.22,313.895,True,False,-0.08511
267.94,FINE,THRUST,79999.811,88.5869102,88.5869102,1.4130898,0.0222873,0.88637,0.001082,2,0.00839,2278.6743,2278.93195,0.25765,0.00495,-0.00173,0.00157,0.03095,0.00157,0.03095,52.09972,0.0309862,0.0310051,0.00059511,79999.782,79692.203,0.218,307.797,True,False,-0.08515
268.1,FINE,THRUST,79999.807,88.5869143,88.5869143,1.4130857,0.022281,0.88613,0.001061,2,0.00838,2278.67933,2278.93196,0.25263,0.00485,-0.00169,0.00159,0.03034,0.00159,0.03034,52.0998,0.0303859,0.0304044,0.00058358,79999.775,79698.181,0.225,301.819,True,False,0.02592
268.26,FINE,THRUST,79999.808,88.5869181,88.5869181,1.4130819,0.0222747,0.88588,0.001041,2,0.00837,2278.68423,2278.93196,0.24773,0.00475,-0.00166,0.00155,0.02976,0.00155,0.02976,52.09988,0.0297961,0.0298142,0.00057225,79999.776,79704.034,0.224,295.966,True,False,0.02571
268.44,FINE,THRUST,79999.81,88.5869224,88.5869224,1.4130776,0.0222676,0.8856,0.001018,2,0.00835,2278.68963,2278.93196,0.24233,0.00465,-0.00162,0.00151,0.02911,0.00151,0.02911,52.09997,0.0291464,0.0291641,0.00055977,79999.778,79710.481,0.222,289.519,True,False,0.0205
268.6,FINE,THRUST,79999.811,88.586926,88.586926,1.413074,0.0222613,0.88535,0.000998,2,0.00833,2278.69434,2278.93196,0.23761,0.00456,-0.00159,0.00147,0.02854,0.00147,0.02854,52.10005,0.0285795,0.0285969,0.00054888,79999.78,79716.106,0.22,283.894,True,False,0.01102
268.76,FINE,THRUST,79999.812,88.5869296,88.5869296,1.4130704,0.022255,0.8851,0.000979,2,0.00832,2278.69896,2278.93195,0.233,0.00447,-0.00156,0.00144,0.02799,0.00144,0.02799,52.10013,0.0280245,0.0280416,0.00053823,79999.782,79721.611,0.218,278.389,True,False,-0.00427
268.92,FINE,THRUST,79999.814,88.5869332,88.5869332,1.4130668,0.0222487,0.88485,0.00096,2,0.0083,2278.70348,2278.93195,0.22847,0.00439,-0.00153,0.0014,0.02744,0.0014,0.02744,52.1002,0.0274804,0.0274972,0.00052777,79999.783,79727.01,0.217,272.99,True,False,-0.0183
269.1,FINE,THRUST,79999.815,88.5869371,88.5869371,1.4130629,0.0222416,0.88457,0.000939,2,0.00829,2278.70846,2278.93195,0.22349,0.00429,-0.0015,0.00136,0.02685,0.00136,0.02685,52.10028,0.0268811,0.0268975,0.00051626,79999.785,79732.956,0.215,267.044,True,False,-0.03687
269.26,FINE,THRUST,79999.816,88.5869404,88.5869404,1.4130596,0.0222352,0.88432,0.00092,2,0.00828,2278.7128,2278.93195,0.21914,0.00421,-0.00147,0.00133,0.02632,0.00133,0.02632,52.10036,0.0263582,0.0263743,0.00050622,79999.787,79738.143,0.213,261.857,True,False,-0.05382
269.42,FINE,THRUST,79999.818,88.5869438,88.5869438,1.4130562,0.0222289,0.88407,0.000903,2,0.00827,2278.71706,2278.93195,0.21489,0.00412,-0.00144,0.00129,0.02581,0.00129,0.02581,52.10042,0.0258464,0.0258622,0.00049639,79999.789,79743.221,0.211,256.779,True,False,-0.06981
269.58,FINE,THRUST,79999.819,88.586947,88.586947,1.413053,0.0222225,0.88382,0.000885,2,0.00825,2278.72123,2278.93194,0.21071,0.00404,-0.00141,0.00126,0.02531,0.00126,0.02531,52.10049,0.0253446,0.0253601,0.00048675,79999.79,79748.2,0.21,251.8,True,False,-0.08422
269.76,FINE,THRUST,79999.82,88.5869506,88.5869506,1.4130494,0.0222154,0.88353,0.000866,2,0.00824,2278.72582,2278.93194,0.20612,0.00396,-0.00138,0.00122,0.02476,0.00122,0.02476,52.10057,0.024792,0.0248071,0.00047614,79999.792,79753.683,0.208,246.317,True,False,-0.0979
269.92,FINE,THRUST,79999.821,88.5869537,88.5869537,1.4130463,0.022209,0.88328,0.000849,2,0.00823,2278.72983,2278.93194,0.20211,0.00388,-0.00135,0.00119,0.02428,0.00119,0.02428,52.10064,0.0243098,0.0243246,0.00046688,79999.794,79758.468,0.206,241.532,True,False,-0.10767
270.08,FINE,THRUST,79999.822,88.5869568,88.5869568,1.4130432,0.0222027,0.88303,0.000832,2,0.00822,2278.73375,2278.93194,0.19819,0.0038,-0.00133,0.00115,0.02381,0.00115,0.02381,52.1007,0.0238379,0.0238524,0.00045781,79999.796,79763.151,0.204,236.849,True,False,-0.11473
270.24,FINE,THRUST,79999.823,88.5869598,88.5869598,1.4130402,0.0221963,0.88278,0.000816,2,0.00821,2278.7376,2278.93194,0.19434,0.00373,-0.0013,0.00112,0.02335,0.00112,0.02335,52.10077,0.0233751,0.0233894,0.00044893,79999.798,79767.743,0.202,232.257,True,False,-0.11918
270.42,FINE,THRUST,79999.824,88.5869631,88.5869631,1.4130369,0.0221891,0.8825,0.000798,2,0.0082,2278.74183,2278.93193,0.1901,0.00365,-0.00127,0.00109,0.02284,0.00109,0.02284,52.10084,0.0228655,0.0228794,0.00043914,79999.799,79772.8,0.201,227.2,True,False,-0.12131
270.58,FINE,THRUST,79999.825,88.5869659,88.5869659,1.4130341,0.0221828,0.88224,0.000783,2,0.00818,2278.74553,2278.93193,0.1864,0.00358,-0.00125,0.00106,0.0224,0.00106,0.0224,52.1009,0.0224209,0.0224345,0.0004306,79999.801,79777.213,0.199,222.787,True,False,-0.12119
270.74,FINE,THRUST,79999.826,88.5869688,88.5869688,1.4130312,0.0221764,0.88199,0.000768,2,0.00817,2278.74915,2278.93193,0.18278,0.00351,-0.00123,0.00103,0.02196,0.00103,0.02196,52.10096,0.0219857,0.0219991,0.00042224,79999.803,79781.533,0.197,218.467,True,False,-0.1192
270.9,FINE,THRUST,79999.827,88.5869715,88.5869715,1.4130285,0.02217,0.88174,0.000753,2,0.00815,2278.75269,2278.93193,0.17923,0.00344,-0.0012,0.00101,0.02154,0.00101,0.02154,52.10102,0.021559,0.0215721,0.00041404,79999.805,79785.768,0.195,214.232,True,False,-0.1157
271.08,FINE,THRUST,79999.828,88.5869746,88.5869746,1.4130254,0.0221628,0.88145,0.000736,2,0.00813,2278.7566,2278.93193,0.17533,0.00337,-0.00118,0.00098,0.02107,0.00098,0.02107,52.10108,0.021089,0.0211019,0.00040502,79999.807,79790.433,0.193,209.567,True,False,-0.11057
271.24,FINE,THRUST,79999.829,88.5869772,88.5869772,1.4130228,0.0221564,0.8812,0.000722,2,0.00811,2278.76001,2278.93193,0.17192,0.0033,-0.00115,0.00095,0.02066,0.00095,0.02066,52.10114,0.020679,0.0206916,0.00039714,79999.808,79794.504,0.192,205.496,True,False,-0.10561
271.4,FINE,THRUST,79999.83,88.5869798,88.5869798,1.4130202,0.02215,0.88095,0.000708,2,0.00809,2278.76335,2278.93192,0.16858,0.00324,-0.00113,0.00093,0.02026,0.00093,0.02026,52.10119,0.0202776,0.02029,0.00038943,79999.81,79798.488,0.19,201.512,True,False,-0.10039
271.56,FINE,THRUST,79999.831,88.5869823,88.5869823,1.4130177,0.0221436,0.88069,0.000694,2,0.00807,2278.76662,2278.93192,0.1653,0.00317,-0.00111,0.0009,0.01986,0.0009,0.01986,52.10125,0.0198841,0.0198962,0.00038188,79999.812,79802.395,0.188,197.605,True,False,-0.09523
271.74,FINE,THRUST,79999.832,88.5869851,88.5869851,1.4130149,0.0221363,0.88041,0.000679,2,0.00804,2278.77022,2278.93192,0.1617,0.0031,-0.00108,0.00088,0.01943,0.00088,0.01943,52.10131,0.0194506,0.0194625,0.00037355,79999.814,79806.698,0.186,193.302,True,False,-0.0899
271.9,FINE,THRUST,79999.833,88.5869876,88.5869876,1.4130124,0.0221299,0.88015,0.000666,2,0.00802,2278.77337,2278.93192,0.15855,0.00304,-0.00106,0.00085,0.01905,0.00085,0.01905,52.10136,0.0190724,0.0190841,0.00036629,79999.815,79810.453,0.185,189.547,True,False,-0.08601
272.06,FINE,THRUST,79999.834,88.58699,88.58699,1.41301,0.0221235,0.8799,0.000653,2,0.008,2278.77644,2278.93192,0.15548,0.00298,-0.00104,0.00083,0.01868,0.00083,0.01868,52.10141,0.0187023,0.0187137,0.00035918,79999.817,79814.128,0.183,185.872,True,False,-0.08276
272.22,FINE,THRUST,79999.835,88.5869923,88.5869923,1.4130077,0.022117,0.87964,0.00064,2,0.00797,2278.77946,2278.93192,0.15246,0.00293,-0.00102,0.00081,0.01832,0.00081,0.01832,52.10146,0.0183393,0.0183505,0.00035221,79999.819,79817.732,0.181,182.268,True,False,-0.08027
272.4,FINE,THRUST,79999.836,88.5869949,88.5869949,1.4130051,0.0221098,0.87936,0.000626,2,0.00794,2278.78278,2278.93191,0.14913,0.00286,-0.001,0.00078,0.01792,0.00078,0.01792,52.10152,0.0179395,0.0179504,0.00034453,79999.821,79821.701,0.179,178.299,True,False,-0.07845
272.56,FINE,THRUST,79999.837,88.5869971,88.5869971,1.4130029,0.0221033,0.8791,0.000614,2,0.00791,2278.78568,2278.93191,0.14623,0.00281,-0.00098,0.00076,0.01757,0.00076,0.01757,52.10157,0.0175907,0.0176014,0.00033783,79999.822,79825.164,0.178,174.836,True,False,-0.07796
272.72,FINE,THRUST,79999.838,88.5869993,88.5869993,1.4130007,0.0220969,0.87885,0.000602,2,0.00789,2278.78852,2278.93191,0.14339,0.00275,-0.00096,0.00074,0.01723,0.00074,0.01723,52.10161,0.0172493,0.0172598,0.00033127,79999.824,79828.554,0.176,171.446,True,False,-0.07812
272.88,FINE,THRUST,79999.838,88.5870015,88.5870015,1.4129985,0.0220904,0.87859,0.000591,2,0.00786,2278.7913,2278.93191,0.14061,0.0027,-0.00094,0.00072,0.0169,0.00072,0.0169,52.10166,0.0169145,0.0169248,0.00032484,79999.826,79831.877,0.174,168.123,True,False,-0.07887
273.06,FINE,THRUST,79999.84,88.5870039,88.5870039,1.4129961,0.0220832,0.8783,0.000578,2,0.00783,2278.79437,2278.93191,0.13754,0.00264,-0.00092,0.0007,0.01653,0.0007,0.01653,52.10171,0.0165457,0.0165558,0.00031776,79999.828,79835.538,0.172,164.462,True,False,-0.08026
273.22,FINE,THRUST,79999.84,88.5870059,88.5870059,1.4129941,0.0220767,0.87804,0.000567,2,0.0078,2278.79704,2278.93191,0.13486,0.00259,-0.0009,0.00068,0.01621,0.00068,0.01621,52.10176,0.016224,0.0162339,0.00031158,79999.829,79838.733,0.171,161.267,True,False,-0.08205
273.38,FINE,THRUST,79999.841,88.587008,88.587008,1.412992,0.0220702,0.87779,0.000556,2,0.00777,2278.79966,2278.93191,0.13224,0.00254,-0.00089,0.00066,0.0159,0.00066,0.0159,52.1018,0.0159091,0.0159188,0.00030553,79999.831,79841.859,0.169,158.141,True,False,-0.08395
273.54,FINE,THRUST,79999.842,88.5870099,88.5870099,1.4129901,0.0220637,0.87753,0.000545,2,0.00775,2278.80223,2278.9319,0.12968,0.00249,-0.00087,0.00064,0.01559,0.00064,0.01559,52.10184,0.0156003,0.0156098,0.0002996,79999.833,79844.925,0.167,155.075,True,False,-0.08578
273.72,FINE,THRUST,79999.843,88.5870121,88.5870121,1.4129879,0.0220564,0.87724,0.000533,2,0.00771,2278.80505,2278.9319,0.12685,0.00243,-0.00085,0.00062,0.01525,0.00062,0.01525,52.10189,0.0152603,0.0152696,0.00029307,79999.834,79848.301,0.166,151.699,True,False,-0.08764
273.88,FINE,THRUST,79999.844,88.587014,88.587014,1.412986,0.0220499,0.87698,0.000523,2,0.00769,2278.80752,2278.9319,0.12438,0.00239,-0.00083,0.0006,0.01495,0.0006,0.01495,52.10193,0.0149636,0.0149727,0.00028737,79999.836,79851.248,0.164,148.752,True,False,-0.08918
274.04,FINE,THRUST,79999.845,88.5870159,88.5870159,1.4129841,0.0220434,0.87673,0.000512,2,0.00766,2278.80993,2278.9319,0.12196,0.00234,-0.00082,0.00059,0.01466,0.00059,0.01466,52.10197,0.0146731,0.0146821,0.0002818,79999.838,79854.131,0.162,145.869,True,False,-0.09035
274.2,FINE,THRUST,79999.846,88.5870177,88.5870177,1.4129823,0.0220369,0.87647,0.000502,2,0.00763,2278.8123,2278.9319,0.1196,0.0023,-0.0008,0.00057,0.01438,0.00057,0.01438,52.10201,0.0143884,0.0143972,0.00027633,79999.839,79856.959,0.161,143.041,True,False,-0.09111
274.38,FINE,THRUST,79999.847,88.5870198,88.5870198,1.4129802,0.0220296,0.87618,0.000492,2,0.0076,2278.81491,2278.9319,0.11699,0.00225,-0.00078,0.00055,0.01406,0.00055,0.01406,52.10205,0.0140748,0.0140833,0.0002703,79999.841,79860.073,0.159,139.927,True,False,-0.09145
274.54,FINE,THRUST,79999.848,88.5870215,88.5870215,1.4129785,0.022023,0.87592,0.000482,2,0.00757,2278.81718,2278.93189,0.11471,0.0022,-0.00077,0.00054,0.01379,0.00054,0.01379,52.10209,0.0138011,0.0138095,0.00026505,79999.843,79862.791,0.157,137.209,True,False,-0.09156
274.7,FINE,THRUST,79999.849,88.5870232,88.5870232,1.4129768,0.0220165,0.87566,0.000473,2,0.00754,2278.81941,2278.93189,0.11248,0.00216,-0.00075,0.00052,0.01352,0.00052,0.01352,52.10212,0.0135333,0.0135415,0.0002599,79999.845,79865.451,0.155,134.549,True,False,-0.09133
274.86,FINE,THRUST,79999.849,88.5870249,88.5870249,1.4129751,0.02201,0.8754,0.000463,2,0.00751,2278.82159,2278.93189,0.1103,0.00212,-0.00074,0.00051,0.01326,0.00051,0.01326,52.10216,0.0132707,0.0132788,0.00025486,79999.846,79868.059,0.154,131.941,True,False,-0.0908
275.04,FINE,THRUST,79999.85,88.5870268,88.5870268,1.4129732,0.0220026,0.87511,0.000453,2,0.00747,2278.824,2278.93189,0.10789,0.00207,-0.00072,0.00049,0.01297,0.00049,0.01297,52.1022,0.0129814,0.0129893,0.0002493,79999.848,79870.931,0.152,129.069,True,False,-0.08992
275.2,FINE,THRUST,79999.851,88.5870284,88.5870284,1.4129716,0.0219961,0.87485,0.000445,2,0.00744,2278.82609,2278.93189,0.10579,0.00203,-0.00071,0.00048,0.01272,0.00048,0.01272,52.10224,0.0127291,0.0127368,0.00024446,79999.85,79873.438,0.15,126.562,True,False,-0.0892
275.36,FINE,THRUST,79999.852,88.58703,88.58703,1.41297,0.0219895,0.87459,0.000436,2,0.00741,2278.82815,2278.93189,0.10374,0.00199,-0.0007,0.00046,0.01247,0.00046,0.01247,52.10227,0.0124821,0.0124897,0.00023971,79999.851,79875.891,0.149,124.109,True,False,-0.08836
275.52,FINE,THRUST,79999.853,88.5870315,88.5870315,1.4129685,0.021983,0.87433,0.000427,2,0.00738,2278.83016,2278.93189,0.10172,0.00195,-0.00068,0.00045,0.01223,0.00045,0.01223,52.1023,0.0122398,0.0122473,0.00023506,79999.853,79878.297,0.147,121.703,True,False,-0.08737
275.7,FINE,THRUST,79999.853,88.5870332,88.5870332,1.4129668,0.0219756,0.87404,0.000418,2,0.00734,2278.83238,2278.93188,0.09951,0.00191,-0.00067,0.00043,0.01197,0.00043,0.01197,52.10234,0.0119731,0.0119804,0.00022994,79999.855,79880.946,0.145,119.054,True,False,-0.08624
275.86,FINE,THRUST,79999.854,88.5870347,88.5870347,1.4129653,0.021969,0.87378,0.00041,2,0.00731,2278.83431,2278.93188,0.09757,0.00187,-0.00065,0.00042,0.01173,0.00042,0.01173,52.10237,0.0117403,0.0117475,0.00022547,79999.856,79883.258,0.144,116.742,True,False,-0.08547
276.02,FINE,THRUST,79999.85,88.5870362,88.5870362,1.4129638,0.0219624,0.87352,0.000402,2,0.00728,2278.83621,2278.93188,0.09567,0.00184,-0.00064,0.00041,0.01151,0.00041,0.01151,52.1024,0.0115125,0.0115195,0.00022109,79999.858,79885.521,0.142,114.479,True,False,-0.08476
276.18,FINE,THRUST,79999.847,88.5870378,88.5870378,1.4129622,0.0219558,0.87325,0.000394,2,0.00725,2278.8381,2278.9319,0.0938,0.0018,-0.00063,0.00045,0.01128,0.00045,0.01128,52.10244,0.0112895,0.0112964,0.00021681,79999.85,79887.749,0.15,112.251,True,False,0.21376
276.36,FINE,THRUST,79999.848,88.5870394,88.5870394,1.4129606,0.0219484,0.87296,0.000386,2,0.00721,2278.84014,2278.93189,0.09175,0.00176,-0.00061,0.00044,0.01103,0.00044,0.01103,52.10247,0.0110435,0.0110502,0.00021209,79999.852,79890.193,0.148,109.807,True,False,0.21461
276.52,FINE,THRUST,79999.849,88.5870407,88.5870407,1.4129593,0.0219418,0.8727,0.000378,2,0.00717,2278.84193,2278.93189,0.08997,0.00173,-0.0006,0.00043,0.01082,0.00043,0.01082,52.1025,0.0108287,0.0108353,0.00020796,79999.854,79892.326,0.146,107.674,True,False,0.2022
276.68,FINE,THRUST,79999.85,88.5870421,88.5870421,1.4129579,0.0219352,0.87244,0.000371,2,0.00713,2278.84367,2278.93189,0.08822,0.00169,-0.00059,0.00042,0.01061,0.00042,0.01061,52.10253,0.0106183,0.0106248,0.00020392,79999.855,79894.413,0.145,105.587,True,False,0.1713
276.84,FINE,THRUST,79999.851,88.5870434,88.5870434,1.4129566,0.0219286,0.87217,0.000364,2,0.00709,2278.84538,2278.93189,0.0865,0.00166,-0.00058,0.0004,0.0104,0.0004,0.0104,52.10256,0.010412,0.0104184,0.00019996,79999.857,79896.46,0.143,103.54,True,False,0.12557
277.02,FINE,THRUST,79999.853,88.5870449,88.5870449,1.4129551,0.0219212,0.87188,0.000356,2,0.00705,2278.84727,2278.93189,0.08462,0.00162,-0.00057,0.00039,0.01018,0.00039,0.01018,52.10259,0.0101848,0.010191,0.00019559,79999.859,79898.714,0.141,101.286,True,False,0.06179
277.18,FINE,THRUST,79999.854,88.5870461,88.5870461,1.4129539,0.0219146,0.87162,0.000349,2,0.00703,2278.84892,2278.93188,0.08297,0.00159,-0.00056,0.00037,0.00998,0.00037,0.00998,52.10261,0.0099865,0.0099926,0.00019179,79999.86,79900.681,0.14,99.319,True,False,-0.00184
277.34,FINE,THRUST,79999.856,88.5870474,88.5870474,1.4129526,0.0219079,0.87135,0.000342,2,0.007,2278.85053,2278.93188,0.08135,0.00156,-0.00055,0.00035,0.00979,0.00035,0.00979,52.10264,0.0097924,0.0097984,0.00018806,79999.862,79902.605,0.138,97.395,True,False,-0.06355
277.5,FINE,THRUST,79999.857,88.5870486,88.5870486,1.4129514,0.0219013,0.87109,0.000335,2,0.00698,2278.85211,2278.93188,0.07977,0.00153,-0.00053,0.00034,0.0096,0.00034,0.0096,52.10267,0.0096022,0.009608,0.00018441,79999.864,79904.492,0.136,95.508,True,False,-0.12235
277.68,FINE,THRUST,79999.858,88.5870499,88.5870499,1.4129501,0.0218938,0.87079,0.000328,2,0.00695,2278.85384,2278.93188,0.07803,0.0015,-0.00052,0.00032,0.00939,0.00032,0.00939,52.1027,0.0093927,0.0093985,0.00018038,79999.866,79906.57,0.134,93.43,True,False,-0.17908
277.84,FINE,THRUST,79999.859,88.5870511,88.5870511,1.4129489,0.0218872,0.87053,0.000322,2,0.00693,2278.85536,2278.93188,0.07651,0.00147,-0.00051,0.00031,0.0092,0.00031,0.0092,52.10272,0.0092101,0.0092157,0.00017687,79999.867,79908.383,0.133,91.617,True,False,-0.21822
278,FINE,THRUST,79999.86,88.5870522,88.5870522,1.4129478,0.0218805,0.87027,0.000315,2,0.00691,2278.85685,2278.93187,0.07503,0.00144,-0.0005,0.0003,0.00903,0.0003,0.00903,52.10275,0.0090313,0.0090368,0.00017344,79999.869,79910.157,0.131,89.843,True,False,-0.24498
278.16,FINE,THRUST,79999.861,88.5870533,88.5870533,1.4129467,0.0218739,0.87,0.000309,2,0.00689,2278.8583,2278.93187,0.07357,0.00141,-0.00049,0.00028,0.00885,0.00028,0.00885,52.10277,0.0088561,0.0088615,0.00017008,79999.871,79911.897,0.129,88.103,True,False,-0.25847
278.34,FINE,THRUST,79999.861,88.5870546,88.5870546,1.4129454,0.0218664,0.8697,0.000303,2,0.00687,2278.85991,2278.93187,0.07197,0.00138,-0.00048,0.00027,0.00866,0.00027,0.00866,52.1028,0.0086632,0.0086685,0.00016637,79999.873,79913.814,0.127,86.186,True,False,-0.25835
278.5,FINE,THRUST,79999.862,88.5870556,88.5870556,1.4129444,0.0218597,0.86944,0.000297,2,0.00685,2278.8613,2278.93187,0.07057,0.00135,-0.00047,0.00026,0.00849,0.00026,0.00849,52.10282,0.008495,0.0085001,0.00016314,79999.875,79915.486,0.125,84.514,True,False,-0.24636
278.66,FINE,THRUST,79999.862,88.5870567,88.5870567,1.4129433,0.021853,0.86917,0.000291,2,0.00683,2278.86267,2278.93187,0.0692,0.00133,-0.00046,0.00026,0.00833,0.00026,0.00833,52.10284,0.0083303,0.0083354,0.00015998,79999.876,79917.123,0.124,82.877,True,False,-0.22523
278.82,FINE,THRUST,79999.862,88.5870577,88.5870577,1.4129423,0.0218463,0.86891,0.000285,2,0.00681,2278.86402,2278.93187,0.06785,0.0013,-0.00045,0.00025,0.00817,0.00025,0.00817,52.10286,0.0081689,0.0081739,0.00015688,79999.878,79918.728,0.122,81.272,True,False,-0.19748
279,FINE,THRUST,79999.863,88.5870588,88.5870588,1.4129412,0.0218388,0.86861,0.000279,2,0.00678,2278.8655,2278.93187,0.06637,0.00127,-0.00044,0.00024,0.00799,0.00024,0.00799,52.10289,0.0079911,0.007996,0.00015346,79999.88,79920.496,0.12,79.504,True,False,-0.16148
279.16,FINE,THRUST,79999.863,88.5870598,88.5870598,1.4129402,0.0218321,0.86834,0.000274,2,0.00675,2278.86679,2278.93187,0.06508,0.00125,-0.00044,0.00023,0.00783,0.00023,0.00783,52.10291,0.007836,0.0078407,0.00015049,79999.882,79922.038,0.118,77.962,True,False,-0.1286
279.32,FINE,THRUST,79999.863,88.5870608,88.5870608,1.4129392,0.0218254,0.86808,0.000268,2,0.00672,2278.86805,2278.93187,0.06382,0.00122,-0.00043,0.00023,0.00768,0.00023,0.00768,52.10293,0.0076841,0.0076888,0.00014757,79999.883,79923.549,0.117,76.451,True,False,-0.09746
279.48,FINE,THRUST,79999.864,88.5870617,88.5870617,1.4129383,0.0218187,0.86781,0.000263,2,0.00669,2278.86929,2278.93187,0.06258,0.0012,-0.00042,0.00022,0.00753,0.00022,0.00753,52.10295,0.0075352,0.0075398,0.00014471,79999.885,79925.029,0.115,74.971,True,False,-0.07034
279.66,FINE,THRUST,79999.864,88.5870628,88.5870628,1.4129372,0.0218112,0.86751,0.000257,2,0.00666,2278.87065,2278.93187,0.06121,0.00117,-0.00041,0.00022,0.00737,0.00022,0.00737,52.10298,0.0073711,0.0073756,0.00014156,79999.887,79926.661,0.113,73.339,True,False,-0.0468
279.82,FINE,THRUST,79999.865,88.5870637,88.5870637,1.4129363,0.0218044,0.86725,0.000252,2,0.00662,2278.87184,2278.93187,0.06002,0.00115,-0.0004,0.00021,0.00722,0.00021,0.00722,52.10299,0.0072279,0.0072323,0.00013881,79999.888,79928.084,0.112,71.916,True,False,-0.03349
279.98,FINE,THRUST,79999.865,88.5870646,88.5870646,1.4129354,0.0217977,0.86698,0.000248,2,0.00659,2278.87301,2278.93186,0.05886,0.00113,-0.00039,0.0002,0.00708,0.0002,0.00708,52.10301,0.0070878,0.0070921,0.00013612,79999.89,79929.477,0.11,70.523,True,False,-0.02776
280.14,FINE,THRUST,79999.866,88.5870655,88.5870655,1.4129345,0.021791,0.86671,0.000243,2,0.00656,2278.87415,2278.93186,0.05771,0.00111,-0.00039,0.0002,0.00695,0.0002,0.00695,52.10303,0.0069503,0.0069546,0.00013348,79999.892,79930.843,0.108,69.157,True,False,-0.0293
280.32,FINE,THRUST,79999.867,88.5870664,88.5870664,1.4129336,0.0217834,0.86641,0.000237,2,0.00653,2278.87541,2278.93186,0.05645,0.00108,-0.00038,0.00019,0.0068,0.00019,0.0068,52.10305,0.0067989,0.006803,0.00013057,79999.893,79932.347,0.107,67.653,True,False,-0.03882
280.48,FINE,THRUST,79999.868,88.5870673,88.5870673,1.4129327,0.0217767,0.86614,0.000233,2,0.0065,2278.87651,2278.93186,0.05535,0.00106,-0.00037,0.00018,0.00666,0.00018,0.00666,52.10307,0.0066668,0.0066708,0.00012803,79999.895,79933.66,0.105,66.34,True,False,-0.05306
280.64,FINE,THRUST,79999.868,88.5870681,88.5870681,1.4129319,0.0217699,0.86587,0.000228,2,0.00647,2278.87758,2278.93186,0.05428,0.00104,-0.00036,0.00017,0.00654,0.00017,0.00654,52.10309,0.0065374,0.0065414,0.00012555,79999.897,79934.945,0.103,65.055,True,False,-0.07105
280.8,FINE,THRUST,79999.869,88.5870689,88.5870689,1.4129311,0.0217631,0.86561,0.000224,2,0.00644,2278.87863,2278.93186,0.05322,0.00102,-0.00036,0.00017,0.00641,0.00017,0.00641,52.10311,0.0064106,0.0064145,0.00012311,79999.898,79936.205,0.102,63.795,True,False,-0.09074
280.98,FINE,THRUST,79999.87,88.5870698,88.5870698,1.4129302,0.0217555,0.8653,0.000219,2,0.00641,2278.87979,2278.93186,0.05206,0.001,-0.00035,0.00016,0.00627,0.00016,0.00627,52.10313,0.006271,0.0062748,0.00012043,79999.9,79937.592,0.1,62.408,True,False,-0.11267
281.14,FINE,THRUST,79999.871,88.5870706,88.5870706,1.4129294,0.0217488,0.86503,0.000215,2,0.00639,2278.88081,2278.93186,0.05105,0.00098,-0.00034,0.00015,0.00615,0.00015,0.00615,52.10314,0.0061491,0.0061529,0.00011809,79999.902,79938.802,0.098,61.198,True,False,-0.13031
281.3,FINE,THRUST,79999.871,88.5870713,88.5870713,1.4129287,0.021742,0.86477,0.000211,2,0.00636,2278.8818,2278.93185,0.05006,0.00096,-0.00034,0.00014,0.00603,0.00014,0.00603,52.10316,0.0060299,0.0060335,0.0001158,79999.904,79939.987,0.096,60.013,True,False,-0.14478
281.46,FINE,THRUST,79999.872,88.5870721,88.5870721,1.4129279,0.0217352,0.8645,0.000206,2,0.00634,2278.88277,2278.93185,0.04908,0.00094,-0.00033,0.00014,0.00591,0.00014,0.00591,52.10318,0.005913,0.0059166,0.00011355,79999.905,79941.149,0.095,58.851,True,False,-0.15463
281.64,FINE,THRUST,79999.872,88.5870729,88.5870729,1.4129271,0.0217276,0.86419,0.000202,2,0.00631,2278.88384,2278.93185,0.04801,0.00092,-0.00032,0.00013,0.00578,0.00013,0.00578,52.1032,0.0057842,0.0057878,0.00011108,79999.907,79942.428,0.093,57.572,True,False,-0.15958
281.8,FINE,THRUST,79999.873,88.5870736,88.5870736,1.4129264,0.0217208,0.86392,0.000198,2,0.00628,2278.88477,2278.93185,0.04708,0.0009,-0.00032,0.00013,0.00567,0.00013,0.00567,52.10321,0.0056719,0.0056754,0.00010893,79999.909,79943.545,0.091,56.455,True,False,-0.15843
281.96,FINE,THRUST,79999.873,88.5870743,88.5870743,1.4129257,0.021714,0.86365,0.000194,2,0.00626,2278.88569,2278.93185,0.04616,0.00089,-0.00031,0.00012,0.00556,0.00012,0.00556,52.10322,0.005562,0.0055654,0.00010682,79999.911,79944.637,0.089,55.363,True,False,-0.15277
282.12,FINE,THRUST,79999.874,88.587075,88.587075,1.412925,0.0217072,0.86338,0.00019,2,0.00623,2278.88658,2278.93185,0.04527,0.00087,-0.0003,0.00012,0.00545,0.00012,0.00545,52.10324,0.0054543,0.0054576,0.00010475,79999.913,79945.709,0.087,54.291,True,False,-0.14292
282.3,FINE,THRUST,79999.874,88.5870757,88.5870757,1.4129243,0.0216995,0.86308,0.000186,2,0.0062,2278.88757,2278.93185,0.04428,0.00085,-0.0003,0.00011,0.00533,0.00011,0.00533,52.10326,0.0053356,0.0053388,0.00010247,79999.915,79946.889,0.085,53.111,True,False,-0.12829
282.46,FINE,THRUST,79999.875,88.5870764,88.5870764,1.4129236,0.0216927,0.86281,0.000183,2,0.00618,2278.88843,2278.93185,0.04342,0.00083,-0.00029,0.00011,0.00523,0.00011,0.00523,52.10327,0.005232,0.0052352,0.00010048,79999.916,79947.919,0.084,52.081,True,False,-0.11361
282.62,FINE,THRUST,79999.875,88.587077,88.587077,1.412923,0.0216859,0.86254,0.000179,2,0.00615,2278.88927,2278.93185,0.04258,0.00082,-0.00029,0.0001,0.00513,0.0001,0.00513,52.10328,0.0051307,0.0051338,9.853E-05,79999.918,79948.927,0.082,51.073,True,False,-0.09882
282.78,FINE,THRUST,79999.866,88.5870777,88.5870777,1.4129223,0.021679,0.86226,0.000176,2,0.00612,2278.89011,2278.93185,0.04174,0.0008,-0.00028,0.00012,0.00503,0.00012,0.00503,52.1033,0.0050311,0.0050342,9.662E-05,79999.917,79949.919,0.083,50.081,True,False,0.1377
282.96,FINE,THRUST,79999.867,88.5870785,88.5870785,1.4129215,0.0216713,0.86196,0.000172,2,0.00609,2278.89104,2278.93186,0.04082,0.00078,-0.00027,0.00015,0.00492,0.00015,0.00492,52.10331,0.0049215,0.0049245,9.451E-05,79999.912,79951.013,0.088,48.987,True,False,0.60684
283.12,FINE,THRUST,79999.868,88.5870791,88.5870791,1.4129209,0.0216645,0.86169,0.000169,2,0.00605,2278.89183,2278.93186,0.04003,0.00077,-0.00027,0.00015,0.00482,0.00015,0.00482,52.10333,0.0048258,0.0048288,9.268E-05,79999.914,79951.964,0.086,48.036,True,False,0.60559
283.28,FINE,THRUST,79999.869,88.5870797,88.5870797,1.4129203,0.0216576,0.86141,0.000165,2,0.00601,2278.89261,2278.93186,0.03925,0.00075,-0.00026,0.00015,0.00473,0.00015,0.00473,52.10334,0.0047321,0.004735,9.088E-05,79999.915,79952.894,0.085,47.106,True,False,0.55952
283.44,FINE,THRUST,79999.871,88.5870803,88.5870803,1.4129197,0.0216508,0.86114,0.000162,2,0.00597,2278.89337,2278.93186,0.03848,0.00074,-0.00026,0.00014,0.00464,0.00014,0.00464,52.10335,0.0046399,0.0046428,8.911E-05,79999.917,79953.807,0.083,46.193,True,False,0.44642
283.62,FINE,THRUST,79999.873,88.5870809,88.5870809,1.4129191,0.0216431,0.86084,0.000158,2,0.00593,2278.89421,2278.93185,0.03764,0.00072,-0.00025,0.00013,0.00454,0.00013,0.00454,52.10337,0.0045383,0.0045411,8.716E-05,79999.918,79954.811,0.082,45.189,True,False,0.25559
283.78,FINE,THRUST,79999.875,88.5870815,88.5870815,1.4129185,0.0216362,0.86056,0.000155,2,0.0059,2278.89495,2278.93185,0.0369,0.00071,-0.00025,0.00011,0.00445,0.00011,0.00445,52.10338,0.0044496,0.0044523,8.545E-05,79999.92,79955.687,0.08,44.313,True,False,0.0495
283.94,FINE,THRUST,79999.877,88.587082,88.587082,1.412918,0.0216293,0.86029,0.000152,2,0.00588,2278.89566,2278.93185,0.03618,0.00069,-0.00024,0.0001,0.00436,0.0001,0.00436,52.10339,0.0043629,0.0043655,8.379E-05,79999.922,79956.544,0.078,43.456,True,False,-0.1693
284.1,FINE,THRUST,79999.878,88.5870826,88.5870826,1.4129174,0.0216224,0.86002,0.000149,2,0.00587,2278.89636,2278.93184,0.03548,0.00068,-0.00024,8E-05,0.00428,8E-05,0.00428,52.1034,0.0042779,0.0042805,8.215E-05,79999.924,79957.384,0.076,42.616,True,False,-0.37861
284.28,FINE,THRUST,79999.88,88.5870831,88.5870831,1.4129169,0.0216147,0.85971,0.000146,2,0.00586,2278.89714,2278.93184,0.0347,0.00067,-0.00023,7E-05,0.00418,7E-05,0.00418,52.10341,0.0041846,0.0041871,8.036E-05,79999.926,79958.308,0.074,41.692,True,False,-0.57452
284.44,FINE,THRUST,79999.881,88.5870837,88.5870837,1.4129163,0.0216078,0.85943,0.000143,2,0.00586,2278.89781,2278.93184,0.03403,0.00065,-0.00023,6E-05,0.0041,6E-05,0.0041,52.10343,0.0041033,0.0041058,7.88E-05,79999.929,79959.114,0.071,40.886,True,False,-0.6931
284.6,FINE,THRUST,79999.881,88.5870842,88.5870842,1.4129158,0.0216009,0.85916,0.000141,2,0.00586,2278.89847,2278.93184,0.03337,0.00064,-0.00022,5E-05,0.00402,5E-05,0.00402,52.10344,0.0040239,0.0040263,7.728E-05,79999.931,79959.903,0.069,40.097,True,False,-0.74867
284.76,FINE,THRUST,79999.881,88.5870846,88.5870846,1.4129154,0.021594,0.85888,0.000138,2,0.00586,2278.89912,2278.93184,0.03272,0.00063,-0.00022,4E-05,0.00395,4E-05,0.00395,52.10345,0.0039462,0.0039486,7.578E-05,79999.933,79960.676,0.067,39.324,True,False,-0.73486
284.94,FINE,THRUST,79999.88,88.5870852,88.5870852,1.4129148,0.0215862,0.85858,0.000135,2,0.00585,2278.89983,2278.93184,0.03201,0.00061,-0.00021,4E-05,0.00386,4E-05,0.00386,52.10346,0.0038607,0.0038631,7.414E-05,79999.936,79961.528,0.064,38.472,True,False,-0.64024
285.1,FINE,THRUST,79999.879,88.5870857,88.5870857,1.4129143,0.0215793,0.8583,0.000132,2,0.00584,2278.90045,2278.93184,0.03139,0.0006,-0.00021,4E-05,0.00379,4E-05,0.00379,52.10347,0.0037862,0.0037885,7.271E-05,79999.938,79962.272,0.062,37.728,True,False,-0.4969
285.26,FINE,THRUST,79999.878,88.5870861,88.5870861,1.4129139,0.0215723,0.85803,0.00013,2,0.00583,2278.90106,2278.93184,0.03078,0.00059,-0.00021,5E-05,0.00371,5E-05,0.00371,52.10348,0.0037133,0.0037155,7.131E-05,79999.94,79963.001,0.06,36.999,True,False,-0.3156
285.42,FINE,THRUST,79999.877,88.5870866,88.5870866,1.4129134,0.0215654,0.85775,0.000127,2,0.0058,2278.90166,2278.93184,0.03018,0.00058,-0.0002,5E-05,0.00364,5E-05,0.00364,52.10349,0.0036418,0.003644,6.994E-05,79999.942,79963.716,0.058,36.284,True,False,-0.11699
285.6,FINE,THRUST,79999.877,88.5870871,88.5870871,1.4129129,0.0215576,0.85744,0.000124,2,0.00577,2278.90232,2278.93184,0.02953,0.00057,-0.0002,6E-05,0.00356,6E-05,0.00356,52.1035,0.003563,0.0035651,6.842E-05,79999.944,79964.504,0.056,35.496,True,False,0.09849
285.76,FINE,THRUST,79999.877,88.5870875,88.5870875,1.4129125,0.0215507,0.85716,0.000122,2,0.00574,2278.90289,2278.93184,0.02895,0.00056,-0.00019,7E-05,0.00349,7E-05,0.00349,52.10351,0.0034941,0.0034962,6.71E-05,79999.946,79965.191,0.054,34.809,True,False,0.2573
285.92,FINE,THRUST,79999.877,88.5870879,88.5870879,1.4129121,0.0215437,0.85689,0.00012,2,0.0057,2278.90346,2278.93185,0.02839,0.00054,-0.00019,7E-05,0.00343,7E-05,0.00343,52.10352,0.0034266,0.0034287,6.581E-05,79999.947,79965.865,0.053,34.135,True,False,0.36673
286.08,FINE,THRUST,79999.877,88.5870883,88.5870883,1.4129117,0.0215367,0.85661,0.000117,2,0.00567,2278.90401,2278.93184,0.02784,0.00053,-0.00019,7E-05,0.00336,7E-05,0.00336,52.10353,0.0033603,0.0033623,6.453E-05,79999.949,79966.525,0.051,33.475,True,False,0.41197
286.26,FINE,THRUST,79999.878,88.5870888,88.5870888,1.4129112,0.0215289,0.8563,0.000115,2,0.00563,2278.90461,2278.93184,0.02723,0.00052,-0.00018,7E-05,0.00329,7E-05,0.00329,52.10354,0.003287,0.003289,6.312E-05,79999.95,79967.252,0.05,32.748,True,False,0.37827
286.42,FINE,THRUST,79999.88,88.5870892,88.5870892,1.4129108,0.0215219,0.85602,0.000113,2,0.00559,2278.90514,2278.93184,0.0267,0.00051,-0.00018,6E-05,0.00322,6E-05,0.00322,52.10355,0.003223,0.003225,6.19E-05,79999.952,79967.886,0.048,32.114,True,False,0.27541
286.58,FINE,THRUST,79999.881,88.5870896,88.5870896,1.4129104,0.021515,0.85574,0.00011,2,0.00556,2278.90566,2278.93184,0.02618,0.0005,-0.00018,5E-05,0.00316,5E-05,0.00316,52.10356,0.0031603,0.0031622,6.069E-05,79999.954,79968.507,0.046,31.493,True,False,0.11518
286.74,FINE,THRUST,79999.883,88.58709,88.58709,1.41291,0.021508,0.85547,0.000108,2,0.00554,2278.90617,2278.93184,0.02567,0.00049,-0.00017,4E-05,0.0031,4E-05,0.0031,52.10356,0.0030988,0.0031007,5.951E-05,79999.956,79969.115,0.044,30.885,True,False,-0.08389
286.92,FINE,THRUST,79999.884,88.5870904,88.5870904,1.4129096,0.0215001,0.85515,0.000106,2,0.00552,2278.90673,2278.93183,0.0251,0.00048,-0.00017,3E-05,0.00303,3E-05,0.00303,52.10358,0.0030311,0.0030329,5.821E-05,79999.958,79969.785,0.042,30.215,True,False,-0.32355
287.08,FINE,THRUST,79999.886,88.5870908,88.5870908,1.4129092,0.0214931,0.85488,0.000104,2,0.00551,2278.90722,2278.93183,0.02461,0.00047,-0.00016,2E-05,0.00297,2E-05,0.00297,52.10358,0.0029721,0.0029739,5.708E-05,79999.96,79970.368,0.04,29.632,True,False,-0.52222
287.24,FINE,THRUST,79999.886,88.5870911,88.5870911,1.4129089,0.0214861,0.8546,0.000102,2,0.0055,2278.9077,2278.93183,0.02413,0.00046,-0.00016,1E-05,0.00291,1E-05,0.00291,52.10359,0.0029146,0.0029163,5.597E-05,79999.963,79970.939,0.037,29.061,True,False,-0.6797
287.4,FINE,THRUST,79999.887,88.5870915,88.5870915,1.4129085,0.0214791,0.85432,0.0001,2,0.0055,2278.90816,2278.93183,0.02367,0.00045,-0.00016,0,0.00286,0,0.00286,52.1036,0.0028583,0.00286,5.489E-05,79999.965,79971.499,0.035,28.501,True,False,-0.77066
287.58,FINE,THRUST,79999.886,88.5870919,88.5870919,1.4129081,0.0214712,0.85401,9.8E-05,2,0.0055,2278.90868,2278.93183,0.02315,0.00044,-0.00016,0,0.0028,0,0.0028,52.10361,0.0027964,0.0027981,5.37E-05,79999.968,79972.115,0.032,27.885,True,False,-0.77554
287.74,FINE,THRUST,79999.886,88.5870922,88.5870922,1.4129078,0.0214642,0.85373,9.6E-05,2,0.00549,2278.90913,2278.93183,0.0227,0.00044,-0.00015,0,0.00274,0,0.00274,52.10362,0.0027424,0.0027441,5.267E-05,79999.971,79972.653,0.029,27.347,True,False,-0.68792
287.9,FINE,THRUST,79999.885,88.5870926,88.5870926,1.4129074,0.0214572,0.85345,9.4E-05,2,0.00549,2278.90957,2278.93183,0.02226,0.00043,-0.00015,0,0.00269,0,0.00269,52.10362,0.0026897,0.0026913,5.165E-05,79999.974,79973.179,0.026,26.821,True,False,-0.52377
288.06,FINE,THRUST,79999.884,88.5870929,88.5870929,1.4129071,0.0214501,0.85317,9.2E-05,2,0.00547,2278.91,2278.93183,0.02183,0.00042,-0.00015,1E-05,0.00264,1E-05,0.00264,52.10363,0.002638,0.0026396,5.066E-05,79999.976,79973.696,0.024,26.304,True,False,-0.30075
288.24,FINE,THRUST,79999.883,88.5870932,88.5870932,1.4129068,0.0214422,0.85285,9E-05,2,0.00545,2278.91048,2278.93183,0.02136,0.00041,-0.00014,2E-05,0.00258,2E-05,0.00258,52.10364,0.0025811,0.0025826,4.957E-05,79999.978,79974.266,0.022,25.734,True,False,-0.01502
288.4,FINE,THRUST,79999.882,88.5870936,88.5870936,1.4129064,0.0214352,0.85257,8.8E-05,2,0.00542,2278.91089,2278.93183,0.02094,0.0004,-0.00014,2E-05,0.00253,2E-05,0.00253,52.10364,0.0025313,0.0025329,4.861E-05,79999.98,79974.763,0.02,25.237,True,False,0.23105
288.56,FINE,THRUST,79999.882,88.5870939,88.5870939,1.4129061,0.0214281,0.85229,8.7E-05,2,0.00539,2278.9113,2278.93184,0.02054,0.00039,-0.00014,3E-05,0.00248,3E-05,0.00248,52.10365,0.0024826,0.0024841,4.768E-05,79999.982,79975.251,0.018,24.749,True,False,0.43241
288.72,FINE,THRUST,79999.882,88.5870942,88.5870942,1.4129058,0.0214211,0.85201,8.5E-05,2,0.00535,2278.9117,2278.93184,0.02014,0.00039,-0.00013,3E-05,0.00243,3E-05,0.00243,52.10366,0.0024347,0.0024361,4.676E-05,79999.983,79975.729,0.017,24.271,True,False,0.55505
288.9,FINE,THRUST,79999.883,88.5870945,88.5870945,1.4129055,0.0214131,0.8517,8.3E-05,2,0.00531,2278.91214,2278.93183,0.0197,0.00038,-0.00013,3E-05,0.00238,3E-05,0.00238,52.10366,0.0023817,0.0023831,4.574E-05,79999.985,79976.255,0.015,23.745,True,False,0.56887
289.06,FINE,THRUST,79999.885,88.5870948,88.5870948,1.4129052,0.021406,0.85142,8.2E-05,2,0.00528,2278.91252,2278.93183,0.01931,0.00037,-0.00013,3E-05,0.00234,3E-05,0.00234,52.10367,0.0023353,0.0023367,4.485E-05,79999.986,79976.714,0.014,23.286,True,False,0.45876
289.22,FINE,THRUST,79999.886,88.5870951,88.5870951,1.4129049,0.021399,0.85113,8E-05,2,0.00524,2278.9129,2278.93183,0.01893,0.00036,-0.00013,2E-05,0.00229,2E-05,0.00229,52.10368,0.0022898,0.0022912,4.397E-05,79999.988,79977.164,0.012,22.836,True,False,0.24112
289.38,FINE,THRUST,79999.888,88.5870953,88.5870953,1.4129047,0.0213919,0.85085,7.8E-05,2,0.00522,2278.91326,2278.93183,0.01856,0.00036,-0.00012,1E-05,0.00225,1E-05,0.00225,52.10369,0.0022452,0.0022465,4.312E-05,79999.99,79977.604,0.01,22.396,True,False,-0.06069
289.56,FINE,THRUST,79999.89,88.5870957,88.5870957,1.4129043,0.0213839,0.85053,7.7E-05,2,0.0052,2278.91367,2278.93182,0.01816,0.00035,-0.00012,0,0.0022,0,0.0022,52.10369,0.0021961,0.0021974,4.217E-05,79999.993,79978.088,0.007,21.912,True,False,-0.45019
289.72,FINE,THRUST,79999.892,88.5870959,88.5870959,1.4129041,0.0213768,0.85025,7.5E-05,2,0.00519,2278.91402,2278.93182,0.0178,0.00034,-0.00012,-1E-05,0.00215,-1E-05,0.00215,52.1037,0.0021534,0.0021548,4.136E-05,79999.995,79978.51,0.005,21.49,True,False,-0.78997
289.88,FINE,THRUST,79999.892,88.5870962,88.5870962,1.4129038,0.0213697,0.84997,7.4E-05,2,0.0052,2278.91437,2278.93182,0.01745,0.00033,-0.00012,-2E-05,0.00211,-2E-05,0.00211,52.1037,0.0021119,0.0021132,4.056E-05,79999.998,79978.922,0.002,21.078,True,False,-1.06347
290.04,FINE,THRUST,79999.892,88.5870964,88.5870964,1.4129036,0.0213626,0.84969,7.2E-05,2,0.00521,2278.9147,2278.93182,0.01711,0.00033,-0.00011,-3E-05,0.00207,-3E-05,0.00207,52.10371,0.0020713,0.0020725,3.978E-05,80000.002,79979.326,-0.002,20.674,True,False,-1.21136
290.22,FINE,THRUST,79999.892,88.5870967,88.5870967,1.4129033,0.0213546,0.84937,7.1E-05,2,0.00522,2278.91508,2278.93182,0.01674,0.00032,-0.00011,-3E-05,0.00203,-3E-05,0.00203,52.10371,0.0020267,0.0020279,3.892E-05,80000.006,79979.771,-0.006,20.229,True,False,-1.18105
290.38,FINE,THRUST,79999.89,88.587097,88.587097,1.412903,0.0213475,0.84909,6.9E-05,2,0.00522,2278.9154,2278.93182,0.01642,0.00032,-0.00011,-3E-05,0.00199,-3E-05,0.00199,52.10372,0.0019878,0.001989,3.817E-05,80000.009,79980.159,-0.009,19.841,True,False,-0.96279
290.54,FINE,THRUST,79999.888,88.5870972,88.5870972,1.4129028,0.0213403,0.8488,6.8E-05,2,0.00522,2278.91572,2278.93182,0.0161,0.00031,-0.00011,-2E-05,0.00195,-2E-05,0.00195,52.10373,0.0019498,0.001951,3.744E-05,80000.013,79980.539,-0.013,19.461,True,False,-0.58447
290.7,FINE,THRUST,79999.886,88.5870974,88.5870974,1.4129026,0.0213332,0.84852,6.7E-05,2,0.00521,2278.91603,2278.93183,0.01579,0.0003,-0.00011,-1E-05,0.00191,-1E-05,0.00191,52.10373,0.0019125,0.0019137,3.673E-05,80000.015,79980.913,-0.015,19.087,True,False,-0.09023
290.88,FINE,THRUST,79999.885,88.5870977,88.5870977,1.4129023,0.0213252,0.8482,6.5E-05,2,0.00518,2278.91638,2278.93183,0.01545,0.0003,-0.0001,1E-05,0.00187,1E-05,0.00187,52.10374,0.0018714,0.0018726,3.594E-05,80000.018,79981.326,-0.018,18.674,True,False,0.5128
291.04,FINE,THRUST,79999.884,88.5870979,88.5870979,1.4129021,0.021318,0.84792,6.4E-05,2,0.00514,2278.91668,2278.93183,0.01515,0.00029,-0.0001,2E-05,0.00184,2E-05,0.00184,52.10374,0.0018356,0.0018367,3.525E-05,80000.019,79981.687,-0.019,18.313,True,False,0.98671
291.2,FINE,THRUST,79999.884,88.5870981,88.5870981,1.4129019,0.0213109,0.84763,6.3E-05,2,0.00509,2278.91697,2278.93183,0.01486,0.00029,-0.0001,3E-05,0.0018,3E-05,0.0018,52.10375,0.0018003,0.0018014,3.457E-05,80000.02,79982.04,-0.02,17.96,True,False,1.30985
291.36,FINE,THRUST,79999.885,88.5870984,88.5870984,1.4129016,0.0213037,0.84735,6.2E-05,2,0.00504,2278.91726,2278.93183,0.01457,0.00028,-0.0001,3E-05,0.00177,3E-05,0.00177,52.10375,0.0017655,0.0017666,3.39E-05,80000.021,79982.387,-0.021,17.613,True,False,1.39191
291.54,FINE,THRUST,79999.888,88.5870986,88.5870986,1.4129014,0.0212957,0.84703,6E-05,2,0.00498,2278.91758,2278.93183,0.01425,0.00027,-0.0001,3E-05,0.00173,3E-05,0.00173,52.10375,0.0017267,0.0017277,3.316E-05,80000.021,79982.769,-0.021,17.231,True,False,1.13231
291.7,FINE,THRUST,79999.891,88.5870988,88.5870988,1.4129012,0.0212885,0.84674,5.9E-05,2,0.00494,2278.91786,2278.93182,0.01397,0.00027,-9E-05,1E-05,0.00169,1E-05,0.00169,52.10376,0.0016926,0.0016936,3.25E-05,80000.022,79983.102,-0.022,16.898,True,False,0.58319
291.86,FINE,THRUST,79999.895,88.587099,88.587099,1.412901,0.0212813,0.84646,5.8E-05,2,0.00491,2278.91813,2278.93182,0.01369,0.00026,-9E-05,-1E-05,0.00166,-1E-05,0.00166,52.10377,0.0016592,0.0016602,3.186E-05,80000.024,79983.428,-0.024,16.572,True,False,-0.20967
292.02,FINE,THRUST,79999.898,88.5870992,88.5870992,1.4129008,0.0212741,0.84617,5.7E-05,2,0.0049,2278.91839,2278.93181,0.01342,0.00026,-9E-05,-3E-05,0.00163,-3E-05,0.00163,52.10377,0.0016268,0.0016278,3.124E-05,80000.027,79983.745,-0.027,16.255,True,False,-1.12567
292.2,FINE,THRUST,79999.9,88.5870994,88.5870994,1.4129006,0.021266,0.84585,5.6E-05,2,0.00491,2278.91869,2278.93181,0.01312,0.00025,-9E-05,-5E-05,0.00159,-5E-05,0.00159,52.10377,0.0015917,0.0015927,3.057E-05,80000.031,79984.093,-0.031,15.907,True,False,-2.14019
292.36,FINE,THRUST,79999.901,88.5870996,88.5870996,1.4129004,0.0212588,0.84556,5.5E-05,2,0.00495,2278.91894,2278.9318,0.01286,0.00025,-9E-05,-7E-05,0.00156,-7E-05,0.00156,52.10378,0.0015617,0.0015626,2.999E-05,80000.037,79984.395,-0.037,15.605,True,False,-2.77951
292.52,FINE,THRUST,79999.9,88.5870998,88.5870998,1.4129002,0.0212516,0.84528,5.4E-05,2,0.00499,2278.91919,2278.9318,0.01261,0.00024,-8E-05,-8E-05,0.00153,-8E-05,0.00153,52.10378,0.0015324,0.0015333,2.943E-05,80000.043,79984.689,-0.043,15.311,True,False,-3.01126
292.68,FINE,THRUST,79999.896,88.5871,88.5871,1.4129,0.0212444,0.84499,5.3E-05,2,0.00504,2278.91944,2278.93181,0.01237,0.00024,-8E-05,-8E-05,0.0015,-8E-05,0.0015,52.10379,0.0015035,0.0015044,2.887E-05,80000.05,79984.978,-0.05,15.022,True,False,-2.68814
292.86,FINE,THRUST,79999.891,88.5871002,88.5871002,1.4128998,0.0212363,0.84467,5.1E-05,2,0.00508,2278.91971,2278.93182,0.01211,0.00023,-8E-05,-6E-05,0.00147,-6E-05,0.00147,52.10379,0.0014712,0.0014721,2.825E-05,80000.056,79985.298,-0.056,14.702,True,False,-1.62246
293.02,FINE,THRUST,79999.886,88.5871004,88.5871004,1.4128996,0.0212291,0.84438,5E-05,2,0.0051,2278.91994,2278.93182,0.01188,0.00023,-8E-05,-3E-05,0.00144,-3E-05,0.00144,52.10379,0.001443,0.0014439,2.771E-05,80000.061,79985.579,-0.061,14.421,True,False,-0.15001
293.18,FINE,THRUST,79999.881,88.5871005,88.5871005,1.4128995,0.0212219,0.84409,4.9E-05,2,0.00507,2278.92018,2278.93183,0.01166,0.00022,-8E-05,1E-05,0.00142,1E-05,0.00142,52.1038,0.001416,0.0014168,2.719E-05,80000.063,79985.857,-0.063,14.143,True,False,1.58982
293.34,FINE,THRUST,79999.878,88.5871007,88.5871007,1.4128993,0.0212146,0.8438,4.9E-05,2,0.00501,2278.9204,2278.93184,0.01144,0.00022,-8E-05,5E-05,0.00139,5E-05,0.00139,52.1038,0.0013901,0.001391,2.67E-05,80000.063,79986.131,-0.063,13.869,True,False,3.30308
293.52,FINE,THRUST,79999.878,88.5871009,88.5871009,1.4128991,0.0212065,0.84348,4.8E-05,2,0.00489,2278.92065,2278.93184,0.01119,0.00021,-8E-05,8E-05,0.00136,8E-05,0.00136,52.10381,0.0013618,0.0013626,2.615E-05,80000.06,79986.434,-0.06,13.566,True,False,4.66645
293.68,FINE,THRUST,79999.882,88.5871011,88.5871011,1.4128989,0.0211992,0.84319,4.7E-05,2,0.00476,2278.92087,2278.93184,0.01098,0.00021,-7E-05,9E-05,0.00133,9E-05,0.00133,52.10381,0.0013358,0.0013366,2.565E-05,80000.056,79986.699,-0.056,13.301,True,False,4.9273
293.84,FINE,THRUST,79999.889,88.5871012,88.5871012,1.4128988,0.021192,0.8429,4.6E-05,2,0.00463,2278.92108,2278.93183,0.01075,0.00021,-7E-05,7E-05,0.00131,7E-05,0.00131,52.10381,0.0013081,0.0013089,2.512E-05,80000.051,79986.959,-0.051,13.041,True,False,4.05084
294,FINE,THRUST,79999.899,88.5871014,88.5871014,1.4128986,0.0211847,0.84262,4.5E-05,2,0.00452,2278.92129,2278.93182,0.01053,0.0002,-7E-05,4E-05,0.00128,4E-05,0.00128,52.10382,0.0012794,0.0012801,2.457E-05,80000.048,79987.216,-0.048,12.784,True,False,1.9082
294.18,FINE,THRUST,79999.91,88.5871016,88.5871016,1.4128984,0.0211765,0.84229,4.4E-05,2,0.00447,2278.92152,2278.9318,0.01028,0.0002,-7E-05,-3E-05,0.00125,-3E-05,0.00125,52.10382,0.0012488,0.0012496,2.398E-05,80000.048,79987.496,-0.048,12.504,True,False,-1.76334
294.34,FINE,THRUST,79999.919,88.5871017,88.5871017,1.4128983,0.0211693,0.842,4.3E-05,2,0.00449,2278.92172,2278.93178,0.01006,0.00019,-7E-05,-0.0001,0.00122,-0.0001,0.00122,52.10383,0.0012263,0.0012271,2.355E-05,80000.053,79987.736,-0.053,12.264,True,False,-5.48799
294.5,FINE,THRUST,79999.924,88.5871019,88.5871019,1.4128981,0.021162,0.84171,4.2E-05,2,0.0046,2278.92192,2278.93177,0.00985,0.00019,-7E-05,-0.00017,0.0012,-0.00017,0.0012,52.10383,0.0012096,0.0012104,2.323E-05,80000.065,79987.96,-0.065,12.04,True,False,-9.0076
294.66,FINE,THRUST,79999.922,88.587102,88.587102,1.412898,0.0211547,0.84142,4.2E-05,2,0.00479,2278.92211,2278.93177,0.00966,0.00019,-6E-05,-0.00022,0.00118,-0.00022,0.00118,52.10383,0.001195,0.0011957,2.295E-05,80000.082,79988.17,-0.082,11.83,True,False,-11.14195
294.84,FINE,THRUST,79999.911,88.5871021,88.5871021,1.4128979,0.0211465,0.8411,4.1E-05,2,0.00504,2278.92231,2278.93177,0.00946,0.00018,-6E-05,-0.00022,0.00115,-0.00022,0.00115,52.10383,0.0011733,0.001174,2.253E-05,80000.105,79988.399,-0.105,11.601,True,False,-10.89335
295,FINE,THRUST,79999.895,88.5871023,88.5871023,1.4128977,0.0211392,0.84081,4E-05,2,0.00524,2278.9225,2278.9318,0.00929,0.00018,-6E-05,-0.00017,0.00113,-0.00017,0.00113,52.10384,0.0011461,0.0011468,2.201E-05,80000.125,79988.608,-0.125,11.392,True,False,-7.8114
295.16,FINE,THRUST,79999.876,88.5871024,88.5871024,1.4128976,0.0211319,0.84052,3.9E-05,2,0.00537,2278.9227,2278.93183,0.00913,0.00018,-6E-05,-8E-05,0.00111,-8E-05,0.00111,52.10384,0.0011165,0.0011171,2.144E-05,80000.141,79988.827,-0.141,11.173,True,False,-2.13649
295.32,FINE,THRUST,79999.857,88.5871026,88.5871026,1.4128974,0.0211246,0.84022,3.8E-05,2,0.00538,2278.92289,2278.93186,0.00897,0.00017,-6E-05,4E-05,0.00109,4E-05,0.00109,52.10384,0.0010951,0.0010957,2.103E-05,80000.148,79989.054,-0.148,10.946,True,False,5.45472
295.5,FINE,THRUST,79999.841,88.5871027,88.5871027,1.4128973,0.0211164,0.8399,3.8E-05,2,0.00519,2278.92309,2278.93189,0.0088,0.00017,-6E-05,0.0002,0.00107,0.0002,0.00107,52.10385,0.0010914,0.001092,2.096E-05,80000.138,79989.307,-0.138,10.693,True,False,14.48889
295.66,FINE,THRUST,79999.827,88.5871029,88.5871029,1.4128971,0.0211091,0.83961,3.8E-05,2,0.00492,2278.92326,2278.93191,0.00865,0.00017,-6E-05,0.00031,0.00106,0.00031,0.00106,52.10385,0.0011007,0.0011014,0,80000.119,79989.521,-0.119,10.479,True,False,20.96876
295.84,FINE,THRUST,79999.83,88.5871031,88.5871031,1.4128969,0.0211008,0.83928,3.9E-05,2,0.00463,2278.92339,2278.93193,0.00854,0.00016,-6E-05,0.00042,0.00104,0.00042,0.00104,52.10385,0.0011231,0.0011238,0,80000.091,79989.683,-0.091,10.317,True,False,26.42056
296.02,FINE,THRUST,79999.842,88.587103,88.587103,1.412897,0.0210926,0.83895,3.9E-05,2,0.00435,2278.92337,2278.93192,0.00854,0.00016,-6E-05,0.00042,0.00104,0.00042,0.00104,52.10385,0.0011223,0.001123,0,80000.07,79989.683,-0.07,10.317,True,False,25.58071
296.18,FINE,THRUST,79999.862,88.587103,88.587103,1.412897,0.0210852,0.83866,3.8E-05,2,0.00411,2278.92336,2278.93189,0.00853,0.00016,-6E-05,0.00037,0.00104,0.00037,0.00104,52.10385,0.0011008,0.0011015,0,80000.053,79989.69,-0.053,10.31,True,False,21.89635
296.34,FINE,THRUST,79999.889,88.587103,88.587103,1.412897,0.0210779,0.83837,3.7E-05,2,0.00386,2278.92336,2278.93185,0.00849,0.00016,-6E-05,0.00026,0.00103,0.00026,0.00103,52.10385,0.0010654,0.0010661,0,80000.037,79989.711,-0.037,10.289,True,False,15.18722
296.5,FINE,THRUST,79999.923,88.587103,88.587103,1.412897,0.0210705,0.83807,3.6E-05,2,0.00363,2278.92338,2278.9318,0.00842,0.00016,-6E-05,0.00011,0.00102,0.00011,0.00102,52.10385,0.0010289,0.0010295,0,80000.022,79989.75,-0.022,10.25,True,False,5.03716
296.68,FINE,THRUST,79999.961,88.587103,88.587103,1.412897,0.0210622,0.83774,3.6E-05,2,0.00356,2278.92342,2278.93174,0.00832,0.00016,-6E-05,-0.00013,0.00101,-0.00013,0.00101,52.10385,0.0010189,0.0010195,1.957E-05,80000.019,79989.8,-0.019,10.2,True,False,-10.63619
296.84,FINE,THRUST,79999.989,88.5871031,88.5871031,1.4128969,0.0210549,0.83745,3.7E-05,2,0.00373,2278.92348,2278.93168,0.00821,0.00016,-6E-05,-0.00036,0.001,-0.00036,0.001,52.10386,0.0010616,0.0010623,2.039E-05,80000.031,79989.861,-0.031,10.139,True,False,-24.72214
297.02,CAPTURE,COAST,80000.011,88.5871032,88.5871032,1.4128968,0.0210475,0.83716,3.9E-05,2,0.00397,2278.92364,2278.93164,0.00801,0.00015,-5E-05,-0.00056,0.00097,-0.00056,0.00097,52.10386,0.0011255,0.0011262,0,80000.051,79990.034,-0.051,9.966,True,True,-6.21882
297.2,CAPTURE,COAST,80000.023,88.5871033,88.5871033,1.4128967,0.0210383,0.83679,4.2E-05,2,0.00428,2278.92374,2278.93161,0.00787,0.00015,-5E-05,-0.00074,0.00096,-0.00074,0.00096,52.10386,0.0012134,0.0012141,0,80000.076,79990.133,-0.076,9.867,True,True,-6.79286
297.36,CAPTURE,COAST,80000.026,88.5871037,88.5871037,1.4128963,0.0210309,0.8365,4.4E-05,2,0.0045,2278.92371,2278.9316,0.00788,0.00015,-5E-05,-0.00083,0.00096,-0.00083,0.00096,52.10386,0.001269,0.0012698,0,80000.094,79990.087,-0.094,9.913,True,True,-6.87245
297.52,CAPTURE,COAST,80000.024,88.5871041,88.5871041,1.4128959,0.0210235,0.8362,4.5E-05,2,0.00469,2278.92369,2278.93159,0.00791,0.00015,-5E-05,-0.00086,0.00096,-0.00086,0.00096,52.10386,0.0012946,0.0012954,0,80000.109,79990.045,-0.109,9.955,True,True,-6.61909
297.68,CAPTURE,COAST,80000.016,88.5871044,88.5871044,1.4128956,0.0210161,0.83591,4.5E-05,2,0.00483,2278.92367,2278.9316,0.00793,0.00015,-5E-05,-0.00086,0.00097,-0.00086,0.00097,52.10386,0.0012924,0.0012932,0,80000.122,79990.014,-0.122,9.986,True,True,-6.10971
297.88,FINE,COAST,80000.002,88.5871048,88.5871048,1.4128952,0.0210078,0.83558,4.4E-05,2,0.00494,2278.92366,2278.93162,0.00796,0.00015,-5E-05,-0.00081,0.00097,-0.00081,0.00097,52.10386,0.0012643,0.001265,0,80000.132,79989.994,-0.132,10.006,True,False,-5.22561
298.06,FINE,THRUST,79999.988,88.5871051,88.5871051,1.4128949,0.0209994,0.83525,4.3E-05,2,0.005,2278.92366,2278.93164,0.00799,0.00015,-5E-05,-0.00073,0.00098,-0.00073,0.00098,52.10386,0.0012189,0.0012196,2.341E-05,80000.138,79989.988,-0.138,10.012,True,False,-40.89834
298.24,CAPTURE,COAST,79999.969,88.5871053,88.5871053,1.4128947,0.0209911,0.83492,4.1E-05,2,0.00504,2278.92373,2278.93167,0.00794,0.00015,-5E-05,-0.00064,0.00097,-0.00064,0.00097,52.10386,0.0011617,0.0011624,0,80000.144,79990.074,-0.144,9.926,True,True,-3.18198
298.42,CAPTURE,COAST,79999.949,88.5871051,88.5871051,1.4128949,0.0209818,0.83455,3.8E-05,2,0.00517,2278.92388,2278.93171,0.00783,0.00015,-5E-05,-0.00052,0.00096,-0.00052,0.00096,52.10386,0.0010876,0.0010882,0,80000.162,79990.235,-0.162,9.765,True,True,-2.06207
298.58,CAPTURE,COAST,79999.935,88.5871053,88.5871053,1.4128947,0.0209744,0.83425,3.6E-05,2,0.00503,2278.92389,2278.93173,0.00784,0.00015,-5E-05,-0.00039,0.00096,-0.00039,0.00096,52.10386,0.0010346,0.0010352,0,80000.15,79990.267,-0.15,9.733,True,True,-1.33538
298.74,CAPTURE,COAST,79999.926,88.5871054,88.5871054,1.4128946,0.020967,0.83395,3.5E-05,2,0.0049,2278.9239,2278.93175,0.00786,0.00015,-5E-05,-0.00029,0.00096,-0.00029,0.00096,52.10386,0.0010025,0.0010031,0,80000.139,79990.29,-0.139,9.71,True,True,-0.85483
298.9,CAPTURE,COAST,79999.919,88.5871055,88.5871055,1.4128945,0.0209595,0.83366,3.4E-05,2,0.00478,2278.9239,2278.93177,0.00787,0.00015,-5E-05,-0.00022,0.00096,-0.00022,0.00096,52.10386,0.0009848,0.0009854,0,80000.13,79990.306,-0.13,9.694,True,True,0.5888
299.1,CAPTURE,COAST,79999.916,88.5871055,88.5871055,1.4128945,0.0209511,0.83333,3.4E-05,2,0.00467,2278.9239,2278.93178,0.00788,0.00015,-5E-05,-0.00017,0.00096,-0.00017,0.00096,52.10386,0.000975,0.0009756,0,80000.121,79990.318,-0.121,9.682,True,True,0.43578