MET,mode,actuator,alt_m,inc_deg,plane_angle_deg,plane_error_m,radial_vel_mps,cross_vel_mps,along_vel_mps,circular_vel_mps,along_error_mps,tgo_s,natural_radial_accel,natural_cross_accel,radial_req_accel,cross_req_accel,along_req_accel,radial_alloc_accel,cross_alloc_accel,along_alloc_accel,max_accel,command_accel,throttle,ap_m,pe_m,ap_error_m,pe_error_m,fine_latched,capture,steer_angle_err_deg
203.42,TGO,THRUST,79567.049,0.126953,-0.0722128,856.485,79.87932,2.23836,1228.26205,2279.66818,1051.40613,25.81648,-5.42741,0.00253,-0.57259,7.36105,368.13653,-0.57259,7.36105,33.81696,34.61358,34.6135799,1,80148.829,-484632.484,-148.829,564632.484,False,False,-12.99392
203.56,TGO,THRUST,79578.168,0.1263047,-0.0721864,856.186,79.46217,2.23052,1233.06523,2279.64947,1046.58424,25.67704,-5.4098,0.00256,-0.5902,7.44162,366.44867,-0.5902,7.44162,33.85384,34.66711,34.6671146,1,80155.749,-483569.395,-155.749,563569.395,False,False,-12.74797
203.7,TGO,THRUST,79589.224,0.1242738,-0.0721604,855.891,79.04553,2.18594,1237.8759,2279.63086,1041.75497,25.53759,-5.39209,0.00259,-0.60791,7.52929,364.75823,-0.60791,7.52929,33.88916,34.72081,34.7208117,1,80162.634,-482497.618,-162.634,562497.618,False,False,-12.03502
203.86,TGO,THRUST,79601.775,0.1238502,-0.072131,855.559,78.50752,2.18483,1243.38733,2279.60974,1036.22241,25.37813,-5.37173,0.00261,-0.62827,7.62345,362.82149,-0.62827,7.62345,33.93085,34.78239,34.7823859,1,80169.54,-481260.951,-169.54,561260.951,False,False,-10.68301
204,TGO,THRUST,79612.673,0.1275848,-0.0721046,855.259,77.96027,2.29306,1248.22064,2279.59138,1031.37074,25.23856,-5.3538,0.00262,-0.6462,7.68996,361.12295,-0.6462,7.68996,33.97094,34.83644,34.8364445,1,80174.411,-480168.648,-174.411,560168.648,False,False,-9.14272
204.14,TGO,THRUST,79623.484,0.1368281,-0.072076,854.934,77.34122,2.54361,1253.05882,2279.57316,1026.51435,25.09904,-5.33578,0.00262,-0.66422,7.73473,359.42263,-0.66422,7.73473,34.01605,34.89067,34.8906678,1,80178.182,-479067.88,-178.182,559067.88,False,False,-7.39349
204.28,TGO,THRUST,79634.201,0.1528274,-0.0720433,854.56,76.66121,2.95905,1257.89461,2279.5551,1021.66049,24.95974,-5.31771,0.00259,-0.68229,7.75346,357.72307,-0.68229,7.75346,34.06723,34.94506,34.9450638,1,80181.01,-477960.21,-181.01,557960.21,False,False,-5.55138
204.44,TGO,THRUST,79646.325,0.1803713,-0.0719985,854.043,75.82846,3.64671,1263.40878,2279.53466,1016.12588,24.80098,-5.29701,0.00254,-0.70299,7.74022,355.78503,-0.70299,7.74022,34.13379,35.00744,35.0074367,1,80183.369,-476687.953,-183.369,556687.953,False,False,-3.4733
204.58,TGO,THRUST,79656.822,0.2127282,-0.0719503,853.485,75.0672,4.43116,1268.21595,2279.51695,1011.301,24.66261,-5.2789,0.00248,-0.7211,7.698,354.09544,-0.7211,7.698,34.1991,35.06219,35.062194,1,80184.902,-475570.706,-184.902,555570.706,False,False,-1.80791
204.72,TGO,THRUST,79667.21,0.2522397,-0.0718918,852.804,74.28767,5.37187,1273.00293,2279.49943,1006.49649,24.52482,-5.26079,0.0024,-0.73921,7.62868,352.41293,-0.73921,7.62868,34.27053,35.11713,35.1171266,1,80186.117,-474450.525,-186.117,554450.525,False,False,-0.66294
204.86,TGO,THRUST,79677.489,0.297904,-0.0718213,851.98,73.49791,6.44773,1277.76939,2279.48208,1001.71269,24.38762,-5.24268,0.00231,-0.75732,7.53507,350.73763,-0.75732,7.53507,34.34727,35.17223,35.1722279,1,80187.129,-473327.484,-187.129,553327.484,False,False,-1.32953
205.02,TGO,THRUST,79689.101,0.3559931,-0.0717241,850.842,72.58894,7.80942,1283.19517,2279.46249,996.26733,24.23146,-5.22199,0.0022,-0.77801,7.40309,348.83063,-0.77801,7.40309,34.44014,35.23541,35.235415,1,80188.129,-472039.673,-188.129,552039.673,False,False,-2.41664
205.16,TGO,THRUST,79699.141,0.4104311,-0.0716234,849.66,71.7906,9.08451,1287.92972,2279.44555,991.51583,24.09527,-5.20386,0.00209,-0.79614,7.27059,347.1666,-0.79614,7.27059,34.52465,35.29089,35.2908921,1,80188.907,-470907.647,-188.907,550907.647,False,False,-3.11714
205.3,TGO,THRUST,79709.07,0.4668075,-0.0715073,848.296,70.99032,10.40765,1292.65925,2279.42879,986.76954,23.95934,-5.18567,0.00198,-0.81433,7.12689,345.50437,-0.81433,7.12689,34.61101,35.34654,35.3465405,1,80189.609,-469769.075,-189.609,549769.075,False,False,-3.55487
205.44,TGO,THRUST,79718.886,0.5238404,-0.0713754,846.743,70.18798,11.75141,1297.39112,2279.41222,982.0211,23.82354,-5.16741,0.00187,-0.83259,6.97644,343.84138,-0.83259,6.97644,34.69818,35.40237,35.4023684,1,80190.236,-468622.175,-190.236,548622.175,False,False,-3.74402
205.6,TGO,THRUST,79729.967,0.5883693,-0.0712053,844.739,69.26791,13.28067,1302.81077,2279.39352,976.58275,23.66829,-5.14641,0.00175,-0.85359,6.80153,341.93676,-0.85359,6.80153,34.79763,35.46639,35.4663858,1,80190.859,-467299.04,-190.859,547299.04,False,False,-3.69464
205.74,TGO,THRUST,79739.541,0.6431943,-0.0710397,842.787,68.4596,14.5894,1307.56983,2279.37736,971.80753,23.53227,-5.1279,0.00165,-0.8721,6.64994,340.26436,-0.8721,6.64994,34.88369,35.52259,35.5225895,1,80191.316,-466128.807,-191.316,546128.807,False,False,-3.46382
205.88,TGO,THRUST,79749.001,0.6957305,-0.070859,840.654,67.64802,15.85349,1312.34902,2279.36139,967.01237,23.396,-5.10925,0.00156,-0.89075,6.50277,338.58497,-0.89075,6.50277,34.96833,35.57898,35.5789753,1,80191.692,-464945.775,-191.692,544945.775,False,False,-3.10395
206.02,TGO,THRUST,79758.348,0.7454681,-0.0706637,838.349,66.83312,17.06108,1317.15087,2279.34561,962.19474,23.25944,-5.09044,0.00147,-0.90956,6.36223,336.8977,-0.90956,6.36223,35.05119,35.63554,35.6355366,1,80191.985,-463749.235,-191.985,543749.235,False,False,-2.66015
206.18,TGO,THRUST,79768.889,0.7985076,-0.0704236,835.514,65.89787,18.36283,1322.66767,2279.32781,956.66014,23.10297,-5.06874,0.00138,-0.93126,6.21156,334.95932,-0.93126,6.21156,35.14353,35.7004,35.700401,1,80192.224,-462364.782,-192.224,542364.782,False,False,-2.10572
206.32,TGO,THRUST,79777.989,0.8414824,-0.0701997,832.868,65.07629,19.43023,1327.51988,2279.31244,951.79257,22.96572,-5.0496,0.00132,-0.9504,6.08921,333.25453,-0.9504,6.08921,35.22225,35.75735,35.7573531,1,80192.351,-461138.482,-192.351,541138.482,False,False,-1.62306
206.46,TGO,THRUST,79786.974,0.8813492,-0.0699636,830.078,64.25206,20.43241,1332.39406,2279.29727,946.90321,22.82819,-5.0303,0.00126,-0.9697,5.97566,331.54211,-0.9697,5.97566,35.29913,35.81448,35.8144835,1,80192.408,-459898.47,-192.408,539898.47,False,False,-1.17635
206.6,TGO,THRUST,79795.843,0.9183391,-0.0697161,827.153,63.4255,21.37409,1337.2884,2279.28229,941.99389,22.69041,-5.01085,0.00121,-0.98915,5.87029,329.82268,-0.98915,5.87029,35.37439,35.8718,35.8718005,1,80192.397,-458645.062,-192.397,538645.062,False,False,-0.79046
206.76,TGO,THRUST,79805.837,0.9575192,-0.0694201,823.653,62.47834,22.38545,1342.90397,2279.26541,936.36144,22.5327,-4.98846,0.00116,-1.01154,5.75848,327.84998,-1.01154,5.75848,35.45875,35.93753,35.9375286,1,80192.308,-457196.668,-192.308,537196.668,False,False,-0.44578
206.9,TGO,THRUST,79814.457,0.9895396,-0.0691503,820.462,61.64762,23.22348,1347.83455,2279.25085,931.4163,22.39454,-4.96873,0.00112,-1.03127,5.66662,326.11799,-1.03127,5.66662,35.53144,35.99524,35.9952366,1,80192.165,-455915.802,-192.165,535915.802,False,False,-0.23906
207.04,TGO,THRUST,79822.961,1.0199034,-0.0688708,817.157,60.81536,24.02794,1352.77891,2279.23648,926.45757,22.25627,-4.94887,0.00109,-1.05113,5.5786,324.38123,-1.05113,5.5786,35.60341,36.05313,36.0531341,1,80191.965,-454622.677,-191.965,534622.677,False,False,-0.1221
207.18,TGO,THRUST,79831.348,1.049035,-0.068582,813.74,59.98174,24.80852,1357.7353,2279.22231,921.48701,22.11791,-4.92889,0.00106,-1.07111,5.49277,322.64031,-1.07111,5.49277,35.67495,36.11121,36.1112143,1,80191.711,-453317.582,-191.711,533317.582,False,False,-0.08939
207.34,TGO,THRUST,79840.79,1.0813176,-0.0682408,809.703,59.02752,25.68283,1363.41261,2279.20635,915.79374,21.95974,-4.90593,0.00103,-1.09407,5.39529,320.64625,-1.09407,5.39529,35.75652,36.17782,36.1778235,1,80191.357,-451811.677,-191.357,531811.677,False,False,-0.14664
207.48,TGO,THRUST,79848.926,1.1090516,-0.0679327,806.057,58.19133,26.44094,1368.39018,2279.1926,910.80242,21.82132,-4.88572,0.001,-1.11428,5.30894,318.89804,-1.11428,5.30894,35.82797,36.23631,36.2363103,1,80190.992,-450481.619,-190.992,530481.619,False,False,0.26538
207.62,TGO,THRUST,79856.945,1.1365871,-0.0676156,802.304,57.3542,27.19923,1373.37604,2279.17905,905.80301,21.6829,-4.8654,0.00098,-1.1346,5.22034,317.14698,-1.1346,5.22034,35.89967,36.29498,36.2949827,1,80190.578,-449140.104,-190.578,529140.104,False,False,0.43071
207.76,TGO,THRUST,79864.846,1.1641107,-0.0672896,798.445,56.51621,27.96213,1378.36952,2279.16569,900.79617,21.5445,-4.84498,0.00096,-1.15502,5.12857,315.39331,-1.15502,5.12857,35.97174,36.35385,36.3538493,1,80190.119,-447787.169,-190.119,527787.169,False,False,0.62604
207.92,TGO,THRUST,79873.733,1.1956888,-0.0669059,793.902,55.55756,28.84299,1384.08524,2279.15067,895.06543,21.38635,-4.82152,0.00093,-1.17848,5.01906,313.38607,-1.17848,5.01906,36.05462,36.42136,36.4213574,1,80189.538,-446226.936,-189.538,526226.936,False,False,0.8655
208.06,TGO,THRUST,79881.383,1.2234598,-0.0665603,789.811,54.71797,29.62245,1389.09414,2279.13773,890.04359,21.24801,-4.80088,0.00091,-1.19912,4.91891,311.62712,-1.19912,4.91891,36.12759,36.48063,36.480631,1,80188.983,-444849.361,-188.983,524849.361,False,False,1.0729
208.2,TGO,THRUST,79888.915,1.2513318,-0.0662055,785.61,53.8778,30.40936,1394.11032,2279.12499,885.01468,21.10969,-4.78014,0.00089,-1.21986,4.81472,309.86569,-1.21986,4.81472,36.20096,36.5401,36.5401018,1,80188.387,-443460.085,-188.387,523460.085,False,False,1.2648
208.34,TGO,THRUST,79896.329,1.279218,-0.0658414,781.298,53.03716,31.20163,1399.13411,2279.11245,879.97834,20.97138,-4.75929,0.00087,-1.24071,4.70677,308.10164,-1.24071,4.70677,36.27464,36.59976,36.5997628,1,80187.752,-442058.907,-187.752,522058.907,False,False,1.43097
208.5,TGO,THRUST,79904.659,1.31094,-0.0654138,776.233,52.07595,32.10965,1404.8856,2279.09836,874.21277,20.81333,-4.73533,0.00085,-1.26467,4.57945,306.08215,-1.26467,4.57945,36.35912,36.66819,36.6681882,1,80186.98,-440442.668,-186.98,520442.668,False,False,1.58013
208.64,TGO,THRUST,79911.821,1.3383896,-0.0650296,771.683,51.2345,32.90201,1409.92762,2279.08625,869.15863,20.67504,-4.71425,0.00084,-1.28575,4.46533,304.31184,-1.28575,4.46533,36.43314,36.72827,36.7282726,1,80186.265,-439015.115,-186.265,519015.115,False,False,1.67044
208.78,TGO,THRUST,79918.865,1.3653822,-0.0646362,767.021,50.39279,33.68811,1414.97917,2279.07433,864.09516,20.53672,-4.69306,0.00083,-1.30694,4.34944,302.53826,-1.30694,4.34944,36.50715,36.78855,36.7885502,1,80185.516,-437574.807,-185.516,517574.807,False,False,1.72173
208.92,TGO,THRUST,79925.791,1.3917479,-0.0642335,762.251,49.55087,34.46364,1420.04093,2279.06261,859.02168,20.39837,-4.67175,0.00081,-1.32825,4.2326,300.76116,-1.32825,4.2326,36.58103,36.84903,36.8490301,1,80184.734,-436121.448,-184.734,516121.448,False,False,1.73559
209.08,TGO,THRUST,79933.563,1.420913,-0.0637622,756.667,48.5885,35.33187,1425.83907,2279.04945,853.21039,20.2402,-4.64725,0.0008,-1.35275,4.09889,298.72561,-1.35275,4.09889,36.6652,36.91839,36.9183915,1,80183.802,-434444.127,-183.802,514444.127,False,False,1.71057
209.22,TGO,THRUST,79940.236,1.4454353,-0.0633404,751.669,47.74625,36.07177,1430.9246,2279.03816,848.11355,20.10174,-4.62568,0.0008,-1.37432,3.98255,296.94031,-1.37432,3.98255,36.73852,36.9793,36.9792953,1,80182.953,-432961.886,-182.953,512961.886,False,False,1.65929
209.36,TGO,THRUST,79946.792,1.4689264,-0.06291,746.568,46.90396,36.79043,1436.02183,2279.02706,843.00523,19.96323,-4.60399,0.00079,-1.39601,3.86738,295.15097,-1.39601,3.86738,36.81149,37.0404,37.0404045,1,80182.076,-431465.806,-182.076,511465.806,False,False,1.58692
209.5,TGO,THRUST,79953.229,1.4913171,-0.0624712,741.369,46.06163,37.48586,1441.13095,2279.01616,837.8852,19.82464,-4.58218,0.00079,-1.41782,3.75385,293.35753,-1.41782,3.75385,36.88408,37.10171,37.1017118,1,80181.17,-429955.696,-181.17,509955.696,False,False,1.50001
209.66,TGO,THRUST,79960.442,1.5155091,-0.06196,735.31,45.099,38.25056,1446.98461,2279.00394,832.01933,19.66618,-4.5571,0.00079,-1.4429,3.6265,291.30283,-1.4429,3.6265,36.96656,37.17203,37.1720287,1,80180.102,-428212.472,-180.102,508212.472,False,False,1.39123
209.8,TGO,THRUST,79966.627,1.5354407,-0.0615044,729.91,44.25668,38.89269,1452.11936,2278.99346,826.8741,19.52746,-4.53502,0.0008,-1.46498,3.51737,289.50054,-1.46498,3.51737,37.03831,37.23378,37.233777,1,80179.14,-426671.784,-179.14,506671.784,False,False,1.29473
209.94,TGO,THRUST,79972.694,1.5542424,-0.0610414,724.421,43.41446,39.50992,1457.26591,2278.98318,821.71727,19.38868,-4.51282,0.0008,-1.48718,3.41041,287.69418,-1.48718,3.41041,37.10968,37.29573,37.2957267,1,80178.153,-425116.636,-178.153,505116.636,False,False,1.20212
210.08,TGO,THRUST,79978.643,1.5719542,-0.0605713,718.849,42.57236,40.103,1462.42407,2278.9731,816.54903,19.24984,-4.4905,0.00081,-1.5095,3.30553,285.88381,-1.5095,3.30553,37.18073,37.35789,37.357887,1,80177.143,-423546.921,-177.143,503546.921,False,False,1.11735
210.24,TGO,THRUST,79985.298,1.590932,-0.0600257,712.38,41.6101,40.75264,1468.33306,2278.96182,810.62876,19.0911,-4.46483,0.00083,-1.53517,3.188,283.81001,-1.53517,3.188,37.26155,37.42918,37.4291792,1,80175.96,-421734.999,-175.96,501734.999,False,False,1.03382
210.38,TGO,THRUST,79990.994,1.6065011,-0.0595413,706.637,40.76823,41.29793,1473.51538,2278.95216,805.43678,18.95216,-4.44224,0.00084,-1.55776,3.08694,281.99131,-1.55776,3.08694,37.332,37.49178,37.4917814,1,80174.902,-420133.734,-174.902,500133.734,False,False,0.97457
210.52,TGO,THRUST,79996.573,1.6211818,-0.0590505,700.819,39.92655,41.82339,1478.7086,2278.9427,800.2341,18.81318,-4.41953,0.00086,-1.58047,2.98723,280.16885,-1.58047,2.98723,37.40222,37.5546,37.5545975,1,80173.823,-418517.586,-173.823,498517.586,False,False,0.92873
210.66,TGO,THRUST,80002.034,1.6350457,-0.0585537,694.929,39.08509,42.33063,1483.91252,2278.93344,795.02092,18.67416,-4.3967,0.00088,-1.6033,2.88856,278.34271,-1.6033,2.88856,37.47227,37.61762,37.6176203,1,80172.725,-416886.446,-172.725,496886.446,False,False,0.8959
210.82,TGO,THRUST,80008.13,1.6499746,-0.0579788,688.112,38.12366,42.88995,1489.87271,2278.92309,789.05038,18.51524,-4.37045,0.0009,-1.62955,2.77669,276.25126,-1.62955,2.77669,37.55215,37.68991,37.6899082,1,80171.447,-415003.771,-171.447,495003.771,False,False,0.87292
210.96,TGO,THRUST,80013.338,1.6622993,-0.0574697,682.074,37.28257,43.36293,1495.09898,2278.91425,783.81528,18.37617,-4.34736,0.00092,-1.65264,2.67931,274.41741,-1.65264,2.67931,37.62192,37.75339,37.7533905,1,80170.31,-413340.082,-170.31,493340.082,False,False,0.86382
211.1,TGO,THRUST,80018.429,1.6739919,-0.0569551,675.972,36.44173,43.82189,1500.33546,2278.90561,778.57015,18.23706,-4.32414,0.00094,-1.67586,2.58211,272.58005,-1.67586,2.58211,37.69159,37.81708,37.8170828,1,80169.157,-411660.989,-169.157,491660.989,False,False,0.86265
211.24,TGO,THRUST,80023.402,1.6850923,-0.0564351,669.806,35.60114,44.2677,1505.58208,2278.89716,773.31508,18.09794,-4.3008,0.00097,-1.6992,2.48493,270.7392,-1.6992,2.48493,37.76119,37.88099,37.8809947,1,80167.989,-409966.34,-167.989,489966.34,False,False,0.86701
211.4,TGO,THRUST,80028.941,1.6970877,-0.0558346,662.684,34.64073,44.76181,1511.59056,2278.88775,767.29719,17.93892,-4.27398,0.00099,-1.72602,2.3737,268.63111,-1.72602,2.3737,37.84066,37.9543,37.9542993,1,80166.636,-408010.343,-166.636,488010.343,False,False,0.87587
211.54,TGO,THRUST,80033.662,1.7069951,-0.0553038,656.388,33.80056,45.18093,1516.85875,2278.87973,762.02098,17.79976,-4.25038,0.00102,-1.74962,2.27619,266.78283,-1.74962,2.27619,37.91012,38.01867,38.0186719,1,80165.438,-406281.806,-165.438,486281.806,False,False,0.88479
211.68,TGO,THRUST,80038.265,1.7163652,-0.0547681,650.035,32.96064,45.58789,1522.13698,2278.8719,756.73492,17.66058,-4.22666,0.00105,-1.77334,2.17844,264.9311,-1.77334,2.17844,37.97953,38.08327,38.0832675,1,80164.228,-404537.18,-164.228,484537.18,False,False,0.89267
211.82,TGO,THRUST,80042.75,1.7251982,-0.0542277,643.625,32.12099,45.98253,1527.42527,2278.86428,751.43901,17.52138,-4.20281,0.00108,-1.79719,2.0805,263.0759,-1.79719,2.0805,38.04888,38.14808,38.1480787,1,80163.008,-402776.282,-163.008,482776.282,False,False,0.89789
211.98,TGO,THRUST,80047.733,1.7346258,-0.0536045,636.233,31.16169,46.41805,1533.48136,2278.8558,745.37444,17.36228,-4.1754,0.00111,-1.8246,1.9684,260.95142,-1.8246,1.9684,38.12807,38.22242,38.2224217,1,80161.603,-400743.659,-161.603,480743.659,False,False,0.89911
212.12,TGO,THRUST,80051.967,1.7422751,-0.0530545,629.709,30.32253,46.78495,1538.79127,2278.84859,740.05732,17.22305,-4.15129,0.00114,-1.84871,1.87032,259.08877,-1.84871,1.87032,38.19729,38.28771,38.2877121,1,80160.364,-398947.251,-160.364,478947.251,False,False,0.89544
212.26,TGO,THRUST,80056.083,1.7493548,-0.0525002,623.135,29.48361,47.13821,1544.11131,2278.84158,734.73027,17.0838,-4.12705,0.00117,-1.87295,1.77233,257.22264,-1.87295,1.77233,38.26644,38.35322,38.3532216,1,80159.118,-397133.966,-159.118,477133.966,False,False,0.88681
212.4,TGO,THRUST,80060.081,1.7558513,-0.0519419,616.512,28.64495,47.47731,1549.44151,2278.83477,729.39326,16.94454,-4.10269,0.0012,-1.89731,1.67458,255.35301,-1.89731,1.67458,38.33553,38.41896,38.41896,1,80157.868,-395303.609,-157.868,475303.609,False,False,0.87318
212.56,TGO,THRUST,80064.508,1.7625443,-0.0512991,608.886,27.68679,47.84682,1555.54563,2278.82723,723.2816,16.78536,-4.07469,0.00124,-1.92531,1.56331,253.21199,-1.92531,1.56331,38.41439,38.49436,38.4943636,1,80156.434,-393190.608,-156.434,473190.608,False,False,0.85193
212.7,TGO,THRUST,80068.255,1.7677452,-0.0507327,602.166,26.8486,48.15377,1560.89766,2278.82084,717.92318,16.64606,-4.05005,0.00127,-1.94995,1.46652,251.33483,-1.94995,1.46652,38.48332,38.56058,38.5605828,1,80155.177,-391322.99,-155.177,471322.99,False,False,0.82926
212.84,TGO,THRUST,80071.885,1.7723305,-0.0501627,595.404,26.01068,48.44516,1566.25988,2278.81464,712.55476,16.50675,-4.02529,0.00131,-1.97471,1.37034,249.45417,-1.97471,1.37034,38.55218,38.62703,38.6270346,1,80153.92,-389437.669,-153.92,469437.669,False,False,0.80343
212.98,TGO,THRUST,80075.397,1.7762972,-0.0495894,588.603,25.17303,48.72073,1571.63231,2278.80865,707.17634,16.36743,-4.0004,0.00134,-1.9996,1.27486,247.56999,-1.9996,1.27486,38.62097,38.69371,38.6937114,1,80152.663,-387534.439,-152.663,467534.439,False,False,0.7752
213.14,TGO,THRUST,80079.268,1.7800727,-0.0489304,580.784,24.21599,49.01606,1577.78468,2278.80203,701.01735,16.20818,-3.9718,0.00138,-2.0282,1.16669,245.41235,-2.0282,1.16669,38.69953,38.7702,38.7701984,1,80151.23,-385337.128,-151.23,465337.128,False,False,0.74118
213.28,TGO,THRUST,80082.529,1.7827155,-0.0483506,573.905,23.37878,49.2572,1583.17891,2278.79646,695.61755,16.06883,-3.94664,0.00142,-2.05336,1.07295,243.52066,-2.05336,1.07295,38.76821,38.83738,38.8373753,1,80149.981,-383394.831,-149.981,463394.831,False,False,0.71092
213.42,TGO,THRUST,80085.673,1.784753,-0.0477681,566.994,22.54182,49.48235,1588.58328,2278.79108,690.2078,15.92947,-3.92134,0.00145,-2.07866,0.98004,241.62548,-2.07866,0.98004,38.83685,38.90478,38.9047809,1,80148.738,-381433.971,-148.738,461433.971,False,False,0.68089
213.56,TGO,THRUST,80088.7,1.7861963,-0.0471831,560.052,21.70514,49.69164,1593.99777,2278.78589,684.78812,15.79009,-3.89592,0.00149,-2.10408,0.88798,239.72681,-2.10408,0.88798,38.90545,38.97243,38.9724253,1,80147.504,-379454.334,-147.504,459454.334,False,False,0.65166
213.72,TGO,THRUST,80092.016,1.7871348,-0.0465116,552.084,20.74918,49.91167,1600.19812,2278.78021,678.58209,15.6308,-3.86671,0.00153,-2.13329,0.78376,237.55265,-2.13329,0.78376,38.98383,39.05002,39.0500193,1,80146.105,-377168.62,-146.105,457168.62,False,False,0.61991
213.86,TGO,THRUST,80094.792,1.7873478,-0.0459217,545.084,19.91289,50.08763,1605.63421,2278.77545,673.14124,15.49141,-3.84101,0.00157,-2.15899,0.69345,235.64654,-2.15899,0.69345,39.05239,39.11817,39.1181657,1,80144.894,-375148.006,-144.894,455148.006,False,False,0.59419
214,TGO,THRUST,80097.451,1.7870136,-0.0453298,538.061,19.07683,50.24854,1611.08035,2278.77088,667.69053,15.35201,-3.81519,0.00161,-2.18481,0.60387,233.73697,-2.18481,0.60387,39.12094,39.18655,39.1865549,1,80143.697,-373107.913,-143.697,453107.913,False,False,0.57048
214.14,TGO,THRUST,80099.993,1.7861493,-0.0447362,531.016,18.24103,50.39472,1616.53652,2278.76651,662.22999,15.21261,-3.78923,0.00165,-2.21077,0.51497,231.82395,-2.21077,0.51497,39.18949,39.25518,39.255179,1,80142.517,-371048.106,-142.517,451048.106,False,False,0.54877
214.3,TGO,THRUST,80102.755,1.7845328,-0.0440557,522.942,17.28609,50.54414,1622.78441,2278.76175,655.97735,15.05329,-3.7594,0.00169,-2.2406,0.41415,229.63341,-2.2406,0.41415,39.26785,39.3339,39.3339041,1,80141.192,-368669.595,-141.192,448669.595,False,False,0.52641
214.44,TGO,THRUST,80105.046,1.782583,-0.0434588,515.858,16.45068,50.65968,1628.26201,2278.7578,650.49579,14.91388,-3.73316,0.00173,-2.26684,0.32656,227.71301,-2.26684,0.32656,39.33644,39.40305,39.4030504,1,80140.055,-366566.738,-140.055,446566.738,False,False,0.50897
214.58,TGO,THRUST,80107.22,1.7801523,-0.0428606,508.759,15.6155,50.76143,1633.7496,2278.75405,645.00445,14.77446,-3.70678,0.00177,-2.29322,0.23949,225.78916,-2.29322,0.23949,39.40504,39.47244,39.4724356,1,80138.941,-364443.401,-138.941,444443.401,False,False,0.49314
214.72,TGO,THRUST,80109.277,1.7772542,-0.0422613,501.647,14.78054,50.84963,1639.24718,2278.75049,639.50331,14.63505,-3.68028,0.00181,-2.31972,0.15288,223.86187,-2.31972,0.15288,39.47367,39.54207,39.5420702,1,80137.855,-362299.328,-137.855,442299.328,False,False,-0.47859
214.88,TGO,THRUST,80111.485,1.773384,-0.0415752,493.505,13.82653,50.93408,1645.54234,2278.74667,633.20432,14.47572,-3.64982,0.00185,-2.35018,0.05445,221.65506,-2.35018,0.05445,39.55215,39.62195,39.6219514,1,80136.648,-359823.237,-136.648,439823.237,False,False,-0.46316
215.02,TGO,THRUST,80113.292,1.769518,-0.0409741,486.37,12.99192,50.99378,1651.06129,2278.74353,627.68224,14.33631,-3.62303,0.00189,-2.37697,-0.03122,219.72041,-2.37697,-0.03122,39.62086,39.69211,39.6921103,1,80135.627,-357633.857,-135.627,437633.857,False,False,-0.45055
215.16,TGO,THRUST,80114.981,1.7652169,-0.0403723,479.229,12.15752,51.04043,1656.59021,2278.74058,622.15037,14.1969,-3.59611,0.00193,-2.40389,-0.1165,217.78233,-2.40389,-0.1165,39.68962,39.76252,39.7625229,1,80134.641,-355422.914,-134.641,435422.914,False,False,-0.43834
215.3,TGO,THRUST,80116.554,1.7604886,-0.0397701,472.081,11.32332,51.07415,1662.12911,2278.73784,616.60873,14.05749,-3.56905,0.00197,-2.43095,-0.2014,215.84082,-2.43095,-0.2014,39.75842,39.83318,39.833181,1,80133.693,-353190.13,-133.693,433190.13,False,False,-0.42617
215.46,TGO,THRUST,80118.209,1.7545686,-0.0390815,463.908,10.3702,51.0969,1668.4715,2278.73494,610.26344,13.89817,-3.53796,0.00201,-2.46204,-0.29795,213.61773,-2.46204,-0.29795,39.83712,39.91424,39.9142439,1,80132.66,-350611.275,-132.66,430611.275,False,False,-0.4121
215.6,TGO,THRUST,80119.532,1.7489403,-0.0384788,456.755,9.53635,51.10293,1674.03178,2278.73261,604.70082,13.75876,-3.5106,0.00205,-2.4894,-0.38198,211.66885,-2.4894,-0.38198,39.90605,39.98545,39.9854475,1,80131.804,-348330.745,-131.804,428330.745,False,False,-0.39965
215.74,TGO,THRUST,80120.738,1.7429015,-0.0378761,449.602,8.7027,51.09613,1679.60206,2278.73048,599.12842,13.61936,-3.48312,0.00209,-2.51688,-0.4656,209.71652,-2.51688,-0.4656,39.97504,40.0569,40.0569007,1,80130.997,-346027.481,-130.997,426027.481,False,False,-0.38684
215.88,TGO,THRUST,80121.827,1.7364568,-0.0372736,442.451,7.86925,51.0765,1685.18233,2278.72854,593.54621,13.47997,-3.45549,0.00213,-2.54451,-0.54879,207.76075,-2.54451,-0.54879,40.0441,40.12861,40.1286123,1,80130.242,-343701.187,-130.242,423701.187,False,False,-0.37359
216.04,TGO,THRUST,80122.929,1.7285995,-0.0365854,434.282,6.91695,51.03836,1691.57203,2278.72657,587.15453,13.32067,-3.42376,0.00217,-2.57624,-0.64332,205.52137,-2.57624,-0.64332,40.12311,40.21088,40.2108833,1,80129.448,-341013.98,-129.448,421013.98,False,False,-0.35789
216.18,TGO,THRUST,80123.769,1.7212962,-0.0359838,427.141,6.08382,50.99117,1697.17373,2278.72505,581.55132,13.18128,-3.39584,0.0022,-2.60416,-0.7255,203.55822,-2.60416,-0.7255,40.19234,40.28315,40.2831477,1,80128.817,-338637.323,-128.817,418637.323,False,False,-0.34393
216.32,TGO,THRUST,80124.491,1.7136009,-0.0353828,420.008,5.25086,50.9312,1702.78544,2278.72373,575.93829,13.04191,-3.36778,0.00224,-2.62006,-0.80718,201.59163,-2.62006,-0.80718,40.26244,40.35567,40.3556723,1,80128.25,-336236.675,-128.25,416236.675,False,False,0.32921
216.46,TGO,THRUST,80125.097,1.705519,-0.0347825,412.883,4.41806,50.85847,1708.40716,2278.7226,570.31544,12.90254,-3.33959,0.00227,-2.52679,-0.88837,199.62158,-2.52679,-0.88837,40.33964,40.42846,40.4284586,1,80127.752,-333811.717,-127.752,413811.717,False,False,0.35785
216.62,TGO,THRUST,80125.647,1.695815,-0.0340978,404.755,3.46597,50.75976,1714.84422,2278.72155,563.87733,12.74327,-3.30719,0.00231,-2.41368,-0.98051,197.36588,-2.41368,-0.98051,40.42811,40.51196,40.511965,1,80127.273,-331010.165,-127.273,411010.165,False,False,0.4731
216.76,TGO,THRUST,80126.003,1.686919,-0.0334998,397.657,2.63152,50.65974,1720.4873,2278.72084,558.23354,12.60392,-3.2787,0.00235,-2.30836,-1.06055,195.38847,-2.30836,-1.06055,40.50574,40.58532,40.5853166,1,80126.936,-328532.071,-126.936,408532.071,False,False,0.60279
216.9,TGO,THRUST,80126.243,1.6776538,-0.032903,390.573,1.79685,50.54712,1726.1404,2278.72033,552.57993,12.46458,-3.25006,0.00238,-2.19714,-1.14004,193.40761,-2.19714,-1.14004,40.58352,40.65893,40.6589343,1,80126.683,-326028.639,-126.683,406028.639,False,False,0.73163
217.04,TGO,THRUST,80126.366,1.6680261,-0.0323077,383.507,0.96485,50.422,1731.80372,2278.72001,546.9163,12.32524,-3.22128,0.00241,-2.08066,-1.219,191.42323,-2.08066,-1.219,40.66138,40.73282,40.7328196,1,80126.52,-323499.434,-126.52,403499.434,False,False,0.84677
217.2,TGO,THRUST,80126.367,1.6565867,-0.0316293,375.453,0.02193,50.2638,1738.28892,2278.71989,540.43096,12.16601,-3.18822,0.00245,-1.94232,-1.30856,189.15096,-1.94232,-1.30856,40.75035,40.81759,40.8175894,1,80126.45,-320576.76,-126.45,400576.76,False,False,0.95535
217.34,TGO,THRUST,80126.246,1.6462007,-0.0310375,368.428,-0.79205,50.11211,1743.97499,2278.71998,534.74499,12.02667,-3.15913,0.00248,-1.81783,-1.3863,187.15879,-1.81783,-1.3863,40.8281,40.89205,40.8920529,1,80126.491,-317990.756,-126.491,397990.756,False,False,1.02992
217.48,TGO,THRUST,80126.014,1.635473,-0.0304475,361.426,-1.59273,49.94823,1749.67199,2278.72026,529.04827,11.88733,-3.12989,0.00251,-1.69097,-1.4635,185.16286,-1.69097,-1.4635,40.9057,40.96679,40.9667886,1,80126.627,-315377.516,-126.627,395377.516,False,False,1.08676
217.62,TGO,THRUST,80125.672,1.6244111,-0.0298596,354.447,-2.37761,49.77227,1755.38009,2278.72073,523.34064,11.74798,-3.1005,0.00254,-1.56244,-1.54015,183.16315,-1.56244,-1.54015,40.98312,41.0418,41.041798,1,80126.851,-312736.588,-126.851,392736.588,False,False,1.12821
217.78,TGO,THRUST,80125.151,1.611368,-0.0291904,346.502,-3.25275,49.55653,1761.91734,2278.72149,516.80415,11.58871,-3.06673,0.00256,-1.4143,-1.6271,180.87309,-1.4143,-1.6271,41.07132,41.12786,41.1278601,1,80127.21,-309683.915,-127.21,389683.915,False,False,1.16037
217.92,TGO,THRUST,80124.584,1.5996104,-0.0286072,339.58,-3.99754,49.35499,1767.64949,2278.72234,511.07284,11.44933,-3.03702,0.00258,-1.28414,-1.70258,178.86517,-1.28414,-1.70258,41.14824,41.20346,41.2034611,1,80127.605,-306982.179,-127.605,386982.179,False,False,1.17814
218.06,TGO,THRUST,80123.916,1.587541,-0.0280266,332.687,-4.72195,49.14176,1773.39293,2278.72336,505.33043,11.30995,-3.00716,0.0026,-1.15374,-1.77755,176.8534,-1.15374,-1.77755,41.22491,41.27934,41.2793404,1,80128.068,-304251.401,-128.068,384251.401,False,False,1.1877
218.2,TGO,THRUST,80123.15,1.5751668,-0.0274485,325.824,-5.42515,48.91695,1779.14765,2278.72455,499.57691,11.17055,-2.97714,0.00262,-1.02339,-1.85202,174.83779,-1.02339,-1.85202,41.30133,41.3555,41.3554998,1,80128.59,-301491.156,-128.59,381491.156,False,False,1.1903
218.36,TGO,THRUST,80122.159,1.5606596,-0.0267912,318.022,-6.20189,48.64596,1785.73827,2278.72611,492.98784,11.01123,-2.94265,0.00264,-0.87482,-1.93653,172.52952,-0.87482,-1.93653,41.38837,41.44288,41.442884,1,80129.249,-298299.962,-129.249,378299.962,False,False,1.18631
218.5,TGO,THRUST,80121.194,1.5476511,-0.0262191,311.23,-6.85716,48.39658,1791.51713,2278.72764,487.21051,10.87182,-2.91231,0.00265,-0.74549,-2.00993,170.50567,-0.74549,-2.00993,41.46427,41.51965,41.5196486,1,80129.87,-295475.134,-129.87,375475.134,False,False,1.17817
218.64,TGO,THRUST,80120.14,1.534358,-0.0256501,304.475,-7.48957,48.13595,1797.30721,2278.72932,481.42211,10.7324,-2.88181,0.00266,-0.61686,-2.08285,168.478,-0.61686,-2.08285,41.53994,41.5967,41.5966981,1,80130.522,-292619.491,-130.522,372619.491,False,False,1.16602
218.78,TGO,THRUST,80119.002,1.5207868,-0.0250842,297.757,-8.09873,47.86416,1803.10848,2278.73115,475.62267,10.59298,-2.85115,0.00266,-0.48913,-2.15532,166.44652,-0.48913,-2.15532,41.61539,41.67403,41.6740341,1,80131.199,-289732.594,-131.199,369732.594,False,False,1.15071
218.94,TGO,THRUST,80117.601,1.5049429,-0.0244415,290.127,-8.76595,47.53999,1809.75215,2278.73341,468.98126,10.43363,-2.81593,0.00267,-0.34449,-2.23759,164.12017,-0.34449,-2.23759,41.70136,41.76277,41.762771,1,80131.989,-286394.438,-131.989,366394.438,False,False,1.13085
219.08,TGO,THRUST,80116.292,1.4907913,-0.0238827,283.495,-9.32414,47.2445,1815.57726,2278.73552,463.15827,10.29421,-2.78494,0.00267,-0.21929,-2.30905,162.08056,-0.21929,-2.30905,41.77639,41.84073,41.8407263,1,80132.685,-283439.055,-132.685,363439.055,False,False,1.11281
219.22,TGO,THRUST,80114.909,1.4763784,-0.0233276,276.904,-9.85881,46.9381,1821.41341,2278.73777,457.32436,10.15478,-2.75379,0.00267,-0.09528,-2.38007,160.03718,-0.09528,-2.38007,41.85124,41.91897,41.9189733,1,80133.38,-280450.999,-133.38,360450.999,False,False,1.09428
219.36,TGO,THRUST,80113.455,1.4617096,-0.0227761,270.358,-10.37014,46.62088,1827.26056,2278.74014,451.47959,10.01535,-2.72249,0.00266,0.02754,-2.45065,157.99004,0.02754,-2.45065,41.92594,41.99751,41.9975134,1,80134.065,-277429.803,-134.065,357429.803,False,False,1.07521
219.52,TGO,THRUST,80111.709,1.4446376,-0.0221505,262.931,-10.92605,46.24516,1833.95641,2278.74299,444.78658,9.85601,-2.68652,0.00265,0.1664,-2.53076,155.64589,0.1664,-2.53076,42.01115,42.08763,42.0876347,1,80134.827,-273935.816,-134.827,353935.816,False,False,1.05287
219.66,TGO,THRUST,80110.113,1.4294338,-0.0216074,256.484,-11.38747,45.90488,1839.82695,2278.74561,438.91865,9.71659,-2.65488,0.00265,0.28647,-2.60035,153.59077,0.28647,-2.60035,42.08558,42.16681,42.1668087,1,80135.468,-270841.987,-135.468,350841.987,False,False,1.0331
219.8,TGO,THRUST,80108.456,1.4139892,-0.0210683,250.084,-11.82594,45.554,1845.70835,2278.74832,433.03997,9.57718,-2.62308,0.00263,0.40526,-2.66949,151.53194,0.40526,-2.66949,42.15991,42.24628,42.2462812,1,80136.078,-267713.483,-136.078,347713.483,False,False,1.01266
219.94,TGO,THRUST,80106.741,1.3983089,-0.0205335,243.735,-12.24154,45.19258,1851.60057,2278.75114,427.15057,9.43778,-2.59112,0.00262,0.52274,-2.73819,149.46942,0.52274,-2.73819,42.23416,42.32605,42.3260538,1,80136.652,-264549.789,-136.652,344549.789,False,False,0.99122
220.1,TGO,THRUST,80104.714,1.3801048,-0.0199275,236.542,-12.68851,44.76671,1858.34772,2278.75448,420.40676,9.27848,-2.5544,0.0026,0.65528,-2.81615,147.10774,0.65528,-2.81615,42.31893,42.41759,42.4175921,1,80137.253,-260890.381,-137.253,340890.381,False,False,0.96547
220.24,TGO,THRUST,80102.886,1.3639319,-0.0194021,230.304,-13.05496,44.38286,1864.26298,2278.75749,414.49451,9.1391,-2.5221,0.00258,0.76956,-2.88386,145.03733,0.76956,-2.88386,42.39307,42.49801,42.4980136,1,80137.725,-257649.509,-137.725,337649.509,False,False,0.94216
220.38,TGO,THRUST,80101.01,1.347538,-0.0188813,224.121,-13.39869,43.98872,1870.18895,2278.76059,408.57164,8.99974,-2.48964,0.00256,0.88228,-2.95112,142.96327,0.88228,-2.95112,42.46718,42.57874,42.5787406,1,80138.139,-254371.764,-138.139,334371.764,False,False,0.91782
220.52,TGO,THRUST,80099.09,1.3309281,-0.0183652,217.995,-13.71978,43.58436,1876.1256,2278.76377,402.63817,8.86039,-2.45702,0.00254,0.99338,-3.01796,140.88555,0.99338,-3.01796,42.54129,42.65977,42.6597749,1,80138.492,-251056.585,-138.492,331056.585,False,False,0.89237
220.68,TGO,THRUST,80096.845,1.3116867,-0.0177813,211.063,-14.05906,43.10981,1882.92336,2278.76748,395.84412,8.70115,-2.41954,0.00251,1.11823,-3.09381,138.50655,1.11823,-3.09381,42.62601,42.75276,42.752764,1,80138.81,-247221.234,-138.81,327221.234,False,False,0.86207
220.82,TGO,THRUST,80094.839,1.2946276,-0.0172757,205.061,-14.33162,42.68374,1888.88278,2278.77081,389.88803,8.56184,-2.38657,0.00248,1.22542,-3.1597,136.42104,1.22542,-3.1597,42.70019,42.83446,42.8344626,1,80139.009,-243823.893,-139.009,323823.893,False,False,0.83491
220.96,TGO,THRUST,80092.8,1.2773674,-0.0167752,199.119,-14.58185,42.24771,1894.85278,2278.77419,383.92141,8.42255,-2.35344,0.00245,1.33073,-3.22517,134.3319,1.33073,-3.22517,42.77442,42.91647,42.9164741,1,80139.128,-240387.271,-139.128,320387.271,False,False,0.80704
221.1,TGO,THRUST,80090.728,1.2599109,-0.0162799,193.24,-14.80991,41.8018,1900.83336,2278.77763,377.94428,8.28328,-2.32015,0.00242,1.43409,-3.29024,132.23914,1.43409,-3.29024,42.84874,42.9988,42.9988003,1,80139.164,-236910.749,-139.164,316910.749,False,False,0.77836
221.26,TGO,THRUST,80088.326,1.2397257,-0.0157203,186.597,-15.04355,41.28019,1907.68121,2278.78163,371.10041,8.12413,-2.2819,0.00238,1.54971,-3.3641,129.84298,1.54971,-3.3641,42.9338,43.09327,43.0932749,1,80139.097,-232887.915,-139.097,312887.915,False,False,0.74475
221.4,TGO,THRUST,80086.197,1.2218616,-0.0152366,180.855,-15.22438,40.8133,1913.68437,2278.78517,365.1008,7.98491,-2.24825,0.00235,1.64852,-3.42827,127.74247,1.64852,-3.42827,43.00838,43.17628,43.1762814,1,80138.939,-229323.756,-138.939,309323.756,False,False,0.71497
221.54,TGO,THRUST,80084.047,1.2038153,-0.0147584,175.178,-15.3836,40.3368,1919.69804,2278.78875,359.09071,7.84571,-2.21444,0.00231,1.74515,-3.49206,125.63835,1.74515,-3.49206,43.0831,43.25961,43.2596083,1,80138.685,-225717.662,-138.685,305717.662,False,False,0.6847
221.68,TGO,THRUST,80081.877,1.1855915,-0.0142859,169.57,-15.52141,39.85075,1925.72223,2278.79237,353.07014,7.70653,-2.18047,0.00227,1.83954,-3.55547,123.53063,1.83954,-3.55547,43.158,43.34326,43.3432575,1,80138.332,-222068.952,-138.332,302068.952,False,False,0.65388
221.84,TGO,THRUST,80079.378,1.1645523,-0.013753,163.244,-15.65295,39.28369,1932.61988,2278.79654,346.17666,7.5475,-2.14144,0.00222,1.94456,-3.6275,121.11738,1.94456,-3.6275,43.24383,43.43925,43.4392535,1,80137.804,-217845.92,-137.804,297845.92,False,False,0.61809
221.98,TGO,THRUST,80077.177,1.1459606,-0.0132931,157.784,-15.74543,38.77742,1938.66656,2278.80022,340.13365,7.40838,-2.10711,0.00218,2.03379,-3.69011,119.00192,2.03379,-3.69011,43.31917,43.5236,43.5235995,1,80137.229,-214103.53,-137.229,294103.53,False,False,0.58661
222.12,TGO,THRUST,80074.967,1.1272051,-0.0128392,152.396,-15.81725,38.26186,1944.72375,2278.80391,334.08016,7.26929,-2.07261,0.00214,2.12055,-3.75238,116.88285,2.12055,-3.75238,43.39475,43.60827,43.6082737,1,80136.547,-210316.273,-136.547,290316.273,False,False,0.5548
222.26,TGO,THRUST,80072.75,1.1082899,-0.0123914,147.08,-15.8687,37.73711,1950.79145,2278.80762,328.01616,7.13023,-2.03794,0.00209,2.2048,-3.81433,114.76016,2.2048,-3.81433,43.47059,43.69328,43.693278,1,80135.757,-206483.395,-135.757,286483.395,False,False,0.5226
222.42,TGO,THRUST,80070.212,1.0864814,-0.0118873,141.097,-15.90285,37.1262,1957.73885,2278.81187,321.07302,6.97133,-1.99812,0.00204,2.29788,-3.88472,112.3298,2.29788,-3.88472,43.55761,43.79083,43.7908325,1,80134.721,-202046.112,-134.721,282046.112,False,False,0.48553
222.56,TGO,THRUST,80067.981,1.0672344,-0.0114531,135.942,-15.91131,36.58189,1963.82909,2278.8156,314.98651,6.83233,-1.96309,0.00199,2.37667,-3.94593,110.19935,2.37667,-3.94593,43.63408,43.87655,43.8765507,1,80133.691,-198112.864,-133.691,278112.864,False,False,0.45353
222.7,TGO,THRUST,80065.761,1.0478392,-0.0110253,130.864,-15.90032,36.02858,1969.92988,2278.81933,308.88944,6.69336,-1.92789,0.00194,2.45311,-4.00684,108.06527,2.45311,-4.00684,43.71085,43.96261,43.9626051,1,80132.548,-194131.502,-132.548,274131.502,False,False,0.42188
222.84,TGO,THRUST,80063.545,1.0282997,-0.0106042,125.865,-15.87018,35.46636,1976.04124,2278.82304,302.78181,6.55442,-1.89252,0.00189,2.52606,-4.06744,105.92754,2.52606,-4.06744,43.788,44.049,44.0489978,1,80131.299,-190101.189,-131.299,270101.189,False,False,0.38928
223,TGO,THRUST,80061.021,1.0057964,-0.010131,120.248,-15.81263,34.81298,1983.0386,2278.82728,295.78868,6.39567,-1.85189,0.00183,2.60587,-4.13632,103.47995,2.60587,-4.13632,43.87664,44.14815,44.148149,1,80129.735,-185434.079,-129.735,265434.079,False,False,0.35202
223.14,TGO,THRUST,80058.823,0.9859574,-0.0097243,115.42,-15.74236,34.2318,1989.17265,2278.83097,289.65832,6.2568,-1.81615,0.00178,2.67243,-4.19625,101.33438,2.67243,-4.19625,43.95462,44.23527,44.2352731,1,80128.247,-181295.968,-128.247,261295.968,False,False,0.3197
223.28,TGO,THRUST,80056.638,0.9659849,-0.0093245,110.675,-15.65398,33.64191,1995.31735,2278.83465,283.51729,6.11796,-1.78024,0.00173,2.73593,-4.25589,99.18514,2.73593,-4.25589,44.03303,44.32274,44.3227419,1,80126.649,-177106.135,-126.649,257106.135,False,False,0.28773
223.42,TGO,THRUST,80054.468,0.9458827,-0.0089317,106.012,-15.54786,33.04338,2001.47274,2278.8383,277.36556,5.97915,-1.74415,0.00167,2.79631,-4.31525,97.0322,2.79631,-4.31525,44.11187,44.41056,44.4105572,1,80124.942,-172863.649,-124.942,252863.649,False,False,0.2563
223.58,TGO,THRUST,80052.01,0.9227529,-0.0084915,100.787,-15.40531,32.3488,2008.5206,2278.84244,270.32184,5.82055,-1.70269,0.00161,2.86136,-4.38274,94.56716,2.86136,-4.38274,44.20253,44.51134,44.5113446,1,80122.861,-167949.395,-122.861,247949.395,False,False,0.22147
223.72,TGO,THRUST,80049.88,0.9023802,-0.0081141,96.307,-15.26232,31.73185,2014.69899,2278.84602,264.14704,5.68181,-1.66623,0.00156,2.91468,-4.44145,92.40626,2.91468,-4.44145,44.28239,44.59991,44.5999096,1,80120.927,-163590.843,-120.927,243590.843,False,False,0.19268
223.86,TGO,THRUST,80047.773,0.881887,-0.007744,91.915,-15.1028,31.10643,2020.8882,2278.84958,257.96138,5.54311,-1.62959,0.0015,2.9646,-4.49988,90.24162,2.9646,-4.49988,44.36275,44.68883,44.6888277,1,80118.89,-159176.549,-118.89,239176.549,False,False,0.16642
224,TGO,THRUST,80045.691,0.8612766,-0.0073814,87.61,-14.92716,30.47259,2027.08826,2278.85309,251.76483,5.40443,-1.59277,0.00145,3.01107,-4.55802,88.07321,3.01107,-4.55802,44.44363,44.7781,44.7781011,1,80116.754,-154705.476,-116.754,234705.476,False,False,0.14412
224.16,TGO,THRUST,80043.344,0.8375818,-0.0069762,82.8,-14.70724,29.73798,2034.18742,2278.85705,244.66963,5.24599,-1.55047,0.00138,3.05982,-4.62412,85.59039,3.05982,-4.62412,44.53673,44.88057,44.8805656,1,80114.194,-149524.782,-114.194,229524.782,False,False,0.1264
224.3,TGO,THRUST,80041.322,0.8167283,-0.0066298,78.689,-14.49847,29.08625,2040.41094,2278.86047,238.44953,5.10738,-1.51326,0.00133,3.09853,-4.68161,83.41384,3.09853,-4.68161,44.6188,44.97061,44.9706074,1,80111.853,-144928.414,-111.853,224928.414,False,False,0.12064
224.44,TGO,THRUST,80039.332,0.7957666,-0.0062911,74.669,-14.27495,28.42628,2046.6455,2278.86383,232.21834,4.96881,-1.47587,0.00127,3.1335,-4.7388,81.23347,3.1335,-4.7388,44.70145,45.06101,45.0610113,1,80109.423,-140271.816,-109.423,220271.816,False,False,-0.12563
224.58,TGO,THRUST,80037.375,0.7746999,-0.0059603,70.742,-14.03714,27.75814,2052.89116,2278.86715,225.97599,4.83027,-1.43831,0.00122,3.16463,-4.79569,79.04923,3.16463,-4.79569,44.7847,45.15178,45.1517794,1,80106.908,-135553.826,-106.908,215553.826,False,False,-0.14049
224.74,TGO,THRUST,80035.182,0.7504975,-0.005592,66.37,-13.74839,26.98458,2060.04273,2278.87086,218.82813,4.67197,-1.39514,0.00115,3.19532,-4.8603,76.5482,3.19532,-4.8603,44.88061,45.25596,45.2559632,1,80103.934,-130085.134,-103.934,210085.134,False,False,-0.16631
224.88,TGO,THRUST,80033.303,0.7292118,-0.0052783,62.647,-13.48139,26.29899,2066.3124,2278.87404,212.56164,4.53349,-1.35718,0.0011,3.21774,-4.91642,74.35562,3.21774,-4.91642,44.96524,45.34752,45.3475192,1,80101.248,-125231.542,-101.248,205231.542,False,False,-0.19376
225.02,TGO,THRUST,80031.463,0.7078289,-0.0049727,59.021,-13.20156,25.60537,2072.59339,2278.87716,206.28378,4.39505,-1.31903,0.00105,3.23594,-4.97216,72.15909,3.23594,-4.97216,45.05052,45.43945,45.4394464,1,80098.491,-120312.699,-98.491,200312.699,False,False,-0.22395
225.16,TGO,THRUST,80029.665,0.6863513,-0.0046754,55.492,-12.90953,24.90377,2078.88578,2278.88022,199.99444,4.25663,-1.28069,0.00099,3.24991,-5.0275,69.95859,3.24991,-5.0275,45.13649,45.53175,45.531747,1,80095.668,-115327.297,-95.668,195327.297,False,False,-0.25591
225.32,TGO,THRUST,80027.661,0.6616927,-0.0043459,51.58,-12.56157,24.09223,2086.09117,2278.88362,192.79245,4.09847,-1.23664,0.00093,3.26063,-5.09019,67.43883,3.26063,-5.09019,45.23558,45.63769,45.6376937,1,80092.369,-109546.471,-92.369,189546.471,False,False,-0.29381
225.46,TGO,THRUST,80025.956,0.6400194,-0.0040665,48.264,-12.24527,23.37363,2092.40829,2278.88652,186.47823,3.96012,-1.1979,0.00088,3.34637,-5.27547,65.22971,3.34637,-5.27547,45.30207,45.7308,45.7308023,1,80089.426,-104413.886,-89.426,184413.886,False,False,-0.1978
225.6,TGO,THRUST,80024.296,0.6182623,-0.0037957,45.05,-11.91863,22.64732,2098.73711,2278.88935,180.15224,3.82178,-1.15897,0.00083,3.61308,-5.75451,63.0165,3.61308,-5.75451,45.31773,45.82429,45.8242916,1,80086.436,-99210.383,-86.436,179210.383,False,False,0.57102
225.74,TGO,THRUST,80022.683,0.5964525,-0.0035335,41.938,-11.5834,21.9144,2105.07794,2278.89209,173.81415,3.68347,-1.11984,0.00078,3.85363,-6.18859,60.7991,3.85363,-6.18859,45.33573,45.91816,45.918164,1,80083.419,-93934.319,-83.419,173934.319,False,False,1.08544
225.9,TGO,THRUST,80020.899,0.5715124,-0.0032444,38.507,-11.19265,21.07047,2112.3398,2278.89514,166.55534,3.52542,-1.07488,0.00072,4.09878,-6.63107,58.2596,4.09878,-6.63107,45.36093,46.02592,46.0259187,1,80079.969,-87813.42,-79.969,167813.42,False,False,1.56169
226.04,TGO,THRUST,80019.392,0.5495924,-0.0030009,35.617,-10.84055,20.32337,2118.70663,2278.89771,160.19108,3.38715,-1.03533,0.00067,4.28319,-6.96779,56.0331,4.28319,-6.96779,45.3896,46.12062,46.1206198,1,80076.911,-82376.759,-76.911,162376.759,False,False,1.84837
226.18,TGO,THRUST,80017.937,0.5274384,-0.0027663,32.832,-10.47288,19.56282,2125.08426,2278.9002,153.81594,3.24894,-0.99559,0.00062,4.43269,-7.25146,53.80286,4.43269,-7.25146,45.42752,46.21571,46.2157114,1,80073.753,-76863.97,-73.753,156863.97,False,False,1.99337
226.32,TGO,THRUST,80016.538,0.5048621,-0.0025408,30.155,-10.08314,18.78172,2131.47127,2278.9026,147.43132,3.1108,-0.95567,0.00057,4.5398,-7.47406,51.56936,4.5398,-7.47406,45.47808,46.3112,46.3111959,1,80070.429,-71274.761,-70.429,151274.761,False,False,1.98563
226.48,TGO,THRUST,80015.012,0.4782829,-0.0022946,27.233,-9.60395,17.85392,2138.78033,2278.90522,140.12489,2.95306,-0.90984,0.00052,4.60191,-7.64203,49.01351,4.60191,-7.64203,45.5556,46.42081,46.4208054,1,80066.354,-64793.278,-66.354,144793.278,False,False,1.78691
226.62,TGO,THRUST,80013.745,0.4541309,-0.0020897,24.801,-9.15145,17.00306,2145.18258,2278.90741,133.72483,2.8152,-0.86957,0.00048,4.59821,-7.70313,46.77482,4.59821,-7.70313,45.64387,46.51714,46.5171402,1,80062.515,-59039.634,-62.515,139039.634,False,False,1.45509
226.76,TGO,THRUST,80012.546,0.4289884,-0.0018951,22.492,-8.66714,16.10966,2151.59001,2278.90948,127.31947,2.6775,-0.82914,0.00043,4.5379,-7.67575,44.53439,4.5379,-7.67575,44.53439,46.61388,45.4182989,0.97435148,80058.418,-53208.642,-58.418,133208.642,False,False,1.26959
226.9,TGO,THRUST,80011.418,0.4030523,-0.0017113,20.31,-8.15957,15.18028,2157.93139,2278.91144,120.98005,2.54152,-0.78901,0.00039,4.4285,-7.56427,42.31712,4.4285,-7.56427,42.31712,46.70923,43.2153768,0.92519989,80054.138,-47364.895,-54.138,127364.895,False,False,1.25318
227.06,TGO,THRUST,80010.215,0.373331,-0.0015148,17.979,-7.57807,14.10624,2164.89614,2278.91353,114.0174,2.39251,-0.7448,0.00034,4.27111,-7.36462,39.88196,4.27111,-7.36462,39.88196,46.81375,40.7805243,0.87112278,80049.249,-40861.705,-49.249,120861.705,False,False,1.16243
227.2,TGO,THRUST,80009.236,0.347634,-0.0013548,16.079,-7.08049,13.1704,2170.6879,2278.91524,108.22733,2.26885,-0.70792,0.0003,4.11827,-7.14108,37.85697,4.11827,-7.14108,37.85697,46.90059,38.7440964,0.82608973,80045.086,-35384.771,-45.086,115384.771,False,False,1.02759
227.34,TGO,THRUST,80008.324,0.3225288,-0.0012057,14.309,-6.60109,12.25006,2176.16055,2278.91683,102.75628,2.15221,-0.67299,0.00027,3.96009,-6.88439,35.94357,3.96009,-6.88439,35.94357,46.98306,36.8105655,0.78348586,80041.101,-30151.048,-41.101,110151.048,False,False,0.84694
227.48,TGO,THRUST,80007.477,0.2979539,-0.0010673,12.667,-6.13743,11.34367,2181.3531,2278.91831,97.56522,2.04173,-0.63976,0.00023,3.79473,-6.59375,34.12814,3.79473,-6.59375,34.12814,47.06155,34.9658017,0.74298022,80037.281,-25131.704,-37.281,105131.704,False,False,0.61488
227.64,TGO,THRUST,80006.585,0.2705728,-0.0009221,10.944,-5.62617,10.3277,2186.96218,2278.91987,91.95769,1.92259,-0.60377,0.0002,3.59723,-6.22387,32.1671,3.59723,-6.22387,32.1671,47.14675,32.9605644,0.6991058,80033.122,-19650.23,-33.122,99650.23,False,False,0.28561
227.78,TGO,THRUST,80005.869,0.2471807,-0.0008062,9.569,-5.19224,9.45492,2191.62061,2278.92113,87.30052,1.82381,-0.57381,0.00017,3.41465,-5.86686,30.53845,3.41465,-5.86686,30.53845,47.21742,31.2838084,0.66254797,80029.649,-15050.072,-29.649,95050.072,False,False,-0.06788
227.92,TGO,THRUST,80005.21,0.2245745,-0.0007005,8.313,-4.77503,8.60744,2196.01826,2278.92229,82.90403,1.7307,-0.54546,0.00015,3.22819,-5.49013,29.00099,3.22819,-5.49013,29.00099,47.28445,29.6920891,0.62794611,80026.366,-10667.122,-26.366,90667.122,False,False,-0.45945
228.06,TGO,THRUST,80004.608,0.2027064,-0.0006045,7.175,-4.37227,7.78403,2200.18729,2278.92335,78.73606,1.64255,-0.51854,0.00013,3.0362,-5.09369,27.54347,3.0362,-5.09369,27.54347,47.34816,28.1745822,0.5950512,80023.264,-6475.365,-23.264,86475.365,False,False,-0.8994
228.22,TGO,THRUST,80003.986,0.1786881,-0.0005065,6.012,-3.92996,6.87574,2204.68718,2278.92445,74.23727,1.54753,-0.48941,0.0001,2.81125,-4.6215,25.9703,2.81125,-4.6215,25.9703,47.41722,26.5276839,0.55945255,80019.951,-1910.378,-19.951,81910.378,False,False,-1.45182
228.36,TGO,THRUST,80003.496,0.158504,-0.0004306,5.111,-3.55737,6.10941,2208.4224,2278.92532,70.50292,1.46877,-0.46519,9E-05,2.60889,-4.19288,24.66447,2.60889,-4.19288,24.66447,47.47442,25.1539778,0.52984271,80017.255,1911.282,-17.255,78088.718,False,False,-1.97759
228.5,TGO,THRUST,80003.051,0.1393304,-0.0003635,4.315,-3.20259,5.37895,2211.94708,2278.92611,66.97903,1.39453,-0.4423,7E-05,2.40679,-3.76101,23.43224,2.40679,-3.76101,23.43224,47.52861,23.853884,0.50188472,80014.78,5544.807,-14.78,74455.193,False,False,-2.52244
228.64,TGO,THRUST,80002.654,0.121135,-0.0003048,3.618,-2.86435,4.68356,2215.28832,2278.92682,63.6385,1.32424,-0.42056,6E-05,2.20731,-3.32691,22.26414,2.20731,-3.32691,22.26414,47.58005,22.6192991,0.4753946,80012.512,9013.926,-12.512,70986.074,False,False,-3.08009
228.8,TGO,THRUST,80002.258,0.1016086,-0.0002474,2.937,-2.49898,3.93499,2218.89579,2278.92753,60.03175,1.24843,-0.39705,5E-05,1.97773,-2.83375,21.00296,1.97773,-2.83375,21.00296,47.63575,21.2853424,0.44683543,80010.198,12786.767,-10.198,67213.233,False,False,-3.72516
228.94,TGO,THRUST,80001.955,0.0856279,-0.0002052,2.436,-2.19722,3.32059,2221.8925,2278.92808,57.03559,1.18553,-0.37749,4E-05,1.77857,-2.40721,19.95528,1.77857,-2.40721,19.95528,47.68186,20.1784783,0.42318984,80008.404,15942.609,-8.404,64057.391,False,False,-4.28906
229.08,TGO,THRUST,80001.691,0.0708576,-0.00017,2.017,-1.91551,2.7513,2224.72313,2278.92856,54.20543,1.12617,-0.35899,3E-05,1.58551,-1.99492,18.96563,1.58551,-1.99492,18.96563,47.72551,19.136061,0.40096087,80006.835,18941.842,-6.835,61058.158,False,False,-4.82632
229.22,TGO,THRUST,80001.463,0.0572635,-0.0001411,1.675,-1.65267,2.22615,2227.41013,2278.92898,51.51884,1.06988,-0.34141,2E-05,1.39822,-1.5982,18.02618,1.39822,-1.5982,18.02618,47.76693,18.1508262,0.37998726,80005.479,21805.46,-5.479,58194.54,False,False,-5.33025
229.38,TGO,THRUST,80001.242,0.043208,-0.0001153,1.368,-1.37588,1.68193,2230.31655,2278.92938,48.61283,1.00904,-0.32236,2E-05,1.193,-1.16882,17.00998,1.193,-1.16882,17.00998,47.81179,17.0917746,0.35748032,80004.177,24921.215,-4.177,55078.785,False,False,-5.84911
229.52,TGO,THRUST,80001.082,0.0321914,-9.84E-05,1.168,-1.15383,1.25445,2232.7359,2278.92968,46.19377,0.95845,-0.30648,1E-05,1.02159,-0.81654,16.16403,1.02159,-0.81654,16.16403,47.84893,16.2168533,0.33891777,80003.238,27529.436,-3.238,52470.564,False,False,-6.24615
229.66,TGO,THRUST,80000.948,0.0224686,-8.62E-05,1.023,-0.95242,0.87646,2235.02622,2278.92993,43.90371,0.91059,-0.29144,1E-05,0.86086,-0.49282,15.36317,0.86086,-0.49282,15.36317,47.88412,15.395158,0.32150865,80002.478,30010.848,-2.478,49989.152,False,False,-6.56477
229.8,TGO,THRUST,80000.839,0.0139946,-7.81E-05,0.927,-0.77025,0.54643,2237.2051,2278.93013,41.72503,0.86509,-0.27711,1E-05,0.71033,-0.19866,14.60123,0.71033,-0.19866,14.60123,47.91754,14.6198448,0.30510427,80001.874,32382.707,-1.874,47617.293,False,False,-6.8005
229.96,TGO,THRUST,80000.742,0.005825,-7.33E-05,0.87,-0.5857,0.22767,2239.5672,2278.93032,39.36312,0.81581,-0.26156,1E-05,0.5521,0.09841,13.77516,0.5521,0.09841,13.77516,47.95376,13.7865737,0.28749723,80001.354,34966.385,-1.354,45033.615,False,False,-6.95791
230.1,TGO,THRUST,80000.676,8.44E-05,-7.22E-05,0.857,-0.44445,-0.00172,2241.53709,2278.93045,37.39335,0.77474,-0.24858,1E-05,0.42625,0.32296,13.08621,0.42625,0.32296,13.08621,47.98379,13.0971309,0.27294906,80001.025,37130.97,-1.025,42869.03,False,False,-6.99672
230.24,TGO,THRUST,80000.627,0.0047252,-7.35E-05,0.872,-0.32249,-0.18499,2243.40481,2278.93054,35.52573,0.73582,-0.23626,1E-05,0.31369,0.51204,12.43294,0.31369,0.51204,12.43294,48.01227,12.4474353,0.25925529,80000.796,39191.636,-0.796,40808.364,False,False,-6.92739
230.38,TGO,THRUST,80000.593,0.0083008,-7.67E-05,0.91,-0.21787,-0.32526,2245.18324,2278.93061,33.74738,0.69879,-0.22452,1E-05,0.21331,0.66642,11.81086,0.21331,0.66642,11.81086,48.03935,11.8315724,0.24628918,80000.645,41161.392,-0.645,38838.608,False,False,-6.75371
230.54,TGO,THRUST,80000.567,0.0111188,-8.19E-05,0.972,-0.11889,-0.43606,2247.11176,2278.93067,31.81891,0.65865,-0.21178,1E-05,0.11395,0.80074,11.13623,0.11395,0.80074,11.13623,48.06873,11.1655595,0.23228322,80000.548,43305.814,-0.548,36694.186,False,False,-6.42504
230.68,TGO,THRUST,80000.554,0.0125647,-8.75E-05,1.039,-0.04877,-0.49312,2248.71918,2278.9307,30.21152,0.62522,-0.20116,1E-05,0.03975,0.88257,10.57387,0.03975,0.88257,10.57387,48.0931,10.6107129,0.2206286,80000.51,45099.93,-0.51,34900.07,False,False,-6.02767
230.82,TGO,THRUST,80000.549,0.0131385,-9.35E-05,1.11,0.00657,-0.51599,2250.2418,2278.93071,28.68891,0.59357,-0.19108,1E-05,-0.02228,0.93215,10.04114,-0.02228,0.93215,10.04114,48.11622,10.0843398,0.20958297,80000.502,46805.069,-0.502,33194.931,False,False,-5.5262
230.96,TGO,THRUST,80000.55,0.0129335,-9.96E-05,1.182,0.04841,-0.50827,2251.68944,2278.93072,27.24127,0.56349,-0.1815,1E-05,-0.07278,0.9514,9.53461,-0.07278,0.9514,9.53461,48.1382,9.5822326,0.19905671,80000.513,48431.392,-0.513,31568.608,False,False,-4.93008
231.12,TGO,THRUST,80000.555,0.0118658,-0.0001061,1.26,0.08087,-0.46662,2253.25593,2278.93071,25.67478,0.53095,-0.17112,1E-05,-0.11673,0.93901,8.98644,-0.11673,0.93901,8.98644,48.16205,9.0361223,0.18761916,80000.537,50196.91,-0.537,29803.09,False,False,-4.14894
231.26,TGO,THRUST,80000.562,0.010305,-0.0001113,1.32,0.09702,-0.40547,2254.55841,2278.9307,24.3723,0.50391,-0.16249,1E-05,-0.14376,0.9006,8.53063,-0.14376,0.9006,8.53063,48.18181,8.5792379,0.1780597,80000.56,51669.396,-0.56,28330.604,False,False,-3.40181
231.4,TGO,THRUST,80000.57,0.00828,-0.0001155,1.371,0.10309,-0.32596,2255.78908,2278.93069,23.14162,0.47837,-0.15432,2E-05,-0.16087,0.84005,8.09991,-0.16087,0.84005,8.09991,48.20054,8.144941,0.1689803,80000.58,53064.493,-0.58,26935.507,False,False,-2.63611
231.54,TGO,THRUST,80000.578,0.0058856,-0.0001187,1.409,0.10058,-0.23179,2256.95627,2278.93068,21.97441,0.45416,-0.14658,2E-05,-0.16917,0.76022,7.69138,-0.16917,0.76022,7.69138,48.21833,7.7307068,0.16032715,80000.594,54391.049,-0.594,25608.951,False,False,-1.9454
231.7,TGO,THRUST,80000.586,0.002823,-0.000121,1.436,0.08879,-0.11116,2258.21626,2278.93066,20.7144,0.42803,-0.13821,2E-05,-0.16897,0.64946,7.25033,-0.16897,0.64946,7.25033,48.2376,7.2813262,0.15094712,80000.604,55826.826,-0.604,24173.174,False,False,-1.55399
231.84,TGO,THRUST,80000.591,0.0001311,-0.0001215,1.442,0.07202,0.00195,2259.26199,2278.93065,19.66866,0.40636,-0.13126,2E-05,-0.16138,0.5388,6.88427,-0.16138,0.5388,6.88427,48.25355,6.9072095,0.14314407,80000.606,57021.406,-0.606,22978.594,False,False,-1.86453
231.98,TGO,THRUST,80000.593,0.0029843,-0.0001207,1.432,0.05053,0.11763,2260.24881,2278.93065,18.68184,0.38591,-0.12471,2E-05,-0.14788,0.41953,6.53881,-0.14788,0.41953,6.53881,48.26866,6.5539244,0.13578013,80000.605,58151.166,-0.605,21848.834,False,False,-2.59982
232.12,TGO,THRUST,80000.593,0.0059087,-0.0001185,1.407,0.02545,0.23314,2261.18429,2278.93064,17.74635,0.36653,-0.11849,2E-05,-0.12946,0.29436,6.21131,-0.12946,0.29436,6.21131,48.28299,6.2196257,0.12881608,80000.603,59224.373,-0.603,20775.627,False,False,-3.49621
232.28,TGO,THRUST,80000.588,0.0091481,-0.0001144,1.358,-0.00627,0.36116,2262.19456,2278.93065,16.73608,0.34561,-0.11177,2E-05,-0.10355,0.14799,5.85761,-0.10355,0.14799,5.85761,48.29851,5.8603927,0.12133691,80000.602,60385.8,-0.602,19614.2,False,False,-4.56797
232.42,TGO,THRUST,80000.581,0.0118229,-0.0001094,1.299,-0.03564,0.46695,2263.03416,2278.93066,15.8965,0.32822,-0.10618,1E-05,-0.07766,0.02002,5.56366,-0.07766,0.02002,5.56366,48.31137,5.5642341,0.11517442,80000.605,61352.932,-0.605,18647.068,False,False,5.48848
232.56,TGO,THRUST,80000.57,0.0142738,-0.0001032,1.225,-0.06555,0.56396,2263.82809,2278.93067,15.10259,0.31179,-0.10089,1E-05,-0.04967,-0.10447,5.28569,-0.04967,-0.10447,5.28569,48.32354,5.2869524,0.10940738,80000.613,62269.058,-0.613,17730.942,False,False,6.34735
232.7,TGO,THRUST,80000.555,0.0164631,-9.6E-05,1.139,-0.09527,0.65068,2264.58275,2278.93069,14.34795,0.29618,-0.09587,1E-05,-0.02035,-0.22346,5.02146,-0.02035,-0.22346,5.02146,48.33512,5.0264751,0.1039922,80000.627,63141.308,-0.627,16858.692,False,False,7.11949
232.86,TGO,THRUST,80000.535,0.0185904,-8.66E-05,1.027,-0.12808,0.73503,2265.40052,2278.93072,13.5302,0.27926,-0.09042,1E-05,0.01377,-0.34978,4.73514,0.01377,-0.34978,4.73514,48.34767,4.7480666,0.09820673,80000.653,64088.087,-0.653,15911.913,False,False,7.86342
233,TGO,THRUST,80000.515,0.0200856,-7.75E-05,0.92,-0.15503,0.79439,2266.08251,2278.93076,12.84825,0.26516,-0.08587,1E-05,0.04332,-0.44958,4.49637,0.04332,-0.44958,4.49637,48.35809,4.518999,0.09344867,80000.682,64878.913,-0.682,15121.087,False,False,8.36949
233.14,TGO,THRUST,80000.492,0.0212105,-6.78E-05,0.805,-0.17985,0.83912,2266.72965,2278.93079,12.20114,0.25178,-0.08156,1E-05,0.07199,-0.53743,4.2698,0.07199,-0.53743,4.2698,48.36798,4.3040918,0.08898639,80000.717,65630.39,-0.717,14369.61,False,False,8.71299
233.28,TGO,THRUST,80000.466,0.0219518,-5.77E-05,0.685,-0.20214,0.86869,2267.34656,2278.93083,11.58428,0.23902,-0.07745,1E-05,0.09923,-0.61201,4.05382,0.09923,-0.61201,4.05382,48.3774,4.1009608,0.08477018,80000.755,66347.708,-0.755,13652.292,False,False,8.88156
233.44,TGO,THRUST,80000.435,0.0223158,-4.58E-05,0.544,-0.22397,0.88336,2268.01651,2278.93088,10.91437,0.22518,-0.07298,1E-05,0.12789,-0.67939,3.81928,0.12789,-0.67939,3.81928,48.38765,3.8813474,0.0802136,80000.801,67127.765,-0.801,12872.235,False,False,8.84558
233.58,TGO,THRUST,80000.406,0.0222076,-3.54E-05,0.42,-0.2394,0.87929,2268.5756,2278.93093,10.35533,0.21362,-0.06925,0,0.15015,-0.72165,3.62357,0.15015,-0.72165,3.62357,48.39616,3.6977774,0.07640642,80000.838,67779.585,-0.838,12220.415,False,False,8.60795
233.72,TGO,THRUST,80000.376,0.0217223,-2.52E-05,0.299,-0.2514,0.86028,2269.1059,2278.93098,9.82508,0.20267,-0.06571,0,0.16961,-0.74829,3.43794,0.16961,-0.74829,3.43794,48.40426,3.5225183,0.0727729,80000.871,68398.55,-0.871,11601.45,False,False,8.17479
233.86,TGO,THRUST,80000.346,0.0208827,-1.52E-05,0.181,-0.2599,0.82721,2269.61034,2278.93103,9.32068,0.19225,-0.06235,0,0.18604,-0.75944,3.26137,0.18604,-0.75944,3.26137,48.41198,3.3537909,0.06927606,80000.896,68987.996,-0.896,11012.004,False,False,7.55182
234.02,TGO,THRUST,80000.311,0.0195303,-4.5E-06,0.053,-0.26521,0.77382,2270.15605,2278.93109,8.77504,0.18098,-0.0587,0,0.20079,-0.75396,3.07038,0.20079,-0.75396,3.07038,48.42036,3.1679631,0.06542626,80000.911,69626.371,-0.911,10373.629,False,False,6.62361
234.16,TGO,THRUST,80000.28,0.0180296,4.3E-06,-0.051,-0.26591,0.71451,2270.60904,2278.93114,8.32209,0.17162,-0.05568,0,0.20992,-0.73353,2.91185,0.20992,-0.73353,2.91185,48.42732,3.0101443,0.06215798,80000.91,70156.865,-0.91,9843.135,False,False,5.64098
234.3,TGO,THRUST,80000.251,0.016292,1.22E-05,-0.145,-0.26334,0.64577,2271.03609,2278.93119,7.8951,0.16281,-0.05283,0,0.21581,-0.70026,2.76241,0.21581,-0.70026,2.76241,48.43392,2.8579407,0.05900701,80000.895,70657.455,-0.895,9342.545,False,False,4.53737
234.44,TGO,THRUST,80000.222,0.0143588,1.94E-05,-0.23,-0.25786,0.56924,2271.43968,2278.93124,7.49156,0.15447,-0.05013,0,0.21866,-0.65537,2.62118,0.21866,-0.65537,2.62118,48.44019,2.710705,0.05595983,80000.865,71130.987,-0.865,8869.013,False,False,3.38382
234.6,TGO,THRUST,80000.19,0.0119718,2.63E-05,-0.312,-0.24821,0.4747,2271.87323,2278.93129,7.05806,0.14553,-0.04723,0,0.21826,-0.59181,2.46949,0.21826,-0.59181,2.46949,48.44698,2.5487797,0.05260967,80000.814,71640.143,-0.814,8359.857,False,False,2.26181
234.74,TGO,THRUST,80000.164,0.009775,3.13E-05,-0.372,-0.23698,0.38765,2272.23098,2278.93134,6.70036,0.13814,-0.04484,0,0.21476,-0.52707,2.34433,0.21476,-0.52707,2.34433,48.45259,2.41243,0.0497895,80000.754,72060.668,-0.754,7939.332,False,False,2.08741
234.88,TGO,THRUST,80000.139,0.0075446,3.53E-05,-0.419,-0.22377,0.29925,2272.56654,2278.93138,6.36484,0.13122,-0.0426,0,0.20887,-0.45636,2.22695,0.20887,-0.45636,2.22695,48.45789,2.2828008,0.04710896,80000.683,72455.414,-0.683,7544.586,False,False,2.98708
235.02,TGO,THRUST,80000.116,0.0053167,3.82E-05,-0.454,-0.2089,0.2109,2272.8827,2278.93142,6.04872,0.12469,-0.04049,-1E-05,0.20087,-0.38106,2.11636,0.20087,-0.38106,2.11636,48.4629,2.1597482,0.04456498,80000.604,72827.619,-0.604,7172.381,False,False,4.38955
235.18,TGO,THRUST,80000.092,0.0028261,4.03E-05,-0.479,-0.19036,0.11211,2273.22202,2278.93146,5.70945,0.11769,-0.03822,-1E-05,0.18954,-0.29156,1.99767,0.18954,-0.29156,1.99767,48.46832,2.0277132,0.04183585,80000.508,73227.395,-0.508,6772.605,False,False,6.185
235.32,TGO,THRUST,80000.073,0.0007315,4.11E-05,-0.488,-0.17309,0.02898,2273.50261,2278.9315,5.42889,0.1119,-0.03635,-1E-05,0.17798,-0.21179,1.89953,0.17798,-0.21179,1.89953,48.47278,1.9195713,0.03960101,80000.421,73558.22,-0.421,6441.78,False,False,7.79628
235.46,TGO,THRUST,80000.056,0.00124,4.09E-05,-0.485,-0.1554,-0.04918,2273.76687,2278.93153,5.16466,0.10645,-0.03458,-1E-05,0.16542,-0.13277,1.80711,0.16542,-0.13277,1.80711,48.477,1.8195155,0.03753358,80000.335,73869.989,-0.335,6130.011,False,False,9.36061
235.6,FINE,THRUST,80000.04,0.0030652,3.98E-05,-0.472,-0.13745,-0.12164,2274.01753,2278.93156,4.91403,0.10128,-0.0329,-1E-05,0.05458,0.01765,0.58922,0.05458,0.01765,0.58922,48.48156,0.5920095,0.01221102,80000.253,74165.879,-0.253,5834.121,True,False,14.42112
235.74,FINE,THRUST,80000.024,0.0044751,3.77E-05,-0.447,-0.12317,-0.17762,2274.22605,2278.93158,4.70553,0.09698,-0.03151,-1E-05,0.05101,0.02795,0.56425,0.05101,0.02795,0.56425,48.4836,0.567242,0.01169967,80000.186,74412.147,-0.186,5587.853,True,False,14.42818
235.88,FINE,THRUST,80000.009,0.0049441,3.54E-05,-0.421,-0.12015,-0.19625,2274.30472,2278.93161,4.62689,0.09536,-0.03098,0,0.05009,0.03154,0.55482,0.05009,0.03154,0.55482,48.48484,0.5579736,0.01150821,80000.161,74505.046,-0.161,5494.954,True,False,13.71605
236.02,FINE,THRUST,79999.995,0.0053604,3.3E-05,-0.392,-0.1171,-0.21278,2274.38127,2278.93163,4.55037,0.09378,-0.03047,0,0.04918,0.03478,0.54565,0.04918,0.03478,0.54565,48.48606,0.5489676,0.01132217,80000.137,74595.45,-0.137,5404.55,True,False,12.84488
236.16,FINE,THRUST,79999.98,0.0057243,3.04E-05,-0.361,-0.11394,-0.22723,2274.45692,2278.93166,4.47474,0.09222,-0.02996,0,0.04827,0.03766,0.53659,0.04827,0.03766,0.53659,48.48725,0.5400687,0.01113836,80000.112,74684.819,-0.112,5315.181,True,False,-11.83739
236.3,FINE,THRUST,79999.966,0.0060315,2.76E-05,-0.328,-0.11073,-0.23944,2274.53169,2278.93168,4.39999,0.09068,-0.02946,0,0.04734,0.04015,0.52763,0.04734,0.04015,0.52763,48.48842,0.5312674,0.01095658,80000.088,74773.168,-0.088,5226.832,True,False,-10.71393
236.44,FINE,THRUST,79999.952,0.0062796,2.47E-05,-0.294,-0.1075,-0.24929,2274.60557,2278.93171,4.32614,0.08916,-0.02897,0,0.04643,0.04223,0.51878,0.04643,0.04223,0.51878,48.48958,0.5225597,0.01077674,80000.064,74860.465,-0.064,5139.535,True,False,-9.49716
236.58,FINE,THRUST,79999.937,0.0064676,2.17E-05,-0.258,-0.1043,-0.25676,2274.67849,2278.93173,4.25324,0.08765,-0.02848,0,0.04552,0.0439,0.51004,0.04552,0.0439,0.51004,48.49071,0.5139449,0.01059883,80000.041,74946.656,-0.041,5053.344,True,False,-8.21104
236.72,FINE,THRUST,79999.917,0.0065958,1.87E-05,-0.222,-0.10117,-0.26187,2274.75042,2278.93176,4.18134,0.08617,-0.028,0,0.04464,0.04514,0.50142,0.04464,0.04514,0.50142,48.49183,0.505425,0.01042289,80000.017,75031.675,-0.017,4968.325,True,False,-6.87977
236.86,FINE,THRUST,79999.901,0.0066659,1.56E-05,-0.185,-0.09811,-0.26466,2274.82129,2278.93179,4.1105,0.08471,-0.02753,0,0.0438,0.04598,0.49293,0.0438,0.04598,0.49293,48.49293,0.4970052,0.01024903,79999.989,75115.45,0.011,4884.55,True,False,-5.52818
237,FINE,THRUST,79999.888,0.0066799,1.24E-05,-0.148,-0.09517,-0.26522,2274.89103,2278.93181,4.04079,0.08327,-0.02706,0,0.04296,0.04641,0.48458,0.04296,0.04641,0.48458,48.49401,0.4886853,0.01007723,79999.968,75197.909,0.032,4802.091,True,False,-4.18149
237.14,FINE,THRUST,79999.874,0.0066413,9.3E-06,-0.111,-0.09236,-0.2637,2274.95959,2278.93184,3.97225,0.08186,-0.0266,0,0.04214,0.04647,0.47636,0.04214,0.04647,0.47636,48.49507,0.4804734,0.00990768,79999.948,75278.992,0.052,4721.008,True,False,-2.8633
237.28,FINE,THRUST,79999.861,0.0065542,6.2E-06,-0.074,-0.08968,-0.26025,2275.02693,2278.93186,3.90493,0.08047,-0.02615,0,0.04134,0.04618,0.46829,0.04134,0.04618,0.46829,48.49612,0.4723755,0.00974048,79999.929,75358.649,0.071,4641.351,True,False,-1.59785
237.42,FINE,THRUST,79999.848,0.0064235,3.2E-06,-0.038,-0.08712,-0.25506,2275.09303,2278.93188,3.83885,0.07911,-0.02571,0,0.04058,0.04557,0.46037,0.04058,0.04557,0.46037,48.49714,0.4643967,0.00957575,79999.91,75436.842,0.09,4563.158,True,False,-0.43161
237.56,FINE,THRUST,79999.835,0.0062542,2E-07,-0.003,-0.08468,-0.24835,2275.15787,2278.9319,3.77403,0.07777,-0.02528,0,0.03984,0.04468,0.4526,0.03984,0.04468,0.4526,48.49815,0.4565417,0.00941359,79999.893,75513.557,0.107,4486.443,True,False,-0.75415
237.7,FINE,THRUST,79999.823,0.0060519,-2.6E-06,0.031,-0.08236,-0.24032,2275.22145,2278.93192,3.71047,0.07646,-0.02485,0,0.03912,0.04354,0.44498,0.03912,0.04354,0.44498,48.49915,0.448814,0.00925406,79999.876,75588.796,0.124,4411.204,True,False,-1.74922
237.84,FINE,THRUST,79999.811,0.0058222,-5.4E-06,0.064,-0.08014,-0.23121,2275.2838,2278.93194,3.64815,0.07518,-0.02443,0,0.03842,0.0422,0.43751,0.03842,0.0422,0.43751,48.50012,0.4412159,0.00909721,79999.859,75662.579,0.141,4337.421,True,False,-2.63884
237.98,FINE,THRUST,79999.799,0.0055709,-8.1E-06,0.096,-0.07802,-0.22123,2275.34493,2278.93196,3.58703,0.07392,-0.02402,0,0.03775,0.04068,0.43018,0.03775,0.04068,0.43018,48.50108,0.4337485,0.00894307,79999.843,75734.938,0.157,4265.062,True,False,-3.40354
238.12,FINE,THRUST,79999.788,0.0053034,-1.06E-05,0.126,-0.07599,-0.21062,2275.40489,2278.93198,3.52709,0.07268,-0.02362,0,0.0371,0.03904,0.423,0.0371,0.03904,0.423,48.50202,0.4264114,0.00879162,79999.828,75805.922,0.172,4194.078,True,False,-4.03418
238.26,FINE,THRUST,79999.778,0.0050254,-1.3E-05,0.155,-0.07403,-0.19958,2275.46373,2278.932,3.46827,0.07147,-0.02323,0,0.03646,0.03731,0.41594,0.03646,0.03731,0.41594,48.50295,0.4192035,0.00864284,79999.814,75875.585,0.186,4124.415,True,False,-4.5255
238.4,FINE,THRUST,79999.767,0.0047419,-1.53E-05,0.182,-0.07214,-0.18832,2275.5215,2278.93202,3.41052,0.07028,-0.02284,0,0.03584,0.03553,0.40902,0.03584,0.03553,0.40902,48.50386,0.4121224,0.00849669,79999.799,75943.989,0.201,4056.011,True,False,-4.87528
238.54,FINE,THRUST,79999.757,0.0044578,-1.75E-05,0.207,-0.0703,-0.17705,2275.57825,2278.93204,3.35379,0.06911,-0.02246,0,0.03523,0.03373,0.40222,0.03523,0.03373,0.40222,48.50476,0.4051652,0.0083531,79999.785,76011.197,0.215,3988.803,True,False,-5.08414
238.68,FINE,THRUST,79999.748,0.0041776,-1.95E-05,0.231,-0.06849,-0.16592,2275.63404,2278.93205,3.29802,0.06796,-0.02209,0,0.03463,0.03194,0.39553,0.03463,0.03194,0.39553,48.50564,0.3983285,0.008212,79999.772,76077.27,0.228,3922.73,True,False,-5.15552
238.82,FINE,THRUST,79999.738,0.0039054,-2.14E-05,0.253,-0.06673,-0.15511,2275.68891,2278.93207,3.24316,0.06683,-0.02172,0,0.03404,0.0302,0.38896,0.03404,0.0302,0.38896,48.50651,0.3916088,0.00807333,79999.759,76142.266,0.241,3857.734,True,False,-5.0953
238.96,FINE,THRUST,79999.729,0.0036447,-2.31E-05,0.274,-0.06499,-0.14476,2275.7429,2278.93208,3.18918,0.06571,-0.02136,0,0.03346,0.02852,0.38248,0.03346,0.02852,0.38248,48.50736,0.3850026,0.00793699,79999.746,76206.238,0.254,3793.762,True,False,-4.9118
239.1,FINE,THRUST,79999.721,0.0033986,-2.48E-05,0.294,-0.06327,-0.13499,2275.79607,2278.9321,3.13603,0.06462,-0.02101,0,0.03288,0.02694,0.37611,0.03288,0.02694,0.37611,48.5082,0.3785066,0.00780294,79999.734,76269.228,0.266,3730.772,True,False,-4.61535
239.24,FINE,THRUST,79999.712,0.0031696,-2.63E-05,0.312,-0.06156,-0.12589,2275.84842,2278.93211,3.08369,0.06354,-0.02066,0,0.03231,0.02546,0.36984,0.03231,0.02546,0.36984,48.50902,0.3721179,0.00767111,79999.721,76331.272,0.279,3668.728,True,False,-4.21817
239.38,FINE,THRUST,79999.704,0.0029597,-2.77E-05,0.329,-0.05987,-0.11756,2275.9,2278.93213,3.03213,0.06248,-0.02031,0,0.03175,0.02412,0.36365,0.03175,0.02412,0.36365,48.50983,0.365834,0.00754144,79999.709,76392.397,0.291,3607.603,True,False,-3.73393
239.52,FINE,THRUST,79999.696,0.0027704,-2.9E-05,0.345,-0.05819,-0.11004,2275.95081,2278.93214,2.98133,0.06143,-0.01997,0,0.03119,0.02291,0.35756,0.03119,0.02291,0.35756,48.51062,0.359653,0.0074139,79999.698,76452.621,0.302,3547.379,True,False,-3.17751
239.66,FINE,THRUST,79999.689,0.0026026,-3.03E-05,0.36,-0.05652,-0.10338,2276.00086,2278.93215,2.93129,0.0604,-0.01964,0,0.03064,0.02184,0.35157,0.03064,0.02184,0.35157,48.51141,0.3535733,0.00728846,79999.686,76511.956,0.314,3488.044,True,False,-2.56467
239.8,FINE,THRUST,79999.681,0.0024568,-3.15E-05,0.374,-0.05486,-0.09759,2276.05017,2278.93216,2.882,0.05938,-0.01931,0,0.03009,0.02092,0.34566,0.03009,0.02092,0.34566,48.51218,0.347594,0.00716509,79999.675,76570.408,0.325,3429.592,True,False,-1.91198
239.94,FINE,THRUST,79999.674,0.0023328,-3.26E-05,0.387,-0.05321,-0.09266,2276.09872,2278.93218,2.83346,0.05838,-0.01898,0,0.02955,0.02016,0.33984,0.02955,0.02016,0.33984,48.51293,0.3417142,0.00704378,79999.664,76627.977,0.336,3372.023,True,False,-1.2368
240.08,FINE,THRUST,79999.667,0.0022301,-3.37E-05,0.399,-0.05158,-0.08858,2276.14652,2278.93219,2.78566,0.0574,-0.01866,0,0.02902,0.01954,0.33411,0.02902,0.01954,0.33411,48.51367,0.3359334,0.00692451,79999.654,76684.664,0.346,3315.336,True,False,-0.55982
240.22,FINE,THRUST,79999.66,0.0021478,-3.47E-05,0.412,-0.04997,-0.08531,2276.19358,2278.9322,2.73862,0.05643,-0.01835,0,0.02849,0.01906,0.32847,0.02849,0.01906,0.32847,48.5144,0.3302511,0.00680728,79999.643,76740.465,0.357,3259.535,True,False,-0.17697
240.36,FINE,THRUST,79999.654,0.0020845,-3.57E-05,0.423,-0.04838,-0.0828,2276.23988,2278.93221,2.69234,0.05547,-0.01804,0,0.02797,0.01871,0.32292,0.02797,0.01871,0.32292,48.51512,0.3246669,0.00669208,79999.633,76795.38,0.367,3204.62,True,False,-0.78992
240.5,FINE,THRUST,79999.64,0.0020384,-3.66E-05,0.435,-0.04681,-0.08097,2276.28543,2278.93223,2.6468,0.05453,-0.01773,0,0.02748,0.01848,0.31746,0.02748,0.01848,0.31746,48.51583,0.3191816,0.00657892,79999.62,76849.408,0.38,3150.592,True,False,-1.39935
240.64,FINE,THRUST,79999.633,0.0020076,-3.76E-05,0.446,-0.04527,-0.07975,2276.33024,2278.93225,2.60201,0.05361,-0.01743,0,0.027,0.01836,0.31209,0.027,0.01836,0.31209,48.51652,0.3137927,0.00646775,79999.607,76902.552,0.393,3097.448,True,False,-1.96151
240.78,FINE,THRUST,79999.627,0.0019901,-3.85E-05,0.457,-0.04375,-0.07905,2276.37429,2278.93226,2.55797,0.0527,-0.01714,1E-05,0.0265,0.01834,0.30681,0.0265,0.01834,0.30681,48.51721,0.3084975,0.00635852,79999.597,76954.815,0.403,3045.185,True,False,-2.4639
240.92,FINE,THRUST,79999.621,0.0019836,-3.94E-05,0.468,-0.04225,-0.07879,2276.4176,2278.93227,2.51467,0.05181,-0.01685,1E-05,0.02601,0.01839,0.30162,0.02601,0.01839,0.30162,48.51788,0.3032961,0.00625122,79999.589,77006.207,0.411,2993.793,True,False,-2.89693
241.06,FINE,THRUST,79999.616,0.0019857,-4.04E-05,0.479,-0.04079,-0.07888,2276.46018,2278.93228,2.4721,0.05093,-0.01656,1E-05,0.02553,0.01851,0.29652,0.02553,0.01851,0.29652,48.51854,0.2981866,0.00614583,79999.58,77056.738,0.42,2943.262,True,False,-3.25364
241.2,FINE,THRUST,79999.61,0.0019942,-4.13E-05,0.49,-0.03935,-0.07922,2276.50204,2278.93229,2.43024,0.05007,-0.01628,1E-05,0.02505,0.01867,0.2915,0.02505,0.01867,0.2915,48.51918,0.293167,0.00604229,79999.572,77106.42,0.428,2893.58,True,False,-3.52912
241.34,FINE,THRUST,79999.605,0.0020067,-4.22E-05,0.501,-0.03794,-0.07972,2276.5432,2278.9323,2.3891,0.04922,-0.01601,1E-05,0.02459,0.01886,0.28656,0.02459,0.01886,0.28656,48.51982,0.2882351,0.00594056,79999.564,77155.267,0.436,2844.733,True,False,-3.72052
241.48,FINE,THRUST,79999.6,0.0020212,-4.32E-05,0.513,-0.03656,-0.08029,2276.58366,2278.9323,2.34865,0.04839,-0.01573,1E-05,0.02413,0.01906,0.28172,0.02413,0.01906,0.28172,48.52045,0.2833883,0.0058406,79999.556,77203.296,0.444,2796.704,True,False,-3.82685
241.62,FINE,THRUST,79999.595,0.0020357,-4.41E-05,0.524,-0.03521,-0.08087,2276.62344,2278.93231,2.30888,0.04757,-0.01547,1E-05,0.02368,0.01927,0.27695,0.02368,0.01927,0.27695,48.52107,0.2786244,0.00574234,79999.549,77250.521,0.451,2749.479,True,False,-3.84908
241.76,FINE,THRUST,79999.59,0.0020483,-4.51E-05,0.535,-0.03388,-0.08137,2276.66255,2278.93232,2.26977,0.04676,-0.01521,1E-05,0.02324,0.01946,0.27226,0.02324,0.01946,0.27226,48.52167,0.2739408,0.00564574,79999.542,77296.957,0.458,2703.043,True,False,-3.78989
241.9,FINE,THRUST,79999.585,0.0020574,-4.61E-05,0.547,-0.03259,-0.08173,2276.70101,2278.93233,2.23132,0.04597,-0.01495,1E-05,0.0228,0.01963,0.26765,0.0228,0.01963,0.26765,48.52227,0.2693352,0.00555075,79999.535,77342.619,0.465,2657.381,True,False,-3.6536
242.04,FINE,THRUST,79999.581,0.0020616,-4.7E-05,0.558,-0.03132,-0.0819,2276.73882,2278.93234,2.19352,0.04519,-0.0147,1E-05,0.02237,0.01976,0.26312,0.02237,0.01976,0.26312,48.52285,0.2648054,0.00545733,79999.528,77387.518,0.472,2612.482,True,False,-3.44597
242.18,FINE,THRUST,79999.576,0.0020597,-4.8E-05,0.57,-0.03007,-0.08182,2276.77599,2278.93234,2.15635,0.04442,-0.01445,1E-05,0.02195,0.01985,0.25866,0.02195,0.01985,0.25866,48.52343,0.2603494,0.00536544,79999.522,77431.666,0.478,2568.334,True,False,-3.17405
242.32,FINE,THRUST,79999.572,0.0020508,-4.9E-05,0.581,-0.02886,-0.08147,2276.81254,2278.93235,2.11981,0.04367,-0.0142,1E-05,0.02154,0.01989,0.25428,0.02154,0.01989,0.25428,48.524,0.2559655,0.00527503,79999.516,77475.073,0.484,2524.927,True,False,-2.84593
242.46,FINE,THRUST,79999.568,0.0020342,-4.99E-05,0.592,-0.02767,-0.08081,2276.84847,2278.93236,2.08389,0.04293,-0.01396,1E-05,0.02114,0.01987,0.24997,0.02114,0.01987,0.24997,48.52455,0.2516521,0.00518608,79999.51,77517.748,0.49,2482.252,True,False,-2.47061
242.6,FINE,THRUST,79999.557,0.0020095,-5.09E-05,0.604,-0.0265,-0.07983,2276.88379,2278.93237,2.04858,0.0422,-0.01372,1E-05,0.02076,0.0198,0.24574,0.02076,0.0198,0.24574,48.5251,0.2474096,0.00509859,79999.501,77559.699,0.499,2440.301,True,False,-2.05725
242.74,FINE,THRUST,79999.553,0.0019765,-5.18E-05,0.615,-0.02536,-0.07852,2276.91851,2278.93238,2.01387,0.04149,-0.01349,1E-05,0.0204,0.01966,0.24158,0.0204,0.01966,0.24158,48.52564,0.2432352,0.00501251,79999.491,77600.933,0.509,2399.067,True,False,-1.61632
242.88,FINE,THRUST,79999.549,0.0019352,-5.27E-05,0.626,-0.02425,-0.07688,2276.95262,2278.93239,1.97977,0.04079,-0.01326,1E-05,0.02002,0.01946,0.23749,0.02002,0.01946,0.23749,48.52617,0.2391265,0.00492778,79999.486,77641.454,0.514,2358.546,True,False,-1.15922
243.02,FINE,THRUST,79999.546,0.0018857,-5.36E-05,0.636,-0.02317,-0.07491,2276.98613,2278.9324,1.94626,0.04009,-0.01304,1E-05,0.01964,0.0192,0.23347,0.01964,0.0192,0.23347,48.52669,0.2350843,0.00484443,79999.481,77681.273,0.519,2318.727,True,False,-0.69824
243.16,FINE,THRUST,79999.543,0.0018285,-5.45E-05,0.646,-0.02211,-0.07264,2277.01906,2278.9324,1.91335,0.03942,-0.01282,1E-05,0.01927,0.01889,0.22953,0.01927,0.01889,0.22953,48.5272,0.231108,0.00476244,79999.477,77720.395,0.523,2279.605,True,False,-0.26516
243.3,FINE,THRUST,79999.54,0.0017642,-5.53E-05,0.656,-0.02107,-0.07008,2277.0514,2278.93241,1.88101,0.03875,-0.0126,1E-05,0.01891,0.01851,0.22565,0.01891,0.01851,0.22565,48.5277,0.2271971,0.0046818,79999.472,77758.83,0.528,2241.17,True,False,-0.28785
243.44,FINE,THRUST,79999.537,0.0016935,-5.61E-05,0.666,-0.02006,-0.06726,2277.08317,2278.93241,1.84924,0.0381,-0.01239,1E-05,0.01855,0.01809,0.22184,0.01855,0.01809,0.22184,48.5282,0.2233508,0.0046025,79999.468,77796.586,0.532,2203.414,True,False,-0.69529
243.58,FINE,THRUST,79999.534,0.001617,-5.69E-05,0.675,-0.01907,-0.06423,2277.11437,2278.93242,1.81804,0.03745,-0.01218,1E-05,0.01821,0.01763,0.2181,0.01821,0.01763,0.2181,48.52868,0.2195687,0.00452451,79999.464,77833.676,0.536,2166.324,True,False,-1.09703
243.72,FINE,THRUST,79999.531,0.0015358,-5.76E-05,0.684,-0.0181,-0.06099,2277.14503,2278.93242,1.78739,0.03682,-0.01198,1E-05,0.01786,0.01713,0.21443,0.01786,0.01713,0.21443,48.52916,0.2158501,0.00444784,79999.46,77870.11,0.54,2129.89,True,False,-1.46786
243.86,FINE,THRUST,79999.529,0.0014507,-5.83E-05,0.692,-0.01716,-0.05761,2277.17514,2278.93243,1.75729,0.0362,-0.01177,1E-05,0.01753,0.01659,0.21082,0.01753,0.01659,0.21082,48.52963,0.2121942,0.00437247,79999.457,77905.902,0.543,2094.098,True,False,-1.79908
244,FINE,THRUST,79999.517,0.0013628,-5.9E-05,0.7,-0.01624,-0.05411,2277.20473,2278.93244,1.72771,0.03559,-0.01158,1E-05,0.01722,0.01603,0.20727,0.01722,0.01603,0.20727,48.53009,0.2086019,0.0042984,79999.449,77941.068,0.551,2058.932,True,False,-2.08438
244.14,FINE,THRUST,79999.512,0.001273,-5.96E-05,0.707,-0.01534,-0.05054,2277.23381,2278.93245,1.69864,0.03499,-0.01138,1E-05,0.01695,0.01545,0.20379,0.01695,0.01545,0.20379,48.53055,0.2050722,0.00422563,79999.439,77975.622,0.561,2024.378,True,False,-2.31954
244.28,FINE,THRUST,79999.51,0.0011822,-6.02E-05,0.714,-0.01446,-0.04693,2277.26237,2278.93246,1.67009,0.0344,-0.01119,1E-05,0.01663,0.01487,0.20036,0.01663,0.01487,0.20036,48.53099,0.2015997,0.00415404,79999.435,78009.577,0.565,1990.423,True,False,-2.5027
244.42,FINE,THRUST,79999.508,0.0010915,-6.07E-05,0.72,-0.0136,-0.04332,2277.29044,2278.93246,1.64202,0.03383,-0.011,1E-05,0.01632,0.01427,0.197,0.01632,0.01427,0.197,48.53143,0.1981864,0.00408367,79999.433,78042.951,0.567,1957.049,True,False,-2.63111
244.56,FINE,THRUST,79999.506,0.0010018,-6.12E-05,0.726,-0.01276,-0.03974,2277.31803,2278.93246,1.61444,0.03326,-0.01082,1E-05,0.01601,0.01368,0.19369,0.01601,0.01368,0.19369,48.53186,0.1948313,0.0040145,79999.43,78075.757,0.57,1924.243,True,False,-2.70411
244.7,FINE,THRUST,79999.505,0.0009139,-6.16E-05,0.731,-0.01194,-0.03624,2277.34515,2278.93247,1.58732,0.0327,-0.01064,1E-05,0.01571,0.0131,0.19044,0.01571,0.0131,0.19044,48.53229,0.1915332,0.00394651,79999.427,78108.013,0.573,1891.987,True,False,-2.7222
244.84,FINE,THRUST,79999.503,0.0008287,-6.2E-05,0.736,-0.01113,-0.03284,2277.37182,2278.93247,1.56065,0.03215,-0.01046,1E-05,0.01541,0.01253,0.18724,0.01541,0.01253,0.18724,48.5327,0.1882913,0.00387968,79999.425,78139.731,0.575,1860.269,True,False,-2.68699
244.98,FINE,THRUST,79999.501,0.0007467,-6.24E-05,0.741,-0.01034,-0.02958,2277.39805,2278.93247,1.53442,0.03161,-0.01028,1E-05,0.01512,0.01198,0.1841,0.01512,0.01198,0.1841,48.53311,0.1851043,0.00381398,79999.423,78170.925,0.577,1829.075,True,False,-2.6011
245.12,FINE,THRUST,79999.5,0.0006687,-6.27E-05,0.744,-0.00957,-0.02646,2277.42385,2278.93247,1.50863,0.03108,-0.01011,1E-05,0.01483,0.01145,0.181,0.01483,0.01145,0.181,48.53352,0.1819713,0.00374939,79999.421,78201.609,0.579,1798.391,True,False,-2.4681
245.26,FINE,THRUST,79999.499,0.0005951,-6.3E-05,0.748,-0.00881,-0.02352,2277.44922,2278.93248,1.48326,0.03055,-0.00994,1E-05,0.01455,0.01096,0.17796,0.01455,0.01096,0.17796,48.53391,0.1788912,0.0036859,79999.419,78231.792,0.581,1768.208,True,False,-2.29271
245.4,FINE,THRUST,79999.497,0.0005264,-6.33E-05,0.751,-0.00807,-0.02077,2277.47418,2278.93248,1.4583,0.03004,-0.00977,1E-05,0.01428,0.01049,0.17497,0.01428,0.01049,0.17497,48.5343,0.1758631,0.00362348,79999.417,78261.486,0.583,1738.514,True,False,-2.08056
245.54,FINE,THRUST,79999.496,0.0004629,-6.35E-05,0.754,-0.00735,-0.01822,2277.49874,2278.93248,1.43374,0.02953,-0.00961,1E-05,0.014,0.01006,0.17202,0.014,0.01006,0.17202,48.53468,0.1728861,0.00356211,79999.416,78290.7,0.584,1709.3,True,False,-1.8379
245.68,FINE,THRUST,79999.495,0.0004048,-6.37E-05,0.756,-0.00664,-0.01589,2277.5229,2278.93248,1.40959,0.02904,-0.00945,1E-05,0.01373,0.00966,0.16913,0.01373,0.00966,0.16913,48.53506,0.1699593,0.00350178,79999.414,78319.442,0.586,1680.558,True,False,-1.57137
245.82,FINE,THRUST,79999.494,0.0003521,-6.39E-05,0.758,-0.00594,-0.01377,2277.54666,2278.93248,1.38582,0.02855,-0.00929,1E-05,0.01347,0.00929,0.16628,0.01347,0.00929,0.16628,48.53543,0.167082,0.00344247,79999.413,78347.719,0.587,1652.281,True,False,-1.28796
245.96,FINE,THRUST,79999.493,0.000305,-6.4E-05,0.76,-0.00526,-0.01185,2277.57004,2278.93249,1.36244,0.02806,-0.00913,1E-05,0.01321,0.00896,0.16348,0.01321,0.00896,0.16348,48.53579,0.1642533,0.00338417,79999.412,78375.537,0.588,1624.463,True,False,-0.9949
246.1,FINE,THRUST,79999.493,0.0002632,-6.42E-05,0.761,-0.0046,-0.01015,2277.59304,2278.93249,1.33945,0.02759,-0.00898,1E-05,0.01296,0.00867,0.16072,0.01296,0.00867,0.16072,48.53615,0.1614726,0.00332685,79999.411,78402.903,0.589,1597.097,True,False,-0.70018
246.24,FINE,THRUST,79999.492,0.0002265,-6.43E-05,0.763,-0.00395,-0.00863,2277.61566,2278.93249,1.31683,0.02713,-0.00882,1E-05,0.0127,0.00841,0.15801,0.0127,0.00841,0.15801,48.5365,0.1587391,0.00327051,79999.41,78429.821,0.59,1570.179,True,False,-0.41484
246.38,FINE,THRUST,79999.491,0.0001948,-6.44E-05,0.764,-0.00331,-0.00731,2277.63791,2278.93249,1.29458,0.02667,-0.00867,1E-05,0.01246,0.00818,0.15534,0.01246,0.00818,0.15534,48.53685,0.1560521,0.00321513,79999.409,78456.298,0.591,1543.702,True,False,-0.17885
246.52,FINE,THRUST,79999.491,0.0001676,-6.44E-05,0.765,-0.0027,-0.00615,2277.65979,2278.93249,1.2727,0.02622,-0.00853,1E-05,0.01222,0.00798,0.15272,0.01222,0.00798,0.15272,48.53719,0.1534109,0.00316069,79999.408,78482.339,0.592,1517.661,True,False,-0.23002
246.66,FINE,THRUST,79999.49,0.0001447,-6.45E-05,0.766,-0.00209,-0.00515,2277.68131,2278.93249,1.25119,0.02577,-0.00838,1E-05,0.01198,0.00781,0.15014,0.01198,0.00781,0.15014,48.53752,0.1508148,0.00310718,79999.408,78507.948,0.592,1492.052,True,False,-0.45487
246.8,FINE,THRUST,79999.49,0.0001257,-6.46E-05,0.766,-0.0015,-0.00429,2277.70246,2278.93249,1.23003,0.02534,-0.00824,1E-05,0.01175,0.00766,0.1476,0.01175,0.00766,0.1476,48.53785,0.148263,0.00305459,79999.408,78533.132,0.592,1466.868,True,False,-0.67695
246.94,FINE,THRUST,79999.489,0.0001101,-6.46E-05,0.767,-0.00093,-0.00354,2277.72327,2278.93249,1.20922,0.02491,-0.0081,1E-05,0.01152,0.00753,0.1451,0.01152,0.00753,0.1451,48.53817,0.1457549,0.00300289,79999.407,78557.897,0.593,1442.103,True,False,-0.87583
247.08,FINE,THRUST,79999.489,9.74E-05,-6.46E-05,0.767,-0.00037,-0.0029,2277.74372,2278.93249,1.18877,0.02449,-0.00797,1E-05,0.01129,0.00742,0.14265,0.01129,0.00742,0.14265,48.53849,0.1432895,0.00295208,79999.407,78582.248,0.593,1417.752,True,False,-1.04542
247.22,FINE,THRUST,79999.489,8.74E-05,-6.47E-05,0.767,0.00018,-0.00234,2277.76384,2278.93249,1.16866,0.02407,-0.00783,1E-05,0.01107,0.00732,0.14024,0.01107,0.00732,0.14024,48.5388,0.1408662,0.00290214,79999.407,78606.19,0.593,1393.81,True,False,-1.18239
247.36,FINE,THRUST,79999.489,7.95E-05,-6.47E-05,0.768,0.00071,-0.00184,2277.78361,2278.93249,1.14888,0.02367,-0.0077,1E-05,0.01086,0.00723,0.13787,0.01086,0.00723,0.13787,48.53911,0.1384842,0.00285304,79999.407,78629.731,0.593,1370.269,True,False,-1.28472
247.5,FINE,THRUST,79999.489,7.34E-05,-6.47E-05,0.768,0.00122,-0.00138,2277.80305,2278.93249,1.12944,0.02326,-0.00757,1E-05,0.01064,0.00715,0.13554,0.01064,0.00715,0.13554,48.53941,0.1361427,0.00280479,79999.408,78652.876,0.592,1347.124,True,False,-1.35131
247.64,FINE,THRUST,79999.489,6.9E-05,-6.47E-05,0.768,0.00173,-0.00095,2277.82216,2278.93249,1.11033,0.02287,-0.00744,1E-05,0.01044,0.00708,0.13325,0.01044,0.00708,0.13325,48.5397,0.1338408,0.00275735,79999.408,78675.632,0.592,1324.368,True,False,-1.382
247.78,FINE,THRUST,79999.489,6.61E-05,-6.47E-05,0.768,0.00222,-0.00054,2277.84095,2278.93249,1.09154,0.02248,-0.00731,1E-05,0.01023,0.007,0.13099,0.01023,0.007,0.13099,48.54,0.1315779,0.00271071,79999.408,78698.004,0.592,1301.996,True,False,-1.37748
247.92,FINE,THRUST,79999.489,6.48E-05,-6.47E-05,0.768,0.0027,-0.00011,2277.85942,2278.93249,1.07307,0.0221,-0.00719,1E-05,0.01003,0.00693,0.12878,0.01003,0.00693,0.12878,48.54028,0.1293532,0.00266486,79999.409,78719.999,0.591,1280.001,True,False,-1.3394
248.06,FINE,THRUST,79999.489,6.52E-05,-6.47E-05,0.768,0.00316,0.00032,2277.87758,2278.93249,1.05491,0.02173,-0.00707,1E-05,0.00983,0.00685,0.1266,0.00983,0.00685,0.1266,48.54056,0.1271659,0.00261979,79999.409,78741.622,0.591,1258.378,True,False,-1.27
248.2,FINE,THRUST,79999.49,6.77E-05,-6.47E-05,0.768,0.00362,0.00079,2277.89543,2278.93249,1.03706,0.02136,-0.00695,1E-05,0.00964,0.00676,0.12446,0.00964,0.00676,0.12446,48.54084,0.1250154,0.00257547,79999.41,78762.879,0.59,1237.121,True,False,-1.17216
248.34,FINE,THRUST,79999.49,7.24E-05,-6.47E-05,0.768,0.00406,0.00129,2277.91298,2278.93249,1.01952,0.021,-0.00683,1E-05,0.00945,0.00667,0.12236,0.00945,0.00667,0.12236,48.54111,0.1229009,0.00253189,79999.411,78783.776,0.589,1216.224,True,False,-1.04928
248.48,FINE,THRUST,79999.483,7.95E-05,-6.47E-05,0.768,0.00449,0.00184,2277.93023,2278.9325,1.00226,0.02064,-0.00672,1E-05,0.00928,0.00657,0.12029,0.00928,0.00657,0.12029,48.54138,0.1208228,0.00248907,79999.409,78804.319,0.591,1195.681,True,False,-0.90411
248.62,FINE,THRUST,79999.483,8.9E-05,-6.47E-05,0.768,0.00491,0.00243,2277.9472,2278.9325,0.9853,0.0203,-0.0066,1E-05,0.00913,0.00646,0.11825,0.00913,0.00646,0.11825,48.54164,0.1187803,0.00244698,79999.405,78824.514,0.595,1175.486,True,False,-0.74043
248.76,FINE,THRUST,79999.484,0.0001008,-6.46E-05,0.767,0.00531,0.00308,2277.96387,2278.9325,0.96864,0.01995,-0.00649,1E-05,0.00895,0.00634,0.11625,0.00895,0.00634,0.11625,48.5419,0.1167703,0.00240556,79999.406,78844.364,0.594,1155.636,True,False,-0.56629
248.9,FINE,THRUST,79999.484,0.0001149,-6.46E-05,0.767,0.00571,0.00378,2277.98025,2278.9325,0.95225,0.01961,-0.00638,1E-05,0.00877,0.00621,0.11429,0.00877,0.00621,0.11429,48.54215,0.1147939,0.00236483,79999.408,78863.877,0.592,1136.123,True,False,-0.38546
249.04,FINE,THRUST,79999.485,0.0001308,-6.45E-05,0.766,0.00609,0.00453,2277.99635,2278.9325,0.93615,0.01928,-0.00627,1E-05,0.0086,0.00607,0.11236,0.0086,0.00607,0.11236,48.5424,0.1128506,0.00232478,79999.409,78883.056,0.591,1116.944,True,False,-0.20913
249.18,FINE,THRUST,79999.486,0.0001486,-6.45E-05,0.765,0.00647,0.00532,2278.01217,2278.9325,0.92033,0.01896,-0.00617,1E-05,0.00843,0.00592,0.11046,0.00843,0.00592,0.11046,48.54265,0.11094,0.00228541,79999.41,78901.907,0.59,1098.093,True,False,-0.10832
249.32,FINE,THRUST,79999.486,0.000168,-6.44E-05,0.765,0.00683,0.00617,2278.02773,2278.9325,0.90477,0.01864,-0.00606,1E-05,0.00826,0.00576,0.1086,0.00826,0.00576,0.1086,48.54289,0.1090615,0.0022467,79999.412,78920.436,0.588,1079.564,True,False,-0.22776
249.46,FINE,THRUST,79999.487,0.0001886,-6.43E-05,0.764,0.00719,0.00705,2278.04301,2278.9325,0.88948,0.01832,-0.00596,1E-05,0.00809,0.00559,0.10676,0.00809,0.00559,0.10676,48.54313,0.1072147,0.00220865,79999.413,78938.648,0.587,1061.352,True,False,-0.39703
249.6,FINE,THRUST,79999.488,0.0002105,-6.43E-05,0.763,0.00754,0.00797,2278.05804,2278.9325,0.87446,0.01801,-0.00586,1E-05,0.00793,0.00542,0.10496,0.00793,0.00542,0.10496,48.54336,0.105399,0.00217123,79999.415,78956.549,0.585,1043.451,True,False,-0.5635
249.74,FINE,THRUST,79999.489,0.0002332,-6.42E-05,0.761,0.00788,0.00892,2278.07281,2278.9325,0.85969,0.01771,-0.00576,1E-05,0.00777,0.00524,0.10319,0.00777,0.00524,0.10319,48.54359,0.103614,0.00213445,79999.416,78974.144,0.584,1025.856,True,False,-0.71856
249.88,FINE,THRUST,79999.49,0.0002567,-6.4E-05,0.76,0.00821,0.00988,2278.08732,2278.93249,0.84517,0.01741,-0.00566,1E-05,0.00762,0.00505,0.10145,0.00762,0.00505,0.10145,48.54382,0.1018593,0.0020983,79999.418,78991.438,0.582,1008.562,True,False,-0.85813
250.02,FINE,THRUST,79999.491,0.0002806,-6.39E-05,0.759,0.00853,0.01086,2278.10159,2278.93249,0.8309,0.01711,-0.00557,1E-05,0.00746,0.00486,0.09974,0.00746,0.00486,0.09974,48.54404,0.1001342,0.00206275,79999.42,79008.438,0.58,991.562,True,False,-0.97939
250.16,FINE,THRUST,79999.492,0.0003047,-6.38E-05,0.757,0.00884,0.01185,2278.11561,2278.93249,0.81688,0.01683,-0.00547,1E-05,0.00731,0.00467,0.09806,0.00731,0.00467,0.09806,48.54426,0.0984385,0.00202781,79999.421,79025.148,0.579,974.852,True,False,-1.08026
250.3,FINE,THRUST,79999.493,0.0003289,-6.36E-05,0.755,0.00915,0.01283,2278.1294,2278.93249,0.80309,0.01654,-0.00538,1E-05,0.00717,0.00448,0.0964,0.00717,0.00448,0.0964,48.54447,0.0967715,0.00199346,79999.423,79041.574,0.577,958.426,True,False,-1.15921
250.44,FINE,THRUST,79999.494,0.0003529,-6.35E-05,0.753,0.00945,0.0138,2278.14295,2278.93249,0.78954,0.01626,-0.00529,1E-05,0.00702,0.00429,0.09478,0.00702,0.00429,0.09478,48.54468,0.0951328,0.0019597,79999.425,79057.723,0.575,942.277,True,False,-1.2153
250.58,FINE,THRUST,79999.495,0.0003766,-6.33E-05,0.751,0.00974,0.01476,2278.15627,2278.93249,0.77622,0.01599,-0.0052,1E-05,0.00688,0.0041,0.09318,0.00688,0.0041,0.09318,48.54489,0.093522,0.0019265,79999.427,79073.599,0.573,926.401,True,False,-1.24828
250.72,FINE,THRUST,79999.496,0.0003996,-6.31E-05,0.749,0.01002,0.01569,2278.16936,2278.93248,0.76312,0.01572,-0.00511,1E-05,0.00674,0.00391,0.09161,0.00674,0.00391,0.09161,48.54509,0.0919384,0.00189388,79999.429,79089.207,0.571,910.793,True,False,-1.25849
250.86,FINE,THRUST,79999.498,0.000422,-6.29E-05,0.747,0.01029,0.01659,2278.18224,2278.93248,0.75024,0.01545,-0.00503,1E-05,0.0066,0.00373,0.09006,0.0066,0.00373,0.09006,48.54529,0.0903818,0.0018618,79999.432,79104.553,0.568,895.447,True,False,-1.24669
251,FINE,THRUST,79999.499,0.0004434,-6.27E-05,0.745,0.01056,0.01745,2278.1949,2278.93248,0.73758,0.01519,-0.00494,1E-05,0.00647,0.00355,0.08854,0.00647,0.00355,0.08854,48.54549,0.0888516,0.00183027,79999.434,79119.642,0.566,880.358,True,False,-1.21417
251.14,FINE,THRUST,79999.5,0.0004639,-6.25E-05,0.742,0.01081,0.01828,2278.20735,2278.93248,0.72513,0.01494,-0.00486,1E-05,0.00633,0.00338,0.08705,0.00633,0.00338,0.08705,48.54568,0.0873473,0.00179928,79999.436,79134.478,0.564,865.522,True,False,-1.16252
251.28,FINE,THRUST,79999.495,0.0004832,-6.23E-05,0.739,0.01106,0.01905,2278.21959,2278.93248,0.71289,0.01468,-0.00478,1E-05,0.00621,0.00322,0.08558,0.00621,0.00322,0.08558,48.54587,0.0858689,0.00176882,79999.437,79149.067,0.563,850.933,True,False,-1.09312
251.42,FINE,THRUST,79999.495,0.0005014,-6.21E-05,0.737,0.01131,0.01978,2278.23164,2278.93249,0.70084,0.01444,-0.0047,1E-05,0.00612,0.00306,0.08414,0.00612,0.00306,0.08414,48.54606,0.0844173,0.00173891,79999.433,79163.413,0.567,836.587,True,False,-1.00652
251.56,FINE,THRUST,79999.497,0.0005183,-6.18E-05,0.734,0.01154,0.02046,2278.24347,2278.93248,0.68901,0.01419,-0.00462,1E-05,0.006,0.00291,0.08272,0.006,0.00291,0.08272,48.54624,0.0829881,0.00170947,79999.436,79177.519,0.564,822.481,True,False,-0.91007
251.7,FINE,THRUST,79999.498,0.000534,-6.16E-05,0.731,0.01177,0.02109,2278.25511,2278.93248,0.67737,0.01395,-0.00454,1E-05,0.00588,0.00277,0.08132,0.00588,0.00277,0.08132,48.54642,0.0815831,0.00168052,79999.438,79191.39,0.562,808.61,True,False,-0.8038
251.84,FINE,THRUST,79999.499,0.0005484,-6.13E-05,0.728,0.01198,0.02167,2278.26655,2278.93248,0.66593,0.01372,-0.00446,1E-05,0.00575,0.00264,0.07995,0.00575,0.00264,0.07995,48.5466,0.080202,0.00165206,79999.441,79205.029,0.559,794.971,True,False,-0.69049
251.98,FINE,THRUST,79999.498,0.0005615,-6.11E-05,0.725,0.0122,0.0222,2278.2778,2278.93248,0.65468,0.01348,-0.00439,1E-05,0.00564,0.00252,0.0786,0.00564,0.00252,0.0786,48.54678,0.0788442,0.00162409,79999.443,79218.44,0.557,781.56,True,False,-0.57305
252.12,FINE,THRUST,79999.495,0.0005734,-6.08E-05,0.722,0.0124,0.02267,2278.28888,2278.93248,0.64361,0.01326,-0.00431,1E-05,0.00556,0.00241,0.07727,0.00556,0.00241,0.07727,48.54695,0.0775115,0.00159663,79999.439,79231.629,0.561,768.371,True,False,-0.44924
252.26,FINE,THRUST,79999.496,0.0005842,-6.05E-05,0.719,0.0126,0.0231,2278.29976,2278.93248,0.63273,0.01303,-0.00424,1E-05,0.00545,0.0023,0.07597,0.00545,0.0023,0.07597,48.54712,0.0761997,0.0015696,79999.441,79244.596,0.559,755.404,True,False,-0.3299
252.4,FINE,THRUST,79999.498,0.0005938,-6.03E-05,0.715,0.0128,0.02349,2278.31045,2278.93248,0.62203,0.01281,-0.00417,1E-05,0.00534,0.0022,0.07469,0.00534,0.0022,0.07469,48.54728,0.0749097,0.00154303,79999.443,79257.345,0.557,742.655,True,False,-0.21685
252.54,FINE,THRUST,79999.494,0.0006023,-6E-05,0.712,0.01298,0.02383,2278.32096,2278.93248,0.61151,0.0126,-0.0041,1E-05,0.00523,0.00211,0.07343,0.00523,0.00211,0.07343,48.54745,0.0736415,0.0015169,79999.446,79269.881,0.554,730.119,True,False,-0.118
252.68,FINE,THRUST,79999.494,0.0006099,-5.97E-05,0.709,0.01317,0.02414,2278.33132,2278.93249,0.60117,0.01238,-0.00403,1E-05,0.00517,0.00202,0.07218,0.00517,0.00202,0.07218,48.5476,0.0723974,0.00149127,79999.441,79282.209,0.559,717.791,True,False,-0.03888
252.82,FINE,THRUST,79999.495,0.0006166,-5.94E-05,0.705,0.01335,0.0244,2278.34148,2278.93249,0.591,0.01217,-0.00396,1E-05,0.00506,0.00195,0.07096,0.00506,0.00195,0.07096,48.54776,0.0711718,0.00146602,79999.444,79294.327,0.556,705.673,True,False,-0.11417
252.96,FINE,THRUST,79999.497,0.0006225,-5.91E-05,0.702,0.01352,0.02464,2278.35148,2278.93248,0.58101,0.01197,-0.00389,1E-05,0.00496,0.00187,0.06977,0.00496,0.00187,0.06977,48.54792,0.069967,0.0014412,79999.447,79306.242,0.553,693.758,True,False,-0.19683
253.1,FINE,THRUST,79999.499,0.0006277,-5.88E-05,0.698,0.01369,0.02485,2278.3613,2278.93248,0.57118,0.01176,-0.00383,1E-05,0.00485,0.0018,0.06859,0.00485,0.0018,0.06859,48.54807,0.0687827,0.0014168,79999.45,79317.956,0.55,682.044,True,False,-0.26927
253.24,FINE,THRUST,79999.501,0.0006323,-5.85E-05,0.695,0.01385,0.02504,2278.37096,2278.93248,0.56152,0.01157,-0.00376,1E-05,0.00475,0.00174,0.06743,0.00475,0.00174,0.06743,48.54822,0.0676184,0.00139281,79999.453,79329.473,0.547,670.527,True,False,-0.32919
253.38,FINE,THRUST,79999.502,0.0006365,-5.82E-05,0.691,0.01402,0.0252,2278.38045,2278.93247,0.55202,0.01137,-0.0037,1E-05,0.00465,0.00168,0.06629,0.00465,0.00168,0.06629,48.54837,0.0664738,0.00136923,79999.456,79340.795,0.544,659.205,True,False,-0.37567
253.52,FINE,THRUST,79999.504,0.0006402,-5.79E-05,0.688,0.01417,0.02535,2278.38978,2278.93247,0.54269,0.01118,-0.00364,1E-05,0.00455,0.00162,0.06517,0.00455,0.00162,0.06517,48.54851,0.0653487,0.00134605,79999.459,79351.926,0.541,648.074,True,False,-0.40819
253.66,FINE,THRUST,79999.506,0.0006436,-5.76E-05,0.684,0.01433,0.02549,2278.39896,2278.93247,0.53351,0.01099,-0.00358,1E-05,0.00445,0.00156,0.06407,0.00445,0.00156,0.06407,48.54865,0.0642426,0.00132326,79999.462,79362.868,0.538,637.132,True,False,-0.42662
253.8,FINE,THRUST,79999.508,0.0006468,-5.73E-05,0.681,0.01448,0.02562,2278.40798,2278.93246,0.52449,0.0108,-0.00352,1E-05,0.00435,0.00151,0.06299,0.00435,0.00151,0.06299,48.5488,0.0631553,0.00130086,79999.465,79373.626,0.535,626.374,True,False,-0.4312
253.94,FINE,THRUST,79999.51,0.0006498,-5.7E-05,0.677,0.01463,0.02574,2278.41684,2278.93246,0.51562,0.01062,-0.00346,1E-05,0.00426,0.00145,0.06192,0.00426,0.00145,0.06192,48.54893,0.0620864,0.00127884,79999.468,79384.202,0.532,615.798,True,False,-0.42242
254.08,FINE,THRUST,79999.512,0.0006528,-5.67E-05,0.673,0.01477,0.02586,2278.42556,2278.93246,0.5069,0.01044,-0.0034,1E-05,0.00417,0.0014,0.06088,0.00417,0.0014,0.06088,48.54907,0.0610356,0.00125719,79999.472,79394.6,0.528,605.4,True,False,-0.40118
254.22,FINE,THRUST,79999.513,0.0006557,-5.64E-05,0.67,0.01491,0.02598,2278.43413,2278.93246,0.49833,0.01026,-0.00334,1E-05,0.00407,0.00134,0.05985,0.00407,0.00134,0.05985,48.5492,0.0600026,0.00123591,79999.475,79404.821,0.525,595.179,True,False,-0.36868
254.36,FINE,THRUST,79999.515,0.0006587,-5.61E-05,0.666,0.01505,0.0261,2278.44255,2278.93245,0.4899,0.01009,-0.00328,1E-05,0.00398,0.00129,0.05884,0.00398,0.00129,0.05884,48.54933,0.0589871,0.00121499,79999.478,79414.869,0.522,585.131,True,False,-0.32656
254.5,FINE,THRUST,79999.517,0.0006617,-5.58E-05,0.662,0.01518,0.02622,2278.45084,2278.93245,0.48161,0.00992,-0.00323,1E-05,0.0039,0.00123,0.05784,0.0039,0.00123,0.05784,48.54946,0.0579888,0.00119443,79999.481,79424.748,0.519,575.252,True,False,-0.27712
254.64,FINE,THRUST,79999.519,0.0006648,-5.55E-05,0.659,0.0153,0.02635,2278.45898,2278.93245,0.47347,0.00975,-0.00317,1E-05,0.00381,0.00118,0.05687,0.00381,0.00118,0.05687,48.54959,0.0570074,0.00117421,79999.485,79434.459,0.515,565.541,True,False,-0.22393
254.78,FINE,THRUST,79999.518,0.0006681,-5.52E-05,0.655,0.01542,0.02648,2278.46698,2278.93244,0.46546,0.00959,-0.00312,1E-05,0.00373,0.00112,0.05591,0.00373,0.00112,0.05591,48.54971,0.0560426,0.00115433,79999.488,79444.006,0.512,555.994,True,False,-0.17357
254.92,FINE,THRUST,79999.515,0.0006715,-5.49E-05,0.651,0.01554,0.02661,2278.47486,2278.93245,0.45759,0.00942,-0.00307,1E-05,0.00368,0.00106,0.05496,0.00368,0.00106,0.05496,48.54983,0.0550961,0.00113484,79999.485,79453.394,0.515,546.606,True,False,-0.09931
255.06,FINE,THRUST,79999.517,0.000675,-5.46E-05,0.648,0.01565,0.02676,2278.4826,2278.93245,0.44985,0.00927,-0.00301,1E-05,0.00361,0.001,0.05403,0.00361,0.001,0.05403,48.54995,0.0541641,0.00111564,79999.487,79462.621,0.513,537.379,True,False,-0.09638
255.2,FINE,THRUST,79999.519,0.0006787,-5.42E-05,0.644,0.01575,0.02691,2278.4902,2278.93245,0.44224,0.00911,-0.00296,1E-05,0.00353,0.00094,0.05312,0.00353,0.00094,0.05312,48.55007,0.0532475,0.00109675,79999.491,79471.692,0.509,528.308,True,False,-0.15153
255.34,FINE,THRUST,79999.521,0.0006825,-5.39E-05,0.64,0.01585,0.02706,2278.49768,2278.93244,0.43477,0.00895,-0.00291,1E-05,0.00345,0.00088,0.05222,0.00345,0.00088,0.05222,48.55019,0.0523464,0.00107819,79999.494,79480.609,0.506,519.391,True,False,-0.222
255.48,FINE,THRUST,79999.522,0.0006864,-5.36E-05,0.636,0.01595,0.02722,2278.50503,2278.93244,0.42741,0.0088,-0.00286,1E-05,0.00338,0.00082,0.05134,0.00338,0.00082,0.05134,48.5503,0.0514606,0.00105994,79999.498,79489.376,0.502,510.624,True,False,-0.29516
255.62,FINE,THRUST,79999.524,0.0006904,-5.33E-05,0.632,0.01604,0.02738,2278.51225,2278.93244,0.42019,0.00865,-0.00282,1E-05,0.0033,0.00076,0.05048,0.0033,0.00076,0.05048,48.55041,0.0505899,0.00104201,79999.501,79497.994,0.499,502.006,True,False,-0.36661
255.76,FINE,THRUST,79999.526,0.0006945,-5.3E-05,0.629,0.01613,0.02754,2278.51935,2278.93243,0.41309,0.00851,-0.00277,1E-05,0.00323,0.00069,0.04962,0.00323,0.00069,0.04962,48.55052,0.0497339,0.00102437,79999.505,79506.466,0.495,493.534,True,False,-0.43407
255.9,FINE,THRUST,79999.528,0.0006986,-5.26E-05,0.625,0.01621,0.0277,2278.52633,2278.93243,0.4061,0.00836,-0.00272,1E-05,0.00315,0.00063,0.04879,0.00315,0.00063,0.04879,48.55063,0.0488924,0.00100704,79999.508,79514.795,0.492,485.205,True,False,-0.49588
256.04,FINE,THRUST,79999.53,0.0007026,-5.23E-05,0.621,0.01629,0.02786,2278.53319,2278.93243,0.39924,0.00822,-0.00268,1E-05,0.00308,0.00056,0.04796,0.00308,0.00056,0.04796,48.55073,0.0480653,0.00099,79999.512,79522.983,0.488,477.017,True,False,-0.55086
256.18,FINE,THRUST,79999.532,0.0007066,-5.2E-05,0.617,0.01637,0.02802,2278.53994,2278.93242,0.39249,0.00808,-0.00263,1E-05,0.00301,0.0005,0.04715,0.00301,0.0005,0.04715,48.55084,0.0472522,0.00097325,79999.516,79531.033,0.484,468.967,True,False,-0.59807
256.32,FINE,THRUST,79999.534,0.0007105,-5.16E-05,0.613,0.01645,0.02818,2278.54657,2278.93242,0.38585,0.00795,-0.00259,1E-05,0.00294,0.00044,0.04636,0.00294,0.00044,0.04636,48.55094,0.0464529,0.00095679,79999.519,79538.946,0.481,461.054,True,False,-0.63681
256.46,FINE,THRUST,79999.536,0.0007143,-5.13E-05,0.609,0.01652,0.02833,2278.55309,2278.93242,0.37933,0.00781,-0.00254,1E-05,0.00287,0.00037,0.04558,0.00287,0.00037,0.04558,48.55104,0.0456672,0.0009406,79999.523,79546.726,0.477,453.274,True,False,-0.66665
256.6,FINE,THRUST,79999.538,0.0007179,-5.1E-05,0.605,0.01659,0.02848,2278.55949,2278.93241,0.37292,0.00768,-0.0025,1E-05,0.00281,0.00031,0.04481,0.00281,0.00031,0.04481,48.55114,0.0448948,0.00092469,79999.527,79554.375,0.473,445.625,True,False,-0.68734
256.74,FINE,THRUST,79999.54,0.0007213,-5.06E-05,0.601,0.01665,0.02862,2278.5658,2278.93241,0.36661,0.00755,-0.00246,1E-05,0.00274,0.00025,0.04405,0.00274,0.00025,0.04405,48.55124,0.0441356,0.00090905,79999.53,79561.894,0.47,438.106,True,False,-0.69884
256.88,FINE,THRUST,79999.542,0.0007245,-5.03E-05,0.597,0.01671,0.02874,2278.57199,2278.93241,0.36042,0.00742,-0.00242,1E-05,0.00268,0.00019,0.04331,0.00268,0.00019,0.04331,48.55134,0.0433893,0.00089368,79999.534,79569.287,0.466,430.713,True,False,-0.70133
257.02,FINE,THRUST,79999.544,0.0007275,-5E-05,0.593,0.01677,0.02886,2278.57808,2278.9324,0.35432,0.0073,-0.00237,1E-05,0.00262,0.00013,0.04258,0.00262,0.00013,0.04258,48.55143,0.0426556,0.00087857,79999.538,79576.555,0.462,423.445,True,False,-0.69516
257.16,FINE,THRUST,79999.546,0.0007301,-4.96E-05,0.589,0.01683,0.02897,2278.58407,2278.9324,0.34833,0.00717,-0.00233,1E-05,0.00255,8E-05,0.04186,0.00255,8E-05,0.04186,48.55152,0.0419344,0.00086371,79999.542,79583.701,0.458,416.299,True,False,-0.68089
257.3,FINE,THRUST,79999.548,0.0007325,-4.93E-05,0.585,0.01688,0.02907,2278.58995,2278.9324,0.34245,0.00705,-0.0023,1E-05,0.00249,3E-05,0.04115,0.00249,3E-05,0.04115,48.55162,0.0412254,0.00084911,79999.546,79590.726,0.454,409.274,True,False,-0.65913
257.44,FINE,THRUST,79999.55,0.0007346,-4.89E-05,0.581,0.01693,0.02915,2278.59574,2278.93239,0.33666,0.00693,-0.00226,1E-05,0.00243,-3E-05,0.04046,0.00243,-3E-05,0.04046,48.55171,0.0405285,0.00083475,79999.549,79597.633,0.451,402.367,True,False,-0.63076
257.58,FINE,THRUST,79999.552,0.0007363,-4.86E-05,0.577,0.01698,0.02922,2278.60143,2278.93239,0.33096,0.00682,-0.00222,1E-05,0.00238,-8E-05,0.03977,0.00238,-8E-05,0.03977,48.5518,0.0398434,0.00082064,79999.553,79604.424,0.447,395.576,True,False,-0.59665
257.72,FINE,THRUST,79999.554,0.0007377,-4.82E-05,0.573,0.01702,0.02928,2278.60702,2278.93239,0.32537,0.0067,-0.00218,1E-05,0.00232,-0.00012,0.0391,0.00232,-0.00012,0.0391,48.55188,0.0391699,0.00080676,79999.557,79611.101,0.443,388.899,True,False,-0.55783
257.86,FINE,THRUST,79999.556,0.0007388,-4.79E-05,0.569,0.01706,0.02932,2278.61252,2278.93238,0.31986,0.00659,-0.00214,1E-05,0.00226,-0.00017,0.03844,0.00226,-0.00017,0.03844,48.55197,0.0385078,0.00079313,79999.561,79617.665,0.439,382.335,True,False,-0.51539
258,FINE,THRUST,79999.558,0.0007396,-4.76E-05,0.564,0.0171,0.02935,2278.61793,2278.93238,0.31446,0.00648,-0.00211,1E-05,0.00221,-0.00021,0.03779,0.00221,-0.00021,0.03779,48.55205,0.037857,0.00077972,79999.565,79624.118,0.435,375.882,True,False,-0.47043
258.14,FINE,THRUST,79999.56,0.00074,-4.72E-05,0.56,0.01713,0.02937,2278.62324,2278.93238,0.30914,0.00637,-0.00207,1E-05,0.00215,-0.00025,0.03715,0.00215,-0.00025,0.03715,48.55213,0.0372172,0.00076654,79999.569,79630.463,0.431,369.537,True,False,-0.42415
258.28,FINE,THRUST,79999.562,0.0007401,-4.69E-05,0.556,0.01716,0.02938,2278.62847,2278.93237,0.30391,0.00626,-0.00204,1E-05,0.0021,-0.00029,0.03653,0.0021,-0.00029,0.03653,48.55221,0.0365882,0.00075358,79999.572,79636.7,0.428,363.3,True,False,-0.37773
258.42,FINE,THRUST,79999.564,0.00074,-4.65E-05,0.552,0.01719,0.02937,2278.6336,2278.93237,0.29877,0.00615,-0.002,1E-05,0.00205,-0.00032,0.03591,0.00205,-0.00032,0.03591,48.55229,0.0359699,0.00074085,79999.576,79642.833,0.424,357.167,True,False,-0.33233
258.56,FINE,THRUST,79999.566,0.0007395,-4.62E-05,0.548,0.01721,0.02935,2278.63865,2278.93237,0.29372,0.00605,-0.00197,1E-05,0.002,-0.00036,0.0353,0.002,-0.00036,0.0353,48.55237,0.035362,0.00072833,79999.58,79648.862,0.42,351.138,True,False,-0.28914
258.7,FINE,THRUST,79999.568,0.0007388,-4.58E-05,0.544,0.01724,0.02933,2278.64362,2278.93236,0.28875,0.00595,-0.00194,1E-05,0.00195,-0.00039,0.03471,0.00195,-0.00039,0.03471,48.55245,0.0347645,0.00071602,79999.584,79654.79,0.416,345.21,True,False,-0.24935
258.84,FINE,THRUST,79999.57,0.0007378,-4.55E-05,0.54,0.01726,0.02929,2278.6485,2278.93236,0.28386,0.00585,-0.0019,1E-05,0.0019,-0.00042,0.03412,0.0019,-0.00042,0.03412,48.55252,0.0341771,0.00070392,79999.588,79660.617,0.412,339.383,True,False,-0.21412
258.98,FINE,THRUST,79999.572,0.0007366,-4.51E-05,0.536,0.01727,0.02924,2278.6533,2278.93236,0.27906,0.00575,-0.00187,1E-05,0.00186,-0.00045,0.03355,0.00186,-0.00045,0.03355,48.5526,0.0335996,0.00069203,79999.592,79666.346,0.408,333.654,True,False,-0.18453
259.12,FINE,THRUST,79999.574,0.0007352,-4.48E-05,0.532,0.01729,0.02919,2278.65801,2278.93235,0.27434,0.00565,-0.00184,1E-05,0.00181,-0.00048,0.03298,0.00181,-0.00048,0.03298,48.55267,0.033032,0.00068033,79999.596,79671.978,0.404,328.022,True,False,-0.1614
259.26,FINE,THRUST,79999.576,0.0007336,-4.44E-05,0.527,0.0173,0.02912,2278.66265,2278.93235,0.2697,0.00555,-0.00181,1E-05,0.00176,-0.0005,0.03242,0.00176,-0.0005,0.03242,48.55274,0.0324739,0.00066884,79999.6,79677.516,0.4,322.484,True,False,-0.14494
259.4,FINE,THRUST,79999.578,0.0007319,-4.41E-05,0.523,0.01731,0.02905,2278.66721,2278.93235,0.26514,0.00546,-0.00178,1E-05,0.00172,-0.00052,0.03187,0.00172,-0.00052,0.03187,48.55281,0.0319254,0.00065754,79999.604,79682.959,0.396,317.041,True,False,-0.13461
259.54,FINE,THRUST,79999.579,0.00073,-4.38E-05,0.519,0.01732,0.02898,2278.67169,2278.93234,0.26065,0.00537,-0.00175,1E-05,0.00168,-0.00055,0.03134,0.00168,-0.00055,0.03134,48.55288,0.0313861,0.00064643,79999.608,79688.311,0.392,311.689,True,False,-0.12908
259.68,FINE,THRUST,79999.581,0.0007279,-4.34E-05,0.515,0.01732,0.0289,2278.6761,2278.93234,0.25625,0.00528,-0.00172,1E-05,0.00163,-0.00057,0.03081,0.00163,-0.00057,0.03081,48.55295,0.030856,0.00063551,79999.612,79693.572,0.388,306.428,True,False,-0.1267
259.82,FINE,THRUST,79999.583,0.0007258,-4.31E-05,0.511,0.01732,0.02882,2278.68043,2278.93234,0.25191,0.00519,-0.00169,1E-05,0.00159,-0.00059,0.03029,0.00159,-0.00059,0.03029,48.55302,0.0303349,0.00062478,79999.616,79698.744,0.384,301.256,True,False,-0.12594
259.96,FINE,THRUST,79999.585,0.0007236,-4.27E-05,0.507,0.01733,0.02873,2278.68469,2278.93233,0.24765,0.0051,-0.00166,1E-05,0.00155,-0.00061,0.02978,0.00155,-0.00061,0.02978,48.55308,0.0298226,0.00061423,79999.62,79703.829,0.38,296.171,True,False,-0.12596
260.1,FINE,THRUST,79999.587,0.0007214,-4.24E-05,0.503,0.01733,0.02864,2278.68887,2278.93233,0.24346,0.00501,-0.00163,1E-05,0.00151,-0.00063,0.02927,0.00151,-0.00063,0.02927,48.55315,0.029319,0.00060385,79999.624,79708.829,0.376,291.171,True,False,-0.12664
260.24,FINE,THRUST,79999.589,0.000719,-4.21E-05,0.499,0.01732,0.02855,2278.69299,2278.93233,0.23934,0.00493,-0.0016,1E-05,0.00147,-0.00065,0.02878,0.00147,-0.00065,0.02878,48.55321,0.0288239,0.00059366,79999.628,79713.743,0.372,286.257,True,False,-0.12845
260.38,FINE,THRUST,79999.591,0.0007167,-4.17E-05,0.495,0.01732,0.02846,2278.69703,2278.93233,0.23529,0.00485,-0.00158,1E-05,0.00143,-0.00067,0.02829,0.00143,-0.00067,0.02829,48.55328,0.0283373,0.00058363,79999.632,79718.575,0.368,281.425,True,False,-0.13229
260.52,FINE,THRUST,79999.593,0.0007143,-4.14E-05,0.491,0.01731,0.02836,2278.70101,2278.93232,0.23131,0.00476,-0.00155,1E-05,0.00139,-0.00069,0.02782,0.00139,-0.00069,0.02782,48.55334,0.027859,0.00057378,79999.636,79723.325,0.364,276.675,True,False,-0.13926
260.66,FINE,THRUST,79999.595,0.0007119,-4.11E-05,0.487,0.0173,0.02827,2278.70492,2278.93232,0.2274,0.00468,-0.00152,1E-05,0.00135,-0.00071,0.02735,0.00135,-0.00071,0.02735,48.5534,0.0273887,0.0005641,79999.64,79727.995,0.36,272.005,True,False,-0.15011
260.8,FINE,THRUST,79999.597,0.0007095,-4.07E-05,0.483,0.01729,0.02817,2278.70876,2278.93232,0.22355,0.0046,-0.0015,1E-05,0.00132,-0.00073,0.02688,0.00132,-0.00073,0.02688,48.55346,0.0269265,0.00055457,79999.644,79732.586,0.356,267.414,True,False,-0.16508
260.94,FINE,THRUST,79999.599,0.0007071,-4.04E-05,0.479,0.01728,0.02808,2278.71254,2278.93231,0.21977,0.00453,-0.00147,1E-05,0.00128,-0.00074,0.02643,0.00128,-0.00074,0.02643,48.55352,0.0264721,0.00054521,79999.648,79737.099,0.352,262.901,True,False,-0.18394
261.08,FINE,THRUST,79999.601,0.0007047,-4.01E-05,0.475,0.01727,0.02798,2278.71626,2278.93231,0.21605,0.00445,-0.00145,1E-05,0.00125,-0.00076,0.02598,0.00125,-0.00076,0.02598,48.55358,0.0260254,0.00053601,79999.652,79741.536,0.348,258.464,True,False,-0.20603
261.22,FINE,THRUST,79999.603,0.0007023,-3.97E-05,0.472,0.01725,0.02789,2278.71991,2278.93231,0.2124,0.00437,-0.00142,1E-05,0.00121,-0.00078,0.02555,0.00121,-0.00078,0.02555,48.55363,0.0255864,0.00052697,79999.656,79745.898,0.344,254.102,True,False,-0.2305
261.36,FINE,THRUST,79999.605,0.0006998,-3.94E-05,0.468,0.01724,0.02779,2278.7235,2278.9323,0.20881,0.0043,-0.0014,1E-05,0.00118,-0.0008,0.02511,0.00118,-0.0008,0.02511,48.55368,0.0251548,0.00051808,79999.66,79750.187,0.34,249.813,True,False,-0.25645
261.5,FINE,THRUST,79999.606,0.0006974,-3.91E-05,0.464,0.01722,0.02769,2278.72703,2278.9323,0.20527,0.00423,-0.00138,1E-05,0.00115,-0.00082,0.02469,0.00115,-0.00082,0.02469,48.55374,0.0247305,0.00050934,79999.664,79754.403,0.336,245.597,True,False,-0.28303
261.64,FINE,THRUST,79999.608,0.000695,-3.88E-05,0.46,0.0172,0.0276,2278.7305,2278.9323,0.2018,0.00416,-0.00135,1E-05,0.00111,-0.00083,0.02427,0.00111,-0.00083,0.02427,48.55379,0.0243135,0.00050075,79999.668,79758.549,0.332,241.451,True,False,-0.30946
261.78,FINE,THRUST,79999.604,0.0006926,-3.84E-05,0.456,0.01718,0.0275,2278.73391,2278.9323,0.19838,0.00409,-0.00133,1E-05,0.00109,-0.00085,0.02386,0.00109,-0.00085,0.02386,48.55385,0.0239038,0.00049231,79999.67,79762.624,0.33,237.376,True,False,-0.3281
261.92,FINE,THRUST,79999.604,0.0006901,-3.81E-05,0.452,0.01715,0.02741,2278.73728,2278.9323,0.19502,0.00402,-0.00131,1E-05,0.0011,-0.00087,0.02346,0.0011,-0.00087,0.02346,48.5539,0.0235018,0.00048404,79999.668,79766.632,0.332,233.368,True,False,-0.33579
262.06,FINE,THRUST,79999.606,0.0006876,-3.78E-05,0.448,0.01713,0.02731,2278.74058,2278.9323,0.19172,0.00395,-0.00128,1E-05,0.00107,-0.00088,0.02306,0.00107,-0.00088,0.02306,48.55395,0.0231057,0.00047588,79999.672,79770.571,0.328,229.429,True,False,-0.35925
262.2,FINE,THRUST,79999.608,0.0006852,-3.75E-05,0.445,0.0171,0.02721,2278.74382,2278.9323,0.18848,0.00388,-0.00126,0,0.00104,-0.0009,0.02267,0.00104,-0.0009,0.02267,48.554,0.0227162,0.00046785,79999.676,79774.444,0.324,225.556,True,False,-0.38011
262.34,FINE,THRUST,79999.61,0.0006826,-3.71E-05,0.441,0.01707,0.02711,2278.74701,2278.93229,0.18529,0.00382,-0.00124,0,0.00101,-0.00092,0.02229,0.00101,-0.00092,0.02229,48.55405,0.0223333,0.00045997,79999.68,79778.252,0.32,221.748,True,False,-0.39818
262.48,FINE,THRUST,79999.612,0.0006801,-3.68E-05,0.437,0.01704,0.02701,2278.75014,2278.93229,0.18215,0.00375,-0.00122,0,0.00098,-0.00093,0.02192,0.00098,-0.00093,0.02192,48.5541,0.021957,0.00045222,79999.684,79781.995,0.316,218.005,True,False,-0.41338
262.62,FINE,THRUST,79999.614,0.0006775,-3.65E-05,0.433,0.01701,0.02691,2278.75322,2278.93229,0.17907,0.00369,-0.0012,0,0.00095,-0.00095,0.02155,0.00095,-0.00095,0.02155,48.55415,0.021587,0.0004446,79999.688,79785.674,0.312,214.326,True,False,-0.42574
262.76,FINE,THRUST,79999.616,0.0006748,-3.62E-05,0.429,0.01698,0.0268,2278.75625,2278.93228,0.17604,0.00363,-0.00118,0,0.00092,-0.00096,0.02118,0.00092,-0.00096,0.02118,48.55419,0.0212233,0.0004371,79999.692,79789.292,0.308,210.708,True,False,-0.43523
262.9,FINE,THRUST,79999.618,0.0006721,-3.59E-05,0.426,0.01695,0.02669,2278.75922,2278.93228,0.17306,0.00356,-0.00116,0,0.0009,-0.00098,0.02082,0.0009,-0.00098,0.02082,48.55424,0.0208657,0.00042974,79999.696,79792.848,0.304,207.152,True,False,-0.44188
263.04,FINE,THRUST,79999.621,0.0006693,-3.56E-05,0.422,0.01693,0.02658,2278.76215,2278.93228,0.17013,0.0035,-0.00114,0,0.00087,-0.00099,0.02047,0.00087,-0.00099,0.02047,48.55429,0.0205143,0.0004225,79999.7,79796.345,0.3,203.655,True,False,-0.44564
263.18,FINE,THRUST,79999.623,0.0006665,-3.52E-05,0.418,0.0169,0.02647,2278.76503,2278.93227,0.16725,0.00344,-0.00112,0,0.00084,-0.00101,0.02013,0.00084,-0.00101,0.02013,48.55433,0.0201689,0.00041539,79999.704,79799.782,0.296,200.218,True,False,-0.44652
263.32,FINE,THRUST,79999.624,0.0006636,-3.49E-05,0.415,0.01687,0.02636,2278.76785,2278.93227,0.16442,0.00339,-0.0011,0,0.00081,-0.00102,0.01979,0.00081,-0.00102,0.01979,48.55437,0.0198293,0.00040839,79999.708,79803.161,0.292,196.839,True,False,-0.44458
263.46,FINE,THRUST,79999.626,0.0006607,-3.46E-05,0.411,0.01684,0.02624,2278.77063,2278.93227,0.16163,0.00333,-0.00108,0,0.00079,-0.00103,0.01945,0.00079,-0.00103,0.01945,48.55442,0.0194955,0.00040152,79999.712,79806.483,0.288,193.517,True,False,-0.43984
263.6,FINE,THRUST,79999.628,0.0006576,-3.43E-05,0.407,0.01681,0.02612,2278.77337,2278.93226,0.1589,0.00327,-0.00107,0,0.00076,-0.00104,0.01912,0.00076,-0.00104,0.01912,48.55446,0.0191674,0.00039476,79999.717,79809.749,0.283,190.251,True,False,-0.43239
263.74,FINE,THRUST,79999.63,0.0006545,-3.4E-05,0.404,0.01678,0.026,2278.77605,2278.93226,0.15621,0.00322,-0.00105,0,0.00074,-0.00105,0.0188,0.00074,-0.00105,0.0188,48.5545,0.0188449,0.00038812,79999.721,79812.959,0.279,187.041,True,False,-0.42246
263.88,FINE,THRUST,79999.632,0.0006513,-3.37E-05,0.4,0.01675,0.02587,2278.77869,2278.93226,0.15356,0.00316,-0.00103,0,0.00071,-0.00106,0.01848,0.00071,-0.00106,0.01848,48.55454,0.0185278,0.00038159,79999.725,79816.116,0.275,183.884,True,False,-0.41026
264.02,FINE,THRUST,79999.634,0.0006481,-3.34E-05,0.396,0.01672,0.02574,2278.78129,2278.93225,0.15096,0.00311,-0.00101,0,0.00069,-0.00107,0.01817,0.00069,-0.00107,0.01817,48.55458,0.0182162,0.00037517,79999.729,79819.219,0.271,180.781,True,False,-0.3961
264.16,FINE,THRUST,79999.635,0.0006448,-3.31E-05,0.393,0.01668,0.02561,2278.78384,2278.93225,0.14841,0.00306,-0.00099,0,0.00066,-0.00108,0.01786,0.00066,-0.00108,0.01786,48.55462,0.0179099,0.00036886,79999.733,79822.269,0.267,177.731,True,False,-0.38036
264.3,FINE,THRUST,79999.637,0.0006414,-3.28E-05,0.389,0.01665,0.02548,2278.78635,2278.93225,0.1459,0.003,-0.00098,0,0.00064,-0.00109,0.01756,0.00064,-0.00109,0.01756,48.55466,0.0176087,0.00036266,79999.737,79825.268,0.263,174.732,True,False,-0.36341
264.44,FINE,THRUST,79999.639,0.0006379,-3.25E-05,0.386,0.01662,0.02534,2278.78882,2278.93225,0.14343,0.00295,-0.00096,0,0.00062,-0.00109,0.01727,0.00062,-0.00109,0.01727,48.5547,0.0173127,0.00035656,79999.741,79828.217,0.259,171.783,True,False,-0.34567
264.58,FINE,THRUST,79999.64,0.0006344,-3.22E-05,0.382,0.01658,0.0252,2278.79124,2278.93224,0.141,0.0029,-0.00095,0,0.0006,-0.0011,0.01698,0.0006,-0.0011,0.01698,48.55474,0.0170217,0.00035057,79999.746,79831.115,0.254,168.885,True,False,-0.32762
264.72,FINE,THRUST,79999.642,0.0006308,-3.19E-05,0.379,0.01654,0.02506,2278.79363,2278.93224,0.13861,0.00285,-0.00093,0,0.00058,-0.00111,0.01669,0.00058,-0.00111,0.01669,48.55477,0.0167357,0.00034468,79999.75,79833.965,0.25,166.035,True,False,-0.30971
264.86,FINE,THRUST,79999.644,0.0006272,-3.16E-05,0.375,0.0165,0.02491,2278.79597,2278.93224,0.13627,0.00281,-0.00091,0,0.00056,-0.00111,0.01641,0.00056,-0.00111,0.01641,48.55481,0.0164545,0.00033888,79999.754,79836.766,0.246,163.234,True,False,-0.29234
265,FINE,THRUST,79999.645,0.0006235,-3.13E-05,0.372,0.01646,0.02477,2278.79827,2278.93223,0.13396,0.00276,-0.0009,0,0.00054,-0.00112,0.01613,0.00054,-0.00112,0.01613,48.55485,0.016178,0.00033319,79999.758,79839.52,0.242,160.48,True,False,-0.276
265.14,FINE,THRUST,79999.647,0.0006197,-3.1E-05,0.368,0.01642,0.02462,2278.80054,2278.93223,0.13169,0.00271,-0.00088,0,0.00052,-0.00112,0.01586,0.00052,-0.00112,0.01586,48.55488,0.0159063,0.00032759,79999.762,79842.228,0.238,157.772,True,False,-0.261
265.28,FINE,THRUST,79999.648,0.000616,-3.07E-05,0.365,0.01638,0.02447,2278.80277,2278.93223,0.12946,0.00267,-0.00087,0,0.0005,-0.00113,0.01559,0.0005,-0.00113,0.01559,48.55492,0.0156391,0.00032209,79999.766,79844.89,0.234,155.11,True,False,-0.24764
265.42,FINE,THRUST,79999.65,0.0006122,-3.04E-05,0.361,0.01634,0.02432,2278.80496,2278.93223,0.12727,0.00262,-0.00085,0,0.00049,-0.00113,0.01533,0.00049,-0.00113,0.01533,48.55495,0.0153765,0.00031668,79999.77,79847.506,0.23,152.494,True,False,-0.23619
265.56,FINE,THRUST,79999.652,0.0006083,-3.02E-05,0.358,0.01629,0.02417,2278.80711,2278.93222,0.12512,0.00258,-0.00084,0,0.00047,-0.00113,0.01507,0.00047,-0.00113,0.01507,48.55498,0.0151184,0.00031137,79999.775,79850.079,0.225,149.921,True,False,-0.22687
265.7,FINE,THRUST,79999.653,0.0006045,-2.99E-05,0.355,0.01625,0.02401,2278.80922,2278.93222,0.123,0.00253,-0.00082,0,0.00045,-0.00114,0.01481,0.00045,-0.00114,0.01481,48.55502,0.0148646,0.00030614,79999.779,79852.608,0.221,147.392,True,False,-0.21986
265.84,FINE,THRUST,79999.655,0.0006006,-2.96E-05,0.351,0.0162,0.02386,2278.8113,2278.93222,0.12092,0.00249,-0.00081,0,0.00043,-0.00114,0.01456,0.00043,-0.00114,0.01456,48.55505,0.0146151,0.000301,79999.783,79855.094,0.217,144.906,True,False,-0.2151
265.98,FINE,THRUST,79999.656,0.0005967,-2.93E-05,0.348,0.01616,0.02371,2278.81335,2278.93222,0.11887,0.00245,-0.0008,0,0.00042,-0.00114,0.01432,0.00042,-0.00114,0.01432,48.55508,0.0143699,0.00029595,79999.787,79857.539,0.213,142.461,True,False,-0.21269
266.12,FINE,THRUST,79999.658,0.0005928,-2.9E-05,0.345,0.01611,0.02355,2278.81536,2278.93221,0.11686,0.00241,-0.00078,0,0.0004,-0.00114,0.01408,0.0004,-0.00114,0.01408,48.55511,0.0141288,0.00029098,79999.791,79859.942,0.209,140.058,True,False,-0.21257
266.26,FINE,THRUST,79999.66,0.0005889,-2.88E-05,0.341,0.01606,0.0234,2278.81733,2278.93221,0.11488,0.00237,-0.00077,0,0.00038,-0.00114,0.01384,0.00038,-0.00114,0.01384,48.55514,0.0138918,0.0002861,79999.795,79862.304,0.205,137.696,True,False,-0.21462
266.4,FINE,THRUST,79999.661,0.000585,-2.85E-05,0.338,0.01601,0.02324,2278.81927,2278.93221,0.11293,0.00233,-0.00076,0,0.00037,-0.00115,0.01361,0.00037,-0.00115,0.01361,48.55517,0.0136588,0.00028131,79999.799,79864.627,0.201,135.373,True,False,-0.21868
266.54,FINE,THRUST,79999.663,0.0005811,-2.82E-05,0.335,0.01597,0.02309,2278.82118,2278.9322,0.11102,0.00229,-0.00074,0,0.00035,-0.00115,0.01338,0.00035,-0.00115,0.01338,48.5552,0.0134298,0.00027659,79999.803,79866.91,0.197,133.09,True,False,-0.22456
266.68,FINE,THRUST,79999.664,0.0005772,-2.79E-05,0.332,0.01592,0.02293,2278.82306,2278.9322,0.10914,0.00225,-0.00073,0,0.00034,-0.00115,0.01315,0.00034,-0.00115,0.01315,48.55523,0.0132047,0.00027195,79999.807,79869.154,0.193,130.846,True,False,-0.23205
266.82,FINE,THRUST,79999.666,0.0005733,-2.77E-05,0.328,0.01587,0.02278,2278.82491,2278.9322,0.10729,0.00221,-0.00072,0,0.00032,-0.00115,0.01293,0.00032,-0.00115,0.01293,48.55526,0.0129834,0.00026739,79999.812,79871.361,0.188,128.639,True,False,-0.24096
266.96,FINE,THRUST,79999.667,0.0005694,-2.74E-05,0.325,0.01582,0.02262,2278.82672,2278.9322,0.10548,0.00217,-0.00071,0,0.00031,-0.00115,0.01271,0.00031,-0.00115,0.01271,48.55529,0.0127659,0.00026291,79999.816,79873.531,0.184,126.469,True,False,-0.25096
267.1,FINE,THRUST,79999.669,0.0005655,-2.71E-05,0.322,0.01577,0.02247,2278.8285,2278.93219,0.10369,0.00214,-0.00069,0,0.0003,-0.00115,0.0125,0.0003,-0.00115,0.0125,48.55532,0.0125521,0.00025851,79999.82,79875.663,0.18,124.337,True,False,-0.26187
267.24,FINE,THRUST,79999.67,0.0005616,-2.69E-05,0.319,0.01572,0.02231,2278.83026,2278.93219,0.10194,0.0021,-0.00068,0,0.00028,-0.00115,0.01228,0.00028,-0.00115,0.01228,48.55535,0.0123419,0.00025418,79999.824,79877.76,0.176,122.24,True,False,-0.27343
267.38,FINE,THRUST,79999.672,0.0005578,-2.66E-05,0.316,0.01567,0.02216,2278.83198,2278.93219,0.10021,0.00206,-0.00067,0,0.00027,-0.00115,0.01208,0.00027,-0.00115,0.01208,48.55537,0.0121353,0.00024993,79999.828,79879.822,0.172,120.178,True,False,-0.28532
267.52,FINE,THRUST,79999.673,0.0005539,-2.63E-05,0.313,0.01562,0.02201,2278.83367,2278.93219,0.09851,0.00203,-0.00066,0,0.00026,-0.00115,0.01187,0.00026,-0.00115,0.01187,48.5554,0.0119322,0.00024574,79999.832,79881.848,0.168,118.152,True,False,-0.29731
267.68,FINE,THRUST,79999.675,0.0005501,-2.61E-05,0.31,0.01557,0.02185,2278.83534,2278.93218,0.09684,0.00199,-0.00065,0,0.00024,-0.00115,0.01167,0.00024,-0.00115,0.01167,48.55542,0.0117326,0.00024163,79999.836,79883.841,0.164,116.159,True,False,-0.30918
267.82,FINE,THRUST,79999.676,0.0005463,-2.58E-05,0.307,0.01552,0.0217,2278.83698,2278.93218,0.0952,0.00196,-0.00064,0,0.00023,-0.00115,0.01148,0.00023,-0.00115,0.01148,48.55545,0.0115363,0.00023759,79999.841,79885.8,0.159,114.2,True,False,-0.32067
267.96,FINE,THRUST,79999.678,0.0005424,-2.56E-05,0.304,0.01547,0.02155,2278.83859,2278.93218,0.09359,0.00193,-0.00063,0,0.00022,-0.00115,0.01128,0.00022,-0.00115,0.01128,48.55548,0.0113434,0.00023362,79999.845,79887.725,0.155,112.275,True,False,-0.33156
268.1,FINE,THRUST,79999.679,0.0005386,-2.53E-05,0.301,0.01542,0.0214,2278.84017,2278.93218,0.09201,0.00189,-0.00062,0,0.00021,-0.00115,0.01109,0.00021,-0.00115,0.01109,48.5555,0.0111538,0.00022971,79999.849,79889.619,0.151,110.381,True,False,-0.34163
268.24,FINE,THRUST,79999.681,0.0005348,-2.51E-05,0.298,0.01537,0.02125,2278.84173,2278.93217,0.09045,0.00186,-0.00061,0,0.0002,-0.00115,0.01091,0.0002,-0.00115,0.01091,48.55552,0.0109674,0.00022587,79999.853,79891.48,0.147,108.52,True,False,-0.35079
268.38,FINE,THRUST,79999.682,0.000531,-2.48E-05,0.295,0.01532,0.0211,2278.84326,2278.93217,0.08892,0.00183,-0.0006,0,0.00018,-0.00115,0.01072,0.00018,-0.00115,0.01072,48.55555,0.0107842,0.0002221,79999.857,79893.31,0.143,106.69,True,False,-0.3588
268.52,FINE,THRUST,79999.684,0.0005272,-2.46E-05,0.292,0.01527,0.02095,2278.84476,2278.93217,0.08741,0.0018,-0.00059,0,0.00017,-0.00115,0.01054,0.00017,-0.00115,0.01054,48.55557,0.0106041,0.00021839,79999.861,79895.109,0.139,104.891,True,False,-0.36562
268.66,FINE,THRUST,79999.685,0.0005235,-2.43E-05,0.289,0.01521,0.0208,2278.84624,2278.93217,0.08593,0.00177,-0.00058,0,0.00016,-0.00115,0.01036,0.00016,-0.00115,0.01036,48.5556,0.0104271,0.00021475,79999.866,79896.877,0.134,103.123,True,False,-0.37117
268.8,FINE,THRUST,79999.686,0.0005197,-2.41E-05,0.286,0.01516,0.02065,2278.84769,2278.93217,0.08447,0.00174,-0.00057,0,0.00015,-0.00115,0.01019,0.00015,-0.00115,0.01019,48.55562,0.0102531,0.00021116,79999.87,79898.616,0.13,101.384,True,False,-0.37532
268.94,FINE,THRUST,79999.688,0.0005159,-2.38E-05,0.283,0.01511,0.0205,2278.84912,2278.93216,0.08304,0.00171,-0.00056,0,0.00014,-0.00115,0.01002,0.00014,-0.00115,0.01002,48.55564,0.010082,0.00020764,79999.874,79900.326,0.126,99.674,True,False,-0.37811
269.08,FINE,THRUST,79999.689,0.0005121,-2.36E-05,0.28,0.01506,0.02035,2278.85053,2278.93216,0.08163,0.00168,-0.00055,0,0.00013,-0.00114,0.00985,0.00013,-0.00114,0.00985,48.55566,0.0099138,0.00020417,79999.878,79902.006,0.122,97.994,True,False,-0.37952
269.22,FINE,THRUST,79999.69,0.0005083,-2.34E-05,0.277,0.015,0.0202,2278.85191,2278.93216,0.08025,0.00165,-0.00054,0,0.00012,-0.00114,0.00968,0.00012,-0.00114,0.00968,48.55568,0.0097485,0.00020077,79999.882,79903.658,0.118,96.342,True,False,-0.37961
269.36,FINE,THRUST,79999.692,0.0005046,-2.31E-05,0.274,0.01495,0.02005,2278.85326,2278.93216,0.07889,0.00162,-0.00053,0,0.00011,-0.00114,0.00952,0.00011,-0.00114,0.00952,48.5557,0.009586,0.00019742,79999.886,79905.283,0.114,94.717,True,False,-0.37841
269.5,FINE,THRUST,79999.693,0.0005008,-2.29E-05,0.272,0.0149,0.0199,2278.8546,2278.93215,0.07755,0.0016,-0.00052,0,0.00011,-0.00114,0.00936,0.00011,-0.00114,0.00936,48.55573,0.0094262,0.00019413,79999.891,79906.879,0.109,93.121,True,False,-0.37595
269.64,FINE,THRUST,79999.694,0.000497,-2.27E-05,0.269,0.01484,0.01975,2278.85591,2278.93215,0.07624,0.00157,-0.00051,0,0.0001,-0.00114,0.0092,0.0001,-0.00114,0.0092,48.55575,0.0092692,0.0001909,79999.895,79908.449,0.105,91.551,True,False,-0.37243
269.78,FINE,THRUST,79999.696,0.0004932,-2.24E-05,0.266,0.01479,0.0196,2278.8572,2278.93215,0.07495,0.00154,-0.0005,0,9E-05,-0.00114,0.00904,9E-05,-0.00114,0.00904,48.55576,0.0091148,0.00018772,79999.899,79909.992,0.101,90.008,True,False,-0.36782
269.92,FINE,THRUST,79999.697,0.0004894,-2.22E-05,0.263,0.01474,0.01945,2278.85847,2278.93215,0.07368,0.00152,-0.00049,0,8E-05,-0.00113,0.00889,8E-05,-0.00113,0.00889,48.55579,0.0089631,0.00018459,79999.903,79911.509,0.097,88.491,True,False,-0.36242
270.06,FINE,THRUST,79999.698,0.0004857,-2.2E-05,0.261,0.01468,0.0193,2278.85972,2278.93215,0.07243,0.00149,-0.00049,0,7E-05,-0.00113,0.00874,7E-05,-0.00113,0.00874,48.55581,0.0088139,0.00018152,79999.907,79913.001,0.093,86.999,True,False,-0.35623
270.2,FINE,THRUST,79999.699,0.0004819,-2.17E-05,0.258,0.01463,0.01915,2278.86094,2278.93214,0.0712,0.00147,-0.00048,0,6E-05,-0.00113,0.00859,6E-05,-0.00113,0.00859,48.55582,0.0086672,0.0001785,79999.912,79914.467,0.088,85.533,True,False,-0.34957
270.34,FINE,THRUST,79999.701,0.0004781,-2.15E-05,0.255,0.01458,0.019,2278.86215,2278.93214,0.07,0.00144,-0.00047,0,6E-05,-0.00112,0.00845,6E-05,-0.00112,0.00845,48.55584,0.008523,0.00017553,79999.916,79915.909,0.084,84.091,True,False,-0.34235
270.48,FINE,THRUST,79999.702,0.0004743,-2.13E-05,0.253,0.01452,0.01885,2278.86333,2278.93214,0.06881,0.00142,-0.00046,0,5E-05,-0.00112,0.00831,5E-05,-0.00112,0.00831,48.55586,0.0083813,0.00017261,79999.92,79917.326,0.08,82.674,True,False,-0.33493
270.62,FINE,THRUST,79999.703,0.0004705,-2.11E-05,0.25,0.01447,0.0187,2278.86449,2278.93214,0.06764,0.00139,-0.00045,0,4E-05,-0.00112,0.00817,4E-05,-0.00112,0.00817,48.55588,0.0082419,0.00016974,79999.924,79918.719,0.076,81.281,True,False,-0.32738
270.76,FINE,THRUST,79999.704,0.0004667,-2.08E-05,0.247,0.01442,0.01855,2278.86564,2278.93213,0.0665,0.00137,-0.00045,0,3E-05,-0.00111,0.00803,3E-05,-0.00111,0.00803,48.5559,0.0081049,0.00016692,79999.929,79920.088,0.071,79.912,True,False,-0.31983
270.9,FINE,THRUST,79999.706,0.0004629,-2.06E-05,0.245,0.01436,0.0184,2278.86676,2278.93213,0.06537,0.00135,-0.00044,0,3E-05,-0.00111,0.00789,3E-05,-0.00111,0.00789,48.55592,0.0079703,0.00016415,79999.933,79921.434,0.067,78.566,True,False,-0.31249
271.04,FINE,THRUST,79999.707,0.0004592,-2.04E-05,0.242,0.01431,0.01825,2278.86787,2278.93213,0.06426,0.00132,-0.00043,0,2E-05,-0.00111,0.00776,2E-05,-0.00111,0.00776,48.55593,0.0078379,0.00016142,79999.937,79922.758,0.063,77.242,True,False,-0.30547
271.18,FINE,THRUST,79999.708,0.0004554,-2.02E-05,0.24,0.01426,0.0181,2278.86896,2278.93213,0.06317,0.0013,-0.00042,0,1E-05,-0.0011,0.00763,1E-05,-0.0011,0.00763,48.55595,0.0077077,0.00015874,79999.941,79924.059,0.059,75.941,True,False,-0.2989
271.32,FINE,THRUST,79999.709,0.0004516,-2E-05,0.237,0.0142,0.01795,2278.87002,2278.93213,0.0621,0.00128,-0.00042,0,1E-05,-0.0011,0.0075,1E-05,-0.0011,0.0075,48.55597,0.0075798,0.0001561,79999.946,79925.338,0.054,74.662,True,False,-0.2929
271.46,FINE,THRUST,79999.71,0.0004479,-1.98E-05,0.235,0.01415,0.0178,2278.87108,2278.93212,0.06105,0.00126,-0.00041,0,0,-0.00109,0.00737,0,-0.00109,0.00737,48.55598,0.007454,0.00015351,79999.95,79926.595,0.05,73.405,True,False,-0.28746
271.6,FINE,THRUST,79999.712,0.0004441,-1.96E-05,0.232,0.0141,0.01765,2278.87211,2278.93212,0.06001,0.00124,-0.0004,0,0,-0.00109,0.00725,0,-0.00109,0.00725,48.556,0.0073304,0.00015097,79999.954,79927.831,0.046,72.169,True,False,-0.28275
271.74,FINE,THRUST,79999.713,0.0004404,-1.94E-05,0.23,0.01404,0.0175,2278.87312,2278.93212,0.059,0.00122,-0.0004,0,-1E-05,-0.00108,0.00713,-1E-05,-0.00108,0.00713,48.55601,0.0072088,0.00014846,79999.959,79929.046,0.041,70.954,True,False,-0.27883
271.88,FINE,THRUST,79999.714,0.0004367,-1.92E-05,0.227,0.01399,0.01735,2278.87412,2278.93212,0.058,0.00119,-0.00039,0,-1E-05,-0.00108,0.00701,-1E-05,-0.00108,0.00701,48.55603,0.0070893,0.000146,79999.963,79930.241,0.037,69.759,True,False,-0.2758
272.02,FINE,THRUST,79999.715,0.0004329,-1.9E-05,0.225,0.01394,0.0172,2278.8751,2278.93212,0.05701,0.00117,-0.00038,0,-2E-05,-0.00107,0.00689,-2E-05,-0.00107,0.00689,48.55605,0.0069719,0.00014358,79999.967,79931.415,0.033,68.585,True,False,-0.27347
272.16,FINE,THRUST,79999.716,0.0004292,-1.87E-05,0.223,0.01388,0.01706,2278.87607,2278.93211,0.05605,0.00115,-0.00038,0,-3E-05,-0.00107,0.00677,-3E-05,-0.00107,0.00677,48.55606,0.0068564,0.00014121,79999.972,79932.57,0.028,67.43,True,False,-0.27216
272.3,FINE,THRUST,79999.717,0.0004256,-1.85E-05,0.22,0.01383,0.01691,2278.87701,2278.93211,0.0551,0.00113,-0.00037,0,-3E-05,-0.00107,0.00666,-3E-05,-0.00107,0.00666,48.55608,0.0067429,0.00013887,79999.976,79933.704,0.024,66.296,True,False,-0.27165
272.44,FINE,THRUST,79999.718,0.0004219,-1.84E-05,0.218,0.01378,0.01677,2278.87795,2278.93211,0.05416,0.00112,-0.00036,0,-4E-05,-0.00106,0.00655,-4E-05,-0.00106,0.00655,48.55609,0.0066313,0.00013657,79999.98,79934.82,0.02,65.18,True,False,-0.27206
272.58,FINE,THRUST,79999.719,0.0004182,-1.82E-05,0.215,0.01373,0.01662,2278.87886,2278.93211,0.05325,0.0011,-0.00036,0,-4E-05,-0.00105,0.00644,-4E-05,-0.00105,0.00644,48.55611,0.0065216,0.00013431,79999.985,79935.917,0.015,64.083,True,False,-0.27329
272.72,FINE,THRUST,79999.721,0.0004146,-1.8E-05,0.213,0.01367,0.01648,2278.87976,2278.93211,0.05234,0.00108,-0.00035,0,-4E-05,-0.00105,0.00633,-4E-05,-0.00105,0.00633,48.55612,0.0064137,0.00013209,79999.989,79936.995,0.011,63.005,True,False,-0.27534
272.86,FINE,THRUST,79999.722,0.000411,-1.78E-05,0.211,0.01362,0.01633,2278.88065,2278.93211,0.05146,0.00106,-0.00034,0,-5E-05,-0.00104,0.00622,-5E-05,-0.00104,0.00622,48.55613,0.0063077,0.00012991,79999.994,79938.055,0.006,61.945,True,False,-0.27817
273,FINE,THRUST,79999.723,0.0004074,-1.76E-05,0.209,0.01357,0.01619,2278.88152,2278.9321,0.05058,0.00104,-0.00034,0,-5E-05,-0.00104,0.00612,-5E-05,-0.00104,0.00612,48.55615,0.0062035,0.00012776,79999.998,79939.097,0.002,60.903,True,False,-0.28178
273.14,FINE,THRUST,79999.724,0.0004038,-1.74E-05,0.206,0.01352,0.01605,2278.88238,2278.9321,0.04973,0.00102,-0.00033,0,-6E-05,-0.00103,0.00601,-6E-05,-0.00103,0.00601,48.55616,0.006101,0.00012565,80000.002,79940.122,-0.002,59.878,True,False,-0.28599
273.28,FINE,THRUST,79999.725,0.0004003,-1.72E-05,0.204,0.01347,0.01591,2278.88322,2278.9321,0.04888,0.00101,-0.00033,0,-6E-05,-0.00103,0.00591,-6E-05,-0.00103,0.00591,48.55618,0.0060003,0.00012358,80000.007,79941.129,-0.007,58.871,True,False,-0.2907
273.42,FINE,THRUST,79999.726,0.0003968,-1.7E-05,0.202,0.01341,0.01577,2278.88404,2278.9321,0.04805,0.00099,-0.00032,0,-7E-05,-0.00102,0.00581,-7E-05,-0.00102,0.00581,48.55619,0.0059013,0.00012154,80000.011,79942.119,-0.011,57.881,True,False,-0.29577
273.56,FINE,THRUST,79999.727,0.0003933,-1.68E-05,0.2,0.01336,0.01563,2278.88486,2278.9321,0.04724,0.00097,-0.00032,0,-7E-05,-0.00102,0.00571,-7E-05,-0.00102,0.00571,48.5562,0.005804,0.00011953,80000.016,79943.093,-0.016,56.907,True,False,-0.30121
273.7,FINE,THRUST,79999.728,0.0003898,-1.66E-05,0.197,0.01331,0.01549,2278.88566,2278.9321,0.04644,0.00096,-0.00031,0,-7E-05,-0.00101,0.00562,-7E-05,-0.00101,0.00562,48.55621,0.0057083,0.00011756,80000.02,79944.049,-0.02,55.951,True,False,-0.30685
273.84,FINE,THRUST,79999.729,0.0003863,-1.65E-05,0.195,0.01326,0.01535,2278.88644,2278.93209,0.04565,0.00094,-0.00031,0,-8E-05,-0.00101,0.00552,-8E-05,-0.00101,0.00552,48.55622,0.0056143,0.00011562,80000.025,79944.99,-0.025,55.01,True,False,-0.31248
273.98,FINE,THRUST,79999.73,0.0003829,-1.63E-05,0.193,0.01321,0.01522,2278.88721,2278.93209,0.04488,0.00092,-0.0003,0,-8E-05,-0.001,0.00543,-8E-05,-0.001,0.00543,48.55624,0.0055218,0.00011372,80000.029,79945.915,-0.029,54.085,True,False,-0.31814
274.12,FINE,THRUST,79999.731,0.0003795,-1.61E-05,0.191,0.01316,0.01508,2278.88797,2278.93209,0.04412,0.00091,-0.0003,0,-8E-05,-0.001,0.00534,-8E-05,-0.001,0.00534,48.55625,0.0054309,0.00011185,80000.034,79946.824,-0.034,53.176,True,False,-0.32367
274.26,FINE,THRUST,79999.732,0.0003761,-1.59E-05,0.189,0.01311,0.01494,2278.88872,2278.93209,0.04337,0.00089,-0.00029,0,-9E-05,-0.00099,0.00525,-9E-05,-0.00099,0.00525,48.55626,0.0053415,0.00011001,80000.038,79947.718,-0.038,52.282,True,False,-0.3289
274.4,FINE,THRUST,79999.733,0.0003727,-1.57E-05,0.187,0.01306,0.01481,2278.88946,2278.93209,0.04263,0.00088,-0.00029,0,-9E-05,-0.00099,0.00516,-9E-05,-0.00099,0.00516,48.55627,0.0052537,0.0001082,80000.043,79948.597,-0.043,51.403,True,False,-0.33374
274.54,FINE,THRUST,79999.734,0.0003693,-1.56E-05,0.185,0.01301,0.01468,2278.89018,2278.93209,0.04191,0.00086,-0.00028,0,-9E-05,-0.00098,0.00507,-9E-05,-0.00098,0.00507,48.55628,0.0051674,0.00010642,80000.048,79949.461,-0.048,50.539,True,False,-0.338
274.68,FINE,THRUST,79999.735,0.000366,-1.54E-05,0.183,0.01296,0.01454,2278.89089,2278.93208,0.0412,0.00085,-0.00028,0,-0.0001,-0.00097,0.00499,-0.0001,-0.00097,0.00499,48.5563,0.0050825,0.00010467,80000.052,79950.31,-0.052,49.69,True,False,-0.34177
274.82,FINE,THRUST,79999.736,0.0003627,-1.52E-05,0.181,0.01291,0.01441,2278.89158,2278.93208,0.0405,0.00083,-0.00027,0,-0.0001,-0.00097,0.0049,-0.0001,-0.00097,0.0049,48.55631,0.004999,0.00010295,80000.057,79951.145,-0.057,48.855,True,False,-0.34482
274.96,FINE,THRUST,79999.736,0.0003594,-1.51E-05,0.179,0.01286,0.01428,2278.89227,2278.93208,0.03981,0.00082,-0.00027,0,-0.0001,-0.00096,0.00482,-0.0001,-0.00096,0.00482,48.55632,0.004917,0.00010126,80000.062,79951.965,-0.062,48.035,True,False,-0.34723
275.1,FINE,THRUST,79999.737,0.0003561,-1.49E-05,0.177,0.01281,0.01415,2278.89294,2278.93208,0.03914,0.00081,-0.00026,0,-0.0001,-0.00096,0.00474,-0.0001,-0.00096,0.00474,48.55633,0.0048363,9.96E-05,80000.066,79952.772,-0.066,47.228,True,False,-0.34895
275.24,FINE,THRUST,79999.738,0.0003528,-1.47E-05,0.175,0.01276,0.01402,2278.89361,2278.93208,0.03847,0.00079,-0.00026,0,-0.00011,-0.00095,0.00466,-0.00011,-0.00095,0.00466,48.55634,0.004757,9.797E-05,80000.071,79953.565,-0.071,46.435,True,False,-0.34984
275.38,FINE,THRUST,79999.739,0.0003496,-1.46E-05,0.173,0.01271,0.01389,2278.89426,2278.93208,0.03782,0.00078,-0.00025,0,-0.00011,-0.00095,0.00458,-0.00011,-0.00095,0.00458,48.55635,0.004679,9.636E-05,80000.076,79954.345,-0.076,45.655,True,False,-0.35006
275.52,FINE,THRUST,79999.732,0.0003463,-1.44E-05,0.171,0.01266,0.01376,2278.8949,2278.93208,0.03717,0.00077,-0.00025,0,-9E-05,-0.00094,0.0045,-9E-05,-0.00094,0.0045,48.55636,0.0046017,9.477E-05,80000.078,79955.112,-0.078,44.888,True,False,0.33771
275.66,FINE,THRUST,79999.733,0.0003431,-1.42E-05,0.169,0.01261,0.01364,2278.89555,2278.93209,0.03654,0.00075,-0.00024,0,-6E-05,-0.00094,0.00443,-6E-05,-0.00094,0.00443,48.55637,0.0045251,9.319E-05,80000.078,79955.867,-0.078,44.133,True,False,0.59257
275.8,FINE,THRUST,79999.735,0.0003399,-1.41E-05,0.167,0.01256,0.01351,2278.89617,2278.93208,0.03592,0.00074,-0.00024,0,-7E-05,-0.00093,0.00435,-7E-05,-0.00093,0.00435,48.55638,0.004451,9.167E-05,80000.082,79956.608,-0.082,43.392,True,False,0.58745
275.94,FINE,THRUST,79999.736,0.0003368,-1.39E-05,0.165,0.0125,0.01338,2278.89677,2278.93208,0.03531,0.00073,-0.00024,0,-7E-05,-0.00092,0.00428,-7E-05,-0.00092,0.00428,48.55639,0.004378,9.016E-05,80000.086,79957.337,-0.086,42.663,True,False,0.55416
276.08,FINE,THRUST,79999.738,0.0003336,-1.38E-05,0.163,0.01244,0.01326,2278.89737,2278.93208,0.03471,0.00071,-0.00023,0,-7E-05,-0.00092,0.00421,-7E-05,-0.00092,0.00421,48.5564,0.0043063,8.869E-05,80000.09,79958.052,-0.09,41.948,True,False,0.48521
276.22,FINE,THRUST,79999.74,0.0003305,-1.36E-05,0.162,0.01239,0.01313,2278.89796,2278.93208,0.03412,0.0007,-0.00023,0,-8E-05,-0.00091,0.00414,-8E-05,-0.00091,0.00414,48.55641,0.0042358,8.724E-05,80000.095,79958.756,-0.095,41.244,True,False,0.39802
276.36,FINE,THRUST,79999.742,0.0003274,-1.35E-05,0.16,0.01234,0.01301,2278.89854,2278.93207,0.03354,0.00069,-0.00022,0,-9E-05,-0.00091,0.00407,-9E-05,-0.00091,0.00407,48.55642,0.0041665,8.581E-05,80000.1,79959.447,-0.1,40.553,True,False,0.32725
276.5,FINE,THRUST,79999.744,0.0003242,-1.33E-05,0.158,0.01229,0.01289,2278.8991,2278.93207,0.03297,0.00068,-0.00022,0,-0.0001,-0.0009,0.004,-0.0001,-0.0009,0.004,48.55643,0.0040985,8.441E-05,80000.105,79960.127,-0.105,39.873,True,False,-0.32172
276.64,FINE,THRUST,79999.745,0.0003212,-1.32E-05,0.156,0.01225,0.01276,2278.89966,2278.93207,0.0324,0.00067,-0.00022,0,-0.00011,-0.00089,0.00393,-0.00011,-0.00089,0.00393,48.55644,0.0040316,8.303E-05,80000.11,79960.794,-0.11,39.206,True,False,-0.39254
276.78,FINE,THRUST,79999.747,0.0003181,-1.3E-05,0.154,0.01222,0.01264,2278.90021,2278.93206,0.03185,0.00066,-0.00021,0,-0.00012,-0.00089,0.00386,-0.00012,-0.00089,0.00386,48.55644,0.0039659,8.168E-05,80000.116,79961.45,-0.116,38.55,True,False,-0.49652
276.92,FINE,THRUST,79999.748,0.000315,-1.29E-05,0.153,0.01219,0.01252,2278.90075,2278.93206,0.03131,0.00064,-0.00021,0,-0.00013,-0.00088,0.0038,-0.00013,-0.00088,0.0038,48.55645,0.0039013,8.035E-05,80000.121,79962.095,-0.121,37.905,True,False,-0.59451
277.06,FINE,THRUST,79999.749,0.000312,-1.27E-05,0.151,0.01216,0.0124,2278.90128,2278.93206,0.03078,0.00063,-0.00021,0,-0.00013,-0.00088,0.00373,-0.00013,-0.00088,0.00373,48.55646,0.0038379,7.904E-05,80000.127,79962.729,-0.127,37.271,True,False,-0.66506
277.2,FINE,THRUST,79999.75,0.000309,-1.26E-05,0.149,0.01213,0.01228,2278.9018,2278.93206,0.03026,0.00062,-0.0002,0,-0.00014,-0.00087,0.00367,-0.00014,-0.00087,0.00367,48.55647,0.0037755,7.775E-05,80000.133,79963.352,-0.133,36.648,True,False,-0.69727
277.34,FINE,THRUST,79999.75,0.000306,-1.24E-05,0.147,0.0121,0.01216,2278.90231,2278.93206,0.02974,0.00061,-0.0002,0,-0.00014,-0.00086,0.00361,-0.00014,-0.00086,0.00361,48.55648,0.0037142,7.649E-05,80000.139,79963.965,-0.139,36.035,True,False,-0.687
277.48,FINE,THRUST,79999.751,0.000303,-1.23E-05,0.146,0.01207,0.01204,2278.90282,2278.93206,0.02924,0.0006,-0.0002,0,-0.00014,-0.00086,0.00355,-0.00014,-0.00086,0.00355,48.55648,0.0036538,7.525E-05,80000.145,79964.567,-0.145,35.433,True,False,-0.63617
277.62,FINE,THRUST,79999.751,0.0003,-1.21E-05,0.144,0.01203,0.01192,2278.90331,2278.93206,0.02874,0.00059,-0.00019,0,-0.00014,-0.00085,0.00349,-0.00014,-0.00085,0.00349,48.55649,0.0035945,7.403E-05,80000.151,79965.159,-0.151,34.841,True,False,-0.55174
277.76,FINE,THRUST,79999.75,0.000297,-1.2E-05,0.142,0.012,0.01181,2278.9038,2278.93206,0.02826,0.00058,-0.00019,0,-0.00013,-0.00085,0.00343,-0.00013,-0.00085,0.00343,48.5565,0.003536,7.282E-05,80000.157,79965.741,-0.157,34.259,True,False,-0.44657
277.9,FINE,THRUST,79999.75,0.0002941,-1.19E-05,0.141,0.01195,0.01169,2278.90428,2278.93206,0.02778,0.00057,-0.00019,0,-0.00013,-0.00084,0.00337,-0.00013,-0.00084,0.00337,48.55651,0.0034786,7.164E-05,80000.162,79966.313,-0.162,33.687,True,False,-0.34052
278.04,FINE,THRUST,79999.75,0.0002912,-1.17E-05,0.139,0.01191,0.01157,2278.90475,2278.93206,0.02731,0.00056,-0.00018,0,-0.00012,-0.00083,0.00332,-0.00012,-0.00083,0.00332,48.55652,0.0034221,7.048E-05,80000.168,79966.876,-0.168,33.124,True,False,-0.26479
278.18,FINE,THRUST,79999.75,0.0002883,-1.16E-05,0.137,0.01186,0.01146,2278.90521,2278.93206,0.02684,0.00055,-0.00018,0,-0.00012,-0.00083,0.00326,-0.00012,-0.00083,0.00326,48.55652,0.0033665,6.933E-05,80000.173,79967.429,-0.173,32.571,True,False,0.25148
278.32,FINE,THRUST,79999.751,0.0002854,-1.14E-05,0.136,0.01181,0.01134,2278.90567,2278.93206,0.02639,0.00054,-0.00018,0,-0.00012,-0.00082,0.00321,-0.00012,-0.00082,0.00321,48.55653,0.0033118,6.821E-05,80000.178,79967.973,-0.178,32.027,True,False,0.28807
278.46,FINE,THRUST,79999.751,0.0002826,-1.13E-05,0.134,0.01176,0.01123,2278.90611,2278.93206,0.02594,0.00053,-0.00017,0,-0.00011,-0.00081,0.00315,-0.00011,-0.00081,0.00315,48.55654,0.0032581,6.71E-05,80000.183,79968.508,-0.183,31.492,True,False,0.33149
278.6,FINE,THRUST,79999.752,0.0002797,-1.12E-05,0.133,0.01171,0.01112,2278.90655,2278.93205,0.0255,0.00053,-0.00017,0,-0.00011,-0.00081,0.0031,-0.00011,-0.00081,0.0031,48.55654,0.0032053,6.601E-05,80000.188,79969.033,-0.188,30.967,True,False,0.35398
278.74,FINE,THRUST,79999.753,0.0002769,-1.11E-05,0.131,0.01166,0.01101,2278.90698,2278.93205,0.02507,0.00052,-0.00017,0,-0.00011,-0.0008,0.00305,-0.00011,-0.0008,0.00305,48.55655,0.0031534,6.494E-05,80000.192,79969.549,-0.192,30.451,True,False,0.34606
278.88,FINE,THRUST,79999.754,0.0002741,-1.09E-05,0.13,0.01161,0.0109,2278.90741,2278.93205,0.02464,0.00051,-0.00017,0,-0.00012,-0.0008,0.003,-0.00012,-0.0008,0.003,48.55656,0.0031023,6.389E-05,80000.197,79970.057,-0.197,29.943,True,False,0.3104
279.02,FINE,THRUST,79999.756,0.0002714,-1.08E-05,0.128,0.01157,0.01079,2278.90782,2278.93205,0.02423,0.0005,-0.00016,0,-0.00012,-0.00079,0.00295,-0.00012,-0.00079,0.00295,48.55657,0.0030522,6.286E-05,80000.203,79970.556,-0.203,29.444,True,False,0.26437
279.16,FINE,THRUST,79999.757,0.0002686,-1.07E-05,0.127,0.01152,0.01068,2278.90823,2278.93205,0.02381,0.00049,-0.00016,0,-0.00012,-0.00078,0.0029,-0.00012,-0.00078,0.0029,48.55657,0.0030029,6.184E-05,80000.208,79971.046,-0.208,28.954,True,False,-0.24514
279.3,FINE,THRUST,79999.758,0.0002659,-1.05E-05,0.125,0.01148,0.01057,2278.90864,2278.93204,0.02341,0.00048,-0.00016,0,-0.00013,-0.00078,0.00285,-0.00013,-0.00078,0.00285,48.55658,0.0029545,6.085E-05,80000.214,79971.528,-0.214,28.472,True,False,-0.28809
279.44,FINE,THRUST,79999.76,0.0002632,-1.04E-05,0.124,0.01145,0.01046,2278.90903,2278.93204,0.02301,0.00047,-0.00015,0,-0.00014,-0.00077,0.0028,-0.00014,-0.00077,0.0028,48.55659,0.0029069,5.987E-05,80000.22,79972.001,-0.22,27.999,True,False,-0.3778
279.58,FINE,THRUST,79999.761,0.0002605,-1.03E-05,0.122,0.01142,0.01035,2278.90942,2278.93204,0.02262,0.00047,-0.00015,0,-0.00014,-0.00077,0.00275,-0.00014,-0.00077,0.00275,48.55659,0.0028602,5.89E-05,80000.226,79972.467,-0.226,27.533,True,False,-0.47884
279.72,FINE,THRUST,79999.762,0.0002579,-1.02E-05,0.121,0.01139,0.01025,2278.90981,2278.93204,0.02223,0.00046,-0.00015,0,-0.00014,-0.00076,0.00271,-0.00014,-0.00076,0.00271,48.5566,0.0028143,5.796E-05,80000.233,79972.924,-0.233,27.076,True,False,-0.5639
279.86,FINE,THRUST,79999.762,0.0002552,-1.01E-05,0.119,0.01136,0.01014,2278.91018,2278.93204,0.02185,0.00045,-0.00015,0,-0.00015,-0.00075,0.00266,-0.00015,-0.00075,0.00266,48.5566,0.0027691,5.703E-05,80000.239,79973.374,-0.239,26.626,True,False,-0.61699
280,FINE,THRUST,79999.763,0.0002526,-9.9E-06,0.118,0.01133,0.01004,2278.91055,2278.93204,0.02148,0.00044,-0.00014,0,-0.00015,-0.00075,0.00262,-0.00015,-0.00075,0.00262,48.55661,0.0027246,5.611E-05,80000.246,79973.815,-0.246,26.185,True,False,-0.62955
280.14,FINE,THRUST,79999.763,0.00025,-9.8E-06,0.117,0.0113,0.00994,2278.91092,2278.93204,0.02112,0.00043,-0.00014,0,-0.00015,-0.00074,0.00257,-0.00015,-0.00074,0.00257,48.55661,0.0026808,5.521E-05,80000.253,79974.25,-0.253,25.75,True,False,-0.59921
280.28,FINE,THRUST,79999.763,0.0002475,-9.7E-06,0.115,0.01127,0.00984,2278.91128,2278.93204,0.02076,0.00043,-0.00014,0,-0.00015,-0.00074,0.00253,-0.00015,-0.00074,0.00253,48.55662,0.0026377,5.432E-05,80000.26,79974.677,-0.26,25.323,True,False,-0.53115
280.42,FINE,THRUST,79999.763,0.0002449,-9.6E-06,0.114,0.01124,0.00973,2278.91163,2278.93204,0.02041,0.00042,-0.00014,0,-0.00014,-0.00073,0.00249,-0.00014,-0.00073,0.00249,48.55663,0.0025953,5.345E-05,80000.266,79975.097,-0.266,24.903,True,False,-0.43788
280.56,FINE,THRUST,79999.763,0.0002424,-9.5E-06,0.112,0.0112,0.00963,2278.91197,2278.93204,0.02006,0.00041,-0.00013,0,-0.00014,-0.00072,0.00244,-0.00014,-0.00072,0.00244,48.55663,0.0025536,5.259E-05,80000.273,79975.51,-0.273,24.49,True,False,-0.34363
280.7,FINE,THRUST,79999.763,0.0002399,-9.4E-06,0.111,0.01116,0.00953,2278.91231,2278.93204,0.01972,0.00041,-0.00013,0,-0.00014,-0.00072,0.0024,-0.00014,-0.00072,0.0024,48.55664,0.0025125,5.174E-05,80000.279,79975.915,-0.279,24.085,True,False,-0.28651
280.84,FINE,THRUST,79999.763,0.0002374,-9.2E-06,0.11,0.01112,0.00944,2278.91265,2278.93204,0.01939,0.0004,-0.00013,0,-0.00013,-0.00071,0.00236,-0.00013,-0.00071,0.00236,48.55665,0.0024722,5.091E-05,80000.285,79976.314,-0.285,23.686,True,False,0.29507
280.98,FINE,THRUST,79999.763,0.0002349,-9.1E-06,0.108,0.01108,0.00934,2278.91298,2278.93204,0.01906,0.00039,-0.00013,0,-0.00013,-0.00071,0.00232,-0.00013,-0.00071,0.00232,48.55665,0.0024325,5.01E-05,80000.29,79976.707,-0.29,23.293,True,False,0.34432
281.12,FINE,THRUST,79999.764,0.0002325,-9E-06,0.107,0.01103,0.00924,2278.9133,2278.93203,0.01874,0.00039,-0.00013,0,-0.00012,-0.0007,0.00229,-0.00012,-0.0007,0.00229,48.55666,0.0023935,4.929E-05,80000.296,79977.092,-0.296,22.908,True,False,0.38936
281.26,FINE,THRUST,79999.764,0.0002301,-8.9E-06,0.106,0.01099,0.00915,2278.91362,2278.93203,0.01842,0.00038,-0.00012,0,-0.00012,-0.00069,0.00225,-0.00012,-0.00069,0.00225,48.55666,0.0023552,4.85E-05,80000.302,79977.471,-0.302,22.529,True,False,0.40419
281.4,FINE,THRUST,79999.765,0.0002277,-8.8E-06,0.105,0.01094,0.00905,2278.91393,2278.93203,0.0181,0.00037,-0.00012,0,-0.00012,-0.00069,0.00221,-0.00012,-0.00069,0.00221,48.55667,0.0023176,4.773E-05,80000.307,79977.843,-0.307,22.157,True,False,0.38178
281.54,FINE,THRUST,79999.767,0.0002253,-8.7E-06,0.103,0.0109,0.00896,2278.91423,2278.93203,0.0178,0.00037,-0.00012,0,-0.00013,-0.00068,0.00217,-0.00013,-0.00068,0.00217,48.55667,0.0022806,4.697E-05,80000.313,79978.209,-0.313,21.791,True,False,0.33385
281.68,FINE,THRUST,79999.768,0.000223,-8.6E-06,0.102,0.01086,0.00886,2278.91454,2278.93203,0.01749,0.00036,-0.00012,0,-0.00013,-0.00068,0.00214,-0.00013,-0.00068,0.00214,48.55667,0.0022443,4.622E-05,80000.319,79978.569,-0.319,21.431,True,False,0.29774
281.82,FINE,THRUST,79999.769,0.0002206,-8.5E-06,0.101,0.01083,0.00877,2278.91483,2278.93203,0.01719,0.00035,-0.00012,0,-0.00013,-0.00067,0.0021,-0.00013,-0.00067,0.0021,48.55668,0.0022087,4.549E-05,80000.326,79978.922,-0.326,21.078,True,False,-0.32926
281.96,FINE,THRUST,79999.77,0.0002183,-8.4E-06,0.1,0.01079,0.00868,2278.91512,2278.93202,0.0169,0.00035,-0.00011,0,-0.00014,-0.00067,0.00206,-0.00014,-0.00067,0.00206,48.55669,0.0021737,4.477E-05,80000.333,79979.269,-0.333,20.731,True,False,-0.43133
282.1,FINE,THRUST,79999.771,0.000216,-8.3E-06,0.098,0.01077,0.00859,2278.91541,2278.93202,0.01661,0.00034,-0.00011,0,-0.00014,-0.00066,0.00203,-0.00014,-0.00066,0.00203,48.55669,0.0021393,4.406E-05,80000.34,79979.61,-0.34,20.39,True,False,-0.55985
282.24,FINE,THRUST,79999.772,0.0002137,-8.2E-06,0.097,0.01074,0.0085,2278.91569,2278.93202,0.01633,0.00034,-0.00011,0,-0.00015,-0.00066,0.002,-0.00015,-0.00066,0.002,48.5567,0.0021055,4.336E-05,80000.348,79979.945,-0.348,20.055,True,False,-0.67021
282.38,FINE,THRUST,79999.773,0.0002114,-8.1E-06,0.096,0.01072,0.0084,2278.91597,2278.93202,0.01605,0.00033,-0.00011,0,-0.00015,-0.00065,0.00196,-0.00015,-0.00065,0.00196,48.5567,0.0020722,4.268E-05,80000.356,79980.274,-0.356,19.726,True,False,-0.7342
282.52,FINE,THRUST,79999.773,0.0002092,-8E-06,0.095,0.0107,0.00832,2278.91624,2278.93202,0.01578,0.00032,-0.00011,0,-0.00015,-0.00064,0.00193,-0.00015,-0.00064,0.00193,48.5567,0.0020394,4.2E-05,80000.364,79980.598,-0.364,19.402,True,False,-0.73542
282.66,FINE,THRUST,79999.773,0.000207,-7.9E-06,0.094,0.01068,0.00823,2278.91651,2278.93202,0.01551,0.00032,-0.0001,0,-0.00015,-0.00064,0.0019,-0.00015,-0.00064,0.0019,48.55671,0.002007,4.133E-05,80000.372,79980.916,-0.372,19.084,True,False,-0.6686
282.8,FINE,THRUST,79999.772,0.0002047,-7.8E-06,0.093,0.01065,0.00814,2278.91677,2278.93202,0.01525,0.00031,-0.0001,0,-0.00015,-0.00063,0.00187,-0.00015,-0.00063,0.00187,48.55671,0.001975,4.067E-05,80000.38,79981.228,-0.38,18.772,True,False,-0.54176
282.94,FINE,THRUST,79999.772,0.0002025,-7.7E-06,0.091,0.01062,0.00805,2278.91703,2278.93202,0.01499,0.00031,-0.0001,0,-0.00014,-0.00063,0.00183,-0.00014,-0.00063,0.00183,48.55672,0.0019435,4.002E-05,80000.388,79981.536,-0.388,18.464,True,False,-0.38145
283.08,FINE,THRUST,79999.772,0.0002003,-7.6E-06,0.09,0.01059,0.00796,2278.91729,2278.93202,0.01473,0.0003,-0.0001,0,-0.00014,-0.00062,0.0018,-0.00014,-0.00062,0.0018,48.55672,0.0019124,3.939E-05,80000.395,79981.838,-0.395,18.162,True,False,-0.2607
283.22,FINE,THRUST,79999.771,0.0001982,-7.5E-06,0.089,0.01055,0.00788,2278.91754,2278.93202,0.01448,0.0003,-0.0001,0,-0.00013,-0.00062,0.00177,-0.00013,-0.00062,0.00177,48.55672,0.0018819,3.876E-05,80000.402,79982.135,-0.402,17.865,True,False,0.30107
283.36,FINE,THRUST,79999.771,0.000196,-7.4E-06,0.088,0.01051,0.00779,2278.91778,2278.93202,0.01424,0.00029,-0.0001,0,-0.00012,-0.00061,0.00174,-0.00012,-0.00061,0.00174,48.55673,0.0018519,3.814E-05,80000.408,79982.427,-0.408,17.573,True,False,0.43493
283.5,FINE,THRUST,79999.772,0.0001939,-7.3E-06,0.087,0.01047,0.00771,2278.91802,2278.93202,0.014,0.00029,-9E-05,0,-0.00012,-0.00061,0.00171,-0.00012,-0.00061,0.00171,48.55673,0.0018225,3.753E-05,80000.414,79982.713,-0.414,17.287,True,False,0.54337
283.64,FINE,THRUST,79999.773,0.0001918,-7.2E-06,0.086,0.01042,0.00762,2278.91826,2278.93202,0.01376,0.00028,-9E-05,0,-0.00012,-0.0006,0.00169,-0.00012,-0.0006,0.00169,48.55674,0.0017936,3.694E-05,80000.42,79982.995,-0.42,17.005,True,False,0.57701
283.78,FINE,THRUST,79999.774,0.0001897,-7.2E-06,0.085,0.01038,0.00754,2278.91849,2278.93202,0.01353,0.00028,-9E-05,0,-0.00012,-0.00059,0.00166,-0.00012,-0.00059,0.00166,48.55674,0.0017654,3.636E-05,80000.426,79983.272,-0.426,16.728,True,False,0.51706
283.92,FINE,THRUST,79999.775,0.0001876,-7.1E-06,0.084,0.01034,0.00746,2278.91872,2278.93202,0.0133,0.00027,-9E-05,0,-0.00012,-0.00059,0.00163,-0.00012,-0.00059,0.00163,48.55674,0.0017376,3.579E-05,80000.432,79983.544,-0.432,16.456,True,False,0.37026
284.06,FINE,THRUST,79999.777,0.0001856,-7E-06,0.083,0.0103,0.00738,2278.91894,2278.93201,0.01307,0.00027,-9E-05,0,-0.00013,-0.00058,0.0016,-0.00013,-0.00058,0.0016,48.55675,0.0017105,3.523E-05,80000.439,79983.811,-0.439,16.189,True,False,0.21613
284.2,FINE,COAST,79999.778,0.0001835,-6.9E-06,0.082,0.01027,0.0073,2278.91916,2278.93201,0.01285,0.00026,-9E-05,0,-0.00013,-0.00058,0.00158,-0.00013,-0.00058,0.00158,48.55675,0.0016839,0,80000.447,79984.073,-0.447,15.927,True,False,0.09059
284.32,FINE,COAST,79999.78,0.0001823,-6.8E-06,0.081,0.01025,0.00725,2278.91929,2278.93201,0.01272,0.00026,-9E-05,0,-0.00014,-0.00058,0.00156,-0.00014,-0.00058,0.00156,48.55676,0.0016706,0,80000.452,79984.221,-0.452,15.779,True,False,0.11144
284.46,FINE,COAST,79999.781,0.0001823,-6.7E-06,0.08,0.01024,0.00725,2278.91928,2278.93201,0.01272,0.00026,-9E-05,0,-0.00015,-0.00059,0.00156,-0.00015,-0.00059,0.00156,48.55676,0.0016746,0,80000.452,79984.221,-0.452,15.779,True,False,0.21906
284.6,FINE,COAST,79999.783,0.0001822,-6.6E-06,0.079,0.01023,0.00724,2278.91928,2278.932,0.01273,0.00026,-9E-05,0,-0.00016,-0.0006,0.00156,-0.00016,-0.0006,0.00156,48.55676,0.0016785,0,80000.452,79984.22,-0.452,15.78,True,False,0.34927
284.74,FINE,COAST,79999.784,0.000182,-6.5E-06,0.078,0.01022,0.00724,2278.91927,2278.932,0.01273,0.00026,-9E-05,0,-0.00016,-0.0006,0.00156,-0.00016,-0.0006,0.00156,48.55676,0.0016825,0,80000.452,79984.219,-0.452,15.781,True,False,0.47307
284.88,FINE,COAST,79999.785,0.0001819,-6.5E-06,0.077,0.01021,0.00723,2278.91927,2278.932,0.01273,0.00026,-9E-05,0,-0.00017,-0.00061,0.00156,-0.00017,-0.00061,0.00156,48.55676,0.0016864,0,80000.452,79984.217,-0.452,15.783,True,False,0.58684
285.02,FINE,COAST,79999.787,0.0001817,-6.4E-06,0.076,0.01019,0.00722,2278.91926,2278.932,0.01274,0.00026,-9E-05,0,-0.00018,-0.00062,0.00156,-0.00018,-0.00062,0.00156,48.55676,0.0016904,0,80000.452,79984.216,-0.452,15.784,True,False,0.68844
285.16,FINE,COAST,79999.788,0.0001815,-6.3E-06,0.075,0.01018,0.00722,2278.91925,2278.93199,0.01274,0.00026,-9E-05,0,-0.00018,-0.00063,0.00156,-0.00018,-0.00063,0.00156,48.55676,0.0016944,0,80000.452,79984.214,-0.452,15.786,True,False,0.77636
285.3,FINE,COAST,79999.79,0.0001813,-6.2E-06,0.074,0.01017,0.00721,2278.91925,2278.93199,0.01275,0.00026,-9E-05,0,-0.00019,-0.00064,0.00156,-0.00019,-0.00064,0.00156,48.55676,0.0016985,0,80000.451,79984.211,-0.451,15.789,True,False,0.84967
285.44,FINE,COAST,79999.791,0.0001811,-6.1E-06,0.073,0.01015,0.0072,2278.91924,2278.93199,0.01275,0.00026,-9E-05,0,-0.0002,-0.00064,0.00156,-0.0002,-0.00064,0.00156,48.55676,0.0017026,0,80000.451,79984.209,-0.451,15.791,True,False,0.90774
285.58,FINE,COAST,79999.793,0.0001809,-6E-06,0.072,0.01014,0.00719,2278.91923,2278.93199,0.01275,0.00026,-9E-05,0,-0.00021,-0.00065,0.00156,-0.00021,-0.00065,0.00156,48.55676,0.0017069,0,80000.451,79984.207,-0.451,15.793,True,False,0.9503
285.72,FINE,COAST,79999.794,0.0001807,-6E-06,0.071,0.01013,0.00718,2278.91923,2278.93198,0.01276,0.00026,-9E-05,0,-0.00021,-0.00066,0.00156,-0.00021,-0.00066,0.00156,48.55676,0.0017111,0,80000.45,79984.205,-0.45,15.795,True,False,0.97752
285.86,FINE,COAST,79999.796,0.0001805,-5.9E-06,0.07,0.01011,0.00718,2278.91922,2278.93198,0.01276,0.00026,-9E-05,0,-0.00022,-0.00067,0.00157,-0.00022,-0.00067,0.00157,48.55676,0.0017155,0,80000.45,79984.202,-0.45,15.798,True,False,0.98986
286,FINE,COAST,79999.798,0.0001803,-5.8E-06,0.069,0.0101,0.00717,2278.91921,2278.93198,0.01277,0.00026,-9E-05,0,-0.00023,-0.00067,0.00157,-0.00023,-0.00067,0.00157,48.55676,0.00172,0,80000.45,79984.2,-0.45,15.8,True,False,0.98814
286.14,FINE,COAST,79999.799,0.0001801,-5.7E-06,0.068,0.01009,0.00716,2278.9192,2278.93198,0.01277,0.00026,-9E-05,0,-0.00024,-0.00068,0.00157,-0.00024,-0.00068,0.00157,48.55676,0.0017247,0,80000.45,79984.198,-0.45,15.802,True,False,0.97344
286.28,FINE,COAST,79999.801,0.0001799,-5.6E-06,0.067,0.01007,0.00715,2278.9192,2278.93197,0.01277,0.00026,-9E-05,0,-0.00025,-0.00069,0.00157,-0.00025,-0.00069,0.00157,48.55676,0.0017294,0,80000.449,79984.196,-0.449,15.804,True,False,0.94693
286.42,FINE,COAST,79999.803,0.0001798,-5.5E-06,0.066,0.01006,0.00715,2278.91919,2278.93197,0.01278,0.00026,-9E-05,0,-0.00026,-0.0007,0.00157,-0.00026,-0.0007,0.00157,48.55676,0.0017343,0,80000.449,79984.195,-0.449,15.805,True,False,0.91002
286.56,FINE,COAST,79999.805,0.0001797,-5.4E-06,0.065,0.01005,0.00714,2278.91919,2278.93197,0.01278,0.00026,-9E-05,0,-0.00027,-0.0007,0.00157,-0.00027,-0.0007,0.00157,48.55676,0.0017393,0,80000.449,79984.193,-0.449,15.807,True,False,0.86433
286.7,FINE,COAST,79999.807,0.0001795,-5.4E-06,0.064,0.01003,0.00714,2278.91918,2278.93196,0.01278,0.00026,-9E-05,0,-0.00028,-0.00071,0.00157,-0.00028,-0.00071,0.00157,48.55676,0.0017445,0,80000.449,79984.192,-0.449,15.808,True,False,0.81161
286.84,FINE,COAST,79999.809,0.0001795,-5.3E-06,0.063,0.01002,0.00714,2278.91918,2278.93196,0.01278,0.00026,-9E-05,0,-0.00029,-0.00072,0.00157,-0.00029,-0.00072,0.00157,48.55676,0.0017498,0,80000.449,79984.192,-0.449,15.808,True,False,0.7536
286.98,FINE,COAST,79999.811,0.0001794,-5.2E-06,0.062,0.01001,0.00713,2278.91917,2278.93196,0.01279,0.00026,-9E-05,0,-0.0003,-0.00073,0.00157,-0.0003,-0.00073,0.00157,48.55676,0.0017553,0,80000.449,79984.191,-0.449,15.809,True,False,0.69215
287.12,FINE,COAST,79999.813,0.0001794,-5.1E-06,0.061,0.01,0.00713,2278.91916,2278.93195,0.01279,0.00026,-9E-05,0,-0.00031,-0.00074,0.00157,-0.00031,-0.00074,0.00157,48.55676,0.0017609,0,80000.449,79984.191,-0.449,15.809,True,False,0.62902
287.26,FINE,COAST,79999.815,0.0001794,-5E-06,0.06,0.00998,0.00713,2278.91916,2278.93195,0.01279,0.00026,-9E-05,0,-0.00032,-0.00075,0.00157,-0.00032,-0.00075,0.00157,48.55676,0.0017666,0,80000.449,79984.191,-0.449,15.809,True,False,0.56594
287.4,FINE,COAST,79999.817,0.0001794,-4.9E-06,0.059,0.00997,0.00713,2278.91916,2278.93195,0.01279,0.00026,-9E-05,0,-0.00033,-0.00076,0.00157,-0.00033,-0.00076,0.00157,48.55676,0.0017725,0,80000.449,79984.191,-0.449,15.809,True,False,0.50461
287.54,FINE,COAST,79999.818,0.0001794,-4.9E-06,0.058,0.00996,0.00713,2278.91915,2278.93194,0.01279,0.00026,-9E-05,0,-0.00034,-0.00077,0.00157,-0.00034,-0.00077,0.00157,48.55676,0.0017785,0,80000.449,79984.191,-0.449,15.809,True,False,0.44659
287.68,FINE,COAST,79999.82,0.0001795,-4.8E-06,0.057,0.00995,0.00714,2278.91915,2278.93194,0.01279,0.00026,-9E-05,0,-0.00035,-0.00078,0.00157,-0.00035,-0.00078,0.00157,48.55676,0.0017847,0,80000.449,79984.192,-0.449,15.808,True,False,0.3933
287.82,FINE,COAST,79999.822,0.0001795,-4.7E-06,0.056,0.00994,0.00714,2278.91914,2278.93194,0.01279,0.00026,-9E-05,0,-0.00036,-0.00078,0.00157,-0.00036,-0.00078,0.00157,48.55676,0.001791,0,80000.449,79984.192,-0.449,15.808,True,False,0.34593
287.96,FINE,COAST,79999.824,0.0001796,-4.6E-06,0.055,0.00993,0.00714,2278.91914,2278.93193,0.0128,0.00026,-9E-05,0,-0.00037,-0.00079,0.00157,-0.00037,-0.00079,0.00157,48.55676,0.0017973,0,80000.449,79984.193,-0.449,15.807,True,False,0.3054
288.1,FINE,COAST,79999.826,0.0001797,-4.5E-06,0.054,0.00991,0.00715,2278.91914,2278.93193,0.0128,0.00026,-9E-05,0,-0.00038,-0.0008,0.00157,-0.00038,-0.0008,0.00157,48.55676,0.0018038,0,80000.449,79984.194,-0.449,15.806,True,False,0.27218
288.24,FINE,COAST,79999.828,0.0001798,-4.4E-06,0.053,0.0099,0.00715,2278.91913,2278.93193,0.0128,0.00026,-9E-05,0,-0.00039,-0.00081,0.00157,-0.00039,-0.00081,0.00157,48.55676,0.0018104,0,80000.449,79984.195,-0.449,15.805,True,False,0.24623
288.38,FINE,COAST,79999.83,0.0001799,-4.4E-06,0.052,0.00989,0.00715,2278.91913,2278.93192,0.0128,0.00026,-9E-05,0,-0.0004,-0.00082,0.00157,-0.0004,-0.00082,0.00157,48.55676,0.0018171,0,80000.449,79984.196,-0.449,15.804,True,False,0.22683
288.52,FINE,COAST,79999.832,0.00018,-4.3E-06,0.051,0.00988,0.00716,2278.91912,2278.93192,0.0128,0.00026,-9E-05,0,-0.00041,-0.00083,0.00157,-0.00041,-0.00083,0.00157,48.55676,0.0018238,0,80000.449,79984.197,-0.449,15.803,True,False,0.21286
288.66,FINE,COAST,79999.834,0.0001801,-4.2E-06,0.05,0.00987,0.00716,2278.91912,2278.93192,0.0128,0.00026,-9E-05,0,-0.00042,-0.00084,0.00157,-0.00042,-0.00084,0.00157,48.55676,0.0018306,0,80000.449,79984.198,-0.449,15.802,True,False,0.20302
288.8,FINE,COAST,79999.836,0.0001802,-4.1E-06,0.049,0.00986,0.00717,2278.91912,2278.93192,0.0128,0.00026,-9E-05,0,-0.00043,-0.00085,0.00157,-0.00043,-0.00085,0.00157,48.55676,0.0018375,0,80000.449,79984.199,-0.449,15.801,True,False,0.19611
288.94,FINE,COAST,79999.837,0.0001803,-4E-06,0.048,0.00984,0.00717,2278.91911,2278.93191,0.0128,0.00026,-9E-05,0,-0.00044,-0.00086,0.00157,-0.00044,-0.00086,0.00157,48.55676,0.0018445,0,80000.449,79984.2,-0.449,15.8,True,False,0.19144
289.08,FINE,COAST,79999.839,0.0001804,-3.9E-06,0.047,0.00983,0.00717,2278.91911,2278.93191,0.0128,0.00026,-9E-05,0,-0.00045,-0.00087,0.00157,-0.00045,-0.00087,0.00157,48.55676,0.0018515,0,80000.449,79984.201,-0.449,15.799,True,False,0.18886
289.22,FINE,COAST,79999.841,0.0001804,-3.8E-06,0.046,0.00982,0.00718,2278.91911,2278.93191,0.0128,0.00026,-9E-05,0,-0.00046,-0.00088,0.00157,-0.00046,-0.00088,0.00157,48.55676,0.0018586,0,80000.449,79984.202,-0.449,15.798,True,False,0.18861
289.36,FINE,COAST,79999.843,0.0001805,-3.8E-06,0.045,0.00981,0.00718,2278.9191,2278.9319,0.0128,0.00026,-9E-05,0,-0.00047,-0.00089,0.00157,-0.00047,-0.00089,0.00157,48.55676,0.0018657,0,80000.449,79984.203,-0.449,15.797,True,False,0.1913
289.5,FINE,COAST,79999.845,0.0001806,-3.7E-06,0.044,0.0098,0.00718,2278.9191,2278.9319,0.0128,0.00026,-9E-05,0,-0.00048,-0.0009,0.00157,-0.00048,-0.0009,0.00157,48.55676,0.0018728,0,80000.449,79984.204,-0.449,15.796,True,False,0.19752
289.64,FINE,COAST,79999.847,0.0001806,-3.6E-06,0.043,0.00979,0.00718,2278.91909,2278.9319,0.0128,0.00026,-9E-05,0,-0.00049,-0.00091,0.00157,-0.00049,-0.00091,0.00157,48.55676,0.00188,0,80000.449,79984.204,-0.449,15.796,True,False,0.20758
289.78,FINE,COAST,79999.849,0.0001807,-3.5E-06,0.042,0.00977,0.00719,2278.91909,2278.93189,0.0128,0.00026,-9E-05,0,-0.0005,-0.00092,0.00157,-0.0005,-0.00092,0.00157,48.55676,0.0018872,0,80000.449,79984.204,-0.449,15.796,True,False,0.2213
289.92,FINE,COAST,79999.85,0.0001807,-3.4E-06,0.041,0.00976,0.00719,2278.91908,2278.93189,0.01281,0.00026,-9E-05,0,-0.00051,-0.00093,0.00157,-0.00051,-0.00093,0.00157,48.55676,0.0018944,0,80000.449,79984.205,-0.449,15.795,True,False,0.23815
290.06,FINE,COAST,79999.852,0.0001807,-3.3E-06,0.04,0.00975,0.00719,2278.91908,2278.93189,0.01281,0.00026,-9E-05,0,-0.00052,-0.00094,0.00157,-0.00052,-0.00094,0.00157,48.55676,0.0019017,0,80000.449,79984.205,-0.449,15.795,True,False,0.25742
290.2,FINE,COAST,79999.854,0.0001807,-3.3E-06,0.039,0.00974,0.00719,2278.91908,2278.93188,0.01281,0.00026,-9E-05,0,-0.00053,-0.00095,0.00157,-0.00053,-0.00095,0.00157,48.55676,0.001909,0,80000.449,79984.205,-0.449,15.795,True,False,0.27815
290.34,FINE,COAST,79999.856,0.0001807,-3.2E-06,0.038,0.00973,0.00719,2278.91907,2278.93188,0.01281,0.00026,-9E-05,0,-0.00054,-0.00096,0.00157,-0.00054,-0.00096,0.00157,48.55676,0.0019164,0,80000.449,79984.205,-0.449,15.795,True,False,0.2994
290.48,FINE,COAST,79999.858,0.0001807,-3.1E-06,0.037,0.00971,0.00719,2278.91907,2278.93188,0.01281,0.00026,-9E-05,0,-0.00055,-0.00096,0.00157,-0.00055,-0.00096,0.00157,48.55676,0.0019238,0,80000.449,79984.205,-0.449,15.795,True,False,0.32025
290.62,FINE,COAST,79999.86,0.0001806,-3E-06,0.036,0.0097,0.00718,2278.91906,2278.93187,0.01281,0.00026,-9E-05,0,-0.00056,-0.00097,0.00157,-0.00056,-0.00097,0.00157,48.55676,0.0019312,0,80000.449,79984.204,-0.449,15.796,True,False,0.33986
290.76,FINE,COAST,79999.861,0.0001806,-2.9E-06,0.035,0.00969,0.00718,2278.91906,2278.93187,0.01282,0.00026,-9E-05,0,-0.00057,-0.00098,0.00157,-0.00057,-0.00098,0.00157,48.55676,0.0019386,0,80000.449,79984.204,-0.449,15.796,True,False,0.35753
290.9,FINE,COAST,79999.863,0.0001806,-2.8E-06,0.034,0.00968,0.00718,2278.91905,2278.93187,0.01282,0.00026,-9E-05,0,-0.00058,-0.00099,0.00157,-0.00058,-0.00099,0.00157,48.55676,0.0019461,0,80000.449,79984.203,-0.449,15.797,True,False,0.37268
291.04,FINE,COAST,79999.865,0.0001805,-2.7E-06,0.033,0.00967,0.00718,2278.91905,2278.93187,0.01282,0.00026,-9E-05,0,-0.00059,-0.001,0.00157,-0.00059,-0.001,0.00157,48.55676,0.0019537,0,80000.449,79984.203,-0.449,15.797,True,False,0.38485
291.18,FINE,COAST,79999.867,0.0001805,-2.7E-06,0.032,0.00965,0.00718,2278.91904,2278.93186,0.01282,0.00026,-9E-05,0,-0.0006,-0.00101,0.00157,-0.0006,-0.00101,0.00157,48.55676,0.0019612,0,80000.449,79984.202,-0.449,15.798,True,False,0.39373
291.32,FINE,COAST,79999.869,0.0001804,-2.6E-06,0.031,0.00964,0.00718,2278.91904,2278.93186,0.01282,0.00026,-9E-05,0,-0.00061,-0.00102,0.00157,-0.00061,-0.00102,0.00157,48.55676,0.0019689,0,80000.449,79984.202,-0.449,15.798,True,False,0.39909
291.46,FINE,COAST,79999.87,0.0001804,-2.5E-06,0.03,0.00963,0.00717,2278.91903,2278.93186,0.01283,0.00026,-9E-05,0,-0.00062,-0.00103,0.00157,-0.00062,-0.00103,0.00157,48.55676,0.0019765,0,80000.449,79984.201,-0.449,15.799,True,False,0.40079
291.6,FINE,COAST,79999.872,0.0001803,-2.4E-06,0.029,0.00962,0.00717,2278.91903,2278.93185,0.01283,0.00026,-9E-05,0,-0.00063,-0.00103,0.00157,-0.00063,-0.00103,0.00157,48.55676,0.0019842,0,80000.449,79984.201,-0.449,15.799,True,False,0.39886
291.74,FINE,COAST,79999.874,0.0001802,-2.3E-06,0.028,0.00961,0.00717,2278.91902,2278.93185,0.01283,0.00026,-9E-05,0,-0.00064,-0.00104,0.00157,-0.00064,-0.00104,0.00157,48.55676,0.001992,0,80000.449,79984.2,-0.449,15.8,True,False,0.39341
291.88,FINE,COAST,79999.876,0.0001802,-2.2E-06,0.027,0.00959,0.00717,2278.91902,2278.93185,0.01283,0.00026,-9E-05,0,-0.00065,-0.00105,0.00157,-0.00065,-0.00105,0.00157,48.55676,0.0019998,0,80000.449,79984.2,-0.449,15.8,True,False,0.38457
292.02,FINE,COAST,79999.878,0.0001801,-2.1E-06,0.026,0.00958,0.00717,2278.91901,2278.93184,0.01283,0.00026,-9E-05,0,-0.00066,-0.00106,0.00157,-0.00066,-0.00106,0.00157,48.55676,0.0020077,0,80000.449,79984.199,-0.449,15.801,True,False,0.37263
292.16,FINE,COAST,79999.88,0.0001801,-2.1E-06,0.025,0.00957,0.00716,2278.91901,2278.93184,0.01283,0.00026,-9E-05,0,-0.00067,-0.00107,0.00157,-0.00067,-0.00107,0.00157,48.55676,0.0020156,0,80000.449,79984.199,-0.449,15.801,True,False,0.35789
292.3,FINE,COAST,79999.881,0.0001801,-2E-06,0.024,0.00956,0.00716,2278.919,2278.93184,0.01284,0.00026,-9E-05,0,-0.00068,-0.00108,0.00157,-0.00068,-0.00108,0.00157,48.55676,0.0020236,0,80000.449,79984.198,-0.449,15.802,True,False,0.34074
292.44,FINE,COAST,79999.883,0.00018,-1.9E-06,0.023,0.00955,0.00716,2278.919,2278.93184,0.01284,0.00026,-9E-05,0,-0.00069,-0.00109,0.00157,-0.00069,-0.00109,0.00157,48.55676,0.0020317,0,80000.449,79984.198,-0.449,15.802,True,False,0.32159
292.58,FINE,COAST,79999.885,0.00018,-1.8E-06,0.022,0.00953,0.00716,2278.91899,2278.93183,0.01284,0.00026,-9E-05,0,-0.0007,-0.0011,0.00157,-0.0007,-0.0011,0.00157,48.55676,0.0020398,0,80000.449,79984.198,-0.449,15.802,True,False,0.30089
292.72,FINE,COAST,79999.887,0.00018,-1.7E-06,0.021,0.00952,0.00716,2278.91899,2278.93183,0.01284,0.00026,-9E-05,0,-0.00071,-0.0011,0.00157,-0.00071,-0.0011,0.00157,48.55676,0.002048,0,80000.449,79984.197,-0.449,15.803,True,False,0.27905
292.86,FINE,COAST,79999.888,0.00018,-1.6E-06,0.02,0.00951,0.00716,2278.91898,2278.93183,0.01284,0.00026,-9E-05,0,-0.00072,-0.00111,0.00157,-0.00072,-0.00111,0.00157,48.55676,0.0020562,0,80000.449,79984.197,-0.449,15.803,True,False,0.25656
293,FINE,COAST,79999.89,0.00018,-1.6E-06,0.018,0.0095,0.00716,2278.91898,2278.93182,0.01284,0.00026,-9E-05,0,-0.00073,-0.00112,0.00157,-0.00073,-0.00112,0.00157,48.55676,0.0020645,0,80000.449,79984.197,-0.449,15.803,True,False,0.2339
293.14,FINE,COAST,79999.892,0.00018,-1.5E-06,0.017,0.00949,0.00716,2278.91897,2278.93182,0.01285,0.00026,-9E-05,0,-0.00074,-0.00113,0.00157,-0.00074,-0.00113,0.00157,48.55676,0.0020729,0,80000.449,79984.197,-0.449,15.803,True,False,0.2115
293.28,FINE,COAST,79999.894,0.00018,-1.4E-06,0.016,0.00947,0.00716,2278.91897,2278.93182,0.01285,0.00026,-9E-05,0,-0.00075,-0.00114,0.00157,-0.00075,-0.00114,0.00157,48.55676,0.0020813,0,80000.449,79984.197,-0.449,15.803,True,False,0.1898
293.42,FINE,COAST,79999.896,0.00018,-1.3E-06,0.015,0.00946,0.00716,2278.91897,2278.93181,0.01285,0.00026,-9E-05,0,-0.00075,-0.00115,0.00157,-0.00075,-0.00115,0.00157,48.55676,0.0020898,0,80000.449,79984.197,-0.449,15.803,True,False,0.16916
293.56,FINE,COAST,79999.897,0.00018,-1.2E-06,0.014,0.00945,0.00716,2278.91896,2278.93181,0.01285,0.00026,-9E-05,0,-0.00076,-0.00116,0.00157,-0.00076,-0.00116,0.00157,48.55676,0.0020984,0,80000.449,79984.198,-0.449,15.802,True,False,0.14993
293.7,FINE,COAST,79999.899,0.00018,-1.1E-06,0.013,0.00944,0.00716,2278.91896,2278.93181,0.01285,0.00026,-9E-05,0,-0.00077,-0.00117,0.00157,-0.00077,-0.00117,0.00157,48.55676,0.0021069,0,80000.449,79984.198,-0.449,15.802,True,False,0.13238
293.84,FINE,COAST,79999.901,0.0001801,-1.1E-06,0.012,0.00943,0.00716,2278.91895,2278.93181,0.01285,0.00026,-9E-05,0,-0.00078,-0.00118,0.00157,-0.00078,-0.00118,0.00157,48.55676,0.0021156,0,80000.449,79984.198,-0.449,15.802,True,False,0.11675
293.98,FINE,COAST,79999.903,0.0001801,-1E-06,0.011,0.00941,0.00716,2278.91895,2278.9318,0.01285,0.00026,-9E-05,0,-0.00079,-0.00119,0.00157,-0.00079,-0.00119,0.00157,48.55676,0.0021243,0,80000.449,79984.198,-0.449,15.802,True,False,0.10317
294.12,FINE,COAST,79999.904,0.0001801,-9E-07,0.01,0.0094,0.00716,2278.91894,2278.9318,0.01286,0.00026,-9E-05,0,-0.0008,-0.0012,0.00157,-0.0008,-0.0012,0.00157,48.55676,0.002133,0,80000.449,79984.199,-0.449,15.801,True,False,0.09175
294.26,FINE,COAST,79999.906,0.0001801,-8E-07,0.009,0.00939,0.00717,2278.91894,2278.9318,0.01286,0.00026,-9E-05,0,-0.00081,-0.0012,0.00157,-0.00081,-0.0012,0.00157,48.55676,0.0021418,0,80000.449,79984.199,-0.449,15.801,True,False,0.08239
294.4,FINE,COAST,79999.908,0.0001802,-7E-07,0.008,0.00938,0.00717,2278.91894,2278.93179,0.01286,0.00026,-9E-05,0,-0.00082,-0.00121,0.00157,-0.00082,-0.00121,0.00157,48.55676,0.0021506,0,80000.449,79984.199,-0.449,15.801,True,False,0.075
294.54,FINE,COAST,79999.91,0.0001802,-6E-07,0.007,0.00937,0.00717,2278.91893,2278.93179,0.01286,0.00026,-9E-05,0,-0.00083,-0.00122,0.00157,-0.00083,-0.00122,0.00157,48.55676,0.0021595,0,80000.449,79984.2,-0.449,15.8,True,False,0.06937
294.68,FINE,COAST,79999.911,0.0001802,-5E-07,0.006,0.00936,0.00717,2278.91893,2278.93179,0.01286,0.00026,-9E-05,0,-0.00084,-0.00123,0.00157,-0.00084,-0.00123,0.00157,48.55676,0.0021684,0,80000.449,79984.2,-0.449,15.8,True,False,0.06524
294.82,FINE,COAST,79999.913,0.0001803,-5E-07,0.005,0.00934,0.00717,2278.91892,2278.93178,0.01286,0.00026,-9E-05,0,-0.00085,-0.00124,0.00157,-0.00085,-0.00124,0.00157,48.55676,0.0021773,0,80000.449,79984.2,-0.449,15.8,True,False,0.06243
294.96,FINE,COAST,79999.915,0.0001803,-4E-07,0.004,0.00933,0.00717,2278.91892,2278.93178,0.01286,0.00026,-9E-05,0,-0.00086,-0.00125,0.00157,-0.00086,-0.00125,0.00157,48.55676,0.0021863,0,80000.449,79984.201,-0.449,15.799,True,False,0.06085
295.1,FINE,COAST,79999.917,0.0001803,-3E-07,0.003,0.00932,0.00717,2278.91892,2278.93178,0.01286,0.00026,-9E-05,0,-0.00087,-0.00126,0.00157,-0.00087,-0.00126,0.00157,48.55676,0.0021952,0,80000.449,79984.201,-0.449,15.799,True,False,0.0604
295.24,FINE,COAST,79999.918,0.0001803,-2E-07,0.002,0.00931,0.00717,2278.91891,2278.93178,0.01286,0.00026,-9E-05,0,-0.00088,-0.00127,0.00157,-0.00088,-0.00127,0.00157,48.55676,0.0022042,0,80000.449,79984.201,-0.449,15.799,True,False,0.06104
295.38,FINE,COAST,79999.92,0.0001804,-1E-07,0.001,0.0093,0.00717,2278.91891,2278.93177,0.01287,0.00026,-9E-05,0,-0.00089,-0.00128,0.00158,-0.00089,-0.00128,0.00158,48.55676,0.0022133,0,80000.449,79984.201,-0.449,15.799,True,False,0.06281
295.52,FINE,COAST,79999.922,0.0001804,0,0,0.00928,0.00718,2278.9189,2278.93177,0.01287,0.00026,-9E-05,0,-0.00089,-0.00129,0.00158,-0.00089,-0.00129,0.00158,48.55676,0.0022223,0,80000.449,79984.201,-0.449,15.799,True,False,0.06559
295.66,FINE,COAST,79999.924,0.0001804,0,-0.001,0.00927,0.00718,2278.9189,2278.93177,0.01287,0.00027,-9E-05,0,-0.0009,-0.0013,0.00158,-0.0009,-0.0013,0.00158,48.55676,0.0022314,0,80000.449,79984.201,-0.449,15.799,True,False,0.06934
295.8,FINE,COAST,79999.925,0.0001804,1E-07,-0.002,0.00926,0.00718,2278.91889,2278.93176,0.01287,0.00027,-9E-05,0,-0.00091,-0.00131,0.00158,-0.00091,-0.00131,0.00158,48.55676,0.0022405,0,80000.449,79984.202,-0.449,15.798,True,False,0.07389
295.94,FINE,COAST,79999.927,0.0001804,2E-07,-0.003,0.00925,0.00718,2278.91889,2278.93176,0.01287,0.00027,-9E-05,0,-0.00092,-0.00131,0.00158,-0.00092,-0.00131,0.00158,48.55676,0.0022496,0,80000.449,79984.202,-0.449,15.798,True,False,0.07899
296.08,FINE,COAST,79999.924,0.0001804,3E-07,-0.004,0.00924,0.00718,2278.91889,2278.93176,0.01287,0.00027,-9E-05,0,-0.00092,-0.00132,0.00158,-0.00092,-0.00132,0.00158,48.55676,0.0022552,0,80000.448,79984.202,-0.448,15.798,True,False,0.08439
296.22,FINE,COAST,79999.923,0.0001804,4E-07,-0.005,0.00922,0.00718,2278.9189,2278.93177,0.01287,0.00026,-9E-05,0,-0.00089,-0.00133,0.00157,-0.00089,-0.00133,0.00157,48.55676,0.0022473,0,80000.442,79984.204,-0.442,15.796,True,False,0.08984
296.36,FINE,COAST,79999.925,0.0001804,5E-07,-0.006,0.00921,0.00718,2278.9189,2278.93177,0.01287,0.00027,-9E-05,0,-0.0009,-0.00134,0.00157,-0.0009,-0.00134,0.00157,48.55676,0.0022563,0,80000.442,79984.204,-0.442,15.796,True,False,0.0951
296.5,FINE,COAST,79999.926,0.0001804,6E-07,-0.007,0.0092,0.00718,2278.91889,2278.93176,0.01287,0.00027,-9E-05,0,-0.00091,-0.00135,0.00158,-0.00091,-0.00135,0.00158,48.55676,0.0022654,0,80000.442,79984.203,-0.442,15.797,True,False,0.09998
296.64,FINE,COAST,79999.928,0.0001804,6E-07,-0.008,0.00919,0.00718,2278.91889,2278.93176,0.01287,0.00027,-9E-05,0,-0.00092,-0.00136,0.00158,-0.00092,-0.00136,0.00158,48.55676,0.0022745,0,80000.442,79984.203,-0.442,15.797,True,False,0.10432
296.78,FINE,COAST,79999.93,0.0001804,7E-07,-0.009,0.00918,0.00717,2278.91889,2278.93176,0.01287,0.00027,-9E-05,0,-0.00093,-0.00137,0.00158,-0.00093,-0.00137,0.00158,48.55676,0.0022836,0,80000.442,79984.203,-0.442,15.797,True,False,0.10791
296.92,FINE,COAST,79999.931,0.0001803,8E-07,-0.01,0.00916,0.00717,2278.91888,2278.93175,0.01287,0.00027,-9E-05,0,-0.00094,-0.00138,0.00158,-0.00094,-0.00138,0.00158,48.55676,0.0022927,0,80000.442,79984.203,-0.442,15.797,True,False,0.11066
297.08,FINE,THRUST,79999.933,0.0001803,9E-07,-0.011,0.00915,0.00717,2278.91888,2278.93175,0.01288,0.00027,-9E-05,0,-0.00094,-0.00139,0.00158,-0.00094,-0.00139,0.00158,48.55676,0.0023018,4.741E-05,80000.442,79984.203,-0.442,15.797,True,False,-30.21104
297.24,FINE,THRUST,79999.935,0.0001788,1E-06,-0.012,0.00913,0.00711,2278.91904,2278.93175,0.0127,0.00026,-9E-05,0,-0.00096,-0.00139,0.00156,-0.00096,-0.00139,0.00156,48.55676,0.0022919,4.72E-05,80000.448,79984.404,-0.448,15.596,True,False,-30.68808
297.38,FINE,THRUST,79999.932,0.0001792,1.1E-06,-0.013,0.00924,0.00713,2278.91937,2278.93175,0.01237,0.00025,-8E-05,0,-0.00097,-0.0014,0.00152,-0.00097,-0.0014,0.00152,48.55676,0.0022806,4.697E-05,80000.472,79984.778,-0.472,15.222,True,False,-31.34104
297.52,FINE,THRUST,79999.923,0.0001814,1.2E-06,-0.014,0.00942,0.00722,2278.91973,2278.93176,0.01203,0.00025,-8E-05,0,-0.00097,-0.00142,0.00148,-0.00097,-0.00142,0.00148,48.55677,0.0022678,4.67E-05,80000.507,79985.169,-0.507,14.831,True,False,-31.31596
297.66,FINE,THRUST,79999.908,0.0001836,1.2E-06,-0.015,0.0096,0.0073,2278.92009,2278.93178,0.01169,0.00024,-8E-05,0,-0.00093,-0.00145,0.00143,-0.00093,-0.00145,0.00143,48.55677,0.0022399,4.613E-05,80000.545,79985.568,-0.545,14.432,True,False,-30.28408
297.8,FINE,THRUST,79999.888,0.0001854,1.3E-06,-0.016,0.00978,0.00737,2278.92046,2278.93181,0.01134,0.00023,-8E-05,0,-0.00085,-0.00147,0.00139,-0.00085,-0.00147,0.00139,48.55678,0.0021967,4.524E-05,80000.585,79985.979,-0.585,14.021,True,False,-28.30817
297.94,FINE,THRUST,79999.861,0.0001865,1.4E-06,-0.017,0.00996,0.00742,2278.92085,2278.93184,0.011,0.00023,-7E-05,0,-0.00073,-0.00149,0.00135,-0.00073,-0.00149,0.00135,48.55678,0.0021399,4.407E-05,80000.627,79986.402,-0.627,13.598,True,False,-25.56158
298.08,FINE,THRUST,79999.831,0.0001869,1.5E-06,-0.018,0.01008,0.00744,2278.92124,2278.93189,0.01065,0.00022,-7E-05,0,-0.00057,-0.0015,0.00131,-0.00057,-0.0015,0.00131,48.55679,0.0020733,4.27E-05,80000.668,79986.838,-0.668,13.162,True,False,-22.51182
298.22,FINE,THRUST,79999.801,0.0001867,1.6E-06,-0.019,0.01006,0.00743,2278.92162,2278.93194,0.01032,0.00021,-7E-05,0,-0.00038,-0.00151,0.00127,-0.00038,-0.00151,0.00127,48.55679,0.0020075,4.134E-05,80000.69,79987.277,-0.69,12.723,True,False,-20.28841
298.36,FINE,THRUST,79999.775,0.0001859,1.7E-06,-0.02,0.00989,0.00739,2278.92197,2278.93199,0.01002,0.00021,-7E-05,0,-0.00017,-0.00151,0.00124,-0.00017,-0.00151,0.00124,48.5568,0.0019582,4.033E-05,80000.691,79987.7,-0.691,12.3,True,False,20.23619
298.5,FINE,THRUST,79999.755,0.0001846,1.8E-06,-0.021,0.00962,0.00734,2278.92229,2278.93203,0.00974,0.0002,-7E-05,0,2E-05,-0.00151,0.0012,2E-05,-0.00151,0.0012,48.5568,0.0019302,3.975E-05,80000.676,79988.094,-0.676,11.906,True,False,22.15068
298.64,FINE,THRUST,79999.742,0.0001827,1.9E-06,-0.022,0.00933,0.00727,2278.92258,2278.93206,0.00948,0.0002,-6E-05,0,0.00018,-0.00151,0.00117,0.00018,-0.00151,0.00117,48.5568,0.0019148,3.943E-05,80000.657,79988.463,-0.657,11.537,True,False,24.59489
298.78,FINE,THRUST,79999.735,0.00018,1.9E-06,-0.023,0.00904,0.00716,2278.92284,2278.93208,0.00924,0.00019,-6E-05,0,0.00029,-0.0015,0.00114,0.00029,-0.0015,0.00114,48.55681,0.0019022,3.918E-05,80000.637,79988.806,-0.637,11.194,True,False,26.62029
298.92,FINE,THRUST,79999.734,0.0001765,2E-06,-0.024,0.00875,0.00702,2278.92308,2278.93208,0.009,0.00019,-6E-05,0,0.00037,-0.00148,0.00111,0.00037,-0.00148,0.00111,48.55681,0.001885,3.882E-05,80000.614,79989.124,-0.614,10.876,True,False,27.75961
299.06,FINE,THRUST,79999.739,0.0001721,2.1E-06,-0.025,0.00845,0.00685,2278.9233,2278.93208,0.00878,0.00018,-6E-05,0,0.0004,-0.00146,0.00108,0.0004,-0.00146,0.00108,48.55682,0.0018581,3.827E-05,80000.589,79989.413,-0.589,10.587,True,False,27.7864
299.2,FINE,THRUST,79999.751,0.0001669,2.2E-06,-0.026,0.00816,0.00664,2278.92349,2278.93207,0.00858,0.00018,-6E-05,0,0.00039,-0.00143,0.00106,0.00039,-0.00143,0.00106,48.55682,0.0018192,3.747E-05,80000.563,79989.667,-0.563,10.333,True,False,26.56865
299.34,FINE,THRUST,79999.769,0.0001608,2.3E-06,-0.027,0.00787,0.00639,2278.92364,2278.93204,0.0084,0.00017,-6E-05,0,0.00035,-0.00139,0.00103,0.00035,-0.00139,0.00103,48.55683,0.0017687,3.643E-05,80000.535,79989.882,-0.535,10.118,True,False,24.00225
299.48,CAPTURE,COAST,79999.793,0.0001538,2.3E-06,-0.028,0.00759,0.00612,2278.92376,2278.93201,0.00825,0.00017,-6E-05,0,0.00026,-0.00135,0.00102,0.00026,-0.00135,0.00102,48.55683,0.0017097,0,80000.507,79990.052,-0.507,9.948,True,True,54.98797
299.64,CAPTURE,COAST,79999.827,0.0001472,2.4E-06,-0.029,0.00732,0.00585,2278.92374,2278.93196,0.00822,0.00017,-6E-05,0,0.00011,-0.00131,0.00101,0.00011,-0.00131,0.00101,48.55683,0.0016592,0,80000.473,79990.066,-0.473,9.934,True,True,56.8637
299.78,FINE,COAST,79999.862,0.0001428,2.5E-06,-0.029,0.00712,0.00568,2278.9236,2278.9319,0.00831,0.00017,-6E-05,0,-7E-05,-0.00129,0.00102,-7E-05,-0.00129,0.00102,48.55683,0.0016439,0,80000.443,79989.935,-0.443,10.065,True,False,58.38633
299.9,FINE,COAST,79999.896,0.0001383,2.5E-06,-0.03,0.00695,0.0055,2278.92346,2278.93184,0.00838,0.00017,-6E-05,0,-0.00028,-0.00126,0.00103,-0.00028,-0.00126,0.00103,48.55683,0.0016529,0,80000.417,79989.796,-0.417,10.204,True,False,59.43014
300.04,FINE,COAST,79999.939,0.0001339,2.6E-06,-0.031,0.00684,0.00532,2278.92332,2278.93177,0.00845,0.00017,-6E-05,0,-0.00053,-0.00124,0.00104,-0.00053,-0.00124,0.00104,48.55683,0.0016983,0,80000.398,79989.655,-0.398,10.345,True,False,60.36087
300.18,FINE,COAST,79999.982,0.0001294,2.7E-06,-0.032,0.00679,0.00515,2278.92319,2278.9317,0.00851,0.00018,-6E-05,0,-0.0008,-0.00121,0.00104,-0.0008,-0.00121,0.00104,48.55683,0.0017865,0,80000.387,79989.512,-0.387,10.488,True,False,60.99961
300.32,FINE,COAST,80000.026,0.0001251,2.7E-06,-0.032,0.00678,0.00498,2278.92306,2278.93163,0.00857,0.00018,-6E-05,0,-0.00107,-0.00119,0.00105,-0.00107,-0.00119,0.00105,48.55683,0.0019154,0,80000.383,79989.364,-0.383,10.636,True,False,61.35682
300.46,FINE,COAST,80000.068,0.0001211,2.8E-06,-0.033,0.00683,0.00482,2278.92293,2278.93155,0.00863,0.00018,-6E-05,0,-0.00135,-0.00116,0.00106,-0.00135,-0.00116,0.00106,48.55683,0.002076,0,80000.383,79989.211,-0.383,10.789,True,False,61.43643
300.6,FINE,COAST,80000.107,0.0001173,2.8E-06,-0.034,0.00692,0.00467,2278.92279,2278.93149,0.00869,0.00018,-6E-05,0,-0.00163,-0.00114,0.00107,-0.00163,-0.00114,0.00107,48.55683,0.0022557,0,80000.388,79989.052,-0.388,10.948,True,False,61.23678
300.76,FINE,THRUST,80000.146,0.0001139,2.9E-06,-0.034,0.00704,0.00453,2278.92266,2278.93143,0.00877,0.00018,-6E-05,0,-0.00188,-0.00113,0.00108,-0.00188,-0.00113,0.00108,48.55683,0.0024411,5.027E-05,80000.397,79988.886,-0.397,11.114,True,False,-60.21168
300.92,FINE,THRUST,80000.179,0.0001063,3E-06,-0.035,0.00727,0.00423,2278.92259,2278.93136,0.00878,0.00018,-6E-05,0,-0.00215,-0.00108,0.00108,-0.00215,-0.00108,0.00108,48.55684,0.0026366,5.43E-05,80000.421,79988.784,-0.421,11.216,True,False,-66.13494
301.06,FINE,THRUST,80000.2,9.62E-05,3E-06,-0.036,0.00757,0.00383,2278.92261,2278.93132,0.00871,0.00018,-6E-05,0,-0.00236,-0.00101,0.00107,-0.00236,-0.00101,0.00107,48.55684,0.0027821,5.729E-05,80000.457,79988.778,-0.457,11.222,True,False,-70.54269
301.2,FINE,THRUST,80000.215,8.58E-05,3E-06,-0.036,0.00788,0.00341,2278.92265,2278.93129,0.00864,0.00018,-6E-05,0,-0.00253,-0.00094,0.00106,-0.00253,-0.00094,0.00106,48.55685,0.002901,5.974E-05,80000.496,79988.789,-0.496,11.211,True,False,-73.86504
301.34,FINE,THRUST,80000.223,7.52E-05,3.1E-06,-0.037,0.0082,0.00299,2278.92271,2278.93127,0.00856,0.00018,-6E-05,0,-0.00266,-0.00087,0.00106,-0.00266,-0.00087,0.00106,48.55685,0.0029891,6.156E-05,80000.54,79988.82,-0.54,11.18,True,False,-76.25413
301.48,FINE,THRUST,80000.225,6.42E-05,3.1E-06,-0.037,0.00853,0.00255,2278.92279,2278.93126,0.00847,0.00017,-6E-05,0,-0.00275,-0.00079,0.00104,-0.00275,-0.00079,0.00104,48.55686,0.0030434,6.268E-05,80000.588,79988.877,-0.588,11.123,True,False,-77.81767
301.62,FINE,THRUST,80000.219,5.3E-05,3.1E-06,-0.037,0.00887,0.00211,2278.92291,2278.93126,0.00836,0.00017,-6E-05,0,-0.00279,-0.00071,0.00103,-0.00279,-0.00071,0.00103,48.55686,0.003061,6.304E-05,80000.642,79988.967,-0.642,11.033,True,False,-78.62454
301.76,FINE,THRUST,80000.207,4.16E-05,3.2E-06,-0.038,0.00921,0.00165,2278.92306,2278.93128,0.00822,0.00017,-6E-05,0,-0.00279,-0.00064,0.00102,-0.00279,-0.00064,0.00102,48.55687,0.0030396,6.26E-05,80000.7,79989.094,-0.7,10.906,True,False,-78.71442
301.9,FINE,THRUST,80000.187,3E-05,3.2E-06,-0.038,0.00955,0.00119,2278.92325,2278.9313,0.00805,0.00017,-5E-05,0,-0.00275,-0.00055,0.001,-0.00275,-0.00055,0.001,48.55688,0.0029768,6.131E-05,80000.765,79989.265,-0.765,10.735,True,False,-78.10243
302.04,FINE,THRUST,80000.16,1.84E-05,3.2E-06,-0.038,0.00988,0.00072,2278.92349,2278.93134,0.00785,0.00016,-5E-05,0,-0.00266,-0.00047,0.00098,-0.00266,-0.00047,0.00098,48.55689,0.0028705,5.912E-05,80000.837,79989.484,-0.837,10.516,True,False,-76.78086
302.18,FINE,THRUST,80000.126,7.1E-06,3.2E-06,-0.038,0.0102,0.00025,2278.92378,2278.93139,0.00761,0.00016,-5E-05,0,-0.00252,-0.00039,0.00095,-0.00252,-0.00039,0.00095,48.55689,0.0027188,5.599E-05,80000.916,79989.755,-0.916,10.245,True,False,-74.71504
302.32,CAPTURE,COAST,80000.084,6.2E-06,3.2E-06,-0.038,0.01051,-0.00021,2278.92412,2278.93146,0.00733,0.00015,-5E-05,0,-0.00233,-0.0003,0.00092,-0.00233,-0.0003,0.00092,48.5569,0.0025204,0,80001.003,79990.082,-1.003,9.918,True,True,32.7233
302.48,CAPTURE,COAST,80000.035,1.63E-05,3.2E-06,-0.038,0.01061,-0.00063,2278.92441,2278.93154,0.00713,0.00015,-5E-05,0,-0.00203,-0.00023,0.00089,-0.00203,-0.00023,0.00089,48.5569,0.0022248,0,80001.056,79990.38,-1.056,9.62,True,True,28.49081
302.62,CAPTURE,COAST,79999.997,2.24E-05,3.2E-06,-0.038,0.01043,-0.00088,2278.92456,2278.93161,0.00705,0.00015,-5E-05,0,-0.00174,-0.00018,0.00088,-0.00174,-0.00018,0.00088,48.5569,0.0019555,0,80001.044,79990.575,-1.044,9.425,True,True,24.17437
302.76,CAPTURE,COAST,79999.964,2.69E-05,3.2E-06,-0.038,0.01024,-0.00106,2278.92474,2278.93167,0.00693,0.00014,-5E-05,0,-0.00148,-0.00015,0.00087,-0.00148,-0.00015,0.00087,48.5569,0.0017181,0,80001.032,79990.812,-1.032,9.188,True,True,19.89015
302.9,CAPTURE,COAST,79999.938,2.96E-05,3.2E-06,-0.038,0.01002,-0.00117,2278.92495,2278.93172,0.00677,0.00014,-5E-05,0,-0.00125,-0.00013,0.00085,-0.00125,-0.00013,0.00085,48.5569,0.0015163,0,80001.019,79991.074,-1.019,8.926,True,True,15.77375
303.06,CAPTURE,COAST,79999.916,3.05E-05,3.1E-06,-0.037,0.00976,-0.00121,2278.92518,2278.93176,0.00658,0.00014,-4E-05,0,-0.00104,-0.00012,0.00082,-0.00104,-0.00012,0.00082,48.5569,0.0013324,0,80001.002,79991.379,-1.002,8.621,True,True,11.54694
303.2,CAPTURE,COAST,79999.904,2.93E-05,3.1E-06,-0.037,0.00952,-0.00116,2278.92538,2278.93179,0.00641,0.00013,-4E-05,0,-0.0009,-0.00013,0.0008,-0.0009,-0.00013,0.0008,48.5569,0.0012137,0,80000.984,79991.634,-0.984,8.366,True,True,8.69072