MET,mode,actuator,alt_m,inc_deg,plane_angle_deg,plane_error_m,radial_vel_mps,cross_vel_mps,along_vel_mps,circular_vel_mps,along_error_mps,along_tgo_s,plane_tgo_req_s,guidance_time_s,plane_ready_fine,natural_radial_accel,natural_cross_accel,radial_req_accel,cross_req_accel,along_req_accel,radial_alloc_accel,cross_alloc_accel,along_alloc_accel,max_accel,command_accel,throttle,ap_m,pe_m,ap_error_m,pe_error_m,fine_latched,capture,steer_angle_err_deg
160.1,TGO,THRUST,70693.324,29.3153432,0.6917144,-8096.766,319.83624,-18.07486,1249.03397,2294.73242,1045.69846,25.39415,56.90963,56.90963,False,-5.52492,-0.01946,0.33353,-9.98054,366.59052,0.33353,-9.98054,33.55414,35.00861,35.0086054,1,80027.161,-483625.346,-27.161,563625.346,False,False,-20.75482
160.24,TGO,THRUST,70738.18,29.3159165,0.6926491,-8108.249,320.33506,-18.1376,1253.67109,2294.65575,1040.98466,25.25803,56.94997,56.94997,False,-5.50672,-0.01967,0.18882,-9.98033,364.9438,0.18882,-9.98033,33.61246,35.06337,35.0633701,1,80132.599,-482594.958,-132.599,562594.958,False,False,-20.26364
160.38,TGO,THRUST,70783.097,29.3192707,0.6935834,-8119.73,320.87733,-18.13793,1258.30494,2294.57898,1036.27403,25.12212,56.99028,56.99028,False,-5.48847,-0.0199,0.04122,-9.9801,363.29827,0.04122,-9.9801,33.67033,35.1183,35.1183027,1,80241.24,-481558.931,-241.24,561558.931,False,False,-18.90029
160.54,TGO,THRUST,70834.484,29.3215356,0.6946511,-8132.851,321.341,-18.17378,1263.65109,2294.49113,1030.84004,24.96595,57.03631,57.03631,False,-5.46735,-0.02016,-0.11653,-9.97984,361.39976,-0.11653,-9.97984,33.73593,35.1813,35.181296,1,80357.162,-480355.148,-357.162,560355.148,False,False,-16.45759
160.68,TGO,THRUST,70879.468,29.3179921,0.695584,-8144.32,321.51992,-18.33058,1268.38524,2294.41421,1026.02897,24.82834,57.07651,57.07651,False,-5.44858,-0.02033,-0.23867,-9.97967,359.71846,-0.23867,-9.97967,33.79301,35.2366,35.2366027,1,80445.899,-479281.082,-445.899,559281.082,False,False,-13.8537
160.82,TGO,THRUST,70924.442,29.3068208,0.6965139,-8155.755,321.46931,-18.66171,1273.15796,2294.33729,1021.17933,24.69007,57.11656,57.11656,False,-5.42959,-0.02043,-0.34467,-9.97957,358.02325,-0.34467,-9.97957,33.84997,35.29208,35.2920799,1,80521.441,-478190.256,-521.441,558190.256,False,False,-11.09557
160.96,TGO,THRUST,70969.381,29.2867111,0.6974385,-8167.128,321.20798,-19.19869,1277.94675,2294.26042,1016.31367,24.55165,57.15637,57.15637,False,-5.41046,-0.02044,-0.43571,-9.97956,356.32203,-0.43571,-9.97956,33.90695,35.34774,35.3477357,1,80584.623,-477087.431,-584.623,557087.431,False,False,-8.39206
161.12,TGO,THRUST,71020.669,29.2522209,0.6984852,-8180.011,320.70712,-20.07988,1283.41062,2294.17266,1010.76205,24.39383,57.20144,57.20144,False,-5.38854,-0.02033,-0.52522,-9.97967,354.3806,-0.52522,-9.97967,33.97217,35.41156,35.4115556,1,80644.742,-475818.731,-644.742,555818.731,False,False,-5.5708
161.26,TGO,THRUST,71065.466,29.212269,0.6993895,-8191.148,320.1427,-21.08063,1288.16525,2294.09601,1005.93075,24.25645,57.24036,57.24036,False,-5.36937,-0.02013,-0.59426,-9.97987,352.69082,-0.59426,-9.97987,34.02938,35.46759,35.4675855,1,80689.646,-474705.533,-689.646,554705.533,False,False,-3.50893
161.4,TGO,THRUST,71110.178,29.1640639,0.7002804,-8202.13,319.50101,-22.27804,1292.88581,2294.0195,1001.13369,24.11994,57.27872,57.27872,False,-5.35026,-0.01984,-0.64974,-9.98016,351.01285,-0.64974,-9.98016,34.08686,35.5238,35.5237967,1,80729.715,-473591.758,-729.715,553591.758,False,False,-2.10436
161.54,TGO,THRUST,71154.795,29.1088289,0.7011559,-8212.93,318.81039,-23.64585,1297.56996,2293.94315,996.37319,23.98432,57.31642,57.31642,False,-5.33121,-0.01947,-0.66879,-9.98053,349.34757,-0.66879,-9.98053,34.14515,35.58018,35.5801826,1,80766.63,-472478.088,-766.63,552478.088,False,False,-1.82245
161.7,TGO,THRUST,71205.666,29.0389655,0.702135,-8225.024,317.98463,-25.37654,1302.88302,2293.8561,990.97309,23.83036,57.3586,57.3586,False,-5.30949,-0.01897,-0.69051,-9.98103,347.45845,-0.69051,-9.98103,34.21195,35.64485,35.6448453,1,80806.398,-471204.644,-806.398,551204.644,False,False,-2.47089
161.84,TGO,THRUST,71250.067,28.9736838,0.7029715,-8235.369,317.24137,-26.99842,1307.50533,2293.78013,986.27481,23.69638,57.39466,57.39466,False,-5.29052,-0.01849,-0.70948,-9.98151,345.8148,-0.70948,-9.98151,34.27057,35.70162,35.7016203,1,80839.806,-470087.948,-839.806,550087.948,False,False,-3.01406
161.98,TGO,THRUST,71294.363,28.9061255,0.7037882,-8245.48,316.48414,-28.68446,1312.11343,2293.70435,981.59092,23.56284,57.42989,57.42989,False,-5.27153,-0.01798,-0.72847,-9.98202,344.17613,-0.72847,-9.98202,34.32935,35.75857,35.7585725,1,80872.312,-468966.62,-872.312,548966.62,False,False,-3.30524
162.12,TGO,THRUST,71338.552,28.837696,0.7045844,-8255.353,315.71515,-30.40242,1316.71825,2293.62875,976.9105,23.42955,57.46426,57.46426,False,-5.25248,-0.01746,-0.74752,-9.98254,342.53865,-0.74752,-9.98254,34.3883,35.81571,35.8157106,1,80904.121,-467838.178,-904.121,547838.178,False,False,-3.32759
162.28,TGO,THRUST,71388.92,28.7599852,0.7054691,-8266.34,314.82282,-32.36866,1321.98995,2293.54259,971.55264,23.27723,57.50249,57.50249,False,-5.2306,-0.01687,-0.7694,-9.98313,340.66413,-0.7694,-9.98313,34.45589,35.88123,35.8812331,1,80939.762,-466536.8,-939.762,546536.8,False,False,-3.06867
162.42,TGO,THRUST,71432.872,28.6935259,0.7062214,-8275.697,314.03035,-34.06561,1326.61999,2293.46741,966.84742,23.14376,57.53502,57.53502,False,-5.21131,-0.01638,-0.78869,-9.98362,339.01791,-0.78869,-9.98362,34.51521,35.93876,35.9387603,1,80970.393,-465385.616,-970.393,545385.616,False,False,-2.65315
162.56,TGO,THRUST,71476.712,28.6292626,0.7069536,-8284.819,313.22711,-35.72237,1331.27241,2293.39242,962.12002,23.01002,57.56672,57.56672,False,-5.19187,-0.01591,-0.80813,-9.98409,337.36391,-0.80813,-9.98409,34.57472,35.99648,35.9964761,1,81000.555,-464221.271,-1000.555,544221.271,False,False,-2.12334
162.7,TGO,THRUST,71520.439,28.5676587,0.7076663,-8293.712,312.41338,-37.32749,1335.95063,2293.31764,957.36701,22.87591,57.59761,57.59761,False,-5.17226,-0.01546,-0.82774,-9.98454,335.70092,-0.82774,-9.98454,34.6344,36.05437,36.0543738,1,81030.287,-463042.881,-1030.287,543042.881,False,False,-1.53791
162.86,TGO,THRUST,71570.27,28.5007822,0.7084578,-8303.606,311.47115,-39.09142,1341.33022,2293.23242,951.9022,22.72218,57.63196,57.63196,False,-5.14964,-0.015,-0.85036,-9.985,333.78886,-0.85036,-9.985,34.70284,36.12077,36.1207732,1,81063.785,-461678.475,-1063.785,541678.475,False,False,-0.87
163,TGO,THRUST,71613.747,28.4453363,0.7091311,-8312.036,310.63668,-40.5728,1346.06551,2293.15808,947.09257,22.58728,57.66121,57.66121,False,-5.12968,-0.01463,-0.87032,-9.98537,332.10601,-0.87032,-9.98537,34.76292,36.17908,36.1790756,1,81092.711,-460469.204,-1092.711,540469.204,False,False,0.34717
163.14,TGO,THRUST,71657.107,28.3925423,0.7097871,-8320.263,309.79374,-42.00064,1350.82495,2293.08394,942.259,22.45204,57.68973,57.68973,False,-5.10955,-0.01429,-0.89045,-9.98571,330.41477,-0.89045,-9.98571,34.82318,36.23756,36.2375626,1,81121.318,-459245.903,-1121.318,539245.903,False,False,0.20168
163.28,TGO,THRUST,71700.347,28.3420524,0.7104263,-8328.293,308.94313,-43.38267,1355.60569,2293.01001,937.40432,22.31655,57.71756,57.71756,False,-5.08928,-0.01397,-0.91072,-9.98603,328.71612,-0.91072,-9.98603,34.88362,36.29624,36.2962429,1,81149.636,-458009.094,-1149.636,538009.094,False,False,0.52445
163.44,TGO,THRUST,71749.611,28.2866032,0.7111369,-8337.236,307.96259,-44.91897,1361.09135,2292.92578,931.83443,22.16147,57.74854,57.74854,False,-5.06594,-0.01364,-0.93406,-9.98636,326.76719,-0.93406,-9.98636,34.95292,36.36354,36.3635371,1,81181.678,-456579.84,-1181.678,536579.84,False,False,0.79278
163.58,TGO,THRUST,71792.59,28.2395089,0.7117416,-8344.86,307.09803,-46.23826,1365.90682,2292.85232,926.94551,22.02562,57.77494,57.77494,False,-5.04539,-0.01336,-0.95461,-9.98664,325.05652,-0.95461,-9.98664,35.01376,36.42262,36.4226225,1,81209.449,-455316.16,-1209.449,535316.16,False,False,0.91188
163.72,TGO,THRUST,71835.45,28.1932289,0.7123307,-8352.301,306.22813,-47.54639,1370.73342,2292.77906,922.04564,21.88974,57.80069,57.80069,False,-5.02472,-0.0131,-0.97528,-9.9869,323.34199,-0.97528,-9.9869,35.07478,36.4819,36.4819042,1,81237.018,-454040.891,-1237.018,534040.891,False,False,0.93123
163.86,TGO,THRUST,71878.188,28.1473093,0.7129041,-8359.557,305.35355,-48.85426,1375.56832,2292.70602,917.1377,21.75385,57.8258,57.8258,False,-5.00395,-0.01284,-0.99605,-9.98716,321.62463,-0.99605,-9.98716,35.13597,36.54138,36.5413752,1,81264.397,-452754.566,-1264.397,532754.566,False,False,0.86989
164.02,TGO,THRUST,71926.88,28.0947742,0.7135403,-8367.624,304.34903,-50.36072,1381.10092,2292.6228,911.52188,21.59862,57.85369,57.85369,False,-4.9801,-0.01254,-1.0199,-9.98746,319.65954,-1.0199,-9.98746,35.20614,36.60958,36.6095822,1,81295.483,-451271.516,-1295.483,531271.516,False,False,0.73958
164.16,TGO,THRUST,71969.354,28.0484177,0.7140799,-8374.482,303.46628,-51.69753,1385.94585,2292.55023,906.60437,21.46291,57.8774,57.8774,False,-4.95914,-0.01228,-1.04086,-9.98772,317.93878,-1.04086,-9.98772,35.26773,36.66947,36.6694745,1,81322.525,-449962.89,-1322.525,529962.89,False,False,0.62495
164.3,TGO,THRUST,72011.703,28.0014787,0.7146034,-8381.151,302.58059,-53.0573,1390.79291,2292.47786,901.68496,21.32732,57.90043,57.90043,False,-4.93809,-0.01201,-1.06191,-9.98799,316.21735,-1.06191,-9.98799,35.32949,36.72956,36.7295591,1,81349.448,-448644.282,-1349.448,528644.282,False,False,0.57893
164.44,TGO,THRUST,72053.928,27.9538422,0.7151105,-8387.626,301.69241,-54.44304,1395.64119,2292.40572,896.76453,21.1919,57.9228,57.9228,False,-4.91696,-0.01174,-1.08304,-9.98826,314.49554,-1.08304,-9.98826,35.39144,36.78985,36.789845,1,81376.277,-447315.801,-1376.277,527315.801,False,False,0.6452
164.6,TGO,THRUST,72102.033,27.8985107,0.7156695,-8394.785,300.67484,-56.05967,1401.18317,2292.32354,891.14037,21.03731,57.94751,57.94751,False,-4.89272,-0.01141,-1.10728,-9.98859,312.52745,-1.10728,-9.98859,35.46247,36.85898,36.8589836,1,81406.854,-445785.424,-1406.854,525785.424,False,False,0.81801
164.74,TGO,THRUST,72143.991,27.8493709,0.7161403,-8400.833,299.78264,-57.50193,1406.03356,2292.25187,886.2183,20.9022,57.96838,57.96838,False,-4.87142,-0.01112,-1.12858,-9.98888,310.80504,-1.12858,-9.98888,35.52481,36.91969,36.9196914,1,81433.561,-444435.588,-1433.561,524435.588,False,False,0.99375
164.88,TGO,THRUST,72185.823,27.7996664,0.7165938,-8406.676,298.88916,-58.96745,1410.88573,2292.18041,881.29468,20.76726,57.98854,57.98854,False,-4.85004,-0.01082,-1.14996,-9.98918,309.08206,-1.14996,-9.98918,35.58734,36.9806,36.9806036,1,81460.257,-443075.453,-1460.257,523075.453,False,False,1.1566
165.02,TGO,THRUST,72227.531,27.749548,0.7170296,-8412.312,297.99471,-60.45262,1415.74069,2292.10918,876.36849,20.63242,58.00797,58.00797,False,-4.82858,-0.01052,-1.17142,-9.98948,307.35818,-1.17142,-9.98948,35.65006,37.04171,37.041713,1,81486.971,-441704.675,-1486.971,521704.675,False,False,1.28904
165.18,TGO,THRUST,72275.043,27.6919903,0.7175058,-8418.495,296.97163,-62.16847,1421.29429,2292.02804,870.73375,20.47844,58.02928,58.02928,False,-4.80393,-0.01017,-1.19607,-9.98983,305.38633,-1.19607,-9.98983,35.72196,37.1118,37.1118024,1,81517.558,-440124.515,-1517.558,520124.515,False,False,1.39286
165.32,TGO,THRUST,72316.482,27.6415935,0.7179032,-8423.677,296.0759,-63.6808,1426.15972,2291.95728,865.79756,20.34378,58.04714,58.04714,False,-4.78226,-0.00986,-1.21774,-9.99014,303.65891,-1.21774,-9.99014,35.78508,37.17335,37.1733506,1,81544.398,-438729.509,-1544.398,518729.509,False,False,1.4398
165.46,TGO,THRUST,72357.795,27.5913565,0.7182825,-8428.647,295.17997,-65.19856,1431.03228,2291.88674,860.85446,20.20915,58.06426,58.06426,False,-4.76049,-0.00956,-1.23951,-9.99044,301.92908,-1.23951,-9.99044,35.84839,37.2351,37.2350992,1,81571.343,-437322.481,-1571.343,517322.481,False,False,1.44798
165.6,TGO,THRUST,72398.983,27.5414466,0.7186437,-8433.402,294.28405,-66.71747,1435.91329,2291.81642,855.90312,20.07453,58.08064,58.08064,False,-4.73861,-0.00926,-1.26139,-9.99074,300.19635,-1.26139,-9.99074,35.9119,37.29706,37.2970574,1,81598.417,-435902.987,-1598.417,515902.987,False,False,1.42237
165.76,TGO,THRUST,72445.902,27.4849902,0.7190342,-8438.576,293.26033,-68.45004,1441.50345,2291.73632,850.23287,19.92066,58.09845,58.09845,False,-4.71346,-0.00893,-1.28654,-9.99107,298.21202,-1.28654,-9.99107,35.98471,37.36812,37.3681174,1,81629.543,-434264.923,-1629.543,514264.923,False,False,1.36039
165.9,TGO,THRUST,72486.821,27.4362277,0.7193567,-8442.874,292.36485,-69.9598,1446.40623,2291.66647,845.26024,19.78598,58.11325,58.11325,False,-4.69133,-0.00865,-1.30867,-9.99135,296.47182,-1.30867,-9.99135,36.04863,37.43052,37.4305153,1,81656.959,-432817.405,-1656.959,512817.405,False,False,1.28611
166.04,TGO,THRUST,72527.615,27.388141,0.7196611,-8446.961,291.46986,-71.46149,1451.32035,2291.59684,840.27649,19.65126,58.12731,58.12731,False,-4.66908,-0.00837,-1.33092,-9.99163,294.72773,-1.33092,-9.99163,36.11275,37.49313,37.4931261,1,81684.566,-431356.312,-1684.566,511356.312,False,False,1.20133
166.18,TGO,THRUST,72568.284,27.3407748,0.7199477,-8450.837,290.57548,-72.95382,1456.2462,2291.52743,835.28123,19.51647,58.14065,58.14065,False,-4.64671,-0.0081,-1.35329,-9.97277,292.97959,-1.35329,-9.97277,36.18233,37.55594,37.5559426,1,81712.379,-429881.406,-1712.379,509881.406,False,False,1.13842
166.34,TGO,THRUST,72614.609,27.2875407,0.7202536,-8455.01,289.55419,-74.64724,1461.89031,2291.44838,829.55807,19.36236,58.155,58.155,False,-4.62099,-0.00781,-1.37901,-9.85783,290.97671,-1.37901,-9.85783,36.28757,37.62799,37.6279934,1,81744.431,-428178.656,-1744.431,508178.656,False,False,1.19148
166.48,TGO,THRUST,72655.01,27.2417256,0.7205023,-8458.439,288.66135,-76.11877,1466.84153,2291.37944,824.53791,19.22747,58.16679,58.16679,False,-4.59836,-0.00756,-1.40164,-9.75792,289.21985,-1.40164,-9.75792,36.37925,37.69127,37.6912672,1,81772.715,-426673.611,-1772.715,506673.611,False,False,1.24134
166.62,TGO,THRUST,72695.286,27.1965656,0.7207335,-8461.661,287.76943,-77.58211,1471.80416,2291.31072,819.50656,19.09251,58.17787,58.17787,False,-4.5756,-0.00732,-1.4244,-9.65855,287.45907,-1.4244,-9.65855,36.4706,37.75475,37.7547499,1,81801.237,-425154.373,-1801.237,505154.373,False,False,1.29342
166.76,TGO,THRUST,72735.437,27.1520279,0.7209474,-8464.678,286.87851,-79.03799,1476.778,2291.24222,814.46421,18.95752,58.18824,58.18824,False,-4.55272,-0.00709,-1.44728,-9.55965,285.69443,-1.44728,-9.55965,36.56164,37.81845,37.818451,1,81830.004,-423620.839,-1830.004,503620.839,False,False,1.34552
166.92,TGO,THRUST,72781.172,27.101874,0.7211706,-8467.875,285.86163,-80.69293,1482.47608,2291.1642,808.68811,18.80319,58.19923,58.19923,False,-4.52642,-0.00683,-1.47358,-9.44719,283.673,-1.47358,-9.44719,36.66532,37.89151,37.8915136,1,81863.193,-421850.541,-1863.193,501850.541,False,False,1.40171
167.06,TGO,THRUST,72821.056,27.0586489,0.7213474,-8470.455,284.97297,-82.13288,1487.47397,2291.09616,803.62219,18.66809,58.20809,58.20809,False,-4.50328,-0.00662,-1.49672,-9.3493,281.90009,-1.49672,-9.3493,36.75573,37.95567,37.9556732,1,81892.51,-420285.854,-1892.51,500285.854,False,False,1.44519
167.2,TGO,THRUST,72860.816,27.0160495,0.7215072,-8472.832,284.08548,-83.56482,1492.48327,2291.02835,798.54508,18.53297,58.21626,58.21626,False,-4.48001,-0.00641,-1.51999,-9.25191,280.12327,-1.51999,-9.25191,36.84585,38.02005,38.0200547,1,81922.102,-418706.34,-1922.102,498706.34,False,False,1.48081
167.34,TGO,THRUST,72900.453,26.9740993,0.7216499,-8475.008,283.19919,-84.98799,1497.50419,2290.96075,793.45656,18.39778,58.22373,58.22373,False,-4.45662,-0.00621,-1.54338,-9.15507,278.34244,-1.54338,-9.15507,36.93566,38.08465,38.0846507,1,81951.976,-417111.783,-1951.976,497111.783,False,False,1.50682
167.5,TGO,THRUST,72945.599,26.9269904,0.7217923,-8477.251,282.18776,-86.60248,1503.25697,2290.88376,787.62678,18.24322,58.23144,58.23144,False,-4.42973,-0.00599,-1.57027,-9.04516,276.3022,-1.57027,-9.04516,37.03794,38.15875,38.1587465,1,81986.475,-415270.718,-1986.475,495270.718,False,False,1.5234
167.64,TGO,THRUST,72984.97,26.8865422,0.721899,-8479,281.30403,-88.00337,1508.30377,2290.81662,782.51285,18.10792,58.23745,58.23745,False,-4.40606,-0.00581,-1.59394,-8.94974,274.51247,-1.59394,-8.94974,37.12711,38.22382,38.2238194,1,82016.98,-413643.139,-2016.98,493643.139,False,False,1.52619
167.78,TGO,THRUST,73024.217,26.8468461,0.721989,-8480.553,280.42155,-89.39223,1513.36309,2290.74971,777.38662,17.97255,58.24278,58.24278,False,-4.38227,-0.00564,-1.61773,-8.85508,272.71843,-1.61773,-8.85508,37.21594,38.28911,38.2891102,1,82047.798,-411999.777,-2047.798,491999.777,False,False,1.51808
167.92,TGO,THRUST,73063.341,26.8079343,0.7220626,-8481.911,279.54034,-90.768,1518.43519,2290.683,772.24782,17.83712,58.24744,58.24744,False,-4.35834,-0.00547,-1.64166,-8.76126,270.91998,-1.64166,-8.76126,37.30446,38.35463,38.3546289,1,82078.936,-410340.395,-2078.936,490340.395,False,False,1.4997
168.08,TGO,THRUST,73107.903,26.7644627,0.7221267,-8483.228,278.53477,-92.32299,1524.24784,2290.60704,766.3592,17.68224,58.25196,58.25196,False,-4.33084,-0.0053,-1.66916,-8.65514,268.85912,-1.66916,-8.65514,37.40522,38.42978,38.4297799,1,82114.925,-408424.04,-2114.925,488424.04,False,False,1.46763
168.22,TGO,THRUST,73146.763,26.7273291,0.7221656,-8484.175,277.65615,-93.66741,1529.34812,2290.5408,761.19268,17.54663,58.25521,58.25521,False,-4.30663,-0.00516,-1.69337,-8.56332,267.05096,-1.69337,-8.56332,37.49303,38.49578,38.4957769,1,82146.77,-406729.542,-2146.77,486729.542,False,False,1.43167
168.36,TGO,THRUST,73185.5,26.6910532,0.7221885,-8484.934,276.77879,-94.99612,1534.46179,2290.47477,756.01299,17.41095,58.25782,58.25782,False,-4.28229,-0.00503,-1.71771,-8.47251,265.23819,-1.71771,-8.47251,37.58051,38.56201,38.5620053,1,82178.961,-405018.316,-2178.961,485018.316,False,False,1.38986
168.5,TGO,THRUST,73224.115,26.6556448,0.7221958,-8485.506,275.90267,-96.30861,1539.58893,2290.40896,750.82003,17.27518,58.25978,58.25978,False,-4.25781,-0.00491,-1.74219,-8.38273,263.42077,-1.74219,-8.38273,37.66766,38.62846,38.6284576,1,82211.506,-403290.154,-2211.506,483290.154,False,False,1.34388
168.66,TGO,THRUST,73268.096,26.6162484,0.722185,-8485.935,274.9029,-97.78826,1545.46511,2290.33401,744.86891,17.11992,58.26126,58.26126,False,-4.22966,-0.00479,-1.77034,-8.28143,261.338,-1.77034,-8.28143,37.76687,38.70469,38.7046866,1,82249.142,-401294.118,-2249.142,481294.118,False,False,1.28888
168.8,TGO,THRUST,73306.448,26.5827128,0.7221593,-8486.117,274.02936,-99.06489,1550.62128,2290.26866,739.64738,16.98398,58.26188,58.26188,False,-4.20489,-0.00469,-1.79511,-8.19395,259.51057,-1.79511,-8.19395,37.85336,38.77164,38.7716365,1,82282.466,-399529,-2282.466,479529,False,False,1.24109
168.94,TGO,THRUST,73344.678,26.5500331,0.7221184,-8486.119,273.15708,-100.32493,1555.7909,2290.20352,734.41262,16.84796,58.26189,58.26189,False,-4.17999,-0.00461,-1.82001,-8.10753,257.6785,-1.82001,-8.10753,37.93954,38.83881,38.8388138,1,82316.168,-397746.357,-2316.168,477746.357,False,False,1.19518
169.08,TGO,THRUST,73382.786,26.5181883,0.7220626,-8485.945,272.28604,-101.56874,1560.97386,2290.1386,729.16474,16.71187,58.26129,58.26129,False,-4.15495,-0.00453,-1.84505,-8.02214,255.84184,-1.84505,-8.02214,38.02546,38.90623,38.9062289,1,82350.256,-395946.023,-2350.256,475946.023,False,False,1.15237
169.24,TGO,THRUST,73426.189,26.482785,0.7219809,-8485.532,271.29205,-102.97094,1566.91337,2290.06466,723.15129,16.55624,58.25987,58.25987,False,-4.12616,-0.00446,-1.87384,-7.92577,253.73723,-1.87384,-7.92577,38.12334,38.98356,38.9835592,1,82389.693,-393866.625,-2389.693,473866.625,False,False,1.10827
169.38,TGO,THRUST,73464.036,26.4526454,0.7218938,-8484.986,270.42352,-104.18156,1572.12439,2290.00019,717.8758,16.41999,58.258,58.258,False,-4.10083,-0.00441,-1.89917,-7.84248,251.89089,-1.89917,-7.84248,38.20872,39.05147,39.0514736,1,82424.623,-392027.827,-2424.623,472027.827,False,False,1.0746
169.52,TGO,THRUST,73501.762,26.4232537,0.7217924,-8484.271,269.55615,-105.3777,1577.34825,2289.93593,712.58768,16.28369,58.25554,58.25554,False,-4.07536,-0.00437,-1.92464,-7.76009,250.04012,-1.92464,-7.76009,38.29389,39.11963,39.1196296,1,82459.958,-390170.825,-2459.958,470170.825,False,False,1.04536
169.66,TGO,THRUST,73539.367,26.3945804,0.7216769,-8483.387,268.68994,-106.56,1582.58478,2289.87189,707.28711,16.14731,58.25251,58.25251,False,-4.04976,-0.00433,-1.95024,-7.67856,248.18499,-1.95024,-7.67856,38.37886,39.18802,39.1880194,1,82495.706,-388295.448,-2495.706,468295.448,False,False,1.02019
169.82,TGO,THRUST,73582.195,26.3626569,0.7215277,-8482.175,267.70132,-107.89495,1588.58471,2289.79895,701.21424,15.99139,58.24835,58.24835,False,-4.02033,-0.0043,-1.97967,-7.58639,246.05956,-1.97967,-7.58639,38.47575,39.26648,39.2664751,1,82537.075,-386129.433,-2537.075,466129.433,False,False,0.99576
169.96,TGO,THRUST,73619.54,26.3354401,0.7213824,-8480.937,266.83738,-109.04931,1593.84795,2289.73536,695.88741,15.85492,58.2441,58.2441,False,-3.99444,-0.00429,-2.00556,-7.50659,244.19522,-2.00556,-7.50659,38.56036,39.33538,39.3353843,1,82573.726,-384214.07,-2573.726,464214.07,False,False,0.97748
170.1,TGO,THRUST,73656.765,26.3088665,0.7212235,-8479.538,265.97453,-110.19137,1599.12348,2289.67197,690.54849,15.71838,58.23929,58.23929,False,-3.96841,-0.00428,-2.03159,-7.42754,242.32665,-2.03159,-7.42754,38.64481,39.40453,39.4045311,1,82610.817,-382279.747,-2610.817,462279.747,False,False,0.9612
170.24,TGO,THRUST,73693.869,26.282919,0.721051,-8477.978,265.11278,-111.32147,1604.41123,2289.6088,685.19757,15.5818,58.23394,58.23394,False,-3.94224,-0.00428,-2.05776,-7.34922,240.45388,-2.05776,-7.34922,38.72913,39.47393,39.4739262,1,82648.358,-380326.259,-2648.358,460326.259,False,False,0.9461
170.4,TGO,THRUST,73736.125,26.2540144,0.7208375,-8476.001,264.12921,-112.59863,1610.46927,2289.53686,679.06759,15.42565,58.22714,58.22714,False,-3.91217,-0.00429,-2.08783,-7.26058,238.30843,-2.08783,-7.26058,38.82534,39.55353,39.553532,1,82691.823,-378069.958,-2691.823,458069.958,False,False,0.9293
170.54,TGO,THRUST,73772.971,26.2293713,0.7206366,-8474.102,263.2696,-113.7036,1615.78308,2289.47414,673.69106,15.28897,58.22062,58.22062,False,-3.88572,-0.00431,-2.11428,-7.18378,236.42667,-2.11428,-7.18378,38.90939,39.62345,39.6234486,1,82730.353,-376074.665,-2730.353,456074.665,False,False,0.91441
170.68,TGO,THRUST,73809.696,26.2053222,0.7204226,-8472.048,262.41101,-114.797,1621.10901,2289.41163,668.30262,15.15225,58.21357,58.21357,False,-3.85912,-0.00434,-2.14088,-7.10767,234.54074,-2.14088,-7.10767,38.99334,39.69362,39.6936176,1,82769.364,-374059.507,-2769.364,454059.507,False,False,0.89872
170.82,TGO,THRUST,73846.302,26.1818623,0.7201956,-8469.84,261.55343,-115.87883,1626.44706,2289.34933,662.90226,15.01548,58.20598,58.20598,False,-3.83239,-0.00437,-2.16761,-7.03227,232.65063,-2.16761,-7.03227,39.07719,39.76403,39.7640308,1,82808.87,-372024.245,-2808.87,452024.245,False,False,0.88182
170.98,TGO,THRUST,73887.989,26.1557683,0.7199206,-8467.13,260.57447,-117.10093,1632.56256,2289.27838,656.71582,14.85913,58.19667,58.19667,False,-3.80167,-0.00442,-2.19833,-6.94695,230.48539,-2.19833,-6.94695,39.1729,39.84481,39.8448122,1,82854.634,-369673.3,-2854.634,449673.3,False,False,0.86066
171.12,TGO,THRUST,73924.338,26.1335641,0.7196664,-8464.598,259.7188,-118.15761,1637.92665,2289.21652,651.28987,14.72228,58.18797,58.18797,False,-3.77465,-0.00447,-2.22535,-6.87305,228.58631,-2.22535,-6.87305,39.25656,39.91577,39.915768,1,82895.227,-367594.127,-2895.227,447594.127,False,False,0.84062
171.26,TGO,THRUST,73960.566,26.1119404,0.7193997,-8461.917,258.86405,-119.20245,1643.3029,2289.15488,645.85197,14.58538,58.17875,58.17875,False,-3.74748,-0.00453,-2.25252,-6.79987,226.68304,-2.25252,-6.79987,39.34013,39.98697,39.9869723,1,82936.352,-365494.066,-2936.352,445494.066,False,False,0.81905
171.4,TGO,THRUST,73996.676,26.0908952,0.7191207,-8459.089,258.01018,-120.23537,1648.69134,2289.09344,640.40209,14.44844,58.16903,58.16903,False,-3.72018,-0.00459,-2.27982,-6.72741,224.77557,-2.27982,-6.72741,39.42363,40.05844,40.0584358,1,82978.022,-363372.861,-2978.022,443372.861,False,False,0.79612
171.56,TGO,THRUST,74037.797,26.0675486,0.7187868,-8455.679,257.03536,-121.40114,1654.86449,2289.02347,634.15898,14.2919,58.1573,58.1573,False,-3.6888,-0.00468,-2.3112,-6.64547,222.59046,-2.3112,-6.64547,39.51897,40.14042,40.1404191,1,83026.328,-360922.398,-3026.328,440922.398,False,False,0.76854
171.7,TGO,THRUST,74073.65,26.0477358,0.7184818,-8452.541,256.18321,-122.40818,1660.27909,2288.96248,628.6834,14.15487,58.14651,58.14651,False,-3.66119,-0.00476,-2.33881,-6.57457,220.67398,-2.33881,-6.57457,39.60233,40.21243,40.2124302,1,83069.205,-358754.994,-3069.205,438754.994,False,False,0.74371
171.84,TGO,THRUST,74109.384,26.028489,0.7181649,-8449.262,255.33188,-123.40315,1665.70588,2288.90169,623.19582,14.01781,58.13523,58.13523,False,-3.63345,-0.00485,-2.36655,-6.50438,218.7533,-2.36655,-6.50438,39.68563,40.2847,40.2847002,1,83112.674,-356565.614,-3112.674,436565.614,False,False,0.7185
171.98,TGO,THRUST,74144.999,26.0098013,0.7178362,-8445.842,254.48135,-124.38613,1671.14486,2288.84111,617.69626,13.88071,58.12346,58.12346,False,-3.60556,-0.00495,-2.39444,-6.43492,216.82841,-2.39444,-6.43492,39.76889,40.35723,40.3572304,1,83156.75,-354353.987,-3156.75,434353.987,False,False,0.69315
172.14,TGO,THRUST,74185.556,25.9891192,0.7174464,-8441.765,253.51026,-125.4949,1677.37575,2288.77213,611.39639,13.72398,58.10943,58.10943,False,-3.57351,-0.00507,-2.42649,-6.35641,214.6234,-2.42649,-6.35641,39.86399,40.44044,40.4404425,1,83207.886,-351798.82,-3207.886,431798.82,False,False,0.66447
172.28,TGO,THRUST,74220.916,25.9716061,0.7170931,-8438.05,252.66128,-126.45231,1682.84081,2288.712,605.87119,13.5868,58.09664,58.09664,False,-3.54532,-0.00519,-2.45468,-6.28847,212.68952,-2.45468,-6.28847,39.94717,40.51354,40.5135351,1,83253.314,-349538.591,-3253.314,429538.591,False,False,0.64005
172.42,TGO,THRUST,74256.158,25.9546246,0.7167284,-8434.201,251.81304,-127.39806,1688.31801,2288.65207,600.33406,13.44959,58.08339,58.08339,False,-3.51699,-0.00531,-2.48301,-6.22123,210.75146,-2.48301,-6.22123,40.03032,40.58689,40.5868924,1,83299.402,-347255.243,-3299.402,427255.243,False,False,0.61633
172.56,TGO,THRUST,74291.28,25.9381642,0.7163526,-8430.218,250.96551,-128.33231,1693.80731,2288.59235,594.78504,13.31235,58.06968,58.06968,False,-3.48851,-0.00544,-2.51149,-6.15468,208.80923,-2.51149,-6.15468,40.11346,40.66052,40.6605158,1,83346.172,-344948.488,-3346.172,424948.488,False,False,0.59342
172.72,TGO,THRUST,74331.275,25.9199776,0.7159095,-8425.505,249.99773,-129.38614,1700.09559,2288.52434,588.42875,13.15546,58.05344,58.05344,False,-3.45579,-0.00559,-2.54421,-6.07944,206.58444,-2.54421,-6.07944,40.20847,40.74498,40.7449847,1,83400.48,-342283.162,-3400.48,422283.162,False,False,0.56838
172.86,TGO,THRUST,74366.144,25.9046017,0.7155102,-8421.242,249.15156,-130.29622,1705.61075,2288.46506,582.85431,13.01815,58.03875,58.03875,False,-3.427,-0.00573,-2.573,-6.01432,204.6333,-2.573,-6.01432,40.2916,40.81918,40.8191833,1,83448.768,-339925.262,-3448.768,419925.262,False,False,0.5477
173,TGO,THRUST,74400.894,25.8897133,0.7151002,-8416.851,248.30603,-131.19538,1711.13794,2288.40598,577.26804,12.8808,58.02362,58.02362,False,-3.39807,-0.00589,-2.60193,-5.94984,202.67801,-2.60193,-5.94984,40.37475,40.89365,40.8936526,1,83497.801,-337543.022,-3497.801,417543.022,False,False,0.528
173.14,TGO,THRUST,74435.526,25.8753011,0.7146795,-8412.332,247.46113,-132.08382,1716.67713,2288.34711,571.66998,12.74344,58.00804,58.00804,False,-3.369,-0.00604,-2.631,-5.88599,200.71858,-2.631,-5.88599,40.45791,40.96839,40.9683942,1,83547.603,-335136.136,-3547.603,415136.136,False,False,0.50916
173.3,TGO,THRUST,74474.961,25.8594007,0.7141859,-8407.015,246.49626,-133.08626,1723.02231,2288.28008,565.25777,12.58641,57.9897,57.9897,False,-3.33559,-0.00623,-2.66441,-5.81378,198.47418,-2.66441,-5.81378,40.55298,41.05415,41.0541484,1,83605.49,-332354.824,-3605.49,412354.824,False,False,0.48863
173.44,TGO,THRUST,74509.339,25.845979,0.7137429,-8402.229,245.65255,-133.95219,1728.58716,2288.22165,559.63449,12.44899,57.9732,57.9732,False,-3.30621,-0.0064,-2.69379,-5.75124,196.50591,-2.69379,-5.75124,40.6362,41.12948,41.1294784,1,83657.012,-329894.053,-3657.012,409894.053,False,False,0.47154
173.58,TGO,THRUST,74543.6,25.8330035,0.7132897,-8397.321,244.8094,-134.80791,1734.16397,2288.16342,553.99946,12.31154,57.95626,57.95626,False,-3.27667,-0.00658,-2.72333,-5.68931,194.53352,-2.72333,-5.68931,40.71946,41.20509,41.2050853,1,83709.381,-327407.625,-3709.381,407407.625,False,False,0.45504
173.72,TGO,THRUST,74577.742,25.8204654,0.7128264,-8392.292,243.96681,-135.65356,1739.75271,2288.1054,548.35269,12.17406,57.93891,57.93891,False,-3.24699,-0.00676,-2.75301,-5.62795,192.55701,-2.75301,-5.62795,40.80277,41.28097,41.2809706,1,83762.625,-324895.205,-3762.625,404895.205,False,False,0.43902
173.88,TGO,THRUST,74616.618,25.806662,0.7122847,-8386.399,243.00449,-136.60784,1746.15446,2288.03934,541.88488,12.01693,57.91856,57.91856,False,-3.21289,-0.00698,-2.78711,-5.55854,190.29311,-2.78711,-5.55854,40.89804,41.36804,41.3680398,1,83824.583,-321991.603,-3824.583,401991.603,False,False,0.42109
174.02,TGO,THRUST,74650.508,25.795038,0.7118001,-8381.115,242.16294,-137.43223,1751.76878,2287.98175,536.21297,11.87941,57.90031,57.90031,False,-3.18289,-0.00718,-2.81711,-5.49842,188.30778,-2.81711,-5.49842,40.98146,41.44453,41.4445271,1,83879.795,-319422.328,-3879.795,399422.328,False,False,0.40582
174.16,TGO,THRUST,74684.28,25.7838283,0.7113058,-8375.715,241.32189,-138.24689,1757.39504,2287.92437,530.52934,11.74187,57.88166,57.88166,False,-3.15275,-0.00738,-2.84725,-5.43885,186.31834,-2.84725,-5.43885,41.06495,41.5213,41.5212978,1,83935.977,-316825.965,-3935.977,396825.965,False,False,0.3907
174.3,TGO,THRUST,74717.934,25.773026,0.7108019,-8370.2,240.48134,-139.05191,1763.03323,2287.8672,524.83397,11.60431,57.8626,57.8626,False,-3.12245,-0.00759,-2.87755,-5.37985,184.32479,-2.87755,-5.37985,41.14851,41.59835,41.5983534,1,83993.164,-314202.155,-3993.164,394202.155,False,False,0.37572
174.46,TGO,THRUST,74756.253,25.761172,0.7102144,-8363.757,239.52129,-139.96022,1769.49149,2287.8021,518.31061,11.44707,57.84032,57.84032,False,-3.08765,-0.00784,-2.91235,-5.31308,182.04141,-2.91235,-5.31308,41.2441,41.68677,41.686768,1,84059.797,-311169.43,-4059.797,391169.43,False,False,0.3587
174.6,TGO,THRUST,74789.655,25.7512249,0.7096902,-8357.999,238.68166,-140.74477,1775.15528,2287.74536,512.59009,11.30947,57.82041,57.82041,False,-3.05703,-0.00806,-2.94297,-5.25525,180.03903,-2.94297,-5.25525,41.32783,41.76444,41.7644396,1,84119.252,-308485.551,-4119.252,388485.551,False,False,0.34402
174.74,TGO,THRUST,74822.94,25.7416661,0.7091568,-8352.131,237.84247,-141.51992,1780.83102,2287.68883,506.85781,11.17185,57.80011,57.80011,False,-3.02626,-0.00829,-2.97374,-5.19796,178.03253,-2.97374,-5.19796,41.41165,41.8424,41.8424012,1,84179.831,-305773.043,-4179.831,385773.043,False,False,0.32948
174.88,TGO,THRUST,74856.107,25.7324896,0.7086143,-8346.152,237.00374,-142.28575,1786.51871,2287.63249,501.11378,11.03422,57.77941,57.77941,False,-2.99534,-0.00852,-3.00466,-5.1412,176.02191,-3.00466,-5.1412,41.49556,41.92065,41.9206544,1,84241.573,-303031.516,-4241.573,383031.516,False,False,0.31503
175.04,TGO,THRUST,74893.869,25.7224632,0.7079832,-8339.186,236.04569,-143.14967,1793.03359,2287.56836,494.53477,10.8769,57.7553,57.7553,False,-2.95982,-0.0088,-3.04018,-5.07698,173.719,-3.04018,-5.07698,41.59157,42.01045,42.0104458,1,84313.617,-299862.3,-4313.617,379862.3,False,False,0.29873
175.18,TGO,THRUST,74926.785,25.7140885,0.7074214,-8332.976,235.20776,-143.89573,1798.74695,2287.51246,488.76552,10.73923,57.73379,57.73379,False,-2.92857,-0.00905,-3.07143,-5.02135,171.69954,-3.07143,-5.02135,41.6757,42.08933,42.0893294,1,84377.995,-297057.246,-4377.995,377057.246,False,False,0.28482
175.32,TGO,THRUST,74959.584,25.7060771,0.7068509,-8326.661,234.37023,-144.63273,1804.47228,2287.45677,482.98449,10.60154,57.71191,57.71191,False,-2.89717,-0.0093,-3.10283,-4.96624,169.67594,-3.10283,-4.96624,41.75993,42.16851,42.1685098,1,84443.682,-294221.907,-4443.682,374221.907,False,False,0.27118
175.46,TGO,THRUST,74992.265,25.6984229,0.7062716,-8320.241,233.5331,-145.36077,1810.20961,2287.40128,477.19167,10.46385,57.68966,57.68966,False,-2.86562,-0.00955,-3.13438,-4.91164,167.6482,-3.13438,-4.91164,41.84428,42.24799,42.2479886,1,84510.729,-291355.862,-4510.729,371355.862,False,False,0.25784
175.62,TGO,THRUST,75029.471,25.6901049,0.7055991,-8312.777,232.57682,-146.18196,1816.78125,2287.33811,470.55686,10.30646,57.66377,57.66377,False,-2.82937,-0.00985,-3.17063,-4.84985,165.32572,-3.17063,-4.84985,41.94083,42.33919,42.3391893,1,84589.086,-288042.239,-4589.086,368042.239,False,False,0.24297
175.76,TGO,THRUST,75061.902,25.6831972,0.7050015,-8306.137,231.7404,-146.89105,1822.5443,2287.28305,464.73875,10.16873,57.64074,57.64074,False,-2.79748,-0.01012,-3.20252,-4.79632,163.28912,-3.20252,-4.79632,42.02544,42.41931,42.4193134,1,84659.223,-285108.958,-4659.223,365108.958,False,False,0.23041
175.9,TGO,THRUST,75094.215,25.676627,0.7043956,-8299.397,230.90433,-147.59151,1828.31938,2287.22819,458.90882,10.03099,57.61735,57.61735,False,-2.76543,-0.0104,-3.23457,-4.74328,161.24836,-3.23457,-4.74328,42.11018,42.49974,42.4997415,1,84730.898,-282143.611,-4730.898,362143.611,False,False,0.21825
176.04,TGO,THRUST,75126.411,25.670388,0.7037814,-8292.557,230.06861,-148.28342,1834.10648,2287.17354,453.06706,9.89324,57.5936,57.5936,False,-2.73323,-0.01068,-3.26677,-4.69072,159.20346,-3.26677,-4.69072,42.19505,42.58048,42.580475,1,84804.175,-279145.751,-4804.175,359145.751,False,False,0.20643
176.2,TGO,THRUST,75163.063,25.6636557,0.7030695,-8284.619,229.11391,-149.06384,1840.73506,2287.11133,446.37626,9.7358,57.56603,57.56603,False,-2.69624,-0.011,-3.30376,-4.63124,156.86134,-3.30376,-4.63124,42.29222,42.67312,42.6731184,1,84889.967,-275679.228,-4889.967,355679.228,False,False,0.19333
176.34,TGO,THRUST,75195.009,25.6581084,0.702438,-8277.57,228.27881,-149.73771,1846.54799,2287.05711,440.50912,9.59803,57.54153,57.54153,False,-2.6637,-0.01129,-3.3363,-4.57969,154.80753,-3.3363,-4.57969,42.3774,42.75451,42.7545126,1,84966.899,-272610.153,-4966.899,352610.153,False,False,0.18233
176.48,TGO,THRUST,75226.838,25.6528737,0.7017985,-8270.425,227.44402,-150.40336,1852.37298,2287.00309,434.63011,9.46025,57.51669,57.51669,False,-2.631,-0.01159,-3.369,-4.52861,152.74956,-3.369,-4.52861,42.46273,42.83622,42.836218,1,85045.655,-269507.106,-5045.655,349507.106,False,False,0.17166
176.62,TGO,THRUST,75258.549,25.6479454,0.7011511,-8263.185,226.60956,-151.06088,1858.21006,2286.94927,428.73921,9.32245,57.49151,57.49151,False,-2.59815,-0.01189,-3.40185,-4.47798,150.68742,-3.40185,-4.47798,42.54821,42.91824,42.9182362,1,85126.318,-266369.61,-5126.318,346369.61,False,False,0.16124
176.78,TGO,THRUST,75294.648,25.6426825,0.7004018,-8254.796,225.65624,-151.80248,1864.89583,2286.88801,421.99219,9.16497,57.46232,57.46232,False,-2.5604,-0.01223,-3.4396,-4.42067,148.32558,-3.4396,-4.42067,42.6461,43.01236,43.0123568,1,85220.945,-262741.091,-5220.945,342741.091,False,False,0.14966
176.92,TGO,THRUST,75326.11,25.638396,0.699738,-8247.357,224.82232,-152.44279,1870.75885,2286.83463,416.07577,9.02716,57.43642,57.43642,False,-2.52719,-0.01254,-3.47281,-4.371,146.25449,-3.47281,-4.371,42.73193,43.09505,43.0950515,1,85305.973,-259528.123,-5305.973,339528.123,False,False,0.13988
177.06,TGO,THRUST,75357.454,25.6343994,0.6990666,-8239.827,223.98868,-153.07525,1876.63402,2286.78144,410.14742,8.88934,57.4102,57.4102,False,-2.49383,-0.01286,-3.50617,-4.32177,144.17921,-3.50617,-4.32177,42.81792,43.17806,43.1780649,1,85393.189,-256279.147,-5393.189,336279.147,False,False,0.1304
177.2,TGO,THRUST,75388.682,25.6306877,0.6983877,-8232.207,223.15533,-153.69995,1882.52135,2286.72846,404.20711,8.75152,57.38364,57.38364,False,-2.4603,-0.01318,-3.5397,-4.27297,142.09973,-3.5397,-4.27297,42.90409,43.2614,43.2613987,1,85482.696,-252993.653,-5482.696,332993.653,False,False,0.12109
177.36,TGO,THRUST,75424.228,25.626789,0.6976028,-8223.389,222.20324,-154.40445,1889.26463,2286.66816,397.40353,8.594,57.3529,57.3529,False,-2.42179,-0.01355,-3.57821,-4.21772,139.71805,-3.57821,-4.21772,43.00278,43.35703,43.357032,1,85587.931,-249193.423,-5587.931,329193.423,False,False,-0.11073
177.5,TGO,THRUST,75455.206,25.623674,0.6969083,-8215.579,221.37036,-155.01266,1895.17808,2286.61561,391.43753,8.45617,57.32566,57.32566,False,-2.38791,-0.01388,-3.61209,-4.16984,137.62956,-3.61209,-4.16984,43.08934,43.44106,43.4410588,1,85682.708,-245827.924,-5682.708,325827.924,False,False,-0.10201
177.64,TGO,THRUST,75486.068,25.6208287,0.6962066,-8207.682,220.53773,-155.61336,1901.10374,2286.56326,385.45952,8.31833,57.29811,57.29811,False,-2.35386,-0.01421,-3.64614,-4.12237,135.53686,-3.64614,-4.12237,43.17607,43.52541,43.5254118,1,85780.137,-242424.255,-5780.137,322424.255,False,False,-0.0935
177.78,TGO,THRUST,75516.812,25.6182483,0.6954977,-8199.7,219.70537,-156.20661,1907.04165,2286.51111,379.46946,8.18048,57.27024,57.27024,False,-2.31965,-0.01455,-3.68035,-4.07531,133.43993,-3.68035,-4.07531,43.263,43.61009,43.610093,1,85880.35,-238981.874,-5880.35,318981.874,False,False,-0.08517
177.94,TGO,THRUST,75551.807,25.6156189,0.6946791,-8190.474,218.75437,-156.87556,1913.84285,2286.45176,372.6089,8.02294,57.23801,57.23801,False,-2.28035,-0.01494,-3.71965,-4.02202,131.03825,-3.71965,-4.02202,43.36258,43.70728,43.707276,1,85998.467,-234999.62,-5998.467,314999.62,False,False,-0.07592
178.08,TGO,THRUST,75582.302,25.613594,0.6939554,-8182.311,217.92241,-157.45301,1919.80708,2286.40004,366.59296,7.88509,57.20948,57.20948,False,-2.24579,-0.01529,-3.75421,-3.97583,128.93224,-3.75421,-3.97583,43.44993,43.79267,43.7926671,1,86105.117,-231472.436,-6105.117,311472.436,False,False,-0.06822
178.22,TGO,THRUST,75612.68,25.6118203,0.6932249,-8174.066,217.09068,-158.02323,1925.78363,2286.34852,360.56489,7.74723,57.18065,57.18065,False,-2.21105,-0.01564,-3.78895,-3.93004,126.82198,-3.78895,-3.93004,43.53748,43.87839,43.8783925,1,86215.023,-227904.8,-6215.023,307904.8,False,False,-0.06082
178.36,TGO,THRUST,75642.942,25.6102929,0.6924877,-8165.74,216.2592,-158.58633,1931.77252,2286.2972,354.52468,7.60937,57.15152,57.15152,False,-2.17615,-0.016,-3.82385,-3.88464,124.70746,-3.82385,-3.88464,43.62523,43.96445,43.9644542,1,86328.357,-224296.146,-6328.357,304296.146,False,False,-0.05368
178.52,TGO,THRUST,75677.385,25.6088444,0.691637,-8156.125,215.30918,-159.22119,1938.63212,2286.2388,347.60668,7.45182,57.11786,57.11786,False,-2.13605,-0.01641,-3.86395,-3.83323,122.28563,-3.86395,-3.83323,43.72578,44.06322,44.0632247,1,86462.313,-220121.011,-6462.313,300121.011,False,False,-0.0459
178.66,TGO,THRUST,75707.398,25.6078335,0.6908856,-8147.627,214.47807,-159.76914,1944.64755,2286.18791,341.54037,7.31395,57.0881,57.0881,False,-2.10078,-0.01678,-3.89922,-3.78866,120.16194,-3.89922,-3.78866,43.81399,44.15001,44.1500136,1,86583.617,-216422.534,-6583.617,296422.534,False,False,-0.03974
178.8,TGO,THRUST,75737.294,25.6070561,0.6901277,-8139.051,213.64718,-160.31017,1950.67541,2286.13722,335.46182,7.17609,57.05804,57.05804,False,-2.06534,-0.01715,-3.93466,-3.74446,118.03397,-3.93466,-3.74446,43.90242,44.23715,44.2371452,1,86708.971,-212681.229,-6708.971,292681.229,False,False,-0.03414
178.94,TGO,THRUST,75767.074,25.6065079,0.6893635,-8130.397,212.8165,-160.84435,1956.71573,2286.08674,329.37101,7.03822,57.0277,57.0277,False,-2.02972,-0.01752,-3.97028,-3.70064,115.90169,-3.97028,-3.70064,43.99107,44.32462,44.3246213,1,86838.607,-208896.513,-6838.607,288896.513,False,False,-0.02926
179.1,TGO,THRUST,75800.966,25.606157,0.6884824,-8120.414,211.8674,-161.44655,1963.63424,2286.02928,322.39504,6.88066,56.99268,56.99268,False,-1.98881,-0.01795,-4.01119,-3.65101,113.45953,-4.01119,-3.65101,44.09266,44.42502,44.4250186,1,86992.318,-204517.217,-6992.318,284517.217,False,False,-0.02492
179.24,TGO,THRUST,75830.496,25.6060881,0.6877048,-8111.597,211.03706,-161.96624,1969.70135,2285.97922,316.27788,6.74279,56.96173,56.96173,False,-1.95282,-0.01833,-4.04718,-3.60798,111.318,-4.04718,-3.60798,44.1818,44.51324,44.51324,1,87131.967,-200637.51,-7131.967,280637.51,False,False,-0.02285
179.38,TGO,THRUST,75859.911,25.606236,0.686921,-8102.706,210.20692,-162.47931,1975.781,2285.92936,310.14836,6.60493,56.9305,56.9305,False,-1.91666,-0.01872,-4.08334,-3.56531,109.17215,-4.08334,-3.56531,44.27117,44.60181,44.6018126,1,87276.736,-196712.551,-7276.736,276712.551,False,False,-0.02247
179.52,TGO,THRUST,75889.209,25.6065963,0.6861312,-8093.741,209.37699,-162.98583,1981.87324,2285.87971,304.00647,6.46706,56.899,56.899,False,-1.88033,-0.01911,-4.11967,-3.52299,107.02195,-4.11967,-3.52299,44.36078,44.69074,44.6907383,1,87426.938,-192741.757,-7426.938,272741.757,False,False,-0.0237
179.68,TGO,THRUST,75922.55,25.6072643,0.6852212,-8083.406,208.42873,-163.55676,1988.85123,2285.8232,296.97196,6.3095,56.86266,56.86266,False,-1.83858,-0.01956,-4.16142,-3.47506,104.55924,-4.16142,-3.47506,44.46349,44.7928,44.7928029,1,87605.681,-188146.837,-7605.681,268146.837,False,False,-0.02665
179.82,TGO,THRUST,75951.599,25.6080701,0.6844187,-8074.287,207.59911,-164.04938,1994.97053,2285.77397,290.80344,6.17164,56.83058,56.83058,False,-1.80186,-0.01995,-4.19814,-3.43349,102.3997,-4.19814,-3.43349,44.55362,44.88249,44.8824926,1,87768.682,-184075.879,-7768.682,264075.879,False,False,-0.03022
179.96,TGO,THRUST,75980.532,25.6090772,0.6836103,-8065.096,206.76969,-164.53566,2001.1025,2285.72494,284.62243,6.03377,56.79823,56.79823,False,-1.76497,-0.02035,-4.23503,-3.39227,100.23578,-4.23503,-3.39227,44.644,44.97254,44.9725422,1,87938.271,-179957.281,-7938.271,259957.281,False,False,-0.0342
180.1,TGO,THRUST,76009.349,25.6102816,0.6827962,-8055.836,205.94047,-165.01566,2007.24719,2285.6761,278.42891,5.89591,56.76561,56.76561,False,-1.72789,-0.02076,-4.27211,-3.35138,98.06746,-4.27211,-3.35138,44.73463,45.06295,45.0629539,1,88114.885,-175790.487,-8114.885,255790.487,False,False,-0.03834
180.26,TGO,THRUST,76042.141,25.6118954,0.6818589,-8045.168,204.993,-165.55662,2014.2853,2285.62054,271.33524,5.73836,56.72801,56.72801,False,-1.6853,-0.02123,-4.3147,-3.30506,95.584,-4.3147,-3.30506,44.83852,45.16673,45.1667277,1,88325.934,-170968.726,-8325.934,250968.726,False,False,-0.04314
180.4,TGO,THRUST,76070.709,25.6135123,0.6810328,-8035.761,204.16407,-166.02334,2020.45734,2285.57214,265.11479,5.60051,56.69484,56.69484,False,-1.64784,-0.02164,-4.35216,-3.26489,93.40624,-4.35216,-3.26489,44.92971,45.25792,45.2579226,1,88519.227,-166696.851,-8519.227,246696.851,False,False,-0.04739
180.54,TGO,THRUST,76099.161,25.6153154,0.6802011,-8026.287,203.33533,-166.48399,2026.6422,2285.52393,258.88173,5.46266,56.6614,56.6614,False,-1.61019,-0.02205,-4.38981,-3.22504,91.22405,-4.38981,-3.22504,45.02116,45.34949,45.3494865,1,88721.174,-162375.134,-8721.174,242375.134,False,False,-0.05156
180.68,TGO,THRUST,76127.497,25.617301,0.679364,-8016.746,202.50678,-166.93865,2032.83992,2285.47592,252.636,5.32481,56.62772,56.62772,False,-1.57236,-0.02247,-4.42764,-3.18552,89.03742,-4.42764,-3.18552,45.11287,45.44142,45.4414217,1,88932.397,-158003.098,-8932.397,238003.098,False,False,-0.05554
180.84,TGO,THRUST,76159.739,25.6197896,0.6784008,-8005.762,201.56006,-167.451,2039.93882,2285.4213,245.48249,5.16727,56.58891,56.58891,False,-1.52891,-0.02296,-4.47109,-3.14073,86.53296,-4.47109,-3.14073,45.21802,45.54695,45.5469479,1,89186.023,-152944.3,-9186.023,232944.3,False,False,-0.05994
180.98,TGO,THRUST,76187.826,25.6221565,0.6775523,-7996.081,200.73178,-167.89299,2046.1642,2285.37373,239.20953,5.02943,56.55469,56.55469,False,-1.49068,-0.02338,-4.50932,-3.10188,84.33678,-4.50932,-3.10188,45.31032,45.63969,45.6396863,1,89419.478,-148462.986,-9419.478,228462.986,False,False,-0.06364
181.12,TGO,THRUST,76215.797,25.6246954,0.6766985,-7986.337,199.90366,-168.32918,2052.40255,2285.32634,232.9238,4.8916,56.52022,56.52022,False,-1.45227,-0.02381,-4.54773,-3.06334,82.13611,-4.54773,-3.06334,45.4029,45.7328,45.7328031,1,89664.573,-143930.084,-9664.573,223930.084,False,False,-0.06721
181.26,TGO,THRUST,76243.653,25.6274029,0.6758396,-7976.53,199.07573,-168.75966,2058.65391,2285.27916,226.62525,4.75377,56.4855,56.4855,False,-1.41367,-0.02425,-4.58633,-3.0251,79.93095,-4.58633,-3.0251,45.49576,45.8263,45.8263006,1,89922.225,-139345.288,-9922.225,219345.288,False,False,-0.0706
181.42,TGO,THRUST,76275.346,25.6306999,0.6748518,-7965.246,198.12972,-169.2447,2065.8143,2285.22549,219.41119,4.59626,56.44553,56.44553,False,-1.36933,-0.02475,-4.63067,-2.98177,77.40524,-4.63067,-2.98177,45.60223,45.93362,45.9336241,1,90233.355,-134041.67,-10233.355,214041.67,False,False,-0.07423
181.56,TGO,THRUST,76302.952,25.6337597,0.6739821,-7955.306,197.30204,-169.66307,2072.09366,2285.17873,213.08507,4.45844,56.4103,56.4103,False,-1.33033,-0.02519,-4.66967,-2.94417,75.19041,-4.66967,-2.94417,45.69571,46.02795,46.0279454,1,90521.428,-129344.951,-10521.428,209344.951,False,False,-0.07721
181.7,TGO,THRUST,76330.444,25.6369779,0.6731075,-7945.306,196.47454,-170.07593,2078.38615,2285.13217,206.74602,4.32062,56.37484,56.37484,False,-1.29114,-0.02563,-4.70886,-2.90686,72.97104,-4.70886,-2.90686,45.78948,46.12265,46.1226548,1,90825.603,-124595.837,-10825.603,204595.837,False,False,-0.08005
181.84,TGO,THRUST,76357.819,25.6403513,0.6722279,-7935.246,195.64721,-170.48334,2084.69181,2285.08582,200.394,4.18282,56.33914,56.33914,False,-1.25175,-0.02608,-4.74825,-2.86984,70.74711,-4.74825,-2.86984,45.88354,46.21775,46.2177548,1,91147.273,-119794.364,-11147.273,199794.364,False,False,-0.08275
182,TGO,THRUST,76388.963,25.6443939,0.6712169,-7923.677,194.70188,-170.94234,2091.91446,2285.03308,193.11862,4.02533,56.29805,56.29805,False,-1.20651,-0.02659,-4.79349,-2.82789,68.19989,-4.79349,-2.82789,45.9914,46.32692,46.3269219,1,91538.313,-114243.057,-11538.313,194243.057,False,False,-0.08567
182.14,TGO,THRUST,76416.09,25.6480928,0.6703271,-7913.491,193.8748,-171.33819,2098.24848,2284.98714,186.73867,3.88754,56.26186,56.26186,False,-1.16671,-0.02704,-4.83329,-2.79147,65.96617,-4.83329,-2.79147,46.08611,46.42287,46.422867,1,91902.904,-109330.089,-11902.904,189330.089,False,False,-0.08807
182.28,TGO,THRUST,76443.101,25.6519384,0.6694326,-7903.248,193.04788,-171.72875,2104.59579,2284.94141,180.34562,3.74975,56.22543,56.22543,False,-1.12672,-0.0275,-4.87328,-2.75534,63.72785,-4.87328,-2.75534,46.18112,46.51921,46.5192103,1,92290.496,-104365.754,-12290.496,184365.754,False,False,-0.09034
182.42,TGO,THRUST,76469.996,25.6559282,0.6685336,-7892.948,192.22115,-172.11408,2110.95646,2284.89587,173.93942,3.61197,56.18878,56.18878,False,-1.08653,-0.02796,-4.91347,-2.71948,61.48491,-4.91347,-2.71948,46.27645,46.61595,46.6159544,1,92703.298,-99350.738,-12703.298,179350.738,False,False,-0.09242
182.58,TGO,THRUST,76500.592,25.6606608,0.6675005,-7881.109,191.27646,-172.54812,2118.24218,2284.84408,166.6019,3.45452,56.14662,56.14662,False,-1.04036,-0.02849,-4.95964,-2.67883,58.91589,-4.95964,-2.67883,46.38577,46.72701,46.7270129,1,93209.117,-93558.419,-13209.117,173558.419,False,False,-0.09464
182.72,TGO,THRUST,76527.239,25.6649511,0.6665917,-7870.69,190.44991,-172.92239,2124.63157,2284.79897,160.1674,3.31676,56.1095,56.1095,False,-0.99975,-0.02895,-5.00025,-2.64355,56.66303,-5.00025,-2.64355,46.48177,46.82462,46.8246241,1,93684.641,-88438.231,-13684.641,168438.231,False,False,-0.09652
182.86,TGO,THRUST,76553.771,25.6693771,0.6656785,-7860.216,189.62349,-173.29159,2131.03444,2284.75405,153.71961,3.179,56.07216,56.07216,False,-0.95894,-0.02942,-5.04106,-2.60854,54.4055,-5.04106,-2.60854,46.57808,46.92264,46.922644,1,94194.265,-83271.207,-14194.265,163271.207,False,False,-0.09829
183,TGO,THRUST,76580.186,25.6739364,0.664761,-7849.689,188.79725,-173.65579,2137.45084,2284.70934,147.2585,3.04126,56.03459,56.03459,False,-0.91794,-0.02989,-5.08206,-2.57378,52.1433,-5.08206,-2.57378,46.67472,47.02108,47.0210751,1,94741.621,-78059.274,-14741.621,158059.274,False,False,-0.10002
183.16,TGO,THRUST,76610.234,25.6793075,0.663707,-7837.593,187.85314,-174.06591,2144.80048,2284.65848,139.85799,2.88384,55.9914,55.9914,False,-0.87083,-0.03043,-5.12917,-2.53438,49.55218,-5.12917,-2.53438,46.78557,47.13407,47.1340747,1,95418.677,-72050.852,-15418.677,152050.852,False,False,-0.10189
183.3,TGO,THRUST,76636.402,25.6841459,0.6627803,-7826.953,187.02712,-174.41945,2151.24601,2284.61419,133.36817,2.74611,55.95338,55.95338,False,-0.82939,-0.03091,-5.17061,-2.50018,47.27991,-5.17061,-2.50018,46.88291,47.2334,47.2333958,1,96061.458,-66751.327,-16061.458,146751.327,False,False,-0.10342
183.44,TGO,THRUST,76662.454,25.6891102,0.6618494,-7816.261,186.20126,-174.76813,2157.70522,2284.57009,126.86488,2.6084,55.91516,55.91516,False,-0.78774,-0.03139,-5.21226,-2.46623,45.00291,-5.21226,-2.46623,45.00291,47.33314,45.3708225,0.95854249,96756.93,-61416.181,-16756.93,141416.181,False,False,-0.39131
183.58,TGO,THRUST,76688.393,25.6941091,0.6609144,-7805.519,185.38861,-175.10606,2164.06152,2284.5262,120.46468,2.47401,55.87672,55.87672,False,-0.74665,-0.03186,-5.25335,-2.43297,42.76199,-5.25335,-2.43297,42.76199,47.42973,43.1521094,0.90981137,97497.392,-56145.326,-17497.392,136145.326,False,False,-0.77747
183.74,TGO,THRUST,76717.905,25.6997088,0.659841,-7793.183,184.50338,-175.46767,2170.98119,2284.47626,113.49508,2.32806,55.83255,55.83255,False,-0.70176,-0.03237,-5.29824,-2.39663,40.32168,-5.29824,-2.39663,40.32168,47.53501,40.7388387,0.857028,98375.273,-50387.795,-18375.273,130387.795,False,False,-1.219
183.88,TGO,THRUST,76743.616,25.7044947,0.6588979,-7782.341,183.76524,-175.76365,2176.73931,2284.43277,107.69346,2.20707,55.79369,55.79369,False,-0.66429,-0.03279,-5.33571,-2.36624,38.2903,-5.33571,-2.36624,38.2903,47.62233,38.7326255,0.81332907,99169.333,-45585.961,-19169.333,125585.961,False,False,-1.58508
184.02,TGO,THRUST,76769.229,25.7091061,0.6579514,-7771.456,183.061,-176.04053,2182.1852,2284.38944,102.20424,2.09268,55.75466,55.75466,False,-0.62875,-0.03319,-5.37125,-2.33716,36.36828,-5.37125,-2.33716,36.36828,47.7054,36.8369983,0.77217677,99978.684,-41038.788,-19978.684,121038.788,False,False,-1.91469
184.16,TGO,THRUST,76794.746,25.713521,0.6570017,-7760.532,182.38021,-176.30248,2187.35798,2284.34628,96.9883,1.98416,55.71546,55.71546,False,-0.59491,-0.03356,-5.40509,-2.30909,34.54189,-5.40509,-2.30909,34.54189,47.78452,35.0383996,0.73325835,100803.866,-36717.759,-20803.866,116717.759,False,False,-2.20549
184.32,TGO,THRUST,76823.793,25.7182636,0.6559126,-7748,181.62152,-176.58762,2192.95279,2284.29716,91.34437,1.86683,55.67046,55.67046,False,-0.55819,-0.03396,-5.44181,-2.27798,32.56556,-5.44181,-2.27798,32.56556,47.87061,33.0955902,0.69135511,101762.555,-32045.387,-21762.555,112045.387,False,False,-2.49373
184.46,TGO,THRUST,76849.11,25.7221095,0.6549565,-7736.996,180.96502,-176.82915,2197.60554,2284.25435,86.64881,1.76958,55.63091,55.63091,False,-0.52757,-0.03429,-5.47243,-2.25126,30.92122,-5.47243,-2.25126,30.92122,47.94201,31.4823364,0.65667542,102615.462,-28163.502,-22615.462,108163.502,False,False,-2.719
184.6,TGO,THRUST,76874.336,25.7256001,0.6539975,-7725.956,180.31725,-177.06406,2202.00451,2284.2117,82.20719,1.67762,55.59121,55.59121,False,-0.49855,-0.0346,-5.50145,-2.22496,29.36571,-5.50145,-2.22496,29.36571,48.00995,29.9593291,0.62402339,103471.76,-24498.355,-23471.76,104498.355,False,False,-2.91959
184.74,TGO,THRUST,76899.471,25.7287208,0.6530357,-7714.882,179.67367,-177.29563,2206.1815,2284.1692,77.9877,1.59037,55.55135,55.55135,False,-0.47092,-0.0349,-5.52908,-2.19885,27.88789,-5.52908,-2.19885,27.88789,48.07468,28.5156143,0.59315245,104332.593,-21024.977,-24332.593,101024.977,False,False,-3.1039
184.9,TGO,THRUST,76928.085,25.7318069,0.6519332,-7702.183,178.94101,-177.55863,2210.69808,2284.12082,73.42274,1.49602,55.50561,55.50561,False,-0.44096,-0.03522,-5.55904,-2.16906,26.28895,-5.55904,-2.16906,26.28895,48.14514,26.957684,0.55992539,105319.025,-17279.019,-25319.025,97279.019,False,False,-3.3031
185.04,TGO,THRUST,76953.027,25.7340819,0.6509655,-7691.034,178.29809,-177.78991,2214.45318,2284.07865,69.62548,1.4178,55.46543,55.46543,False,-0.416,-0.03548,-5.584,-2.14285,24.95879,-5.584,-2.14285,24.95879,48.2036,25.665423,0.53243793,106185.536,-14174.375,-26185.536,94174.375,False,False,-3.48167
185.18,TGO,THRUST,76977.878,25.7359442,0.649995,-7679.85,177.65869,-178.02131,2218.00344,2284.03664,66.03321,1.34381,55.42509,55.42509,False,-0.39233,-0.03573,-5.60767,-2.11657,23.70032,-5.60767,-2.11657,23.70032,48.25926,24.4464932,0.50656585,107046.125,-11248.41,-27046.125,91248.41,False,False,-3.65668
185.32,TGO,THRUST,77002.639,25.737413,0.6490217,-7668.632,177.02182,-178.25422,2221.37476,2283.99479,62.62003,1.27358,55.38459,55.38459,False,-0.3698,-0.03596,-5.6302,-2.09012,22.50449,-5.6302,-2.09012,22.50449,48.31234,23.2920541,0.48211401,107902.851,-8480.14,-27902.851,88480.14,False,False,-3.83046
185.48,TGO,THRUST,77030.828,25.73863,0.647906,-7655.768,176.295,-178.52251,2225.02041,2283.94714,58.92673,1.1976,55.33812,55.33812,False,-0.34538,-0.03621,-5.65462,-2.05967,21.21038,-5.65462,-2.05967,21.21038,48.37014,22.0476148,0.4558104,108874.293,-5498.899,-28874.293,85498.899,False,False,-4.03127
185.62,TGO,THRUST,77055.397,25.7393156,0.6469267,-7644.475,175.6556,-178.75995,2228.0513,2283.90561,55.85431,1.13459,55.29729,55.29729,False,-0.32503,-0.03641,-5.67497,-2.03276,20.13371,-5.67497,-2.03276,20.13371,48.41816,21.0167461,0.43406742,109718.491,-3030.994,-29718.491,83030.994,False,False,-4.22247
185.76,TGO,THRUST,77079.877,25.7396717,0.6459445,-7633.145,175.01816,-178.99767,2230.91738,2283.86423,52.94686,1.07495,55.25629,55.25629,False,-0.30574,-0.03661,-5.69426,-2.00576,19.11473,-5.69426,-2.00576,19.11473,48.46392,20.0454651,0.41361622,110548.753,-706.402,-30548.753,80706.402,False,False,-4.41452
185.9,TGO,THRUST,77104.266,25.7397288,0.6449595,-7621.78,174.38232,-179.23613,2233.63956,2283.82301,50.18346,1.01831,55.21514,55.21514,False,-0.28737,-0.03679,-5.71263,-1.97865,18.14613,-5.71263,-1.97865,18.14613,48.50761,19.1267168,0.39430341,111367.541,1492.149,-31367.541,78507.851,False,False,-4.60767
186.06,TGO,THRUST,77132.03,25.739461,0.6438302,-7608.748,173.65507,-179.50902,2236.58375,2283.77609,47.19234,0.95701,55.16792,55.16792,False,-0.26746,-0.03698,-5.73254,-1.94755,17.09758,-5.73254,-1.94755,17.09758,48.55525,18.1378668,0.37355108,112286.472,3859.869,-32286.472,76140.131,False,False,-4.83308
186.2,TGO,THRUST,77156.227,25.7389618,0.642839,-7597.306,173.01384,-179.74848,2239.0315,2283.7352,44.70371,0.90615,55.12642,55.12642,False,-0.25087,-0.03714,-5.74913,-1.92022,16.22505,-5.74913,-1.92022,16.22505,48.59489,17.320278,0.35642182,113076.697,5820.356,-33076.697,74179.644,False,False,-5.04974
186.34,TGO,THRUST,77180.334,25.7382512,0.641845,-7585.829,172.3732,-179.98611,2241.34684,2283.69446,42.34762,0.85798,55.08477,55.08477,False,-0.23514,-0.03729,-5.76486,-1.89295,15.39888,-5.76486,-1.89295,15.39888,48.63272,16.5512022,0.34033057,113846.684,7668.576,-33846.684,72331.424,False,False,-5.26649
186.48,TGO,THRUST,77204.35,25.7373534,0.6408481,-7574.316,171.73334,-180.22232,2243.54673,2283.65388,40.10715,0.81221,55.04295,55.04295,False,-0.22016,-0.03744,-5.77984,-1.86571,14.61314,-5.77984,-1.86571,14.61314,48.6689,15.8250167,0.32515663,114599.39,9418.379,-34599.39,70581.621,False,False,-5.48282
186.64,TGO,THRUST,77231.686,25.7361262,0.6397053,-7561.115,171.00028,-180.48995,2245.92678,2283.60769,37.68091,0.76263,54.99496,54.99496,False,-0.20392,-0.03759,-5.79608,-1.83467,13.76211,-5.79608,-1.83467,13.76211,48.70843,15.045136,0.30888156,115436.169,11305.538,-35436.169,68694.462,False,False,-5.73254
186.78,TGO,THRUST,77255.508,25.734891,0.6387024,-7549.527,170.35302,-180.72261,2247.90563,2283.56744,35.66181,0.72148,54.95281,54.95281,False,-0.19039,-0.03772,-5.80961,-1.80753,13.05376,-5.80961,-1.80753,13.05376,48.74139,14.4020598,0.29547904,116148.771,12870.562,-36148.771,67129.438,False,False,-5.9706
186.92,TGO,THRUST,77279.238,25.7335341,0.6376967,-7537.904,169.70523,-180.95191,2249.77824,2283.52735,33.7491,0.68248,54.91049,54.91049,False,-0.17755,-0.03784,-5.82245,-1.78057,12.38261,-5.82245,-1.78057,12.38261,48.77293,13.7985652,0.2829144,116837.209,14349.137,-36837.209,65650.863,False,False,-6.20415
187.06,TGO,THRUST,77302.877,25.7320639,0.6366883,-7526.247,169.05761,-181.17861,2251.55838,2283.48741,31.92903,0.64538,54.86801,54.86801,False,-0.16533,-0.03796,-5.83467,-1.75372,11.74386,-5.83467,-1.75372,11.74386,48.80317,13.2301653,0.27109235,117504.921,15752.127,-37504.921,64247.873,False,False,-6.43209
187.22,TGO,THRUST,77329.781,25.7302565,0.6355324,-7512.883,168.31461,-181.43446,2253.48497,2283.44196,29.95699,0.60518,54.81928,54.81928,False,-0.15206,-0.03808,-5.84794,-1.72319,11.05164,-5.84794,-1.72319,11.05164,48.83629,12.621665,0.25844849,118240.72,17269.259,-38240.72,62730.741,False,False,-6.68884
187.36,TGO,THRUST,77353.222,25.7285632,0.6345182,-7501.154,167.65781,-181.65636,2255.08672,2283.40235,28.31564,0.5718,54.77647,54.77647,False,-0.14101,-0.03819,-5.85899,-1.69653,10.47536,-5.85899,-1.69653,10.47536,48.864,12.1218452,0.24807315,118861.527,18530.714,-38861.527,61469.286,False,False,-6.92968
187.5,TGO,THRUST,77376.571,25.7267865,0.6335013,-7489.391,166.99934,-181.87499,2256.60305,2283.36291,26.75986,0.54014,54.73351,54.73351,False,-0.13052,-0.03828,-5.86948,-1.67004,9.929,-5.86948,-1.67004,9.929,48.89059,11.6543916,0.23837698,119456.398,19726.271,-39456.398,60273.729,False,False,-7.15907
187.64,TGO,THRUST,77399.827,25.7249248,0.6324819,-7477.596,166.34019,-182.09132,2258.0452,2283.32362,25.27842,0.51001,54.69039,54.69039,False,-0.12052,-0.03838,-5.87948,-1.64364,9.40864,-5.87948,-1.64364,9.40864,48.91618,11.2157143,0.22928437,120029.046,20864.337,-40029.046,59135.663,False,False,-7.37601
187.8,TGO,THRUST,77426.291,25.7226966,0.6313135,-7464.076,165.58281,-182.33589,2259.6063,2283.27892,23.67262,0.47733,54.64092,54.64092,False,-0.10968,-0.03848,-5.89032,-1.61358,8.84444,-5.89032,-1.61358,8.84444,48.9443,10.7481962,0.21960056,120654.604,22099.339,-40654.604,57900.661,False,False,-7.61211
187.94,TGO,THRUST,77449.345,25.7206531,0.6302885,-7452.211,164.91274,-182.54841,2260.90375,2283.23997,22.33622,0.45019,54.59748,54.59748,False,-0.10064,-0.03857,-5.89936,-1.5873,8.37477,-5.89936,-1.5873,8.37477,48.96793,10.3662304,0.21169427,121177.428,23129.606,-41177.428,56870.394,False,False,-7.82373
188.08,TGO,THRUST,77472.306,25.7185403,0.629261,-7440.315,164.24028,-182.75841,2262.13247,2283.20119,21.06872,0.42444,54.55388,54.55388,False,-0.09206,-0.03865,-5.90794,-1.56113,7.92918,-5.90794,-1.56113,7.92918,48.99071,10.0106334,0.20433739,121674.428,24109.855,-41674.428,55890.145,False,False,-8.01739
188.22,TGO,THRUST,77495.171,25.7163548,0.6282309,-7428.386,163.56497,-182.9667,2263.30085,2283.16257,19.86172,0.39992,54.51013,54.51013,False,-0.08387,-0.03874,-5.91613,-1.53501,7.50473,-5.91613,-1.53501,7.50473,49.01271,9.6787304,0.19747389,122148.392,25046.458,-42148.392,54953.542,False,False,-8.19453
188.38,TGO,THRUST,77521.185,25.7137706,0.6270505,-7414.715,162.78779,-183.2028,2264.5653,2283.11863,18.55333,0.37334,54.45995,54.45995,False,-0.075,-0.03882,-5.925,-1.50521,7.04448,-5.925,-1.50521,7.04448,49.03701,9.3271685,0.1902067,122661.048,26066.929,-42661.048,53933.071,False,False,-8.37812
188.52,TGO,THRUST,77543.844,25.7114282,0.6260151,-7402.72,162.10015,-183.40836,2265.61549,2283.08036,17.46487,0.35126,54.41588,54.41588,False,-0.0676,-0.0389,-5.9324,-1.47913,6.66146,-5.9324,-1.47913,6.66146,49.05754,9.0419115,0.18431239,123085.065,26921.352,-43085.065,53078.648,False,False,-8.52763
188.66,TGO,THRUST,77566.407,25.709028,0.6249772,-7390.693,161.40957,-183.61198,2266.61024,2283.04225,16.43202,0.33029,54.37166,54.37166,False,-0.06058,-0.03897,-5.93942,-1.45311,6.29787,-5.93942,-1.45311,6.29787,49.07743,8.7778907,0.17885801,123484.523,27737.813,-43484.523,52262.187,False,False,-8.65626
188.8,TGO,THRUST,77588.871,25.7065686,0.6239368,-7378.635,160.71372,-183.81414,2267.5549,2283.00431,15.44942,0.31036,54.32729,54.32729,False,-0.05389,-0.03904,-5.94611,-1.42712,5.95183,-5.94611,-1.42712,5.95183,49.09674,8.5333003,0.17380586,123860.57,28520.863,-43860.57,51479.137,False,False,-8.76458
188.96,TGO,THRUST,77614.424,25.7036883,0.6227449,-7364.818,159.91219,-184.04353,2268.57641,2282.96116,14.38475,0.28875,54.2764,54.2764,False,-0.04664,-0.03912,-5.95336,-1.39745,5.57674,-5.95336,-1.39745,5.57674,49.11818,8.2761945,0.16849553,124262.313,29377.59,-44262.313,50622.41,False,False,-8.8607
189.1,TGO,THRUST,77636.677,25.7011034,0.6216993,-7352.695,159.20332,-184.24331,2269.42375,2282.92357,13.49982,0.27081,54.2317,54.2317,False,-0.0406,-0.03919,-5.9594,-1.37147,5.26482,-5.9594,-1.37147,5.26482,49.13641,8.0693077,0.16422258,124590.181,30097.585,-44590.181,49902.415,False,False,-8.92027
189.24,TGO,THRUST,77658.83,25.698475,0.6206514,-7340.541,158.49074,-184.44135,2270.22589,2282.88616,12.66027,0.25379,54.18687,54.18687,False,-0.03486,-0.03925,-5.96514,-1.34554,4.96876,-5.96514,-1.34554,4.96876,49.15417,7.8792057,0.16029578,124895.044,30788.584,-44895.044,49211.416,False,False,-8.9509
189.38,TGO,THRUST,77680.875,25.6958016,0.619601,-7328.357,157.77182,-184.63798,2270.98608,2282.84892,11.86285,0.23762,54.14188,54.14188,False,-0.02941,-0.03932,-5.97059,-1.31964,4.68741,-5.97059,-1.31964,4.68741,49.17151,7.7046208,0.15668871,125177.164,31453.678,-45177.164,48546.322,False,False,-8.95434
189.54,TGO,THRUST,77705.954,25.6926945,0.6183977,-7314.397,156.94299,-184.86106,2271.80623,2282.80658,11.00035,0.22012,54.09028,54.09028,False,-0.0235,-0.03939,-5.9765,-1.29005,4.38292,-5.9765,-1.29005,4.38292,49.19089,7.5228169,0.1529311,125472.669,32184.124,-45472.669,47815.876,False,False,-8.92117
189.68,TGO,THRUST,77727.788,25.6899277,0.6173423,-7302.149,156.21017,-185.05518,2272.48461,2282.76971,10.2851,0.20564,54.04498,54.04498,False,-0.0186,-0.03945,-5.9814,-1.26417,4.13027,-5.9814,-1.26417,4.13027,49.20746,7.3779643,0.14993588,125708.585,32800.025,-45708.585,47199.975,False,False,-8.85689
189.82,TGO,THRUST,77749.52,25.6871318,0.6162845,-7289.872,155.47302,-185.24758,2273.12555,2282.73301,9.60746,0.1919,53.99953,53.99953,False,-0.01395,-0.03951,-5.98605,-1.23832,3.89075,-5.98605,-1.23832,3.89075,49.22371,7.2459773,0.14720501,125923.097,33393.47,-45923.097,46606.53,False,False,-8.74414
189.96,TGO,THRUST,77771.147,25.6843065,0.6152245,-7277.565,154.73,-185.43847,2273.7316,2282.69649,8.96489,0.17888,53.95393,53.95393,False,-0.00953,-0.03957,-5.99047,-1.21251,3.66348,-5.99047,-1.21251,3.66348,49.23967,7.1257958,0.14471655,126116.723,33966.675,-46116.723,46033.325,False,False,-8.58803
190.12,TGO,THRUST,77795.736,25.6810487,0.6140101,-7263.465,153.87276,-185.65453,2274.38224,2282.65497,8.27273,0.16485,53.90163,53.90163,False,-0.00477,-0.03964,-5.99523,-1.18307,3.41847,-5.99523,-1.18307,3.41847,49.25761,7.0020292,0.14215123,126311.928,34598.068,-46311.928,45401.932,False,False,-8.35394
190.26,TGO,THRUST,77817.139,25.678174,0.6129451,-7251.097,153.1141,-185.84182,2274.91631,2282.61883,7.70252,0.1533,53.85572,53.85572,False,-0.00084,-0.0397,-5.99916,-1.15736,3.21645,-5.99916,-1.15736,3.21645,49.27304,6.9047082,0.14013157,126459.812,35131.39,-46459.812,44868.61,False,False,-8.11048
190.4,TGO,THRUST,77838.435,25.6752903,0.6118779,-7238.699,152.34984,-186.02689,2275.41745,2282.58287,7.16542,0.14242,53.80966,53.80966,False,0.00287,-0.03976,-6.00287,-1.13172,3.02599,-6.00287,-1.13172,3.02599,49.28825,6.8170301,0.13830943,126586.583,35646.504,-46586.583,44353.496,False,False,-7.82596
190.54,TGO,THRUST,77859.623,25.6723981,0.6108084,-7226.274,151.5792,-186.20987,2275.88768,2282.54709,6.65941,0.13217,53.76346,53.76346,False,0.00637,-0.03982,-6.00637,-1.10617,2.84639,-6.00637,-1.10617,2.84639,49.30327,6.7381013,0.13666641,126692.888,36144.996,-46692.888,43855.004,False,False,-7.50577
190.7,TGO,THRUST,77883.707,25.6690895,0.6095835,-7212.039,150.69049,-186.41619,2276.388,2282.50642,6.11842,0.12121,53.71048,53.71048,False,0.01012,-0.03989,-6.01012,-1.07707,2.65415,-6.01012,-1.07707,2.65415,49.32025,6.6577825,0.13499086,126789.266,36695.128,-46789.266,43304.872,False,False,-7.11149
190.84,TGO,THRUST,77904.663,25.6661955,0.6085093,-7199.553,149.90473,-186.59414,2276.79383,2282.47104,5.67721,0.11228,53.66397,53.66397,False,0.01318,-0.03995,-6.01318,-1.05171,2.49715,-6.01318,-1.05171,2.49715,49.33492,6.5954667,0.13368759,126851.145,37160.206,-46851.145,42839.794,False,False,-6.76421
190.98,TGO,THRUST,77925.509,25.6633121,0.607433,-7187.04,149.11364,-186.76936,2277.17082,2282.43584,5.26501,0.10393,53.61731,53.61731,False,0.01604,-0.04002,-6.01604,-1.02647,2.35029,-6.01604,-1.02647,2.35029,49.34946,6.5399006,0.13252222,126893.148,37610.244,-46893.148,42389.756,False,False,-6.41289
191.12,TGO,THRUST,77946.246,25.6604375,0.6063546,-7174.501,148.31775,-186.94217,2277.5221,2282.40082,4.87872,0.09611,53.57052,53.57052,False,0.01873,-0.04008,-6.01873,-1.00134,2.21247,-6.01873,-1.00134,2.21247,49.36389,6.4902136,0.13147696,126917.293,38046.948,-46917.293,41953.052,False,False,-6.05912
191.28,TGO,THRUST,77969.808,25.657167,0.6051195,-7160.137,147.40299,-187.13669,2277.89404,2282.36104,4.46699,0.08777,53.51687,53.51687,False,0.02161,-0.04015,-6.02161,-0.97273,2.06535,-6.02161,-0.97273,2.06535,49.38024,6.4398493,0.13041348,126924.277,38530.776,-46924.277,41469.224,False,False,-5.65099
191.42,TGO,THRUST,77990.305,25.6543221,0.6040366,-7147.541,146.59763,-187.30422,2278.19462,2282.32643,4.13181,0.08099,53.46977,53.46977,False,0.02395,-0.04021,-6.02395,-0.94782,1.94538,-6.02395,-0.94782,1.94538,49.39445,6.4008491,0.12958641,126912.614,38941.549,-46912.614,41058.451,False,False,-5.29022
191.56,TGO,THRUST,78010.69,25.651499,0.6029518,-7134.919,145.78927,-187.46908,2278.47332,2282.29201,3.81869,0.07466,53.42254,53.42254,False,0.02615,-0.04027,-6.02615,-0.92303,1.83311,-6.02615,-0.92303,1.83311,49.40857,6.3660602,0.12884526,126885.623,39340.997,-46885.623,40659.003,False,False,-4.92181
191.7,TGO,THRUST,78030.961,25.648701,0.6018649,-7122.271,144.97756,-187.63123,2278.73113,2282.25778,3.52666,0.06875,53.37517,53.37517,False,0.0282,-0.04033,-6.0282,-0.89835,1.7282,-6.0282,-0.89835,1.7282,49.42262,6.3350557,0.1281813,126843.667,39729.83,-46843.667,40270.17,False,False,-4.54712
191.86,TGO,THRUST,78053.99,25.6455408,0.6006203,-7107.785,144.04595,-187.81299,2279.001,2282.2189,3.2179,0.0625,53.32086,53.32086,False,0.03038,-0.0404,-6.03038,-0.87033,1.61704,-6.03038,-0.87033,1.61704,49.4386,6.3037873,0.1275074,126777.817,40161.733,-46777.817,39838.267,False,False,-4.11254
192,TGO,THRUST,78074.018,25.6428202,0.5995293,-7095.084,143.22711,-187.96847,2279.21624,2282.18508,2.96885,0.05746,53.2732,53.2732,False,0.03214,-0.04046,-6.03214,-0.84599,1.52715,-6.03214,-0.84599,1.52715,49.45252,6.2796923,0.12698428,126704.797,40529.28,-46704.797,39470.72,False,False,-3.72812
192.14,TGO,THRUST,78093.932,25.6401588,0.5984364,-7082.359,142.40594,-188.12002,2279.41349,2282.15146,2.73797,0.05279,53.2254,53.2254,False,0.03377,-0.04053,-6.03377,-0.82186,1.4436,-6.03377,-0.82186,1.4436,49.46638,6.2582615,0.12651545,126618.674,40887.707,-46618.674,39112.293,False,False,-3.33938
192.28,TGO,THRUST,78113.731,25.6375715,0.5973416,-7069.61,141.58226,-188.26709,2279.59378,2282.11804,2.52425,0.04846,53.17748,53.17748,False,0.03529,-0.04059,-6.03529,-0.79799,1.36605,-6.03529,-0.79799,1.36605,49.48021,6.2391984,0.12609484,126519.957,41237.632,-46519.957,38762.368,False,False,-2.94936
192.44,TGO,THRUST,78136.217,25.6347189,0.5960883,-7055.012,140.63805,-188.42919,2279.78009,2282.08007,2.29998,0.04393,53.12254,53.12254,False,0.03689,-0.04066,-6.03689,-0.77107,1.28439,-6.03689,-0.77107,1.28439,49.49596,6.2199849,0.12566653,126392.361,41627.673,-46392.361,38372.327,False,False,-2.50712
192.58,TGO,THRUST,78155.769,25.6323217,0.5949899,-7042.215,139.80929,-188.56552,2279.92654,2282.04706,2.12052,0.0403,53.07434,53.07434,False,0.03817,-0.04073,-6.03817,-0.74785,1.21881,-6.03817,-0.74785,1.21881,49.5097,6.2051781,0.12533257,126268.134,41960.753,-46268.134,38039.247,False,False,-2.12698
192.72,TGO,THRUST,78175.205,25.6300165,0.5938898,-7029.396,138.97891,-188.69683,2280.0588,2282.01425,1.95545,0.03697,53.02602,53.02602,False,0.03935,-0.04079,-6.03935,-0.72493,1.15824,-6.03935,-0.72493,1.15824,49.52342,6.1919943,0.12503165,126133.273,42286.672,-46133.273,37713.328,False,False,-1.75386
192.86,TGO,THRUST,78194.525,25.6278023,0.5927881,-7016.557,138.1469,-188.82322,2280.17771,2281.98163,1.80392,0.03391,52.97757,52.97757,False,0.04044,-0.04086,-6.04044,-0.7023,1.10242,-6.04044,-0.7023,1.10242,49.5371,6.180246,0.12475994,125988.295,42605.9,-45988.295,37394.1,False,False,-1.38975
193.02,TGO,THRUST,78216.463,25.625381,0.5915271,-7001.859,137.19426,-188.96181,2280.29815,2281.9446,1.64645,0.03072,52.92205,52.92205,False,0.04157,-0.04093,-6.04157,-0.67679,1.0441,-6.04157,-0.67679,1.0441,49.55272,6.1683708,0.12448097,125810.872,42962.987,-45810.872,37037.013,False,False,-0.988
193.16,TGO,THRUST,78235.533,25.6233564,0.5904222,-6988.978,136.35917,-189.07807,2280.39063,2281.9124,1.52177,0.02821,52.87335,52.87335,False,0.04248,-0.041,-6.04248,-0.65478,0.99765,-6.04248,-0.65478,0.99765,49.56637,6.1591838,0.12426136,125645.76,43269.023,-45645.76,36730.977,False,False,-0.65156
193.3,TGO,THRUST,78254.487,25.6214133,0.5893159,-6976.078,135.52319,-189.19,2280.47219,2281.88041,1.40822,0.02592,52.82453,52.82453,False,0.0433,-0.04107,-6.0433,-0.63301,0.95509,-6.0433,-0.63301,0.95509,49.58,6.1509663,0.12406145,125472.384,43569.52,-45472.384,36430.48,False,False,-0.3325
193.44,TGO,THRUST,78273.324,25.6195485,0.5882083,-6963.159,134.68632,-189.29779,2280.54351,2281.84861,1.30509,0.02383,52.7756,52.7756,False,0.04405,-0.04113,-6.04405,-0.61149,0.91618,-6.04405,-0.61149,0.91618,49.59361,6.1436047,0.12387897,125291.226,43864.865,-45291.226,36135.135,False,False,-0.1002
193.6,TGO,THRUST,78294.708,25.6175106,0.5869407,-6948.374,133.72896,-189.41608,2280.61329,2281.81251,1.19922,0.02169,52.71954,52.71954,False,0.04483,-0.04121,-6.04483,-0.58719,0.87589,-6.04483,-0.58719,0.87589,49.60915,6.1361172,0.12368923,125075.24,44196.478,-45075.24,35803.522,False,False,0.35206
193.74,TGO,THRUST,78313.294,25.6158086,0.5858303,-6935.42,132.89045,-189.51537,2280.66465,2281.78113,1.11648,0.02002,52.67037,52.67037,False,0.04544,-0.04128,-6.04544,-0.56616,0.8441,-6.04544,-0.56616,0.8441,49.62274,6.130285,0.12353783,124878.806,44481.767,-44878.806,35518.233,False,False,0.62738
193.88,TGO,THRUST,78331.763,25.6141784,0.5847186,-6922.448,132.05152,-189.61097,2280.70787,2281.74996,1.04209,0.01852,52.62109,52.62109,False,0.04599,-0.04135,-6.04599,-0.54535,0.81523,-6.04599,-0.54535,0.81523,49.63631,6.1250332,0.12339823,124676.185,44762.893,-44676.185,35237.107,False,False,0.89133
194.02,TGO,THRUST,78350.115,25.6126195,0.5836058,-6909.461,131.21215,-189.70294,2280.74356,2281.71898,0.97542,0.01718,52.57171,52.57171,False,0.04649,-0.04142,-6.04649,-0.52474,0.78906,-6.04649,-0.52474,0.78906,49.64988,6.1202961,0.1232691,124467.794,45040.181,-44467.794,34959.819,False,False,1.14024
194.18,TGO,THRUST,78370.944,25.6109253,0.5823326,-6894.6,130.25244,-189.80366,2280.77588,2281.68382,0.90794,0.01582,52.51514,52.51514,False,0.047,-0.0415,-6.047,-0.50144,0.7622,-6.047,-0.50144,0.7622,49.66538,6.1154393,0.12313283,124223.118,45352.741,-44223.118,34647.259,False,False,1.40407
194.32,TGO,THRUST,78389.044,25.6095215,0.5812174,-6881.581,129.41228,-189.88791,2280.79731,2281.65327,0.85596,0.01476,52.46553,52.46553,False,0.0474,-0.04157,-6.0474,-0.48128,0.74116,-6.0474,-0.48128,0.74116,49.67894,6.1116238,0.12302243,124003.705,45622.722,-44003.705,34377.278,False,False,1.61564
194.46,TGO,THRUST,78407.026,25.608189,0.5801012,-6868.547,128.57197,-189.96868,2280.81314,2281.62292,0.80978,0.01384,52.41583,52.41583,False,0.04775,-0.04164,-6.04775,-0.46131,0.72216,-6.04775,-0.46131,0.72216,49.69249,6.1081587,0.12291916,123779.978,45889.776,-43779.978,34110.224,False,False,1.80937
194.6,TGO,THRUST,78424.891,25.6069281,0.5789839,-6855.5,127.73149,-190.04602,2280.82395,2281.59276,0.76881,0.01301,52.36602,52.36602,False,0.04807,-0.04171,-6.04807,-0.44155,0.70497,-6.04807,-0.44155,0.70497,49.70604,6.105004,0.12282219,123552.341,46154.202,-43552.341,33845.798,False,False,1.98518
194.76,TGO,THRUST,78445.164,25.6055758,0.5777059,-6840.572,126.77078,-190.13021,2280.83083,2281.55854,0.72771,0.01218,52.30897,52.30897,False,0.04839,-0.04179,-6.04839,-0.4192,0.68733,-6.04839,-0.4192,0.68733,49.72151,6.1017354,0.12271821,123287.888,46453.508,-43287.888,33546.492,False,False,2.16391
194.9,TGO,THRUST,78462.777,25.6044723,0.5765866,-6827.497,125.92999,-190.20014,2280.83255,2281.52881,0.69626,0.01155,52.25896,52.25896,False,0.04864,-0.04186,-6.04864,-0.39986,0.67348,-6.04864,-0.39986,0.67348,49.73505,6.0991392,0.12263261,123053.064,46713.112,-43053.064,33286.888,False,False,2.30106
195.04,TGO,THRUST,78480.272,25.6034407,0.5754664,-6814.409,125.0892,-190.26676,2280.8309,2281.49929,0.66838,0.01098,52.20885,52.20885,False,0.04886,-0.04193,-6.04886,-0.38071,0.66087,-6.04886,-0.38071,0.66087,49.74859,6.0967562,0.12255133,122815.566,46970.866,-42815.566,33029.134,False,False,2.42139
195.18,TGO,THRUST,78497.649,25.6024808,0.5743455,-6801.31,124.24839,-190.3301,2280.82632,2281.46996,0.64363,0.01048,52.15864,52.15864,False,0.04906,-0.04201,-6.04906,-0.36175,0.64936,-6.04906,-0.36175,0.64936,49.76213,6.0945635,0.12247393,122575.701,47226.997,-42575.701,32773.003,False,False,2.52574
195.34,TGO,THRUST,78517.358,25.601471,0.5730633,-6786.325,123.28745,-190.39854,2280.81799,2281.43668,0.61869,0.00998,52.10115,52.10115,False,0.04927,-0.04209,-6.04927,-0.3403,0.63738,-6.04927,-0.3403,0.63738,49.77759,6.0922659,0.12238972,122299.035,47517.967,-42299.035,32482.033,False,False,2.62624
195.48,TGO,THRUST,78534.482,25.6006641,0.5719407,-6773.202,122.44659,-190.45499,2280.80833,2281.40779,0.59946,0.00959,52.05075,52.05075,False,0.04943,-0.04216,-6.04943,-0.32174,0.6278,-6.04943,-0.32174,0.6278,49.79113,6.0904207,0.12231939,122054.957,47771.202,-42054.957,32228.798,False,False,2.69882
195.62,TGO,THRUST,78551.49,25.5999245,0.5708173,-6760.068,121.60581,-190.50844,2280.79687,2281.37908,0.58221,0.00924,52.00026,52.00026,False,0.04957,-0.04224,-6.04957,-0.30334,0.61891,-6.04957,-0.30334,0.61891,49.80466,6.0887107,0.12225182,121809.395,48023.365,-41809.395,31976.635,False,False,2.75867
195.76,TGO,THRUST,78568.38,25.5992503,0.5696932,-6746.925,120.76508,-190.55899,2280.78389,2281.35058,0.56668,0.00893,51.94969,51.94969,False,0.0497,-0.04231,-6.0497,-0.28511,0.61063,-6.0497,-0.28511,0.61063,49.8182,6.0871236,0.12218675,121562.534,48274.596,-41562.534,31725.404,False,False,2.80705
195.92,TGO,THRUST,78587.539,25.5985572,0.5684077,-6731.892,119.80431,-190.61336,2280.76749,2281.31824,0.55076,0.00861,51.89178,51.89178,False,0.04984,-0.0424,-6.04984,-0.26446,0.60179,-6.04984,-0.26446,0.60179,49.83367,6.0854471,0.12211518,121279.025,48560.714,-41279.025,31439.286,False,False,2.84938
196.06,TGO,THRUST,78604.177,25.5980169,0.5672823,-6718.728,118.96367,-190.65803,2280.7519,2281.29016,0.53826,0.00836,51.84102,51.84102,False,0.04995,-0.04248,-6.04995,-0.24655,0.59457,-6.04995,-0.24655,0.59457,49.8472,6.0840925,0.12205485,121029.848,48810.274,-41029.848,31189.726,False,False,2.87625
196.2,TGO,THRUST,78620.697,25.5975331,0.5661563,-6705.555,118.12314,-190.70023,2280.73543,2281.26228,0.52685,0.00813,51.79017,51.79017,False,0.05005,-0.04255,-6.05005,-0.22877,0.58773,-6.05005,-0.22877,0.58773,49.86073,6.0828316,0.12199643,120779.879,49059.213,-40779.879,30940.787,False,False,2.89502
196.34,TGO,THRUST,78637.099,25.5971027,0.5650297,-6692.374,117.28269,-190.7401,2280.71821,2281.2346,0.51639,0.00791,51.73925,51.73925,False,0.05014,-0.04263,-6.04163,-0.21111,0.58122,-6.04163,-0.21111,0.58122,49.87427,6.0731928,0.12177007,120529.202,49307.603,-40529.202,30692.397,False,False,2.91486
196.5,TGO,THRUST,78655.701,25.5966727,0.5637415,-6677.3,116.32294,-190.78297,2280.69768,2281.2032,0.50552,0.0077,51.68095,51.68095,False,0.05024,-0.04271,-6.01269,-0.19107,0.57416,-6.01269,-0.19107,0.57416,49.88972,6.0430616,0.12112839,120242.146,49590.675,-40242.146,30409.325,False,False,2.94744
196.64,TGO,THRUST,78671.852,25.5963491,0.5626138,-6664.102,115.48554,-190.81819,2280.67893,2281.17595,0.49702,0.00754,51.62985,51.62985,False,0.05031,-0.04279,-5.98728,-0.17365,0.56835,-5.98728,-0.17365,0.56835,49.90318,6.0167012,0.12056748,119990.99,49837.176,-39990.99,30162.824,False,False,2.96853
196.78,TGO,THRUST,78687.887,25.5960699,0.5614856,-6650.897,114.65205,-190.85147,2280.65947,2281.14889,0.48942,0.0074,51.57866,51.57866,False,0.05038,-0.04287,-5.96193,-0.15633,0.56286,-5.96193,-0.15633,0.56286,49.91659,5.9904761,0.12000972,119740.466,50082.136,-39740.466,29917.864,False,False,2.98299
196.92,TGO,THRUST,78703.805,25.595831,0.5603569,-6637.684,113.82219,-190.88298,2280.63944,2281.12202,0.48258,0.00727,51.52741,51.52741,False,0.05044,-0.04294,-5.9366,-0.13908,0.55766,-5.9366,-0.13908,0.55766,49.92994,5.9643584,0.11945454,119490.57,50325.708,-39490.57,29674.292,False,False,2.99079
197.08,TGO,THRUST,78721.856,25.5956026,0.5590664,-6622.575,112.87818,-190.91706,2280.61603,2281.09156,0.47553,0.00713,51.46873,51.46873,False,0.05051,-0.04303,-5.9077,-0.11945,0.55199,-5.9077,-0.11945,0.55199,49.94514,5.9346362,0.11882309,119205.879,50602.468,-39205.879,29397.532,False,False,2.99172
197.22,TGO,THRUST,78737.528,25.5954391,0.5579368,-6609.347,112.05572,-190.94531,2280.59522,2281.06512,0.4699,0.00703,51.4173,51.4173,False,0.05056,-0.0431,-5.88243,-0.10234,0.54723,-5.88243,-0.10234,0.54723,49.95838,5.9087117,0.11827269,118957.564,50843.384,-38957.564,29156.616,False,False,2.98597
197.36,TGO,THRUST,78753.084,25.5953052,0.5568068,-6596.113,111.23717,-190.97229,2280.57427,2281.03887,0.4646,0.00693,51.3658,51.3658,False,0.05061,-0.04317,-5.85721,-0.08528,0.5426,-5.85721,-0.08528,0.5426,49.97156,5.8829076,0.11772511,118710.32,51083.057,-38710.32,28916.943,False,False,2.97504
197.5,TGO,THRUST,78768.527,25.5951986,0.5556764,-6582.872,110.42222,-190.99811,2280.5533,2281.01281,0.45951,0.00684,51.31422,51.31422,False,0.05066,-0.04324,-5.83203,-0.06824,0.53806,-5.83203,-0.06824,0.53806,49.98469,5.8571967,0.11717983,118464.133,51321.633,-38464.133,28678.367,False,False,2.95955
197.66,TGO,THRUST,78786.037,25.5951084,0.5543841,-6567.732,109.49523,-191.02627,2280.52944,2280.98326,0.45382,0.00673,51.25517,51.25517,False,0.05071,-0.04332,-5.8033,-0.04881,0.53293,-5.8033,-0.04881,0.53293,49.99963,5.8279243,0.11655936,118184.156,51593.011,-38184.156,28406.989,False,False,2.93699
197.8,TGO,THRUST,78801.237,25.5950573,0.5532529,-6554.478,108.68764,-191.04975,2280.50872,2280.95762,0.44889,0.00664,51.20343,51.20343,False,0.05076,-0.04339,-5.77818,-0.03184,0.52846,-5.77818,-0.03184,0.52846,50.01264,5.8023825,0.11601831,117940.334,51829.469,-37940.334,28170.531,False,False,2.91366
197.94,TGO,THRUST,78816.325,25.5950299,0.5521213,-6541.219,107.88392,-191.07225,2280.48827,2280.93216,0.44389,0.00655,51.15161,51.15161,False,0.0508,-0.04346,-5.75312,-0.0149,0.52399,-5.75312,-0.0149,0.52399,50.0256,5.7769522,0.11547992,117697.874,52064.89,-37697.874,27935.11,False,False,2.88777
198.08,TGO,THRUST,78831.3,25.5950259,0.5509894,-6527.953,107.08376,-191.09377,2280.46815,2280.90689,0.43875,0.00646,51.09972,51.09972,False,0.05085,-0.04353,-5.7281,0.00203,0.51948,-5.7281,0.00203,0.51948,50.0385,5.7516081,0.11494365,117456.724,52299.393,-37456.724,27700.607,False,False,2.85976
198.24,TGO,THRUST,78848.279,25.5950501,0.5496954,-6512.786,106.17365,-191.11718,2280.44562,2280.87825,0.43262,0.00634,51.04032,51.04032,False,0.0509,-0.04361,-5.69956,0.02135,0.51425,-5.69956,0.02135,0.51425,50.05319,5.7227477,0.11433333,117182.771,52566.305,-37182.771,27433.695,False,False,2.82563
198.38,TGO,THRUST,78863.016,25.5950981,0.5485628,-6499.508,105.38078,-191.13656,2280.42637,2280.85338,0.42701,0.00624,50.98827,50.98827,False,0.05095,-0.04367,-5.6746,0.03823,0.5096,-5.6746,0.03823,0.5096,50.06598,5.6975617,0.11380106,116944.42,52798.997,-36944.42,27201.003,False,False,2.79432
198.52,TGO,THRUST,78877.644,25.5951701,0.5474299,-6486.225,104.59176,-191.15496,2280.4076,2280.8287,0.4211,0.00614,50.93614,50.93614,False,0.051,-0.04374,-5.6497,0.05508,0.50486,-5.6497,0.05508,0.50486,50.07872,5.6724836,0.11327134,116707.583,53030.765,-36707.583,26969.235,False,False,2.7621
198.66,TGO,THRUST,78892.161,25.595267,0.5462966,-6472.937,103.80626,-191.17234,2280.38937,2280.80421,0.41484,0.00602,50.88394,50.88394,False,0.05105,-0.04381,-5.62485,0.07191,0.50001,-5.62485,0.07191,0.50001,50.09141,5.6474888,0.11274367,116472.187,53261.711,-36472.187,26738.289,False,False,2.72927
198.82,TGO,THRUST,78908.618,25.5954095,0.5450012,-6457.745,102.91285,-191.19091,2280.36922,2280.77645,0.40723,0.00587,50.82419,50.82419,False,0.05111,-0.04388,-5.5965,0.09112,0.49431,-5.5965,0.09112,0.49431,50.10584,5.6190254,0.11214312,116204.938,53524.656,-36204.938,26475.344,False,False,2.69133
198.96,TGO,THRUST,78922.901,25.5955643,0.5438674,-6444.446,102.13457,-191.20592,2280.35219,2280.75235,0.40016,0.00574,50.77183,50.77183,False,0.05116,-0.04394,-5.57171,0.10788,0.4892,-5.57171,0.10788,0.4892,50.11842,5.5941857,0.11161936,115972.549,53753.947,-35972.549,26246.053,False,False,2.65811
199.1,TGO,THRUST,78937.076,25.5957469,0.5427333,-6431.143,101.3601,-191.2198,2280.33577,2280.72844,0.39267,0.0056,50.7194,50.7194,False,0.05122,-0.044,-5.54699,0.12461,0.48396,-5.54699,0.12461,0.48396,50.13094,5.5694529,0.11109812,115741.731,53982.363,-35741.731,26017.637,False,False,2.62534
199.24,TGO,THRUST,78951.143,25.5959578,0.5415989,-6417.835,100.58911,-191.23253,2280.31996,2280.70471,0.38474,0.00545,50.66689,50.66689,False,0.05128,-0.04407,-5.5223,0.1413,0.47857,-5.5223,0.1413,0.47857,50.1434,5.5448036,0.11057893,115512.396,54209.995,-35512.396,25790.005,False,False,2.59326
199.4,TGO,THRUST,78967.088,25.5962348,0.5403023,-6402.621,99.71224,-191.2456,2280.30266,2280.67781,0.37515,0.00527,50.6068,50.6068,False,0.05135,-0.04414,-5.49415,0.16033,0.47224,-5.49415,0.16033,0.47224,50.15759,5.5167359,0.10998806,115252.104,54469.182,-35252.104,25530.818,False,False,2.55777
199.54,TGO,THRUST,78980.926,25.5965101,0.5391675,-6389.304,98.94841,-191.25568,2280.28817,2280.65447,0.3663,0.0051,50.55415,50.55415,False,0.05141,-0.0442,-5.46953,0.17694,0.46656,-5.46953,0.17694,0.46656,50.16995,5.4922439,0.10947279,115025.813,54695.198,-35025.813,25304.802,False,False,2.52794
199.68,TGO,THRUST,78994.657,25.596815,0.5380324,-6375.983,98.18833,-191.26456,2280.2743,2280.6313,0.357,0.00493,50.50142,50.50142,False,0.05148,-0.04425,-5.44498,0.1935,0.46073,-5.44498,0.1935,0.46073,50.18225,5.4678602,0.10896004,114801.094,54920.351,-34801.094,25079.649,False,False,2.49951
199.82,TGO,THRUST,79008.282,25.5971502,0.5368972,-6362.659,97.43171,-191.27219,2280.26108,2280.60832,0.34724,0.00474,50.44862,50.44862,False,0.05155,-0.04431,-5.42047,0.21002,0.45475,-5.42047,0.21002,0.45475,50.1945,5.4435618,0.10844936,114577.856,55144.726,-34577.856,24855.274,False,False,2.4726
199.98,TGO,THRUST,79023.725,25.5975712,0.5355996,-6347.426,96.57122,-191.27936,2280.24675,2280.58227,0.33552,0.00452,50.3882,50.3882,False,0.05163,-0.04438,-5.3925,0.22884,0.44774,-5.3925,0.22884,0.44774,50.20845,5.4158973,0.10786825,114324.525,55400.197,-34324.525,24599.803,False,False,2.44382
200.12,TGO,THRUST,79037.125,25.5979745,0.534464,-6334.094,95.82168,-191.2842,2280.23486,2280.55967,0.3248,0.00431,50.33525,50.33525,False,0.0517,-0.04444,-5.36806,0.24525,0.44145,-5.36806,0.24525,0.44145,50.22059,5.3917604,0.10736155,114104.319,55622.963,-34104.319,24377.037,False,False,2.42043
200.26,TGO,THRUST,79050.421,25.5984094,0.5333283,-6320.758,95.07585,-191.28773,2280.2236,2280.53724,0.31364,0.0041,50.28224,50.28224,False,0.05178,-0.04449,-5.34368,0.26161,0.43502,-5.34368,0.26161,0.43502,50.23268,5.3677339,0.1068574,113885.66,55844.861,-33885.66,24155.139,False,False,2.39862
200.4,TGO,THRUST,79063.613,25.598877,0.5321925,-6307.42,94.33345,-191.28993,2280.21295,2280.51499,0.30203,0.00387,50.22916,50.22916,False,0.05186,-0.04455,-5.31934,0.27793,0.42844,-5.31934,0.27793,0.42844,50.24472,5.3437952,0.10635536,113668.447,56065.965,-33668.447,23934.035,False,False,2.37814
200.56,TGO,THRUST,79078.563,25.5994527,0.5308942,-6292.173,93.48916,-191.29073,2280.20152,2280.48977,0.28825,0.00361,50.16841,50.16841,False,0.05195,-0.04461,-5.29157,0.2965,0.42076,-5.29157,0.2965,0.42076,50.25842,5.3165451,0.10578416,113421.95,56317.672,-33421.95,23682.328,False,False,2.35622
200.7,TGO,THRUST,79091.533,25.5999952,0.5297582,-6278.828,92.75376,-191.28982,2280.19216,2280.46789,0.27574,0.00337,50.11518,50.11518,False,0.05203,-0.04466,-5.26729,0.31268,0.41389,-5.26729,0.31268,0.41389,50.27036,5.2927734,0.10528617,113207.688,56537.127,-33207.688,23462.873,False,False,2.33848
200.84,TGO,THRUST,79104.402,25.6005736,0.528622,-6265.482,92.02205,-191.28744,2280.18338,2280.44619,0.26281,0.00312,50.06189,50.06189,False,0.05212,-0.04472,-5.24308,0.32879,0.40689,-5.24308,0.32879,0.40689,50.28224,5.2691141,0.10479077,112994.926,56755.69,-32994.926,23244.31,False,False,2.32187
200.98,TGO,THRUST,79117.169,25.6011891,0.5274858,-6252.133,91.29373,-191.28351,2280.17517,2280.42466,0.24948,0.00287,50.00853,50.00853,False,0.0522,-0.04477,-5.21891,0.34484,0.39976,-5.21891,0.34484,0.39976,50.29406,5.245545,0.1042975,112783.556,56973.431,-32783.556,23026.569,False,False,2.30639
201.14,TGO,THRUST,79131.635,25.6019398,0.5261873,-6236.875,90.46549,-191.27705,2280.16646,2280.40026,0.23379,0.00256,49.94747,49.94747,False,0.0523,-0.04483,-5.19134,0.36309,0.39146,-5.19134,0.36309,0.39146,50.30753,5.21872,0.10373636,112543.661,57221.251,-32543.661,22778.749,False,False,2.29003
201.28,TGO,THRUST,79144.185,25.6026405,0.525051,-6223.522,89.74411,-191.26956,2280.15938,2280.37909,0.21971,0.00229,49.89398,49.89398,False,0.05239,-0.04488,-5.16723,0.37896,0.38409,-5.16723,0.37896,0.38409,50.31925,5.1953236,0.10324723,112335.075,57437.243,-32335.075,22562.757,False,False,2.27677
201.42,TGO,THRUST,79156.634,25.6033815,0.5239147,-6210.168,89.02637,-191.26039,2280.15274,2280.35809,0.20535,0.00201,49.84042,49.84042,False,0.05248,-0.04493,-5.14318,0.39475,0.37664,-5.14318,0.39475,0.37664,50.33093,5.1720424,0.10276072,112127.868,57652.275,-32127.868,22347.725,False,False,2.26398
201.56,TGO,THRUST,79168.984,25.6041642,0.5227785,-6196.813,88.31199,-191.24947,2280.14653,2280.33726,0.19074,0.00173,49.7868,49.7868,False,0.05257,-0.04498,-5.11918,0.41046,0.36911,-5.11918,0.41046,0.36911,50.34255,5.1488544,0.10227639,111921.914,57866.403,-31921.914,22133.597,False,False,2.2515
201.72,TGO,THRUST,79182.969,25.6051116,0.5214799,-6181.549,87.49965,-191.23477,2280.13989,2280.31367,0.17378,0.00141,49.72544,49.72544,False,0.05268,-0.04504,-5.09179,0.42829,0.36042,-5.09179,0.42829,0.36042,50.35578,5.1224654,0.10172547,111688.028,58109.988,-31688.028,21890.012,False,False,2.23737
201.86,TGO,THRUST,79195.105,25.6059895,0.5203438,-6168.191,86.79216,-191.21983,2280.13447,2280.29321,0.15874,0.00111,49.67169,49.67169,False,0.05277,-0.04508,-5.06783,0.44378,0.35276,-5.06783,0.44378,0.35276,50.3673,5.09944,0.10124506,111484.556,58322.186,-31484.556,21677.814,False,False,2.22516
202,TGO,THRUST,79207.143,25.6069121,0.5192077,-6154.834,86.08827,-191.20301,2280.12932,2280.27291,0.14359,0.00083,49.61788,49.61788,False,0.05286,-0.04513,-5.04395,0.45917,0.34508,-5.04395,0.45917,0.34508,50.37877,5.0765475,0.1007676,111282.323,58533.344,-31282.323,21466.656,False,False,2.21244
202.14,TGO,THRUST,79219.083,25.6078806,0.5180718,-6141.477,85.38771,-191.18424,2280.12445,2280.25277,0.12832,0.00053,49.56401,49.56401,False,0.05295,-0.04518,-5.02011,0.47446,0.33736,-5.02011,0.47446,0.33736,50.39019,5.0537499,0.10029234,111081.213,58743.522,-31081.213,21256.478,False,False,2.19916
202.3,TGO,THRUST,79232.61,25.6090454,0.5167737,-6126.212,84.59113,-191.16032,2280.11916,2280.22996,0.1108,0.0002,49.50237,49.50237,False,0.05306,-0.04523,-4.9929,0.49179,0.32854,-4.9929,0.49179,0.32854,50.40318,5.0278115,0.09975187,110852.703,58982.499,-30852.703,21017.501,False,False,2.18325
202.44,TGO,THRUST,79244.342,25.6101179,0.5156381,-6112.855,83.89741,-191.13713,2280.11472,2280.21017,0.09545,-0.0001,49.44838,49.44838,False,0.05315,-0.04528,-4.96912,0.50683,0.32081,-4.96912,0.50683,0.32081,50.4145,5.0051948,0.09928086,110653.79,59190.577,-30653.79,20809.423,False,False,2.16891
202.58,TGO,THRUST,79255.978,25.6112387,0.5145026,-6099.499,83.20727,-191.11187,2280.11041,2280.19055,0.08014,-0.0004,49.39433,49.39433,False,0.05323,-0.04532,-4.9454,0.52174,0.31312,-4.9454,0.52174,0.31312,50.42577,4.9826954,0.09881249,110455.958,59397.528,-30455.958,20602.472,False,False,2.15362
202.72,TGO,THRUST,79267.517,25.6124089,0.5133674,-6086.145,82.52042,-191.08451,2280.1062,2280.17109,0.06489,-0.00069,49.34023,49.34023,False,0.05332,-0.04536,-4.92172,0.53654,0.30546,-4.92172,0.53654,0.30546,50.43698,4.9602911,0.09834631,110259.1,59603.411,-30259.1,20396.589,False,False,2.13721
202.88,TGO,THRUST,79280.588,25.6138076,0.5120702,-6070.884,81.73949,-191.0506,2280.10144,2280.14905,0.04761,-0.00102,49.27833,49.27833,False,0.05341,-0.04541,-4.8947,0.55329,0.29677,-4.8947,0.55329,0.29677,50.44975,4.9348023,0.09781619,110035.261,59837.372,-30035.261,20162.628,False,False,2.11729
203.02,TGO,THRUST,79291.923,25.6150876,0.5109355,-6057.533,81.05943,-191.01853,2280.09728,2280.12993,0.03265,-0.00131,49.22411,49.22411,False,0.0535,-0.04546,-4.87107,0.56781,0.28923,-4.87107,0.56781,0.28923,50.46087,4.912579,0.09735423,109840.279,60040.971,-29840.279,19959.029,False,False,2.09893
203.16,TGO,THRUST,79303.163,25.6164181,0.5098011,-6044.184,80.38293,-190.98428,2280.0931,2280.11098,0.01788,-0.00159,49.16984,49.16984,False,0.05358,-0.0455,-4.84751,0.5822,0.28177,-4.84751,0.5822,0.28177,50.47194,4.8904717,0.09689487,109646.248,60243.37,-29646.248,19756.63,False,False,2.07923
203.3,TGO,THRUST,79314.309,25.6177999,0.508667,-6030.837,79.7097,-190.94783,2280.08886,2280.09218,0.00332,-0.00187,49.11553,49.11553,False,0.05365,-0.04554,-4.82399,0.59645,0.2744,-4.82399,0.59645,0.2744,50.48296,4.8684583,0.09643766,109453.066,60444.633,-29453.066,19555.367,False,False,2.05817
203.46,TGO,THRUST,79326.933,25.6194428,0.5073713,-6015.587,78.94431,-190.90342,2280.08392,2280.07089,-0.01303,0,49.05339,49.05339,False,0.05374,-0.04559,-4.79715,0.61258,0.26608,-4.79715,0.61258,0.26608,50.4955,4.8434143,0.09591774,109233.287,60673.235,-29233.287,19326.765,False,False,2.03272
203.6,TGO,THRUST,79337.879,25.6209382,0.5062379,-6002.247,78.27784,-190.86207,2280.07946,2280.05243,-0.02703,0,48.99897,48.99897,False,0.05381,-0.04563,-4.77368,0.62653,0.25893,-4.77368,0.62653,0.25893,50.50642,4.8215784,0.09546466,109041.736,60872.075,-29041.736,19127.925,False,False,2.00953
203.74,TGO,THRUST,79348.732,25.6224849,0.5051049,-5988.91,77.6149,-190.81849,2280.07484,2280.03413,-0.04071,0,48.9445,48.9445,False,0.05387,-0.04566,-4.75028,0.64035,0.2519,-4.75028,0.64035,0.2519,50.5173,4.7998561,0.09501411,108851.022,61069.657,-28851.022,18930.343,False,False,1.98499
203.88,TGO,THRUST,79359.493,25.6240836,0.5039724,-5975.577,76.95522,-190.77266,2280.07003,2280.01599,-0.05404,0,48.88999,48.88999,False,0.05393,-0.0457,-4.72691,0.65402,0.245,-4.72691,0.65402,0.245,50.52813,4.7782256,0.09456566,108661.043,61266.041,-28661.043,18733.959,False,False,1.95912
204.04,TGO,THRUST,79371.678,25.6259747,0.5026786,-5960.344,76.20528,-190.71751,2280.06427,2279.99544,-0.06883,0,48.82763,48.82763,False,0.054,-0.04575,-4.70025,0.66948,0.23728,-4.70025,0.66948,0.23728,50.54044,4.7536162,0.09405569,108444.792,61488.999,-28444.792,18511.001,False,False,1.92821
204.18,TGO,THRUST,79382.243,25.6276876,0.501547,-5947.019,75.55233,-190.66673,2280.05897,2279.97762,-0.08135,0,48.77302,48.77302,False,0.05406,-0.04578,-4.67695,0.68285,0.23069,-4.67695,0.68285,0.23069,50.55117,4.7321579,0.09361124,108256.221,61682.844,-28256.221,18317.156,False,False,1.90027
204.32,TGO,THRUST,79392.717,25.6294516,0.500416,-5933.7,74.90287,-190.61372,2280.05341,2279.95996,-0.09345,0,48.71837,48.71837,False,0.05411,-0.04582,-4.6537,0.69607,0.22426,-4.6537,0.69607,0.22426,50.56185,4.7108101,0.09316925,108068.396,61875.386,-28068.396,18124.614,False,False,1.87119
204.46,TGO,THRUST,79403.1,25.6312673,0.4992854,-5920.386,74.25667,-190.55847,2280.04756,2279.94245,-0.10511,0,48.66369,48.66369,False,0.05415,-0.04585,-4.63049,0.70915,0.21799,-4.63049,0.70915,0.21799,50.57249,4.6895509,0.09272929,107881.226,62066.693,-27881.226,17933.307,False,False,1.84105
204.62,TGO,THRUST,79414.857,25.6334061,0.4979941,-5905.176,73.52211,-190.49254,2280.04051,2279.92263,-0.11789,0,48.60114,48.60114,False,0.0542,-0.04589,-4.60402,0.72393,0.21103,-4.60402,0.72393,0.21103,50.58459,4.665362,0.09222891,107668.096,62283.806,-27668.096,17716.194,False,False,1.80585
204.76,TGO,THRUST,79425.048,25.6353346,0.4968648,-5891.874,72.88261,-190.43237,2280.034,2279.90544,-0.12856,0,48.54636,48.54636,False,0.05424,-0.04593,-4.58088,0.73669,0.20513,-4.58088,0.73669,0.20513,50.59513,4.6442685,0.0917928,107482.184,62472.502,-27482.184,17527.498,False,False,1.7743
204.9,TGO,THRUST,79435.15,25.6373125,0.4957361,-5878.577,72.24658,-190.37004,2280.02715,2279.88841,-0.13875,0,48.49155,48.49155,False,0.05427,-0.04596,-4.5578,0.74932,0.19941,-4.5578,0.74932,0.19941,50.60562,4.6232821,0.09135906,107296.953,62659.871,-27296.953,17340.129,False,False,1.74186
205.04,TGO,THRUST,79445.164,25.6393412,0.494608,-5865.287,71.61378,-190.30549,2280.01996,2279.87152,-0.14844,0,48.43671,48.43671,False,0.0543,-0.04599,-4.53475,0.7618,0.19387,-4.53475,0.7618,0.19387,50.61607,4.6023809,0.09092727,107112.327,62845.987,-27112.327,17154.013,False,False,1.70866
205.2,TGO,THRUST,79456.501,25.6417213,0.4933196,-5850.107,70.89453,-190.22903,2280.01133,2279.8524,-0.15893,0,48.37399,48.37399,False,0.05433,-0.04603,-4.50847,0.77589,0.18777,-4.50847,0.77589,0.18777,50.62796,4.5785969,0.09043614,106902.054,63057.151,-26902.054,16942.849,False,False,1.67024
205.34,TGO,THRUST,79466.326,25.6438597,0.492193,-5836.832,70.2684,-190.15969,2280.0034,2279.83584,-0.16757,0,48.31907,48.31907,False,0.05434,-0.04606,-4.48549,0.78806,0.18263,-4.48549,0.78806,0.18263,50.63831,4.5578545,0.09000803,106718.615,63240.634,-26718.615,16759.366,False,False,1.63657
205.48,TGO,THRUST,79476.065,25.6460457,0.4910671,-5823.564,69.64573,-190.08826,2279.99511,2279.81941,-0.1757,0,48.26412,48.26412,False,0.05436,-0.04609,-4.46258,0.80009,0.17767,-4.46258,0.80009,0.17767,50.64861,4.5372154,0.08958223,106535.833,63422.791,-26535.833,16577.209,False,False,1.60236
205.62,TGO,THRUST,79485.716,25.6482804,0.489942,-5810.304,69.02628,-190.01469,2279.98647,2279.80314,-0.18333,0,48.20914,48.20914,False,0.05437,-0.04612,-4.43971,0.81198,0.1729,-4.43971,0.81198,0.1729,50.65887,4.5166583,0.08915828,106353.638,63603.696,-26353.638,16396.304,False,False,1.56835
205.78,TGO,THRUST,79496.642,25.6508947,0.488657,-5795.159,68.32227,-189.92797,2279.97617,2279.78472,-0.19145,0,48.14627,48.14627,False,0.05437,-0.04615,-4.41362,0.8254,0.16768,-4.41362,0.8254,0.16768,50.67055,4.4932636,0.08867604,106146.133,63808.911,-26146.133,16191.089,False,False,1.53155
205.92,TGO,THRUST,79506.109,25.6532373,0.4875336,-5781.916,67.70947,-189.84969,2279.9668,2279.76875,-0.19804,0,48.09123,48.09123,False,0.05437,-0.04618,-4.39082,0.83697,0.16329,-4.39082,0.83697,0.16329,50.68072,4.4728585,0.08825562,105965.119,63987.196,-25965.119,16012.804,False,False,1.5022
206.06,TGO,THRUST,79515.492,25.6556247,0.4864109,-5768.682,67.1001,-189.76944,2279.95706,2279.75293,-0.20413,0,48.03616,48.03616,False,0.05437,-0.04621,-4.36808,0.84842,0.1591,-4.36808,0.84842,0.1591,50.69084,4.4525536,0.08783744,105784.759,64164.171,-25784.759,15835.829,False,False,1.47506
206.2,TGO,THRUST,79524.789,25.6580565,0.4852891,-5755.457,66.49392,-189.68723,2279.94698,2279.73725,-0.20973,0,47.98107,47.98107,False,0.05436,-0.04623,-4.34538,0.85974,0.15509,-4.34538,0.85974,0.15509,50.70092,4.4323281,0.08742107,105604.984,64339.911,-25604.984,15660.089,False,False,1.45022
206.36,TGO,THRUST,79535.312,25.6608887,0.4840081,-5740.354,65.80502,-189.59095,2279.93504,2279.71951,-0.21553,0,47.91807,47.91807,False,0.05434,-0.04626,-4.31949,0.87252,0.15073,-4.31949,0.87252,0.15073,50.71238,4.4093098,0.0869474,105400.24,64539.253,-25400.24,15460.747,False,False,1.42489
206.5,TGO,THRUST,79544.429,25.6634144,0.4828882,-5727.149,65.20539,-189.50462,2279.92422,2279.70414,-0.22009,0,47.86292,47.86292,False,0.05432,-0.04629,-4.29686,0.88357,0.1471,-4.29686,0.88357,0.1471,50.72237,4.3892321,0.08653445,105221.64,64712.427,-25221.64,15287.573,False,False,1.4053
206.64,TGO,THRUST,79553.463,25.6659785,0.4817691,-5713.953,64.60914,-189.41659,2279.91307,2279.6889,-0.22417,0,47.80775,47.80775,False,0.0543,-0.04631,-4.2743,0.8945,0.14365,-4.2743,0.8945,0.14365,50.73231,4.3692525,0.08612366,105043.706,64884.327,-25043.706,15115.673,False,False,1.38694
206.78,TGO,THRUST,79562.414,25.6685818,0.4806511,-5700.768,64.01603,-189.32684,2279.90161,2279.67381,-0.2278,0,47.75256,47.75256,False,0.05428,-0.04633,-4.25177,0.90532,0.14037,-4.25177,0.90532,0.14037,50.74221,4.3493505,0.08571465,104866.377,65055.031,-24866.377,14944.969,False,False,1.36957
206.94,TGO,THRUST,79572.535,25.6716048,0.4793744,-5685.711,63.34201,-189.22216,2279.88815,2279.65674,-0.23141,0,47.68946,47.68946,False,0.05424,-0.04636,-4.22607,0.91755,0.13683,-4.22607,0.91755,0.13683,50.75347,4.3266928,0.0852492,104664.465,65248.663,-24664.465,14751.337,False,False,1.35107
207.08,TGO,THRUST,79581.31,25.674294,0.4782583,-5672.548,62.75538,-189.12863,2279.87607,2279.64195,-0.23412,0,47.63422,47.63422,False,0.05421,-0.04638,-4.2036,0.92813,0.13389,-4.2036,0.92813,0.13389,50.76328,4.3069215,0.08484325,104488.386,65416.881,-24488.386,14583.119,False,False,1.33625
207.22,TGO,THRUST,79590.003,25.6770193,0.4771433,-5659.395,62.17209,-189.03351,2279.86371,2279.62729,-0.23642,0,47.57897,47.57897,False,0.05417,-0.0464,-4.1812,0.93859,0.13111,-4.1812,0.93859,0.13111,50.77304,4.2872598,0.08443969,104313.018,65583.871,-24313.018,14416.129,False,False,1.32168
207.36,TGO,THRUST,79598.615,25.6797816,0.4760293,-5646.254,61.59191,-188.93675,2279.85112,2279.61277,-0.23835,0,47.52369,47.52369,False,0.05413,-0.04642,-4.15885,0.94895,0.12847,-4.15885,0.94895,0.12847,50.78276,4.267674,0.08403785,104138.304,65749.707,-24138.304,14250.293,False,False,1.30729
207.52,TGO,THRUST,79608.358,25.6829839,0.4747574,-5631.249,60.93266,-188.82418,2279.83645,2279.59634,-0.24011,0,47.4605,47.4605,False,0.05407,-0.04644,-4.13335,0.96066,0.12562,-4.13335,0.96066,0.12562,50.79382,4.2453824,0.08358069,103939.45,65937.832,-23939.45,14062.168,False,False,1.29137
207.66,TGO,THRUST,79616.798,25.6858282,0.4736456,-5618.131,60.35892,-188.72383,2279.8234,2279.58211,-0.24129,0,47.4052,47.4052,False,0.05403,-0.04646,-4.11108,0.97078,0.12326,-4.11108,0.97078,0.12326,50.80345,4.2259377,0.08318211,103766.113,66101.281,-23766.113,13898.719,False,False,1.27819
207.8,TGO,THRUST,79625.157,25.688707,0.4725349,-5605.026,59.7885,-188.62196,2279.81017,2279.56801,-0.24216,0,47.34987,47.34987,False,0.05397,-0.04648,-4.08886,0.9808,0.12103,-4.08886,0.9808,0.12103,50.81303,4.2065874,0.0827856,103593.545,66263.548,-23593.545,13736.452,False,False,1.26491
207.94,TGO,THRUST,79633.438,25.6916214,0.4714252,-5591.932,59.22117,-188.51853,2279.79679,2279.55405,-0.24274,0,47.29453,47.29453,False,0.05392,-0.0465,-4.06669,0.99071,0.1189,-4.06669,0.99071,0.1189,50.82258,4.1873116,0.08239078,103421.697,66424.708,-23421.697,13575.292,False,False,1.25153
208.1,TGO,THRUST,79642.804,25.6949957,0.4701584,-5576.983,58.57656,-188.3984,2279.78134,2279.53825,-0.24308,0,47.23127,47.23127,False,0.05386,-0.04652,-4.0414,1.00191,0.1166,-4.0414,1.00191,0.1166,50.83344,4.165373,0.0819416,103226.195,66607.546,-23226.195,13392.454,False,False,1.23654
208.24,TGO,THRUST,79650.916,25.6979891,0.4690512,-5563.916,58.01563,-188.29151,2279.76769,2279.52458,-0.24312,0,47.17591,47.17591,False,0.0538,-0.04653,-4.0193,1.01159,0.11468,-4.0193,1.01159,0.11468,50.84289,4.1462361,0.08154997,103055.856,66766.414,-23055.856,13233.586,False,False,1.22408
208.38,TGO,THRUST,79658.95,25.7010155,0.4679451,-5550.861,57.45799,-188.18317,2279.75394,2279.51103,-0.24291,0,47.12053,47.12053,False,0.05373,-0.04655,-3.99727,1.02117,0.11287,-3.99727,1.02117,0.11287,50.8523,4.1271925,0.08116038,102886.34,66924.142,-22886.34,13075.858,False,False,1.21146
208.52,TGO,THRUST,79666.906,25.704076,0.4668402,-5537.82,56.90341,-188.07333,2279.74011,2279.49761,-0.2425,0,47.06514,47.06514,False,0.05367,-0.04656,-3.97529,1.03065,0.11113,-3.97529,1.03065,0.11113,50.86168,4.1082224,0.08077245,102717.594,67080.802,-22717.594,12919.198,False,False,1.19872
208.68,TGO,THRUST,79675.905,25.7076155,0.4655788,-5522.931,56.27336,-187.94598,2279.72423,2279.48244,-0.24179,0,47.00183,47.00183,False,0.05359,-0.04658,-3.95022,1.04135,0.10925,-3.95022,1.04135,0.10925,50.87234,4.0866322,0.08033113,102525.701,67258.544,-22525.701,12741.456,False,False,1.1844
208.82,TGO,THRUST,79683.696,25.7107518,0.4644764,-5509.917,55.72514,-187.83283,2279.71028,2279.4693,-0.24098,0,46.94643,46.94643,False,0.05353,-0.04659,-3.92831,1.0506,0.10767,-3.92831,1.0506,0.10767,50.88162,4.0677997,0.07994635,102358.579,67412.993,-22358.579,12587.007,False,False,1.17254
208.96,TGO,THRUST,79691.411,25.7139196,0.4633753,-5496.917,55.18017,-187.7183,2279.6963,2279.45629,-0.24002,0,46.89101,46.89101,False,0.05345,-0.0466,-3.90647,1.05976,0.10616,-3.90647,1.05976,0.10616,50.89086,4.0490594,0.07956358,102192.328,67566.342,-22192.328,12433.658,False,False,1.16052
209.1,TGO,THRUST,79699.051,25.7171198,0.4622753,-5483.931,54.63825,-187.60235,2279.68231,2279.44341,-0.23891,0,46.83559,46.83559,False,0.05338,-0.04661,-3.88468,1.06882,0.10472,-3.88468,1.06882,0.10472,50.90006,4.0303922,0.07918246,102026.895,67718.658,-22026.895,12281.342,False,False,1.14833
209.26,TGO,THRUST,79707.689,25.7208172,0.4610198,-5469.106,54.02264,-187.46809,2279.66632,2279.42884,-0.23748,0,46.77224,46.77224,False,0.0533,-0.04662,-3.85983,1.07904,0.10313,-3.85983,1.07904,0.10313,50.91053,4.0091473,0.07874888,101838.839,67891.475,-21838.839,12108.525,False,False,1.1347
209.4,TGO,THRUST,79715.167,25.7240899,0.4599226,-5456.15,53.48702,-187.34897,2279.65234,2279.41623,-0.23611,0,46.71681,46.71681,False,0.05322,-0.04663,-3.83812,1.08788,0.10179,-3.83812,1.08788,0.10179,50.91965,3.9906167,0.07837086,101675.119,68041.647,-21675.119,11958.353,False,False,1.12339
209.54,TGO,THRUST,79722.571,25.7273925,0.4588266,-5443.208,52.95464,-187.22855,2279.63838,2279.40374,-0.23463,0,46.66137,46.66137,False,0.05315,-0.04664,-3.81648,1.09662,0.10051,-3.81648,1.09662,0.10051,50.92872,3.9721776,0.07799484,101512.309,68190.751,-21512.309,11809.249,False,False,1.11189
209.68,TGO,THRUST,79729.901,25.730726,0.457732,-5430.281,52.42528,-187.10678,2279.62445,2279.39138,-0.23307,0,46.60593,46.60593,False,0.05307,-0.04665,-3.79488,1.10527,0.09926,-3.79488,1.10527,0.09926,50.93775,3.9538112,0.07762045,101350.352,68338.851,-21350.352,11661.149,False,False,1.10021
209.84,TGO,THRUST,79738.188,25.7345738,0.4564825,-5415.525,51.82397,-186.96595,2279.6086,2279.37741,-0.23119,0,46.54256,46.54256,False,0.05298,-0.04666,-3.77026,1.11504,0.09788,-3.77026,1.11504,0.09788,50.94803,3.9329096,0.07719454,101166.318,68506.887,-21166.318,11493.113,False,False,1.08713
209.98,TGO,THRUST,79745.361,25.7379766,0.4553907,-5402.63,51.30086,-186.84116,2279.59479,2279.36531,-0.22948,0,46.48711,46.48711,False,0.0529,-0.04666,-3.74876,1.12347,0.09671,-3.74876,1.12347,0.09671,50.95698,3.9146793,0.07682322,101006.152,68652.901,-21006.152,11347.099,False,False,1.0763
210.12,TGO,THRUST,79752.461,25.7414076,0.4543003,-5389.749,50.78095,-186.71513,2279.58105,2279.35334,-0.22771,0,46.43167,46.43167,False,0.05281,-0.04667,-3.72731,1.13182,0.09556,-3.72731,1.13182,0.09556,50.96588,3.8965399,0.07645389,100846.929,68797.876,-20846.929,11202.124,False,False,1.06523
210.26,TGO,THRUST,79759.488,25.744868,0.4532112,-5376.884,50.26403,-186.58782,2279.56739,2279.34148,-0.2259,0,46.37622,46.37622,False,0.05273,-0.04667,-3.70592,1.14008,0.09444,-3.70592,1.14008,0.09444,50.97475,3.878473,0.07608615,100688.589,68941.872,-20688.589,11058.128,False,False,1.05395
210.42,TGO,THRUST,79767.432,25.7488589,0.4519682,-5362.2,49.67691,-186.44075,2279.55188,2279.32809,-0.22379,0,46.31285,46.31285,False,0.05264,-0.04668,-3.68153,1.1494,0.0932,-3.68153,1.1494,0.0932,50.98484,3.8579133,0.07566785,100508.716,69105.242,-20508.716,10894.758,False,False,1.04128
210.56,TGO,THRUST,79774.306,25.7523853,0.450882,-5349.369,49.16619,-186.31056,2279.5384,2279.3165,-0.2219,0,46.25741,46.25741,False,0.05255,-0.04668,-3.66023,1.15745,0.09212,-3.66023,1.15745,0.09212,50.99362,3.8399821,0.07530318,100352.218,69247.195,-20352.218,10752.805,False,False,1.03077
210.7,TGO,THRUST,79781.109,25.7559384,0.4497973,-5336.553,48.65864,-186.1792,2279.52502,2279.30502,-0.21999,0,46.20196,46.20196,False,0.05247,-0.04668,-3.639,1.16541,0.09107,-3.639,1.16541,0.09107,51.00237,3.8221415,0.07494047,100196.679,69388.126,-20196.679,10611.874,False,False,1.02006
210.84,TGO,THRUST,79787.842,25.7595195,0.448714,-5323.754,48.15405,-186.04663,2279.51173,2279.29367,-0.21807,0,46.14652,46.14652,False,0.05238,-0.04669,-3.61781,1.17329,0.09004,-3.61781,1.17329,0.09004,51.01107,3.8043731,0.07457936,100042.039,69528.095,-20042.039,10471.905,False,False,1.00918
211,TGO,THRUST,79795.45,25.7636465,0.4474777,-5309.146,47.581,-185.89361,2279.49668,2279.28084,-0.21585,0,46.08317,46.08317,False,0.05228,-0.04669,-3.59366,1.18218,0.08887,-3.59366,1.18218,0.08887,51.02098,3.7841544,0.0741686,99866.411,69686.883,-19866.411,10313.117,False,False,0.99697
211.14,TGO,THRUST,79802.033,25.7672905,0.4463976,-5296.381,47.08255,-185.75829,2279.48363,2279.26973,-0.2139,0,46.02774,46.02774,False,0.05219,-0.04669,-3.57257,1.18985,0.08786,-3.57257,1.18985,0.08786,51.0296,3.7665217,0.07381053,99713.641,69824.838,-19713.641,10175.162,False,False,0.98692
211.28,TGO,THRUST,79808.546,25.7709597,0.4453188,-5283.633,46.58725,-185.62187,2279.47069,2279.25875,-0.21194,0,45.97231,45.97231,False,0.05211,-0.04669,-3.55154,1.19744,0.08687,-3.55154,1.19744,0.08687,51.03818,3.7489792,0.07345441,99561.84,69961.788,-19561.84,10038.212,False,False,0.97665
211.42,TGO,THRUST,79814.991,25.7746553,0.4442416,-5270.902,46.09487,-185.48429,2279.45786,2279.24788,-0.20998,0,45.91689,45.91689,False,0.05202,-0.04669,-3.53056,1.20495,0.08589,-3.53056,1.20495,0.08589,51.04672,3.7315087,0.07309987,99410.945,70097.787,-19410.945,9902.213,False,False,0.9662
211.58,TGO,THRUST,79822.272,25.7789115,0.4430123,-5256.373,45.53574,-185.32563,2279.44334,2279.2356,-0.20774,0,45.85356,45.85356,False,0.05191,-0.04668,-3.50665,1.21342,0.08478,-3.50665,1.21342,0.08478,51.05644,3.7116305,0.07269661,99239.605,70252.051,-19239.605,9747.949,False,False,0.95456
211.72,TGO,THRUST,79828.571,25.782667,0.4419383,-5243.679,45.04946,-185.18543,2279.43077,2279.22497,-0.20579,0,45.79816,45.79816,False,0.05182,-0.04668,-3.48577,1.22073,0.08381,-3.48577,1.22073,0.08381,51.0649,3.6942958,0.0723451,99090.597,70386.059,-19090.597,9613.941,False,False,0.94501
211.86,TGO,THRUST,79834.802,25.7864463,0.4408658,-5231.002,44.56627,-185.0442,2279.41831,2279.21446,-0.20385,0,45.74277,45.74277,False,0.05173,-0.04668,-3.46496,1.22796,0.08286,-3.46496,1.22796,0.08286,51.07333,3.677051,0.07199553,98942.559,70519.073,-18942.559,9480.927,False,False,0.93526
212,TGO,THRUST,79840.965,25.7902506,0.4397948,-5218.342,44.08599,-184.90187,2279.40597,2279.20407,-0.20191,0,45.68738,45.68738,False,0.05164,-0.04667,-3.4442,1.23511,0.08191,-3.4442,1.23511,0.08191,51.08171,3.6598783,0.07164753,98795.431,70651.145,-18795.431,9348.855,False,False,0.92536
212.16,TGO,THRUST,79847.928,25.7946292,0.4385727,-5203.895,43.54065,-184.73785,2279.39203,2279.19232,-0.19971,0,45.6241,45.6241,False,0.05154,-0.04667,-3.42053,1.24318,0.08083,-3.42053,1.24318,0.08083,51.09125,3.6403402,0.07125173,98628.401,70800.933,-18628.401,9199.067,False,False,0.91438
212.3,TGO,THRUST,79853.949,25.7984904,0.4375051,-5191.274,43.0664,-184.59303,2279.37996,2279.18217,-0.19779,0,45.56873,45.56873,False,0.05145,-0.04666,-3.39987,1.25014,0.07989,-3.39987,1.25014,0.07989,51.09956,3.6233034,0.07090675,98483.165,70931.03,-18483.165,9068.97,False,False,0.90545
212.44,TGO,THRUST,79859.904,25.8023738,0.4364391,-5178.67,42.59522,-184.44723,2279.36801,2279.17212,-0.19589,0,45.51338,45.51338,False,0.05135,-0.04666,-3.37927,1.25703,0.07896,-3.37927,1.25703,0.07896,51.10782,3.6063562,0.07056368,98338.897,71060.142,-18338.897,8939.858,False,False,0.89631
212.58,TGO,THRUST,79865.794,25.8062809,0.4353746,-5166.084,42.12691,-184.3004,2279.35618,2279.16219,-0.19399,0,45.45804,45.45804,False,0.05126,-0.04665,-3.35872,1.26384,0.07804,-3.35872,1.26384,0.07804,51.11605,3.589481,0.07022219,98195.533,71188.318,-18195.533,8811.682,False,False,0.88703
212.74,TGO,THRUST,79872.445,25.8107754,0.43416,-5151.723,41.59521,-184.1313,2279.3428,2279.15097,-0.19184,0,45.39482,45.39482,False,0.05116,-0.04664,-3.3353,1.27152,0.07699,-3.3353,1.27152,0.07699,51.12542,3.570283,0.06983382,98032.8,71333.659,-18032.8,8666.341,False,False,0.87677
212.88,TGO,THRUST,79878.196,25.8147365,0.433099,-5139.177,41.13287,-183.9821,2279.33123,2279.14127,-0.18997,0,45.33951,45.33951,False,0.05106,-0.04663,-3.31485,1.27814,0.07608,-3.31485,1.27814,0.07608,51.13357,3.5535439,0.06949533,97891.322,71459.87,-17891.322,8540.13,False,False,0.8685
213.02,TGO,THRUST,79883.882,25.8187185,0.4320396,-5126.649,40.67357,-183.83198,2279.31978,2279.13167,-0.18811,0,45.28421,45.28421,False,0.05097,-0.04662,-3.29447,1.28469,0.07517,-3.29447,1.28469,0.07517,51.14168,3.5368944,0.06915874,97750.806,71585.103,-17750.806,8414.897,False,False,0.86002
213.16,TGO,THRUST,79889.505,25.8227228,0.4309819,-5114.14,40.2171,-183.68088,2279.30845,2279.12219,-0.18626,0,45.22893,45.22893,False,0.05087,-0.04661,-3.27414,1.29116,0.07427,-3.27414,1.29116,0.07427,51.14976,3.5203168,0.06882372,97611.194,71709.406,-17611.194,8290.594,False,False,0.8514
213.32,TGO,THRUST,79895.853,25.8273268,0.429775,-5099.868,39.6989,-183.50697,2279.29564,2279.11148,-0.18416,0,45.16577,45.16577,False,0.05076,-0.0466,-3.25098,1.29846,0.07325,-3.25098,1.29846,0.07325,51.15894,3.5014589,0.06844275,97452.741,71850.327,-17452.741,8149.673,False,False,0.84195
213.46,TGO,THRUST,79901.34,25.8313824,0.4287208,-5087.399,39.24835,-183.35362,2279.28456,2279.10222,-0.18233,0,45.11053,45.11053,False,0.05067,-0.04659,-3.23075,1.30476,0.07236,-3.23075,1.30476,0.07236,51.16694,3.4850178,0.06811073,97315.004,71972.673,-17315.004,8027.327,False,False,0.83438
213.6,TGO,THRUST,79906.765,25.8354574,0.4276683,-5074.95,38.80079,-183.1994,2279.27359,2279.09307,-0.18052,0,45.0553,45.0553,False,0.05057,-0.04658,-3.21058,1.31098,0.07148,-3.21058,1.31098,0.07148,51.17491,3.4686659,0.0677806,97178.219,72094.046,-17178.219,7905.954,False,False,0.82662
213.74,TGO,THRUST,79912.127,25.8395536,0.4266174,-5062.52,38.35604,-183.04426,2279.26273,2279.08402,-0.17871,0,45.00009,45.00009,False,0.05048,-0.04657,-3.19048,1.31714,0.0706,-3.19048,1.31714,0.0706,51.18283,3.4523861,0.06745204,97042.334,72214.495,-17042.334,7785.505,False,False,0.81871
213.9,TGO,THRUST,79918.18,25.8442609,0.4254185,-5048.338,37.85119,-182.8658,2279.25047,2279.07381,-0.17666,0,44.93702,44.93702,False,0.05037,-0.04655,-3.16756,1.32407,0.06961,-3.16756,1.32407,0.06961,51.19185,3.4338687,0.06707843,96888.137,72351.018,-16888.137,7648.982,False,False,0.81004
214.04,TGO,THRUST,79923.41,25.8484055,0.4243713,-5035.95,37.41229,-182.70853,2279.23987,2279.06499,-0.17488,0,44.88185,44.88185,False,0.05027,-0.04654,-3.14755,1.33005,0.06874,-3.14755,1.33005,0.06874,51.1997,3.4177257,0.06675285,96754.122,72469.52,-16754.122,7530.48,False,False,0.80311
214.18,TGO,THRUST,79928.58,25.8525683,0.4233258,-5023.582,36.97635,-182.55044,2279.22938,2279.05626,-0.17311,0,44.8267,44.8267,False,0.05017,-0.04652,-3.12761,1.33596,0.06788,-3.12761,1.33596,0.06788,51.20751,3.4016719,0.06642916,96621.055,72587.056,-16621.055,7412.944,False,False,0.79596
214.32,TGO,THRUST,79933.689,25.8567511,0.422282,-5011.233,36.54319,-182.39148,2279.219,2279.04764,-0.17135,0,44.77157,44.77157,False,0.05008,-0.04651,-3.10773,1.3418,0.06703,-3.10773,1.3418,0.06703,51.21529,3.3856901,0.06610702,96488.882,72703.671,-16488.882,7296.329,False,False,0.78869
214.48,TGO,THRUST,79939.454,25.8615559,0.4210912,-4997.145,36.05154,-182.20872,2279.20727,2279.03792,-0.16935,0,44.70859,44.70859,False,0.04996,-0.04649,-3.08507,1.34839,0.06606,-3.08507,1.34839,0.06606,51.22414,3.3675134,0.06574076,96338.92,72835.817,-16338.92,7164.183,False,False,0.78076
214.62,TGO,THRUST,79944.434,25.8657845,0.4200512,-4984.84,35.62417,-182.04773,2279.19713,2279.02951,-0.16761,0,44.65351,44.65351,False,0.04987,-0.04647,-3.06528,1.35406,0.06522,-3.06528,1.35406,0.06522,51.23184,3.351669,0.0654216,96208.605,72950.492,-16208.605,7049.508,False,False,0.7745
214.76,TGO,THRUST,79949.355,25.8700302,0.4190129,-4972.555,35.19971,-181.88598,2279.18709,2279.02121,-0.16588,0,44.59845,44.59845,False,0.04977,-0.04646,-3.04557,1.35967,0.06439,-3.04557,1.35967,0.06439,51.23951,3.3359134,0.06510432,96079.231,73064.205,-16079.231,6935.795,False,False,0.76805
214.9,TGO,THRUST,79954.217,25.8742945,0.4179764,-4960.29,34.778,-181.7234,2279.17716,2279.013,-0.16416,0,44.54342,44.54342,False,0.04967,-0.04644,-3.02591,1.36521,0.06356,-3.02591,1.36521,0.06356,51.24714,3.3202301,0.0647886,95950.746,73177.003,-15950.746,6822.997,False,False,0.76144
215.06,TGO,THRUST,79959.702,25.8791911,0.416794,-4946.298,34.2994,-181.53658,2279.16595,2279.00375,-0.1622,0,44.48055,44.48055,False,0.04955,-0.04642,-3.0035,1.37145,0.06263,-3.0035,1.37145,0.06263,51.25582,3.3023946,0.06442965,95804.995,73304.791,-15804.995,6695.209,False,False,0.75426
215.2,TGO,THRUST,79964.439,25.8834989,0.4157613,-4934.077,33.88342,-181.37208,2279.15625,2278.99575,-0.1605,0,44.42556,44.42556,False,0.04945,-0.0464,-2.98394,1.37682,0.06181,-2.98394,1.37682,0.06181,51.26338,3.286849,0.0641169,95678.364,73415.657,-15678.364,6584.343,False,False,0.74866
215.34,TGO,THRUST,79969.118,25.8878224,0.4147304,-4921.877,33.47032,-181.20688,2279.14666,2278.98786,-0.1588,0,44.37061,44.37061,False,0.04936,-0.04638,-2.96445,1.38214,0.061,-2.96445,1.38214,0.061,51.2709,3.2713922,0.06380602,95552.668,73525.567,-15552.668,6474.433,False,False,0.74283
215.48,TGO,THRUST,79973.74,25.8921636,0.4137013,-4909.697,33.05992,-181.0409,2279.13718,2278.98006,-0.15712,0,44.31567,44.31567,False,0.04926,-0.04636,-2.94502,1.38738,0.0602,-2.94502,1.38738,0.0602,51.27839,3.2560078,0.06349668,95427.86,73634.565,-15427.86,6365.435,False,False,0.73681
215.64,TGO,THRUST,79978.952,25.8971466,0.4125274,-4895.804,32.59422,-180.85024,2279.12647,2278.97126,-0.15521,0,44.25293,44.25293,False,0.04914,-0.04633,-2.92287,1.3933,0.05929,-2.92287,1.3933,0.05929,51.28691,3.2385141,0.06314504,95286.303,73758.016,-15286.303,6241.984,False,False,0.73033
215.78,TGO,THRUST,79983.452,25.9015288,0.4115022,-4883.67,32.18949,-180.68243,2279.11721,2278.96366,-0.15354,0,44.19805,44.19805,False,0.04904,-0.04631,-2.90354,1.39838,0.0585,-2.90354,1.39838,0.0585,51.29433,3.2232679,0.06283868,95163.338,73865.088,-15163.338,6134.912,False,False,0.72533
215.92,TGO,THRUST,79987.896,25.9059257,0.4104789,-4871.557,31.78761,-180.51397,2279.10804,2278.95616,-0.15188,0,44.14321,44.14321,False,0.04894,-0.04629,-2.88428,1.40341,0.05772,-2.88428,1.40341,0.05772,51.30171,3.2081103,0.06253418,95041.302,73971.209,-15041.302,6028.791,False,False,0.72013
216.06,TGO,THRUST,79992.285,25.910339,0.4094574,-4859.465,31.3884,-180.34477,2279.09898,2278.94876,-0.15023,0,44.08839,44.08839,False,0.04884,-0.04627,-2.86507,1.40838,0.05694,-2.86507,1.40838,0.05694,51.30906,3.1930253,0.06223122,94920.145,74076.421,-14920.145,5923.579,False,False,0.71471
216.22,TGO,THRUST,79997.232,25.9154032,0.4082922,-4845.672,30.93544,-180.15049,2279.08875,2278.94041,-0.14834,0,44.02577,44.02577,False,0.04872,-0.04624,-2.84319,1.41397,0.05607,-2.84319,1.41397,0.05607,51.31742,3.1758738,0.06188686,94782.756,74195.548,-14782.756,5804.452,False,False,0.70884
216.36,TGO,THRUST,80001.501,25.9198553,0.4072747,-4833.626,30.54183,-179.97957,2279.0799,2278.9332,-0.1467,0,43.97102,43.97102,False,0.04862,-0.04621,-2.82409,1.41878,0.05531,-2.82409,1.41878,0.05531,51.3247,3.1609275,0.06158687,94663.435,74298.839,-14663.435,5701.161,False,False,0.70439
216.5,TGO,THRUST,80005.717,25.924321,0.406259,-4821.602,30.15102,-179.80804,2279.07114,2278.92608,-0.14506,0,43.91629,43.91629,False,0.04852,-0.04619,-2.80506,1.42353,0.05456,-2.80506,1.42353,0.05456,51.33194,3.1460698,0.06128874,94545.036,74401.182,-14545.036,5598.818,False,False,0.69969
216.64,TGO,THRUST,80009.877,25.9288022,0.4052452,-4809.6,29.76286,-179.63581,2279.06248,2278.91906,-0.14342,0,43.8616,43.8616,False,0.04842,-0.04616,-2.78608,1.42822,0.05381,-2.78608,1.42822,0.05381,51.33915,3.1312846,0.06099214,94427.512,74502.62,-14427.512,5497.38,False,False,0.6948
216.8,TGO,THRUST,80014.567,25.9339426,0.4040889,-4795.91,29.32249,-179.43812,2279.0527,2278.91114,-0.14156,0,43.79913,43.79913,False,0.0483,-0.04613,-2.76446,1.4335,0.05297,-2.76446,1.4335,0.05297,51.34735,3.1144761,0.06065505,94294.269,74617.436,-14294.269,5382.564,False,False,0.68956
216.94,TGO,THRUST,80018.612,25.9384603,0.4030791,-4783.954,28.93986,-179.26427,2279.04424,2278.90431,-0.13993,0,43.7445,43.7445,False,0.0482,-0.04611,-2.74559,1.43804,0.05224,-2.74559,1.43804,0.05224,51.35449,3.0998302,0.06036142,94178.57,74716.954,-14178.57,5283.046,False,False,0.68566
217.08,TGO,THRUST,80022.605,25.9429907,0.4020713,-4772.021,28.56,-179.08984,2279.03587,2278.89757,-0.1383,0,43.68991,43.68991,False,0.04809,-0.04608,-2.72679,1.44253,0.05152,-2.72679,1.44253,0.05152,51.3616,3.0852728,0.06006964,94063.788,74815.531,-14063.788,5184.469,False,False,0.68149
217.22,TGO,THRUST,80026.545,25.9475354,0.4010654,-4760.11,28.18275,-178.91476,2279.02759,2278.89092,-0.13667,0,43.63535,43.63535,False,0.04799,-0.04605,-2.70804,1.44695,0.05081,-2.70804,1.44695,0.05081,51.36868,3.0707881,0.05977939,93949.879,74913.204,-13949.879,5086.796,False,False,0.67712
217.38,TGO,THRUST,80030.984,25.9527473,0.3999181,-4746.524,27.75481,-178.71386,2279.01825,2278.88343,-0.13482,0,43.57304,43.57304,False,0.04787,-0.04602,-2.68669,1.45193,0.05001,-2.68669,1.45193,0.05001,51.37673,3.0543231,0.05944955,93820.763,75023.722,-13820.763,4976.278,False,False,0.67242
217.52,TGO,THRUST,80034.812,25.9573265,0.3989163,-4734.661,27.38302,-178.53724,2279.01016,2278.87696,-0.1332,0,43.51855,43.51855,False,0.04777,-0.04599,-2.66805,1.45621,0.04931,-2.66805,1.45621,0.04931,51.38373,3.0399783,0.05916227,93708.676,75119.481,-13708.676,4880.519,False,False,0.66896
217.66,TGO,THRUST,80038.588,25.9619173,0.3979164,-4722.82,27.01397,-178.3601,2279.00217,2278.87058,-0.13158,0,43.4641,43.4641,False,0.04766,-0.04596,-2.64948,1.46043,0.04863,-2.64948,1.46043,0.04863,51.39071,3.0257217,0.05887683,93597.503,75214.303,-13597.503,4785.697,False,False,0.66526
217.8,TGO,THRUST,80042.314,25.9665216,0.3969184,-4711.001,26.64749,-178.18234,2278.99427,2278.86429,-0.12997,0,43.40968,43.40968,False,0.04756,-0.04593,-2.63097,1.4646,0.04795,-2.63097,1.4646,0.04795,51.39765,3.0115381,0.05859291,93487.201,75308.224,-13487.201,4691.776,False,False,0.66129
217.96,TGO,THRUST,80046.509,25.9718004,0.3957803,-4697.522,26.23182,-177.97843,2278.98534,2278.85721,-0.12813,0,43.34754,43.34754,False,0.04744,-0.04589,-2.60988,1.46929,0.04718,-2.60988,1.46929,0.04718,51.40555,2.9954173,0.05827031,93362.206,75414.457,-13362.206,4585.543,False,False,0.6571
218.1,TGO,THRUST,80050.126,25.9764371,0.3947865,-4685.752,25.87074,-177.79922,2278.97763,2278.8511,-0.12653,0,43.2932,43.2932,False,0.04733,-0.04586,-2.59148,1.47331,0.04652,-2.59148,1.47331,0.04652,51.41242,2.981374,0.05798937,93253.726,75506.468,-13253.726,4493.532,False,False,0.65407
218.24,TGO,THRUST,80053.692,25.9810845,0.3937947,-4674.005,25.51236,-177.61952,2278.97,2278.84508,-0.12492,0,43.2389,43.2389,False,0.04723,-0.04583,-2.57315,1.47729,0.04586,-2.57315,1.47729,0.04586,51.41927,2.9674189,0.05771025,93146.155,75597.545,-13146.155,4402.455,False,False,0.65072
218.38,TGO,THRUST,80057.209,25.9857444,0.3928049,-4662.281,25.15651,-177.43924,2278.96246,2278.83914,-0.12332,0,43.18463,43.18463,False,0.04712,-0.0458,-2.55487,1.4812,0.04522,-2.55487,1.4812,0.04522,51.42608,2.9535368,0.05743267,93039.452,75687.723,-13039.452,4312.277,False,False,0.64714
218.54,TGO,THRUST,80061.168,25.9910858,0.3916761,-4648.91,24.75295,-177.23251,2278.95394,2278.83245,-0.12149,0,43.12266,43.12266,False,0.047,-0.04576,-2.53406,1.48561,0.04449,-2.53406,1.48561,0.04449,51.43383,2.9377609,0.05711729,92918.57,75789.681,-12918.57,4210.319,False,False,0.64335
218.68,TGO,THRUST,80064.579,25.9957762,0.3906905,-4637.235,24.40244,-177.05086,2278.94659,2278.82669,-0.1199,0,43.06848,43.06848,False,0.0469,-0.04572,-2.51589,1.48938,0.04386,-2.51589,1.48938,0.04386,51.44058,2.9240197,0.05684267,92813.692,75877.952,-12813.692,4122.048,False,False,0.64068
218.82,TGO,THRUST,80067.942,26.0004764,0.3897069,-4625.583,24.05458,-176.86876,2278.93932,2278.82101,-0.11831,0,43.01434,43.01434,False,0.04679,-0.04569,-2.4978,1.49311,0.04323,-2.4978,1.49311,0.04323,51.44729,2.9103666,0.05656987,92709.722,75965.293,-12709.722,4034.707,False,False,0.63771
218.96,TGO,THRUST,80071.257,26.0051883,0.3887253,-4613.955,23.70924,-176.68613,2278.93213,2278.81541,-0.11672,0,42.96024,42.96024,False,0.04669,-0.04565,-2.47976,1.49679,0.04262,-2.47976,1.49679,0.04262,51.45398,2.8967866,0.05629859,92606.617,76051.736,-12606.617,3948.264,False,False,0.63448
219.12,TGO,THRUST,80074.986,26.010588,0.3876059,-4600.694,23.31762,-176.47675,2278.92401,2278.80911,-0.11491,0,42.89846,42.89846,False,0.04657,-0.04561,-2.45921,1.50091,0.04192,-2.45921,1.50091,0.04192,51.46158,2.8813561,0.05599043,92489.847,76149.426,-12489.847,3850.574,False,False,0.63106
219.26,TGO,THRUST,80078.198,26.0153285,0.3866285,-4589.115,22.97754,-176.29282,2278.91701,2278.80368,-0.11333,0,42.84444,42.84444,False,0.04646,-0.04558,-2.44128,1.50445,0.04132,-2.44128,1.50445,0.04132,51.46821,2.8679175,0.05572212,92388.567,76233.964,-12388.567,3766.036,False,False,0.62874
219.4,TGO,THRUST,80081.364,26.0200779,0.3856532,-4577.56,22.64008,-176.10849,2278.91008,2278.79833,-0.11174,0,42.79047,42.79047,False,0.04635,-0.04554,-2.42343,1.50794,0.04073,-2.42343,1.50794,0.04073,51.4748,2.8545669,0.05545562,92288.191,76317.572,-12288.191,3682.428,False,False,0.62607
219.54,TGO,THRUST,80084.482,26.0248382,0.3846799,-4566.029,22.30508,-175.92365,2278.90323,2278.79306,-0.11017,0,42.73654,42.73654,False,0.04625,-0.0455,-2.40563,1.51138,0.04014,-2.40563,1.51138,0.04014,51.48136,2.8412895,0.05519065,92188.682,76400.285,-12188.682,3599.715,False,False,0.62312
219.7,TGO,THRUST,80087.989,26.0302922,0.3835701,-4552.879,21.92526,-175.71179,2278.89551,2278.78714,-0.10837,0,42.67495,42.67495,False,0.04612,-0.04546,-2.38536,1.51524,0.03948,-2.38536,1.51524,0.03948,51.48882,2.8262049,0.05488968,92076.022,76493.713,-12076.022,3506.287,False,False,0.62005
219.84,TGO,THRUST,80091.008,26.0350792,0.3826011,-4541.398,21.59547,-175.52573,2278.88883,2278.78203,-0.1068,0,42.62111,42.62111,False,0.04602,-0.04542,-2.36767,1.51855,0.03891,-2.36767,1.51855,0.03891,51.49532,2.8130694,0.05462767,91978.341,76574.52,-11978.341,3425.48,False,False,0.618
219.98,TGO,THRUST,80093.981,26.0398745,0.3816342,-4529.941,21.26825,-175.3393,2278.88225,2278.77701,-0.10524,0,42.56732,42.56732,False,0.04591,-0.04538,-2.35005,1.52181,0.03835,-2.35005,1.52181,0.03835,51.50178,2.8000216,0.05436747,91881.569,76654.402,-11881.569,3345.598,False,False,0.61562
220.12,TGO,THRUST,80096.909,26.0446797,0.3806694,-4518.508,20.94347,-175.1524,2278.87574,2278.77206,-0.10368,0,42.51356,42.51356,False,0.0458,-0.04534,-2.3325,1.52501,0.03779,-2.3325,1.52501,0.03779,51.50822,2.7870472,0.05410878,91785.665,76733.389,-11785.665,3266.611,False,False,0.61296
220.28,TGO,THRUST,80100.2,26.050184,0.3795691,-4505.47,20.57528,-174.93823,2278.8684,2278.7665,-0.1019,0,42.45219,42.45219,False,0.04568,-0.04529,-2.3125,1.52861,0.03716,-2.3125,1.52861,0.03716,51.51555,2.772309,0.05381499,91677.123,76822.558,-11677.123,3177.442,False,False,0.61022
220.42,TGO,THRUST,80103.032,26.0550143,0.3786087,-4494.088,20.25563,-174.75019,2278.86206,2278.76171,-0.10035,0,42.39853,42.39853,False,0.04557,-0.04525,-2.29506,1.53169,0.03662,-2.29506,1.53169,0.03662,51.52193,2.7594769,0.05355927,91583.046,76899.637,-11583.046,3100.363,False,False,0.60844
220.56,TGO,THRUST,80105.819,26.0598519,0.3776503,-4482.73,19.93851,-174.56181,2278.8558,2278.757,-0.0988,0,42.34492,42.34492,False,0.04547,-0.04521,-2.27768,1.53473,0.03609,-2.27768,1.53473,0.03609,51.52827,2.7467324,0.05330534,91489.874,76975.792,-11489.874,3024.208,False,False,0.60632
220.7,TGO,THRUST,80108.563,26.0646988,0.3766939,-4471.397,19.6238,-174.373,2278.84961,2278.75236,-0.09725,0,42.29135,42.29135,False,0.04536,-0.04517,-2.26037,1.53771,0.03556,-2.26037,1.53771,0.03556,51.53459,2.7340613,0.05305293,91397.571,77051.051,-11397.571,2948.949,False,False,0.60387
220.86,TGO,THRUST,80111.645,26.0702497,0.3756035,-4458.473,19.26708,-174.15667,2278.84264,2278.74715,-0.09549,0,42.23019,42.23019,False,0.04524,-0.04512,-2.24065,1.54106,0.03496,-2.24065,1.54106,0.03496,51.54178,2.7196697,0.05276631,91293.152,77135.962,-11293.152,2864.038,False,False,0.60135
221,TGO,THRUST,80114.295,26.0751199,0.3746515,-4447.191,18.95744,-173.96679,2278.83663,2278.74267,-0.09396,0,42.17673,42.17673,False,0.04513,-0.04508,-2.22345,1.54392,0.03445,-2.22345,1.54392,0.03445,51.54804,2.7071413,0.05251686,91202.689,77209.313,-11202.689,2790.687,False,False,0.59977
221.14,TGO,THRUST,80116.903,26.0799967,0.3737017,-4435.934,18.65029,-173.77659,2278.83068,2278.73826,-0.09243,0,42.12331,42.12331,False,0.04502,-0.04504,-2.20632,1.54674,0.03394,-2.20632,1.54674,0.03394,51.55427,2.6947003,0.0522692,91113.13,77281.741,-11113.13,2718.259,False,False,0.59779
221.28,TGO,THRUST,80119.467,26.084882,0.3727539,-4424.701,18.34551,-173.58599,2278.82482,2278.73392,-0.0909,0,42.06994,42.06994,False,0.04491,-0.04499,-2.18925,1.54951,0.03344,-2.18925,1.54951,0.03344,51.56047,2.6823326,0.05202304,91024.446,77353.273,-11024.446,2646.727,False,False,0.59551
221.44,TGO,THRUST,80122.342,26.090476,0.3716733,-4411.892,18.00009,-173.36767,2278.81822,2278.72905,-0.08917,0,42.00901,42.00901,False,0.04479,-0.04494,-2.16981,1.55261,0.03287,-2.16981,1.55261,0.03287,51.56753,2.668288,0.05174357,90924.164,77433.922,-10924.164,2566.078,False,False,0.59313
221.58,TGO,THRUST,80124.814,26.0953831,0.37073,-4400.711,17.70031,-173.17607,2278.81254,2278.72488,-0.08767,0,41.95574,41.95574,False,0.04468,-0.0449,-2.15283,1.55525,0.03238,-2.15283,1.55525,0.03238,51.57368,2.6560421,0.05149996,90837.327,77503.537,-10837.327,2496.463,False,False,0.59205
221.72,TGO,THRUST,80127.247,26.100296,0.3697889,-4389.555,17.40298,-172.98419,2278.80692,2278.72076,-0.08616,0,41.90253,41.90253,False,0.04457,-0.04485,-2.13595,1.55786,0.03189,-2.13595,1.55786,0.03189,51.57979,2.6439048,0.05125854,90751.397,77572.235,-10751.397,2427.765,False,False,0.59018
221.86,TGO,THRUST,80129.639,26.1052167,0.3688498,-4378.423,17.10799,-172.79195,2278.80138,2278.71672,-0.08466,0,41.84936,41.84936,False,0.04447,-0.04481,-2.11913,1.56042,0.03142,-2.11913,1.56042,0.03142,51.58588,2.6318411,0.05101863,90666.344,77640.036,-10666.344,2359.964,False,False,0.58798
222.02,TGO,THRUST,80132.322,26.1108501,0.3677791,-4365.731,16.77372,-172.57178,2278.79513,2278.71218,-0.08296,0,41.78866,41.78866,False,0.04434,-0.04475,-2.09997,1.56328,0.03088,-2.09997,1.56328,0.03088,51.59281,2.6181437,0.05074629,90570.216,77716.42,-10570.216,2283.58,False,False,0.58576
222.16,TGO,THRUST,80134.627,26.115791,0.3668445,-4354.652,16.48366,-172.3786,2278.78975,2278.70828,-0.08147,0,41.73561,41.73561,False,0.04423,-0.04471,-2.08327,1.56572,0.03041,-2.08327,1.56572,0.03041,51.59884,2.6062232,0.05050934,90487.016,77782.304,-10487.016,2217.696,False,False,0.58447
222.3,TGO,THRUST,80136.891,26.120737,0.3659121,-4343.598,16.19601,-172.18516,2278.78443,2278.70445,-0.07999,0,41.6826,41.6826,False,0.04413,-0.04466,-2.06663,1.56812,0.02995,-2.06663,1.56812,0.02995,51.60484,2.5943896,0.05027415,90404.723,77847.265,-10404.723,2152.735,False,False,0.58273
222.44,TGO,THRUST,80139.116,26.1256901,0.3649818,-4332.569,15.91066,-171.99139,2278.77919,2278.70068,-0.07851,0,41.62965,41.62965,False,0.04402,-0.04461,-2.05006,1.57047,0.0295,-2.05006,1.57047,0.0295,51.61082,2.5826293,0.05004046,90323.31,77911.328,-10323.31,2088.672,False,False,0.58066
222.6,TGO,THRUST,80141.61,26.1313598,0.3639211,-4319.994,15.58737,-171.76951,2278.7733,2278.69646,-0.07684,0,41.56919,41.56919,False,0.0439,-0.04456,-2.03119,1.5731,0.02899,-2.03119,1.5731,0.02899,51.61762,2.5692786,0.04977522,90231.347,77983.438,-10231.347,2016.562,False,False,0.57859
222.74,TGO,THRUST,80143.75,26.1363316,0.3629953,-4309.018,15.30688,-171.57487,2278.76822,2278.69284,-0.07538,0,41.51635,41.51635,False,0.04379,-0.04451,-2.01473,1.57533,0.02854,-2.01473,1.57533,0.02854,51.62354,2.5576618,0.04954449,90151.797,78045.58,-10151.797,1954.42,False,False,0.5774
222.88,TGO,THRUST,80145.851,26.1413078,0.3620717,-4298.067,15.02877,-171.38001,2278.7632,2278.68928,-0.07392,0,41.46356,41.46356,False,0.04368,-0.04446,-1.99835,1.57753,0.02811,-1.99835,1.57753,0.02811,51.62944,2.5461314,0.0493155,90073.158,78106.8,-10073.158,1893.2,False,False,0.57578
223.02,TGO,THRUST,80147.914,26.1462905,0.3611502,-4287.141,14.75292,-171.18483,2278.75827,2278.68579,-0.07248,0,41.41083,41.41083,False,0.04357,-0.04441,-1.98202,1.57968,0.02768,-1.98202,1.57968,0.02768,51.63531,2.5346744,0.04908801,89995.401,78167.119,-9995.401,1832.881,False,False,0.57381
223.18,TGO,THRUST,80150.225,26.1519931,0.3600996,-4274.685,14.44045,-170.96139,2278.75271,2278.68188,-0.07083,0,41.35062,41.35062,False,0.04345,-0.04435,-1.96344,1.58209,0.02719,-1.96344,1.58209,0.02719,51.64199,2.5216701,0.04882984,89907.621,78234.948,-9907.621,1765.052,False,False,0.57182
223.32,TGO,THRUST,80152.206,26.156993,0.3591827,-4263.813,14.16939,-170.76541,2278.74793,2278.67852,-0.0694,0,41.298,41.298,False,0.04334,-0.0443,-1.94723,1.58413,0.02677,-1.94723,1.58413,0.02677,51.6478,2.5103566,0.04860529,89831.738,78293.341,-9831.738,1706.659,False,False,0.57069
223.46,TGO,THRUST,80154.149,26.1619966,0.3582679,-4252.966,13.90066,-170.56923,2278.74321,2278.67523,-0.06798,0,41.24544,41.24544,False,0.04323,-0.04425,-1.9311,1.58613,0.02635,-1.9311,1.58613,0.02635,51.65359,2.4991291,0.04838249,89756.767,78350.811,-9756.767,1649.189,False,False,0.56911
223.6,TGO,THRUST,80156.056,26.1670061,0.3573552,-4242.144,13.63417,-170.37278,2278.73856,2278.672,-0.06656,0,41.19293,41.19293,False,0.04312,-0.0442,-1.91503,1.58809,0.02594,-1.91503,1.58809,0.02594,51.65935,2.4879747,0.04816117,89682.683,78407.379,-9682.683,1592.621,False,False,0.56718
223.76,TGO,THRUST,80158.189,26.1727386,0.3563148,-4229.806,13.33234,-170.1479,2278.73334,2278.66839,-0.06496,0,41.13299,41.13299,False,0.043,-0.04414,-1.89673,1.59027,0.02548,-1.89673,1.59027,0.02548,51.66591,2.4753162,0.04791005,89599.104,78470.919,-9599.104,1529.081,False,False,0.56521
223.9,TGO,THRUST,80160.017,26.1777638,0.3554068,-4219.039,13.07057,-169.9507,2278.72885,2278.66529,-0.06356,0,41.0806,41.0806,False,0.04289,-0.04409,-1.88078,1.59212,0.02508,-1.88078,1.59212,0.02508,51.67162,2.4643054,0.04769166,89526.903,78525.555,-9526.903,1474.445,False,False,0.56411
224.04,TGO,THRUST,80161.808,26.1827923,0.3545009,-4208.296,12.81109,-169.75333,2278.72442,2278.66225,-0.06217,0,41.02826,41.02826,False,0.04278,-0.04404,-1.8649,1.59393,0.02468,-1.8649,1.59393,0.02468,51.6773,2.4533801,0.047475,89455.617,78579.269,-9455.617,1420.731,False,False,0.56256
224.18,TGO,THRUST,80163.564,26.1878259,0.3535972,-4197.579,12.55381,-169.5557,2278.72007,2278.65928,-0.06079,0,40.97599,40.97599,False,0.04268,-0.04399,-1.84908,1.5957,0.02429,-1.84908,1.5957,0.02429,51.68297,2.4425278,0.04725982,89385.223,78632.079,-9385.223,1367.921,False,False,0.56063
224.34,TGO,THRUST,80165.527,26.1935851,0.352567,-4185.362,12.26246,-169.32952,2278.71517,2278.65595,-0.05922,0,40.91631,40.91631,False,0.04255,-0.04392,-1.83107,1.59767,0.02385,-1.83107,1.59767,0.02385,51.68941,2.4302142,0.04701571,89305.864,78691.323,-9305.864,1308.677,False,False,0.55867
224.48,TGO,THRUST,80167.206,26.1986331,0.3516679,-4174.699,12.00983,-169.13121,2278.71096,2278.65311,-0.05785,0,40.86416,40.86416,False,0.04244,-0.04387,-1.81538,1.59933,0.02346,-1.81538,1.59933,0.02346,51.69501,2.4195052,0.04680345,89237.359,78742.197,-9237.359,1257.803,False,False,0.55757
224.62,TGO,THRUST,80168.85,26.2036837,0.350771,-4164.062,11.75945,-168.93275,2278.70682,2278.65032,-0.0565,0,40.81207,40.81207,False,0.04234,-0.04382,-1.79976,1.60096,0.02309,-1.79976,1.60096,0.02309,51.7006,2.4088813,0.04659291,89169.772,78792.149,-9169.772,1207.851,False,False,0.55599
224.76,TGO,THRUST,80170.46,26.2087388,0.3498762,-4153.45,11.51123,-168.73407,2278.70274,2278.64759,-0.05516,0,40.76003,40.76003,False,0.04223,-0.04376,-1.78419,1.60254,0.02271,-1.78419,1.60254,0.02271,51.70616,2.39833,0.04638384,89103.08,78841.197,-9103.08,1158.803,False,False,0.55403
224.92,TGO,THRUST,80172.258,26.2145219,0.3488563,-4141.353,11.2302,-168.50671,2278.69817,2278.64454,-0.05363,0,40.70063,40.70063,False,0.04211,-0.0437,-1.76648,1.6043,0.02229,-1.76648,1.6043,0.02229,51.71249,2.3863603,0.0461467,89027.955,78896.139,-9027.955,1103.861,False,False,0.55206
225.06,TGO,THRUST,80173.794,26.2195901,0.3479662,-4130.796,10.98656,-168.3074,2278.69423,2278.64193,-0.0523,0,40.64872,40.64872,False,0.042,-0.04364,-1.75104,1.60578,0.02193,-1.75104,1.60578,0.02193,51.718,2.3759521,0.04594053,88963.159,78943.247,-8963.159,1056.753,False,False,0.55093
225.2,TGO,THRUST,80175.297,26.2246603,0.3470783,-4120.265,10.74514,-168.10797,2278.69037,2278.63938,-0.05098,0,40.59687,40.59687,False,0.04189,-0.04359,-1.73567,1.60723,0.02157,-1.73567,1.60723,0.02157,51.72348,2.3656283,0.04573606,88899.279,78989.435,-8899.279,1010.565,False,False,0.54931
225.34,TGO,THRUST,80176.766,26.2297345,0.3461926,-4109.759,10.50584,-167.90834,2278.68656,2278.63689,-0.04967,0,40.54508,40.54508,False,0.04178,-0.04353,-1.72036,1.60863,0.02121,-1.72036,1.60863,0.02121,51.72894,2.355377,0.04553306,88836.295,79034.718,-8836.295,965.282,False,False,0.54729
225.5,TGO,THRUST,80178.405,26.2355386,0.345183,-4097.784,10.23495,-167.67993,2278.6823,2278.63411,-0.04819,0,40.48597,40.48597,False,0.04166,-0.04347,-1.70295,1.61019,0.02081,-1.70295,1.61019,0.02081,51.73516,2.3437495,0.04530284,88765.411,79085.359,-8765.411,914.641,False,False,0.54522
225.64,TGO,THRUST,80179.804,26.2406245,0.3443019,-4087.333,10.00016,-167.47972,2278.67863,2278.63174,-0.0469,0,40.43431,40.43431,False,0.04155,-0.04341,-1.68777,1.61149,0.02046,-1.68777,1.61149,0.02046,51.74057,2.3336407,0.04510272,88704.328,79128.703,-8704.328,871.297,False,False,0.54401
225.78,TGO,THRUST,80181.17,26.2457119,0.3434231,-4076.908,9.76754,-167.27942,2278.67503,2278.62942,-0.04562,0,40.38271,40.38271,False,0.04145,-0.04335,-1.67266,1.61276,0.02012,-1.67266,1.61276,0.02012,51.74597,2.3236158,0.04490429,88644.16,79171.13,-8644.16,828.87,False,False,0.5423
225.92,TGO,THRUST,80182.504,26.2508027,0.3425464,-4066.509,9.53702,-167.07894,2278.6715,2278.62715,-0.04434,0,40.33117,40.33117,False,0.04134,-0.0433,-1.65761,1.614,0.01978,-1.65761,1.614,0.01978,51.75133,2.3136628,0.04470731,88584.888,79212.653,-8584.888,787.347,False,False,0.54018
226.08,TGO,THRUST,80183.989,26.2566252,0.3415472,-4054.656,9.27611,-166.84959,2278.66753,2278.62463,-0.0429,0,40.27235,40.27235,False,0.04122,-0.04323,-1.64049,1.61535,0.01939,-1.64049,1.61535,0.01939,51.75744,2.3023759,0.04448396,88518.246,79258.999,-8518.246,741.001,False,False,0.53799
226.22,TGO,THRUST,80185.255,26.2617264,0.3406752,-4044.312,9.05002,-166.64859,2278.66413,2278.62248,-0.04165,0,40.22095,40.22095,False,0.04111,-0.04317,-1.62557,1.61649,0.01906,-1.62557,1.61649,0.01906,51.76276,2.2925649,0.04428985,88460.875,79298.589,-8460.875,701.411,False,False,0.53666
226.36,TGO,THRUST,80186.49,26.2668287,0.3398054,-4033.994,8.82607,-166.44752,2278.66079,2278.62038,-0.04041,0,40.16961,40.16961,False,0.041,-0.04311,-1.61072,1.61759,0.01873,-1.61072,1.61759,0.01873,51.76806,2.282837,0.0440974,88404.416,79337.265,-8404.416,662.735,False,False,0.53483
226.5,TGO,THRUST,80187.693,26.2719337,0.3389378,-4023.701,8.60416,-166.2463,2278.65751,2278.61833,-0.03917,0,40.11833,40.11833,False,0.0409,-0.04305,-1.59593,1.61865,0.01841,-1.59593,1.61865,0.01841,51.77334,2.2731806,0.04390639,88348.848,79375.041,-8348.848,624.959,False,False,0.53262
226.66,TGO,THRUST,80189.031,26.2777718,0.337949,-4011.97,8.35307,-166.01613,2278.65383,2278.61606,-0.03777,0,40.05981,40.05981,False,0.04077,-0.04299,-1.5791,1.61981,0.01804,-1.5791,1.61981,0.01804,51.77934,2.262232,0.04368986,88286.436,79417.111,-8286.436,582.889,False,False,0.53032
226.8,TGO,THRUST,80190.17,26.2828861,0.3370861,-4001.734,8.13553,-165.81443,2278.65068,2278.61412,-0.03656,0,40.00867,40.00867,False,0.04067,-0.04293,-1.56445,1.62078,0.01773,-1.56445,1.62078,0.01773,51.78457,2.2527168,0.0435017,88232.765,79452.964,-8232.765,547.036,False,False,0.52888
226.94,TGO,THRUST,80191.278,26.2880009,0.3362254,-3991.523,7.92009,-165.61269,2278.64759,2278.61224,-0.03535,0,39.95759,39.95759,False,0.04056,-0.04287,-1.54986,1.62171,0.01741,-1.54986,1.62171,0.01741,51.78978,2.2432839,0.04331519,88180,79487.91,-8180,512.09,False,False,0.52691
227.08,TGO,THRUST,80192.356,26.293118,0.335367,-3981.338,7.70666,-165.41082,2278.64456,2278.6104,-0.03416,0,39.90658,39.90658,False,0.04045,-0.04281,-1.53533,1.62261,0.01711,-1.53533,1.62261,0.01711,51.79497,2.2339219,0.0431301,88128.123,79521.964,-8128.123,478.036,False,False,0.52455
227.24,TGO,THRUST,80193.552,26.2989691,0.3343886,-3969.73,7.46522,-165.17994,2278.64117,2278.60837,-0.0328,0,39.84836,39.84836,False,0.04033,-0.04274,-1.51881,1.62359,0.01676,-1.51881,1.62359,0.01676,51.80087,2.2233092,0.04292031,88069.923,79559.79,-8069.923,440.21,False,False,0.52205
227.38,TGO,THRUST,80194.567,26.3040942,0.3335348,-3959.6,7.25608,-164.97766,2278.63827,2278.60664,-0.03163,0,39.79749,39.79749,False,0.04023,-0.04268,-1.50441,1.62439,0.01645,-1.50441,1.62439,0.01645,51.80601,2.2140875,0.04273804,88019.93,79591.937,-8019.93,408.063,False,False,0.52045
227.52,TGO,THRUST,80195.554,26.3092193,0.3326833,-3949.497,7.049,-164.77534,2278.63543,2278.60496,-0.03047,0,39.74668,39.74668,False,0.04012,-0.04262,-1.49009,1.62517,0.01616,-1.49009,1.62517,0.01616,51.81113,2.2049472,0.0425574,87970.835,79623.19,-7970.835,376.81,False,False,0.51832
227.66,TGO,THRUST,80196.512,26.3143461,0.331834,-3939.42,6.8439,-164.57292,2278.63264,2278.60333,-0.02931,0,39.69594,39.69594,False,0.04001,-0.04255,-1.47583,1.6259,0.01586,-1.47583,1.6259,0.01586,51.81623,2.1958772,0.04237817,87922.619,79653.56,-7922.619,346.44,False,False,0.51578
227.82,TGO,THRUST,80197.571,26.3202078,0.330866,-3927.935,6.61194,-164.34144,2278.62953,2278.60152,-0.02801,0,39.63804,39.63804,False,0.03989,-0.04248,-1.45961,1.6267,0.01553,-1.45961,1.6267,0.01553,51.82204,2.1855974,0.04217506,87868.588,79687.19,-7868.588,312.81,False,False,0.51313
227.96,TGO,THRUST,80198.469,26.3253416,0.3300214,-3917.914,6.41106,-164.13865,2278.62687,2278.59999,-0.02687,0,39.58744,39.58744,False,0.03979,-0.04242,-1.44548,1.62734,0.01524,-1.44548,1.62734,0.01524,51.8271,2.1766666,0.04199862,87822.231,79715.679,-7822.231,284.321,False,False,0.51135
228.1,TGO,THRUST,80199.338,26.3304748,0.3291791,-3907.918,6.21219,-163.93586,2278.62426,2278.59851,-0.02575,0,39.53691,39.53691,False,0.03968,-0.04236,-1.43142,1.62796,0.01495,-1.43142,1.62796,0.01495,51.83213,2.1678161,0.04182379,87776.756,79743.288,-7776.756,256.712,False,False,0.50906
228.24,TGO,THRUST,80200.18,26.3356093,0.3283389,-3897.949,6.01527,-163.73297,2278.6217,2278.59707,-0.02463,0,39.48645,39.48645,False,0.03958,-0.0423,-1.41742,1.62854,0.01467,-1.41742,1.62854,0.01467,51.83715,2.1590353,0.04165035,87732.147,79770.03,-7732.147,229.97,False,False,0.50632
228.4,TGO,THRUST,80201.109,26.3414791,0.3273814,-3886.588,5.79261,-163.501,2278.61886,2278.59549,-0.02337,0,39.42886,39.42886,False,0.03946,-0.04222,-1.4015,1.62916,0.01436,-1.4015,1.62916,0.01436,51.84286,2.149085,0.04145383,87682.221,79799.533,-7682.221,200.467,False,False,0.50341
228.54,TGO,THRUST,80201.893,26.3466194,0.326546,-3876.674,5.59984,-163.2978,2278.61642,2278.59415,-0.02227,0,39.37854,39.37854,False,0.03935,-0.04216,-1.38764,1.62965,0.01408,-1.38764,1.62965,0.01408,51.84783,2.140442,0.04128315,87639.439,79824.43,-7639.439,175.57,False,False,0.50143
228.68,TGO,THRUST,80202.65,26.3517586,0.3257128,-3866.787,5.40904,-163.09461,2278.61404,2278.59286,-0.02118,0,39.3283,39.3283,False,0.03925,-0.0421,-1.37384,1.63011,0.01381,-1.37384,1.63011,0.01381,51.85278,2.1318784,0.04111406,87597.521,79848.466,-7597.521,151.534,False,False,0.49891
228.82,TGO,THRUST,80203.381,26.3568987,0.3248818,-3856.926,5.22015,-162.89136,2278.61171,2278.59161,-0.0201,0,39.27812,39.27812,False,0.03914,-0.04203,-1.36011,1.63054,0.01355,-1.36011,1.63054,0.01355,51.85772,2.1233835,0.04094633,87556.447,79871.655,-7556.447,128.345,False,False,0.49595
228.98,TGO,THRUST,80204.185,26.3627743,0.3239349,-3845.688,5.00662,-162.65899,2278.60911,2278.59023,-0.01888,0,39.22085,39.22085,False,0.03902,-0.04196,-1.3445,1.63099,0.01325,-1.3445,1.63099,0.01325,51.86334,2.1137591,0.04075632,87510.536,79897.124,-7510.536,102.876,False,False,0.49278
229.12,TGO,THRUST,80204.86,26.367919,0.3231086,-3835.884,4.82181,-162.45547,2278.60689,2278.58908,-0.01781,0,39.17082,39.17082,False,0.03892,-0.04189,-1.3309,1.63133,0.01299,-1.3309,1.63133,0.01299,51.86823,2.1054005,0.04059133,87471.246,79918.515,-7471.246,81.485,False,False,0.49059
229.26,TGO,THRUST,80205.51,26.3730623,0.3222846,-3826.105,4.63893,-162.25199,2278.60472,2278.58796,-0.01676,0,39.12086,39.12086,False,0.03881,-0.04183,-1.31738,1.63165,0.01273,-1.31738,1.63165,0.01273,51.87311,2.0971201,0.04042789,87432.795,79939.071,-7432.795,60.929,False,False,0.48785
229.4,TGO,THRUST,80206.134,26.3782059,0.3214628,-3816.352,4.45792,-162.04845,2278.60261,2278.58689,-0.01571,0,39.07097,39.07097,False,0.03871,-0.04176,-1.30391,1.63193,0.01248,-1.30391,1.63193,0.01248,51.87797,2.0889077,0.0402658,87395.167,79958.805,-7395.167,41.195,False,False,0.48467
229.56,TGO,THRUST,80206.817,26.384085,0.3205263,-3805.238,4.25336,-161.81578,2278.60026,2278.58572,-0.01453,0,39.01404,39.01404,False,0.03859,-0.04169,-1.28861,1.63221,0.01219,-1.28861,1.63221,0.01219,51.88349,2.0796048,0.04008221,87353.163,79980.36,-7353.163,19.64,False,False,0.48123
229.7,TGO,THRUST,80207.388,26.3892322,0.3197093,-3795.542,4.07635,-161.61203,2278.59825,2278.58474,-0.01351,0,38.9643,38.9643,False,0.03849,-0.04162,-1.27528,1.6324,0.01195,-1.27528,1.6324,0.01195,51.88831,2.0715269,0.03992281,87317.264,79998.355,-7317.264,1.645,False,False,0.4788
229.84,TGO,THRUST,80207.935,26.3943776,0.3188945,-3785.872,3.90124,-161.40833,2278.59629,2278.5838,-0.01249,0,38.91463,38.91463,False,0.03838,-0.04156,-1.26202,1.63257,0.01171,-1.26202,1.63257,0.01171,51.89311,2.0635259,0.03976493,87282.174,80015.547,-7282.174,-15.547,False,False,0.4758
229.98,TGO,THRUST,80208.458,26.3995228,0.3180819,-3776.227,3.72796,-161.2046,2278.59439,2278.5829,-0.01148,0,38.86504,38.86504,False,0.03828,-0.04149,-1.24883,1.63271,0.01147,-1.24883,1.63271,0.01147,51.89789,2.0555919,0.03960839,87247.877,80031.948,-7247.877,-31.948,False,False,0.47238
230.14,TGO,THRUST,80209.026,26.4054031,0.3171559,-3765.238,3.53219,-160.97173,2278.59227,2278.58193,-0.01034,0,38.80844,38.80844,False,0.03816,-0.04142,-1.23383,1.63283,0.0112,-1.23383,1.63283,0.0112,51.90333,2.046606,0.03943111,87209.642,80049.734,-7209.642,-49.734,False,False,0.46865
230.28,TGO,THRUST,80209.497,26.4105509,0.3163481,-3755.65,3.36284,-160.76783,2278.59047,2278.58111,-0.00935,0,38.759,38.759,False,0.03806,-0.04135,-1.22077,1.63289,0.01097,-1.22077,1.63289,0.01097,51.90807,2.0388047,0.03927722,87177.006,80064.469,-7177.006,-64.469,False,False,0.46595
230.42,TGO,THRUST,80209.945,26.4156963,0.3155425,-3746.088,3.19534,-160.564,2278.58871,2278.58034,-0.00837,0,38.70963,38.70963,False,0.03796,-0.04128,-1.20779,1.63292,0.01074,-1.20779,1.63292,0.01074,51.9128,2.0310789,0.03912482,87145.145,80078.437,-7145.145,-78.437,False,False,0.46268
230.56,TGO,THRUST,80210.37,26.4208413,0.3147391,-3736.553,3.02965,-160.36016,2278.58701,2278.57961,-0.0074,0,38.66033,38.66033,False,0.03785,-0.04122,-1.19486,1.63292,0.01051,-1.19486,1.63292,0.01051,51.91751,2.023419,0.03897373,87114.041,80091.652,-7114.041,-91.652,False,False,0.45898
230.72,TGO,THRUST,80210.828,26.4267207,0.3138236,-3725.687,2.84249,-160.12718,2278.58512,2278.57882,-0.0063,0,38.60408,38.60408,False,0.03774,-0.04114,-1.18017,1.63288,0.01025,-1.18017,1.63288,0.01025,51.92286,2.014745,0.03880265,87079.411,80105.843,-7079.411,-105.843,False,False,0.45494
230.86,TGO,THRUST,80211.204,26.4318671,0.313025,-3716.208,2.68065,-159.92321,2278.58352,2278.57816,-0.00535,0,38.55494,38.55494,False,0.03764,-0.04107,-1.16739,1.63279,0.01003,-1.16739,1.63279,0.01003,51.92754,2.0072156,0.03865417,87049.889,80117.476,-7049.889,-117.476,False,False,0.45196
231,TGO,THRUST,80211.558,26.4370109,0.3122285,-3706.755,2.52062,-159.71932,2278.58196,2278.57755,-0.00441,0,38.50587,38.50587,False,0.03753,-0.041,-1.15467,1.63269,0.00982,-1.15467,1.63269,0.00982,51.93219,1.9997604,0.03850714,87021.101,80128.384,-7021.101,-128.384,False,False,0.44842
231.14,TGO,THRUST,80211.89,26.4421537,0.3114343,-3697.328,2.36235,-159.51545,2278.58045,2278.57697,-0.00347,0,38.45687,38.45687,False,0.03743,-0.04093,-1.14202,1.63255,0.0096,-1.14202,1.63255,0.0096,51.93682,1.9923698,0.03836141,86993.028,80138.582,-6993.028,-138.582,False,False,0.44442
231.3,TGO,THRUST,80212.242,26.4480301,0.3105294,-3686.586,2.18364,-159.28246,2278.57878,2278.57636,-0.00242,0,38.40097,38.40097,False,0.03731,-0.04086,-1.12764,1.63236,0.00936,-1.12764,1.63236,0.00936,51.9421,1.9840022,0.03819642,86961.808,80149.38,-6961.808,-149.38,False,False,0.44008
231.44,TGO,THRUST,80212.527,26.4531734,0.3097399,-3677.216,2.02915,-159.0785,2278.57736,2278.57586,-0.0015,0,38.35213,38.35213,False,0.03721,-0.04079,-1.11513,1.63215,0.00915,-1.11513,1.63215,0.00915,51.94671,1.9767399,0.03805323,86935.223,80158.091,-6935.223,-158.091,False,False,0.43682
231.58,TGO,THRUST,80212.791,26.4583136,0.3089527,-3667.871,1.87644,-158.87464,2278.57599,2278.5754,-0.0006,0,38.30337,38.30337,False,0.03711,-0.04072,-1.10269,1.63191,0.00895,-1.10269,1.63191,0.00895,51.95129,1.9695501,0.03791148,86909.325,80166.126,-6909.325,-166.126,False,False,0.433
231.72,TGO,THRUST,80213.034,26.4634524,0.3081677,-3658.553,1.72545,-158.67082,2278.57467,2278.57497,0.0003,-0.00075,38.25469,38.25469,False,0.03701,-0.04065,-1.09031,1.63164,0.00875,-1.09031,1.63164,0.00875,51.95586,1.9624238,0.03777098,86884.096,80173.498,-6884.096,-173.498,False,False,0.42873
231.88,TGO,THRUST,80213.286,26.4693238,0.3072732,-3647.935,1.55501,-158.4379,2278.5732,2278.57453,0.00132,-0.00073,38.19914,38.19914,False,0.0369,-0.04057,-1.07624,1.6313,0.00852,-1.07624,1.6313,0.00852,51.96106,1.9543566,0.03761195,86856.065,80181.127,-6856.065,-181.127,False,False,0.42404
232.02,TGO,THRUST,80213.485,26.4744622,0.306493,-3638.673,1.40772,-158.23403,2278.57197,2278.57417,0.00221,-0.00071,38.15061,38.15061,False,0.03679,-0.0405,-1.064,1.63096,0.00832,-1.064,1.63096,0.00832,51.96559,1.9473559,0.03747395,86832.219,80187.119,-6832.219,-187.119,False,False,0.42047
232.16,TGO,THRUST,80213.663,26.4795971,0.3057149,-3629.437,1.26217,-158.03028,2278.57078,2278.57386,0.00308,-0.00069,38.10216,38.10216,False,0.03669,-0.04043,-1.05183,1.6306,0.00813,-1.05183,1.6306,0.00813,51.97011,1.9404263,0.03733735,86809.011,80192.487,-6809.011,-192.487,False,False,0.41636
232.3,TGO,THRUST,80213.821,26.4847302,0.3049391,-3620.228,1.11831,-157.82658,2278.56963,2278.57357,0.00395,-0.00067,38.05379,38.05379,False,0.03659,-0.04036,-1.03972,1.6302,0.00794,-1.03972,1.6302,0.00794,51.97461,1.9335587,0.03720199,86786.422,80197.243,-6786.422,-197.243,False,False,0.41175
232.46,TGO,THRUST,80213.977,26.4905946,0.3040551,-3609.734,0.95597,-157.59383,2278.56836,2278.57329,0.00493,-0.00065,37.9986,37.9986,False,0.03648,-0.04028,-1.02597,1.62972,0.00773,-1.02597,1.62972,0.00773,51.97974,1.9257855,0.03704877,86761.347,80201.948,-6761.347,-201.948,False,False,0.4067
232.6,TGO,THRUST,80214.093,26.4957263,0.3032841,-3600.581,0.81573,-157.39012,2278.5673,2278.57308,0.00577,-0.00063,37.95039,37.95039,False,0.03638,-0.04021,-1.014,1.62925,0.00754,-1.014,1.62925,0.00754,51.98421,1.9190409,0.03691584,86740.033,80205.439,-6740.033,-205.439,False,False,0.40284
232.74,TGO,THRUST,80214.19,26.5008543,0.3025152,-3591.453,0.67719,-157.18655,2278.56629,2278.5729,0.00661,-0.00061,37.90226,37.90226,False,0.03628,-0.04014,-1.00211,1.62876,0.00736,-1.00211,1.62876,0.00736,51.98866,1.9123655,0.03678428,86719.305,80208.36,-6719.305,-208.36,False,False,0.3984
232.88,TGO,THRUST,80214.267,26.50598,0.3017485,-3582.352,0.5403,-156.98304,2278.56531,2278.57275,0.00744,-0.00059,37.8542,37.8542,False,0.03618,-0.04007,-0.99027,1.62825,0.00718,-0.99027,1.62825,0.00718,51.9931,1.9057508,0.03665392,86699.141,80210.726,-6699.141,-210.726,False,False,0.39352
233.04,TGO,THRUST,80214.332,26.5118355,0.3008751,-3571.982,0.38588,-156.75053,2278.56424,2278.57262,0.00838,-0.00057,37.79938,37.79938,False,0.03607,-0.03999,-0.97683,1.62762,0.00698,-0.97683,1.62762,0.00698,51.99815,1.8982647,0.03650639,86676.772,80212.766,-6676.772,-212.766,False,False,0.38814
233.18,TGO,THRUST,80214.369,26.5169589,0.3001131,-3562.937,0.25255,-156.54706,2278.56335,2278.57254,0.00919,-0.00055,37.75149,37.75149,False,0.03597,-0.03992,-0.96514,1.62704,0.00681,-0.96514,1.62704,0.00681,52.00256,1.89177,0.0363784,86657.768,80213.986,-6657.768,-213.986,False,False,0.38397
233.32,TGO,THRUST,80214.388,26.5220782,0.2993534,-3553.918,0.12086,-156.34374,2278.5625,2278.57249,0.00999,-0.00054,37.70368,37.70368,False,0.03587,-0.03985,-0.95352,1.62643,0.00664,-0.95352,1.62643,0.00664,52.00695,1.8853428,0.03625175,86639.293,80214.694,-6639.293,-214.694,False,False,0.37925
233.46,TGO,THRUST,80214.389,26.5271949,0.2985959,-3544.925,-0.00921,-156.1405,2278.56168,2278.57247,0.01079,-0.00052,37.65594,37.65594,False,0.03577,-0.03978,-0.94196,1.62579,0.00647,-0.94196,1.62579,0.00647,52.01133,1.8789747,0.03612626,86621.326,80214.903,-6621.326,-214.903,False,False,0.37406
233.62,TGO,THRUST,80214.367,26.5330396,0.2977329,-3534.679,-0.15588,-155.90833,2278.5608,2278.57249,0.01169,-0.0005,37.60148,37.60148,False,0.03566,-0.0397,-0.92884,1.62504,0.00628,-0.92884,1.62504,0.00628,52.01631,1.8717685,0.03598426,86601.399,80214.548,-6601.399,-214.548,False,False,0.36832
233.76,TGO,THRUST,80214.33,26.5381531,0.2969801,-3525.742,-0.28247,-155.70517,2278.56007,2278.57253,0.01247,-0.00048,37.55392,37.55392,False,0.03556,-0.03963,-0.91742,1.62433,0.00612,-0.91742,1.62433,0.00612,52.02066,1.8655174,0.03586109,86584.47,80213.735,-6584.47,-213.735,False,False,0.36385
233.9,TGO,THRUST,80214.275,26.5432621,0.2962295,-3516.831,-0.40746,-155.50217,2278.55937,2278.57261,0.01324,-0.00046,37.50643,37.50643,False,0.03546,-0.03956,-0.90608,1.62361,0.00596,-0.90608,1.62361,0.00596,52.02499,1.8593318,0.03573921,86568.014,80212.468,-6568.014,-212.468,False,False,0.35881
234.04,TGO,THRUST,80214.203,26.5483682,0.2954812,-3507.946,-0.53086,-155.29927,2278.55871,2278.57271,0.014,-0.00045,37.45902,37.45902,False,0.03536,-0.03948,-0.89479,1.62286,0.0058,-0.89479,1.62286,0.0058,52.02931,1.8532037,0.03561846,86552.012,80210.759,-6552.012,-210.759,False,False,0.35333
234.2,TGO,THRUST,80214.099,26.5542003,0.2946286,-3497.824,-0.66995,-155.0675,2278.55801,2278.57287,0.01486,-0.00043,37.40494,37.40494,False,0.03525,-0.0394,-0.88198,1.62197,0.00563,-0.88198,1.62197,0.00563,52.03423,1.8462698,0.03548183,86534.263,80208.284,-6534.263,-208.284,False,False,0.34725
234.34,TGO,THRUST,80213.991,26.5593023,0.2938849,-3488.995,-0.78996,-154.86472,2278.55743,2278.57303,0.0156,-0.00041,37.3577,37.3577,False,0.03515,-0.03933,-0.87084,1.62116,0.00548,-0.87084,1.62116,0.00548,52.03852,1.8402554,0.03536333,86519.179,80205.678,-6519.179,-205.678,False,False,0.34246
234.48,TGO,THRUST,80213.866,26.5643995,0.2931435,-3480.191,-0.90839,-154.66211,2278.55689,2278.57323,0.01634,-0.00039,37.31054,37.31054,False,0.03506,-0.03926,-0.85977,1.62032,0.00533,-0.85977,1.62032,0.00533,52.04279,1.8343046,0.03524609,86504.513,80202.674,-6504.513,-202.674,False,False,0.33715
234.62,TGO,THRUST,80213.725,26.5694935,0.2924042,-3471.414,-1.02528,-154.45962,2278.55638,2278.57345,0.01707,-0.00038,37.26346,37.26346,False,0.03496,-0.03919,-0.84876,1.61946,0.00518,-0.84876,1.61946,0.00518,52.04705,1.8284096,0.03512994,86490.246,80199.287,-6490.246,-199.287,False,False,0.33137
234.78,TGO,THRUST,80213.543,26.5753112,0.291562,-3461.415,-1.15698,-154.22834,2278.55585,2278.57373,0.01789,-0.00036,37.20976,37.20976,False,0.03485,-0.0391,-0.83627,1.61845,0.00501,-0.83627,1.61845,0.00501,52.0519,1.8217399,0.03499853,86474.409,80194.964,-6474.409,-194.964,False,False,0.32494
234.92,TGO,THRUST,80213.368,26.5804001,0.2908275,-3452.694,-1.27055,-154.026,2278.55542,2278.57401,0.0186,-0.00034,37.16285,37.16285,False,0.03475,-0.03903,-0.8254,1.61752,0.00487,-0.8254,1.61752,0.00487,52.05614,1.8159551,0.03488455,86460.941,80190.801,-6460.941,-190.801,False,False,0.31987
235.06,TGO,THRUST,80213.177,26.585484,0.2900951,-3443.998,-1.38259,-153.82385,2278.55502,2278.57432,0.0193,-0.00033,37.11602,37.11602,False,0.03466,-0.03896,-0.81461,1.61658,0.00473,-0.81461,1.61658,0.00473,52.06036,1.810232,0.03477179,86447.835,80186.298,-6447.835,-186.298,False,False,0.31425
235.2,TGO,THRUST,80212.97,26.5905643,0.289365,-3435.329,-1.49312,-153.62184,2278.55466,2278.57465,0.01999,-0.00031,37.06928,37.06928,False,0.03456,-0.03889,-0.80388,1.61561,0.0046,-0.80388,1.61561,0.0046,52.06456,1.8045628,0.0346601,86435.073,80181.467,-6435.073,-181.467,False,False,0.30819
235.36,TGO,THRUST,80212.715,26.596366,0.2885332,-3425.452,-1.61759,-153.39111,2278.55428,2278.57506,0.02078,-0.00029,37.01595,37.01595,False,0.03445,-0.0388,-0.7917,1.61448,0.00444,-0.7917,1.61448,0.00444,52.06936,1.7981492,0.03453373,86420.892,80175.561,-6420.892,-175.561,False,False,0.30144
235.5,TGO,THRUST,80212.476,26.6014404,0.2878077,-3416.838,-1.72489,-153.18929,2278.55399,2278.57545,0.02145,-0.00028,36.96938,36.96938,False,0.03436,-0.03873,-0.78111,1.61345,0.00431,-0.78111,1.61345,0.00431,52.07354,1.7925866,0.03442414,86408.816,80170.073,-6408.816,-170.073,False,False,0.29606
235.64,TGO,THRUST,80212.222,26.6065095,0.2870844,-3408.25,-1.83068,-152.98766,2278.55373,2278.57586,0.02212,-0.00026,36.92289,36.92289,False,0.03426,-0.03866,-0.77059,1.6124,0.00418,-0.77059,1.6124,0.00418,52.0777,1.7870837,0.03431572,86397.047,80164.298,-6397.047,-164.298,False,False,0.29016
235.78,TGO,THRUST,80211.954,26.6115747,0.2863633,-3399.688,-1.93501,-152.78619,2278.55351,2278.57629,0.02278,-0.00025,36.87648,36.87648,False,0.03417,-0.03858,-0.76014,1.61133,0.00405,-0.76014,1.61133,0.00405,52.08186,1.7816328,0.03420832,86385.572,80158.249,-6385.572,-158.249,False,False,0.28385
235.94,TGO,THRUST,80211.63,26.6173586,0.2855418,-3389.934,-2.05244,-152.5561,2278.55329,2278.57682,0.02353,-0.00024,36.82355,36.82355,False,0.03406,-0.0385,-0.74827,1.61008,0.00391,-0.74827,1.61008,0.00391,52.08659,1.7754664,0.03408682,86372.799,80151.016,-6372.799,-151.016,False,False,0.27678
236.08,TGO,THRUST,80211.331,26.6224172,0.2848254,-3381.427,-2.15361,-152.35484,2278.55313,2278.57731,0.02417,-0.00022,36.77731,36.77731,False,0.03396,-0.03843,-0.73796,1.60895,0.00378,-0.73796,1.60895,0.00378,52.09072,1.7701184,0.03398146,86361.9,80144.422,-6361.9,-144.422,False,False,0.27114
236.22,TGO,THRUST,80211.018,26.6274701,0.2841111,-3372.946,-2.25332,-152.15381,2278.55301,2278.57782,0.02481,-0.0002,36.73116,36.73116,False,0.03387,-0.03835,-0.72772,1.6078,0.00366,-0.72772,1.6078,0.00366,52.09484,1.764828,0.03387722,86351.259,80137.593,-6351.259,-137.593,False,False,0.26497
236.36,TGO,THRUST,80210.692,26.6325187,0.283399,-3364.49,-2.3516,-151.95293,2278.55291,2278.57835,0.02544,-0.00019,36.68509,36.68509,False,0.03377,-0.03828,-0.71754,1.60664,0.00354,-0.71754,1.60664,0.00354,52.09894,1.7595877,0.03377397,86340.862,80130.54,-6340.862,-130.54,False,False,0.25838
236.52,TGO,THRUST,80210.302,26.6382834,0.2825879,-3354.858,-2.46216,-151.72355,2278.55284,2278.57899,0.02615,-0.00017,36.63255,36.63255,False,0.03367,-0.03819,-0.70598,1.60527,0.00341,-0.70598,1.60527,0.00341,52.10362,1.7536596,0.03365716,86329.263,80122.22,-6329.263,-122.22,False,False,0.25102
236.66,TGO,THRUST,80209.946,26.6433246,0.2818804,-3346.458,-2.55736,-151.52293,2278.55281,2278.57957,0.02676,-0.00016,36.58665,36.58665,False,0.03357,-0.03812,-0.69595,1.60404,0.0033,-0.69595,1.60404,0.0033,52.10769,1.7485183,0.03355586,86319.343,80114.729,-6319.343,-114.729,False,False,0.24514
236.8,TGO,THRUST,80209.578,26.64836,0.2811752,-3338.084,-2.65114,-151.32254,2278.55281,2278.58018,0.02736,-0.00014,36.54085,36.54085,False,0.03348,-0.03805,-0.68598,1.6028,0.00318,-0.68598,1.6028,0.00318,52.11176,1.7434324,0.03345564,86309.635,80107.05,-6309.635,-107.05,False,False,0.23875
236.94,TGO,THRUST,80209.197,26.6533907,0.2804721,-3329.735,-2.74352,-151.12233,2278.55284,2278.5808,0.02796,-0.00013,36.49512,36.49512,False,0.03339,-0.03797,-0.67608,1.60154,0.00307,-0.67608,1.60154,0.00307,52.11582,1.7383947,0.03335637,86300.124,80099.193,-6300.124,-99.193,False,False,0.23194
237.1,TGO,THRUST,80208.746,26.6591345,0.2796712,-3320.224,-2.8474,-150.89372,2278.55291,2278.58155,0.02863,-0.00012,36.44297,36.44297,False,0.03328,-0.03789,-0.66484,1.60007,0.00295,-0.66484,1.60007,0.00295,52.12044,1.7326956,0.03324407,86289.482,80090.011,-6289.482,-90.011,False,False,0.22434
237.24,TGO,THRUST,80208.337,26.6641571,0.2789727,-3311.93,-2.93678,-150.69379,2278.553,2278.58222,0.02921,-0.0001,36.39742,36.39742,False,0.03319,-0.03781,-0.65508,1.59875,0.00285,-0.65508,1.59875,0.00285,52.12447,1.727753,0.03314668,86280.35,80081.814,-6280.35,-81.814,False,False,0.21826
237.38,TGO,THRUST,80207.917,26.6691736,0.2782764,-3303.662,-3.02478,-150.49411,2278.55312,2278.58291,0.02979,-9E-05,36.35196,36.35196,False,0.0331,-0.03774,-0.64539,1.59741,0.00274,-0.64539,1.59741,0.00274,52.12849,1.7228634,0.03305032,86271.389,80073.473,-6271.389,-73.473,False,False,0.21167
237.52,TGO,THRUST,80207.484,26.6741851,0.2775823,-3295.419,-3.11143,-150.29462,2278.55327,2278.58362,0.03035,-8E-05,36.30658,36.30658,False,0.033,-0.03767,-0.63576,1.59606,0.00264,-0.63576,1.59606,0.00264,52.1325,1.7180201,0.03295488,86262.585,80064.998,-6262.585,-64.998,False,False,0.20469
237.68,TGO,THRUST,80206.975,26.6799067,0.2767916,-3286.03,-3.20879,-150.06685,2278.55347,2278.58446,0.03099,-6E-05,36.25482,36.25482,False,0.0329,-0.03758,-0.62484,1.59448,0.00253,-0.62484,1.59448,0.00253,52.13706,1.7125407,0.0328469,86252.703,80055.161,-6252.703,-55.161,False,False,0.19689
237.82,TGO,THRUST,80206.517,26.6849093,0.2761021,-3277.842,-3.29252,-149.86768,2278.55368,2278.58522,0.03154,-5E-05,36.20962,36.20962,False,0.03281,-0.03751,-0.61535,1.59307,0.00243,-0.61535,1.59307,0.00243,52.14105,1.7077883,0.03275324,86244.193,80046.434,-6244.193,-46.434,False,False,0.19061
237.96,TGO,THRUST,80206.047,26.6899056,0.2754147,-3269.679,-3.3749,-149.66876,2278.55391,2278.58599,0.03208,-4E-05,36.16451,36.16451,False,0.03272,-0.03743,-0.60594,1.59165,0.00233,-0.60594,1.59165,0.00233,52.14503,1.7030868,0.03266058,86235.814,80037.604,-6235.814,-37.604,False,False,0.18389
238.1,TGO,THRUST,80205.567,26.6948967,0.2747295,-3261.542,-3.45597,-149.47004,2278.55417,2278.58679,0.03262,-2E-05,36.11948,36.11948,False,0.03263,-0.03736,-0.59658,1.5902,0.00224,-0.59658,1.5902,0.00224,52.14899,1.6984295,0.03256879,86227.555,80028.678,-6227.555,-28.678,False,False,0.17677
238.26,TGO,THRUST,80205.004,26.7005945,0.273949,-3252.273,-3.547,-149.24317,2278.5545,2278.58772,0.03322,-2E-05,36.06812,36.06812,False,0.03252,-0.03727,-0.58597,1.58853,0.00214,-0.58597,1.58853,0.00214,52.15351,1.6931603,0.03246494,86218.251,80018.373,-6218.251,-18.373,False,False,0.16881
238.4,TGO,THRUST,80204.499,26.7055759,0.2732683,-3244.19,-3.62522,-149.04481,2278.55481,2278.58855,0.03374,0,36.02327,36.02327,False,0.03243,-0.0372,-0.57676,1.58703,0.00205,-0.57676,1.58703,0.00205,52.15745,1.6885898,0.03237485,86210.211,80009.277,-6210.211,-9.277,False,False,0.16241
238.54,TGO,THRUST,80203.984,26.7105508,0.2725898,-3236.133,-3.70214,-148.84671,2278.55515,2278.58941,0.03425,1E-05,35.97851,35.97851,False,0.03234,-0.03712,-0.56762,1.58553,0.00196,-0.56762,1.58553,0.00196,52.16138,1.6840678,0.03228572,86202.267,80000.113,-6202.267,-0.113,False,False,0.15558
238.68,TGO,THRUST,80203.458,26.7155202,0.2719135,-3228.101,-3.77778,-148.64883,2278.55552,2278.59028,0.03476,2E-05,35.93383,35.93383,False,0.03225,-0.03705,-0.55854,1.584,0.00187,-0.55854,1.584,0.00187,52.1653,1.6795881,0.03219742,86194.41,79990.889,-6194.41,9.111,False,False,0.1484
238.84,TGO,THRUST,80202.844,26.7211929,0.2711431,-3218.952,-3.86265,-148.42293,2278.55597,2278.59129,0.03532,4E-05,35.88288,35.88288,False,0.03215,-0.03696,-0.54824,1.58223,0.00178,-0.54824,1.58223,0.00178,52.16977,1.6745193,0.0320975,86185.525,79980.284,-6185.525,19.716,False,False,0.1404
238.98,TGO,THRUST,80202.297,26.726152,0.2704713,-3210.974,-3.93553,-148.22543,2278.55639,2278.5922,0.03581,5E-05,35.83838,35.83838,False,0.03206,-0.03689,-0.5393,1.58065,0.0017,-0.5393,1.58065,0.0017,52.17367,1.670122,0.03201082,86177.816,79970.961,-6177.816,29.039,False,False,0.134
239.12,TGO,THRUST,80201.739,26.7311043,0.2698016,-3203.022,-4.00714,-148.0282,2278.55683,2278.59313,0.0363,5E-05,35.79397,35.79397,False,0.03197,-0.03681,-0.53043,1.57906,0.00162,-0.53043,1.57906,0.00162,52.17756,1.6657712,0.03192505,86170.172,79961.603,-6170.172,38.397,False,False,0.12723
239.26,TGO,THRUST,80201.171,26.7360509,0.2691341,-3195.094,-4.07751,-147.8312,2278.5573,2278.59407,0.03677,6E-05,35.74965,35.74965,False,0.03188,-0.03674,-0.52162,1.57745,0.00154,-0.52162,1.57745,0.00154,52.18144,1.6614604,0.03184007,86162.586,79952.215,-6162.586,47.785,False,False,0.12013
239.42,TGO,THRUST,80200.511,26.741697,0.2683738,-3186.065,-4.15641,-147.60632,2278.55786,2278.59516,0.03731,8E-05,35.6991,35.6991,False,0.03178,-0.03665,-0.51163,1.57559,0.00145,-0.51163,1.57559,0.00145,52.18586,1.6565821,0.03174389,86153.973,79941.46,-6153.973,58.54,False,False,0.11229
239.56,TGO,THRUST,80199.922,26.7466327,0.2677108,-3178.191,-4.2241,-147.40974,2278.55837,2278.59614,0.03777,9E-05,35.65496,35.65496,False,0.03169,-0.03658,-0.50297,1.57394,0.00138,-0.50297,1.57394,0.00138,52.18972,1.6523496,0.03166044,86146.471,79932.037,-6146.471,67.963,False,False,0.10599
239.7,TGO,THRUST,80199.325,26.7515612,0.2670499,-3170.343,-4.29056,-147.21344,2278.55891,2278.59713,0.03822,0.0001,35.61091,35.61091,False,0.0316,-0.0365,-0.49436,1.57227,0.0013,-0.49436,1.57227,0.0013,52.19357,1.6481612,0.03157786,86139.009,79922.607,-6139.009,77.393,False,False,0.09938
239.84,TGO,THRUST,80198.718,26.7564838,0.2663911,-3162.519,-4.35582,-147.01737,2278.55947,2278.59814,0.03867,0.00011,35.56695,35.56695,False,0.03152,-0.03643,-0.48583,1.57059,0.00123,-0.48583,1.57059,0.00123,52.19741,1.6440107,0.03149602,86131.576,79913.175,-6131.576,86.825,False,False,0.09252
240,TGO,THRUST,80198.014,26.7621022,0.2656408,-3153.609,-4.42892,-146.79358,2278.56013,2278.59931,0.03918,0.00012,35.51681,35.51681,False,0.03142,-0.03634,-0.47615,1.56864,0.00116,-0.47615,1.56864,0.00116,52.20178,1.6393132,0.03140339,86123.11,79902.402,-6123.11,97.598,False,False,0.085
240.14,TGO,THRUST,80197.389,26.7670133,0.2649866,-3145.839,-4.49158,-146.59796,2278.56073,2278.60035,0.03961,0.00013,35.47302,35.47302,False,0.03133,-0.03627,-0.46775,1.56691,0.00109,-0.46775,1.56691,0.00109,52.2056,1.6352367,0.03132301,86115.712,79892.991,-6115.712,107.009,False,False,0.07908
240.28,TGO,THRUST,80196.755,26.771917,0.2643344,-3138.094,-4.55304,-146.40263,2278.56136,2278.6014,0.04004,0.00014,35.42933,35.42933,False,0.03124,-0.03619,-0.45942,1.56517,0.00103,-0.45942,1.56517,0.00103,52.20941,1.6312021,0.03124345,86108.33,79883.597,-6108.33,116.403,False,False,0.07292
240.42,TGO,THRUST,80196.112,26.7768145,0.2636844,-3130.374,-4.61335,-146.20755,2278.56201,2278.60247,0.04046,0.00015,35.38572,35.38572,False,0.03116,-0.03612,-0.45115,1.56341,0.00096,-0.45115,1.56341,0.00096,52.21321,1.6272033,0.03116459,86100.956,79874.224,-6100.956,125.776,False,False,0.06666
240.58,TGO,THRUST,80195.368,26.782404,0.2629441,-3121.581,-4.68083,-145.98489,2278.56277,2278.60371,0.04094,0.00016,35.33599,35.33599,False,0.03106,-0.03603,-0.44178,1.56138,0.00089,-0.44178,1.56138,0.00089,52.21755,1.6226766,0.03107531,86092.531,79863.547,-6092.531,136.453,False,False,0.06001
240.72,TGO,THRUST,80194.707,26.7872893,0.2622985,-3113.915,-4.73861,-145.79028,2278.56346,2278.60481,0.04135,0.00017,35.29257,35.29257,False,0.03097,-0.03596,-0.43365,1.55958,0.00083,-0.43365,1.55958,0.00083,52.22133,1.6187476,0.03099782,86085.147,79854.245,-6085.147,145.755,False,False,0.05498
240.86,TGO,THRUST,80194.039,26.7921672,0.2616551,-3106.273,-4.79524,-145.59598,2278.56417,2278.60592,0.04175,0.00018,35.24924,35.24924,False,0.03089,-0.03588,-0.42558,1.55777,0.00078,-0.42558,1.55777,0.00078,52.2251,1.6148581,0.03092111,86077.76,79844.981,-6077.76,155.019,False,False,0.05008
241,TGO,THRUST,80193.364,26.7970386,0.2610137,-3098.655,-4.85075,-145.40193,2278.5649,2278.60704,0.04214,0.00019,35.206,35.206,False,0.0308,-0.03581,-0.41758,1.55594,0.00072,-0.41758,1.55594,0.00072,52.22887,1.6110025,0.03084506,86070.364,79835.758,-6070.364,164.242,False,False,0.04552
241.16,TGO,THRUST,80192.582,26.802598,0.2602832,-3089.98,-4.91279,-145.18047,2278.56576,2278.60834,0.04258,0.0002,35.15668,35.15668,False,0.0307,-0.03572,-0.40852,1.55383,0.00065,-0.40852,1.55383,0.00065,52.23316,1.6066367,0.03075894,86061.891,79825.277,-6061.891,174.723,False,False,0.04144
241.3,TGO,THRUST,80191.89,26.8074567,0.2596463,-3082.416,-4.96585,-144.98691,2278.56654,2278.60949,0.04296,0.00021,35.11362,35.11362,False,0.03062,-0.03565,-0.40065,1.55196,0.0006,-0.40065,1.55196,0.0006,52.2369,1.6028465,0.03068418,86054.446,79816.166,-6054.446,183.834,False,False,0.03907
241.44,TGO,THRUST,80191.191,26.8123077,0.2590115,-3074.876,-5.01781,-144.79367,2278.56733,2278.61066,0.04333,0.00022,35.07065,35.07065,False,0.03053,-0.03557,-0.39285,1.55009,0.00055,-0.39285,1.55009,0.00055,52.24064,1.5990936,0.03061015,86046.979,79807.112,-6046.979,192.888,False,False,0.0376
241.58,TGO,THRUST,80190.485,26.817152,0.2583787,-3067.361,-5.06867,-144.6007,2278.56814,2278.61184,0.0437,0.00022,35.02777,35.02777,False,0.03045,-0.0355,-0.38512,1.54819,0.0005,-0.38512,1.54819,0.0005,52.24437,1.5953725,0.03053674,86039.486,79798.116,-6039.486,201.884,False,False,-0.03736
241.74,TGO,THRUST,80189.669,26.8226802,0.2576581,-3058.803,-5.12546,-144.38048,2278.56909,2278.61319,0.04411,0.00024,34.97887,34.97887,False,0.03035,-0.03541,-0.37635,1.54601,0.00044,-0.37635,1.54601,0.00044,52.24862,1.591158,0.03045359,86030.885,79787.914,-6030.885,212.086,False,False,-0.03867
241.88,TGO,THRUST,80188.948,26.8275112,0.2570298,-3051.341,-5.17396,-144.18803,2278.56994,2278.61439,0.04446,0.00024,34.93617,34.93617,False,0.03027,-0.03534,-0.36875,1.54408,0.00039,-0.36875,1.54408,0.00039,52.25233,1.5874981,0.03038138,86023.313,79779.066,-6023.313,220.934,False,False,-0.04081
242.02,TGO,THRUST,80188.221,26.8323344,0.2564035,-3043.903,-5.22139,-143.9959,2278.57081,2278.61561,0.0448,0.00025,34.89357,34.89357,False,0.03018,-0.03526,-0.36122,1.54213,0.00035,-0.36122,1.54213,0.00035,52.25603,1.5838733,0.03030987,86015.707,79770.289,-6015.707,229.711,False,False,-0.04398
242.16,TGO,THRUST,80187.487,26.8371507,0.2557793,-3036.489,-5.26777,-143.80404,2278.57169,2278.61683,0.04514,0.00026,34.85105,34.85105,False,0.0301,-0.03519,-0.35374,1.54018,0.0003,-0.35374,1.54018,0.0003,52.25973,1.5802782,0.03023893,86008.061,79761.585,-6008.061,238.415,False,False,-0.048
242.32,TGO,THRUST,80186.64,26.8426466,0.2550685,-3028.047,-5.31948,-143.58512,2278.57273,2278.61824,0.04552,0.00027,34.80257,34.80257,False,0.03001,-0.0351,-0.34527,1.53792,0.00025,-0.34527,1.53792,0.00025,52.26394,1.5762053,0.03015856,85999.265,79751.734,-5999.265,248.266,False,False,-0.05312
242.46,TGO,THRUST,80185.892,26.8474491,0.2544487,-3020.685,-5.36357,-143.39381,2278.57365,2278.61949,0.04584,0.00027,34.76024,34.76024,False,0.02992,-0.03503,-0.33794,1.53593,0.00021,-0.33794,1.53593,0.00021,52.26762,1.5726672,0.03008875,85991.51,79743.207,-5991.51,256.793,False,False,-0.05763
242.6,TGO,THRUST,80185.139,26.8522437,0.253831,-3013.349,-5.40663,-143.20283,2278.57458,2278.62074,0.04616,0.00028,34.718,34.718,False,0.02984,-0.03495,-0.33066,1.53393,0.00017,-0.33066,1.53393,0.00017,52.27128,1.5691621,0.03001958,85983.708,79734.764,-5983.708,265.236,False,False,-0.06261
242.74,TGO,THRUST,80184.379,26.857031,0.2532153,-3006.036,-5.44868,-143.01213,2278.57554,2278.62201,0.04647,0.00029,34.67585,34.67585,False,0.02976,-0.03488,-0.32345,1.53191,0.00013,-0.32345,1.53191,0.00013,52.27494,1.5656847,0.02995096,85975.854,79726.407,-5975.854,273.593,False,False,-0.06806
242.9,TGO,THRUST,80183.505,26.8624936,0.2525141,-2997.708,-5.49549,-142.79455,2278.57664,2278.62347,0.04683,0.0003,34.62778,34.62778,False,0.02966,-0.03479,-0.31527,1.52959,9E-05,-0.31527,1.52959,9E-05,52.27912,1.5617438,0.02987319,85966.81,79716.965,-5966.81,283.035,False,False,-0.07421
243.04,TGO,THRUST,80182.733,26.8672668,0.2519028,-2990.448,-5.53533,-142.60442,2278.57763,2278.62476,0.04713,0.0003,34.58582,34.58582,False,0.02958,-0.03472,-0.3082,1.52754,5E-05,-0.3082,1.52754,5E-05,52.28276,1.5583193,0.0298056,85958.825,79708.809,-5958.825,291.191,False,False,-0.07922
243.18,TGO,THRUST,80181.956,26.8720317,0.2512935,-2983.211,-5.57419,-142.41463,2278.57863,2278.62605,0.04743,0.00031,34.54395,34.54395,False,0.0295,-0.03465,-0.30118,1.52548,2E-05,-0.30118,1.52548,2E-05,52.2864,1.5549257,0.02973863,85950.784,79700.746,-5950.784,299.254,False,False,-0.08456
243.32,TGO,THRUST,80181.174,26.8767894,0.2506862,-2975.998,-5.61206,-142.22513,2278.57964,2278.62736,0.04772,0.00032,34.50217,34.50217,False,0.02942,-0.03457,-0.29422,1.52341,-1E-05,-0.29422,1.52341,-1E-05,52.29003,1.5515578,0.02967216,85942.684,79692.779,-5942.684,307.221,False,False,-0.0902
243.48,TGO,THRUST,80180.273,26.8822177,0.2499947,-2967.785,-5.65414,-142.00893,2278.58082,2278.62886,0.04804,0.00032,34.45452,34.45452,False,0.02933,-0.03449,-0.28634,1.52102,-5E-05,-0.28634,1.52102,-5E-05,52.29417,1.5477396,0.02959679,85933.348,79683.795,-5933.348,316.205,False,False,-0.09642
243.62,TGO,THRUST,80179.48,26.8869607,0.2493918,-2960.624,-5.6899,-141.82002,2278.58186,2278.63019,0.04832,0.00033,34.41293,34.41293,False,0.02925,-0.03441,-0.27952,1.51892,-8E-05,-0.27952,1.51892,-8E-05,52.29778,1.5444205,0.02953128,85925.1,79676.048,-5925.1,323.952,False,False,-0.1014
243.76,TGO,THRUST,80178.682,26.8916953,0.2487908,-2953.487,-5.72469,-141.63145,2278.58292,2278.63152,0.04859,0.00034,34.37142,34.37142,False,0.02917,-0.03434,-0.27275,1.5168,-0.00011,-0.27275,1.5168,-0.00011,52.30138,1.5411303,0.02946634,85916.79,79668.404,-5916.79,331.596,False,False,-0.1066
243.9,TGO,THRUST,80177.879,26.8964224,0.248192,-2946.374,-5.75855,-141.44319,2278.584,2278.63286,0.04886,0.00034,34.33001,34.33001,False,0.02909,-0.03426,-0.26605,1.51468,-0.00014,-0.26605,1.51468,-0.00014,52.30498,1.5378638,0.02940186,85908.413,79660.863,-5908.413,339.137,False,False,-0.11208
244.06,TGO,THRUST,80176.956,26.9018157,0.24751,-2938.274,-5.79608,-141.22841,2278.58524,2278.6344,0.04916,0.00035,34.28279,34.28279,False,0.02899,-0.03418,-0.25846,1.51223,-0.00017,-0.25846,1.51223,-0.00017,52.30908,1.5341593,0.02932874,85898.755,79652.376,-5898.755,347.624,False,False,-0.11811
244.2,TGO,THRUST,80176.144,26.9065277,0.2469154,-2931.212,-5.82789,-141.04075,2278.58635,2278.63576,0.04941,0.00036,34.24157,34.24157,False,0.02892,-0.0341,-0.25188,1.51007,-0.00019,-0.25188,1.51007,-0.00019,52.31267,1.5309377,0.02926514,85890.221,79645.071,-5890.221,354.929,False,False,-0.12285
244.34,TGO,THRUST,80175.327,26.9112313,0.2463228,-2924.174,-5.85878,-140.85345,2278.58746,2278.63712,0.04966,0.00036,34.20043,34.20043,False,0.02884,-0.03403,-0.24537,1.50791,-0.00022,-0.24537,1.50791,-0.00022,52.31624,1.5277429,0.02920208,85881.618,79637.875,-5881.618,362.125,False,False,-0.12787
244.48,TGO,THRUST,80174.506,26.9159272,0.2457322,-2917.159,-5.88877,-140.66646,2278.58859,2278.63849,0.0499,0.00037,34.15939,34.15939,False,0.02876,-0.03396,-0.23892,1.50573,-0.00024,-0.23892,1.50573,-0.00024,52.31981,1.5245701,0.02913944,85872.943,79630.789,-5872.943,369.211,False,False,-0.13309
244.64,TGO,THRUST,80173.563,26.9212845,0.2450597,-2909.172,-5.92193,-140.45313,2278.5899,2278.64007,0.05017,0.00038,34.11259,34.11259,False,0.02867,-0.03387,-0.23161,1.50323,-0.00027,-0.23161,1.50323,-0.00027,52.32387,1.5209703,0.02906838,85862.937,79622.828,-5862.937,377.172,False,False,-0.1388
244.78,TGO,THRUST,80172.733,26.9259649,0.2444734,-2902.208,-5.94995,-140.26677,2278.59105,2278.64145,0.0504,0.00038,34.07174,34.07174,False,0.02859,-0.0338,-0.22529,1.50103,-0.00029,-0.22529,1.50103,-0.00029,52.32743,1.5178385,0.02900656,85854.093,79615.989,-5854.093,384.011,False,False,-0.14327
244.92,TGO,THRUST,80171.9,26.9306366,0.2438891,-2895.268,-5.97709,-140.08076,2278.59222,2278.64284,0.05063,0.00039,34.03097,34.03097,False,0.02851,-0.03372,-0.21902,1.49881,-0.00031,-0.21902,1.49881,-0.00031,52.33097,1.5147316,0.02894522,85845.176,79609.264,-5845.176,390.736,False,False,-0.14799
245.06,TGO,THRUST,80171.062,26.9353006,0.2433068,-2888.351,-6.00336,-139.89506,2278.5934,2278.64424,0.05085,0.0004,33.9903,33.9903,False,0.02843,-0.03365,-0.21281,1.49659,-0.00033,-0.21281,1.49659,-0.00033,52.33451,1.5116448,0.02888428,85836.184,79602.653,-5836.184,397.347,False,False,-0.15293
245.22,TGO,THRUST,80170.101,26.9406213,0.2426437,-2880.475,-6.03232,-139.68324,2278.59476,2278.64585,0.05109,0.0004,33.94393,33.94393,False,0.02834,-0.03357,-0.20579,1.49403,-0.00035,-0.20579,1.49403,-0.00035,52.33854,1.508141,0.02881511,85825.813,79595.24,-5825.813,404.76,False,False,-0.15833
245.36,TGO,THRUST,80169.257,26.9452693,0.2420656,-2873.609,-6.0567,-139.49819,2278.59596,2278.64726,0.0513,0.0004,33.90345,33.90345,False,0.02827,-0.03349,-0.19971,1.49178,-0.00036,-0.19971,1.49178,-0.00036,52.34207,1.5050915,0.02875491,85816.644,79588.885,-5816.644,411.115,False,False,-0.1625
245.5,TGO,THRUST,80168.409,26.9499087,0.2414894,-2866.766,-6.08024,-139.3135,2278.59718,2278.64868,0.0515,0.00041,33.86305,33.86305,False,0.02819,-0.03342,-0.19369,1.48952,-0.00038,-0.19369,1.48952,-0.00038,52.34558,1.502065,0.02869516,85807.4,79582.647,-5807.4,417.353,False,False,-0.16692
245.64,TGO,THRUST,80167.558,26.9545401,0.2409153,-2859.947,-6.10294,-139.12914,2278.5984,2278.6501,0.0517,0.00041,33.82275,33.82275,False,0.02811,-0.03335,-0.18773,1.48726,-0.00039,-0.18773,1.48726,-0.00039,52.34909,1.4990569,0.02863578,85798.079,79576.527,-5798.079,423.473,False,False,-0.17153
245.8,TGO,THRUST,80166.582,26.9598233,0.2402615,-2852.181,-6.12786,-138.91884,2278.59981,2278.65173,0.05192,0.00042,33.7768,33.7768,False,0.02803,-0.03326,-0.18098,1.48465,-0.0004,-0.18098,1.48465,-0.0004,52.35309,1.495641,0.02856834,85787.329,79569.679,-5787.329,430.321,False,False,-0.17656
245.94,TGO,THRUST,80165.724,26.9644385,0.2396915,-2845.412,-6.14875,-138.73514,2278.60106,2278.65317,0.05211,0.00042,33.7367,33.7367,False,0.02795,-0.03319,-0.17514,1.48236,-0.00042,-0.17514,1.48236,-0.00042,52.35659,1.4926666,0.02850962,85777.829,79563.821,-5777.829,436.179,False,False,-0.18043
246.08,TGO,THRUST,80164.864,26.9690448,0.2391235,-2838.665,-6.16883,-138.5518,2278.60231,2278.6546,0.05229,0.00043,33.69668,33.69668,False,0.02787,-0.03312,-0.16936,1.48005,-0.00043,-0.16936,1.48005,-0.00043,52.36008,1.4897133,0.02845132,85768.252,79558.081,-5768.252,441.919,False,False,-0.18456
246.22,TGO,THRUST,80164.001,26.9736431,0.2385575,-2831.942,-6.18811,-138.3688,2278.60358,2278.65605,0.05247,0.00043,33.65675,33.65675,False,0.0278,-0.03304,-0.16364,1.47774,-0.00044,-0.16364,1.47774,-0.00044,52.36356,1.4867768,0.02839335,85758.598,79552.462,-5758.598,447.538,False,False,-0.1889
246.38,TGO,THRUST,80163.011,26.9788883,0.2379129,-2824.286,-6.20916,-138.16006,2278.60504,2278.6577,0.05266,0.00044,33.61123,33.61123,False,0.02771,-0.03296,-0.15717,1.47509,-0.00045,-0.15717,1.47509,-0.00045,52.36753,1.4834406,0.02832749,85747.464,79546.188,-5747.464,453.812,False,False,-0.19358
246.52,TGO,THRUST,80162.143,26.98347,0.237351,-2817.613,-6.2267,-137.97774,2278.60633,2278.65915,0.05283,0.00044,33.57149,33.57149,False,0.02764,-0.03289,-0.15157,1.47276,-0.00046,-0.15157,1.47276,-0.00046,52.371,1.4805343,0.02827012,85737.627,79540.834,-5737.627,459.166,False,False,-0.1972
246.66,TGO,THRUST,80161.272,26.9880428,0.2367911,-2810.962,-6.24347,-137.79578,2278.60762,2278.66061,0.05299,0.00045,33.53185,33.53185,False,0.02756,-0.03281,-0.14602,1.47041,-0.00046,-0.14602,1.47041,-0.00046,52.37446,1.4776475,0.02821313,85727.711,79535.6,-5727.711,464.4,False,False,-0.20103
246.8,TGO,THRUST,80160.399,26.9926073,0.2362331,-2804.334,-6.25947,-137.61416,2278.60892,2278.66207,0.05315,0.00045,33.49229,33.49229,False,0.02749,-0.03274,-0.14054,1.46806,-0.00047,-0.14054,1.46806,-0.00047,52.37791,1.4747757,0.02815645,85717.716,79530.486,-5717.716,469.514,False,False,-0.20505
246.96,TGO,THRUST,80159.399,26.9978139,0.2355977,-2796.787,-6.27682,-137.40701,2278.61042,2278.66375,0.05333,0.00045,33.44719,33.44719,False,0.0274,-0.03266,-0.13433,1.46537,-0.00047,-0.13433,1.46537,-0.00047,52.38185,1.4715116,0.02809201,85706.194,79524.791,-5706.194,475.209,False,False,-0.2094
247.1,TGO,THRUST,80158.521,27.0023616,0.2350438,-2790.208,-6.29115,-137.22608,2278.61174,2278.66521,0.05348,0.00046,33.40783,33.40783,False,0.02733,-0.03258,-0.12897,1.46299,-0.00047,-0.12897,1.46299,-0.00047,52.38529,1.4686668,0.02803586,85696.018,79519.943,-5696.018,480.057,False,False,-0.2127
247.24,TGO,THRUST,80157.642,27.0069003,0.2344918,-2783.652,-6.30475,-137.04553,2278.61306,2278.66668,0.05362,0.00046,33.36856,33.36856,False,0.02725,-0.03251,-0.12366,1.46061,-0.00048,-0.12366,1.46061,-0.00048,52.38872,1.4658398,0.02798006,85685.765,79515.216,-5685.765,484.784,False,False,-0.21625
247.38,TGO,THRUST,80156.76,27.0114307,0.2339418,-2777.119,-6.31761,-136.86532,2278.6144,2278.66816,0.05376,0.00047,33.32938,33.32938,False,0.02718,-0.03244,-0.11841,1.45823,-0.00048,-0.11841,1.45823,-0.00048,52.39215,1.4630262,0.02792453,85675.434,79510.61,-5675.434,489.39,False,False,-0.21996
247.54,TGO,THRUST,80155.751,27.0165981,0.2333155,-2769.68,-6.33141,-136.65979,2278.61593,2278.66985,0.05392,0.00047,33.28471,33.28471,False,0.0271,-0.03236,-0.11247,1.45549,-0.00048,-0.11247,1.45549,-0.00048,52.39606,1.4598269,0.02786139,85663.528,79505.494,-5663.528,494.506,False,False,-0.22395
247.68,TGO,THRUST,80154.866,27.0211113,0.2327695,-2763.195,-6.34268,-136.48028,2278.61728,2278.67133,0.05405,0.00047,33.24572,33.24572,False,0.02702,-0.03229,-0.10733,1.45308,-0.00048,-0.10733,1.45308,-0.00048,52.39947,1.457037,0.02780633,85653.018,79501.154,-5653.018,498.846,False,False,-0.22697
247.82,TGO,THRUST,80153.98,27.0256155,0.2322254,-2756.733,-6.35324,-136.30115,2278.61864,2278.67281,0.05417,0.00048,33.20682,33.20682,False,0.02695,-0.03221,-0.10225,1.45066,-0.00047,-0.10225,1.45066,-0.00047,52.40288,1.4542636,0.0277516,85642.433,79496.932,-5642.433,503.068,False,False,-0.23019
247.96,TGO,THRUST,80153.092,27.0301112,0.2316833,-2750.293,-6.36311,-136.12237,2278.62,2278.6743,0.05429,0.00048,33.16802,33.16802,False,0.02688,-0.03214,-0.09723,1.44824,-0.00047,-0.09723,1.44824,-0.00047,52.40628,1.4515021,0.0276971,85631.771,79492.831,-5631.771,507.169,False,False,-0.23358
248.12,TGO,THRUST,80152.076,27.0352388,0.231066,-2742.961,-6.37352,-135.91848,2278.62157,2278.676,0.05443,0.00049,33.12378,33.12378,False,0.0268,-0.03206,-0.09155,1.44546,-0.00047,-0.09155,1.44546,-0.00047,52.41016,1.4483604,0.02763511,85619.491,79488.292,-5619.491,511.708,False,False,-0.23722
248.26,TGO,THRUST,80151.186,27.0397172,0.2305279,-2736.57,-6.38186,-135.74042,2278.62295,2278.67749,0.05454,0.00049,33.08516,33.08516,False,0.02672,-0.03199,-0.08665,1.44302,-0.00046,-0.08665,1.44302,-0.00046,52.41355,1.4456196,0.02758103,85608.656,79484.454,-5608.656,515.546,False,False,-0.23996
248.4,TGO,THRUST,80150.295,27.0441864,0.2299916,-2730.201,-6.38953,-135.56274,2278.62434,2278.67898,0.05464,0.0005,33.04664,33.04664,False,0.02665,-0.03192,-0.08179,1.44057,-0.00046,-0.08179,1.44057,-0.00046,52.41693,1.4428936,0.02752725,85597.748,79480.735,-5597.748,519.265,False,False,-0.24289
248.54,TGO,THRUST,80149.402,27.048647,0.2294573,-2723.854,-6.39653,-135.38541,2278.62573,2278.68047,0.05475,0.00049,33.00821,33.00821,False,0.02658,-0.03185,-0.07699,1.43812,-0.00045,-0.07699,1.43812,-0.00045,52.42031,1.4401783,0.02747367,85586.766,79477.133,-5586.766,522.867,False,False,-0.24601
248.7,TGO,THRUST,80148.381,27.0537345,0.2288489,-2716.628,-6.40371,-135.18319,2278.62733,2278.68218,0.05486,0.00049,32.96439,32.96439,False,0.0265,-0.03176,-0.07157,1.4353,-0.00045,-0.07157,1.4353,-0.00045,52.42416,1.4370877,0.0274127,85574.122,79473.164,-5574.122,526.836,False,False,-0.24936
248.84,TGO,THRUST,80147.487,27.0581776,0.2283185,-2710.329,-6.40926,-135.00659,2278.62873,2278.68368,0.05495,0.0005,32.92615,32.92615,False,0.02643,-0.03169,-0.06689,1.43283,-0.00044,-0.06689,1.43283,-0.00044,52.42752,1.4343901,0.02735949,85562.971,79469.822,-5562.971,530.178,False,False,-0.25185
248.98,TGO,THRUST,80146.592,27.0626114,0.2277901,-2704.052,-6.41417,-134.83037,2278.63014,2278.68518,0.05504,0.0005,32.888,32.888,False,0.02636,-0.03162,-0.06226,1.43035,-0.00043,-0.06226,1.43035,-0.00043,52.43087,1.4317061,0.02730655,85551.749,79466.597,-5551.749,533.403,False,False,-0.25456
249.12,TGO,THRUST,80145.697,27.0670365,0.2272635,-2697.797,-6.41844,-134.65452,2278.63156,2278.68668,0.05512,0.00051,32.84994,32.84994,False,0.02629,-0.03155,-0.05768,1.42787,-0.00042,-0.05768,1.42787,-0.00042,52.43422,1.4290313,0.02725379,85540.453,79463.487,-5540.453,536.513,False,False,-0.25742
249.28,TGO,THRUST,80144.673,27.0720834,0.2266639,-2690.676,-6.42254,-134.45398,2278.63318,2278.68839,0.05521,0.00051,32.80656,32.80656,False,0.02621,-0.03147,-0.05251,1.42502,-0.00041,-0.05251,1.42502,-0.00041,52.43805,1.4259855,0.02719372,85527.454,79460.077,-5527.454,539.923,False,False,-0.26046
249.42,TGO,THRUST,80143.776,27.0764908,0.2261413,-2684.468,-6.42542,-134.27886,2278.6346,2278.68989,0.05529,0.00051,32.76869,32.76869,False,0.02614,-0.0314,-0.04804,1.42251,-0.0004,-0.04804,1.42251,-0.0004,52.44138,1.4233258,0.02714127,85515.995,79457.222,-5515.995,542.778,False,False,-0.2627
249.56,TGO,THRUST,80142.879,27.0808888,0.2256205,-2678.283,-6.4277,-134.10413,2278.63603,2278.6914,0.05536,0.00051,32.73092,32.73092,False,0.02607,-0.03133,-0.04363,1.42001,-0.00039,-0.04363,1.42001,-0.00039,52.44471,1.4206782,0.02708906,85504.468,79454.481,-5504.468,545.519,False,False,-0.26514
249.7,TGO,THRUST,80141.982,27.0852782,0.2251015,-2672.119,-6.42937,-133.92976,2278.63747,2278.6929,0.05543,0.00051,32.69323,32.69323,False,0.026,-0.03126,-0.03927,1.41749,-0.00038,-0.03927,1.41749,-0.00038,52.44804,1.4180388,0.02703702,85492.871,79451.854,-5492.871,548.146,False,False,-0.26774
249.86,TGO,THRUST,80140.957,27.090284,0.2245107,-2665.101,-6.43054,-133.73093,2278.63911,2278.69462,0.05551,0.00052,32.65028,32.65028,False,0.02592,-0.03118,-0.03435,1.41461,-0.00036,-0.03435,1.41461,-0.00036,52.45183,1.4150318,0.02697774,85479.533,79448.99,-5479.533,551.01,False,False,-0.2705
250,TGO,THRUST,80140.06,27.0946555,0.2239957,-2658.984,-6.4309,-133.55731,2278.64055,2278.69612,0.05557,0.00052,32.61278,32.61278,False,0.02585,-0.03111,-0.0301,1.41208,-0.00035,-0.0301,1.41208,-0.00035,52.45515,1.4124048,0.02692595,85467.782,79446.612,-5467.782,553.388,False,False,-0.27251
250.14,TGO,THRUST,80139.162,27.0990175,0.2234825,-2652.889,-6.43068,-133.38408,2278.642,2278.69762,0.05562,0.00052,32.57538,32.57538,False,0.02579,-0.03104,-0.0259,1.40955,-0.00033,-0.0259,1.40955,-0.00033,52.45845,1.4097889,0.02687439,85455.966,79444.343,-5455.966,555.657,False,False,-0.2747
250.28,TGO,THRUST,80138.265,27.1033707,0.2229712,-2646.815,-6.42988,-133.21122,2278.64345,2278.69913,0.05567,0.00052,32.53807,32.53807,False,0.02572,-0.03097,-0.02175,1.40701,-0.00032,-0.02175,1.40701,-0.00032,52.46175,1.4071798,0.02682297,85444.084,79442.186,-5444.084,557.814,False,False,-0.27707
250.44,TGO,THRUST,80137.24,27.1083351,0.222389,-2639.901,-6.42827,-133.01412,2278.64512,2278.70084,0.05573,0.00052,32.49554,32.49554,False,0.02564,-0.03089,-0.01707,1.4041,-0.0003,-0.01707,1.4041,-0.0003,52.46552,1.4042061,0.02676436,85430.425,79439.855,-5430.425,560.145,False,False,-0.27955
250.58,TGO,THRUST,80136.343,27.1126703,0.2218816,-2633.873,-6.42622,-132.84201,2278.64657,2278.70235,0.05577,0.00053,32.45842,32.45842,False,0.02557,-0.03082,-0.01304,1.40155,-0.00029,-0.01304,1.40155,-0.00029,52.4688,1.4016072,0.02671315,85418.395,79437.939,-5418.395,562.061,False,False,-0.28132
250.72,TGO,THRUST,80135.447,27.1169959,0.2213759,-2627.868,-6.42363,-132.6703,2278.64803,2278.70385,0.05582,0.00053,32.4214,32.4214,False,0.02551,-0.03075,-0.00905,1.39899,-0.00027,-0.00905,1.39899,-0.00027,52.47209,1.3990181,0.02666214,85406.304,79436.13,-5406.304,563.87,False,False,-0.28331
250.86,TGO,THRUST,80134.551,27.1213128,0.2208721,-2621.883,-6.42049,-132.49896,2278.64949,2278.70535,0.05585,0.00053,32.38446,32.38446,False,0.02544,-0.03068,-0.00511,1.39643,-0.00025,-0.00511,1.39643,-0.00025,52.47536,1.3964348,0.02661125,85394.15,79434.428,-5394.15,565.572,False,False,-0.28543
251.02,TGO,THRUST,80133.527,27.1262355,0.2202985,-2615.07,-6.41623,-132.30359,2278.65117,2278.70706,0.0559,0.00053,32.34236,32.34236,False,0.02536,-0.0306,-0.00067,1.39349,-0.00023,-0.00067,1.39349,-0.00023,52.4791,1.3934893,0.02655322,85380.183,79432.614,-5380.183,567.386,False,False,-0.28765
251.16,TGO,THRUST,80132.633,27.130534,0.2197985,-2609.132,-6.4119,-132.13301,2278.65264,2278.70856,0.05593,0.00054,32.30561,32.30561,False,0.0253,-0.03053,0.00316,1.39091,-0.00021,0.00316,1.39091,-0.00021,52.48236,1.3909139,0.0265025,85367.889,79431.145,-5367.889,568.855,False,False,-0.28919
251.3,TGO,THRUST,80131.739,27.1348231,0.2193003,-2603.214,-6.40706,-131.96283,2278.65411,2278.71006,0.05596,0.00054,32.26896,32.26896,False,0.02523,-0.03046,0.00694,1.38833,-0.00019,0.00694,1.38833,-0.00019,52.48562,1.3883473,0.02645196,85355.538,79429.78,-5355.538,570.22,False,False,-0.29095
251.44,TGO,THRUST,80130.845,27.1391032,0.2188039,-2597.318,-6.4017,-131.79303,2278.65558,2278.71156,0.05598,0.00054,32.2324,32.2324,False,0.02516,-0.03039,0.01068,1.38574,-0.00017,0.01068,1.38574,-0.00017,52.48888,1.3857855,0.02640151,85343.13,79428.518,-5343.13,571.482,False,False,-0.29284
251.6,TGO,THRUST,80129.825,27.1439839,0.2182387,-2590.606,-6.39494,-131.59942,2278.65726,2278.71327,0.05601,0.00054,32.19072,32.19072,False,0.02509,-0.03032,0.01488,1.38278,-0.00014,0.01488,1.38278,-0.00014,52.49258,1.3828634,0.02634398,85328.877,79427.203,-5328.877,572.797,False,False,-0.29481
251.74,TGO,THRUST,80128.927,27.1482457,0.2177462,-2584.755,-6.38846,-131.43038,2278.65874,2278.71477,0.05602,0.00054,32.15435,32.15435,False,0.02502,-0.03025,0.01852,1.38018,-0.00012,0.01852,1.38018,-0.00012,52.49582,1.3803076,0.02629367,85316.339,79426.165,-5316.339,573.835,False,False,-0.29585
251.88,TGO,THRUST,80128.035,27.152498,0.2172553,-2578.925,-6.38149,-131.26174,2278.66024,2278.71627,0.05603,0.00054,32.11807,32.11807,False,0.02496,-0.03018,0.02214,1.37758,-0.0001,0.02214,1.37758,-0.0001,52.49906,1.3777608,0.02624353,85303.75,79425.222,-5303.75,574.778,False,False,-0.29582
252.02,TGO,THRUST,80127.145,27.1567412,0.2167663,-2573.117,-6.37403,-131.09348,2278.66172,2278.71776,0.05604,0.00054,32.08187,32.08187,False,0.02489,-0.03011,0.02567,1.37498,-8E-05,0.02567,1.37498,-8E-05,52.50228,1.3752167,0.02619347,85291.105,79424.385,-5291.105,575.615,False,False,-0.29755
252.18,TGO,THRUST,80126.13,27.1615797,0.2162095,-2566.504,-6.36491,-130.90165,2278.66341,2278.71946,0.05605,0.00054,32.04062,32.04062,False,0.02482,-0.03003,0.02965,1.37199,-5E-05,0.02965,1.37199,-5E-05,52.50597,1.3723137,0.02613634,85276.589,79423.548,-5276.589,576.452,False,False,-0.29948
252.32,TGO,THRUST,80125.243,27.1658044,0.2157242,-2560.74,-6.3564,-130.73416,2278.66489,2278.72095,0.05606,0.00054,32.00463,32.00463,False,0.02475,-0.02997,0.03308,1.36937,-3E-05,0.03308,1.36937,-3E-05,52.50918,1.3697735,0.02608636,85263.824,79422.927,-5263.824,577.073,False,False,-0.30085
252.46,TGO,THRUST,80124.357,27.1700196,0.2152407,-2554.997,-6.34741,-130.56708,2278.66638,2278.72244,0.05606,0.00055,31.96872,31.96872,False,0.02469,-0.0299,0.03646,1.36675,0,0.03646,1.36675,0,52.51239,1.3672402,0.02603652,85251.012,79422.401,-5251.012,577.599,False,False,-0.30242
252.6,TGO,THRUST,80123.472,27.1742257,0.2147589,-2549.275,-6.33797,-130.40038,2278.66786,2278.72392,0.05606,0.00055,31.9329,31.9329,False,0.02463,-0.02983,0.0398,1.36413,2E-05,0.0398,1.36413,2E-05,52.5156,1.3647101,0.02598676,85238.149,79421.97,-5238.149,578.03,False,False,-0.30414
252.76,TGO,THRUST,80122.463,27.1790217,0.2142105,-2542.761,-6.32662,-130.21032,2278.66956,2278.72561,0.05606,0.00055,31.89207,31.89207,False,0.02455,-0.02975,0.04355,1.36113,5E-05,0.04355,1.36113,5E-05,52.51925,1.3618219,0.02592996,85223.386,79421.594,-5223.386,578.406,False,False,-0.3059
252.9,TGO,THRUST,80121.582,27.1832092,0.2137324,-2537.083,-6.31618,-130.0444,2278.67104,2278.72709,0.05605,0.00055,31.85645,31.85645,False,0.02449,-0.02969,0.04679,1.35849,8E-05,0.04679,1.35849,8E-05,52.52245,1.3592939,0.02588025,85210.411,79421.37,-5210.411,578.63,False,False,-0.30708
253.04,TGO,THRUST,80120.701,27.1873871,0.2132561,-2531.426,-6.3053,-129.87889,2278.67252,2278.72857,0.05604,0.00055,31.82091,31.82091,False,0.02443,-0.02962,0.04997,1.35585,0.00011,0.04997,1.35585,0.00011,52.52563,1.3567721,0.02583067,85197.393,79421.237,-5197.393,578.763,False,False,-0.30841
253.18,TGO,THRUST,80119.823,27.191556,0.2127816,-2525.789,-6.29399,-129.71376,2278.67401,2278.73004,0.05603,0.00055,31.78546,31.78546,False,0.02436,-0.02955,0.05312,1.35321,0.00014,0.05312,1.35321,0.00014,52.52881,1.3542525,0.02578114,85184.329,79421.195,-5184.329,578.805,False,False,-0.30984
253.34,TGO,THRUST,80118.821,27.1963093,0.2122413,-2519.372,-6.28053,-129.5255,2278.67571,2278.73172,0.05601,0.00055,31.74506,31.74506,False,0.02429,-0.02948,0.05665,1.35019,0.00017,0.05665,1.35019,0.00017,52.53244,1.3513756,0.02572459,85169.344,79421.258,-5169.344,578.742,False,False,-0.31124
253.48,TGO,THRUST,80117.946,27.2004595,0.2117704,-2513.78,-6.26828,-129.36115,2278.67719,2278.73319,0.056,0.00055,31.70981,31.70981,False,0.02423,-0.02941,0.0597,1.34753,0.0002,0.0597,1.34753,0.0002,52.53561,1.3488566,0.02567509,85156.18,79421.413,-5156.18,578.587,False,False,-0.31214
253.62,TGO,THRUST,80117.073,27.2045999,0.2113013,-2508.207,-6.25562,-129.19721,2278.67868,2278.73465,0.05597,0.00055,31.67464,31.67464,False,0.02417,-0.02934,0.0627,1.34488,0.00023,0.0627,1.34488,0.00023,52.53877,1.3463431,0.02562571,85142.978,79421.655,-5142.978,578.345,False,False,-0.31318
253.76,TGO,THRUST,80116.201,27.2087313,0.2108338,-2502.655,-6.24255,-129.03365,2278.68016,2278.73611,0.05595,0.00055,31.63957,31.63957,False,0.02411,-0.02928,0.06565,1.34223,0.00026,0.06565,1.34223,0.00026,52.54193,1.3438312,0.02557636,85129.736,79421.983,-5129.736,578.017,False,False,-0.31432
253.92,TGO,THRUST,80115.208,27.2134418,0.2103016,-2496.335,-6.22713,-128.8472,2278.68186,2278.73778,0.05592,0.00055,31.59959,31.59959,False,0.02404,-0.0292,0.06897,1.33919,0.00029,0.06897,1.33919,0.00029,52.54553,1.3409622,0.02552001,85114.552,79422.462,-5114.552,577.538,False,False,-0.31541
254.06,TGO,THRUST,80114.34,27.2175545,0.2098378,-2490.826,-6.21318,-128.68443,2278.68334,2278.73923,0.05589,0.00055,31.5647,31.5647,False,0.02397,-0.02914,0.07183,1.33652,0.00032,0.07183,1.33652,0.00032,52.54867,1.3384495,0.02547066,85101.219,79422.977,-5101.219,577.023,False,False,-0.31607
254.2,TGO,THRUST,80113.475,27.2216574,0.2093757,-2485.338,-6.19885,-128.52208,2278.68482,2278.74069,0.05586,0.00055,31.52991,31.52991,False,0.02391,-0.02907,0.07465,1.33385,0.00036,0.07465,1.33385,0.00036,52.55181,1.3359415,0.02542142,85087.853,79423.573,-5087.853,576.427,False,False,-0.31688
254.34,TGO,THRUST,80112.612,27.2257512,0.2089153,-2479.869,-6.18414,-128.36011,2278.68631,2278.74213,0.05583,0.00055,31.4952,31.4952,False,0.02385,-0.02901,0.07742,1.33119,0.00039,0.07742,1.33119,0.00039,52.55494,1.3334346,0.0253722,85074.452,79424.251,-5074.452,575.749,False,False,-0.3178
254.5,TGO,THRUST,80111.628,27.2304188,0.2083912,-2473.644,-6.16687,-128.17547,2278.688,2278.74378,0.05579,0.00055,31.45564,31.45564,False,0.02378,-0.02893,0.08053,1.32813,0.00042,0.08053,1.32813,0.00042,52.55852,1.3305705,0.02531598,85059.094,79425.124,-5059.094,574.876,False,False,-0.31867
254.64,TGO,THRUST,80110.769,27.2344938,0.2079344,-2468.218,-6.15134,-128.01429,2278.68948,2278.74523,0.05574,0.00056,31.42113,31.42113,False,0.02372,-0.02887,0.08321,1.32545,0.00046,0.08321,1.32545,0.00046,52.56164,1.3280614,0.02526674,85045.615,79425.979,-5045.615,574.021,False,False,-0.31915
254.78,TGO,THRUST,80109.912,27.2385591,0.2074792,-2462.813,-6.13545,-127.85353,2278.69096,2278.74666,0.0557,0.00055,31.3867,31.3867,False,0.02366,-0.0288,0.08584,1.32277,0.00049,0.08584,1.32277,0.00049,52.56475,1.3255566,0.02521759,85032.107,79426.91,-5032.107,573.09,False,False,-0.31978
254.92,TGO,THRUST,80109.058,27.2426152,0.2070258,-2457.427,-6.11921,-127.69315,2278.69244,2278.7481,0.05565,0.00056,31.35236,31.35236,False,0.0236,-0.02874,0.08844,1.32009,0.00052,0.08844,1.32009,0.00052,52.56786,1.3230522,0.02516846,85018.57,79427.918,-5018.57,572.082,False,False,-0.3205
255.08,TGO,THRUST,80108.085,27.2472397,0.2065095,-2451.296,-6.10021,-127.51033,2278.69413,2278.74973,0.0556,0.00055,31.31323,31.31323,False,0.02353,-0.02866,0.09135,1.31703,0.00056,0.09135,1.31703,0.00056,52.57141,1.3201904,0.02511232,85003.062,79429.164,-5003.062,570.836,False,False,-0.32119
255.22,TGO,THRUST,80107.235,27.251277,0.2060596,-2445.953,-6.0832,-127.35075,2278.69561,2278.75115,0.05554,0.00056,31.27908,31.27908,False,0.02347,-0.0286,0.09385,1.31434,0.00059,0.09385,1.31434,0.00059,52.57451,1.3176827,0.02506315,84989.458,79430.338,-4989.458,569.662,False,False,-0.32154
255.36,TGO,THRUST,80106.388,27.2553045,0.2056114,-2440.629,-6.06586,-127.19158,2278.69709,2278.75258,0.05549,0.00055,31.24502,31.24502,False,0.02342,-0.02853,0.09631,1.31165,0.00063,0.09631,1.31165,0.00063,52.5776,1.3151788,0.02501405,84975.829,79431.585,-4975.829,568.415,False,False,-0.32202
255.5,TGO,THRUST,80105.544,27.2593229,0.2051648,-2435.325,-6.04818,-127.0328,2278.69856,2278.75399,0.05543,0.00055,31.21105,31.21105,False,0.02336,-0.02847,0.09873,1.30896,0.00066,0.09873,1.30896,0.00066,52.58068,1.3126749,0.02496496,84962.174,79432.903,-4962.174,567.097,False,False,-0.3226
255.66,TGO,THRUST,80104.582,27.2639042,0.2046564,-2429.287,-6.02758,-126.85181,2278.70025,2278.75561,0.05536,0.00055,31.17234,31.17234,False,0.02329,-0.0284,0.10144,1.30588,0.0007,0.10144,1.30588,0.0007,52.58421,1.309813,0.02490887,84946.536,79434.498,-4946.536,565.502,False,False,-0.32313
255.8,TGO,THRUST,80103.743,27.2679037,0.2042134,-2424.025,-6.00919,-126.69383,2278.70172,2278.75701,0.0553,0.00056,31.13856,31.13856,False,0.02323,-0.02833,0.10377,1.30318,0.00073,0.10377,1.30318,0.00073,52.58728,1.3073048,0.02485971,84932.823,79435.972,-4932.823,564.028,False,False,-0.32333
255.94,TGO,THRUST,80102.907,27.2718935,0.2037719,-2418.782,-5.9905,-126.53626,2278.70318,2278.75842,0.05524,0.00055,31.10487,31.10487,False,0.02317,-0.02827,0.10605,1.30048,0.00077,0.10605,1.30048,0.00077,52.59035,1.3048,0.02481064,84919.089,79437.513,-4919.089,562.487,False,False,-0.32367
256.08,TGO,THRUST,80102.073,27.275874,0.2033321,-2413.558,-5.97149,-126.37909,2278.70465,2278.75982,0.05517,0.00055,31.07126,31.07126,False,0.02311,-0.0282,0.1083,1.29778,0.0008,0.1083,1.29778,0.0008,52.59341,1.3022947,0.02476156,84905.335,79439.121,-4905.335,560.879,False,False,-0.32412
256.24,TGO,THRUST,80101.123,27.2804121,0.2028315,-2407.612,-5.9494,-126.19993,2278.70632,2278.76141,0.05509,0.00055,31.03297,31.03297,False,0.02305,-0.02813,0.11082,1.2947,0.00085,0.11082,1.2947,0.00085,52.5969,1.2994308,0.02470546,84889.592,79441.041,-4889.592,558.959,False,False,-0.32448
256.38,TGO,THRUST,80100.295,27.2843738,0.2023952,-2402.43,-5.92974,-126.04356,2278.70778,2278.7628,0.05502,0.00055,30.99955,30.99955,False,0.02299,-0.02807,0.11298,1.29199,0.00088,0.11298,1.29199,0.00088,52.59996,1.2969204,0.0246563,84875.791,79442.795,-4875.791,557.205,False,False,-0.32455
256.52,TGO,THRUST,80099.47,27.2883256,0.2019605,-2397.268,-5.90979,-125.8876,2278.70924,2278.76419,0.05495,0.00055,30.96622,30.96622,False,0.02293,-0.02801,0.11511,1.28928,0.00092,0.11511,1.28928,0.00092,52.603,1.294413,0.02460721,84861.976,79444.611,-4861.976,555.389,False,False,-0.32477
256.66,TGO,THRUST,80098.648,27.2922684,0.2015274,-2392.124,-5.88955,-125.73203,2278.7107,2278.76557,0.05487,0.00055,30.93299,30.93299,False,0.02288,-0.02794,0.11719,1.28658,0.00095,0.11719,1.28658,0.00095,52.60604,1.2919048,0.02455811,84848.145,79446.489,-4848.145,553.511,False,False,-0.32508
256.82,TGO,THRUST,80097.712,27.2967632,0.2010344,-2386.269,-5.86608,-125.55471,2278.71236,2278.76714,0.05478,0.00055,30.89511,30.89511,False,0.02281,-0.02787,0.11952,1.28348,0.00099,0.11952,1.28348,0.00099,52.6095,1.2890372,0.02450198,84832.319,79448.712,-4832.319,551.288,False,False,-0.32531
256.96,TGO,THRUST,80096.895,27.3006869,0.2006048,-2381.166,-5.84524,-125.39995,2278.71381,2278.76851,0.0547,0.00055,30.86206,30.86206,False,0.02276,-0.02781,0.12152,1.28077,0.00103,0.12152,1.28077,0.00103,52.61253,1.2865231,0.02445279,84818.451,79450.725,-4818.451,549.275,False,False,-0.32535
257.1,TGO,THRUST,80096.082,27.3046009,0.2001767,-2376.082,-5.82413,-125.2456,2278.71526,2278.76987,0.05462,0.00055,30.82909,30.82909,False,0.0227,-0.02775,0.12348,1.27806,0.00107,0.12348,1.27806,0.00107,52.61555,1.2840118,0.02440365,84804.574,79452.795,-4804.574,547.205,False,False,-0.32549
257.24,TGO,THRUST,80095.272,27.3085058,0.1997503,-2371.018,-5.80276,-125.09164,2278.7167,2278.77123,0.05453,0.00055,30.79622,30.79622,False,0.02264,-0.02769,0.1254,1.27535,0.00111,0.1254,1.27535,0.00111,52.61856,1.2814994,0.02435451,84790.685,79454.924,-4790.685,545.076,False,False,-0.32572
257.4,TGO,THRUST,80094.349,27.3129573,0.1992648,-2365.252,-5.77802,-124.91617,2278.71835,2278.77278,0.05444,0.00055,30.75875,30.75875,False,0.02258,-0.02761,0.12755,1.27225,0.00115,0.12755,1.27225,0.00115,52.622,1.2786266,0.02429833,84774.798,79457.426,-4774.798,542.574,False,False,-0.32584
257.54,TGO,THRUST,80093.546,27.3168432,0.1988418,-2360.228,-5.75609,-124.76302,2278.71979,2278.77413,0.05435,0.00055,30.72607,30.72607,False,0.02252,-0.02755,0.12939,1.26953,0.00119,0.12939,1.26953,0.00119,52.62501,1.2761077,0.02424907,84760.883,79459.679,-4760.883,540.321,False,False,-0.32573
257.68,TGO,THRUST,80092.74,27.3207193,0.1984203,-2355.222,-5.73392,-124.61028,2278.72122,2278.77548,0.05426,0.00054,30.69347,30.69347,False,0.02247,-0.02749,0.13119,1.26682,0.00122,0.13119,1.26682,0.00122,52.62801,1.2735914,0.02419988,84746.963,79461.984,-4746.963,538.016,False,False,-0.32579
257.82,TGO,THRUST,80091.94,27.3245863,0.1980003,-2350.235,-5.71151,-124.45793,2278.72268,2278.77683,0.05415,0.00055,30.66095,30.66095,False,0.02241,-0.02743,0.13301,1.2641,0.00126,0.13301,1.2641,0.00126,52.631,1.2710798,0.02415078,84733.037,79464.336,-4733.037,535.664,False,False,-0.32365
257.98,TGO,THRUST,80091.032,27.3289945,0.1975224,-2344.558,-5.68561,-124.2843,2278.72431,2278.77835,0.05404,0.00055,30.6239,30.6239,False,0.02235,-0.02736,0.13498,1.261,0.0013,0.13498,1.261,0.0013,52.63441,1.2682008,0.02409452,84717.114,79467.095,-4717.114,532.905,False,False,-0.32369
258.12,TGO,THRUST,80090.241,27.3328426,0.1971058,-2339.611,-5.66268,-124.13277,2278.72573,2278.77968,0.05395,0.00054,30.59157,30.59157,False,0.0223,-0.0273,0.13667,1.25828,0.00134,0.13667,1.25828,0.00134,52.63739,1.2656762,0.02404519,84703.171,79469.567,-4703.171,530.433,False,False,-0.32369
258.26,TGO,THRUST,80089.454,27.3366808,0.1966908,-2334.682,-5.63954,-123.98165,2278.72715,2278.781,0.05385,0.00054,30.55933,30.55933,False,0.02224,-0.02724,0.13832,1.25556,0.00138,0.13832,1.25556,0.00138,52.64036,1.2631539,0.02399592,84689.226,79472.087,-4689.226,527.913,False,False,-0.32387
258.4,TGO,THRUST,80088.669,27.3405099,0.1962774,-2329.772,-5.61617,-123.83092,2278.72857,2278.78232,0.05375,0.00054,30.52718,30.52718,False,0.02219,-0.02718,0.13993,1.25284,0.00142,0.13993,1.25284,0.00142,52.64333,1.2606302,0.02394663,84675.278,79474.655,-4675.278,525.345,False,False,-0.32421
258.56,TGO,THRUST,80087.777,27.3448749,0.1958067,-2324.183,-5.58921,-123.65913,2278.73018,2278.78382,0.05364,0.00054,30.49054,30.49054,False,0.02213,-0.02711,0.14174,1.24973,0.00146,0.14174,1.24973,0.00146,52.64671,1.2577439,0.02389027,84659.334,79477.649,-4659.334,522.351,False,False,-0.32433
258.7,TGO,THRUST,80087,27.348685,0.1953966,-2319.312,-5.56537,-123.50921,2278.73159,2278.78512,0.05354,0.00054,30.45857,30.45857,False,0.02207,-0.02705,0.14327,1.24701,0.0015,0.14327,1.24701,0.0015,52.64967,1.2552128,0.02384085,84645.376,79480.321,-4645.376,519.679,False,False,-0.32425
258.84,TGO,THRUST,80086.226,27.3524854,0.194988,-2314.459,-5.54133,-123.35971,2278.73299,2278.78642,0.05344,0.00054,30.42669,30.42669,False,0.02202,-0.02699,0.14477,1.24429,0.00154,0.14477,1.24429,0.00154,52.65261,1.252684,0.02379149,84631.422,79483.037,-4631.422,516.963,False,False,-0.32431
258.98,TGO,THRUST,80085.455,27.3562767,0.194581,-2309.625,-5.5171,-123.21059,2278.73439,2278.78772,0.05333,0.00054,30.3949,30.3949,False,0.02196,-0.02693,0.14624,1.24157,0.00158,0.14624,1.24157,0.00158,52.65556,1.2501536,0.0237421,84617.469,79485.796,-4617.469,514.204,False,False,-0.32435
259.14,TGO,THRUST,80084.579,27.3605984,0.1941176,-2304.122,-5.48917,-123.04066,2278.73597,2278.78919,0.05322,0.00053,30.35867,30.35867,False,0.0219,-0.02686,0.14788,1.23846,0.00163,0.14788,1.23846,0.00163,52.65892,1.2472596,0.02368563,84601.523,79489.002,-4601.523,510.998,False,False,-0.32423
259.28,TGO,THRUST,80083.816,27.3643707,0.1937138,-2299.327,-5.46451,-122.89235,2278.73736,2278.79047,0.05311,0.00053,30.32706,30.32706,False,0.02185,-0.0268,0.14927,1.23574,0.00167,0.14927,1.23574,0.00167,52.66185,1.2447216,0.02363612,84587.57,79491.855,-4587.57,508.145,False,False,-0.32396
259.42,TGO,THRUST,80083.056,27.3681333,0.1933115,-2294.549,-5.43967,-122.74447,2278.73874,2278.79175,0.05301,0.00053,30.29554,30.29554,False,0.0218,-0.02674,0.15063,1.23302,0.00171,0.15063,1.23302,0.00171,52.66478,1.2421858,0.02358665,84573.624,79494.746,-4573.624,505.254,False,False,-0.32382
259.56,TGO,THRUST,80082.3,27.3718868,0.1929108,-2289.79,-5.41466,-122.59697,2278.74011,2278.79302,0.05291,0.00053,30.2641,30.2641,False,0.02175,-0.02668,0.15195,1.2303,0.00176,0.15195,1.2303,0.00176,52.66769,1.2396483,0.02353717,84559.683,79497.675,-4559.683,502.325,False,False,-0.32381
259.72,TGO,THRUST,80081.44,27.3761653,0.1924546,-2284.372,-5.38586,-122.42888,2278.74167,2278.79446,0.05279,0.00053,30.22828,30.22828,False,0.02169,-0.02662,0.15342,1.22719,0.00181,0.15342,1.22719,0.00181,52.67102,1.2367461,0.02348058,84543.759,79501.07,-4543.759,498.93,False,False,-0.32358
259.86,TGO,THRUST,80080.691,27.3798999,0.1920571,-2279.651,-5.36046,-122.28219,2278.74304,2278.79572,0.05268,0.00053,30.19703,30.19703,False,0.02163,-0.02656,0.15468,1.22447,0.00185,0.15468,1.22447,0.00185,52.67393,1.2342009,0.02343096,84529.827,79504.084,-4529.827,495.916,False,False,-0.32316
260,TGO,THRUST,80079.946,27.3836247,0.191661,-2274.948,-5.33491,-122.13592,2278.74439,2278.79697,0.05258,0.00053,30.16586,30.16586,False,0.02158,-0.0265,0.1559,1.22175,0.0019,0.1559,1.22175,0.0019,52.67683,1.2316579,0.0233814,84515.907,79507.132,-4515.907,492.868,False,False,-0.32288
260.14,TGO,THRUST,80079.204,27.3873405,0.1912665,-2270.262,-5.3092,-121.99004,2278.74574,2278.79822,0.05248,0.00053,30.13478,30.13478,False,0.02153,-0.02644,0.15708,1.21903,0.00194,0.15708,1.21903,0.00194,52.67973,1.2291131,0.0233318,84501.998,79510.214,-4501.998,489.786,False,False,-0.3226
260.3,TGO,THRUST,80078.361,27.3915759,0.1908174,-2264.929,-5.27963,-121.8238,2278.74728,2278.79964,0.05236,0.00053,30.09936,30.09936,False,0.02147,-0.02637,0.1584,1.21593,0.00199,0.1584,1.21593,0.00199,52.68303,1.2262027,0.0232751,84486.113,79513.777,-4486.113,486.223,False,False,-0.32215
260.44,TGO,THRUST,80077.627,27.3952728,0.1904261,-2260.281,-5.25357,-121.67873,2278.74862,2278.80087,0.05225,0.00052,30.06846,30.06846,False,0.02142,-0.02632,0.15952,1.21321,0.00204,0.15952,1.21321,0.00204,52.68591,1.2236502,0.02322538,84472.222,79516.933,-4472.222,483.067,False,False,-0.32162
260.58,TGO,THRUST,80076.897,27.39896,0.1900362,-2255.651,-5.22738,-121.53407,2278.74995,2278.8021,0.05214,0.00052,30.03765,30.03765,False,0.02137,-0.02626,0.16061,1.21049,0.00209,0.16061,1.21049,0.00209,52.68879,1.2210999,0.02317571,84458.347,79520.118,-4458.347,479.882,False,False,-0.32113
260.72,TGO,THRUST,80076.171,27.4026381,0.1896478,-2251.039,-5.20105,-121.3898,2278.75128,2278.80332,0.05204,0.00052,30.00692,30.00692,False,0.02132,-0.0262,0.16166,1.20777,0.00213,0.16166,1.20777,0.00213,52.69166,1.2185479,0.02312601,84444.486,79523.333,-4444.486,476.667,False,False,-0.32066
260.88,TGO,THRUST,80075.345,27.4068305,0.1892057,-2245.788,-5.1708,-121.22541,2278.75279,2278.8047,0.05192,0.00052,29.97191,29.97191,False,0.02126,-0.02614,0.16283,1.20467,0.00219,0.16283,1.20467,0.00219,52.69494,1.2156292,0.02306918,84428.662,79527.044,-4428.662,472.956,False,False,-0.32
261.02,TGO,THRUST,80074.626,27.4104898,0.1888204,-2241.213,-5.14417,-121.08195,2278.7541,2278.80591,0.05181,0.00052,29.94136,29.94136,False,0.02121,-0.02608,0.16382,1.20196,0.00223,0.16382,1.20196,0.00223,52.6978,1.2130695,0.02301936,84414.829,79530.323,-4414.829,469.677,False,False,-0.31937
261.16,TGO,THRUST,80073.911,27.4141394,0.1884366,-2236.655,-5.11742,-120.9389,2278.75541,2278.80711,0.0517,0.00052,29.9109,29.9109,False,0.02116,-0.02602,0.16478,1.19924,0.00228,0.16478,1.19924,0.00228,52.70065,1.2105121,0.02296959,84401.017,79533.628,-4401.017,466.372,False,False,-0.31874
261.3,TGO,THRUST,80073.2,27.41778,0.1880543,-2232.114,-5.09055,-120.79625,2278.75671,2278.80831,0.05159,0.00052,29.88053,29.88053,False,0.02111,-0.02597,0.1657,1.19653,0.00233,0.1657,1.19653,0.00233,52.7035,1.207953,0.02291979,84387.222,79536.958,-4387.222,463.042,False,False,-0.31818
261.46,TGO,THRUST,80072.392,27.4219296,0.1876191,-2226.946,-5.0597,-120.63369,2278.75819,2278.80967,0.05147,0.00052,29.84591,29.84591,False,0.02105,-0.0259,0.16673,1.19343,0.00238,0.16673,1.19343,0.00238,52.70674,1.2050263,0.02286285,84371.479,79540.795,-4371.479,459.205,False,False,-0.31746
261.6,TGO,THRUST,80071.689,27.4255514,0.1872398,-2222.442,-5.03256,-120.49185,2278.75949,2278.81085,0.05136,0.00052,29.81572,29.81572,False,0.021,-0.02584,0.16759,1.19072,0.00243,0.16759,1.19072,0.00243,52.70958,1.2024596,0.02281292,84357.722,79544.181,-4357.722,455.819,False,False,-0.31676
261.74,TGO,THRUST,80070.99,27.4291636,0.186862,-2217.956,-5.00533,-120.35041,2278.76077,2278.81202,0.05125,0.00051,29.7856,29.7856,False,0.02095,-0.02579,0.16842,1.18801,0.00248,0.16842,1.18801,0.00248,52.71241,1.1998954,0.02276305,84343.989,79547.587,-4343.989,452.413,False,False,-0.31616
261.88,TGO,THRUST,80070.294,27.4327667,0.1864856,-2213.486,-4.97799,-120.20937,2278.76205,2278.81319,0.05114,0.00051,29.75558,29.75558,False,0.02091,-0.02573,0.16923,1.18531,0.00253,0.16923,1.18531,0.00253,52.71523,1.1973295,0.02271316,84330.278,79551.016,-4330.278,448.984,False,False,-0.31558
262.04,TGO,THRUST,80069.504,27.4368736,0.1860572,-2208.399,-4.94663,-120.04865,2278.7635,2278.81452,0.05102,0.00051,29.72136,29.72136,False,0.02085,-0.02567,0.17011,1.18222,0.00259,0.17011,1.18222,0.00259,52.71845,1.1943952,0.02265612,84314.636,79554.96,-4314.636,445.04,False,False,-0.31486
262.18,TGO,THRUST,80068.817,27.4404581,0.1856839,-2203.965,-4.91906,-119.90841,2278.76477,2278.81567,0.0509,0.00051,29.69152,29.69152,False,0.0208,-0.02561,0.17086,1.17951,0.00264,0.17086,1.17951,0.00264,52.72126,1.191822,0.0226061,84300.971,79558.435,-4300.971,441.565,False,False,-0.31407
262.32,TGO,THRUST,80068.134,27.4440329,0.185312,-2199.549,-4.89141,-119.76859,2278.76603,2278.81682,0.05079,0.00051,29.66175,29.66175,False,0.02075,-0.02556,0.17157,1.17681,0.00268,0.17157,1.17681,0.00268,52.72406,1.1892514,0.02255614,84287.334,79561.927,-4287.334,438.073,False,False,-0.31335
262.46,TGO,THRUST,80067.454,27.4475988,0.1849415,-2195.149,-4.86368,-119.62915,2278.76729,2278.81796,0.05068,0.00051,29.63207,29.63207,False,0.0207,-0.0255,0.17226,1.17411,0.00273,0.17226,1.17411,0.00273,52.72686,1.1866793,0.02250616,84273.723,79565.438,-4273.723,434.562,False,False,-0.31269
262.62,TGO,THRUST,80066.682,27.451663,0.1845198,-2190.141,-4.83188,-119.47027,2278.76871,2278.81926,0.05055,0.00051,29.59825,29.59825,False,0.02065,-0.02544,0.17301,1.17102,0.00279,0.17301,1.17102,0.00279,52.73005,1.183738,0.02244902,84258.201,79569.47,-4258.201,430.53,False,False,-0.31187
262.76,TGO,THRUST,80066.011,27.4552103,0.1841523,-2185.777,-4.80395,-119.33163,2278.76996,2278.82039,0.05043,0.00051,29.56875,29.56875,False,0.0206,-0.02538,0.17363,1.16832,0.00284,0.17363,1.16832,0.00284,52.73284,1.1811588,0.02239892,84244.646,79573.018,-4244.646,426.982,False,False,-0.31108
262.9,TGO,THRUST,80065.344,27.458748,0.1837863,-2181.43,-4.77596,-119.19341,2278.7712,2278.82151,0.05031,0.00051,29.53933,29.53933,False,0.02055,-0.02533,0.17423,1.16563,0.00289,0.17423,1.16563,0.00289,52.73562,1.1785823,0.02234889,84231.123,79576.579,-4231.123,423.421,False,False,-0.3104
263.04,TGO,THRUST,80064.681,27.4622767,0.1834216,-2177.1,-4.74789,-119.05557,2278.77243,2278.82263,0.0502,0.00051,29.51,29.51,False,0.02051,-0.02528,0.17481,1.16294,0.00294,0.17481,1.16294,0.00294,52.73839,1.1760046,0.02229883,84217.63,79580.155,-4217.63,419.845,False,False,-0.30978
263.2,TGO,THRUST,80063.927,27.4662985,0.1830065,-2172.17,-4.71573,-118.89852,2278.77383,2278.82389,0.05006,0.0005,29.47657,29.47657,False,0.02045,-0.02521,0.17543,1.15986,0.00299,0.17543,1.15986,0.00299,52.74155,1.1730571,0.02224161,84202.246,79584.258,-4202.246,415.742,False,False,-0.309
263.34,TGO,THRUST,80063.272,27.4698087,0.1826448,-2167.875,-4.68751,-118.76148,2278.77506,2278.82499,0.04994,0.0005,29.44741,29.44741,False,0.0204,-0.02516,0.17594,1.15717,0.00304,0.17594,1.15717,0.00304,52.74431,1.1704726,0.02219145,84188.817,79587.863,-4188.817,412.137,False,False,-0.30821
263.48,TGO,THRUST,80062.621,27.4733094,0.1822845,-2163.596,-4.65923,-118.62486,2278.77627,2278.82609,0.04981,0.0005,29.41834,29.41834,False,0.02036,-0.02511,0.17643,1.15448,0.00309,0.17643,1.15448,0.00309,52.74707,1.167891,0.02214134,84175.423,79591.479,-4175.423,408.521,False,False,-0.30749
263.62,TGO,THRUST,80061.974,27.4768011,0.1819255,-2159.334,-4.6309,-118.48863,2278.77749,2278.82718,0.04969,0.0005,29.38934,29.38934,False,0.02031,-0.02505,0.1769,1.1518,0.00313,0.1769,1.1518,0.00313,52.74982,1.1653084,0.02209123,84162.063,79595.105,-4162.063,404.895,False,False,-0.3068
263.78,TGO,THRUST,80061.24,27.4807807,0.181517,-2154.482,-4.59845,-118.3334,2278.77887,2278.82841,0.04954,0.00049,29.35631,29.35631,False,0.02026,-0.02499,0.17739,1.14873,0.00319,0.17739,1.14873,0.00319,52.75295,1.1623555,0.02203394,84146.837,79599.261,-4146.837,400.739,False,False,-0.30597
263.92,TGO,THRUST,80060.601,27.484254,0.181161,-2150.254,-4.56999,-118.19796,2278.78007,2278.82949,0.04941,0.0005,29.32749,29.32749,False,0.02021,-0.02494,0.1778,1.14605,0.00323,0.1778,1.14605,0.00323,52.75569,1.1597664,0.02198372,84133.549,79602.909,-4133.549,397.091,False,False,-0.3052
264.06,TGO,THRUST,80059.966,27.4877177,0.1808063,-2146.043,-4.5415,-118.06293,2278.78127,2278.83055,0.04928,0.00049,29.29876,29.29876,False,0.02017,-0.02488,0.17819,1.14337,0.00328,0.17819,1.14337,0.00328,52.75842,1.1571806,0.02193357,84120.301,79606.563,-4120.301,393.437,False,False,-0.30454
264.2,TGO,THRUST,80059.336,27.4911726,0.180453,-2141.847,-4.51296,-117.92829,2278.78246,2278.83161,0.04915,0.00049,29.2701,29.2701,False,0.02012,-0.02483,0.17855,1.1407,0.00332,0.17855,1.1407,0.00332,52.76115,1.1545939,0.02188341,84107.09,79610.225,-4107.09,389.775,False,False,-0.30383
264.36,TGO,THRUST,80058.62,27.4951102,0.1800509,-2137.072,-4.48029,-117.77488,2278.78382,2278.83282,0.04899,0.00049,29.23746,29.23746,False,0.02007,-0.02477,0.17893,1.13765,0.00338,0.17893,1.13765,0.00338,52.76425,1.1516366,0.02182608,84092.039,79614.418,-4092.039,385.582,False,False,-0.30291
264.5,TGO,THRUST,80057.998,27.4985468,0.1797005,-2132.911,-4.45166,-117.64103,2278.78501,2278.83386,0.04885,0.00049,29.20898,29.20898,False,0.02002,-0.02472,0.17923,1.13497,0.00342,0.17923,1.13497,0.00342,52.76697,1.149044,0.02177582,84078.911,79618.094,-4078.911,381.906,False,False,-0.30193
264.64,TGO,THRUST,80057.38,27.5019738,0.1793514,-2128.766,-4.423,-117.50759,2278.78619,2278.8349,0.04871,0.00049,29.18058,29.18058,False,0.01998,-0.02467,0.17951,1.13231,0.00346,0.17951,1.13231,0.00346,52.76967,1.1464548,0.02172564,84065.825,79621.774,-4065.825,378.226,False,False,-0.30099
264.78,TGO,THRUST,80056.766,27.5053921,0.1790037,-2124.637,-4.39432,-117.37453,2278.78737,2278.83594,0.04856,0.00049,29.15227,29.15227,False,0.01993,-0.02461,0.17977,1.12964,0.0035,0.17977,1.12964,0.0035,52.77237,1.1438649,0.02167545,84052.781,79625.457,-4052.781,374.543,False,False,-0.30003
264.94,TGO,THRUST,80056.069,27.5092879,0.1786079,-2119.937,-4.3615,-117.22293,2278.78872,2278.83711,0.04839,0.00048,29.12001,29.12001,False,0.01988,-0.02456,0.18004,1.1266,0.00355,0.18004,1.1266,0.00355,52.77545,1.1409044,0.02161809,84037.926,79629.671,-4037.926,370.329,False,False,-0.29885
265.08,TGO,THRUST,80055.463,27.5126879,0.178263,-2115.841,-4.33275,-117.09067,2278.78989,2278.83813,0.04824,0.00048,29.09186,29.09186,False,0.01984,-0.0245,0.18025,1.12394,0.00359,0.18025,1.12394,0.00359,52.77814,1.1383091,0.02156782,84024.969,79633.361,-4024.969,366.639,False,False,-0.29779
265.22,TGO,THRUST,80054.862,27.5160784,0.1779194,-2111.762,-4.304,-116.95881,2278.79105,2278.83914,0.04808,0.00048,29.0638,29.0638,False,0.01979,-0.02445,0.18043,1.12129,0.00362,0.18043,1.12129,0.00362,52.78082,1.1357176,0.02151762,84012.058,79637.051,-4012.058,362.949,False,False,-0.29671
265.36,TGO,THRUST,80054.264,27.5194603,0.1775772,-2107.697,-4.27523,-116.82733,2278.79221,2278.84014,0.04793,0.00048,29.03582,29.03582,False,0.01975,-0.0244,0.1806,1.11864,0.00366,0.1806,1.11864,0.00366,52.7835,1.1331257,0.02146742,83999.189,79640.741,-3999.189,359.259,False,False,-0.29575
265.52,TGO,THRUST,80053.586,27.5233145,0.1771876,-2103.072,-4.24233,-116.67754,2278.79353,2278.84128,0.04775,0.00048,29.00394,29.00394,False,0.0197,-0.02434,0.18076,1.11561,0.00371,0.18076,1.11561,0.00371,52.78654,1.1301631,0.02141006,83984.534,79644.958,-3984.534,355.042,False,False,-0.2947
265.66,TGO,THRUST,80052.998,27.5266781,0.1768482,-2099.041,-4.21353,-116.54685,2278.79468,2278.84227,0.04759,0.00047,28.97614,28.97614,False,0.01965,-0.02429,0.18087,1.11296,0.00374,0.18087,1.11296,0.00374,52.78921,1.1275663,0.02135979,83971.753,79648.647,-3971.753,351.353,False,False,-0.29366
265.8,TGO,THRUST,80052.413,27.5300324,0.17651,-2095.026,-4.18472,-116.41657,2278.79582,2278.84326,0.04744,0.00047,28.94841,28.94841,False,0.01961,-0.02424,0.18097,1.11032,0.00378,0.18097,1.11032,0.00378,52.79186,1.1249736,0.0213096,83959.018,79652.334,-3959.018,347.666,False,False,-0.29271
265.94,TGO,THRUST,80051.832,27.533378,0.1761732,-2091.026,-4.15592,-116.28667,2278.79695,2278.84423,0.04728,0.00047,28.92076,28.92076,False,0.01957,-0.02419,0.18104,1.10768,0.00382,0.18104,1.10768,0.00382,52.79451,1.1223807,0.02125942,83946.327,79656.017,-3946.327,343.983,False,False,-0.29185
266.1,TGO,THRUST,80051.173,27.5371908,0.1757898,-2086.473,-4.123,-116.13867,2278.79824,2278.84534,0.0471,0.00047,28.88926,28.88926,False,0.01952,-0.02413,0.1811,1.10466,0.00386,0.1811,1.10466,0.00386,52.79754,1.1194174,0.02120208,83931.878,79660.223,-3931.878,339.777,False,False,-0.29079
266.24,TGO,THRUST,80050.601,27.5405183,0.1754557,-2082.506,-4.09419,-116.00955,2278.79936,2278.84631,0.04694,0.00047,28.86178,28.86178,False,0.01948,-0.02408,0.18112,1.10203,0.0039,0.18112,1.10203,0.0039,52.80017,1.1168203,0.02115183,83919.28,79663.899,-3919.28,336.101,False,False,-0.28984
266.38,TGO,THRUST,80050.032,27.5438365,0.1751229,-2078.555,-4.06539,-115.88083,2278.80047,2278.84726,0.04679,0.00047,28.83439,28.83439,False,0.01943,-0.02403,0.18113,1.0994,0.00394,0.18113,1.0994,0.00394,52.80281,1.1142275,0.02110167,83906.73,79667.57,-3906.73,332.43,False,False,-0.28884
266.52,TGO,THRUST,80049.468,27.5471461,0.1747914,-2074.618,-4.0366,-115.7525,2278.80158,2278.84821,0.04663,0.00046,28.80707,28.80707,False,0.01939,-0.02398,0.18112,1.09677,0.00398,0.18112,1.09677,0.00398,52.80543,1.1116349,0.02105153,83894.226,79671.235,-3894.226,328.765,False,False,-0.28779
266.68,TGO,THRUST,80048.828,27.5509178,0.1744141,-2070.137,-4.00372,-115.60629,2278.80283,2278.84929,0.04645,0.00046,28.77594,28.77594,False,0.01934,-0.02393,0.18108,1.09378,0.00402,0.18108,1.09378,0.00402,52.80843,1.1086723,0.02099423,83879.992,79675.415,-3879.992,324.585,False,False,-0.28649
266.82,TGO,THRUST,80048.273,27.5542094,0.1740853,-2066.233,-3.97495,-115.47873,2278.80392,2278.85022,0.0463,0.00046,28.7488,28.7488,False,0.0193,-0.02388,0.18102,1.09116,0.00406,0.18102,1.09116,0.00406,52.81104,1.106076,0.02094403,83867.584,79679.066,-3867.584,320.934,False,False,-0.2853
266.96,TGO,THRUST,80047.721,27.5574917,0.1737577,-2062.344,-3.94621,-115.35158,2278.80501,2278.85115,0.04614,0.00046,28.72173,28.72173,False,0.01926,-0.02383,0.18094,1.08854,0.0041,0.18094,1.08854,0.0041,52.81365,1.1034844,0.02089393,83855.226,79682.709,-3855.226,317.291,False,False,-0.28402
267.1,TGO,THRUST,80047.173,27.5607654,0.1734315,-2058.47,-3.91748,-115.2248,2278.80608,2278.85207,0.04599,0.00045,28.69474,28.69474,False,0.01922,-0.02378,0.18085,1.08593,0.00414,0.18085,1.08593,0.00414,52.81625,1.1008934,0.02084384,83842.916,79686.343,-3842.916,313.657,False,False,-0.28266
267.26,TGO,THRUST,80046.552,27.5644963,0.1730601,-2054.06,-3.88469,-115.08037,2278.8073,2278.85312,0.04582,0.00045,28.66399,28.66399,False,0.01917,-0.02372,0.18072,1.08295,0.00418,0.18072,1.08295,0.00418,52.81921,1.0979328,0.02078662,83828.907,79690.484,-3828.907,309.516,False,False,-0.28115
267.4,TGO,THRUST,80046.013,27.5677523,0.1727365,-2050.218,-3.85602,-114.95437,2278.80836,2278.85402,0.04566,0.00045,28.63716,28.63716,False,0.01913,-0.02367,0.18058,1.08034,0.00422,0.18058,1.08034,0.00422,52.8218,1.0953387,0.02073649,83816.698,79694.098,-3816.698,305.902,False,False,-0.27975
267.54,TGO,THRUST,80045.478,27.570999,0.1724142,-2046.39,-3.82738,-114.82876,2278.80941,2278.85492,0.04551,0.00045,28.61042,28.61042,False,0.01908,-0.02363,0.18043,1.07774,0.00426,0.18043,1.07774,0.00426,52.82438,1.0927496,0.02068646,83804.541,79697.7,-3804.541,302.3,False,False,-0.27839
267.68,TGO,THRUST,80044.947,27.5742372,0.1720931,-2042.577,-3.79878,-114.70353,2278.81045,2278.85582,0.04536,0.00044,28.58375,28.58375,False,0.01904,-0.02358,0.18025,1.07515,0.0043,0.18025,1.07515,0.0043,52.82696,1.0901613,0.02063646,83792.433,79701.292,-3792.433,298.708,False,False,-0.27708
267.84,TGO,THRUST,80044.345,27.5779275,0.1717276,-2038.238,-3.76613,-114.56087,2278.81164,2278.85683,0.04519,0.00044,28.55337,28.55337,False,0.019,-0.02352,0.18004,1.07219,0.00435,0.18004,1.07219,0.00435,52.8299,1.0872043,0.02057934,83778.657,79705.382,-3778.657,294.618,False,False,-0.27552
267.98,TGO,THRUST,80043.823,27.581148,0.1714091,-2034.456,-3.7376,-114.43641,2278.81267,2278.85771,0.04504,0.00044,28.52687,28.52687,False,0.01896,-0.02347,0.17982,1.06959,0.00439,0.17982,1.06959,0.00439,52.83246,1.0846137,0.02052931,83766.654,79708.948,-3766.654,291.052,False,False,-0.27411
268.12,TGO,THRUST,80043.304,27.5843593,0.1710919,-2030.689,-3.70911,-114.31235,2278.81368,2278.85858,0.0449,0.00044,28.50045,28.50045,False,0.01891,-0.02343,0.1796,1.06701,0.00443,0.1796,1.06701,0.00443,52.83502,1.0820284,0.02047938,83754.705,79712.501,-3754.705,287.499,False,False,-0.27272
268.26,TGO,THRUST,80042.79,27.5875622,0.1707759,-2026.937,-3.68067,-114.18866,2278.8147,2278.85945,0.04475,0.00044,28.47411,28.47411,False,0.01887,-0.02338,0.17935,1.06443,0.00447,0.17935,1.06443,0.00447,52.83757,1.0794442,0.02042948,83742.806,79716.04,-3742.806,283.96,False,False,-0.2713
268.42,TGO,THRUST,80042.206,27.5912122,0.1704162,-2022.666,-3.64821,-114.04776,2278.81584,2278.86043,0.04459,0.00044,28.44409,28.44409,False,0.01883,-0.02332,0.17905,1.06149,0.00452,0.17905,1.06149,0.00452,52.84048,1.0764924,0.0203725,83729.27,79720.068,-3729.27,279.932,False,False,-0.26958
268.56,TGO,THRUST,80041.7,27.5943976,0.1701028,-2018.945,-3.61986,-113.92483,2278.81684,2278.86128,0.04445,0.00043,28.41792,28.41792,False,0.01879,-0.02328,0.17877,1.05891,0.00456,0.17877,1.05891,0.00456,52.84302,1.0739066,0.02032258,83717.48,79723.577,-3717.48,276.423,False,False,-0.26815
268.7,TGO,THRUST,80041.198,27.5975738,0.1697905,-2015.238,-3.59157,-113.80231,2278.81782,2278.86213,0.0443,0.00043,28.39181,28.39181,False,0.01875,-0.02323,0.17847,1.05635,0.0046,0.17847,1.05635,0.0046,52.84555,1.0713265,0.02027279,83705.744,79727.07,-3705.744,272.93,False,False,-0.26676
268.84,TGO,THRUST,80040.7,27.6007416,0.1694795,-2011.545,-3.56332,-113.68015,2278.8188,2278.86297,0.04416,0.00043,28.36579,28.36579,False,0.01871,-0.02318,0.17816,1.05378,0.00464,0.17816,1.05378,0.00464,52.84808,1.0687478,0.02022302,83694.061,79730.548,-3694.061,269.452,False,False,-0.26534
269,TGO,THRUST,80040.135,27.6043517,0.1691256,-2007.342,-3.53111,-113.54099,2278.81991,2278.86392,0.04401,0.00043,28.33614,28.33614,False,0.01866,-0.02313,0.17778,1.05086,0.00469,0.17778,1.05086,0.00469,52.85096,1.0658026,0.02016619,83680.774,79734.503,-3680.774,265.497,False,False,-0.26381
269.14,TGO,THRUST,80039.645,27.6075021,0.1688171,-2003.679,-3.50298,-113.41959,2278.82087,2278.86474,0.04387,0.00043,28.31028,28.31028,False,0.01862,-0.02308,0.17743,1.0483,0.00474,0.17743,1.0483,0.00474,52.85347,1.0632231,0.02011643,83669.202,79737.946,-3669.202,262.054,False,False,-0.26241
269.28,TGO,THRUST,80039.159,27.6106435,0.1685098,-2000.031,-3.47492,-113.29859,2278.82182,2278.86556,0.04373,0.00043,28.28449,28.28449,False,0.01858,-0.02304,0.17707,1.04575,0.00478,0.17707,1.04575,0.00478,52.85598,1.0606494,0.02006678,83657.687,79741.372,-3657.687,258.628,False,False,-0.261
269.42,TGO,THRUST,80038.677,27.6137765,0.1682038,-1996.397,-3.44691,-113.17795,2278.82277,2278.86637,0.0436,0.00042,28.25878,28.25878,False,0.01854,-0.02299,0.17669,1.04321,0.00482,0.17669,1.04321,0.00482,52.85848,1.0580776,0.02001718,83646.225,79744.78,-3646.225,255.22,False,False,-0.25965
269.58,TGO,THRUST,80038.131,27.6173469,0.1678554,-1992.261,-3.41498,-113.04053,2278.82384,2278.86729,0.04345,0.00042,28.22949,28.22949,False,0.0185,-0.02294,0.17624,1.04031,0.00487,0.17624,1.04031,0.00487,52.86133,1.0551407,0.01996054,83633.191,79748.653,-3633.191,251.347,False,False,-0.25805
269.72,TGO,THRUST,80037.658,27.6204627,0.1675519,-1988.656,-3.38711,-112.92065,2278.82477,2278.86809,0.04332,0.00042,28.20395,28.20395,False,0.01846,-0.02289,0.17583,1.03777,0.00492,0.17583,1.03777,0.00492,52.86382,1.0525688,0.01991095,83621.843,79752.022,-3621.843,247.978,False,False,-0.2567
269.86,TGO,THRUST,80037.188,27.6235695,0.1672495,-1985.066,-3.35931,-112.80116,2278.82569,2278.86888,0.04319,0.00042,28.17847,28.17847,False,0.01842,-0.02285,0.17541,1.03524,0.00496,0.17541,1.03524,0.00496,52.86631,1.0500031,0.01986148,83610.551,79755.372,-3610.551,244.628,False,False,-0.25532
270,TGO,THRUST,80036.722,27.626668,0.1669482,-1981.489,-3.33158,-112.68203,2278.8266,2278.86966,0.04306,0.00042,28.15308,28.15308,False,0.01838,-0.0228,0.17497,1.03271,0.00501,0.17497,1.03271,0.00501,52.86878,1.0474395,0.01981206,83599.314,79758.703,-3599.314,241.297,False,False,-0.254
270.16,TGO,THRUST,80036.194,27.630199,0.1666054,-1977.419,-3.29998,-112.54634,2278.82763,2278.87055,0.04292,0.00041,28.12414,28.12414,False,0.01834,-0.02275,0.17445,1.02983,0.00506,0.17445,1.02983,0.00506,52.87161,1.0445125,0.01975564,83586.542,79762.485,-3586.542,237.515,False,False,-0.25251
270.3,TGO,THRUST,80035.736,27.6332804,0.1663067,-1973.872,-3.2724,-112.42796,2278.82853,2278.87132,0.04279,0.00041,28.09891,28.09891,False,0.0183,-0.02271,0.17398,1.02731,0.0051,0.17398,1.02731,0.0051,52.87407,1.0419495,0.01970624,83575.425,79765.774,-3575.425,234.226,False,False,-0.25137
270.44,TGO,THRUST,80035.283,27.636353,0.1660091,-1970.338,-3.2449,-112.30997,2278.82942,2278.87208,0.04266,0.00041,28.07375,28.07375,False,0.01826,-0.02266,0.1735,1.0248,0.00515,0.1735,1.0248,0.00515,52.87653,1.0393931,0.01965698,83564.369,79769.042,-3564.369,230.958,False,False,-0.25021
270.58,TGO,THRUST,80034.833,27.6394172,0.1657126,-1966.818,-3.21748,-112.19235,2278.8303,2278.87284,0.04254,0.00041,28.04866,28.04866,False,0.01822,-0.02262,0.17301,1.02229,0.00519,0.17301,1.02229,0.00519,52.87899,1.0368392,0.01960777,83553.37,79772.289,-3553.37,227.711,False,False,-0.24901
270.74,TGO,THRUST,80034.323,27.6429092,0.1653752,-1962.812,-3.18623,-112.05836,2278.83131,2278.8737,0.04239,0.00041,28.02008,28.02008,False,0.01818,-0.02257,0.17243,1.01943,0.00524,0.17243,1.01943,0.00524,52.88178,1.0339235,0.0195516,83540.874,79775.975,-3540.874,224.025,False,False,-0.2477
270.88,TGO,THRUST,80033.881,27.6459565,0.1650812,-1959.322,-3.15898,-111.94148,2278.83219,2278.87444,0.04226,0.00041,27.99515,27.99515,False,0.01814,-0.02252,0.1719,1.01693,0.00529,0.1719,1.01693,0.00529,52.88422,1.0313708,0.01950243,83530.002,79779.178,-3530.002,220.822,False,False,-0.24671
271.02,TGO,THRUST,80033.443,27.6489951,0.1647883,-1955.844,-3.13181,-111.82499,2278.83306,2278.87518,0.04213,0.00041,27.9703,27.9703,False,0.01811,-0.02248,0.17137,1.01444,0.00533,0.17137,1.01444,0.00533,52.88666,1.0288251,0.0194534,83519.192,79782.358,-3519.192,217.642,False,False,-0.24572
271.16,TGO,THRUST,80033.009,27.6520254,0.1644966,-1952.38,-3.10472,-111.70885,2278.83392,2278.87591,0.04199,0.00041,27.94552,27.94552,False,0.01807,-0.02243,0.17082,1.01195,0.00537,0.17082,1.01195,0.00537,52.88908,1.0262822,0.01940442,83508.442,79785.517,-3508.442,214.483,False,False,-0.24475
271.32,TGO,THRUST,80032.517,27.6554787,0.1641646,-1948.438,-3.07387,-111.57657,2278.83491,2278.87674,0.04184,0.0004,27.91729,27.91729,False,0.01803,-0.02238,0.17018,1.00912,0.00541,0.17018,1.00912,0.00541,52.89186,1.0233796,0.01934853,83496.231,79789.1,-3496.231,210.9,False,False,-0.24365
271.46,TGO,THRUST,80032.091,27.6584922,0.1638752,-1945.003,-3.04696,-111.46117,2278.83576,2278.87746,0.0417,0.0004,27.89267,27.89267,False,0.01799,-0.02234,0.1696,1.00664,0.00545,0.1696,1.00664,0.00545,52.89427,1.0208386,0.01929961,83485.609,79792.212,-3485.609,207.788,False,False,-0.24278
271.6,TGO,THRUST,80031.668,27.661497,0.163587,-1941.581,-3.02014,-111.34616,2278.83661,2278.87817,0.04156,0.0004,27.86812,27.86812,False,0.01795,-0.0223,0.16902,1.00417,0.00549,0.16902,1.00417,0.00549,52.89668,1.018305,0.01925083,83475.052,79795.3,-3475.052,204.7,False,False,-0.2419
271.74,TGO,THRUST,80031.25,27.6644937,0.1632999,-1938.172,-2.99342,-111.2315,2278.83746,2278.87888,0.04141,0.0004,27.84365,27.84365,False,0.01792,-0.02225,0.16842,1.0017,0.00553,0.16842,1.0017,0.00553,52.89909,1.0157745,0.01920212,83464.557,79798.365,-3464.557,201.635,False,False,-0.24102
271.9,TGO,THRUST,80030.776,27.6679086,0.1629731,-1934.292,-2.96299,-111.1009,2278.83843,2278.87967,0.04125,0.0004,27.81576,27.81576,False,0.01787,-0.02221,0.16772,0.99889,0.00557,0.16772,0.99889,0.00557,52.90182,1.0128863,0.01914653,83452.638,79801.84,-3452.638,198.16,False,False,-0.24
272.04,TGO,THRUST,80030.365,27.6708887,0.1626883,-1930.911,-2.93645,-110.98698,2278.83927,2278.88037,0.0411,0.0004,27.79144,27.79144,False,0.01784,-0.02216,0.1671,0.99643,0.0056,0.1671,0.99643,0.0056,52.90421,1.0103585,0.01909788,83442.275,79804.855,-3442.275,195.145,False,False,-0.2391
272.18,TGO,THRUST,80029.958,27.67386,0.1624047,-1927.543,-2.91002,-110.87344,2278.84011,2278.88105,0.04094,0.00039,27.7672,27.7672,False,0.0178,-0.02212,0.16647,0.99398,0.00563,0.16647,0.99398,0.00563,52.9066,1.0078383,0.01904939,83431.978,79807.847,-3431.978,192.153,False,False,-0.23816
272.32,TGO,THRUST,80029.554,27.6768234,0.1621221,-1924.188,-2.88368,-110.76025,2278.84095,2278.88173,0.04079,0.00039,27.74302,27.74302,False,0.01777,-0.02208,0.16582,0.99154,0.00566,0.16582,0.99154,0.00566,52.90898,1.0053215,0.01900096,83421.744,79810.814,-3421.744,189.186,False,False,-0.23722
272.48,TGO,THRUST,80029.098,27.6802003,0.1618005,-1920.37,-2.8537,-110.63133,2278.8419,2278.8825,0.0406,0.00039,27.71548,27.71548,False,0.01773,-0.02203,0.16507,0.98875,0.00569,0.16507,0.98875,0.00569,52.91169,1.0024494,0.01894571,83410.128,79814.176,-3410.128,185.824,False,False,-0.23613
272.62,TGO,THRUST,80028.702,27.6831472,0.1615203,-1917.043,-2.82758,-110.51887,2278.84274,2278.88317,0.04043,0.00039,27.69146,27.69146,False,0.01769,-0.02199,0.1644,0.98631,0.00572,0.1644,0.98631,0.00572,52.91406,0.999936,0.01889736,83400.035,79817.091,-3400.035,182.909,False,False,-0.23528
272.76,TGO,THRUST,80028.31,27.6860855,0.1612411,-1913.728,-2.80155,-110.40678,2278.84357,2278.88383,0.04026,0.00038,27.66751,27.66751,False,0.01766,-0.02195,0.16373,0.98388,0.00574,0.16373,0.98388,0.00574,52.91642,0.9974305,0.01884917,83390.009,79819.982,-3390.009,180.018,False,False,-0.23442
272.9,TGO,THRUST,80027.922,27.6890158,0.160963,-1910.427,-2.77563,-110.29505,2278.8444,2278.88448,0.04008,0.00038,27.64364,27.64364,False,0.01762,-0.0219,0.16304,0.98146,0.00576,0.16304,0.98146,0.00576,52.91878,0.9949288,0.01880105,83380.046,79822.847,-3380.046,177.153,False,False,-0.23357
273.06,TGO,THRUST,80027.482,27.6923551,0.1606465,-1906.669,-2.74613,-110.16779,2278.84535,2278.88522,0.03987,0.00038,27.61644,27.61644,False,0.01758,-0.02186,0.16224,0.9787,0.00579,0.16224,0.9787,0.00579,52.92147,0.9920743,0.01874616,83368.739,79826.091,-3368.739,173.909,False,False,-0.23259
273.2,TGO,THRUST,80027.101,27.6952691,0.1603707,-1903.394,-2.72043,-110.05677,2278.84617,2278.88586,0.03969,0.00038,27.59271,27.59271,False,0.01755,-0.02182,0.16154,0.97629,0.00581,0.16154,0.97629,0.00581,52.92381,0.9895767,0.01869814,83358.911,79828.902,-3358.911,171.098,False,False,-0.23182
273.34,TGO,THRUST,80026.724,27.6981746,0.160096,-1900.132,-2.69484,-109.94614,2278.84699,2278.8865,0.03951,0.00037,27.56906,27.56906,False,0.01751,-0.02177,0.16082,0.97388,0.00583,0.16082,0.97388,0.00583,52.92614,0.9870872,0.01865028,83349.144,79831.687,-3349.144,168.313,False,False,-0.23102
273.48,TGO,THRUST,80026.351,27.7010722,0.1598223,-1896.883,-2.66936,-109.83585,2278.8478,2278.88713,0.03933,0.00037,27.54547,27.54547,False,0.01748,-0.02173,0.16009,0.97148,0.00585,0.16009,0.97148,0.00585,52.92848,0.9846019,0.0186025,83339.436,79834.446,-3339.436,165.554,False,False,-0.2302
273.64,TGO,THRUST,80025.928,27.7043742,0.1595108,-1893.185,-2.64037,-109.71023,2278.84872,2278.88784,0.03912,0.00036,27.51861,27.51861,False,0.01744,-0.02169,0.15925,0.96875,0.00587,0.15925,0.96875,0.00587,52.93113,0.9817666,0.018548,83328.414,79837.567,-3328.414,162.433,False,False,-0.22921
273.78,TGO,THRUST,80025.562,27.7072557,0.1592393,-1889.962,-2.61511,-109.60065,2278.84951,2278.88846,0.03894,0.00036,27.49518,27.49518,False,0.0174,-0.02165,0.15851,0.96635,0.00589,0.15851,0.96635,0.00589,52.93345,0.979286,0.01850032,83318.831,79840.27,-3318.831,159.73,False,False,-0.22828
273.92,TGO,THRUST,80025.2,27.7101287,0.1589689,-1886.752,-2.58997,-109.49145,2278.8503,2278.88907,0.03876,0.00036,27.47182,27.47182,False,0.01737,-0.02161,0.15776,0.96397,0.00591,0.15776,0.96397,0.00591,52.93577,0.976814,0.01845282,83309.308,79842.946,-3309.308,157.054,False,False,-0.22729
274.06,TGO,THRUST,80024.841,27.712994,0.1586996,-1883.554,-2.56495,-109.38259,2278.85108,2278.88967,0.03859,0.00036,27.44853,27.44853,False,0.01734,-0.02157,0.157,0.9616,0.00593,0.157,0.9616,0.00593,52.93808,0.9743463,0.0184054,83299.845,79845.595,-3299.845,154.405,False,False,-0.22623
274.22,TGO,THRUST,80024.435,27.716259,0.158393,-1879.914,-2.53649,-109.2586,2278.85197,2278.89036,0.03839,0.00036,27.42199,27.42199,False,0.0173,-0.02152,0.15612,0.95889,0.00595,0.15612,0.95889,0.00595,52.94071,0.9715316,0.01835132,83289.1,79848.589,-3289.1,151.411,False,False,-0.22495
274.36,TGO,THRUST,80024.083,27.7191083,0.1581259,-1876.742,-2.51171,-109.15045,2278.85273,2278.89095,0.03822,0.00035,27.39885,27.39885,False,0.01726,-0.02148,0.15534,0.95652,0.00597,0.15534,0.95652,0.00597,52.943,0.9690694,0.01830401,83279.759,79851.181,-3279.759,148.819,False,False,-0.22383
274.5,TGO,THRUST,80023.735,27.7219492,0.1578597,-1873.583,-2.48705,-109.04266,2278.85349,2278.89153,0.03805,0.00035,27.37578,27.37578,False,0.01723,-0.02144,0.15455,0.95416,0.00599,0.15455,0.95416,0.00599,52.94529,0.966616,0.01825688,83270.478,79853.745,-3270.478,146.255,False,False,-0.22268
274.64,TGO,THRUST,80023.39,27.7247824,0.1575946,-1870.436,-2.46251,-108.93522,2278.85424,2278.89212,0.03788,0.00035,27.35277,27.35277,False,0.0172,-0.0214,0.15376,0.95181,0.00601,0.15376,0.95181,0.00601,52.94757,0.9641673,0.01820985,83261.254,79856.282,-3261.254,143.718,False,False,-0.22142
274.8,TGO,THRUST,80023,27.728011,0.1572929,-1866.853,-2.43461,-108.81284,2278.85508,2278.89277,0.03769,0.00035,27.32657,27.32657,False,0.01716,-0.02135,0.15285,0.94913,0.00603,0.15285,0.94913,0.00603,52.95018,0.9613746,0.01815621,83250.782,79859.147,-3250.782,140.853,False,False,-0.21992
274.94,TGO,THRUST,80022.663,27.7308284,0.15703,-1863.732,-2.41032,-108.7061,2278.85581,2278.89334,0.03753,0.00034,27.30371,27.30371,False,0.01713,-0.02132,0.15204,0.94678,0.00606,0.15204,0.94678,0.00606,52.95245,0.9589319,0.0181093,83241.678,79861.625,-3241.678,138.375,False,False,-0.21862
275.08,TGO,THRUST,80022.329,27.7336375,0.1567681,-1860.622,-2.38616,-108.59972,2278.85653,2278.8939,0.03737,0.00035,27.28093,27.28093,False,0.01709,-0.02128,0.15123,0.94445,0.00608,0.15123,0.94445,0.00608,52.95472,0.9564984,0.01806257,83232.632,79864.076,-3232.632,135.924,False,False,-0.21725
275.22,TGO,THRUST,80021.998,27.736439,0.1565071,-1857.525,-2.36212,-108.49368,2278.85724,2278.89446,0.03722,0.00034,27.25821,27.25821,False,0.01706,-0.02124,0.15041,0.94212,0.0061,0.15041,0.94212,0.0061,52.95698,0.9540698,0.01801594,83223.643,79866.498,-3223.643,133.502,False,False,-0.21584
275.38,TGO,THRUST,80021.624,27.7396314,0.1562102,-1853.999,-2.33479,-108.3729,2278.85805,2278.89509,0.03705,0.00034,27.23233,27.23233,False,0.01702,-0.02119,0.14946,0.93947,0.00613,0.14946,0.93947,0.00613,52.95955,0.9513005,0.01796277,83213.437,79869.233,-3213.437,130.767,False,False,-0.21424
275.52,TGO,THRUST,80021.301,27.7424173,0.1559514,-1850.927,-2.31101,-108.26756,2278.85874,2278.89564,0.0369,0.00034,27.20975,27.20975,False,0.01699,-0.02115,0.14863,0.93715,0.00616,0.14863,0.93715,0.00616,52.9618,0.9488786,0.01791628,83204.565,79871.597,-3204.565,128.403,False,False,-0.21283
275.66,TGO,THRUST,80020.98,27.745195,0.1556936,-1847.866,-2.28737,-108.16257,2278.85942,2278.89618,0.03676,0.00034,27.18725,27.18725,False,0.01696,-0.02112,0.14779,0.93484,0.00618,0.14779,0.93484,0.00618,52.96405,0.946466,0.01786997,83195.749,79873.932,-3195.749,126.068,False,False,-0.21148
275.8,TGO,THRUST,80020.663,27.7479652,0.1554368,-1844.818,-2.26384,-108.05792,2278.86009,2278.89671,0.03662,0.00033,27.16481,27.16481,False,0.01693,-0.02108,0.14694,0.93253,0.00621,0.14694,0.93253,0.00621,52.96628,0.9440587,0.01782377,83186.987,79876.24,-3186.987,123.76,False,False,-0.21031
275.96,TGO,THRUST,80020.305,27.7511219,0.1551445,-1841.347,-2.23712,-107.93872,2278.86085,2278.89731,0.03647,0.00033,27.13925,27.13925,False,0.01689,-0.02103,0.14597,0.92991,0.00625,0.14597,0.92991,0.00625,52.96883,0.941314,0.01777109,83177.039,79878.842,-3177.039,121.158,False,False,-0.20941
276.1,TGO,THRUST,80019.995,27.7538765,0.1548898,-1838.324,-2.21387,-107.83475,2278.86149,2278.89784,0.03634,0.00033,27.11696,27.11696,False,0.01686,-0.021,0.14512,0.92761,0.00628,0.14512,0.92761,0.00628,52.97106,0.938914,0.01772504,83168.389,79881.09,-3168.389,118.91,False,False,-0.20908
276.24,TGO,THRUST,80019.688,27.7566232,0.1546361,-1835.311,-2.19075,-107.73114,2278.86213,2278.89835,0.03622,0.00033,27.09473,27.09473,False,0.01682,-0.02096,0.14426,0.92533,0.00631,0.14426,0.92533,0.00631,52.97328,0.9365236,0.01767917,83159.793,79883.31,-3159.793,116.69,False,False,-0.20902
276.38,TGO,THRUST,80019.385,27.7593623,0.1543833,-1832.311,-2.16776,-107.62787,2278.86276,2278.89887,0.03611,0.00033,27.07257,27.07257,False,0.01679,-0.02092,0.14339,0.92305,0.00635,0.14339,0.92305,0.00635,52.97549,0.9341387,0.01763341,83151.25,79885.503,-3151.25,114.497,False,False,-0.20924
276.54,TGO,THRUST,80019.042,27.7624836,0.1540956,-1828.895,-2.14163,-107.51024,2278.86346,2278.89944,0.03598,0.00033,27.04733,27.04733,False,0.01676,-0.02088,0.14239,0.92045,0.00639,0.14239,0.92045,0.00639,52.97802,0.9314198,0.01758125,83141.554,79887.976,-3141.554,112.024,False,False,-0.20974
276.68,TGO,THRUST,80018.745,27.7652074,0.1538449,-1825.919,-2.1189,-107.40764,2278.86408,2278.89995,0.03587,0.00033,27.02531,27.02531,False,0.01672,-0.02084,0.14151,0.91818,0.00642,0.14151,0.91818,0.00642,52.98022,0.9290427,0.01753565,83133.129,79890.111,-3133.129,109.889,False,False,-0.21046
276.82,TGO,THRUST,80018.451,27.7679233,0.1535952,-1822.954,-2.09631,-107.3054,2278.86468,2278.90044,0.03576,0.00032,27.00336,27.00336,False,0.01669,-0.0208,0.14063,0.91592,0.00645,0.14063,0.91592,0.00645,52.98242,0.9266754,0.01749024,83124.762,79892.219,-3124.762,107.781,False,False,-0.21132
276.96,TGO,THRUST,80018.161,27.7706317,0.1533464,-1820.001,-2.07383,-107.20349,2278.86528,2278.90093,0.03565,0.00032,26.98148,26.98148,False,0.01666,-0.02077,0.13974,0.91367,0.00649,0.13974,0.91367,0.00649,52.98461,0.9243139,0.01744495,83116.453,79894.3,-3116.453,105.7,False,False,-0.21229
277.12,TGO,THRUST,80017.833,27.773718,0.1530632,-1816.639,-2.0483,-107.08742,2278.86596,2278.90148,0.03552,0.00032,26.95655,26.95655,False,0.01663,-0.02072,0.13872,0.9111,0.00653,0.13872,0.9111,0.00653,52.98711,0.9216221,0.01739333,83107.027,79896.646,-3107.027,103.354,False,False,-0.21338
277.26,TGO,THRUST,80017.549,27.7764113,0.1528165,-1813.709,-2.0261,-106.98618,2278.86655,2278.90196,0.03541,0.00032,26.93481,26.93481,False,0.01659,-0.02069,0.13782,0.90885,0.00656,0.13782,0.90885,0.00656,52.98929,0.9192689,0.0173482,83098.839,79898.671,-3098.839,101.329,False,False,-0.21441
277.4,TGO,THRUST,80017.268,27.7790966,0.1525706,-1810.791,-2.00403,-106.88529,2278.86713,2278.90243,0.0353,0.00032,26.91313,26.91313,False,0.01656,-0.02065,0.13692,0.90662,0.00659,0.13692,0.90662,0.00659,52.99146,0.9169258,0.01730327,83090.711,79900.669,-3090.711,99.331,False,False,-0.21534
277.54,TGO,THRUST,80016.99,27.7817747,0.1523257,-1807.884,-1.98208,-106.78472,2278.86771,2278.9029,0.03519,0.00032,26.89151,26.89151,False,0.01653,-0.02061,0.13601,0.90439,0.00663,0.13601,0.90439,0.00663,52.99363,0.9145886,0.01725846,83082.639,79902.641,-3082.639,97.359,False,False,-0.21628
277.7,TGO,THRUST,80016.677,27.7848265,0.152047,-1804.575,-1.95716,-106.67019,2278.86837,2278.90343,0.03506,0.00032,26.86689,26.86689,False,0.0165,-0.02057,0.13497,0.90186,0.00666,0.13497,0.90186,0.00666,52.9961,0.9119249,0.0172074,83073.486,79904.862,-3073.486,95.138,False,False,-0.21725
277.84,TGO,THRUST,80016.405,27.7874896,0.1518041,-1801.691,-1.93549,-106.57029,2278.86894,2278.90389,0.03495,0.00032,26.84542,26.84542,False,0.01647,-0.02054,0.13405,0.89964,0.00669,0.13405,0.89964,0.00669,52.99826,0.9095967,0.01716277,83065.537,79906.777,-3065.537,93.223,False,False,-0.21809
277.98,TGO,THRUST,80016.137,27.7901449,0.1515621,-1798.819,-1.91396,-106.47074,2278.86951,2278.90434,0.03483,0.00031,26.82401,26.82401,False,0.01644,-0.0205,0.13313,0.89743,0.00672,0.13313,0.89743,0.00672,53.00041,0.9072786,0.01711833,83057.647,79908.665,-3057.647,91.335,False,False,-0.2189
278.12,TGO,THRUST,80015.872,27.792793,0.1513211,-1795.957,-1.89256,-106.37151,2278.87007,2278.90479,0.03472,0.00031,26.80267,26.80267,False,0.01641,-0.02047,0.13221,0.89523,0.00675,0.13221,0.89523,0.00675,53.00256,0.9049667,0.01707402,83049.816,79910.528,-3049.816,89.472,False,False,-0.21954
278.28,TGO,THRUST,80015.573,27.7958106,0.1510467,-1792.7,-1.86826,-106.2585,2278.87072,2278.90529,0.03458,0.00031,26.77835,26.77835,False,0.01637,-0.02043,0.13115,0.89272,0.00678,0.13115,0.89272,0.00678,53.005,0.9023322,0.01702353,83040.936,79912.624,-3040.936,87.376,False,False,-0.22028
278.42,TGO,THRUST,80015.314,27.7984439,0.1508076,-1789.862,-1.84714,-106.15993,2278.87127,2278.90573,0.03446,0.00031,26.75714,26.75714,False,0.01634,-0.02039,0.13022,0.89053,0.00681,0.13022,0.89053,0.00681,53.00714,0.9000297,0.01697941,83033.228,79914.431,-3033.228,85.569,False,False,-0.22089
278.56,TGO,THRUST,80015.058,27.8010695,0.1505694,-1787.034,-1.82616,-106.0617,2278.87183,2278.90616,0.03433,0.00031,26.736,26.736,False,0.01631,-0.02035,0.12928,0.88835,0.00683,0.12928,0.88835,0.00683,53.00927,0.8977376,0.01693548,83025.58,79916.211,-3025.58,83.789,False,False,-0.22145
278.7,TGO,THRUST,80014.804,27.803688,0.1503322,-1784.217,-1.80531,-105.96379,2278.87239,2278.90659,0.0342,0.00031,26.71492,26.71492,False,0.01628,-0.02032,0.12835,0.88618,0.00685,0.12835,0.88618,0.00685,53.01139,0.8954519,0.01689169,83017.99,79917.966,-3017.99,82.034,False,False,-0.22188
278.86,TGO,THRUST,80014.511,27.806672,0.150062,-1781.011,-1.78164,-105.85228,2278.87304,2278.90708,0.03404,0.0003,26.6909,26.6909,False,0.01625,-0.02028,0.12733,0.8837,0.00687,0.12733,0.8837,0.00687,53.01381,0.8928565,0.01684196,83009.392,79919.934,-3009.392,80.066,False,False,-0.21899
279,TGO,THRUST,80014.265,27.8092759,0.1498267,-1778.216,-1.76108,-105.75502,2278.8736,2278.9075,0.0339,0.0003,26.66996,26.66996,False,0.01622,-0.02024,0.1264,0.88154,0.00689,0.1264,0.88154,0.00689,53.01592,0.8905823,0.01679839,83001.932,79921.632,-3001.932,78.368,False,False,-0.21899
279.14,TGO,THRUST,80014.021,27.8118723,0.1495922,-1775.433,-1.74066,-105.6581,2278.87415,2278.90791,0.03376,0.0003,26.64907,26.64907,False,0.01619,-0.02021,0.12545,0.87939,0.00691,0.12545,0.87939,0.00691,53.01803,0.8883166,0.01675499,82994.533,79923.306,-2994.533,76.694,False,False,-0.21985
279.28,TGO,THRUST,80013.779,27.8144616,0.1493586,-1772.66,-1.72038,-105.56149,2278.87471,2278.90832,0.03361,0.0003,26.62826,26.62826,False,0.01616,-0.02018,0.1245,0.87724,0.00692,0.1245,0.87724,0.00692,53.02013,0.8860576,0.01671172,82987.191,79924.955,-2987.191,75.045,False,False,-0.22069
279.44,TGO,THRUST,80013.507,27.8174123,0.1490927,-1769.504,-1.69735,-105.45146,2278.87534,2278.90878,0.03344,0.00029,26.60454,26.60454,False,0.01613,-0.02014,0.12342,0.87479,0.00694,0.12342,0.87479,0.00694,53.02253,0.883484,0.01666243,82978.869,79926.809,-2978.869,73.191,False,False,-0.22164
279.58,TGO,THRUST,80013.272,27.8199872,0.148861,-1766.753,-1.67736,-105.3555,2278.87589,2278.90917,0.03329,0.0003,26.58385,26.58385,False,0.0161,-0.0201,0.12247,0.87266,0.00695,0.12247,0.87266,0.00695,53.02462,0.8812352,0.01661936,82971.645,79928.404,-2971.645,71.596,False,False,-0.22249
279.72,TGO,THRUST,80013.04,27.8225546,0.1486302,-1764.013,-1.65749,-105.25987,2278.87643,2278.90957,0.03314,0.00029,26.56323,26.56323,False,0.01607,-0.02007,0.12151,0.87053,0.00696,0.12151,0.87053,0.00696,53.02671,0.8789972,0.0165765,82964.474,79929.974,-2964.474,70.026,False,False,-0.22316
279.86,TGO,THRUST,80012.81,27.825115,0.1484003,-1761.283,-1.63777,-105.16455,2278.87697,2278.90995,0.03299,0.00029,26.54267,26.54267,False,0.01604,-0.02003,0.12056,0.86841,0.00697,0.12056,0.86841,0.00697,53.02879,0.8767659,0.01653377,82957.355,79931.519,-2957.355,68.481,False,False,-0.22365
280.02,TGO,THRUST,80012.551,27.8280328,0.1481385,-1758.176,-1.61539,-105.05599,2278.87757,2278.91039,0.03282,0.00029,26.51925,26.51925,False,0.01601,-0.02,0.11946,0.866,0.00698,0.11946,0.866,0.00698,53.03116,0.8742242,0.01648511,82949.282,79933.255,-2949.282,66.745,False,False,-0.22415
280.16,TGO,THRUST,80012.327,27.8305791,0.1479104,-1755.468,-1.59596,-104.96131,2278.8781,2278.91077,0.03267,0.00028,26.49882,26.49882,False,0.01598,-0.01996,0.11851,0.86389,0.00699,0.11851,0.86389,0.00699,53.03323,0.8720037,0.01644259,82942.27,79934.748,-2942.27,65.252,False,False,-0.22455
280.3,TGO,THRUST,80012.106,27.8331179,0.1476832,-1752.771,-1.57666,-104.86695,2278.87862,2278.91114,0.03253,0.00029,26.47845,26.47845,False,0.01595,-0.01993,0.11755,0.86179,0.00701,0.11755,0.86179,0.00701,53.03529,0.8697939,0.01640029,82935.309,79936.216,-2935.309,63.784,False,False,-0.22475
280.44,TGO,THRUST,80011.888,27.8356499,0.1474568,-1750.083,-1.55751,-104.77291,2278.87913,2278.91151,0.03238,0.00028,26.45814,26.45814,False,0.01593,-0.01989,0.11659,0.85969,0.00702,0.11659,0.85969,0.00702,53.03735,0.8675911,0.01635812,82928.397,79937.659,-2928.397,62.341,False,False,-0.22482
280.6,TGO,THRUST,80011.641,27.8385352,0.1471991,-1747.024,-1.53579,-104.6658,2278.8797,2278.91193,0.03222,0.00028,26.43501,26.43501,False,0.01589,-0.01986,0.11549,0.85731,0.00703,0.11549,0.85731,0.00703,53.0397,0.8650822,0.01631009,82920.558,79939.28,-2920.558,60.72,False,False,-0.22483
280.74,TGO,THRUST,80011.428,27.8410532,0.1469745,-1744.358,-1.51693,-104.57238,2278.8802,2278.91229,0.03208,0.00028,26.41483,26.41483,False,0.01587,-0.01982,0.11453,0.85523,0.00704,0.11453,0.85523,0.00704,53.04174,0.8628905,0.01626814,82913.749,79940.672,-2913.749,59.328,False,False,-0.22486
280.88,TGO,THRUST,80011.218,27.8435638,0.1467508,-1741.702,-1.49822,-104.47929,2278.88069,2278.91264,0.03195,0.00027,26.39472,26.39472,False,0.01584,-0.01979,0.11356,0.85316,0.00706,0.11356,0.85316,0.00706,53.04378,0.8607097,0.0162264,82906.99,79942.04,-2906.99,57.96,False,False,-0.22473
281.02,TGO,THRUST,80011.011,27.8460677,0.1465279,-1739.057,-1.47964,-104.3865,2278.88118,2278.91299,0.03181,0.00028,26.37466,26.37466,False,0.01581,-0.01976,0.1126,0.85109,0.00707,0.1126,0.85109,0.00707,53.04582,0.8585361,0.0161848,82900.277,79943.384,-2900.277,56.616,False,False,-0.22447
281.18,TGO,THRUST,80010.776,27.8489211,0.1462742,-1736.045,-1.45858,-104.28082,2278.88172,2278.91339,0.03167,0.00027,26.35181,26.35181,False,0.01578,-0.01972,0.1115,0.84874,0.00709,0.1115,0.84874,0.00709,53.04815,0.8560606,0.01613743,82892.662,79944.893,-2892.662,55.107,False,False,-0.22413
281.32,TGO,THRUST,80010.574,27.8514112,0.1460531,-1733.42,-1.4403,-104.18865,2278.88219,2278.91373,0.03154,0.00027,26.33188,26.33188,False,0.01575,-0.01969,0.11054,0.84668,0.0071,0.11054,0.84668,0.0071,53.05018,0.8538983,0.01609605,82886.048,79946.187,-2886.048,53.813,False,False,-0.22385
281.46,TGO,THRUST,80010.375,27.853894,0.1458328,-1730.806,-1.42216,-104.0968,2278.88265,2278.91406,0.03142,0.00027,26.31202,26.31202,False,0.01572,-0.01966,0.10958,0.84464,0.00712,0.10958,0.84464,0.00712,53.0522,0.8517471,0.01605489,82879.48,79947.459,-2879.48,52.541,False,False,-0.22344
281.6,TGO,THRUST,80010.178,27.8563702,0.1456134,-1728.2,-1.40417,-104.00525,2278.8831,2278.9144,0.0313,0.00027,26.29221,26.29221,False,0.0157,-0.01962,0.10862,0.8426,0.00713,0.10862,0.8426,0.00713,53.05421,0.8496031,0.01601387,82872.956,79948.708,-2872.956,51.292,False,False,-0.22289
281.76,TGO,THRUST,80009.955,27.859192,0.1453636,-1725.235,-1.38377,-103.90099,2278.88361,2278.91477,0.03116,0.00027,26.26964,26.26964,False,0.01567,-0.01959,0.10752,0.84028,0.00715,0.10752,0.84028,0.00715,53.05651,0.8471617,0.01596716,82865.555,79950.107,-2865.555,49.893,False,False,-0.2222
281.9,TGO,THRUST,80009.764,27.8616545,0.1451459,-1722.651,-1.36607,-103.81005,2278.88404,2278.91509,0.03105,0.00026,26.24996,26.24996,False,0.01564,-0.01956,0.10656,0.83825,0.00717,0.10656,0.83825,0.00717,53.05852,0.8450294,0.01592637,82859.124,79951.308,-2859.124,48.692,False,False,-0.22166
282.04,TGO,THRUST,80009.573,27.86411,0.144929,-1720.077,-1.34852,-103.71943,2278.88447,2278.91541,0.03094,0.00027,26.23034,26.23034,False,0.01561,-0.01952,0.1056,0.83624,0.00719,0.1056,0.83624,0.00719,53.06052,0.8429083,0.01588579,82852.737,79952.487,-2852.737,47.513,False,False,-0.221
282.18,TGO,THRUST,80009.38,27.8665589,0.1447129,-1717.511,-1.3311,-103.62911,2278.8849,2278.91574,0.03083,0.00026,26.21077,26.21077,False,0.01559,-0.01949,0.10468,0.83423,0.00721,0.10468,0.83423,0.00721,53.06252,0.8408011,0.01584548,82846.394,79953.638,-2846.394,46.362,False,False,-0.21717
282.34,TGO,THRUST,80009.169,27.8693496,0.1444669,-1714.592,-1.31137,-103.52623,2278.88537,2278.9161,0.03072,0.00027,26.18848,26.18848,False,0.01556,-0.01946,0.10361,0.83194,0.00723,0.10361,0.83194,0.00723,53.06479,0.8383976,0.01579951,82839.191,79954.931,-2839.191,45.069,False,False,-0.21491
282.48,TGO,THRUST,80008.987,27.871785,0.1442526,-1712.047,-1.29426,-103.43651,2278.88577,2278.9164,0.03063,0.00026,26.16904,26.16904,False,0.01553,-0.01942,0.10265,0.82994,0.00726,0.10265,0.82994,0.00726,53.06677,0.8362956,0.01575931,82832.931,79956.041,-2832.931,43.959,False,False,-0.21447
282.62,TGO,THRUST,80008.808,27.8742135,0.144039,-1709.512,-1.27729,-103.3471,2278.88616,2278.91671,0.03055,0.00026,26.14966,26.14966,False,0.0155,-0.01939,0.1017,0.82795,0.00728,0.1017,0.82795,0.00728,53.06876,0.8342048,0.01571932,82826.712,79957.129,-2826.712,42.871,False,False,-0.21406
282.76,TGO,THRUST,80008.631,27.8766354,0.1438263,-1706.986,-1.26045,-103.25799,2278.88654,2278.91701,0.03047,0.00026,26.13034,26.13034,False,0.01548,-0.01936,0.10074,0.82597,0.00731,0.10074,0.82597,0.00731,53.07073,0.8321214,0.01567948,82820.534,79958.197,-2820.534,41.803,False,False,-0.21363
282.92,TGO,THRUST,80008.432,27.8793954,0.1435841,-1704.111,-1.24138,-103.15649,2278.88697,2278.91734,0.03038,0.00026,26.10832,26.10832,False,0.01545,-0.01933,0.09965,0.82371,0.00734,0.09965,0.82371,0.00734,53.07299,0.8297495,0.01563412,82813.525,79959.393,-2813.525,40.607,False,False,-0.21316
283.06,TGO,THRUST,80008.26,27.8818041,0.143373,-1701.606,-1.22485,-103.06797,2278.88734,2278.91763,0.0303,0.00026,26.08912,26.08912,False,0.01542,-0.0193,0.0987,0.82174,0.00736,0.0987,0.82174,0.00736,53.07495,0.8276783,0.01559452,82807.44,79960.417,-2807.44,39.583,False,False,-0.2128
283.2,TGO,THRUST,80008.09,27.8842059,0.1431627,-1699.11,-1.20845,-102.97976,2278.8877,2278.91792,0.03022,0.00026,26.06998,26.06998,False,0.01539,-0.01927,0.09775,0.81978,0.00739,0.09775,0.81978,0.00739,53.07691,0.8256184,0.01555513,82801.399,79961.421,-2801.399,38.579,False,False,-0.2123
283.34,TGO,THRUST,80007.922,27.8866012,0.1429532,-1696.623,-1.19219,-102.89183,2278.88806,2278.9182,0.03014,0.00026,26.05089,26.05089,False,0.01537,-0.01924,0.0968,0.81782,0.00742,0.0968,0.81782,0.00742,53.07887,0.823566,0.01551589,82795.401,79962.405,-2795.401,37.595,False,False,-0.21165
283.5,TGO,THRUST,80007.734,27.889331,0.1427147,-1693.792,-1.17377,-102.7917,2278.88846,2278.91852,0.03006,0.00025,26.02915,26.02915,False,0.01534,-0.0192,0.09572,0.8156,0.00744,0.09572,0.8156,0.00744,53.0811,0.8212297,0.01547123,82788.601,79963.506,-2788.601,36.494,False,False,-0.21082
283.64,TGO,THRUST,80007.571,27.8917133,0.1425068,-1691.324,-1.1578,-102.70436,2278.88882,2278.9188,0.02998,0.00026,26.01018,26.01018,False,0.01531,-0.01917,0.09478,0.81365,0.00747,0.09478,0.81365,0.00747,53.08304,0.8191898,0.01543223,82782.697,79964.448,-2782.697,35.552,False,False,-0.21005
283.78,TGO,THRUST,80007.411,27.8940888,0.1422997,-1688.866,-1.14198,-102.61733,2278.88917,2278.91907,0.0299,0.00025,25.99128,25.99128,False,0.01529,-0.01914,0.09383,0.81172,0.00749,0.09383,0.81172,0.00749,53.08498,0.8171611,0.01539345,82776.838,79965.371,-2776.838,34.629,False,False,-0.2091
283.92,TGO,THRUST,80007.252,27.896458,0.1420934,-1686.417,-1.12629,-102.53059,2278.88951,2278.91933,0.02982,0.00025,25.97242,25.97242,False,0.01526,-0.01911,0.09289,0.8098,0.00752,0.09289,0.8098,0.00752,53.08692,0.8151401,0.01535482,82771.023,79966.276,-2771.023,33.724,False,False,-0.20795
284.08,TGO,THRUST,80007.074,27.899158,0.1418586,-1683.629,-1.10853,-102.43179,2278.8899,2278.91964,0.02973,0.00025,25.95095,25.95095,False,0.01523,-0.01908,0.09182,0.8076,0.00754,0.09182,0.8076,0.00754,53.08913,0.8128396,0.01531085,82764.43,79967.286,-2764.43,32.714,False,False,-0.20655
284.22,TGO,THRUST,80006.92,27.9015143,0.1416539,-1681.199,-1.09313,-102.34563,2278.89024,2278.9199,0.02965,0.00025,25.93221,25.93221,False,0.0152,-0.01905,0.09088,0.80569,0.00756,0.09088,0.80569,0.00756,53.09105,0.8108313,0.01527247,82758.707,79968.151,-2758.707,31.849,False,False,-0.20529
284.36,TGO,THRUST,80006.769,27.9038639,0.1414499,-1678.778,-1.07788,-102.25976,2278.89058,2278.92015,0.02957,0.00025,25.91354,25.91354,False,0.01518,-0.01902,0.08995,0.80378,0.00758,0.08995,0.80378,0.00758,53.09297,0.8088341,0.0152343,82753.028,79968.997,-2753.028,31.003,False,False,-0.20387
284.5,TGO,THRUST,80006.619,27.9062073,0.1412467,-1676.366,-1.06276,-102.17418,2278.89092,2278.9204,0.02949,0.00025,25.89491,25.89491,False,0.01515,-0.01899,0.08902,0.80188,0.0076,0.08902,0.80188,0.0076,53.09489,0.8068447,0.01519628,82747.392,79969.825,-2747.392,30.175,False,False,-0.20231
284.66,TGO,THRUST,80006.451,27.9088779,0.1410154,-1673.621,-1.04565,-102.07671,2278.8913,2278.92069,0.02939,0.00025,25.8737,25.8737,False,0.01513,-0.01895,0.08796,0.79972,0.00762,0.08796,0.79972,0.00762,53.09708,0.8045804,0.01515301,82741.005,79970.75,-2741.005,29.25,False,False,-0.2005
284.8,TGO,THRUST,80006.306,27.9112086,0.1408138,-1671.228,-1.03083,-101.99169,2278.89163,2278.92093,0.0293,0.00025,25.85519,25.85519,False,0.0151,-0.01892,0.08703,0.79783,0.00764,0.08703,0.79783,0.00764,53.09898,0.8026038,0.01511524,82735.462,79971.541,-2735.462,28.459,False,False,-0.19895
284.94,TGO,THRUST,80006.163,27.9135328,0.1406129,-1668.843,-1.01615,-101.90697,2278.89196,2278.92117,0.02921,0.00025,25.83674,25.83674,False,0.01508,-0.0189,0.08611,0.79596,0.00766,0.08611,0.79596,0.00766,53.10088,0.8006384,0.01507769,82729.963,79972.314,-2729.963,27.686,False,False,-0.19732
285.08,TGO,THRUST,80006.022,27.9158508,0.1404128,-1666.468,-1.0016,-101.82253,2278.8923,2278.92141,0.02912,0.00025,25.81835,25.81835,False,0.01505,-0.01887,0.08519,0.79409,0.00767,0.08519,0.79409,0.00767,53.10278,0.7986807,0.01504028,82724.507,79973.07,-2724.507,26.93,False,False,-0.1956
285.24,TGO,THRUST,80005.864,27.9184925,0.140185,-1663.763,-0.98513,-101.72637,2278.89268,2278.92168,0.029,0.00025,25.79739,25.79739,False,0.01502,-0.01883,0.08415,0.79196,0.00768,0.08415,0.79196,0.00768,53.10494,0.7964528,0.01499772,82718.326,79973.914,-2718.326,26.086,False,False,-0.19366
285.38,TGO,THRUST,80005.727,27.920798,0.1399864,-1661.407,-0.97088,-101.64249,2278.89301,2278.92191,0.0289,0.00024,25.77911,25.77911,False,0.015,-0.0188,0.08323,0.7901,0.00769,0.08323,0.7901,0.00769,53.10683,0.7945081,0.01496056,82712.967,79974.635,-2712.967,25.365,False,False,-0.19208
285.52,TGO,THRUST,80005.593,27.923097,0.1397886,-1659.058,-0.95675,-101.55891,2278.89335,2278.92214,0.02879,0.00024,25.76089,25.76089,False,0.01497,-0.01878,0.08233,0.78825,0.0077,0.08233,0.78825,0.0077,53.10872,0.7925747,0.01492363,82707.652,79975.339,-2707.652,24.661,False,False,-0.19042
285.66,TGO,THRUST,80005.46,27.92539,0.1395915,-1656.718,-0.94276,-101.47559,2278.89369,2278.92236,0.02868,0.00024,25.74271,25.74271,False,0.01495,-0.01875,0.08142,0.78641,0.00771,0.08142,0.78641,0.00771,53.11059,0.7906489,0.01488684,82702.38,79976.028,-2702.38,23.972,False,False,-0.18869
285.82,TGO,THRUST,80005.311,27.9280033,0.1393671,-1654.055,-0.92694,-101.38071,2278.89407,2278.92261,0.02854,0.00024,25.72201,25.72201,False,0.01492,-0.01872,0.08039,0.78431,0.00771,0.08039,0.78431,0.00771,53.11273,0.7884576,0.01484498,82696.403,79976.796,-2696.403,23.204,False,False,-0.18673
285.96,TGO,THRUST,80005.182,27.930284,0.1391715,-1651.733,-0.91324,-101.29796,2278.8944,2278.92283,0.02843,0.00024,25.70395,25.70395,False,0.0149,-0.01869,0.07949,0.78248,0.00771,0.07949,0.78248,0.00771,53.1146,0.786545,0.01480845,82691.213,79977.451,-2691.213,22.549,False,False,-0.1851
286.1,TGO,THRUST,80005.056,27.9325582,0.1389766,-1649.42,-0.89967,-101.21549,2278.89473,2278.92305,0.02832,0.00024,25.68595,25.68595,False,0.01488,-0.01866,0.0786,0.78066,0.00772,0.0786,0.78066,0.00772,53.11647,0.7846436,0.01477213,82686.061,79978.09,-2686.061,21.91,False,False,-0.18337
286.24,TGO,THRUST,80004.931,27.9348266,0.1387824,-1647.115,-0.88624,-101.13329,2278.89506,2278.92326,0.0282,0.00023,25.668,25.668,False,0.01485,-0.01863,0.0777,0.77885,0.00772,0.0777,0.77885,0.00772,53.11833,0.78275,0.01473597,82680.944,79978.715,-2680.944,21.285,False,False,-0.18153
286.4,TGO,THRUST,80004.791,27.9374118,0.1385614,-1644.492,-0.87104,-101.03967,2278.89542,2278.92349,0.02807,0.00023,25.64755,25.64755,False,0.01482,-0.0186,0.07669,0.77678,0.00773,0.07669,0.77678,0.00773,53.12045,0.7805954,0.01469482,82675.139,79979.411,-2675.139,20.589,False,False,-0.17945
286.54,TGO,THRUST,80004.67,27.939668,0.1383687,-1642.205,-0.85789,-100.95802,2278.89574,2278.9237,0.02796,0.00024,25.62971,25.62971,False,0.0148,-0.01857,0.07581,0.77498,0.00773,0.07581,0.77498,0.00773,53.1223,0.778715,0.01465891,82670.096,79980.005,-2670.096,19.995,False,False,-0.17771
286.68,TGO,THRUST,80004.551,27.9419179,0.1381768,-1639.926,-0.84487,-100.87666,2278.89605,2278.9239,0.02785,0.00023,25.61192,25.61192,False,0.01478,-0.01854,0.07493,0.77319,0.00773,0.07493,0.77319,0.00773,53.12415,0.7768458,0.01462321,82665.087,79980.584,-2665.087,19.416,False,False,-0.17585
286.82,TGO,THRUST,80004.434,27.944162,0.1379855,-1637.656,-0.83198,-100.79556,2278.89635,2278.9241,0.02775,0.00023,25.59419,25.59419,False,0.01475,-0.01852,0.07405,0.7714,0.00774,0.07405,0.7714,0.00774,53.12599,0.7749844,0.01458767,82660.111,79981.149,-2660.111,18.851,False,False,-0.17388
286.98,TGO,THRUST,80004.302,27.9467195,0.1377678,-1635.071,-0.81741,-100.70319,2278.89669,2278.92432,0.02763,0.00023,25.57398,25.57398,False,0.01473,-0.01848,0.07305,0.76937,0.00774,0.07305,0.76937,0.00774,53.12809,0.7728666,0.01454723,82654.464,79981.778,-2654.464,18.222,False,False,-0.17163
287.12,TGO,THRUST,80004.189,27.9489517,0.137578,-1632.818,-0.80479,-100.62263,2278.89699,2278.92451,0.02752,0.00023,25.55636,25.55636,False,0.0147,-0.01846,0.07219,0.76759,0.00775,0.07219,0.76759,0.00775,53.12992,0.7710185,0.01451194,82649.556,79982.314,-2649.556,17.686,False,False,-0.16971
287.26,TGO,THRUST,80004.077,27.9511776,0.1373889,-1630.574,-0.79231,-100.54235,2278.89728,2278.9247,0.02742,0.00023,25.53878,25.53878,False,0.01468,-0.01843,0.07132,0.76583,0.00775,0.07132,0.76583,0.00775,53.13175,0.7691815,0.01447687,82644.68,79982.836,-2644.68,17.164,False,False,-0.16768
287.4,TGO,THRUST,80003.967,27.9533977,0.1372004,-1628.337,-0.77995,-100.46233,2278.89756,2278.92489,0.02733,0.00023,25.52126,25.52126,False,0.01466,-0.0184,0.07047,0.76407,0.00776,0.07047,0.76407,0.00776,53.13357,0.7673523,0.01444195,82639.835,79983.346,-2639.835,16.654,False,False,-0.16555
287.56,TGO,THRUST,80003.843,27.9559281,0.1369859,-1625.791,-0.76599,-100.37119,2278.89788,2278.92509,0.02722,0.00022,25.5013,25.5013,False,0.01463,-0.01837,0.06949,0.76207,0.00776,0.06949,0.76207,0.00776,53.13565,0.7652714,0.01440222,82634.335,79983.913,-2634.335,16.087,False,False,-0.16311
287.7,TGO,THRUST,80003.737,27.9581365,0.1367989,-1623.571,-0.75391,-100.2917,2278.89815,2278.92527,0.02713,0.00023,25.48389,25.48389,False,0.01461,-0.01835,0.06864,0.76032,0.00777,0.06864,0.76032,0.00777,53.13747,0.7634555,0.01436756,82629.553,79984.395,-2629.553,15.605,False,False,-0.16107
287.84,TGO,THRUST,80003.633,27.9603388,0.1366126,-1621.36,-0.74195,-100.21249,2278.89841,2278.92545,0.02704,0.00022,25.46653,25.46653,False,0.01459,-0.01832,0.06779,0.75859,0.00778,0.06779,0.75859,0.00778,53.13928,0.7616508,0.0143331,82624.8,79984.864,-2624.8,15.136,False,False,-0.1589
287.98,TGO,THRUST,80003.53,27.9625354,0.136427,-1619.156,-0.73012,-100.13353,2278.89867,2278.92563,0.02696,0.00022,25.44921,25.44921,False,0.01456,-0.01829,0.06695,0.75686,0.00779,0.06695,0.75686,0.00779,53.14109,0.7598538,0.0142988,82620.076,79985.322,-2620.076,14.678,False,False,-0.15665
288.14,TGO,THRUST,80003.414,27.965039,0.1362156,-1616.647,-0.71676,-100.04361,2278.89896,2278.92582,0.02686,0.00022,25.42949,25.42949,False,0.01454,-0.01826,0.066,0.75489,0.0078,0.066,0.75489,0.0078,53.14314,0.7578097,0.01425978,82614.71,79985.831,-2614.71,14.169,False,False,-0.15409
288.28,TGO,THRUST,80003.315,27.9672241,0.1360314,-1614.461,-0.7052,-99.96517,2278.8992,2278.92599,0.02679,0.00022,25.41229,25.41229,False,0.01452,-0.01824,0.06516,0.75317,0.00781,0.06516,0.75317,0.00781,53.14494,0.7560261,0.01422574,82610.043,79986.263,-2610.043,13.737,False,False,-0.15195
288.4,TGO,THRUST,80003.217,27.9694031,0.1358478,-1612.282,-0.69376,-99.88702,2278.89944,2278.92615,0.02672,0.00022,25.39513,25.39513,False,0.01449,-0.01821,0.06434,0.75146,0.00782,0.06434,0.75146,0.00782,53.14673,0.7542536,0.01419191,82605.403,79986.684,-2605.403,13.316,False,False,-0.14974
288.56,TGO,THRUST,80003.113,27.9715766,0.1356649,-1610.11,-0.68245,-99.80911,2278.89968,2278.92632,0.02665,0.00022,25.37803,25.37803,False,0.01447,-0.01818,0.06355,0.74976,0.00783,0.06355,0.74976,0.00783,53.14852,0.7524927,0.0141583,82600.789,79987.09,-2600.789,12.91,False,False,-0.14473
288.72,TGO,THRUST,80003.004,27.9740539,0.1354566,-1607.638,-0.66967,-99.72038,2278.89994,2278.92651,0.02657,0.00022,25.35854,25.35854,False,0.01445,-0.01815,0.06265,0.74783,0.00785,0.06265,0.74783,0.00785,53.15056,0.7504891,0.01412006,82595.543,79987.541,-2595.543,12.459,False,False,-0.1395
288.86,TGO,THRUST,80002.912,27.976216,0.1352751,-1605.484,-0.65862,-99.64298,2278.90015,2278.92667,0.02652,0.00022,25.34154,25.34154,False,0.01442,-0.01813,0.06184,0.74614,0.00786,0.06184,0.74614,0.00786,53.15234,0.7487375,0.01408663,82590.978,79987.927,-2590.978,12.073,False,False,-0.13762
289,TGO,THRUST,80002.82,27.9783722,0.1350942,-1603.337,-0.64769,-99.56586,2278.90036,2278.92683,0.02647,0.00022,25.32459,25.32459,False,0.0144,-0.0181,0.06103,0.74446,0.00788,0.06103,0.74446,0.00788,53.15412,0.7469968,0.01405341,82586.437,79988.303,-2586.437,11.697,False,False,-0.13586
289.14,TGO,THRUST,80002.73,27.9805229,0.1349139,-1601.197,-0.63688,-99.48898,2278.90055,2278.92698,0.02642,0.00022,25.30768,25.30768,False,0.01438,-0.01808,0.06023,0.74278,0.0079,0.06023,0.74278,0.0079,53.15589,0.7452639,0.01402035,82581.923,79988.669,-2581.923,11.331,False,False,-0.13415
289.3,TGO,THRUST,80002.629,27.9829742,0.1347087,-1598.761,-0.62467,-99.40143,2278.90078,2278.92715,0.02637,0.00022,25.28843,25.28843,False,0.01435,-0.01805,0.05931,0.74088,0.00792,0.05931,0.74088,0.00792,53.15791,0.7432929,0.01398273,82576.798,79989.074,-2576.798,10.926,False,False,-0.13232
289.44,TGO,THRUST,80002.543,27.9851137,0.1345298,-1596.638,-0.61412,-99.32506,2278.90097,2278.92729,0.02633,0.00021,25.27163,25.27163,False,0.01433,-0.01802,0.05852,0.73922,0.00794,0.05852,0.73922,0.00794,53.15967,0.7415734,0.01394992,82572.343,79989.418,-2572.343,10.582,False,False,-0.13087
289.58,TGO,THRUST,80002.457,27.9872474,0.1343516,-1594.522,-0.60368,-99.24896,2278.90116,2278.92744,0.02628,0.00022,25.25488,25.25488,False,0.01431,-0.018,0.05773,0.73757,0.00796,0.05773,0.73757,0.00796,53.16144,0.7398647,0.01391732,82567.917,79989.753,-2567.917,10.247,False,False,-0.12935
289.72,TGO,THRUST,80002.374,27.9893757,0.1341739,-1592.414,-0.59336,-99.1731,2278.90134,2278.92758,0.02624,0.00022,25.23818,25.23818,False,0.01429,-0.01797,0.05695,0.73592,0.00797,0.05695,0.73592,0.00797,53.16319,0.7381637,0.01388486,82563.518,79990.078,-2563.518,9.922,False,False,-0.12772
289.88,TGO,THRUST,80002.28,27.9918015,0.1339717,-1590.014,-0.58171,-99.0867,2278.90155,2278.92774,0.02619,0.00021,25.21915,25.21915,False,0.01426,-0.01794,0.05606,0.73405,0.00799,0.05606,0.73405,0.00799,53.16519,0.7362291,0.01384795,82558.526,79990.439,-2558.526,9.561,False,False,-0.1258
290.02,TGO,THRUST,80002.199,27.9939187,0.1337954,-1587.921,-0.57163,-99.01135,2278.90173,2278.92788,0.02614,0.00022,25.20255,25.20255,False,0.01424,-0.01792,0.05528,0.73241,0.00801,0.05528,0.73241,0.00801,53.16694,0.7345414,0.01381576,82554.188,79990.745,-2554.188,9.255,False,False,-0.12408
290.16,TGO,THRUST,80002.119,27.9960303,0.1336197,-1585.836,-0.56167,-98.93625,2278.90191,2278.92801,0.0261,0.00021,25.186,25.186,False,0.01422,-0.01789,0.05451,0.73079,0.00802,0.05451,0.73079,0.00802,53.16868,0.7328645,0.01378376,82549.878,79991.042,-2549.878,8.958,False,False,-0.12214
290.3,TGO,THRUST,80002.041,27.9981365,0.1334447,-1583.758,-0.55183,-98.86139,2278.90209,2278.92814,0.02605,0.00021,25.16949,25.16949,False,0.0142,-0.01787,0.05374,0.72917,0.00804,0.05374,0.72917,0.00804,53.17042,0.7311953,0.01375192,82545.595,79991.33,-2545.595,8.67,False,False,-0.12005
290.46,TGO,THRUST,80001.954,28.0005372,0.1332454,-1581.393,-0.54071,-98.77614,2278.90229,2278.92829,0.026,0.00021,25.15069,25.15069,False,0.01417,-0.01784,0.05288,0.72733,0.00806,0.05288,0.72733,0.00806,53.1724,0.729297,0.0137157,82540.735,79991.649,-2540.735,8.351,False,False,-0.11758
290.6,TGO,THRUST,80001.879,28.0026326,0.1330716,-1579.33,-0.53112,-98.70177,2278.90247,2278.92842,0.02595,0.00021,25.13428,25.13428,False,0.01415,-0.01782,0.05212,0.72573,0.00807,0.05212,0.72573,0.00807,53.17414,0.727641,0.01368412,82536.511,79991.92,-2536.511,8.08,False,False,-0.11547
290.74,TGO,THRUST,80001.805,28.0047224,0.1328985,-1577.275,-0.52163,-98.62766,2278.90264,2278.92854,0.0259,0.00021,25.11792,25.11792,False,0.01413,-0.01779,0.05137,0.72413,0.00808,0.05137,0.72413,0.00808,53.17586,0.7259957,0.01365273,82532.316,79992.182,-2532.316,7.818,False,False,-0.11322
290.88,TGO,THRUST,80001.733,28.006807,0.1327259,-1575.227,-0.51225,-98.55379,2278.90282,2278.92867,0.02585,0.00021,25.10161,25.10161,False,0.01411,-0.01777,0.05063,0.72254,0.0081,0.05063,0.72254,0.0081,53.17758,0.7243581,0.01362149,82528.149,79992.436,-2528.149,7.564,False,False,-0.11087
291.04,TGO,THRUST,80001.651,28.0091831,0.1325295,-1572.896,-0.50167,-98.46966,2278.90302,2278.9288,0.02579,0.00021,25.08303,25.08303,False,0.01409,-0.01774,0.04978,0.72073,0.00811,0.04978,0.72073,0.00811,53.17955,0.7224958,0.01358597,82523.42,79992.718,-2523.42,7.282,False,False,-0.1082
291.18,TGO,THRUST,80001.582,28.011257,0.1323582,-1570.863,-0.49254,-98.39627,2278.90319,2278.92892,0.02573,0.00021,25.06681,25.06681,False,0.01407,-0.01771,0.04905,0.71915,0.00812,0.04905,0.71915,0.00812,53.18127,0.7208713,0.01355499,82519.312,79992.956,-2519.312,7.044,False,False,-0.10594
291.32,TGO,THRUST,80001.513,28.0133254,0.1321876,-1568.837,-0.48351,-98.32314,2278.90336,2278.92904,0.02567,0.00021,25.05065,25.05065,False,0.01404,-0.01769,0.04832,0.71759,0.00813,0.04832,0.71759,0.00813,53.18297,0.7192574,0.0135242,82515.232,79993.186,-2515.232,6.814,False,False,-0.10363
291.46,TGO,THRUST,80001.446,28.0153887,0.1320175,-1566.819,-0.47459,-98.25024,2278.90354,2278.92915,0.02561,0.00021,25.03453,25.03453,False,0.01402,-0.01767,0.0476,0.71602,0.00813,0.0476,0.71602,0.00813,53.18468,0.7176511,0.01349357,82511.18,79993.41,-2511.18,6.59,False,False,-0.10131
291.62,TGO,THRUST,80001.371,28.0177406,0.1318238,-1564.52,-0.46453,-98.16721,2278.90374,2278.92928,0.02554,0.00021,25.01616,25.01616,False,0.014,-0.01764,0.04678,0.71425,0.00814,0.04678,0.71425,0.00814,53.18663,0.7158245,0.01345873,82506.586,79993.657,-2506.586,6.343,False,False,-0.09874
291.76,TGO,THRUST,80001.306,28.0197934,0.131655,-1562.516,-0.45585,-98.09478,2278.90392,2278.92939,0.02546,0.00021,25.00013,25.00013,False,0.01398,-0.01761,0.04606,0.7127,0.00814,0.04606,0.7127,0.00814,53.18833,0.7142312,0.01342835,82502.599,79993.866,-2502.599,6.134,False,False,-0.09664
291.9,TGO,THRUST,80001.243,28.0218408,0.1314868,-1560.52,-0.44727,-98.02261,2278.90411,2278.9295,0.02539,0.00021,24.98415,24.98415,False,0.01396,-0.01759,0.04536,0.71116,0.00814,0.04536,0.71116,0.00814,53.19002,0.7126484,0.01339816,82498.639,79994.068,-2498.639,5.932,False,False,-0.09451
292.04,TGO,THRUST,80001.181,28.0238831,0.1313191,-1558.53,-0.4388,-97.95066,2278.90429,2278.9296,0.02531,0.0002,24.96822,24.96822,False,0.01394,-0.01757,0.04465,0.70962,0.00814,0.04465,0.70962,0.00814,53.19171,0.7110732,0.01336812,82494.706,79994.263,-2494.706,5.737,False,False,-0.09236
292.2,TGO,THRUST,80001.111,28.0262111,0.1311282,-1556.264,-0.42924,-97.86872,2278.9045,2278.92972,0.02522,0.00021,24.95006,24.95006,False,0.01392,-0.01754,0.04386,0.70788,0.00814,0.04386,0.70788,0.00814,53.19364,0.709282,0.01333396,82490.242,79994.479,-2490.242,5.521,False,False,-0.08993
292.34,TGO,THRUST,80001.051,28.0282432,0.1309618,-1554.288,-0.421,-97.79724,2278.90468,2278.92982,0.02514,0.00021,24.93422,24.93422,False,0.0139,-0.01752,0.04317,0.70636,0.00814,0.04317,0.70636,0.00814,53.19533,0.7077197,0.01330417,82486.361,79994.661,-2486.361,5.339,False,False,-0.08792
292.48,TGO,THRUST,80000.993,28.0302699,0.1307959,-1552.32,-0.41286,-97.726,2278.90486,2278.92992,0.02506,0.0002,24.91843,24.91843,False,0.01388,-0.01749,0.04248,0.70484,0.00814,0.04248,0.70484,0.00814,53.19701,0.7061679,0.01327458,82482.503,79994.837,-2482.503,5.163,False,False,-0.08585
292.62,TGO,THRUST,80000.935,28.0322917,0.1306307,-1550.358,-0.40481,-97.655,2278.90503,2278.93002,0.02498,0.0002,24.90267,24.90267,False,0.01386,-0.01747,0.0418,0.70334,0.00813,0.0418,0.70334,0.00813,53.19868,0.7046234,0.01324513,82478.666,79995.007,-2478.666,4.993,False,False,-0.08369
292.78,TGO,THRUST,80000.867,28.0345963,0.1304424,-1548.124,-0.39575,-97.57412,2278.90523,2278.93012,0.0249,0.00021,24.88473,24.88473,False,0.01383,-0.01744,0.04103,0.70162,0.00813,0.04103,0.70162,0.00813,53.2006,0.7028674,0.01321165,82474.306,79995.195,-2474.306,4.805,False,False,-0.08125
292.92,TGO,THRUST,80000.808,28.036608,0.1302783,-1546.176,-0.38793,-97.50357,2278.90542,2278.93023,0.02481,0.0002,24.86907,24.86907,False,0.01381,-0.01742,0.04044,0.70013,0.00813,0.04044,0.70013,0.00813,53.20227,0.701342,0.01318256,82470.515,79995.345,-2470.515,4.655,False,False,-0.07328
293.06,TGO,THRUST,80000.754,28.0386144,0.1301148,-1544.235,-0.38021,-97.43326,2278.90559,2278.93032,0.02474,0.0002,24.85345,24.85345,False,0.01379,-0.0174,0.03977,0.69864,0.00812,0.03977,0.69864,0.00812,53.20393,0.6998207,0.01315355,82466.743,79995.497,-2466.743,4.503,False,False,-0.0714
293.2,TGO,THRUST,80000.701,28.040616,0.1299518,-1542.301,-0.37259,-97.36318,2278.90575,2278.93041,0.02466,0.0002,24.83788,24.83788,False,0.01378,-0.01738,0.03911,0.69716,0.00812,0.03911,0.69716,0.00812,53.20559,0.6983067,0.01312469,82462.99,79995.645,-2462.99,4.355,False,False,-0.06975
293.36,TGO,THRUST,80000.642,28.0428976,0.1297662,-1540.098,-0.364,-97.28335,2278.90593,2278.93051,0.02458,0.0002,24.82014,24.82014,False,0.01375,-0.01735,0.03837,0.69548,0.00812,0.03837,0.69548,0.00812,53.20749,0.6965853,0.01309187,82458.726,79995.807,-2458.726,4.193,False,False,-0.068
293.5,TGO,THRUST,80000.586,28.0448892,0.1296044,-1538.178,-0.35659,-97.21371,2278.90609,2278.9306,0.02451,0.0002,24.80466,24.80466,False,0.01373,-0.01733,0.03772,0.69401,0.00812,0.03772,0.69401,0.00812,53.20914,0.6950841,0.01306325,82455.015,79995.943,-2455.015,4.057,False,False,-0.0666
293.64,TGO,THRUST,80000.534,28.0468757,0.1294432,-1536.264,-0.34927,-97.14432,2278.90627,2278.9307,0.02443,0.0002,24.78922,24.78922,False,0.01371,-0.0173,0.03715,0.69256,0.00812,0.03715,0.69256,0.00812,53.21079,0.6935988,0.01303493,82451.325,79996.067,-2451.325,3.933,False,False,-0.05907
293.78,TGO,THRUST,80000.486,28.0488574,0.1292825,-1534.356,-0.34205,-97.07514,2278.90642,2278.93078,0.02436,0.0002,24.77383,24.77383,False,0.01369,-0.01728,0.03652,0.6911,0.00811,0.03652,0.6911,0.00811,53.21244,0.692115,0.01300664,82447.65,79996.194,-2447.65,3.806,False,False,-0.05757
293.94,TGO,THRUST,80000.431,28.0511164,0.1290995,-1532.184,-0.33392,-96.99634,2278.90658,2278.93087,0.02429,0.00019,24.75629,24.75629,False,0.01367,-0.01726,0.03579,0.68945,0.00811,0.03579,0.68945,0.00811,53.21432,0.6904279,0.01297448,82443.472,79996.334,-2443.472,3.666,False,False,-0.05617
294.08,TGO,THRUST,80000.385,28.0530884,0.1289399,-1530.291,-0.3269,-96.92761,2278.90672,2278.93095,0.02423,0.00019,24.74098,24.74098,False,0.01365,-0.01723,0.03517,0.68801,0.00811,0.03517,0.68801,0.00811,53.21596,0.6889567,0.01294643,82439.834,79996.451,-2439.834,3.549,False,False,-0.05504
294.22,TGO,THRUST,80000.339,28.0550552,0.1287809,-1528.403,-0.31997,-96.85911,2278.90686,2278.93103,0.02417,0.0002,24.72572,24.72572,False,0.01363,-0.01721,0.03454,0.68658,0.00812,0.03454,0.68658,0.00812,53.21759,0.6874955,0.01291858,82436.213,79996.564,-2436.213,3.436,False,False,-0.05378
294.36,TGO,THRUST,80000.295,28.0570174,0.1286224,-1526.522,-0.31313,-96.79082,2278.90699,2278.9311,0.02411,0.0002,24.7105,24.7105,False,0.01362,-0.01719,0.03393,0.68515,0.00812,0.03393,0.68515,0.00812,53.21923,0.6860415,0.01289086,82432.607,79996.673,-2432.607,3.327,False,False,-0.05233
294.52,TGO,THRUST,80000.245,28.0592542,0.1284419,-1524.38,-0.30543,-96.71304,2278.90714,2278.93119,0.02405,0.00019,24.69316,24.69316,False,0.01359,-0.01716,0.03323,0.68353,0.00812,0.03323,0.68353,0.00812,53.22109,0.6843886,0.01285935,82428.506,79996.793,-2428.506,3.207,False,False,-0.05054
294.66,TGO,THRUST,80000.202,28.0612067,0.1282846,-1522.513,-0.29879,-96.64519,2278.90726,2278.93126,0.024,0.00019,24.67803,24.67803,False,0.01357,-0.01714,0.03262,0.68212,0.00812,0.03262,0.68212,0.00812,53.22271,0.6829473,0.01283188,82424.933,79996.893,-2424.933,3.107,False,False,-0.04893
294.8,TGO,THRUST,80000.161,28.0631543,0.1281278,-1520.651,-0.29223,-96.57757,2278.90737,2278.93133,0.02396,0.0002,24.66294,24.66294,False,0.01356,-0.01712,0.03202,0.68071,0.00813,0.03202,0.68071,0.00813,53.22433,0.6815159,0.01280459,82421.376,79996.99,-2421.376,3.01,False,False,-0.04707
294.94,TGO,THRUST,80000.12,28.0650973,0.1279715,-1518.796,-0.28577,-96.51016,2278.90749,2278.9314,0.02391,0.00019,24.64789,24.64789,False,0.01354,-0.0171,0.03142,0.67932,0.00813,0.03142,0.67932,0.00813,53.22595,0.6800916,0.01277744,82417.833,79997.083,-2417.833,2.917,False,False,-0.04504
295.1,TGO,THRUST,80000.075,28.0673123,0.1277935,-1516.684,-0.27848,-96.43337,2278.90761,2278.93148,0.02387,0.0002,24.63074,24.63074,False,0.01352,-0.01707,0.03075,0.67773,0.00814,0.03075,0.67773,0.00814,53.2278,0.6784725,0.01274658,82413.801,79997.185,-2413.801,2.815,False,False,-0.0427
295.24,TGO,THRUST,80000.036,28.0692458,0.1276383,-1514.842,-0.27221,-96.36639,2278.90771,2278.93154,0.02383,0.0002,24.61578,24.61578,False,0.0135,-0.01705,0.03016,0.67634,0.00815,0.03016,0.67634,0.00815,53.22941,0.6770608,0.01271967,82410.286,79997.27,-2410.286,2.73,False,False,-0.04076
295.38,TGO,THRUST,79999.998,28.0711745,0.1274836,-1513.006,-0.26602,-96.29964,2278.9078,2278.93161,0.02381,0.00019,24.60086,24.60086,False,0.01348,-0.01703,0.02958,0.67496,0.00816,0.02958,0.67496,0.00816,53.23102,0.6756588,0.01269295,82406.781,79997.352,-2406.781,2.648,False,False,-0.0387
295.52,TGO,THRUST,79999.961,28.0730986,0.1273294,-1511.176,-0.25992,-96.23309,2278.90788,2278.93167,0.02379,0.00019,24.58598,24.58598,False,0.01346,-0.01701,0.02901,0.67359,0.00817,0.02901,0.67359,0.00817,53.23263,0.6742638,0.01266636,82403.288,79997.43,-2403.288,2.57,False,False,-0.03668
295.68,TGO,THRUST,79999.92,28.0752922,0.1271538,-1509.092,-0.25306,-96.15729,2278.90797,2278.93174,0.02377,0.00019,24.56902,24.56902,False,0.01344,-0.01699,0.02836,0.67203,0.00819,0.02836,0.67203,0.00819,53.23445,0.6726782,0.01263614,82399.313,79997.516,-2399.313,2.484,False,False,-0.03445
295.82,TGO,THRUST,79999.884,28.0772071,0.1270008,-1507.275,-0.24715,-96.09116,2278.90805,2278.9318,0.02375,0.00019,24.55423,24.55423,False,0.01342,-0.01696,0.02779,0.67067,0.0082,0.02779,0.67067,0.0082,53.23605,0.6712956,0.01260979,82395.85,79997.588,-2395.85,2.412,False,False,-0.03265
295.96,TGO,THRUST,79999.85,28.0791172,0.1268482,-1505.464,-0.24132,-96.02525,2278.90812,2278.93186,0.02374,0.00019,24.53947,24.53947,False,0.0134,-0.01694,0.02724,0.66932,0.00821,0.02724,0.66932,0.00821,53.23765,0.6699226,0.01258363,82392.403,79997.656,-2392.403,2.344,False,False,-0.03083
296.1,TGO,THRUST,79999.816,28.0810229,0.1266961,-1503.659,-0.23557,-95.95955,2278.90819,2278.93191,0.02372,0.00019,24.52475,24.52475,False,0.01338,-0.01692,0.02668,0.66797,0.00822,0.02668,0.66797,0.00822,53.23924,0.6685566,0.01255759,82388.973,79997.722,-2388.973,2.278,False,False,-0.02899
296.26,TGO,THRUST,79999.779,28.0831954,0.1265229,-1501.603,-0.22911,-95.88471,2278.90827,2278.93198,0.02371,0.0002,24.50798,24.50798,False,0.01336,-0.0169,0.02606,0.66644,0.00824,0.02606,0.66644,0.00824,53.24105,0.6670039,0.012528,82385.072,79997.794,-2385.072,2.206,False,False,-0.02693
296.4,TGO,THRUST,79999.747,28.085092,0.1263718,-1499.811,-0.22354,-95.81942,2278.90834,2278.93203,0.02369,0.00019,24.49335,24.49335,False,0.01334,-0.01688,0.02552,0.66511,0.00825,0.02552,0.66511,0.00825,53.24264,0.6656502,0.0125022,82381.677,79997.854,-2381.677,2.146,False,False,-0.02521
296.54,TGO,THRUST,79999.715,28.0869838,0.1262213,-1498.024,-0.21806,-95.75435,2278.9084,2278.93209,0.02368,0.0002,24.47876,24.47876,False,0.01332,-0.01686,0.02498,0.66378,0.00826,0.02498,0.66378,0.00826,53.24422,0.6643058,0.01247658,82378.298,79997.911,-2378.298,2.089,False,False,-0.02344
296.68,TGO,THRUST,79999.685,28.0888714,0.1260713,-1496.243,-0.21265,-95.68948,2278.90847,2278.93214,0.02367,0.0002,24.4642,24.4642,False,0.01331,-0.01683,0.02445,0.66247,0.00828,0.02445,0.66247,0.00828,53.2458,0.6629684,0.01245109,82374.936,79997.966,-2374.936,2.034,False,False,-0.02161
296.84,TGO,THRUST,79999.651,28.0910233,0.1259004,-1494.215,-0.20658,-95.61558,2278.90854,2278.93219,0.02365,0.0002,24.44762,24.44762,False,0.01329,-0.01681,0.02385,0.66097,0.00829,0.02385,0.66097,0.00829,53.2476,0.6614482,0.01242212,82371.115,79998.026,-2371.115,1.974,False,False,-0.01954
296.98,TGO,THRUST,79999.622,28.0929019,0.1257514,-1492.447,-0.20134,-95.55112,2278.90861,2278.93224,0.02364,0.0002,24.43315,24.43315,False,0.01327,-0.01679,0.02333,0.65966,0.0083,0.02333,0.65966,0.0083,53.24917,0.6601228,0.01239686,82367.788,79998.075,-2367.788,1.925,False,False,-0.0177
297.12,TGO,THRUST,79999.594,28.0947759,0.1256029,-1490.684,-0.19619,-95.48687,2278.90867,2278.93229,0.02362,0.0002,24.41871,24.41871,False,0.01325,-0.01677,0.02281,0.65836,0.00831,0.02281,0.65836,0.00831,53.25074,0.6588068,0.01237179,82364.48,79998.123,-2364.48,1.877,False,False,-0.01576
297.26,TGO,THRUST,79999.567,28.0966457,0.1254548,-1488.927,-0.19111,-95.42281,2278.90873,2278.93234,0.02361,0.0002,24.40432,24.40432,False,0.01323,-0.01675,0.0223,0.65707,0.00832,0.0223,0.65707,0.00832,53.25231,0.6574975,0.01234684,82361.188,79998.168,-2361.188,1.832,False,False,-0.0137
297.42,TGO,THRUST,79999.536,28.0987773,0.1252862,-1486.925,-0.18541,-95.34984,2278.90881,2278.93239,0.02358,0.0002,24.38791,24.38791,False,0.01321,-0.01673,0.02172,0.6556,0.00833,0.02172,0.6556,0.00833,53.25409,0.6560094,0.01231848,82357.446,79998.217,-2357.446,1.783,False,False,-0.0114
297.56,TGO,THRUST,79999.51,28.1006383,0.1251392,-1485.18,-0.1805,-95.28619,2278.90887,2278.93243,0.02356,0.00019,24.3736,24.3736,False,0.01319,-0.01671,0.02123,0.65431,0.00834,0.02123,0.65431,0.00834,53.25565,0.654712,0.01229376,82354.191,79998.258,-2354.191,1.742,False,False,-0.00933
297.7,TGO,THRUST,79999.485,28.1024948,0.1249926,-1483.441,-0.17566,-95.22274,2278.90893,2278.93248,0.02354,0.0002,24.35932,24.35932,False,0.01318,-0.01669,0.02073,0.65304,0.00835,0.02073,0.65304,0.00835,53.25721,0.6534238,0.01226921,82350.953,79998.296,-2350.953,1.704,False,False,-0.00704
297.84,TGO,THRUST,79999.46,28.1043471,0.1248465,-1481.707,-0.1709,-95.15949,2278.909,2278.93252,0.02352,0.00019,24.34508,24.34508,False,0.01316,-0.01667,0.02024,0.65177,0.00835,0.02024,0.65177,0.00835,53.25876,0.6521423,0.01224479,82347.733,79998.333,-2347.733,1.667,False,False,-0.00462
298,TGO,THRUST,79999.433,28.1064589,0.1246801,-1479.732,-0.16554,-95.08743,2278.90908,2278.93257,0.02349,0.0002,24.32885,24.32885,False,0.01314,-0.01664,0.01969,0.65033,0.00836,0.01969,0.65033,0.00836,53.26053,0.6506859,0.01221704,82344.074,79998.373,-2344.074,1.627,False,False,-0.00179
298.14,TGO,THRUST,79999.41,28.1083026,0.124535,-1478.01,-0.16094,-95.02457,2278.90915,2278.9326,0.02346,0.0002,24.31469,24.31469,False,0.01312,-0.01662,0.01921,0.64908,0.00836,0.01921,0.64908,0.00836,53.26208,0.6494161,0.01219284,82340.891,79998.406,-2340.891,1.594,False,False,0.00117
298.28,TGO,THRUST,79999.387,28.1101419,0.1243904,-1476.294,-0.15641,-94.96191,2278.90922,2278.93264,0.02343,0.0002,24.30056,24.30056,False,0.0131,-0.0166,0.01874,0.64783,0.00837,0.01874,0.64783,0.00837,53.26362,0.6481555,0.01216882,82337.726,79998.438,-2337.726,1.562,False,False,0.0039
298.42,TGO,THRUST,79999.365,28.111977,0.1242462,-1474.582,-0.15195,-94.89945,2278.90929,2278.93268,0.02339,0.0002,24.28648,24.28648,False,0.01309,-0.01658,0.01827,0.64659,0.00837,0.01827,0.64659,0.00837,53.26516,0.6469013,0.01214492,82334.581,79998.467,-2334.581,1.533,False,False,0.00675
298.58,TGO,THRUST,79999.34,28.1140694,0.124082,-1472.633,-0.14694,-94.82828,2278.90938,2278.93272,0.02334,0.0002,24.27042,24.27042,False,0.01307,-0.01656,0.01774,0.64518,0.00837,0.01774,0.64518,0.00837,53.26692,0.6454761,0.01211777,82331.013,79998.499,-2331.013,1.501,False,False,0.00981
298.72,TGO,THRUST,79999.313,28.1158961,0.1239388,-1470.933,-0.14263,-94.7662,2278.90948,2278.93277,0.02329,0.00019,24.25641,24.25641,False,0.01305,-0.01654,0.01733,0.64395,0.00836,0.01733,0.64395,0.00836,53.26846,0.6442362,0.01209414,82327.913,79998.521,-2327.913,1.479,False,False,0.01577
298.86,TGO,THRUST,79999.293,28.1177186,0.123796,-1469.239,-0.13839,-94.70432,2278.90957,2278.9328,0.02324,0.00019,24.24243,24.24243,False,0.01303,-0.01652,0.0169,0.64273,0.00835,0.0169,0.64273,0.00835,53.26999,0.6430039,0.01207066,82324.829,79998.543,-2324.829,1.457,False,False,0.01992
299,TGO,THRUST,79999.273,28.1195369,0.1236537,-1467.55,-0.13422,-94.64262,2278.90965,2278.93284,0.02319,0.00019,24.2285,24.2285,False,0.01302,-0.0165,0.01646,0.64151,0.00835,0.01646,0.64151,0.00835,53.27151,0.6417766,0.01204728,82321.759,79998.567,-2321.759,1.433,False,False,0.02173
299.16,TGO,THRUST,79999.252,28.1216102,0.1234916,-1465.626,-0.12954,-94.57234,2278.90974,2278.93287,0.02313,0.00019,24.21261,24.21261,False,0.013,-0.01648,0.01595,0.64013,0.00834,0.01595,0.64013,0.00834,53.27326,0.640382,0.0120207,82318.267,79998.592,-2318.267,1.408,False,False,0.02334
299.3,TGO,THRUST,79999.234,28.1234203,0.1233503,-1463.949,-0.12551,-94.51102,2278.90983,2278.9329,0.02308,0.00019,24.19875,24.19875,False,0.01298,-0.01646,0.01551,0.63892,0.00834,0.01551,0.63892,0.00834,53.27478,0.6391662,0.01199754,82315.226,79998.613,-2315.226,1.387,False,False,0.02437
299.44,TGO,THRUST,79999.216,28.1252261,0.1232094,-1462.276,-0.12155,-94.4499,2278.90991,2278.93293,0.02303,0.00019,24.18492,24.18492,False,0.01296,-0.01644,0.01508,0.63773,0.00833,0.01508,0.63773,0.00833,53.2763,0.6379592,0.01197454,82312.198,79998.633,-2312.198,1.367,False,False,0.02533
299.58,TGO,THRUST,79999.199,28.127028,0.1230689,-1460.609,-0.11764,-94.38897,2278.90999,2278.93296,0.02298,0.00019,24.17113,24.17113,False,0.01295,-0.01642,0.01465,0.63654,0.00833,0.01465,0.63654,0.00833,53.27782,0.6367586,0.01195167,82309.183,79998.651,-2309.183,1.349,False,False,0.02619
299.74,TGO,THRUST,79999.18,28.1290825,0.1229089,-1458.71,-0.11326,-94.31954,2278.91007,2278.933,0.02292,0.00019,24.15541,24.15541,False,0.01293,-0.0164,0.01416,0.63518,0.00832,0.01416,0.63518,0.00832,53.27955,0.6353943,0.01192567,82305.752,79998.671,-2305.752,1.329,False,False,0.02712
299.88,TGO,THRUST,79999.164,28.1308763,0.1227693,-1457.054,-0.10949,-94.25898,2278.91015,2278.93302,0.02287,0.00019,24.1417,24.1417,False,0.01291,-0.01638,0.01374,0.634,0.00832,0.01374,0.634,0.00832,53.28106,0.6342051,0.01190301,82302.763,79998.687,-2302.763,1.313,False,False,0.02784
300.02,TGO,THRUST,79999.149,28.1326659,0.1226302,-1455.403,-0.10579,-94.19861,2278.91022,2278.93305,0.02283,0.00019,24.12802,24.12802,False,0.0129,-0.01636,0.01332,0.63283,0.00831,0.01332,0.63283,0.00831,53.28257,0.6330245,0.01188052,82299.785,79998.703,-2299.785,1.297,False,False,0.02854
300.16,TGO,THRUST,79999.134,28.1344516,0.1224915,-1453.757,-0.10214,-94.13841,2278.91029,2278.93308,0.02278,0.00019,24.11437,24.11437,False,0.01288,-0.01634,0.01291,0.63166,0.00831,0.01291,0.63166,0.00831,53.28407,0.6318502,0.01185814,82296.819,79998.717,-2296.819,1.283,False,False,0.02928
300.32,TGO,THRUST,79999.118,28.1364878,0.1223336,-1451.882,-0.09805,-94.06983,2278.91037,2278.9331,0.02273,0.00019,24.09882,24.09882,False,0.01286,-0.01632,0.01245,0.63034,0.0083,0.01245,0.63034,0.0083,53.28579,0.6305159,0.01183272,82293.442,79998.732,-2293.442,1.268,False,False,0.03004
300.46,TGO,THRUST,79999.104,28.1382655,0.1221958,-1450.247,-0.09454,-94.01,2278.91044,2278.93313,0.02269,0.00019,24.08524,24.08524,False,0.01284,-0.0163,0.01204,0.62918,0.0083,0.01204,0.62918,0.0083,53.28729,0.6293527,0.01181056,82290.498,79998.745,-2290.498,1.255,False,False,0.03059
300.6,TGO,THRUST,79999.091,28.1400392,0.1220585,-1448.617,-0.09109,-93.95036,2278.9105,2278.93315,0.02265,0.00019,24.0717,24.0717,False,0.01283,-0.01628,0.01165,0.62804,0.00829,0.01165,0.62804,0.00829,53.28879,0.6281981,0.01178856,82287.565,79998.756,-2287.565,1.244,False,False,0.03113
300.74,TGO,THRUST,79999.078,28.1418091,0.1219215,-1446.992,-0.0877,-93.8909,2278.91056,2278.93317,0.02261,0.00019,24.0582,24.0582,False,0.01281,-0.01626,0.01125,0.62689,0.00829,0.01125,0.62689,0.00829,53.29028,0.6270498,0.01176668,82284.642,79998.767,-2284.642,1.233,False,False,0.03163
300.9,TGO,THRUST,79999.064,28.1438272,0.1217656,-1445.141,-0.08389,-93.82315,2278.91063,2278.9332,0.02257,0.00019,24.0428,24.0428,False,0.01279,-0.01624,0.01081,0.6256,0.00829,0.01081,0.6256,0.00829,53.29198,0.6257449,0.01174182,82281.313,79998.778,-2281.313,1.222,False,False,0.03212
301.04,TGO,THRUST,79999.052,28.1455892,0.1216295,-1443.526,-0.08062,-93.76404,2278.91068,2278.93322,0.02253,0.00019,24.02937,24.02937,False,0.01278,-0.01622,0.01043,0.62447,0.00828,0.01043,0.62447,0.00828,53.29347,0.6246076,0.01172015,82278.409,79998.787,-2278.409,1.213,False,False,0.03241
301.18,TGO,THRUST,79999.04,28.1473473,0.1214939,-1441.917,-0.07741,-93.70512,2278.91073,2278.93324,0.0225,0.00019,24.01597,24.01597,False,0.01276,-0.01621,0.01005,0.62334,0.00828,0.01005,0.62334,0.00828,53.29496,0.6234786,0.01169864,82275.515,79998.796,-2275.515,1.204,False,False,0.03271
301.32,TGO,THRUST,79999.029,28.1491016,0.1213587,-1440.312,-0.07426,-93.64637,2278.91078,2278.93325,0.02247,0.00019,24.0026,24.0026,False,0.01275,-0.01619,0.00967,0.62223,0.00828,0.00967,0.62223,0.00828,53.29644,0.6223558,0.01167725,82272.629,79998.804,-2272.629,1.196,False,False,0.03301
301.48,TGO,THRUST,79999.017,28.1511021,0.1212047,-1438.484,-0.07072,-93.57944,2278.91083,2278.93327,0.02244,0.00019,23.98736,23.98736,False,0.01273,-0.01617,0.00925,0.62096,0.00828,0.00925,0.62096,0.00828,53.29813,0.62108,0.01165294,82269.341,79998.812,-2269.341,1.188,False,False,0.03338
301.62,TGO,THRUST,79999.007,28.1528487,0.1210703,-1436.89,-0.06769,-93.52104,2278.91087,2278.93329,0.02242,0.00019,23.97407,23.97407,False,0.01271,-0.01615,0.00888,0.61985,0.00828,0.00888,0.61985,0.00828,53.29961,0.619968,0.01163176,82266.473,79998.819,-2266.473,1.181,False,False,0.03368
301.76,TGO,THRUST,79998.998,28.1545915,0.1209364,-1435.3,-0.06471,-93.46282,2278.91091,2278.93331,0.0224,0.00019,23.9608,23.9608,False,0.0127,-0.01613,0.00852,0.61875,0.00828,0.00852,0.61875,0.00828,53.30108,0.6188643,0.01161073,82263.612,79998.825,-2263.612,1.175,False,False,0.03409
301.9,TGO,THRUST,79998.989,28.1563306,0.1208029,-1433.715,-0.06178,-93.40477,2278.91094,2278.93332,0.02239,0.00019,23.94757,23.94757,False,0.01268,-0.01611,0.00817,0.61766,0.00829,0.00817,0.61766,0.00829,53.30255,0.6177666,0.01158981,82260.758,79998.83,-2260.758,1.17,False,False,0.03469
302.06,TGO,THRUST,79998.979,28.1583137,0.1206507,-1431.91,-0.0585,-93.33863,2278.91097,2278.93334,0.02238,0.00019,23.93249,23.93249,False,0.01266,-0.01609,0.00776,0.61641,0.00829,0.00776,0.61641,0.00829,53.30423,0.6165195,0.01156605,82257.501,79998.836,-2257.501,1.164,False,False,0.03552
302.2,TGO,THRUST,79998.97,28.1600453,0.1205181,-1430.335,-0.05569,-93.28093,2278.91098,2278.93336,0.02237,0.00019,23.91932,23.91932,False,0.01265,-0.01607,0.00742,0.61533,0.0083,0.00742,0.61533,0.0083,53.3057,0.6154325,0.01154534,82254.657,79998.841,-2254.657,1.159,False,False,0.03632
302.34,TGO,THRUST,79998.962,28.1617731,0.1203858,-1428.765,-0.05293,-93.2234,2278.911,2278.93337,0.02237,0.00019,23.90619,23.90619,False,0.01263,-0.01605,0.00707,0.61426,0.00831,0.00707,0.61426,0.00831,53.30716,0.6143536,0.01152479,82251.82,79998.845,-2251.82,1.155,False,False,0.03732
302.48,TGO,THRUST,79998.955,28.1634973,0.1202539,-1427.2,-0.05022,-93.16604,2278.91101,2278.93338,0.02237,0.00019,23.89309,23.89309,False,0.01261,-0.01604,0.00673,0.61319,0.00832,0.00673,0.61319,0.00832,53.30863,0.6132807,0.01150434,82248.991,79998.848,-2248.991,1.152,False,False,0.0384
302.64,TGO,THRUST,79998.947,28.1654634,0.1201036,-1425.416,-0.04719,-93.10068,2278.91102,2278.9334,0.02238,0.00019,23.87816,23.87816,False,0.0126,-0.01602,0.00635,0.61197,0.00833,0.00635,0.61197,0.00833,53.31029,0.6120618,0.01148112,82245.77,79998.852,-2245.77,1.148,False,False,0.03964
302.78,TGO,THRUST,79998.94,28.1671802,0.1199726,-1423.861,-0.04459,-93.04366,2278.91103,2278.93341,0.02238,0.00019,23.86513,23.86513,False,0.01258,-0.016,0.00602,0.61091,0.00834,0.00602,0.61091,0.00834,53.31175,0.6109994,0.01146088,82242.962,79998.855,-2242.962,1.145,False,False,0.04061
302.92,TGO,THRUST,79998.934,28.1688933,0.1198419,-1422.31,-0.04204,-92.98681,2278.91103,2278.93342,0.02239,0.00019,23.85213,23.85213,False,0.01257,-0.01598,0.00569,0.60986,0.00835,0.00569,0.60986,0.00835,53.3132,0.609945,0.01144079,82240.165,79998.858,-2240.165,1.142,False,False,0.04156
303.06,TGO,THRUST,79998.928,28.1706028,0.1197116,-1420.764,-0.03953,-92.93012,2278.91104,2278.93343,0.02239,0.00019,23.83916,23.83916,False,0.01255,-0.01596,0.00537,0.60882,0.00835,0.00537,0.60882,0.00835,53.31465,0.6088964,0.01142081,82237.378,79998.86,-2237.378,1.14,False,False,0.04254
303.22,TGO,THRUST,79998.921,28.1725524,0.1195632,-1419.002,-0.03673,-92.86553,2278.91105,2278.93344,0.02239,0.0002,23.82437,23.82437,False,0.01253,-0.01594,0.00501,0.60763,0.00836,0.00501,0.60763,0.00836,53.31631,0.6077052,0.01139811,82234.206,79998.863,-2234.206,1.137,False,False,0.04355
303.36,TGO,THRUST,79998.916,28.1742547,0.1194337,-1417.465,-0.03434,-92.80917,2278.91105,2278.93345,0.0224,0.00019,23.81147,23.81147,False,0.01252,-0.01592,0.00469,0.60659,0.00837,0.00469,0.60659,0.00837,53.31776,0.606667,0.01137833,82231.442,79998.864,-2231.442,1.136,False,False,0.04431
303.5,TGO,THRUST,79998.911,28.1759534,0.1193046,-1415.933,-0.03198,-92.75298,2278.91106,2278.93346,0.0224,0.00019,23.7986,23.7986,False,0.0125,-0.01591,0.00438,0.60556,0.00838,0.00438,0.60556,0.00838,53.3192,0.6056366,0.0113587,82228.689,79998.866,-2228.689,1.134,False,False,0.04515
303.64,TGO,THRUST,79998.906,28.1776486,0.1191759,-1414.405,-0.02968,-92.69695,2278.91106,2278.93347,0.0224,0.00019,23.78576,23.78576,False,0.01249,-0.01589,0.00408,0.60454,0.00839,0.00408,0.60454,0.00839,53.32064,0.604612,0.01133917,82225.946,79998.867,-2225.946,1.133,False,False,0.04594
303.8,TGO,THRUST,79998.901,28.1795819,0.1190292,-1412.665,-0.0271,-92.63311,2278.91107,2278.93348,0.02241,0.0002,23.77112,23.77112,False,0.01247,-0.01587,0.00373,0.60338,0.0084,0.00373,0.60338,0.0084,53.32229,0.6034481,0.011317,82222.825,79998.868,-2222.825,1.132,False,False,0.04674
303.94,TGO,THRUST,79998.897,28.1812701,0.1189013,-1411.147,-0.02489,-92.57741,2278.91107,2278.93348,0.02241,0.0002,23.75834,23.75834,False,0.01245,-0.01585,0.00344,0.60237,0.0084,0.00344,0.60237,0.0084,53.32372,0.6024337,0.01129767,82220.106,79998.869,-2220.106,1.131,False,False,0.04734
304.08,TGO,THRUST,79998.894,28.1829547,0.1187737,-1409.633,-0.02273,-92.52187,2278.91108,2278.93349,0.02241,0.0002,23.74559,23.74559,False,0.01244,-0.01584,0.00314,0.60136,0.00841,0.00314,0.60136,0.00841,53.32515,0.601427,0.01127849,82217.398,79998.87,-2217.398,1.13,False,False,0.04795
304.22,TGO,THRUST,79998.89,28.1846359,0.1186465,-1408.123,-0.02061,-92.46649,2278.91109,2278.93349,0.02241,0.0002,23.73287,23.73287,False,0.01242,-0.01582,0.00285,0.60036,0.00842,0.00285,0.60036,0.00842,53.32658,0.600426,0.01125941,82214.701,79998.871,-2214.701,1.129,False,False,0.04851
304.38,TGO,THRUST,79998.887,28.1865532,0.1185016,-1406.403,-0.01825,-92.40339,2278.91109,2278.9335,0.02241,0.0002,23.71838,23.71838,False,0.01241,-0.0158,0.00253,0.59922,0.00842,0.00253,0.59922,0.00842,53.32822,0.5992888,0.01123774,82211.634,79998.871,-2211.634,1.129,False,False,0.04899
304.52,TGO,THRUST,79998.884,28.1882275,0.1183752,-1404.903,-0.01622,-92.34832,2278.9111,2278.93351,0.0224,0.0002,23.70572,23.70572,False,0.01239,-0.01578,0.00224,0.59823,0.00843,0.00224,0.59823,0.00843,53.32964,0.5982979,0.01121886,82208.962,79998.872,-2208.962,1.128,False,False,0.04936
304.66,TGO,THRUST,79998.882,28.1898983,0.1182492,-1403.407,-0.01424,-92.29342,2278.91111,2278.93351,0.0224,0.0002,23.6931,23.6931,False,0.01238,-0.01576,0.00197,0.59725,0.00843,0.00197,0.59725,0.00843,53.33107,0.5973145,0.01120012,82206.302,79998.872,-2206.302,1.128,False,False,0.04982
304.8,TGO,THRUST,79998.879,28.1915657,0.1181235,-1401.915,-0.0123,-92.23868,2278.91113,2278.93351,0.02239,0.0002,23.6805,23.6805,False,0.01236,-0.01575,0.00169,0.59627,0.00843,0.00169,0.59627,0.00843,53.33249,0.5963367,0.01118149,82203.655,79998.872,-2203.655,1.128,False,False,0.0503
304.96,TGO,THRUST,79998.877,28.1934674,0.1179803,-1400.216,-0.01013,-92.17629,2278.91114,2278.93352,0.02238,0.0002,23.66614,23.66614,False,0.01234,-0.01573,0.00138,0.59516,0.00843,0.00138,0.59516,0.00843,53.33411,0.5952259,0.01116032,82200.644,79998.872,-2200.644,1.128,False,False,0.05083
305.1,TGO,THRUST,79998.876,28.1951281,0.1178553,-1398.733,-0.00827,-92.12186,2278.91116,2278.93352,0.02236,0.00019,23.65361,23.65361,False,0.01233,-0.01571,0.00112,0.5942,0.00843,0.00112,0.5942,0.00843,53.33553,0.594258,0.01114188,82198.022,79998.873,-2198.022,1.127,False,False,0.05122
305.24,TGO,THRUST,79998.874,28.1967854,0.1177308,-1397.255,-0.00646,-92.06758,2278.91118,2278.93352,0.02235,0.00019,23.6411,23.6411,False,0.01232,-0.01569,0.00085,0.59324,0.00843,0.00085,0.59324,0.00843,53.33694,0.5932975,0.01112358,82195.413,79998.873,-2195.413,1.127,False,False,0.05174
305.38,TGO,THRUST,79998.873,28.1984394,0.1176065,-1395.78,-0.00468,-92.01345,2278.9112,2278.93353,0.02233,0.00019,23.62863,23.62863,False,0.0123,-0.01568,0.00059,0.59228,0.00843,0.00059,0.59228,0.00843,53.33835,0.5923425,0.01110538,82192.818,79998.873,-2192.818,1.127,False,False,0.05234
305.54,TGO,THRUST,79998.872,28.2003258,0.117465,-1394.1,-0.0027,-91.95178,2278.91123,2278.93353,0.0223,0.00019,23.61441,23.61441,False,0.01228,-0.01566,0.0003,0.5912,0.00843,0.0003,0.5912,0.00843,53.33996,0.5912578,0.01108471,82189.872,79998.873,-2189.872,1.127,False,False,0.05301
305.68,TGO,THRUST,79998.872,28.2019733,0.1173415,-1392.635,-0.00101,-91.89795,2278.91126,2278.93353,0.02227,0.0002,23.60199,23.60199,False,0.01227,-0.01564,5E-05,0.59025,0.00842,5E-05,0.59025,0.00842,53.34137,0.5903125,0.01106669,82187.308,79998.873,-2187.308,1.127,False,False,0.05362
305.82,TGO,THRUST,79998.872,28.2036173,0.1172184,-1391.173,0.00064,-91.84429,2278.91129,2278.93353,0.02224,0.0002,23.5896,23.5896,False,0.01226,-0.01562,-0.0002,0.58931,0.00842,-0.0002,0.58931,0.00842,53.34278,0.5893746,0.01104882,82184.755,79998.873,-2184.755,1.127,False,False,0.05419
305.96,TGO,THRUST,79998.871,28.2052581,0.1170956,-1389.716,0.00226,-91.79077,2278.91132,2278.93353,0.02221,0.0002,23.57724,23.57724,False,0.01224,-0.01561,-0.00044,0.58838,0.00841,-0.00044,0.58838,0.00841,53.34418,0.588442,0.01103104,82182.212,79998.873,-2182.212,1.127,False,False,0.05472
306.12,TGO,THRUST,79998.872,28.2071296,0.1169557,-1388.056,0.00407,-91.72979,2278.91136,2278.93353,0.02217,0.0002,23.56315,23.56315,False,0.01223,-0.01559,-0.00072,0.58732,0.0084,-0.00072,0.58732,0.0084,53.34578,0.5873829,0.01101086,82179.317,79998.873,-2179.317,1.127,False,False,0.05523
306.26,TGO,THRUST,79998.872,28.208764,0.1168336,-1386.607,0.00561,-91.67657,2278.91139,2278.93353,0.02214,0.0002,23.55085,23.55085,False,0.01221,-0.01557,-0.00096,0.5864,0.00839,-0.00096,0.5864,0.00839,53.34718,0.58646,0.01099327,82176.794,79998.873,-2176.794,1.127,False,False,0.05566
306.4,TGO,THRUST,79998.873,28.210395,0.1167119,-1385.162,0.00711,-91.6235,2278.91142,2278.93353,0.02211,0.00019,23.53858,23.53858,False,0.0122,-0.01556,-0.00119,0.58548,0.00839,-0.00119,0.58548,0.00839,53.34858,0.5855442,0.01097582,82174.279,79998.873,-2174.279,1.127,False,False,0.05611
306.54,TGO,THRUST,79998.873,28.212023,0.1165905,-1383.721,0.00858,-91.57058,2278.91145,2278.93353,0.02208,0.00019,23.52634,23.52634,False,0.01218,-0.01554,-0.00142,0.58457,0.00838,-0.00142,0.58457,0.00838,53.34997,0.5846338,0.01095847,82171.774,79998.873,-2171.774,1.127,False,False,0.05651
306.7,TGO,THRUST,79998.875,28.2138797,0.1164522,-1382.08,0.01022,-91.51027,2278.91149,2278.93353,0.02204,0.00019,23.51238,23.51238,False,0.01217,-0.01552,-0.00168,0.58354,0.00837,-0.00168,0.58354,0.00837,53.35156,0.5835998,0.01093876,82168.92,79998.873,-2168.92,1.127,False,False,0.0569
306.84,TGO,THRUST,79998.876,28.2155014,0.1163315,-1380.647,0.01162,-91.45764,2278.91151,2278.93352,0.02201,0.00019,23.50019,23.50019,False,0.01215,-0.01551,-0.00191,0.58264,0.00836,-0.00191,0.58264,0.00836,53.35295,0.582699,0.01092159,82166.43,79998.873,-2166.43,1.127,False,False,0.05708
306.98,TGO,THRUST,79998.877,28.2171197,0.1162111,-1379.219,0.01298,-91.40516,2278.91154,2278.93352,0.02198,0.00019,23.48803,23.48803,False,0.01214,-0.01549,-0.00213,0.58174,0.00836,-0.00213,0.58174,0.00836,53.35434,0.5818051,0.01090455,82163.949,79998.874,-2163.949,1.126,False,False,0.05727
307.12,TGO,THRUST,79998.879,28.2187351,0.1160911,-1377.795,0.01431,-91.35282,2278.91157,2278.93352,0.02195,0.0002,23.4759,23.4759,False,0.01213,-0.01547,-0.00235,0.58085,0.00835,-0.00235,0.58085,0.00835,53.35572,0.5809165,0.01088761,82161.475,79998.874,-2161.475,1.126,False,False,0.0574
307.28,TGO,THRUST,79998.881,28.2205775,0.1159543,-1376.171,0.01579,-91.29317,2278.9116,2278.93352,0.02192,0.00019,23.46207,23.46207,False,0.01211,-0.01545,-0.00259,0.57984,0.00834,-0.00259,0.57984,0.00834,53.3573,0.5799073,0.01086838,82158.657,79998.875,-2158.657,1.125,False,False,0.05745
307.42,TGO,THRUST,79998.883,28.2221866,0.115835,-1374.755,0.01705,-91.24111,2278.91162,2278.93351,0.02189,0.00019,23.44999,23.44999,False,0.0121,-0.01544,-0.0028,0.57896,0.00834,-0.0028,0.57896,0.00834,53.35868,0.579028,0.01085162,82156.197,79998.875,-2156.197,1.125,False,False,0.05745
307.56,TGO,THRUST,79998.885,28.2237925,0.115716,-1373.343,0.01828,-91.18921,2278.91164,2278.93351,0.02187,0.00019,23.43794,23.43794,False,0.01208,-0.01542,-0.00301,0.57809,0.00833,-0.00301,0.57809,0.00833,53.36006,0.5781557,0.01083499,82153.745,79998.876,-2153.745,1.124,False,False,0.05734
307.7,TGO,THRUST,79998.888,28.2253955,0.1155973,-1371.934,0.01948,-91.13744,2278.91166,2278.9335,0.02184,0.00019,23.42592,23.42592,False,0.01207,-0.01541,-0.00322,0.57722,0.00833,-0.00322,0.57722,0.00833,53.36144,0.5772886,0.01081846,82151.298,79998.877,-2151.298,1.123,False,False,0.05729
307.86,TGO,THRUST,79998.89,28.2272239,0.115462,-1370.329,0.02081,-91.07844,2278.91168,2278.9335,0.02182,0.00019,23.41221,23.41221,False,0.01205,-0.01539,-0.00345,0.57623,0.00832,-0.00345,0.57623,0.00832,53.36301,0.5763038,0.01079969,82148.509,79998.878,-2148.509,1.122,False,False,0.05717
308,TGO,THRUST,79998.893,28.2288208,0.115344,-1368.928,0.02195,-91.02695,2278.9117,2278.9335,0.0218,0.00019,23.40024,23.40024,False,0.01204,-0.01537,-0.00365,0.57537,0.00832,-0.00365,0.57537,0.00832,53.36438,0.5754458,0.01078333,82146.075,79998.879,-2146.075,1.121,False,False,0.05704
308.14,TGO,THRUST,79998.896,28.2304145,0.1152263,-1367.531,0.02305,-90.9756,2278.91171,2278.93349,0.02178,0.00019,23.3883,23.3883,False,0.01203,-0.01536,-0.00384,0.57452,0.00831,-0.00384,0.57452,0.00831,53.36575,0.5745947,0.01076711,82143.647,79998.88,-2143.647,1.12,False,False,0.05687
308.28,TGO,THRUST,79998.893,28.2320054,0.1151089,-1366.138,0.02413,-90.92439,2278.91172,2278.93349,0.02177,0.00019,23.37638,23.37638,False,0.01201,-0.01534,-0.00402,0.57367,0.00831,-0.00402,0.57367,0.00831,53.36712,0.5737489,0.01075098,82141.224,79998.88,-2141.224,1.12,False,False,0.05811
308.44,TGO,THRUST,79998.895,28.2338201,0.1149751,-1364.55,0.02532,-90.86602,2278.91175,2278.93349,0.02175,0.00019,23.36279,23.36279,False,0.012,-0.01532,-0.00416,0.57271,0.00831,-0.00416,0.57271,0.00831,53.36868,0.5727894,0.01073269,82138.463,79998.875,-2138.463,1.125,False,False,0.06505
308.58,TGO,THRUST,79998.898,28.235405,0.1148584,-1363.165,0.02633,-90.81509,2278.91175,2278.93349,0.02174,0.00019,23.35093,23.35093,False,0.01198,-0.01531,-0.00435,0.57188,0.00831,-0.00435,0.57188,0.00831,53.37005,0.5719523,0.01071673,82136.049,79998.876,-2136.049,1.124,False,False,0.06484
308.72,TGO,THRUST,79998.902,28.2369869,0.114742,-1361.783,0.02731,-90.76429,2278.91175,2278.93348,0.02173,0.00019,23.33909,23.33909,False,0.01197,-0.01529,-0.00453,0.57104,0.00831,-0.00453,0.57104,0.00831,53.37141,0.571122,0.0107009,82133.64,79998.877,-2133.64,1.123,False,False,0.06439
308.86,TGO,THRUST,79998.905,28.2385659,0.1146259,-1360.405,0.02827,-90.71362,2278.91175,2278.93348,0.02173,0.0002,23.32728,23.32728,False,0.01196,-0.01528,-0.00471,0.57022,0.00831,-0.00471,0.57022,0.00831,53.37277,0.5702966,0.01068516,82131.235,79998.879,-2131.235,1.121,False,False,0.06383
309.02,TGO,THRUST,79998.91,28.2403671,0.1144936,-1358.835,0.02933,-90.65588,2278.91174,2278.93347,0.02173,0.00019,23.31381,23.31381,False,0.01194,-0.01526,-0.00491,0.56928,0.00831,-0.00491,0.56928,0.00831,53.37432,0.5693594,0.01066729,82128.49,79998.881,-2128.49,1.119,False,False,0.06314
309.16,TGO,THRUST,79998.914,28.2419403,0.1143781,-1357.464,0.03023,-90.60548,2278.91173,2278.93346,0.02174,0.00019,23.30206,23.30206,False,0.01193,-0.01524,-0.00509,0.56846,0.00832,-0.00509,0.56846,0.00832,53.37568,0.5685431,0.01065173,82126.088,79998.883,-2126.088,1.117,False,False,0.06239
309.3,TGO,THRUST,79998.918,28.2435105,0.1142629,-1356.098,0.03111,-90.55522,2278.91171,2278.93346,0.02175,0.00019,23.29032,23.29032,False,0.01191,-0.01523,-0.00526,0.56765,0.00832,-0.00526,0.56765,0.00832,53.37703,0.5677333,0.01063628,82123.689,79998.885,-2123.689,1.115,False,False,0.06157
309.44,TGO,THRUST,79998.922,28.2450779,0.1141481,-1354.734,0.03196,-90.50509,2278.91169,2278.93345,0.02176,0.0002,23.27861,23.27861,False,0.0119,-0.01521,-0.00543,0.56684,0.00833,-0.00543,0.56684,0.00833,53.37838,0.5669284,0.01062094,82121.296,79998.887,-2121.296,1.113,False,False,0.06067
309.6,TGO,THRUST,79998.927,28.2468659,0.1140172,-1353.181,0.0329,-90.44795,2278.91166,2278.93344,0.02178,0.00019,23.26526,23.26526,False,0.01188,-0.01519,-0.00562,0.56593,0.00834,-0.00562,0.56593,0.00834,53.37993,0.5660144,0.01060351,82118.567,79998.89,-2118.567,1.11,False,False,0.0595
309.74,TGO,THRUST,79998.931,28.2484277,0.1139029,-1351.825,0.0337,-90.39808,2278.91164,2278.93343,0.02179,0.0002,23.2536,23.2536,False,0.01187,-0.01518,-0.00578,0.56513,0.00834,-0.00578,0.56513,0.00834,53.38128,0.5652183,0.01058833,82116.188,79998.892,-2116.188,1.108,False,False,0.05849
309.88,TGO,THRUST,79998.936,28.2499865,0.113789,-1350.473,0.03448,-90.34835,2278.91161,2278.93343,0.02181,0.00019,23.24197,23.24197,False,0.01186,-0.01516,-0.00594,0.56434,0.00835,-0.00594,0.56434,0.00835,53.38262,0.5644287,0.01057327,82113.814,79998.894,-2113.814,1.106,False,False,0.05752
310.02,TGO,THRUST,79998.94,28.2515426,0.1136754,-1349.124,0.03524,-90.29874,2278.91159,2278.93342,0.02183,0.0002,23.23036,23.23036,False,0.01184,-0.01515,-0.0061,0.56355,0.00836,-0.0061,0.56355,0.00836,53.38396,0.5636439,0.0105583,82111.448,79998.897,-2111.448,1.103,False,False,0.05661
310.18,TGO,THRUST,79998.946,28.2533178,0.1135458,-1347.587,0.03608,-90.2422,2278.91156,2278.93341,0.02185,0.00019,23.21712,23.21712,False,0.01183,-0.01513,-0.00628,0.56266,0.00837,-0.00628,0.56266,0.00837,53.3855,0.5627528,0.0105413,82108.753,79998.9,-2108.753,1.1,False,False,0.05568
310.32,TGO,THRUST,79998.951,28.2548683,0.1134328,-1346.245,0.03678,-90.19284,2278.91154,2278.9334,0.02186,0.0002,23.20556,23.20556,False,0.01182,-0.01512,-0.00643,0.56188,0.00837,-0.00643,0.56188,0.00837,53.38684,0.5619766,0.0105265,82106.403,79998.903,-2106.403,1.097,False,False,0.05497
310.46,TGO,THRUST,79998.956,28.256416,0.1133201,-1344.907,0.03747,-90.14362,2278.91151,2278.93339,0.02188,0.0002,23.19403,23.19403,False,0.0118,-0.0151,-0.00659,0.56111,0.00838,-0.00659,0.56111,0.00838,53.38818,0.5612068,0.01051182,82104.06,79998.906,-2104.06,1.094,False,False,0.05437
310.6,TGO,THRUST,79998.961,28.257961,0.1132076,-1343.573,0.03814,-90.09453,2278.91149,2278.93338,0.02189,0.0002,23.18252,23.18252,False,0.01179,-0.01509,-0.00674,0.56034,0.00839,-0.00674,0.56034,0.00839,53.38952,0.5604417,0.01049722,82101.724,79998.909,-2101.724,1.091,False,False,0.05391
310.76,TGO,THRUST,79998.967,28.2597236,0.1130794,-1342.052,0.03887,-90.03856,2278.91146,2278.93337,0.02191,0.0002,23.16939,23.16939,False,0.01178,-0.01507,-0.0069,0.55947,0.0084,-0.0069,0.55947,0.0084,53.39104,0.5595731,0.01048065,82099.065,79998.913,-2099.065,1.087,False,False,0.05352
310.9,TGO,THRUST,79998.972,28.2612631,0.1129676,-1340.724,0.03949,-89.98972,2278.91144,2278.93337,0.02193,0.0002,23.15793,23.15793,False,0.01176,-0.01505,-0.00705,0.55871,0.0084,-0.00705,0.55871,0.0084,53.39238,0.5588165,0.01046622,82096.747,79998.916,-2096.747,1.084,False,False,0.05322
311.04,TGO,THRUST,79998.977,28.2627999,0.112856,-1339.4,0.04009,-89.941,2278.91142,2278.93336,0.02194,0.0002,23.14649,23.14649,False,0.01175,-0.01504,-0.00719,0.55796,0.00841,-0.00719,0.55796,0.00841,53.39371,0.5580662,0.01045191,82094.437,79998.919,-2094.437,1.081,False,False,0.05293
311.18,TGO,THRUST,79998.983,28.2643341,0.1127447,-1338.079,0.04066,-89.8924,2278.9114,2278.93335,0.02195,0.00021,23.13507,23.13507,False,0.01174,-0.01502,-0.00733,0.55721,0.00841,-0.00733,0.55721,0.00841,53.39504,0.5573205,0.01043768,82092.135,79998.923,-2092.135,1.077,False,False,0.05268
311.34,TGO,THRUST,79998.989,28.2660843,0.1126178,-1336.573,0.04129,-89.83701,2278.91137,2278.93334,0.02196,0.00021,23.12205,23.12205,False,0.01172,-0.01501,-0.00748,0.55636,0.00842,-0.00748,0.55636,0.00842,53.39655,0.556474,0.01042153,82089.515,79998.927,-2089.515,1.073,False,False,0.05238
311.48,TGO,THRUST,79998.995,28.2676132,0.1125071,-1335.26,0.04183,-89.78865,2278.91136,2278.93333,0.02197,0.0002,23.11069,23.11069,False,0.01171,-0.01499,-0.00762,0.55562,0.00842,-0.00762,0.55562,0.00842,53.39788,0.5557367,0.01040747,82087.232,79998.931,-2087.232,1.069,False,False,0.05218
311.62,TGO,THRUST,79999,28.2691393,0.1123967,-1333.949,0.04234,-89.74043,2278.91134,2278.93332,0.02198,0.00021,23.09934,23.09934,False,0.0117,-0.01498,-0.00775,0.55489,0.00842,-0.00775,0.55489,0.00842,53.39921,0.5550056,0.01039352,82084.958,79998.935,-2084.958,1.065,False,False,0.05202
311.76,TGO,THRUST,79999.006,28.2706629,0.1122865,-1332.642,0.04283,-89.69232,2278.91133,2278.93331,0.02198,0.0002,23.08802,23.08802,False,0.01168,-0.01496,-0.00788,0.55416,0.00843,-0.00788,0.55416,0.00843,53.40053,0.554279,0.01037965,82082.693,79998.939,-2082.693,1.061,False,False,0.05189
311.92,TGO,THRUST,79999.013,28.2724011,0.112161,-1331.151,0.04336,-89.63748,2278.91131,2278.9333,0.02199,0.0002,23.07511,23.07511,False,0.01167,-0.01495,-0.00802,0.55333,0.00843,-0.00802,0.55333,0.00843,53.40204,0.5534542,0.01036392,82080.116,79998.944,-2080.116,1.056,False,False,0.05184
312.06,TGO,THRUST,79999.018,28.2739195,0.1120514,-1329.851,0.04381,-89.58961,2278.9113,2278.93329,0.02199,0.00021,23.06383,23.06383,False,0.01166,-0.01493,-0.00814,0.55261,0.00843,-0.00814,0.55261,0.00843,53.40336,0.5527358,0.01035021,82077.872,79998.948,-2077.872,1.052,False,False,0.05191
312.2,TGO,THRUST,79999.024,28.2754352,0.1119421,-1328.553,0.04424,-89.54186,2278.9113,2278.93328,0.02198,0.00021,23.05258,23.05258,False,0.01164,-0.01492,-0.00827,0.5519,0.00843,-0.00827,0.5519,0.00843,53.40467,0.5520235,0.01033661,82075.637,79998.953,-2075.637,1.047,False,False,0.05211
312.34,TGO,THRUST,79999.03,28.2769484,0.111833,-1327.259,0.04465,-89.49423,2278.91129,2278.93327,0.02198,0.00021,23.04135,23.04135,False,0.01163,-0.0149,-0.00838,0.55119,0.00843,-0.00838,0.55119,0.00843,53.40599,0.5513157,0.01032311,82073.412,79998.957,-2073.412,1.043,False,False,0.05243
312.5,TGO,THRUST,79999.037,28.2786748,0.1117087,-1325.784,0.04509,-89.43994,2278.91129,2278.93326,0.02196,0.00021,23.02854,23.02854,False,0.01162,-0.01488,-0.00852,0.55038,0.00842,-0.00852,0.55038,0.00842,53.40749,0.5505122,0.01030777,82070.886,79998.963,-2070.886,1.037,False,False,0.05296
312.64,TGO,THRUST,79999.043,28.280183,0.1116002,-1324.496,0.04546,-89.39254,2278.9113,2278.93325,0.02195,0.00021,23.01735,23.01735,False,0.0116,-0.01487,-0.00863,0.54968,0.00842,-0.00863,0.54968,0.00842,53.4088,0.5498125,0.01029442,82068.687,79998.967,-2068.687,1.033,False,False,0.05355
312.78,TGO,THRUST,79999.05,28.2816885,0.111492,-1323.211,0.04581,-89.34527,2278.91131,2278.93324,0.02193,0.0002,23.00619,23.00619,False,0.01159,-0.01486,-0.00874,0.54898,0.00841,-0.00874,0.54898,0.00841,53.41011,0.5491187,0.01028117,82066.498,79998.972,-2066.498,1.028,False,False,0.05423
312.92,TGO,THRUST,79999.056,28.2831916,0.111384,-1321.93,0.04615,-89.2981,2278.91132,2278.93323,0.02191,0.0002,22.99504,22.99504,False,0.01158,-0.01484,-0.00885,0.54829,0.0084,-0.00885,0.54829,0.0084,53.41142,0.5484293,0.01026802,82064.317,79998.977,-2064.317,1.023,False,False,0.05497
313.08,TGO,THRUST,79999.063,28.2849065,0.1112609,-1320.469,0.04651,-89.24434,2278.91133,2278.93321,0.02189,0.0002,22.98233,22.98233,False,0.01157,-0.01482,-0.00898,0.54751,0.0084,-0.00898,0.54751,0.0084,53.41292,0.5476468,0.01025308,82061.833,79998.983,-2061.833,1.017,False,False,0.05587
313.22,TGO,THRUST,79999.069,28.2864046,0.1111535,-1319.194,0.04681,-89.1974,2278.91134,2278.9332,0.02187,0.0002,22.97124,22.97124,False,0.01155,-0.01481,-0.00908,0.54683,0.00839,-0.00908,0.54683,0.00839,53.41422,0.5469655,0.01024007,82059.667,79998.988,-2059.667,1.012,False,False,0.05669
313.36,TGO,THRUST,79999.076,28.2879002,0.1110463,-1317.922,0.04708,-89.15059,2278.91135,2278.93319,0.02184,0.00021,22.96016,22.96016,False,0.01154,-0.0148,-0.00918,0.54615,0.00838,-0.00918,0.54615,0.00838,53.41552,0.5462899,0.01022718,82057.508,79998.994,-2057.508,1.006,False,False,0.05755
313.5,TGO,THRUST,79999.077,28.2893934,0.1109394,-1316.653,0.04735,-89.10388,2278.91136,2278.93318,0.02182,0.0002,22.9491,22.9491,False,0.01153,-0.01478,-0.00928,0.54548,0.00837,-0.00928,0.54548,0.00837,53.41682,0.5456187,0.01021436,82055.355,79998.999,-2055.355,1.001,False,False,0.0584
313.66,TGO,THRUST,79999.082,28.291097,0.1108175,-1315.206,0.04763,-89.05063,2278.91139,2278.93318,0.02179,0.00021,22.93649,22.93649,False,0.01152,-0.01477,-0.0093,0.54471,0.00836,-0.0093,0.54471,0.00836,53.41831,0.5448577,0.01019983,82052.905,79998.998,-2052.905,1.002,False,False,0.0684
313.8,TGO,THRUST,79999.088,28.2925853,0.1107111,-1313.944,0.04785,-89.00415,2278.9114,2278.93317,0.02177,0.0002,22.92548,22.92548,False,0.0115,-0.01475,-0.0094,0.54405,0.00836,-0.0094,0.54405,0.00836,53.41961,0.5441944,0.01018716,82050.764,79999.003,-2050.764,0.997,False,False,0.06849
313.94,TGO,THRUST,79999.095,28.2940711,0.110605,-1312.684,0.04806,-88.95778,2278.91141,2278.93316,0.02175,0.0002,22.91449,22.91449,False,0.01149,-0.01474,-0.00949,0.54339,0.00835,-0.00949,0.54339,0.00835,53.42091,0.5435367,0.01017461,82048.63,79999.009,-2048.63,0.991,False,False,0.06804
314.08,TGO,THRUST,79999.101,28.2955546,0.1104991,-1311.428,0.04825,-88.91152,2278.91142,2278.93315,0.02173,0.0002,22.90352,22.90352,False,0.01148,-0.01472,-0.00958,0.54273,0.00834,-0.00958,0.54273,0.00834,53.4222,0.5428834,0.01016213,82046.5,79999.015,-2046.5,0.985,False,False,0.06724
314.24,TGO,THRUST,79999.109,28.2972472,0.1103784,-1309.995,0.04845,-88.85877,2278.91143,2278.93314,0.02171,0.00021,22.891,22.891,False,0.01147,-0.01471,-0.00968,0.54199,0.00833,-0.00968,0.54199,0.00833,53.42368,0.5421419,0.01014797,82044.072,79999.022,-2044.072,0.978,False,False,0.06597
314.38,TGO,THRUST,79999.115,28.298726,0.110273,-1308.744,0.04862,-88.81273,2278.91144,2278.93313,0.02169,0.0002,22.88007,22.88007,False,0.01145,-0.01469,-0.00977,0.54134,0.00833,-0.00977,0.54134,0.00833,53.42498,0.5414964,0.01013564,82041.953,79999.028,-2041.953,0.972,False,False,0.0646
314.52,TGO,THRUST,79999.122,28.3002022,0.1101679,-1307.497,0.04878,-88.7668,2278.91144,2278.93312,0.02167,0.0002,22.86917,22.86917,False,0.01144,-0.01468,-0.00986,0.5407,0.00832,-0.00986,0.5407,0.00832,53.42626,0.5408564,0.01012342,82039.838,79999.034,-2039.838,0.966,False,False,0.06298
314.66,TGO,THRUST,79999.129,28.3016763,0.110063,-1306.252,0.04892,-88.72098,2278.91145,2278.9331,0.02166,0.0002,22.85828,22.85828,False,0.01143,-0.01466,-0.00994,0.54007,0.00832,-0.00994,0.54007,0.00832,53.42755,0.5402206,0.01011127,82037.728,79999.04,-2037.728,0.96,False,False,0.06112
314.82,TGO,THRUST,79999.136,28.3033581,0.1099434,-1304.833,0.04907,-88.66873,2278.91145,2278.93309,0.02164,0.0002,22.84586,22.84586,False,0.01142,-0.01465,-0.01004,0.53934,0.00831,-0.01004,0.53934,0.00831,53.42902,0.5394992,0.01009749,82035.321,79999.047,-2035.321,0.953,False,False,0.05867
314.96,TGO,THRUST,79999.143,28.3048275,0.109839,-1303.594,0.0492,-88.62312,2278.91145,2278.93308,0.02163,0.0002,22.83501,22.83501,False,0.01141,-0.01463,-0.01012,0.53871,0.0083,-0.01012,0.53871,0.0083,53.43031,0.5388711,0.01008549,82033.219,79999.053,-2033.219,0.947,False,False,0.05626
315.1,TGO,THRUST,79999.15,28.3062944,0.1097349,-1302.358,0.04931,-88.57761,2278.91145,2278.93307,0.02162,0.0002,22.82418,22.82418,False,0.01139,-0.01462,-0.0102,0.53809,0.0083,-0.0102,0.53809,0.0083,53.4316,0.5382485,0.0100736,82031.121,79999.059,-2031.121,0.941,False,False,0.05389
315.24,TGO,THRUST,79999.157,28.3077592,0.109631,-1301.125,0.04941,-88.53221,2278.91145,2278.93306,0.02161,0.0002,22.81338,22.81338,False,0.01138,-0.01461,-0.01028,0.53747,0.0083,-0.01028,0.53747,0.0083,53.43288,0.5376301,0.01006178,82029.025,79999.066,-2029.025,0.934,False,False,0.05157
315.4,TGO,THRUST,79999.164,28.3094305,0.1095125,-1299.719,0.04952,-88.48045,2278.91144,2278.93304,0.02161,0.0002,22.80105,22.80105,False,0.01137,-0.01459,-0.01037,0.53676,0.0083,-0.01037,0.53676,0.0083,53.43435,0.5369283,0.01004837,82026.635,79999.073,-2026.635,0.927,False,False,0.04912
315.54,TGO,THRUST,79999.171,28.3108907,0.1094091,-1298.492,0.04961,-88.43526,2278.91143,2278.93303,0.0216,0.0002,22.79028,22.79028,False,0.01136,-0.01458,-0.01044,0.53615,0.00829,-0.01044,0.53615,0.00829,53.43563,0.5363175,0.0100367,82024.546,79999.079,-2024.546,0.921,False,False,0.04724
315.68,TGO,THRUST,79999.178,28.3123486,0.109306,-1297.268,0.04968,-88.39017,2278.91142,2278.93302,0.0216,0.0002,22.77953,22.77953,False,0.01134,-0.01456,-0.01052,0.53554,0.00829,-0.01052,0.53554,0.00829,53.4369,0.5357119,0.01002513,82022.46,79999.086,-2022.46,0.914,False,False,0.04568
315.82,TGO,THRUST,79999.185,28.3138043,0.109203,-1296.046,0.04975,-88.34518,2278.9114,2278.93301,0.02161,0.0002,22.7688,22.7688,False,0.01133,-0.01455,-0.01059,0.53494,0.00829,-0.01059,0.53494,0.00829,53.43818,0.5351105,0.01001364,82020.376,79999.092,-2020.376,0.908,False,False,0.04437
315.98,TGO,THRUST,79999.193,28.3154654,0.1090857,-1294.653,0.04981,-88.29389,2278.91138,2278.933,0.02161,0.0002,22.75656,22.75656,False,0.01132,-0.01453,-0.01067,0.53426,0.0083,-0.01067,0.53426,0.0083,53.43964,0.5344281,0.01000059,82017.996,79999.1,-2017.996,0.9,False,False,0.04327
316.12,TGO,THRUST,79999.199,28.3169166,0.1089832,-1293.437,0.04985,-88.24911,2278.91136,2278.93299,0.02163,0.0002,22.74588,22.74588,False,0.01131,-0.01452,-0.01074,0.53366,0.0083,-0.01074,0.53366,0.0083,53.44092,0.5338342,0.00998924,82015.912,79999.107,-2015.912,0.893,False,False,0.04266
316.26,TGO,THRUST,79999.206,28.3183656,0.108881,-1292.224,0.04988,-88.20443,2278.91133,2278.93297,0.02164,0.0002,22.7352,22.7352,False,0.0113,-0.01451,-0.01081,0.53307,0.0083,-0.01081,0.53307,0.0083,53.44219,0.5332455,0.00997799,82013.829,79999.113,-2013.829,0.887,False,False,0.04234
316.4,TGO,THRUST,79999.213,28.3198125,0.108779,-1291.013,0.0499,-88.15985,2278.9113,2278.93296,0.02166,0.0002,22.72455,22.72455,False,0.01128,-0.01449,-0.01088,0.53248,0.00831,-0.01088,0.53248,0.00831,53.44346,0.5326608,0.00996681,82011.75,79999.12,-2011.75,0.88,False,False,0.0422
316.56,TGO,THRUST,79999.221,28.3214635,0.1086626,-1289.633,0.04991,-88.10902,2278.91127,2278.93295,0.02168,0.0002,22.7124,22.7124,False,0.01127,-0.01448,-0.01095,0.53182,0.00832,-0.01095,0.53182,0.00832,53.44491,0.5319975,0.00995413,82009.379,79999.128,-2009.379,0.872,False,False,0.04222
316.7,TGO,THRUST,79999.228,28.322906,0.1085611,-1288.428,0.04991,-88.06464,2278.91124,2278.93294,0.0217,0.00021,22.70179,22.70179,False,0.01126,-0.01446,-0.01102,0.53124,0.00832,-0.01102,0.53124,0.00832,53.44618,0.5314201,0.00994309,82007.309,79999.135,-2007.309,0.865,False,False,0.04236
316.84,TGO,THRUST,79999.235,28.3243463,0.1084598,-1287.225,0.0499,-88.02036,2278.9112,2278.93293,0.02172,0.00021,22.69119,22.69119,False,0.01125,-0.01445,-0.01108,0.53067,0.00833,-0.01108,0.53067,0.00833,53.44745,0.5308479,0.00993215,82005.243,79999.142,-2005.243,0.858,False,False,0.04261
316.98,TGO,THRUST,79999.241,28.3257845,0.1083587,-1286.026,0.04988,-87.97617,2278.91117,2278.93292,0.02175,0.00021,22.68061,22.68061,False,0.01124,-0.01444,-0.01114,0.5301,0.00834,-0.01114,0.5301,0.00834,53.44871,0.5302797,0.00992128,82003.183,79999.149,-2003.183,0.851,False,False,0.04295
317.14,TGO,THRUST,79999.249,28.3274257,0.1082434,-1284.658,0.04984,-87.92579,2278.91113,2278.9329,0.02177,0.00021,22.66855,22.66855,False,0.01122,-0.01442,-0.01121,0.52945,0.00834,-0.01121,0.52945,0.00834,53.45016,0.529635,0.00990895,82000.835,79999.157,-2000.835,0.843,False,False,0.04342
317.28,TGO,THRUST,79999.256,28.3288596,0.1081428,-1283.463,0.0498,-87.8818,2278.9111,2278.93289,0.02179,0.00021,22.65801,22.65801,False,0.01121,-0.01441,-0.01126,0.52889,0.00835,-0.01126,0.52889,0.00835,53.45142,0.529074,0.00989822,81998.786,79999.164,-1998.786,0.836,False,False,0.04392
317.42,TGO,THRUST,79999.263,28.3302914,0.1080424,-1282.271,0.04974,-87.8379,2278.91107,2278.93288,0.02181,0.00021,22.64748,22.64748,False,0.0112,-0.0144,-0.01132,0.52833,0.00836,-0.01132,0.52833,0.00836,53.45268,0.528518,0.00988759,81996.743,79999.171,-1996.743,0.829,False,False,0.04448
317.56,TGO,THRUST,79999.27,28.3317212,0.1079422,-1281.082,0.04968,-87.79411,2278.91104,2278.93287,0.02183,0.00021,22.63698,22.63698,False,0.01119,-0.01438,-0.01137,0.52778,0.00836,-0.01137,0.52778,0.00836,53.45394,0.5279659,0.00987702,81994.705,79999.178,-1994.705,0.822,False,False,0.04512
317.72,TGO,THRUST,79999.277,28.3333528,0.1078279,-1279.726,0.04959,-87.74416,2278.911,2278.93286,0.02185,0.00021,22.625,22.625,False,0.01118,-0.01437,-0.01143,0.52715,0.00837,-0.01143,0.52715,0.00837,53.45538,0.5273396,0.00986504,81992.384,79999.186,-1992.384,0.814,False,False,0.04591
317.86,TGO,THRUST,79999.284,28.3347784,0.1077282,-1278.542,0.04951,-87.70055,2278.91097,2278.93284,0.02187,0.00021,22.61453,22.61453,False,0.01116,-0.01435,-0.01148,0.5266,0.00837,-0.01148,0.5266,0.00837,53.45664,0.5267946,0.00985461,81990.359,79999.193,-1990.359,0.807,False,False,0.04668
318,TGO,THRUST,79999.291,28.3362019,0.1076286,-1277.361,0.04942,-87.65704,2278.91094,2278.93283,0.02189,0.00021,22.60408,22.60408,False,0.01115,-0.01434,-0.01153,0.52606,0.00838,-0.01153,0.52606,0.00838,53.4579,0.5262545,0.00984428,81988.341,79999.2,-1988.341,0.8,False,False,0.04751
318.14,TGO,THRUST,79999.298,28.3376234,0.1075293,-1276.182,0.04931,-87.61362,2278.91091,2278.93282,0.02191,0.00021,22.59364,22.59364,False,0.01114,-0.01433,-0.01157,0.52552,0.00838,-0.01157,0.52552,0.00838,53.45915,0.5257182,0.00983402,81986.329,79999.208,-1986.329,0.792,False,False,0.04841
318.3,TGO,THRUST,79999.305,28.3392457,0.107416,-1274.838,0.04918,-87.5641,2278.91088,2278.93281,0.02192,0.00021,22.58174,22.58174,False,0.01113,-0.01431,-0.01162,0.52491,0.00839,-0.01162,0.52491,0.00839,53.46059,0.52511,0.00982238,81984.037,79999.216,-1984.037,0.784,False,False,0.0494
318.44,TGO,THRUST,79999.312,28.3406631,0.1073171,-1273.664,0.04906,-87.52086,2278.91086,2278.9328,0.02194,0.00021,22.57134,22.57134,False,0.01112,-0.0143,-0.01166,0.52438,0.00839,-0.01166,0.52438,0.00839,53.46184,0.5245807,0.00981225,81982.039,79999.223,-1982.039,0.777,False,False,0.05005
318.58,TGO,THRUST,79999.319,28.3420785,0.1072184,-1272.493,0.04892,-87.47772,2278.91084,2278.93279,0.02195,0.00021,22.56096,22.56096,False,0.01111,-0.01429,-0.01171,0.52386,0.0084,-0.01171,0.52386,0.0084,53.46309,0.5240562,0.00980221,81980.048,79999.231,-1980.048,0.769,False,False,0.05057
318.72,TGO,THRUST,79999.326,28.343492,0.1071199,-1271.324,0.04878,-87.43467,2278.91081,2278.93277,0.02196,0.00021,22.5506,22.5506,False,0.0111,-0.01427,-0.01174,0.52334,0.0084,-0.01174,0.52334,0.0084,53.46434,0.5235356,0.00979224,81978.064,79999.238,-1978.064,0.762,False,False,0.05094
318.88,TGO,THRUST,79999.333,28.3451051,0.1070076,-1269.991,0.04861,-87.38557,2278.91079,2278.93276,0.02197,0.00021,22.53877,22.53877,False,0.01108,-0.01426,-0.01179,0.52274,0.0084,-0.01179,0.52274,0.0084,53.46577,0.522945,0.00978093,81975.805,79999.246,-1975.805,0.754,False,False,0.05118
319.02,TGO,THRUST,79999.34,28.3465146,0.1069096,-1268.827,0.04845,-87.3427,2278.91077,2278.93275,0.02198,0.00021,22.52844,22.52844,False,0.01107,-0.01424,-0.01182,0.52223,0.0084,-0.01182,0.52223,0.0084,53.46702,0.5224312,0.00977109,81973.837,79999.254,-1973.837,0.746,False,False,0.05114
319.16,TGO,THRUST,79999.346,28.347922,0.1068117,-1267.666,0.04828,-87.29991,2278.91076,2278.93274,0.02198,0.00022,22.51813,22.51813,False,0.01106,-0.01423,-0.01186,0.52172,0.0084,-0.01186,0.52172,0.0084,53.46826,0.5219222,0.00976135,81971.876,79999.261,-1971.876,0.739,False,False,0.05105
319.3,TGO,THRUST,79999.353,28.3493277,0.106714,-1266.507,0.04811,-87.25722,2278.91074,2278.93273,0.02198,0.00021,22.50783,22.50783,False,0.01105,-0.01422,-0.01189,0.52121,0.0084,-0.01189,0.52121,0.0084,53.4695,0.5214168,0.00975167,81969.923,79999.268,-1969.923,0.732,False,False,0.05094
319.46,TGO,THRUST,79999.361,28.3509318,0.1066027,-1265.185,0.04791,-87.20853,2278.91073,2278.93272,0.02198,0.00022,22.49609,22.49609,False,0.01104,-0.0142,-0.01193,0.52064,0.0084,-0.01193,0.52064,0.0084,53.47093,0.5208437,0.00974069,81967.7,79999.277,-1967.7,0.723,False,False,0.0508
319.6,TGO,THRUST,79999.367,28.3523335,0.1065054,-1264.031,0.04772,-87.16601,2278.91073,2278.9327,0.02198,0.00022,22.48582,22.48582,False,0.01103,-0.01419,-0.01196,0.52014,0.00839,-0.01196,0.52014,0.00839,53.47217,0.520345,0.00973114,81965.767,79999.284,-1965.767,0.716,False,False,0.05068
319.74,TGO,THRUST,79999.374,28.3537333,0.1064084,-1262.879,0.04753,-87.12358,2278.91073,2278.93269,0.02197,0.00021,22.47558,22.47558,False,0.01102,-0.01418,-0.01199,0.51964,0.00839,-0.01199,0.51964,0.00839,53.47341,0.5198511,0.00972167,81963.844,79999.292,-1963.844,0.708,False,False,0.05058
319.88,TGO,THRUST,79999.38,28.3551312,0.1063115,-1261.729,0.04734,-87.08123,2278.91073,2278.93268,0.02195,0.00021,22.46535,22.46535,False,0.011,-0.01417,-0.01202,0.51915,0.00838,-0.01202,0.51915,0.00838,53.47465,0.5193607,0.00971228,81961.929,79999.299,-1961.929,0.701,False,False,0.05041
320.04,TGO,THRUST,79999.388,28.3567266,0.1062011,-1260.418,0.04711,-87.03294,2278.91073,2278.93267,0.02194,0.00022,22.45367,22.45367,False,0.01099,-0.01415,-0.01205,0.5186,0.00838,-0.01205,0.5186,0.00838,53.47607,0.5188047,0.00970162,81959.747,79999.307,-1959.747,0.693,False,False,0.05016
320.18,TGO,THRUST,79999.394,28.3581207,0.1061046,-1259.274,0.0469,-86.99076,2278.91074,2278.93266,0.02192,0.00021,22.44347,22.44347,False,0.01098,-0.01414,-0.01208,0.51811,0.00837,-0.01208,0.51811,0.00837,53.47731,0.518321,0.00969235,81957.845,79999.315,-1957.845,0.685,False,False,0.04986
320.32,TGO,THRUST,79999.401,28.359513,0.1060084,-1258.131,0.04669,-86.94868,2278.91075,2278.93265,0.0219,0.00022,22.43329,22.43329,False,0.01097,-0.01412,-0.01211,0.51763,0.00836,-0.01211,0.51763,0.00836,53.47854,0.5178418,0.00968317,81955.948,79999.322,-1955.948,0.678,False,False,0.04946
320.46,TGO,THRUST,79999.407,28.3609034,0.1059123,-1256.991,0.04647,-86.90667,2278.91075,2278.93264,0.02189,0.00022,22.42312,22.42312,False,0.01096,-0.01411,-0.01213,0.51716,0.00835,-0.01213,0.51716,0.00835,53.47978,0.5173663,0.00967405,81954.056,79999.329,-1954.056,0.671,False,False,0.04891
320.62,TGO,THRUST,79999.414,28.3624902,0.1058027,-1255.691,0.04622,-86.85877,2278.91076,2278.93263,0.02187,0.00022,22.41152,22.41152,False,0.01095,-0.0141,-0.01216,0.51662,0.00835,-0.01216,0.51662,0.00835,53.48119,0.5168271,0.00966372,81951.9,79999.338,-1951.9,0.662,False,False,0.04818
320.76,TGO,THRUST,79999.421,28.363877,0.1057071,-1254.555,0.046,-86.81693,2278.91076,2278.93261,0.02185,0.00022,22.40139,22.40139,False,0.01094,-0.01408,-0.01218,0.51615,0.00834,-0.01218,0.51615,0.00834,53.48242,0.5163581,0.00965472,81950.018,79999.345,-1950.018,0.655,False,False,0.04738
320.9,TGO,THRUST,79999.427,28.3652618,0.1056116,-1253.422,0.04577,-86.77518,2278.91077,2278.9326,0.02183,0.00021,22.39127,22.39127,False,0.01093,-0.01407,-0.01221,0.51568,0.00833,-0.01221,0.51568,0.00833,53.48366,0.5158936,0.00964582,81948.139,79999.352,-1948.139,0.648,False,False,0.04645
321.04,TGO,THRUST,79999.433,28.3666449,0.1055163,-1252.291,0.04554,-86.7335,2278.91078,2278.93259,0.02182,0.00022,22.38116,22.38116,False,0.01092,-0.01406,-0.01223,0.51522,0.00832,-0.01223,0.51522,0.00832,53.48489,0.5154325,0.00963698,81946.266,79999.36,-1946.266,0.64,False,False,0.04535
321.2,TGO,THRUST,79999.441,28.3682234,0.1054076,-1251.001,0.04527,-86.68598,2278.91078,2278.93258,0.0218,0.00022,22.36963,22.36963,False,0.0109,-0.01404,-0.01225,0.5147,0.00832,-0.01225,0.5147,0.00832,53.48629,0.5149099,0.00962695,81944.129,79999.368,-1944.129,0.632,False,False,0.04393
321.34,TGO,THRUST,79999.447,28.3696029,0.1053127,-1249.875,0.04504,-86.64447,2278.91079,2278.93257,0.02179,0.00021,22.35956,22.35956,False,0.01089,-0.01403,-0.01227,0.51424,0.00831,-0.01227,0.51424,0.00831,53.48752,0.5144553,0.00961823,81942.262,79999.375,-1942.262,0.625,False,False,0.0425
321.48,TGO,THRUST,79999.453,28.3709806,0.1052179,-1248.75,0.0448,-86.60304,2278.91079,2278.93256,0.02177,0.00021,22.3495,22.3495,False,0.01088,-0.01402,-0.01229,0.51379,0.0083,-0.01229,0.51379,0.0083,53.48875,0.5140052,0.00960959,81940.399,79999.382,-1940.399,0.618,False,False,0.0409
321.62,TGO,THRUST,79999.459,28.3723565,0.1051234,-1247.628,0.04456,-86.56169,2278.91079,2278.93255,0.02176,0.00022,22.33946,22.33946,False,0.01087,-0.01401,-0.01231,0.51334,0.0083,-0.01231,0.51334,0.0083,53.48997,0.5135585,0.00960102,81938.539,79999.389,-1938.539,0.611,False,False,0.0391
321.78,TGO,THRUST,79999.466,28.3739269,0.1050155,-1246.348,0.04428,-86.51453,2278.91079,2278.93254,0.02175,0.00021,22.32799,22.32799,False,0.01086,-0.01399,-0.01233,0.51284,0.00829,-0.01233,0.51284,0.00829,53.49138,0.5130521,0.0095913,81936.418,79999.397,-1936.418,0.603,False,False,0.03681
321.92,TGO,THRUST,79999.472,28.3752993,0.1049214,-1245.231,0.04404,-86.47334,2278.91079,2278.93253,0.02174,0.00021,22.31798,22.31798,False,0.01085,-0.01398,-0.01235,0.5124,0.00829,-0.01235,0.5124,0.00829,53.4926,0.5126117,0.00958285,81934.564,79999.404,-1934.564,0.596,False,False,0.03498
322.06,TGO,THRUST,79999.479,28.3766699,0.1048274,-1244.115,0.0438,-86.43223,2278.91079,2278.93252,0.02173,0.00021,22.30798,22.30798,False,0.01084,-0.01397,-0.01236,0.51196,0.00828,-0.01236,0.51196,0.00828,53.49382,0.5121757,0.00957448,81932.712,79999.411,-1932.712,0.589,False,False,0.03326
322.2,TGO,THRUST,79999.485,28.3780389,0.1047335,-1243.002,0.04355,-86.39119,2278.91079,2278.93251,0.02172,0.00021,22.298,22.298,False,0.01083,-0.01396,-0.01238,0.51153,0.00828,-0.01238,0.51153,0.00828,53.49505,0.511743,0.00956618,81930.863,79999.418,-1930.863,0.582,False,False,0.0316
322.36,TGO,THRUST,79999.491,28.3796014,0.1046265,-1241.731,0.04327,-86.34439,2278.91078,2278.9325,0.02172,0.00021,22.2866,22.2866,False,0.01082,-0.01394,-0.0124,0.51104,0.00827,-0.0124,0.51104,0.00827,53.49644,0.5112526,0.00955676,81928.753,79999.426,-1928.753,0.574,False,False,0.02984
322.5,TGO,THRUST,79999.497,28.3809669,0.1045331,-1240.622,0.04302,-86.30351,2278.91077,2278.93249,0.02171,0.00022,22.27665,22.27665,False,0.01081,-0.01393,-0.01241,0.51061,0.00827,-0.01241,0.51061,0.00827,53.49766,0.5108262,0.00954857,81926.907,79999.433,-1926.907,0.567,False,False,0.02843
322.64,TGO,THRUST,79999.503,28.3823306,0.1044398,-1239.515,0.04277,-86.26271,2278.91076,2278.93248,0.02171,0.00022,22.2667,22.2667,False,0.0108,-0.01392,-0.01243,0.51019,0.00827,-0.01243,0.51019,0.00827,53.49888,0.510404,0.00954046,81925.064,79999.44,-1925.064,0.56,False,False,0.02719
322.78,TGO,THRUST,79999.509,28.3836927,0.1043467,-1238.41,0.04251,-86.22198,2278.91075,2278.93247,0.02171,0.00021,22.25678,22.25678,False,0.01079,-0.0139,-0.01244,0.50977,0.00827,-0.01244,0.50977,0.00827,53.5001,0.5099852,0.00953241,81923.222,79999.447,-1923.222,0.553,False,False,0.0261
322.94,TGO,THRUST,79999.516,28.3852475,0.1042404,-1237.15,0.04222,-86.17553,2278.91073,2278.93245,0.02172,0.00022,22.24545,22.24545,False,0.01078,-0.01389,-0.01246,0.50929,0.00827,-0.01246,0.50929,0.00827,53.50149,0.5095105,0.00952329,81921.118,79999.455,-1921.118,0.545,False,False,0.02524
323.08,TGO,THRUST,79999.522,28.3866062,0.1041477,-1236.049,0.04196,-86.13495,2278.91072,2278.93245,0.02173,0.00021,22.23555,22.23555,False,0.01076,-0.01388,-0.01247,0.50888,0.00827,-0.01247,0.50888,0.00827,53.50271,0.5090977,0.00951536,81919.275,79999.462,-1919.275,0.538,False,False,0.02477
323.22,TGO,THRUST,79999.528,28.3879632,0.1040551,-1234.95,0.0417,-86.09445,2278.91069,2278.93244,0.02174,0.00022,22.22566,22.22566,False,0.01075,-0.01387,-0.01248,0.50847,0.00827,-0.01248,0.50847,0.00827,53.50392,0.5086892,0.00950751,81917.431,79999.469,-1917.431,0.531,False,False,0.02456
323.36,TGO,THRUST,79999.533,28.3893187,0.1039627,-1233.853,0.04143,-86.05403,2278.91066,2278.93243,0.02176,0.00022,22.21579,22.21579,False,0.01074,-0.01385,-0.01249,0.50806,0.00828,-0.01249,0.50806,0.00828,53.50514,0.5082839,0.00949972,81915.589,79999.475,-1915.589,0.525,False,False,0.02454
323.52,TGO,THRUST,79999.54,28.3908658,0.1038573,-1232.602,0.04113,-86.00791,2278.91063,2278.93241,0.02178,0.00022,22.20452,22.20452,False,0.01073,-0.01384,-0.0125,0.5076,0.00828,-0.0125,0.5076,0.00828,53.50653,0.5078246,0.00949089,81913.486,79999.483,-1913.486,0.517,False,False,0.02471
323.66,TGO,THRUST,79999.546,28.392218,0.1037652,-1231.509,0.04086,-85.96763,2278.9106,2278.93241,0.0218,0.00022,22.19468,22.19468,False,0.01072,-0.01383,-0.01251,0.5072,0.00829,-0.01251,0.5072,0.00829,53.50774,0.5074254,0.00948321,81911.649,79999.49,-1911.649,0.51,False,False,0.02497
323.8,TGO,THRUST,79999.551,28.3935685,0.1036733,-1230.419,0.04058,-85.92742,2278.91057,2278.9324,0.02182,0.00022,22.18485,22.18485,False,0.01071,-0.01381,-0.01252,0.50681,0.00829,-0.01252,0.50681,0.00829,53.50895,0.5070302,0.00947561,81909.815,79999.496,-1909.815,0.504,False,False,0.0253
323.94,TGO,THRUST,79999.557,28.3949175,0.1035816,-1229.33,0.04031,-85.88729,2278.91054,2278.93239,0.02184,0.00022,22.17503,22.17503,False,0.0107,-0.0138,-0.01252,0.50642,0.0083,-0.01252,0.50642,0.0083,53.51016,0.5066382,0.00946807,81907.984,79999.503,-1907.984,0.497,False,False,0.02569
324.1,TGO,THRUST,79999.563,28.3964572,0.1034769,-1228.088,0.03999,-85.8415,2278.91051,2278.93238,0.02187,0.00022,22.16382,22.16382,False,0.01069,-0.01379,-0.01253,0.50597,0.00831,-0.01253,0.50597,0.00831,53.51154,0.506194,0.00945953,81905.896,79999.51,-1905.896,0.49,False,False,0.02614
324.24,TGO,THRUST,79999.567,28.397803,0.1033855,-1227.003,0.03971,-85.80151,2278.91048,2278.93237,0.02189,0.00022,22.15403,22.15403,False,0.01068,-0.01378,-0.01254,0.50558,0.00831,-0.01254,0.50558,0.00831,53.51275,0.505808,0.0094521,81904.073,79999.517,-1904.073,0.483,False,False,0.02658
324.38,TGO,THRUST,79999.566,28.3991471,0.1032942,-1225.92,0.03943,-85.76159,2278.91047,2278.93237,0.0219,0.00022,22.14425,22.14425,False,0.01067,-0.01376,-0.01248,0.5052,0.00832,-0.01248,0.5052,0.00832,53.51396,0.505426,0.00944475,81902.258,79999.518,-1902.258,0.482,False,False,0.03356
324.52,TGO,THRUST,79999.572,28.4004897,0.1032031,-1224.839,0.03914,-85.72173,2278.91045,2278.93236,0.02192,0.00022,22.13449,22.13449,False,0.01066,-0.01375,-0.01245,0.50483,0.00832,-0.01245,0.50483,0.00832,53.51517,0.5050471,0.00943746,81900.445,79999.522,-1900.445,0.478,False,False,0.03739
324.68,TGO,THRUST,79999.578,28.4020223,0.1030992,-1223.605,0.03881,-85.67627,2278.91041,2278.93235,0.02194,0.00022,22.12334,22.12334,False,0.01065,-0.01374,-0.01245,0.5044,0.00833,-0.01245,0.5044,0.00833,53.51654,0.5046177,0.00942919,81898.378,79999.529,-1898.378,0.471,False,False,0.03794
324.82,TGO,THRUST,79999.583,28.4033617,0.1030085,-1222.528,0.03852,-85.63656,2278.91039,2278.93234,0.02196,0.00022,22.1136,22.1136,False,0.01064,-0.01373,-0.01245,0.50402,0.00833,-0.01245,0.50402,0.00833,53.51775,0.5042446,0.00942201,81896.574,79999.536,-1896.574,0.464,False,False,0.03848
324.96,TGO,THRUST,79999.588,28.4046996,0.1029179,-1221.453,0.03823,-85.59691,2278.91036,2278.93233,0.02197,0.00022,22.10387,22.10387,False,0.01063,-0.01371,-0.01245,0.50365,0.00833,-0.01245,0.50365,0.00833,53.51895,0.5038754,0.0094149,81894.774,79999.542,-1894.774,0.458,False,False,0.03897
325.1,TGO,THRUST,79999.594,28.406036,0.1028274,-1220.38,0.03793,-85.55734,2278.91033,2278.93232,0.02199,0.00022,22.09416,22.09416,False,0.01062,-0.0137,-0.01245,0.50329,0.00834,-0.01245,0.50329,0.00834,53.52016,0.5035092,0.00940784,81892.98,79999.548,-1892.98,0.452,False,False,0.03931
325.26,TGO,THRUST,79999.6,28.4075615,0.1027243,-1219.155,0.03759,-85.51219,2278.9103,2278.93231,0.02201,0.00022,22.08307,22.08307,False,0.01061,-0.01369,-0.01245,0.50287,0.00834,-0.01245,0.50287,0.00834,53.52153,0.5030944,0.00939985,81890.935,79999.556,-1890.935,0.444,False,False,0.03952
325.4,TGO,THRUST,79999.605,28.4088949,0.1026341,-1218.086,0.03729,-85.47275,2278.91028,2278.93231,0.02202,0.00022,22.07338,22.07338,False,0.0106,-0.01368,-0.01245,0.50251,0.00835,-0.01245,0.50251,0.00835,53.52273,0.502734,0.00939291,81889.151,79999.562,-1889.151,0.438,False,False,0.03957
325.54,TGO,THRUST,79999.61,28.4102267,0.1025442,-1217.018,0.03699,-85.43338,2278.91026,2278.9323,0.02204,0.00022,22.06371,22.06371,False,0.01059,-0.01366,-0.01245,0.50215,0.00835,-0.01245,0.50215,0.00835,53.52393,0.5023773,0.00938603,81887.372,79999.568,-1887.372,0.432,False,False,0.03951
325.68,TGO,THRUST,79999.615,28.411557,0.1024544,-1215.952,0.03669,-85.39407,2278.91024,2278.93229,0.02205,0.00022,22.05404,22.05404,False,0.01058,-0.01365,-0.01245,0.5018,0.00835,-0.01245,0.5018,0.00835,53.52513,0.5020237,0.00937921,81885.599,79999.574,-1885.599,0.426,False,False,0.03935
325.84,TGO,THRUST,79999.621,28.4130757,0.1023519,-1214.736,0.03634,-85.34922,2278.91022,2278.93228,0.02206,0.00023,22.04301,22.04301,False,0.01056,-0.01364,-0.01244,0.5014,0.00835,-0.01244,0.5014,0.00835,53.5265,0.5016232,0.00937149,81883.58,79999.581,-1883.58,0.419,False,False,0.03906
325.98,TGO,THRUST,79999.626,28.414403,0.1022624,-1213.674,0.03603,-85.31005,2278.9102,2278.93227,0.02207,0.00023,22.03337,22.03337,False,0.01055,-0.01363,-0.01244,0.50105,0.00835,-0.01244,0.50105,0.00835,53.5277,0.5012753,0.00936478,81881.819,79999.587,-1881.819,0.413,False,False,0.03867
326.12,TGO,THRUST,79999.631,28.4157289,0.102173,-1212.613,0.03573,-85.27094,2278.91019,2278.93226,0.02207,0.00023,22.02374,22.02374,False,0.01054,-0.01361,-0.01243,0.50071,0.00836,-0.01243,0.50071,0.00836,53.5289,0.500931,0.00935814,81880.065,79999.593,-1880.065,0.407,False,False,0.03826
326.26,TGO,THRUST,79999.636,28.4170534,0.1020838,-1211.555,0.03542,-85.2319,2278.91018,2278.93225,0.02208,0.00023,22.01413,22.01413,False,0.01054,-0.0136,-0.01243,0.50037,0.00835,-0.01243,0.50037,0.00835,53.53009,0.5005897,0.00935156,81878.316,79999.599,-1878.316,0.401,False,False,0.03784
326.42,TGO,THRUST,79999.641,28.4185653,0.1019821,-1210.347,0.03507,-85.18735,2278.91016,2278.93224,0.02208,0.00023,22.00315,22.00315,False,0.01052,-0.01359,-0.01242,0.49998,0.00835,-0.01242,0.49998,0.00835,53.53146,0.5002032,0.0093441,81876.325,79999.606,-1876.325,0.394,False,False,0.03741
326.56,TGO,THRUST,79999.646,28.4198868,0.1018932,-1209.292,0.03477,-85.14843,2278.91016,2278.93224,0.02208,0.00023,21.99356,21.99356,False,0.01051,-0.01358,-0.01241,0.49964,0.00835,-0.01241,0.49964,0.00835,53.53266,0.4998675,0.00933762,81874.592,79999.612,-1874.592,0.388,False,False,0.03709
326.7,TGO,THRUST,79999.651,28.4212069,0.1018044,-1208.238,0.03446,-85.10958,2278.91016,2278.93223,0.02207,0.00023,21.98398,21.98398,False,0.0105,-0.01357,-0.01241,0.49931,0.00835,-0.01241,0.49931,0.00835,53.53385,0.4995353,0.00933121,81872.868,79999.617,-1872.868,0.383,False,False,0.0368
326.84,TGO,THRUST,79999.656,28.4225256,0.1017158,-1207.187,0.03415,-85.07079,2278.91016,2278.93222,0.02206,0.00022,21.97441,21.97441,False,0.01049,-0.01355,-0.0124,0.49898,0.00834,-0.0124,0.49898,0.00834,53.53504,0.4992061,0.00932485,81871.15,79999.623,-1871.15,0.377,False,False,0.0365
327,TGO,THRUST,79999.661,28.4240311,0.1016147,-1205.987,0.0338,-85.02653,2278.91017,2278.93221,0.02204,0.00022,21.96349,21.96349,False,0.01048,-0.01354,-0.01239,0.49861,0.00833,-0.01239,0.49861,0.00833,53.53641,0.4988334,0.00931765,81869.195,79999.63,-1869.195,0.37,False,False,0.03613
327.14,TGO,THRUST,79999.666,28.4253469,0.1015264,-1204.939,0.0335,-84.98786,2278.91017,2278.9322,0.02203,0.00022,21.95394,21.95394,False,0.01047,-0.01353,-0.01239,0.49829,0.00833,-0.01239,0.49829,0.00833,53.5376,0.4985096,0.00931139,81867.487,79999.635,-1867.487,0.365,False,False,0.03574
327.28,TGO,THRUST,79999.671,28.4266613,0.1014382,-1203.892,0.03319,-84.94926,2278.91018,2278.93219,0.02202,0.00022,21.94441,21.94441,False,0.01046,-0.01352,-0.01238,0.49797,0.00832,-0.01238,0.49797,0.00832,53.53879,0.4981894,0.0093052,81865.785,79999.641,-1865.785,0.359,False,False,0.03531
327.42,TGO,THRUST,79999.675,28.4279744,0.1013502,-1202.848,0.03289,-84.91071,2278.91018,2278.93219,0.022,0.00023,21.93488,21.93488,False,0.01046,-0.01351,-0.01237,0.49765,0.00832,-0.01237,0.49765,0.00832,53.53998,0.4978721,0.00929907,81864.086,79999.646,-1864.086,0.354,False,False,0.03474
327.58,TGO,THRUST,79999.68,28.4294735,0.1012497,-1201.656,0.03254,-84.86673,2278.91019,2278.93218,0.02199,0.00022,21.92401,21.92401,False,0.01044,-0.01349,-0.01236,0.49729,0.00831,-0.01236,0.49729,0.00831,53.54133,0.4975129,0.00929213,81862.149,79999.653,-1862.149,0.347,False,False,0.034
327.72,TGO,THRUST,79999.685,28.4307838,0.101162,-1200.614,0.03224,-84.82831,2278.9102,2278.93217,0.02197,0.00022,21.91451,21.91451,False,0.01043,-0.01348,-0.01235,0.49698,0.0083,-0.01235,0.49698,0.0083,53.54253,0.4972009,0.00928609,81860.457,79999.658,-1860.457,0.342,False,False,0.03326
327.86,TGO,THRUST,79999.689,28.4320927,0.1010744,-1199.575,0.03194,-84.78995,2278.9102,2278.93216,0.02196,0.00022,21.90502,21.90502,False,0.01043,-0.01347,-0.01234,0.49667,0.00829,-0.01234,0.49667,0.00829,53.54371,0.4968924,0.00928013,81858.768,79999.663,-1858.768,0.337,False,False,0.03238
328,TGO,THRUST,79999.694,28.4334003,0.1009869,-1198.536,0.03164,-84.75165,2278.91021,2278.93216,0.02195,0.00022,21.89554,21.89554,False,0.01042,-0.01346,-0.01233,0.49636,0.00829,-0.01233,0.49636,0.00829,53.5449,0.4965867,0.00927421,81857.083,79999.669,-1857.083,0.331,False,False,0.03138
328.16,TGO,THRUST,79999.699,28.4348931,0.1008871,-1197.352,0.0313,-84.70794,2278.91021,2278.93215,0.02193,0.00023,21.88472,21.88472,False,0.01041,-0.01344,-0.01232,0.49602,0.00828,-0.01232,0.49602,0.00828,53.54626,0.4962408,0.00926752,81855.159,79999.675,-1855.159,0.325,False,False,0.03007
328.3,TGO,THRUST,79999.703,28.436198,0.1007999,-1196.317,0.03101,-84.66975,2278.91022,2278.93214,0.02192,0.00022,21.87526,21.87526,False,0.0104,-0.01343,-0.01231,0.49572,0.00828,-0.01231,0.49572,0.00828,53.54744,0.4959404,0.0092617,81853.479,79999.68,-1853.479,0.32,False,False,0.02879
328.44,TGO,THRUST,79999.707,28.4375015,0.1007129,-1195.284,0.03071,-84.63163,2278.91022,2278.93213,0.02191,0.00023,21.86581,21.86581,False,0.01039,-0.01342,-0.0123,0.49542,0.00827,-0.0123,0.49542,0.00827,53.54863,0.4956435,0.00925595,81851.801,79999.685,-1851.801,0.315,False,False,0.02735
328.58,TGO,THRUST,79999.712,28.4388038,0.100626,-1194.253,0.03042,-84.59356,2278.91023,2278.93213,0.0219,0.00023,21.85637,21.85637,False,0.01038,-0.01341,-0.01229,0.49513,0.00826,-0.01229,0.49513,0.00826,53.54981,0.4953493,0.00925025,81850.126,79999.69,-1850.126,0.31,False,False,0.02575
328.74,TGO,THRUST,79999.709,28.4402905,0.1005268,-1193.075,0.03009,-84.55011,2278.91024,2278.93212,0.02188,0.00022,21.8456,21.8456,False,0.01037,-0.0134,-0.01223,0.4948,0.00826,-0.01223,0.4948,0.00826,53.55116,0.4950165,0.0092438,81848.215,79999.692,-1848.215,0.308,False,False,0.02873
328.88,TGO,THRUST,79999.713,28.4415901,0.1004401,-1192.047,0.0298,-84.51215,2278.91025,2278.93212,0.02187,0.00022,21.83618,21.83618,False,0.01036,-0.01338,-0.01217,0.49451,0.00825,-0.01217,0.49451,0.00825,53.55234,0.4947276,0.00923821,81846.545,79999.693,-1846.545,0.307,False,False,0.03194
329.02,TGO,THRUST,79999.717,28.4428884,0.1003536,-1191.02,0.02951,-84.47426,2278.91025,2278.93212,0.02186,0.00023,21.82677,21.82677,False,0.01035,-0.01337,-0.01216,0.49422,0.00825,-0.01216,0.49422,0.00825,53.55353,0.4944419,0.00923267,81844.875,79999.698,-1844.875,0.302,False,False,0.02976
329.16,TGO,THRUST,79999.721,28.4441855,0.1002672,-1189.995,0.02923,-84.43641,2278.91025,2278.93211,0.02186,0.00022,21.81738,21.81738,False,0.01034,-0.01336,-0.01215,0.49394,0.00824,-0.01215,0.49394,0.00824,53.55471,0.4941589,0.00922718,81843.206,79999.703,-1843.206,0.297,False,False,0.02739
329.32,TGO,THRUST,79999.726,28.4456663,0.1001687,-1188.825,0.02891,-84.39323,2278.91025,2278.9321,0.02185,0.00023,21.80665,21.80665,False,0.01033,-0.01335,-0.01214,0.49362,0.00824,-0.01214,0.49362,0.00824,53.55606,0.4938388,0.00922097,81841.301,79999.708,-1841.301,0.292,False,False,0.02444
329.46,TGO,THRUST,79999.73,28.4469607,0.1000826,-1187.803,0.02863,-84.35549,2278.91024,2278.93209,0.02185,0.00022,21.79728,21.79728,False,0.01032,-0.01334,-0.01213,0.49334,0.00824,-0.01213,0.49334,0.00824,53.55724,0.4935609,0.00921558,81839.634,79999.713,-1839.634,0.287,False,False,0.02166
329.6,TGO,THRUST,79999.734,28.4482539,0.0999966,-1186.783,0.02836,-84.31782,2278.91024,2278.93209,0.02185,0.00022,21.78791,21.78791,False,0.01031,-0.01333,-0.01212,0.49307,0.00824,-0.01212,0.49307,0.00824,53.55842,0.4932863,0.00921025,81837.969,79999.718,-1837.969,0.282,False,False,0.0187
329.74,TGO,THRUST,79999.738,28.4495458,0.0999107,-1185.764,0.02809,-84.28019,2278.91023,2278.93208,0.02185,0.00023,21.77856,21.77856,False,0.0103,-0.01331,-0.01211,0.4928,0.00824,-0.01211,0.4928,0.00824,53.5596,0.4930144,0.00920497,81836.304,79999.722,-1836.304,0.278,False,False,0.01589
329.9,TGO,THRUST,79999.742,28.4510209,0.0998127,-1184.601,0.02779,-84.23726,2278.91022,2278.93207,0.02186,0.00023,21.76787,21.76787,False,0.01029,-0.0133,-0.0121,0.49249,0.00824,-0.0121,0.49249,0.00824,53.56094,0.4927068,0.00919899,81834.402,79999.728,-1834.402,0.272,False,False,0.01291
330.04,TGO,THRUST,79999.746,28.4523103,0.0997271,-1183.585,0.02753,-84.19974,2278.9102,2278.93207,0.02186,0.00022,21.75854,21.75854,False,0.01028,-0.01329,-0.01209,0.49222,0.00824,-0.01209,0.49222,0.00824,53.56212,0.4924399,0.00919381,81832.737,79999.732,-1832.737,0.268,False,False,0.01074
330.18,TGO,THRUST,79999.75,28.4535984,0.0996417,-1182.571,0.02727,-84.16228,2278.91018,2278.93206,0.02188,0.00023,21.74921,21.74921,False,0.01027,-0.01328,-0.01209,0.49196,0.00824,-0.01209,0.49196,0.00824,53.5633,0.4921761,0.00918868,81831.07,79999.737,-1831.07,0.263,False,False,0.00924
330.32,TGO,THRUST,79999.754,28.4548854,0.0995563,-1181.558,0.02701,-84.12487,2278.91016,2278.93205,0.02189,0.00023,21.7399,21.7399,False,0.01026,-0.01327,-0.01208,0.4917,0.00824,-0.01208,0.4917,0.00824,53.56448,0.491915,0.00918361,81829.402,79999.741,-1829.402,0.259,False,False,0.00844
330.48,TGO,THRUST,79999.758,28.4563548,0.0994589,-1180.402,0.02672,-84.08217,2278.91013,2278.93205,0.02191,0.00022,21.72926,21.72926,False,0.01025,-0.01325,-0.01207,0.4914,0.00825,-0.01207,0.4914,0.00825,53.56582,0.4916198,0.00917786,81827.495,79999.746,-1827.495,0.254,False,False,0.00829
330.62,TGO,THRUST,79999.762,28.4576393,0.0993738,-1179.392,0.02646,-84.04487,2278.91011,2278.93204,0.02193,0.00023,21.71996,21.71996,False,0.01024,-0.01324,-0.01206,0.49115,0.00825,-0.01206,0.49115,0.00825,53.56699,0.4913636,0.00917288,81825.829,79999.75,-1825.829,0.25,False,False,0.00868
330.76,TGO,THRUST,79999.765,28.4589226,0.0992888,-1178.383,0.02621,-84.00761,2278.91008,2278.93203,0.02195,0.00023,21.71067,21.71067,False,0.01023,-0.01323,-0.01205,0.49089,0.00826,-0.01205,0.49089,0.00826,53.56817,0.4911105,0.00916795,81824.164,79999.755,-1824.164,0.245,False,False,0.00937
330.9,TGO,THRUST,79999.769,28.4602047,0.099204,-1177.376,0.02596,-83.97041,2278.91006,2278.93203,0.02197,0.00022,21.70139,21.70139,False,0.01022,-0.01322,-0.01204,0.49064,0.00826,-0.01204,0.49064,0.00826,53.56934,0.49086,0.00916308,81822.501,79999.759,-1822.501,0.241,False,False,0.01006
331.06,TGO,THRUST,79999.773,28.4616686,0.0991072,-1176.227,0.02567,-83.92795,2278.91003,2278.93202,0.022,0.00023,21.6908,21.6908,False,0.01021,-0.01321,-0.01203,0.49036,0.00827,-0.01203,0.49036,0.00827,53.57068,0.4905767,0.00915756,81820.604,79999.764,-1820.604,0.236,False,False,0.01082
331.2,TGO,THRUST,79999.777,28.4629483,0.0990226,-1175.223,0.02542,-83.89085,2278.91,2278.93202,0.02202,0.00023,21.68154,21.68154,False,0.0102,-0.0132,-0.01202,0.49011,0.00828,-0.01202,0.49011,0.00828,53.57185,0.4903311,0.00915277,81818.947,79999.768,-1818.947,0.232,False,False,0.01141
331.34,TGO,THRUST,79999.78,28.4642268,0.0989381,-1174.22,0.02517,-83.8538,2278.90997,2278.93201,0.02204,0.00023,21.67229,21.67229,False,0.01019,-0.01319,-0.01201,0.48987,0.00828,-0.01201,0.48987,0.00828,53.57303,0.4900884,0.00914804,81817.294,79999.772,-1817.294,0.228,False,False,0.01189
331.48,TGO,THRUST,79999.784,28.4655042,0.0988537,-1173.219,0.02492,-83.8168,2278.90995,2278.932,0.02206,0.00023,21.66305,21.66305,False,0.01018,-0.01317,-0.01199,0.48963,0.00829,-0.01199,0.48963,0.00829,53.5742,0.4898483,0.00914336,81815.643,79999.776,-1815.643,0.224,False,False,0.01223
331.64,TGO,THRUST,79999.788,28.4669627,0.0987574,-1172.076,0.02463,-83.77457,2278.90992,2278.932,0.02208,0.00023,21.65249,21.65249,False,0.01017,-0.01316,-0.01198,0.48936,0.00829,-0.01198,0.48936,0.00829,53.57553,0.4895768,0.00913807,81813.76,79999.781,-1813.76,0.219,False,False,0.01253
331.78,TGO,THRUST,79999.791,28.4682378,0.0986733,-1171.078,0.02438,-83.73767,2278.90989,2278.93199,0.0221,0.00023,21.64327,21.64327,False,0.01016,-0.01315,-0.01197,0.48912,0.0083,-0.01197,0.48912,0.0083,53.57671,0.4893414,0.00913347,81812.117,79999.785,-1812.117,0.215,False,False,0.01265
331.92,TGO,THRUST,79999.794,28.4695117,0.0985893,-1170.08,0.02413,-83.70081,2278.90987,2278.93199,0.02212,0.00023,21.63405,21.63405,False,0.01015,-0.01314,-0.01196,0.48889,0.00831,-0.01196,0.48889,0.00831,53.57787,0.489109,0.00912894,81810.478,79999.789,-1810.478,0.211,False,False,0.01266
332.06,TGO,THRUST,79999.798,28.4707845,0.0985053,-1169.085,0.02389,-83.66401,2278.90984,2278.93198,0.02214,0.00023,21.62484,21.62484,False,0.01015,-0.01313,-0.01194,0.48866,0.00831,-0.01194,0.48866,0.00831,53.57905,0.488879,0.00912444,81808.842,79999.792,-1808.842,0.208,False,False,0.01255
332.22,TGO,THRUST,79999.802,28.4722377,0.0984096,-1167.948,0.0236,-83.622,2278.90982,2278.93197,0.02216,0.00023,21.61433,21.61433,False,0.01013,-0.01311,-0.01193,0.4884,0.00832,-0.01193,0.4884,0.00832,53.58038,0.4886191,0.00911937,81806.977,79999.797,-1806.977,0.203,False,False,0.01238
332.36,TGO,THRUST,79999.805,28.4735082,0.0983259,-1166.955,0.02335,-83.58529,2278.9098,2278.93197,0.02217,0.00023,21.60514,21.60514,False,0.01013,-0.0131,-0.01192,0.48818,0.00832,-0.01192,0.48818,0.00832,53.58155,0.4883938,0.00911496,81805.35,79999.801,-1805.35,0.199,False,False,0.01219
332.5,TGO,THRUST,79999.808,28.4747776,0.0982424,-1165.964,0.0231,-83.54862,2278.90978,2278.93196,0.02219,0.00023,21.59596,21.59596,False,0.01012,-0.01309,-0.0119,0.48796,0.00832,-0.0119,0.48796,0.00832,53.58272,0.4881713,0.00911061,81803.727,79999.805,-1803.727,0.195,False,False,0.01203
332.64,TGO,THRUST,79999.811,28.4760459,0.0981589,-1164.973,0.02285,-83.51201,2278.90976,2278.93196,0.0222,0.00023,21.58679,21.58679,False,0.01011,-0.01308,-0.01189,0.48774,0.00833,-0.01189,0.48774,0.00833,53.58388,0.4879513,0.00910631,81802.108,79999.808,-1802.108,0.192,False,False,0.01199
332.8,TGO,THRUST,79999.815,28.477494,0.0980637,-1163.843,0.02256,-83.47021,2278.90974,2278.93195,0.02221,0.00023,21.57631,21.57631,False,0.0101,-0.01307,-0.01187,0.48749,0.00833,-0.01187,0.48749,0.00833,53.58521,0.4877027,0.00910144,81800.264,79999.812,-1800.264,0.188,False,False,0.01223
332.94,TGO,THRUST,79999.818,28.4787601,0.0979805,-1162.855,0.02231,-83.43369,2278.90973,2278.93195,0.02222,0.00023,21.56715,21.56715,False,0.01009,-0.01306,-0.01185,0.48727,0.00833,-0.01185,0.48727,0.00833,53.58638,0.4874873,0.00909722,81798.655,79999.816,-1798.655,0.184,False,False,0.01278
333.08,TGO,THRUST,79999.821,28.480025,0.0978974,-1161.869,0.02206,-83.39721,2278.90971,2278.93194,0.02223,0.00023,21.55801,21.55801,False,0.01008,-0.01305,-0.01184,0.48706,0.00833,-0.01184,0.48706,0.00833,53.58755,0.4872746,0.00909306,81797.052,79999.82,-1797.052,0.18,False,False,0.01373
333.22,TGO,THRUST,79999.824,28.4812889,0.0978144,-1160.884,0.0218,-83.36078,2278.90971,2278.93194,0.02223,0.00023,21.54886,21.54886,False,0.01007,-0.01304,-0.01182,0.48685,0.00833,-0.01182,0.48685,0.00833,53.58871,0.4870644,0.00908894,81795.454,79999.823,-1795.454,0.177,False,False,0.01488
333.38,TGO,THRUST,79999.827,28.4827321,0.0977196,-1159.76,0.02151,-83.3192,2278.9097,2278.93193,0.02223,0.00023,21.53843,21.53843,False,0.01006,-0.01302,-0.0118,0.48661,0.00833,-0.0118,0.48661,0.00833,53.59004,0.4868269,0.00908428,81793.633,79999.827,-1793.633,0.173,False,False,0.01631
333.52,TGO,THRUST,79999.83,28.4839938,0.0976369,-1158.777,0.02125,-83.28285,2278.90969,2278.93193,0.02223,0.00023,21.5293,21.5293,False,0.01005,-0.01301,-0.01178,0.48641,0.00833,-0.01178,0.48641,0.00833,53.59121,0.4866211,0.00908024,81792.047,79999.831,-1792.047,0.169,False,False,0.01764
333.66,TGO,THRUST,79999.833,28.4852544,0.0975542,-1157.796,0.02099,-83.24656,2278.90969,2278.93192,0.02223,0.00024,21.52019,21.52019,False,0.01004,-0.013,-0.01176,0.4862,0.00832,-0.01176,0.4862,0.00832,53.59237,0.486418,0.00907626,81790.469,79999.834,-1790.469,0.166,False,False,0.01904
333.8,TGO,THRUST,79999.836,28.486514,0.0974716,-1156.816,0.02073,-83.2103,2278.9097,2278.93192,0.02222,0.00023,21.51108,21.51108,False,0.01003,-0.01299,-0.01174,0.486,0.00832,-0.01174,0.486,0.00832,53.59353,0.4862173,0.00907231,81788.899,79999.838,-1788.899,0.162,False,False,0.02041
333.96,TGO,THRUST,79999.839,28.4879524,0.0973774,-1155.698,0.02043,-83.16892,2278.9097,2278.93191,0.02221,0.00023,21.50068,21.50068,False,0.01002,-0.01298,-0.01172,0.48578,0.00831,-0.01172,0.48578,0.00831,53.59486,0.4859907,0.00906786,81787.109,79999.842,-1787.109,0.158,False,False,0.0217
334.1,TGO,THRUST,79999.842,28.4892098,0.097295,-1154.72,0.02017,-83.13275,2278.90971,2278.93191,0.02219,0.00023,21.49158,21.49158,False,0.01001,-0.01297,-0.0117,0.48558,0.00831,-0.0117,0.48558,0.00831,53.59603,0.4857944,0.009064,81785.547,79999.845,-1785.547,0.155,False,False,0.02273
334.24,TGO,THRUST,79999.845,28.4904663,0.0972128,-1153.744,0.01992,-83.09663,2278.90972,2278.9319,0.02218,0.00023,21.4825,21.4825,False,0.01001,-0.01296,-0.01168,0.48539,0.0083,-0.01168,0.48539,0.0083,53.59719,0.4856008,0.00906019,81783.988,79999.848,-1783.988,0.152,False,False,0.02364
334.38,TGO,THRUST,79999.848,28.4917217,0.0971306,-1152.769,0.01966,-83.06055,2278.90973,2278.9319,0.02217,0.00023,21.47342,21.47342,False,0.01,-0.01294,-0.01166,0.4852,0.0083,-0.01166,0.4852,0.0083,53.59835,0.4854094,0.00905642,81782.433,79999.852,-1782.433,0.148,False,False,0.02432
334.54,TGO,THRUST,79999.851,28.4931553,0.0970369,-1151.657,0.01937,-83.01936,2278.90974,2278.93189,0.02215,0.00023,21.46305,21.46305,False,0.00999,-0.01293,-0.01164,0.48498,0.00829,-0.01164,0.48498,0.00829,53.59968,0.4851935,0.00905217,81780.659,79999.855,-1780.659,0.145,False,False,0.0249
334.68,TGO,THRUST,79999.854,28.4944087,0.0969549,-1150.684,0.01912,-82.98336,2278.90975,2278.93189,0.02214,0.00023,21.45399,21.45399,False,0.00998,-0.01292,-0.01162,0.4848,0.00828,-0.01162,0.4848,0.00828,53.60084,0.4850065,0.00904849,81779.109,79999.858,-1779.109,0.142,False,False,0.02523
334.82,TGO,THRUST,79999.856,28.495661,0.0968731,-1149.713,0.01887,-82.94741,2278.90976,2278.93188,0.02212,0.00023,21.44493,21.44493,False,0.00997,-0.01291,-0.0116,0.48461,0.00828,-0.0116,0.48461,0.00828,53.60199,0.4848221,0.00904485,81777.562,79999.861,-1777.562,0.139,False,False,0.0254
334.96,TGO,THRUST,79999.859,28.4969124,0.0967914,-1148.743,0.01862,-82.91149,2278.90977,2278.93188,0.02211,0.00023,21.43589,21.43589,False,0.00996,-0.0129,-0.01157,0.48443,0.00827,-0.01157,0.48443,0.00827,53.60315,0.48464,0.00904126,81776.016,79999.864,-1776.016,0.136,False,False,0.02543
335.12,TGO,THRUST,79999.862,28.4983413,0.0966981,-1147.636,0.01834,-82.8705,2278.90978,2278.93187,0.02209,0.00023,21.42555,21.42555,False,0.00995,-0.01289,-0.01155,0.48423,0.00826,-0.01155,0.48423,0.00826,53.60448,0.4844345,0.0090372,81774.252,79999.868,-1774.252,0.132,False,False,0.02523
335.26,TGO,THRUST,79999.864,28.4995906,0.0966166,-1146.668,0.01809,-82.83466,2278.90979,2278.93187,0.02208,0.00023,21.41652,21.41652,False,0.00994,-0.01288,-0.01153,0.48405,0.00826,-0.01153,0.48405,0.00826,53.60564,0.4842567,0.00903369,81772.71,79999.871,-1772.71,0.129,False,False,0.02485
335.4,TGO,THRUST,79999.867,28.500839,0.0965351,-1145.702,0.01785,-82.79887,2278.9098,2278.93186,0.02207,0.00023,21.40749,21.40749,False,0.00993,-0.01287,-0.01151,0.48387,0.00825,-0.01151,0.48387,0.00825,53.6068,0.4840814,0.00903022,81771.169,79999.874,-1771.169,0.126,False,False,0.0243
335.54,TGO,THRUST,79999.869,28.5020864,0.0964538,-1144.736,0.01761,-82.76312,2278.9098,2278.93186,0.02206,0.00023,21.39847,21.39847,False,0.00993,-0.01285,-0.01149,0.4837,0.00825,-0.01149,0.4837,0.00825,53.60795,0.4839083,0.0090268,81769.631,79999.877,-1769.631,0.123,False,False,0.02356
335.7,TGO,THRUST,79999.872,28.5035108,0.096361,-1143.635,0.01734,-82.7223,2278.90981,2278.93185,0.02205,0.00023,21.38817,21.38817,False,0.00992,-0.01284,-0.01147,0.48351,0.00824,-0.01147,0.48351,0.00824,53.60928,0.4837131,0.00902294,81767.873,79999.88,-1767.873,0.12,False,False,0.02247
335.84,TGO,THRUST,79999.873,28.5047562,0.0962798,-1142.672,0.01711,-82.68663,2278.90981,2278.93185,0.02204,0.00023,21.37916,21.37916,False,0.00991,-0.01283,-0.01145,0.48334,0.00824,-0.01145,0.48334,0.00824,53.61043,0.4835441,0.00901959,81766.337,79999.883,-1766.337,0.117,False,False,0.02129
335.98,TGO,THRUST,79999.869,28.5060007,0.0961988,-1141.71,0.01688,-82.65099,2278.90983,2278.93186,0.02202,0.00023,21.37016,21.37016,False,0.0099,-0.01282,-0.01136,0.48317,0.00823,-0.01136,0.48317,0.00823,53.61159,0.4833781,0.0090163,81764.803,79999.88,-1764.803,0.12,False,False,0.02678
336.12,TGO,THRUST,79999.872,28.5072442,0.0961178,-1140.749,0.01665,-82.61539,2278.90984,2278.93186,0.02201,0.00023,21.36117,21.36117,False,0.00989,-0.01281,-0.0113,0.48301,0.00822,-0.0113,0.48301,0.00822,53.61275,0.483214,0.00901304,81763.269,79999.88,-1763.269,0.12,False,False,0.02889
336.28,TGO,THRUST,79999.874,28.5086643,0.0960254,-1139.652,0.01639,-82.57476,2278.90984,2278.93185,0.02201,0.00023,21.3509,21.3509,False,0.00988,-0.0128,-0.01128,0.48283,0.00822,-0.01128,0.48283,0.00822,53.61407,0.4830288,0.00900937,81761.515,79999.883,-1761.515,0.117,False,False,0.02683
336.42,TGO,THRUST,79999.877,28.5099059,0.0959447,-1138.694,0.01617,-82.53924,2278.90984,2278.93185,0.02201,0.00023,21.34192,21.34192,False,0.00987,-0.01279,-0.01126,0.48267,0.00822,-0.01126,0.48267,0.00822,53.61522,0.4828686,0.00900619,81759.981,79999.886,-1759.981,0.114,False,False,0.02479
336.56,TGO,THRUST,79999.879,28.5111465,0.095864,-1137.737,0.01595,-82.50375,2278.90984,2278.93184,0.022,0.00023,21.33295,21.33295,False,0.00986,-0.01278,-0.01124,0.48251,0.00822,-0.01124,0.48251,0.00822,53.61638,0.4827109,0.00900305,81758.446,79999.889,-1758.446,0.111,False,False,0.02257
336.7,TGO,THRUST,79999.881,28.5123863,0.0957834,-1136.78,0.01574,-82.46831,2278.90983,2278.93184,0.02201,0.00023,21.32398,21.32398,False,0.00985,-0.01277,-0.01122,0.48235,0.00822,-0.01122,0.48235,0.00822,53.61753,0.4825553,0.00899995,81756.911,79999.891,-1756.911,0.109,False,False,0.02015
336.86,TGO,THRUST,79999.884,28.513802,0.0956915,-1135.689,0.0155,-82.42784,2278.90983,2278.93184,0.02201,0.00023,21.31374,21.31374,False,0.00984,-0.01275,-0.0112,0.48218,0.00822,-0.0112,0.48218,0.00822,53.61885,0.48238,0.00899646,81755.157,79999.894,-1755.157,0.106,False,False,0.01723
337,TGO,THRUST,79999.886,28.5150399,0.0956111,-1134.735,0.01529,-82.39247,2278.90982,2278.93183,0.02201,0.00023,21.30479,21.30479,False,0.00984,-0.01274,-0.01118,0.48203,0.00822,-0.01118,0.48203,0.00822,53.62001,0.4822285,0.00899344,81753.621,79999.896,-1753.621,0.104,False,False,0.01461
337.14,TGO,THRUST,79999.888,28.5162768,0.0955308,-1133.782,0.01509,-82.35713,2278.9098,2278.93183,0.02202,0.00023,21.29584,21.29584,False,0.00983,-0.01273,-0.01116,0.48188,0.00822,-0.01116,0.48188,0.00822,53.62116,0.4820793,0.00899047,81752.083,79999.899,-1752.083,0.101,False,False,0.01208
337.28,TGO,THRUST,79999.89,28.5175129,0.0954506,-1132.83,0.01489,-82.32183,2278.90979,2278.93182,0.02204,0.00023,21.2869,21.2869,False,0.00982,-0.01272,-0.01115,0.48173,0.00822,-0.01115,0.48173,0.00822,53.62231,0.4819322,0.00898753,81750.541,79999.901,-1750.541,0.099,False,False,0.01003
337.44,TGO,THRUST,79999.893,28.5189244,0.0953591,-1131.744,0.01467,-82.28153,2278.90976,2278.93182,0.02206,0.00023,21.27669,21.27669,False,0.00981,-0.01271,-0.01113,0.48157,0.00823,-0.01113,0.48157,0.00823,53.62363,0.4817666,0.00898422,81748.779,79999.904,-1748.779,0.096,False,False,0.00852
337.58,TGO,THRUST,79999.895,28.5201586,0.095279,-1130.794,0.01449,-82.2463,2278.90974,2278.93182,0.02208,0.00023,21.26776,21.26776,False,0.0098,-0.0127,-0.01111,0.48142,0.00823,-0.01111,0.48142,0.00823,53.62478,0.4816234,0.00898136,81747.237,79999.906,-1747.237,0.094,False,False,0.00799
337.72,TGO,THRUST,79999.897,28.521392,0.0951991,-1129.846,0.01431,-82.2111,2278.90972,2278.93181,0.02209,0.00023,21.25884,21.25884,False,0.00979,-0.01269,-0.0111,0.48128,0.00824,-0.0111,0.48128,0.00824,53.62594,0.4814826,0.00897854,81745.697,79999.908,-1745.697,0.092,False,False,0.00812
337.86,TGO,THRUST,79999.899,28.5226244,0.0951193,-1128.898,0.01413,-82.17594,2278.9097,2278.93181,0.02211,0.00023,21.24992,21.24992,False,0.00978,-0.01268,-0.01108,0.48115,0.00824,-0.01108,0.48115,0.00824,53.62708,0.4813438,0.00897576,81744.158,79999.911,-1744.158,0.089,False,False,0.00864
338.02,TGO,THRUST,79999.901,28.5240319,0.0950281,-1127.817,0.01392,-82.1358,2278.90967,2278.93181,0.02214,0.00024,21.23974,21.23974,False,0.00977,-0.01267,-0.01106,0.48099,0.00825,-0.01106,0.48099,0.00825,53.6284,0.4811876,0.00897263,81742.4,79999.913,-1742.4,0.087,False,False,0.00949
338.16,TGO,THRUST,79999.903,28.5252626,0.0949485,-1126.871,0.01375,-82.10071,2278.90965,2278.9318,0.02216,0.00024,21.23084,21.23084,False,0.00976,-0.01265,-0.01105,0.48085,0.00826,-0.01105,0.48085,0.00826,53.62955,0.4810527,0.00896992,81740.865,79999.915,-1740.865,0.085,False,False,-0.0102
338.3,TGO,THRUST,79999.905,28.5264924,0.0948689,-1125.927,0.01358,-82.06565,2278.90962,2278.9318,0.02218,0.00024,21.22194,21.22194,False,0.00976,-0.01264,-0.01103,0.48072,0.00826,-0.01103,0.48072,0.00826,53.63071,0.48092,0.00896725,81739.331,79999.917,-1739.331,0.083,False,False,-0.01088
338.44,TGO,THRUST,79999.907,28.5277214,0.0947894,-1124.983,0.01341,-82.03063,2278.9096,2278.9318,0.0222,0.00024,21.21305,21.21305,False,0.00975,-0.01263,-0.01102,0.48059,0.00827,-0.01102,0.48059,0.00827,53.63185,0.4807893,0.00896462,81737.8,79999.92,-1737.8,0.08,False,False,-0.01143
338.6,TGO,THRUST,79999.909,28.5291249,0.0946987,-1123.906,0.01321,-81.99064,2278.90957,2278.93179,0.02222,0.00023,21.20289,21.20289,False,0.00974,-0.01262,-0.011,0.48045,0.00827,-0.011,0.48045,0.00827,53.63317,0.4806423,0.00896166,81736.054,79999.922,-1736.054,0.078,False,False,-0.01191
338.74,TGO,THRUST,79999.911,28.5303521,0.0946194,-1122.965,0.01305,-81.95568,2278.90955,2278.93179,0.02224,0.00024,21.19401,21.19401,False,0.00973,-0.01261,-0.01098,0.48032,0.00828,-0.01098,0.48032,0.00828,53.63432,0.4805154,0.0089591,81734.529,79999.924,-1734.529,0.076,False,False,-0.01216
338.88,TGO,THRUST,79999.913,28.5315784,0.0945401,-1122.025,0.01288,-81.92076,2278.90953,2278.93179,0.02226,0.00024,21.18513,21.18513,False,0.00972,-0.0126,-0.01097,0.48019,0.00829,-0.01097,0.48019,0.00829,53.63547,0.4803908,0.00895659,81733.006,79999.926,-1733.006,0.074,False,False,-0.01226
339.02,TGO,THRUST,79999.914,28.532804,0.094461,-1121.085,0.01272,-81.88587,2278.90951,2278.93178,0.02227,0.00024,21.17626,21.17626,False,0.00971,-0.01259,-0.01095,0.48007,0.00829,-0.01095,0.48007,0.00829,53.63662,0.480268,0.00895411,81731.486,79999.928,-1731.486,0.072,False,False,-0.0122
339.18,TGO,THRUST,79999.916,28.5342036,0.0943706,-1120.013,0.01253,-81.84603,2278.90949,2278.93178,0.02229,0.00024,21.16613,21.16613,False,0.0097,-0.01258,-0.01094,0.47993,0.0083,-0.01094,0.47993,0.0083,53.63793,0.48013,0.00895131,81729.753,79999.93,-1729.753,0.07,False,False,-0.01188
339.32,TGO,THRUST,79999.918,28.5354274,0.0942916,-1119.076,0.01237,-81.8112,2278.90947,2278.93178,0.02231,0.00024,21.15727,21.15727,False,0.00969,-0.01257,-0.01092,0.47981,0.0083,-0.01092,0.47981,0.0083,53.63908,0.480011,0.0089489,81728.239,79999.932,-1728.239,0.068,False,False,-0.0114
339.46,TGO,THRUST,79999.92,28.5366504,0.0942128,-1118.139,0.01221,-81.77641,2278.90945,2278.93177,0.02232,0.00024,21.14842,21.14842,False,0.00968,-0.01256,-0.01091,0.4797,0.0083,-0.01091,0.4797,0.0083,53.64023,0.4798941,0.00894653,81726.729,79999.934,-1726.729,0.066,False,False,-0.01073
339.6,TGO,THRUST,79999.922,28.5378727,0.0941339,-1117.204,0.01205,-81.74164,2278.90944,2278.93177,0.02233,0.00023,21.13957,21.13957,False,0.00968,-0.01255,-0.01089,0.47958,0.00831,-0.01089,0.47958,0.00831,53.64138,0.4797791,0.0089442,81725.223,79999.936,-1725.223,0.064,False,False,-0.00981
339.76,TGO,THRUST,79999.923,28.5392685,0.0940439,-1116.136,0.01186,-81.70194,2278.90942,2278.93177,0.02235,0.00023,21.12947,21.12947,False,0.00967,-0.01253,-0.01087,0.47945,0.00831,-0.01087,0.47945,0.00831,53.64269,0.4796499,0.00894157,81723.505,79999.938,-1723.505,0.062,False,False,-0.00849
339.9,TGO,THRUST,79999.925,28.540489,0.0939653,-1115.202,0.01171,-81.66724,2278.90941,2278.93177,0.02236,0.00024,21.12063,21.12063,False,0.00966,-0.01252,-0.01086,0.47934,0.00831,-0.01086,0.47934,0.00831,53.64384,0.4795386,0.0089393,81722.007,79999.94,-1722.007,0.06,False,False,-0.00714
340.04,TGO,THRUST,79999.927,28.5417088,0.0938867,-1114.27,0.01155,-81.63257,2278.9094,2278.93176,0.02237,0.00024,21.1118,21.1118,False,0.00965,-0.01251,-0.01084,0.47923,0.00831,-0.01084,0.47923,0.00831,53.64499,0.4794294,0.00893708,81720.512,79999.942,-1720.512,0.058,False,False,-0.00554
340.18,TGO,THRUST,79999.928,28.5429277,0.0938082,-1113.338,0.01139,-81.59793,2278.90939,2278.93176,0.02237,0.00023,21.10297,21.10297,False,0.00964,-0.0125,-0.01082,0.47913,0.00832,-0.01082,0.47913,0.00832,53.64614,0.479322,0.00893488,81719.022,79999.943,-1719.022,0.057,False,False,-0.00376
340.34,TGO,THRUST,79999.93,28.5443199,0.0937186,-1112.275,0.01121,-81.55837,2278.90938,2278.93176,0.02238,0.00024,21.09289,21.09289,False,0.00963,-0.01249,-0.0108,0.47901,0.00832,-0.0108,0.47901,0.00832,53.64745,0.4792014,0.00893242,81717.324,79999.945,-1717.324,0.055,False,False,0.00183
340.48,TGO,THRUST,79999.932,28.5455372,0.0936403,-1111.345,0.01105,-81.52379,2278.90938,2278.93175,0.02238,0.00024,21.08407,21.08407,False,0.00962,-0.01248,-0.01079,0.4789,0.00832,-0.01079,0.4789,0.00832,53.64859,0.4790976,0.00893029,81715.843,79999.947,-1715.843,0.053,False,False,0.00219
340.6,TGO,THRUST,79999.933,28.5467537,0.093562,-1110.416,0.01089,-81.48924,2278.90938,2278.93175,0.02238,0.00024,21.07526,21.07526,False,0.00962,-0.01247,-0.01077,0.4788,0.00831,-0.01077,0.4788,0.00831,53.64974,0.4789958,0.0089282,81714.367,79999.949,-1714.367,0.051,False,False,0.00441
340.76,TGO,THRUST,79999.927,28.5479695,0.0934838,-1109.488,0.01073,-81.45471,2278.90939,2278.93176,0.02237,0.00023,21.06645,21.06645,False,0.00961,-0.01246,-0.0107,0.4787,0.00831,-0.0107,0.4787,0.00831,53.65089,0.4788962,0.00892616,81712.9,79999.947,-1712.9,0.053,False,False,0.01237
340.92,TGO,THRUST,79999.929,28.5493581,0.0933945,-1108.428,0.01055,-81.41529,2278.90941,2278.93176,0.02235,0.00024,21.05639,21.05639,False,0.0096,-0.01245,-0.01062,0.47859,0.0083,-0.01062,0.47859,0.0083,53.6522,0.4787844,0.00892386,81711.231,79999.945,-1711.231,0.055,False,False,0.02025
341.06,TGO,THRUST,79999.93,28.5505723,0.0933165,-1107.502,0.01038,-81.38082,2278.90942,2278.93176,0.02234,0.00024,21.04759,21.04759,False,0.00959,-0.01244,-0.0106,0.4785,0.0083,-0.0106,0.4785,0.0083,53.65334,0.478688,0.00892187,81709.774,79999.946,-1709.774,0.054,False,False,0.02117
341.2,TGO,THRUST,79999.931,28.5517857,0.0932385,-1106.577,0.01022,-81.34638,2278.90943,2278.93175,0.02232,0.00024,21.0388,21.0388,False,0.00958,-0.01243,-0.01058,0.4784,0.00829,-0.01058,0.4784,0.00829,53.65449,0.4785935,0.00891992,81708.32,79999.948,-1708.32,0.052,False,False,0.02162
341.34,TGO,THRUST,79999.933,28.5529984,0.0931607,-1105.653,0.01005,-81.31197,2278.90944,2278.93175,0.02231,0.00024,21.03001,21.03001,False,0.00957,-0.01242,-0.01056,0.47831,0.00829,-0.01056,0.47831,0.00829,53.65564,0.4785008,0.008918,81706.869,79999.949,-1706.869,0.051,False,False,0.02183
341.5,TGO,THRUST,79999.934,28.5543834,0.0930718,-1104.598,0.00987,-81.27268,2278.90946,2278.93175,0.02229,0.00023,21.01997,21.01997,False,0.00956,-0.01241,-0.01054,0.47821,0.00828,-0.01054,0.47821,0.00828,53.65694,0.4783969,0.00891584,81705.213,79999.951,-1705.213,0.049,False,False,0.02178
341.64,TGO,THRUST,79999.936,28.5555946,0.092994,-1103.675,0.00972,-81.23832,2278.90947,2278.93175,0.02228,0.00023,21.01119,21.01119,False,0.00956,-0.01239,-0.01052,0.47812,0.00827,-0.01052,0.47812,0.00827,53.65809,0.4783077,0.00891399,81703.766,79999.953,-1703.766,0.047,False,False,0.02151
341.78,TGO,THRUST,79999.937,28.556805,0.0929164,-1102.754,0.00957,-81.204,2278.90948,2278.93174,0.02226,0.00024,21.00242,21.00242,False,0.00955,-0.01238,-0.01051,0.47803,0.00827,-0.01051,0.47803,0.00827,53.65924,0.4782204,0.00891217,81702.32,79999.954,-1702.32,0.046,False,False,0.02109
341.92,TGO,THRUST,79999.939,28.5580146,0.0928388,-1101.833,0.00942,-81.16969,2278.90949,2278.93174,0.02225,0.00024,20.99364,20.99364,False,0.00954,-0.01237,-0.01049,0.47795,0.00826,-0.01049,0.47795,0.00826,53.66038,0.4781348,0.00891039,81700.876,79999.956,-1700.876,0.044,False,False,0.02052
342.08,TGO,THRUST,79999.94,28.5593962,0.0927502,-1100.782,0.00925,-81.13052,2278.90951,2278.93174,0.02223,0.00024,20.98363,20.98363,False,0.00953,-0.01236,-0.01047,0.47785,0.00825,-0.01047,0.47785,0.00825,53.66169,0.4780391,0.00890839,81699.227,79999.957,-1699.227,0.043,False,False,0.01966
342.22,TGO,THRUST,79999.941,28.5606044,0.0926728,-1099.863,0.00911,-81.09628,2278.90952,2278.93174,0.02222,0.00024,20.97487,20.97487,False,0.00952,-0.01235,-0.01045,0.47777,0.00825,-0.01045,0.47777,0.00825,53.66283,0.477957,0.00890667,81697.785,79999.959,-1697.785,0.041,False,False,0.01876
342.36,TGO,THRUST,79999.943,28.5618118,0.0925954,-1098.944,0.00897,-81.06206,2278.90953,2278.93174,0.02221,0.00023,20.96611,20.96611,False,0.00951,-0.01234,-0.01043,0.47769,0.00824,-0.01043,0.47769,0.00824,53.66398,0.4778767,0.00890498,81696.345,79999.96,-1696.345,0.04,False,False,0.01777
342.5,TGO,THRUST,79999.944,28.5630185,0.0925181,-1098.027,0.00883,-81.02786,2278.90954,2278.93173,0.0222,0.00024,20.95736,20.95736,False,0.00951,-0.01233,-0.01042,0.47761,0.00824,-0.01042,0.47761,0.00824,53.66512,0.4777982,0.00890333,81694.905,79999.961,-1694.905,0.039,False,False,0.01675
342.66,TGO,THRUST,79999.946,28.5643968,0.0924299,-1096.98,0.00868,-80.98881,2278.90955,2278.93173,0.02218,0.00024,20.94736,20.94736,False,0.0095,-0.01232,-0.0104,0.47753,0.00823,-0.0104,0.47753,0.00823,53.66643,0.4777104,0.00890148,81693.26,79999.963,-1693.26,0.037,False,False,0.01565
342.8,TGO,THRUST,79999.947,28.565602,0.0923527,-1096.064,0.00856,-80.95466,2278.90956,2278.93173,0.02217,0.00024,20.93861,20.93861,False,0.00949,-0.01231,-0.01039,0.47745,0.00823,-0.01039,0.47745,0.00823,53.66757,0.4776352,0.00889988,81691.822,79999.964,-1691.822,0.036,False,False,0.01478
342.94,TGO,THRUST,79999.948,28.5668066,0.0922756,-1095.149,0.00844,-80.92054,2278.90956,2278.93173,0.02216,0.00024,20.92987,20.92987,False,0.00948,-0.0123,-0.01037,0.47738,0.00822,-0.01037,0.47738,0.00822,53.66872,0.4775618,0.00889833,81690.384,79999.965,-1690.384,0.035,False,False,0.01392
343.08,TGO,THRUST,79999.949,28.5680104,0.0921986,-1094.235,0.00832,-80.88645,2278.90957,2278.93172,0.02216,0.00024,20.92114,20.92114,False,0.00947,-0.01229,-0.01036,0.47731,0.00822,-0.01036,0.47731,0.00822,53.66986,0.4774901,0.0088968,81688.946,79999.967,-1688.946,0.033,False,False,0.01305
343.24,TGO,THRUST,79999.951,28.5693854,0.0921107,-1093.191,0.00818,-80.84751,2278.90957,2278.93172,0.02215,0.00023,20.91116,20.91116,False,0.00946,-0.01228,-0.01034,0.47723,0.00822,-0.01034,0.47723,0.00822,53.67117,0.4774101,0.00889509,81687.303,79999.968,-1687.303,0.032,False,False,-0.01197
343.38,TGO,THRUST,79999.952,28.5705878,0.0920338,-1092.279,0.00807,-80.81346,2278.90958,2278.93172,0.02214,0.00023,20.90243,20.90243,False,0.00946,-0.01227,-0.01033,0.47716,0.00821,-0.01033,0.47716,0.00821,53.67231,0.4773416,0.00889363,81685.865,79999.969,-1685.865,0.031,False,False,-0.01089
343.52,TGO,THRUST,79999.953,28.5717895,0.091957,-1091.368,0.00796,-80.77944,2278.90958,2278.93172,0.02214,0.00023,20.89371,20.89371,False,0.00945,-0.01226,-0.01031,0.47709,0.00821,-0.01031,0.47709,0.00821,53.67345,0.477275,0.0088922,81684.426,79999.971,-1684.426,0.029,False,False,-0.00975
343.66,TGO,THRUST,79999.954,28.5729906,0.0918803,-1090.457,0.00785,-80.74544,2278.90958,2278.93172,0.02214,0.00023,20.88499,20.88499,False,0.00944,-0.01225,-0.0103,0.47703,0.00821,-0.0103,0.47703,0.00821,53.67459,0.47721,0.0088908,81682.986,79999.972,-1682.986,0.028,False,False,-0.00852
343.82,TGO,THRUST,79999.955,28.5743624,0.0917926,-1089.417,0.00772,-80.70662,2278.90957,2278.93171,0.02214,0.00023,20.87503,20.87503,False,0.00943,-0.01223,-0.01028,0.47696,0.00821,-0.01028,0.47696,0.00821,53.6759,0.4771376,0.00888923,81681.34,79999.973,-1681.34,0.027,False,False,-0.00714
343.96,TGO,THRUST,79999.956,28.575562,0.091716,-1088.508,0.00761,-80.67266,2278.90957,2278.93171,0.02214,0.00023,20.86631,20.86631,False,0.00942,-0.01222,-0.01027,0.47689,0.00821,-0.01027,0.47689,0.00821,53.67704,0.4770758,0.00888789,81679.899,79999.974,-1679.899,0.026,False,False,-0.00609
344.1,TGO,THRUST,79999.957,28.576761,0.0916395,-1087.599,0.00751,-80.63874,2278.90956,2278.93171,0.02215,0.00023,20.85761,20.85761,False,0.00941,-0.01221,-0.01026,0.47683,0.00821,-0.01026,0.47683,0.00821,53.67818,0.4770158,0.00888659,81678.456,79999.975,-1678.456,0.025,False,False,-0.0055
344.24,TGO,THRUST,79999.958,28.5779593,0.091563,-1086.692,0.0074,-80.60483,2278.90955,2278.93171,0.02216,0.00024,20.8489,20.8489,False,0.00941,-0.0122,-0.01024,0.47678,0.00821,-0.01024,0.47678,0.00821,53.67933,0.4769573,0.00888531,81677.009,79999.976,-1677.009,0.024,False,False,-0.00558
344.4,TGO,THRUST,79999.96,28.579328,0.0914757,-1085.655,0.00728,-80.56611,2278.90953,2278.93171,0.02218,0.00024,20.83896,20.83896,False,0.0094,-0.01219,-0.01023,0.47671,0.00822,-0.01023,0.47671,0.00822,53.68063,0.4768924,0.00888388,81675.352,79999.978,-1675.352,0.022,False,False,-0.00625
344.54,TGO,THRUST,79999.961,28.5805249,0.0913993,-1084.749,0.00718,-80.53225,2278.90951,2278.93171,0.02219,0.00024,20.83026,20.83026,False,0.00939,-0.01218,-0.01021,0.47666,0.00822,-0.01021,0.47666,0.00822,53.68177,0.4768371,0.00888266,81673.902,79999.979,-1673.902,0.021,False,False,-0.00706
344.68,TGO,THRUST,79999.962,28.5817212,0.0913231,-1083.844,0.00708,-80.49841,2278.90949,2278.9317,0.02221,0.00024,20.82156,20.82156,False,0.00938,-0.01217,-0.0102,0.4766,0.00823,-0.0102,0.4766,0.00823,53.68292,0.4767835,0.00888147,81672.452,79999.98,-1672.452,0.02,False,False,-0.00793
344.82,TGO,THRUST,79999.963,28.5829168,0.0912468,-1082.939,0.00697,-80.46459,2278.90947,2278.9317,0.02223,0.00024,20.81287,20.81287,False,0.00937,-0.01216,-0.01019,0.47655,0.00823,-0.01019,0.47655,0.00823,53.68406,0.4767314,0.00888032,81671.002,79999.981,-1671.002,0.019,False,False,-0.00871
344.98,TGO,THRUST,79999.964,28.5842824,0.0911598,-1081.906,0.00686,-80.42597,2278.90945,2278.9317,0.02225,0.00024,20.80295,20.80295,False,0.00936,-0.01215,-0.01017,0.47649,0.00824,-0.01017,0.47649,0.00824,53.68536,0.4766738,0.00887903,81669.346,79999.982,-1669.346,0.018,False,False,-0.00949
345.12,TGO,THRUST,79999.965,28.5854767,0.0910837,-1081.003,0.00676,-80.3922,2278.90943,2278.9317,0.02227,0.00024,20.79426,20.79426,False,0.00936,-0.01214,-0.01016,0.47645,0.00825,-0.01016,0.47645,0.00825,53.68651,0.4766248,0.00887793,81667.899,79999.983,-1667.899,0.017,False,False,-0.01003
345.26,TGO,THRUST,79999.966,28.5866704,0.0910077,-1080.101,0.00665,-80.35845,2278.90941,2278.9317,0.02229,0.00024,20.78558,20.78558,False,0.00935,-0.01213,-0.01014,0.4764,0.00825,-0.01014,0.4764,0.00825,53.68765,0.4765775,0.00887686,81666.453,79999.984,-1666.453,0.016,False,False,-0.01049
345.4,TGO,THRUST,79999.966,28.5878634,0.0909317,-1079.199,0.00655,-80.32472,2278.90939,2278.9317,0.02231,0.00024,20.7769,20.7769,False,0.00934,-0.01212,-0.01013,0.47635,0.00826,-0.01013,0.47635,0.00826,53.68879,0.4765317,0.00887581,81665.008,79999.985,-1665.008,0.015,False,False,-0.01081
345.56,TGO,THRUST,79999.968,28.5892261,0.090845,-1078.17,0.00644,-80.28619,2278.90937,2278.93169,0.02233,0.00024,20.76699,20.76699,False,0.00933,-0.01211,-0.01011,0.4763,0.00826,-0.01011,0.4763,0.00826,53.69009,0.4764811,0.00887466,81663.359,79999.986,-1663.359,0.014,False,False,-0.01107
345.7,TGO,THRUST,79999.968,28.5904178,0.0907691,-1077.27,0.00634,-80.2525,2278.90935,2278.93169,0.02235,0.00024,20.75832,20.75832,False,0.00932,-0.0121,-0.0101,0.47626,0.00827,-0.0101,0.47626,0.00827,53.69124,0.4764384,0.00887367,81661.919,79999.987,-1661.919,0.013,False,False,-0.01123
345.84,TGO,THRUST,79999.969,28.5916089,0.0906933,-1076.37,0.00624,-80.21883,2278.90933,2278.93169,0.02236,0.00024,20.74965,20.74965,False,0.00931,-0.01209,-0.01008,0.47622,0.00827,-0.01008,0.47622,0.00827,53.69237,0.4763972,0.00887272,81660.48,79999.988,-1660.48,0.012,False,False,0.01136
345.98,TGO,THRUST,79999.97,28.5927994,0.0906176,-1075.472,0.00613,-80.18519,2278.90931,2278.93169,0.02238,0.00024,20.74099,20.74099,False,0.00931,-0.01208,-0.01006,0.47618,0.00828,-0.01006,0.47618,0.00828,53.69352,0.4763575,0.00887179,81659.044,79999.989,-1659.044,0.011,False,False,0.01149
346.14,TGO,THRUST,79999.971,28.5941592,0.0905312,-1074.445,0.00602,-80.14675,2278.90929,2278.93169,0.0224,0.00024,20.73109,20.73109,False,0.0093,-0.01207,-0.01005,0.47614,0.00828,-0.01005,0.47614,0.00828,53.69482,0.4763138,0.00887076,81657.405,79999.99,-1657.405,0.01,False,False,0.01168
346.28,TGO,THRUST,79999.972,28.5953483,0.0904556,-1073.548,0.00591,-80.11315,2278.90927,2278.93169,0.02241,0.00024,20.72243,20.72243,False,0.00929,-0.01206,-0.01003,0.4761,0.00829,-0.01003,0.4761,0.00829,53.69596,0.4762771,0.00886989,81655.974,79999.991,-1655.974,0.009,False,False,0.01197
346.42,TGO,THRUST,79999.973,28.5965369,0.09038,-1072.651,0.00581,-80.07956,2278.90926,2278.93168,0.02243,0.00024,20.71378,20.71378,False,0.00928,-0.01205,-0.01001,0.47606,0.00829,-0.01001,0.47606,0.00829,53.6971,0.4762419,0.00886904,81654.545,79999.992,-1654.545,0.008,False,False,0.01234
346.56,TGO,THRUST,79999.973,28.5977249,0.0903045,-1071.756,0.00571,-80.04599,2278.90924,2278.93168,0.02244,0.00024,20.70513,20.70513,False,0.00927,-0.01204,-0.01,0.47603,0.0083,-0.01,0.47603,0.0083,53.69824,0.4762081,0.00886823,81653.119,79999.993,-1653.119,0.007,False,False,0.01273
346.72,TGO,THRUST,79999.974,28.5990819,0.0902183,-1070.733,0.00558,-80.00764,2278.90923,2278.93168,0.02246,0.00024,20.69524,20.69524,False,0.00926,-0.01203,-0.00998,0.47599,0.0083,-0.00998,0.47599,0.0083,53.69955,0.4761713,0.00886732,81651.493,79999.994,-1651.493,0.006,False,False,0.01312
346.86,TGO,THRUST,79999.975,28.6002686,0.0901429,-1069.838,0.00547,-79.97411,2278.90922,2278.93168,0.02247,0.00024,20.68659,20.68659,False,0.00926,-0.01202,-0.00996,0.47596,0.0083,-0.00996,0.47596,0.0083,53.70069,0.4761404,0.00886656,81650.074,79999.994,-1650.074,0.006,False,False,0.01331
347,TGO,THRUST,79999.976,28.6014548,0.0900676,-1068.944,0.00536,-79.9406,2278.90921,2278.93168,0.02247,0.00024,20.67795,20.67795,False,0.00925,-0.01201,-0.00994,0.47593,0.0083,-0.00994,0.47593,0.0083,53.70183,0.4761111,0.00886583,81648.658,79999.995,-1648.658,0.005,False,False,0.01347
347.14,TGO,THRUST,79999.977,28.6026403,0.0899924,-1068.051,0.00526,-79.9071,2278.9092,2278.93168,0.02248,0.00024,20.66931,20.66931,False,0.00924,-0.012,-0.00992,0.47591,0.00831,-0.00992,0.47591,0.00831,53.70297,0.4760832,0.00886512,81647.245,79999.996,-1647.245,0.004,False,False,0.01365
347.3,TGO,THRUST,79999.977,28.6039946,0.0899064,-1067.031,0.00513,-79.86884,2278.90919,2278.93168,0.02249,0.00024,20.65944,20.65944,False,0.00923,-0.01198,-0.0099,0.47588,0.00831,-0.0099,0.47588,0.00831,53.70427,0.4760529,0.00886434,81645.635,79999.997,-1645.635,0.003,False,False,0.01387
347.44,TGO,THRUST,79999.978,28.6051789,0.0898313,-1066.139,0.00503,-79.83538,2278.90919,2278.93168,0.02249,0.00024,20.6508,20.6508,False,0.00922,-0.01197,-0.00988,0.47585,0.00831,-0.00988,0.47585,0.00831,53.70542,0.4760279,0.00886368,81644.23,79999.998,-1644.23,0.002,False,False,0.01423
347.58,TGO,THRUST,79999.979,28.6063627,0.0897562,-1065.248,0.00492,-79.80194,2278.90919,2278.93167,0.02249,0.00024,20.64217,20.64217,False,0.00921,-0.01196,-0.00987,0.47583,0.00831,-0.00987,0.47583,0.00831,53.70655,0.4760042,0.00886306,81642.83,79999.998,-1642.83,0.002,False,False,0.01467
347.72,TGO,THRUST,79999.98,28.6075459,0.0896812,-1064.358,0.00482,-79.76852,2278.90919,2278.93167,0.02248,0.00025,20.63354,20.63354,False,0.00921,-0.01195,-0.00985,0.47581,0.0083,-0.00985,0.47581,0.0083,53.70769,0.475982,0.00886245,81641.434,79999.999,-1641.434,0.001,False,False,0.01532
347.88,TGO,THRUST,79999.98,28.6088974,0.0895955,-1063.341,0.0047,-79.73034,2278.9092,2278.93167,0.02247,0.00024,20.62368,20.62368,False,0.0092,-0.01194,-0.00983,0.47578,0.0083,-0.00983,0.47578,0.0083,53.709,0.4759582,0.0088618,81639.847,80000,-1639.847,0,False,False,0.01624
348.02,TGO,THRUST,79999.981,28.6100794,0.0895206,-1062.452,0.0046,-79.69695,2278.90921,2278.93167,0.02246,0.00024,20.61506,20.61506,False,0.00919,-0.01193,-0.00981,0.47577,0.00829,-0.00981,0.47577,0.00829,53.71014,0.4759387,0.00886125,81638.464,80000.001,-1638.464,-0.001,False,False,0.01707
348.16,TGO,THRUST,79999.982,28.6112609,0.0894457,-1061.563,0.0045,-79.66358,2278.90922,2278.93167,0.02245,0.00024,20.60644,20.60644,False,0.00918,-0.01192,-0.00979,0.47575,0.00829,-0.00979,0.47575,0.00829,53.71128,0.4759207,0.00886072,81637.084,80000.001,-1637.084,-0.001,False,False,0.01782
348.3,TGO,THRUST,79999.982,28.6124418,0.0893709,-1060.675,0.0044,-79.63023,2278.90923,2278.93167,0.02244,0.00024,20.59782,20.59782,False,0.00917,-0.01191,-0.00977,0.47573,0.00828,-0.00977,0.47573,0.00828,53.71242,0.475904,0.00886022,81635.707,80000.002,-1635.707,-0.002,False,False,0.01848
348.46,TGO,THRUST,79999.983,28.6137907,0.0892855,-1059.661,0.00429,-79.59212,2278.90925,2278.93167,0.02242,0.00024,20.58797,20.58797,False,0.00917,-0.0119,-0.00975,0.47571,0.00828,-0.00975,0.47571,0.00828,53.71372,0.4758865,0.00885968,81634.135,80000.003,-1634.135,-0.003,False,False,0.01908
348.6,TGO,THRUST,79999.984,28.6149704,0.0892108,-1058.774,0.00419,-79.5588,2278.90926,2278.93167,0.0224,0.00024,20.57935,20.57935,False,0.00916,-0.01189,-0.00974,0.4757,0.00827,-0.00974,0.4757,0.00827,53.71486,0.4758726,0.00885923,81632.762,80000.003,-1632.762,-0.003,False,False,0.01942
348.74,TGO,THRUST,79999.984,28.6161496,0.0891361,-1057.888,0.0041,-79.5255,2278.90928,2278.93167,0.02239,0.00024,20.57074,20.57074,False,0.00915,-0.01188,-0.00972,0.47569,0.00826,-0.00972,0.47569,0.00826,53.716,0.47586,0.00885881,81631.39,80000.004,-1631.39,-0.004,False,False,0.01965
348.88,TGO,THRUST,79999.985,28.6173282,0.0890615,-1057.003,0.00401,-79.49221,2278.90929,2278.93166,0.02237,0.00024,20.56213,20.56213,False,0.00914,-0.01187,-0.0097,0.47568,0.00826,-0.0097,0.47568,0.00826,53.71714,0.4758487,0.00885842,81630.019,80000.004,-1630.019,-0.004,False,False,0.0197
349.04,TGO,THRUST,79999.986,28.6186746,0.0889763,-1055.992,0.00391,-79.45418,2278.90931,2278.93166,0.02236,0.00024,20.55229,20.55229,False,0.00913,-0.01186,-0.00968,0.47567,0.00825,-0.00968,0.47567,0.00825,53.71845,0.4758375,0.00885799,81628.453,80000.005,-1628.453,-0.005,False,False,0.01959
349.18,TGO,THRUST,79999.986,28.6198521,0.0889018,-1055.108,0.00382,-79.42092,2278.90932,2278.93166,0.02234,0.00024,20.54369,20.54369,False,0.00913,-0.01185,-0.00967,0.47566,0.00825,-0.00967,0.47566,0.00825,53.71959,0.475829,0.00885764,81627.084,80000.006,-1627.084,-0.006,False,False,0.01935
349.32,TGO,THRUST,79999.987,28.621029,0.0888274,-1054.224,0.00373,-79.38767,2278.90933,2278.93166,0.02233,0.00024,20.53508,20.53508,False,0.00912,-0.01184,-0.00965,0.47565,0.00824,-0.00965,0.47565,0.00824,53.72073,0.4758218,0.00885732,81625.715,80000.006,-1625.715,-0.006,False,False,0.01894
349.46,TGO,THRUST,79999.987,28.6222055,0.088753,-1053.341,0.00365,-79.35444,2278.90935,2278.93166,0.02231,0.00024,20.52648,20.52648,False,0.00911,-0.01183,-0.00964,0.47565,0.00823,-0.00964,0.47565,0.00823,53.72187,0.4758159,0.00885702,81624.347,80000.007,-1624.347,-0.007,False,False,0.01839
349.62,TGO,THRUST,79999.988,28.6235493,0.088668,-1052.333,0.00356,-79.31649,2278.90936,2278.93166,0.0223,0.00024,20.51666,20.51666,False,0.0091,-0.01182,-0.00962,0.47564,0.00823,-0.00962,0.47564,0.00823,53.72317,0.4758106,0.00885671,81622.784,80000.007,-1622.784,-0.007,False,False,0.0176
349.76,TGO,THRUST,79999.988,28.6247246,0.0885937,-1051.451,0.00348,-79.28329,2278.90937,2278.93166,0.02229,0.00024,20.50806,20.50806,False,0.00909,-0.01181,-0.0096,0.47564,0.00822,-0.0096,0.47564,0.00822,53.72431,0.4758074,0.00885646,81621.417,80000.008,-1621.417,-0.008,False,False,0.01675
349.9,TGO,THRUST,79999.989,28.6258994,0.0885195,-1050.57,0.00341,-79.2501,2278.90938,2278.93166,0.02228,0.00024,20.49946,20.49946,False,0.00909,-0.0118,-0.00959,0.47564,0.00822,-0.00959,0.47564,0.00822,53.72545,0.4758055,0.00885624,81620.049,80000.008,-1620.049,-0.008,False,False,0.01578
350.04,TGO,THRUST,79999.989,28.6270737,0.0884453,-1049.689,0.00333,-79.21693,2278.90939,2278.93166,0.02227,0.00024,20.49087,20.49087,False,0.00908,-0.01179,-0.00957,0.47564,0.00821,-0.00957,0.47564,0.00821,53.7266,0.4758048,0.00885604,81618.682,80000.009,-1618.682,-0.009,False,False,0.01472
350.2,TGO,THRUST,79999.99,28.6284151,0.0883605,-1048.684,0.00325,-79.17904,2278.9094,2278.93166,0.02226,0.00024,20.48105,20.48105,False,0.00907,-0.01178,-0.00956,0.47564,0.00821,-0.00956,0.47564,0.00821,53.7279,0.4758055,0.00885584,81617.118,80000.009,-1617.118,-0.009,False,False,0.01344
350.34,TGO,THRUST,79999.99,28.6295883,0.0882864,-1047.804,0.00319,-79.14589,2278.9094,2278.93165,0.02225,0.00024,20.47246,20.47246,False,0.00906,-0.01177,-0.00954,0.47564,0.00821,-0.00954,0.47564,0.00821,53.72904,0.4758074,0.00885568,81615.75,80000.01,-1615.75,-0.01,False,False,-0.01233
350.48,TGO,THRUST,79999.991,28.630761,0.0882124,-1046.926,0.00313,-79.11276,2278.90941,2278.93165,0.02224,0.00024,20.46388,20.46388,False,0.00906,-0.01176,-0.00953,0.47564,0.0082,-0.00953,0.47564,0.0082,53.73018,0.4758106,0.00885556,81614.38,80000.01,-1614.38,-0.01,False,False,-0.0112
350.62,TGO,THRUST,79999.991,28.6319332,0.0881384,-1046.047,0.00307,-79.07965,2278.90941,2278.93165,0.02224,0.00024,20.45529,20.45529,False,0.00905,-0.01175,-0.00952,0.47565,0.0082,-0.00952,0.47565,0.0082,53.73132,0.475815,0.00885545,81613.01,80000.011,-1613.01,-0.011,False,False,-0.01006
350.78,TGO,THRUST,79999.992,28.6332722,0.0880539,-1045.044,0.00301,-79.04182,2278.90941,2278.93165,0.02224,0.00024,20.44548,20.44548,False,0.00904,-0.01174,-0.00951,0.47566,0.0082,-0.00951,0.47566,0.0082,53.73262,0.4758215,0.00885536,81611.442,80000.011,-1611.442,-0.011,False,False,-0.00876
350.92,TGO,THRUST,79999.992,28.6344433,0.08798,-1044.167,0.00295,-79.00873,2278.90941,2278.93165,0.02224,0.00024,20.4369,20.4369,False,0.00903,-0.01173,-0.00949,0.47566,0.0082,-0.00949,0.47566,0.0082,53.73376,0.4758285,0.0088553,81610.069,80000.012,-1610.069,-0.012,False,False,-0.00774
351.06,TGO,THRUST,79999.993,28.6356139,0.0879061,-1043.291,0.0029,-78.97565,2278.90941,2278.93165,0.02224,0.00024,20.42832,20.42832,False,0.00902,-0.01172,-0.00948,0.47567,0.0082,-0.00948,0.47567,0.0082,53.7349,0.4758367,0.00885526,81608.695,80000.012,-1608.695,-0.012,False,False,-0.00696
351.2,TGO,THRUST,79999.993,28.636784,0.0878323,-1042.415,0.00285,-78.94259,2278.9094,2278.93165,0.02225,0.00024,20.41974,20.41974,False,0.00902,-0.01171,-0.00947,0.47568,0.0082,-0.00947,0.47568,0.0082,53.73604,0.4758461,0.00885525,81607.318,80000.012,-1607.318,-0.012,False,False,-0.00664
351.36,TGO,THRUST,79999.994,28.6381207,0.087748,-1041.414,0.00279,-78.90481,2278.90939,2278.93165,0.02226,0.00024,20.40994,20.40994,False,0.00901,-0.0117,-0.00946,0.47569,0.00821,-0.00946,0.47569,0.00821,53.73735,0.4758583,0.00885526,81605.74,80000.013,-1605.74,-0.013,False,False,-0.00696
351.5,TGO,THRUST,79999.994,28.6392898,0.0876743,-1040.539,0.00274,-78.87177,2278.90938,2278.93165,0.02227,0.00024,20.40136,20.40136,False,0.009,-0.01169,-0.00945,0.47571,0.00821,-0.00945,0.47571,0.00821,53.73849,0.4758703,0.0088553,81604.355,80000.013,-1604.355,-0.013,False,False,-0.0077
351.64,TGO,THRUST,79999.994,28.6404583,0.0876006,-1039.665,0.00269,-78.83875,2278.90936,2278.93165,0.02229,0.00024,20.39279,20.39279,False,0.00899,-0.01168,-0.00944,0.47572,0.00821,-0.00944,0.47572,0.00821,53.73963,0.4758834,0.00885535,81602.97,80000.014,-1602.97,-0.014,False,False,-0.00856
351.78,TGO,THRUST,79999.995,28.6416264,0.087527,-1038.791,0.00265,-78.80573,2278.90934,2278.93165,0.02231,0.00024,20.38422,20.38422,False,0.00898,-0.01167,-0.00942,0.47573,0.00822,-0.00942,0.47573,0.00822,53.74077,0.4758976,0.00885543,81601.584,80000.014,-1601.584,-0.014,False,False,-0.00946
351.94,TGO,THRUST,79999.995,28.6429608,0.0874429,-1037.793,0.00259,-78.76801,2278.90932,2278.93165,0.02232,0.00024,20.37443,20.37443,False,0.00897,-0.01166,-0.00941,0.47575,0.00823,-0.00941,0.47575,0.00823,53.74208,0.4759154,0.00885554,81600.001,80000.014,-1600.001,-0.014,False,False,-0.0104
352.08,TGO,THRUST,79999.996,28.6441279,0.0873693,-1036.92,0.00255,-78.73502,2278.9093,2278.93165,0.02234,0.00024,20.36586,20.36586,False,0.00897,-0.01165,-0.0094,0.47577,0.00823,-0.0094,0.47577,0.00823,53.74322,0.4759321,0.00885567,81598.616,80000.015,-1598.616,-0.015,False,False,-0.01107
352.22,TGO,THRUST,79999.996,28.6452945,0.0872959,-1036.048,0.0025,-78.70204,2278.90928,2278.93165,0.02236,0.00024,20.35729,20.35729,False,0.00896,-0.01164,-0.00939,0.47579,0.00824,-0.00939,0.47579,0.00824,53.74436,0.47595,0.00885581,81597.232,80000.015,-1597.232,-0.015,False,False,-0.01166
352.36,TGO,THRUST,79999.996,28.6464607,0.0872224,-1035.176,0.00245,-78.66907,2278.90927,2278.93164,0.02238,0.00024,20.34872,20.34872,False,0.00895,-0.01163,-0.00938,0.47581,0.00824,-0.00938,0.47581,0.00824,53.7455,0.475969,0.00885598,81595.848,80000.016,-1595.848,-0.016,False,False,-0.01206
352.52,TGO,THRUST,79999.997,28.6477928,0.0871385,-1034.181,0.0024,-78.63141,2278.90924,2278.93164,0.0224,0.00024,20.33894,20.33894,False,0.00894,-0.01162,-0.00936,0.47583,0.00825,-0.00936,0.47583,0.00825,53.7468,0.475992,0.00885619,81594.269,80000.016,-1594.269,-0.016,False,False,-0.01235
352.66,TGO,THRUST,79999.997,28.648958,0.0870652,-1033.31,0.00236,-78.59846,2278.90923,2278.93164,0.02242,0.00024,20.33037,20.33037,False,0.00893,-0.01161,-0.00935,0.47585,0.00825,-0.00935,0.47585,0.00825,53.74794,0.4760135,0.0088564,81592.888,80000.016,-1592.888,-0.016,False,False,-0.01242
352.8,TGO,THRUST,79999.997,28.6501226,0.0869918,-1032.44,0.00231,-78.56553,2278.90921,2278.93164,0.02243,0.00024,20.32181,20.32181,False,0.00893,-0.0116,-0.00934,0.47587,0.00826,-0.00934,0.47587,0.00826,53.74908,0.476036,0.00885663,81591.509,80000.017,-1591.509,-0.017,False,False,-0.01236
352.94,TGO,THRUST,79999.998,28.6512869,0.0869186,-1031.57,0.00227,-78.5326,2278.90919,2278.93164,0.02245,0.00024,20.31325,20.31325,False,0.00892,-0.01159,-0.00933,0.4759,0.00826,-0.00933,0.4759,0.00826,53.75023,0.4760596,0.00885688,81590.131,80000.017,-1590.131,-0.017,False,False,-0.01217
353.1,TGO,THRUST,79999.998,28.6526168,0.0868349,-1030.577,0.00222,-78.49499,2278.90917,2278.93164,0.02247,0.00024,20.30347,20.30347,False,0.00891,-0.01157,-0.00932,0.47592,0.00827,-0.00932,0.47592,0.00827,53.75153,0.4760879,0.0088572,81588.559,80000.017,-1588.559,-0.017,False,False,-0.01174
353.24,TGO,THRUST,79999.998,28.6537801,0.0867617,-1029.708,0.00217,-78.46208,2278.90916,2278.93164,0.02249,0.00024,20.29491,20.29491,False,0.0089,-0.01156,-0.0093,0.47595,0.00828,-0.0093,0.47595,0.00828,53.75267,0.4761139,0.00885749,81587.185,80000.018,-1587.185,-0.018,False,False,-0.01124
353.38,TGO,THRUST,79999.999,28.6549429,0.0866885,-1028.84,0.00213,-78.42919,2278.90914,2278.93164,0.0225,0.00024,20.28635,20.28635,False,0.00889,-0.01156,-0.00929,0.47598,0.00828,-0.00929,0.47598,0.00828,53.75381,0.4761409,0.00885781,81585.814,80000.018,-1585.814,-0.018,False,False,-0.0106
353.52,TGO,THRUST,79999.999,28.6561052,0.0866154,-1027.973,0.00208,-78.39631,2278.90913,2278.93164,0.02251,0.00024,20.2778,20.2778,False,0.00889,-0.01155,-0.00928,0.47601,0.00828,-0.00928,0.47601,0.00828,53.75496,0.4761691,0.00885814,81584.444,80000.018,-1584.444,-0.018,False,False,-0.00984
353.68,TGO,THRUST,79999.999,28.657433,0.0865319,-1026.982,0.00202,-78.35874,2278.90911,2278.93164,0.02253,0.00024,20.26802,20.26802,False,0.00888,-0.01153,-0.00926,0.47604,0.00829,-0.00926,0.47604,0.00829,53.75626,0.4762025,0.00885855,81582.882,80000.018,-1582.882,-0.018,False,False,0.00895
353.82,TGO,THRUST,80000,28.6585944,0.0864589,-1026.115,0.00198,-78.32587,2278.9091,2278.93164,0.02254,0.00024,20.25947,20.25947,False,0.00887,-0.01152,-0.00925,0.47607,0.00829,-0.00925,0.47607,0.00829,53.7574,0.476233,0.00885893,81581.518,80000.019,-1581.518,-0.019,False,False,0.00818
353.96,TGO,THRUST,80000,28.6597553,0.0863859,-1025.249,0.00193,-78.29302,2278.90909,2278.93164,0.02255,0.00024,20.25092,20.25092,False,0.00886,-0.01151,-0.00924,0.4761,0.00829,-0.00924,0.4761,0.00829,53.75855,0.4762644,0.00885932,81580.157,80000.019,-1580.157,-0.019,False,False,0.00759
354.1,TGO,THRUST,80000,28.6609158,0.086313,-1024.383,0.00188,-78.26017,2278.90908,2278.93164,0.02255,0.00024,20.24236,20.24236,False,0.00886,-0.01151,-0.00922,0.47614,0.0083,-0.00922,0.47614,0.0083,53.75969,0.4762969,0.00885974,81578.798,80000.019,-1578.798,-0.019,False,False,0.0074
354.26,TGO,THRUST,80000,28.6622416,0.0862297,-1023.395,0.00182,-78.22264,2278.90908,2278.93164,0.02256,0.00024,20.23259,20.23259,False,0.00885,-0.01149,-0.00921,0.47617,0.0083,-0.00921,0.47617,0.0083,53.76099,0.4763353,0.00886024,81577.249,80000.02,-1577.249,-0.02,False,False,0.00768
354.4,TGO,THRUST,80000.001,28.6634012,0.0861568,-1022.53,0.00176,-78.18982,2278.90907,2278.93164,0.02257,0.00025,20.22404,20.22404,False,0.00884,-0.01148,-0.00919,0.47621,0.0083,-0.00919,0.47621,0.0083,53.76213,0.4763701,0.0088607,81575.897,80000.02,-1575.897,-0.02,False,False,0.00828
354.54,TGO,THRUST,80000.001,28.6645603,0.086084,-1021.666,0.00171,-78.157,2278.90907,2278.93164,0.02257,0.00024,20.2155,20.2155,False,0.00883,-0.01147,-0.00918,0.47625,0.0083,-0.00918,0.47625,0.0083,53.76328,0.4764059,0.00886118,81574.549,80000.02,-1574.549,-0.02,False,False,0.00914
354.68,TGO,THRUST,80000.001,28.665719,0.0860112,-1020.802,0.00165,-78.12419,2278.90907,2278.93164,0.02257,0.00024,20.20695,20.20695,False,0.00882,-0.01146,-0.00916,0.47628,0.0083,-0.00916,0.47628,0.0083,53.76442,0.4764427,0.00886167,81573.204,80000.02,-1573.204,-0.02,False,False,0.01032
354.84,TGO,THRUST,80000.001,28.6670427,0.0859281,-1019.815,0.00159,-78.0867,2278.90907,2278.93164,0.02256,0.00024,20.19718,20.19718,False,0.00882,-0.01145,-0.00915,0.47633,0.00829,-0.00915,0.47633,0.00829,53.76573,0.476486,0.00886226,81571.672,80000.021,-1571.672,-0.021,False,False,0.0119
354.98,TGO,THRUST,80000.001,28.6682005,0.0858554,-1018.952,0.00153,-78.05391,2278.90908,2278.93164,0.02255,0.00024,20.18863,20.18863,False,0.00881,-0.01144,-0.00913,0.47637,0.00829,-0.00913,0.47637,0.00829,53.76687,0.476525,0.0088628,81570.339,80000.021,-1570.339,-0.021,False,False,0.01335
355.12,TGO,THRUST,80000.002,28.6693578,0.0857827,-1018.09,0.00147,-78.02113,2278.90909,2278.93164,0.02254,0.00024,20.18009,20.18009,False,0.0088,-0.01143,-0.00912,0.47641,0.00829,-0.00912,0.47641,0.00829,53.76801,0.4765649,0.00886335,81569.01,80000.021,-1569.01,-0.021,False,False,0.01477
355.26,TGO,THRUST,80000.002,28.6705148,0.0857101,-1017.228,0.00142,-77.98835,2278.90911,2278.93164,0.02253,0.00024,20.17155,20.17155,False,0.00879,-0.01142,-0.0091,0.47645,0.00828,-0.0091,0.47645,0.00828,53.76916,0.4766059,0.00886393,81567.685,80000.021,-1567.685,-0.021,False,False,0.01607
355.42,TGO,THRUST,80000.002,28.6718365,0.0856272,-1016.244,0.00136,-77.9509,2278.90912,2278.93163,0.02251,0.00025,20.16178,20.16178,False,0.00878,-0.01141,-0.00908,0.4765,0.00827,-0.00908,0.4765,0.00827,53.77046,0.4766539,0.00886461,81566.173,80000.021,-1566.173,-0.021,False,False,0.01743
355.56,TGO,THRUST,80000.002,28.6729925,0.0855546,-1015.383,0.00131,-77.91814,2278.90914,2278.93163,0.02249,0.00024,20.15324,20.15324,False,0.00878,-0.0114,-0.00907,0.47654,0.00827,-0.00907,0.47654,0.00827,53.77161,0.4766971,0.00886522,81564.851,80000.022,-1564.851,-0.022,False,False,0.01841
355.7,TGO,THRUST,80000.003,28.6741482,0.0854821,-1014.522,0.00125,-77.88539,2278.90916,2278.93163,0.02248,0.00024,20.1447,20.1447,False,0.00877,-0.01139,-0.00906,0.47658,0.00826,-0.00906,0.47658,0.00826,53.77275,0.4767412,0.00886585,81563.532,80000.022,-1563.532,-0.022,False,False,0.0192
355.84,TGO,THRUST,80000.003,28.6753034,0.0854096,-1013.662,0.0012,-77.85264,2278.90917,2278.93163,0.02246,0.00024,20.13616,20.13616,False,0.00876,-0.01138,-0.00904,0.47663,0.00825,-0.00904,0.47663,0.00825,53.7739,0.4767863,0.0088665,81562.213,80000.022,-1562.213,-0.022,False,False,0.01979
356,TGO,THRUST,80000.003,28.6766231,0.0853268,-1012.679,0.00114,-77.81523,2278.90919,2278.93163,0.02244,0.00024,20.12639,20.12639,False,0.00875,-0.01137,-0.00902,0.47668,0.00825,-0.00902,0.47668,0.00825,53.7752,0.476839,0.00886727,81560.707,80000.022,-1560.707,-0.022,False,False,0.02029
356.14,TGO,THRUST,80000.003,28.6777775,0.0852545,-1011.82,0.00109,-77.7825,2278.90921,2278.93163,0.02243,0.00024,20.11785,20.11785,False,0.00875,-0.01136,-0.00901,0.47673,0.00824,-0.00901,0.47673,0.00824,53.77634,0.4768862,0.00886796,81559.389,80000.022,-1559.389,-0.022,False,False,0.02053
356.28,TGO,THRUST,80000.003,28.6789314,0.0851821,-1010.961,0.00105,-77.74977,2278.90922,2278.93163,0.02241,0.00024,20.10932,20.10932,False,0.00874,-0.01135,-0.00899,0.47678,0.00824,-0.00899,0.47678,0.00824,53.77749,0.4769343,0.00886866,81558.071,80000.022,-1558.071,-0.022,False,False,0.02063
356.42,TGO,THRUST,80000.003,28.680085,0.0851098,-1010.103,0.001,-77.71705,2278.90924,2278.93163,0.0224,0.00024,20.10078,20.10078,False,0.00873,-0.01134,-0.00898,0.47683,0.00823,-0.00898,0.47683,0.00823,53.77863,0.4769834,0.00886939,81556.754,80000.023,-1556.754,-0.023,False,False,0.02054
356.58,TGO,THRUST,80000.004,28.6814028,0.0850271,-1009.123,0.00095,-77.67967,2278.90925,2278.93163,0.02238,0.00024,20.09102,20.09102,False,0.00872,-0.01133,-0.00896,0.47689,0.00822,-0.00896,0.47689,0.00822,53.77994,0.4770406,0.00887023,81555.249,80000.023,-1555.249,-0.023,False,False,0.02022
356.72,TGO,THRUST,80000.004,28.6825555,0.0849549,-1008.265,0.0009,-77.64697,2278.90926,2278.93163,0.02237,0.00024,20.08248,20.08248,False,0.00872,-0.01132,-0.00895,0.47694,0.00822,-0.00895,0.47694,0.00822,53.78109,0.4770919,0.008871,81553.932,80000.023,-1553.932,-0.023,False,False,0.01974
356.86,TGO,THRUST,80000.004,28.6837077,0.0848827,-1007.408,0.00086,-77.61427,2278.90928,2278.93163,0.02235,0.00024,20.07394,20.07394,False,0.00871,-0.01131,-0.00894,0.47699,0.00821,-0.00894,0.47699,0.00821,53.78223,0.4771439,0.00887178,81552.614,80000.023,-1552.614,-0.023,False,False,0.01906
357,TGO,THRUST,80000.004,28.6848596,0.0848105,-1006.551,0.00082,-77.58158,2278.90929,2278.93163,0.02234,0.00024,20.06541,20.06541,False,0.0087,-0.0113,-0.00892,0.47704,0.00821,-0.00892,0.47704,0.00821,53.78338,0.4771969,0.00887257,81551.297,80000.023,-1551.297,-0.023,False,False,0.01819
357.16,TGO,THRUST,80000.004,28.6861756,0.084728,-1005.573,0.00077,-77.54422,2278.9093,2278.93163,0.02233,0.00024,20.05565,20.05565,False,0.00869,-0.01129,-0.00891,0.4771,0.0082,-0.00891,0.4771,0.0082,53.78468,0.4772586,0.00887351,81549.79,80000.023,-1549.79,-0.023,False,False,0.01693
357.3,TGO,THRUST,80000.004,28.6873266,0.0846559,-1004.717,0.00074,-77.51154,2278.90931,2278.93163,0.02232,0.00024,20.04711,20.04711,False,0.00869,-0.01128,-0.0089,0.47716,0.0082,-0.0089,0.47716,0.0082,53.78583,0.4773137,0.00887434,81548.47,80000.023,-1548.47,-0.023,False,False,0.01562
357.44,TGO,THRUST,80000.005,28.6884773,0.0845839,-1003.861,0.0007,-77.47887,2278.90932,2278.93163,0.02232,0.00024,20.03858,20.03858,False,0.00868,-0.01127,-0.00888,0.47722,0.0082,-0.00888,0.47722,0.0082,53.78698,0.4773696,0.00887519,81547.15,80000.023,-1547.15,-0.023,False,False,0.01407
357.58,TGO,THRUST,80000.005,28.6896275,0.0845118,-1003.006,0.00067,-77.4462,2278.90932,2278.93163,0.02231,0.00024,20.03004,20.03004,False,0.00867,-0.01127,-0.00887,0.47727,0.00819,-0.00887,0.47727,0.00819,53.78812,0.4774265,0.00887606,81545.828,80000.023,-1545.828,-0.023,False,False,0.01231
357.74,TGO,THRUST,80000.005,28.6909416,0.0844295,-1002.03,0.00063,-77.40887,2278.90932,2278.93163,0.02231,0.00024,20.02029,20.02029,False,0.00866,-0.01125,-0.00886,0.47734,0.00819,-0.00886,0.47734,0.00819,53.78943,0.4774925,0.00887707,81544.316,80000.023,-1544.316,-0.023,False,False,0.00999
357.88,TGO,THRUST,80000.005,28.6920911,0.0843575,-1001.175,0.0006,-77.37621,2278.90933,2278.93163,0.0223,0.00024,20.01175,20.01175,False,0.00866,-0.01124,-0.00885,0.4774,0.00819,-0.00885,0.4774,0.00819,53.79058,0.4775514,0.00887798,81542.991,80000.024,-1542.991,-0.024,False,False,0.00775
358.02,TGO,THRUST,80000.005,28.6932401,0.0842856,-1000.322,0.00057,-77.34356,2278.90932,2278.93163,0.02231,0.00024,20.00322,20.00322,False,0.00865,-0.01124,-0.00884,0.47746,0.00819,-0.00884,0.47746,0.00819,53.79172,0.4776111,0.0088789,81541.664,80000.024,-1541.664,-0.024,False,False,0.0053
358.16,TGO,THRUST,80000.005,28.6943888,0.0842137,-999.468,0.00055,-77.31091,2278.90932,2278.93163,0.02231,0.00024,19.99468,19.99468,False,0.00864,-0.01123,-0.00883,0.47752,0.00819,-0.00883,0.47752,0.00819,53.79287,0.4776716,0.00887983,81540.335,80000.024,-1540.335,-0.024,False,False,-0.00296
358.32,TGO,THRUST,80000.005,28.6957011,0.0841316,-998.493,0.00052,-77.2736,2278.90931,2278.93163,0.02232,0.00024,19.98493,19.98493,False,0.00863,-0.01121,-0.00881,0.47759,0.00819,-0.00881,0.47759,0.00819,53.79418,0.4777419,0.00888092,81538.811,80000.024,-1538.811,-0.024,False,False,-0.00222
358.46,TGO,THRUST,80000.005,28.696849,0.0840597,-997.641,0.00051,-77.24096,2278.9093,2278.93163,0.02233,0.00024,19.97639,19.97639,False,0.00862,-0.0112,-0.00881,0.47765,0.0082,-0.00881,0.47765,0.0082,53.79532,0.4778045,0.0088819,81537.472,80000.024,-1537.472,-0.024,False,False,-0.00374
358.6,TGO,THRUST,80000.005,28.6979965,0.0839879,-996.789,0.00049,-77.20833,2278.90929,2278.93163,0.02234,0.00024,19.96786,19.96786,False,0.00862,-0.0112,-0.0088,0.47772,0.0082,-0.0088,0.47772,0.0082,53.79647,0.4778679,0.00888289,81536.133,80000.024,-1536.133,-0.024,False,False,-0.00561
358.74,TGO,THRUST,80000.006,28.6991436,0.0839161,-995.937,0.00048,-77.1757,2278.90927,2278.93163,0.02236,0.00024,19.95933,19.95933,False,0.00861,-0.01119,-0.00879,0.47778,0.00821,-0.00879,0.47778,0.00821,53.79762,0.4779321,0.00888389,81534.793,80000.024,-1534.793,-0.024,False,False,-0.00734
358.9,TGO,THRUST,80000.006,28.7004541,0.0838341,-994.964,0.00047,-77.13841,2278.90925,2278.93163,0.02238,0.00024,19.94957,19.94957,False,0.0086,-0.01117,-0.00878,0.47786,0.00821,-0.00878,0.47786,0.00821,53.79893,0.4780066,0.00888506,81533.261,80000.024,-1533.261,-0.024,False,False,-0.00912
359.04,TGO,THRUST,80000.006,28.7016004,0.0837624,-994.112,0.00045,-77.10579,2278.90924,2278.93163,0.02239,0.00024,19.94104,19.94104,False,0.00859,-0.01117,-0.00877,0.47792,0.00822,-0.00877,0.47792,0.00822,53.80008,0.4780727,0.0088861,81531.921,80000.024,-1531.921,-0.024,False,False,-0.01044
359.18,TGO,THRUST,80000.006,28.7027464,0.0836907,-993.262,0.00045,-77.07318,2278.90922,2278.93163,0.02241,0.00024,19.9325,19.9325,False,0.00859,-0.01116,-0.00876,0.47799,0.00822,-0.00876,0.47799,0.00822,53.80122,0.4781396,0.00888715,81530.581,80000.024,-1530.581,-0.024,False,False,-0.01156
359.32,TGO,THRUST,80000.006,28.703892,0.0836191,-992.411,0.00044,-77.04056,2278.9092,2278.93163,0.02243,0.00024,19.92397,19.92397,False,0.00858,-0.01115,-0.00875,0.47806,0.00823,-0.00875,0.47806,0.00823,53.80237,0.4782074,0.00888822,81529.24,80000.024,-1529.24,-0.024,False,False,-0.0125
359.48,TGO,THRUST,80000.006,28.7052008,0.0835373,-991.44,0.00043,-77.0033,2278.90918,2278.93163,0.02245,0.00024,19.91422,19.91422,False,0.00857,-0.01114,-0.00875,0.47813,0.00823,-0.00875,0.47813,0.00823,53.80368,0.4782858,0.00888946,81527.71,80000.024,-1527.71,-0.024,False,False,-0.01339
359.62,TGO,THRUST,80000.006,28.7063456,0.0834657,-990.591,0.00042,-76.97069,2278.90916,2278.93163,0.02246,0.00024,19.90568,19.90568,False,0.00856,-0.01113,-0.00874,0.4782,0.00824,-0.00874,0.4782,0.00824,53.80483,0.4783555,0.00889057,81526.372,80000.024,-1526.372,-0.024,False,False,-0.0139
359.76,TGO,THRUST,80000.006,28.7074901,0.0833941,-989.741,0.00041,-76.93809,2278.90915,2278.93163,0.02248,0.00024,19.89715,19.89715,False,0.00855,-0.01112,-0.00873,0.47828,0.00824,-0.00873,0.47828,0.00824,53.80598,0.4784259,0.00889169,81525.036,80000.024,-1525.036,-0.024,False,False,-0.01428
359.9,TGO,THRUST,80000.006,28.7086342,0.0833226,-988.892,0.00041,-76.90549,2278.90913,2278.93163,0.0225,0.00024,19.88861,19.88861,False,0.00855,-0.01111,-0.00872,0.47835,0.00825,-0.00872,0.47835,0.00825,53.80713,0.4784971,0.00889282,81523.7,80000.024,-1523.7,-0.024,False,False,-0.01448
360.06,TGO,THRUST,80000.006,28.7099413,0.0832409,-987.923,0.0004,-76.86824,2278.90911,2278.93163,0.02251,0.00024,19.87886,19.87886,False,0.00854,-0.0111,-0.00871,0.47843,0.00826,-0.00871,0.47843,0.00826,53.80844,0.4785794,0.00889413,81522.175,80000.024,-1522.175,-0.024,False,False,-0.01448
360.2,TGO,THRUST,80000.006,28.7110846,0.0831694,-987.075,0.00039,-76.83565,2278.9091,2278.93163,0.02253,0.00024,19.87033,19.87033,False,0.00853,-0.01109,-0.00871,0.4785,0.00826,-0.00871,0.4785,0.00826,53.80959,0.4786525,0.0088953,81520.842,80000.024,-1520.842,-0.024,False,False,-0.01429
360.34,TGO,THRUST,80000.006,28.7122276,0.083098,-986.227,0.00038,-76.80306,2278.90908,2278.93163,0.02254,0.00024,19.86179,19.86179,False,0.00852,-0.01108,-0.0087,0.47858,0.00826,-0.0087,0.47858,0.00826,53.81074,0.4787262,0.00889648,81519.511,80000.025,-1519.511,-0.025,False,False,-0.01393
360.48,TGO,THRUST,80000.006,28.7133702,0.0830266,-985.379,0.00038,-76.77047,2278.90907,2278.93163,0.02256,0.00024,19.85326,19.85326,False,0.00852,-0.01107,-0.00869,0.47865,0.00827,-0.00869,0.47865,0.00827,53.81189,0.4788008,0.00889768,81518.182,80000.025,-1518.182,-0.025,False,False,-0.01336
360.64,TGO,THRUST,80000.007,28.7146757,0.082945,-984.411,0.00037,-76.73324,2278.90906,2278.93163,0.02257,0.00024,19.8435,19.8435,False,0.00851,-0.01106,-0.00868,0.47874,0.00827,-0.00868,0.47874,0.00827,53.8132,0.4788869,0.00889906,81516.665,80000.025,-1516.665,-0.025,False,False,-0.01249
360.78,TGO,THRUST,80000.007,28.7158175,0.0828737,-983.565,0.00036,-76.70066,2278.90904,2278.93163,0.02258,0.00024,19.83497,19.83497,False,0.0085,-0.01105,-0.00867,0.47881,0.00828,-0.00867,0.47881,0.00828,53.81435,0.4789633,0.00890029,81515.34,80000.025,-1515.34,-0.025,False,False,-0.01147
360.92,TGO,THRUST,80000.007,28.7169591,0.0828024,-982.718,0.00035,-76.66808,2278.90904,2278.93163,0.02259,0.00024,19.82643,19.82643,False,0.00849,-0.01104,-0.00866,0.47889,0.00828,-0.00866,0.47889,0.00828,53.8155,0.4790403,0.00890153,81514.017,80000.025,-1514.017,-0.025,False,False,-0.01028
361.06,TGO,THRUST,80000.007,28.7181003,0.0827311,-981.872,0.00034,-76.6355,2278.90903,2278.93163,0.0226,0.00024,19.81789,19.81789,False,0.00849,-0.01103,-0.00865,0.47897,0.00828,-0.00865,0.47897,0.00828,53.81665,0.4791181,0.00890279,81512.697,80000.025,-1512.697,-0.025,False,False,-0.00884
361.22,TGO,THRUST,80000.007,28.7194041,0.0826497,-980.906,0.00033,-76.59828,2278.90902,2278.93163,0.02261,0.00024,19.80814,19.80814,False,0.00848,-0.01102,-0.00864,0.47906,0.00828,-0.00864,0.47906,0.00828,53.81796,0.479208,0.00890424,81511.191,80000.025,-1511.191,-0.025,False,False,-0.00693
361.36,TGO,THRUST,80000.007,28.7205445,0.0825784,-980.061,0.00032,-76.56571,2278.90901,2278.93163,0.02261,0.00024,19.7996,19.7996,False,0.00847,-0.01101,-0.00864,0.47914,0.00829,-0.00864,0.47914,0.00829,53.81912,0.4792876,0.00890553,81509.876,80000.025,-1509.876,-0.025,False,False,-0.00502
361.5,TGO,THRUST,80000.007,28.7216846,0.0825072,-979.216,0.0003,-76.53314,2278.90901,2278.93163,0.02261,0.00024,19.79106,19.79106,False,0.00846,-0.011,-0.00863,0.47922,0.00829,-0.00863,0.47922,0.00829,53.82027,0.4793678,0.00890683,81508.564,80000.025,-1508.564,-0.025,False,False,-0.00288
361.64,TGO,THRUST,80000.007,28.7228244,0.0824361,-978.371,0.00029,-76.50057,2278.90901,2278.93163,0.02262,0.00024,19.78253,19.78253,False,0.00845,-0.01099,-0.00862,0.4793,0.00829,-0.00862,0.4793,0.00829,53.82142,0.4794487,0.00890814,81507.255,80000.025,-1507.255,-0.025,False,False,-0.00069
361.8,TGO,THRUST,80000.007,28.7241266,0.0823548,-977.406,0.00027,-76.46335,2278.90901,2278.93163,0.02261,0.00024,19.77277,19.77277,False,0.00845,-0.01098,-0.00861,0.47939,0.00828,-0.00861,0.47939,0.00828,53.82273,0.4795422,0.00890966,81505.764,80000.025,-1505.764,-0.025,False,False,0.0027
361.94,TGO,THRUST,80000.007,28.7252656,0.0822837,-976.562,0.00025,-76.43079,2278.90902,2278.93163,0.02261,0.00024,19.76423,19.76423,False,0.00844,-0.01097,-0.00859,0.47948,0.00828,-0.00859,0.47948,0.00828,53.82389,0.4796249,0.00891101,81504.463,80000.025,-1504.463,-0.025,False,False,0.00543
362.08,TGO,THRUST,80000.007,28.7264044,0.0822126,-975.718,0.00023,-76.39823,2278.90903,2278.93163,0.0226,0.00024,19.75569,19.75569,False,0.00843,-0.01096,-0.00858,0.47956,0.00828,-0.00858,0.47956,0.00828,53.82504,0.4797082,0.00891236,81503.168,80000.025,-1503.168,-0.025,False,False,0.00804
362.22,TGO,THRUST,80000.007,28.7275428,0.0821415,-974.875,0.00021,-76.36567,2278.90904,2278.93163,0.02259,0.00024,19.74715,19.74715,False,0.00842,-0.01095,-0.00857,0.47964,0.00827,-0.00857,0.47964,0.00827,53.82619,0.4797923,0.00891373,81501.877,80000.025,-1501.877,-0.025,False,False,0.01039
362.38,TGO,THRUST,80000.007,28.7288434,0.0820603,-973.912,0.00018,-76.32846,2278.90906,2278.93163,0.02257,0.00024,19.73739,19.73739,False,0.00842,-0.01094,-0.00856,0.47974,0.00827,-0.00856,0.47974,0.00827,53.8275,0.4798892,0.00891532,81500.406,80000.025,-1500.406,-0.025,False,False,0.01279
362.52,TGO,THRUST,80000.007,28.729981,0.0819893,-973.069,0.00016,-76.2959,2278.90907,2278.93163,0.02256,0.00024,19.72885,19.72885,False,0.00841,-0.01093,-0.00855,0.47983,0.00826,-0.00855,0.47983,0.00826,53.82866,0.479975,0.00891672,81499.121,80000.025,-1499.121,-0.025,False,False,0.01468
362.66,TGO,THRUST,80000.007,28.7311184,0.0819184,-972.227,0.00013,-76.26335,2278.90909,2278.93163,0.02254,0.00024,19.72031,19.72031,False,0.0084,-0.01092,-0.00853,0.47991,0.00825,-0.00853,0.47991,0.00825,53.82981,0.4800614,0.00891813,81497.837,80000.025,-1497.837,-0.025,False,False,0.01619
362.8,TGO,THRUST,80000.007,28.7322554,0.0818474,-971.385,0.0001,-76.23079,2278.90911,2278.93163,0.02252,0.00024,19.71177,19.71177,False,0.00839,-0.01091,-0.00852,0.48,0.00825,-0.00852,0.48,0.00825,53.83096,0.4801485,0.00891956,81496.555,80000.025,-1496.555,-0.025,False,False,0.0175
362.96,TGO,THRUST,80000.007,28.7335545,0.0817664,-970.423,7E-05,-76.19359,2278.90913,2278.93163,0.0225,0.00024,19.70201,19.70201,False,0.00839,-0.0109,-0.00851,0.4801,0.00824,-0.00851,0.4801,0.00824,53.83228,0.4802489,0.00892121,81495.091,80000.025,-1495.091,-0.025,False,False,0.01869
363.1,TGO,THRUST,80000.007,28.7346908,0.0816955,-969.581,4E-05,-76.16104,2278.90914,2278.93163,0.02248,0.00024,19.69346,19.69346,False,0.00838,-0.01089,-0.0085,0.48019,0.00823,-0.0085,0.48019,0.00823,53.83343,0.4803377,0.00892267,81493.81,80000.025,-1493.81,-0.025,False,False,0.01952
363.24,TGO,THRUST,80000.007,28.7358268,0.0816246,-968.74,2E-05,-76.12848,2278.90916,2278.93163,0.02247,0.00024,19.68492,19.68492,False,0.00837,-0.01088,-0.00848,0.48028,0.00823,-0.00848,0.48028,0.00823,53.83459,0.4804271,0.00892413,81492.528,80000.025,-1492.528,-0.025,False,False,0.02021
363.38,TGO,THRUST,80000.007,28.7369625,0.0815538,-967.899,-1E-05,-76.09593,2278.90918,2278.93163,0.02245,0.00023,19.67638,19.67638,False,0.00837,-0.01087,-0.00847,0.48037,0.00822,-0.00847,0.48037,0.00822,53.83574,0.4805171,0.00892562,81491.248,80000.025,-1491.248,-0.025,False,False,0.02072
363.54,TGO,THRUST,80000.007,28.73826,0.0814728,-966.939,-4E-05,-76.05873,2278.90919,2278.93163,0.02243,0.00024,19.66661,19.66661,False,0.00836,-0.01086,-0.00846,0.48048,0.00821,-0.00846,0.48048,0.00821,53.83706,0.4806209,0.00892732,81489.784,80000.025,-1489.784,-0.025,False,False,0.02111
363.68,TGO,THRUST,80000.007,28.739395,0.081402,-966.099,-6E-05,-76.02618,2278.90921,2278.93163,0.02242,0.00024,19.65806,19.65806,False,0.00835,-0.01085,-0.00845,0.48057,0.00821,-0.00845,0.48057,0.00821,53.83821,0.4807126,0.00892884,81488.503,80000.025,-1488.503,-0.025,False,False,0.02127
363.82,TGO,THRUST,80000.007,28.7405296,0.0813313,-965.259,-9E-05,-75.99363,2278.90922,2278.93163,0.0224,0.00023,19.64952,19.64952,False,0.00834,-0.01084,-0.00843,0.48066,0.0082,-0.00843,0.48066,0.0082,53.83937,0.4808049,0.00893036,81487.222,80000.025,-1487.222,-0.025,False,False,0.02126
363.96,TGO,THRUST,80000.007,28.741664,0.0812605,-964.419,-0.00011,-75.96108,2278.90924,2278.93163,0.02239,0.00024,19.64097,19.64097,False,0.00834,-0.01083,-0.00842,0.48075,0.0082,-0.00842,0.48075,0.0082,53.84052,0.4808979,0.00893189,81485.941,80000.025,-1485.941,-0.025,False,False,0.02105
364.12,TGO,THRUST,80000.007,28.74296,0.0811797,-963.46,-0.00014,-75.92388,2278.90925,2278.93163,0.02237,0.00024,19.6312,19.6312,False,0.00833,-0.01082,-0.00841,0.48086,0.00819,-0.00841,0.48086,0.00819,53.84185,0.4810049,0.00893366,81484.476,80000.025,-1484.476,-0.025,False,False,0.0206
364.26,TGO,THRUST,80000.007,28.7440937,0.081109,-962.621,-0.00016,-75.89132,2278.90927,2278.93163,0.02236,0.00024,19.62265,19.62265,False,0.00832,-0.01081,-0.0084,0.48096,0.00819,-0.0084,0.48096,0.00819,53.843,0.4810995,0.00893523,81483.193,80000.025,-1483.193,-0.025,False,False,0.01999
364.4,TGO,THRUST,80000.007,28.745227,0.0810384,-961.783,-0.00018,-75.85877,2278.90928,2278.93163,0.02235,0.00024,19.6141,19.6141,False,0.00831,-0.0108,-0.00838,0.48105,0.00818,-0.00838,0.48105,0.00818,53.84416,0.4811947,0.0089368,81481.91,80000.025,-1481.91,-0.025,False,False,0.01921
364.54,TGO,THRUST,80000.007,28.7463601,0.0809677,-960.944,-0.0002,-75.82622,2278.90929,2278.93163,0.02234,0.00024,19.60555,19.60555,False,0.00831,-0.01079,-0.00837,0.48115,0.00818,-0.00837,0.48115,0.00818,53.84531,0.4812904,0.00893839,81480.625,80000.025,-1480.625,-0.025,False,False,0.01821
364.7,TGO,THRUST,80000.007,28.7476546,0.080887,-959.987,-0.00023,-75.78902,2278.90929,2278.93163,0.02233,0.00024,19.59578,19.59578,False,0.0083,-0.01078,-0.00836,0.48126,0.00817,-0.00836,0.48126,0.00817,53.84663,0.4814007,0.00894022,81479.155,80000.025,-1479.155,-0.025,False,False,0.0168
364.84,TGO,THRUST,80000.007,28.748787,0.0808164,-959.149,-0.00025,-75.75647,2278.9093,2278.93163,0.02233,0.00024,19.58723,19.58723,False,0.00829,-0.01077,-0.00835,0.48136,0.00817,-0.00835,0.48136,0.00817,53.84779,0.4814981,0.00894184,81477.867,80000.025,-1477.867,-0.025,False,False,0.01534
364.98,TGO,THRUST,80000.007,28.7499191,0.0807459,-958.311,-0.00026,-75.72391,2278.9093,2278.93163,0.02232,0.00024,19.57868,19.57868,False,0.00828,-0.01076,-0.00834,0.48145,0.00817,-0.00834,0.48145,0.00817,53.84894,0.481596,0.00894346,81476.578,80000.025,-1476.578,-0.025,False,False,0.01371
365.12,TGO,THRUST,80000.007,28.7510509,0.0806753,-957.474,-0.00028,-75.69136,2278.90931,2278.93163,0.02232,0.00024,19.57012,19.57012,False,0.00828,-0.01075,-0.00833,0.48155,0.00817,-0.00833,0.48155,0.00817,53.8501,0.4816945,0.0089451,81475.286,80000.025,-1475.286,-0.025,False,False,0.01185
365.28,TGO,THRUST,80000.007,28.752344,0.0805947,-956.518,-0.0003,-75.65415,2278.90931,2278.93163,0.02232,0.00024,19.56034,19.56034,False,0.00827,-0.01074,-0.00832,0.48167,0.00817,-0.00832,0.48167,0.00817,53.85142,0.4818079,0.00894699,81473.808,80000.024,-1473.808,-0.024,False,False,0.00955
365.42,TGO,THRUST,80000.007,28.7534751,0.0805243,-955.681,-0.00031,-75.6216,2278.9093,2278.93163,0.02232,0.00024,19.55179,19.55179,False,0.00826,-0.01073,-0.00831,0.48177,0.00817,-0.00831,0.48177,0.00817,53.85258,0.481908,0.00894865,81472.512,80000.024,-1472.512,-0.024,False,False,0.00751
365.56,TGO,THRUST,80000.007,28.7546059,0.0804538,-954.845,-0.00032,-75.58904,2278.9093,2278.93163,0.02233,0.00023,19.54323,19.54323,False,0.00825,-0.01072,-0.0083,0.48187,0.00817,-0.0083,0.48187,0.00817,53.85374,0.4820086,0.00895033,81471.211,80000.024,-1471.211,-0.024,False,False,0.00571
365.7,TGO,THRUST,80000.007,28.7557364,0.0803833,-954.009,-0.00033,-75.55648,2278.90928,2278.93163,0.02234,0.00023,19.53467,19.53467,False,0.00825,-0.01071,-0.00829,0.48197,0.00817,-0.00829,0.48197,0.00817,53.8549,0.4821099,0.00895201,81469.906,80000.024,-1469.906,-0.024,False,False,0.00434
365.86,TGO,THRUST,80000.007,28.7570281,0.0803029,-953.054,-0.00034,-75.51927,2278.90927,2278.93163,0.02236,0.00024,19.52489,19.52489,False,0.00824,-0.0107,-0.00828,0.48209,0.00818,-0.00828,0.48209,0.00818,53.85622,0.4822263,0.00895396,81468.412,80000.024,-1468.412,-0.024,False,False,0.00382
366,TGO,THRUST,80000.004,28.7581579,0.0802325,-952.218,-0.00034,-75.48671,2278.90925,2278.93163,0.02237,0.00024,19.51633,19.51633,False,0.00823,-0.01069,-0.00827,0.48219,0.00818,-0.00827,0.48219,0.00818,53.85738,0.4823291,0.00895567,81467.103,80000.024,-1467.103,-0.024,False,False,0.00448
366.14,TGO,THRUST,79999.999,28.7592875,0.0801621,-951.382,-0.00035,-75.45414,2278.90926,2278.93164,0.02238,0.00024,19.50777,19.50777,False,0.00822,-0.01069,-0.00816,0.4823,0.00819,-0.00816,0.4823,0.00819,53.85854,0.4824339,0.00895743,81465.796,80000.018,-1465.796,-0.018,False,False,0.01267
366.28,TGO,THRUST,79999.999,28.7604168,0.0800917,-950.547,-0.00035,-75.42158,2278.90924,2278.93164,0.0224,0.00024,19.4992,19.4992,False,0.00822,-0.01068,-0.00813,0.4824,0.00819,-0.00813,0.4824,0.00819,53.8597,0.482538,0.00895917,81464.487,80000.016,-1464.487,-0.016,False,False,0.0137
366.44,TGO,THRUST,79999.999,28.761707,0.0800113,-949.593,-0.00035,-75.38436,2278.90922,2278.93164,0.02242,0.00023,19.48942,19.48942,False,0.00821,-0.01067,-0.00812,0.48252,0.0082,-0.00812,0.48252,0.0082,53.86102,0.4826574,0.00896116,81462.991,80000.016,-1462.991,-0.016,False,False,0.01243
366.58,TGO,THRUST,79999.999,28.7628357,0.079941,-948.759,-0.00034,-75.35179,2278.90921,2278.93164,0.02243,0.00024,19.48085,19.48085,False,0.0082,-0.01066,-0.00811,0.48262,0.0082,-0.00811,0.48262,0.0082,53.86218,0.4827627,0.00896293,81461.681,80000.016,-1461.681,-0.016,False,False,0.01143
366.72,TGO,THRUST,79999.999,28.763964,0.0798707,-947.925,-0.00034,-75.31922,2278.90919,2278.93164,0.02245,0.00024,19.47229,19.47229,False,0.00819,-0.01065,-0.00811,0.48273,0.00821,-0.00811,0.48273,0.00821,53.86334,0.4828684,0.00896469,81460.372,80000.016,-1460.372,-0.016,False,False,0.01068
366.86,TGO,THRUST,79999.999,28.7650921,0.0798005,-947.091,-0.00033,-75.28664,2278.90917,2278.93164,0.02247,0.00023,19.46372,19.46372,False,0.00818,-0.01064,-0.0081,0.48284,0.00821,-0.0081,0.48284,0.00821,53.8645,0.4829747,0.00896647,81459.064,80000.016,-1459.064,-0.016,False,False,0.01022
367.02,TGO,THRUST,79999.999,28.7663809,0.0797202,-946.138,-0.00032,-75.24942,2278.90915,2278.93164,0.02249,0.00024,19.45393,19.45393,False,0.00818,-0.01063,-0.0081,0.48296,0.00822,-0.0081,0.48296,0.00822,53.86583,0.4830969,0.00896852,81457.57,80000.016,-1457.57,-0.016,False,False,0.01027
367.16,TGO,THRUST,79999.999,28.7675084,0.07965,-945.305,-0.0003,-75.21684,2278.90914,2278.93164,0.0225,0.00024,19.44536,19.44536,False,0.00817,-0.01062,-0.00809,0.48307,0.00823,-0.00809,0.48307,0.00823,53.86699,0.4832047,0.00897033,81456.263,80000.016,-1456.263,-0.016,False,False,-0.01075
367.3,TGO,THRUST,79999.999,28.7686355,0.0795798,-944.472,-0.00028,-75.18426,2278.90912,2278.93164,0.02252,0.00024,19.43679,19.43679,False,0.00816,-0.01061,-0.00809,0.48318,0.00823,-0.00809,0.48318,0.00823,53.86815,0.4833129,0.00897215,81454.958,80000.016,-1454.958,-0.016,False,False,-0.01143
367.44,TGO,THRUST,79999.999,28.7697624,0.0795096,-943.639,-0.00026,-75.15168,2278.9091,2278.93164,0.02254,0.00024,19.42822,19.42822,False,0.00815,-0.0106,-0.00809,0.48328,0.00824,-0.00809,0.48328,0.00824,53.86932,0.4834216,0.00897397,81453.654,80000.016,-1453.654,-0.016,False,False,-0.01213
367.6,TGO,THRUST,79999.999,28.7710499,0.0794295,-942.688,-0.00023,-75.11444,2278.90909,2278.93164,0.02255,0.00024,19.41842,19.41842,False,0.00815,-0.01059,-0.00808,0.48341,0.00824,-0.00808,0.48341,0.00824,53.87064,0.4835466,0.00897607,81452.165,80000.016,-1452.165,-0.016,False,False,-0.01283
367.74,TGO,THRUST,79999.999,28.7721761,0.0793593,-941.855,-0.0002,-75.08185,2278.90907,2278.93164,0.02257,0.00024,19.40985,19.40985,False,0.00814,-0.01058,-0.00808,0.48352,0.00825,-0.00808,0.48352,0.00825,53.8718,0.4836568,0.00897792,81450.865,80000.016,-1450.865,-0.016,False,False,-0.01331
367.88,TGO,THRUST,79999.999,28.773302,0.0792892,-941.023,-0.00018,-75.04926,2278.90906,2278.93164,0.02258,0.00024,19.40127,19.40127,False,0.00813,-0.01057,-0.00808,0.48363,0.00825,-0.00808,0.48363,0.00825,53.87297,0.4837674,0.00897978,81449.566,80000.016,-1449.566,-0.016,False,False,-0.01368
368.02,TGO,THRUST,79999.999,28.7744277,0.0792191,-940.192,-0.00015,-75.01667,2278.90905,2278.93164,0.02259,0.00024,19.3927,19.3927,False,0.00812,-0.01056,-0.00808,0.48374,0.00825,-0.00808,0.48374,0.00825,53.87413,0.4838785,0.00898165,81448.268,80000.016,-1448.268,-0.016,False,False,-0.01389
368.18,TGO,THRUST,79999.999,28.7757138,0.0791391,-939.241,-0.00012,-74.97942,2278.90904,2278.93164,0.0226,0.00024,19.38289,19.38289,False,0.00812,-0.01055,-0.00807,0.48387,0.00826,-0.00807,0.48387,0.00826,53.87546,0.4840062,0.0089838,81446.788,80000.016,-1446.788,-0.016,False,False,-0.01395
368.32,TGO,THRUST,79999.999,28.7768389,0.079069,-938.41,-0.0001,-74.94682,2278.90903,2278.93164,0.02261,0.00024,19.37431,19.37431,False,0.00811,-0.01054,-0.00807,0.48398,0.00826,-0.00807,0.48398,0.00826,53.87662,0.4841188,0.00898569,81445.496,80000.016,-1445.496,-0.016,False,False,-0.01389
368.46,TGO,THRUST,79999.999,28.7779637,0.078999,-937.579,-7E-05,-74.91422,2278.90902,2278.93164,0.02262,0.00024,19.36573,19.36573,False,0.0081,-0.01053,-0.00807,0.48409,0.00826,-0.00807,0.48409,0.00826,53.87778,0.4842317,0.00898759,81444.206,80000.016,-1444.206,-0.016,False,False,-0.01374
368.6,TGO,THRUST,79999.999,28.7790882,0.078929,-936.748,-5E-05,-74.88162,2278.90902,2278.93164,0.02262,0.00024,19.35715,19.35715,False,0.00809,-0.01052,-0.00807,0.48421,0.00826,-0.00807,0.48421,0.00826,53.87895,0.4843451,0.00898951,81442.918,80000.016,-1442.918,-0.016,False,False,-0.01353
368.76,TGO,THRUST,79999.999,28.780373,0.078849,-935.799,-2E-05,-74.84435,2278.90902,2278.93164,0.02262,0.00024,19.34734,19.34734,False,0.00809,-0.01051,-0.00807,0.48434,0.00826,-0.00807,0.48434,0.00826,53.88028,0.4844754,0.0089917,81441.451,80000.015,-1441.451,-0.015,False,False,-0.01328
368.9,TGO,THRUST,79999.999,28.7814969,0.0787791,-934.969,1E-05,-74.81174,2278.90901,2278.93164,0.02263,0.00024,19.33876,19.33876,False,0.00808,-0.0105,-0.00806,0.48445,0.00826,-0.00806,0.48445,0.00826,53.88144,0.4845903,0.00899364,81440.169,80000.015,-1440.169,-0.015,False,False,-0.01315
369.04,TGO,THRUST,79999.999,28.7826205,0.0787091,-934.139,3E-05,-74.77913,2278.90902,2278.93164,0.02262,0.00024,19.33017,19.33017,False,0.00807,-0.01049,-0.00806,0.48457,0.00826,-0.00806,0.48457,0.00826,53.88261,0.4847054,0.00899558,81438.891,80000.015,-1438.891,-0.015,False,False,-0.01321
369.18,TGO,THRUST,79999.999,28.7837438,0.0786392,-933.309,5E-05,-74.74651,2278.90902,2278.93164,0.02262,0.00024,19.32158,19.32158,False,0.00806,-0.01048,-0.00806,0.48468,0.00826,-0.00806,0.48468,0.00826,53.88378,0.4848211,0.00899753,81437.617,80000.015,-1437.617,-0.015,False,False,-0.01347
369.34,TGO,THRUST,79999.999,28.7850273,0.0785593,-932.361,8E-05,-74.70923,2278.90903,2278.93164,0.02261,0.00024,19.31177,19.31177,False,0.00806,-0.01047,-0.00806,0.48482,0.00826,-0.00806,0.48482,0.00826,53.8851,0.484954,0.00899978,81436.168,80000.015,-1436.168,-0.015,False,False,-0.01392
369.48,TGO,THRUST,79999.999,28.78615,0.0784894,-931.531,0.0001,-74.67661,2278.90905,2278.93164,0.02259,0.00024,19.30318,19.30318,False,0.00805,-0.01046,-0.00805,0.48493,0.00825,-0.00805,0.48493,0.00825,53.88627,0.485071,0.00900175,81434.905,80000.015,-1434.905,-0.015,False,False,-0.0144
369.62,TGO,THRUST,79999.999,28.7872725,0.0784196,-930.702,0.00012,-74.64398,2278.90906,2278.93164,0.02258,0.00024,19.29458,19.29458,False,0.00804,-0.01045,-0.00805,0.48505,0.00825,-0.00805,0.48505,0.00825,53.88744,0.4851883,0.00900374,81433.645,80000.015,-1433.645,-0.015,False,False,-0.01485
369.76,TGO,THRUST,79999.999,28.7883947,0.0783497,-929.873,0.00014,-74.61135,2278.90908,2278.93164,0.02256,0.00024,19.28599,19.28599,False,0.00804,-0.01044,-0.00805,0.48517,0.00824,-0.00805,0.48517,0.00824,53.8886,0.4853062,0.00900573,81432.387,80000.015,-1432.387,-0.015,False,False,-0.01522
369.92,TGO,THRUST,79999.999,28.7896769,0.07827,-928.927,0.00016,-74.57405,2278.9091,2278.93164,0.02254,0.00024,19.27617,19.27617,False,0.00803,-0.01043,-0.00804,0.48531,0.00823,-0.00804,0.48531,0.00823,53.88994,0.4854416,0.00900802,81430.951,80000.015,-1430.951,-0.015,False,False,-0.0156
370.06,TGO,THRUST,79999.999,28.7907985,0.0782002,-928.098,0.00017,-74.54141,2278.90911,2278.93164,0.02253,0.00024,19.26757,19.26757,False,0.00802,-0.01042,-0.00804,0.48542,0.00823,-0.00804,0.48542,0.00823,53.89111,0.4855608,0.00901004,81429.694,80000.015,-1429.694,-0.015,False,False,-0.0158
370.2,TGO,THRUST,79999.999,28.7919198,0.0781304,-927.27,0.00018,-74.50877,2278.90913,2278.93164,0.02251,0.00024,19.25897,19.25897,False,0.00801,-0.01041,-0.00803,0.48554,0.00822,-0.00803,0.48554,0.00822,53.89227,0.4856803,0.00901206,81428.439,80000.016,-1428.439,-0.016,False,False,-0.01598
370.34,TGO,THRUST,79999.999,28.7930409,0.0780606,-926.442,0.00019,-74.47612,2278.90915,2278.93164,0.02249,0.00023,19.25037,19.25037,False,0.00801,-0.01041,-0.00803,0.48566,0.00821,-0.00803,0.48566,0.00821,53.89344,0.4858003,0.00901409,81427.184,80000.016,-1427.184,-0.016,False,False,-0.01611
370.5,TGO,THRUST,79999.999,28.7943218,0.0779809,-925.496,0.0002,-74.43881,2278.90917,2278.93164,0.02247,0.00024,19.24054,19.24054,False,0.008,-0.01039,-0.00802,0.4858,0.0082,-0.00802,0.4858,0.0082,53.89478,0.4859381,0.00901642,81425.75,80000.016,-1425.75,-0.016,False,False,-0.01633
370.64,TGO,THRUST,79999.999,28.7954422,0.0779112,-924.669,0.00021,-74.40615,2278.90919,2278.93164,0.02245,0.00024,19.23194,19.23194,False,0.00799,-0.01039,-0.00802,0.48592,0.0082,-0.00802,0.48592,0.0082,53.89594,0.4860595,0.00901848,81424.496,80000.016,-1424.496,-0.016,False,False,0.01663
370.78,TGO,THRUST,79999.999,28.7965624,0.0778415,-923.841,0.00021,-74.37349,2278.90921,2278.93164,0.02243,0.00024,19.22333,19.22333,False,0.00798,-0.01038,-0.00801,0.48605,0.00819,-0.00801,0.48605,0.00819,53.89711,0.4861811,0.00902054,81423.241,80000.016,-1423.241,-0.016,False,False,0.01701
370.92,TGO,THRUST,79999.999,28.7976824,0.0777718,-923.014,0.0002,-74.34083,2278.90922,2278.93164,0.02242,0.00024,19.21473,19.21473,False,0.00798,-0.01037,-0.008,0.48617,0.00819,-0.008,0.48617,0.00819,53.89828,0.4863032,0.00902261,81421.986,80000.016,-1421.986,-0.016,False,False,0.01739
371.08,TGO,THRUST,79999.999,28.798962,0.0776922,-922.07,0.0002,-74.30349,2278.90924,2278.93164,0.0224,0.00023,19.20489,19.20489,False,0.00797,-0.01036,-0.00799,0.48631,0.00818,-0.00799,0.48631,0.00818,53.89962,0.4864434,0.00902499,81420.551,80000.016,-1420.551,-0.016,False,False,0.01773
371.22,TGO,THRUST,79999.999,28.8000813,0.0776225,-921.243,0.00019,-74.27082,2278.90925,2278.93164,0.02239,0.00023,19.19628,19.19628,False,0.00796,-0.01035,-0.00798,0.48643,0.00817,-0.00798,0.48643,0.00817,53.90079,0.4865668,0.00902708,81419.295,80000.016,-1419.295,-0.016,False,False,0.01796
371.36,TGO,THRUST,79999.999,28.8012004,0.0775529,-920.417,0.00018,-74.23814,2278.90927,2278.93164,0.02237,0.00024,19.18767,19.18767,False,0.00795,-0.01034,-0.00798,0.48656,0.00817,-0.00798,0.48656,0.00817,53.90196,0.4866905,0.00902918,81418.038,80000.016,-1418.038,-0.016,False,False,0.01803
371.5,TGO,THRUST,79999.999,28.8023192,0.0774833,-919.59,0.00017,-74.20546,2278.90928,2278.93164,0.02236,0.00023,19.17906,19.17906,False,0.00795,-0.01033,-0.00797,0.48668,0.00816,-0.00797,0.48668,0.00816,53.90313,0.4868147,0.00903129,81416.78,80000.016,-1416.78,-0.016,False,False,0.01799
371.66,TGO,THRUST,79999.999,28.8035976,0.0774038,-918.647,0.00016,-74.1681,2278.90929,2278.93164,0.02235,0.00023,19.16921,19.16921,False,0.00794,-0.01032,-0.00796,0.48682,0.00816,-0.00796,0.48682,0.00816,53.90446,0.4869572,0.00903371,81415.341,80000.016,-1415.341,-0.016,False,False,0.01771
371.8,TGO,THRUST,79999.999,28.8047158,0.0773342,-917.821,0.00015,-74.13541,2278.9093,2278.93164,0.02234,0.00023,19.16059,19.16059,False,0.00793,-0.01031,-0.00795,0.48695,0.00815,-0.00795,0.48695,0.00815,53.90564,0.4870826,0.00903584,81414.081,80000.016,-1414.081,-0.016,False,False,0.01733
371.94,TGO,THRUST,79999.999,28.8058338,0.0772647,-916.995,0.00014,-74.10271,2278.90931,2278.93164,0.02233,0.00023,19.15198,19.15198,False,0.00793,-0.0103,-0.00794,0.48708,0.00815,-0.00794,0.48708,0.00815,53.90681,0.4872083,0.00903797,81412.819,80000.016,-1412.819,-0.016,False,False,0.01677
372.08,TGO,THRUST,79999.999,28.8069516,0.0771951,-916.17,0.00012,-74.07001,2278.90932,2278.93164,0.02232,0.00023,19.14336,19.14336,False,0.00792,-0.01029,-0.00793,0.4872,0.00815,-0.00793,0.4872,0.00815,53.90798,0.4873345,0.00904012,81411.555,80000.016,-1411.555,-0.016,False,False,0.01608
372.24,TGO,THRUST,79999.999,28.8082286,0.0771157,-915.227,0.00011,-74.03263,2278.90932,2278.93164,0.02232,0.00024,19.1335,19.1335,False,0.00791,-0.01028,-0.00792,0.48735,0.00814,-0.00792,0.48735,0.00814,53.90932,0.4874793,0.00904258,81410.109,80000.016,-1410.109,-0.016,False,False,0.01517
372.38,TGO,THRUST,79999.999,28.8093458,0.0770462,-914.402,0.0001,-73.99992,2278.90933,2278.93164,0.02231,0.00023,19.12488,19.12488,False,0.0079,-0.01027,-0.00791,0.48747,0.00814,-0.00791,0.48747,0.00814,53.91049,0.4876067,0.00904475,81408.841,80000.016,-1408.841,-0.016,False,False,0.01431
372.52,TGO,THRUST,79999.999,28.8104627,0.0769767,-913.578,8E-05,-73.9672,2278.90933,2278.93164,0.02231,0.00023,19.11625,19.11625,False,0.0079,-0.01026,-0.0079,0.4876,0.00814,-0.0079,0.4876,0.00814,53.91167,0.4877343,0.00904692,81407.57,80000.016,-1407.57,-0.016,False,False,0.01348
372.66,TGO,THRUST,79999.999,28.8115793,0.0769072,-912.753,7E-05,-73.93447,2278.90932,2278.93164,0.02232,0.00023,19.10763,19.10763,False,0.00789,-0.01025,-0.00789,0.48773,0.00814,-0.00789,0.48773,0.00814,53.91284,0.4878624,0.0090491,81406.297,80000.016,-1406.297,-0.016,False,False,0.0128
372.82,TGO,THRUST,79999.999,28.8128552,0.0768279,-911.812,6E-05,-73.89707,2278.90932,2278.93164,0.02232,0.00024,19.09776,19.09776,False,0.00788,-0.01024,-0.00788,0.48788,0.00815,-0.00788,0.48788,0.00815,53.91418,0.4880094,0.0090516,81404.836,80000.016,-1404.836,-0.016,False,False,0.01232
372.96,TGO,THRUST,79999.999,28.8139713,0.0767584,-910.988,5E-05,-73.86433,2278.9093,2278.93164,0.02234,0.00024,19.08913,19.08913,False,0.00787,-0.01023,-0.00787,0.48801,0.00815,-0.00787,0.48801,0.00815,53.91535,0.4881388,0.0090538,81403.553,80000.016,-1403.553,-0.016,False,False,0.01212
373.1,TGO,THRUST,79999.999,28.8150871,0.076689,-910.164,4E-05,-73.83159,2278.90929,2278.93164,0.02235,0.00024,19.0805,19.0805,False,0.00787,-0.01022,-0.00786,0.48814,0.00815,-0.00786,0.48814,0.00815,53.91653,0.4882683,0.00905601,81402.268,80000.016,-1402.268,-0.016,False,False,0.01207
373.24,TGO,THRUST,79999.999,28.8162027,0.0766196,-909.34,3E-05,-73.79884,2278.90928,2278.93164,0.02236,0.00024,19.07187,19.07187,False,0.00786,-0.01021,-0.00785,0.48827,0.00816,-0.00785,0.48827,0.00816,53.9177,0.4883983,0.00905822,81400.982,80000.016,-1400.982,-0.016,False,False,0.01206
373.4,TGO,THRUST,79999.999,28.8174773,0.0765404,-908.399,2E-05,-73.76141,2278.90926,2278.93164,0.02238,0.00024,19.062,19.062,False,0.00785,-0.0102,-0.00784,0.48842,0.00816,-0.00784,0.48842,0.00816,53.91904,0.4885474,0.00906076,81399.512,80000.016,-1399.512,-0.016,False,False,0.01207
373.54,TGO,THRUST,79999.999,28.8185923,0.076471,-907.576,1E-05,-73.72865,2278.90924,2278.93164,0.0224,0.00023,19.05336,19.05336,False,0.00784,-0.01019,-0.00783,0.48855,0.00817,-0.00783,0.48855,0.00817,53.92022,0.4886787,0.009063,81398.225,80000.016,-1398.225,-0.016,False,False,0.01206
373.68,TGO,THRUST,79999.999,28.819707,0.0764017,-906.753,0,-73.69589,2278.90923,2278.93164,0.02241,0.00023,19.04472,19.04472,False,0.00784,-0.01018,-0.00783,0.48868,0.00817,-0.00783,0.48868,0.00817,53.92139,0.48881,0.00906523,81396.937,80000.016,-1396.937,-0.016,False,False,0.01192
373.82,TGO,THRUST,79999.999,28.8208215,0.0763323,-905.93,-1E-05,-73.66312,2278.90921,2278.93164,0.02243,0.00024,19.03608,19.03608,False,0.00783,-0.01017,-0.00782,0.48881,0.00818,-0.00782,0.48881,0.00818,53.92257,0.4889418,0.00906748,81395.65,80000.016,-1395.65,-0.016,False,False,0.01177
373.98,TGO,THRUST,79999.999,28.8220949,0.0762531,-904.99,-1E-05,-73.62566,2278.90919,2278.93164,0.02245,0.00023,19.0262,19.0262,False,0.00782,-0.01016,-0.00781,0.48896,0.00819,-0.00781,0.48896,0.00819,53.92391,0.489093,0.00907006,81394.18,80000.016,-1394.18,-0.016,False,False,0.01149
374.12,TGO,THRUST,79999.999,28.8232089,0.0761838,-904.168,-2E-05,-73.59288,2278.90917,2278.93164,0.02247,0.00023,19.01755,19.01755,False,0.00781,-0.01016,-0.0078,0.4891,0.00819,-0.0078,0.4891,0.00819,53.92509,0.489226,0.00907233,81392.894,80000.016,-1392.894,-0.016,False,False,0.01123
374.26,TGO,THRUST,79999.999,28.8243226,0.0761146,-903.346,-2E-05,-73.56009,2278.90916,2278.93164,0.02248,0.00023,19.0089,19.0089,False,0.00781,-0.01015,-0.00779,0.48923,0.0082,-0.00779,0.48923,0.0082,53.92626,0.4893591,0.0090746,81391.609,80000.016,-1391.609,-0.016,False,False,0.01094
374.4,TGO,THRUST,80000,28.825436,0.0760453,-902.524,-2E-05,-73.52729,2278.90914,2278.93164,0.0225,0.00024,19.00025,19.00025,False,0.0078,-0.01014,-0.00779,0.48936,0.0082,-0.00779,0.48936,0.0082,53.92744,0.4894927,0.00907687,81390.324,80000.016,-1390.324,-0.016,False,False,0.01062
374.56,TGO,THRUST,80000,28.8267082,0.0759662,-901.585,-2E-05,-73.4898,2278.90912,2278.93164,0.02251,0.00024,18.99036,18.99036,False,0.00779,-0.01013,-0.00778,0.48952,0.00821,-0.00778,0.48952,0.00821,53.92879,0.4896458,0.00907949,81388.857,80000.016,-1388.857,-0.016,False,False,0.01038
374.7,TGO,THRUST,80000,28.8278211,0.075897,-900.763,-1E-05,-73.457,2278.90911,2278.93164,0.02253,0.00024,18.98171,18.98171,False,0.00778,-0.01012,-0.00777,0.48965,0.00821,-0.00777,0.48965,0.00821,53.92997,0.4897805,0.00908179,81387.575,80000.016,-1387.575,-0.016,False,False,-0.01025
374.84,TGO,THRUST,80000,28.8289338,0.0758277,-899.942,0,-73.42418,2278.9091,2278.93164,0.02254,0.00024,18.97305,18.97305,False,0.00778,-0.01011,-0.00777,0.48978,0.00822,-0.00777,0.48978,0.00822,53.93114,0.4899154,0.00908409,81386.294,80000.016,-1386.294,-0.016,False,False,-0.0102
374.98,TGO,THRUST,80000,28.8300462,0.0757586,-899.121,1E-05,-73.39136,2278.90908,2278.93164,0.02255,0.00024,18.96439,18.96439,False,0.00777,-0.0101,-0.00776,0.48992,0.00822,-0.00776,0.48992,0.00822,53.93232,0.4900506,0.0090864,81385.015,80000.016,-1385.015,-0.016,False,False,-0.01017
375.14,TGO,THRUST,80000,28.8313172,0.0756795,-898.182,2E-05,-73.35384,2278.90907,2278.93164,0.02257,0.00024,18.9545,18.9545,False,0.00776,-0.01009,-0.00776,0.49008,0.00822,-0.00776,0.49008,0.00822,53.93367,0.4902057,0.00908905,81383.555,80000.016,-1383.555,-0.016,False,False,-0.01007
375.28,TGO,THRUST,80000,28.832429,0.0756103,-897.362,3E-05,-73.32101,2278.90906,2278.93164,0.02258,0.00024,18.94583,18.94583,False,0.00775,-0.01008,-0.00776,0.49021,0.00823,-0.00776,0.49021,0.00823,53.93485,0.4903421,0.00909138,81382.28,80000.016,-1382.28,-0.016,False,False,-0.0099
375.42,TGO,THRUST,80000,28.8335407,0.0755412,-896.541,4E-05,-73.28817,2278.90905,2278.93164,0.02258,0.00024,18.93717,18.93717,False,0.00775,-0.01007,-0.00775,0.49035,0.00823,-0.00775,0.49035,0.00823,53.93603,0.4904786,0.00909371,81381.007,80000.016,-1381.007,-0.016,False,False,-0.00969
375.56,TGO,THRUST,80000,28.834652,0.0754721,-895.721,6E-05,-73.25532,2278.90905,2278.93164,0.02259,0.00024,18.9285,18.9285,False,0.00774,-0.01006,-0.00775,0.49049,0.00823,-0.00775,0.49049,0.00823,53.93721,0.4906154,0.00909605,81379.736,80000.016,-1379.736,-0.016,False,False,-0.00945
375.72,TGO,THRUST,80000,28.8359219,0.0753931,-894.783,7E-05,-73.21777,2278.90904,2278.93164,0.0226,0.00024,18.9186,18.9186,False,0.00773,-0.01005,-0.00774,0.49064,0.00823,-0.00774,0.49064,0.00823,53.93856,0.4907723,0.00909873,81378.286,80000.016,-1378.286,-0.016,False,False,-0.00916
375.86,TGO,THRUST,80000,28.8370327,0.075324,-893.963,9E-05,-73.18491,2278.90904,2278.93164,0.0226,0.00024,18.90993,18.90993,False,0.00773,-0.01004,-0.00774,0.49078,0.00823,-0.00774,0.49078,0.00823,53.93974,0.4909104,0.00910109,81377.021,80000.016,-1377.021,-0.016,False,False,-0.00898
376,TGO,THRUST,80000,28.8381433,0.0752549,-893.143,0.0001,-73.15204,2278.90904,2278.93164,0.0226,0.00024,18.90125,18.90125,False,0.00772,-0.01003,-0.00774,0.49092,0.00823,-0.00774,0.49092,0.00823,53.94092,0.4910484,0.00910345,81375.759,80000.016,-1375.759,-0.016,False,False,-0.009
376.14,TGO,THRUST,80000,28.8392536,0.0751859,-892.324,0.00012,-73.11916,2278.90904,2278.93164,0.0226,0.00024,18.89258,18.89258,False,0.00771,-0.01002,-0.00773,0.49106,0.00823,-0.00773,0.49106,0.00823,53.9421,0.4911869,0.00910582,81374.499,80000.016,-1374.499,-0.016,False,False,-0.00936
376.3,TGO,THRUST,80000,28.8405222,0.0751069,-891.387,0.00013,-73.08158,2278.90905,2278.93164,0.02259,0.00024,18.88266,18.88266,False,0.0077,-0.01001,-0.00773,0.49122,0.00823,-0.00773,0.49122,0.00823,53.94346,0.4913456,0.00910853,81373.064,80000.016,-1373.064,-0.016,False,False,-0.01023
376.44,TGO,THRUST,80000,28.841632,0.0750379,-890.568,0.00014,-73.04869,2278.90906,2278.93164,0.02258,0.00024,18.87398,18.87398,False,0.0077,-0.01,-0.00772,0.49136,0.00822,-0.00772,0.49136,0.00822,53.94464,0.4914852,0.00911092,81371.814,80000.016,-1371.814,-0.016,False,False,-0.01126
376.58,TGO,THRUST,80000,28.8427416,0.0749689,-889.749,0.00016,-73.0158,2278.90907,2278.93164,0.02257,0.00024,18.8653,18.8653,False,0.00769,-0.00999,-0.00772,0.4915,0.00822,-0.00772,0.4915,0.00822,53.94582,0.4916248,0.00911331,81370.57,80000.016,-1370.57,-0.016,False,False,-0.01234
376.72,TGO,THRUST,80000,28.8438509,0.0748999,-888.93,0.00017,-72.98289,2278.90909,2278.93164,0.02255,0.00024,18.85662,18.85662,False,0.00768,-0.00998,-0.00772,0.49164,0.00821,-0.00772,0.49164,0.00821,53.947,0.4917648,0.0091157,81369.329,80000.016,-1369.329,-0.016,False,False,-0.01339
376.88,TGO,THRUST,80000,28.8451184,0.0748211,-887.994,0.00018,-72.94528,2278.90911,2278.93164,0.02253,0.00024,18.84669,18.84669,False,0.00767,-0.00997,-0.00771,0.4918,0.00821,-0.00771,0.4918,0.00821,53.94836,0.4919253,0.00911845,81367.912,80000.016,-1367.912,-0.016,False,False,-0.01444
377.02,TGO,THRUST,80000,28.8462271,0.0747521,-887.176,0.00019,-72.91236,2278.90912,2278.93164,0.02251,0.00023,18.838,18.838,False,0.00767,-0.00996,-0.00771,0.49194,0.0082,-0.00771,0.49194,0.0082,53.94954,0.4920664,0.00912086,81366.674,80000.016,-1366.674,-0.016,False,False,-0.01523
377.16,TGO,THRUST,80000,28.8473357,0.0746831,-886.357,0.0002,-72.87943,2278.90914,2278.93164,0.0225,0.00023,18.82931,18.82931,False,0.00766,-0.00996,-0.0077,0.49208,0.00819,-0.0077,0.49208,0.00819,53.95072,0.4922075,0.00912328,81365.436,80000.016,-1365.436,-0.016,False,False,-0.01586
377.3,TGO,THRUST,80000,28.848444,0.0746142,-885.539,0.00021,-72.8465,2278.90916,2278.93164,0.02248,0.00023,18.82062,18.82062,False,0.00765,-0.00995,-0.0077,0.49222,0.00819,-0.0077,0.49222,0.00819,53.95191,0.4923491,0.0091257,81364.199,80000.016,-1364.199,-0.016,False,False,-0.01637
377.46,TGO,THRUST,80000,28.8497103,0.0745354,-884.604,0.00022,-72.80885,2278.90918,2278.93164,0.02246,0.00023,18.81068,18.81068,False,0.00765,-0.00994,-0.00769,0.49238,0.00818,-0.00769,0.49238,0.00818,53.95327,0.4925112,0.00912848,81362.786,80000.016,-1362.786,-0.016,False,False,-0.01674
377.6,TGO,THRUST,80000,28.850818,0.0744665,-883.787,0.00022,-72.7759,2278.9092,2278.93164,0.02244,0.00023,18.80198,18.80198,False,0.00764,-0.00993,-0.00769,0.49253,0.00817,-0.00769,0.49253,0.00817,53.95445,0.4926538,0.00913092,81361.55,80000.016,-1361.55,-0.016,False,False,-0.01698
377.74,TGO,THRUST,80000,28.8519256,0.0743976,-882.969,0.00023,-72.74294,2278.90922,2278.93164,0.02242,0.00023,18.79328,18.79328,False,0.00763,-0.00992,-0.00768,0.49267,0.00816,-0.00768,0.49267,0.00816,53.95563,0.4927965,0.00913336,81360.314,80000.016,-1360.314,-0.016,False,False,-0.01709
377.88,TGO,THRUST,80000,28.8530328,0.0743288,-882.151,0.00023,-72.70998,2278.90924,2278.93164,0.0224,0.00023,18.78458,18.78458,False,0.00762,-0.00991,-0.00768,0.49281,0.00816,-0.00768,0.49281,0.00816,53.95682,0.4929395,0.00913581,81359.077,80000.016,-1359.077,-0.016,False,False,-0.01716
378.04,TGO,THRUST,80000,28.854298,0.0742501,-881.217,0.00023,-72.67229,2278.90926,2278.93164,0.02238,0.00023,18.77464,18.77464,False,0.00762,-0.0099,-0.00767,0.49298,0.00815,-0.00767,0.49298,0.00815,53.95818,0.4931034,0.00913862,81357.663,80000.016,-1357.663,-0.016,False,False,-0.01715
378.18,TGO,THRUST,80000,28.8554047,0.0741812,-880.4,0.00023,-72.63931,2278.90927,2278.93164,0.02236,0.00023,18.76593,18.76593,False,0.00761,-0.00989,-0.00766,0.49312,0.00814,-0.00766,0.49312,0.00814,53.95937,0.4932474,0.00914109,81356.426,80000.016,-1356.426,-0.016,False,False,0.01712
378.32,TGO,THRUST,80000,28.8565112,0.0741124,-879.583,0.00023,-72.60632,2278.90929,2278.93164,0.02235,0.00023,18.75722,18.75722,False,0.0076,-0.00988,-0.00765,0.49327,0.00814,-0.00765,0.49327,0.00814,53.96055,0.4933915,0.00914356,81355.188,80000.016,-1355.188,-0.016,False,False,0.01709
378.46,TGO,THRUST,80000,28.8576175,0.0740435,-878.767,0.00023,-72.57332,2278.90931,2278.93164,0.02233,0.00023,18.74851,18.74851,False,0.0076,-0.00987,-0.00765,0.49341,0.00813,-0.00765,0.49341,0.00813,53.96174,0.4935359,0.00914603,81353.949,80000.016,-1353.949,-0.016,False,False,0.01711
378.62,TGO,THRUST,80000,28.8588815,0.0739649,-877.833,0.00022,-72.5356,2278.90932,2278.93164,0.02232,0.00023,18.73855,18.73855,False,0.00759,-0.00986,-0.00764,0.49358,0.00813,-0.00764,0.49358,0.00813,53.9631,0.4937014,0.00914887,81352.531,80000.016,-1352.531,-0.016,False,False,0.01711
378.76,TGO,THRUST,80000,28.8599872,0.0738961,-877.017,0.0002,-72.50259,2278.90933,2278.93164,0.0223,0.00023,18.72984,18.72984,False,0.00758,-0.00985,-0.00763,0.49372,0.00812,-0.00763,0.49372,0.00812,53.96429,0.4938469,0.00915137,81351.29,80000.016,-1351.29,-0.016,False,False,0.01703
378.9,TGO,THRUST,80000,28.8610927,0.0738274,-876.201,0.00019,-72.46957,2278.90934,2278.93164,0.02229,0.00023,18.72112,18.72112,False,0.00757,-0.00984,-0.00762,0.49387,0.00812,-0.00762,0.49387,0.00812,53.96548,0.4939924,0.00915386,81350.047,80000.016,-1350.047,-0.016,False,False,0.01688
379.04,TGO,THRUST,80000,28.862198,0.0737586,-875.385,0.00017,-72.43654,2278.90935,2278.93164,0.02228,0.00023,18.7124,18.7124,False,0.00757,-0.00983,-0.00761,0.49401,0.00811,-0.00761,0.49401,0.00811,53.96666,0.4941383,0.00915636,81348.803,80000.016,-1348.803,-0.016,False,False,0.01658
379.2,TGO,THRUST,80000,28.8634608,0.07368,-874.452,0.00016,-72.39878,2278.90936,2278.93164,0.02228,0.00023,18.70243,18.70243,False,0.00756,-0.00982,-0.0076,0.49418,0.00811,-0.0076,0.49418,0.00811,53.96802,0.4943053,0.00915923,81347.378,80000.016,-1347.378,-0.016,False,False,0.0161
379.34,TGO,THRUST,80000,28.8645655,0.0736113,-873.636,0.00014,-72.36573,2278.90937,2278.93164,0.02227,0.00023,18.6937,18.6937,False,0.00755,-0.00981,-0.00759,0.49433,0.00811,-0.00759,0.49433,0.00811,53.96922,0.4944522,0.00916175,81346.13,80000.016,-1346.13,-0.016,False,False,0.01566
379.48,TGO,THRUST,80000,28.86567,0.0735426,-872.821,0.00012,-72.33268,2278.90937,2278.93164,0.02227,0.00023,18.68498,18.68498,False,0.00754,-0.0098,-0.00758,0.49447,0.0081,-0.00758,0.49447,0.0081,53.97041,0.4945991,0.00916427,81344.879,80000.016,-1344.879,-0.016,False,False,0.01506
379.62,TGO,THRUST,80000,28.8667742,0.0734739,-872.005,0.00011,-72.29961,2278.90937,2278.93164,0.02226,0.00023,18.67625,18.67625,False,0.00754,-0.00979,-0.00757,0.49462,0.0081,-0.00757,0.49462,0.0081,53.97159,0.4947463,0.00916679,81343.626,80000.016,-1343.626,-0.016,False,False,0.01447
379.78,TGO,THRUST,80000,28.868036,0.0733954,-871.074,9E-05,-72.26182,2278.90937,2278.93164,0.02227,0.00023,18.66627,18.66627,False,0.00753,-0.00978,-0.00755,0.49479,0.0081,-0.00755,0.49479,0.0081,53.97296,0.4949149,0.00916968,81342.191,80000.016,-1342.191,-0.016,False,False,0.01392
379.92,TGO,THRUST,80000,28.8691397,0.0733267,-870.259,7E-05,-72.22874,2278.90937,2278.93164,0.02227,0.00023,18.65753,18.65753,False,0.00752,-0.00977,-0.00754,0.49494,0.00811,-0.00754,0.49494,0.00811,53.97415,0.4950632,0.00917223,81340.929,80000.016,-1340.929,-0.016,False,False,0.0137
380.06,TGO,THRUST,80000,28.8702431,0.073258,-869.444,5E-05,-72.19565,2278.90936,2278.93164,0.02228,0.00023,18.64879,18.64879,False,0.00752,-0.00977,-0.00753,0.49509,0.00811,-0.00753,0.49509,0.00811,53.97534,0.4952114,0.00917477,81339.663,80000.016,-1339.663,-0.016,False,False,0.01367
380.2,TGO,THRUST,80000,28.8713464,0.0731894,-868.629,4E-05,-72.16255,2278.90934,2278.93164,0.02229,0.00023,18.64005,18.64005,False,0.00751,-0.00976,-0.00752,0.49524,0.00811,-0.00752,0.49524,0.00811,53.97653,0.4953599,0.00917732,81338.395,80000.016,-1338.395,-0.016,False,False,0.01376
380.36,TGO,THRUST,80000,28.872607,0.0731109,-867.698,2E-05,-72.12471,2278.90933,2278.93164,0.02231,0.00023,18.63006,18.63006,False,0.0075,-0.00975,-0.00751,0.49541,0.00812,-0.00751,0.49541,0.00812,53.9779,0.49553,0.00918024,81336.944,80000.016,-1336.944,-0.016,False,False,0.01392
380.5,TGO,THRUST,80000,28.8737097,0.0730423,-866.884,0,-72.09159,2278.90931,2278.93164,0.02232,0.00023,18.62132,18.62132,False,0.00749,-0.00974,-0.0075,0.49556,0.00812,-0.0075,0.49556,0.00812,53.97909,0.4956796,0.00918281,81335.673,80000.016,-1335.673,-0.016,False,False,0.01407
380.64,TGO,THRUST,80000,28.8748122,0.0729737,-866.069,-1E-05,-72.05847,2278.9093,2278.93164,0.02234,0.00023,18.61257,18.61257,False,0.00749,-0.00973,-0.00749,0.49571,0.00813,-0.00749,0.49571,0.00813,53.98028,0.4958291,0.00918537,81334.401,80000.016,-1334.401,-0.016,False,False,0.01415
380.78,TGO,THRUST,80000,28.8759144,0.0729051,-865.255,-2E-05,-72.02533,2278.90928,2278.93164,0.02236,0.00023,18.60382,18.60382,False,0.00748,-0.00972,-0.00748,0.49586,0.00813,-0.00748,0.49586,0.00813,53.98148,0.4959789,0.00918795,81333.13,80000.016,-1333.13,-0.016,False,False,0.01412
380.94,TGO,THRUST,80000,28.8771738,0.0728267,-864.325,-4E-05,-71.98746,2278.90926,2278.93164,0.02237,0.00023,18.59382,18.59382,False,0.00747,-0.00971,-0.00747,0.49603,0.00814,-0.00747,0.49603,0.00814,53.98284,0.4961504,0.00919089,81331.676,80000.016,-1331.676,-0.016,False,False,0.01401
381.08,TGO,THRUST,80000,28.8782756,0.0727582,-863.512,-5E-05,-71.9543,2278.90925,2278.93164,0.02239,0.00023,18.58506,18.58506,False,0.00746,-0.0097,-0.00746,0.49618,0.00814,-0.00746,0.49618,0.00814,53.98404,0.4963012,0.00919348,81330.404,80000.016,-1330.404,-0.016,False,False,0.01375
381.22,TGO,THRUST,80000.001,28.8793771,0.0726896,-862.698,-6E-05,-71.92114,2278.90923,2278.93164,0.02241,0.00023,18.57631,18.57631,False,0.00746,-0.00969,-0.00745,0.49633,0.00815,-0.00745,0.49633,0.00815,53.98523,0.4964519,0.00919607,81329.133,80000.016,-1329.133,-0.016,False,False,0.01341
381.36,TGO,THRUST,80000.001,28.8804783,0.0726211,-861.885,-7E-05,-71.88797,2278.90921,2278.93164,0.02242,0.00023,18.56755,18.56755,False,0.00745,-0.00968,-0.00744,0.49648,0.00815,-0.00744,0.49648,0.00815,53.98643,0.4966029,0.00919866,81327.863,80000.016,-1327.863,-0.016,False,False,0.01296
381.52,TGO,THRUST,80000.001,28.8817366,0.0725428,-860.955,-7E-05,-71.85005,2278.9092,2278.93164,0.02244,0.00023,18.55753,18.55753,False,0.00744,-0.00967,-0.00744,0.49665,0.00816,-0.00744,0.49665,0.00816,53.98779,0.4967758,0.00920163,81326.411,80000.016,-1326.411,-0.016,False,False,0.01235
381.66,TGO,THRUST,80000.001,28.8828373,0.0724743,-860.142,-8E-05,-71.81686,2278.90918,2278.93164,0.02246,0.00023,18.54877,18.54877,False,0.00743,-0.00966,-0.00743,0.49681,0.00816,-0.00743,0.49681,0.00816,53.98899,0.4969278,0.00920424,81325.143,80000.016,-1325.143,-0.016,False,False,0.01175
381.8,TGO,THRUST,80000.001,28.8839379,0.0724058,-859.329,-8E-05,-71.78366,2278.90917,2278.93164,0.02247,0.00023,18.54,18.54,False,0.00743,-0.00965,-0.00742,0.49696,0.00817,-0.00742,0.49696,0.00817,53.99019,0.4970797,0.00920685,81323.875,80000.016,-1323.875,-0.016,False,False,0.01113
381.94,TGO,THRUST,80000.001,28.8850381,0.0723373,-858.516,-8E-05,-71.75046,2278.90915,2278.93164,0.02248,0.00023,18.53123,18.53123,False,0.00742,-0.00964,-0.00741,0.49711,0.00817,-0.00741,0.49711,0.00817,53.99139,0.4972319,0.00920947,81322.608,80000.016,-1322.608,-0.016,False,False,0.01057
382.1,TGO,THRUST,80000.001,28.8862953,0.072259,-857.588,-8E-05,-71.71249,2278.90914,2278.93164,0.0225,0.00023,18.5212,18.5212,False,0.00741,-0.00963,-0.00741,0.49728,0.00818,-0.00741,0.49728,0.00818,53.99275,0.4974061,0.00921246,81321.161,80000.016,-1321.161,-0.016,False,False,-0.01007
382.24,TGO,THRUST,80000.001,28.887395,0.0721906,-856.775,-7E-05,-71.67927,2278.90913,2278.93164,0.02251,0.00023,18.51243,18.51243,False,0.0074,-0.00962,-0.0074,0.49744,0.00818,-0.0074,0.49744,0.00818,53.99395,0.4975592,0.00921509,81319.898,80000.016,-1319.898,-0.016,False,False,-0.00971
382.38,TGO,THRUST,80000.001,28.8884946,0.0721221,-855.963,-6E-05,-71.64603,2278.90912,2278.93164,0.02252,0.00023,18.50365,18.50365,False,0.0074,-0.00961,-0.0074,0.49759,0.00818,-0.0074,0.49759,0.00818,53.99515,0.4977122,0.00921772,81318.635,80000.016,-1318.635,-0.016,False,False,-0.00938
382.52,TGO,THRUST,80000.001,28.8895939,0.0720537,-855.151,-5E-05,-71.61278,2278.90911,2278.93164,0.02253,0.00023,18.49487,18.49487,False,0.00739,-0.0096,-0.00739,0.49774,0.00819,-0.00739,0.49774,0.00819,53.99635,0.4978655,0.00922035,81317.375,80000.016,-1317.375,-0.016,False,False,-0.00909
382.68,TGO,THRUST,80000.001,28.8908499,0.0719755,-854.223,-4E-05,-71.57478,2278.9091,2278.93164,0.02254,0.00023,18.48483,18.48483,False,0.00738,-0.00959,-0.00739,0.49792,0.00819,-0.00739,0.49792,0.00819,53.99772,0.498041,0.00922337,81315.937,80000.016,-1315.937,-0.016,False,False,-0.00866
382.82,TGO,THRUST,80000.001,28.8919487,0.0719071,-853.411,-3E-05,-71.54151,2278.90909,2278.93164,0.02254,0.00023,18.47605,18.47605,False,0.00738,-0.00959,-0.00738,0.49807,0.00819,-0.00738,0.49807,0.00819,53.99892,0.4981953,0.00922602,81314.681,80000.016,-1314.681,-0.016,False,False,-0.00829
382.96,TGO,THRUST,80000.001,28.8930472,0.0718387,-852.599,-2E-05,-71.50824,2278.90909,2278.93164,0.02255,0.00023,18.46726,18.46726,False,0.00737,-0.00958,-0.00738,0.49823,0.00819,-0.00738,0.49823,0.00819,54.00012,0.4983494,0.00922867,81313.427,80000.016,-1313.427,-0.016,False,False,-0.00793
383.1,TGO,THRUST,80000.001,28.8941455,0.0717704,-851.788,-1E-05,-71.47495,2278.90909,2278.93164,0.02255,0.00024,18.45847,18.45847,False,0.00736,-0.00957,-0.00737,0.49838,0.00819,-0.00737,0.49838,0.00819,54.00132,0.4985038,0.00923133,81312.176,80000.016,-1312.176,-0.016,False,False,-0.00775
383.26,TGO,THRUST,80000.001,28.8954004,0.0716922,-850.86,1E-05,-71.4369,2278.90909,2278.93164,0.02255,0.00023,18.44842,18.44842,False,0.00735,-0.00956,-0.00737,0.49856,0.00819,-0.00737,0.49856,0.00819,54.00269,0.4986805,0.00923436,81310.749,80000.016,-1310.749,-0.016,False,False,-0.00779
383.4,TGO,THRUST,80000.001,28.8964982,0.0716239,-850.049,2E-05,-71.4036,2278.90909,2278.93164,0.02255,0.00024,18.43962,18.43962,False,0.00735,-0.00955,-0.00737,0.49871,0.00819,-0.00737,0.49871,0.00819,54.0039,0.4988358,0.00923703,81309.504,80000.016,-1309.504,-0.016,False,False,-0.00814
383.54,TGO,THRUST,80000.001,28.8975958,0.0715555,-849.238,3E-05,-71.37029,2278.9091,2278.93164,0.02254,0.00023,18.43082,18.43082,False,0.00734,-0.00954,-0.00736,0.49887,0.00819,-0.00736,0.49887,0.00819,54.00509,0.498991,0.0092397,81308.262,80000.016,-1308.262,-0.016,False,False,-0.00896
383.68,TGO,THRUST,80000.001,28.8986931,0.0714872,-848.427,5E-05,-71.33696,2278.9091,2278.93164,0.02253,0.00023,18.42202,18.42202,False,0.00733,-0.00953,-0.00736,0.49903,0.00819,-0.00736,0.49903,0.00819,54.0063,0.4991464,0.00924237,81307.023,80000.016,-1307.023,-0.016,False,False,-0.01005
383.84,TGO,THRUST,80000.001,28.8999469,0.0714091,-847.501,6E-05,-71.29887,2278.90912,2278.93164,0.02252,0.00023,18.41196,18.41196,False,0.00732,-0.00952,-0.00735,0.4992,0.00818,-0.00735,0.4992,0.00818,54.00767,0.4993243,0.00924543,81305.616,80000.016,-1305.616,-0.016,False,False,-0.01153
383.98,TGO,THRUST,80000.001,28.9010437,0.0713408,-846.69,7E-05,-71.26552,2278.90913,2278.93164,0.0225,0.00023,18.40315,18.40315,False,0.00732,-0.00951,-0.00735,0.49936,0.00817,-0.00735,0.49936,0.00817,54.00888,0.4994806,0.00924812,81304.388,80000.016,-1304.388,-0.016,False,False,-0.01278
384.12,TGO,THRUST,80000.001,28.9021403,0.0712726,-845.88,8E-05,-71.23217,2278.90915,2278.93164,0.02248,0.00023,18.39434,18.39434,False,0.00731,-0.0095,-0.00734,0.49952,0.00817,-0.00734,0.49952,0.00817,54.01008,0.4996368,0.00925081,81303.163,80000.016,-1303.163,-0.016,False,False,-0.01393
384.26,TGO,THRUST,80000.001,28.9032366,0.0712043,-845.069,9E-05,-71.19881,2278.90917,2278.93164,0.02246,0.00023,18.38553,18.38553,False,0.0073,-0.00949,-0.00734,0.49967,0.00816,-0.00734,0.49967,0.00816,54.01128,0.4997933,0.0092535,81301.939,80000.016,-1301.939,-0.016,False,False,-0.01492
384.42,TGO,THRUST,80000.001,28.9044893,0.0711263,-844.144,0.0001,-71.16066,2278.9092,2278.93164,0.02244,0.00023,18.37546,18.37546,False,0.0073,-0.00948,-0.00733,0.49985,0.00815,-0.00733,0.49985,0.00815,54.01266,0.4999723,0.00925658,81300.542,80000.016,-1300.542,-0.016,False,False,-0.0158
384.56,TGO,THRUST,80000.001,28.9055851,0.071058,-843.334,0.00011,-71.12728,2278.90922,2278.93164,0.02242,0.00023,18.36664,18.36664,False,0.00729,-0.00947,-0.00733,0.50001,0.00814,-0.00733,0.50001,0.00814,54.01387,0.5001297,0.00925928,81299.321,80000.016,-1299.321,-0.016,False,False,-0.01643
384.7,TGO,THRUST,80000.001,28.9066807,0.0709898,-842.524,0.00012,-71.09389,2278.90924,2278.93164,0.0224,0.00023,18.35782,18.35782,False,0.00728,-0.00946,-0.00733,0.50017,0.00814,-0.00733,0.50017,0.00814,54.01507,0.5002869,0.00926199,81298.099,80000.016,-1298.099,-0.016,False,False,-0.01687
384.84,TGO,THRUST,80000.001,28.9077761,0.0709216,-841.714,0.00013,-71.06048,2278.90926,2278.93164,0.02238,0.00023,18.349,18.349,False,0.00728,-0.00945,-0.00732,0.50032,0.00813,-0.00732,0.50032,0.00813,54.01628,0.5004443,0.00926469,81296.877,80000.016,-1296.877,-0.016,False,False,-0.01717
385,TGO,THRUST,80000.001,28.9090276,0.0708436,-840.789,0.00014,-71.02229,2278.90928,2278.93164,0.02236,0.00023,18.33891,18.33891,False,0.00727,-0.00944,-0.00731,0.50051,0.00812,-0.00731,0.50051,0.00812,54.01765,0.5006245,0.00926779,81295.481,80000.016,-1295.481,-0.016,False,False,-0.01734
385.14,TGO,THRUST,80000.001,28.9101224,0.0707754,-839.98,0.00014,-70.98887,2278.9093,2278.93164,0.02234,0.00023,18.33008,18.33008,False,0.00726,-0.00943,-0.00731,0.50066,0.00811,-0.00731,0.50066,0.00811,54.01886,0.5007829,0.00927052,81294.259,80000.016,-1294.259,-0.016,False,False,-0.01738
385.28,TGO,THRUST,80000.001,28.911217,0.0707072,-839.17,0.00014,-70.95543,2278.90932,2278.93164,0.02232,0.00023,18.32125,18.32125,False,0.00725,-0.00943,-0.0073,0.50082,0.00811,-0.0073,0.50082,0.00811,54.02007,0.5009411,0.00927324,81293.036,80000.016,-1293.036,-0.016,False,False,-0.01733
385.42,TGO,THRUST,80000.001,28.9123114,0.0706391,-838.361,0.00015,-70.92199,2278.90934,2278.93164,0.0223,0.00023,18.31241,18.31241,False,0.00725,-0.00942,-0.0073,0.50098,0.0081,-0.0073,0.50098,0.0081,54.02128,0.5010995,0.00927596,81291.813,80000.016,-1291.813,-0.016,False,False,-0.01717
385.58,TGO,THRUST,80000.001,28.9135618,0.0705612,-837.437,0.00015,-70.88375,2278.90936,2278.93164,0.02228,0.00023,18.30231,18.30231,False,0.00724,-0.00941,-0.00729,0.50116,0.00809,-0.00729,0.50116,0.00809,54.02265,0.5012808,0.00927908,81290.414,80000.016,-1290.414,-0.016,False,False,0.01694
385.72,TGO,THRUST,80000.001,28.9146557,0.070493,-836.628,0.00014,-70.85028,2278.90937,2278.93164,0.02226,0.00023,18.29347,18.29347,False,0.00723,-0.0094,-0.00728,0.50132,0.00809,-0.00728,0.50132,0.00809,54.02386,0.5014401,0.00928183,81289.189,80000.016,-1289.189,-0.016,False,False,0.01671
385.86,TGO,THRUST,80000.001,28.9157493,0.0704249,-835.819,0.00014,-70.81681,2278.90939,2278.93164,0.02225,0.00022,18.28463,18.28463,False,0.00723,-0.00939,-0.00727,0.50148,0.00808,-0.00727,0.50148,0.00808,54.02507,0.5015992,0.00928456,81287.963,80000.016,-1287.963,-0.016,False,False,0.01651
386,TGO,THRUST,80000.001,28.9168427,0.0703568,-835.011,0.00013,-70.78332,2278.9094,2278.93164,0.02224,0.00022,18.27579,18.27579,False,0.00722,-0.00938,-0.00727,0.50164,0.00807,-0.00727,0.50164,0.00807,54.02628,0.5017586,0.00928731,81286.736,80000.016,-1286.736,-0.016,False,False,0.01631
386.16,TGO,THRUST,80000.001,28.918092,0.0702789,-834.087,0.00012,-70.74503,2278.90942,2278.93164,0.02222,0.00022,18.26567,18.26567,False,0.00721,-0.00937,-0.00726,0.50182,0.00807,-0.00726,0.50182,0.00807,54.02766,0.501941,0.00929044,81285.332,80000.016,-1285.332,-0.016,False,False,0.01613
386.3,TGO,THRUST,80000.001,28.9191848,0.0702108,-833.279,0.00011,-70.71153,2278.90943,2278.93164,0.02221,0.00022,18.25682,18.25682,False,0.0072,-0.00936,-0.00725,0.50198,0.00806,-0.00725,0.50198,0.00806,54.02887,0.5021012,0.0092932,81284.101,80000.016,-1284.101,-0.016,False,False,0.01586
386.44,TGO,THRUST,80000.001,28.9202774,0.0701427,-832.471,9E-05,-70.67801,2278.90944,2278.93164,0.0222,0.00022,18.24797,18.24797,False,0.0072,-0.00935,-0.00724,0.50214,0.00806,-0.00724,0.50214,0.00806,54.03008,0.5022612,0.00929596,81282.869,80000.016,-1282.869,-0.016,False,False,0.01556
386.58,TGO,THRUST,80000.001,28.9213698,0.0700747,-831.663,8E-05,-70.64448,2278.90944,2278.93164,0.02219,0.00023,18.23911,18.23911,False,0.00719,-0.00934,-0.00723,0.5023,0.00806,-0.00723,0.5023,0.00806,54.03129,0.5024215,0.00929871,81281.634,80000.016,-1281.634,-0.016,False,False,0.01523
386.74,TGO,THRUST,80000.001,28.922618,0.0699969,-830.74,6E-05,-70.60614,2278.90945,2278.93164,0.02219,0.00022,18.22899,18.22899,False,0.00718,-0.00933,-0.00721,0.50249,0.00805,-0.00721,0.50249,0.00805,54.03268,0.5026049,0.00930187,81280.22,80000.016,-1280.22,-0.016,False,False,0.01478
386.88,TGO,THRUST,80000.001,28.9237099,0.0699288,-829.932,4E-05,-70.57259,2278.90945,2278.93164,0.02219,0.00022,18.22012,18.22012,False,0.00718,-0.00932,-0.0072,0.50265,0.00805,-0.0072,0.50265,0.00805,54.03389,0.5027661,0.00930464,81278.981,80000.016,-1278.981,-0.016,False,False,0.01439
387.02,TGO,THRUST,80000.001,28.9248015,0.0698608,-829.125,2E-05,-70.53903,2278.90945,2278.93164,0.02218,0.00022,18.21126,18.21126,False,0.00717,-0.00931,-0.00719,0.50281,0.00805,-0.00719,0.50281,0.00805,54.0351,0.502927,0.00930741,81277.738,80000.016,-1277.738,-0.016,False,False,0.01419
387.16,TGO,THRUST,80000.001,28.9258929,0.0697928,-828.318,1E-05,-70.50545,2278.90945,2278.93164,0.02219,0.00022,18.20239,18.20239,False,0.00716,-0.0093,-0.00718,0.50297,0.00805,-0.00718,0.50297,0.00805,54.03631,0.5030882,0.00931019,81276.491,80000.016,-1276.491,-0.016,False,False,0.01424
387.32,TGO,THRUST,80000.001,28.9271399,0.0697151,-827.395,-1E-05,-70.46707,2278.90944,2278.93164,0.0222,0.00022,18.19225,18.19225,False,0.00715,-0.00929,-0.00717,0.50316,0.00806,-0.00717,0.50316,0.00806,54.0377,0.5032727,0.00931336,81275.059,80000.016,-1275.059,-0.016,False,False,0.01458
387.46,TGO,THRUST,80000.001,28.9282308,0.0696471,-826.588,-3E-05,-70.43347,2278.90943,2278.93164,0.02221,0.00023,18.18338,18.18338,False,0.00715,-0.00928,-0.00716,0.50332,0.00806,-0.00716,0.50332,0.00806,54.03891,0.5034347,0.00931615,81273.804,80000.016,-1273.804,-0.016,False,False,0.01504
387.6,TGO,THRUST,80000.001,28.9293215,0.0695791,-825.781,-5E-05,-70.39987,2278.90941,2278.93164,0.02222,0.00023,18.1745,18.1745,False,0.00714,-0.00927,-0.00715,0.50348,0.00806,-0.00715,0.50348,0.00806,54.04012,0.5035965,0.00931894,81272.547,80000.016,-1272.547,-0.016,False,False,0.01557
387.74,TGO,THRUST,80000.001,28.9304119,0.0695111,-824.974,-6E-05,-70.36625,2278.9094,2278.93164,0.02224,0.00022,18.16562,18.16562,False,0.00713,-0.00927,-0.00714,0.50364,0.00807,-0.00714,0.50364,0.00807,54.04134,0.5037585,0.00932173,81271.289,80000.016,-1271.289,-0.016,False,False,0.01609
387.9,TGO,THRUST,80000.001,28.9316578,0.0694334,-824.053,-8E-05,-70.32781,2278.90938,2278.93164,0.02225,0.00022,18.15547,18.15547,False,0.00712,-0.00926,-0.00713,0.50383,0.00807,-0.00713,0.50383,0.00807,54.04273,0.5039439,0.00932492,81269.85,80000.016,-1269.85,-0.016,False,False,0.01662
388.04,TGO,THRUST,80000.001,28.9327476,0.0693655,-823.246,-0.0001,-70.29417,2278.90937,2278.93164,0.02227,0.00023,18.14658,18.14658,False,0.00712,-0.00925,-0.00711,0.50399,0.00808,-0.00711,0.50399,0.00808,54.04394,0.5041068,0.00932772,81268.59,80000.016,-1268.59,-0.016,False,False,0.01697
388.18,TGO,THRUST,80000.001,28.9338373,0.0692976,-822.44,-0.00011,-70.26052,2278.90935,2278.93164,0.02229,0.00023,18.13769,18.13769,False,0.00711,-0.00924,-0.0071,0.50415,0.00808,-0.0071,0.50415,0.00808,54.04516,0.5042694,0.00933052,81267.33,80000.016,-1267.33,-0.016,False,False,0.01722
388.32,TGO,THRUST,80000.001,28.9349267,0.0692296,-821.634,-0.00013,-70.22686,2278.90934,2278.93164,0.0223,0.00023,18.1288,18.1288,False,0.0071,-0.00923,-0.00709,0.50432,0.00809,-0.00709,0.50432,0.00809,54.04637,0.5044322,0.00933332,81266.071,80000.015,-1266.071,-0.015,False,False,0.01733
388.48,TGO,THRUST,80000.001,28.9361715,0.069152,-820.713,-0.00014,-70.18837,2278.90932,2278.93164,0.02232,0.00023,18.11864,18.11864,False,0.0071,-0.00922,-0.00708,0.5045,0.00809,-0.00708,0.5045,0.00809,54.04776,0.5046185,0.00933653,81264.632,80000.015,-1264.632,-0.015,False,False,0.01728
388.62,TGO,THRUST,80000.001,28.9372604,0.0690841,-819.907,-0.00016,-70.15469,2278.9093,2278.93164,0.02233,0.00023,18.10974,18.10974,False,0.00709,-0.00921,-0.00707,0.50467,0.0081,-0.00707,0.50467,0.0081,54.04898,0.5047822,0.00933935,81263.374,80000.015,-1263.374,-0.015,False,False,0.0171
388.76,TGO,THRUST,80000.001,28.938349,0.0690162,-819.101,-0.00017,-70.12099,2278.90929,2278.93164,0.02235,0.00023,18.10084,18.10084,False,0.00708,-0.0092,-0.00706,0.50483,0.0081,-0.00706,0.50483,0.0081,54.0502,0.5049455,0.00934216,81262.117,80000.015,-1262.117,-0.015,False,False,0.01678
388.9,TGO,THRUST,80000.001,28.9394375,0.0689484,-818.296,-0.00018,-70.08728,2278.90928,2278.93164,0.02236,0.00023,18.09194,18.09194,False,0.00707,-0.00919,-0.00705,0.50499,0.00811,-0.00705,0.50499,0.00811,54.05142,0.5051091,0.00934498,81260.86,80000.015,-1260.86,-0.015,False,False,0.01628
389.06,TGO,THRUST,80000.001,28.9406811,0.0688708,-817.375,-0.00019,-70.04874,2278.90926,2278.93164,0.02238,0.00023,18.08176,18.08176,False,0.00707,-0.00918,-0.00704,0.50518,0.00811,-0.00704,0.50518,0.00811,54.05281,0.5052963,0.0093482,81259.425,80000.015,-1259.425,-0.015,False,False,0.01554
389.2,TGO,THRUST,80000.001,28.941769,0.0688029,-816.57,-0.0002,-70.01501,2278.90925,2278.93164,0.02239,0.00023,18.07285,18.07285,False,0.00706,-0.00917,-0.00703,0.50535,0.00812,-0.00703,0.50535,0.00812,54.05403,0.5054607,0.00935103,81258.17,80000.015,-1258.17,-0.015,False,False,0.0147
389.34,TGO,THRUST,79999.998,28.9428567,0.0687351,-815.765,-0.00021,-69.98127,2278.90924,2278.93164,0.0224,0.00023,18.06394,18.06394,False,0.00705,-0.00916,-0.00702,0.50551,0.00812,-0.00702,0.50551,0.00812,54.05525,0.5056249,0.00935385,81256.917,80000.015,-1256.917,-0.015,False,False,0.01366
389.48,TGO,THRUST,79999.993,28.9439441,0.0686672,-814.959,-0.00021,-69.94751,2278.90924,2278.93165,0.0224,0.00023,18.05502,18.05502,False,0.00704,-0.00915,-0.0069,0.50568,0.00812,-0.0069,0.50568,0.00812,54.05647,0.5057918,0.00935673,81255.667,80000.009,-1255.667,-0.009,False,False,0.02376
389.64,TGO,THRUST,79999.993,28.9451866,0.0685897,-814.039,-0.00022,-69.90892,2278.90924,2278.93165,0.02241,0.00023,18.04482,18.04482,False,0.00704,-0.00914,-0.00686,0.50587,0.00812,-0.00686,0.50587,0.00812,54.05786,0.5059803,0.00935998,81254.239,80000.007,-1254.239,-0.007,False,False,0.02441
389.78,TGO,THRUST,79999.993,28.9462735,0.0685219,-813.235,-0.00022,-69.87515,2278.90923,2278.93165,0.02242,0.00023,18.0359,18.0359,False,0.00703,-0.00913,-0.00686,0.50603,0.00813,-0.00686,0.50603,0.00813,54.05908,0.5061453,0.00936282,81252.991,80000.007,-1252.991,-0.007,False,False,0.02244
389.92,TGO,THRUST,79999.993,28.9473602,0.0684541,-812.43,-0.00022,-69.84136,2278.90922,2278.93165,0.02243,0.00023,18.02698,18.02698,False,0.00702,-0.00912,-0.00685,0.5062,0.00813,-0.00685,0.5062,0.00813,54.0603,0.5063101,0.00936565,81251.745,80000.007,-1251.745,-0.007,False,False,0.02023
390.06,TGO,THRUST,79999.993,28.9484467,0.0683864,-811.626,-0.00022,-69.80756,2278.90922,2278.93165,0.02243,0.00023,18.01805,18.01805,False,0.00702,-0.00912,-0.00684,0.50636,0.00813,-0.00684,0.50636,0.00813,54.06152,0.506475,0.00936849,81250.501,80000.007,-1250.501,-0.007,False,False,0.01776
390.22,TGO,THRUST,79999.993,28.949688,0.0683089,-810.706,-0.00022,-69.76891,2278.90921,2278.93165,0.02243,0.00023,18.00785,18.00785,False,0.00701,-0.00911,-0.00684,0.50655,0.00813,-0.00684,0.50655,0.00813,54.06291,0.5066637,0.00937174,81249.082,80000.007,-1249.082,-0.007,False,False,0.01467
390.36,TGO,THRUST,79999.993,28.950774,0.0682411,-809.902,-0.00021,-69.73509,2278.90921,2278.93165,0.02244,0.00023,17.99891,17.99891,False,0.007,-0.0091,-0.00683,0.50672,0.00813,-0.00683,0.50672,0.00813,54.06414,0.5068294,0.0093746,81247.843,80000.007,-1247.843,-0.007,False,False,0.01176
390.5,TGO,THRUST,79999.993,28.9518597,0.0681734,-809.098,-0.0002,-69.70125,2278.90922,2278.93165,0.02243,0.00023,17.98998,17.98998,False,0.00699,-0.00909,-0.00683,0.50688,0.00813,-0.00683,0.50688,0.00813,54.06536,0.5069949,0.00937744,81246.606,80000.007,-1246.606,-0.007,False,False,0.00877
390.64,TGO,THRUST,79999.993,28.9529451,0.0681057,-808.294,-0.00018,-69.66741,2278.90922,2278.93165,0.02243,0.00023,17.98104,17.98104,False,0.00699,-0.00908,-0.00682,0.50705,0.00813,-0.00682,0.50705,0.00813,54.06658,0.5071605,0.00938029,81245.373,80000.007,-1245.373,-0.007,False,False,0.00608
390.8,TGO,THRUST,79999.993,28.9541853,0.0680283,-807.376,-0.00016,-69.62871,2278.90923,2278.93165,0.02242,0.00023,17.97082,17.97082,False,0.00698,-0.00907,-0.00682,0.50724,0.00812,-0.00682,0.50724,0.00812,54.06798,0.50735,0.00938356,81243.967,80000.007,-1243.967,-0.007,False,False,0.00513
390.94,TGO,THRUST,79999.993,28.9552702,0.0679606,-806.572,-0.00014,-69.59484,2278.90924,2278.93165,0.02241,0.00023,17.96187,17.96187,False,0.00697,-0.00906,-0.00682,0.50741,0.00812,-0.00682,0.50741,0.00812,54.0692,0.5075163,0.00938642,81242.742,80000.007,-1242.742,-0.007,False,False,-0.00655
391.08,TGO,THRUST,79999.993,28.9563549,0.0678929,-805.769,-0.00011,-69.56095,2278.90925,2278.93165,0.0224,0.00023,17.95293,17.95293,False,0.00697,-0.00905,-0.00682,0.50757,0.00812,-0.00682,0.50757,0.00812,54.07043,0.5076824,0.00938928,81241.524,80000.007,-1241.524,-0.007,False,False,-0.00878
391.22,TGO,THRUST,79999.993,28.9574394,0.0678252,-804.966,-8E-05,-69.52706,2278.90927,2278.93165,0.02238,0.00023,17.94398,17.94398,False,0.00696,-0.00904,-0.00682,0.50774,0.00811,-0.00682,0.50774,0.00811,54.07165,0.5078487,0.00939214,81240.308,80000.007,-1240.308,-0.007,False,False,-0.01112
391.38,TGO,THRUST,79999.993,28.9586785,0.0677479,-804.048,-4E-05,-69.48831,2278.90929,2278.93165,0.02236,0.00023,17.93374,17.93374,False,0.00695,-0.00903,-0.00682,0.50793,0.0081,-0.00682,0.50793,0.0081,54.07305,0.5080389,0.00939542,81238.92,80000.007,-1238.92,-0.007,False,False,-0.01355
391.52,TGO,THRUST,79999.994,28.9597624,0.0676802,-803.245,-1E-05,-69.45439,2278.90931,2278.93165,0.02234,0.00022,17.92478,17.92478,False,0.00694,-0.00902,-0.00682,0.5081,0.00809,-0.00682,0.5081,0.00809,54.07428,0.5082059,0.00939829,81237.707,80000.007,-1237.707,-0.007,False,False,-0.01541
391.66,TGO,THRUST,79999.994,28.9608461,0.0676125,-802.442,3E-05,-69.42046,2278.90933,2278.93165,0.02232,0.00023,17.91582,17.91582,False,0.00694,-0.00901,-0.00682,0.50826,0.00809,-0.00682,0.50826,0.00809,54.0755,0.5083726,0.00940116,81236.496,80000.007,-1236.496,-0.007,False,False,-0.01699
391.8,TGO,THRUST,79999.994,28.9619295,0.0675449,-801.639,6E-05,-69.38652,2278.90935,2278.93165,0.0223,0.00023,17.90686,17.90686,False,0.00693,-0.009,-0.00682,0.50843,0.00808,-0.00682,0.50843,0.00808,54.07673,0.5085395,0.00940404,81235.285,80000.007,-1235.285,-0.007,False,False,-0.01835
391.96,TGO,THRUST,79999.994,28.9631675,0.0674676,-800.722,0.0001,-69.34771,2278.90938,2278.93165,0.02227,0.00022,17.89661,17.89661,False,0.00692,-0.00899,-0.00683,0.50862,0.00807,-0.00683,0.50862,0.00807,54.07813,0.5087305,0.00940732,81233.9,80000.007,-1233.9,-0.007,False,False,-0.01957
392.1,TGO,THRUST,79999.994,28.9642504,0.0674,-799.92,0.00014,-69.31374,2278.9094,2278.93165,0.02225,0.00022,17.88764,17.88764,False,0.00692,-0.00898,-0.00683,0.50879,0.00806,-0.00683,0.50879,0.00806,54.07936,0.5088981,0.00941021,81232.689,80000.007,-1232.689,-0.007,False,False,-0.02043
392.24,TGO,THRUST,79999.994,28.9653331,0.0673324,-799.117,0.00017,-69.27977,2278.90942,2278.93165,0.02223,0.00022,17.87867,17.87867,False,0.00691,-0.00898,-0.00683,0.50896,0.00805,-0.00683,0.50896,0.00805,54.08059,0.5090655,0.00941309,81231.478,80000.007,-1231.478,-0.007,False,False,-0.02103
392.38,TGO,THRUST,79999.994,28.9664155,0.0672648,-798.315,0.0002,-69.24577,2278.90944,2278.93165,0.02221,0.00022,17.8697,17.8697,False,0.0069,-0.00897,-0.00683,0.50912,0.00805,-0.00683,0.50912,0.00805,54.08181,0.509233,0.00941598,81230.267,80000.007,-1230.267,-0.007,False,False,-0.02141
392.54,TGO,THRUST,79999.994,28.9676523,0.0671876,-797.398,0.00024,-69.20691,2278.90946,2278.93165,0.02219,0.00022,17.85943,17.85943,False,0.00689,-0.00896,-0.00683,0.50932,0.00804,-0.00683,0.50932,0.00804,54.08322,0.5094247,0.00941927,81228.882,80000.007,-1228.882,-0.007,False,False,-0.02159
392.68,TGO,THRUST,79999.994,28.9687341,0.06712,-796.597,0.00027,-69.1729,2278.90948,2278.93165,0.02217,0.00022,17.85045,17.85045,False,0.00689,-0.00895,-0.00683,0.50948,0.00803,-0.00683,0.50948,0.00803,54.08445,0.5095929,0.00942217,81227.669,80000.007,-1227.669,-0.007,False,False,-0.02147
392.82,TGO,THRUST,79999.994,28.9698158,0.0670525,-795.795,0.0003,-69.13887,2278.90949,2278.93165,0.02215,0.00022,17.84147,17.84147,False,0.00688,-0.00894,-0.00683,0.50965,0.00803,-0.00683,0.50965,0.00803,54.08568,0.5097609,0.00942506,81226.456,80000.007,-1226.456,-0.007,False,False,-0.0211
392.96,TGO,THRUST,79999.994,28.9708972,0.0669849,-794.993,0.00033,-69.10483,2278.90951,2278.93165,0.02214,0.00022,17.83248,17.83248,False,0.00687,-0.00893,-0.00683,0.50982,0.00802,-0.00683,0.50982,0.00802,54.08691,0.509929,0.00942796,81225.242,80000.007,-1225.242,-0.007,False,False,-0.02048
393.12,TGO,THRUST,79999.994,28.9721328,0.0669078,-794.077,0.00036,-69.06591,2278.90953,2278.93165,0.02212,0.00022,17.8222,17.8222,False,0.00687,-0.00892,-0.00683,0.51001,0.00801,-0.00683,0.51001,0.00801,54.08831,0.5101214,0.00943127,81223.853,80000.007,-1223.853,-0.007,False,False,-0.01945
393.26,TGO,THRUST,79999.994,28.9732137,0.0668403,-793.276,0.00039,-69.03185,2278.90954,2278.93165,0.02211,0.00022,17.81321,17.81321,False,0.00686,-0.00891,-0.00683,0.51018,0.00801,-0.00683,0.51018,0.00801,54.08955,0.5102902,0.00943417,81222.636,80000.007,-1222.636,-0.007,False,False,-0.01829
393.4,TGO,THRUST,79999.994,28.9742943,0.0667727,-792.475,0.00041,-68.99777,2278.90956,2278.93165,0.02209,0.00022,17.80421,17.80421,False,0.00685,-0.0089,-0.00683,0.51035,0.008,-0.00683,0.51035,0.008,54.09078,0.5104588,0.00943708,81221.417,80000.007,-1221.417,-0.007,False,False,-0.01683
393.54,TGO,THRUST,79999.994,28.9753747,0.0667053,-791.674,0.00043,-68.96369,2278.90957,2278.93165,0.02208,0.00022,17.79521,17.79521,False,0.00685,-0.00889,-0.00683,0.51052,0.008,-0.00683,0.51052,0.008,54.09201,0.5106275,0.00943998,81220.197,80000.007,-1220.197,-0.007,False,False,-0.01512
393.7,TGO,THRUST,79999.994,28.9766092,0.0666281,-790.759,0.00045,-68.92471,2278.90958,2278.93165,0.02207,0.00022,17.78492,17.78492,False,0.00684,-0.00888,-0.00683,0.51071,0.00799,-0.00683,0.51071,0.00799,54.09342,0.5108205,0.0094433,81218.8,80000.007,-1218.8,-0.007,False,False,-0.01282
393.84,TGO,THRUST,79999.994,28.977689,0.0665607,-789.958,0.00047,-68.8906,2278.90958,2278.93165,0.02206,0.00022,17.77591,17.77591,False,0.00683,-0.00887,-0.00682,0.51088,0.00799,-0.00682,0.51088,0.00799,54.09465,0.5109899,0.00944622,81217.575,80000.007,-1217.575,-0.007,False,False,-0.0106
393.98,TGO,THRUST,79999.989,28.9787686,0.0664932,-789.157,0.00048,-68.85647,2278.90959,2278.93165,0.02206,0.00022,17.7669,17.7669,False,0.00682,-0.00886,-0.00682,0.51105,0.00799,-0.00682,0.51105,0.00799,54.09588,0.511159,0.00944913,81216.348,80000.007,-1216.348,-0.007,False,False,-0.00816
394.12,TGO,THRUST,79999.986,28.979848,0.0664257,-788.356,0.00049,-68.82233,2278.90961,2278.93166,0.02205,0.00022,17.75789,17.75789,False,0.00682,-0.00885,-0.00667,0.51123,0.00799,-0.00667,0.51123,0.00799,54.09712,0.5113317,0.00945211,81215.121,80000,-1215.121,0,False,False,0.01768
394.28,TGO,THRUST,79999.986,28.9810812,0.0663486,-787.442,0.00049,-68.7833,2278.90961,2278.93166,0.02205,0.00022,17.74758,17.74758,False,0.00681,-0.00884,-0.00666,0.51142,0.00798,-0.00666,0.51142,0.00798,54.09853,0.5115253,0.00945544,81213.712,80000,-1213.712,0,False,False,0.01793
394.42,TGO,THRUST,79999.986,28.98216,0.0662812,-786.641,0.00048,-68.74914,2278.90961,2278.93166,0.02205,0.00022,17.73856,17.73856,False,0.0068,-0.00884,-0.00665,0.51159,0.00799,-0.00665,0.51159,0.00799,54.09976,0.5116952,0.00945836,81212.474,80000,-1212.474,0,False,False,0.0173
394.56,TGO,THRUST,79999.986,28.9832386,0.0662138,-785.841,0.00047,-68.71496,2278.9096,2278.93166,0.02206,0.00022,17.72954,17.72954,False,0.0068,-0.00883,-0.00664,0.51176,0.00799,-0.00664,0.51176,0.00799,54.101,0.5118647,0.00946128,81211.231,80000,-1211.231,0,False,False,0.01639
394.7,TGO,THRUST,79999.987,28.984317,0.0661464,-785.041,0.00047,-68.68077,2278.90959,2278.93166,0.02207,0.00022,17.72051,17.72051,False,0.00679,-0.00882,-0.00664,0.51193,0.00799,-0.00664,0.51193,0.00799,54.10223,0.5120345,0.0094642,81209.986,80000,-1209.986,0,False,False,0.01522
394.86,TGO,THRUST,79999.987,28.985549,0.0660694,-784.127,0.00047,-68.64169,2278.90957,2278.93166,0.02209,0.00022,17.71019,17.71019,False,0.00678,-0.00881,-0.00663,0.51212,0.008,-0.00663,0.51212,0.008,54.10365,0.5122286,0.00946754,81208.56,80000,-1208.56,0,False,False,0.01375
395,TGO,THRUST,79999.987,28.9866268,0.066002,-783.328,0.00048,-68.60747,2278.90956,2278.93166,0.0221,0.00022,17.70116,17.70116,False,0.00677,-0.0088,-0.00663,0.51229,0.008,-0.00663,0.51229,0.008,54.10488,0.512399,0.00947048,81207.311,80000,-1207.311,0,False,False,0.01235
395.14,TGO,THRUST,79999.987,28.9877044,0.0659347,-782.528,0.00048,-68.57325,2278.90954,2278.93166,0.02212,0.00022,17.69213,17.69213,False,0.00677,-0.00879,-0.00662,0.51246,0.00801,-0.00662,0.51246,0.00801,54.10612,0.5125691,0.0094734,81206.061,80000,-1206.061,0,False,False,0.01092
395.28,TGO,THRUST,79999.987,28.9887817,0.0658673,-781.729,0.00049,-68.53901,2278.90953,2278.93166,0.02213,0.00022,17.68309,17.68309,False,0.00676,-0.00878,-0.00662,0.51263,0.00801,-0.00662,0.51263,0.00801,54.10735,0.5127394,0.00947633,81204.811,80000,-1204.811,0,False,False,0.00969
395.44,TGO,THRUST,79999.987,28.9900126,0.0657904,-780.816,0.00051,-68.49986,2278.90951,2278.93166,0.02215,0.00022,17.67276,17.67276,False,0.00675,-0.00877,-0.00662,0.51283,0.00802,-0.00662,0.51283,0.00802,54.10877,0.5129341,0.00947968,81203.382,80000,-1203.382,0,False,False,0.00907
395.58,TGO,THRUST,79999.987,28.9910893,0.065723,-780.017,0.00053,-68.4656,2278.90949,2278.93166,0.02216,0.00022,17.66371,17.66371,False,0.00674,-0.00876,-0.00662,0.513,0.00802,-0.00662,0.513,0.00802,54.11001,0.513105,0.00948263,81202.132,80000,-1202.132,0,False,False,0.00917
395.72,TGO,THRUST,79999.987,28.9921658,0.0656557,-779.218,0.00055,-68.43132,2278.90948,2278.93166,0.02218,0.00022,17.65466,17.65466,False,0.00674,-0.00875,-0.00662,0.51317,0.00803,-0.00662,0.51317,0.00803,54.11125,0.5132755,0.00948556,81200.883,80000,-1200.883,0,False,False,-0.00968
395.86,TGO,THRUST,79999.987,28.9932421,0.0655884,-778.419,0.00058,-68.39703,2278.90946,2278.93166,0.0222,0.00022,17.64561,17.64561,False,0.00673,-0.00874,-0.00662,0.51334,0.00803,-0.00662,0.51334,0.00803,54.11248,0.5134463,0.0094885,81199.634,80000,-1199.634,0,False,False,-0.01038
396.02,TGO,THRUST,79999.988,28.9944718,0.0655115,-777.506,0.00061,-68.35782,2278.90945,2278.93166,0.02221,0.00022,17.63526,17.63526,False,0.00672,-0.00873,-0.00662,0.51354,0.00804,-0.00662,0.51354,0.00804,54.1139,0.5136415,0.00949186,81198.207,80000,-1198.207,0,False,False,-0.01118
396.16,TGO,THRUST,79999.988,28.9955475,0.0654442,-776.708,0.00063,-68.32351,2278.90943,2278.93166,0.02223,0.00022,17.62621,17.62621,False,0.00672,-0.00872,-0.00662,0.51371,0.00804,-0.00662,0.51371,0.00804,54.11514,0.5138128,0.00949481,81196.96,80000.001,-1196.96,-0.001,False,False,-0.01183
396.3,TGO,THRUST,79999.988,28.996623,0.065377,-775.91,0.00066,-68.28918,2278.90942,2278.93166,0.02224,0.00022,17.61715,17.61715,False,0.00671,-0.00871,-0.00662,0.51388,0.00805,-0.00662,0.51388,0.00805,54.11638,0.5139839,0.00949775,81195.714,80000.001,-1195.714,-0.001,False,False,-0.01232
396.44,TGO,THRUST,79999.988,28.9976982,0.0653097,-775.111,0.00069,-68.25484,2278.90941,2278.93166,0.02225,0.00022,17.60808,17.60808,False,0.0067,-0.00871,-0.00662,0.51405,0.00805,-0.00662,0.51405,0.00805,54.11763,0.514155,0.00950069,81194.47,80000.001,-1194.47,-0.001,False,False,-0.01266
396.6,TGO,THRUST,79999.988,28.9989267,0.0652329,-774.199,0.00072,-68.21558,2278.90939,2278.93166,0.02226,0.00022,17.59772,17.59772,False,0.00669,-0.0087,-0.00662,0.51425,0.00806,-0.00662,0.51425,0.00806,54.11904,0.5143507,0.00950406,81193.049,80000.001,-1193.049,-0.001,False,False,-0.01286
396.74,TGO,THRUST,79999.988,29.0000013,0.0651656,-773.401,0.00074,-68.18121,2278.90938,2278.93166,0.02227,0.00022,17.58865,17.58865,False,0.00669,-0.00869,-0.00662,0.51442,0.00806,-0.00662,0.51442,0.00806,54.12028,0.5145225,0.00950702,81191.807,80000.001,-1191.807,-0.001,False,False,-0.01281
396.88,TGO,THRUST,79999.988,29.0010758,0.0650984,-772.604,0.00077,-68.14683,2278.90938,2278.93166,0.02228,0.00022,17.57957,17.57957,False,0.00668,-0.00868,-0.00663,0.51459,0.00806,-0.00663,0.51459,0.00806,54.12153,0.514694,0.00950997,81190.568,80000.001,-1190.568,-0.001,False,False,-0.01266
397.02,TGO,THRUST,79999.988,29.0021499,0.0650312,-771.806,0.00079,-68.11244,2278.90937,2278.93166,0.02229,0.00022,17.5705,17.5705,False,0.00667,-0.00867,-0.00663,0.51476,0.00806,-0.00663,0.51476,0.00806,54.12277,0.5148655,0.00951292,81189.33,80000.001,-1189.33,-0.001,False,False,-0.01234
397.18,TGO,THRUST,79999.988,29.0033772,0.0649544,-770.895,0.00082,-68.07311,2278.90936,2278.93166,0.0223,0.00022,17.56012,17.56012,False,0.00667,-0.00866,-0.00663,0.51496,0.00806,-0.00663,0.51496,0.00806,54.12419,0.5150617,0.00951629,81187.919,80000.001,-1187.919,-0.001,False,False,-0.01186
397.32,TGO,THRUST,79999.989,29.0044508,0.0648872,-770.097,0.00085,-68.0387,2278.90936,2278.93166,0.0223,0.00022,17.55104,17.55104,False,0.00666,-0.00865,-0.00663,0.51513,0.00807,-0.00663,0.51513,0.00807,54.12543,0.5152339,0.00951926,81186.686,80000.001,-1186.686,-0.001,False,False,-0.01136
397.46,TGO,THRUST,79999.989,29.0055242,0.0648201,-769.3,0.00087,-68.00426,2278.90936,2278.93166,0.0223,0.00022,17.54195,17.54195,False,0.00665,-0.00864,-0.00663,0.5153,0.00807,-0.00663,0.5153,0.00807,54.12668,0.5154058,0.00952221,81185.456,80000.001,-1185.456,-0.001,False,False,-0.01087
397.6,TGO,THRUST,79999.989,29.0065973,0.0647529,-768.503,0.00089,-67.96982,2278.90936,2278.93166,0.0223,0.00022,17.53286,17.53286,False,0.00664,-0.00863,-0.00663,0.51547,0.00806,-0.00663,0.51547,0.00806,54.12792,0.5155777,0.00952517,81184.229,80000.001,-1184.229,-0.001,False,False,-0.01046
397.76,TGO,THRUST,79999.989,29.0078234,0.0646762,-767.592,0.00091,-67.93044,2278.90936,2278.93166,0.02229,0.00022,17.52247,17.52247,False,0.00664,-0.00862,-0.00663,0.51567,0.00806,-0.00663,0.51567,0.00806,54.12935,0.5157744,0.00952855,81182.831,80000.002,-1182.831,-0.002,False,False,-0.01027
397.9,TGO,THRUST,79999.989,29.0088959,0.064609,-766.795,0.00093,-67.89597,2278.90937,2278.93166,0.02229,0.00022,17.51337,17.51337,False,0.00663,-0.00861,-0.00663,0.51584,0.00806,-0.00663,0.51584,0.00806,54.13059,0.515947,0.00953152,81181.61,80000.002,-1181.61,-0.002,False,False,-0.01048
398.04,TGO,THRUST,79999.989,29.0099682,0.0645419,-765.999,0.00095,-67.86148,2278.90938,2278.93166,0.02228,0.00022,17.50427,17.50427,False,0.00662,-0.0086,-0.00663,0.51601,0.00806,-0.00663,0.51601,0.00806,54.13184,0.5161192,0.00953448,81180.396,80000.002,-1180.396,-0.002,False,False,-0.01099
398.18,TGO,THRUST,79999.989,29.0110403,0.0644748,-765.202,0.00097,-67.82699,2278.9094,2278.93166,0.02226,0.00022,17.49517,17.49517,False,0.00662,-0.00859,-0.00663,0.51619,0.00805,-0.00663,0.51619,0.00805,54.13308,0.5162915,0.00953745,81179.187,80000.002,-1179.187,-0.002,False,False,-0.01165
398.34,TGO,THRUST,79999.989,29.0122652,0.0643981,-764.292,0.00098,-67.78755,2278.90942,2278.93166,0.02224,0.00022,17.48476,17.48476,False,0.00661,-0.00858,-0.00663,0.51638,0.00804,-0.00663,0.51638,0.00804,54.13451,0.5164885,0.00954084,81177.81,80000.002,-1177.81,-0.002,False,False,-0.01253
398.48,TGO,THRUST,79999.99,29.0133366,0.064331,-763.496,0.001,-67.75303,2278.90944,2278.93166,0.02222,0.00022,17.47565,17.47565,False,0.0066,-0.00858,-0.00662,0.51656,0.00804,-0.00662,0.51656,0.00804,54.13576,0.5166614,0.00954381,81176.606,80000.002,-1176.606,-0.002,False,False,-0.01321
398.62,TGO,THRUST,79999.99,29.0144079,0.064264,-762.7,0.00101,-67.71849,2278.90946,2278.93166,0.0222,0.00022,17.46654,17.46654,False,0.0066,-0.00857,-0.00662,0.51673,0.00803,-0.00662,0.51673,0.00803,54.137,0.516834,0.00954678,81175.404,80000.002,-1175.404,-0.002,False,False,-0.01391
398.76,TGO,THRUST,79999.99,29.0154788,0.0641969,-761.904,0.00102,-67.68394,2278.90948,2278.93166,0.02218,0.00022,17.45742,17.45742,False,0.00659,-0.00856,-0.00662,0.5169,0.00802,-0.00662,0.5169,0.00802,54.13825,0.5170067,0.00954975,81174.203,80000.003,-1174.203,-0.003,False,False,-0.0145
398.92,TGO,THRUST,79999.99,29.0167025,0.0641203,-760.995,0.00102,-67.64444,2278.9095,2278.93166,0.02215,0.00022,17.447,17.447,False,0.00658,-0.00855,-0.00662,0.5171,0.00801,-0.00662,0.5171,0.00801,54.13968,0.5172042,0.00955314,81172.831,80000.003,-1172.831,-0.003,False,False,-0.01515
399.06,TGO,THRUST,79999.99,29.0177729,0.0640532,-760.199,0.00103,-67.60987,2278.90953,2278.93165,0.02213,0.00022,17.43788,17.43788,False,0.00657,-0.00854,-0.00661,0.51727,0.008,-0.00661,0.51727,0.008,54.14093,0.5173775,0.00955613,81171.631,80000.003,-1171.631,-0.003,False,False,-0.0157
399.2,TGO,THRUST,79999.99,29.018843,0.0639862,-759.404,0.00103,-67.57528,2278.90955,2278.93165,0.02211,0.00022,17.42875,17.42875,False,0.00657,-0.00853,-0.00661,0.51745,0.00799,-0.00661,0.51745,0.00799,54.14218,0.5175504,0.0095591,81170.43,80000.003,-1170.43,-0.003,False,False,0.01628
399.34,TGO,THRUST,79999.99,29.0199129,0.0639192,-758.608,0.00103,-67.54067,2278.90957,2278.93165,0.02209,0.00022,17.41962,17.41962,False,0.00656,-0.00852,-0.0066,0.51762,0.00799,-0.0066,0.51762,0.00799,54.14342,0.5177235,0.00956207,81169.23,80000.003,-1169.23,-0.003,False,False,0.01695
399.5,TGO,THRUST,79999.99,29.0211353,0.0638426,-757.7,0.00102,-67.50111,2278.90959,2278.93165,0.02206,0.00022,17.40919,17.40919,False,0.00655,-0.00851,-0.0066,0.51782,0.00798,-0.0066,0.51782,0.00798,54.14486,0.5179213,0.00956548,81167.857,80000.003,-1167.857,-0.003,False,False,0.01773
399.64,TGO,THRUST,79999.991,29.0222046,0.0637756,-756.905,0.00101,-67.46649,2278.90961,2278.93165,0.02204,0.00022,17.40005,17.40005,False,0.00655,-0.0085,-0.00659,0.51799,0.00797,-0.00659,0.51799,0.00797,54.14611,0.518095,0.00956846,81166.656,80000.003,-1166.656,-0.003,False,False,0.01839
399.78,TGO,THRUST,79999.985,29.0232737,0.0637087,-756.11,0.001,-67.43184,2278.90963,2278.93165,0.02202,0.00021,17.39091,17.39091,False,0.00654,-0.00849,-0.00658,0.51817,0.00796,-0.00658,0.51817,0.00796,54.14736,0.5182683,0.00957144,81165.454,80000.003,-1165.454,-0.003,False,False,0.01894
399.92,TGO,THRUST,79999.983,29.0243425,0.0636417,-755.314,0.00098,-67.39719,2278.90967,2278.93167,0.02199,0.00021,17.38176,17.38176,False,0.00653,-0.00848,-0.00642,0.51834,0.00795,-0.00642,0.51834,0.00795,54.14861,0.5184454,0.00957449,81164.255,79999.996,-1164.255,0.004,False,False,0.03153
400.08,TGO,THRUST,79999.983,29.0255637,0.0635651,-754.406,0.00096,-67.35757,2278.90969,2278.93167,0.02197,0.00021,17.37131,17.37131,False,0.00652,-0.00847,-0.00641,0.51854,0.00794,-0.00641,0.51854,0.00794,54.15004,0.5186436,0.0095779,81162.88,79999.996,-1162.88,0.004,False,False,0.03112
400.22,TGO,THRUST,79999.983,29.0266319,0.0634982,-753.612,0.00093,-67.32289,2278.90971,2278.93167,0.02196,0.00021,17.36216,17.36216,False,0.00652,-0.00846,-0.0064,0.51872,0.00794,-0.0064,0.51872,0.00794,54.15129,0.5188175,0.00958089,81161.675,79999.996,-1161.675,0.004,False,False,0.02976
400.36,TGO,THRUST,79999.983,29.0276999,0.0634313,-752.817,0.00091,-67.28819,2278.90973,2278.93167,0.02194,0.00021,17.35301,17.35301,False,0.00651,-0.00846,-0.00639,0.51889,0.00793,-0.00639,0.51889,0.00793,54.15255,0.518991,0.00958387,81160.469,79999.996,-1160.469,0.004,False,False,0.02777
400.5,TGO,THRUST,79999.982,29.0287676,0.0633644,-752.023,0.00089,-67.25348,2278.90974,2278.93167,0.02193,0.00021,17.34386,17.34386,False,0.0065,-0.00845,-0.00638,0.51906,0.00793,-0.00638,0.51906,0.00793,54.1538,0.5191646,0.00958685,81159.261,79999.996,-1159.261,0.004,False,False,0.02523
400.66,TGO,THRUST,79999.976,29.0299875,0.0632879,-751.115,0.00088,-67.2138,2278.90977,2278.93168,0.0219,0.00021,17.33338,17.33338,False,0.0065,-0.00844,-0.00625,0.51927,0.00792,-0.00625,0.51927,0.00792,54.15524,0.5193663,0.00959033,81157.882,79999.99,-1157.882,0.01,False,False,0.03423
400.8,TGO,THRUST,79999.976,29.0310547,0.063221,-750.321,0.00087,-67.17906,2278.90979,2278.93168,0.02189,0.00021,17.32422,17.32422,False,0.00649,-0.00843,-0.00621,0.51944,0.00791,-0.00621,0.51944,0.00791,54.15649,0.5195411,0.00959333,81156.671,79999.989,-1156.671,0.011,False,False,0.0331
400.94,TGO,THRUST,79999.976,29.0321216,0.0631541,-749.528,0.00087,-67.14431,2278.9098,2278.93168,0.02188,0.00021,17.31505,17.31505,False,0.00648,-0.00842,-0.00621,0.51962,0.00791,-0.00621,0.51962,0.00791,54.15774,0.5197149,0.00959632,81155.457,79999.989,-1155.457,0.011,False,False,0.02876
401.08,TGO,THRUST,79999.977,29.0331882,0.0630872,-748.734,0.00087,-67.10955,2278.9098,2278.93168,0.02187,0.00021,17.30588,17.30588,False,0.00648,-0.00841,-0.00621,0.51979,0.00791,-0.00621,0.51979,0.00791,54.159,0.5198887,0.0095993,81154.241,79999.989,-1154.241,0.011,False,False,0.02388
401.24,TGO,THRUST,79999.977,29.0344069,0.0630108,-747.827,0.00088,-67.0698,2278.90981,2278.93168,0.02187,0.00021,17.2954,17.2954,False,0.00647,-0.0084,-0.00621,0.51999,0.0079,-0.00621,0.51999,0.0079,54.16044,0.5200874,0.00960272,81152.848,79999.989,-1152.848,0.011,False,False,0.01804
401.38,TGO,THRUST,79999.977,29.0354729,0.062944,-747.034,0.0009,-67.03501,2278.90981,2278.93168,0.02187,0.00021,17.28623,17.28623,False,0.00646,-0.00839,-0.00621,0.52016,0.0079,-0.00621,0.52016,0.0079,54.16169,0.5202618,0.00960572,81151.626,79999.989,-1151.626,0.011,False,False,0.01318
401.52,TGO,THRUST,79999.977,29.0365387,0.0628771,-746.241,0.00093,-67.00021,2278.90981,2278.93168,0.02187,0.00021,17.27705,17.27705,False,0.00645,-0.00838,-0.00621,0.52034,0.0079,-0.00621,0.52034,0.0079,54.16295,0.5204359,0.00960871,81150.401,79999.989,-1150.401,0.011,False,False,0.00871
401.66,TGO,THRUST,79999.977,29.0376042,0.0628103,-745.448,0.00096,-66.96539,2278.9098,2278.93168,0.02188,0.00021,17.26787,17.26787,False,0.00645,-0.00837,-0.00622,0.52051,0.00791,-0.00622,0.52051,0.00791,54.16421,0.52061,0.0096117,81149.169,79999.989,-1149.169,0.011,False,False,0.0048
401.82,TGO,THRUST,79999.978,29.0388216,0.062734,-744.542,0.001,-66.92558,2278.90979,2278.93168,0.02189,0.00021,17.25737,17.25737,False,0.00644,-0.00836,-0.00622,0.52071,0.00791,-0.00622,0.52071,0.00791,54.16565,0.520809,0.00961512,81147.757,79999.99,-1147.757,0.01,False,False,0.00195
401.96,TGO,THRUST,79999.978,29.0398866,0.0626672,-743.749,0.00104,-66.89073,2278.90978,2278.93168,0.0219,0.00021,17.24818,17.24818,False,0.00643,-0.00835,-0.00623,0.52089,0.00791,-0.00623,0.52089,0.00791,54.16691,0.5209837,0.00961812,81146.519,79999.99,-1146.519,0.01,False,False,-0.00355
402.1,TGO,THRUST,79999.978,29.0409512,0.0626004,-742.957,0.00108,-66.85588,2278.90976,2278.93168,0.02191,0.00021,17.23899,17.23899,False,0.00643,-0.00834,-0.00623,0.52106,0.00792,-0.00623,0.52106,0.00792,54.16816,0.5211581,0.00962111,81145.279,79999.99,-1145.279,0.01,False,False,-0.00609
402.24,TGO,THRUST,79999.978,29.0420156,0.0625336,-742.164,0.00112,-66.821,2278.90975,2278.93167,0.02193,0.00021,17.22979,17.22979,False,0.00642,-0.00834,-0.00624,0.52123,0.00792,-0.00624,0.52123,0.00792,54.16942,0.5213325,0.00962411,81144.038,79999.99,-1144.038,0.01,False,False,-0.0084
402.4,TGO,THRUST,79999.978,29.0432318,0.0624574,-741.259,0.00117,-66.78113,2278.90973,2278.93167,0.02195,0.00021,17.21928,17.21928,False,0.00641,-0.00833,-0.00624,0.52143,0.00793,-0.00624,0.52143,0.00793,54.17086,0.5215319,0.00962753,81142.62,79999.99,-1142.62,0.01,False,False,-0.0107
402.54,TGO,THRUST,79999.979,29.0442956,0.0623906,-740.467,0.00121,-66.74623,2278.90971,2278.93167,0.02196,0.00021,17.21008,17.21008,False,0.0064,-0.00832,-0.00625,0.52161,0.00793,-0.00625,0.52161,0.00793,54.17212,0.5217068,0.00963054,81141.379,79999.99,-1141.379,0.01,False,False,-0.01243
402.68,TGO,THRUST,79999.979,29.0453591,0.0623239,-739.675,0.00125,-66.71132,2278.9097,2278.93167,0.02198,0.00021,17.20087,17.20087,False,0.0064,-0.00831,-0.00625,0.52178,0.00794,-0.00625,0.52178,0.00794,54.17338,0.5218814,0.00963354,81140.138,79999.99,-1140.138,0.01,False,False,-0.01383
402.82,TGO,THRUST,79999.979,29.0464224,0.0622572,-738.883,0.00129,-66.67639,2278.90968,2278.93167,0.02199,0.00021,17.19166,17.19166,False,0.00639,-0.0083,-0.00626,0.52196,0.00795,-0.00626,0.52196,0.00795,54.17465,0.522056,0.00963654,81138.897,79999.991,-1138.897,0.009,False,False,-0.01498
402.98,TGO,THRUST,79999.979,29.0476373,0.0621809,-737.978,0.00133,-66.63646,2278.90966,2278.93167,0.02201,0.00021,17.18113,17.18113,False,0.00638,-0.00829,-0.00627,0.52216,0.00795,-0.00627,0.52216,0.00795,54.17608,0.5222557,0.00963997,81137.48,79999.991,-1137.48,0.009,False,False,-0.01598
403.12,TGO,THRUST,79999.979,29.0487,0.0621143,-737.187,0.00137,-66.60151,2278.90965,2278.93167,0.02203,0.00021,17.17192,17.17192,False,0.00638,-0.00828,-0.00627,0.52233,0.00796,-0.00627,0.52233,0.00796,54.17735,0.5224309,0.00964298,81136.241,79999.991,-1136.241,0.009,False,False,-0.01657
403.26,TGO,THRUST,79999.98,29.0497624,0.0620476,-736.395,0.00141,-66.56654,2278.90963,2278.93167,0.02204,0.00021,17.1627,17.1627,False,0.00637,-0.00827,-0.00628,0.52251,0.00796,-0.00628,0.52251,0.00796,54.17861,0.5226057,0.00964598,81135.002,79999.991,-1135.002,0.009,False,False,-0.01691
403.4,TGO,THRUST,79999.98,29.0508246,0.0619809,-735.604,0.00144,-66.53156,2278.90962,2278.93167,0.02206,0.00022,17.15348,17.15348,False,0.00636,-0.00826,-0.00628,0.52268,0.00797,-0.00628,0.52268,0.00797,54.17988,0.5227805,0.00964898,81133.765,79999.991,-1133.765,0.009,False,False,-0.01696
403.56,TGO,THRUST,79999.98,29.0520381,0.0619047,-734.7,0.00148,-66.49156,2278.9096,2278.93167,0.02207,0.00022,17.14293,17.14293,False,0.00635,-0.00825,-0.00629,0.52288,0.00797,-0.00629,0.52288,0.00797,54.18132,0.5229804,0.00965241,81132.352,79999.992,-1132.352,0.008,False,False,-0.01666
403.7,TGO,THRUST,79999.98,29.0530996,0.0618381,-733.909,0.00151,-66.45655,2278.90959,2278.93167,0.02208,0.00022,17.1337,17.1337,False,0.00635,-0.00824,-0.00629,0.52306,0.00797,-0.00629,0.52306,0.00797,54.18258,0.5231558,0.00965542,81131.118,79999.992,-1131.118,0.008,False,False,-0.01609
403.84,TGO,THRUST,79999.98,29.0541609,0.0617715,-733.119,0.00154,-66.42153,2278.90958,2278.93167,0.02209,0.00022,17.12447,17.12447,False,0.00634,-0.00823,-0.0063,0.52323,0.00798,-0.0063,0.52323,0.00798,54.18385,0.5233309,0.00965843,81129.884,79999.992,-1129.884,0.008,False,False,-0.01523
403.98,TGO,THRUST,79999.981,29.055222,0.0617049,-732.328,0.00157,-66.38649,2278.90957,2278.93167,0.0221,0.00021,17.11523,17.11523,False,0.00633,-0.00822,-0.0063,0.52341,0.00798,-0.0063,0.52341,0.00798,54.18511,0.5235059,0.00966143,81128.653,79999.992,-1128.653,0.008,False,False,-0.01404
404.14,TGO,THRUST,79999.981,29.0564342,0.0616288,-731.425,0.0016,-66.34643,2278.90956,2278.93167,0.02211,0.00022,17.10467,17.10467,False,0.00633,-0.00821,-0.0063,0.52361,0.00798,-0.0063,0.52361,0.00798,54.18656,0.5237061,0.00966487,81127.249,79999.992,-1127.249,0.008,False,False,-0.01233
404.28,TGO,THRUST,79999.981,29.0574946,0.0615622,-730.634,0.00162,-66.31137,2278.90955,2278.93167,0.02212,0.00022,17.09543,17.09543,False,0.00632,-0.00821,-0.0063,0.52378,0.00798,-0.0063,0.52378,0.00798,54.18783,0.5238817,0.00966788,81126.022,79999.993,-1126.022,0.007,False,False,-0.01043
404.42,TGO,THRUST,79999.981,29.0585548,0.0614956,-729.844,0.00164,-66.27629,2278.90955,2278.93167,0.02212,0.00021,17.08619,17.08619,False,0.00631,-0.0082,-0.00631,0.52396,0.00799,-0.00631,0.52396,0.00799,54.18909,0.5240569,0.00967089,81124.798,79999.993,-1124.798,0.007,False,False,-0.00822
404.56,TGO,THRUST,79999.981,29.0596146,0.061429,-729.054,0.00166,-66.2412,2278.90955,2278.93167,0.02212,0.00022,17.07694,17.07694,False,0.0063,-0.00819,-0.00631,0.52413,0.00799,-0.00631,0.52413,0.00799,54.19036,0.5242321,0.0096739,81123.576,79999.993,-1123.576,0.007,False,False,-0.00566
404.72,TGO,THRUST,79999.982,29.0608256,0.061353,-728.152,0.00167,-66.20108,2278.90955,2278.93167,0.02212,0.00022,17.06636,17.06636,False,0.0063,-0.00818,-0.0063,0.52433,0.00799,-0.0063,0.52433,0.00799,54.19181,0.5244324,0.00967734,81122.183,79999.993,-1122.183,0.007,False,False,-0.00261
404.86,TGO,THRUST,79999.982,29.0618848,0.0612864,-727.362,0.00167,-66.16596,2278.90955,2278.93167,0.02212,0.00022,17.05711,17.05711,False,0.00629,-0.00817,-0.0063,0.52451,0.00798,-0.0063,0.52451,0.00798,54.19307,0.5246082,0.00968036,81120.967,79999.993,-1120.967,0.007,False,False,0.00022
405,TGO,THRUST,79999.982,29.0629438,0.0612199,-726.573,0.00167,-66.13083,2278.90956,2278.93167,0.02211,0.00021,17.04785,17.04785,False,0.00628,-0.00816,-0.0063,0.52469,0.00798,-0.0063,0.52469,0.00798,54.19434,0.5247836,0.00968336,81119.755,79999.994,-1119.755,0.006,False,False,0.00299
405.14,TGO,THRUST,79999.982,29.0640025,0.0611534,-725.783,0.00167,-66.09568,2278.90956,2278.93167,0.0221,0.00021,17.03858,17.03858,False,0.00628,-0.00815,-0.0063,0.52486,0.00798,-0.0063,0.52486,0.00798,54.19561,0.524959,0.00968637,81118.547,79999.994,-1118.547,0.006,False,False,0.00567
405.3,TGO,THRUST,79999.982,29.0652122,0.0610774,-724.881,0.00166,-66.0555,2278.90958,2278.93167,0.02209,0.00022,17.02799,17.02799,False,0.00627,-0.00814,-0.00629,0.52506,0.00797,-0.00629,0.52506,0.00797,54.19706,0.5251595,0.00968981,81117.174,79999.994,-1117.174,0.006,False,False,0.0085
405.44,TGO,THRUST,79999.983,29.0662702,0.0610109,-724.092,0.00165,-66.02033,2278.9096,2278.93167,0.02207,0.00022,17.01872,17.01872,False,0.00626,-0.00813,-0.00629,0.52524,0.00797,-0.00629,0.52524,0.00797,54.19833,0.5253354,0.00969283,81115.978,79999.994,-1115.978,0.006,False,False,0.0107
405.58,TGO,THRUST,79999.983,29.0673281,0.0609445,-723.303,0.00164,-65.98514,2278.90962,2278.93167,0.02205,0.00022,17.00945,17.00945,False,0.00626,-0.00812,-0.00628,0.52541,0.00796,-0.00628,0.52541,0.00796,54.1996,0.525511,0.00969585,81114.783,79999.995,-1114.783,0.005,False,False,0.01271
405.72,TGO,THRUST,79999.983,29.0683856,0.060878,-722.515,0.00163,-65.94993,2278.90964,2278.93167,0.02203,0.00021,17.00017,17.00017,False,0.00625,-0.00811,-0.00628,0.52559,0.00795,-0.00628,0.52559,0.00795,54.20087,0.5256865,0.00969886,81113.591,79999.995,-1113.591,0.005,False,False,0.01446
405.88,TGO,THRUST,79999.983,29.0695939,0.0608021,-721.613,0.00162,-65.90969,2278.90966,2278.93167,0.022,0.00021,16.98957,16.98957,False,0.00624,-0.0081,-0.00627,0.52579,0.00794,-0.00627,0.52579,0.00794,54.20233,0.5258872,0.0097023,81112.23,79999.995,-1112.23,0.005,False,False,0.01608
406.02,TGO,THRUST,79999.983,29.0706508,0.0607356,-720.825,0.0016,-65.87446,2278.90969,2278.93167,0.02198,0.00021,16.98028,16.98028,False,0.00623,-0.0081,-0.00627,0.52597,0.00793,-0.00627,0.52597,0.00793,54.2036,0.5260633,0.00970532,81111.04,79999.995,-1111.04,0.005,False,False,0.01724
406.16,TGO,THRUST,79999.984,29.0717075,0.0606692,-720.037,0.00159,-65.83921,2278.90971,2278.93167,0.02196,0.00021,16.971,16.971,False,0.00623,-0.00809,-0.00626,0.52614,0.00792,-0.00626,0.52614,0.00792,54.20487,0.526239,0.00970833,81109.851,79999.996,-1109.851,0.004,False,False,0.0182
406.3,TGO,THRUST,79999.984,29.0727639,0.0606028,-719.249,0.00157,-65.80396,2278.90973,2278.93167,0.02193,0.00021,16.96171,16.96171,False,0.00622,-0.00808,-0.00625,0.52632,0.00791,-0.00625,0.52632,0.00791,54.20614,0.5264147,0.00971135,81108.661,79999.996,-1108.661,0.004,False,False,0.01898
406.46,TGO,THRUST,79999.984,29.0739708,0.0605269,-718.348,0.00155,-65.76364,2278.90976,2278.93166,0.02191,0.00021,16.95108,16.95108,False,0.00621,-0.00807,-0.00625,0.52652,0.00791,-0.00625,0.52652,0.00791,54.2076,0.5266156,0.00971479,81107.301,79999.996,-1107.301,0.004,False,False,0.01969
406.6,TGO,THRUST,79999.984,29.0750266,0.0604606,-717.56,0.00154,-65.72836,2278.90978,2278.93166,0.02188,0.00021,16.94179,16.94179,False,0.00621,-0.00806,-0.00624,0.5267,0.0079,-0.00624,0.5267,0.0079,54.20887,0.5267918,0.00971782,81106.112,79999.996,-1106.112,0.004,False,False,0.02013
406.74,TGO,THRUST,79999.985,29.0760821,0.0603942,-716.773,0.00152,-65.69306,2278.9098,2278.93166,0.02186,0.00021,16.93249,16.93249,False,0.0062,-0.00805,-0.00623,0.52687,0.00789,-0.00623,0.52687,0.00789,54.21015,0.5269676,0.00972083,81104.921,79999.996,-1104.921,0.004,False,False,0.02039
406.88,TGO,THRUST,79999.985,29.0771373,0.0603278,-715.985,0.0015,-65.65775,2278.90982,2278.93166,0.02184,0.00021,16.92318,16.92318,False,0.00619,-0.00804,-0.00623,0.52705,0.00788,-0.00623,0.52705,0.00788,54.21142,0.5271435,0.00972385,81103.731,79999.997,-1103.731,0.003,False,False,0.02047
407.04,TGO,THRUST,79999.985,29.0783429,0.060252,-715.086,0.00149,-65.61737,2278.90985,2278.93166,0.02182,0.00021,16.91255,16.91255,False,0.00619,-0.00803,-0.00622,0.52725,0.00787,-0.00622,0.52725,0.00787,54.21287,0.5273445,0.00972729,81102.37,79999.997,-1102.37,0.003,False,False,0.02034
407.18,TGO,THRUST,79999.985,29.0793974,0.0601857,-714.298,0.00147,-65.58203,2278.90987,2278.93166,0.0218,0.00021,16.90323,16.90323,False,0.00618,-0.00802,-0.00622,0.52743,0.00786,-0.00622,0.52743,0.00786,54.21415,0.5275209,0.00973032,81101.178,79999.997,-1101.178,0.003,False,False,0.02004
407.32,TGO,THRUST,79999.986,29.0804517,0.0601194,-713.511,0.00145,-65.54667,2278.90989,2278.93166,0.02178,0.00021,16.89392,16.89392,False,0.00617,-0.00801,-0.00621,0.5276,0.00786,-0.00621,0.5276,0.00786,54.21543,0.5276969,0.00973333,81099.986,79999.997,-1099.986,0.003,False,False,0.01953
407.46,TGO,THRUST,79999.986,29.0815057,0.0600531,-712.725,0.00144,-65.5113,2278.90991,2278.93166,0.02176,0.0002,16.8846,16.8846,False,0.00617,-0.008,-0.0062,0.52778,0.00785,-0.0062,0.52778,0.00785,54.2167,0.5278729,0.00973635,81098.792,79999.997,-1098.792,0.003,False,False,0.01881
407.62,TGO,THRUST,79999.986,29.08271,0.0599773,-711.825,0.00142,-65.47086,2278.90992,2278.93166,0.02174,0.0002,16.87395,16.87395,False,0.00616,-0.00799,-0.0062,0.52798,0.00784,-0.0062,0.52798,0.00784,54.21816,0.528074,0.0097398,81097.426,79999.998,-1097.426,0.002,False,False,0.01775
407.76,TGO,THRUST,79999.986,29.0837633,0.0599111,-711.039,0.00141,-65.43546,2278.90994,2278.93166,0.02172,0.00021,16.86463,16.86463,False,0.00615,-0.00799,-0.00619,0.52816,0.00784,-0.00619,0.52816,0.00784,54.21944,0.5282506,0.00974283,81096.229,79999.998,-1096.229,0.002,False,False,0.01659
407.9,TGO,THRUST,79999.986,29.0848165,0.0598448,-710.253,0.00139,-65.40005,2278.90995,2278.93166,0.02171,0.0002,16.8553,16.8553,False,0.00614,-0.00798,-0.00619,0.52833,0.00783,-0.00619,0.52833,0.00783,54.22072,0.5284266,0.00974584,81095.031,79999.998,-1095.031,0.002,False,False,0.0152
408.04,TGO,THRUST,79999.987,29.0858693,0.0597786,-709.466,0.00138,-65.36462,2278.90996,2278.93166,0.0217,0.0002,16.84597,16.84597,False,0.00614,-0.00797,-0.00618,0.52851,0.00783,-0.00618,0.52851,0.00783,54.22199,0.5286027,0.00974886,81093.83,79999.998,-1093.83,0.002,False,False,0.01358
408.2,TGO,THRUST,79999.987,29.0870721,0.0597029,-708.568,0.00137,-65.32412,2278.90998,2278.93166,0.02168,0.00021,16.8353,16.8353,False,0.00613,-0.00796,-0.00617,0.52871,0.00782,-0.00617,0.52871,0.00782,54.22346,0.528804,0.00975231,81092.456,79999.998,-1092.456,0.002,False,False,0.0115
408.34,TGO,THRUST,79999.987,29.0881243,0.0596367,-707.782,0.00136,-65.28867,2278.90998,2278.93166,0.02168,0.0002,16.82596,16.82596,False,0.00612,-0.00795,-0.00617,0.52889,0.00782,-0.00617,0.52889,0.00782,54.22474,0.5289807,0.00975534,81091.25,79999.999,-1091.25,0.001,False,False,0.00945
408.48,TGO,THRUST,79999.987,29.0891762,0.0595705,-706.997,0.00135,-65.2532,2278.90999,2278.93166,0.02167,0.00021,16.81662,16.81662,False,0.00612,-0.00794,-0.00617,0.52906,0.00782,-0.00617,0.52906,0.00782,54.22602,0.5291569,0.00975836,81090.043,79999.999,-1090.043,0.001,False,False,0.00728
408.62,TGO,THRUST,79999.988,29.0902278,0.0595043,-706.211,0.00134,-65.21771,2278.90999,2278.93166,0.02167,0.00021,16.80727,16.80727,False,0.00611,-0.00793,-0.00616,0.52924,0.00782,-0.00616,0.52924,0.00782,54.22729,0.5293331,0.00976138,81088.832,79999.999,-1088.832,0.001,False,False,-0.00513
408.78,TGO,THRUST,79999.988,29.0914293,0.0594287,-705.313,0.00134,-65.17714,2278.90999,2278.93166,0.02167,0.00021,16.79659,16.79659,False,0.0061,-0.00792,-0.00616,0.52944,0.00782,-0.00616,0.52944,0.00782,54.22876,0.5295345,0.00976483,81087.445,79999.999,-1087.445,0.001,False,False,-0.0035
408.92,TGO,THRUST,79999.988,29.0924802,0.0593625,-704.528,0.00134,-65.14163,2278.90998,2278.93166,0.02167,0.0002,16.78724,16.78724,False,0.0061,-0.00791,-0.00616,0.52962,0.00782,-0.00616,0.52962,0.00782,54.23004,0.5297112,0.00976786,81086.224,79999.999,-1086.224,0.001,False,False,-0.0036
409.06,TGO,THRUST,79999.988,29.0935309,0.0592963,-703.743,0.00134,-65.1061,2278.90997,2278.93166,0.02168,0.0002,16.77788,16.77788,False,0.00609,-0.0079,-0.00615,0.52979,0.00782,-0.00615,0.52979,0.00782,54.23132,0.5298875,0.00977088,81084.999,80000,-1084.999,0,False,False,-0.00481
409.2,TGO,THRUST,79999.988,29.0945813,0.0592302,-702.958,0.00134,-65.07056,2278.90996,2278.93166,0.02169,0.0002,16.76852,16.76852,False,0.00608,-0.0079,-0.00615,0.52997,0.00782,-0.00615,0.52997,0.00782,54.2326,0.5300638,0.0097739,81083.773,80000,-1083.773,0,False,False,-0.00631
409.36,TGO,THRUST,79999.989,29.0957814,0.0591546,-702.061,0.00135,-65.02993,2278.90995,2278.93166,0.02171,0.0002,16.75782,16.75782,False,0.00607,-0.00789,-0.00615,0.53017,0.00783,-0.00615,0.53017,0.00783,54.23407,0.5302653,0.00977735,81082.369,80000,-1082.369,0,False,False,-0.00798
409.5,TGO,THRUST,79999.989,29.0968311,0.0590885,-701.277,0.00135,-64.99436,2278.90993,2278.93166,0.02172,0.0002,16.74846,16.74846,False,0.00607,-0.00788,-0.00615,0.53035,0.00783,-0.00615,0.53035,0.00783,54.23535,0.5304421,0.00978038,81081.14,80000,-1081.14,0,False,False,-0.00931
409.64,TGO,THRUST,79999.989,29.0978806,0.0590224,-700.492,0.00135,-64.95878,2278.90992,2278.93166,0.02174,0.00021,16.73909,16.73909,False,0.00606,-0.00787,-0.00615,0.53053,0.00784,-0.00615,0.53053,0.00784,54.23663,0.5306185,0.0097834,81079.91,80000,-1079.91,0,False,False,-0.01044
409.78,TGO,THRUST,79999.989,29.0989297,0.0589564,-699.708,0.00136,-64.92318,2278.9099,2278.93166,0.02175,0.0002,16.72971,16.72971,False,0.00605,-0.00786,-0.00614,0.5307,0.00784,-0.00614,0.5307,0.00784,54.23792,0.5307949,0.00978642,81078.68,80000.001,-1078.68,-0.001,False,False,-0.01142
409.94,TGO,THRUST,79999.989,29.1001284,0.0588809,-698.812,0.00136,-64.88248,2278.90989,2278.93166,0.02177,0.0002,16.719,16.719,False,0.00604,-0.00785,-0.00614,0.5309,0.00785,-0.00614,0.5309,0.00785,54.23939,0.5309964,0.00978987,81077.275,80000.001,-1077.275,-0.001,False,False,-0.01235
410.08,TGO,THRUST,79999.99,29.1011769,0.0588148,-698.028,0.00136,-64.84685,2278.90987,2278.93166,0.02178,0.00021,16.70962,16.70962,False,0.00604,-0.00784,-0.00614,0.53108,0.00785,-0.00614,0.53108,0.00785,54.24067,0.5311733,0.0097929,81076.045,80000.001,-1076.045,-0.001,False,False,-0.01297
410.22,TGO,THRUST,79999.99,29.1022252,0.0587488,-697.245,0.00136,-64.81121,2278.90986,2278.93166,0.0218,0.00021,16.70023,16.70023,False,0.00603,-0.00783,-0.00614,0.53126,0.00786,-0.00614,0.53126,0.00786,54.24196,0.5313497,0.00979592,81074.816,80000.001,-1074.816,-0.001,False,False,-0.01348
410.36,TGO,THRUST,79999.99,29.1032731,0.0586828,-696.461,0.00136,-64.77556,2278.90984,2278.93166,0.02181,0.00021,16.69085,16.69085,False,0.00602,-0.00782,-0.00613,0.53143,0.00786,-0.00613,0.53143,0.00786,54.24325,0.5315261,0.00979894,81073.587,80000.001,-1073.587,-0.001,False,False,-0.01381
410.52,TGO,THRUST,79999.99,29.1044704,0.0586073,-695.566,0.00136,-64.73479,2278.90983,2278.93165,0.02183,0.00021,16.68012,16.68012,False,0.00602,-0.00781,-0.00613,0.53163,0.00787,-0.00613,0.53163,0.00787,54.24471,0.5317277,0.00980239,81072.184,80000.001,-1072.184,-0.001,False,False,-0.0139
410.66,TGO,THRUST,79999.99,29.1055176,0.0585413,-694.782,0.00136,-64.69911,2278.90981,2278.93165,0.02184,0.00021,16.67072,16.67072,False,0.00601,-0.0078,-0.00613,0.53181,0.00787,-0.00613,0.53181,0.00787,54.246,0.5319046,0.00980542,81070.957,80000.002,-1070.957,-0.002,False,False,-0.0138
410.8,TGO,THRUST,79999.991,29.1065646,0.0584754,-693.999,0.00136,-64.66341,2278.9098,2278.93165,0.02185,0.00021,16.66133,16.66133,False,0.006,-0.00779,-0.00613,0.53199,0.00787,-0.00613,0.53199,0.00787,54.24729,0.532081,0.00980844,81069.732,80000.002,-1069.732,-0.002,False,False,-0.01351
410.94,TGO,THRUST,79999.991,29.1076113,0.0584094,-693.217,0.00136,-64.6277,2278.90979,2278.93165,0.02186,0.00021,16.65193,16.65193,False,0.006,-0.00779,-0.00612,0.53216,0.00788,-0.00612,0.53216,0.00788,54.24857,0.5322574,0.00981146,81068.507,80000.002,-1068.507,-0.002,False,False,-0.01304
411.1,TGO,THRUST,79999.991,29.1088071,0.058334,-692.322,0.00136,-64.58687,2278.90978,2278.93165,0.02188,0.00021,16.64118,16.64118,False,0.00599,-0.00778,-0.00612,0.53237,0.00788,-0.00612,0.53237,0.00788,54.25005,0.5324591,0.00981491,81067.109,80000.002,-1067.109,-0.002,False,False,-0.01228
411.24,TGO,THRUST,79999.991,29.1098532,0.0582681,-691.539,0.00135,-64.55113,2278.90977,2278.93165,0.02189,0.00021,16.63177,16.63177,False,0.00598,-0.00777,-0.00611,0.53254,0.00788,-0.00611,0.53254,0.00788,54.25134,0.532636,0.00981793,81065.888,80000.002,-1065.888,-0.002,False,False,-0.01138
411.38,TGO,THRUST,79999.991,29.1108989,0.0582022,-690.757,0.00135,-64.51537,2278.90976,2278.93165,0.02189,0.00021,16.62236,16.62236,False,0.00597,-0.00776,-0.00611,0.53272,0.00789,-0.00611,0.53272,0.00789,54.25262,0.5328124,0.00982095,81064.669,80000.003,-1064.669,-0.003,False,False,-0.01027
411.52,TGO,THRUST,79999.992,29.1119443,0.0581362,-689.975,0.00134,-64.4796,2278.90975,2278.93165,0.0219,0.00021,16.61295,16.61295,False,0.00597,-0.00775,-0.0061,0.5329,0.00789,-0.0061,0.5329,0.00789,54.25391,0.5329888,0.00982397,81063.452,80000.003,-1063.452,-0.003,False,False,-0.00897
411.68,TGO,THRUST,79999.992,29.1131387,0.0580609,-689.081,0.00133,-64.4387,2278.90975,2278.93165,0.0219,0.00021,16.60218,16.60218,False,0.00596,-0.00774,-0.0061,0.5331,0.00789,-0.0061,0.5331,0.00789,54.25539,0.5331905,0.00982742,81062.063,80000.003,-1062.063,-0.003,False,False,-0.00725
411.82,TGO,THRUST,79999.992,29.1141835,0.0579951,-688.299,0.00132,-64.40291,2278.90975,2278.93165,0.02191,0.00021,16.59276,16.59276,False,0.00595,-0.00773,-0.00609,0.53327,0.00789,-0.00609,0.53327,0.00789,54.25668,0.5333673,0.00983045,81060.851,80000.003,-1060.851,-0.003,False,False,-0.00556
411.96,TGO,THRUST,79999.992,29.115228,0.0579292,-687.518,0.00131,-64.36709,2278.90975,2278.93165,0.02191,0.0002,16.58334,16.58334,False,0.00595,-0.00772,-0.00609,0.53345,0.00789,-0.00609,0.53345,0.00789,54.25797,0.5335438,0.00983346,81059.642,80000.003,-1059.642,-0.003,False,False,-0.00383
412.1,TGO,THRUST,79999.992,29.1162721,0.0578633,-686.736,0.00129,-64.33127,2278.90975,2278.93165,0.0219,0.00021,16.57391,16.57391,False,0.00594,-0.00771,-0.00608,0.53363,0.00789,-0.00608,0.53363,0.00789,54.25926,0.5337202,0.00983648,81058.435,80000.004,-1058.435,-0.004,False,False,0.00256
412.26,TGO,THRUST,79999.992,29.1174651,0.0577881,-685.843,0.00127,-64.29031,2278.90975,2278.93165,0.0219,0.00021,16.56313,16.56313,False,0.00593,-0.0077,-0.00607,0.53383,0.00789,-0.00607,0.53383,0.00789,54.26074,0.5339218,0.00983993,81057.059,80000.004,-1057.059,-0.004,False,False,0.00346
412.4,TGO,THRUST,79999.993,29.1185086,0.0577223,-685.062,0.00125,-64.25445,2278.90976,2278.93165,0.02189,0.00021,16.55369,16.55369,False,0.00592,-0.00769,-0.00606,0.53401,0.00788,-0.00606,0.53401,0.00788,54.26203,0.5340987,0.00984295,81055.859,80000.004,-1055.859,-0.004,False,False,0.00579
412.54,TGO,THRUST,79999.993,29.1195518,0.0576565,-684.281,0.00123,-64.21858,2278.90977,2278.93165,0.02188,0.00021,16.54425,16.54425,False,0.00592,-0.00769,-0.00605,0.53418,0.00788,-0.00605,0.53418,0.00788,54.26332,0.5342751,0.00984597,81054.663,80000.004,-1054.663,-0.004,False,False,0.00832
412.68,TGO,THRUST,79999.993,29.1205947,0.0575907,-683.5,0.0012,-64.1827,2278.90978,2278.93165,0.02187,0.00021,16.53481,16.53481,False,0.00591,-0.00768,-0.00604,0.53436,0.00787,-0.00604,0.53436,0.00787,54.26462,0.5344515,0.00984899,81053.473,80000.004,-1053.473,-0.004,False,False,0.01077
412.84,TGO,THRUST,79999.993,29.1217862,0.0575155,-682.608,0.00117,-64.14167,2278.90981,2278.93165,0.02184,0.00021,16.52402,16.52402,False,0.0059,-0.00767,-0.00603,0.53456,0.00787,-0.00603,0.53456,0.00787,54.2661,0.5346531,0.00985243,81052.119,80000.004,-1052.119,-0.004,False,False,0.01332
412.98,TGO,THRUST,79999.993,29.1228284,0.0574498,-681.827,0.00114,-64.10576,2278.90983,2278.93165,0.02182,0.00021,16.51457,16.51457,False,0.0059,-0.00766,-0.00602,0.53474,0.00786,-0.00602,0.53474,0.00786,54.26739,0.53483,0.00985546,81050.937,80000.005,-1050.937,-0.005,False,False,0.0153
413.12,TGO,THRUST,79999.993,29.1238704,0.057384,-681.047,0.00111,-64.06983,2278.90985,2278.93165,0.0218,0.00021,16.50512,16.50512,False,0.00589,-0.00765,-0.00601,0.53492,0.00785,-0.00601,0.53492,0.00785,54.26869,0.5350064,0.00985847,81049.757,80000.005,-1049.757,-0.005,False,False,0.01706
413.26,TGO,THRUST,79999.994,29.124912,0.0573183,-680.267,0.00108,-64.03389,2278.90987,2278.93165,0.02178,0.0002,16.49566,16.49566,False,0.00588,-0.00764,-0.006,0.53509,0.00784,-0.006,0.53509,0.00784,54.26998,0.5351828,0.00986149,81048.578,80000.005,-1048.578,-0.005,False,False,0.01853
413.42,TGO,THRUST,79999.994,29.126102,0.0572432,-679.376,0.00104,-63.9928,2278.9099,2278.93165,0.02175,0.0002,16.48485,16.48485,False,0.00588,-0.00763,-0.00599,0.53529,0.00783,-0.00599,0.53529,0.00783,54.27146,0.5353843,0.00986493,81047.233,80000.005,-1047.233,-0.005,False,False,0.01995
413.56,TGO,THRUST,79999.994,29.1271429,0.0571775,-678.596,0.00101,-63.95683,2278.90993,2278.93165,0.02172,0.0002,16.47539,16.47539,False,0.00587,-0.00762,-0.00598,0.53547,0.00782,-0.00598,0.53547,0.00782,54.27276,0.5355612,0.00986796,81046.057,80000.005,-1046.057,-0.005,False,False,0.02093
413.7,TGO,THRUST,79999.994,29.1281836,0.0571118,-677.816,0.00098,-63.92084,2278.90995,2278.93165,0.0217,0.0002,16.46592,16.46592,False,0.00586,-0.00761,-0.00597,0.53565,0.00781,-0.00597,0.53565,0.00781,54.27405,0.5357376,0.00987097,81044.88,80000.005,-1044.88,-0.005,False,False,0.02173
413.84,TGO,THRUST,79999.994,29.1292239,0.0570461,-677.037,0.00095,-63.88484,2278.90998,2278.93165,0.02167,0.0002,16.45645,16.45645,False,0.00586,-0.0076,-0.00596,0.53582,0.0078,-0.00596,0.53582,0.0078,54.27535,0.5359139,0.00987398,81043.703,80000.005,-1043.703,-0.005,False,False,0.02236
414,TGO,THRUST,79999.994,29.1304125,0.0569711,-676.146,0.00091,-63.84368,2278.91,2278.93165,0.02164,0.0002,16.44562,16.44562,False,0.00585,-0.00759,-0.00594,0.53603,0.00779,-0.00594,0.53603,0.00779,54.27683,0.5361155,0.00987743,81042.358,80000.006,-1042.358,-0.006,False,False,0.02285
414.14,TGO,THRUST,79999.994,29.1314521,0.0569054,-675.367,0.00088,-63.80765,2278.91003,2278.93165,0.02162,0.0002,16.43615,16.43615,False,0.00584,-0.00759,-0.00593,0.5362,0.00778,-0.00593,0.5362,0.00778,54.27813,0.5362923,0.00988045,81041.18,80000.006,-1041.18,-0.006,False,False,0.02311
414.28,TGO,THRUST,79999.995,29.1324914,0.0568398,-674.588,0.00085,-63.77161,2278.91005,2278.93165,0.0216,0.0002,16.42666,16.42666,False,0.00584,-0.00758,-0.00592,0.53638,0.00777,-0.00592,0.53638,0.00777,54.27943,0.5364687,0.00988346,81040.002,80000.006,-1040.002,-0.006,False,False,0.02318
414.42,TGO,THRUST,79999.995,29.1335304,0.0567742,-673.81,0.00082,-63.73555,2278.91007,2278.93165,0.02157,0.0002,16.41718,16.41718,False,0.00583,-0.00757,-0.00591,0.53656,0.00777,-0.00591,0.53656,0.00777,54.28073,0.536645,0.00988647,81038.823,80000.006,-1038.823,-0.006,False,False,0.02303
414.58,TGO,THRUST,79999.995,29.1347175,0.0566992,-672.92,0.00079,-63.69433,2278.9101,2278.93165,0.02155,0.0002,16.40634,16.40634,False,0.00582,-0.00756,-0.0059,0.53676,0.00776,-0.0059,0.53676,0.00776,54.28222,0.5368465,0.00988992,81037.474,80000.006,-1037.474,-0.006,False,False,0.02264
414.72,TGO,THRUST,79999.995,29.1357558,0.0566336,-672.141,0.00076,-63.65824,2278.91012,2278.93165,0.02153,0.0002,16.39685,16.39685,False,0.00582,-0.00755,-0.00589,0.53694,0.00775,-0.00589,0.53694,0.00775,54.28352,0.5370233,0.00989294,81036.293,80000.006,-1036.293,-0.006,False,False,0.02205
414.86,TGO,THRUST,79999.995,29.1367938,0.0565681,-671.363,0.00073,-63.62214,2278.91014,2278.93165,0.02151,0.0002,16.38735,16.38735,False,0.00581,-0.00754,-0.00588,0.53711,0.00774,-0.00588,0.53711,0.00774,54.28481,0.5371997,0.00989595,81035.11,80000.006,-1035.11,-0.006,False,False,0.02129
415,TGO,THRUST,79999.995,29.1378316,0.0565025,-670.585,0.00071,-63.58602,2278.91015,2278.93165,0.02149,0.0002,16.37785,16.37785,False,0.0058,-0.00753,-0.00587,0.53729,0.00774,-0.00587,0.53729,0.00774,54.28611,0.537376,0.00989896,81033.926,80000.006,-1033.926,-0.006,False,False,0.02029
415.16,TGO,THRUST,79999.995,29.1390171,0.0564276,-669.696,0.00068,-63.54473,2278.91017,2278.93165,0.02148,0.00019,16.367,16.367,False,0.00579,-0.00752,-0.00585,0.53749,0.00773,-0.00585,0.53749,0.00773,54.2876,0.5375775,0.0099024,81032.57,80000.006,-1032.57,-0.006,False,False,0.01888
415.3,TGO,THRUST,79999.995,29.1400541,0.0563621,-668.919,0.00065,-63.50859,2278.91018,2278.93165,0.02146,0.0002,16.35749,16.35749,False,0.00579,-0.00751,-0.00584,0.53767,0.00772,-0.00584,0.53767,0.00772,54.2889,0.5377542,0.00990542,81031.382,80000.007,-1031.382,-0.007,False,False,0.01741
415.44,TGO,THRUST,79999.996,29.1410908,0.0562966,-668.141,0.00063,-63.47243,2278.91019,2278.93165,0.02145,0.00019,16.34798,16.34798,False,0.00578,-0.0075,-0.00583,0.53784,0.00772,-0.00583,0.53784,0.00772,54.29021,0.5379305,0.00990843,81030.191,80000.007,-1030.191,-0.007,False,False,0.01571
415.58,TGO,THRUST,79999.996,29.1421272,0.0562311,-667.364,0.00061,-63.43625,2278.9102,2278.93165,0.02144,0.0002,16.33847,16.33847,False,0.00577,-0.0075,-0.00582,0.53802,0.00772,-0.00582,0.53802,0.00772,54.29151,0.5381067,0.00991143,81028.997,80000.007,-1028.997,-0.007,False,False,0.01378
415.74,TGO,THRUST,79999.996,29.1433112,0.0561563,-666.476,0.00059,-63.3949,2278.91021,2278.93165,0.02144,0.0002,16.3276,16.3276,False,0.00577,-0.00749,-0.00581,0.53822,0.00771,-0.00581,0.53822,0.00771,54.293,0.5383082,0.00991487,81027.63,80000.007,-1027.63,-0.007,False,False,0.01136
415.88,TGO,THRUST,79999.996,29.1443469,0.0560908,-665.699,0.00057,-63.35869,2278.91021,2278.93165,0.02143,0.0002,16.31808,16.31808,False,0.00576,-0.00748,-0.00581,0.5384,0.00771,-0.00581,0.5384,0.00771,54.29431,0.5384849,0.00991789,81026.431,80000.007,-1026.431,-0.007,False,False,0.00915
416.02,TGO,THRUST,79999.996,29.1453823,0.0560254,-664.922,0.00055,-63.32248,2278.91021,2278.93164,0.02143,0.0002,16.30855,16.30855,False,0.00575,-0.00747,-0.0058,0.53857,0.00771,-0.0058,0.53857,0.00771,54.29561,0.5386611,0.0099209,81025.226,80000.007,-1025.226,-0.007,False,False,0.00704
416.16,TGO,THRUST,79999.996,29.1464173,0.0559599,-664.146,0.00054,-63.28624,2278.9102,2278.93164,0.02144,0.0002,16.29903,16.29903,False,0.00575,-0.00746,-0.00579,0.53875,0.00771,-0.00579,0.53875,0.00771,54.29692,0.5388373,0.0099239,81024.016,80000.007,-1024.016,-0.007,False,False,0.00516
416.32,TGO,THRUST,79999.996,29.1475999,0.0558852,-663.259,0.00053,-63.24482,2278.91019,2278.93164,0.02145,0.00019,16.28814,16.28814,False,0.00574,-0.00745,-0.00578,0.53895,0.00772,-0.00578,0.53895,0.00772,54.2984,0.5390387,0.00992734,81022.629,80000.007,-1022.629,-0.007,False,False,0.00369
416.46,TGO,THRUST,79999.996,29.1486342,0.0558198,-662.482,0.00052,-63.20856,2278.91018,2278.93164,0.02146,0.00019,16.27861,16.27861,False,0.00573,-0.00744,-0.00578,0.53913,0.00772,-0.00578,0.53913,0.00772,54.29971,0.5392154,0.00993035,81021.414,80000.007,-1021.414,-0.007,False,False,0.00373
416.6,TGO,THRUST,79999.997,29.1496682,0.0557544,-661.707,0.00051,-63.17228,2278.91017,2278.93164,0.02147,0.0002,16.26907,16.26907,False,0.00572,-0.00743,-0.00577,0.53931,0.00772,-0.00577,0.53931,0.00772,54.30102,0.5393916,0.00993336,81020.198,80000.007,-1020.198,-0.007,False,False,-0.00489
416.74,TGO,THRUST,79999.997,29.1507019,0.055689,-660.931,0.00051,-63.13599,2278.91016,2278.93164,0.02148,0.0002,16.25953,16.25953,False,0.00572,-0.00742,-0.00577,0.53948,0.00773,-0.00577,0.53948,0.00773,54.30232,0.5395677,0.00993636,81018.98,80000.007,-1018.98,-0.007,False,False,-0.00637
416.9,TGO,THRUST,79999.997,29.1518829,0.0556143,-660.044,0.00051,-63.0945,2278.91014,2278.93164,0.0215,0.0002,16.24862,16.24862,False,0.00571,-0.00741,-0.00576,0.53968,0.00773,-0.00576,0.53968,0.00773,54.30382,0.539769,0.0099398,81017.589,80000.007,-1017.589,-0.007,False,False,-0.00805
417.04,TGO,THRUST,79999.997,29.1529159,0.055549,-659.269,0.00052,-63.05818,2278.91013,2278.93164,0.02151,0.0002,16.23908,16.23908,False,0.0057,-0.0074,-0.00576,0.53986,0.00774,-0.00576,0.53986,0.00774,54.30513,0.5399455,0.00994281,81016.371,80000.007,-1016.371,-0.007,False,False,-0.00935
417.18,TGO,THRUST,79999.997,29.1539486,0.0554837,-658.494,0.00052,-63.02184,2278.91012,2278.93164,0.02153,0.0002,16.22953,16.22953,False,0.0057,-0.0074,-0.00575,0.54004,0.00774,-0.00575,0.54004,0.00774,54.30643,0.5401216,0.00994581,81015.154,80000.008,-1015.154,-0.008,False,False,-0.01048
417.32,TGO,THRUST,79999.997,29.1549809,0.0554184,-657.719,0.00052,-62.98549,2278.9101,2278.93164,0.02154,0.0002,16.21997,16.21997,False,0.00569,-0.00739,-0.00575,0.54021,0.00774,-0.00575,0.54021,0.00774,54.30774,0.5402977,0.00994882,81013.936,80000.008,-1013.936,-0.008,False,False,-0.01142
417.48,TGO,THRUST,79999.997,29.1561603,0.0553438,-656.833,0.00053,-62.94393,2278.91009,2278.93164,0.02156,0.0002,16.20905,16.20905,False,0.00568,-0.00738,-0.00575,0.54041,0.00775,-0.00575,0.54041,0.00775,54.30924,0.5404988,0.00995225,81012.546,80000.008,-1012.546,-0.008,False,False,-0.01224
417.62,TGO,THRUST,79999.997,29.157192,0.0552785,-656.059,0.00054,-62.90756,2278.91008,2278.93164,0.02157,0.0002,16.19949,16.19949,False,0.00568,-0.00737,-0.00574,0.54059,0.00775,-0.00574,0.54059,0.00775,54.31055,0.5406753,0.00995525,81011.33,80000.008,-1011.33,-0.008,False,False,-0.01277
417.76,TGO,THRUST,79999.997,29.1582233,0.0552133,-655.284,0.00054,-62.87116,2278.91006,2278.93164,0.02158,0.0002,16.18992,16.18992,False,0.00567,-0.00736,-0.00574,0.54077,0.00776,-0.00574,0.54077,0.00776,54.31186,0.5408513,0.00995825,81010.115,80000.008,-1010.115,-0.008,False,False,-0.01315
417.9,TGO,THRUST,79999.993,29.1592543,0.055148,-654.51,0.00055,-62.83475,2278.91005,2278.93164,0.02159,0.0002,16.18036,16.18036,False,0.00566,-0.00735,-0.00574,0.54094,0.00776,-0.00574,0.54094,0.00776,54.31317,0.5410272,0.00996125,81008.902,80000.008,-1008.902,-0.008,False,False,-0.01335
418.06,TGO,THRUST,79999.99,29.1604321,0.0550734,-653.624,0.00055,-62.79313,2278.91006,2278.93166,0.02159,0.0002,16.16941,16.16941,False,0.00565,-0.00734,-0.00555,0.54115,0.00776,-0.00555,0.54115,0.00776,54.31466,0.5412334,0.00996477,81007.52,80000,-1007.52,0,False,False,0.01346
418.2,TGO,THRUST,79999.99,29.1614624,0.0550082,-652.851,0.00056,-62.75669,2278.91005,2278.93166,0.0216,0.0002,16.15983,16.15983,False,0.00565,-0.00733,-0.00555,0.54133,0.00776,-0.00555,0.54133,0.00776,54.31598,0.5414097,0.00996778,81006.31,80000,-1006.31,0,False,False,0.01309
418.34,TGO,THRUST,79999.99,29.1624923,0.054943,-652.077,0.00057,-62.72024,2278.91005,2278.93166,0.02161,0.0002,16.15026,16.15026,False,0.00564,-0.00732,-0.00554,0.5415,0.00777,-0.00554,0.5415,0.00777,54.31729,0.5415853,0.00997077,81005.101,80000,-1005.101,0,False,False,0.0127
418.48,TGO,THRUST,79999.99,29.163522,0.0548779,-651.303,0.00057,-62.68377,2278.91004,2278.93166,0.02162,0.0002,16.14067,16.14067,False,0.00563,-0.00732,-0.00554,0.54168,0.00777,-0.00554,0.54168,0.00777,54.3186,0.541761,0.00997377,81003.895,80000,-1003.895,0,False,False,0.01225
418.64,TGO,THRUST,79999.99,29.1646983,0.0548034,-650.42,0.00057,-62.64208,2278.91003,2278.93166,0.02162,0.0002,16.12972,16.12972,False,0.00563,-0.00731,-0.00554,0.54188,0.00777,-0.00554,0.54188,0.00777,54.3201,0.5419617,0.00997718,81002.518,80000,-1002.518,0,False,False,0.01164
418.78,TGO,THRUST,79999.99,29.1657271,0.0547382,-649.647,0.00058,-62.60558,2278.91003,2278.93165,0.02162,0.0002,16.12013,16.12013,False,0.00562,-0.0073,-0.00553,0.54205,0.00777,-0.00553,0.54205,0.00777,54.32141,0.5421377,0.00998018,81001.317,80000,-1001.317,0,False,False,0.01107
418.92,TGO,THRUST,79999.99,29.1667557,0.0546731,-648.874,0.00058,-62.56907,2278.91003,2278.93165,0.02162,0.0002,16.11054,16.11054,False,0.00561,-0.00729,-0.00553,0.54223,0.00777,-0.00553,0.54223,0.00777,54.32273,0.5423133,0.00998318,81000.117,80000.001,-1000.117,-0.001,False,False,0.01056
419.06,TGO,THRUST,79999.99,29.1677839,0.054608,-648.101,0.00058,-62.53254,2278.91003,2278.93165,0.02162,0.0002,16.10094,16.10094,False,0.00561,-0.00728,-0.00552,0.54241,0.00777,-0.00552,0.54241,0.00777,54.32404,0.5424888,0.00998616,80998.921,80000.001,-998.921,-0.001,False,False,0.01016
419.22,TGO,THRUST,79999.99,29.1689587,0.0545336,-647.218,0.00058,-62.49078,2278.91004,2278.93165,0.02162,0.0002,16.08997,16.08997,False,0.0056,-0.00727,-0.00552,0.54261,0.00777,-0.00552,0.54261,0.00777,54.32555,0.5426894,0.00998958,80997.558,80000.001,-997.558,-0.001,False,False,0.01004
419.36,TGO,THRUST,79999.99,29.1699862,0.0544685,-646.446,0.00058,-62.45423,2278.91004,2278.93165,0.02161,0.0002,16.08037,16.08037,False,0.00559,-0.00726,-0.00551,0.54278,0.00776,-0.00551,0.54278,0.00776,54.32686,0.5428654,0.00999258,80996.368,80000.001,-996.368,-0.001,False,False,0.01032
419.5,TGO,THRUST,79999.991,29.1710133,0.0544035,-645.674,0.00058,-62.41766,2278.91005,2278.93165,0.0216,0.0002,16.07076,16.07076,False,0.00558,-0.00725,-0.00551,0.54296,0.00776,-0.00551,0.54296,0.00776,54.32818,0.5430408,0.00999556,80995.183,80000.001,-995.183,-0.001,False,False,0.01097
419.64,TGO,THRUST,79999.991,29.1720402,0.0543384,-644.902,0.00058,-62.38108,2278.91007,2278.93165,0.02159,0.0002,16.06115,16.06115,False,0.00558,-0.00724,-0.0055,0.54313,0.00776,-0.0055,0.54313,0.00776,54.32949,0.5432162,0.00999855,80994.004,80000.001,-994.004,-0.001,False,False,0.01192
419.8,TGO,THRUST,79999.991,29.1732133,0.0542641,-644.02,0.00058,-62.33925,2278.91009,2278.93165,0.02156,0.0002,16.05017,16.05017,False,0.00557,-0.00723,-0.0055,0.54333,0.00775,-0.0055,0.54333,0.00775,54.331,0.5434166,0.01000196,80992.662,80000.001,-992.662,-0.001,False,False,0.01321
419.94,TGO,THRUST,79999.991,29.1742394,0.0541991,-643.248,0.00059,-62.30264,2278.91011,2278.93165,0.02154,0.0002,16.04055,16.04055,False,0.00556,-0.00722,-0.00549,0.54351,0.00774,-0.00549,0.54351,0.00774,54.33232,0.5435924,0.01000496,80991.491,80000.001,-991.491,-0.001,False,False,0.01431
420.08,TGO,THRUST,79999.991,29.1752651,0.0541341,-642.477,0.00058,-62.26601,2278.91014,2278.93165,0.02152,0.0002,16.03093,16.03093,False,0.00556,-0.00722,-0.00549,0.54369,0.00773,-0.00549,0.54369,0.00773,54.33363,0.5437678,0.01000794,80990.322,80000.001,-990.322,-0.001,False,False,0.01529
420.22,TGO,THRUST,79999.991,29.1762906,0.0540692,-641.706,0.00058,-62.22937,2278.91016,2278.93165,0.02149,0.00019,16.02131,16.02131,False,0.00555,-0.00721,-0.00548,0.54386,0.00772,-0.00548,0.54386,0.00772,54.33495,0.543943,0.01001092,80989.155,80000.001,-989.155,-0.001,False,False,0.01614
420.38,TGO,THRUST,79999.991,29.1774621,0.0539949,-640.825,0.00058,-62.18747,2278.91019,2278.93165,0.02147,0.00019,16.0103,16.0103,False,0.00554,-0.0072,-0.00548,0.54406,0.00771,-0.00548,0.54406,0.00771,54.33646,0.5441433,0.01001433,80987.822,80000.001,-987.822,-0.001,False,False,0.017
420.52,TGO,THRUST,79999.991,29.1784868,0.05393,-640.054,0.00058,-62.1508,2278.91021,2278.93165,0.02144,0.0002,16.00067,16.00067,False,0.00554,-0.00719,-0.00547,0.54424,0.0077,-0.00547,0.54424,0.0077,54.33778,0.544319,0.01001732,80986.656,80000.001,-986.656,-0.001,False,False,0.01761
420.66,TGO,THRUST,79999.991,29.1795111,0.053865,-639.283,0.00058,-62.11412,2278.91024,2278.93165,0.02142,0.00019,15.99104,15.99104,False,0.00553,-0.00718,-0.00547,0.54441,0.00769,-0.00547,0.54441,0.00769,54.3391,0.5444942,0.0100203,80985.489,80000.001,-985.489,-0.001,False,False,0.01813
420.8,TGO,THRUST,79999.991,29.1805351,0.0538001,-638.513,0.00058,-62.07742,2278.91026,2278.93165,0.02139,0.00019,15.9814,15.9814,False,0.00552,-0.00717,-0.00546,0.54459,0.00768,-0.00546,0.54459,0.00768,54.34042,0.5446694,0.01002328,80984.323,80000.002,-984.323,-0.002,False,False,0.0185
420.96,TGO,THRUST,79999.991,29.181705,0.053726,-637.633,0.00058,-62.03546,2278.91029,2278.93165,0.02136,0.00019,15.97038,15.97038,False,0.00552,-0.00716,-0.00546,0.54479,0.00767,-0.00546,0.54479,0.00767,54.34192,0.5448695,0.01002669,80982.991,80000.002,-982.991,-0.002,False,False,0.01878
421.1,TGO,THRUST,79999.992,29.1827283,0.0536611,-636.863,0.00058,-61.99873,2278.91031,2278.93165,0.02134,0.00019,15.96074,15.96074,False,0.00551,-0.00715,-0.00545,0.54496,0.00767,-0.00545,0.54496,0.00767,54.34324,0.5450451,0.01002967,80981.824,80000.002,-981.824,-0.002,False,False,0.01891
421.24,TGO,THRUST,79999.992,29.1837512,0.0535962,-636.093,0.00058,-61.96198,2278.91033,2278.93165,0.02132,0.00019,15.95109,15.95109,False,0.0055,-0.00714,-0.00545,0.54514,0.00766,-0.00545,0.54514,0.00766,54.34456,0.5452201,0.01003265,80980.657,80000.002,-980.657,-0.002,False,False,0.01889
421.38,TGO,THRUST,79999.992,29.1847738,0.0535314,-635.324,0.00058,-61.92522,2278.91036,2278.93165,0.0213,0.00019,15.94144,15.94144,False,0.0055,-0.00714,-0.00544,0.54531,0.00765,-0.00544,0.54531,0.00765,54.34589,0.5453952,0.01003563,80979.49,80000.002,-979.49,-0.002,False,False,0.01874
421.54,TGO,THRUST,79999.992,29.185942,0.0534573,-634.444,0.00058,-61.8832,2278.91038,2278.93165,0.02127,0.00019,15.9304,15.9304,False,0.00549,-0.00713,-0.00544,0.54551,0.00764,-0.00544,0.54551,0.00764,54.3474,0.5455952,0.01003903,80978.155,80000.002,-978.155,-0.002,False,False,0.01839
421.68,TGO,THRUST,79999.992,29.1869638,0.0533925,-633.675,0.00058,-61.84641,2278.9104,2278.93165,0.02125,0.00019,15.92074,15.92074,False,0.00548,-0.00712,-0.00543,0.54569,0.00763,-0.00543,0.54569,0.00763,54.34872,0.5457706,0.01004201,80976.985,80000.002,-976.985,-0.002,False,False,0.01795
421.82,TGO,THRUST,79999.992,29.1879853,0.0533277,-632.906,0.00057,-61.8096,2278.91042,2278.93165,0.02123,0.00019,15.91108,15.91108,False,0.00548,-0.00711,-0.00543,0.54587,0.00763,-0.00543,0.54587,0.00763,54.35004,0.5459455,0.01004499,80975.814,80000.002,-975.814,-0.002,False,False,0.01734
421.96,TGO,THRUST,79999.991,29.1890064,0.053263,-632.138,0.00057,-61.77279,2278.91044,2278.93165,0.02121,0.00019,15.90142,15.90142,False,0.00547,-0.0071,-0.00542,0.54604,0.00762,-0.00542,0.54604,0.00762,54.35137,0.5461204,0.01004796,80974.642,80000.002,-974.642,-0.002,False,False,0.01652
422.12,TGO,THRUST,79999.984,29.190173,0.0531889,-631.259,0.00057,-61.73069,2278.91047,2278.93166,0.02119,0.00019,15.89036,15.89036,False,0.00546,-0.00709,-0.00526,0.54625,0.00761,-0.00526,0.54625,0.00761,54.35288,0.5463249,0.01005144,80973.303,79999.996,-973.303,0.004,False,False,0.02766
422.26,TGO,THRUST,79999.984,29.1911934,0.0531242,-630.49,0.00057,-61.69384,2278.91049,2278.93166,0.02117,0.00019,15.88068,15.88068,False,0.00546,-0.00708,-0.00523,0.54642,0.0076,-0.00523,0.54642,0.0076,54.35421,0.546501,0.01005444,80972.128,79999.994,-972.128,0.006,False,False,0.02882
422.4,TGO,THRUST,79999.985,29.1922134,0.0530594,-629.722,0.00055,-61.65698,2278.9105,2278.93166,0.02116,0.00019,15.87101,15.87101,False,0.00545,-0.00707,-0.00522,0.5466,0.0076,-0.00522,0.5466,0.0076,54.35553,0.5466756,0.01005741,80970.95,79999.995,-970.95,0.005,False,False,0.0261
422.54,TGO,THRUST,79999.985,29.1932331,0.0529947,-628.954,0.00054,-61.6201,2278.91051,2278.93166,0.02115,0.00019,15.86133,15.86133,False,0.00544,-0.00706,-0.00521,0.54677,0.0076,-0.00521,0.54677,0.0076,54.35686,0.5468502,0.01006037,80969.77,79999.995,-969.77,0.005,False,False,0.02277
422.7,TGO,THRUST,79999.985,29.1943981,0.0529208,-628.077,0.00054,-61.57794,2278.91052,2278.93166,0.02114,0.00019,15.85026,15.85026,False,0.00543,-0.00705,-0.00521,0.54697,0.00759,-0.00521,0.54697,0.00759,54.35837,0.5470497,0.01006376,80968.418,79999.995,-968.418,0.005,False,False,0.01824
422.84,TGO,THRUST,79999.985,29.195417,0.0528562,-627.309,0.00055,-61.54103,2278.91053,2278.93166,0.02114,0.00019,15.84057,15.84057,False,0.00543,-0.00705,-0.00521,0.54715,0.00759,-0.00521,0.54715,0.00759,54.3597,0.5472247,0.01006673,80967.232,79999.995,-967.232,0.005,False,False,0.01372
422.98,TGO,THRUST,79999.985,29.1964356,0.0527915,-626.542,0.00056,-61.50411,2278.91053,2278.93166,0.02113,0.00019,15.83088,15.83088,False,0.00542,-0.00704,-0.00521,0.54732,0.00759,-0.00521,0.54732,0.00759,54.36103,0.5473991,0.0100697,80966.044,79999.995,-966.044,0.005,False,False,0.00896
423.12,TGO,THRUST,79999.985,29.1974538,0.0527269,-625.775,0.00058,-61.46717,2278.91053,2278.93166,0.02114,0.00019,15.82119,15.82119,False,0.00541,-0.00703,-0.00521,0.5475,0.00759,-0.00521,0.5475,0.00759,54.36235,0.5475736,0.01007266,80964.849,79999.995,-964.849,0.005,False,False,0.00456
423.28,TGO,THRUST,79999.985,29.198617,0.052653,-624.899,0.00062,-61.42494,2278.91052,2278.93166,0.02115,0.00019,15.81011,15.81011,False,0.00541,-0.00702,-0.00521,0.5477,0.00759,-0.00521,0.5477,0.00759,54.36387,0.5477729,0.01007605,80963.477,79999.995,-963.477,0.005,False,False,0.00139
423.42,TGO,THRUST,79999.986,29.1996345,0.0525884,-624.132,0.00065,-61.38798,2278.91051,2278.93166,0.02116,0.00019,15.80041,15.80041,False,0.0054,-0.00701,-0.00522,0.54787,0.0076,-0.00522,0.54787,0.0076,54.3652,0.5479478,0.01007902,80962.274,79999.995,-962.274,0.005,False,False,-0.00416
423.56,TGO,THRUST,79999.986,29.2006516,0.0525239,-623.366,0.00069,-61.351,2278.91049,2278.93166,0.02117,0.00019,15.7907,15.7907,False,0.00539,-0.007,-0.00522,0.54804,0.0076,-0.00522,0.54804,0.0076,54.36653,0.5481221,0.01008198,80961.07,79999.995,-961.07,0.005,False,False,-0.00726
423.7,TGO,THRUST,79999.986,29.2016684,0.0524593,-622.599,0.00073,-61.314,2278.91048,2278.93166,0.02118,0.00019,15.78099,15.78099,False,0.00539,-0.00699,-0.00523,0.54822,0.0076,-0.00523,0.54822,0.0076,54.36786,0.5482964,0.01008494,80959.865,79999.995,-959.865,0.005,False,False,-0.01004
423.86,TGO,THRUST,79999.986,29.2028299,0.0523855,-621.724,0.00078,-61.2717,2278.91047,2278.93166,0.0212,0.00019,15.7699,15.7699,False,0.00538,-0.00698,-0.00524,0.54842,0.00761,-0.00524,0.54842,0.00761,54.36938,0.5484955,0.01008832,80958.488,79999.995,-958.488,0.005,False,False,-0.01276
424,TGO,THRUST,79999.986,29.2038459,0.052321,-620.958,0.00082,-61.23468,2278.91045,2278.93166,0.02121,0.00019,15.76018,15.76018,False,0.00537,-0.00697,-0.00524,0.54859,0.00761,-0.00524,0.54859,0.00761,54.37071,0.5486702,0.01009128,80957.282,79999.995,-957.282,0.005,False,False,-0.01476
424.14,TGO,THRUST,79999.986,29.2048615,0.0522565,-620.193,0.00086,-61.19764,2278.91044,2278.93166,0.02122,0.00019,15.75046,15.75046,False,0.00537,-0.00697,-0.00525,0.54877,0.00762,-0.00525,0.54877,0.00762,54.37204,0.5488444,0.01009424,80956.076,79999.996,-956.076,0.004,False,False,-0.01647
424.28,TGO,THRUST,79999.986,29.2058768,0.052192,-619.427,0.0009,-61.16058,2278.91042,2278.93166,0.02124,0.00019,15.74074,15.74074,False,0.00536,-0.00696,-0.00526,0.54894,0.00762,-0.00526,0.54894,0.00762,54.37337,0.5490185,0.01009719,80954.871,79999.996,-954.871,0.004,False,False,-0.01783
424.44,TGO,THRUST,79999.987,29.2070367,0.0521183,-618.553,0.00095,-61.11822,2278.91041,2278.93166,0.02125,0.00019,15.72963,15.72963,False,0.00535,-0.00695,-0.00526,0.54914,0.00763,-0.00526,0.54914,0.00763,54.37489,0.5492174,0.01010057,80953.494,79999.996,-953.494,0.004,False,False,-0.01909
424.58,TGO,THRUST,79999.987,29.2080511,0.0520539,-617.788,0.00099,-61.08114,2278.91039,2278.93166,0.02127,0.00019,15.7199,15.7199,False,0.00534,-0.00694,-0.00527,0.54931,0.00763,-0.00527,0.54931,0.00763,54.37623,0.5493919,0.01010353,80952.291,79999.996,-952.291,0.004,False,False,-0.01992
424.72,TGO,THRUST,79999.987,29.2090653,0.0519895,-617.023,0.00102,-61.04404,2278.91038,2278.93166,0.02128,0.00019,15.71017,15.71017,False,0.00534,-0.00693,-0.00528,0.54949,0.00764,-0.00528,0.54949,0.00764,54.37756,0.5495659,0.01010648,80951.088,79999.996,-951.088,0.004,False,False,-0.02048
424.86,TGO,THRUST,79999.987,29.210079,0.051925,-616.259,0.00106,-61.00693,2278.91037,2278.93166,0.02129,0.00019,15.70043,15.70043,False,0.00533,-0.00692,-0.00528,0.54966,0.00764,-0.00528,0.54966,0.00764,54.37889,0.5497398,0.01010943,80949.886,79999.996,-949.886,0.004,False,False,-0.02079
425.02,TGO,THRUST,79999.987,29.2112372,0.0518514,-615.385,0.0011,-60.96449,2278.91036,2278.93166,0.0213,0.00019,15.6893,15.6893,False,0.00532,-0.00691,-0.00529,0.54986,0.00764,-0.00529,0.54986,0.00764,54.38042,0.5499385,0.0101128,80948.513,79999.996,-948.513,0.004,False,False,-0.02082
425.16,TGO,THRUST,79999.987,29.2122502,0.0517871,-614.621,0.00114,-60.92735,2278.91035,2278.93166,0.02131,0.00019,15.67956,15.67956,False,0.00532,-0.0069,-0.00529,0.55003,0.00765,-0.00529,0.55003,0.00765,54.38175,0.5501128,0.01011576,80947.314,79999.996,-947.314,0.004,False,False,-0.02054
425.3,TGO,THRUST,79999.987,29.2132628,0.0517227,-613.857,0.00117,-60.89019,2278.91034,2278.93166,0.02132,0.00019,15.66981,15.66981,False,0.00531,-0.00689,-0.0053,0.55021,0.00765,-0.0053,0.55021,0.00765,54.38309,0.5502866,0.01011871,80946.117,79999.997,-946.117,0.003,False,False,-0.01998
425.44,TGO,THRUST,79999.988,29.2142751,0.0516584,-613.094,0.0012,-60.85302,2278.91033,2278.93166,0.02133,0.00019,15.66006,15.66006,False,0.0053,-0.00689,-0.0053,0.55038,0.00765,-0.0053,0.55038,0.00765,54.38442,0.5504603,0.01012165,80944.921,79999.997,-944.921,0.003,False,False,-0.01912
425.6,TGO,THRUST,79999.988,29.2154315,0.0515849,-612.221,0.00123,-60.81052,2278.91032,2278.93166,0.02134,0.00019,15.64891,15.64891,False,0.0053,-0.00688,-0.00531,0.55058,0.00766,-0.00531,0.55058,0.00766,54.38595,0.5506588,0.01012502,80943.557,79999.997,-943.557,0.003,False,False,-0.01776
425.74,TGO,THRUST,79999.988,29.2164429,0.0515205,-611.458,0.00126,-60.77332,2278.91032,2278.93166,0.02134,0.00019,15.63916,15.63916,False,0.00529,-0.00687,-0.00531,0.55075,0.00766,-0.00531,0.55075,0.00766,54.38728,0.5508329,0.01012797,80942.365,79999.997,-942.365,0.003,False,False,-0.01624
425.88,TGO,THRUST,79999.988,29.217454,0.0514563,-610.695,0.00128,-60.73611,2278.91031,2278.93166,0.02134,0.00019,15.6294,15.6294,False,0.00528,-0.00686,-0.00531,0.55093,0.00766,-0.00531,0.55093,0.00766,54.38862,0.5510065,0.01013092,80941.177,79999.997,-941.177,0.003,False,False,-0.01439
426.02,TGO,THRUST,79999.988,29.2184648,0.051392,-609.932,0.0013,-60.69888,2278.91031,2278.93166,0.02135,0.00019,15.61963,15.61963,False,0.00528,-0.00685,-0.00531,0.5511,0.00766,-0.00531,0.5511,0.00766,54.38996,0.55118,0.01013386,80939.99,79999.997,-939.99,0.003,False,False,-0.01223
426.18,TGO,THRUST,79999.988,29.2196195,0.0513186,-609.061,0.00132,-60.65631,2278.91031,2278.93166,0.02134,0.00019,15.60847,15.60847,False,0.00527,-0.00684,-0.00532,0.5513,0.00766,-0.00532,0.5513,0.00766,54.39148,0.5513783,0.01013722,80938.638,79999.998,-938.638,0.002,False,False,-0.00936
426.32,TGO,THRUST,79999.988,29.2206294,0.0512543,-608.299,0.00133,-60.61905,2278.91032,2278.93166,0.02134,0.00019,15.5987,15.5987,False,0.00526,-0.00683,-0.00531,0.55147,0.00766,-0.00531,0.55147,0.00766,54.39282,0.5515522,0.01014016,80937.458,79999.998,-937.458,0.002,False,False,-0.00653
426.46,TGO,THRUST,79999.989,29.221639,0.0511901,-607.537,0.00133,-60.58178,2278.91032,2278.93166,0.02133,0.00019,15.58893,15.58893,False,0.00525,-0.00682,-0.00531,0.55165,0.00765,-0.00531,0.55165,0.00765,54.39416,0.5517255,0.0101431,80936.281,79999.998,-936.281,0.002,False,False,-0.00398
426.6,TGO,THRUST,79999.986,29.2226482,0.0511259,-606.775,0.00133,-60.54449,2278.91033,2278.93166,0.02132,0.00019,15.57915,15.57915,False,0.00525,-0.00681,-0.00531,0.55182,0.00765,-0.00531,0.55182,0.00765,54.3955,0.5518988,0.01014604,80935.108,79999.998,-935.108,0.002,False,False,-0.0029
426.76,TGO,THRUST,79999.981,29.2238011,0.0510525,-605.904,0.00133,-60.50186,2278.91037,2278.93167,0.0213,0.00019,15.56796,15.56796,False,0.00524,-0.00681,-0.00511,0.55203,0.00764,-0.00511,0.55203,0.00764,54.39703,0.5521027,0.0101495,80933.775,79999.991,-933.775,0.009,False,False,0.02125
426.9,TGO,THRUST,79999.981,29.2248095,0.0509884,-605.142,0.00132,-60.46454,2278.91039,2278.93167,0.02128,0.00019,15.55818,15.55818,False,0.00523,-0.0068,-0.00511,0.5522,0.00763,-0.00511,0.5522,0.00763,54.39837,0.5522763,0.01015244,80932.613,79999.991,-932.613,0.009,False,False,0.02242
427.04,TGO,THRUST,79999.981,29.2258176,0.0509242,-604.381,0.00129,-60.42721,2278.91041,2278.93167,0.02126,0.00019,15.54839,15.54839,False,0.00523,-0.00679,-0.0051,0.55237,0.00763,-0.0051,0.55237,0.00763,54.39971,0.5524492,0.01015537,80931.457,79999.991,-931.457,0.009,False,False,0.02249
427.18,TGO,THRUST,79999.982,29.2268252,0.0508601,-603.62,0.00127,-60.38986,2278.91043,2278.93167,0.02124,0.00018,15.5386,15.5386,False,0.00522,-0.00678,-0.00509,0.55255,0.00762,-0.00509,0.55255,0.00762,54.40105,0.5526221,0.0101583,80930.304,79999.991,-930.304,0.009,False,False,0.02204
427.34,TGO,THRUST,79999.982,29.2279764,0.0507869,-602.751,0.00125,-60.34716,2278.91046,2278.93167,0.02121,0.00019,15.5274,15.5274,False,0.00521,-0.00677,-0.00508,0.55274,0.00761,-0.00508,0.55274,0.00761,54.40259,0.5528197,0.01016164,80928.987,79999.991,-928.987,0.009,False,False,0.02099
427.48,TGO,THRUST,79999.982,29.2289833,0.0507228,-601.99,0.00125,-60.30978,2278.91049,2278.93167,0.02118,0.00019,15.51761,15.51761,False,0.00521,-0.00676,-0.00508,0.55292,0.0076,-0.00508,0.55292,0.0076,54.40393,0.5529929,0.01016458,80927.836,79999.991,-927.836,0.009,False,False,0.01981
427.62,TGO,THRUST,79999.982,29.2299898,0.0506587,-601.23,0.00124,-60.27239,2278.91052,2278.93167,0.02115,0.00018,15.5078,15.5078,False,0.0052,-0.00675,-0.00508,0.55309,0.00759,-0.00508,0.55309,0.00759,54.40527,0.5531657,0.0101675,80926.686,79999.992,-926.686,0.008,False,False,0.01851
427.76,TGO,THRUST,79999.983,29.2309959,0.0505947,-600.47,0.00124,-60.23498,2278.91054,2278.93167,0.02113,0.00019,15.498,15.498,False,0.00519,-0.00674,-0.00508,0.55326,0.00758,-0.00508,0.55326,0.00758,54.40661,0.5533384,0.01017043,80925.537,79999.992,-925.537,0.008,False,False,0.01743
427.92,TGO,THRUST,79999.983,29.2321453,0.0505215,-599.602,0.00125,-60.19221,2278.91057,2278.93167,0.02109,0.00019,15.48679,15.48679,False,0.00519,-0.00673,-0.00508,0.55346,0.00757,-0.00508,0.55346,0.00757,54.40815,0.5535357,0.01017376,80924.223,79999.992,-924.223,0.008,False,False,0.01682
428.06,TGO,THRUST,79999.983,29.2331506,0.0504575,-598.842,0.00127,-60.15478,2278.9106,2278.93167,0.02107,0.00018,15.47698,15.47698,False,0.00518,-0.00673,-0.00508,0.55363,0.00756,-0.00508,0.55363,0.00756,54.40949,0.5537088,0.01017669,80923.074,79999.992,-923.074,0.008,False,False,0.01672
428.2,TGO,THRUST,79999.983,29.2341555,0.0503935,-598.083,0.00128,-60.11733,2278.91063,2278.93167,0.02104,0.00019,15.46716,15.46716,False,0.00517,-0.00672,-0.00508,0.55381,0.00755,-0.00508,0.55381,0.00755,54.41083,0.5538813,0.01017961,80921.924,79999.992,-921.924,0.008,False,False,-0.01693
428.34,TGO,THRUST,79999.983,29.2351601,0.0503296,-597.323,0.0013,-60.07986,2278.91065,2278.93167,0.02102,0.00019,15.45734,15.45734,False,0.00517,-0.00671,-0.00509,0.55398,0.00754,-0.00509,0.55398,0.00754,54.41218,0.5540538,0.01018253,80920.775,79999.992,-920.775,0.008,False,False,-0.01726
428.5,TGO,THRUST,79999.984,29.2363077,0.0502565,-596.456,0.00133,-60.03703,2278.91068,2278.93167,0.02099,0.00018,15.44611,15.44611,False,0.00516,-0.0067,-0.00509,0.55418,0.00753,-0.00509,0.55418,0.00753,54.41371,0.5542509,0.01018587,80919.46,79999.993,-919.46,0.007,False,False,-0.01765
428.64,TGO,THRUST,79999.984,29.2373114,0.0501926,-595.697,0.00135,-59.99953,2278.9107,2278.93167,0.02096,0.00018,15.43629,15.43629,False,0.00515,-0.00669,-0.0051,0.55435,0.00752,-0.0051,0.55435,0.00752,54.41506,0.5544237,0.01018879,80918.308,79999.993,-918.308,0.007,False,False,-0.01796
428.78,TGO,THRUST,79999.984,29.2383148,0.0501287,-594.939,0.00137,-59.96202,2278.91073,2278.93167,0.02094,0.00018,15.42646,15.42646,False,0.00515,-0.00668,-0.0051,0.55452,0.00751,-0.0051,0.55452,0.00751,54.41641,0.5545961,0.01019171,80917.156,79999.993,-917.156,0.007,False,False,-0.01814
428.92,TGO,THRUST,79999.984,29.2393178,0.0500648,-594.181,0.0014,-59.9245,2278.91075,2278.93166,0.02092,0.00018,15.41662,15.41662,False,0.00514,-0.00667,-0.0051,0.55469,0.0075,-0.0051,0.55469,0.0075,54.41775,0.5547684,0.01019462,80916.003,79999.993,-916.003,0.007,False,False,-0.01809
429.08,TGO,THRUST,79999.985,29.2404636,0.0499918,-593.315,0.00142,-59.8816,2278.91077,2278.93166,0.02089,0.00018,15.40538,15.40538,False,0.00513,-0.00666,-0.00511,0.55489,0.00749,-0.00511,0.55489,0.00749,54.41929,0.5549652,0.01019795,80914.683,79999.993,-914.683,0.007,False,False,-0.01787
429.22,TGO,THRUST,79999.985,29.2414657,0.0499279,-592.557,0.00144,-59.84405,2278.91079,2278.93166,0.02088,0.00018,15.39554,15.39554,False,0.00513,-0.00666,-0.00511,0.55506,0.00749,-0.00511,0.55506,0.00749,54.42064,0.5551379,0.01020087,80913.526,79999.994,-913.526,0.006,False,False,-0.01748
429.36,TGO,THRUST,79999.985,29.2424675,0.0498641,-591.799,0.00146,-59.80648,2278.9108,2278.93166,0.02086,0.00018,15.3857,15.3857,False,0.00512,-0.00665,-0.00512,0.55524,0.00748,-0.00512,0.55524,0.00748,54.42199,0.55531,0.01020378,80912.367,79999.994,-912.367,0.006,False,False,-0.01696
429.5,TGO,THRUST,79999.985,29.2434689,0.0498003,-591.042,0.00148,-59.7689,2278.91082,2278.93166,0.02085,0.00018,15.37585,15.37585,False,0.00511,-0.00664,-0.00512,0.55541,0.00747,-0.00512,0.55541,0.00747,54.42333,0.5554821,0.01020669,80911.207,79999.994,-911.207,0.006,False,False,-0.01619
429.66,TGO,THRUST,79999.985,29.2446129,0.0497274,-590.177,0.00151,-59.72593,2278.91083,2278.93166,0.02083,0.00018,15.36459,15.36459,False,0.00511,-0.00663,-0.00513,0.5556,0.00747,-0.00513,0.5556,0.00747,54.42487,0.5556787,0.01021001,80909.877,79999.994,-909.877,0.006,False,False,-0.01512
429.8,TGO,THRUST,79999.986,29.2456134,0.0496637,-589.42,0.00153,-59.68832,2278.91084,2278.93166,0.02082,0.00018,15.35474,15.35474,False,0.0051,-0.00662,-0.00513,0.55578,0.00747,-0.00513,0.55578,0.00747,54.42623,0.5558511,0.01021293,80908.711,79999.994,-908.711,0.006,False,False,-0.01406
429.94,TGO,THRUST,79999.986,29.2466136,0.0495999,-588.664,0.00154,-59.65069,2278.91085,2278.93166,0.02081,0.00018,15.34488,15.34488,False,0.00509,-0.00661,-0.00513,0.55595,0.00746,-0.00513,0.55595,0.00746,54.42758,0.556023,0.01021583,80907.543,79999.995,-907.543,0.005,False,False,-0.01288
430.08,TGO,THRUST,79999.986,29.2476134,0.0495362,-587.907,0.00156,-59.61305,2278.91085,2278.93166,0.02081,0.00018,15.33502,15.33502,False,0.00509,-0.0066,-0.00513,0.55612,0.00746,-0.00513,0.55612,0.00746,54.42893,0.5561948,0.01021874,80906.371,79999.995,-906.371,0.005,False,False,-0.01181
430.24,TGO,THRUST,79999.986,29.2487555,0.0494634,-587.043,0.00157,-59.57001,2278.91085,2278.93166,0.02081,0.00018,15.32375,15.32375,False,0.00508,-0.00659,-0.00514,0.55632,0.00746,-0.00514,0.55632,0.00746,54.43047,0.5563912,0.01022205,80905.024,79999.995,-905.024,0.005,False,False,-0.01075
430.38,TGO,THRUST,79999.986,29.2497545,0.0493997,-586.287,0.00158,-59.53234,2278.91084,2278.93166,0.02082,0.00018,15.31388,15.31388,False,0.00507,-0.00658,-0.00514,0.55649,0.00746,-0.00514,0.55649,0.00746,54.43182,0.5565634,0.01022496,80903.841,79999.995,-903.841,0.005,False,False,-0.01002
430.52,TGO,THRUST,79999.987,29.250753,0.049336,-585.532,0.00159,-59.49465,2278.91083,2278.93166,0.02083,0.00018,15.30401,15.30401,False,0.00507,-0.00658,-0.00514,0.55666,0.00747,-0.00514,0.55666,0.00747,54.43317,0.5567351,0.01022786,80902.655,79999.995,-902.655,0.005,False,False,-0.0094
430.66,TGO,THRUST,79999.987,29.2517512,0.0492724,-584.776,0.0016,-59.45695,2278.91082,2278.93166,0.02084,0.00018,15.29413,15.29413,False,0.00506,-0.00657,-0.00514,0.55683,0.00747,-0.00514,0.55683,0.00747,54.43453,0.5569067,0.01023076,80901.467,79999.996,-901.467,0.004,False,False,-0.00893
430.82,TGO,THRUST,79999.987,29.2528915,0.0491997,-583.913,0.00161,-59.41385,2278.91081,2278.93166,0.02085,0.00018,15.28284,15.28284,False,0.00505,-0.00656,-0.00514,0.55703,0.00747,-0.00514,0.55703,0.00747,54.43607,0.5571028,0.01023407,80900.109,79999.996,-900.109,0.004,False,False,-0.00851
430.96,TGO,THRUST,79999.987,29.2538888,0.049136,-583.158,0.00161,-59.37612,2278.9108,2278.93166,0.02086,0.00018,15.27296,15.27296,False,0.00504,-0.00655,-0.00514,0.5572,0.00748,-0.00514,0.5572,0.00748,54.43742,0.5572747,0.01023698,80898.92,79999.996,-898.92,0.004,False,False,-0.00828
431.1,TGO,THRUST,79999.986,29.2548858,0.0490725,-582.404,0.00161,-59.33838,2278.91079,2278.93166,0.02087,0.00018,15.26308,15.26308,False,0.00504,-0.00654,-0.00513,0.55737,0.00748,-0.00513,0.55737,0.00748,54.43877,0.5574462,0.01023987,80897.731,79999.996,-897.731,0.004,False,False,-0.00826
431.24,TGO,THRUST,79999.98,29.2558823,0.0490089,-581.649,0.0016,-59.30062,2278.91079,2278.93167,0.02088,0.00018,15.25318,15.25318,False,0.00503,-0.00653,-0.005,0.55755,0.00748,-0.005,0.55755,0.00748,54.44013,0.5576218,0.01024284,80896.544,79999.991,-896.544,0.009,False,False,0.01498
431.4,TGO,THRUST,79999.98,29.2570208,0.0489362,-580.787,0.00159,-59.25745,2278.91078,2278.93167,0.02089,0.00018,15.24187,15.24187,False,0.00502,-0.00652,-0.00492,0.55775,0.00749,-0.00492,0.55775,0.00749,54.44167,0.5578196,0.01024619,80895.187,79999.989,-895.187,0.011,False,False,0.02248
431.54,TGO,THRUST,79999.98,29.2580164,0.0488727,-580.033,0.00157,-59.21966,2278.91077,2278.93167,0.0209,0.00018,15.23198,15.23198,False,0.00502,-0.00651,-0.00492,0.55792,0.00749,-0.00492,0.55792,0.00749,54.44303,0.5579911,0.01024908,80893.999,79999.989,-893.999,0.011,False,False,0.02249
431.68,TGO,THRUST,79999.981,29.2590118,0.0488092,-579.279,0.00154,-59.18186,2278.91076,2278.93167,0.02091,0.00018,15.22208,15.22208,False,0.00501,-0.00651,-0.00491,0.55809,0.00749,-0.00491,0.55809,0.00749,54.44439,0.5581621,0.01025197,80892.812,79999.989,-892.812,0.011,False,False,0.0218
431.82,TGO,THRUST,79999.981,29.2600067,0.0487457,-578.526,0.00152,-59.14404,2278.91075,2278.93167,0.02092,0.00018,15.21218,15.21218,False,0.005,-0.0065,-0.0049,0.55826,0.0075,-0.0049,0.55826,0.0075,54.44574,0.558333,0.01025485,80891.625,79999.99,-891.625,0.01,False,False,0.0206
431.98,TGO,THRUST,79999.981,29.2611433,0.0486732,-577.665,0.00151,-59.1008,2278.91073,2278.93167,0.02094,0.00018,15.20085,15.20085,False,0.005,-0.00649,-0.0049,0.55846,0.0075,-0.0049,0.55846,0.0075,54.44729,0.5585282,0.01025814,80890.27,79999.99,-890.27,0.01,False,False,0.01872
432.12,TGO,THRUST,79999.981,29.2621373,0.0486097,-576.912,0.0015,-59.06296,2278.91072,2278.93167,0.02095,0.00018,15.19094,15.19094,False,0.00499,-0.00648,-0.0049,0.55863,0.0075,-0.0049,0.55863,0.0075,54.44865,0.5586995,0.01026103,80889.086,79999.99,-889.086,0.01,False,False,0.01671
432.26,TGO,THRUST,79999.982,29.263131,0.0485463,-576.159,0.00149,-59.02509,2278.91072,2278.93167,0.02095,0.00018,15.18103,15.18103,False,0.00498,-0.00647,-0.00489,0.5588,0.00751,-0.00489,0.5588,0.00751,54.45001,0.5588702,0.01026391,80887.904,79999.99,-887.904,0.01,False,False,0.01441
432.4,TGO,THRUST,79999.982,29.2641243,0.0484829,-575.407,0.00149,-58.98722,2278.91071,2278.93167,0.02096,0.00018,15.17112,15.17112,False,0.00498,-0.00646,-0.00489,0.55897,0.00751,-0.00489,0.55897,0.00751,54.45136,0.5590408,0.01026679,80886.723,79999.99,-886.723,0.01,False,False,0.01204
432.56,TGO,THRUST,79999.982,29.265259,0.0484105,-574.547,0.00149,-58.94391,2278.9107,2278.93167,0.02097,0.00018,15.15978,15.15978,False,0.00497,-0.00645,-0.00489,0.55916,0.00751,-0.00489,0.55916,0.00751,54.45292,0.5592358,0.01027008,80885.375,79999.991,-885.375,0.009,False,False,0.00965
432.7,TGO,THRUST,79999.982,29.2662514,0.0483471,-573.795,0.0015,-58.90601,2278.91069,2278.93167,0.02097,0.00018,15.14985,15.14985,False,0.00496,-0.00644,-0.00489,0.55933,0.00751,-0.00489,0.55933,0.00751,54.45427,0.5594068,0.01027296,80884.198,79999.991,-884.198,0.009,False,False,0.00799
432.84,TGO,THRUST,79999.983,29.2672434,0.0482838,-573.044,0.00151,-58.86809,2278.91069,2278.93167,0.02098,0.00018,15.13993,15.13993,False,0.00496,-0.00644,-0.0049,0.55951,0.00751,-0.0049,0.55951,0.00751,54.45563,0.5595772,0.01027584,80883.024,79999.991,-883.024,0.009,False,False,-0.00681
432.98,TGO,THRUST,79999.983,29.268235,0.0482205,-572.292,0.00153,-58.83015,2278.91069,2278.93167,0.02098,0.00018,15.13,15.13,False,0.00495,-0.00643,-0.0049,0.55968,0.00751,-0.0049,0.55968,0.00751,54.45699,0.5597476,0.01027871,80881.851,79999.991,-881.851,0.009,False,False,-0.00615
433.14,TGO,THRUST,79999.983,29.2693678,0.0481481,-571.434,0.00155,-58.78678,2278.91069,2278.93167,0.02098,0.00018,15.11864,15.11864,False,0.00494,-0.00642,-0.00491,0.55987,0.00751,-0.00491,0.55987,0.00751,54.45855,0.5599422,0.01028199,80880.515,79999.992,-880.515,0.008,False,False,-0.00602
433.28,TGO,THRUST,79999.983,29.2703586,0.0480849,-570.683,0.00156,-58.74882,2278.91069,2278.93167,0.02097,0.00018,15.10871,15.10871,False,0.00494,-0.00641,-0.00491,0.56004,0.00751,-0.00491,0.56004,0.00751,54.45991,0.560113,0.01028487,80879.348,79999.992,-879.348,0.008,False,False,-0.00641
433.42,TGO,THRUST,79999.984,29.2713489,0.0480216,-569.932,0.00158,-58.71084,2278.9107,2278.93167,0.02097,0.00018,15.09877,15.09877,False,0.00493,-0.0064,-0.00491,0.56021,0.00751,-0.00491,0.56021,0.00751,54.46127,0.5602832,0.01028774,80878.185,79999.992,-878.185,0.008,False,False,-0.00718
433.56,TGO,THRUST,79999.984,29.2723389,0.0479584,-569.181,0.0016,-58.67285,2278.9107,2278.93167,0.02096,0.00018,15.08882,15.08882,False,0.00492,-0.00639,-0.00492,0.56038,0.00751,-0.00492,0.56038,0.00751,54.46263,0.5604533,0.0102906,80877.025,79999.992,-877.025,0.008,False,False,-0.0083
433.72,TGO,THRUST,79999.984,29.2734698,0.0478861,-568.324,0.00162,-58.62941,2278.91071,2278.93167,0.02095,0.00018,15.07745,15.07745,False,0.00491,-0.00638,-0.00492,0.56058,0.0075,-0.00492,0.56058,0.0075,54.46419,0.5606476,0.01029388,80875.703,79999.992,-875.703,0.008,False,False,-0.0099
433.86,TGO,THRUST,79999.984,29.2744589,0.0478229,-567.574,0.00164,-58.59139,2278.91073,2278.93166,0.02094,0.00018,15.0675,15.0675,False,0.00491,-0.00637,-0.00493,0.56075,0.0075,-0.00493,0.56075,0.0075,54.46555,0.560818,0.01029675,80874.551,79999.993,-874.551,0.007,False,False,-0.0114
434,TGO,THRUST,79999.985,29.2754475,0.0477598,-566.824,0.00165,-58.55335,2278.91075,2278.93166,0.02092,0.00018,15.05755,15.05755,False,0.0049,-0.00637,-0.00493,0.56092,0.00749,-0.00493,0.56092,0.00749,54.46691,0.560988,0.01029961,80873.407,79999.993,-873.407,0.007,False,False,-0.01287
434.14,TGO,THRUST,79999.985,29.2764358,0.0476966,-566.075,0.00167,-58.5153,2278.91077,2278.93166,0.02089,0.00017,15.04759,15.04759,False,0.0049,-0.00636,-0.00493,0.56109,0.00748,-0.00493,0.56109,0.00748,54.46828,0.5611578,0.01030247,80872.267,79999.993,-872.267,0.007,False,False,-0.01423
434.3,TGO,THRUST,79999.985,29.2775648,0.0476245,-565.219,0.00168,-58.47179,2278.9108,2278.93166,0.02087,0.00018,15.03621,15.03621,False,0.00489,-0.00635,-0.00494,0.56128,0.00747,-0.00494,0.56128,0.00747,54.46983,0.5613518,0.01030574,80870.966,79999.993,-870.966,0.007,False,False,-0.01558
434.44,TGO,THRUST,79999.985,29.2785522,0.0475614,-564.47,0.0017,-58.43371,2278.91082,2278.93166,0.02084,0.00017,15.02624,15.02624,False,0.00488,-0.00634,-0.00494,0.56145,0.00746,-0.00494,0.56145,0.00746,54.4712,0.5615219,0.0103086,80869.831,79999.994,-869.831,0.006,False,False,-0.01655
434.58,TGO,THRUST,79999.986,29.2795392,0.0474983,-563.721,0.00171,-58.39562,2278.91085,2278.93166,0.02081,0.00018,15.01627,15.01627,False,0.00488,-0.00633,-0.00494,0.56162,0.00745,-0.00494,0.56162,0.00745,54.47256,0.5616916,0.01031146,80868.696,79999.994,-868.696,0.006,False,False,-0.01734
434.72,TGO,THRUST,79999.986,29.2805257,0.0474352,-562.973,0.00172,-58.35751,2278.91088,2278.93166,0.02079,0.00018,15.0063,15.0063,False,0.00487,-0.00632,-0.00494,0.56179,0.00744,-0.00494,0.56179,0.00744,54.47393,0.5618611,0.01031431,80867.562,79999.994,-867.562,0.006,False,False,-0.0179
434.88,TGO,THRUST,79999.986,29.2816528,0.0473632,-562.118,0.00173,-58.31394,2278.91091,2278.93166,0.02075,0.00018,14.9949,14.9949,False,0.00486,-0.00631,-0.00495,0.56198,0.00743,-0.00495,0.56198,0.00743,54.47549,0.5620548,0.01031757,80866.267,79999.994,-866.267,0.006,False,False,-0.01827
435.02,TGO,THRUST,79999.986,29.2826384,0.0473002,-561.37,0.00174,-58.2758,2278.91094,2278.93166,0.02073,0.00017,14.98492,14.98492,False,0.00486,-0.0063,-0.00495,0.56215,0.00742,-0.00495,0.56215,0.00742,54.47685,0.5622247,0.01032043,80865.135,79999.994,-865.135,0.006,False,False,-0.01841
435.16,TGO,THRUST,79999.986,29.2836237,0.0472372,-560.622,0.00174,-58.23765,2278.91096,2278.93166,0.0207,0.00017,14.97494,14.97494,False,0.00485,-0.0063,-0.00495,0.56232,0.00741,-0.00495,0.56232,0.00741,54.47822,0.5623941,0.01032328,80864.002,79999.995,-864.002,0.005,False,False,-0.01838
435.3,TGO,THRUST,79999.987,29.2846086,0.0471742,-559.875,0.00174,-58.19948,2278.91099,2278.93166,0.02067,0.00017,14.96496,14.96496,False,0.00484,-0.00629,-0.00495,0.56249,0.0074,-0.00495,0.56249,0.0074,54.47959,0.5625633,0.01032613,80862.868,79999.995,-862.868,0.005,False,False,-0.01819
435.46,TGO,THRUST,79999.987,29.2857337,0.0471023,-559.021,0.00174,-58.15584,2278.91102,2278.93166,0.02064,0.00017,14.95354,14.95354,False,0.00484,-0.00628,-0.00495,0.56269,0.00739,-0.00495,0.56269,0.00739,54.48115,0.5627567,0.01032938,80861.573,79999.995,-861.573,0.005,False,False,-0.01782
435.6,TGO,THRUST,79999.987,29.2867177,0.0470393,-558.274,0.00174,-58.11765,2278.91104,2278.93166,0.02062,0.00017,14.94355,14.94355,False,0.00483,-0.00627,-0.00495,0.56286,0.00738,-0.00495,0.56286,0.00738,54.48251,0.5629263,0.01033224,80860.439,79999.995,-860.439,0.005,False,False,-0.01736
435.74,TGO,THRUST,79999.987,29.2877012,0.0469764,-557.527,0.00174,-58.07944,2278.91107,2278.93166,0.02059,0.00017,14.93355,14.93355,False,0.00482,-0.00626,-0.00494,0.56303,0.00737,-0.00494,0.56303,0.00737,54.48389,0.5630954,0.01033508,80859.304,79999.996,-859.304,0.004,False,False,-0.01686
435.88,TGO,THRUST,79999.988,29.2886844,0.0469135,-556.781,0.00173,-58.04121,2278.91109,2278.93166,0.02057,0.00017,14.92355,14.92355,False,0.00482,-0.00625,-0.00494,0.56319,0.00736,-0.00494,0.56319,0.00736,54.48525,0.5632644,0.01033792,80858.169,79999.996,-858.169,0.004,False,False,-0.01635
436.04,TGO,THRUST,79999.988,29.2898075,0.0468417,-555.928,0.00171,-57.99751,2278.91112,2278.93166,0.02054,0.00017,14.91212,14.91212,False,0.00481,-0.00624,-0.00494,0.56339,0.00735,-0.00494,0.56339,0.00735,54.48682,0.5634575,0.01034117,80856.87,79999.996,-856.87,0.004,False,False,0.01588
436.18,TGO,THRUST,79999.988,29.2907897,0.0467789,-555.183,0.0017,-57.95925,2278.91114,2278.93166,0.02052,0.00017,14.90212,14.90212,False,0.0048,-0.00624,-0.00493,0.56356,0.00735,-0.00493,0.56356,0.00735,54.48819,0.5636268,0.01034402,80855.732,79999.996,-855.732,0.004,False,False,0.01552
436.32,TGO,THRUST,79999.988,29.2917716,0.046716,-554.437,0.00167,-57.92098,2278.91115,2278.93166,0.0205,0.00017,14.89211,14.89211,False,0.0048,-0.00623,-0.00492,0.56373,0.00734,-0.00492,0.56373,0.00734,54.48956,0.5637956,0.01034686,80854.593,79999.997,-854.593,0.003,False,False,0.01519
436.46,TGO,THRUST,79999.988,29.292753,0.0466532,-553.692,0.00165,-57.8827,2278.91117,2278.93166,0.02049,0.00017,14.88209,14.88209,False,0.00479,-0.00622,-0.00492,0.5639,0.00733,-0.00492,0.5639,0.00733,54.49093,0.5639643,0.01034969,80853.452,79999.997,-853.452,0.003,False,False,0.01485
436.62,TGO,THRUST,79999.989,29.2938741,0.0465815,-552.84,0.00162,-57.83893,2278.91119,2278.93166,0.02047,0.00017,14.87065,14.87065,False,0.00478,-0.00621,-0.00491,0.56409,0.00733,-0.00491,0.56409,0.00733,54.49249,0.564157,0.01035293,80852.146,79999.997,-852.146,0.003,False,False,0.01442
436.76,TGO,THRUST,79999.989,29.2948547,0.0465187,-552.096,0.00159,-57.80062,2278.9112,2278.93166,0.02045,0.00016,14.86063,14.86063,False,0.00478,-0.0062,-0.0049,0.56426,0.00732,-0.0049,0.56426,0.00732,54.49387,0.5643261,0.01035577,80851,79999.997,-851,0.003,False,False,0.01403
436.9,TGO,THRUST,79999.989,29.2958348,0.046456,-551.351,0.00156,-57.76229,2278.91121,2278.93166,0.02044,0.00016,14.8506,14.8506,False,0.00477,-0.00619,-0.00489,0.56443,0.00732,-0.00489,0.56443,0.00732,54.49524,0.5644946,0.0103586,80849.853,79999.998,-849.853,0.002,False,False,0.01361
437.04,TGO,THRUST,79999.989,29.2968144,0.0463933,-550.607,0.00153,-57.72395,2278.91122,2278.93166,0.02043,0.00016,14.84058,14.84058,False,0.00476,-0.00618,-0.00488,0.56459,0.00731,-0.00488,0.56459,0.00731,54.49661,0.564663,0.01036143,80848.703,79999.998,-848.703,0.002,False,False,0.01323
437.2,TGO,THRUST,79999.99,29.2979336,0.0463217,-549.757,0.00149,-57.68011,2278.91123,2278.93166,0.02043,0.00017,14.82911,14.82911,False,0.00476,-0.00617,-0.00487,0.56479,0.00731,-0.00487,0.56479,0.00731,54.49818,0.5648554,0.01036467,80847.385,79999.998,-847.385,0.002,False,False,0.01297
437.34,TGO,THRUST,79999.99,29.2989123,0.046259,-549.013,0.00146,-57.64174,2278.91123,2278.93166,0.02042,0.00017,14.81908,14.81908,False,0.00475,-0.00617,-0.00486,0.56496,0.00731,-0.00486,0.56496,0.00731,54.49955,0.5650242,0.0103675,80846.228,79999.998,-846.228,0.002,False,False,0.01304
437.48,TGO,THRUST,79999.99,29.2998907,0.0461964,-548.269,0.00143,-57.60336,2278.91123,2278.93166,0.02043,0.00016,14.80904,14.80904,False,0.00474,-0.00616,-0.00485,0.56512,0.00731,-0.00485,0.56512,0.00731,54.50093,0.5651924,0.01037033,80845.065,79999.999,-845.065,0.001,False,False,0.01337
437.62,TGO,THRUST,79999.99,29.3008686,0.0461337,-547.526,0.0014,-57.56496,2278.91122,2278.93165,0.02043,0.00017,14.799,14.799,False,0.00474,-0.00615,-0.00484,0.56529,0.00731,-0.00484,0.56529,0.00731,54.5023,0.5653605,0.01037315,80843.897,79999.999,-843.897,0.001,False,False,0.01378
437.78,TGO,THRUST,79999.99,29.3019858,0.0460622,-546.677,0.00136,-57.52105,2278.91121,2278.93165,0.02044,0.00017,14.78753,14.78753,False,0.00473,-0.00614,-0.00483,0.56548,0.00731,-0.00483,0.56548,0.00731,54.50387,0.5655526,0.01037637,80842.561,79999.999,-842.561,0.001,False,False,0.01433
437.92,TGO,THRUST,79999.991,29.3029628,0.0459996,-545.935,0.00133,-57.48262,2278.9112,2278.93165,0.02045,0.00016,14.77748,14.77748,False,0.00472,-0.00613,-0.00482,0.56565,0.00732,-0.00482,0.56565,0.00732,54.50525,0.565721,0.0103792,80841.39,79999.999,-841.39,0.001,False,False,0.01479
438.06,TGO,THRUST,79999.991,29.3039394,0.0459371,-545.192,0.0013,-57.44418,2278.91119,2278.93165,0.02047,0.00017,14.76743,14.76743,False,0.00472,-0.00612,-0.00481,0.56582,0.00732,-0.00481,0.56582,0.00732,54.50662,0.5658889,0.01038202,80840.218,79999.999,-840.218,0.001,False,False,0.01519
438.2,TGO,THRUST,79999.991,29.3049155,0.0458746,-544.45,0.00126,-57.40572,2278.91118,2278.93165,0.02048,0.00017,14.75737,14.75737,False,0.00471,-0.00611,-0.0048,0.56599,0.00733,-0.0048,0.56599,0.00733,54.508,0.5660568,0.01038484,80839.046,80000,-839.046,0,False,False,0.01546
438.36,TGO,THRUST,79999.991,29.3060306,0.0458031,-543.602,0.00123,-57.36175,2278.91116,2278.93165,0.02049,0.00017,14.74588,14.74588,False,0.0047,-0.00611,-0.00479,0.56618,0.00733,-0.00479,0.56618,0.00733,54.50957,0.5662485,0.01038806,80837.707,80000,-837.707,0,False,False,0.01562
438.5,TGO,THRUST,79999.991,29.3070059,0.0457406,-542.861,0.0012,-57.32327,2278.91115,2278.93165,0.0205,0.00017,14.73582,14.73582,False,0.00469,-0.0061,-0.00478,0.56635,0.00733,-0.00478,0.56635,0.00733,54.51095,0.5664166,0.01039088,80836.535,80000,-836.535,0,False,False,0.01561
438.64,TGO,THRUST,79999.992,29.3079807,0.0456782,-542.12,0.00117,-57.28476,2278.91114,2278.93165,0.02052,0.00017,14.72576,14.72576,False,0.00469,-0.00609,-0.00477,0.56652,0.00734,-0.00477,0.56652,0.00734,54.51232,0.5665842,0.01039369,80835.364,80000,-835.364,0,False,False,0.01542
438.78,TGO,THRUST,79999.992,29.3089551,0.0456158,-541.379,0.00114,-57.24625,2278.91112,2278.93165,0.02053,0.00017,14.71569,14.71569,False,0.00468,-0.00608,-0.00476,0.56668,0.00734,-0.00476,0.56668,0.00734,54.5137,0.5667517,0.0103965,80834.193,80000,-834.193,0,False,False,0.01509
438.94,TGO,THRUST,79999.992,29.3100682,0.0455444,-540.532,0.00111,-57.20221,2278.91111,2278.93165,0.02054,0.00017,14.70418,14.70418,False,0.00467,-0.00607,-0.00475,0.56688,0.00735,-0.00475,0.56688,0.00735,54.51528,0.566943,0.01039971,80832.856,80000,-832.856,0,False,False,0.0145
439.08,TGO,THRUST,79999.992,29.3110416,0.045482,-539.792,0.00109,-57.16367,2278.9111,2278.93165,0.02055,0.00017,14.6941,14.6941,False,0.00467,-0.00606,-0.00474,0.56704,0.00735,-0.00474,0.56704,0.00735,54.51666,0.5671108,0.01040252,80831.688,80000.001,-831.688,-0.001,False,False,0.01382
439.22,TGO,THRUST,79999.992,29.3120147,0.0454197,-539.052,0.00107,-57.12511,2278.91109,2278.93165,0.02056,0.00017,14.68403,14.68403,False,0.00466,-0.00605,-0.00474,0.56721,0.00735,-0.00474,0.56721,0.00735,54.51804,0.5672781,0.01040533,80830.52,80000.001,-830.52,-0.001,False,False,0.01299
439.36,TGO,THRUST,79999.993,29.3129873,0.0453573,-538.312,0.00105,-57.08653,2278.91108,2278.93165,0.02057,0.00017,14.67395,14.67395,False,0.00465,-0.00605,-0.00473,0.56738,0.00735,-0.00473,0.56738,0.00735,54.51942,0.5674452,0.01040813,80829.355,80000.001,-829.355,-0.001,False,False,0.01201
439.52,TGO,THRUST,79999.993,29.3140983,0.0452861,-537.466,0.00103,-57.04243,2278.91107,2278.93165,0.02058,0.00017,14.66242,14.66242,False,0.00465,-0.00604,-0.00472,0.56757,0.00736,-0.00472,0.56757,0.00736,54.52099,0.5676362,0.01041133,80828.024,80000.001,-828.024,-0.001,False,False,0.01081
439.66,TGO,THRUST,79999.993,29.31507,0.0452238,-536.727,0.00101,-57.00383,2278.91106,2278.93165,0.02059,0.00017,14.65233,14.65233,False,0.00464,-0.00603,-0.00471,0.56774,0.00736,-0.00471,0.56774,0.00736,54.52237,0.5678036,0.01041414,80826.862,80000.001,-826.862,-0.001,False,False,0.00973
439.8,TGO,THRUST,79999.993,29.3160412,0.0451615,-535.988,0.001,-56.96521,2278.91106,2278.93165,0.02059,0.00017,14.64224,14.64224,False,0.00463,-0.00602,-0.00471,0.5679,0.00736,-0.00471,0.5679,0.00736,54.52376,0.5679705,0.01041694,80825.701,80000.001,-825.701,-0.001,False,False,0.00881
439.94,TGO,THRUST,79999.993,29.317012,0.0450993,-535.249,0.00099,-56.92658,2278.91105,2278.93165,0.0206,0.00017,14.63215,14.63215,False,0.00463,-0.00601,-0.00471,0.56807,0.00736,-0.00471,0.56807,0.00736,54.52514,0.5681373,0.01041973,80824.543,80000.001,-824.543,-0.001,False,False,-0.00802
440.1,TGO,THRUST,79999.993,29.318121,0.0450282,-534.405,0.00099,-56.88241,2278.91105,2278.93165,0.0206,0.00017,14.62061,14.62061,False,0.00462,-0.006,-0.0047,0.56826,0.00736,-0.0047,0.56826,0.00736,54.52672,0.5683279,0.01042293,80823.222,80000.002,-823.222,-0.002,False,False,-0.0073
440.24,TGO,THRUST,79999.994,29.3190909,0.044966,-533.667,0.00098,-56.84375,2278.91105,2278.93165,0.0206,0.00017,14.6105,14.6105,False,0.00461,-0.00599,-0.0047,0.56843,0.00736,-0.0047,0.56843,0.00736,54.5281,0.568495,0.01042573,80822.07,80000.002,-822.07,-0.002,False,False,-0.00684
440.38,TGO,THRUST,79999.994,29.3200603,0.0449038,-532.929,0.00098,-56.80508,2278.91105,2278.93165,0.0206,0.00017,14.6004,14.6004,False,0.00461,-0.00599,-0.0047,0.56859,0.00736,-0.0047,0.56859,0.00736,54.52948,0.5686616,0.01042852,80820.92,80000.002,-820.92,-0.002,False,False,-0.00657
440.52,TGO,THRUST,79999.994,29.3210293,0.0448417,-532.191,0.00098,-56.76639,2278.91106,2278.93165,0.02059,0.00017,14.59029,14.59029,False,0.0046,-0.00598,-0.0047,0.56876,0.00736,-0.0047,0.56876,0.00736,54.53087,0.5688281,0.0104313,80819.773,80000.002,-819.773,-0.002,False,False,-0.0066
440.68,TGO,THRUST,79999.994,29.3221362,0.0447707,-531.349,0.00098,-56.72215,2278.91106,2278.93165,0.02058,0.00017,14.57874,14.57874,False,0.00459,-0.00597,-0.00469,0.56895,0.00736,-0.00469,0.56895,0.00736,54.53244,0.5690182,0.01043449,80818.466,80000.002,-818.466,-0.002,False,False,-0.00706
440.82,TGO,THRUST,79999.994,29.3231043,0.0447085,-530.612,0.00098,-56.68344,2278.91107,2278.93165,0.02057,0.00017,14.56862,14.56862,False,0.00459,-0.00596,-0.00469,0.56912,0.00735,-0.00469,0.56912,0.00735,54.53383,0.569185,0.01043728,80817.326,80000.002,-817.326,-0.002,False,False,-0.00794
440.96,TGO,THRUST,79999.994,29.3240719,0.0446465,-529.875,0.00098,-56.6447,2278.91109,2278.93165,0.02056,0.00017,14.5585,14.5585,False,0.00458,-0.00595,-0.00469,0.56928,0.00735,-0.00469,0.56928,0.00735,54.53521,0.5693512,0.01044007,80816.19,80000.002,-816.19,-0.002,False,False,-0.00915
441.1,TGO,THRUST,79999.995,29.3250391,0.0445844,-529.138,0.00098,-56.60596,2278.9111,2278.93165,0.02055,0.00017,14.54838,14.54838,False,0.00457,-0.00594,-0.00469,0.56945,0.00734,-0.00469,0.56945,0.00734,54.5366,0.5695173,0.01044285,80815.06,80000.002,-815.06,-0.002,False,False,-0.01054
441.26,TGO,THRUST,79999.995,29.3261439,0.0445135,-528.297,0.00098,-56.56166,2278.91113,2278.93165,0.02052,0.00017,14.53681,14.53681,False,0.00457,-0.00593,-0.00468,0.56964,0.00733,-0.00468,0.56964,0.00733,54.53818,0.569707,0.01044602,80813.777,80000.003,-813.777,-0.003,False,False,-0.01219
441.4,TGO,THRUST,79999.995,29.3271101,0.0444515,-527.561,0.00098,-56.52288,2278.91115,2278.93165,0.02049,0.00017,14.52668,14.52668,False,0.00456,-0.00593,-0.00468,0.56981,0.00732,-0.00468,0.56981,0.00732,54.53957,0.5698735,0.01044881,80812.657,80000.003,-812.657,-0.003,False,False,-0.01354
441.54,TGO,THRUST,79999.995,29.3280759,0.0443895,-526.825,0.00098,-56.48409,2278.91118,2278.93165,0.02047,0.00016,14.51655,14.51655,False,0.00455,-0.00592,-0.00468,0.56997,0.00731,-0.00468,0.56997,0.00731,54.54096,0.5700393,0.01045158,80811.54,80000.003,-811.54,-0.003,False,False,-0.01474
441.68,TGO,THRUST,79999.995,29.3290413,0.0443276,-526.09,0.00098,-56.44529,2278.91121,2278.93165,0.02044,0.00016,14.50641,14.50641,False,0.00455,-0.00591,-0.00468,0.57014,0.0073,-0.00468,0.57014,0.0073,54.54235,0.5702051,0.01045436,80810.425,80000.003,-810.425,-0.003,False,False,-0.01575
441.84,TGO,THRUST,79999.995,29.330144,0.0442568,-525.25,0.00098,-56.40092,2278.91124,2278.93165,0.02041,0.00016,14.49483,14.49483,False,0.00454,-0.0059,-0.00467,0.57033,0.00729,-0.00467,0.57033,0.00729,54.54393,0.5703944,0.01045752,80809.152,80000.003,-809.152,-0.003,False,False,-0.0167
441.98,TGO,THRUST,79999.995,29.3311084,0.0441949,-524.515,0.00098,-56.36209,2278.91127,2278.93165,0.02038,0.00016,14.48468,14.48468,False,0.00454,-0.00589,-0.00467,0.57049,0.00728,-0.00467,0.57049,0.00728,54.54532,0.5705605,0.0104603,80808.039,80000.003,-808.039,-0.003,False,False,-0.0173
442.12,TGO,THRUST,79999.996,29.3320724,0.044133,-523.781,0.00098,-56.32324,2278.9113,2278.93165,0.02035,0.00016,14.47454,14.47454,False,0.00453,-0.00588,-0.00467,0.57066,0.00727,-0.00467,0.57066,0.00727,54.54671,0.570726,0.01046307,80806.926,80000.003,-806.926,-0.003,False,False,-0.01775
442.26,TGO,THRUST,79999.996,29.3330359,0.0440711,-523.046,0.00097,-56.28438,2278.91133,2278.93165,0.02032,0.00016,14.46439,14.46439,False,0.00452,-0.00587,-0.00466,0.57083,0.00726,-0.00466,0.57083,0.00726,54.5481,0.5708915,0.01046584,80805.813,80000.004,-805.813,-0.004,False,False,-0.01804
442.42,TGO,THRUST,79999.996,29.3341365,0.0440004,-522.208,0.00097,-56.23995,2278.91136,2278.93165,0.02029,0.00016,14.45279,14.45279,False,0.00452,-0.00587,-0.00466,0.57102,0.00725,-0.00466,0.57102,0.00725,54.54968,0.5710804,0.010469,80804.54,80000.004,-804.54,-0.004,False,False,-0.01819
442.56,TGO,THRUST,79999.996,29.335099,0.0439386,-521.474,0.00096,-56.20106,2278.91139,2278.93165,0.02026,0.00016,14.44263,14.44263,False,0.00451,-0.00586,-0.00466,0.57118,0.00724,-0.00466,0.57118,0.00724,54.55107,0.5712462,0.01047177,80803.427,80000.004,-803.427,-0.004,False,False,-0.01817
442.7,TGO,THRUST,79999.996,29.3360611,0.0438768,-520.741,0.00095,-56.16215,2278.91141,2278.93164,0.02023,0.00016,14.43247,14.43247,False,0.0045,-0.00585,-0.00465,0.57135,0.00723,-0.00465,0.57135,0.00723,54.55246,0.5714113,0.01047453,80802.314,80000.004,-802.314,-0.004,False,False,-0.01803
442.84,TGO,THRUST,79999.996,29.3370228,0.0438151,-520.008,0.00095,-56.12323,2278.91144,2278.93164,0.02021,0.00016,14.42231,14.42231,False,0.0045,-0.00584,-0.00465,0.57151,0.00722,-0.00465,0.57151,0.00722,54.55385,0.5715764,0.01047729,80801.2,80000.004,-801.2,-0.004,False,False,-0.01771
443,TGO,THRUST,79999.996,29.3381212,0.0437445,-519.17,0.00093,-56.07874,2278.91147,2278.93164,0.02018,0.00016,14.41069,14.41069,False,0.00449,-0.00583,-0.00464,0.5717,0.00721,-0.00464,0.5717,0.00721,54.55544,0.571765,0.01048044,80799.927,80000.004,-799.927,-0.004,False,False,-0.01723
443.14,TGO,THRUST,79999.996,29.3390819,0.0436828,-518.438,0.00092,-56.03979,2278.91149,2278.93164,0.02015,0.00016,14.40052,14.40052,False,0.00448,-0.00582,-0.00463,0.57187,0.0072,-0.00463,0.57187,0.0072,54.55684,0.5719303,0.0104832,80798.812,80000.004,-798.812,-0.004,False,False,-0.01673
443.28,TGO,THRUST,79999.991,29.3400422,0.0436211,-517.705,0.00091,-56.00083,2278.91152,2278.93164,0.02013,0.00016,14.39035,14.39035,False,0.00448,-0.00581,-0.00463,0.57203,0.00719,-0.00463,0.57203,0.00719,54.55822,0.5720952,0.01048596,80797.696,80000.005,-797.696,-0.005,False,False,-0.01615
443.42,TGO,THRUST,79999.989,29.3410019,0.0435594,-516.973,0.00089,-55.96185,2278.91156,2278.93166,0.0201,0.00016,14.38017,14.38017,False,0.00447,-0.00581,-0.00439,0.57221,0.00718,-0.00439,0.57221,0.00718,54.55962,0.5722676,0.01048885,80796.582,79999.997,-796.582,0.003,False,False,0.02882
443.58,TGO,THRUST,79999.989,29.3420983,0.0434889,-516.137,0.00087,-55.91729,2278.91158,2278.93166,0.02007,0.00016,14.36853,14.36853,False,0.00446,-0.0058,-0.00438,0.57239,0.00717,-0.00438,0.57239,0.00717,54.56121,0.5724556,0.01049199,80795.303,79999.997,-795.303,0.003,False,False,0.02875
443.72,TGO,THRUST,79999.989,29.3430571,0.0434273,-515.405,0.00083,-55.87828,2278.9116,2278.93166,0.02005,0.00016,14.35835,14.35835,False,0.00446,-0.00579,-0.00437,0.57256,0.00716,-0.00437,0.57256,0.00716,54.5626,0.5726204,0.01049474,80794.183,79999.997,-794.183,0.003,False,False,0.0276
443.86,TGO,THRUST,79999.989,29.3440154,0.0433657,-514.675,0.0008,-55.83926,2278.91162,2278.93166,0.02004,0.00016,14.34816,14.34816,False,0.00445,-0.00578,-0.00436,0.57272,0.00716,-0.00436,0.57272,0.00716,54.564,0.5727846,0.01049748,80793.06,79999.997,-793.06,0.003,False,False,0.02584
444,TGO,THRUST,79999.989,29.3449734,0.0433041,-513.944,0.00077,-55.80023,2278.91163,2278.93166,0.02002,0.00016,14.33797,14.33797,False,0.00444,-0.00577,-0.00435,0.57289,0.00715,-0.00435,0.57289,0.00715,54.56539,0.5729487,0.01050022,80791.936,79999.997,-791.936,0.003,False,False,0.02347
444.16,TGO,THRUST,79999.99,29.3460676,0.0432338,-513.109,0.00075,-55.7556,2278.91165,2278.93166,0.02001,0.00016,14.32633,14.32633,False,0.00444,-0.00576,-0.00434,0.57308,0.00715,-0.00434,0.57308,0.00715,54.56699,0.5731362,0.01050335,80790.648,79999.997,-790.648,0.003,False,False,0.02016
444.3,TGO,THRUST,79999.99,29.3470245,0.0431723,-512.379,0.00074,-55.71653,2278.91166,2278.93166,0.02,0.00016,14.31613,14.31613,False,0.00443,-0.00575,-0.00433,0.57324,0.00714,-0.00433,0.57324,0.00714,54.56838,0.5733006,0.01050609,80789.519,79999.997,-789.519,0.003,False,False,0.01674
444.44,TGO,THRUST,79999.99,29.3479809,0.0431108,-511.649,0.00073,-55.67746,2278.91167,2278.93166,0.01999,0.00016,14.30593,14.30593,False,0.00442,-0.00575,-0.00433,0.5734,0.00714,-0.00433,0.5734,0.00714,54.56978,0.5734645,0.01050883,80788.387,79999.998,-788.387,0.002,False,False,0.01291
444.58,TGO,THRUST,79999.99,29.348937,0.0430493,-510.92,0.00073,-55.63836,2278.91167,2278.93166,0.01998,0.00016,14.29573,14.29573,False,0.00442,-0.00574,-0.00433,0.57357,0.00714,-0.00433,0.57357,0.00714,54.57117,0.5736283,0.01051156,80787.252,79999.998,-787.252,0.002,False,False,0.00918
444.74,TGO,THRUST,79999.99,29.350029,0.0429791,-510.086,0.00073,-55.59367,2278.91167,2278.93165,0.01998,0.00016,14.28406,14.28406,False,0.00441,-0.00573,-0.00433,0.57375,0.00714,-0.00433,0.57375,0.00714,54.57277,0.5738154,0.01051468,80785.948,79999.998,-785.948,0.002,False,False,0.0053
444.88,TGO,THRUST,79999.99,29.350984,0.0429177,-509.357,0.00074,-55.55455,2278.91166,2278.93165,0.01999,0.00016,14.27386,14.27386,False,0.0044,-0.00572,-0.00433,0.57392,0.00714,-0.00433,0.57392,0.00714,54.57417,0.5739795,0.01051742,80784.801,79999.998,-784.801,0.002,False,False,0.00284
445.02,TGO,THRUST,79999.99,29.3519386,0.0428563,-508.629,0.00076,-55.51541,2278.91166,2278.93165,0.02,0.00016,14.26364,14.26364,False,0.0044,-0.00571,-0.00433,0.57408,0.00714,-0.00433,0.57408,0.00714,54.57556,0.5741431,0.01052015,80783.652,79999.998,-783.652,0.002,False,False,0.00286
445.16,TGO,THRUST,79999.991,29.3528927,0.0427949,-507.9,0.00077,-55.47627,2278.91165,2278.93165,0.02001,0.00016,14.25343,14.25343,False,0.00439,-0.0057,-0.00433,0.57425,0.00714,-0.00433,0.57425,0.00714,54.57696,0.5743065,0.01052287,80782.5,79999.998,-782.5,0.002,False,False,-0.00477
445.32,TGO,THRUST,79999.991,29.3539826,0.0427248,-507.068,0.00079,-55.43151,2278.91163,2278.93165,0.02002,0.00016,14.24175,14.24175,False,0.00438,-0.0057,-0.00433,0.57443,0.00715,-0.00433,0.57443,0.00715,54.57856,0.5744932,0.01052599,80781.184,79999.998,-781.184,0.002,False,False,-0.00711
445.46,TGO,THRUST,79999.991,29.3549357,0.0426635,-506.341,0.00081,-55.39233,2278.91162,2278.93165,0.02003,0.00016,14.23152,14.23152,False,0.00438,-0.00569,-0.00433,0.5746,0.00715,-0.00433,0.5746,0.00715,54.57996,0.574657,0.01052872,80780.031,79999.998,-780.031,0.002,False,False,-0.00899
445.6,TGO,THRUST,79999.991,29.3558883,0.0426022,-505.613,0.00083,-55.35314,2278.91161,2278.93165,0.02005,0.00016,14.2213,14.2213,False,0.00437,-0.00568,-0.00434,0.57476,0.00716,-0.00434,0.57476,0.00716,54.58136,0.5748202,0.01053144,80778.878,79999.998,-778.878,0.002,False,False,-0.01058
445.74,TGO,THRUST,79999.991,29.3568405,0.042541,-504.886,0.00085,-55.31393,2278.91159,2278.93165,0.02006,0.00016,14.21107,14.21107,False,0.00437,-0.00567,-0.00434,0.57492,0.00716,-0.00434,0.57492,0.00716,54.58276,0.5749833,0.01053416,80777.725,79999.999,-777.725,0.001,False,False,-0.01188
445.9,TGO,THRUST,79999.991,29.3579282,0.042471,-504.056,0.00087,-55.26911,2278.91158,2278.93165,0.02007,0.00016,14.19938,14.19938,False,0.00436,-0.00566,-0.00434,0.57511,0.00717,-0.00434,0.57511,0.00717,54.58436,0.5751696,0.01053726,80776.409,79999.999,-776.409,0.001,False,False,-0.0131
446.04,TGO,THRUST,79999.991,29.3588794,0.0424098,-503.329,0.00089,-55.22987,2278.91157,2278.93165,0.02009,0.00016,14.18914,14.18914,False,0.00435,-0.00565,-0.00435,0.57527,0.00717,-0.00435,0.57527,0.00717,54.58576,0.575333,0.01053998,80775.258,79999.999,-775.258,0.001,False,False,-0.01394
446.18,TGO,THRUST,79999.992,29.3598301,0.0423486,-502.603,0.00091,-55.19062,2278.91155,2278.93165,0.0201,0.00016,14.1789,14.1789,False,0.00434,-0.00564,-0.00435,0.57543,0.00717,-0.00435,0.57543,0.00717,54.58716,0.5754958,0.0105427,80774.107,79999.999,-774.107,0.001,False,False,-0.01454
446.32,TGO,THRUST,79999.992,29.3607804,0.0422874,-501.877,0.00093,-55.15136,2278.91154,2278.93165,0.02011,0.00016,14.16866,14.16866,False,0.00434,-0.00564,-0.00435,0.5756,0.00718,-0.00435,0.5756,0.00718,54.58856,0.5756586,0.01054541,80772.957,79999.999,-772.957,0.001,False,False,-0.01492
446.48,TGO,THRUST,79999.992,29.3618658,0.0422175,-501.048,0.00095,-55.10647,2278.91153,2278.93165,0.02012,0.00016,14.15695,14.15695,False,0.00433,-0.00563,-0.00435,0.57578,0.00718,-0.00435,0.57578,0.00718,54.59017,0.5758445,0.0105485,80771.645,79999.999,-771.645,0.001,False,False,-0.01507
446.62,TGO,THRUST,79999.992,29.3628151,0.0421564,-500.323,0.00096,-55.06718,2278.91152,2278.93165,0.02013,0.00016,14.1467,14.1467,False,0.00432,-0.00562,-0.00435,0.57595,0.00719,-0.00435,0.57595,0.00719,54.59156,0.5760076,0.01055122,80770.499,79999.999,-770.499,0.001,False,False,-0.01496
446.76,TGO,THRUST,79999.992,29.3637639,0.0420954,-499.598,0.00098,-55.02787,2278.91151,2278.93165,0.02014,0.00016,14.13645,14.13645,False,0.00432,-0.00561,-0.00436,0.57611,0.00719,-0.00436,0.57611,0.00719,54.59297,0.57617,0.01055392,80769.354,79999.999,-769.354,0.001,False,False,-0.01459
446.9,TGO,THRUST,79999.992,29.3647122,0.0420343,-498.873,0.00099,-54.98855,2278.9115,2278.93165,0.02015,0.00016,14.12619,14.12619,False,0.00431,-0.0056,-0.00436,0.57627,0.00719,-0.00436,0.57627,0.00719,54.59437,0.5763324,0.01055663,80768.212,80000,-768.212,0,False,False,-0.01401
447.06,TGO,THRUST,79999.992,29.3657954,0.0419646,-498.045,0.001,-54.9436,2278.9115,2278.93165,0.02015,0.00016,14.11447,14.11447,False,0.0043,-0.00559,-0.00436,0.57646,0.00719,-0.00436,0.57646,0.00719,54.59597,0.5765179,0.01055971,80766.909,80000,-766.909,0,False,False,-0.013
447.2,TGO,THRUST,79999.993,29.3667427,0.0419035,-497.321,0.00102,-54.90425,2278.91149,2278.93165,0.02016,0.00016,14.1042,14.1042,False,0.0043,-0.00559,-0.00436,0.57662,0.00719,-0.00436,0.57662,0.00719,54.59738,0.5766805,0.01056242,80765.771,80000,-765.771,0,False,False,-0.01184
447.34,TGO,THRUST,79999.993,29.3676896,0.0418426,-496.598,0.00102,-54.86489,2278.91149,2278.93165,0.02016,0.00015,14.09394,14.09394,False,0.00429,-0.00558,-0.00436,0.57678,0.00719,-0.00436,0.57678,0.00719,54.59879,0.5768426,0.01056512,80764.636,80000,-764.636,0,False,False,-0.0104
447.48,TGO,THRUST,79999.993,29.368636,0.0417816,-495.874,0.00103,-54.82551,2278.91149,2278.93165,0.02016,0.00016,14.08367,14.08367,False,0.00429,-0.00557,-0.00436,0.57694,0.00719,-0.00436,0.57694,0.00719,54.60019,0.5770046,0.01056781,80763.504,80000,-763.504,0,False,False,-0.00867
447.64,TGO,THRUST,79999.993,29.369717,0.041712,-495.048,0.00103,-54.7805,2278.91149,2278.93165,0.02016,0.00016,14.07193,14.07193,False,0.00428,-0.00556,-0.00435,0.57713,0.00719,-0.00435,0.57713,0.00719,54.6018,0.5771897,0.01057089,80762.214,80000,-762.214,0,False,False,-0.00635
447.78,TGO,THRUST,79999.993,29.3706623,0.0416511,-494.325,0.00104,-54.74109,2278.9115,2278.93165,0.02015,0.00016,14.06165,14.06165,False,0.00427,-0.00555,-0.00435,0.57729,0.00719,-0.00435,0.57729,0.00719,54.6032,0.5773519,0.01057359,80761.089,80000,-761.089,0,False,False,-0.00403
447.92,TGO,THRUST,79999.993,29.3716072,0.0415902,-493.603,0.00103,-54.70167,2278.91151,2278.93165,0.02014,0.00016,14.05137,14.05137,False,0.00427,-0.00554,-0.00435,0.57745,0.00719,-0.00435,0.57745,0.00719,54.60461,0.5775136,0.01057628,80759.967,80000,-759.967,0,False,False,-0.00166
448.06,TGO,THRUST,79999.993,29.3725516,0.0415294,-492.881,0.00103,-54.66224,2278.91152,2278.93165,0.02013,0.00016,14.04109,14.04109,False,0.00426,-0.00554,-0.00435,0.57761,0.00718,-0.00435,0.57761,0.00718,54.60601,0.5776753,0.01057897,80758.85,80000.001,-758.85,-0.001,False,False,0.00219
448.22,TGO,THRUST,79999.993,29.3736304,0.0414599,-492.056,0.00102,-54.61716,2278.91153,2278.93165,0.02012,0.00016,14.02934,14.02934,False,0.00425,-0.00553,-0.00434,0.5778,0.00718,-0.00434,0.5778,0.00718,54.60762,0.5778599,0.01058204,80757.579,80000.001,-757.579,-0.001,False,False,0.00531
448.36,TGO,THRUST,79999.993,29.3745737,0.0413991,-491.334,0.001,-54.5777,2278.91155,2278.93165,0.02009,0.00015,14.01905,14.01905,False,0.00425,-0.00552,-0.00433,0.57796,0.00717,-0.00433,0.57796,0.00717,54.60903,0.5780218,0.01058473,80756.475,80000.001,-756.475,-0.001,False,False,0.00799
448.5,TGO,THRUST,79999.994,29.3755167,0.0413383,-490.613,0.00099,-54.53822,2278.91158,2278.93165,0.02007,0.00015,14.00875,14.00875,False,0.00424,-0.00551,-0.00432,0.57812,0.00716,-0.00432,0.57812,0.00716,54.61044,0.5781831,0.01058741,80755.376,80000.001,-755.376,-0.001,False,False,0.01047
448.64,TGO,THRUST,79999.994,29.3764591,0.0412776,-489.892,0.00097,-54.49874,2278.91161,2278.93165,0.02004,0.00015,13.99846,13.99846,False,0.00423,-0.0055,-0.00432,0.57828,0.00715,-0.00432,0.57828,0.00715,54.61185,0.5783443,0.01059009,80754.279,80000.001,-754.279,-0.001,False,False,0.01264
448.8,TGO,THRUST,79999.987,29.3775356,0.0412082,-489.069,0.00094,-54.45359,2278.91164,2278.93165,0.02001,0.00016,13.98669,13.98669,False,0.00423,-0.00549,-0.00427,0.57847,0.00714,-0.00427,0.57847,0.00714,54.61346,0.5785299,0.01059317,80753.029,80000,-753.029,0,False,False,0.01751
448.94,TGO,THRUST,79999.986,29.378477,0.0411474,-488.348,0.00092,-54.41407,2278.91169,2278.93166,0.01997,0.00016,13.97638,13.97638,False,0.00422,-0.00548,-0.00406,0.57864,0.00712,-0.00406,0.57864,0.00712,54.61487,0.5786985,0.01059599,80751.939,79999.994,-751.939,0.006,False,False,0.03582
449.08,TGO,THRUST,79999.986,29.3794179,0.0410868,-487.628,0.00088,-54.37454,2278.91172,2278.93166,0.01994,0.00015,13.96607,13.96607,False,0.00421,-0.00548,-0.00404,0.5788,0.00711,-0.00404,0.5788,0.00711,54.61628,0.5788593,0.01059866,80750.848,79999.994,-750.848,0.006,False,False,0.03539
449.22,TGO,THRUST,79999.986,29.3803584,0.0410262,-486.908,0.00084,-54.33499,2278.91175,2278.93166,0.01991,0.00015,13.95576,13.95576,False,0.00421,-0.00547,-0.00403,0.57896,0.0071,-0.00403,0.57896,0.0071,54.61769,0.5790198,0.01060132,80749.758,79999.994,-749.758,0.006,False,False,0.03389
449.38,TGO,THRUST,79999.987,29.3814326,0.0409569,-486.086,0.00081,-54.28978,2278.91178,2278.93166,0.01988,0.00015,13.94398,13.94398,False,0.0042,-0.00546,-0.00402,0.57915,0.00709,-0.00402,0.57915,0.00709,54.6193,0.5792032,0.01060437,80748.511,79999.994,-748.511,0.006,False,False,0.03124
449.52,TGO,THRUST,79999.987,29.382372,0.0408963,-485.367,0.00079,-54.25021,2278.91181,2278.93166,0.01985,0.00015,13.93366,13.93366,False,0.0042,-0.00545,-0.00401,0.57931,0.00708,-0.00401,0.57931,0.00708,54.62071,0.5793641,0.01060704,80747.421,79999.994,-747.421,0.006,False,False,0.02829
449.66,TGO,THRUST,79999.987,29.383311,0.0408358,-484.649,0.00078,-54.21062,2278.91184,2278.93166,0.01982,0.00015,13.92334,13.92334,False,0.00419,-0.00544,-0.00401,0.57947,0.00707,-0.00401,0.57947,0.00707,54.62213,0.5795244,0.0106097,80746.33,79999.994,-746.33,0.006,False,False,0.02498
449.8,TGO,THRUST,79999.987,29.3842494,0.0407752,-483.93,0.00077,-54.17102,2278.91187,2278.93166,0.01979,0.00015,13.91302,13.91302,False,0.00418,-0.00544,-0.00401,0.57963,0.00706,-0.00401,0.57963,0.00706,54.62354,0.5796846,0.01061236,80745.239,79999.994,-745.239,0.006,False,False,0.02197
449.96,TGO,THRUST,79999.987,29.3853214,0.0407061,-483.11,0.00078,-54.12574,2278.9119,2278.93166,0.01976,0.00015,13.90122,13.90122,False,0.00418,-0.00543,-0.00401,0.57981,0.00705,-0.00401,0.57981,0.00705,54.62515,0.5798676,0.0106154,80743.992,79999.994,-743.992,0.006,False,False,0.01918
450.1,TGO,THRUST,79999.988,29.3862588,0.0406456,-482.392,0.0008,-54.08611,2278.91193,2278.93166,0.01973,0.00015,13.89089,13.89089,False,0.00417,-0.00542,-0.00401,0.57997,0.00704,-0.00401,0.57997,0.00704,54.62656,0.5800281,0.01061806,80742.899,79999.995,-742.899,0.005,False,False,0.0173
450.24,TGO,THRUST,79999.988,29.3871957,0.0405852,-481.675,0.00082,-54.04647,2278.91195,2278.93166,0.01971,0.00015,13.88056,13.88056,False,0.00416,-0.00541,-0.00402,0.58013,0.00703,-0.00402,0.58013,0.00703,54.62798,0.5801881,0.01062071,80741.805,79999.995,-741.805,0.005,False,False,0.01593
450.38,TGO,THRUST,79999.988,29.3881322,0.0405248,-480.958,0.00085,-54.00681,2278.91198,2278.93166,0.01968,0.00015,13.87023,13.87023,False,0.00416,-0.0054,-0.00402,0.58029,0.00702,-0.00402,0.58029,0.00702,54.62939,0.5803479,0.01062336,80740.711,79999.995,-740.711,0.005,False,False,0.01495
450.54,TGO,THRUST,79999.988,29.3892018,0.0404558,-480.139,0.00088,-53.96147,2278.912,2278.93166,0.01966,0.00015,13.85841,13.85841,False,0.00415,-0.00539,-0.00403,0.58047,0.00701,-0.00403,0.58047,0.00701,54.63101,0.5805305,0.01062639,80739.458,79999.995,-739.458,0.005,False,False,-0.01416
450.68,TGO,THRUST,79999.988,29.3901372,0.0403954,-479.423,0.0009,-53.92178,2278.91202,2278.93166,0.01964,0.00015,13.84807,13.84807,False,0.00414,-0.00538,-0.00404,0.58063,0.007,-0.00404,0.58063,0.007,54.63242,0.5806907,0.01062905,80738.359,79999.995,-738.359,0.005,False,False,-0.01363
450.82,TGO,THRUST,79999.988,29.3910722,0.0403351,-478.706,0.00093,-53.88208,2278.91204,2278.93166,0.01962,0.00015,13.83772,13.83772,False,0.00414,-0.00538,-0.00404,0.58079,0.007,-0.00404,0.58079,0.007,54.63384,0.5808503,0.01063169,80737.259,79999.995,-737.259,0.005,False,False,-0.01324
450.96,TGO,THRUST,79999.989,29.3920066,0.0402748,-477.991,0.00096,-53.84237,2278.91206,2278.93166,0.0196,0.00014,13.82738,13.82738,False,0.00413,-0.00537,-0.00405,0.58095,0.00699,-0.00405,0.58095,0.00699,54.63525,0.5810098,0.01063434,80736.157,79999.995,-736.157,0.005,False,False,-0.01284
451.12,TGO,THRUST,79999.989,29.3930739,0.0402059,-477.173,0.001,-53.79696,2278.91207,2278.93166,0.01959,0.00015,13.81555,13.81555,False,0.00412,-0.00536,-0.00406,0.58114,0.00699,-0.00406,0.58114,0.00699,54.63687,0.5811919,0.01063736,80734.893,79999.995,-734.893,0.005,False,False,-0.01247
451.26,TGO,THRUST,79999.989,29.3940073,0.0401457,-476.458,0.00103,-53.75722,2278.91208,2278.93166,0.01958,0.00014,13.80519,13.80519,False,0.00412,-0.00535,-0.00406,0.5813,0.00698,-0.00406,0.5813,0.00698,54.63829,0.5813518,0.01064001,80733.785,79999.996,-733.785,0.004,False,False,-0.01221
451.4,TGO,THRUST,79999.989,29.3949402,0.0400854,-475.744,0.00105,-53.71746,2278.91209,2278.93166,0.01957,0.00015,13.79483,13.79483,False,0.00411,-0.00534,-0.00407,0.58145,0.00698,-0.00407,0.58145,0.00698,54.63971,0.581511,0.01064264,80732.674,79999.996,-732.674,0.004,False,False,-0.01217
451.54,TGO,THRUST,79999.989,29.3958726,0.0400252,-475.029,0.00108,-53.67769,2278.91209,2278.93166,0.01957,0.00014,13.78447,13.78447,False,0.00411,-0.00534,-0.00408,0.58161,0.00698,-0.00408,0.58161,0.00698,54.64113,0.5816701,0.01064528,80731.556,79999.996,-731.556,0.004,False,False,-0.01238
451.7,TGO,THRUST,79999.989,29.3969376,0.0399565,-474.213,0.00111,-53.63222,2278.91208,2278.93166,0.01957,0.00015,13.77263,13.77263,False,0.0041,-0.00533,-0.00408,0.5818,0.00698,-0.00408,0.5818,0.00698,54.64274,0.5818519,0.01064829,80730.272,79999.996,-730.272,0.004,False,False,-0.0128
451.84,TGO,THRUST,79999.989,29.3978689,0.0398963,-473.499,0.00114,-53.59243,2278.91208,2278.93166,0.01958,0.00014,13.76226,13.76226,False,0.00409,-0.00532,-0.00409,0.58196,0.00698,-0.00409,0.58196,0.00698,54.64416,0.5820114,0.01065093,80729.146,79999.996,-729.146,0.004,False,False,-0.0132
451.98,TGO,THRUST,79999.99,29.3987997,0.0398362,-472.786,0.00116,-53.55261,2278.91207,2278.93166,0.01959,0.00014,13.75189,13.75189,False,0.00409,-0.00531,-0.00409,0.58211,0.00698,-0.00409,0.58211,0.00698,54.64558,0.5821702,0.01065357,80728.019,79999.996,-728.019,0.004,False,False,-0.01354
452.12,TGO,THRUST,79999.99,29.3997301,0.0397762,-472.073,0.00118,-53.51279,2278.91206,2278.93166,0.0196,0.00014,13.74151,13.74151,False,0.00408,-0.0053,-0.0041,0.58227,0.00699,-0.0041,0.58227,0.00699,54.647,0.582329,0.01065619,80726.891,79999.996,-726.891,0.004,False,False,-0.01377
452.28,TGO,THRUST,79999.99,29.4007927,0.0397075,-471.258,0.00121,-53.46726,2278.91205,2278.93166,0.01961,0.00015,13.72965,13.72965,False,0.00407,-0.00529,-0.0041,0.58245,0.00699,-0.0041,0.58245,0.00699,54.64862,0.5825104,0.0106592,80725.601,79999.997,-725.601,0.003,False,False,-0.01381
452.42,TGO,THRUST,79999.99,29.401722,0.0396475,-470.546,0.00123,-53.4274,2278.91204,2278.93165,0.01962,0.00015,13.71927,13.71927,False,0.00407,-0.00528,-0.00411,0.58261,0.00699,-0.00411,0.58261,0.00699,54.65004,0.5826694,0.01066183,80724.471,79999.997,-724.471,0.003,False,False,-0.01366
452.56,TGO,THRUST,79999.99,29.4026508,0.0395875,-469.834,0.00124,-53.38753,2278.91203,2278.93165,0.01963,0.00014,13.70889,13.70889,False,0.00406,-0.00528,-0.00411,0.58277,0.007,-0.00411,0.58277,0.007,54.65146,0.5828279,0.01066445,80723.343,79999.997,-723.343,0.003,False,False,-0.0133
452.7,TGO,THRUST,79999.99,29.4035791,0.0395275,-469.122,0.00125,-53.34765,2278.91202,2278.93165,0.01964,0.00014,13.6985,13.6985,False,0.00405,-0.00527,-0.00411,0.58293,0.007,-0.00411,0.58293,0.007,54.65289,0.5829863,0.01066707,80722.214,79999.997,-722.214,0.003,False,False,-0.01279
452.86,TGO,THRUST,79999.991,29.4046394,0.039459,-468.309,0.00127,-53.30206,2278.912,2278.93165,0.01965,0.00014,13.68663,13.68663,False,0.00405,-0.00526,-0.00411,0.58311,0.007,-0.00411,0.58311,0.007,54.65451,0.5831672,0.01067007,80720.926,79999.997,-720.926,0.003,False,False,-0.01205
453,TGO,THRUST,79999.991,29.4055666,0.0393991,-467.598,0.00127,-53.26215,2278.91199,2278.93165,0.01966,0.00015,13.67623,13.67623,False,0.00404,-0.00525,-0.00411,0.58327,0.00701,-0.00411,0.58327,0.00701,54.65593,0.5833259,0.01067269,80719.8,79999.997,-719.8,0.003,False,False,-0.01135
453.14,TGO,THRUST,79999.991,29.4064933,0.0393393,-466.888,0.00128,-53.22222,2278.91199,2278.93165,0.01967,0.00014,13.66584,13.66584,False,0.00403,-0.00524,-0.00411,0.58343,0.00701,-0.00411,0.58343,0.00701,54.65735,0.583484,0.01067531,80718.675,79999.998,-718.675,0.002,False,False,-0.0107
453.28,TGO,THRUST,79999.991,29.4074195,0.0392794,-466.177,0.00128,-53.18229,2278.91198,2278.93165,0.01968,0.00015,13.65544,13.65544,False,0.00403,-0.00524,-0.00411,0.58359,0.00701,-0.00411,0.58359,0.00701,54.65878,0.5836419,0.01067792,80717.551,79999.998,-717.551,0.002,False,False,-0.01032
453.44,TGO,THRUST,79999.991,29.4084774,0.039211,-465.366,0.00126,-53.13663,2278.91197,2278.93165,0.01969,0.00015,13.64355,13.64355,False,0.00402,-0.00523,-0.0041,0.58377,0.00702,-0.0041,0.58377,0.00702,54.6604,0.5838224,0.0106809,80716.268,79999.998,-716.268,0.002,False,False,0.01024
453.58,TGO,THRUST,79999.991,29.4094026,0.0391512,-464.656,0.00125,-53.09666,2278.91196,2278.93165,0.01969,0.00015,13.63314,13.63314,False,0.00401,-0.00522,-0.0041,0.58392,0.00702,-0.0041,0.58392,0.00702,54.66183,0.5839807,0.01068352,80715.147,79999.998,-715.147,0.002,False,False,0.0104
453.72,TGO,THRUST,79999.991,29.4103272,0.0390915,-463.947,0.00123,-53.05669,2278.91195,2278.93165,0.0197,0.00015,13.62273,13.62273,False,0.00401,-0.00521,-0.00409,0.58408,0.00702,-0.00409,0.58408,0.00702,54.66325,0.5841384,0.01068613,80714.028,79999.998,-714.028,0.002,False,False,0.01064
453.86,TGO,THRUST,79999.992,29.4112513,0.0390317,-463.238,0.00122,-53.01669,2278.91195,2278.93165,0.0197,0.00015,13.61232,13.61232,False,0.004,-0.0052,-0.00408,0.58424,0.00702,-0.00408,0.58424,0.00702,54.66467,0.5842959,0.01068873,80712.911,79999.998,-712.911,0.002,False,False,0.01093
454.02,TGO,THRUST,79999.992,29.4123069,0.0389635,-462.428,0.00119,-52.97097,2278.91195,2278.93165,0.01971,0.00015,13.60041,13.60041,False,0.00399,-0.00519,-0.00408,0.58442,0.00702,-0.00408,0.58442,0.00702,54.6663,0.5844759,0.0106917,80711.637,79999.999,-711.637,0.001,False,False,0.01121
454.16,TGO,THRUST,79999.992,29.4132299,0.0389038,-461.72,0.00117,-52.93095,2278.91194,2278.93165,0.01971,0.00015,13.58999,13.58999,False,0.00399,-0.00519,-0.00407,0.58458,0.00702,-0.00407,0.58458,0.00702,54.66773,0.5846338,0.01069431,80710.525,79999.999,-710.525,0.001,False,False,0.01143
454.3,TGO,THRUST,79999.992,29.4141525,0.0388442,-461.012,0.00115,-52.89092,2278.91195,2278.93165,0.01971,0.00015,13.57957,13.57957,False,0.00398,-0.00518,-0.00406,0.58473,0.00702,-0.00406,0.58473,0.00702,54.66915,0.5847911,0.01069691,80709.415,79999.999,-709.415,0.001,False,False,0.01157
454.44,TGO,THRUST,79999.992,29.4150745,0.0387845,-460.304,0.00112,-52.85087,2278.91195,2278.93165,0.0197,0.00015,13.56914,13.56914,False,0.00398,-0.00517,-0.00405,0.58489,0.00702,-0.00405,0.58489,0.00702,54.67058,0.5849483,0.01069951,80708.309,79999.999,-708.309,0.001,False,False,0.01167
454.6,TGO,THRUST,79999.992,29.4161277,0.0387164,-459.496,0.00109,-52.80508,2278.91195,2278.93165,0.0197,0.00015,13.55722,13.55722,False,0.00397,-0.00516,-0.00404,0.58507,0.00702,-0.00404,0.58507,0.00702,54.67221,0.5851278,0.01070247,80707.048,79999.999,-707.048,0.001,False,False,0.01182
454.74,TGO,THRUST,79999.993,29.4170486,0.0386569,-458.789,0.00107,-52.76501,2278.91196,2278.93165,0.01969,0.00015,13.54679,13.54679,False,0.00396,-0.00515,-0.00403,0.58523,0.00701,-0.00403,0.58523,0.00701,54.67364,0.5852853,0.01070507,80705.948,80000,-705.948,0,False,False,0.01205
454.88,TGO,THRUST,79999.993,29.4179691,0.0385973,-458.082,0.00104,-52.72492,2278.91197,2278.93165,0.01968,0.00015,13.53636,13.53636,False,0.00396,-0.00514,-0.00402,0.58539,0.00701,-0.00402,0.58539,0.00701,54.67507,0.5854422,0.01070766,80704.851,80000,-704.851,0,False,False,0.01241
455.02,TGO,THRUST,79999.993,29.418889,0.0385378,-457.376,0.00101,-52.68482,2278.91198,2278.93165,0.01967,0.00014,13.52592,13.52592,False,0.00395,-0.00514,-0.00401,0.58554,0.00701,-0.00401,0.58554,0.00701,54.6765,0.585599,0.01071025,80703.758,80000,-703.758,0,False,False,0.01301
455.18,TGO,THRUST,79999.993,29.4199398,0.0384698,-456.569,0.00098,-52.63897,2278.912,2278.93165,0.01965,0.00015,13.51398,13.51398,False,0.00394,-0.00513,-0.004,0.58572,0.007,-0.004,0.58572,0.007,54.67813,0.585778,0.01071321,80702.515,80000,-702.515,0,False,False,0.01396
455.32,TGO,THRUST,79999.993,29.4208586,0.0384104,-455.864,0.00096,-52.59884,2278.91202,2278.93165,0.01963,0.00014,13.50354,13.50354,False,0.00394,-0.00512,-0.00399,0.58588,0.00699,-0.00399,0.58588,0.00699,54.67956,0.5859351,0.0107158,80701.434,80000,-701.434,0,False,False,0.01492
455.46,TGO,THRUST,79999.993,29.4217769,0.038351,-455.159,0.00093,-52.5587,2278.91205,2278.93165,0.0196,0.00014,13.49309,13.49309,False,0.00393,-0.00511,-0.00398,0.58604,0.00698,-0.00398,0.58604,0.00698,54.68099,0.5860916,0.01071838,80700.359,80000,-700.359,0,False,False,0.01584
455.6,TGO,THRUST,79999.99,29.4226948,0.0382916,-454.454,0.00091,-52.51854,2278.91208,2278.93165,0.01957,0.00014,13.48264,13.48264,False,0.00392,-0.0051,-0.00398,0.58619,0.00697,-0.00398,0.58619,0.00697,54.68242,0.5862479,0.01072096,80699.287,80000,-699.287,0,False,False,0.01669
455.76,TGO,THRUST,79999.986,29.4237431,0.0382237,-453.648,0.00088,-52.47263,2278.91213,2278.93166,0.01953,0.00014,13.47068,13.47068,False,0.00392,-0.0051,-0.00371,0.58638,0.00696,-0.00371,0.58638,0.00696,54.68405,0.5864359,0.01072408,80698.068,79999.993,-698.068,0.007,False,False,0.0399
455.9,TGO,THRUST,79999.986,29.4246598,0.0381644,-452.944,0.00085,-52.43244,2278.91216,2278.93166,0.0195,0.00014,13.46022,13.46022,False,0.00391,-0.00509,-0.0037,0.58654,0.00694,-0.0037,0.58654,0.00694,54.68548,0.5865924,0.01072666,80696.999,79999.993,-696.999,0.007,False,False,0.03865
456.04,TGO,THRUST,79999.986,29.425576,0.0381051,-452.24,0.00081,-52.39224,2278.91219,2278.93166,0.01947,0.00014,13.44976,13.44976,False,0.00391,-0.00508,-0.00368,0.5867,0.00693,-0.00368,0.5867,0.00693,54.68691,0.5867481,0.01072922,80695.932,79999.993,-695.932,0.007,False,False,0.03632
456.18,TGO,THRUST,79999.986,29.4264918,0.0380458,-451.537,0.00078,-52.35203,2278.91223,2278.93166,0.01944,0.00014,13.43929,13.43929,False,0.0039,-0.00507,-0.00367,0.58685,0.00692,-0.00367,0.58685,0.00692,54.68834,0.5869037,0.01073179,80694.865,79999.993,-694.865,0.007,False,False,0.03326
456.34,TGO,THRUST,79999.987,29.4275377,0.0379781,-450.733,0.00076,-52.30605,2278.91226,2278.93166,0.0194,0.00014,13.42733,13.42733,False,0.00389,-0.00506,-0.00367,0.58703,0.00691,-0.00367,0.58703,0.00691,54.68998,0.5870815,0.01073472,80693.647,79999.993,-693.647,0.007,False,False,0.02905
456.48,TGO,THRUST,79999.987,29.4284523,0.0379189,-450.03,0.00075,-52.26581,2278.91229,2278.93166,0.01937,0.00014,13.41686,13.41686,False,0.00389,-0.00505,-0.00367,0.58719,0.0069,-0.00367,0.58719,0.0069,54.69141,0.5872374,0.01073729,80692.58,79999.993,-692.58,0.007,False,False,0.0252
456.62,TGO,THRUST,79999.987,29.4293664,0.0378597,-449.328,0.00075,-52.22556,2278.91232,2278.93166,0.01934,0.00014,13.40638,13.40638,False,0.00388,-0.00505,-0.00367,0.58734,0.00689,-0.00367,0.58734,0.00689,54.69284,0.5873927,0.01073985,80691.514,79999.993,-691.514,0.007,False,False,0.02196
456.76,TGO,THRUST,79999.987,29.4302799,0.0378005,-448.626,0.00077,-52.18529,2278.91235,2278.93166,0.01931,0.00014,13.39591,13.39591,False,0.00388,-0.00504,-0.00367,0.5875,0.00688,-0.00367,0.5875,0.00688,54.69428,0.5875479,0.0107424,80690.447,79999.993,-690.447,0.007,False,False,0.01952
456.92,TGO,THRUST,79999.987,29.4313234,0.037733,-447.824,0.0008,-52.13925,2278.91238,2278.93166,0.01928,0.00014,13.38393,13.38393,False,0.00387,-0.00503,-0.00368,0.58767,0.00686,-0.00368,0.58767,0.00686,54.69592,0.5877252,0.01074532,80689.227,79999.994,-689.227,0.006,False,False,0.01765
457.06,TGO,THRUST,79999.987,29.4322358,0.0376739,-447.123,0.00083,-52.09896,2278.91241,2278.93166,0.01925,0.00014,13.37345,13.37345,False,0.00386,-0.00502,-0.00369,0.58783,0.00685,-0.00369,0.58783,0.00685,54.69735,0.5878808,0.01074788,80688.16,79999.994,-688.16,0.006,False,False,0.0168
457.2,TGO,THRUST,79999.988,29.4331478,0.0376148,-446.422,0.00086,-52.05865,2278.91244,2278.93166,0.01922,0.00014,13.36296,13.36296,False,0.00386,-0.00501,-0.00369,0.58798,0.00684,-0.00369,0.58798,0.00684,54.69878,0.5880357,0.01075044,80687.091,79999.994,-687.091,0.006,False,False,-0.01647
457.34,TGO,THRUST,79999.988,29.4340592,0.0375558,-445.721,0.00089,-52.01832,2278.91246,2278.93166,0.0192,0.00014,13.35247,13.35247,False,0.00385,-0.00501,-0.0037,0.58814,0.00684,-0.0037,0.58814,0.00684,54.70022,0.5881906,0.01075298,80686.022,79999.994,-686.022,0.006,False,False,-0.01643
457.5,TGO,THRUST,79999.988,29.4351002,0.0374884,-444.921,0.00093,-51.97222,2278.91249,2278.93166,0.01917,0.00014,13.34048,13.34048,False,0.00384,-0.005,-0.00371,0.58832,0.00683,-0.00371,0.58832,0.00683,54.70186,0.5883675,0.0107559,80684.798,79999.994,-684.798,0.006,False,False,-0.01661
457.64,TGO,THRUST,79999.988,29.4360105,0.0374294,-444.221,0.00097,-51.93187,2278.91251,2278.93166,0.01915,0.00013,13.32998,13.32998,False,0.00384,-0.00499,-0.00372,0.58847,0.00682,-0.00372,0.58847,0.00682,54.70329,0.5885226,0.01075845,80683.725,79999.994,-683.725,0.006,False,False,-0.01676
457.78,TGO,THRUST,79999.988,29.4369203,0.0373704,-443.521,0.001,-51.89151,2278.91253,2278.93166,0.01913,0.00013,13.31948,13.31948,False,0.00383,-0.00498,-0.00373,0.58863,0.00681,-0.00373,0.58863,0.00681,54.70473,0.5886772,0.01076099,80682.651,79999.994,-682.651,0.006,False,False,-0.01691
457.92,TGO,THRUST,79999.988,29.4378296,0.0373115,-442.822,0.00104,-51.85113,2278.91255,2278.93166,0.01911,0.00013,13.30898,13.30898,False,0.00383,-0.00497,-0.00374,0.58878,0.0068,-0.00374,0.58878,0.0068,54.70617,0.5888316,0.01076353,80681.575,79999.994,-681.575,0.006,False,False,-0.01692
458.08,TGO,THRUST,79999.989,29.4388681,0.0372442,-442.023,0.00108,-51.80497,2278.91257,2278.93166,0.01909,0.00013,13.29697,13.29697,False,0.00382,-0.00496,-0.00375,0.58896,0.0068,-0.00375,0.58896,0.0068,54.70781,0.5890081,0.01076643,80680.343,79999.995,-680.343,0.005,False,False,-0.01682
458.22,TGO,THRUST,79999.989,29.4397762,0.0371854,-441.325,0.00111,-51.76456,2278.91258,2278.93166,0.01908,0.00013,13.28646,13.28646,False,0.00381,-0.00496,-0.00376,0.58911,0.00679,-0.00376,0.58911,0.00679,54.70925,0.5891628,0.01076898,80679.262,79999.995,-679.262,0.005,False,False,-0.01663
458.36,TGO,THRUST,79999.989,29.4406838,0.0371266,-440.627,0.00115,-51.72414,2278.91259,2278.93166,0.01907,0.00013,13.27595,13.27595,False,0.00381,-0.00495,-0.00377,0.58927,0.00679,-0.00377,0.58927,0.00679,54.71068,0.589317,0.01077152,80678.178,79999.995,-678.178,0.005,False,False,-0.01637
458.5,TGO,THRUST,79999.989,29.4415909,0.0370678,-439.929,0.00118,-51.68371,2278.9126,2278.93166,0.01906,0.00013,13.26543,13.26543,False,0.0038,-0.00494,-0.00378,0.58942,0.00679,-0.00378,0.58942,0.00679,54.71213,0.5894711,0.01077405,80677.092,79999.995,-677.092,0.005,False,False,-0.01608
458.66,TGO,THRUST,79999.989,29.442627,0.0370006,-439.132,0.00121,-51.63749,2278.9126,2278.93166,0.01905,0.00013,13.25341,13.25341,False,0.00379,-0.00493,-0.00379,0.5896,0.00678,-0.00379,0.5896,0.00678,54.71377,0.5896471,0.01077694,80675.844,79999.995,-675.844,0.005,False,False,-0.01581
458.8,TGO,THRUST,79999.989,29.4435329,0.0369419,-438.435,0.00124,-51.59703,2278.9126,2278.93166,0.01906,0.00013,13.24289,13.24289,False,0.00379,-0.00492,-0.0038,0.58975,0.00679,-0.0038,0.58975,0.00679,54.71521,0.5898015,0.01077948,80674.746,79999.995,-674.746,0.005,False,False,-0.01557
458.94,TGO,THRUST,79999.99,29.4444383,0.0368832,-437.739,0.00127,-51.55655,2278.91259,2278.93166,0.01906,0.00013,13.23236,13.23236,False,0.00378,-0.00492,-0.0038,0.5899,0.00679,-0.0038,0.5899,0.00679,54.71665,0.5899553,0.01078201,80673.645,79999.995,-673.645,0.005,False,False,-0.01529
459.08,TGO,THRUST,79999.99,29.4453432,0.0368245,-437.042,0.00129,-51.51607,2278.91258,2278.93166,0.01907,0.00013,13.22183,13.22183,False,0.00377,-0.00491,-0.00381,0.59006,0.00679,-0.00381,0.59006,0.00679,54.71809,0.590109,0.01078453,80672.542,79999.996,-672.542,0.004,False,False,-0.01488
459.24,TGO,THRUST,79999.99,29.4463768,0.0367575,-436.247,0.00132,-51.46978,2278.91257,2278.93166,0.01908,0.00013,13.2098,13.2098,False,0.00377,-0.0049,-0.00382,0.59023,0.00679,-0.00382,0.59023,0.00679,54.71974,0.5902845,0.01078742,80671.281,79999.996,-671.281,0.004,False,False,-0.01424
459.38,TGO,THRUST,79999.99,29.4472805,0.0366989,-435.551,0.00134,-51.42927,2278.91256,2278.93166,0.01909,0.00013,13.19926,13.19926,False,0.00376,-0.00489,-0.00382,0.59039,0.0068,-0.00382,0.59039,0.0068,54.72118,0.5904385,0.01078994,80670.176,79999.996,-670.176,0.004,False,False,-0.0135
459.52,TGO,THRUST,79999.99,29.4481838,0.0366403,-434.856,0.00135,-51.38874,2278.91255,2278.93165,0.0191,0.00013,13.18873,13.18873,False,0.00376,-0.00488,-0.00382,0.59054,0.0068,-0.00382,0.59054,0.0068,54.72262,0.5905919,0.01079246,80669.072,79999.996,-669.072,0.004,False,False,-0.01261
459.66,TGO,THRUST,79999.99,29.4490865,0.0365818,-434.161,0.00136,-51.3482,2278.91254,2278.93165,0.01911,0.00013,13.17819,13.17819,False,0.00375,-0.00488,-0.00382,0.59069,0.0068,-0.00382,0.59069,0.0068,54.72406,0.5907451,0.01079498,80667.967,79999.996,-667.967,0.004,False,False,-0.01169
459.82,TGO,THRUST,79999.99,29.4501175,0.0365149,-433.368,0.00137,-51.30185,2278.91253,2278.93165,0.01912,0.00013,13.16614,13.16614,False,0.00374,-0.00487,-0.00383,0.59087,0.00681,-0.00383,0.59087,0.00681,54.72571,0.5909202,0.01079785,80666.706,79999.997,-666.706,0.003,False,False,-0.01077
459.98,TGO,THRUST,79999.991,29.451019,0.0364564,-432.674,0.00137,-51.26128,2278.91252,2278.93165,0.01914,0.00013,13.15559,13.15559,False,0.00374,-0.00486,-0.00382,0.59102,0.00681,-0.00382,0.59102,0.00681,54.72715,0.5910738,0,80665.603,79999.997,-665.603,0.003,False,False,-0.01036