MET,event,alt_m,lat_deg,inc_deg,surfspd_mps,orbspd_mps,vertspeed_mps,ap_m,pe_m,eta_ap_s,mass_t,throttle,dv_mps,q_atm
0,PRELAUNCH,82.337,-0.0972068,0.0972068,0.002,174.965,0.002,77.892,-598435.242,-0.02,2.79541,1,4003.246,0
0.22,LIFTOFF,82.58,-0.0972068,0.097207,2.046,174.976,2.046,78.5,-598435.266,0.19,2.69085,1,4000.585,5.9E-06
0.72,BOOSTER_ASCENT,84.815,-0.0972068,0.0972071,6.714,175.092,6.714,82.833,-598435.264,0.668,2.68134,1,3992.304,0.0001813
1.22,BOOSTER_ASCENT,89.392,-0.0972067,0.0972069,11.413,175.335,11.413,91.779,-598435.242,1.15,2.67183,1,3980.482,0.000604
1.72,BOOSTER_ASCENT,96.327,-0.0972067,0.0972074,16.144,175.705,16.144,105.398,-598435.233,1.635,2.66233,1,3972.505,0.0012779
2.22,BOOSTER_ASCENT,105.636,-0.0972066,0.097209,20.904,176.203,20.904,123.749,-598435.235,2.123,2.65282,1,3964.653,0.0022067
2.72,BOOSTER_ASCENT,117.331,-0.0972065,0.0972111,25.693,176.831,25.692,146.886,-598435.25,2.614,2.64332,1,3956.925,0.003393
3.22,BOOSTER_ASCENT,131.429,-0.0972063,0.0972134,30.509,177.589,30.509,174.864,-598435.272,3.108,2.63381,1,3945.904,0.0048391
3.72,BOOSTER_ASCENT,147.941,-0.0972061,0.0972164,35.351,178.479,35.351,207.734,-598435.298,3.605,2.6243,1,3938.477,0.0065463
4.22,BOOSTER_ASCENT,166.881,-0.0972059,0.0972207,40.219,179.499,40.219,245.544,-598435.328,4.104,2.6148,1,3931.171,0.0085152
4.78,BOOSTER_ASCENT,190.992,-0.0972054,0.0972279,45.7,180.797,45.7,293.812,-598435.373,4.667,2.60415,1,3920.757,0.0110311
5.34,BOOSTER_ASCENT,218.179,-0.0972035,0.0976823,51.206,182.289,51.206,348.38,-598434.82,5.232,2.59351,1,3913.742,0.013873
5.9,BOOSTER_ASCENT,248.456,-0.0971986,0.1027705,56.732,184.011,56.732,409.275,-598432.892,5.8,2.58286,1,3903.439,0.0170356
6.46,BOOSTER_ASCENT,281.832,-0.0971883,0.1227445,62.274,185.967,62.273,476.513,-598429.434,6.37,2.57221,1,3893.694,0.0205124
7.02,BOOSTER_ASCENT,318.313,-0.0971697,0.1658377,67.829,188.148,67.826,550.109,-598424.435,6.941,2.56157,1,3887.13,0.0242965
7.58,BOOSTER_ASCENT,357.908,-0.0971397,0.2328911,73.395,190.55,73.388,630.069,-598417.867,7.514,2.55092,1,3877.486,0.0283798
8.14,BOOSTER_ASCENT,400.618,-0.0970955,0.3218967,78.971,193.164,78.956,716.391,-598409.689,8.088,2.54027,1,3871.473,0.0327532
8.7,BOOSTER_ASCENT,446.447,-0.0970338,0.4312702,84.553,195.985,84.525,809.061,-598399.848,8.662,2.52963,1,3862.211,0.0374063
9.26,BOOSTER_ASCENT,495.394,-0.0969517,0.5601388,90.14,199.004,90.093,908.056,-598388.285,9.237,2.51898,1,3856.16,0.042328
9.82,BOOSTER_ASCENT,547.458,-0.0968458,0.7080271,95.729,202.214,95.656,1013.344,-598374.932,9.812,2.50833,1,3847.528,0.0475057
10.38,BOOSTER_ASCENT,602.634,-0.0967129,0.8746341,101.32,205.608,101.211,1124.888,-598359.718,10.386,2.49769,1,3838.826,0.0529267
10.94,BOOSTER_ASCENT,660.918,-0.0965497,1.0598162,106.912,209.179,106.756,1242.65,-598342.551,10.961,2.48704,1,3833.133,0.0585784
11.5,BOOSTER_ASCENT,722.303,-0.0963527,1.2642223,112.504,212.924,112.289,1366.587,-598323.26,11.535,2.47639,1,3824.997,0.0644477
12.06,BOOSTER_ASCENT,786.783,-0.0961183,1.4864725,118.1,216.832,117.809,1496.687,-598301.869,12.108,2.46575,1,3819.497,0.0705243
12.62,BOOSTER_ASCENT,854.35,-0.0958429,1.7258354,123.699,220.896,123.317,1632.926,-598278.32,12.681,2.4551,1,3811.385,0.076797
13.18,BOOSTER_ASCENT,924.998,-0.095523,1.9818807,129.304,225.109,128.812,1775.27,-598252.523,13.253,2.44445,1,3803.664,0.083254
13.74,BOOSTER_ASCENT,998.718,-0.095155,2.2540391,134.916,229.466,134.293,1923.683,-598224.386,13.825,2.43381,1,3798.432,0.0898831
14.3,BOOSTER_ASCENT,1075.503,-0.0947352,2.5417302,140.535,233.961,139.758,2078.127,-598193.81,14.396,2.42316,1,3790.693,0.0966723
14.86,BOOSTER_ASCENT,1155.342,-0.0942599,2.8443389,146.163,238.589,145.206,2238.557,-598160.685,14.966,2.41251,1,3785.831,0.1036093
15.42,BOOSTER_ASCENT,1238.227,-0.0937253,3.1612211,151.8,243.344,150.637,2404.923,-598124.897,15.535,2.40187,1,3778.276,0.1106813
15.98,BOOSTER_ASCENT,1324.147,-0.0931277,3.4917009,157.448,248.222,156.047,2577.166,-598086.32,16.104,2.39122,1,3773.294,0.1178755
16.54,BOOSTER_ASCENT,1413.09,-0.0924631,3.8350638,163.107,253.217,161.435,2755.218,-598044.815,16.671,2.38057,1,3766.116,0.1251788
17.1,BOOSTER_ASCENT,1505.042,-0.0917276,4.1905958,168.777,258.327,166.799,2939.005,-598000.245,17.237,2.36993,1,3758.785,0.1325775
17.66,BOOSTER_ASCENT,1599.991,-0.0909171,4.5575429,174.459,263.545,172.137,3128.435,-597952.444,17.801,2.35928,1,3753.931,0.1400578
18.22,BOOSTER_ASCENT,1697.919,-0.0900277,4.9351298,180.152,268.869,177.444,3323.408,-597901.254,18.364,2.34864,1,3746.909,0.1476055
18.78,BOOSTER_ASCENT,1798.81,-0.0890552,5.3223792,185.858,274.294,182.72,3523.821,-597846.507,18.924,2.33799,1,3742.102,0.155206
19.34,BOOSTER_ASCENT,1902.645,-0.0879955,5.7176106,191.579,279.813,187.964,3729.639,-597788.184,19.483,2.32734,1,3734.911,0.1628491
19.9,BOOSTER_ASCENT,2009.408,-0.0868448,6.1188075,197.318,285.422,193.179,3940.848,-597726.282,20.04,2.3167,1,3730.343,0.1705254
20.46,BOOSTER_ASCENT,2119.084,-0.0855993,6.5242962,203.079,291.113,198.368,4157.445,-597660.81,20.595,2.30605,1,3723.166,0.1782266
21.02,BOOSTER_ASCENT,2231.655,-0.0842555,6.9337747,208.858,296.886,203.524,4379.267,-597591.502,21.149,2.2954,1,3716.197,0.1859369
21.58,BOOSTER_ASCENT,2347.102,-0.0828095,7.3473842,214.654,302.739,208.641,4606.112,-597518.059,21.7,2.28476,1,3711.393,0.1936366
22.14,BOOSTER_ASCENT,2465.402,-0.0812573,7.764063,220.467,308.669,213.716,4837.845,-597440.307,22.248,2.27411,1,3704.159,0.2015848
22.7,BOOSTER_ASCENT,2586.53,-0.0795949,8.1833872,226.295,314.672,218.744,5074.269,-597357.978,22.793,2.26346,1,3699.312,0.2092169
23.26,BOOSTER_ASCENT,2710.457,-0.0778182,8.6053276,232.137,320.748,223.717,5315.129,-597270.737,23.334,2.25282,1,3692.214,0.2167889
23.82,BOOSTER_ASCENT,2837.151,-0.0759228,9.0292246,237.99,326.895,228.632,5560.209,-597178.312,23.871,2.24217,1,3687.298,0.2242857
24.38,BOOSTER_ASCENT,2966.578,-0.0739043,9.4547331,243.855,333.111,233.48,5809.228,-597080.354,24.402,2.23152,1,3679.856,0.2316912
24.94,BOOSTER_ASCENT,3098.697,-0.071758,9.8817229,249.727,339.394,238.253,6061.842,-596976.435,24.927,2.22088,1,3672.551,0.2389875
25.5,BOOSTER_ASCENT,3233.464,-0.0694791,10.3098945,255.607,345.743,242.943,6317.702,-596866.13,25.446,2.21023,1,3667.471,0.2461589
26.06,BOOSTER_ASCENT,3370.832,-0.0670627,10.7383074,261.496,352.158,247.548,6576.601,-596749.168,25.957,2.19958,1,3659.99,0.2531955
26.62,BOOSTER_ASCENT,3510.756,-0.064504,11.1651713,267.402,358.636,252.075,6838.576,-596625.54,26.462,2.18894,1,3654.776,0.2600994
27.18,BOOSTER_ASCENT,3653.195,-0.0617988,11.587995,273.334,365.171,256.538,7103.84,-596495.548,26.962,2.17829,1,3646.842,0.2668752
27.74,BOOSTER_ASCENT,3798.119,-0.0589434,12.0044165,279.3,371.76,260.952,7372.74,-596359.6,27.459,2.16764,1,3639.004,0.2735306
28.3,BOOSTER_ASCENT,3945.502,-0.0559347,12.4139754,285.306,378.403,265.324,7645.328,-596217.583,27.954,2.157,1,3633.531,0.2800654
28.86,BOOSTER_ASCENT,4095.32,-0.0527695,12.8164852,291.35,385.098,269.648,7921.405,-596069.307,28.446,2.14635,1,3625.181,0.2864679
29.42,BOOSTER_ASCENT,4247.536,-0.0494448,13.2107479,297.39,391.806,273.885,8199.754,-595914.979,28.93,2.1357,1,3619.516,0.2926643
29.98,BOOSTER_ASCENT,4402.083,-0.0459586,13.594752,303.354,398.46,277.966,8478.133,-595755.249,29.4,2.12506,1,3611.13,0.2985018
30.54,BOOSTER_ASCENT,4558.861,-0.0423094,13.9674529,309.204,405.025,281.857,8755.222,-595590.566,29.851,2.11441,1,3605.257,0.3038861
31.1,BOOSTER_ASCENT,4717.761,-0.0384962,14.3284213,314.931,411.486,285.554,9030.503,-595421.244,30.283,2.10377,1,3596.551,0.3087888
31.66,BOOSTER_ASCENT,4878.677,-0.0345184,14.6776392,320.54,417.846,289.064,9303.874,-595247.484,30.696,2.09312,1,3587.355,0.3132141
32.22,BOOSTER_ASCENT,5041.508,-0.0303755,15.0153849,326.045,424.111,292.402,9575.503,-595069.385,31.093,2.08247,1,3581.097,0.3171844
32.78,BOOSTER_ASCENT,5206.165,-0.0260673,15.3420206,331.462,430.294,295.59,9845.742,-594887.022,31.475,2.07183,1,3571.803,0.3207331
33.32,BOOSTER_ASCENT,5372.566,-0.0215932,15.6582772,336.807,436.409,298.642,10114.831,-594700.22,31.845,2.06118,1,3565.281,0.3238918
33.9,BOOSTER_ASCENT,5540.641,-0.0169529,15.9651413,342.105,442.478,301.58,10383.243,-594508.602,32.203,2.05053,1,3555.285,0.326703
34.46,BOOSTER_ASCENT,5710.336,-0.0121454,16.2638121,347.392,448.535,304.434,10651.869,-594311.565,32.554,2.03989,1,3548.477,0.3292328
35.02,BOOSTER_ASCENT,5881.614,-0.0071691,16.555757,352.718,454.625,307.249,10922.036,-594108.191,32.902,2.02924,1,3538.366,0.3315695
35.58,BOOSTER_ASCENT,6054.467,-0.0020219,16.842127,358.122,460.788,310.057,11194.813,-593897.607,33.252,2.01859,1,3527.678,0.3337918
36.14,BOOSTER_ASCENT,6228.891,0.0032988,17.123351,363.614,467.033,312.865,11470.438,-593679.315,33.604,2.00795,1,3520.737,0.3359181
36.7,BOOSTER_ASCENT,6404.888,0.0087959,17.399771,369.204,473.369,315.677,11749.077,-593452.824,33.958,1.9973,1,3509.608,0.3379555
37.26,BOOSTER_ASCENT,6582.461,0.0144723,17.6716911,374.899,479.804,318.496,12030.889,-593217.621,34.316,1.98665,1,3502.037,0.3399091
37.82,BOOSTER_ASCENT,6761.616,0.0203313,17.9393767,380.706,486.347,321.326,12316.02,-592973.169,34.677,1.97601,1,3490.809,0.3417834
38.38,BOOSTER_ASCENT,6942.359,0.0263763,18.2030551,386.632,493.004,324.169,12604.6,-592718.912,35.041,1.96536,1,3482.939,0.3435811
38.94,BOOSTER_ASCENT,7124.697,0.0326108,18.4629174,392.685,499.782,327.027,12896.735,-592454.272,35.41,1.95471,1,3470.904,0.3453028
39.5,BOOSTER_ASCENT,7308.64,0.0390387,18.7191212,398.868,506.688,329.9,13192.505,-592178.661,35.784,1.94407,1,3458.969,0.3469478
40.06,BOOSTER_ASCENT,7494.197,0.045664,18.9717888,405.188,513.726,332.789,13492.015,-591891.474,36.162,1.93342,1,3450.612,0.3485137
40.62,BOOSTER_ASCENT,7681.389,0.0524905,19.2207532,411.684,520.926,335.744,13797.108,-591592.484,36.55,1.92277,1,3437.842,0.3500408
41.18,BOOSTER_ASCENT,7869.949,0.0595096,19.4402402,417.14,527.111,337.818,14071.834,-591313.817,36.839,1.91298,1,3430.751,0.3495063
41.74,BOOSTER_ASCENT,8059.884,0.0667227,19.6586219,422.875,533.551,340.061,14355.255,-591022.335,37.149,1.90319,1,3418.452,0.349773
42.3,BOOSTER_ASCENT,8251.165,0.0741299,19.8825543,429.242,540.585,342.757,14658.499,-590708.37,37.514,1.89306,0.85,3406.132,0.3501503
42.86,BOOSTER_ASCENT,8443.808,0.0817329,20.1051434,435.904,547.889,345.63,14971.4,-590379.675,37.903,1.88281,1,3397.984,0.3500867
43.42,BOOSTER_ASCENT,8638.001,0.0895408,20.3085738,441.906,554.546,347.932,15264.972,-590062.716,38.227,1.87319,1,3385.566,0.3493808
43.98,BOOSTER_ASCENT,8833.777,0.0975566,20.5207159,448.71,561.968,350.8,15583.744,-589715.652,38.62,1.86323,0.85,3376.443,0.349762
44.54,BOOSTER_ASCENT,9031.101,0.1057805,20.7395696,456.249,570.091,354.176,15926.167,-589338.81,39.077,1.85281,1,3363.479,0.3475897
45.1,BOOSTER_ASCENT,9230.513,0.1142378,20.9627844,464.425,578.824,357.968,16289.799,-588932.72,39.587,1.84216,1,3353.678,0.3466597
45.66,BOOSTER_ASCENT,9432.074,0.1229337,21.182571,472.81,587.754,361.847,16661.872,-588509.635,40.112,1.83152,1,3338.717,0.3456858
46.22,BOOSTER_ASCENT,9635.83,0.131873,21.3989109,481.399,596.877,365.801,17042.162,-588068.678,40.65,1.82087,1,3323.914,0.3446489
46.78,BOOSTER_ASCENT,9841.822,0.1410605,21.6118628,490.194,606.197,369.832,17430.909,-587609.025,41.203,1.81023,1,3313.57,0.3435436
47.34,BOOSTER_ASCENT,10050.092,0.1505012,21.8214702,499.198,615.717,373.936,17828.285,-587129.808,41.77,1.79958,1,3297.798,0.3423628
47.9,BOOSTER_ASCENT,10260.681,0.1602002,22.0277652,508.411,625.438,378.112,18234.441,-586630.146,42.351,1.78893,1,3287.603,0.3410976
48.46,BOOSTER_ASCENT,10473.629,0.1701628,22.2307582,517.834,635.361,382.356,18649.501,-586109.159,42.947,1.77829,1,3271.336,0.3397375
49.02,BOOSTER_ASCENT,10688.972,0.1803941,22.4304475,527.466,645.486,386.664,19073.545,-585565.974,43.556,1.76764,1,3260.324,0.3382694
49.58,BOOSTER_ASCENT,10906.745,0.1908994,22.626809,537.304,655.811,391.032,19506.6,-584999.749,44.18,1.75699,1,3244.071,0.3366789
50.14,BOOSTER_ASCENT,11126.98,0.2016841,22.819798,547.344,666.332,395.453,19948.618,-584409.689,44.818,1.74635,1,3227.018,0.3349564
50.7,BOOSTER_ASCENT,11349.704,0.2127535,23.0093506,557.58,677.043,399.919,20399.464,-583795.071,45.468,1.7357,1,3215.485,0.333091
51.26,BOOSTER_ASCENT,11574.938,0.2241125,23.1953837,568.002,687.937,404.419,20858.898,-583155.272,46.131,1.72505,1,3198.475,0.3310691
51.82,BOOSTER_ASCENT,11802.7,0.2357664,23.3777938,578.599,699.001,408.942,21326.558,-582489.797,46.805,1.71441,1,3186.62,0.328875
52.38,BOOSTER_ASCENT,12032.999,0.2477197,23.556453,589.356,710.222,413.475,21801.937,-581798.311,47.489,1.70376,1,3168.593,0.3264897
52.94,BOOSTER_ASCENT,12265.833,0.2599772,23.7312255,600.254,721.583,418,22284.39,-581080.65,48.18,1.69311,1,3156.969,0.3238935
53.5,BOOSTER_ASCENT,12501.197,0.2725429,23.9020991,611.286,733.076,422.509,22773.55,-580336.278,48.88,1.68247,1,3138.464,0.3210784
54.06,BOOSTER_ASCENT,12739.081,0.2854212,24.0691959,622.453,744.702,427.001,23269.467,-579564.109,49.586,1.67182,1,3119.668,0.318054
54.62,BOOSTER_ASCENT,12979.475,0.2986164,24.232644,633.76,756.466,431.475,23772.221,-578762.967,50.301,1.66117,1,3107.555,0.3148305
55.18,BOOSTER_ASCENT,13222.369,0.3121329,24.3925617,645.21,768.372,435.93,24281.883,-577931.617,51.024,1.65053,1,3088.284,0.3114165
55.74,BOOSTER_ASCENT,13467.784,0.3259745,24.5494975,656.866,780.48,440.42,24801.462,-577066.511,51.763,1.63988,1,3075.276,0.307966
56.24,BOOSTER_ASCENT,13689.348,0.3386122,24.6921423,668.14,792.02,445.595,25334.438,-576272.047,52.575,1.63037,1,3056.131,0.3051589
56.74,BOOSTER_ASCENT,13913.565,0.3515192,24.8325492,679.636,803.731,451.121,25895.111,-575464.447,53.44,1.62087,1,3042.817,0.3023753
57.24,BOOSTER_ASCENT,14140.542,0.3646969,24.9709728,691.36,815.685,456.647,26466.356,-574618.376,54.319,1.61136,1,3029.38,0.2994421
57.74,BOOSTER_ASCENT,14370.303,0.3781497,25.1067049,703.215,827.766,462.23,27050.948,-573746.585,55.217,1.60186,1,3009.615,0.2963152
58.24,BOOSTER_ASCENT,14602.866,0.3918803,25.2398635,715.202,839.974,467.863,27648.956,-572847.951,56.134,1.59235,1,2995.875,0.2929832
58.74,BOOSTER_ASCENT,14838.259,0.4058917,25.3705392,727.333,852.324,473.545,28260.709,-571920.237,57.071,1.58285,1,2982.01,0.2894688
59.24,BOOSTER_ASCENT,15076.506,0.4201871,25.4987479,739.607,864.815,479.278,28886.804,-570963.036,58.028,1.57334,1,2968.02,0.2857797
59.74,BOOSTER_ASCENT,15317.633,0.4347695,25.6245566,752.026,877.447,485.065,29527.761,-569975.395,59.007,1.56383,1,2947.447,0.2819242
60.24,BOOSTER_ASCENT,15561.669,0.4496422,25.7480333,764.592,890.223,490.907,30184.141,-568956.298,60.008,1.55433,1,2933.15,0.277911
60.74,BOOSTER_ASCENT,15808.64,0.4648081,25.8692296,777.306,903.146,496.806,30856.538,-567904.764,61.032,1.54482,1,2918.728,0.273747
61.24,BOOSTER_ASCENT,16058.576,0.4802706,25.9882022,790.172,916.217,502.764,31545.573,-566819.758,62.082,1.53532,1,2897.527,0.2694371
61.74,BOOSTER_ASCENT,16311.506,0.4960328,26.1050128,803.193,929.439,508.783,32251.96,-565700.118,63.156,1.52581,1,2882.798,0.2646212
62.24,BOOSTER_ASCENT,16567.463,0.5120981,26.2197195,816.371,942.816,514.866,32976.446,-564544.648,64.258,1.5163,1,2867.944,0.2596955
62.74,BOOSTER_ASCENT,16826.478,0.5284696,26.3323686,829.708,956.349,521.014,33719.76,-563352.204,65.389,1.5068,1,2846.118,0.2546652
63.24,BOOSTER_ASCENT,17088.585,0.5451506,26.4430022,843.206,970.041,527.23,34482.673,-562121.596,66.548,1.49729,1,2830.96,0.2495356
63.74,BOOSTER_ASCENT,17353.819,0.5621446,26.5516698,856.868,983.893,533.515,35265.998,-560851.591,67.739,1.48779,1,2815.678,0.2443224
64.24,BOOSTER_ASCENT,17622.213,0.579455,26.6584159,870.694,997.907,539.871,36070.589,-559540.924,68.962,1.47828,1,2800.27,0.2390423
64.74,BOOSTER_ASCENT,17893.803,0.5970849,26.7632772,884.687,1012.085,546.3,36897.345,-558188.291,70.218,1.46878,1,2777.635,0.2337116
65.24,BOOSTER_ASCENT,18168.628,0.6150379,26.8662928,898.849,1026.429,552.802,37747.21,-556792.348,71.51,1.45927,1,2761.918,0.2283454
65.74,BOOSTER_ASCENT,18446.723,0.6333174,26.9675111,913.18,1040.94,559.381,38621.185,-555351.707,72.839,1.44976,1,2746.074,0.2229584
66.24,BOOSTER_ASCENT,18728.128,0.6519268,27.0669602,927.683,1055.619,566.037,39520.32,-553864.939,74.206,1.44026,1,2722.801,0.2175638
66.74,BOOSTER_ASCENT,19012.881,0.6708694,27.164681,942.359,1070.469,572.772,40445.729,-552330.569,75.614,1.43075,1,2706.644,0.2121734
67.24,BOOSTER_ASCENT,19301.023,0.6901487,27.2607081,957.209,1085.491,579.588,41398.585,-550747.075,77.064,1.42125,1,2690.359,0.2067965
67.74,BOOSTER_ASCENT,19592.595,0.7097682,27.3550741,972.236,1100.686,586.486,42380.135,-549112.886,78.558,1.41174,1,2666.442,0.20144
68.24,BOOSTER_ASCENT,19887.637,0.7297314,27.4478142,987.44,1116.056,593.469,43391.7,-547426.374,80.099,1.40223,1,2649.842,0.1961079
68.74,BOOSTER_ASCENT,20186.192,0.7500417,27.5389631,1002.823,1131.602,600.536,44434.686,-545685.85,81.689,1.39273,1,2633.114,0.1908003
69.24,BOOSTER_ASCENT,20488.304,0.7707025,27.6285541,1018.386,1147.327,607.692,45510.591,-543889.563,83.329,1.38322,1,2616.256,0.1855131
69.74,BOOSTER_ASCENT,20794.017,0.7917175,27.7166168,1034.132,1163.231,614.936,46621.015,-542035.682,85.024,1.37372,1,2591.507,0.1802369
70.24,BOOSTER_ASCENT,21103.376,0.8130899,27.8031823,1050.061,1179.317,622.272,47767.673,-540122.298,86.774,1.36421,1,2574.334,0.1749566
70.74,BOOSTER_ASCENT,21416.427,0.8348235,27.8882892,1066.177,1195.586,629.702,48952.397,-538147.424,88.585,1.35471,1,2557.034,0.1696604
71.24,BOOSTER_ASCENT,21733.218,0.8569216,27.9719675,1082.482,1212.042,637.226,50177.151,-536108.989,90.457,1.3452,1,2531.638,0.1643644
71.74,BOOSTER_ASCENT,22053.796,0.879388,28.0542447,1098.976,1228.685,644.849,51444.026,-534004.859,92.396,1.33569,1,2514.018,0.1590861
72.24,BOOSTER_ASCENT,22378.211,0.902226,28.135157,1115.663,1245.518,652.571,52755.246,-531832.838,94.404,1.32619,1,2496.266,0.1538424
72.74,BOOSTER_ASCENT,22706.513,0.9254395,28.2147312,1132.544,1262.543,660.394,54113.188,-529590.653,96.485,1.31668,1,2470.208,0.1486496
73.24,BOOSTER_ASCENT,23038.754,0.9490318,28.2929896,1149.621,1279.762,668.322,55520.396,-527275.955,98.644,1.30718,1,2452.128,0.1435231
73.74,BOOSTER_ASCENT,23374.986,0.9730066,28.3699583,1166.896,1297.176,676.355,56979.586,-524886.332,100.884,1.29767,1,2433.912,0.1384773
74.24,BOOSTER_ASCENT,23715.262,0.9973676,28.4456718,1184.37,1314.787,684.496,58493.661,-522419.3,103.21,1.28816,1,2415.559,0.1335247
74.74,BOOSTER_ASCENT,24059.638,1.0221183,28.5201488,1202.045,1332.597,692.747,60065.742,-519872.286,105.628,1.27866,1,2388.618,0.1286766
75.24,BOOSTER_ASCENT,24408.168,1.0472624,28.5934135,1219.922,1350.607,701.11,61699.179,-517242.637,108.141,1.26915,1,2369.926,0.1239415
75.74,BOOSTER_ASCENT,24760.909,1.0728036,28.6654921,1238.004,1368.82,709.587,63397.569,-514527.624,110.757,1.25965,1,2351.093,0.1193254
76,BOOSTER_BURNOUT,24946.013,1.0862428,28.6999816,1246.744,1377.631,713.613,64244.703,-513181.188,112.045,1.25541,0,2333.729,0.1167797
76.34,BOOSTER_COAST,25188.15,1.1038603,28.6976819,1244.329,1375.375,710.921,64189.377,-513272.189,111.603,1.25541,0,2333.842,0.1120241
76.6,BOOSTER_COAST,25372.696,1.1173166,28.6959889,1242.507,1373.675,708.876,64149.081,-513338.898,111.269,1.25541,0,2333.951,0.1078738
76.86,BOOSTER_COAST,25556.712,1.1307595,28.6943496,1240.705,1371.995,706.841,64110.439,-513403.245,110.938,1.25541,0,2334.057,0.1039029
77.12,BOOSTER_COAST,25740.2,1.1441892,28.6927624,1238.922,1370.334,704.817,64073.372,-513465.336,110.609,1.25541,0,2334.257,0.1001016
77.38,BOOSTER_COAST,25923.163,1.1576061,28.6912279,1237.159,1368.693,702.803,64037.844,-513525.205,110.283,1.25541,0,2334.353,0.0962929
77.64,BOOSTER_COAST,26105.604,1.1710101,28.689747,1235.415,1367.07,700.799,64003.819,-513582.884,109.96,1.25541,0,2334.445,0.0926422
77.9,BOOSTER_COAST,26287.525,1.1844016,28.6883188,1233.689,1365.466,698.804,63971.232,-513638.456,109.639,1.25541,0,2334.527,0.0891451
78.16,BOOSTER_COAST,26468.93,1.1977807,28.6869424,1231.981,1363.88,696.819,63940.019,-513692.002,109.321,1.25541,0,2334.614,0.0857924
78.42,BOOSTER_COAST,26649.819,1.2111478,28.6856154,1230.291,1362.311,694.843,63910.119,-513743.602,109.005,1.25541,0,2334.78,0.0825752
78.68,BOOSTER_COAST,26830.196,1.2245028,28.6843357,1228.617,1360.759,692.876,63881.472,-513793.335,108.691,1.25541,0,2334.859,0.0794849
78.94,BOOSTER_COAST,27010.062,1.237846,28.6831011,1226.959,1359.222,690.917,63854.022,-513841.273,108.38,1.25541,0,2334.937,0.0765133
79.2,BOOSTER_COAST,27189.42,1.2511775,28.6819098,1225.316,1357.702,688.966,63827.717,-513887.485,108.07,1.25541,0,2335.012,0.0736573
79.46,BOOSTER_COAST,27368.272,1.2644976,28.68076,1223.689,1356.196,687.023,63802.507,-513932.039,107.762,1.25541,0,2335.085,0.070915
79.72,BOOSTER_COAST,27546.62,1.2778064,28.67965,1222.076,1354.704,685.087,63778.343,-513975,107.457,1.25541,0,2335.218,0.0682822
79.98,BOOSTER_COAST,27724.465,1.2911041,28.6785782,1220.478,1353.227,683.158,63755.179,-514016.428,107.153,1.25541,0,2335.285,0.0657552
80.24,BOOSTER_COAST,27901.81,1.3043907,28.6775432,1218.892,1351.763,681.236,63732.97,-514056.386,106.85,1.25541,0,2335.35,0.0633301
80.5,BOOSTER_COAST,28078.656,1.3176664,28.6765434,1217.321,1350.313,679.32,63711.672,-514094.93,106.55,1.25541,0,2335.413,0.061003
80.64,PRE_SEPARATION,28173.675,1.3248105,28.6760191,1216.479,1349.537,678.292,63700.568,-514115.12,106.365,1.25541,0,2335.474,0.0596181
80.9,BOOSTER_SEPARATED,28349.85,1.3380766,28.6784184,1215.883,1349.057,676.926,63756.929,-514021.558,106.233,0.68541,0,2335.524,0.0576566
82.76,UPPER_ENGINE_READY,29596.906,1.4327613,28.6773494,1206.444,1340.478,664.174,63733.931,-514062.832,104.329,0.68541,0,2335.936,0.0445237
83.04,UPPER_ASCENT,29782.796,1.4480137,28.6896021,1208.431,1342.586,664.062,63993.789,-513589.766,104.532,0.68458,0.5,2333.694,0.0428774
83.36,UPPER_ASCENT,29995.35,1.4643312,28.7060452,1211.494,1345.772,664.464,64342.688,-512952.872,104.889,0.68356,0.5,2330.525,0.0413766
83.68,UPPER_ASCENT,30208.033,1.4806994,28.722577,1214.569,1348.969,664.872,64693.429,-512311.267,105.25,0.68254,0.5,2324.172,0.0399364
84,UPPER_ASCENT,30420.848,1.4971186,28.7391883,1217.655,1352.176,665.286,65046.024,-511664.93,105.614,0.68152,0.5,2320.99,0.0385545
84.32,UPPER_ASCENT,30633.797,1.5135888,28.7558552,1220.753,1355.395,665.706,65400.473,-511013.744,105.982,0.6805,0.5,2314.61,0.0372287
84.64,UPPER_ASCENT,30846.88,1.5301101,28.7725492,1223.863,1358.625,666.131,65756.795,-510357.598,106.355,0.67948,0.5,2311.705,0.0359568
84.96,UPPER_ASCENT,31060.1,1.5466827,28.7892442,1226.985,1361.866,666.562,66115.017,-509696.402,106.731,0.67846,0.5,2305.299,0.0347364
85.28,UPPER_ASCENT,31273.459,1.5633067,28.8059199,1230.119,1365.119,666.999,66475.168,-509030.079,107.112,0.67744,0.5,2302.09,0.0335653
85.6,UPPER_ASCENT,31486.959,1.5799823,28.822562,1233.266,1368.384,667.441,66837.277,-508358.569,107.496,0.67642,0.5,2295.659,0.0324411
85.92,UPPER_ASCENT,31700.601,1.5967096,28.8391611,1236.425,1371.661,667.889,67201.368,-507681.819,107.885,0.6754,0.5,2292.436,0.0313616
86.24,UPPER_ASCENT,31914.387,1.6134886,28.8557124,1239.596,1374.95,668.343,67567.469,-506999.786,108.279,0.67438,0.5,2286.272,0.0303241
86.56,UPPER_ASCENT,32128.338,1.6303215,28.8746997,1243.491,1378.958,669.189,67991.504,-506208.084,108.785,0.67318,0.7,2283.038,0.0293348
86.88,UPPER_ASCENT,32342.697,1.6472276,28.8977394,1248.588,1384.161,670.687,68512.8,-505233.986,109.481,0.67176,0.7,2273.939,0.0284539
87.2,UPPER_ASCENT,32557.536,1.6642116,28.9207197,1253.703,1389.382,672.195,69039.201,-504249.94,110.186,0.67033,0.7,2269.378,0.0276063
87.52,UPPER_ASCENT,32772.86,1.6812737,28.9436577,1258.838,1394.622,673.712,69570.801,-503255.865,110.901,0.6689,0.7,2264.811,0.0267842
87.84,UPPER_ASCENT,32988.67,1.6984141,28.9665483,1263.991,1399.88,675.239,70107.697,-502251.653,111.627,0.66747,0.7,2255.651,0.0259855
88.16,UPPER_ASCENT,33204.97,1.7156329,28.9893786,1269.164,1405.156,676.775,70649.994,-501237.189,112.362,0.66605,0.7,2251.479,0.025208
88.48,UPPER_ASCENT,33421.763,1.7329304,29.0121341,1274.355,1410.45,678.321,71197.8,-500212.354,113.107,0.66462,0.7,2242.277,0.0244494
88.8,UPPER_ASCENT,33639.052,1.7503067,29.0348024,1279.565,1415.763,679.877,71751.225,-499177.029,113.863,0.66319,0.7,2237.666,0.0237074
89.12,UPPER_ASCENT,33856.841,1.7677622,29.0573744,1284.795,1421.095,681.443,72310.382,-498131.096,114.63,0.66176,0.7,2228.42,0.0229835
89.44,UPPER_ASCENT,34075.132,1.7852968,29.0798438,1290.043,1426.445,683.019,72875.386,-497074.441,115.408,0.66034,0.7,2223.785,0.0222791
89.76,UPPER_ASCENT,34293.929,1.8029107,29.1022073,1295.311,1431.813,684.605,73446.352,-496006.95,116.197,0.65891,0.7,2214.919,0.021594
90.08,UPPER_ASCENT,34513.235,1.8206042,29.1244634,1300.598,1437.2,686.201,74023.4,-494928.51,116.998,0.65748,0.7,2210.264,0.0209281
90.4,UPPER_ASCENT,34733.053,1.8383775,29.1466123,1305.904,1442.606,687.808,74606.651,-493839.009,117.81,0.65605,0.7,2200.93,0.0202811
90.72,UPPER_ASCENT,34953.387,1.8562305,29.1686547,1311.23,1448.031,689.425,75196.228,-492738.331,118.633,0.65463,0.7,2196.252,0.019653
91.04,UPPER_ASCENT,35174.24,1.8741636,29.1905917,1316.575,1453.474,691.053,75792.26,-491626.365,119.469,0.6532,0.7,2186.874,0.0190434
91.36,UPPER_ASCENT,35395.615,1.892177,29.2124244,1321.939,1458.936,692.691,76394.878,-490502.994,120.318,0.65177,0.7,2182.601,0.0184521
91.68,UPPER_ASCENT,35617.516,1.9102707,29.2341536,1327.322,1464.416,694.339,77004.215,-489368.101,121.179,0.65034,0.7,2173.178,0.017879
92,UPPER_ASCENT,35853.862,1.9284447,29.255201,1332.54,1469.732,695.902,77603.755,-488252.534,122.02,0.64895,0.55,2168.456,0.0173235
92.32,UPPER_ASCENT,36076.74,1.94669,29.2735621,1336.945,1474.238,697.036,78134.002,-487266.344,122.727,0.64774,0.55,2160.192,0.0167656
92.64,UPPER_ASCENT,36299.981,1.9650021,29.2918335,1341.365,1478.758,698.179,78669.081,-486271.326,123.444,0.64652,0.55,2156.098,0.0162221
92.98,UPPER_ASCENT,36523.59,1.9833813,29.3100038,1345.801,1483.294,699.331,79209.08,-485267.393,124.17,0.6453,0.3,2148.417,0.0156976
93.3,UPPER_ASCENT,36747.423,2.0018156,29.3228727,1348.549,1486.149,699.598,79595.871,-484547.954,124.6,0.64443,0.3,2145.392,0.0151677
93.58,UPPER_ASCENT,36943.335,2.0179806,29.3330431,1350.621,1488.315,699.658,79904.366,-483973.419,124.918,0.6438,0.3,2142.611,0.014707
93.92,UPPER_ASCENT,37181.072,2.0376348,29.3396171,1351.219,1489.034,698.763,80104.909,-483610.526,124.965,0.64338,0.15,2139.031,0.0141022
94.26,UPPER_ASCENT,37418.399,2.0572977,29.3442356,1351.251,1489.192,697.532,80247.998,-483340.301,124.904,0.64305,0.15,2138.017,0.0135355
94.34,ASCENT_CUTOFF,37474.177,2.0619252,29.345527,1351.255,1489.236,697.144,80286.86,-483258.645,124.881,0.64296,0,2137.001,0.013406
94.96,ATMOSPHERIC_COAST,37905.234,2.0977669,29.3454733,1348.548,1486.766,693.479,80276.263,-483257.45,124.264,0.64296,0,2136.656,0.0124431
95.46,ATMOSPHERIC_COAST,38251.152,2.1266308,29.3448898,1346.195,1484.611,690.355,80255.835,-483273.053,123.729,0.64296,0,2136.674,0.0117443
95.96,ATMOSPHERIC_COAST,38595.528,2.1554589,29.3437516,1343.851,1482.466,687.255,80237.923,-483290.941,123.197,0.64296,0,2136.692,0.0110932
96.46,ATMOSPHERIC_COAST,38938.361,2.1842518,29.3421132,1341.528,1480.341,684.187,80223.879,-483309.425,122.671,0.64296,0,2136.716,0.0104863
96.96,ATMOSPHERIC_COAST,39279.659,2.2130091,29.3403175,1339.228,1478.238,681.142,80212.554,-483326.908,122.149,0.64296,0,2136.731,0.00992
97.46,ATMOSPHERIC_COAST,39619.433,2.2417314,29.3386914,1336.949,1476.155,678.11,80202.927,-483342.762,121.631,0.64296,0,2136.746,0.0093908
97.96,ATMOSPHERIC_COAST,39957.691,2.2704189,29.3373579,1334.689,1474.091,675.087,80194.436,-483356.977,121.114,0.64296,0,2136.76,0.0088952
98.46,ATMOSPHERIC_COAST,40294.438,2.2990716,29.3362665,1332.446,1472.043,672.071,80186.742,-483369.86,120.599,0.64296,0,2136.778,0.00843
98.96,ATMOSPHERIC_COAST,40629.678,2.3276899,29.3353055,1330.217,1470.009,669.06,80179.59,-483381.842,120.086,0.64296,0,2136.79,0.007992
99.46,ATMOSPHERIC_COAST,40963.415,2.3562741,29.3343805,1327.999,1467.986,666.053,80172.798,-483393.291,119.572,0.64296,0,2136.802,0.0075783
99.96,ATMOSPHERIC_COAST,41295.649,2.3848248,29.3334423,1325.792,1465.973,663.05,80166.264,-483404.413,119.06,0.64296,0,2136.817,0.0071997
100.46,ATMOSPHERIC_COAST,41626.382,2.4133422,29.3324853,1323.595,1463.97,660.051,80159.95,-483415.263,118.547,0.64296,0,2136.827,0.0068536
100.96,ATMOSPHERIC_COAST,41955.617,2.4418263,29.3315339,1321.409,1461.977,657.055,80153.879,-483425.771,118.035,0.64296,0,2136.837,0.0065204
101.46,ATMOSPHERIC_COAST,42283.354,2.4702778,29.3306184,1319.234,1459.996,654.063,80148.088,-483435.842,117.524,0.64296,0,2136.851,0.0061989
101.96,ATMOSPHERIC_COAST,42609.597,2.4986963,29.3297573,1317.07,1458.025,651.075,80142.599,-483445.419,117.013,0.64296,0,2136.86,0.0058922
102.46,ATMOSPHERIC_COAST,42934.347,2.5270824,29.3289535,1314.917,1456.065,648.091,80137.41,-483454.503,116.503,0.64296,0,2136.868,0.0056004
102.96,ATMOSPHERIC_COAST,43257.606,2.5554364,29.3281991,1312.775,1454.116,645.111,80132.506,-483463.126,115.993,0.64296,0,2136.877,0.0053229
103.46,ATMOSPHERIC_COAST,43579.376,2.5837584,29.3274836,1310.645,1452.178,642.135,80127.866,-483471.336,115.484,0.64296,0,2136.888,0.005059
103.96,ATMOSPHERIC_COAST,43899.659,2.6120486,29.326799,1308.525,1450.25,639.162,80123.473,-483479.173,114.975,0.64296,0,2136.896,0.0048082
104.46,ATMOSPHERIC_COAST,44218.457,2.6403072,29.3261415,1306.416,1448.333,636.193,80119.307,-483486.666,114.467,0.64296,0,2136.903,0.00457
104.96,ATMOSPHERIC_COAST,44535.77,2.6685348,29.3255113,1304.317,1446.426,633.227,80115.355,-483493.83,113.959,0.64296,0,2136.912,0.0043438
105.46,ATMOSPHERIC_COAST,44851.602,2.6967311,29.3249091,1302.228,1444.528,630.265,80111.609,-483500.678,113.451,0.64296,0,2136.918,0.0041291
105.96,ATMOSPHERIC_COAST,45165.954,2.7248967,29.3243349,1300.15,1442.641,627.306,80108.057,-483507.222,112.944,0.64296,0,2136.925,0.0039253
106.46,ATMOSPHERIC_COAST,45478.827,2.7530315,29.323788,1298.082,1440.763,624.35,80104.689,-483513.477,112.437,0.64296,0,2136.933,0.0037319
106.96,ATMOSPHERIC_COAST,45790.223,2.781136,29.323267,1296.024,1438.895,621.398,80101.495,-483519.461,111.93,0.64296,0,2136.939,0.0035485
107.46,ATMOSPHERIC_COAST,46100.143,2.8092103,29.32277,1293.976,1437.037,618.448,80098.463,-483525.189,111.424,0.64296,0,2136.944,0.0033746
107.96,ATMOSPHERIC_COAST,46408.59,2.8372543,29.3222955,1291.937,1435.189,615.502,80095.584,-483530.676,110.918,0.64296,0,2136.949,0.0032096
108.46,ATMOSPHERIC_COAST,46715.564,2.8652687,29.321842,1289.909,1433.35,612.559,80092.848,-483535.937,110.413,0.64296,0,2136.955,0.0030532
108.96,ATMOSPHERIC_COAST,47021.068,2.8932536,29.3214086,1287.89,1431.52,609.618,80090.249,-483540.983,109.907,0.64296,0,2136.959,0.0029047
109.46,ATMOSPHERIC_COAST,47325.102,2.9212089,29.3209945,1285.881,1429.699,606.681,80087.778,-483545.825,109.402,0.64296,0,2136.964,0.0027639
109.96,ATMOSPHERIC_COAST,47627.668,2.9491348,29.3205987,1283.881,1427.888,603.746,80085.428,-483550.47,108.897,0.64296,0,2136.969,0.0026302
110.46,ATMOSPHERIC_COAST,47928.768,2.9770317,29.3202205,1281.891,1426.086,600.815,80083.194,-483554.93,108.392,0.64296,0,2136.973,0.0025033
110.96,ATMOSPHERIC_COAST,48228.402,3.0049,29.319859,1279.911,1424.293,597.886,80081.07,-483559.211,107.888,0.64296,0,2136.977,0.0023826
111.46,ATMOSPHERIC_COAST,48526.573,3.0327392,29.3195135,1277.94,1422.51,594.959,80079.049,-483563.322,107.384,0.64296,0,2136.982,0.0022679
111.96,ATMOSPHERIC_COAST,48823.282,3.06055,29.3191831,1275.978,1420.735,592.036,80077.128,-483567.27,106.88,0.64296,0,2136.985,0.0021586
112.46,ATMOSPHERIC_COAST,49118.529,3.0883327,29.3188673,1274.025,1418.969,589.115,80075.3,-483571.062,106.376,0.64296,0,2136.988,0.0020544
112.96,ATMOSPHERIC_COAST,49412.316,3.116087,29.3185654,1272.082,1417.212,586.196,80073.562,-483574.702,105.872,0.64296,0,2136.991,0.001955
113.46,ATMOSPHERIC_COAST,49704.645,3.1438131,29.3182768,1270.148,1415.465,583.281,80071.909,-483578.198,105.369,0.64296,0,2136.994,0.0018602
113.96,ATMOSPHERIC_COAST,49995.517,3.1715117,29.318001,1268.224,1413.726,580.367,80070.338,-483581.553,104.865,0.64296,0,2136.997,0.0017698
114.46,ATMOSPHERIC_COAST,50284.933,3.1991823,29.3177375,1266.308,1411.996,577.457,80068.845,-483584.773,104.362,0.64296,0,2137,0.0016838
114.96,ATMOSPHERIC_COAST,50572.894,3.2268257,29.3174858,1264.402,1410.274,574.548,80067.425,-483587.864,103.859,0.64296,0,2137.003,0.0016019
115.46,ATMOSPHERIC_COAST,50859.401,3.2544415,29.3172452,1262.505,1408.562,571.643,80066.076,-483590.829,103.356,0.64296,0,2137.006,0.0015239
115.96,ATMOSPHERIC_COAST,51144.457,3.2820303,29.3170154,1260.617,1406.858,568.739,80064.794,-483593.675,102.853,0.64296,0,2137.008,0.0014498
116.46,ATMOSPHERIC_COAST,51428.061,3.309592,29.3167959,1258.738,1405.163,565.838,80063.576,-483596.404,102.351,0.64296,0,2137.011,0.0013794
116.96,ATMOSPHERIC_COAST,51710.215,3.337127,29.3165862,1256.868,1403.477,562.939,80062.418,-483599.023,101.848,0.64296,0,2137.013,0.0013125
117.46,ATMOSPHERIC_COAST,51990.921,3.3646352,29.3163858,1255.007,1401.799,560.043,80061.319,-483601.534,101.346,0.64296,0,2137.015,0.0012489
117.96,ATMOSPHERIC_COAST,52270.179,3.3921168,29.3161944,1253.155,1400.13,557.149,80060.274,-483603.943,100.843,0.64296,0,2137.016,0.0011885
118.46,ATMOSPHERIC_COAST,52547.99,3.4195721,29.3160115,1251.312,1398.47,554.257,80059.281,-483606.252,100.341,0.64296,0,2137.019,0.0011312
118.96,ATMOSPHERIC_COAST,52824.356,3.4470012,29.3158367,1249.478,1396.818,551.367,80058.337,-483608.468,99.839,0.64296,0,2137.021,0.0010768
119.46,ATMOSPHERIC_COAST,53099.278,3.4744043,29.3156696,1247.653,1395.174,548.48,80057.44,-483610.592,99.337,0.64296,0,2137.022,0.0010252
119.96,ATMOSPHERIC_COAST,53372.757,3.5017815,29.31551,1245.837,1393.54,545.594,80056.588,-483612.629,98.835,0.64296,0,2137.024,0.0009762
120.46,ATMOSPHERIC_COAST,53644.793,3.5291328,29.3153573,1244.03,1391.913,542.711,80055.778,-483614.582,98.333,0.64296,0,2137.025,0.0009297
120.96,ATMOSPHERIC_COAST,53915.389,3.5564585,29.3152114,1242.232,1390.296,539.83,80055.008,-483616.455,97.832,0.64296,0,2137.026,0.0008857
121.46,ATMOSPHERIC_COAST,54184.545,3.5837588,29.3150718,1240.443,1388.686,536.952,80054.277,-483618.251,97.33,0.64296,0,2137.028,0.0008438
121.96,ATMOSPHERIC_COAST,54452.262,3.6110339,29.3149383,1238.662,1387.085,534.075,80053.581,-483619.973,96.828,0.64296,0,2137.029,0.0008042
122.46,ATMOSPHERIC_COAST,54718.541,3.6382835,29.3148106,1236.891,1385.493,531.2,80052.919,-483621.625,96.327,0.64296,0,2137.03,0.0007665
122.96,ATMOSPHERIC_COAST,54983.383,3.6655083,29.3146885,1235.128,1383.909,528.327,80052.29,-483623.209,95.825,0.64296,0,2137.031,0.0007307
123.46,ATMOSPHERIC_COAST,55246.789,3.6927083,29.3145716,1233.374,1382.333,525.457,80051.691,-483624.727,95.324,0.64296,0,2137.033,0.0006967
123.96,ATMOSPHERIC_COAST,55508.761,3.7198834,29.3144598,1231.629,1380.766,522.588,80051.122,-483626.184,94.823,0.64296,0,2137.033,0.0006643
124.46,ATMOSPHERIC_COAST,55769.299,3.7470341,29.3143529,1229.892,1379.207,519.721,80050.58,-483627.58,94.322,0.64296,0,2137.035,0.0006335
124.96,ATMOSPHERIC_COAST,56028.404,3.7741601,29.3142505,1228.165,1377.656,516.856,80050.065,-483628.919,93.82,0.64296,0,2137.036,0.0006042
125.46,ATMOSPHERIC_COAST,56286.077,3.8012619,29.3141526,1226.446,1376.114,513.994,80049.574,-483630.203,93.319,0.64296,0,2137.037,0.0005761
125.96,ATMOSPHERIC_COAST,56542.319,3.8283396,29.3140588,1224.736,1374.58,511.133,80049.106,-483631.437,92.818,0.64296,0,2137.038,0.0005494
126.46,ATMOSPHERIC_COAST,56797.131,3.8553932,29.3139691,1223.034,1373.055,508.274,80048.66,-483632.624,92.317,0.64296,0,2137.039,0.0005237
126.96,ATMOSPHERIC_COAST,57050.514,3.8824229,29.3138832,1221.342,1371.537,505.417,80048.233,-483633.769,91.816,0.64296,0,2137.04,0.0004993
127.46,ATMOSPHERIC_COAST,57302.469,3.9094288,29.3138009,1219.658,1370.028,502.561,80047.825,-483634.873,91.315,0.64296,0,2137.04,0.000476
127.96,ATMOSPHERIC_COAST,57552.997,3.9364111,29.313722,1217.983,1368.527,499.708,80047.433,-483635.94,90.814,0.64296,0,2137.04,0.0004536
128.46,ATMOSPHERIC_COAST,57802.099,3.9633701,29.3136465,1216.316,1367.034,496.856,80047.058,-483636.973,90.314,0.64296,0,2137.042,0.0004319
128.96,ATMOSPHERIC_COAST,58049.775,3.9903054,29.3135741,1214.658,1365.55,494.006,80046.699,-483637.971,89.813,0.64296,0,2137.042,0.000411
129.46,ATMOSPHERIC_COAST,58296.027,4.0172176,29.3135048,1213.009,1364.073,491.158,80046.354,-483638.937,89.312,0.64296,0,2137.042,0.0003911
129.96,ATMOSPHERIC_COAST,58540.855,4.044107,29.3134385,1211.369,1362.605,488.312,80046.023,-483639.873,88.811,0.64296,0,2137.043,0.0003721
130.46,ATMOSPHERIC_COAST,58784.261,4.0709729,29.3133749,1209.737,1361.145,485.467,80045.704,-483640.78,88.31,0.64296,0,2137.044,0.000354
130.96,ATMOSPHERIC_COAST,59026.244,4.0978165,29.3133141,1208.114,1359.694,482.624,80045.399,-483641.658,87.81,0.64296,0,2137.044,0.0003367
131.46,ATMOSPHERIC_COAST,59266.807,4.1246371,29.3132558,1206.5,1358.25,479.783,80045.105,-483642.51,87.309,0.64296,0,2137.045,0.0003202
131.96,ATMOSPHERIC_COAST,59505.949,4.1514354,29.3132,1204.894,1356.815,476.943,80044.823,-483643.334,86.808,0.64296,0,2137.045,0.0003046
132.46,ATMOSPHERIC_COAST,59743.673,4.1782107,29.3131466,1203.297,1355.387,474.106,80044.552,-483644.134,86.308,0.64296,0,2137.045,0.0002897
132.96,ATMOSPHERIC_COAST,59979.977,4.2049642,29.3130954,1201.709,1353.968,471.269,80044.291,-483644.908,85.807,0.64296,0,2137.046,0.0002755
133.04,FAIRING_JETTISON,60017.654,4.2092428,29.3130874,1201.455,1353.742,470.816,80044.25,-483645.03,85.727,0.64296,0,2137.046,0.0002733
133.06,NEAR_VACUUM,60027.06,4.2103128,29.3178749,1200.911,1353.197,470.492,80019.818,-483739.484,85.64,0.5718,0,2137.046,0.0002728
133.6,TERMINAL_COAST,60289.605,4.2402382,29.3160567,1199.129,1351.605,467.33,80020.388,-483744.533,85.081,0.5718,0,2543.341,0.0002578
134.16,TERMINAL_COAST,60550.386,4.270134,29.3160247,1197.37,1350.034,464.155,80019.958,-483746.095,84.52,0.5718,0,2543.342,0.0002438
134.72,TERMINAL_COAST,60809.385,4.3000016,29.3159808,1195.621,1348.473,460.983,80019.549,-483747.633,83.959,0.5718,0,2543.342,0.0002306
135.28,TERMINAL_COAST,61066.603,4.329843,29.3159302,1193.883,1346.922,457.813,80019.148,-483749.149,83.398,0.5718,0,2543.342,0.0002182
135.84,TERMINAL_COAST,61322.046,4.3596582,29.3158822,1192.157,1345.381,454.645,80018.763,-483750.615,82.837,0.5718,0,2543.343,0.0002066
136.4,TERMINAL_COAST,61575.716,4.3894467,29.3158412,1190.441,1343.851,451.478,80018.397,-483752.012,82.276,0.5718,0,2543.343,0.0001955
136.96,TERMINAL_COAST,61827.613,4.419208,29.3158059,1188.737,1342.332,448.314,80018.051,-483753.34,81.715,0.5718,0,2543.343,0.0001852
137.52,TERMINAL_COAST,62077.739,4.4489427,29.3157731,1187.043,1340.822,445.152,80017.722,-483754.61,81.154,0.5718,0,2543.344,0.0001754
138.08,TERMINAL_COAST,62326.095,4.4786506,29.3157411,1185.361,1339.323,441.992,80017.407,-483755.833,80.594,0.5718,0,2543.345,0.0001661
138.64,TERMINAL_COAST,62572.682,4.5083323,29.3157095,1183.69,1337.835,438.833,80017.106,-483757.011,80.033,0.5718,0,2543.344,0.0001572
139.2,TERMINAL_COAST,62817.501,4.5379877,29.3156789,1182.03,1336.356,435.677,80016.819,-483758.145,79.472,0.5718,0,2543.345,0.0001485
139.76,TERMINAL_COAST,63060.553,4.5676174,29.3156499,1180.381,1334.888,432.523,80016.545,-483759.23,78.911,0.5718,0,2543.346,0.00014
140.32,TERMINAL_COAST,63301.839,4.5972209,29.3156226,1178.743,1333.431,429.37,80016.285,-483760.265,78.351,0.5718,0,2543.346,0.0001317
140.88,TERMINAL_COAST,63541.36,4.6267996,29.315597,1177.116,1331.983,426.219,80016.038,-483761.252,77.79,0.5718,0,2543.346,0.0001236
141.44,TERMINAL_COAST,63779.118,4.6563525,29.3155727,1175.501,1330.546,423.071,80015.804,-483762.19,77.23,0.5718,0,2543.346,0.0001158
142,TERMINAL_COAST,64015.113,4.6858797,29.3155499,1173.896,1329.12,419.924,80015.583,-483763.079,76.669,0.5718,0,2543.347,0.0001083
142.56,TERMINAL_COAST,64249.346,4.7153826,29.3155282,1172.303,1327.704,416.779,80015.373,-483763.922,76.108,0.5718,0,2543.347,0.0001009
143.12,TERMINAL_COAST,64481.818,4.7448602,29.3155079,1170.721,1326.298,413.636,80015.175,-483764.717,75.548,0.5718,0,2543.347,9.39E-05
143.68,TERMINAL_COAST,64712.531,4.774313,29.315489,1169.149,1324.902,410.494,80014.988,-483765.465,74.988,0.5718,0,2543.348,8.7E-05
144.24,TERMINAL_COAST,64941.485,4.803741,29.3154713,1167.59,1323.517,407.355,80014.812,-483766.166,74.427,0.5718,0,2543.348,8.04E-05
144.8,TERMINAL_COAST,65168.681,4.8331451,29.3154549,1166.041,1322.142,404.217,80014.647,-483766.821,73.867,0.5718,0,2543.348,7.4E-05
145.36,TERMINAL_COAST,65394.121,4.8625245,29.3154398,1164.503,1320.778,401.081,80014.492,-483767.431,73.306,0.5718,0,2543.348,6.79E-05
145.92,TERMINAL_COAST,65617.805,4.89188,29.3154259,1162.977,1319.423,397.946,80014.347,-483767.996,72.746,0.5718,0,2543.349,6.21E-05
146.48,TERMINAL_COAST,65839.734,4.9212117,29.3154132,1161.462,1318.08,394.814,80014.21,-483768.518,72.186,0.5718,0,2543.349,5.65E-05
147.04,TERMINAL_COAST,66059.909,4.9505196,29.3154017,1159.958,1316.746,391.683,80014.083,-483768.996,71.625,0.5718,0,2543.349,5.11E-05
147.6,TERMINAL_COAST,66278.332,4.979804,29.3153913,1158.465,1315.423,388.554,80013.964,-483769.435,71.065,0.5718,0,2543.349,4.6E-05
148.16,TERMINAL_COAST,66495.003,5.0090647,29.315382,1156.984,1314.11,385.426,80013.852,-483769.834,70.505,0.5718,0,2543.349,4.12E-05
148.72,TERMINAL_COAST,66709.923,5.0383019,29.3153737,1155.513,1312.808,382.3,80013.748,-483770.198,69.945,0.5718,0,2543.35,3.66E-05
149.28,TERMINAL_COAST,66923.093,5.0675163,29.3153663,1154.054,1311.516,379.176,80013.65,-483770.528,69.385,0.5718,0,2543.35,3.23E-05
149.84,TERMINAL_COAST,67134.514,5.0967078,29.3153598,1152.606,1310.234,376.054,80013.558,-483770.826,68.824,0.5718,0,2543.35,2.83E-05
150.4,TERMINAL_COAST,67344.187,5.1258764,29.3153541,1151.17,1308.962,372.933,80013.471,-483771.094,68.264,0.5718,0,2543.35,2.45E-05
150.96,TERMINAL_COAST,67552.113,5.1550226,29.3153492,1149.744,1307.701,369.813,80013.39,-483771.332,67.704,0.5718,0,2543.35,2.1E-05
151.52,TERMINAL_COAST,67758.292,5.1841459,29.3153451,1148.33,1306.45,366.695,80013.314,-483771.542,67.144,0.5718,0,2543.35,1.78E-05
152.08,TERMINAL_COAST,67962.725,5.2132473,29.3153417,1146.927,1305.209,363.579,80013.242,-483771.725,66.584,0.5718,0,2543.35,1.48E-05
152.64,TERMINAL_COAST,68165.414,5.2423263,29.315339,1145.535,1303.979,360.465,80013.175,-483771.881,66.024,0.5718,0,2543.351,1.21E-05
153.2,TERMINAL_COAST,68366.36,5.2713833,29.315337,1144.155,1302.759,357.351,80013.111,-483772.014,65.464,0.5718,0,2543.351,9.7E-06
153.76,TERMINAL_COAST,68565.562,5.3004184,29.3153355,1142.785,1301.549,354.24,80013.052,-483772.122,64.904,0.5718,0,2543.35,7.6E-06
154.32,TERMINAL_COAST,68763.022,5.329432,29.3153346,1141.427,1300.35,351.129,80012.995,-483772.209,64.344,0.5718,0,2543.351,5.7E-06
154.88,TERMINAL_COAST,68958.741,5.3584237,29.3153342,1140.08,1299.161,348.021,80012.942,-483772.276,63.783,0.5718,0,2543.351,4.1E-06
155.44,TERMINAL_COAST,69152.719,5.387394,29.3153342,1138.745,1297.982,344.913,80012.891,-483772.325,63.223,0.5718,0,2543.351,2.7E-06
156,TERMINAL_COAST,69344.958,5.4163432,29.3153346,1137.42,1296.813,341.808,80012.842,-483772.359,62.663,0.5718,0,2543.351,1.6E-06
156.56,TERMINAL_COAST,69535.458,5.445271,29.3153352,1136.107,1295.654,338.703,80012.795,-483772.382,62.103,0.5718,0,2543.351,8E-07
157.12,TERMINAL_COAST,69724.22,5.4741783,29.3153361,1134.805,1294.506,335.6,80012.749,-483772.395,61.543,0.5718,0,2543.351,3E-07
157.68,TERMINAL_COAST,69911.245,5.5030646,29.3153371,1133.515,1293.368,332.499,80012.704,-483772.404,60.983,0.5718,0,2543.351,0
158.24,TERMINAL_COAST,70096.552,5.53193,29.3153377,1132.235,1292.24,329.398,80012.68,-483772.408,60.423,0.5718,0,2543.351,0
158.8,TERMINAL_COAST,70280.145,5.5607753,29.3153377,1130.967,1291.123,326.3,80012.68,-483772.408,59.863,0.5718,0,2543.351,0
159.36,TERMINAL_COAST,70462.003,5.5896001,29.3153377,1129.71,1290.015,323.202,80012.68,-483772.408,59.303,0.5718,0,2543.351,0
160.4,SV51_GUIDANCE,70789.517,5.6421671,29.3212527,1142.048,1302.671,321.249,80329.476,-480658.47,59.554,0.56899,1,2530.031,0
160.98,SV51_GUIDANCE,70975.796,5.6725116,29.2665895,1160.692,1321.734,320.849,80630.721,-476136.419,60.347,0.5653,1,2514.538,0
161.56,SV51_GUIDANCE,71161.161,5.7031808,29.0658714,1178.331,1340.12,318.194,80796.64,-471523.178,60.724,0.5616,1,2491.864,0
162.14,SV51_GUIDANCE,71344.856,5.7340508,28.7889715,1195.439,1358.102,315.047,80930.918,-466863.478,61.012,0.5579,1,2468.309,0
162.72,SV51_GUIDANCE,71526.676,5.7650824,28.525415,1212.805,1376.302,311.708,81055.456,-462021.349,61.293,0.55421,1,2452.506,0
163.3,SV51_GUIDANCE,71706.514,5.7963066,28.3071571,1230.682,1394.923,308.208,81173.697,-456938.681,61.583,0.55051,1,2429.378,0
163.88,SV51_GUIDANCE,71884.283,5.8277602,28.1079387,1248.896,1413.824,304.601,81287.73,-451643.546,61.889,0.54681,1,2405.348,0
164.46,SV51_GUIDANCE,72059.95,5.8594522,27.9193691,1267.253,1432.86,300.929,81399.216,-446169.237,62.211,0.54312,1,2389.224,0
165.04,SV51_GUIDANCE,72233.479,5.8913698,27.7135931,1285.705,1451.994,297.227,81509.903,-440520.945,62.557,0.53942,1,2365.624,0
165.62,SV51_GUIDANCE,72404.857,5.9235001,27.5060777,1304.326,1471.285,293.516,81621.741,-434676.046,62.936,0.53573,1,2341.098,0
166.2,SV51_GUIDANCE,72574.083,5.9558439,27.3073923,1323.205,1490.803,289.809,81736.39,-428606.068,63.358,0.53203,1,2324.64,0
166.78,SV51_GUIDANCE,72741.163,5.98841,27.1205889,1342.365,1510.568,286.116,81854.863,-422294.896,63.83,0.52833,1,2300.546,0
167.36,SV51_GUIDANCE,72906.105,6.0212092,26.9445493,1361.798,1530.574,282.44,81977.813,-415732.873,64.357,0.52464,1,2275.505,0
167.94,SV51_GUIDANCE,73068.92,6.0542531,26.7806378,1381.513,1550.83,278.786,82105.886,-408905.138,64.946,0.52094,1,2258.698,0
168.52,SV51_GUIDANCE,73229.621,6.0875554,26.6308885,1401.522,1571.343,275.153,82239.688,-401795.241,65.601,0.51724,1,2234.091,0
169.1,SV51_GUIDANCE,73388.22,6.1211329,26.4959401,1421.824,1592.114,271.54,82379.785,-394388.674,66.331,0.51355,1,2208.511,0
169.68,SV51_GUIDANCE,73544.729,6.1550031,26.3745249,1442.409,1613.133,267.948,82526.68,-386673.223,67.142,0.50985,1,2192.124,0
170.26,SV51_GUIDANCE,73699.159,6.1891804,26.264761,1463.26,1634.39,264.375,82680.899,-378636.424,68.041,0.50615,1,2166.198,0
170.84,SV51_GUIDANCE,73851.521,6.2236791,26.1654643,1484.369,1655.879,260.819,82843.13,-370263.548,69.037,0.50246,1,2140.056,0
171.42,SV51_GUIDANCE,74001.824,6.258512,26.076216,1505.733,1677.595,257.279,83014.181,-361537.656,70.141,0.49876,1,2123.306,0
172,SV51_GUIDANCE,74150.077,6.2936935,25.9967914,1527.347,1699.539,253.753,83195.024,-352440.392,71.364,0.49506,1,2096.804,0
172.58,SV51_GUIDANCE,74296.288,6.329236,25.9267205,1549.209,1721.706,250.24,83386.815,-342952.419,72.72,0.49137,1,2070.075,0
173.16,SV51_GUIDANCE,74440.464,6.3651533,25.865293,1571.313,1744.093,246.737,83590.919,-333053.235,74.228,0.48767,1,2052.946,0
173.74,SV51_GUIDANCE,74582.61,6.4014573,25.8117734,1593.656,1766.7,243.245,83808.98,-322720.756,75.906,0.48397,1,2025.84,0
174.32,SV51_GUIDANCE,74722.733,6.4381604,25.7655565,1616.234,1789.524,239.761,84043.008,-311931.048,77.779,0.48028,1,1998.497,0
174.9,SV51_GUIDANCE,74860.836,6.4752736,25.7261662,1639.047,1812.564,236.285,84295.454,-300658.238,79.875,0.47658,1,1980.972,0
175.48,SV51_GUIDANCE,74996.924,6.5128088,25.6931711,1662.092,1835.82,232.816,84569.319,-288874.492,82.23,0.47289,1,1953.234,0
176.06,SV51_GUIDANCE,75131.001,6.550777,25.6661312,1685.369,1859.292,229.353,84868.308,-276549.933,84.887,0.46919,1,1925.248,0
176.64,SV51_GUIDANCE,75263.07,6.5891891,25.6446105,1708.876,1882.981,225.895,85197.037,-263652.539,87.9,0.46549,1,1907.309,0
177.22,SV51_GUIDANCE,75393.134,6.6280546,25.6282086,1732.614,1906.886,222.441,85561.319,-250148.058,91.335,0.4618,1,1878.909,0
177.8,SV51_GUIDANCE,75521.195,6.6673846,25.6165655,1756.583,1931.01,218.992,85968.567,-236000.036,95.278,0.4581,1,1850.249,0
178.38,SV51_GUIDANCE,75647.256,6.7071891,25.609351,1780.783,1955.353,215.547,86428.365,-221169.935,99.838,0.4544,1,1831.875,0
178.96,SV51_GUIDANCE,75771.319,6.7474775,25.6062546,1805.216,1979.916,212.105,86953.314,-205617.476,105.159,0.45071,1,1802.78,0
179.54,SV51_GUIDANCE,75893.385,6.7882595,25.6069821,1829.881,2004.703,208.666,87560.259,-189301.298,111.43,0.44701,1,1774.307,0
180.12,SV51_GUIDANCE,76013.457,6.8295445,25.611261,1854.781,2029.714,205.23,88272.212,-172180.178,118.909,0.44331,1,1754.582,0
180.7,SV51_GUIDANCE,76131.535,6.8713417,25.6188294,1879.917,2054.951,201.797,89121.338,-154215.25,127.953,0.43962,1,1724.758,0
181.28,SV51_GUIDANCE,76247.623,6.91366,25.6294384,1905.291,2080.419,198.366,90153.821,-135373.974,139.065,0.43592,1,1695.566,0
181.86,SV51_GUIDANCE,76361.72,6.9565086,25.6428548,1930.905,2106.118,194.938,91438.082,-115637.255,152.98,0.43222,1,1675.337,0
182.44,SV51_GUIDANCE,76473.829,6.9998965,25.6588647,1956.762,2132.051,191.513,93079.051,-95012.502,170.793,0.42853,1,1644.748,0
183.02,SV51_GUIDANCE,76583.95,7.0438318,25.6772735,1982.864,2158.223,188.089,95243.917,-73557.942,194.18,0.42483,1,1614.798,0
183.6,SV51_GUIDANCE,76692.089,7.0883217,25.6976422,2007.948,2184.198,184.719,98153.999,-51791.99,225.153,0.42121,0.9098114,1594.04,0
184.18,SV51_GUIDANCE,76798.383,7.133327,25.7165404,2030.048,2206.191,181.809,101522.448,-33183.074,260.015,0.41817,0.7332584,1566.468,0
184.76,SV51_GUIDANCE,76903.054,7.1787481,25.7307192,2047.877,2223.941,179.123,105073.243,-18190.292,295.843,0.41571,0.5931525,1545.257,0
185.34,SV51_GUIDANCE,77006.169,7.2244949,25.7382326,2062.235,2238.248,176.476,108633.251,-6223.851,330.941,0.41372,0.482114,1533.232,0
185.92,SV51_GUIDANCE,77107.743,7.2704911,25.7396001,2073.794,2249.782,173.836,112059.377,3283.98,363.971,0.4121,0.3943034,1518.327,0
186.5,SV51_GUIDANCE,77207.773,7.3166747,25.7366069,2083.098,2259.079,171.183,115230.137,10846.152,394.011,0.41077,0.3251566,1506.707,0
187.08,SV51_GUIDANCE,77306.247,7.3629975,25.7309452,2090.586,2266.576,168.5,118060.168,16899.448,420.611,0.40967,0.2710924,1500.007,0
187.66,SV51_GUIDANCE,77403.142,7.4094219,25.7235396,2096.611,2272.621,165.772,120501.634,21797.775,443.708,0.40874,0.2292844,1491.503,0
188.24,SV51_GUIDANCE,77498.429,7.4559169,25.7147455,2101.454,2277.491,162.982,122536.186,25817.258,463.482,0.40796,0.1974739,1484.617,0
188.82,SV51_GUIDANCE,77592.072,7.5024586,25.7047723,2105.33,2281.402,160.113,124164.959,29167.55,480.23,0.40727,0.1738059,1480.476,0
189.4,SV51_GUIDANCE,77684.017,7.549027,25.6938618,2108.411,2284.523,157.151,125401.633,32004.693,494.279,0.40666,0.1566887,1474.938,0
189.98,SV51_GUIDANCE,77774.228,7.5956049,25.6822707,2110.826,2286.982,154.087,126265.647,34442.672,505.933,0.4061,0.1447166,1470.118,0
190.56,SV51_GUIDANCE,77862.641,7.6421795,25.670328,2112.663,2288.864,150.913,126767.66,36559.613,515.392,0.40558,0.1366664,1467.024,0
191.14,SV51_GUIDANCE,77949.199,7.6887393,25.65839,2113.989,2290.238,147.632,126924.454,38411.327,522.827,0.40509,0.131477,1462.604,0
191.72,SV51_GUIDANCE,78033.848,7.7352757,25.6467198,2114.908,2291.205,144.279,126795.964,40054.98,528.605,0.40461,0.1281813,1458.48,0
192.3,SV51_GUIDANCE,78116.55,7.7817826,25.6357747,2115.493,2291.84,140.874,126425.643,41531.119,532.978,0.40414,0.1260948,1455.703,0
192.88,SV51_GUIDANCE,78197.276,7.8282547,25.6262755,2115.812,2292.206,137.433,125856.321,42874.459,536.191,0.40367,0.1247599,1451.591,0
193.46,SV51_GUIDANCE,78276.005,7.8746905,25.6182634,2115.924,2292.365,133.968,125130.065,44114.139,538.476,0.40321,0.123879,1447.642,0
194.04,SV51_GUIDANCE,78352.727,7.9210877,25.6115498,2115.882,2292.368,130.492,124284.883,45275.009,540.047,0.40276,0.1232691,1444.941,0
194.62,SV51_GUIDANCE,78427.433,7.9674468,25.6060719,2115.731,2292.26,127.011,123354.385,46378.949,541.102,0.4023,0.1228222,1441.024,0
195.2,SV51_GUIDANCE,78500.122,8.0137672,25.601839,2115.512,2292.083,123.528,122368.421,47445.384,541.83,0.40185,0.1224739,1436.997,0
195.78,SV51_GUIDANCE,78570.783,8.060051,25.5988078,2115.257,2291.868,120.044,121350.017,48489.275,542.384,0.4014,0.1221867,1434.315,0
196.36,SV51_GUIDANCE,78639.433,8.1062984,25.5968266,2114.986,2291.634,116.563,120313.923,49520.012,542.865,0.40095,0.1217701,1430.42,0
196.94,SV51_GUIDANCE,78706.07,8.1525106,25.595683,2114.708,2291.392,113.114,119276.924,50533.453,543.321,0.4005,0.1194545,1426.431,0
197.52,SV51_GUIDANCE,78770.724,8.1986895,25.5951385,2114.433,2291.15,109.726,118253.979,51525.311,543.791,0.40006,0.1171798,1423.817,0
198.1,SV51_GUIDANCE,78833.431,8.2448359,25.5950375,2114.168,2290.917,106.401,117251.065,52499.704,544.326,0.39963,0.1149436,1420.078,0
198.68,SV51_GUIDANCE,78894.226,8.2909498,25.5953521,2113.918,2290.698,103.136,116271.545,53459.038,544.962,0.39921,0.1127437,1416.3,0
199.26,SV51_GUIDANCE,78953.144,8.3370333,25.5961266,2113.685,2290.493,99.931,115316.972,54404.501,545.717,0.3988,0.1105789,1413.825,0
199.84,SV51_GUIDANCE,79010.22,8.3830872,25.5974087,2113.47,2290.305,96.786,114387.654,55336.445,546.605,0.39839,0.1084494,1410.285,0
200.42,SV51_GUIDANCE,79065.489,8.4291124,25.5992318,2113.272,2290.132,93.7,113483.379,56254.865,547.632,0.398,0.1063554,1406.709,0
201,SV51_GUIDANCE,79118.984,8.475111,25.6016525,2113.091,2289.973,90.672,112603.446,57159.419,548.803,0.39761,0.1042975,1404.368,0
201.58,SV51_GUIDANCE,79170.74,8.5210829,25.6047499,2112.925,2289.827,87.702,111746.332,58049.226,550.111,0.39723,0.1022764,1401.02,0
202.16,SV51_GUIDANCE,79220.781,8.56703,25.6086016,2112.77,2289.691,84.79,110909.679,58922.898,551.543,0.39685,0.1002923,1397.637,0
202.74,SV51_GUIDANCE,79269.158,8.6129541,25.6132757,2112.623,2289.56,81.934,110091.088,59779.035,553.082,0.39648,0.0983463,1395.423,0
203.32,SV51_GUIDANCE,79315.894,8.6588573,25.6188191,2112.482,2289.432,79.135,109288.112,60616.244,554.709,0.39612,0.0964377,1392.257,0
203.9,SV51_GUIDANCE,79361.022,8.7047396,25.6252579,2112.343,2289.309,76.486,108498.748,61433.426,556.406,0.39577,0.0945657,1389.059,0
204.48,SV51_GUIDANCE,79404.576,8.7506037,25.6325967,2112.204,2289.179,73.797,107721.282,62229.698,558.159,0.39542,0.0927293,1386.023,0
205.06,SV51_GUIDANCE,79446.587,8.7964516,25.6408219,2112.064,2289.045,71.164,106954.531,63004.531,559.954,0.39509,0.0909273,1383.972,0
205.64,SV51_GUIDANCE,79487.088,8.8422832,25.6499076,2111.921,2288.908,68.586,106197.919,63757.777,561.787,0.39475,0.0891583,1380.949,0
206.22,SV51_GUIDANCE,79526.111,8.8881006,25.659821,2111.777,2288.765,66.063,105451.336,64489.583,563.657,0.39443,0.0874211,1378.079,0
206.8,SV51_GUIDANCE,79563.686,8.9339056,25.6704661,2111.63,2288.619,63.594,104714.849,65200.416,565.567,0.39411,0.0857146,1376.141,0
207.38,SV51_GUIDANCE,79599.838,8.9796982,25.6817784,2111.482,2288.47,61.179,103989.063,65890.954,567.527,0.39379,0.0840378,1373.284,0
207.96,SV51_GUIDANCE,79634.614,9.0254812,25.693726,2111.333,2288.318,58.818,103274.963,66561.984,569.551,0.39348,0.0823908,1370.573,0
208.54,SV51_GUIDANCE,79668.036,9.0712538,25.7062841,2111.186,2288.166,56.509,102573.56,67214.251,571.657,0.39318,0.0807725,1368.742,0
209.12,SV51_GUIDANCE,79700.136,9.1170177,25.7194268,2111.041,2288.015,54.253,101885.734,67848.409,573.86,0.39289,0.0791825,1366.044,0
209.7,SV51_GUIDANCE,79730.942,9.162775,25.7331274,2110.899,2287.865,52.049,101212.204,68465.013,576.178,0.3926,0.0776204,1363.483,0
210.28,SV51_GUIDANCE,79760.486,9.2085257,25.747359,2110.761,2287.718,49.896,100553.559,69064.531,578.626,0.39231,0.0760862,1361.754,0
210.86,SV51_GUIDANCE,79788.798,9.2542696,25.7620959,2110.627,2287.574,47.795,99910.192,69647.315,581.218,0.39203,0.0745794,1359.207,0
211.44,SV51_GUIDANCE,79815.906,9.3000097,25.7773127,2110.498,2287.432,45.745,99282.313,70213.613,583.968,0.39176,0.0730999,1356.791,0
212.02,SV51_GUIDANCE,79841.84,9.345746,25.7929847,2110.374,2287.295,43.745,98670.032,70763.612,586.89,0.39149,0.0716475,1355.159,0
212.6,SV51_GUIDANCE,79866.63,9.3914785,25.8090877,2110.254,2287.16,41.794,98073.357,71297.449,589.994,0.39123,0.0702222,1352.756,0
213.18,SV51_GUIDANCE,79890.303,9.4372101,25.8255983,2110.138,2287.029,39.893,97492.23,71815.221,593.295,0.39097,0.0688237,1350.476,0
213.76,SV51_GUIDANCE,79912.888,9.4829388,25.8424938,2110.027,2286.901,38.04,96926.563,72317.01,596.804,0.39072,0.067452,1348.936,0
214.34,SV51_GUIDANCE,79934.413,9.5286674,25.8597524,2109.92,2286.776,36.235,96376.288,72802.903,600.536,0.39047,0.066107,1346.669,0
214.92,SV51_GUIDANCE,79954.907,9.5743952,25.8773535,2109.817,2286.654,34.478,95841.312,73272.966,604.504,0.39023,0.0647886,1344.519,0
215.5,SV51_GUIDANCE,79974.396,9.6201239,25.8952767,2109.718,2286.535,32.768,95321.572,73727.275,608.726,0.39,0.0634967,1343.067,0
216.08,SV51_GUIDANCE,79992.907,9.6658525,25.9135031,2109.622,2286.419,31.105,94816.984,74165.887,613.218,0.38976,0.0622312,1340.929,0
216.66,SV51_GUIDANCE,80010.467,9.7115841,25.9320141,2109.53,2286.305,29.487,94327.462,74588.851,617.998,0.38954,0.0609921,1338.901,0
217.24,SV51_GUIDANCE,80027.104,9.7573166,25.9507922,2109.442,2286.194,27.915,93852.925,74996.211,623.084,0.38931,0.0597794,1337.531,0
217.82,SV51_GUIDANCE,80042.842,9.8030519,25.9698203,2109.357,2286.086,26.387,93393.337,75388.017,628.498,0.38909,0.0585929,1335.516,0
218.4,SV51_GUIDANCE,80057.708,9.8487902,25.9890824,2109.275,2285.98,24.904,92948.674,75764.309,634.261,0.38888,0.0574327,1333.602,0
218.98,SV51_GUIDANCE,80071.726,9.8945312,26.0085629,2109.196,2285.876,23.464,92518.923,76125.121,640.397,0.38867,0.0562986,1332.311,0
219.56,SV51_GUIDANCE,80084.924,9.9402761,26.0282468,2109.12,2285.775,22.067,92104.072,76470.472,646.931,0.38846,0.0551906,1330.466,0
220.14,SV51_GUIDANCE,80097.324,9.9860249,26.0481199,2109.047,2285.676,20.713,91704.144,76800.382,653.887,0.38826,0.0541088,1328.604,0
220.72,SV51_GUIDANCE,80108.951,10.0317774,26.0681682,2108.976,2285.579,19.4,91319.142,77114.85,661.293,0.38806,0.0530529,1327.385,0
221.3,SV51_GUIDANCE,80119.83,10.0775347,26.0883785,2108.909,2285.484,18.129,90949.12,77413.875,669.176,0.38787,0.052023,1325.644,0
221.88,SV51_GUIDANCE,80129.977,10.1232967,26.1087379,2108.843,2285.391,16.899,90594.134,77697.439,677.561,0.38768,0.0510186,1323.885,0
222.46,SV51_GUIDANCE,80139.43,10.1690636,26.1292341,2108.781,2285.3,15.708,90254.223,77965.526,686.476,0.38749,0.0500405,1322.734,0
223.04,SV51_GUIDANCE,80148.206,10.2148361,26.1498552,2108.721,2285.212,14.557,89929.451,78218.105,695.945,0.38731,0.049088,1321.089,0
223.62,SV51_GUIDANCE,80156.325,10.2606144,26.1705895,2108.663,2285.125,13.445,89619.884,78455.149,705.99,0.38713,0.0481612,1319.428,0
224.2,SV51_GUIDANCE,80163.812,10.3063974,26.1914261,2108.607,2285.039,12.371,89325.589,78676.626,716.63,0.38695,0.0472598,1318.339,0
224.78,SV51_GUIDANCE,80170.687,10.3521862,26.2123541,2108.554,2284.956,11.335,89046.622,78882.517,727.878,0.38678,0.0463838,1316.783,0
225.36,SV51_GUIDANCE,80176.974,10.3979807,26.233363,2108.502,2284.875,10.336,88783.018,79072.812,739.742,0.38661,0.0455331,1315.211,0
225.94,SV51_GUIDANCE,80182.692,10.4437809,26.2544427,2108.453,2284.795,9.374,88534.792,79247.526,752.219,0.38644,0.0447073,1314.181,0
226.52,SV51_GUIDANCE,80187.863,10.4895868,26.2755836,2108.406,2284.717,8.447,88301.925,79406.706,765.297,0.38628,0.0439064,1312.707,0
227.1,SV51_GUIDANCE,80192.508,10.5353994,26.296776,2108.361,2284.64,7.555,88084.36,79550.445,778.954,0.38612,0.0431301,1311.216,0
227.68,SV51_GUIDANCE,80196.646,10.5812178,26.3180108,2108.317,2284.565,6.699,87881.985,79678.892,793.152,0.38596,0.0423782,1310.238,0
228.26,SV51_GUIDANCE,80200.298,10.6270418,26.3392791,2108.275,2284.492,5.876,87694.594,79792.264,807.84,0.3858,0.0416503,1308.839,0
228.84,SV51_GUIDANCE,80203.484,10.6728716,26.3605722,2108.235,2284.42,5.086,87521.908,79890.861,822.952,0.38565,0.0409463,1307.422,0
229.42,SV51_GUIDANCE,80206.221,10.718708,26.3818817,2108.197,2284.35,4.33,87363.562,79975.071,838.409,0.3855,0.0402658,1306.493,0
230,SV51_GUIDANCE,80208.53,10.7645502,26.4031993,2108.16,2284.281,3.605,87219.103,80045.384,854.118,0.38535,0.0396084,1305.162,0
230.58,SV51_GUIDANCE,80210.429,10.8103981,26.4245173,2108.125,2284.213,2.912,87087.976,80102.386,869.98,0.38521,0.0389737,1303.813,0
231.16,SV51_GUIDANCE,80211.935,10.8562517,26.4458279,2108.091,2284.147,2.25,86969.525,80146.765,885.885,0.38506,0.0383614,1302.928,0
231.74,SV51_GUIDANCE,80213.067,10.9021111,26.4671235,2108.059,2284.08,1.597,86862.991,80179.299,901.725,0.38492,0.037771,1301.656,0
232.32,SV51_GUIDANCE,80213.842,10.9479761,26.488397,2108.028,2284.016,0.996,86767.54,80200.844,917.389,0.38478,0.037202,1300.369,0
232.9,SV51_GUIDANCE,80214.276,10.9938459,26.5096412,2107.998,2283.954,0.424,86682.295,80212.321,932.776,0.38465,0.0366539,1299.522,0
233.48,SV51_GUIDANCE,80214.387,11.0397215,26.5308494,2107.969,2283.893,-0.119,86606.32,80214.695,947.792,0.38451,0.0361263,1298.307,0
234.06,SV51_GUIDANCE,80214.191,11.0856028,26.5520149,2107.942,2283.833,-0.635,86538.646,80208.954,962.356,0.38438,0.0356185,1297.073,0
234.64,SV51_GUIDANCE,80213.703,11.1314888,26.5731311,2107.916,2283.774,-1.124,86478.321,80196.089,976.398,0.38425,0.0351299,1296.297,0
235.22,SV51_GUIDANCE,80212.939,11.1773787,26.5941919,2107.891,2283.716,-1.587,86424.396,80177.075,989.867,0.38412,0.0346601,1295.095,0
235.8,SV51_GUIDANCE,80211.915,11.2232742,26.6151913,2107.867,2283.659,-2.023,86375.958,80152.855,1002.722,0.38399,0.0342083,1293.909,0
236.38,SV51_GUIDANCE,80210.644,11.2691736,26.6361233,2107.844,2283.604,-2.435,86332.134,80124.325,1014.937,0.38387,0.033774,1293.163,0
236.96,SV51_GUIDANCE,80209.141,11.3150778,26.6569823,2107.822,2283.549,-2.822,86292.119,80092.326,1026.498,0.38374,0.0333564,1292.005,0
237.54,SV51_GUIDANCE,80207.421,11.3609858,26.6777628,2107.801,2283.496,-3.185,86255.155,80057.635,1037.402,0.38362,0.0329549,1290.864,0
238.12,SV51_GUIDANCE,80205.497,11.4068975,26.6984595,2107.781,2283.443,-3.524,86220.563,80020.959,1047.655,0.3835,0.0325688,1290.144,0
238.7,SV51_GUIDANCE,80203.382,11.4528122,26.7190673,2107.762,2283.392,-3.842,86187.736,79982.941,1057.267,0.38338,0.0321974,1289.026,0
239.28,SV51_GUIDANCE,80201.089,11.4987307,26.7395815,2107.744,2283.341,-4.137,86156.119,79944.151,1066.257,0.38326,0.0318401,1287.922,0
239.86,SV51_GUIDANCE,80198.631,11.544651,26.7599971,2107.726,2283.291,-4.411,86125.223,79905.094,1074.647,0.38314,0.031496,1287.227,0
240.44,SV51_GUIDANCE,80196.02,11.5905752,26.7803097,2107.71,2283.243,-4.664,86094.636,79866.213,1082.46,0.38303,0.0311646,1286.144,0
241.02,SV51_GUIDANCE,80193.267,11.6365013,26.800515,2107.694,2283.195,-4.897,86064.01,79827.892,1089.722,0.38291,0.0308451,1285.074,0
241.6,SV51_GUIDANCE,80190.383,11.6824293,26.8206089,2107.679,2283.148,-5.111,86033.038,79790.457,1096.459,0.3828,0.0305367,1284.399,0
242.18,SV51_GUIDANCE,80187.381,11.7283592,26.8405874,2107.664,2283.102,-5.307,86001.469,79754.188,1102.699,0.38269,0.0302389,1283.349,0
242.76,SV51_GUIDANCE,80184.271,11.7742901,26.8604469,2107.65,2283.056,-5.484,85969.076,79719.315,1108.467,0.38258,0.029951,1282.309,0
243.34,SV51_GUIDANCE,80181.062,11.8202219,26.8801839,2107.637,2283.012,-5.644,85935.688,79686.029,1113.788,0.38247,0.0296722,1281.653,0
243.92,SV51_GUIDANCE,80177.764,11.8661556,26.899795,2107.624,2282.968,-5.787,85901.177,79654.485,1118.689,0.38236,0.0294019,1280.631,0
244.5,SV51_GUIDANCE,80174.388,11.9120884,26.9192773,2107.613,2282.925,-5.914,85865.446,79624.805,1123.191,0.38225,0.0291394,1279.651,0
245.08,SV51_GUIDANCE,80170.943,11.9580221,26.9386278,2107.601,2282.883,-6.025,85828.414,79597.08,1127.316,0.38214,0.0288843,1278.981,0
245.66,SV51_GUIDANCE,80167.436,12.0039549,26.9578439,2107.59,2282.842,-6.122,85790.025,79571.377,1131.086,0.38204,0.0286358,1277.986,0
246.24,SV51_GUIDANCE,80163.877,12.0498867,26.9769232,2107.58,2282.801,-6.204,85750.256,79547.742,1134.52,0.38193,0.0283933,1277.028,0
246.82,SV51_GUIDANCE,80160.274,12.0958176,26.9958633,2107.57,2282.761,-6.273,85709.083,79526.2,1137.634,0.38183,0.0281564,1276.376,0
247.4,SV51_GUIDANCE,80156.634,12.1417475,27.0146621,2107.561,2282.722,-6.328,85666.513,79506.759,1140.447,0.38172,0.0279245,1275.405,0
247.98,SV51_GUIDANCE,80152.966,12.1876755,27.0333178,2107.552,2282.683,-6.371,85622.569,79489.413,1142.973,0.38162,0.0276971,1274.471,0
248.56,SV51_GUIDANCE,80149.275,12.2336006,27.0518285,2107.543,2282.645,-6.402,85577.29,79474.142,1145.226,0.38152,0.0274737,1273.834,0
249.14,SV51_GUIDANCE,80145.569,12.2795238,27.0701926,2107.535,2282.608,-6.422,85530.712,79460.916,1147.219,0.38142,0.0272538,1272.885,0
249.72,SV51_GUIDANCE,80141.854,12.3254433,27.0884087,2107.528,2282.572,-6.43,85482.874,79449.693,1148.964,0.38132,0.027037,1271.973,0
250.3,SV51_GUIDANCE,80138.137,12.3713598,27.1064753,2107.52,2282.536,-6.429,85433.847,79440.425,1150.472,0.38122,0.026823,1271.35,0
250.88,SV51_GUIDANCE,80134.423,12.4172726,27.1243913,2107.513,2282.5,-6.417,85383.681,79433.055,1151.753,0.38112,0.0266112,1270.423,0
251.46,SV51_GUIDANCE,80130.718,12.4631805,27.1421555,2107.507,2282.466,-6.397,85332.446,79427.519,1152.816,0.38102,0.0264015,1269.532,0
252.04,SV51_GUIDANCE,80127.018,12.5090837,27.1597671,2107.501,2282.431,-6.367,85280.223,79423.746,1153.669,0.38092,0.0261935,1268.923,0
252.62,SV51_GUIDANCE,80123.346,12.5549822,27.1772251,2107.495,2282.398,-6.33,85227.082,79421.677,1154.322,0.38083,0.0259868,1268.018,0
253.2,SV51_GUIDANCE,80119.698,12.6008749,27.1945287,2107.489,2282.365,-6.284,85173.094,79421.232,1154.779,0.38073,0.0257811,1267.146,0
253.78,SV51_GUIDANCE,80116.077,12.6467619,27.2116773,2107.484,2282.332,-6.231,85118.352,79422.333,1155.048,0.38064,0.0255764,1266.552,0
254.36,SV51_GUIDANCE,80112.489,12.6926422,27.2286703,2107.479,2282.301,-6.171,85062.936,79424.897,1155.135,0.38054,0.0253722,1265.667,0
254.94,SV51_GUIDANCE,80108.936,12.7385159,27.2455074,2107.474,2282.269,-6.105,85006.942,79428.844,1155.045,0.38045,0.0251685,1264.815,0
255.52,SV51_GUIDANCE,80105.424,12.7843828,27.2621881,2107.47,2282.238,-6.033,84950.448,79434.091,1154.783,0.38036,0.024965,1264.234,0
256.1,SV51_GUIDANCE,80101.954,12.8302412,27.2787122,2107.465,2282.208,-5.955,84893.529,79440.554,1154.354,0.38026,0.0247616,1263.369,0
256.68,SV51_GUIDANCE,80098.531,12.876092,27.2950795,2107.461,2282.178,-5.872,84836.276,79448.149,1153.763,0.38017,0.0245581,1262.538,0
257.26,SV51_GUIDANCE,80095.156,12.9219341,27.3112899,2107.457,2282.149,-5.784,84778.77,79456.794,1153.012,0.38008,0.0243545,1261.971,0
257.84,SV51_GUIDANCE,80091.826,12.9677677,27.3273433,2107.454,2282.12,-5.692,84721.094,79466.4,1152.106,0.37999,0.0241508,1261.127,0
258.42,SV51_GUIDANCE,80088.557,13.0135918,27.3432399,2107.45,2282.092,-5.596,84663.319,79476.895,1151.049,0.3799,0.0239466,1260.316,0
259,SV51_GUIDANCE,80085.345,13.0594053,27.3589796,2107.447,2282.064,-5.496,84605.508,79488.196,1149.844,0.37981,0.0237421,1259.763,0
259.58,SV51_GUIDANCE,80082.192,13.1052094,27.3745627,2107.444,2282.036,-5.393,84547.738,79500.217,1148.494,0.37973,0.0235372,1258.964,0
260.16,SV51_GUIDANCE,80079.099,13.1510029,27.3899895,2107.441,2282.009,-5.287,84490.082,79512.883,1147.003,0.37964,0.0233318,1258.148,0
260.74,SV51_GUIDANCE,80076.067,13.196784,27.4052602,2107.438,2281.983,-5.178,84432.615,79526.113,1145.374,0.37955,0.023126,1257.609,0
261.32,SV51_GUIDANCE,80073.099,13.2425547,27.4203754,2107.435,2281.956,-5.067,84375.412,79539.833,1143.609,0.37947,0.0229198,1256.83,0
261.9,SV51_GUIDANCE,80070.195,13.2883129,27.4353354,2107.433,2281.931,-4.954,84318.543,79553.972,1141.712,0.37939,0.0227132,1256.035,0
262.48,SV51_GUIDANCE,80067.358,13.3340588,27.4501408,2107.43,2281.905,-4.84,84262.078,79568.461,1139.685,0.3793,0.0225062,1255.51,0
263.06,SV51_GUIDANCE,80064.586,13.3797913,27.4647922,2107.428,2281.88,-4.724,84206.087,79583.231,1137.53,0.37922,0.0222988,1254.752,0
263.64,SV51_GUIDANCE,80061.882,13.4255114,27.4792902,2107.425,2281.856,-4.607,84150.638,79598.221,1135.25,0.37914,0.0220912,1253.978,0
264.22,SV51_GUIDANCE,80059.246,13.4712172,27.4936355,2107.423,2281.831,-4.488,84095.797,79613.369,1132.847,0.37906,0.0218834,1253.467,0
264.8,SV51_GUIDANCE,80056.678,13.5169086,27.5078288,2107.421,2281.808,-4.37,84041.634,79628.617,1130.324,0.37898,0.0216755,1252.729,0
265.38,SV51_GUIDANCE,80054.179,13.5625858,27.521871,2107.42,2281.784,-4.251,83988.192,79643.904,1127.684,0.3789,0.0214674,1251.977,0
265.96,SV51_GUIDANCE,80051.749,13.6082478,27.5357628,2107.418,2281.761,-4.131,83935.484,79659.172,1124.933,0.37882,0.0212594,1251.48,0
266.54,SV51_GUIDANCE,80049.388,13.6538935,27.5495052,2107.416,2281.738,-4.012,83883.544,79674.371,1122.074,0.37874,0.0210515,1250.762,0
267.12,SV51_GUIDANCE,80047.096,13.6995239,27.563099,2107.414,2281.716,-3.893,83832.403,79689.45,1119.111,0.37866,0.0208438,1250.032,0
267.7,SV51_GUIDANCE,80044.872,13.7451382,27.5765454,2107.413,2281.694,-3.774,83782.095,79704.361,1116.05,0.37858,0.0206365,1249.548,0
268.28,SV51_GUIDANCE,80042.716,13.7907352,27.5898452,2107.411,2281.672,-3.656,83732.647,79719.063,1112.894,0.37851,0.0204295,1248.852,0
268.86,SV51_GUIDANCE,80040.629,13.8363152,27.6029997,2107.41,2281.651,-3.539,83684.089,79733.516,1109.648,0.37843,0.020223,1248.142,0
269.44,SV51_GUIDANCE,80038.609,13.8818779,27.6160098,2107.408,2281.63,-3.423,83636.443,79747.687,1106.317,0.37836,0.0200172,1247.673,0
270.02,SV51_GUIDANCE,80036.656,13.9274216,27.6288766,2107.407,2281.609,-3.308,83589.727,79761.542,1102.906,0.37828,0.0198121,1242.703,0
270.6,SV51_GUIDANCE,80034.769,13.9729471,27.6416015,2107.405,2281.588,-3.194,83543.99,79775.056,1099.419,0.37821,0.0196078,1246.308,0
271.18,SV51_GUIDANCE,80032.947,14.0184546,27.6541854,2107.404,2281.568,-3.082,83499.275,79788.207,1095.858,0.37814,0.0194044,1245.854,0
271.76,SV51_GUIDANCE,80031.19,14.063942,27.6666297,2107.403,2281.548,-2.971,83455.61,79800.974,1092.23,0.37807,0.0192021,1245.198,0
272.34,SV51_GUIDANCE,80029.497,14.1094093,27.6789356,2107.402,2281.529,-2.861,83413.023,79813.338,1088.537,0.378,0.019001,1244.53,0
272.92,SV51_GUIDANCE,80027.866,14.1548567,27.6911045,2107.401,2281.51,-2.753,83371.558,79825.283,1084.786,0.37793,0.0188011,1244.089,0
273.5,SV51_GUIDANCE,80026.298,14.2002831,27.7031376,2107.4,2281.491,-2.648,83331.162,79836.79,1080.985,0.37786,0.0186025,1243.454,0
274.08,SV51_GUIDANCE,80024.79,14.2456894,27.7150363,2107.399,2281.472,-2.544,83291.779,79847.844,1077.142,0.37779,0.0184054,1242.806,0
274.66,SV51_GUIDANCE,80023.341,14.2910728,27.7268019,2107.398,2281.454,-2.442,83253.392,79858.434,1073.266,0.37772,0.0182098,1242.398,0
275.24,SV51_GUIDANCE,80021.951,14.3364353,27.7384359,2107.397,2281.436,-2.342,83215.981,79868.553,1069.365,0.37766,0.0180159,1241.763,0
275.82,SV51_GUIDANCE,80020.618,14.3817759,27.7499397,2107.396,2281.418,-2.244,83179.52,79878.195,1065.445,0.37759,0.0178238,1241.135,0
276.4,SV51_GUIDANCE,80019.341,14.4270935,27.7613147,2107.395,2281.4,-2.148,83143.972,79887.361,1061.515,0.37752,0.0176334,1240.74,0
276.98,SV51_GUIDANCE,80018.119,14.4723883,27.7725622,2107.393,2281.383,-2.055,83109.376,79896.063,1057.575,0.37746,0.017445,1240.125,0
277.56,SV51_GUIDANCE,80016.951,14.5176592,27.7836836,2107.392,2281.366,-1.963,83075.767,79904.31,1053.628,0.3774,0.0172585,1239.517,0
278.14,SV51_GUIDANCE,80015.834,14.5629063,27.7946805,2107.391,2281.349,-1.874,83043.149,79912.104,1049.683,0.37733,0.017074,1239.134,0
278.72,SV51_GUIDANCE,80014.766,14.6081295,27.8055545,2107.39,2281.332,-1.788,83011.533,79919.446,1045.745,0.37727,0.0168917,1238.538,0
279.3,SV51_GUIDANCE,80013.745,14.653327,27.8163072,2107.389,2281.316,-1.703,82980.943,79926.348,1041.821,0.37721,0.0167117,1237.949,0
279.88,SV51_GUIDANCE,80012.777,14.6985006,27.8269401,2107.388,2281.299,-1.621,82951.294,79932.824,1037.918,0.37715,0.0165338,1237.578,0
280.46,SV51_GUIDANCE,80011.857,14.7436485,27.8374547,2107.388,2281.284,-1.541,82922.512,79938.878,1034.046,0.37708,0.0163581,1237.001,0
281.04,SV51_GUIDANCE,80010.981,14.7887707,27.8478525,2107.387,2281.268,-1.464,82894.56,79944.518,1030.213,0.37702,0.0161848,1236.43,0
281.62,SV51_GUIDANCE,80010.15,14.8338661,27.8581352,2107.386,2281.252,-1.389,82867.399,79949.76,1026.425,0.37696,0.0160139,1236.07,0
282.2,SV51_GUIDANCE,80009.353,14.8789358,27.8683045,2107.385,2281.237,-1.316,82840.987,79954.61,1022.689,0.37691,0.0158455,1235.511,0
282.78,SV51_GUIDANCE,80008.606,14.9239779,27.8783618,2107.384,2281.222,-1.246,82815.272,79959.096,1019.012,0.37685,0.0156795,1234.958,0
283.36,SV51_GUIDANCE,80007.899,14.9689932,27.8883087,2107.383,2281.207,-1.178,82790.295,79963.233,1015.394,0.37679,0.0155159,1234.609,0
283.94,SV51_GUIDANCE,80007.23,15.0139809,27.8981468,2107.382,2281.192,-1.113,82766.073,79967.036,1011.841,0.37673,0.0153548,1234.067,0
284.52,SV51_GUIDANCE,80006.598,15.0589399,27.9078777,2107.381,2281.178,-1.05,82742.596,79970.521,1008.358,0.37668,0.0151963,1233.547,0
285.1,SV51_GUIDANCE,80006.003,15.1038704,27.9175031,2107.38,2281.163,-0.989,82719.865,79973.705,1004.949,0.37662,0.0150403,1233.193,0
285.68,SV51_GUIDANCE,80005.441,15.1487732,27.9270246,2107.379,2281.149,-0.931,82697.892,79976.606,1001.616,0.37657,0.0148868,1232.667,0
286.26,SV51_GUIDANCE,80004.913,15.1936464,27.9364436,2107.378,2281.135,-0.875,82676.586,79979.239,998.366,0.37651,0.014736,1232.162,0
286.84,SV51_GUIDANCE,80004.417,15.2384892,27.9457617,2107.377,2281.122,-0.821,82655.871,79981.623,995.2,0.37646,0.0145877,1231.819,0
287.42,SV51_GUIDANCE,80003.951,15.2833033,27.9549804,2107.376,2281.108,-0.769,82635.706,79983.772,992.124,0.3764,0.0144419,1231.308,0
288,SV51_GUIDANCE,80003.515,15.3280869,27.9641013,2107.375,2281.095,-0.72,82616.048,79985.705,989.138,0.37635,0.0142988,1230.819,0
288.58,SV51_GUIDANCE,80003.099,15.3728399,27.9731261,2107.374,2281.082,-0.673,82596.852,79987.429,986.245,0.3763,0.0141583,1230.486,0
289.16,SV51_GUIDANCE,80002.718,15.4175625,27.9820561,2107.373,2281.069,-0.628,82578.076,79988.974,983.446,0.37624,0.0140203,1229.99,0
289.74,SV51_GUIDANCE,80002.362,15.4622536,27.9908929,2107.372,2281.056,-0.585,82559.771,79990.35,980.74,0.37619,0.0138849,1229.514,0
290.32,SV51_GUIDANCE,80002.03,15.5069122,27.9996381,2107.371,2281.043,-0.543,82541.946,79991.571,978.126,0.37614,0.0137519,1229.19,0
290.9,SV51_GUIDANCE,80001.722,15.5515404,28.0082932,2107.37,2281.03,-0.504,82524.599,79992.648,975.606,0.37609,0.0136215,1228.708,0
291.48,SV51_GUIDANCE,80001.437,15.5961351,28.0168597,2107.369,2281.018,-0.467,82507.731,79993.596,973.18,0.37604,0.0134936,1228.246,0
292.06,SV51_GUIDANCE,80001.172,15.6406984,28.0253392,2107.368,2281.006,-0.432,82491.355,79994.426,970.849,0.37599,0.0133681,1227.931,0
292.64,SV51_GUIDANCE,80000.927,15.6852283,28.0337331,2107.368,2280.994,-0.398,82475.393,79995.148,968.611,0.37594,0.0132451,1227.463,0
293.22,SV51_GUIDANCE,80000.694,15.7297249,28.042043,2107.367,2280.982,-0.366,82459.79,79995.767,966.468,0.37589,0.0131247,1227.013,0
293.8,SV51_GUIDANCE,80000.479,15.774188,28.0502703,2107.366,2280.971,-0.336,82444.515,79996.299,964.415,0.37585,0.0130066,1226.706,0
294.38,SV51_GUIDANCE,80000.288,15.8186169,28.0584164,2107.365,2280.959,-0.307,82429.529,79996.764,962.453,0.3758,0.0128909,1226.25,0
294.96,SV51_GUIDANCE,80000.114,15.8630123,28.0664826,2107.364,2280.948,-0.28,82414.807,79997.16,960.578,0.37575,0.0127774,1225.813,0
295.54,SV51_GUIDANCE,79999.956,15.9073734,28.0744705,2107.363,2280.937,-0.255,82400.305,79997.495,958.792,0.3757,0.0126664,1225.514,0
296.12,SV51_GUIDANCE,79999.811,15.9516993,28.0823816,2107.362,2280.925,-0.231,82386.045,79997.777,957.093,0.37566,0.0125576,1225.07,0
296.7,SV51_GUIDANCE,79999.681,15.9959898,28.0902172,2107.361,2280.914,-0.208,82372.068,79998.011,955.479,0.37561,0.0124511,1224.643,0
297.28,SV51_GUIDANCE,79999.563,16.0402451,28.0979788,2107.36,2280.903,-0.187,82358.379,79998.205,953.948,0.37556,0.0123468,1224.352,0
297.86,SV51_GUIDANCE,79999.457,16.084465,28.1056678,2107.359,2280.893,-0.167,82344.986,79998.363,952.498,0.37552,0.0122448,1223.919,0
298.44,SV51_GUIDANCE,79999.362,16.1286488,28.1132856,2107.358,2280.882,-0.148,82331.902,79998.492,951.126,0.37547,0.0121449,1223.502,0
299.02,SV51_GUIDANCE,79999.271,16.1727962,28.1208335,2107.358,2280.872,-0.131,82319.138,79998.586,949.831,0.37543,0.0120473,1223.219,0
299.6,SV51_GUIDANCE,79999.197,16.2169075,28.1283129,2107.357,2280.862,-0.114,82306.608,79998.666,948.609,0.37538,0.0119517,1222.795,0
300.18,SV51_GUIDANCE,79999.132,16.2609806,28.135725,2107.356,2280.852,-0.099,82294.285,79998.729,947.456,0.37534,0.0118581,1222.389,0
300.76,SV51_GUIDANCE,79999.076,16.3050175,28.1430712,2107.355,2280.842,-0.085,82282.144,79998.776,946.372,0.3753,0.0117667,1222.112,0
301.34,SV51_GUIDANCE,79999.028,16.3490181,28.1503527,2107.354,2280.832,-0.072,82270.162,79998.81,945.355,0.37525,0.0116772,1221.711,0
301.92,SV51_GUIDANCE,79998.987,16.3929787,28.1575708,2107.354,2280.822,-0.059,82258.315,79998.835,944.403,0.37521,0.0115898,1221.301,0
302.5,SV51_GUIDANCE,79998.954,16.436903,28.1647268,2107.353,2280.813,-0.048,82246.574,79998.851,943.512,0.37517,0.0115043,1221.03,0
303.08,SV51_GUIDANCE,79998.927,16.4807873,28.171822,2107.352,2280.803,-0.037,82234.998,79998.862,942.681,0.37513,0.0114208,1220.638,0
303.66,SV51_GUIDANCE,79998.906,16.5246353,28.1788576,2107.351,2280.794,-0.028,82223.604,79998.868,941.908,0.37508,0.0113392,1220.236,0
304.24,SV51_GUIDANCE,79998.89,16.5684414,28.1858349,2107.35,2280.784,-0.019,82212.399,79998.871,941.19,0.37504,0.0112594,1219.971,0
304.82,SV51_GUIDANCE,79998.879,16.6122112,28.192755,2107.349,2280.775,-0.011,82201.395,79998.872,940.525,0.375,0.0111815,1219.587,0
305.4,SV51_GUIDANCE,79998.873,16.655941,28.1996191,2107.349,2280.766,-0.003,82190.607,79998.873,939.91,0.37496,0.0111054,1219.194,0
305.98,SV51_GUIDANCE,79998.871,16.6996307,28.2064284,2107.348,2280.757,0.004,82180.039,79998.873,939.343,0.37492,0.011031,1218.934,0
306.56,SV51_GUIDANCE,79998.874,16.7432785,28.2131841,2107.347,2280.749,0.01,82169.632,79998.873,938.822,0.37488,0.0109585,1218.558,0
307.14,SV51_GUIDANCE,79998.879,16.7868881,28.2198872,2107.347,2280.74,0.015,82159.36,79998.875,938.344,0.37484,0.0108876,1218.173,0
307.72,SV51_GUIDANCE,79998.888,16.8304577,28.2265388,2107.346,2280.732,0.02,82149.206,79998.877,937.908,0.3748,0.0108185,1217.918,0
308.3,SV51_GUIDANCE,79998.892,16.8739853,28.2331402,2107.345,2280.723,0.025,82139.153,79998.874,937.512,0.37476,0.010751,1217.549,0
308.88,SV51_GUIDANCE,79998.906,16.9174728,28.2396922,2107.345,2280.715,0.029,82129.177,79998.881,937.153,0.37472,0.0106852,1217.17,0
309.46,SV51_GUIDANCE,79998.922,16.9609184,28.246196,2107.344,2280.706,0.033,82119.249,79998.889,936.829,0.37468,0.0106209,1216.92,0
310.04,SV51_GUIDANCE,79998.941,17.004324,28.2526526,2107.343,2280.698,0.036,82109.426,79998.899,936.535,0.37464,0.0105583,1216.557,0
310.62,SV51_GUIDANCE,79998.961,17.0476856,28.2590631,2107.342,2280.69,0.039,82099.729,79998.912,936.271,0.3746,0.0104972,1216.186,0
311.2,SV51_GUIDANCE,79998.983,17.0910072,28.2654285,2107.342,2280.682,0.041,82090.169,79998.926,936.038,0.37456,0.0104377,1215.94,0
311.78,SV51_GUIDANCE,79999.007,17.134285,28.2717498,2107.341,2280.674,0.043,82080.759,79998.943,935.833,0.37452,0.0103797,1215.584,0
312.36,SV51_GUIDANCE,79999.031,17.1775208,28.2780279,2107.34,2280.666,0.045,82071.515,79998.961,935.656,0.37448,0.0103231,1215.219,0
312.94,SV51_GUIDANCE,79999.057,17.2207146,28.2842639,2107.34,2280.659,0.046,82062.453,79998.982,935.506,0.37445,0.010268,1214.976,0
313.52,SV51_GUIDANCE,79999.076,17.2638645,28.2904586,2107.339,2280.651,0.048,82053.517,79998.996,935.38,0.37441,0.0102144,1214.626,0
314.1,SV51_GUIDANCE,79999.102,17.3069725,28.296613,2107.339,2280.644,0.048,82044.679,79999.02,935.279,0.37437,0.0101621,1214.266,0
314.68,SV51_GUIDANCE,79999.13,17.3500347,28.3027279,2107.338,2280.636,0.049,82035.922,79999.045,935.197,0.37433,0.0101113,1214.028,0
315.26,SV51_GUIDANCE,79999.158,17.393055,28.3088042,2107.338,2280.629,0.049,82027.232,79999.071,935.129,0.3743,0.0100618,1213.682,0
315.84,SV51_GUIDANCE,79999.186,17.4360313,28.3148429,2107.337,2280.622,0.05,82018.592,79999.098,935.075,0.37426,0.0100136,1213.328,0
316.42,SV51_GUIDANCE,79999.214,17.4789619,28.3208448,2107.337,2280.614,0.05,82009.971,79999.126,935.037,0.37422,0.0099668,1213.104,0
317,SV51_GUIDANCE,79999.242,17.5218487,28.3268106,2107.336,2280.607,0.05,82001.421,79999.155,935.015,0.37419,0.0099213,1212.752,0
317.58,SV51_GUIDANCE,79999.271,17.5646915,28.3327413,2107.335,2280.6,0.05,81992.964,79999.184,935.008,0.37415,0.009877,1212.403,0
318.16,SV51_GUIDANCE,79999.299,17.6074905,28.3386377,2107.335,2280.593,0.049,81984.609,79999.214,935.016,0.37411,0.009834,1212.181,0
318.74,SV51_GUIDANCE,79999.326,17.6502419,28.3445005,2107.334,2280.586,0.049,81976.369,79999.244,935.04,0.37408,0.0097922,1211.834,0
319.32,SV51_GUIDANCE,79999.354,17.6929493,28.3503306,2107.334,2280.579,0.048,81968.255,79999.275,935.077,0.37404,0.0097517,1211.489,0
319.9,SV51_GUIDANCE,79999.381,17.735611,28.3561287,2107.333,2280.573,0.047,81960.292,79999.305,935.123,0.374,0.0097123,1211.271,0
320.48,SV51_GUIDANCE,79999.408,17.7782269,28.3618955,2107.333,2280.566,0.046,81952.439,79999.336,935.178,0.37397,0.0096741,1210.928,0
321.06,SV51_GUIDANCE,79999.434,17.820797,28.3676318,2107.332,2280.559,0.045,81944.662,79999.366,935.24,0.37393,0.009637,1210.586,0
321.64,SV51_GUIDANCE,79999.46,17.8633213,28.3733383,2107.332,2280.553,0.044,81936.948,79999.395,935.306,0.3739,0.009601,1210.371,0
322.22,SV51_GUIDANCE,79999.485,17.905798,28.3790158,2107.332,2280.546,0.043,81929.28,79999.424,935.376,0.37386,0.0095662,1210.031,0
322.8,SV51_GUIDANCE,79999.51,17.9482288,28.3846647,2107.331,2280.54,0.042,81921.644,79999.453,935.449,0.37383,0.0095324,1209.694,0
323.38,SV51_GUIDANCE,79999.534,17.9906139,28.390286,2107.331,2280.534,0.041,81914.011,79999.481,935.527,0.37379,0.0094997,1209.48,0
323.96,SV51_GUIDANCE,79999.558,18.0329494,28.3958801,2107.33,2280.527,0.04,81906.417,79999.509,935.61,0.37376,0.0094681,1209.145,0
324.54,SV51_GUIDANCE,79999.572,18.0752392,28.4014478,2107.33,2280.521,0.039,81898.894,79999.528,935.697,0.37372,0.0094375,1208.811,0
325.12,SV51_GUIDANCE,79999.594,18.1174812,28.4069897,2107.329,2280.515,0.038,81891.445,79999.554,935.79,0.37369,0.0094078,1208.599,0
325.7,SV51_GUIDANCE,79999.616,18.1596756,28.4125065,2107.329,2280.508,0.036,81884.084,79999.579,935.887,0.37365,0.0093792,1208.267,0
326.28,SV51_GUIDANCE,79999.636,18.2018223,28.4179986,2107.328,2280.502,0.035,81876.822,79999.604,935.986,0.37362,0.0093516,1207.945,0
326.86,SV51_GUIDANCE,79999.656,18.2439194,28.4234668,2107.328,2280.496,0.034,81869.683,79999.628,936.087,0.37358,0.0093248,1207.725,0
327.44,SV51_GUIDANCE,79999.676,18.2859707,28.4289116,2107.328,2280.49,0.033,81862.633,79999.651,936.188,0.37355,0.0092991,1207.396,0
328.02,SV51_GUIDANCE,79999.694,18.3279705,28.4343335,2107.328,2280.484,0.031,81855.64,79999.673,936.289,0.37351,0.0092742,1207.078,0
328.58,SV51_GUIDANCE,79999.712,18.3699245,28.4397332,2107.327,2280.479,0.03,81848.692,79999.693,936.388,0.37348,0.0092503,1206.859,0
329.18,SV51_GUIDANCE,79999.722,18.4118271,28.4451112,2107.327,2280.473,0.029,81841.777,79999.707,936.484,0.37345,0.0092272,1206.532,0
329.76,SV51_GUIDANCE,79999.738,18.4536819,28.4504679,2107.327,2280.467,0.028,81834.877,79999.726,936.576,0.37341,0.009205,1206.217,0
330.34,SV51_GUIDANCE,79999.754,18.4954872,28.455804,2107.326,2280.461,0.027,81827.972,79999.745,936.663,0.37338,0.0091836,1206,0
330.92,SV51_GUIDANCE,79999.77,18.5372429,28.4611199,2107.326,2280.455,0.026,81821.078,79999.762,936.749,0.37334,0.0091631,1205.675,0
331.5,SV51_GUIDANCE,79999.784,18.578949,28.466416,2107.325,2280.45,0.025,81814.231,79999.779,936.834,0.37331,0.0091434,1205.361,0
332.08,SV51_GUIDANCE,79999.798,18.6206036,28.471693,2107.325,2280.444,0.024,81807.443,79999.796,936.92,0.37328,0.0091244,1205.146,0
332.66,SV51_GUIDANCE,79999.812,18.6622105,28.4769512,2107.325,2280.438,0.023,81800.724,79999.811,937.007,0.37324,0.0091063,1204.823,0
333.24,SV51_GUIDANCE,79999.824,18.7037659,28.4821911,2107.324,2280.433,0.022,81794.088,79999.826,937.096,0.37321,0.0090889,1204.511,0
333.82,SV51_GUIDANCE,79999.837,18.7452698,28.4874132,2107.324,2280.427,0.021,81787.555,79999.841,937.189,0.37317,0.0090723,1204.297,0
334.4,SV51_GUIDANCE,79999.848,18.7867241,28.4926179,2107.324,2280.422,0.019,81781.102,79999.854,937.281,0.37314,0.0090564,1203.976,0
334.98,SV51_GUIDANCE,79999.859,18.8281269,28.4978056,2107.324,2280.416,0.018,81774.692,79999.867,937.371,0.37311,0.0090413,1203.666,0
335.56,SV51_GUIDANCE,79999.87,18.8694801,28.5029768,2107.323,2280.411,0.017,81768.312,79999.879,937.459,0.37307,0.0090268,1203.452,0
336.14,SV51_GUIDANCE,79999.872,18.91078,28.5081319,2107.323,2280.406,0.016,81761.954,79999.883,937.542,0.37304,0.009013,1203.133,0
336.72,SV51_GUIDANCE,79999.882,18.9520283,28.5132713,2107.323,2280.4,0.016,81755.596,79999.893,937.621,0.37301,0.009,1202.824,0
337.3,SV51_GUIDANCE,79999.891,18.993227,28.5183952,2107.323,2280.395,0.015,81749.22,79999.903,937.693,0.37297,0.0089875,1202.612,0
337.88,SV51_GUIDANCE,79999.899,19.0343723,28.5235043,2107.322,2280.39,0.014,81742.839,79999.913,937.758,0.37294,0.0089758,1202.294,0
338.46,SV51_GUIDANCE,79999.907,19.0754662,28.5285987,2107.322,2280.384,0.013,81736.49,79999.921,937.82,0.37291,0.0089646,1201.986,0
339.04,SV51_GUIDANCE,79999.915,19.1165066,28.5336789,2107.322,2280.379,0.013,81730.186,79999.93,937.879,0.37288,0.0089541,1201.774,0
339.62,SV51_GUIDANCE,79999.922,19.1574955,28.5387452,2107.321,2280.374,0.012,81723.934,79999.938,937.937,0.37284,0.0089442,1201.457,0
340.2,SV51_GUIDANCE,79999.929,19.1984329,28.5437979,2107.321,2280.369,0.011,81717.748,79999.945,937.994,0.37281,0.0089349,1201.15,0
340.78,SV51_GUIDANCE,79999.927,19.239315,28.5488375,2107.321,2280.364,0.011,81711.648,79999.944,938.052,0.37278,0.0089262,1200.939,0
341.36,SV51_GUIDANCE,79999.933,19.2801456,28.5538642,2107.321,2280.359,0.01,81705.626,79999.951,938.113,0.37274,0.008918,1200.633,0
341.94,SV51_GUIDANCE,79999.939,19.3209229,28.5588782,2107.32,2280.354,0.009,81699.639,79999.957,938.168,0.37271,0.0089104,1200.317,0
342.52,SV51_GUIDANCE,79999.944,19.3616467,28.5638801,2107.32,2280.349,0.009,81693.671,79999.962,938.219,0.37268,0.0089033,1200.107,0
343.1,SV51_GUIDANCE,79999.949,19.402317,28.5688699,2107.32,2280.344,0.008,81687.714,79999.968,938.263,0.37264,0.0088968,1199.801,0
343.68,SV51_GUIDANCE,79999.954,19.442934,28.5738481,2107.32,2280.339,0.008,81681.752,79999.973,938.303,0.37261,0.0088908,1199.486,0
344.26,SV51_GUIDANCE,79999.959,19.4834957,28.5788148,2107.32,2280.334,0.007,81675.766,79999.977,938.341,0.37258,0.0088853,1199.276,0
344.84,SV51_GUIDANCE,79999.963,19.5240059,28.5837704,2107.319,2280.329,0.007,81669.76,79999.982,938.377,0.37255,0.0088803,1198.971,0
345.42,SV51_GUIDANCE,79999.967,19.5644588,28.5887152,2107.319,2280.324,0.006,81663.771,79999.986,938.413,0.37251,0.0088758,1198.656,0
346,SV51_GUIDANCE,79999.97,19.6048584,28.5936493,2107.319,2280.319,0.006,81657.814,79999.99,938.45,0.37248,0.0088718,1198.446,0
346.58,SV51_GUIDANCE,79999.974,19.6452045,28.5985731,2107.318,2280.314,0.006,81651.899,79999.993,938.488,0.37245,0.0088682,1198.142,0
347.16,SV51_GUIDANCE,79999.977,19.6854954,28.6034868,2107.318,2280.309,0.005,81646.037,79999.997,938.528,0.37241,0.0088651,1197.827,0
347.74,SV51_GUIDANCE,79999.98,19.7257309,28.6083907,2107.318,2280.304,0.005,81640.243,80000,938.568,0.37238,0.0088625,1197.618,0
348.32,SV51_GUIDANCE,79999.982,19.7659111,28.6132849,2107.318,2280.299,0.004,81634.528,80000.002,938.605,0.37235,0.0088602,1197.313,0
348.9,SV51_GUIDANCE,79999.985,19.806036,28.6181698,2107.318,2280.294,0.004,81628.844,80000.005,938.64,0.37232,0.0088584,1196.999,0
349.48,SV51_GUIDANCE,79999.987,19.8461056,28.6230455,2107.317,2280.29,0.004,81623.175,80000.007,938.671,0.37228,0.008857,1196.79,0
350.06,SV51_GUIDANCE,79999.989,19.8861179,28.6279122,2107.317,2280.285,0.003,81617.509,80000.009,938.698,0.37225,0.008856,1196.485,0
350.64,SV51_GUIDANCE,79999.991,19.9260769,28.6327701,2107.317,2280.28,0.003,81611.834,80000.011,938.718,0.37222,0.0088555,1196.171,0
351.22,SV51_GUIDANCE,79999.993,19.9659786,28.6376195,2107.317,2280.275,0.003,81606.135,80000.013,938.735,0.37219,0.0088553,1195.867,0
351.8,SV51_GUIDANCE,79999.995,20.005825,28.6424605,2107.317,2280.271,0.003,81600.396,80000.014,938.75,0.37215,0.0088554,1195.657,0
352.38,SV51_GUIDANCE,79999.996,20.0456142,28.6472933,2107.316,2280.266,0.002,81594.663,80000.016,938.765,0.37212,0.008856,1195.343,0
352.96,SV51_GUIDANCE,79999.998,20.0853462,28.6521182,2107.316,2280.261,0.002,81588.952,80000.017,938.779,0.37209,0.0088569,1195.039,0
353.54,SV51_GUIDANCE,79999.999,20.1250229,28.6569352,2107.316,2280.256,0.002,81583.272,80000.018,938.793,0.37205,0.0088581,1194.829,0
354.12,SV51_GUIDANCE,80000,20.1646423,28.6617445,2107.316,2280.251,0.002,81577.636,80000.019,938.81,0.37202,0.0088597,1194.515,0
354.7,SV51_GUIDANCE,80000.001,20.2042046,28.6665464,2107.315,2280.247,0.002,81572.054,80000.02,938.83,0.37199,0.0088617,1194.21,0
355.28,SV51_GUIDANCE,80000.002,20.2437096,28.6713409,2107.315,2280.242,0.001,81566.551,80000.021,938.849,0.37196,0.0088639,1194,0
355.86,SV51_GUIDANCE,80000.003,20.2831554,28.6761283,2107.315,2280.238,0.001,81561.084,80000.022,938.868,0.37192,0.0088665,1193.685,0
356.44,SV51_GUIDANCE,80000.003,20.322546,28.6809087,2107.315,2280.233,0.001,81555.625,80000.023,938.884,0.37189,0.0088694,1193.381,0
357.02,SV51_GUIDANCE,80000.004,20.3618774,28.6856821,2107.315,2280.229,0.001,81550.166,80000.023,938.898,0.37186,0.0088726,1193.17,0
357.6,SV51_GUIDANCE,80000.005,20.4011517,28.6904489,2107.315,2280.224,0.001,81544.694,80000.023,938.909,0.37182,0.0088761,1192.856,0
358.18,SV51_GUIDANCE,80000.005,20.4403687,28.695209,2107.314,2280.219,0.001,81539.192,80000.024,938.916,0.37179,0.0088798,1192.55,0
358.76,SV51_GUIDANCE,80000.006,20.4795265,28.6999627,2107.314,2280.215,0,81533.644,80000.024,938.917,0.37176,0.0088839,1192.34,0
359.34,SV51_GUIDANCE,80000.006,20.5186253,28.70471,2107.314,2280.21,0,81528.092,80000.024,938.916,0.37173,0.0088882,1192.024,0
359.92,SV51_GUIDANCE,80000.006,20.5576668,28.7094512,2107.314,2280.205,0,81522.556,80000.024,938.913,0.37169,0.0088928,1191.718,0
360.5,SV51_GUIDANCE,80000.006,20.5966492,28.7141862,2107.313,2280.201,0,81517.044,80000.025,938.911,0.37166,0.0088977,1191.507,0
361.08,SV51_GUIDANCE,80000.007,20.6355724,28.7189152,2107.313,2280.196,0,81511.567,80000.025,938.91,0.37163,0.0089028,1191.192,0
361.66,SV51_GUIDANCE,80000.007,20.6744366,28.7236383,2107.313,2280.192,0,81506.136,80000.025,938.911,0.37159,0.0089081,1190.885,0
362.24,SV51_GUIDANCE,80000.007,20.7132416,28.7283557,2107.313,2280.187,0,81500.773,80000.025,938.915,0.37156,0.0089137,1190.673,0
362.82,SV51_GUIDANCE,80000.007,20.7519875,28.7330674,2107.313,2280.183,0,81495.457,80000.025,938.923,0.37153,0.0089196,1190.357,0
363.4,SV51_GUIDANCE,80000.007,20.7906723,28.7377734,2107.312,2280.178,0,81490.15,80000.025,938.93,0.3715,0.0089256,1190.049,0
363.98,SV51_GUIDANCE,80000.007,20.8292999,28.742474,2107.312,2280.174,0,81484.842,80000.025,938.937,0.37146,0.0089319,1189.838,0
364.56,SV51_GUIDANCE,80000.007,20.8678665,28.7471692,2107.312,2280.169,0,81479.523,80000.025,938.942,0.37143,0.0089384,1189.521,0
365.14,SV51_GUIDANCE,80000.007,20.9063721,28.7518591,2107.312,2280.165,0,81474.178,80000.024,938.945,0.3714,0.0089451,1189.213,0
365.72,SV51_GUIDANCE,80000.007,20.9448185,28.7565437,2107.312,2280.161,0,81468.785,80000.024,938.945,0.37136,0.008952,1189,0
366.3,SV51_GUIDANCE,79999.999,20.9832039,28.7612232,2107.311,2280.156,0,81463.365,80000.016,938.941,0.37133,0.0089592,1188.692,0
366.88,SV51_GUIDANCE,79999.999,21.0215282,28.7658976,2107.311,2280.151,0,81457.943,80000.016,938.932,0.3713,0.0089665,1188.373,0
367.46,SV51_GUIDANCE,79999.999,21.0597935,28.7705671,2107.311,2280.147,0,81452.537,80000.016,938.917,0.37126,0.008974,1188.161,0
368.04,SV51_GUIDANCE,79999.999,21.0979958,28.7752316,2107.311,2280.142,0,81447.158,80000.016,938.898,0.37123,0.0089816,1187.851,0
368.62,SV51_GUIDANCE,79999.999,21.1361389,28.7798912,2107.31,2280.138,0,81441.817,80000.015,938.88,0.3712,0.0089895,1187.532,0
369.2,SV51_GUIDANCE,79999.999,21.174221,28.784546,2107.31,2280.134,0,81436.53,80000.015,938.862,0.37116,0.0089975,1187.318,0
369.78,SV51_GUIDANCE,79999.999,21.2122402,28.7891961,2107.31,2280.129,0,81431.31,80000.015,938.847,0.37113,0.0090057,1187.008,0
370.36,SV51_GUIDANCE,79999.999,21.2501984,28.7938415,2107.31,2280.125,0,81426.109,80000.016,938.835,0.3711,0.0090141,1186.688,0
370.94,SV51_GUIDANCE,79999.999,21.2880955,28.7984822,2107.31,2280.121,0,81420.91,80000.016,938.83,0.37106,0.0090226,1186.474,0
371.52,SV51_GUIDANCE,79999.999,21.3259296,28.8031182,2107.31,2280.116,0,81415.701,80000.016,938.829,0.37103,0.0090313,1186.163,0
372.1,SV51_GUIDANCE,79999.999,21.3637028,28.8077498,2107.309,2280.112,0,81410.471,80000.016,938.83,0.371,0.0090401,1185.841,0
372.68,SV51_GUIDANCE,79999.999,21.401413,28.8123768,2107.309,2280.107,0,81405.202,80000.016,938.831,0.37096,0.0090491,1185.626,0
373.26,SV51_GUIDANCE,79999.999,21.4390621,28.8169993,2107.309,2280.103,0,81399.879,80000.016,938.831,0.37093,0.0090582,1185.314,0
373.84,SV51_GUIDANCE,79999.999,21.4766464,28.8216174,2107.309,2280.099,0,81394.547,80000.016,938.829,0.3709,0.0090675,1184.992,0
374.42,SV51_GUIDANCE,80000,21.5141697,28.8262312,2107.308,2280.094,0,81389.224,80000.016,938.824,0.37086,0.0090769,1184.776,0
375,SV51_GUIDANCE,80000,21.55163,28.8308406,2107.308,2280.09,0,81383.92,80000.016,938.815,0.37083,0.0090864,1184.464,0
375.58,SV51_GUIDANCE,80000,21.5890274,28.8354457,2107.308,2280.085,0,81378.648,80000.016,938.802,0.3708,0.009096,1184.14,0
376.16,SV51_GUIDANCE,80000,21.6263618,28.8400465,2107.308,2280.081,0,81373.422,80000.016,938.789,0.37076,0.0091058,1183.923,0
376.74,SV51_GUIDANCE,80000,21.6636333,28.8446431,2107.307,2280.077,0,81368.266,80000.016,938.777,0.37073,0.0091157,1183.609,0
377.32,SV51_GUIDANCE,80000,21.70084,28.8492354,2107.307,2280.072,0,81363.139,80000.016,938.767,0.3707,0.0091257,1183.285,0
377.9,SV51_GUIDANCE,80000,21.7379837,28.8538236,2107.307,2280.068,0,81358.017,80000.016,938.759,0.37066,0.0091358,1183.068,0
378.48,SV51_GUIDANCE,80000,21.7750645,28.8584075,2107.307,2280.064,0,81352.886,80000.016,938.756,0.37063,0.009146,1182.752,0
379.06,SV51_GUIDANCE,80000,21.8120804,28.8629872,2107.307,2280.059,0,81347.735,80000.016,938.758,0.37059,0.0091564,1182.427,0
379.64,SV51_GUIDANCE,80000,21.8490334,28.8675628,2107.307,2280.055,0,81342.55,80000.016,938.762,0.37056,0.0091668,1182.209,0
380.22,SV51_GUIDANCE,80000,21.8859196,28.8721343,2107.306,2280.051,0,81337.306,80000.016,938.765,0.37053,0.0091773,1181.892,0
380.8,SV51_GUIDANCE,80000,21.9227428,28.8767016,2107.306,2280.046,0,81332.039,80000.016,938.768,0.37049,0.0091879,1181.565,0
381.38,SV51_GUIDANCE,80000.001,21.9595032,28.8812648,2107.306,2280.042,0,81326.774,80000.016,938.767,0.37046,0.0091987,1181.356,0
381.96,SV51_GUIDANCE,80000.001,21.9961967,28.8858239,2107.305,2280.037,0,81321.523,80000.016,938.763,0.37042,0.0092095,1181.029,0
382.54,SV51_GUIDANCE,80000.001,22.0328255,28.8903789,2107.305,2280.033,0,81316.296,80000.016,938.753,0.37039,0.0092204,1180.7,0
383.12,SV51_GUIDANCE,80000.001,22.0693893,28.8949299,2107.305,2280.029,0,81311.105,80000.016,938.741,0.37036,0.0092313,1180.491,0
383.7,SV51_GUIDANCE,80000.001,22.1058884,28.8994768,2107.305,2280.024,0,81305.967,80000.016,938.728,0.37032,0.0092424,1180.162,0
384.28,SV51_GUIDANCE,80000.001,22.1423225,28.9040196,2107.305,2280.02,0,81300.891,80000.016,938.717,0.37029,0.0092535,1179.832,0
384.86,SV51_GUIDANCE,80000.001,22.1786919,28.9085583,2107.304,2280.016,0,81295.83,80000.016,938.707,0.37025,0.0092647,1179.622,0
385.44,SV51_GUIDANCE,80000.001,22.2149925,28.9130929,2107.304,2280.012,0,81290.764,80000.016,938.7,0.37022,0.009276,1179.292,0
386.02,SV51_GUIDANCE,80000.001,22.2512302,28.9176235,2107.304,2280.008,0,81285.683,80000.016,938.698,0.37019,0.0092873,1178.961,0
386.6,SV51_GUIDANCE,80000.001,22.2874012,28.92215,2107.304,2280.003,0,81280.574,80000.016,938.701,0.37015,0.0092987,1178.75,0
387.18,SV51_GUIDANCE,80000.001,22.3235054,28.9266723,2107.304,2279.999,0,81275.418,80000.016,938.705,0.37012,0.0093102,1178.419,0
387.76,SV51_GUIDANCE,80000.001,22.3595428,28.9311906,2107.303,2279.995,0,81270.209,80000.016,938.71,0.37008,0.0093217,1178.086,0
388.34,SV51_GUIDANCE,80000.001,22.3955154,28.9357047,2107.303,2279.99,0,81264.992,80000.015,938.714,0.37005,0.0093333,1177.875,0
388.92,SV51_GUIDANCE,80000.001,22.4314213,28.9402148,2107.303,2279.986,0,81259.783,80000.015,938.715,0.37001,0.009345,1177.542,0
389.5,SV51_GUIDANCE,79999.993,22.4672604,28.9447207,2107.302,2279.982,0,81254.596,80000.007,938.714,0.36998,0.0093567,1177.208,0
390.08,SV51_GUIDANCE,79999.993,22.5030308,28.9492225,2107.302,2279.977,0,81249.436,80000.007,938.709,0.36994,0.0093685,1176.996,0
390.66,SV51_GUIDANCE,79999.993,22.5387363,28.9537203,2107.302,2279.973,0,81244.318,80000.007,938.696,0.36991,0.0093803,1176.661,0
391.24,SV51_GUIDANCE,79999.993,22.5743732,28.9582138,2107.302,2279.969,0,81239.267,80000.007,938.674,0.36987,0.0093921,1176.337,0
391.82,SV51_GUIDANCE,79999.994,22.6099434,28.9627033,2107.302,2279.965,0,81234.246,80000.007,938.649,0.36984,0.009404,1176.113,0
392.4,SV51_GUIDANCE,79999.994,22.6454449,28.9671885,2107.301,2279.96,0,81229.228,80000.007,938.623,0.36981,0.009416,1175.777,0
392.98,SV51_GUIDANCE,79999.994,22.6808796,28.9716695,2107.301,2279.956,0,81224.2,80000.007,938.6,0.36977,0.009428,1175.451,0
393.56,SV51_GUIDANCE,79999.994,22.7162476,28.9761463,2107.301,2279.952,0,81219.149,80000.007,938.581,0.36974,0.00944,1175.227,0
394.14,SV51_GUIDANCE,79999.986,22.7515469,28.9806188,2107.301,2279.948,0,81214.065,80000,938.569,0.3697,0.0094521,1174.89,0
394.72,SV51_GUIDANCE,79999.987,22.7867775,28.985087,2107.3,2279.943,0,81208.916,80000,938.566,0.36967,0.0094642,1174.562,0
395.3,SV51_GUIDANCE,79999.987,22.8219395,28.989551,2107.3,2279.939,0.001,81203.739,80000,938.556,0.36963,0.0094763,1174.337,0
395.88,SV51_GUIDANCE,79999.987,22.8570328,28.9940107,2107.3,2279.935,0.001,81198.564,80000,938.536,0.3696,0.0094885,1173.998,0
396.46,SV51_GUIDANCE,79999.988,22.8920593,28.998466,2107.3,2279.93,0.001,81193.404,80000.001,938.514,0.36956,0.0095007,1173.669,0
397.04,SV51_GUIDANCE,79999.988,22.9270153,29.002917,2107.299,2279.926,0.001,81188.271,80000.001,938.492,0.36953,0.0095129,1173.443,0
397.62,SV51_GUIDANCE,79999.989,22.9619045,29.0073636,2107.299,2279.922,0.001,81183.18,80000.002,938.472,0.36949,0.0095252,1173.103,0
398.2,SV51_GUIDANCE,79999.989,22.9967232,29.0118058,2107.299,2279.918,0.001,81178.154,80000.002,938.456,0.36945,0.0095374,1172.773,0
398.78,SV51_GUIDANCE,79999.99,23.0314713,29.0162436,2107.299,2279.914,0.001,81173.174,80000.003,938.444,0.36942,0.0095497,1172.546,0
399.36,SV51_GUIDANCE,79999.99,23.0661526,29.0206769,2107.298,2279.909,0.001,81168.201,80000.003,938.438,0.36938,0.0095621,1172.204,0
399.94,SV51_GUIDANCE,79999.983,23.1007633,29.0251058,2107.298,2279.905,0.001,81163.224,79999.996,938.44,0.36935,0.0095745,1171.873,0
400.52,SV51_GUIDANCE,79999.981,23.1353035,29.0295301,2107.298,2279.901,0.001,81158.226,79999.992,938.447,0.36931,0.0095869,1171.645,0
401.1,SV51_GUIDANCE,79999.977,23.169775,29.0339499,2107.298,2279.897,0.001,81153.196,79999.989,938.442,0.36928,0.0095993,1171.302,0
401.68,SV51_GUIDANCE,79999.977,23.2041759,29.0383651,2107.298,2279.893,0.001,81148.11,79999.99,938.418,0.36924,0.0096117,1170.969,0
402.26,SV51_GUIDANCE,79999.978,23.2385063,29.0427758,2107.297,2279.888,0.001,81142.974,79999.99,938.387,0.36921,0.0096241,1170.74,0
402.84,SV51_GUIDANCE,79999.979,23.272768,29.0471817,2107.297,2279.884,0.001,81137.834,79999.991,938.355,0.36917,0.0096365,1170.396,0
403.42,SV51_GUIDANCE,79999.98,23.3069572,29.051583,2107.297,2279.88,0.001,81132.705,79999.991,938.325,0.36914,0.009649,1170.061,0
404,SV51_GUIDANCE,79999.981,23.3410778,29.0559796,2107.296,2279.875,0.002,81127.599,79999.992,938.3,0.3691,0.0096614,1169.831,0
404.58,SV51_GUIDANCE,79999.981,23.3751259,29.0603715,2107.296,2279.871,0.002,81122.531,79999.993,938.282,0.36906,0.0096739,1169.486,0
405.16,SV51_GUIDANCE,79999.982,23.4091053,29.0647586,2107.296,2279.867,0.002,81117.517,79999.994,938.276,0.36903,0.0096864,1169.15,0
405.74,SV51_GUIDANCE,79999.983,23.4430122,29.0691408,2107.296,2279.863,0.002,81112.57,79999.995,938.276,0.36899,0.0096989,1168.919,0
406.32,SV51_GUIDANCE,79999.984,23.4768486,29.0735183,2107.295,2279.859,0.002,81107.641,79999.996,938.28,0.36896,0.0097113,1168.582,0
406.9,SV51_GUIDANCE,79999.985,23.5106125,29.0778908,2107.295,2279.855,0.001,81102.71,79999.997,938.285,0.36892,0.0097238,1168.235,0
407.48,SV51_GUIDANCE,79999.986,23.5443058,29.0822584,2107.295,2279.85,0.001,81097.768,79999.998,938.289,0.36889,0.0097364,1168.003,0
408.06,SV51_GUIDANCE,79999.987,23.5779266,29.0866211,2107.295,2279.846,0.001,81092.799,79999.998,938.292,0.36885,0.0097489,1167.665,0
408.64,SV51_GUIDANCE,79999.988,23.6114769,29.0909787,2107.294,2279.842,0.001,81087.792,79999.999,938.291,0.36881,0.0097614,1167.316,0
409.22,SV51_GUIDANCE,79999.988,23.6449547,29.0953314,2107.294,2279.838,0.001,81082.72,80000,938.283,0.36878,0.0097739,1167.083,0
409.8,SV51_GUIDANCE,79999.989,23.67836,29.0996789,2107.294,2279.834,0.001,81077.626,80000.001,938.275,0.36874,0.0097864,1166.744,0
410.38,SV51_GUIDANCE,79999.99,23.7116928,29.1040214,2107.293,2279.829,0.001,81072.535,80000.001,938.268,0.3687,0.0097989,1166.393,0
410.96,SV51_GUIDANCE,79999.991,23.7449532,29.1083587,2107.293,2279.825,0.001,81067.459,80000.002,938.262,0.36867,0.0098115,1166.159,0
411.54,SV51_GUIDANCE,79999.992,23.778141,29.1126909,2107.293,2279.821,0.001,81062.41,80000.003,938.261,0.36863,0.009824,1165.818,0
412.12,SV51_GUIDANCE,79999.992,23.8112564,29.1170178,2107.293,2279.817,0.001,81057.403,80000.004,938.263,0.3686,0.0098365,1165.466,0
412.7,SV51_GUIDANCE,79999.993,23.8442993,29.1213394,2107.292,2279.813,0.001,81052.457,80000.004,938.274,0.36856,0.009849,1165.231,0
413.28,SV51_GUIDANCE,79999.994,23.8772697,29.1256558,2107.292,2279.808,0.001,81047.569,80000.005,938.29,0.36852,0.0098615,1164.89,0
413.86,SV51_GUIDANCE,79999.994,23.9101658,29.1299668,2107.292,2279.804,0.001,81042.694,80000.006,938.306,0.36849,0.009874,1164.536,0
414.44,SV51_GUIDANCE,79999.995,23.9429893,29.1342724,2107.292,2279.8,0.001,81037.811,80000.006,938.322,0.36845,0.0098865,1164.3,0
415.02,SV51_GUIDANCE,79999.995,23.9757404,29.1385726,2107.291,2279.796,0.001,81032.909,80000.006,938.336,0.36841,0.009899,1163.956,0
415.6,SV51_GUIDANCE,79999.996,24.0084152,29.1428673,2107.291,2279.792,0.001,81027.973,80000.007,938.346,0.36838,0.0099114,1163.602,0
416.18,SV51_GUIDANCE,79999.996,24.0410175,29.1471564,2107.291,2279.788,0.001,81022.976,80000.007,938.351,0.36834,0.0099239,1163.365,0
416.76,SV51_GUIDANCE,79999.997,24.0735474,29.1514401,2107.291,2279.784,0.001,81017.937,80000.007,938.348,0.3683,0.0099364,1163.02,0
417.34,SV51_GUIDANCE,79999.997,24.1060009,29.1557181,2107.29,2279.779,0.001,81012.893,80000.008,938.34,0.36827,0.0099488,1162.663,0
417.92,SV51_GUIDANCE,79999.992,24.138382,29.1599905,2107.29,2279.775,0.001,81007.866,80000.001,938.33,0.36823,0.0099613,1162.426,0
418.5,SV51_GUIDANCE,79999.99,24.1706867,29.1642572,2107.29,2279.771,0.001,81002.862,80000,938.321,0.36819,0.0099738,1162.079,0
419.08,SV51_GUIDANCE,79999.99,24.202919,29.1685182,2107.289,2279.767,0.001,80997.898,80000.001,938.314,0.36816,0.0099862,1161.722,0
419.66,SV51_GUIDANCE,79999.991,24.235075,29.1727734,2107.289,2279.763,0.001,80992.997,80000.001,938.307,0.36812,0.0099986,1161.483,0
420.24,SV51_GUIDANCE,79999.991,24.2671585,29.1770228,2107.289,2279.759,0.001,80988.155,80000.001,938.302,0.36808,0.0100109,1161.135,0
420.82,SV51_GUIDANCE,79999.991,24.2991657,29.1812663,2107.289,2279.755,0.001,80983.324,80000.002,938.297,0.36805,0.0100233,1160.775,0
421.4,SV51_GUIDANCE,79999.992,24.3310966,29.1855039,2107.288,2279.751,0.001,80978.488,80000.002,938.292,0.36801,0.0100356,1160.547,0
421.98,SV51_GUIDANCE,79999.989,24.3629532,29.1897356,2107.288,2279.747,0.001,80973.638,79999.998,938.288,0.36797,0.010048,1160.187,0
422.56,SV51_GUIDANCE,79999.985,24.3947353,29.1939612,2107.288,2279.743,0.001,80968.756,79999.995,938.287,0.36793,0.0100604,1159.826,0
423.14,SV51_GUIDANCE,79999.985,24.4264412,29.1981809,2107.288,2279.738,0.001,80963.821,79999.995,938.269,0.3679,0.0100727,1159.596,0
423.72,SV51_GUIDANCE,79999.986,24.4580708,29.2023944,2107.287,2279.734,0.001,80958.832,79999.995,938.235,0.36786,0.0100849,1159.235,0
424.3,SV51_GUIDANCE,79999.986,24.4896259,29.2066017,2107.287,2279.73,0.001,80953.838,79999.996,938.197,0.36782,0.0100972,1158.873,0
424.88,SV51_GUIDANCE,79999.987,24.5211029,29.2108029,2107.287,2279.726,0.001,80948.856,79999.996,938.161,0.36778,0.0101094,1158.642,0
425.46,SV51_GUIDANCE,79999.988,24.5525055,29.2149979,2107.286,2279.722,0.001,80943.897,79999.997,938.13,0.36775,0.0101217,1158.279,0
426.04,SV51_GUIDANCE,79999.988,24.5838318,29.2191865,2107.286,2279.718,0.001,80938.976,79999.998,938.107,0.36771,0.0101339,1157.916,0
426.62,SV51_GUIDANCE,79999.985,24.6150818,29.2233688,2107.286,2279.714,0.001,80934.107,79999.993,938.098,0.36767,0.010146,1157.684,0
427.2,SV51_GUIDANCE,79999.982,24.6462555,29.2275448,2107.285,2279.71,0.001,80929.316,79999.991,938.105,0.36763,0.0101583,1157.32,0
427.78,SV51_GUIDANCE,79999.983,24.677351,29.2317143,2107.285,2279.706,0.001,80924.551,79999.992,938.101,0.3676,0.0101704,1156.955,0
428.36,SV51_GUIDANCE,79999.984,24.7083702,29.2358774,2107.285,2279.702,0.001,80919.788,79999.993,938.08,0.36756,0.0101825,1156.722,0
428.94,SV51_GUIDANCE,79999.984,24.7393131,29.240034,2107.285,2279.698,0.001,80915.013,79999.993,938.056,0.36752,0.0101946,1156.357,0
429.52,SV51_GUIDANCE,79999.985,24.7701778,29.2441839,2107.285,2279.694,0.002,80910.21,79999.994,938.033,0.36748,0.0102067,1155.99,0
430.1,SV51_GUIDANCE,79999.986,24.8009663,29.2483273,2107.284,2279.69,0.002,80905.361,79999.995,938.013,0.36745,0.0102187,1155.757,0
430.68,SV51_GUIDANCE,79999.987,24.8316765,29.2524639,2107.284,2279.685,0.002,80900.449,79999.996,937.999,0.36741,0.0102308,1155.39,0
431.26,SV51_GUIDANCE,79999.98,24.8623085,29.2565939,2107.284,2279.681,0.002,80895.527,79999.989,937.994,0.36737,0.0102428,1155.033,0
431.84,SV51_GUIDANCE,79999.981,24.8928642,29.2607171,2107.283,2279.677,0.002,80890.609,79999.99,938.004,0.36733,0.0102549,1154.788,0
432.42,SV51_GUIDANCE,79999.982,24.9233418,29.2648335,2107.283,2279.673,0.001,80885.712,79999.991,938.002,0.3673,0.0102668,1154.42,0
433,SV51_GUIDANCE,79999.983,24.9537411,29.2689431,2107.282,2279.669,0.002,80880.849,79999.991,937.984,0.36726,0.0102787,1154.062,0
433.58,SV51_GUIDANCE,79999.984,24.9840622,29.2730457,2107.282,2279.665,0.002,80876.033,79999.992,937.963,0.36722,0.0102906,1153.815,0
434.16,SV51_GUIDANCE,79999.985,25.0143051,29.2771415,2107.282,2279.661,0.002,80871.291,79999.993,937.943,0.36718,0.0103025,1153.445,0
434.74,SV51_GUIDANCE,79999.986,25.0444698,29.2812302,2107.282,2279.657,0.002,80866.591,79999.994,937.926,0.36714,0.0103143,1153.085,0
435.32,SV51_GUIDANCE,79999.987,25.0745564,29.2853118,2107.282,2279.653,0.002,80861.897,79999.995,937.916,0.3671,0.0103261,1152.838,0
435.9,SV51_GUIDANCE,79999.988,25.1045628,29.2893864,2107.281,2279.649,0.002,80857.195,79999.996,937.915,0.36707,0.0103379,1152.467,0
436.48,SV51_GUIDANCE,79999.988,25.134491,29.2934538,2107.281,2279.645,0.002,80852.473,79999.997,937.927,0.36703,0.0103497,1152.106,0
437.06,SV51_GUIDANCE,79999.989,25.1643391,29.297514,2107.281,2279.641,0.002,80847.715,79999.998,937.946,0.36699,0.0103614,1151.858,0
437.64,SV51_GUIDANCE,79999.99,25.194109,29.3015669,2107.28,2279.637,0.001,80842.896,79999.999,937.968,0.36695,0.0103731,1151.485,0
438.22,SV51_GUIDANCE,79999.991,25.2238007,29.3056125,2107.28,2279.633,0.001,80838.042,80000,937.989,0.36691,0.0103848,1151.124,0
438.8,SV51_GUIDANCE,79999.992,25.2534122,29.3096508,2107.28,2279.629,0.001,80833.19,80000,938.007,0.36687,0.0103965,1150.874,0
439.38,SV51_GUIDANCE,79999.993,25.2829437,29.3136817,2107.279,2279.625,0.001,80828.356,80000.001,938.02,0.36684,0.0104081,1150.5,0
439.96,SV51_GUIDANCE,79999.993,25.3123951,29.3177052,2107.279,2279.621,0.001,80823.552,80000.002,938.024,0.3668,0.0104197,1150.137,0
440.54,SV51_GUIDANCE,79999.994,25.3417664,29.3217212,2107.279,2279.617,0.001,80818.792,80000.002,938.019,0.36676,0.0104313,1149.887,0
441.12,SV51_GUIDANCE,79999.995,25.3710594,29.3257297,2107.278,2279.613,0.001,80814.097,80000.003,938.013,0.36672,0.0104428,1149.511,0
441.7,SV51_GUIDANCE,79999.995,25.4002705,29.3297305,2107.278,2279.609,0.001,80809.47,80000.003,938.007,0.36668,0.0104544,1149.147,0
442.28,SV51_GUIDANCE,79999.996,25.4294014,29.3337238,2107.278,2279.605,0.001,80804.859,80000.004,938.003,0.36664,0.0104658,1148.896,0
442.86,SV51_GUIDANCE,79999.996,25.4584522,29.3377094,2107.278,2279.602,0.001,80800.245,80000.004,938.004,0.3666,0.0104773,1148.519,0
443.44,SV51_GUIDANCE,79999.989,25.4874229,29.3416872,2107.278,2279.598,0.001,80795.623,79999.997,938.012,0.36657,0.0104888,1148.153,0
444.02,SV51_GUIDANCE,79999.989,25.5163116,29.3456573,2107.277,2279.594,0.001,80790.971,79999.997,938.033,0.36653,0.0105002,1147.901,0
444.6,SV51_GUIDANCE,79999.99,25.5451202,29.3496195,2107.277,2279.59,0.001,80786.275,79999.998,938.033,0.36649,0.0105116,1147.522,0
445.18,SV51_GUIDANCE,79999.991,25.5738487,29.3535739,2107.277,2279.586,0.001,80781.513,79999.998,938.014,0.36645,0.0105229,1147.155,0
445.76,SV51_GUIDANCE,79999.991,25.6024952,29.3575204,2107.276,2279.582,0.001,80776.738,79999.999,937.99,0.36641,0.0105342,1146.903,0
446.34,SV51_GUIDANCE,79999.992,25.6310596,29.3614588,2107.276,2279.578,0.001,80771.973,79999.999,937.966,0.36637,0.0105454,1146.534,0
446.92,SV51_GUIDANCE,79999.992,25.659544,29.3653893,2107.275,2279.574,0.001,80767.234,80000,937.946,0.36633,0.0105566,1146.155,0
447.5,SV51_GUIDANCE,79999.993,25.6879463,29.3693116,2107.275,2279.57,0.001,80762.536,80000,937.932,0.36629,0.0105678,1145.901,0
448.08,SV51_GUIDANCE,79999.993,25.7162666,29.3732259,2107.275,2279.566,0.001,80757.895,80000.001,937.929,0.36625,0.010579,1145.531,0
448.66,SV51_GUIDANCE,79999.994,25.7445049,29.377132,2107.275,2279.562,0.001,80753.34,80000.001,937.94,0.36622,0.0105901,1145.15,0
449.24,SV51_GUIDANCE,79999.987,25.7726612,29.3810298,2107.274,2279.559,0.001,80748.823,79999.994,937.965,0.36618,0.0106013,1144.895,0
449.82,SV51_GUIDANCE,79999.987,25.8007355,29.3849195,2107.274,2279.555,0.001,80744.304,79999.994,937.968,0.36614,0.0106124,1144.525,0
450.4,SV51_GUIDANCE,79999.988,25.8287277,29.3888008,2107.274,2279.551,0.001,80739.771,79999.995,937.941,0.3661,0.0106234,1144.142,0
450.98,SV51_GUIDANCE,79999.989,25.856638,29.3926737,2107.274,2279.547,0.001,80735.209,79999.995,937.906,0.36606,0.0106343,1143.886,0
451.56,SV51_GUIDANCE,79999.989,25.8844643,29.3965383,2107.273,2279.543,0.001,80730.593,79999.996,937.872,0.36602,0.0106453,1143.514,0
452.14,SV51_GUIDANCE,79999.99,25.9122086,29.4003943,2107.273,2279.539,0.001,80725.924,79999.997,937.841,0.36598,0.0106562,1143.13,0
452.72,SV51_GUIDANCE,79999.99,25.9398689,29.4042418,2107.273,2279.536,0.001,80721.248,79999.997,937.819,0.36594,0.0106671,1142.874,0
453.3,SV51_GUIDANCE,79999.991,25.9674492,29.4080808,2107.272,2279.532,0.001,80716.589,79999.998,937.811,0.3659,0.0106779,1142.501,0
453.88,SV51_GUIDANCE,79999.992,25.9949436,29.4119111,2107.272,2279.528,0.001,80711.955,79999.999,937.822,0.36586,0.0106887,1142.116,0
454.46,SV51_GUIDANCE,79999.992,26.022356,29.4157328,2107.271,2279.524,0.001,80707.363,79999.999,937.84,0.36582,0.0106995,1141.859,0
455.04,SV51_GUIDANCE,79999.993,26.0496845,29.4195458,2107.271,2279.52,0.001,80702.825,80000,937.861,0.36578,0.0107103,1141.484,0
455.62,SV51_GUIDANCE,79999.988,26.0769291,29.42335,2107.271,2279.516,0.001,80698.372,79999.994,937.882,0.36574,0.010721,1141.098,0
456.2,SV51_GUIDANCE,79999.986,26.1040916,29.4271455,2107.271,2279.513,0.001,80693.951,79999.993,937.907,0.3657,0.0107318,1140.839,0
456.78,SV51_GUIDANCE,79999.987,26.1311684,29.4309322,2107.271,2279.509,0.001,80689.532,79999.994,937.894,0.36566,0.0107424,1140.464,0
457.36,SV51_GUIDANCE,79999.988,26.1581631,29.4347099,2107.27,2279.505,0.001,80685.104,79999.994,937.854,0.36562,0.010753,1140.076,0
457.94,SV51_GUIDANCE,79999.988,26.1850719,29.4384787,2107.27,2279.502,0.001,80680.651,79999.994,937.81,0.36558,0.0107635,1139.817,0
458.52,SV51_GUIDANCE,79999.989,26.2118969,29.4422385,2107.27,2279.498,0.001,80676.157,79999.995,937.767,0.36554,0.010774,1139.44,0
459.1,SV51_GUIDANCE,79999.99,26.2386379,29.4459893,2107.269,2279.494,0.001,80671.596,79999.996,937.732,0.3655,0.0107845,1139.05,0
459.68,SV51_GUIDANCE,79999.99,26.265295,29.4497309,2107.269,2279.49,0.001,80667.021,79999.996,937.71,0.36546,0.010795,1138.791,0
459.94,GUIDANCE_TIMEOUT,79999.991,26.277216,29.4514052,2107.269,2279.489,0.001,80665.131,79999.997,937.707,0.36545,0,1138.543,0
460.3,SV51_CUTOFF,79999.992,26.2936935,29.4516624,2107.267,2279.488,0.002,80664.643,79999.997,937.407,0.36545,0,1138.519,0
460.32,FINAL,79999.993,26.2946072,29.4516624,2107.266,2279.488,0.003,80664.605,79999.997,937.369,0.36545,0,1138.519,0