MET,phase,actuator,alt_m,inc_deg,plane_angle_err_deg,plane_dv_est_mps,plane_effectiveness_ratio,steer_err_deg,radial_vel_mps,tangential_vel_mps,circular_vel_mps,tangential_error_mps,tgo_s,natural_radial_accel,radial_req_accel,tangential_req_accel,radial_alloc_accel,tangential_alloc_accel,max_accel,command_accel,throttle,ap_m,pe_m,ap_error_m,pe_error_m,fine_latched,orbit_capture,plane_capture
204.26,INSERTION,THRUST,79471.868,32.8947718,2.9350718,63.48823,0.99219,-4.52607,78.38424,1229.67944,2279.82764,1050.1482,25.37354,-5.42412,-0.57588,367.69373,-0.57588,35.17777,35.18248,35.1824802,1,80032.285,-484355.697,-32.285,564355.697,False,False,False
204.42,INSERTION,THRUST,79482.769,32.8948344,2.9351365,63.74371,0.99216,-4.29393,77.96141,1234.56182,2279.80929,1045.24747,25.2341,-5.4062,-0.5938,365.97826,-0.5938,35.23279,35.23779,35.2377906,1,80038.984,-483273.411,-38.984,563273.411,False,False,False
204.56,INSERTION,THRUST,79493.616,32.8949839,2.935291,64.00156,0.99213,-3.89135,77.54075,1239.45198,2279.79104,1040.33906,25.09466,-5.38819,-0.61181,364.26011,-0.61181,35.28797,35.29327,35.2932715,1,80045.672,-482182.112,-45.672,562182.112,False,False,False
204.72,INSERTION,THRUST,79505.927,32.8953181,2.9356365,64.30064,0.99209,-3.30533,77.00222,1245.05403,2279.77031,1034.71628,24.93523,-5.36747,-0.63253,362.29179,-0.63253,35.35124,35.35689,35.3568947,1,80052.432,-480922.896,-52.432,560922.896,False,False,False
204.86,INSERTION,THRUST,79516.619,32.8957778,2.9361116,64.56677,0.99206,-2.80085,76.4651,1249.96765,2279.7523,1029.78465,24.79566,-5.34922,-0.65078,360.56528,-0.65078,35.40678,35.41276,35.4127553,1,80057.348,-479810.412,-57.348,559810.412,False,False,False
205,INSERTION,THRUST,79527.227,32.8963971,2.9367518,64.83711,0.99204,-2.34602,75.8712,1254.89133,2279.73442,1024.84309,24.65604,-5.33087,-0.66913,358.8352,-0.66913,35.46248,35.46879,35.4687889,1,80061.4,-478688.091,-61.4,558688.091,False,False,False
205.14,INSERTION,THRUST,79537.747,32.8971708,2.9375516,65.11154,0.99201,-1.96683,75.23151,1259.82416,2279.71669,1019.89253,24.51641,-5.31241,-0.68759,357.10186,-0.68759,35.51835,35.525,35.525004,1,80064.747,-477556.052,-64.747,557556.052,False,False,False
205.3,INSERTION,THRUST,79549.654,32.8982288,2.9386453,65.42986,0.99198,-1.61877,74.4585,1265.47216,2279.69661,1014.22445,24.35681,-5.29119,-0.70881,355.11722,-0.70881,35.58241,35.58947,35.5894661,1,80067.914,-476250.451,-67.914,556250.451,False,False,False
205.44,INSERTION,THRUST,79559.968,32.8992905,2.9397429,65.71215,0.99195,-1.39293,73.755,1270.42299,2279.67922,1009.25623,24.21716,-5.27252,-0.72748,353.37756,-0.72748,35.63864,35.64606,35.6460609,1,80070.246,-475097.669,-70.246,555097.669,False,False,False
205.58,INSERTION,THRUST,79570.181,32.9004587,2.9409508,65.9975,0.99192,-1.21077,73.03273,1275.38191,2279.66199,1004.28008,24.07751,-5.25375,-0.74625,351.63509,-0.74625,35.69504,35.70284,35.7028397,1,80072.264,-473935.141,-72.264,553935.141,False,False,False
205.72,INSERTION,THRUST,79580.292,32.9017158,2.9422506,66.28555,0.9919,-1.06665,72.29575,1280.34887,2279.64493,999.29606,23.93786,-5.23488,-0.76512,349.88983,-0.76512,35.75161,35.7598,35.7597958,1,80074.027,-472762.791,-74.027,552762.791,False,False,False
205.88,INSERTION,THRUST,79591.718,32.9032404,2.9438269,66.61758,0.99187,-0.93199,71.43898,1286.03521,2279.62565,993.59044,23.77826,-5.21318,-0.78682,347.89184,-0.78682,35.81647,35.82511,35.8251137,1,80075.78,-471410.825,-75.78,551410.825,False,False,False
206.02,INSERTION,THRUST,79601.603,32.9046357,2.9452697,66.91026,0.99184,-0.84857,70.67881,1291.01935,2279.60897,988.58962,23.63862,-5.1941,-0.8059,346.14063,-0.8059,35.87341,35.88246,35.8824648,1,80077.117,-470217.129,-77.117,550217.129,False,False,False
206.16,INSERTION,THRUST,79611.38,32.9060718,2.9467549,67.20459,0.99182,-0.77721,69.9106,1296.01153,2279.59247,983.58094,23.49898,-5.17491,-0.82509,344.38665,-0.82509,35.93052,35.94,35.939996,1,80078.296,-469013.322,-78.296,549013.322,False,False,False
206.3,INSERTION,THRUST,79621.049,32.9075373,2.9482704,67.5003,0.99179,-0.71981,69.13568,1301.01176,2279.57615,978.56439,23.35934,-5.15561,-0.84439,342.62989,-0.84439,35.98781,35.99772,35.9977158,1,80079.336,-467799.301,-79.336,547799.301,False,False,False
206.46,INSERTION,THRUST,79631.966,32.9092364,2.9500276,67.83971,0.99176,-0.66289,68.24325,1306.7362,2279.55772,972.82152,23.19976,-5.13344,-0.86656,340.61874,-0.86656,36.05349,36.06391,36.0639065,1,80080.375,-466399.212,-80.375,546399.212,False,False,False
206.6,INSERTION,THRUST,79641.4,32.9107373,2.95158,68.13779,0.99174,-0.63177,67.45745,1311.75379,2279.54179,967.78801,23.06013,-5.11393,-0.88607,338.856,-0.88607,36.11115,36.12202,36.1220214,1,80081.169,-465162.956,-81.169,545162.956,False,False,False
206.74,INSERTION,THRUST,79650.724,32.9122434,2.9531377,68.43672,0.99171,-0.60272,66.66794,1316.77952,2279.52605,962.74653,22.92051,-5.09432,-0.90568,337.09045,-0.90568,36.16899,36.18033,36.1803278,1,80081.867,-463916.156,-81.867,543916.156,False,False,False
206.88,INSERTION,THRUST,79659.936,32.9137503,2.9546964,68.7364,0.99168,-0.57917,65.87541,1321.81343,2279.5105,957.69707,22.78089,-5.0746,-0.9254,335.32209,-0.9254,36.227,36.23882,36.2388189,1,80082.48,-462658.702,-82.48,542658.702,False,False,False
207.04,INSERTION,THRUST,79670.329,32.9154696,2.9564749,69.07972,0.99165,-0.55325,64.96666,1327.57653,2279.49295,951.91642,22.62133,-5.05194,-0.94806,333.29765,-0.94806,36.29352,36.3059,36.3059,1,80083.086,-461208.422,-83.086,541208.422,False,False,False
207.18,INSERTION,THRUST,79679.303,32.9169708,2.9580278,69.38084,0.99163,-0.54254,64.16932,1332.62807,2279.47779,946.84972,22.48172,-5.032,-0.968,331.52322,-0.968,36.35192,36.3648,36.3648021,1,80083.541,-459927.76,-83.541,539927.76,False,False,False
207.32,INSERTION,THRUST,79688.165,32.9184658,2.9595745,69.68254,0.9916,-0.53019,63.37041,1337.68789,2279.46282,941.77494,22.34211,-5.01196,-0.98804,329.74595,-0.98804,36.41049,36.42389,36.4238916,1,80083.931,-458636.089,-83.931,538636.089,False,False,False
207.46,INSERTION,THRUST,79696.915,32.9199542,2.9611143,69.98483,0.99158,-0.52002,62.57024,1342.75602,2279.44804,936.69203,22.2025,-4.99181,-1.00819,327.96582,-1.00819,36.46924,36.48318,36.4831774,1,80084.261,-457333.292,-84.261,537333.292,False,False,False
207.62,INSERTION,THRUST,79706.778,32.9216472,2.962866,70.33101,0.99154,-0.50659,61.65448,1348.55838,2279.43138,930.873,22.04296,-4.96865,-1.03135,325.92788,-1.03135,36.53661,36.55117,36.5511672,1,80084.569,-455830.606,-84.569,535830.606,False,False,False
207.76,INSERTION,THRUST,79715.287,32.9231233,2.9643934,70.63458,0.99152,-0.50415,60.85223,1353.64442,2279.41701,925.77259,21.90336,-4.94827,-1.05173,324.14159,-1.05173,36.59575,36.61086,36.6108644,1,80084.78,-454503.569,-84.78,534503.569,False,False,False
207.9,INSERTION,THRUST,79723.684,32.9245932,2.9659143,70.93875,0.99149,-0.49899,60.04932,1358.73886,2279.40282,920.66396,21.76376,-4.92778,-1.07222,322.35242,-1.07222,36.65508,36.67076,36.6707609,1,80084.941,-453165.031,-84.941,533165.031,False,False,False
208.04,INSERTION,THRUST,79731.969,32.9260574,2.9674295,71.24352,0.99146,-0.49495,59.24592,1363.84173,2279.38882,915.54709,21.62417,-4.90719,-1.09281,320.56036,-1.09281,36.71459,36.73085,36.7308498,1,80085.054,-451814.868,-85.054,531814.868,False,False,False
208.2,INSERTION,THRUST,79741.299,32.9277249,2.9691551,71.5926,0.99143,-0.48749,58.32729,1369.68394,2279.37305,909.68911,21.46464,-4.88352,-1.11648,318.50872,-1.11648,36.78283,36.79977,36.7997666,1,80085.126,-450257.431,-85.126,530257.431,False,False,False
208.34,INSERTION,THRUST,79749.343,32.929181,2.9706621,71.89878,0.9914,-0.48915,57.52318,1374.80498,2279.35946,904.55448,21.32505,-4.86269,-1.13731,316.71041,-1.13731,36.84273,36.86028,36.8602834,1,80085.141,-448881.936,-85.141,528881.936,False,False,False
208.48,INSERTION,THRUST,79757.273,32.9306333,2.9721651,72.2056,0.99137,-0.48753,56.71887,1379.93454,2279.34606,899.41151,21.18547,-4.84176,-1.15824,314.90917,-1.15824,36.90282,36.921,36.9209954,1,80085.112,-447494.419,-85.112,527494.419,False,False,False
208.62,INSERTION,THRUST,79765.091,32.9320821,2.9736647,72.5131,0.99135,-0.48642,55.91447,1385.07266,2279.33284,894.26018,21.04589,-4.82071,-1.17929,313.10499,-1.17929,36.9631,36.98191,36.9819119,1,80085.042,-446094.748,-85.042,526094.748,False,False,False
208.78,INSERTION,THRUST,79773.889,32.9337351,2.9753757,72.86537,0.99131,-0.48179,54.99508,1390.9553,2279.31797,888.36267,20.88637,-4.79653,-1.20347,311.03946,-1.20347,37.03222,37.05177,37.051775,1,80084.913,-444480.073,-84.913,524480.073,False,False,False
208.92,INSERTION,THRUST,79781.465,32.9351809,2.9768723,73.17441,0.99129,-0.48541,54.19056,1396.11184,2279.30516,883.19332,20.7468,-4.77525,-1.22475,309.22896,-1.22475,37.09291,37.11312,37.11312,1,80084.756,-443053.912,-84.756,523053.912,False,False,False
209.06,INSERTION,THRUST,79788.929,32.9366248,2.9783671,73.48416,0.99126,-0.48532,53.38608,1401.27703,2279.29254,878.01551,20.60723,-4.75385,-1.24615,307.41548,-1.24615,37.15378,37.17467,37.1746726,1,80084.561,-441615.174,-84.561,521615.174,False,False,False
209.2,INSERTION,THRUST,79796.281,32.9380671,2.9798603,73.79463,0.99123,-0.4854,52.58167,1406.45088,2279.2801,872.82922,20.46766,-4.73235,-1.26765,305.59902,-1.26765,37.21484,37.23643,37.2364256,1,80084.328,-440163.722,-84.328,520163.722,False,False,False
209.36,INSERTION,THRUST,79804.545,32.9397143,2.9815657,74.15035,0.99119,-0.48181,51.66238,1412.37452,2279.26613,866.89161,20.30815,-4.70764,-1.29236,303.5194,-1.29236,37.28486,37.30725,37.3072545,1,80084.016,-438489.171,-84.016,518489.171,False,False,False
209.5,INSERTION,THRUST,79811.655,32.9411562,2.9830586,74.46244,0.99116,-0.4862,50.85802,1417.56705,2279.2541,861.68705,20.16859,-4.68589,-1.31411,301.69652,-1.31411,37.34634,37.36945,37.3694533,1,80083.703,-437009.998,-83.703,517009.998,False,False,False
209.64,INSERTION,THRUST,79818.652,32.9425972,2.9845506,74.77528,0.99113,-0.48679,50.05377,1422.76834,2279.24226,856.47392,20.02903,-4.66403,-1.33597,299.87063,-1.33597,37.40801,37.43186,37.4318557,1,80083.354,-435517.661,-83.354,515517.661,False,False,False
209.78,INSERTION,THRUST,79825.537,32.9440371,2.9860417,75.08886,0.9911,-0.48746,49.24965,1427.97843,2279.23061,851.25218,19.88948,-4.64206,-1.35794,298.04171,-1.35794,37.46987,37.49447,37.494471,1,80082.97,-434012.013,-82.97,514012.013,False,False,False
209.94,INSERTION,THRUST,79833.267,32.9456823,2.9877453,75.44817,0.99107,-0.48433,48.33081,1433.94362,2279.21753,845.27391,19.72999,-4.6168,-1.3832,295.94781,-1.3832,37.54081,37.56629,37.5662859,1,80082.489,-432274.782,-82.489,512274.782,False,False,False
210.08,INSERTION,THRUST,79839.911,32.9471227,2.989237,75.76343,0.99104,-0.48904,47.52691,1439.17264,2279.20628,840.03364,19.59044,-4.59458,-1.40542,294.11239,-1.40542,37.60309,37.62935,37.629348,1,80082.031,-430740.104,-82.031,510740.104,False,False,False
210.22,INSERTION,THRUST,79846.442,32.9485622,2.9907279,76.07943,0.99101,-0.48989,46.72314,1444.41055,2279.19523,834.78468,19.45089,-4.57225,-1.42775,292.27391,-1.42775,37.66558,37.69263,37.6926263,1,80081.539,-429191.637,-81.539,509191.637,False,False,False
210.36,INSERTION,THRUST,79852.861,32.9500007,2.9922178,76.3962,0.99098,-0.49077,45.91954,1449.65737,2279.18436,829.52699,19.31135,-4.5498,-1.4502,290.43236,-1.4502,37.72825,37.75611,37.7561135,1,80081.016,-427629.223,-81.016,507629.223,False,False,False
210.52,INSERTION,THRUST,79860.058,32.9516443,2.9939202,76.75916,0.99094,-0.48781,45.00132,1455.66469,2279.17217,823.50749,19.15187,-4.52399,-1.47601,288.32398,-1.47601,37.80013,37.82894,37.8289352,1,80080.378,-425826.326,-80.378,505826.326,False,False,False
210.66,INSERTION,THRUST,79866.236,32.9530834,2.9954109,77.07762,0.99091,-0.49272,44.19799,1460.9307,2279.16171,818.23101,19.01234,-4.50129,-1.49871,286.47583,-1.49871,37.86324,37.89289,37.8928872,1,80079.787,-424233.489,-79.787,504233.489,False,False,False
210.8,INSERTION,THRUST,79872.301,32.9545216,2.9969008,77.39684,0.99088,-0.49372,43.39482,1466.20572,2279.15144,812.94572,18.8728,-4.47847,-1.52153,284.62459,-1.52153,37.92654,37.95705,37.9570514,1,80079.164,-422626.196,-79.164,502626.196,False,False,False
210.94,INSERTION,THRUST,79878.253,32.955959,2.9983899,77.71684,0.99085,-0.49474,42.59184,1471.48977,2279.14135,807.65158,18.73327,-4.45553,-1.54447,282.77024,-1.54447,37.99006,38.02144,38.0214376,1,80078.513,-421004.28,-78.513,501004.28,False,False,False
211.1,INSERTION,THRUST,79884.918,32.9576012,3.0000913,78.0835,0.99081,-0.49182,41.67435,1477.5398,2279.13006,801.59026,18.57381,-4.42917,-1.57083,280.64716,-1.57083,38.06289,38.09529,38.0952874,1,80077.733,-419132.537,-77.733,499132.537,False,False,False
211.24,INSERTION,THRUST,79890.63,32.9590391,3.0015811,78.40521,0.99078,-0.4969,40.87168,1482.84331,2279.12038,796.27706,18.43429,-4.40597,-1.59403,278.78611,-1.59403,38.12683,38.16014,38.1601395,1,80077.02,-417478.71,-77.02,497478.71,False,False,False
211.38,INSERTION,THRUST,79896.229,32.9604761,3.0030701,78.7277,0.99075,-0.49794,40.06919,1488.15596,2279.11088,790.95493,18.29476,-4.38266,-1.61734,276.92193,-1.61734,38.19099,38.22522,38.2252172,1,80076.28,-415809.717,-76.28,495809.717,False,False,False
211.52,INSERTION,THRUST,79901.716,32.9619123,3.0045583,79.05097,0.99072,-0.49898,39.2669,1493.47776,2279.10158,785.62382,18.15524,-4.35922,-1.64078,275.05459,-1.64078,38.25534,38.29051,38.2905128,1,80075.513,-414125.379,-75.513,494125.379,False,False,False
211.68,INSERTION,THRUST,79907.849,32.9635532,3.0062587,79.42139,0.99068,-0.49606,38.35022,1499.57108,2279.09118,779.52009,17.9958,-4.33229,-1.66771,272.91662,-1.66771,38.32915,38.36541,38.3654125,1,80074.606,-412181.397,-74.606,492181.397,False,False,False
211.82,INSERTION,THRUST,79913.096,32.9649899,3.0077476,79.7464,0.99065,-0.50122,37.54826,1504.91262,2279.08228,774.16966,17.85629,-4.30859,-1.69141,271.04249,-1.69141,38.39395,38.43119,38.4311928,1,80073.784,-410463.562,-73.784,490463.562,False,False,False
211.96,INSERTION,THRUST,79918.23,32.9664258,3.0092358,80.0722,0.99061,-0.5023,36.74648,1510.26342,2279.07357,768.81015,17.71678,-4.28477,-1.71523,269.16518,-1.71523,38.45896,38.49719,38.4971946,1,80072.94,-408729.801,-72.94,488729.801,False,False,False
212.1,INSERTION,THRUST,79923.251,32.967861,3.0107234,80.39879,0.99058,-0.50338,35.94491,1515.6235,2279.06504,763.44154,17.57727,-4.26083,-1.73917,267.28467,-1.73917,38.52419,38.56343,38.5634279,1,80072.072,-406979.923,-72.072,486979.923,False,False,False
212.26,INSERTION,THRUST,79928.853,32.9695008,3.0124231,80.77303,0.99054,-0.50045,35.02906,1521.76072,2279.05553,757.29481,17.41784,-4.23331,-1.76669,265.13158,-1.76669,38.59899,38.6394,38.6394003,1,80071.054,-404960.079,-71.054,484960.079,False,False,False
212.4,INSERTION,THRUST,79933.634,32.9709367,3.0139115,81.10139,0.99051,-0.50566,34.22784,1527.14081,2279.04741,751.90661,17.27834,-4.2091,-1.7909,263.24419,-1.7909,38.66467,38.70612,38.7061198,1,80070.14,-403175.01,-70.14,483175.01,False,False,False
212.54,INSERTION,THRUST,79938.303,32.9723718,3.0153993,81.43055,0.99048,-0.50674,33.4268,1532.53028,2279.03948,746.5092,17.13884,-4.18477,-1.81523,261.35356,-1.81523,38.73056,38.77307,38.7730746,1,80069.206,-401373.203,-69.206,481373.203,False,False,False
212.68,INSERTION,THRUST,79942.86,32.9738063,3.0168865,81.76052,0.99044,-0.50782,32.62596,1537.92917,2279.03173,741.10256,16.99935,-4.16031,-1.83969,259.45969,-1.83969,38.79666,38.84026,38.8402569,1,80068.254,-399554.456,-68.254,479554.456,False,False,False
212.84,INSERTION,THRUST,79947.931,32.9754454,3.0185858,82.13864,0.9904,-0.50483,31.71096,1544.1109,2279.02311,734.91221,16.83993,-4.1322,-1.8678,257.29129,-1.8678,38.87248,38.91733,38.917325,1,80067.144,-397454.876,-67.144,477454.876,False,False,False
212.98,INSERTION,THRUST,79952.247,32.9768806,3.020074,82.47041,0.99037,-0.5101,30.91048,1549.53008,2279.01577,729.48569,16.70045,-4.10746,-1.89254,255.39043,-1.89254,38.93905,38.98501,38.9850131,1,80066.155,-395599.124,-66.155,475599.124,False,False,False
213.12,INSERTION,THRUST,79956.452,32.9783152,3.0215615,82.80299,0.99033,-0.51116,30.11018,1554.95878,2279.00862,724.04984,16.56097,-4.0826,-1.9174,253.4863,-1.9174,39.00583,39.05293,39.0529326,1,80065.15,-393725.766,-65.15,473725.766,False,False,False
213.26,INSERTION,THRUST,79960.545,32.9797489,3.0230483,83.13638,0.9903,-0.51223,29.3101,1560.39702,2279.00165,718.60463,16.42149,-4.05762,-1.94238,251.57888,-1.94238,39.07284,39.12109,39.1210937,1,80064.132,-391834.585,-64.132,471834.585,False,False,False
213.42,INSERTION,THRUST,79965.085,32.9813871,3.0247472,83.51843,0.99026,-0.50916,28.39596,1566.62389,2278.99392,712.37003,16.26208,-4.0289,-1.9711,249.39493,-1.9711,39.14969,39.19928,39.1992814,1,80062.952,-389651.124,-62.952,469651.124,False,False,False
213.56,INSERTION,THRUST,79968.937,32.9828216,3.0262349,83.85365,0.99022,-0.51449,27.59623,1572.08271,2278.98736,706.90465,16.12261,-4.00364,-1.99636,247.48043,-1.99636,39.21717,39.26795,39.2679502,1,80061.908,-387720.996,-61.908,467720.996,False,False,False
213.7,INSERTION,THRUST,79972.678,32.9842555,3.0277221,84.18969,0.99019,-0.51559,26.79669,1577.55118,2278.98098,701.42981,15.98314,-3.97824,-2.02176,245.5626,-2.02176,39.28487,39.33686,39.3368645,1,80060.853,-385772.333,-60.853,465772.333,False,False,False
213.84,INSERTION,THRUST,79976.306,32.9856888,3.0292088,84.52657,0.99015,-0.51668,25.99736,1583.02933,2278.97479,695.94546,15.84368,-3.95271,-1.99519,243.64144,-1.99519,39.35547,39.40602,39.4060166,1,80059.791,-383804.9,-59.791,463804.9,False,False,False
214,INSERTION,THRUST,79980.316,32.9873267,3.0309078,84.91261,0.99011,-0.46994,25.08399,1589.30197,2278.96795,689.66598,15.68429,-3.92338,-1.94529,241.44172,-1.94529,39.4374,39.48535,39.4853485,1,80058.567,-381533.118,-58.567,461533.118,False,False,False
214.14,INSERTION,THRUST,79983.705,32.9887611,3.0323958,85.25135,0.99008,-0.42535,24.28431,1594.80096,2278.96217,684.16121,15.54483,-3.89757,-1.89893,239.51338,-1.89893,39.50942,39.55503,39.5550287,1,80057.486,-379524.669,-57.486,459524.669,False,False,False
214.28,INSERTION,THRUST,79986.982,32.9901949,3.0338833,85.59093,0.99004,-0.40351,23.48435,1600.30971,2278.95657,678.64686,15.40538,-3.87163,-1.84996,237.58167,-1.84996,39.58174,39.62495,39.6249507,1,80056.398,-377496.696,-56.398,457496.696,False,False,False
214.42,INSERTION,THRUST,79990.148,32.9916282,3.0353704,85.93135,0.99,0.39934,22.68534,1605.82831,2278.95116,673.12284,15.26593,-3.84556,-1.79861,235.64657,-1.79861,39.65436,39.69512,39.6951249,1,80055.314,-375448.926,-55.314,455448.926,False,False,False
214.58,INSERTION,THRUST,79993.629,32.993266,3.0370698,86.32146,0.98996,0.40845,21.77548,1612.14751,2278.9452,666.7977,15.10655,-3.81559,-1.73745,233.43082,-1.73745,39.73766,39.77563,39.7756263,1,80054.092,-373084.012,-54.092,453084.012,False,False,False
214.72,INSERTION,THRUST,79996.557,32.9947005,3.0385583,86.66379,0.98992,0.42757,20.98401,1617.68761,2278.94019,661.25258,14.9671,-3.78923,-1.68213,231.48832,-1.68213,39.81081,39.84633,39.846331,1,80053.048,-370992.857,-53.048,450992.857,False,False,False
214.86,INSERTION,THRUST,79999.375,32.9961345,3.0400464,87.00699,0.98989,0.44808,20.19824,1623.2379,2278.93536,655.69746,14.82765,-3.76273,-1.62543,229.54233,-1.62543,39.88418,39.91729,39.9172923,1,80052.037,-368881,-52.037,448881,False,False,False
215,INSERTION,THRUST,80002.084,32.997568,3.041534,87.35107,0.98985,0.46932,19.41921,1628.79846,2278.93072,650.13226,14.68819,-3.73609,-1.56757,227.59281,-1.56757,39.95777,39.9885,39.988502,1,80051.064,-366748.15,-51.064,446748.15,False,False,False
215.16,INSERTION,THRUST,80005.048,32.9992062,3.0432343,87.74539,0.98981,0.4871,18.53831,1635.16604,2278.92563,643.75959,14.52881,-3.70547,-1.50026,225.36043,-1.50026,40.04211,40.0702,40.0702014,1,80050.002,-364284.525,-50.002,444284.525,False,False,False
215.3,INSERTION,THRUST,80007.528,33.0006411,3.0447235,88.09143,0.98977,0.51166,17.77665,1640.74884,2278.92138,638.17254,14.38935,-3.67853,-1.44054,223.40328,-1.44054,40.1161,40.14196,40.1419605,1,80049.121,-362105.699,-49.121,442105.699,False,False,False
215.44,INSERTION,THRUST,80009.903,33.0020755,3.0462124,88.43835,0.98973,0.52889,17.0241,1646.34209,2278.9173,632.5752,14.24988,-3.65146,-1.38017,221.44254,-1.38017,40.19028,40.21397,40.2139748,1,80048.287,-359904.95,-48.287,439904.95,False,False,False
215.58,INSERTION,THRUST,80012.174,33.0035095,3.0477011,88.78618,0.98969,0.54421,16.28113,1651.94586,2278.91339,626.96753,14.1104,-3.62424,-1.31925,219.47819,-1.31925,40.26464,40.28625,40.2862503,1,80047.5,-357681.978,-47.5,437681.978,False,False,False
215.74,INSERTION,THRUST,80014.644,33.0051485,3.0494025,89.18481,0.98965,0.5524,15.4444,1658.36311,2278.90914,620.54604,13.951,-3.59296,-1.2491,217.22878,-1.2491,40.34984,40.36917,40.3691697,1,80046.659,-355113.831,-46.659,435113.831,False,False,False
215.88,INSERTION,THRUST,80016.697,33.0065841,3.050893,89.53465,0.98961,0.5708,14.72362,1663.98956,2278.90561,614.91605,13.81151,-3.56543,-1.18739,215.25664,-1.18739,40.42457,40.442,40.4420047,1,80045.976,-352842.196,-45.976,432842.196,False,False,False
216.02,INSERTION,THRUST,80018.651,33.0080194,3.0523832,89.88539,0.98957,0.58052,14.01376,1669.62666,2278.90224,609.27558,13.67202,-3.53776,-1.12544,213.28086,-1.12544,40.49947,40.5151,40.5151029,1,80045.34,-350547.36,-45.34,430547.36,False,False,False
216.16,INSERTION,THRUST,80020.508,33.0094544,3.0538732,90.23704,0.98953,0.58866,13.3151,1675.27444,2278.89903,603.62459,13.53253,-3.50995,-1.06332,211.30141,-1.06332,40.57454,40.58847,40.5884659,1,80044.75,-348229.003,-44.75,428229.003,False,False,False
216.32,INSERTION,THRUST,80022.512,33.0110943,3.0555762,90.64007,0.98949,0.5888,12.53073,1681.74217,2278.89557,597.1534,13.37309,-3.47799,-0.99223,209.03468,-0.99223,40.66053,40.67264,40.6726353,1,80044.133,-345550.231,-44.133,425550.231,False,False,False
216.46,INSERTION,THRUST,80024.165,33.0125308,3.0570679,90.99376,0.98945,0.60149,11.85707,1687.41294,2278.89271,591.47976,13.23359,-3.44987,-0.93002,207.04734,-0.93002,40.73596,40.74657,40.7465704,1,80043.641,-343180.367,-43.641,423180.367,False,False,False
216.6,INSERTION,THRUST,80025.726,33.0139669,3.0585594,91.34837,0.98941,0.60563,11.19539,1693.0945,2278.89001,585.79551,13.09407,-3.4216,-0.86785,205.0563,-0.86785,40.81155,40.82077,40.8207748,1,80043.192,-340785.94,-43.192,420785.94,False,False,False
216.74,INSERTION,THRUST,80027.196,33.0154025,3.0600505,91.7039,0.98937,0.60873,10.54582,1698.78686,2278.88746,580.1006,12.95455,-3.39318,-0.80575,203.06155,-0.80575,40.88731,40.89525,40.89525,1,80042.784,-338366.61,-42.784,418366.61,False,False,False
216.9,INSERTION,THRUST,80028.767,33.0170432,3.0617547,92.11136,0.98932,0.60382,9.81852,1705.30567,2278.88473,573.57905,12.7951,-3.36052,-0.73496,200.77729,-0.73496,40.97411,40.9807,40.980698,1,80042.367,-335570.718,-42.367,415570.718,False,False,False
217.04,INSERTION,THRUST,80030.048,33.0184803,3.0632474,92.46895,0.98928,0.61251,9.19553,1711.02127,2278.8825,567.86123,12.65557,-3.33179,-0.67324,198.77457,-0.67324,41.05024,41.05576,41.0557583,1,80042.042,-333096.839,-42.042,413096.839,False,False,False
217.18,INSERTION,THRUST,80031.244,33.0199169,3.0647399,92.82747,0.98924,0.61322,8.58508,1716.74775,2278.88041,562.13266,12.51604,-3.3029,-0.61173,196.7681,-0.61173,41.12654,41.13109,41.1310942,1,80041.753,-330596.939,-41.753,410596.939,False,False,False
217.32,INSERTION,THRUST,80032.357,33.0213532,3.0662321,93.18692,0.9892,0.61327,7.98721,1722.48514,2278.87847,556.39333,12.3765,-3.27386,-0.55046,194.7579,-0.55046,41.20303,41.20671,41.2067071,1,80041.498,-328070.652,-41.498,408070.652,False,False,False
217.48,INSERTION,THRUST,80033.528,33.0229948,3.0679376,93.59889,0.98915,0.60559,7.31945,1729.05553,2278.87642,549.82089,12.21703,-3.2405,-0.48078,192.45592,-0.48078,41.29066,41.29346,41.2934629,1,80041.244,-325150.672,-41.244,405150.672,False,False,False
217.62,INSERTION,THRUST,80034.468,33.0244326,3.0694317,93.96043,0.98911,0.61155,6.74891,1734.81636,2278.87477,544.0584,12.07748,-3.21114,-0.42018,190.43766,-0.42018,41.36754,41.36967,41.3696744,1,80041.053,-322566.565,-41.053,402566.565,False,False,False
217.76,INSERTION,THRUST,80035.33,33.0258703,3.0709256,94.32292,0.98907,0.61008,6.19119,1740.58817,2278.87325,538.28508,11.93793,-3.18163,-0.35992,188.41562,-0.35992,41.4446,41.44617,41.4461678,1,80040.889,-319954.865,-40.889,399954.865,False,False,False
217.9,INSERTION,THRUST,80036.116,33.0273077,3.0724193,94.68636,0.98902,0.60822,5.64627,1746.37098,2278.87186,532.50088,11.79838,-3.15196,-0.30002,186.38981,-0.30002,41.52186,41.52294,41.5229446,1,80040.75,-317315.176,-40.75,397315.176,False,False,False
218.06,INSERTION,THRUST,80036.923,33.0289506,3.0741268,95.1029,0.98898,0.59918,5.03928,1752.9934,2278.87043,525.87703,11.63889,-3.11787,-0.23206,184.06995,-0.23206,41.61039,41.61104,41.6110385,1,80040.619,-314263.593,-40.619,394263.593,False,False,False
218.2,INSERTION,THRUST,80037.552,33.03039,3.0756229,95.46846,0.98893,0.60322,4.52203,1758.79985,2278.8693,520.06945,11.49934,-3.08787,-0.17305,182.036,-0.17305,41.68807,41.68843,41.6884279,1,80040.526,-311562.547,-40.526,391562.547,False,False,False
218.34,INSERTION,THRUST,80038.11,33.0318291,3.0771188,95.83498,0.98889,0.60048,4.01767,1764.61737,2278.8683,514.25093,11.35978,-3.05772,-0.11448,179.99825,-0.11448,41.76595,41.76611,41.7661057,1,80040.451,-308832.208,-40.451,388832.208,False,False,False
218.48,INSERTION,THRUST,80038.6,33.0332682,3.0786147,96.20247,0.98885,0.59746,3.52617,1770.44599,2278.86742,508.42143,11.22022,-3.02741,-0.05636,177.95668,-0.05636,41.84404,41.84407,41.8440735,1,80040.392,-306072.145,-40.392,386072.145,False,False,False
218.64,INSERTION,THRUST,80039.078,33.0349132,3.0803249,96.62365,0.9888,0.58785,2.98028,1777.12088,2278.86654,501.74566,11.06072,-2.99259,0.00947,175.61877,0.00947,41.93354,41.93354,41.9335368,1,80040.342,-302880.824,-40.342,382880.824,False,False,False
218.78,INSERTION,THRUST,80039.427,33.0363544,3.0818232,96.99329,0.98875,0.59045,2.51651,1782.97334,2278.8659,495.89255,10.92115,-2.96194,0.0665,173.56899,0.0665,42.01208,42.01213,42.0121316,1,80040.311,-300055.569,-40.311,380055.569,False,False,False
218.92,INSERTION,THRUST,80039.713,33.0377954,3.0833215,97.36391,0.98871,0.58696,2.06559,1788.83698,2278.86536,490.02838,10.78159,-2.93114,0.12303,171.51537,0.12303,42.09084,42.09102,42.0910215,1,80040.29,-297199.176,-40.29,377199.176,False,False,False
219.06,INSERTION,THRUST,80039.937,33.0392364,3.0848198,97.7355,0.98867,0.5833,1.6275,1794.7118,2278.86492,484.15312,10.64203,-2.90018,0.17903,169.45789,0.17903,42.16983,42.17021,42.1702083,1,80040.277,-294311.174,-40.277,374311.174,False,False,False
219.22,INSERTION,THRUST,80040.122,33.0408836,3.0865327,98.16139,0.98862,0.57369,1.14252,1801.43962,2278.86455,477.42493,10.48252,-2.86459,0.24235,167.10175,0.24235,42.26038,42.26107,42.2610731,1,80040.27,-290971.282,-40.27,370971.282,False,False,False
219.36,INSERTION,THRUST,80040.222,33.0423267,3.0880335,98.53516,0.98857,0.57514,0.73195,1807.33851,2278.86433,471.52582,10.34296,-2.83329,0.29712,165.03598,0.29712,42.33986,42.3409,42.3409016,1,80040.267,-288013.922,-40.267,368013.922,False,False,False
219.5,INSERTION,THRUST,80040.266,33.0437698,3.0895344,98.90992,0.98853,0.57116,0.33415,1813.24867,2278.8642,465.61553,10.20339,-2.80182,0.3513,162.96633,0.3513,42.41958,42.42103,42.4210322,1,80040.267,-285023.415,-40.267,365023.415,False,False,False
219.64,INSERTION,THRUST,80040.257,33.0452129,3.0910355,99.28568,0.98848,0.56709,-0.05095,1819.17012,2278.86416,459.69404,10.06383,-2.77019,0.40489,160.89278,0.40489,42.49954,42.50147,42.5014668,1,80040.267,-281999.249,-40.267,361999.249,False,False,False
219.8,INSERTION,THRUST,80040.182,33.0468627,3.0927516,99.71635,0.98843,0.5578,-0.47551,1825.95137,2278.86423,452.91286,9.90433,-2.73384,0.46536,158.51822,0.46536,42.59122,42.59377,42.5937663,1,80040.266,-278501.174,-40.266,358501.174,False,False,False
219.94,INSERTION,THRUST,80040.064,33.0483081,3.0942552,100.09432,0.98838,0.55834,-0.83336,1831.89713,2278.86438,446.96726,9.76477,-2.70186,0.51755,156.43629,0.51755,42.67172,42.67486,42.6748578,1,80040.262,-275403.109,-40.262,355403.109,False,False,False
220.08,INSERTION,THRUST,80039.897,33.0497536,3.095759,100.47329,0.98834,0.55428,-1.17861,1837.85427,2278.86462,441.01035,9.62521,-2.66972,0.56908,154.35044,0.56908,42.75247,42.75626,42.7562587,1,80040.253,-272269.707,-40.253,352269.707,False,False,False
220.22,INSERTION,THRUST,80039.684,33.0511991,3.0972631,100.85327,0.98829,0.55021,-1.51135,1843.82282,2278.86493,435.04211,9.48565,-2.63741,0.61996,152.26064,0.61996,42.83348,42.83797,42.8379707,1,80040.238,-269100.409,-40.238,349100.409,False,False,False
220.38,INSERTION,THRUST,80039.386,33.0528518,3.0989827,101.28879,0.98824,0.54167,-1.87635,1850.65803,2278.86538,428.20735,9.32615,-2.60028,0.67726,149.86747,0.67726,42.9264,42.93174,42.9317392,1,80040.211,-265433.668,-40.211,345433.668,False,False,False
220.52,INSERTION,THRUST,80039.08,33.0542999,3.1004896,101.67102,0.98819,0.54151,-2.18235,1856.65113,2278.86585,422.21472,9.1866,-2.56761,0.72663,147.76919,0.72663,43.00799,43.01412,43.0141239,1,80040.178,-262185.515,-40.178,342185.515,False,False,False
220.66,INSERTION,THRUST,80038.732,33.055748,3.1019966,102.05428,0.98814,0.53745,-2.47599,1862.65574,2278.8664,416.21065,9.04705,-2.53477,0.77529,145.66695,0.77529,43.08985,43.09683,43.0968255,1,80040.134,-258899.63,-40.134,338899.63,False,False,False
220.8,INSERTION,THRUST,80038.345,33.0571962,3.1035039,102.43855,0.9881,0.53339,-2.75735,1868.67189,2278.86701,410.19512,8.9075,-2.50177,0.82321,143.56071,0.82321,43.172,43.17985,43.1798457,1,80040.078,-255575.406,-40.078,335575.406,False,False,False
220.96,INSERTION,THRUST,80037.858,33.0588519,3.1052272,102.87899,0.98804,0.52566,-3.0639,1875.56165,2278.86778,403.30613,8.74801,-2.46384,0.87706,141.1487,0.87706,43.26623,43.27512,43.2751185,1,80039.999,-251728.541,-39.999,331728.541,False,False,False
221.1,INSERTION,THRUST,80037.393,33.0603026,3.1067373,103.26555,0.98799,0.52489,-3.31902,1881.60263,2278.86853,397.2659,8.60847,-2.43047,0.92331,139.03388,0.92331,43.349,43.35883,43.3588277,1,80039.914,-248320.037,-39.914,328320.037,False,False,False
221.24,INSERTION,THRUST,80036.894,33.0617535,3.1082476,103.65314,0.98795,0.52103,-3.56204,1887.65524,2278.86933,391.21409,8.46893,-2.39693,0.96877,136.91504,0.96877,43.43206,43.44286,43.4428613,1,80039.814,-244871.182,-39.814,324871.182,False,False,False
221.38,INSERTION,THRUST,80036.363,33.0632045,3.1097582,104.04177,0.9879,0.51724,-3.79307,1893.71953,2278.87019,385.15066,8.32939,-2.36322,1.01345,134.79217,1.01345,43.51542,43.52722,43.5272214,1,80039.697,-241381.306,-39.697,321381.306,False,False,False
221.54,INSERTION,THRUST,80035.719,33.0648636,3.1114857,104.48721,0.98784,0.51053,-4.04248,1900.66449,2278.87124,378.20675,8.16992,-2.32448,1.0635,132.36107,1.0635,43.61107,43.62403,43.6240349,1,80039.542,-237341.769,-39.542,317341.769,False,False,False
221.68,INSERTION,THRUST,80035.125,33.0663175,3.1129995,104.87817,0.98779,0.50928,-4.24795,1906.7539,2278.87221,372.1183,8.0304,-2.29039,1.10637,130.2295,1.10637,43.6951,43.7091,43.7091008,1,80039.387,-233761.668,-39.387,313761.668,False,False,False
221.82,INSERTION,THRUST,80034.503,33.0677716,3.1145137,105.27018,0.98774,0.50563,-4.44162,1912.85511,2278.87322,366.01812,7.89087,-2.25613,1.14837,128.09385,1.14837,43.77944,43.7945,43.794499,1,80039.213,-230138.341,-39.213,310138.341,False,False,False
221.96,INSERTION,THRUST,80033.857,33.0692259,3.1160283,105.66325,0.98769,0.50206,-4.6236,1918.96813,2278.87428,359.90615,7.75135,-2.2217,1.18949,125.95411,1.18949,43.86411,43.88023,43.8802316,1,80039.018,-226471.052,-39.018,306471.052,False,False,False
222.12,INSERTION,THRUST,80033.083,33.0708887,3.1177601,106.11379,0.98764,0.49632,-4.81733,1925.96897,2278.87554,352.90658,7.5919,-2.18212,1.23536,123.50366,1.23536,43.96127,43.97862,43.9786236,1,80038.771,-222225.068,-38.771,302225.068,False,False,False
222.26,INSERTION,THRUST,80032.385,33.0723461,3.1192781,106.50922,0.98759,0.49467,-4.97441,1932.10746,2278.8767,346.76924,7.45239,-2.14731,1.27535,121.3551,1.27535,44.04662,44.06508,44.0650793,1,80038.523,-218461.02,-38.523,298461.02,False,False,False
222.4,INSERTION,THRUST,80031.67,33.0738035,3.1207962,106.90573,0.98754,0.49181,-5.12004,1938.25788,2278.87788,340.62,7.31288,-2.11231,1.31352,119.20241,1.31352,44.13233,44.15188,44.1518755,1,80038.261,-214650.584,-38.261,294650.584,False,False,False
222.54,INSERTION,THRUST,80030.936,33.0752613,3.1223149,107.30331,0.98749,0.48856,-5.25431,1944.42028,2278.87909,334.45881,7.17337,-2.07714,1.35072,117.04556,1.35072,44.21839,44.23901,44.2390144,1,80037.977,-210792.95,-37.977,290792.95,False,False,False
222.7,INSERTION,THRUST,80030.076,33.0769284,3.1240517,107.75903,0.98743,0.48387,-5.39393,1951.47774,2278.88052,327.40277,7.01395,-2.03672,1.39197,114.57549,1.39197,44.31717,44.33902,44.3390239,1,80037.623,-206325.369,-37.623,286325.369,False,False,False
222.84,INSERTION,THRUST,80029.307,33.0783894,3.125574,108.15902,0.98738,0.48195,-5.50406,1957.66595,2278.88179,321.21584,6.87445,-2.00116,1.4269,112.4097,1.4269,44.40398,44.4269,44.4269038,1,80037.289,-202363.781,-37.289,282363.781,False,False,False
222.98,INSERTION,THRUST,80028.524,33.0798508,3.1270968,108.56011,0.98733,0.479,-5.60308,1963.86626,2278.88309,315.01683,6.73496,-1.96541,1.46073,110.23971,1.46073,44.49116,44.51513,44.5151327,1,80036.931,-198352.321,-36.931,278352.321,False,False,False
223.12,INSERTION,THRUST,80027.73,33.0813126,3.1286201,108.96229,0.98727,0.47623,-5.6911,1970.07872,2278.88441,308.80569,6.59548,-1.92948,1.49344,108.0655,1.49344,44.5787,44.60371,44.6037128,1,80036.548,-194290.094,-36.548,274290.094,False,False,False
223.28,INSERTION,THRUST,80026.808,33.0829842,3.1303622,109.4233,0.98721,0.47274,-5.77836,1977.19362,2278.88594,301.69233,6.43607,-1.8882,1.52938,105.57551,1.52938,44.67921,44.70538,44.7053798,1,80036.081,-189584.212,-36.081,269584.212,False,False,False
223.42,INSERTION,THRUST,80025.993,33.0844492,3.1318891,109.82793,0.98716,0.47083,-5.84313,1983.43226,2278.8873,295.45504,6.2966,-1.85187,1.55953,103.39222,1.55953,44.76756,44.79472,44.7947194,1,80035.646,-185410.087,-35.646,265410.087,False,False,False
223.56,INSERTION,THRUST,80025.169,33.0859146,3.1334166,110.23367,0.98711,0.46854,-5.89723,1989.6832,2278.88867,289.20547,6.15713,-1.81536,1.58843,101.20466,1.58843,44.8563,44.88442,44.8844168,1,80035.186,-181182.24,-35.186,261182.24,False,False,False
223.7,INSERTION,THRUST,80024.34,33.0873804,3.1349447,110.64054,0.98706,0.46649,-5.9408,1995.94648,2278.89006,282.94358,6.01767,-1.77867,1.61605,99.01282,1.61605,44.94543,44.97447,44.9744742,1,80034.702,-176899.679,-34.702,256899.679,False,False,False
223.86,INSERTION,THRUST,80023.387,33.0890568,3.1366923,111.10692,0.987,0.46434,-5.97781,2003.11967,2278.89165,275.77198,5.85829,-1.7365,1.64598,96.50259,1.64598,45.04778,45.07784,45.0778404,1,80034.119,-171937.028,-34.119,251937.028,False,False,False
224,INSERTION,THRUST,80022.55,33.0905259,3.1382241,111.51628,0.98694,0.46282,-5.99916,2009.40953,2278.89305,269.48352,5.71884,-1.69939,1.67067,94.3015,1.67067,45.13777,45.16868,45.1686763,1,80033.582,-167533.78,-33.582,247533.78,False,False,False
224.14,INSERTION,THRUST,80021.712,33.0919956,3.1397566,111.92677,0.98689,0.46145,-6.01033,2015.71188,2278.89445,263.18257,5.57939,-1.6621,1.69393,92.09608,1.69393,45.22817,45.25988,45.2598791,1,80033.022,-163072.543,-33.022,243072.543,False,False,False
224.28,INSERTION,THRUST,80020.873,33.0934658,3.1412897,112.33841,0.98683,0.4604,-6.01149,2022.02677,2278.89586,256.86909,5.43995,-1.62462,1.71571,89.88631,1.71571,45.31899,45.35145,45.351451,1,80032.438,-158552.218,-32.438,238552.218,False,False,False
224.44,INSERTION,THRUST,80019.916,33.0951473,3.1430433,112.81027,0.98677,0.45975,-6.0007,2029.25919,2278.89746,249.63827,5.28059,-1.58154,1.73871,87.35549,1.73871,45.42329,45.45656,45.4565593,1,80031.741,-153312.337,-31.741,233312.337,False,False,False
224.58,INSERTION,THRUST,80019.082,33.0966212,3.1445805,113.22446,0.98672,0.45913,-5.98083,2035.60111,2278.89886,243.29776,5.14116,-1.54364,1.7571,85.13631,1.7571,45.51503,45.54893,45.5489295,1,80031.107,-148661.569,-31.107,228661.569,False,False,False
224.72,INSERTION,THRUST,80018.253,33.0980956,3.1461184,113.63981,0.98666,0.45899,-5.95137,2041.95572,2278.90026,236.94454,5.00173,-1.50555,1.77381,82.91272,1.77381,45.60719,45.64168,45.641676,1,80030.45,-143948.075,-30.45,223948.075,False,False,False
224.86,INSERTION,THRUST,80017.428,33.0995706,3.1476571,114.05632,0.98661,0.45929,-5.91248,2048.32308,2278.90165,230.57857,4.86231,-1.46726,1.78878,80.68469,1.78878,45.69981,45.7348,45.7348009,1,80029.772,-139170.631,-29.772,219170.631,False,False,False
225.02,INSERTION,THRUST,80016.495,33.1012575,3.149417,114.53377,0.98654,0.46031,-5.8567,2055.61574,2278.90322,223.28748,4.70298,-1.42326,1.80364,78.13291,1.80364,45.8062,45.8417,45.8416957,1,80028.971,-133630.781,-28.971,213630.781,False,False,False
225.16,INSERTION,THRUST,80015.687,33.1027362,3.1509597,114.95288,0.98649,-0.46127,-5.79816,2062.01059,2278.90458,216.89399,4.56357,-1.38455,1.8146,75.89531,1.8146,45.89978,45.93564,45.9356395,1,80028.248,-128712.039,-28.248,208712.039,False,False,False
225.3,INSERTION,THRUST,80014.888,33.1042155,3.1525032,115.37317,0.98643,-0.46285,-5.73072,2068.41837,2278.90593,210.48756,4.42416,-1.34564,1.82355,73.65321,1.82355,45.99383,46.02997,46.029969,1,80027.505,-123725.292,-27.505,203725.292,False,False,False
225.44,INSERTION,THRUST,80014.101,33.1056954,3.1540476,115.79465,0.98637,-0.46503,-5.65455,2074.83913,2278.90726,204.06813,4.28476,-1.30653,1.83039,71.40659,1.83039,46.08835,46.12469,46.1246868,1,80026.744,-118669.177,-26.744,198669.177,False,False,False
225.6,INSERTION,THRUST,80013.215,33.1073881,3.155814,116.27782,0.98631,-0.46805,-5.55707,2082.1931,2278.90876,196.71566,4.12545,-1.26159,1.83549,68.83346,1.83549,46.19696,46.23341,46.2334141,1,80025.853,-112804.02,-25.853,192804.02,False,False,False
225.74,INSERTION,THRUST,80012.449,33.1088719,3.1573628,116.70195,0.98625,-0.47163,-5.46288,2088.64186,2278.91004,190.26818,3.98606,-1.22204,1.85221,66.57708,1.85221,46.29193,46.32897,46.3289719,1,80025.056,-107594.492,-25.056,187594.492,False,False,False
225.88,INSERTION,THRUST,80011.7,33.1103566,3.1589124,117.1273,0.98619,-0.47234,-5.3606,2095.1038,2278.91132,183.80752,3.84667,-1.1823,1.99622,64.31612,1.99622,46.38199,46.42493,46.4249255,1,80024.235,-102311.061,-24.235,182311.061,False,False,False
226.02,INSERTION,THRUST,80010.969,33.1118418,3.1604629,117.55386,0.98614,0.47348,-5.2507,2101.57896,2278.91256,177.3336,3.70729,-1.14235,2.12382,62.05053,2.12382,46.47277,46.52128,46.5212774,1,80023.409,-96952.194,-23.409,176952.194,False,False,False
226.18,INSERTION,THRUST,80010.154,33.1135407,3.1622364,118.04287,0.98607,0.51108,-5.11773,2108.9955,2278.91395,169.91845,3.548,-1.09643,2.25472,59.45558,2.25472,46.57734,46.63188,46.6318848,1,80022.459,-90733.333,-22.459,170733.333,False,False,False
226.32,INSERTION,THRUST,80009.459,33.1150299,3.1637913,118.47214,0.98601,0.56473,-4.99357,2115.49928,2278.91513,163.41584,3.40862,-1.05604,2.35438,57.18001,2.35438,46.66975,46.7291,46.7290985,1,80021.617,-85207.43,-21.617,165207.43,False,False,False
226.46,INSERTION,THRUST,80008.785,33.11652,3.1653473,118.90265,0.98595,0.6001,-4.85923,2122.01636,2278.91628,156.89992,3.26925,-1.01544,2.43676,54.89981,2.43676,46.76327,46.82672,46.8267185,1,80020.75,-79601.118,-20.75,159601.118,False,False,False
226.6,INSERTION,THRUST,80008.131,33.1180109,3.1669042,119.33438,0.98589,0.61575,-4.71185,2128.54665,2278.91739,150.37074,3.12989,-0.97463,2.49838,52.61501,2.49838,46.85819,46.92475,46.9247471,1,80019.846,-73912.799,-19.846,153912.799,False,False,False
226.76,INSERTION,THRUST,80007.412,33.1197163,3.1686852,119.82931,0.98583,0.60443,-4.52448,2136.02595,2278.91862,142.89267,2.97064,-0.92773,2.53946,49.99822,2.53946,46.96868,47.03728,47.0372837,1,80018.753,-67309.321,-18.753,147309.321,False,False,False
226.9,INSERTION,THRUST,80006.811,33.1212113,3.1702467,120.26376,0.98577,0.57876,-4.34242,2142.5844,2278.91966,136.33526,2.8313,-0.88647,2.54727,47.70366,2.54727,47.06732,47.1362,47.1361968,1,80017.738,-61439.612,-17.738,141439.612,False,False,False
227.04,INSERTION,THRUST,80006.238,33.1227072,3.1718092,120.69944,0.98571,0.53876,-4.14294,2149.15599,2278.92064,129.76466,2.69198,-0.845,2.5274,45.40454,2.5274,45.40454,47.23553,45.4748244,0.96272504,80016.668,-55482.447,-16.668,135482.447,False,False,False
227.18,INSERTION,THRUST,80005.694,33.1241879,3.173356,121.13179,0.98564,0.54641,-3.92999,2155.67057,2278.92158,123.25101,2.55421,-0.80377,2.4834,43.12539,2.4834,43.12539,47.33262,43.1968396,0.91262313,80015.557,-49500.814,-15.557,129500.814,False,False,False
227.34,INSERTION,THRUST,80005.109,33.1258056,3.1750461,121.6052,0.98557,0.56397,-3.68643,2162.78896,2278.92259,116.13363,2.40401,-0.75857,2.42116,40.63505,2.42116,40.63505,47.43853,40.7071133,0.85810234,80014.302,-42876.525,-14.302,122876.525,False,False,False
227.48,INSERTION,THRUST,80004.629,33.1271544,3.1764554,122.00055,0.98551,0.58572,-3.47607,2168.72005,2278.92343,110.20337,2.27914,-0.7208,2.35937,38.56009,2.35937,38.56009,47.52641,38.6322077,0.81285774,80013.228,-37285.442,-13.228,117285.442,False,False,False
227.62,INSERTION,THRUST,80004.177,33.1284233,3.1777814,122.37443,0.98545,0.59432,-3.27217,2174.31812,2278.92421,104.60609,2.16148,-0.68505,2.29522,36.60167,2.29522,36.60167,47.60977,36.6735642,0.770295,80012.192,-31947.49,-12.192,111947.49,False,False,False
227.76,INSERTION,THRUST,80003.753,33.1296187,3.1790306,122.7297,0.98538,0.59654,-3.07242,2179.63042,2278.92495,99.29453,2.05002,-0.65104,2.22639,34.74324,2.22639,34.74324,47.68902,34.8144988,0.73003173,80011.185,-26826.526,-11.185,106826.526,False,False,False
227.92,INSERTION,THRUST,80003.302,33.1308922,3.1803616,123.11359,0.98531,0.58413,-2.84874,2185.36621,2278.92573,93.55952,1.92987,-0.61423,2.14168,32.73668,2.14168,32.73668,47.77499,32.8066587,0.68669102,80010.072,-21235.677,-10.072,101235.677,False,False,False
228.06,INSERTION,THRUST,80002.937,33.1319335,3.1814499,123.4333,0.98524,0.57149,-2.65458,2190.14304,2278.92637,88.78334,1.82998,-0.5835,2.05965,31.06562,2.05965,31.06562,47.84628,31.1338205,0.65070508,80009.122,-16529.954,-9.122,96529.954,False,False,False
228.2,INSERTION,THRUST,80002.598,33.132893,3.1824529,123.73493,0.98517,0.54372,-2.46514,2194.65161,2278.92697,84.27536,1.73584,-0.55443,1.97397,29.48842,1.97397,29.48842,47.91389,29.5544148,0.61682359,80008.208,-12046.54,-8.208,92046.54,False,False,False
228.34,INSERTION,THRUST,80002.284,33.1337778,3.183378,124.02087,0.9851,0.50895,-2.27902,2198.92989,2278.92752,79.99762,1.64662,-0.52679,1.88321,27.9918,1.88321,27.9918,47.97814,28.0550755,0.58474707,80007.328,-7753.954,-7.328,87753.954,False,False,False
228.5,INSERTION,THRUST,80001.957,33.1347,3.1843421,124.32915,0.98502,0.46304,-2.07095,2203.54908,2278.92809,75.37902,1.55043,-0.49689,1.77404,26.37594,1.77404,26.37594,48.04781,26.4355383,0.55019239,80006.369,-3077.049,-6.369,83077.049,False,False,False
228.64,INSERTION,THRUST,80001.698,33.1354385,3.1851143,124.58539,0.98495,0.41851,-1.89154,2207.39569,2278.92855,71.53286,1.47043,-0.47194,1.67228,25.03036,1.67228,25.03036,48.10556,25.086162,0.52148154,80005.569,851.56,-5.569,79148.44,False,False,False
228.78,INSERTION,THRUST,80001.462,33.1361073,3.1858137,124.82684,0.98488,0.37899,-1.71796,2211.02625,2278.92897,67.90272,1.39502,-0.44835,1.56853,23.76036,1.56853,23.76036,48.16031,23.8120815,0.49443376,80004.82,4588.126,-4.82,75411.874,False,False,False
228.92,INSERTION,THRUST,80001.25,33.1367145,3.1864487,125.05553,0.98481,-0.35512,-1.54935,2214.47126,2278.92934,64.45808,1.32353,-0.42593,1.46204,22.55528,1.46204,22.55528,48.21232,22.6026188,0.46881414,80004.12,8159.692,-4.12,71840.308,False,False,False
229.08,INSERTION,THRUST,80001.035,33.1373382,3.187101,125.30197,0.98472,-0.35556,-1.36365,2218.19068,2278.92973,60.73905,1.24644,-0.40169,1.33818,21.25422,1.33818,21.25422,48.26871,21.2963042,0.44120307,80003.386,12044.44,-3.386,67955.56,False,False,False
229.22,INSERTION,THRUST,80000.87,33.1378315,3.187617,125.50678,0.98465,-0.40166,-1.20634,2221.28789,2278.93003,57.64214,1.18231,-0.38147,1.22711,20.17081,1.22711,20.17081,48.31544,20.208099,0.41825348,80002.801,15302.291,-2.801,64697.709,False,False,False
229.36,INSERTION,THRUST,80000.726,33.138274,3.1880799,125.69985,0.98457,-0.47562,-1.05679,2224.21119,2278.93029,54.7191,1.12184,-0.36236,1.11699,19.14823,1.11699,19.14823,48.35972,19.1807806,0.39662724,80002.279,18396.534,-2.279,61603.466,False,False,False
229.5,INSERTION,THRUST,80000.601,33.1386727,3.1884969,125.88285,0.9845,-0.57113,-0.91432,2226.98511,2278.93052,51.94541,1.06451,-0.34421,1.00738,18.1779,1.00738,18.1779,48.40178,18.2057899,0.37613886,80001.816,21350.176,-1.816,58649.824,False,False,False
229.66,INSERTION,THRUST,80000.48,33.1390794,3.1889225,126.08025,0.98441,-0.67268,-0.76099,2229.98009,2278.93074,48.95065,1.00267,-0.32458,0.88402,17.13023,0.88402,17.13023,48.44736,17.153026,0.3540549,80001.362,24558.499,-1.362,55441.501,False,False,False
229.8,INSERTION,THRUST,80000.393,33.1393996,3.1892575,126.24449,0.98433,-0.82298,-0.63444,2232.47414,2278.9309,46.45676,0.95122,-0.30821,0.77733,16.25778,0.77733,16.25778,48.48513,16.2763556,0.33569791,80001.027,27245.631,-1.027,52754.369,False,False,False
229.94,INSERTION,THRUST,80000.322,33.1396858,3.189557,126.39956,0.98425,-0.95535,-0.51719,2234.82835,2278.93103,44.10268,0.90268,-0.29275,0.67463,15.43424,0.67463,15.43424,48.52091,15.4489752,0.31839829,80000.752,29795.056,-0.752,50204.944,False,False,False
230.08,INSERTION,THRUST,80000.266,33.139943,3.1898262,126.54675,0.98417,-1.08759,-0.40843,2237.06247,2278.93114,41.86867,0.85666,-0.27806,0.57541,14.65269,0.57541,14.65269,48.55489,14.6639861,0.30200841,80000.532,32226.144,-0.532,47773.856,False,False,False
230.24,INSERTION,THRUST,80000.218,33.1402053,3.1901007,126.70583,0.98408,-1.1984,-0.29508,2239.47491,2278.93124,39.45633,0.80699,-0.26218,0.46743,13.80874,0.46743,13.80874,48.59172,13.8166512,0.28434169,80000.344,34864.187,-0.344,45135.813,False,False,False
230.38,INSERTION,THRUST,80000.188,33.1404117,3.1903167,126.83842,0.984,-1.36939,-0.20486,2241.48408,2278.9313,37.44722,0.76566,-0.24894,0.3774,13.10585,0.3774,13.10585,48.62222,13.1112828,0.2696562,80000.228,37071.544,-0.228,42928.456,False,False,False
230.52,INSERTION,THRUST,80000.17,33.1405963,3.19051,126.96385,0.98392,-1.49749,-0.12442,2243.38091,2278.93134,35.55043,0.72666,-0.23643,0.29358,12.44224,0.29358,12.44224,48.65112,12.4457024,0.25581533,80000.155,39164.119,-0.155,40835.881,False,False,False
230.66,INSERTION,THRUST,80000.161,33.1407625,3.190684,127.08314,0.98384,-1.61467,-0.05277,2245.18124,2278.93136,33.75012,0.68967,-0.22454,0.21536,11.81237,0.21536,11.81237,48.67857,11.8143308,0.24270088,80000.117,41158.051,-0.117,38841.949,False,False,False
230.82,INSERTION,THRUST,80000.161,33.1409322,3.1908617,127.21233,0.98375,-1.68965,0.01809,2247.12561,2278.93137,31.80576,0.64974,-0.2117,0.13364,11.13208,0.13364,11.13208,48.7083,11.1328787,0.22856225,80000.11,43320.102,-0.11,36679.898,False,False,False
230.96,INSERTION,THRUST,80000.168,33.141066,3.1910018,127.32022,0.98367,-1.83366,0.0711,2248.74517,2278.93136,30.18619,0.6165,-0.20099,0.06859,10.5654,0.06859,10.5654,48.73293,10.5656254,0.21680668,80000.129,45127.838,-0.129,34872.162,False,False,False
231.1,INSERTION,THRUST,80000.182,33.141186,3.1911274,127.42249,0.98358,-1.91895,0.11489,2250.27445,2278.93135,28.6569,0.58512,-0.19087,0.01094,10.0303,0.01094,10.0303,48.75627,10.0303015,0.20572331,80000.165,46840.547,-0.165,33159.453,False,False,False
231.24,INSERTION,THRUST,80000.199,33.1412942,3.1912407,127.51996,0.9835,-1.98396,0.15084,2251.72612,2278.93132,27.20521,0.55536,-0.18126,-0.04032,9.52232,-0.04032,9.52232,48.77844,9.5224071,0.19521756,80000.213,48471.534,-0.213,31528.466,False,False,False
231.4,INSERTION,THRUST,80000.224,33.1414049,3.1913567,127.62573,0.9834,-1.99214,0.18224,2253.29412,2278.93128,25.63716,0.52322,-0.17087,-0.0905,8.97361,-0.0905,8.97361,48.80245,8.9740673,0.1838856,80000.274,50238.939,-0.274,29761.061,False,False,False
231.54,INSERTION,THRUST,80000.248,33.1414924,3.1914484,127.71424,0.98332,-2.06424,0.20204,2254.60028,2278.93125,24.33097,0.49646,-0.16221,-0.12753,8.51651,-0.12753,8.51651,48.82234,8.5174632,0.17445833,80000.33,51715.748,-0.33,28284.252,False,False,False
231.68,INSERTION,THRUST,80000.274,33.141571,3.1915307,127.79831,0.98324,-2.07,0.21474,2255.83371,2278.9312,23.0975,0.4712,-0.15403,-0.15775,8.08484,-0.15775,8.08484,48.84118,8.0863758,0.1655647,80000.384,53114.138,-0.384,26885.862,False,False,False
231.82,INSERTION,THRUST,80000.3,33.1416421,3.1916051,127.87859,0.98315,-2.05034,0.221,2257.00458,2278.93116,21.92658,0.44723,-0.14626,-0.18153,7.67504,-0.18153,7.67504,48.85908,7.6771822,0.15712908,80000.432,54445.056,-0.432,25554.944,False,False,False
231.98,INSERTION,THRUST,80000.33,33.1417149,3.1916814,127.96589,0.98306,-1.96306,0.22075,2258.26928,2278.93111,20.66183,0.42135,-0.13786,-0.20095,7.23237,-0.20095,7.23237,48.87847,7.2351637,0.14802353,80000.477,55886.402,-0.477,24113.598,False,False,False
232.12,INSERTION,THRUST,80000.355,33.1417725,3.1917418,128.03908,0.98297,-1.9269,0.21456,2259.32272,2278.93107,19.60835,0.3998,-0.13086,-0.21143,6.86363,-0.21143,6.86363,48.89453,6.8668905,0.14044292,80000.507,57089.984,-0.507,22910.016,False,False,False
232.26,INSERTION,THRUST,80000.378,33.1418244,3.1917962,128.10874,0.98289,-1.83085,0.2034,2260.31742,2278.93103,18.61361,0.37946,-0.12425,-0.2161,6.51544,-0.2161,6.51544,48.90974,6.5190206,0.13328675,80000.527,58228.98,-0.527,21771.02,False,False,False
232.4,INSERTION,THRUST,80000.4,33.1418713,3.1918453,128.17539,0.9828,-1.70856,0.18798,2261.26157,2278.93099,17.66942,0.36016,-0.11797,-0.21552,6.18492,-0.21552,6.18492,48.92419,6.1886767,0.12649524,80000.538,59312.352,-0.538,20687.648,False,False,False
232.56,INSERTION,THRUST,80000.422,33.1419194,3.1918958,128.24803,0.9827,-1.52566,0.1659,2262.2812,2278.93095,16.64975,0.33932,-0.11119,-0.20896,5.82797,-0.20896,5.82797,48.93984,5.8317104,0.1191608,80000.54,60484.825,-0.54,19515.175,False,False,False
232.7,INSERTION,THRUST,80000.438,33.1419575,3.1919357,128.30903,0.98262,-1.36714,0.14329,2263.13034,2278.93092,15.80058,0.32197,-0.10554,-0.19857,5.53068,-0.19857,5.53068,48.9528,5.5342444,0.11305266,80000.535,61463.225,-0.535,18536.775,False,False,False
232.84,INSERTION,THRUST,80000.45,33.1419919,3.1919717,128.36723,0.98253,-1.17339,0.11839,2263.93199,2278.9309,14.99891,0.3056,-0.1002,-0.18447,5.25001,-0.18447,5.25001,48.96508,5.2532524,0.1072857,80000.526,62388.547,-0.526,17611.453,False,False,False
232.98,INSERTION,THRUST,80000.46,33.1420229,3.1920043,128.42302,0.98244,-0.95947,0.09177,2264.69275,2278.93088,14.23813,0.29006,-0.09514,-0.16717,4.98365,-0.16717,4.98365,48.97673,4.9864531,0.1018127,80000.515,63268.155,-0.515,16731.845,False,False,False
233.14,INSERTION,THRUST,80000.466,33.1420548,3.1920377,128.48397,0.98234,-0.70728,0.05998,2265.51419,2278.93086,13.41667,0.27329,-0.08966,-0.14417,4.69604,-0.14417,4.69604,48.98935,4.6982478,0.09590345,80000.503,64219.53,-0.503,15780.47,False,False,False
233.28,INSERTION,THRUST,80000.469,33.1420801,3.1920642,128.53526,0.98226,-0.44631,0.03148,2266.19818,2278.93085,12.73267,0.25933,-0.08511,-0.12176,4.45654,-0.12176,4.45654,48.99981,4.458203,0.0909841,80000.495,65012.995,-0.495,14987.005,False,False,False
233.42,INSERTION,THRUST,80000.467,33.1421028,3.1920881,128.58432,0.98217,-0.19149,0.00303,2266.84385,2278.93085,12.087,0.24616,-0.0808,-0.09787,4.23046,-0.09787,4.23046,49.0097,4.2315925,0.08634193,80000.491,65763.063,-0.491,14236.937,False,False,False
233.56,INSERTION,THRUST,80000.463,33.1421234,3.1921097,128.63146,0.98208,0.11119,-0.02498,2267.45656,2278.93086,11.4743,0.23366,-0.07672,-0.07296,4.01592,-0.07296,4.01592,49.0191,4.0165841,0.08193917,80000.494,66475.79,-0.494,13524.21,False,False,False
233.72,INSERTION,THRUST,80000.447,33.1421446,3.1921319,128.68309,0.98198,0.37038,-0.05588,2268.11814,2278.93087,10.81273,0.22016,-0.0723,-0.0434,3.78427,-0.0434,3.78427,49.02927,3.784519,0.07718897,80000.503,67246.403,-0.503,12753.597,False,False,False
233.86,INSERTION,THRUST,80000.435,33.1421614,3.1921495,128.72666,0.98189,0.69383,-0.08157,2268.66907,2278.9309,10.26183,0.20893,-0.06863,-0.01545,3.59137,-0.01545,3.59137,49.0377,3.5914007,0.07323755,80000.514,67888.937,-0.514,12111.063,False,False,False
234,INSERTION,THRUST,80000.422,33.1421765,3.1921653,128.76845,0.9818,1.00652,-0.10556,2269.18918,2278.93092,9.74174,0.19832,-0.06516,0.00958,3.40926,0.00958,3.40926,49.04568,3.4092698,0.06951213,80000.538,68496.225,-0.538,11503.775,False,False,False
234.14,INSERTION,THRUST,80000.406,33.1421901,3.1921796,128.80871,0.98171,1.27263,-0.12775,2269.68282,2278.93094,9.24812,0.18826,-0.06186,0.03389,3.23642,0.03389,3.23642,49.05325,3.2365947,0.06598124,80000.567,69073.218,-0.567,10926.782,False,False,False
234.3,INSERTION,THRUST,80000.386,33.1422041,3.1921943,128.85295,0.98161,1.50311,-0.15037,2270.21596,2278.93097,8.71501,0.17739,-0.0583,0.06016,3.04975,0.06016,3.04975,49.06146,3.0503452,0.06217397,80000.607,69697.06,-0.607,10302.94,False,False,False
234.44,INSERTION,THRUST,80000.366,33.1422152,3.192206,128.89038,0.98152,1.80432,-0.16751,2270.66004,2278.93101,8.27096,0.16834,-0.05534,0.08137,2.89428,0.08137,2.89428,49.06825,2.895421,0.05900804,80000.644,70217.22,-0.644,9782.78,False,False,False
234.58,INSERTION,THRUST,80000.345,33.1422252,3.1922164,128.9264,0.98143,2.02229,-0.18202,2271.07943,2278.93104,7.85161,0.1598,-0.05254,0.10071,2.74746,0.10071,2.74746,49.07469,2.7493024,0.05602282,80000.681,70708.896,-0.681,9291.104,False,False,False
234.72,INSERTION,THRUST,80000.323,33.1422342,3.1922259,128.96121,0.98134,2.21411,-0.19398,2271.47758,2278.93108,7.4535,0.15168,-0.04988,0.11809,2.60808,0.11809,2.60808,49.0808,2.6107482,0.05319286,80000.717,71176.087,-0.717,8823.913,False,False,False
234.88,INSERTION,THRUST,80000.297,33.1422434,3.1922356,128.99959,0.98124,2.33378,-0.20438,2271.90771,2278.93112,7.0234,0.14292,-0.047,0.13525,2.45751,0.13525,2.45751,49.08742,2.4612277,0.05013968,80000.752,71681.251,-0.752,8318.749,False,False,False
235.02,INSERTION,THRUST,80000.273,33.1422508,3.1922433,129.03215,0.98115,2.53368,-0.2106,2272.26606,2278.93116,6.6651,0.13562,-0.04461,0.14772,2.33208,0.14772,2.33208,49.0929,2.3367553,0.04759864,80000.776,72102.457,-0.776,7897.543,False,False,False
235.16,INSERTION,THRUST,80000.25,33.1422574,3.1922502,129.06359,0.98106,2.63139,-0.21415,2272.60453,2278.9312,6.32667,0.12873,-0.04235,0.15778,2.21362,0.15778,2.21362,49.0981,2.2192343,0.0452,80000.79,72500.604,-0.79,7499.396,False,False,False
235.3,INSERTION,THRUST,80000.227,33.1422634,3.1922565,129.09407,0.98097,2.68909,-0.21542,2272.92589,2278.93124,6.00535,0.12219,-0.0402,0.16563,2.10115,0.16563,2.10115,49.10304,2.10767,0.04292342,80000.796,72878.899,-0.796,7121.101,False,False,False
235.46,INSERTION,THRUST,80000.201,33.1422695,3.192263,129.12778,0.98086,2.65736,-0.21396,2273.27305,2278.93128,5.65823,0.11512,-0.03788,0.17171,1.97966,0.17171,1.97966,49.10838,1.9870969,0.0404635,80000.789,73287.873,-0.789,6712.127,False,False,False
235.6,INSERTION,THRUST,80000.179,33.1422744,3.1922681,129.15646,0.98077,2.68773,-0.2103,2273.56223,2278.93132,5.36909,0.10923,-0.03595,0.17453,1.87848,0.17453,1.87848,49.11281,1.886567,0.03841293,80000.77,73628.781,-0.77,6371.219,False,False,False
235.74,INSERTION,THRUST,80000.158,33.1422787,3.1922727,129.18425,0.98068,2.61799,-0.20478,2273.83532,2278.93135,5.09604,0.10367,-0.03412,0.17529,1.78293,0.17529,1.78293,49.11701,1.7915242,0.03647462,80000.74,73950.924,-0.74,6049.076,False,False,False
235.9,INSERTION,THRUST,80000.135,33.1422827,3.1922768,129.21126,0.98059,3.01553,-0.19746,2274.09452,2278.93139,4.83687,0.09839,-0.03239,0.06303,0.57976,0.06303,0.57976,49.12156,0.5831798,0.01187218,80000.7,74256.874,-0.7,5743.126,True,False,False
236.06,INSERTION,THRUST,80000.113,33.1422862,3.1922805,129.24118,0.98047,-3.66838,-0.18956,2274.34334,2278.93143,4.58809,0.09333,-0.03072,0.06026,0.54994,0.06026,0.54994,49.12377,0.5532282,0.01126192,80000.648,74550.723,-0.648,5449.277,True,False,False
236.2,INSERTION,THRUST,80000.094,33.1422872,3.1922816,129.25798,0.98038,-4.07902,-0.18875,2274.42343,2278.93146,4.50804,0.0917,-0.03019,0.05972,0.54033,0.05972,0.54033,49.12501,0.5436229,0.01106611,80000.627,74645.275,-0.627,5354.725,True,False,False
236.34,INSERTION,THRUST,80000.074,33.1422882,3.1922826,129.2746,0.98028,-4.46989,-0.18741,2274.5001,2278.9315,4.43139,0.09014,-0.02967,0.05911,0.53114,0.05911,0.53114,49.1262,0.5344195,0.0108785,80000.603,74735.821,-0.603,5264.179,True,False,False
236.48,INSERTION,THRUST,80000.055,33.142289,3.1922835,129.29119,0.98019,-4.83218,-0.18545,2274.57541,2278.93153,4.35612,0.08861,-0.02917,0.05842,0.52211,0.05842,0.52211,49.12738,0.5253721,0.01069408,80000.574,74824.766,-0.574,5175.234,True,False,False
236.64,INSERTION,THRUST,80000.032,33.1422899,3.1922844,129.31008,0.98008,-5.20485,-0.18257,2274.65983,2278.93157,4.27174,0.08689,-0.02861,0.05754,0.512,0.05754,0.512,49.1287,0.5152205,0.01048716,80000.538,74924.498,-0.538,5075.502,True,False,False
236.78,INSERTION,THRUST,80000.012,33.1422906,3.1922851,129.32657,0.97999,-5.49169,-0.17958,2274.73246,2278.9316,4.19914,0.08541,-0.02812,0.0567,0.5033,0.0567,0.5033,49.12984,0.5064797,0.010309,80000.503,75010.32,-0.503,4989.68,True,False,False
236.92,INSERTION,THRUST,79999.992,33.1422912,3.1922858,129.34301,0.9799,-5.74112,-0.17625,2274.8037,2278.93163,4.12793,0.08396,-0.02764,0.05582,0.49476,0.05582,0.49476,49.13095,0.4979016,0.01013417,80000.467,75094.51,-0.467,4905.49,True,False,False
237.06,INSERTION,THRUST,79999.972,33.1422918,3.1922864,129.35941,0.9798,-5.95414,-0.17267,2274.87369,2278.93167,4.05797,0.08254,-0.02718,0.05491,0.48638,0.05491,0.48638,49.13205,0.4894688,0.00996231,80000.429,75177.248,-0.429,4822.752,True,False,False
237.22,INSERTION,THRUST,79999.948,33.1422925,3.1922871,129.3781,0.97969,-6.15591,-0.16835,2274.95218,2278.93171,3.97952,0.08094,-0.02665,0.05384,0.47698,0.05384,0.47698,49.13328,0.480009,0.00976953,80000.385,75270.041,-0.385,4729.959,True,False,False
237.36,INSERTION,THRUST,79999.928,33.142293,3.1922877,129.39443,0.9796,-6.29891,-0.16442,2275.01973,2278.93174,3.91201,0.07957,-0.0262,0.05289,0.46889,0.05289,0.46889,49.13434,0.4718651,0.00960357,80000.346,75349.914,-0.346,4650.086,True,False,False
237.5,INSERTION,THRUST,79999.907,33.1422935,3.1922882,129.41072,0.97951,-6.41356,-0.16042,2275.086,2278.93177,3.84578,0.07822,-0.02576,0.05194,0.46096,0.05194,0.46096,49.13538,0.4638736,0.00944072,80000.307,75428.288,-0.307,4571.712,True,False,False
237.64,INSERTION,THRUST,79999.887,33.142294,3.1922887,129.42697,0.97941,-6.50315,-0.15639,2275.15113,2278.93181,3.78068,0.0769,-0.02532,0.05099,0.45316,0.05099,0.45316,49.1364,0.4560178,0.00928065,80000.269,75505.33,-0.269,4494.67,True,False,False
237.8,INSERTION,THRUST,79999.864,33.1422946,3.1922893,129.44551,0.9793,-6.57923,-0.15178,2275.22418,2278.93185,3.70766,0.07541,-0.02483,0.04991,0.44441,0.04991,0.44441,49.13755,0.4472056,0.0091011,80000.225,75591.757,-0.225,4408.243,True,False,False
237.94,INSERTION,THRUST,79999.845,33.142295,3.1922898,129.4617,0.97921,-6.62628,-0.14776,2275.28707,2278.93188,3.64481,0.07413,-0.02441,0.04897,0.43688,0.04897,0.43688,49.13853,0.4396192,0.00894653,80000.187,75666.167,-0.187,4333.833,True,False,False
238.08,INSERTION,THRUST,79999.825,33.1422955,3.1922903,129.47786,0.97911,-6.65802,-0.1438,2275.34878,2278.93191,3.58313,0.07288,-0.024,0.04805,0.42949,0.04805,0.42949,49.1395,0.4321747,0.00879485,80000.151,75739.194,-0.151,4260.806,True,False,False
238.22,INSERTION,THRUST,79999.806,33.1422959,3.1922907,129.49399,0.97902,-6.67708,-0.13989,2275.40944,2278.93195,3.5225,0.07164,-0.02359,0.04715,0.42223,0.04715,0.42223,49.14046,0.4248565,0.00864576,80000.115,75810.991,-0.115,4189.009,True,False,False
238.38,INSERTION,THRUST,79999.785,33.1422964,3.1922912,129.51239,0.97891,-6.68652,-0.13552,2275.47749,2278.93198,3.45449,0.07026,-0.02314,0.04613,0.41409,0.04613,0.41409,49.14152,0.4166471,0.00847851,80000.075,75891.545,-0.075,4108.455,True,False,False
238.52,INSERTION,THRUST,79999.766,33.1422968,3.1922916,129.52847,0.97881,-6.68643,-0.13176,2275.53607,2278.93201,3.39594,0.06907,-0.02275,0.04526,0.40707,0.04526,0.40707,49.14244,0.4095796,0.00833454,80000.041,75960.905,-0.041,4039.095,True,False,False
238.66,INSERTION,THRUST,79999.748,33.1422972,3.192292,129.54452,0.97871,-6.6802,-0.12809,2275.59357,2278.93204,3.33848,0.0679,-0.02236,0.0444,0.40019,0.0444,0.40019,49.14334,0.4026441,0.00819326,80000.008,76028.981,-0.008,3971.019,True,False,False
238.8,INSERTION,THRUST,79999.731,33.1422976,3.1922924,129.56054,0.97862,-6.66943,-0.12451,2275.65009,2278.93207,3.28199,0.06675,-0.02198,0.04356,0.39342,0.04356,0.39342,49.14423,0.3958261,0.00805438,79999.976,76095.914,0.024,3904.086,True,False,False
238.96,INSERTION,THRUST,79999.711,33.142298,3.1922929,129.57883,0.97851,-6.65318,-0.12052,2275.71349,2278.93211,3.21861,0.06546,-0.02156,0.04263,0.38583,0.04263,0.38583,49.14523,0.3881778,0.00789859,79999.941,76171.013,0.059,3828.987,True,False,False
239.1,INSERTION,THRUST,79999.695,33.1422984,3.1922933,129.59481,0.97841,-6.63666,-0.11711,2275.76808,2278.93213,3.16405,0.06435,-0.02119,0.04182,0.37929,0.04182,0.37929,49.14608,0.3815932,0.00776447,79999.911,76235.677,0.089,3764.323,True,False,False
239.24,INSERTION,THRUST,79999.679,33.1422987,3.1922937,129.61077,0.97831,-6.61866,-0.11378,2275.82166,2278.93216,3.11051,0.06326,-0.02083,0.04104,0.37288,0.04104,0.37288,49.14692,0.3751315,0.00763286,79999.882,76299.145,0.118,3700.855,True,False,False
239.38,INSERTION,THRUST,79999.663,33.1422991,3.192294,129.6267,0.97821,-6.59976,-0.11054,2275.87432,2278.93219,3.05787,0.06219,-0.02048,0.04027,0.36657,0.04027,0.36657,49.14775,0.3687793,0.00750348,79999.854,76361.546,0.146,3638.454,True,False,False
239.54,INSERTION,THRUST,79999.645,33.1422995,3.1922944,129.64489,0.9781,-6.57753,-0.10693,2275.9334,2278.93222,2.99881,0.06099,-0.02009,0.03941,0.3595,0.03941,0.3595,49.14868,0.3616534,0.00735835,79999.823,76431.56,0.177,3568.44,True,False,False
239.68,INSERTION,THRUST,79999.631,33.1422998,3.1922948,129.6608,0.978,-6.55808,-0.10384,2275.98427,2278.93224,2.94797,0.05995,-0.01975,0.03867,0.35341,0.03867,0.35341,49.14947,0.3555185,0.00723341,79999.797,76491.845,0.203,3508.155,True,False,False
239.82,INSERTION,THRUST,79999.616,33.1423001,3.1922951,129.67668,0.97791,-6.53872,-0.10083,2276.03419,2278.93227,2.89808,0.05894,-0.01941,0.03795,0.34743,0.03795,0.34743,49.15026,0.3494981,0.00711081,79999.771,76551.014,0.229,3448.986,True,False,False
239.96,INSERTION,THRUST,79999.602,33.1423004,3.1922955,129.69254,0.97781,-6.51974,-0.09788,2276.08327,2278.93229,2.84903,0.05794,-0.01908,0.03724,0.34156,0.03724,0.34156,49.15103,0.3435797,0.00699029,79999.747,76609.188,0.253,3390.812,True,False,False
240.12,INSERTION,THRUST,79999.587,33.1423008,3.1922958,129.71065,0.9777,-6.49876,-0.09461,2276.13832,2278.93232,2.794,0.05682,-0.01872,0.03645,0.33496,0.03645,0.33496,49.15189,0.3369404,0.00685509,79999.72,76674.457,0.28,3325.543,True,False,False
240.26,INSERTION,THRUST,79999.574,33.1423011,3.1922962,129.72649,0.9776,-6.4812,-0.0918,2276.18572,2278.93234,2.74662,0.05586,-0.0184,0.03577,0.32929,0.03577,0.32929,49.15264,0.3312245,0.00673869,79999.696,76730.656,0.304,3269.344,True,False,False
240.4,INSERTION,THRUST,79999.561,33.1423014,3.1922965,129.74231,0.9775,-6.46433,-0.08906,2276.23223,2278.93236,2.70013,0.05491,-0.01809,0.0351,0.32372,0.0351,0.32372,49.15337,0.3256152,0.00662447,79999.674,76785.814,0.326,3214.186,True,False,False
240.54,INSERTION,THRUST,79999.549,33.1423017,3.1922968,129.75812,0.9774,-6.44816,-0.08639,2276.27795,2278.93238,2.65443,0.05398,-0.01778,0.03445,0.31824,0.03445,0.31824,49.15409,0.320101,0.00651219,79999.652,76840.043,0.348,3159.957,True,False,False
240.7,INSERTION,THRUST,79999.535,33.142302,3.1922971,129.77616,0.97728,-6.43064,-0.0834,2276.32925,2278.93241,2.60315,0.05294,-0.01744,0.03371,0.3121,0.03371,0.3121,49.15489,0.3139151,0.00638624,79999.629,76900.885,0.371,3099.115,True,False,False
240.84,INSERTION,THRUST,79999.524,33.1423023,3.1922974,129.79195,0.97718,-6.41615,-0.08084,2276.37341,2278.93243,2.55901,0.05204,-0.01714,0.03308,0.30681,0.03308,0.30681,49.15558,0.3085894,0.00627781,79999.608,76953.272,0.392,3046.728,True,False,False
240.98,INSERTION,THRUST,79999.513,33.1423026,3.1922977,129.80772,0.97708,-6.40232,-0.07834,2276.41675,2278.93244,2.51569,0.05116,-0.01685,0.03247,0.30162,0.03247,0.30162,49.15626,0.3033632,0.0061714,79999.589,77004.686,0.411,2995.314,True,False,False
241.12,INSERTION,THRUST,79999.502,33.1423029,3.192298,129.82348,0.97698,-6.38912,-0.07589,2276.45936,2278.93246,2.47311,0.05029,-0.01657,0.03186,0.29652,0.03186,0.29652,49.15693,0.2982255,0.00606681,79999.57,77055.235,0.43,2944.765,True,False,False
241.28,INSERTION,THRUST,79999.49,33.1423032,3.1922983,129.84148,0.97687,-6.37474,-0.07316,2276.50715,2278.93248,2.42533,0.04932,-0.01625,0.03118,0.2908,0.03118,0.2908,49.15768,0.292462,0.00594947,79999.549,77111.947,0.451,2888.053,True,False,False
241.42,INSERTION,THRUST,79999.48,33.1423034,3.1922986,129.85723,0.97677,-6.36281,-0.07081,2276.5483,2278.9325,2.38421,0.04848,-0.01597,0.0306,0.28587,0.0306,0.28587,49.15833,0.2875001,0.00584845,79999.531,77160.776,0.469,2839.224,True,False,False
241.56,INSERTION,THRUST,79999.47,33.1423037,3.1922989,129.87296,0.97667,-6.35126,-0.06852,2276.58867,2278.93252,2.34384,0.04766,-0.0157,0.03002,0.28103,0.03002,0.28103,49.15896,0.2826308,0.00574932,79999.514,77208.699,0.486,2791.301,True,False,False
241.7,INSERTION,THRUST,79999.461,33.1423039,3.1922991,129.88869,0.97657,-6.33997,-0.06628,2276.62837,2278.93253,2.30417,0.04685,-0.01544,0.02946,0.27628,0.02946,0.27628,49.15958,0.2778439,0.00565188,79999.497,77255.814,0.503,2744.186,True,False,False
241.86,INSERTION,THRUST,79999.45,33.1423042,3.1922994,129.90665,0.97645,-6.32731,-0.06377,2276.6729,2278.93255,2.25965,0.04595,-0.01514,0.02883,0.27094,0.02883,0.27094,49.16028,0.272474,0.00554256,79999.479,77308.673,0.521,2691.327,True,False,False
242,INSERTION,THRUST,79999.442,33.1423044,3.1922997,129.92237,0.97635,-6.31656,-0.06161,2276.71123,2278.93257,2.22133,0.04517,-0.01488,0.02828,0.26635,0.02828,0.26635,49.16088,0.267851,0.00544846,79999.463,77354.184,0.537,2645.816,True,False,False
242.14,INSERTION,THRUST,79999.433,33.1423047,3.1922999,129.93808,0.97625,-6.3058,-0.0595,2276.74885,2278.93258,2.18373,0.0444,-0.01463,0.02775,0.26185,0.02775,0.26185,49.16147,0.2633142,0.00535611,79999.448,77398.85,0.552,2601.15,True,False,False
242.28,INSERTION,THRUST,79999.425,33.1423049,3.1923002,129.95379,0.97614,-6.29503,-0.05744,2276.78583,2278.93259,2.14676,0.04365,-0.01438,0.02722,0.25742,0.02722,0.25742,49.16205,0.2588543,0.00526533,79999.434,77442.763,0.566,2557.237,True,False,False
242.44,INSERTION,THRUST,79999.416,33.1423052,3.1923005,129.97173,0.97603,-6.28279,-0.05513,2276.82732,2278.93261,2.10529,0.04281,-0.0141,0.02663,0.25245,0.02663,0.25245,49.16271,0.2538512,0.00516349,79999.418,77492.028,0.582,2507.972,True,False,False
242.58,INSERTION,THRUST,79999.408,33.1423054,3.1923007,129.98743,0.97593,-6.27207,-0.05315,2276.86304,2278.93262,2.06959,0.04208,-0.01387,0.02613,0.24817,0.02613,0.24817,49.16326,0.2495439,0.00507582,79999.405,77534.446,0.595,2465.554,True,False,False
242.72,INSERTION,THRUST,79999.401,33.1423056,3.1923009,130.00313,0.97582,-6.26115,-0.05121,2276.89809,2278.93263,2.03455,0.04137,-0.01363,0.02563,0.24397,0.02563,0.24397,49.16382,0.245317,0.00498979,79999.392,77576.075,0.608,2423.925,True,False,False
242.86,INSERTION,THRUST,79999.394,33.1423058,3.1923012,130.01882,0.97572,-6.25014,-0.04931,2276.93254,2278.93265,2.0001,0.04067,-0.0134,0.02514,0.23985,0.02514,0.23985,49.16436,0.2411617,0.00490521,79999.379,77617.002,0.621,2382.998,True,False,False
243.02,INSERTION,THRUST,79999.386,33.1423061,3.1923014,130.03676,0.9756,-6.2374,-0.04719,2276.97119,2278.93266,1.96147,0.03988,-0.01314,0.02459,0.23522,0.02459,0.23522,49.16496,0.2365003,0.00481034,79999.365,77662.918,0.635,2337.082,True,False,False
243.16,INSERTION,THRUST,79999.38,33.1423063,3.1923016,130.05245,0.9755,-6.22609,-0.04537,2277.00447,2278.93267,1.9282,0.03921,-0.01292,0.02412,0.23123,0.02412,0.23123,49.16549,0.2324872,0.00472867,79999.354,77702.45,0.646,2297.55,True,False,False
243.3,INSERTION,THRUST,79999.374,33.1423065,3.1923018,130.06815,0.97539,-6.21459,-0.04359,2277.03712,2278.93268,1.89556,0.03854,-0.0127,0.02366,0.22732,0.02366,0.22732,49.166,0.228549,0.00464852,79999.343,77741.248,0.657,2258.752,True,False,False
243.44,INSERTION,THRUST,79999.368,33.1423067,3.192302,130.08384,0.97529,-6.20282,-0.04185,2277.06923,2278.93269,1.86347,0.03789,-0.01249,0.02321,0.22348,0.02321,0.22348,49.1665,0.2246775,0.00456973,79999.332,77779.392,0.668,2220.608,True,False,False
243.6,INSERTION,THRUST,79999.361,33.1423069,3.1923023,130.10177,0.97517,-6.18919,-0.0399,2277.10524,2278.9327,1.82747,0.03716,-0.01224,0.0227,0.21916,0.0227,0.21916,49.16707,0.2203346,0.00448134,79999.321,77822.184,0.679,2177.816,True,False,False
243.74,INSERTION,THRUST,79999.355,33.1423071,3.1923025,130.11747,0.97507,-6.17705,-0.03823,2277.13624,2278.93271,1.79647,0.03653,-0.01204,0.02226,0.21545,0.02226,0.21545,49.16755,0.2165956,0.00440525,79999.311,77859.028,0.689,2140.972,True,False,False
243.88,INSERTION,THRUST,79999.35,33.1423073,3.1923027,130.13317,0.97496,-6.16454,-0.0366,2277.16666,2278.93272,1.76606,0.03591,-0.01183,0.02183,0.2118,0.02183,0.2118,49.16803,0.2129264,0.00433059,79999.302,77895.187,0.698,2104.813,True,False,False
244.02,INSERTION,THRUST,79999.345,33.1423075,3.1923029,130.14887,0.97486,-6.15182,-0.035,2277.19657,2278.93273,1.73616,0.0353,-0.01163,0.02141,0.20822,0.02141,0.20822,49.1685,0.2093194,0.00425719,79999.293,77930.735,0.707,2069.265,True,False,False
244.18,INSERTION,THRUST,79999.34,33.1423077,3.1923031,130.16682,0.97474,-6.13703,-0.03321,2277.23012,2278.93274,1.70262,0.03462,-0.01141,0.02093,0.2042,0.02093,0.2042,49.16903,0.2052731,0.00417485,79999.283,77970.616,0.717,2029.384,True,False,False
244.32,INSERTION,THRUST,79999.335,33.1423079,3.1923033,130.18253,0.97463,-6.12384,-0.03168,2277.259,2278.93275,1.67374,0.03403,-0.01121,0.02052,0.20074,0.02052,0.20074,49.16948,0.2017896,0.00410396,79999.275,78004.953,0.725,1995.047,True,False,False
244.46,INSERTION,THRUST,79999.331,33.142308,3.1923035,130.19825,0.97453,-6.1104,-0.03019,2277.28735,2278.93276,1.64541,0.03346,-0.01102,0.02012,0.19735,0.02012,0.19735,49.16992,0.198371,0.0040344,79999.267,78038.651,0.733,1961.349,True,False,False
244.6,INSERTION,THRUST,79999.326,33.1423082,3.1923037,130.21397,0.97442,-6.09675,-0.02873,2277.31521,2278.93276,1.61755,0.03289,-0.01084,0.01973,0.19401,0.01973,0.19401,49.17036,0.1950105,0.00396602,79999.26,78071.781,0.74,1928.219,True,False,False
244.76,INSERTION,THRUST,79999.322,33.1423084,3.1923039,130.23193,0.9743,-6.08091,-0.02709,2277.34647,2278.93277,1.5863,0.03225,-0.01063,0.01929,0.19027,0.01929,0.19027,49.17085,0.1912406,0.00388931,79999.252,78108.948,0.748,1891.052,True,False,False
244.9,INSERTION,THRUST,79999.318,33.1423086,3.192304,130.24767,0.9742,-6.06692,-0.02569,2277.37338,2278.93278,1.5594,0.03171,-0.01045,0.01891,0.18704,0.01891,0.18704,49.17128,0.187995,0.00382327,79999.245,78140.948,0.755,1859.052,True,False,False
245.04,INSERTION,THRUST,79999.314,33.1423087,3.1923042,130.2634,0.97409,-6.05254,-0.02433,2277.39979,2278.93278,1.53299,0.03117,-0.01027,0.01854,0.18388,0.01854,0.18388,49.17169,0.18481,0.00375846,79999.239,78172.353,0.761,1827.647,True,False,False
245.18,INSERTION,THRUST,79999.311,33.1423089,3.1923044,130.27915,0.97398,-6.03798,-0.02299,2277.42575,2278.93279,1.50704,0.03064,-0.0101,0.01817,0.18077,0.01817,0.18077,49.1721,0.181679,0.00369476,79999.233,78203.227,0.767,1796.773,True,False,False
245.34,INSERTION,THRUST,79999.307,33.1423091,3.1923046,130.29715,0.97386,-6.02111,-0.0215,2277.45487,2278.9328,1.47792,0.03005,-0.0099,0.01777,0.17728,0.01777,0.17728,49.17255,0.1781667,0.0036233,79999.227,78237.865,0.773,1762.135,True,False,False
245.48,INSERTION,THRUST,79999.304,33.1423092,3.1923047,130.31291,0.97375,-6.00614,-0.02022,2277.47994,2278.9328,1.45286,0.02954,-0.00974,0.01741,0.17428,0.01741,0.17428,49.17295,0.1751429,0.00356177,79999.221,78267.687,0.779,1732.313,True,False,False
245.62,INSERTION,THRUST,79999.301,33.1423094,3.1923049,130.32868,0.97365,-5.9909,-0.01898,2277.50455,2278.93281,1.42826,0.02904,-0.00957,0.01707,0.17133,0.01707,0.17133,49.17333,0.1721755,0.0035014,79999.217,78296.954,0.783,1703.046,True,False,False
245.76,INSERTION,THRUST,79999.299,33.1423095,3.192305,130.34445,0.97354,-5.97548,-0.01776,2277.52874,2278.93281,1.40408,0.02855,-0.00941,0.01673,0.16843,0.01673,0.16843,49.17371,0.1692584,0.00344205,79999.212,78325.727,0.788,1674.273,True,False,False
245.92,INSERTION,THRUST,79999.296,33.1423097,3.1923052,130.36249,0.97342,-5.95765,-0.0164,2277.55587,2278.93282,1.37695,0.028,-0.00923,0.01635,0.16518,0.01635,0.16518,49.17414,0.165986,0.00337547,79999.207,78358.006,0.793,1641.994,True,False,False
246.06,INSERTION,THRUST,79999.293,33.1423098,3.1923054,130.37829,0.97331,-5.94194,-0.01524,2277.57923,2278.93282,1.35359,0.02752,-0.00907,0.01602,0.16238,0.01602,0.16238,49.1745,0.1631688,0.00331816,79999.203,78385.797,0.797,1614.203,True,False,False
246.2,INSERTION,THRUST,79999.291,33.14231,3.1923055,130.3941,0.9732,-5.92599,-0.0141,2277.60215,2278.93282,1.33067,0.02705,-0.00892,0.0157,0.15963,0.0157,0.15963,49.17486,0.1604041,0.00326191,79999.199,78413.072,0.801,1586.928,True,False,False
246.34,INSERTION,THRUST,79999.289,33.1423101,3.1923057,130.40991,0.97309,-5.90979,-0.01299,2277.62468,2278.93283,1.30814,0.0266,-0.00877,0.01539,0.15693,0.01539,0.15693,49.17522,0.1576864,0.00320662,79999.196,78439.885,0.804,1560.115,True,False,False
246.5,INSERTION,THRUST,79999.287,33.1423103,3.1923058,130.428,0.97297,-5.89104,-0.01175,2277.64996,2278.93283,1.28287,0.02608,-0.0086,0.01503,0.1539,0.01503,0.1539,49.17562,0.1546376,0.0031446,79999.192,78469.967,0.808,1530.033,True,False,False
246.64,INSERTION,THRUST,79999.285,33.1423104,3.192306,130.44384,0.97286,-5.87452,-0.01069,2277.67172,2278.93283,1.26111,0.02564,-0.00845,0.01473,0.1513,0.01473,0.1513,49.17596,0.1520128,0.0030912,79999.19,78495.865,0.81,1504.135,True,False,False
246.78,INSERTION,THRUST,79999.283,33.1423105,3.1923061,130.45969,0.97275,-5.85775,-0.00966,2277.69308,2278.93284,1.23976,0.02521,-0.00831,0.01443,0.14874,0.01443,0.14874,49.17629,0.1494371,0.0030388,79999.187,78521.282,0.813,1478.718,True,False,False
246.92,INSERTION,THRUST,79999.282,33.1423106,3.1923062,130.47555,0.97264,-5.84071,-0.00865,2277.71408,2278.93284,1.21876,0.02478,-0.00817,0.01414,0.14622,0.01414,0.14622,49.17662,0.146905,0.00298729,79999.185,78546.27,0.815,1453.73,True,False,False
247.08,INSERTION,THRUST,79999.28,33.1423108,3.1923064,130.49369,0.97251,-5.821,-0.00753,2277.73763,2278.93284,1.19522,0.0243,-0.00801,0.01381,0.1434,0.01381,0.1434,49.17699,0.1440645,0.00292951,79999.182,78574.302,0.818,1425.698,True,False,False
247.22,INSERTION,THRUST,79999.279,33.1423109,3.1923065,130.50958,0.9724,-5.80351,-0.00657,2277.7579,2278.93284,1.17494,0.02389,-0.00787,0.01353,0.14097,0.01353,0.14097,49.17731,0.1416191,0.00287977,79999.181,78598.437,0.819,1401.563,True,False,False
247.36,INSERTION,THRUST,79999.278,33.142311,3.1923067,130.52549,0.97229,-5.78576,-0.00563,2277.7778,2278.93285,1.15505,0.02348,-0.00774,0.01326,0.13859,0.01326,0.13859,49.17762,0.1392194,0.00283095,79999.179,78622.123,0.821,1377.877,True,False,False
247.5,INSERTION,THRUST,79999.277,33.1423112,3.1923068,130.5414,0.97218,-5.76781,-0.00471,2277.79736,2278.93285,1.13549,0.02309,-0.00761,0.01299,0.13624,0.01299,0.13624,49.17793,0.1368603,0.00278296,79999.178,78645.408,0.822,1354.592,True,False,False
247.66,INSERTION,THRUST,79999.276,33.1423113,3.1923069,130.5596,0.97206,-5.74699,-0.00369,2277.8193,2278.93285,1.11355,0.02264,-0.00746,0.01268,0.13361,0.01268,0.13361,49.17827,0.1342139,0.00272913,79999.177,78671.531,0.823,1328.469,True,False,False
247.8,INSERTION,THRUST,79999.276,33.1423114,3.192307,130.57555,0.97195,-5.72865,-0.00282,2277.83819,2278.93285,1.09466,0.02226,-0.00734,0.01242,0.13135,0.01242,0.13135,49.17857,0.1319356,0.00268279,79999.176,78694.022,0.824,1305.978,True,False,False
247.94,INSERTION,THRUST,79999.275,33.1423115,3.1923072,130.59151,0.97184,-5.71005,-0.00197,2277.85673,2278.93285,1.07612,0.02188,-0.00721,0.01216,0.12913,0.01216,0.12913,49.17886,0.1296999,0.00263731,79999.175,78716.094,0.825,1283.906,True,False,False
248.08,INSERTION,THRUST,79999.275,33.1423116,3.1923073,130.60748,0.97173,-5.69131,-0.00115,2277.87495,2278.93285,1.0579,0.02151,-0.00709,0.01191,0.12694,0.01191,0.12694,49.17915,0.127502,0.0025926,79999.175,78737.793,0.825,1262.207,True,False,False
248.24,INSERTION,THRUST,79999.274,33.1423117,3.1923074,130.62575,0.9716,-5.66962,-0.00022,2277.8954,2278.93285,1.03746,0.02109,-0.00695,0.01163,0.12449,0.01163,0.12449,49.17947,0.1250365,0.00254245,79999.175,78762.136,0.825,1237.864,True,False,False
248.38,INSERTION,THRUST,79999.274,33.1423119,3.1923075,130.64176,0.97149,-5.65037,0.00057,2277.91299,2278.93285,1.01986,0.02073,-0.00683,0.01139,0.12239,0.01139,0.12239,49.17974,0.1229139,0.00249928,79999.175,78783.094,0.825,1216.906,True,False,False
248.52,INSERTION,THRUST,79999.274,33.142312,3.1923076,130.65778,0.97138,-5.6309,0.00133,2277.93027,2278.93285,1.00259,0.02038,-0.00672,0.01115,0.12032,0.01115,0.12032,49.18001,0.120831,0.00245691,79999.175,78803.662,0.825,1196.338,True,False,False
248.66,INSERTION,THRUST,79999.274,33.1423121,3.1923077,130.67382,0.97126,-5.61122,0.00208,2277.94724,2278.93286,0.98561,0.02004,-0.0066,0.01092,0.11828,0.01092,0.11828,49.18028,0.1187833,0.00241526,79999.176,78823.883,0.824,1176.117,True,False,False
248.82,INSERTION,THRUST,79999.274,33.1423122,3.1923079,130.69217,0.97114,-5.58856,0.00291,2277.96629,2278.93286,0.96657,0.01965,-0.00648,0.01066,0.116,0.01066,0.116,49.18058,0.1164863,0.00236854,79999.176,78846.567,0.824,1153.433,True,False,False
248.96,INSERTION,THRUST,79999.274,33.1423123,3.192308,130.70824,0.97102,-5.56842,0.00363,2277.98269,2278.93285,0.95017,0.01932,-0.00637,0.01043,0.11403,0.01043,0.11403,49.18084,0.1145087,0.00232832,79999.177,78866.097,0.823,1133.903,True,False,False
249.1,INSERTION,THRUST,79999.274,33.1423124,3.1923081,130.72433,0.97091,-5.54807,0.00432,2277.99878,2278.93285,0.93408,0.01899,-0.00626,0.01021,0.1121,0.01021,0.1121,49.18109,0.1125681,0.00228885,79999.178,78885.263,0.822,1114.737,True,False,False
249.24,INSERTION,THRUST,79999.275,33.1423125,3.1923082,130.74043,0.9708,-5.52752,0.00499,2278.01459,2278.93285,0.91826,0.01867,-0.00615,0.01,0.11021,0.01,0.11021,49.18134,0.1106604,0.00225005,79999.179,78904.106,0.821,1095.894,True,False,False
249.4,INSERTION,THRUST,79999.275,33.1423126,3.1923083,130.75886,0.97067,-5.50362,0.00574,2278.03234,2278.93285,0.90051,0.01831,-0.00603,0.00976,0.10808,0.00976,0.10808,49.18161,0.1085204,0.00220652,79999.181,78925.244,0.819,1074.756,True,False,False
249.54,INSERTION,THRUST,79999.276,33.1423127,3.1923084,130.77501,0.97056,-5.48245,0.00638,2278.04762,2278.93285,0.88524,0.018,-0.00593,0.00955,0.10625,0.00955,0.10625,49.18186,0.106678,0.00216905,79999.183,78943.443,0.817,1056.557,True,False,False
249.68,INSERTION,THRUST,79999.276,33.1423127,3.1923085,130.79117,0.97044,-5.46108,0.007,2278.06261,2278.93285,0.87025,0.01769,-0.00583,0.00934,0.10445,0.00934,0.10445,49.18209,0.10487,0.00213228,79999.184,78961.303,0.816,1038.697,True,False,False
249.82,INSERTION,THRUST,79999.277,33.1423128,3.1923086,130.80735,0.97033,-5.43956,0.00761,2278.07734,2278.93285,0.85551,0.01739,-0.00573,0.00914,0.10269,0.00914,0.10269,49.18232,0.1030927,0.00209613,79999.186,78978.861,0.814,1021.139,True,False,False
249.98,INSERTION,THRUST,79999.278,33.1423129,3.1923087,130.82586,0.9702,-5.41456,0.00828,2278.09387,2278.93285,0.83897,0.01706,-0.00562,0.00892,0.1007,0.00892,0.1007,49.18258,0.101099,0.00205559,79999.188,78998.558,0.812,1001.442,True,False,False
250.12,INSERTION,THRUST,79999.279,33.142313,3.1923088,130.84208,0.97008,-5.3926,0.00886,2278.10811,2278.93285,0.82474,0.01677,-0.00553,0.00873,0.099,0.00873,0.099,49.1828,0.0993825,0.00202068,79999.191,79015.517,0.809,984.483,True,False,False
250.26,INSERTION,THRUST,79999.28,33.1423131,3.1923088,130.85832,0.96997,-5.37031,0.00941,2278.12207,2278.93285,0.81077,0.01648,-0.00543,0.00854,0.09732,0.00854,0.09732,49.18302,0.0976981,0.00198642,79999.193,79032.159,0.807,967.841,True,False,False
250.4,INSERTION,THRUST,79999.281,33.1423132,3.1923089,130.87458,0.96985,-5.34785,0.00996,2278.1358,2278.93284,0.79704,0.0162,-0.00534,0.00835,0.09568,0.00835,0.09568,49.18324,0.0960423,0.00195274,79999.195,79048.521,0.805,951.479,True,False,False
250.56,INSERTION,THRUST,79999.282,33.1423133,3.192309,130.89318,0.96972,-5.32182,0.01056,2278.15121,2278.93284,0.78164,0.01589,-0.00524,0.00815,0.09383,0.00815,0.09383,49.18348,0.0941848,0.00191497,79999.199,79066.875,0.801,933.125,True,False,False
250.7,INSERTION,THRUST,79999.283,33.1423134,3.1923091,130.90948,0.96961,-5.29881,0.01107,2278.16447,2278.93284,0.76838,0.01562,-0.00515,0.00797,0.09224,0.00797,0.09224,49.18369,0.0925857,0.00188245,79999.201,79082.677,0.799,917.323,True,False,False
250.84,INSERTION,THRUST,79999.285,33.1423134,3.1923092,130.9258,0.96949,-5.2756,0.01157,2278.17748,2278.93284,0.75536,0.01536,-0.00506,0.00779,0.09068,0.00779,0.09068,49.18389,0.0910165,0.00185053,79999.204,79098.186,0.796,901.814,True,False,False
250.98,INSERTION,THRUST,79999.286,33.1423135,3.1923093,130.94215,0.96938,-5.25211,0.01205,2278.19027,2278.93284,0.74257,0.0151,-0.00498,0.00762,0.08915,0.00762,0.08915,49.18409,0.0894739,0.00181916,79999.207,79113.431,0.793,886.569,True,False,False
251.14,INSERTION,THRUST,79999.287,33.1423136,3.1923094,130.96084,0.96925,-5.22506,0.01259,2278.20462,2278.93283,0.72822,0.0148,-0.00488,0.00743,0.08743,0.00743,0.08743,49.18432,0.0877434,0.00178397,79999.211,79130.534,0.789,869.466,True,False,False
251.28,INSERTION,THRUST,79999.289,33.1423137,3.1923094,130.97723,0.96913,-5.2012,0.01305,2278.21697,2278.93283,0.71586,0.01455,-0.0048,0.00727,0.08595,0.00727,0.08595,49.18451,0.0862536,0.00175367,79999.214,79145.259,0.786,854.741,True,False,False
251.42,INSERTION,THRUST,79999.29,33.1423137,3.1923095,130.99364,0.96901,-5.17699,0.01349,2278.22909,2278.93283,0.70373,0.01431,-0.00472,0.00711,0.08449,0.00711,0.08449,49.1847,0.0847916,0.00172394,79999.218,79159.71,0.782,840.29,True,False,False
251.56,INSERTION,THRUST,79999.292,33.1423138,3.1923096,131.01006,0.9689,-5.15258,0.01392,2278.24101,2278.93283,0.69182,0.01406,-0.00464,0.00695,0.08306,0.00695,0.08306,49.18489,0.0833544,0.00169472,79999.221,79173.916,0.779,826.084,True,False,False
251.72,INSERTION,THRUST,79999.294,33.1423139,3.1923097,131.02886,0.96876,-5.12434,0.0144,2278.25438,2278.93282,0.67844,0.01379,-0.00455,0.00677,0.08146,0.00677,0.08146,49.1851,0.0817422,0.00166193,79999.225,79189.853,0.775,810.147,True,False,False
251.86,INSERTION,THRUST,79999.295,33.142314,3.1923097,131.04534,0.96865,-5.09939,0.01481,2278.26589,2278.93282,0.66693,0.01356,-0.00447,0.00662,0.08008,0.00662,0.08008,49.18528,0.0803543,0.00163371,79999.229,79203.574,0.771,796.426,True,False,False
252,INSERTION,THRUST,79999.297,33.142314,3.1923098,131.06183,0.96853,-5.07409,0.0152,2278.27718,2278.93282,0.65563,0.01333,-0.00439,0.00647,0.07873,0.00647,0.07873,49.18546,0.0789923,0.00160601,79999.233,79217.039,0.767,782.961,True,False,False
252.14,INSERTION,THRUST,79999.299,33.1423141,3.1923099,131.07835,0.96841,-5.04865,0.01558,2278.28829,2278.93282,0.64453,0.0131,-0.00432,0.00632,0.0774,0.00632,0.0774,49.18563,0.0776534,0.00157878,79999.237,79230.276,0.763,769.724,True,False,False
252.3,INSERTION,THRUST,79999.301,33.1423142,3.19231,131.09725,0.96828,-5.01921,0.016,2278.30074,2278.93281,0.63207,0.01285,-0.00424,0.00616,0.0759,0.00616,0.0759,49.18583,0.0761514,0.00154824,79999.242,79245.126,0.758,754.874,True,False,False
252.44,INSERTION,THRUST,79999.303,33.1423142,3.19231,131.11382,0.96816,-4.99324,0.01636,2278.31146,2278.93281,0.62135,0.01263,-0.00416,0.00602,0.07462,0.00602,0.07462,49.18599,0.0748584,0.00152195,79999.246,79257.911,0.754,742.089,True,False,False
252.58,INSERTION,THRUST,79999.305,33.1423143,3.1923101,131.1304,0.96804,-4.96694,0.01671,2278.32199,2278.93281,0.61082,0.01242,-0.00409,0.00588,0.07335,0.00588,0.07335,49.18616,0.0735895,0.00149614,79999.25,79270.458,0.75,729.542,True,False,False
252.72,INSERTION,THRUST,79999.306,33.1423143,3.1923102,131.14701,0.96792,-4.94028,0.01704,2278.33233,2278.9328,0.60047,0.01221,-0.00402,0.00574,0.07211,0.00574,0.07211,49.18632,0.0723422,0.00147078,79999.254,79282.793,0.746,717.207,True,False,False
252.88,INSERTION,THRUST,79999.309,33.1423144,3.1923102,131.16603,0.96779,-4.90967,0.01741,2278.34393,2278.9328,0.58887,0.01197,-0.00395,0.00559,0.07072,0.00559,0.07072,49.18651,0.0709429,0.00144232,79999.26,79296.63,0.74,703.37,True,False,False
253.02,INSERTION,THRUST,79999.311,33.1423145,3.1923103,131.18269,0.96767,-4.88273,0.01773,2278.35392,2278.9328,0.57887,0.01177,-0.00388,0.00546,0.06952,0.00546,0.06952,49.18666,0.0697383,0.00141783,79999.264,79308.543,0.736,691.457,True,False,False
253.16,INSERTION,THRUST,79999.313,33.1423145,3.1923104,131.19937,0.96755,-4.85544,0.01803,2278.36373,2278.93279,0.56907,0.01157,-0.00381,0.00533,0.06835,0.00533,0.06835,49.18682,0.0685562,0.00139379,79999.269,79320.234,0.731,679.766,True,False,False
253.3,INSERTION,THRUST,79999.315,33.1423146,3.1923104,131.21608,0.96743,-4.8278,0.01833,2278.37336,2278.93279,0.55943,0.01137,-0.00375,0.00521,0.06719,0.00521,0.06719,49.18697,0.0673941,0.00137016,79999.273,79331.727,0.727,668.273,True,False,False
253.46,INSERTION,THRUST,79999.317,33.1423147,3.1923105,131.2352,0.9673,-4.79607,0.01865,2278.38417,2278.93278,0.54861,0.01115,-0.00368,0.00507,0.0659,0.00507,0.0659,49.18714,0.0660905,0.00134365,79999.279,79344.621,0.721,655.379,True,False,False
253.6,INSERTION,THRUST,79999.32,33.1423147,3.1923105,131.25196,0.96718,-4.76813,0.01893,2278.39348,2278.93278,0.5393,0.01096,-0.00361,0.00495,0.06478,0.00495,0.06478,49.18728,0.0649683,0.00132084,79999.284,79355.721,0.716,644.279,True,False,False
253.74,INSERTION,THRUST,79999.322,33.1423148,3.1923106,131.26874,0.96706,-4.73984,0.01919,2278.40261,2278.93278,0.53016,0.01078,-0.00355,0.00483,0.06368,0.00483,0.06368,49.18743,0.063867,0.00129844,79999.289,79366.615,0.711,633.385,True,False,False
253.88,INSERTION,THRUST,79999.324,33.1423148,3.1923107,131.28555,0.96694,-4.7112,0.01945,2278.41159,2278.93277,0.52118,0.01059,-0.00349,0.00472,0.06261,0.00472,0.06261,49.18757,0.0627844,0.00127643,79999.294,79377.324,0.706,622.676,True,False,False
254.04,INSERTION,THRUST,79999.327,33.1423149,3.1923107,131.30479,0.9668,-4.67812,0.01973,2278.42166,2278.93277,0.51111,0.01039,-0.00343,0.00459,0.0614,0.00459,0.0614,49.18772,0.06157,0.00125174,79999.3,79389.338,0.7,610.662,True,False,False
254.18,INSERTION,THRUST,79999.329,33.1423149,3.1923108,131.32165,0.96668,-4.64899,0.01997,2278.43033,2278.93277,0.50243,0.01021,-0.00337,0.00448,0.06036,0.00448,0.06036,49.18786,0.0605245,0.00123048,79999.305,79399.681,0.695,600.319,True,False,False
254.32,INSERTION,THRUST,79999.331,33.142315,3.1923108,131.33853,0.96656,-4.61948,0.02019,2278.43884,2278.93276,0.49392,0.01004,-0.00331,0.00437,0.05934,0.00437,0.05934,49.188,0.0594986,0.00120962,79999.31,79409.831,0.69,590.169,True,False,False
254.46,INSERTION,THRUST,79999.333,33.142315,3.1923109,131.35544,0.96644,-4.58967,0.02042,2278.44721,2278.93276,0.48555,0.00987,-0.00325,0.00426,0.05833,0.00426,0.05833,49.18812,0.05849,0.00118911,79999.315,79419.81,0.685,580.19,True,False,False
254.62,INSERTION,THRUST,79999.336,33.1423151,3.1923109,131.3748,0.9663,-4.55524,0.02066,2278.45659,2278.93275,0.47616,0.00968,-0.00319,0.00414,0.05721,0.00414,0.05721,49.18827,0.0573587,0.0011661,79999.321,79431.004,0.679,568.996,True,False,False
254.76,INSERTION,THRUST,79999.339,33.1423151,3.192311,131.39176,0.96618,-4.52493,0.02086,2278.46467,2278.93275,0.46808,0.00952,-0.00314,0.00404,0.05624,0.00404,0.05624,49.1884,0.0563847,0.0011463,79999.327,79440.641,0.673,559.359,True,False,False
254.9,INSERTION,THRUST,79999.341,33.1423152,3.192311,131.40875,0.96606,-4.49429,0.02106,2278.47259,2278.93274,0.46015,0.00935,-0.00308,0.00394,0.05529,0.00394,0.05529,49.18852,0.0554289,0.00112687,79999.332,79450.099,0.668,549.901,True,False,False
255.04,INSERTION,THRUST,79999.342,33.1423152,3.1923111,131.42577,0.96593,-4.46335,0.02125,2278.48039,2278.93274,0.45235,0.0092,-0.00303,0.00384,0.05435,0.00384,0.05435,49.18864,0.0544894,0.00110776,79999.338,79459.397,0.662,540.603,True,False,False
255.2,INSERTION,THRUST,79999.338,33.1423154,3.1923112,131.44525,0.96579,-4.42765,0.02145,2278.48915,2278.93275,0.4436,0.00902,-0.00297,0.00378,0.0533,0.00378,0.0533,49.18878,0.0534374,0.00108637,79999.338,79469.83,0.662,530.17,True,False,False
255.34,INSERTION,THRUST,79999.341,33.1423154,3.1923113,131.46232,0.96567,-4.39686,0.02163,2278.49668,2278.93275,0.43607,0.00886,-0.00292,0.00369,0.0524,0.00369,0.0524,49.1889,0.0525304,0.00106793,79999.342,79478.811,0.658,521.189,True,False,False
255.48,INSERTION,THRUST,79999.343,33.1423155,3.1923114,131.47942,0.96555,-4.36701,0.02179,2278.50406,2278.93274,0.42868,0.00871,-0.00287,0.0036,0.05151,0.0036,0.05151,49.18902,0.05164,0.00104983,79999.348,79487.624,0.652,512.376,True,False,False
255.62,INSERTION,THRUST,79999.346,33.1423155,3.1923114,131.49654,0.96543,-4.33796,0.02195,2278.51132,2278.93274,0.42141,0.00857,-0.00282,0.00351,0.05064,0.00351,0.05064,49.18913,0.0507646,0.00103203,79999.353,79496.288,0.647,503.712,True,False,False
255.78,INSERTION,THRUST,79999.349,33.1423156,3.1923115,131.51614,0.96529,-4.30553,0.02212,2278.51947,2278.93273,0.41326,0.0084,-0.00277,0.00341,0.04967,0.00341,0.04967,49.18926,0.0497826,0.00101206,79999.36,79506.007,0.64,493.993,True,False,False
255.92,INSERTION,THRUST,79999.352,33.1423156,3.1923115,131.53332,0.96516,-4.2776,0.02227,2278.52648,2278.93273,0.40625,0.00826,-0.00272,0.00332,0.04882,0.00332,0.04882,49.18937,0.0489372,0.00099487,79999.366,79514.375,0.634,485.625,True,False,False
256.06,INSERTION,THRUST,79999.354,33.1423156,3.1923115,131.55053,0.96504,-4.2498,0.02241,2278.53336,2278.93272,0.39936,0.00812,-0.00268,0.00323,0.048,0.00323,0.048,49.18948,0.0481076,0.00097801,79999.372,79522.586,0.628,477.414,True,False,False
256.2,INSERTION,THRUST,79999.357,33.1423157,3.1923116,131.56776,0.96492,-4.22184,0.02254,2278.54012,2278.93272,0.3926,0.00798,-0.00263,0.00315,0.04719,0.00315,0.04719,49.18958,0.0472921,0.00096143,79999.377,79530.658,0.623,469.342,True,False,False
256.36,INSERTION,THRUST,79999.36,33.1423157,3.1923116,131.58749,0.96478,-4.18947,0.02269,2278.54771,2278.93271,0.385,0.00783,-0.00258,0.00306,0.04628,0.00306,0.04628,49.1897,0.0463773,0.00094282,79999.384,79539.714,0.616,460.286,True,False,False
256.5,INSERTION,THRUST,79999.363,33.1423158,3.1923117,131.60478,0.96465,-4.16071,0.02281,2278.55424,2278.93271,0.37847,0.00769,-0.00254,0.00298,0.04549,0.00298,0.04549,49.18981,0.0455897,0.00092681,79999.39,79547.51,0.61,452.49,True,False,False
256.64,INSERTION,THRUST,79999.365,33.1423158,3.1923117,131.6221,0.96453,-4.13128,0.02293,2278.56065,2278.9327,0.37205,0.00756,-0.00249,0.0029,0.04472,0.0029,0.04472,49.1899,0.0448169,0.0009111,79999.396,79555.161,0.604,444.839,True,False,False
256.78,INSERTION,THRUST,79999.368,33.1423158,3.1923118,131.63945,0.9644,-4.10108,0.02304,2278.56695,2278.9327,0.36575,0.00744,-0.00245,0.00282,0.04397,0.00282,0.04397,49.19,0.0440572,0.00089565,79999.402,79562.682,0.598,437.318,True,False,False
256.94,INSERTION,THRUST,79999.371,33.1423159,3.1923118,131.65931,0.96426,-4.06555,0.02317,2278.57402,2278.93269,0.35867,0.00729,-0.0024,0.00273,0.04312,0.00273,0.04312,49.19012,0.043205,0.00087833,79999.409,79571.119,0.591,428.881,True,False,False
257.08,INSERTION,THRUST,79999.374,33.1423159,3.1923118,131.67671,0.96414,-4.03368,0.02327,2278.5801,2278.93269,0.35259,0.00717,-0.00236,0.00266,0.04239,0.00266,0.04239,49.19021,0.0424714,0.00086341,79999.416,79578.383,0.584,421.617,True,False,False
257.22,INSERTION,THRUST,79999.377,33.1423159,3.1923119,131.69415,0.96401,-4.00095,0.02337,2278.58608,2278.93269,0.34661,0.00705,-0.00232,0.00258,0.04167,0.00258,0.04167,49.1903,0.0417515,0.00084877,79999.422,79585.511,0.578,414.489,True,False,False
257.36,INSERTION,THRUST,79999.379,33.142316,3.1923119,131.71161,0.96388,-3.96733,0.02346,2278.59195,2278.93268,0.34073,0.00693,-0.00228,0.00251,0.04097,0.00251,0.04097,49.1904,0.0410438,0.00083439,79999.428,79592.519,0.572,407.481,True,False,False
257.52,INSERTION,THRUST,79999.382,33.142316,3.192312,131.7316,0.96374,-3.92795,0.02356,2278.59853,2278.93268,0.33415,0.00679,-0.00224,0.00243,0.04018,0.00243,0.04018,49.1905,0.0402499,0.00081825,79999.435,79600.38,0.565,399.62,True,False,False
257.66,INSERTION,THRUST,79999.385,33.1423161,3.192312,131.74912,0.96362,-3.89279,0.02364,2278.6042,2278.93267,0.32847,0.00668,-0.0022,0.00236,0.0395,0.00236,0.0395,49.19059,0.0395665,0.00080435,79999.442,79607.148,0.558,392.852,True,False,False
257.8,INSERTION,THRUST,79999.388,33.1423161,3.192312,131.76667,0.96349,-3.85693,0.02372,2278.60976,2278.93267,0.3229,0.00656,-0.00216,0.0023,0.03883,0.0023,0.03883,49.19067,0.0388959,0.00079072,79999.448,79613.789,0.552,386.211,True,False,False
257.94,INSERTION,THRUST,79999.39,33.1423161,3.1923121,131.78424,0.96336,-3.82039,0.02379,2278.61523,2278.93266,0.31743,0.00645,-0.00213,0.00223,0.03817,0.00223,0.03817,49.19076,0.0382367,0.00077731,79999.454,79620.319,0.546,379.681,True,False,False
258.1,INSERTION,THRUST,79999.394,33.1423162,3.1923121,131.80437,0.96322,-3.7779,0.02387,2278.62137,2278.93266,0.31129,0.00633,-0.00209,0.00216,0.03743,0.00216,0.03743,49.19086,0.0374972,0.00076228,79999.462,79627.643,0.538,372.357,True,False,False
258.24,INSERTION,THRUST,79999.396,33.1423162,3.1923121,131.82201,0.96309,-3.7402,0.02393,2278.62665,2278.93265,0.30601,0.00622,-0.00205,0.0021,0.0368,0.0021,0.0368,49.19094,0.0368606,0.00074934,79999.468,79633.949,0.532,366.051,True,False,False
258.38,INSERTION,THRUST,79999.399,33.1423162,3.1923122,131.83968,0.96297,-3.70193,0.02399,2278.63183,2278.93265,0.30082,0.00612,-0.00202,0.00203,0.03618,0.00203,0.03618,49.19102,0.0362358,0.00073664,79999.475,79640.138,0.525,359.862,True,False,False
258.52,INSERTION,THRUST,79999.402,33.1423162,3.1923122,131.85737,0.96284,-3.66308,0.02404,2278.63692,2278.93264,0.29572,0.00601,-0.00198,0.00197,0.03557,0.00197,0.03557,49.1911,0.0356218,0.00072415,79999.481,79646.221,0.519,353.779,True,False,False
258.68,INSERTION,THRUST,79999.405,33.1423163,3.1923122,131.87763,0.96269,-3.61823,0.02409,2278.64264,2278.93264,0.29,0.0059,-0.00194,0.00191,0.03488,0.00191,0.03488,49.19119,0.0349329,0.00071015,79999.488,79653.046,0.512,346.954,True,False,False
258.82,INSERTION,THRUST,79999.407,33.1423163,3.1923123,131.89539,0.96257,-3.5787,0.02414,2278.64756,2278.93263,0.28508,0.0058,-0.00191,0.00185,0.03429,0.00185,0.03429,49.19127,0.0343398,0.00069809,79999.495,79658.921,0.505,341.079,True,False,False
258.96,INSERTION,THRUST,79999.41,33.1423163,3.1923123,131.91318,0.96244,-3.5388,0.02418,2278.65239,2278.93263,0.28024,0.0057,-0.00188,0.00179,0.03371,0.00179,0.03371,49.19134,0.0337579,0.00068626,79999.501,79664.687,0.499,335.313,True,False,False
259.1,INSERTION,THRUST,79999.413,33.1423164,3.1923123,131.931,0.96231,-3.49855,0.02421,2278.65713,2278.93262,0.27549,0.0056,-0.00185,0.00174,0.03314,0.00174,0.03314,49.19142,0.0331858,0.00067463,79999.508,79670.356,0.492,329.644,True,False,False
259.26,INSERTION,THRUST,79999.416,33.1423164,3.1923124,131.95139,0.96216,-3.45215,0.02425,2278.66246,2278.93262,0.27016,0.00549,-0.00181,0.00168,0.0325,0.00168,0.0325,49.1915,0.0325441,0.00066158,79999.515,79676.714,0.485,323.286,True,False,False
259.4,INSERTION,THRUST,79999.419,33.1423164,3.1923124,131.96927,0.96203,-3.41136,0.02428,2278.66704,2278.93262,0.26557,0.0054,-0.00178,0.00163,0.03195,0.00163,0.03195,49.19157,0.0319917,0.00065035,79999.522,79682.189,0.478,317.811,True,False,False
259.54,INSERTION,THRUST,79999.421,33.1423165,3.1923124,131.98718,0.96191,-3.3702,0.0243,2278.67154,2278.93261,0.26107,0.00531,-0.00175,0.00158,0.03141,0.00158,0.03141,49.19164,0.0314496,0.00063933,79999.529,79687.561,0.471,312.439,True,False,False
259.68,INSERTION,THRUST,79999.424,33.1423165,3.1923124,132.00512,0.96178,-3.32869,0.02432,2278.67596,2278.93261,0.25665,0.00522,-0.00172,0.00153,0.03088,0.00153,0.03088,49.19171,0.0309167,0.00062849,79999.535,79692.843,0.465,307.157,True,False,False
259.84,INSERTION,THRUST,79999.427,33.1423165,3.1923125,132.02566,0.96163,-3.28091,0.02434,2278.68092,2278.9326,0.25168,0.00512,-0.00169,0.00147,0.03028,0.00147,0.03028,49.19179,0.0303189,0.00061634,79999.543,79698.767,0.457,301.233,True,False,False
259.98,INSERTION,THRUST,79999.43,33.1423165,3.1923125,132.04366,0.9615,-3.23894,0.02435,2278.68519,2278.9326,0.24741,0.00503,-0.00166,0.00142,0.02977,0.00142,0.02977,49.19186,0.0298043,0.00060588,79999.549,79703.868,0.451,296.132,True,False,False
260.12,INSERTION,THRUST,79999.432,33.1423166,3.1923125,132.0617,0.96137,-3.19661,0.02436,2278.68938,2278.93259,0.24321,0.00494,-0.00163,0.00137,0.02927,0.00137,0.02927,49.19192,0.0292993,0.00059561,79999.556,79708.874,0.444,291.126,True,False,False
260.26,INSERTION,THRUST,79999.435,33.1423166,3.1923126,132.07976,0.96124,-3.15397,0.02437,2278.6935,2278.93259,0.23909,0.00486,-0.0016,0.00133,0.02877,0.00133,0.02877,49.19199,0.0288029,0.00058552,79999.563,79713.795,0.437,286.205,True,False,False
260.42,INSERTION,THRUST,79999.438,33.1423166,3.1923126,132.10044,0.96109,-3.10487,0.02437,2278.69812,2278.93258,0.23446,0.00477,-0.00157,0.00128,0.02822,0.00128,0.02822,49.19206,0.028246,0.0005742,79999.57,79719.315,0.43,280.685,True,False,False
260.56,INSERTION,THRUST,79999.441,33.1423166,3.1923126,132.11857,0.96096,-3.06174,0.02437,2278.7021,2278.93258,0.23048,0.00469,-0.00154,0.00123,0.02774,0.00123,0.02774,49.19212,0.0277667,0.00056445,79999.577,79724.067,0.423,275.933,True,False,False
260.7,INSERTION,THRUST,79999.443,33.1423167,3.1923126,132.13673,0.96083,-3.01825,0.02437,2278.706,2278.93257,0.22657,0.00461,-0.00152,0.00119,0.02727,0.00119,0.02727,49.19218,0.0272962,0.00055489,79999.584,79728.731,0.416,271.269,True,False,False
260.84,INSERTION,THRUST,79999.446,33.1423167,3.1923127,132.15492,0.9607,-2.97444,0.02437,2278.70984,2278.93257,0.22273,0.00453,-0.00149,0.00115,0.02681,0.00115,0.02681,49.19224,0.0268338,0.00054549,79999.59,79733.316,0.41,266.684,True,False,False
261,INSERTION,THRUST,79999.449,33.1423167,3.1923127,132.17574,0.96055,-2.92401,0.02436,2278.71414,2278.93256,0.21842,0.00444,-0.00146,0.0011,0.02629,0.0011,0.02629,49.19231,0.0263151,0.00053494,79999.598,79738.46,0.402,261.54,True,False,False
261.14,INSERTION,THRUST,79999.452,33.1423167,3.1923127,132.19399,0.96042,-2.8797,0.02434,2278.71785,2278.93256,0.21471,0.00436,-0.00144,0.00106,0.02585,0.00106,0.02585,49.19237,0.0258685,0.00052586,79999.605,79742.888,0.395,257.112,True,False,False
261.28,INSERTION,THRUST,79999.454,33.1423168,3.1923127,132.21228,0.96029,-2.83506,0.02433,2278.72149,2278.93256,0.21107,0.00429,-0.00141,0.00102,0.02541,0.00102,0.02541,49.19243,0.0254303,0.00051696,79999.611,79747.233,0.389,252.767,True,False,False
261.42,INSERTION,THRUST,79999.457,33.1423168,3.1923128,132.23059,0.96016,-2.79004,0.02431,2278.72506,2278.93255,0.20749,0.00422,-0.00139,0.00099,0.02498,0.00099,0.02498,49.19248,0.0249996,0.0005082,79999.618,79751.505,0.382,248.495,True,False,False
261.58,INSERTION,THRUST,79999.46,33.1423168,3.1923128,132.25156,0.96001,-2.73822,0.02429,2278.72907,2278.93255,0.20347,0.00414,-0.00136,0.00094,0.0245,0.00094,0.0245,49.19255,0.0245164,0.00049838,79999.626,79756.297,0.374,243.703,True,False,False
261.72,INSERTION,THRUST,79999.462,33.1423168,3.1923128,132.26995,0.95988,-2.69267,0.02427,2278.73252,2278.93254,0.20002,0.00407,-0.00134,0.00091,0.02408,0.00091,0.02408,49.1926,0.0241004,0.00048992,79999.632,79760.423,0.368,239.577,True,False,False
261.86,INSERTION,THRUST,79999.465,33.1423168,3.1923128,132.28836,0.95974,-2.64676,0.02424,2278.73591,2278.93254,0.19662,0.004,-0.00132,0.00087,0.02368,0.00087,0.02368,49.19265,0.0236922,0.00048162,79999.639,79764.472,0.361,235.528,True,False,False
262,INSERTION,THRUST,79999.468,33.1423169,3.1923128,132.3068,0.95961,-2.60048,0.02422,2278.73924,2278.93253,0.19329,0.00393,-0.0013,0.00084,0.02328,0.00084,0.02328,49.1927,0.023291,0.00047346,79999.646,79768.452,0.354,231.548,True,False,False
262.16,INSERTION,THRUST,79999.471,33.1423169,3.1923129,132.32792,0.95946,-2.54716,0.02418,2278.74298,2278.93253,0.18955,0.00385,-0.00127,0.0008,0.02283,0.0008,0.02283,49.19277,0.0228408,0.00046431,79999.654,79772.917,0.346,227.083,True,False,False
262.3,INSERTION,THRUST,79999.473,33.1423169,3.1923129,132.34643,0.95933,-2.50026,0.02415,2278.7462,2278.93252,0.18633,0.00379,-0.00125,0.00077,0.02244,0.00077,0.02244,49.19282,0.0224534,0.00045644,79999.66,79776.761,0.34,223.239,True,False,False
262.44,INSERTION,THRUST,79999.476,33.1423169,3.1923129,132.36497,0.95919,-2.45291,0.02412,2278.74935,2278.93252,0.18317,0.00372,-0.00123,0.00073,0.02206,0.00073,0.02206,49.19286,0.0220731,0.00044871,79999.667,79780.533,0.333,219.467,True,False,False
262.58,INSERTION,THRUST,79999.478,33.1423169,3.1923129,132.38354,0.95906,-2.40517,0.02408,2278.75245,2278.93251,0.18006,0.00366,-0.00121,0.0007,0.02169,0.0007,0.02169,49.19291,0.0216994,0.00044111,79999.674,79784.241,0.326,215.759,True,False,False
262.74,INSERTION,THRUST,79999.481,33.142317,3.192313,132.40481,0.95891,-2.35017,0.02404,2278.75593,2278.93251,0.17658,0.00359,-0.00118,0.00067,0.02127,0.00067,0.02127,49.19297,0.0212801,0.00043258,79999.682,79788.401,0.318,211.599,True,False,False
262.88,INSERTION,THRUST,79999.484,33.142317,3.192313,132.42345,0.95877,-2.30182,0.024,2278.75893,2278.93251,0.17358,0.00353,-0.00116,0.00064,0.02091,0.00064,0.02091,49.19301,0.0209191,0.00042525,79999.688,79791.983,0.312,208.017,True,False,False
263.02,INSERTION,THRUST,79999.486,33.142317,3.192313,132.44212,0.95864,-2.25302,0.02396,2278.76187,2278.9325,0.17063,0.00347,-0.00114,0.00061,0.02056,0.00061,0.02056,49.19306,0.020565,0.00041805,79999.695,79795.497,0.305,204.503,True,False,False
263.16,INSERTION,THRUST,79999.489,33.142317,3.192313,132.46083,0.95851,-2.20382,0.02392,2278.76476,2278.9325,0.16774,0.00341,-0.00112,0.00058,0.02021,0.00058,0.02021,49.1931,0.0202168,0.00041097,79999.702,79798.952,0.298,201.048,True,False,False
263.32,INSERTION,THRUST,79999.491,33.142317,3.192313,132.48224,0.95835,-2.14725,0.02387,2278.768,2278.93249,0.16449,0.00334,-0.0011,0.00055,0.01982,0.00055,0.01982,49.19316,0.0198262,0.00040303,79999.71,79802.828,0.29,197.172,True,False,False
263.46,INSERTION,THRUST,79999.494,33.142317,3.192313,132.50102,0.95822,-2.09747,0.02382,2278.77079,2278.93249,0.16169,0.00329,-0.00108,0.00052,0.01948,0.00052,0.01948,49.1932,0.01949,0.00039619,79999.716,79806.165,0.284,193.835,True,False,False
263.6,INSERTION,THRUST,79999.496,33.1423171,3.1923131,132.51982,0.95808,-2.04727,0.02377,2278.77353,2278.93248,0.15895,0.00323,-0.00107,0.00049,0.01915,0.00049,0.01915,49.19324,0.0191601,0.00038949,79999.723,79809.44,0.277,190.56,True,False,False
263.74,INSERTION,THRUST,79999.499,33.1423171,3.1923131,132.53866,0.95795,-1.99668,0.02372,2278.77623,2278.93248,0.15625,0.00318,-0.00105,0.00047,0.01883,0.00047,0.01883,49.19328,0.0188358,0.00038289,79999.73,79812.659,0.27,187.341,True,False,False
263.9,INSERTION,THRUST,79999.502,33.1423171,3.1923131,132.56022,0.95779,-1.93851,0.02366,2278.77925,2278.93248,0.15323,0.00311,-0.00103,0.00044,0.01847,0.00044,0.01847,49.19333,0.018472,0.0003755,79999.738,79816.27,0.262,183.73,True,False,False
264.04,INSERTION,THRUST,79999.504,33.1423171,3.1923131,132.57913,0.95766,-1.88738,0.02361,2278.78185,2278.93247,0.15062,0.00306,-0.00101,0.00042,0.01815,0.00042,0.01815,49.19337,0.0181588,0.00036913,79999.744,79819.379,0.256,180.621,True,False,False
264.18,INSERTION,THRUST,79999.506,33.1423171,3.1923131,132.59806,0.95752,-1.83583,0.02356,2278.7844,2278.93247,0.14807,0.00301,-0.00099,0.00039,0.01785,0.00039,0.01785,49.19341,0.0178515,0.00036288,79999.751,79822.43,0.249,177.57,True,False,False
264.32,INSERTION,THRUST,79999.509,33.1423171,3.1923132,132.61703,0.95739,-1.7839,0.0235,2278.78691,2278.93246,0.14556,0.00296,-0.00098,0.00037,0.01755,0.00037,0.01755,49.19345,0.0175494,0.00035674,79999.758,79825.429,0.242,174.571,True,False,False
264.48,INSERTION,THRUST,79999.511,33.1423172,3.1923132,132.63875,0.95723,-1.7242,0.02343,2278.78972,2278.93246,0.14274,0.0029,-0.00096,0.00034,0.01721,0.00034,0.01721,49.1935,0.0172105,0.00034985,79999.766,79828.794,0.234,171.206,True,False,False
264.62,INSERTION,THRUST,79999.514,33.1423172,3.1923132,132.65779,0.95709,-1.67174,0.02338,2278.79214,2278.93246,0.14031,0.00285,-0.00094,0.00032,0.01692,0.00032,0.01692,49.19354,0.0169188,0.00034392,79999.772,79831.69,0.228,168.31,True,False,False
264.76,INSERTION,THRUST,79999.516,33.1423172,3.1923132,132.67686,0.95696,-1.6189,0.02332,2278.79452,2278.93245,0.13793,0.0028,-0.00092,0.0003,0.01663,0.0003,0.01663,49.19357,0.0166325,0.0003381,79999.779,79834.533,0.221,165.467,True,False,False
264.9,INSERTION,THRUST,79999.518,33.1423172,3.1923132,132.69597,0.95682,-1.56571,0.02326,2278.79686,2278.93245,0.13559,0.00276,-0.00091,0.00028,0.01635,0.00028,0.01635,49.19361,0.0163511,0.00033238,79999.786,79837.327,0.214,162.673,True,False,False
265.06,INSERTION,THRUST,79999.521,33.1423172,3.1923132,132.71784,0.95666,-1.50455,0.02319,2278.79948,2278.93244,0.13296,0.0027,-0.00089,0.00025,0.01603,0.00025,0.01603,49.19365,0.0160355,0.00032597,79999.794,79840.462,0.206,159.538,True,False,False
265.2,INSERTION,THRUST,79999.523,33.1423172,3.1923132,132.73701,0.95653,-1.45085,0.02312,2278.80173,2278.93244,0.1307,0.00266,-0.00088,0.00024,0.01576,0.00024,0.01576,49.19368,0.0157638,0.00032044,79999.8,79843.161,0.2,156.839,True,False,False
265.34,INSERTION,THRUST,79999.526,33.1423172,3.1923133,132.75622,0.95639,-1.39668,0.02306,2278.80395,2278.93244,0.12849,0.00261,-0.00086,0.00022,0.0155,0.00022,0.0155,49.19372,0.0154971,0.00031502,79999.807,79845.809,0.193,154.191,True,False,False
265.48,INSERTION,THRUST,79999.528,33.1423173,3.1923133,132.77546,0.95625,-1.34211,0.02299,2278.80613,2278.93243,0.12631,0.00257,-0.00085,0.0002,0.01523,0.0002,0.01523,49.19375,0.015235,0.00030969,79999.814,79848.412,0.186,151.588,True,False,False
265.64,INSERTION,THRUST,79999.531,33.1423173,3.1923133,132.79749,0.95609,-1.27937,0.02292,2278.80857,2278.93243,0.12386,0.00252,-0.00083,0.00018,0.01494,0.00018,0.01494,49.19379,0.014941,0.00030372,79999.822,79851.333,0.178,148.667,True,False,False
265.78,INSERTION,THRUST,79999.527,33.1423173,3.1923133,132.8168,0.95596,-1.22425,0.02285,2278.81067,2278.93242,0.12175,0.00247,-0.00082,0.00016,0.01469,0.00016,0.01469,49.19383,0.0146879,0.00029857,79999.828,79853.847,0.172,146.153,True,False,False
265.92,INSERTION,THRUST,79999.527,33.1423174,3.1923134,132.83615,0.95582,-1.16873,0.02278,2278.81276,2278.93243,0.11968,0.00243,-0.0008,0.00019,0.01444,0.00019,0.01444,49.19386,0.0144389,0.00029351,79999.827,79856.318,0.173,143.682,True,False,False
266.06,INSERTION,THRUST,79999.529,33.1423174,3.1923134,132.85552,0.95568,-1.11555,0.02271,2278.81478,2278.93243,0.11765,0.00239,-0.00079,0.00017,0.01419,0.00017,0.01419,49.19389,0.0141947,0.00028855,79999.834,79858.744,0.166,141.256,True,False,False
266.22,INSERTION,THRUST,79999.532,33.1423174,3.1923135,132.8777,0.95552,-1.05971,0.02263,2278.81706,2278.93242,0.11537,0.00235,-0.00077,0.00016,0.01392,0.00016,0.01392,49.19393,0.0139208,0.00028298,79999.842,79861.465,0.158,138.535,True,False,False
266.36,INSERTION,THRUST,79999.534,33.1423174,3.1923135,132.89715,0.95538,-1.01431,0.02256,2278.81902,2278.93242,0.1134,0.00231,-0.00076,0.00014,0.01368,0.00014,0.01368,49.19396,0.0136849,0.00027818,79999.848,79863.807,0.152,136.193,True,False,False
266.5,INSERTION,THRUST,79999.537,33.1423174,3.1923135,132.91663,0.95524,-0.97108,0.02248,2278.82094,2278.93242,0.11148,0.00227,-0.00075,0.00012,0.01345,0.00012,0.01345,49.19399,0.0134534,0.00027348,79999.855,79866.106,0.145,133.894,True,False,False
266.64,INSERTION,THRUST,79999.539,33.1423175,3.1923135,132.93614,0.9551,-0.92932,0.02241,2278.82283,2278.93241,0.10959,0.00223,-0.00073,0.00011,0.01323,0.00011,0.01323,49.19402,0.0132259,0.00026885,79999.862,79868.366,0.138,131.634,True,False,False
266.8,INSERTION,THRUST,79999.542,33.1423175,3.1923135,132.95849,0.95494,-0.88265,0.02233,2278.82495,2278.93241,0.10746,0.00218,-0.00072,9E-05,0.01297,9E-05,0.01297,49.19405,0.0129707,0.00026366,79999.869,79870.901,0.131,129.099,True,False,False
266.94,INSERTION,THRUST,79999.544,33.1423175,3.1923135,132.97807,0.9548,-0.8421,0.02226,2278.82677,2278.9324,0.10563,0.00215,-0.00071,7E-05,0.01275,7E-05,0.01275,49.19408,0.012751,0.0002592,79999.876,79873.083,0.124,126.917,True,False,False
267.08,INSERTION,THRUST,79999.547,33.1423175,3.1923135,132.99769,0.95466,-0.8009,0.02219,2278.82856,2278.9324,0.10384,0.00211,-0.0007,6E-05,0.01254,6E-05,0.01254,49.19411,0.0125354,0.00025482,79999.883,79875.224,0.117,124.776,True,False,False
267.22,INSERTION,THRUST,79999.549,33.1423175,3.1923135,133.01734,0.95452,-0.75837,0.02212,2278.83032,2278.9324,0.10208,0.00207,-0.00068,4E-05,0.01232,4E-05,0.01232,49.19414,0.0123235,0.00025051,79999.89,79877.329,0.11,122.671,True,False,False
267.38,INSERTION,THRUST,79999.552,33.1423175,3.1923136,133.03984,0.95436,-0.70758,0.02204,2278.83229,2278.93239,0.1001,0.00203,-0.00067,2E-05,0.01209,2E-05,0.01209,49.19416,0.0120858,0.00024568,79999.898,79879.691,0.102,120.309,True,False,False
267.52,INSERTION,THRUST,79999.554,33.1423175,3.1923136,133.05956,0.95422,-0.66091,0.02197,2278.83399,2278.93239,0.0984,0.002,-0.00066,1E-05,0.01188,1E-05,0.01188,49.19419,0.0118812,0.00024152,79999.905,79881.723,0.095,118.277,True,False,False
267.66,INSERTION,THRUST,79999.556,33.1423175,3.1923136,133.07932,0.95408,-0.61165,0.0219,2278.83566,2278.93238,0.09673,0.00197,-0.00065,-1E-05,0.01168,-1E-05,0.01168,49.19422,0.0116805,0.00023744,79999.912,79883.718,0.088,116.282,True,False,False
267.8,INSERTION,THRUST,79999.558,33.1423175,3.1923136,133.09911,0.95394,-0.55978,0.02183,2278.8373,2278.93238,0.09508,0.00193,-0.00064,-2E-05,0.01148,-2E-05,0.01148,49.19424,0.0114832,0.00023342,79999.919,79885.679,0.081,114.321,True,False,False
267.96,INSERTION,THRUST,79999.561,33.1423176,3.1923136,133.12177,0.95378,-0.49794,0.02175,2278.83914,2278.93238,0.09324,0.0019,-0.00062,-4E-05,0.01126,-4E-05,0.01126,49.19427,0.0112618,0.00022893,79999.927,79887.879,0.073,112.121,True,False,False
268.1,INSERTION,THRUST,79999.563,33.1423176,3.1923136,133.14163,0.95364,-0.44191,0.02168,2278.84072,2278.93237,0.09165,0.00186,-0.00061,-5E-05,0.01107,-5E-05,0.01107,49.1943,0.0110713,0.00022505,79999.934,79889.773,0.066,110.227,True,False,False
268.24,INSERTION,THRUST,79999.565,33.1423176,3.1923136,133.16153,0.95349,-0.3841,0.02161,2278.84227,2278.93237,0.0901,0.00183,-0.0006,-6E-05,0.01088,-6E-05,0.01088,49.19432,0.0108843,0.00022125,79999.941,79891.631,0.059,108.369,True,False,False
268.38,INSERTION,THRUST,79999.567,33.1423176,3.1923136,133.18146,0.95335,-0.32455,0.02154,2278.8438,2278.93237,0.08857,0.0018,-0.00059,-7E-05,0.0107,-7E-05,0.0107,49.19434,0.0107006,0.00021752,79999.948,79893.458,0.052,106.542,True,False,False
268.54,INSERTION,THRUST,79999.569,33.1423176,3.1923136,133.20428,0.95319,-0.25458,0.02145,2278.84551,2278.93236,0.08685,0.00177,-0.00058,-8E-05,0.01049,-8E-05,0.01049,49.19437,0.0104944,0.00021333,79999.956,79895.507,0.044,104.493,True,False,False
268.68,INSERTION,THRUST,79999.571,33.1423176,3.1923136,133.22429,0.95305,-0.19207,0.02138,2278.84699,2278.93236,0.08537,0.00174,-0.00057,-9E-05,0.01032,-9E-05,0.01032,49.1944,0.010317,0.00020972,79999.963,79897.272,0.037,102.728,True,False,False
268.82,INSERTION,THRUST,79999.573,33.1423176,3.1923137,133.24432,0.95291,-0.12845,0.02131,2278.84843,2278.93236,0.08392,0.00171,-0.00056,-0.0001,0.01014,-0.0001,0.01014,49.19442,0.0101428,0.00020618,79999.97,79899.003,0.03,100.997,True,False,False
268.96,INSERTION,THRUST,79999.574,33.1423176,3.1923137,133.2644,0.95276,-0.06439,0.02123,2278.84985,2278.93235,0.0825,0.00168,-0.00055,-0.00011,0.00997,-0.00011,0.00997,49.19444,0.0099717,0.0002027,79999.977,79900.705,0.023,99.295,True,False,False
269.12,INSERTION,THRUST,79999.577,33.1423176,3.1923137,133.28738,0.9526,0.01967,0.02115,2278.85145,2278.93235,0.0809,0.00164,-0.00054,-0.00013,0.00978,-0.00013,0.00978,49.19447,0.0097797,0.0001988,79999.986,79902.614,0.014,97.386,True,False,False
269.26,INSERTION,THRUST,79999.572,33.1423177,3.1923137,133.30752,0.95246,0.08051,0.02108,2278.85283,2278.93235,0.07952,0.00162,-0.00053,-0.00013,0.00961,-0.00013,0.00961,49.19449,0.0096141,0.00019543,79999.991,79904.258,0.009,95.742,True,False,False
269.4,INSERTION,THRUST,79999.572,33.1423177,3.1923138,133.32771,0.95231,0.14616,0.021,2278.85419,2278.93236,0.07816,0.00159,-0.00052,-9E-05,0.00945,-9E-05,0.00945,49.19451,0.0094504,0.0001921,79999.992,79905.874,0.008,94.126,True,False,False
269.54,INSERTION,THRUST,79999.574,33.1423177,3.1923138,133.34792,0.95217,0.20765,0.02092,2278.85552,2278.93235,0.07684,0.00156,-0.00052,-0.0001,0.00929,-0.0001,0.00929,49.19453,0.0092909,0.00018886,79999.999,79907.46,0.001,92.54,True,False,False
269.7,INSERTION,THRUST,79999.576,33.1423178,3.1923138,133.37107,0.952,0.2656,0.02083,2278.857,2278.93235,0.07535,0.00153,-0.00051,-0.00011,0.00911,-0.00011,0.00911,49.19455,0.009112,0.00018522,80000.007,79909.239,-0.007,90.761,True,False,False
269.84,INSERTION,THRUST,79999.579,33.1423178,3.1923138,133.39135,0.95186,0.30854,0.02075,2278.85828,2278.93235,0.07406,0.00151,-0.0005,-0.00012,0.00896,-0.00012,0.00896,49.19458,0.0089579,0.00018209,80000.013,79910.77,-0.013,89.23,True,False,False
269.98,INSERTION,THRUST,79999.581,33.1423178,3.1923138,133.41168,0.95171,0.34745,0.02067,2278.85954,2278.93234,0.0728,0.00148,-0.00049,-0.00013,0.00881,-0.00013,0.00881,49.19459,0.0088067,0.00017902,80000.02,79912.272,-0.02,87.728,True,False,False
270.12,INSERTION,THRUST,79999.583,33.1423178,3.1923138,133.43203,0.95157,0.38496,0.02059,2278.86077,2278.93234,0.07157,0.00145,-0.00048,-0.00014,0.00866,-0.00014,0.00866,49.19461,0.0086581,0.000176,80000.028,79913.749,-0.028,86.251,True,False,False
270.28,INSERTION,THRUST,79999.585,33.1423178,3.1923139,133.45534,0.9514,0.4285,0.02051,2278.86216,2278.93233,0.07018,0.00143,-0.00047,-0.00015,0.00849,-0.00015,0.00849,49.19463,0.0084915,0.00017261,80000.036,79915.406,-0.036,84.594,True,False,False
270.42,INSERTION,THRUST,79999.588,33.1423178,3.1923139,133.47577,0.95126,0.46853,0.02043,2278.86335,2278.93233,0.06898,0.0014,-0.00046,-0.00016,0.00835,-0.00016,0.00835,49.19465,0.008348,0.00016969,80000.043,79916.832,-0.043,83.168,True,False,False
270.56,INSERTION,THRUST,79999.59,33.1423178,3.1923139,133.49624,0.95111,0.51143,0.02036,2278.86452,2278.93233,0.06781,0.00138,-0.00045,-0.00017,0.00821,-0.00017,0.00821,49.19467,0.0082073,0.00016683,80000.05,79918.231,-0.05,81.769,True,False,False
270.7,INSERTION,THRUST,79999.592,33.1423178,3.1923139,133.51674,0.95097,0.55777,0.02029,2278.86567,2278.93232,0.06666,0.00135,-0.00045,-0.00018,0.00807,-0.00018,0.00807,49.19469,0.008069,0.00016402,80000.058,79919.606,-0.058,80.394,True,False,False
270.86,INSERTION,THRUST,79999.594,33.1423178,3.1923139,133.54021,0.9508,0.61559,0.02021,2278.86696,2278.93232,0.06537,0.00133,-0.00044,-0.00019,0.00791,-0.00019,0.00791,49.19471,0.0079138,0.00016087,80000.067,79921.149,-0.067,78.851,True,False,False
271,INSERTION,THRUST,79999.596,33.1423178,3.1923139,133.56078,0.95066,0.67065,0.02014,2278.86807,2278.93232,0.06425,0.00131,-0.00043,-0.0002,0.00778,-0.0002,0.00778,49.19473,0.0077803,0.00015815,80000.074,79922.477,-0.074,77.523,True,False,False
271.14,INSERTION,THRUST,79999.598,33.1423178,3.1923139,133.58139,0.95051,0.72989,0.02007,2278.86915,2278.93231,0.06316,0.00128,-0.00042,-0.00021,0.00765,-0.00021,0.00765,49.19475,0.0076493,0.00015549,80000.082,79923.781,-0.082,76.219,True,False,False
271.28,INSERTION,THRUST,79999.599,33.1423178,3.1923139,133.60203,0.95036,0.79323,0.02,2278.87022,2278.93231,0.06209,0.00126,-0.00042,-0.00021,0.00752,-0.00021,0.00752,49.19476,0.0075204,0.00015287,80000.089,79925.062,-0.089,74.938,True,False,False
271.44,INSERTION,THRUST,79999.601,33.1423178,3.1923139,133.62567,0.9502,0.87042,0.01993,2278.87143,2278.93231,0.06088,0.00124,-0.00041,-0.00022,0.00737,-0.00022,0.00737,49.19478,0.007376,0.00014993,80000.098,79926.499,-0.098,73.501,True,False,False
271.58,INSERTION,THRUST,79999.603,33.1423178,3.1923139,133.64639,0.95005,0.94181,0.01986,2278.87246,2278.93231,0.05985,0.00122,-0.0004,-0.00023,0.00725,-0.00023,0.00725,49.1948,0.0072516,0.00014741,80000.106,79927.737,-0.106,72.263,True,False,False
271.72,INSERTION,THRUST,79999.604,33.1423179,3.1923139,133.66714,0.9499,1.0163,0.01979,2278.87347,2278.9323,0.05883,0.0012,-0.00039,-0.00023,0.00713,-0.00023,0.00713,49.19481,0.0071295,0.00014492,80000.113,79928.951,-0.113,71.049,True,False,False
271.86,INSERTION,THRUST,79999.606,33.1423179,3.1923139,133.68793,0.94975,1.09336,0.01972,2278.87447,2278.9323,0.05783,0.00118,-0.00039,-0.00024,0.00701,-0.00024,0.00701,49.19483,0.0070096,0.00014249,80000.121,79930.144,-0.121,69.856,True,False,False
272.02,INSERTION,THRUST,79999.607,33.1423179,3.1923139,133.71174,0.94959,1.1839,0.01964,2278.87559,2278.9323,0.05671,0.00115,-0.00038,-0.00024,0.00687,-0.00024,0.00687,49.19485,0.006875,0.00013975,80000.13,79931.483,-0.13,68.517,True,False,False
272.16,INSERTION,THRUST,79999.608,33.1423179,3.1923139,133.7326,0.94944,1.26437,0.01957,2278.87655,2278.9323,0.05574,0.00113,-0.00037,-0.00025,0.00675,-0.00025,0.00675,49.19486,0.0067591,0.00013739,80000.137,79932.636,-0.137,67.364,True,False,False
272.3,INSERTION,THRUST,79999.61,33.1423179,3.192314,133.7535,0.94929,1.34538,0.01949,2278.8775,2278.93229,0.05479,0.00111,-0.00037,-0.00025,0.00664,-0.00025,0.00664,49.19488,0.0066454,0.00013508,80000.145,79933.767,-0.145,66.233,True,False,False
272.44,INSERTION,THRUST,79999.611,33.1423179,3.192314,133.77444,0.94914,1.42627,0.01942,2278.87843,2278.93229,0.05386,0.00109,-0.00036,-0.00025,0.00653,-0.00025,0.00653,49.19489,0.0065336,0.00013281,80000.153,79934.879,-0.153,65.121,True,False,False
272.6,INSERTION,THRUST,79999.613,33.1423179,3.192314,133.7984,0.94897,1.51792,0.01934,2278.87947,2278.93229,0.05282,0.00107,-0.00035,-0.00026,0.0064,-0.00026,0.0064,49.19491,0.0064082,0.00013026,80000.162,79936.126,-0.162,63.874,True,False,False
272.74,INSERTION,THRUST,79999.614,33.1423179,3.192314,133.81942,0.94882,1.59689,0.01926,2278.88037,2278.93229,0.05192,0.00106,-0.00035,-0.00026,0.00629,-0.00026,0.00629,49.19492,0.0063002,0.00012807,80000.169,79937.2,-0.169,62.8,True,False,False
272.88,INSERTION,THRUST,79999.615,33.1423179,3.192314,133.84046,0.94867,1.67464,0.01919,2278.88125,2278.93228,0.05104,0.00104,-0.00034,-0.00026,0.00619,-0.00026,0.00619,49.19494,0.0061943,0.00012591,80000.177,79938.254,-0.177,61.746,True,False,False
273.02,INSERTION,THRUST,79999.616,33.1423179,3.192314,133.86154,0.94853,1.75091,0.01912,2278.88211,2278.93228,0.05017,0.00102,-0.00034,-0.00026,0.00608,-0.00026,0.00608,49.19495,0.0060901,0.0001238,80000.184,79939.289,-0.184,60.711,True,False,False
273.18,INSERTION,THRUST,79999.618,33.1423179,3.192314,133.88568,0.94835,1.83617,0.01903,2278.88308,2278.93228,0.0492,0.001,-0.00033,-0.00027,0.00597,-0.00027,0.00597,49.19497,0.0059733,0.00012142,80000.193,79940.451,-0.193,59.549,True,False,False
273.32,INSERTION,THRUST,79999.619,33.1423179,3.192314,133.90684,0.94821,1.90901,0.01896,2278.88392,2278.93228,0.04836,0.00098,-0.00032,-0.00027,0.00587,-0.00027,0.00587,49.19498,0.0058727,0.00011938,80000.201,79941.451,-0.201,58.549,True,False,False
273.46,INSERTION,THRUST,79999.621,33.1423179,3.192314,133.92803,0.94806,1.98068,0.01889,2278.88474,2278.93227,0.04754,0.00097,-0.00032,-0.00027,0.00577,-0.00027,0.00577,49.19499,0.005774,0.00011737,80000.209,79942.433,-0.209,57.567,True,False,False
273.6,INSERTION,THRUST,79999.622,33.1423179,3.192314,133.94926,0.94791,2.05123,0.01881,2278.88554,2278.93227,0.04673,0.00095,-0.00031,-0.00027,0.00567,-0.00027,0.00567,49.195,0.005677,0.0001154,80000.217,79943.397,-0.217,56.603,True,False,False
273.76,INSERTION,THRUST,79999.624,33.1423179,3.192314,133.97356,0.94773,2.13096,0.01873,2278.88645,2278.93227,0.04582,0.00093,-0.00031,-0.00028,0.00556,-0.00028,0.00556,49.19502,0.0055682,0.00011319,80000.225,79944.479,-0.225,55.521,True,False,False
273.9,INSERTION,THRUST,79999.625,33.1423179,3.192314,133.99487,0.94758,2.20011,0.01866,2278.88723,2278.93227,0.04504,0.00092,-0.0003,-0.00028,0.00547,-0.00028,0.00547,49.19503,0.0054746,0.00011128,80000.233,79945.411,-0.233,54.589,True,False,False
274.04,INSERTION,THRUST,79999.627,33.1423179,3.192314,134.01621,0.94743,2.26925,0.01859,2278.88799,2278.93227,0.04427,0.0009,-0.0003,-0.00028,0.00538,-0.00028,0.00538,49.19504,0.0053827,0.00010941,80000.241,79946.325,-0.241,53.675,True,False,False
274.18,INSERTION,THRUST,79999.628,33.1423179,3.192314,134.03759,0.94728,2.33858,0.01852,2278.88874,2278.93226,0.04352,0.00088,-0.00029,-0.00029,0.00528,-0.00029,0.00528,49.19506,0.0052923,0.00010758,80000.249,79947.223,-0.249,52.777,True,False,False
274.34,INSERTION,THRUST,79999.63,33.142318,3.192314,134.06206,0.94711,2.41843,0.01844,2278.88958,2278.93226,0.04268,0.00087,-0.00029,-0.00029,0.00518,-0.00029,0.00518,49.19507,0.005191,0.00010552,80000.259,79948.231,-0.259,51.769,True,False,False
274.48,INSERTION,THRUST,79999.631,33.142318,3.192314,134.08351,0.94696,2.48889,0.01837,2278.89031,2278.93226,0.04195,0.00085,-0.00028,-0.00029,0.0051,-0.00029,0.0051,49.19508,0.0051037,0.00010375,80000.267,79949.098,-0.267,50.902,True,False,False
274.62,INSERTION,THRUST,79999.632,33.142318,3.192314,134.105,0.94681,2.56023,0.0183,2278.89102,2278.93226,0.04124,0.00084,-0.00028,-0.00029,0.00501,-0.00029,0.00501,49.19509,0.0050181,0.000102,80000.275,79949.949,-0.275,50.051,True,False,False
274.76,INSERTION,THRUST,79999.633,33.142318,3.1923141,134.12653,0.94666,2.63256,0.01823,2278.89172,2278.93225,0.04053,0.00082,-0.00027,-0.00029,0.00493,-0.00029,0.00493,49.1951,0.004934,0.00010029,80000.283,79950.786,-0.283,49.214,True,False,False
274.92,INSERTION,THRUST,79999.635,33.142318,3.1923141,134.15117,0.94648,2.71649,0.01815,2278.8925,2278.93225,0.03975,0.00081,-0.00027,-0.0003,0.00483,-0.0003,0.00483,49.19511,0.0048396,9.838E-05,80000.292,79951.724,-0.292,48.276,True,False,False
275.06,INSERTION,THRUST,79999.636,33.142318,3.1923141,134.17277,0.94633,2.79087,0.01808,2278.89318,2278.93225,0.03907,0.00079,-0.00026,-0.0003,0.00475,-0.0003,0.00475,49.19512,0.0047583,9.672E-05,80000.301,79952.532,-0.301,47.468,True,False,False
275.2,INSERTION,THRUST,79999.637,33.142318,3.1923141,134.19441,0.94618,2.8662,0.01801,2278.89384,2278.93225,0.03841,0.00078,-0.00026,-0.0003,0.00467,-0.0003,0.00467,49.19513,0.0046786,9.51E-05,80000.309,79953.325,-0.309,46.675,True,False,False
275.34,INSERTION,THRUST,79999.639,33.142318,3.1923141,134.21609,0.94603,2.94239,0.01795,2278.89449,2278.93225,0.03775,0.00077,-0.00025,-0.0003,0.00459,-0.0003,0.00459,49.19515,0.0046002,9.351E-05,80000.317,79954.104,-0.317,45.896,True,False,False
275.5,INSERTION,THRUST,79999.64,33.142318,3.1923141,134.2409,0.94585,3.03033,0.01787,2278.89522,2278.93224,0.03702,0.00075,-0.00025,-0.0003,0.0045,-0.0003,0.0045,49.19516,0.0045122,9.172E-05,80000.327,79954.978,-0.327,45.022,True,False,False
275.64,INSERTION,THRUST,79999.641,33.142318,3.1923141,134.26265,0.9457,3.10769,0.0178,2278.89585,2278.93224,0.03639,0.00074,-0.00024,-0.0003,0.00443,-0.0003,0.00443,49.19517,0.0044365,9.018E-05,80000.335,79955.73,-0.335,44.27,True,False,False
275.78,INSERTION,THRUST,79999.642,33.142318,3.1923141,134.28444,0.94554,3.18547,0.01773,2278.89647,2278.93224,0.03577,0.00073,-0.00024,-0.0003,0.00435,-0.0003,0.00435,49.19518,0.0043622,8.867E-05,80000.344,79956.468,-0.344,43.532,True,False,False
275.92,INSERTION,THRUST,79999.643,33.142318,3.1923141,134.30626,0.94539,3.26347,0.01767,2278.89708,2278.93224,0.03516,0.00071,-0.00024,-0.0003,0.00428,-0.0003,0.00428,49.19519,0.0042892,8.719E-05,80000.352,79957.194,-0.352,42.806,True,False,False
276.08,INSERTION,THRUST,79999.644,33.142318,3.1923141,134.33125,0.94522,3.35264,0.01759,2278.89776,2278.93224,0.03448,0.0007,-0.00023,-0.0003,0.0042,-0.0003,0.0042,49.1952,0.0042072,8.552E-05,80000.362,79958.007,-0.362,41.993,True,False,False
276.22,INSERTION,THRUST,79999.646,33.142318,3.1923141,134.35315,0.94506,3.43049,0.01752,2278.89834,2278.93223,0.03389,0.00069,-0.00023,-0.0003,0.00413,-0.0003,0.00413,49.19521,0.0041367,8.409E-05,80000.371,79958.708,-0.371,41.292,True,False,False
276.36,INSERTION,THRUST,79999.647,33.142318,3.1923141,134.37509,0.94491,3.50825,0.01746,2278.89892,2278.93223,0.03331,0.00068,-0.00022,-0.0003,0.00406,-0.0003,0.00406,49.19521,0.0040675,8.268E-05,80000.38,79959.395,-0.38,40.605,True,False,False
276.5,INSERTION,THRUST,79999.648,33.142318,3.1923141,134.39706,0.94475,3.58589,0.01739,2278.89948,2278.93223,0.03275,0.00067,-0.00022,-0.0003,0.00399,-0.0003,0.00399,49.19522,0.0039994,8.13E-05,80000.388,79960.071,-0.388,39.929,True,False,False
276.66,INSERTION,THRUST,79999.649,33.142318,3.1923141,134.42222,0.94458,3.67429,0.01732,2278.90012,2278.93223,0.03211,0.00065,-0.00022,-0.0003,0.00391,-0.0003,0.00391,49.19524,0.0039231,7.975E-05,80000.398,79960.828,-0.398,39.172,True,False,False
276.8,INSERTION,THRUST,79999.65,33.142318,3.1923141,134.44427,0.94442,3.75129,0.01725,2278.90066,2278.93223,0.03156,0.00064,-0.00021,-0.0003,0.00385,-0.0003,0.00385,49.19524,0.0038574,7.841E-05,80000.407,79961.48,-0.407,38.52,True,False,False
276.94,INSERTION,THRUST,79999.651,33.142318,3.1923141,134.46636,0.94427,3.82817,0.01719,2278.9012,2278.93222,0.03103,0.00063,-0.00021,-0.0003,0.00378,-0.0003,0.00378,49.19525,0.0037929,7.71E-05,80000.416,79962.12,-0.416,37.88,True,False,False
277.08,INSERTION,THRUST,79999.652,33.142318,3.1923141,134.48849,0.94411,3.90497,0.01712,2278.90172,2278.93222,0.0305,0.00062,-0.0002,-0.0003,0.00372,-0.0003,0.00372,49.19526,0.0037295,7.581E-05,80000.425,79962.749,-0.425,37.251,True,False,False
277.24,INSERTION,THRUST,79999.653,33.142318,3.1923141,134.51382,0.94393,3.99273,0.01705,2278.90232,2278.93222,0.0299,0.00061,-0.0002,-0.0003,0.00365,-0.0003,0.00365,49.19527,0.0036585,7.437E-05,80000.435,79963.454,-0.435,36.546,True,False,False
277.38,INSERTION,THRUST,79999.654,33.142318,3.1923141,134.53602,0.94378,4.06938,0.01699,2278.90282,2278.93222,0.02939,0.0006,-0.0002,-0.0003,0.00358,-0.0003,0.00358,49.19528,0.0035972,7.312E-05,80000.444,79964.061,-0.444,35.939,True,False,False
277.52,INSERTION,THRUST,79999.655,33.142318,3.1923141,134.55826,0.94362,4.14622,0.01692,2278.90332,2278.93222,0.02889,0.00059,-0.00019,-0.0003,0.00352,-0.0003,0.00352,49.19529,0.0035372,7.19E-05,80000.453,79964.657,-0.453,35.343,True,False,False
277.66,INSERTION,THRUST,79999.656,33.142318,3.1923141,134.58054,0.94347,4.22331,0.01686,2278.90381,2278.93222,0.0284,0.00058,-0.00019,-0.0003,0.00346,-0.0003,0.00346,49.19529,0.0034782,7.07E-05,80000.463,79965.242,-0.463,34.758,True,False,False
277.82,INSERTION,THRUST,79999.658,33.142318,3.1923141,134.60605,0.94329,4.31182,0.01679,2278.90436,2278.93221,0.02785,0.00057,-0.00019,-0.0003,0.0034,-0.0003,0.0034,49.1953,0.0034119,6.935E-05,80000.473,79965.899,-0.473,34.101,True,False,False
277.96,INSERTION,THRUST,79999.658,33.1423181,3.1923141,134.6284,0.94313,4.38956,0.01673,2278.90484,2278.93221,0.02738,0.00056,-0.00018,-0.0003,0.00334,-0.0003,0.00334,49.19531,0.0033549,6.82E-05,80000.483,79966.464,-0.483,33.536,True,False,False
278.1,INSERTION,THRUST,79999.659,33.1423181,3.1923141,134.65079,0.94298,4.46776,0.01667,2278.9053,2278.93221,0.02691,0.00055,-0.00018,-0.0003,0.00328,-0.0003,0.00328,49.19532,0.003299,6.706E-05,80000.492,79967.018,-0.492,32.982,True,False,False
278.24,INSERTION,THRUST,79999.66,33.1423181,3.1923142,134.67322,0.94282,4.54643,0.01661,2278.90576,2278.93221,0.02645,0.00054,-0.00018,-0.0003,0.00323,-0.0003,0.00323,49.19533,0.003244,6.594E-05,80000.502,79967.563,-0.502,32.437,True,False,False
278.4,INSERTION,THRUST,79999.661,33.1423181,3.1923142,134.6989,0.94264,4.63685,0.01654,2278.90627,2278.93221,0.02594,0.00053,-0.00017,-0.0003,0.00317,-0.0003,0.00317,49.19533,0.0031823,6.469E-05,80000.512,79968.174,-0.512,31.826,True,False,False
278.54,INSERTION,THRUST,79999.662,33.1423181,3.1923142,134.72141,0.94248,4.71628,0.01648,2278.90671,2278.9322,0.02549,0.00052,-0.00017,-0.0003,0.00311,-0.0003,0.00311,49.19534,0.0031291,6.361E-05,80000.522,79968.7,-0.522,31.3,True,False,False
278.68,INSERTION,THRUST,79999.663,33.1423181,3.1923142,134.74396,0.94232,4.79605,0.01642,2278.90714,2278.9322,0.02506,0.00051,-0.00017,-0.0003,0.00306,-0.0003,0.00306,49.19535,0.003077,6.255E-05,80000.532,79969.216,-0.532,30.784,True,False,False
278.82,INSERTION,THRUST,79999.664,33.1423181,3.1923142,134.76654,0.94217,4.87605,0.01636,2278.90757,2278.9322,0.02463,0.0005,-0.00017,-0.0003,0.00301,-0.0003,0.00301,49.19535,0.0030257,6.15E-05,80000.542,79969.723,-0.542,30.277,True,False,False
278.98,INSERTION,THRUST,79999.665,33.1423181,3.1923142,134.79239,0.94199,4.96762,0.01629,2278.90805,2278.9322,0.02415,0.00049,-0.00016,-0.0003,0.00295,-0.0003,0.00295,49.19536,0.0029682,6.034E-05,80000.553,79970.291,-0.553,29.709,True,False,False
279.12,INSERTION,THRUST,79999.666,33.1423181,3.1923142,134.81506,0.94183,5.04767,0.01623,2278.90846,2278.9322,0.02374,0.00048,-0.00016,-0.0003,0.0029,-0.0003,0.0029,49.19537,0.0029188,5.933E-05,80000.563,79970.781,-0.563,29.219,True,False,False
279.26,INSERTION,THRUST,79999.667,33.1423181,3.1923142,134.83776,0.94167,5.12778,0.01618,2278.90886,2278.9322,0.02334,0.00047,-0.00016,-0.0003,0.00285,-0.0003,0.00285,49.19537,0.0028702,5.834E-05,80000.573,79971.261,-0.573,28.739,True,False,False
279.4,INSERTION,THRUST,79999.668,33.1423181,3.1923142,134.86049,0.94151,5.20795,0.01612,2278.90926,2278.9322,0.02294,0.00047,-0.00015,-0.0003,0.00281,-0.0003,0.00281,49.19538,0.0028224,5.737E-05,80000.583,79971.733,-0.583,28.267,True,False,False
279.56,INSERTION,THRUST,79999.669,33.1423181,3.1923142,134.88652,0.94133,5.29959,0.01605,2278.9097,2278.93219,0.02249,0.00046,-0.00015,-0.00029,0.00275,-0.00029,0.00275,49.19539,0.0027689,5.628E-05,80000.594,79972.262,-0.594,27.738,True,False,False
279.7,INSERTION,THRUST,79999.67,33.1423181,3.1923142,134.90934,0.94117,5.37961,0.016,2278.91008,2278.93219,0.02211,0.00045,-0.00015,-0.00029,0.00271,-0.00029,0.00271,49.19539,0.0027228,5.535E-05,80000.605,79972.717,-0.605,27.283,True,False,False
279.84,INSERTION,THRUST,79999.67,33.1423181,3.1923142,134.93219,0.94101,5.45967,0.01594,2278.91046,2278.93219,0.02173,0.00044,-0.00015,-0.00029,0.00266,-0.00029,0.00266,49.1954,0.0026775,5.443E-05,80000.615,79973.163,-0.615,26.837,True,False,False
279.98,INSERTION,THRUST,79999.671,33.1423181,3.1923142,134.95508,0.94085,5.53979,0.01588,2278.91083,2278.93219,0.02136,0.00043,-0.00014,-0.00029,0.00262,-0.00029,0.00262,49.19541,0.002633,5.352E-05,80000.625,79973.602,-0.625,26.398,True,False,False
280.14,INSERTION,THRUST,79999.672,33.1423181,3.1923142,134.98129,0.94067,5.63142,0.01582,2278.91124,2278.93219,0.02095,0.00043,-0.00014,-0.00029,0.00257,-0.00029,0.00257,49.19541,0.0025831,5.251E-05,80000.637,79974.094,-0.637,25.906,True,False,False
280.28,INSERTION,THRUST,79999.673,33.1423181,3.1923142,135.00426,0.94051,5.71154,0.01577,2278.9116,2278.93219,0.02059,0.00042,-0.00014,-0.00029,0.00252,-0.00029,0.00252,49.19542,0.0025402,5.163E-05,80000.648,79974.518,-0.648,25.482,True,False,False
280.42,INSERTION,THRUST,79999.674,33.1423181,3.1923142,135.02727,0.94035,5.79178,0.01571,2278.91195,2278.93219,0.02024,0.00041,-0.00014,-0.00029,0.00248,-0.00029,0.00248,49.19542,0.002498,5.078E-05,80000.658,79974.933,-0.658,25.067,True,False,False
280.56,INSERTION,THRUST,79999.675,33.1423181,3.1923142,135.05031,0.94019,5.87223,0.01566,2278.91229,2278.93218,0.01989,0.0004,-0.00013,-0.00029,0.00244,-0.00029,0.00244,49.19543,0.0024566,4.994E-05,80000.669,79975.341,-0.669,24.659,True,False,False
280.72,INSERTION,THRUST,79999.675,33.1423181,3.1923142,135.07669,0.94001,5.9645,0.0156,2278.91268,2278.93218,0.01951,0.0004,-0.00013,-0.00028,0.00239,-0.00028,0.00239,49.19543,0.0024101,4.899E-05,80000.681,79975.799,-0.681,24.201,True,False,False
280.86,INSERTION,THRUST,79999.676,33.1423181,3.1923142,135.09982,0.93984,6.04536,0.01554,2278.91301,2278.93218,0.01917,0.00039,-0.00013,-0.00028,0.00235,-0.00028,0.00235,49.19544,0.0023701,4.818E-05,80000.692,79976.193,-0.692,23.807,True,False,False
281,INSERTION,THRUST,79999.677,33.1423181,3.1923142,135.12298,0.93968,6.12654,0.01549,2278.91333,2278.93218,0.01885,0.00038,-0.00013,-0.00028,0.00231,-0.00028,0.00231,49.19544,0.0023308,4.738E-05,80000.703,79976.579,-0.703,23.421,True,False,False
281.14,INSERTION,THRUST,79999.678,33.1423181,3.1923142,135.14618,0.93952,6.20801,0.01544,2278.91365,2278.93218,0.01853,0.00038,-0.00012,-0.00028,0.00227,-0.00028,0.00227,49.19545,0.0022922,4.659E-05,80000.714,79976.959,-0.714,23.041,True,False,False
281.3,INSERTION,THRUST,79999.679,33.1423181,3.1923142,135.17274,0.93934,6.30143,0.01538,2278.91401,2278.93218,0.01817,0.00037,-0.00012,-0.00028,0.00223,-0.00028,0.00223,49.19546,0.0022489,4.571E-05,80000.727,79977.384,-0.727,22.616,True,False,False
281.44,INSERTION,THRUST,79999.679,33.1423181,3.1923142,135.19603,0.93918,6.38328,0.01533,2278.91432,2278.93218,0.01786,0.00036,-0.00012,-0.00028,0.00219,-0.00028,0.00219,49.19546,0.0022116,4.495E-05,80000.739,79977.75,-0.739,22.25,True,False,False
281.58,INSERTION,THRUST,79999.68,33.1423181,3.1923142,135.21935,0.93901,6.4653,0.01528,2278.91462,2278.93218,0.01755,0.00036,-0.00012,-0.00028,0.00216,-0.00028,0.00216,49.19547,0.002175,4.421E-05,80000.75,79978.109,-0.75,21.891,True,False,False
281.72,INSERTION,THRUST,79999.681,33.1423181,3.1923142,135.2427,0.93885,6.54743,0.01523,2278.91492,2278.93217,0.01725,0.00035,-0.00012,-0.00027,0.00212,-0.00027,0.00212,49.19547,0.002139,4.348E-05,80000.761,79978.462,-0.761,21.538,True,False,False
281.88,INSERTION,THRUST,79999.681,33.1423181,3.1923142,135.26944,0.93867,6.64135,0.01517,2278.91526,2278.93217,0.01692,0.00034,-0.00011,-0.00027,0.00208,-0.00027,0.00208,49.19548,0.0020986,4.266E-05,80000.775,79978.858,-0.775,21.142,True,False,False
282.02,INSERTION,THRUST,79999.682,33.1423181,3.1923142,135.29288,0.9385,6.72343,0.01512,2278.91554,2278.93217,0.01663,0.00034,-0.00011,-0.00027,0.00205,-0.00027,0.00205,49.19548,0.0020639,4.195E-05,80000.786,79979.198,-0.786,20.802,True,False,False
282.16,INSERTION,THRUST,79999.683,33.1423181,3.1923142,135.31635,0.93834,6.80553,0.01507,2278.91583,2278.93217,0.01634,0.00033,-0.00011,-0.00027,0.00201,-0.00027,0.00201,49.19548,0.0020298,4.126E-05,80000.798,79979.532,-0.798,20.468,True,False,False
282.3,INSERTION,THRUST,79999.684,33.1423181,3.1923142,135.33987,0.93818,6.88764,0.01502,2278.9161,2278.93217,0.01607,0.00033,-0.00011,-0.00027,0.00198,-0.00027,0.00198,49.19549,0.0019963,4.058E-05,80000.81,79979.859,-0.81,20.141,True,False,False
282.46,INSERTION,THRUST,79999.684,33.1423181,3.1923142,135.36679,0.93799,6.98149,0.01497,2278.91642,2278.93217,0.01575,0.00032,-0.00011,-0.00027,0.00194,-0.00027,0.00194,49.1955,0.0019586,3.981E-05,80000.824,79980.227,-0.824,19.773,True,False,False
282.6,INSERTION,THRUST,79999.685,33.1423181,3.1923142,135.39038,0.93783,7.06348,0.01492,2278.91668,2278.93217,0.01548,0.00031,-0.0001,-0.00026,0.00191,-0.00026,0.00191,49.1955,0.0019263,3.916E-05,80000.836,79980.543,-0.836,19.457,True,False,False
282.74,INSERTION,THRUST,79999.686,33.1423181,3.1923142,135.41401,0.93767,7.14554,0.01487,2278.91695,2278.93217,0.01522,0.00031,-0.0001,-0.00026,0.00188,-0.00026,0.00188,49.1955,0.0018945,3.851E-05,80000.848,79980.853,-0.848,19.147,True,False,False
282.88,INSERTION,THRUST,79999.686,33.1423181,3.1923142,135.43769,0.9375,7.22767,0.01482,2278.9172,2278.93216,0.01496,0.0003,-0.0001,-0.00026,0.00184,-0.00026,0.00184,49.19551,0.0018633,3.787E-05,80000.86,79981.158,-0.86,18.842,True,False,False
283.04,INSERTION,THRUST,79999.687,33.1423181,3.1923142,135.46478,0.93731,7.32166,0.01477,2278.91749,2278.93216,0.01467,0.0003,-0.0001,-0.00026,0.00181,-0.00026,0.00181,49.19551,0.0018282,3.716E-05,80000.874,79981.499,-0.874,18.501,True,False,False
283.18,INSERTION,THRUST,79999.688,33.1423181,3.1923142,135.48854,0.93715,7.40391,0.01472,2278.91774,2278.93216,0.01442,0.00029,-0.0001,-0.00026,0.00178,-0.00026,0.00178,49.19552,0.0017981,3.655E-05,80000.887,79981.793,-0.887,18.207,True,False,False
283.32,INSERTION,THRUST,79999.688,33.1423181,3.1923142,135.51233,0.93699,7.48641,0.01468,2278.91799,2278.93216,0.01417,0.00029,-9E-05,-0.00026,0.00175,-0.00026,0.00175,49.19552,0.0017685,3.595E-05,80000.899,79982.081,-0.899,17.919,True,False,False
283.46,INSERTION,THRUST,79999.689,33.1423181,3.1923142,135.53615,0.93682,7.56919,0.01463,2278.91823,2278.93216,0.01393,0.00028,-9E-05,-0.00025,0.00172,-0.00025,0.00172,49.19552,0.0017394,3.536E-05,80000.912,79982.364,-0.912,17.636,True,False,False
283.62,INSERTION,THRUST,79999.69,33.1423181,3.1923142,135.56343,0.93663,7.66412,0.01458,2278.9185,2278.93216,0.01366,0.00028,-9E-05,-0.00025,0.00169,-0.00025,0.00169,49.19553,0.0017067,3.469E-05,80000.926,79982.681,-0.926,17.319,True,False,False
283.76,INSERTION,COAST,79999.69,33.1423181,3.1923143,135.58734,0.93647,7.74729,0.01454,2278.91873,2278.93216,0.01343,0.00027,-9E-05,-0.00025,0.00166,-0.00025,0.00166,49.19553,0.0016786,0,80000.939,79982.954,-0.939,17.046,True,False,False
283.9,INSERTION,COAST,79999.691,33.1423181,3.1923143,135.61129,0.9363,7.83065,0.0145,2278.91889,2278.93216,0.01326,0.00027,-9E-05,-0.00025,0.00164,-0.00025,0.00164,49.19553,0.0016591,0,80000.949,79983.146,-0.949,16.854,True,False,False
284.04,INSERTION,COAST,79999.691,33.1423181,3.1923143,135.63526,0.93614,7.91404,0.01449,2278.91889,2278.93216,0.01327,0.00027,-9E-05,-0.00025,0.00164,-0.00025,0.00164,49.19553,0.00166,0,80000.949,79983.146,-0.949,16.854,True,False,False
284.2,INSERTION,COAST,79999.692,33.1423181,3.1923143,135.66271,0.93595,8.00879,0.01448,2278.91888,2278.93215,0.01328,0.00027,-9E-05,-0.00025,0.00164,-0.00025,0.00164,49.19553,0.001661,0,80000.949,79983.146,-0.949,16.854,True,False,False
284.34,INSERTION,COAST,79999.693,33.1423181,3.1923143,135.68676,0.93578,8.09016,0.01446,2278.91887,2278.93215,0.01328,0.00027,-9E-05,-0.00026,0.00164,-0.00026,0.00164,49.19553,0.0016619,0,80000.949,79983.146,-0.949,16.854,True,False,False
284.48,INSERTION,COAST,79999.693,33.1423181,3.1923143,135.71086,0.93562,8.16943,0.01445,2278.91887,2278.93215,0.01329,0.00027,-9E-05,-0.00026,0.00164,-0.00026,0.00164,49.19553,0.0016628,0,80000.948,79983.146,-0.948,16.854,True,False,False
284.62,INSERTION,COAST,79999.694,33.1423181,3.1923143,135.73499,0.93545,8.24613,0.01444,2278.91886,2278.93215,0.01329,0.00027,-9E-05,-0.00026,0.00164,-0.00026,0.00164,49.19553,0.0016638,0,80000.948,79983.146,-0.948,16.854,True,False,False
284.78,INSERTION,COAST,79999.695,33.1423181,3.1923143,135.76262,0.93526,8.33079,0.01442,2278.91885,2278.93215,0.0133,0.00027,-9E-05,-0.00026,0.00164,-0.00026,0.00164,49.19553,0.0016649,0,80000.948,79983.146,-0.948,16.854,True,False,False
284.92,INSERTION,COAST,79999.696,33.1423181,3.1923143,135.78683,0.93509,8.40284,0.01441,2278.91884,2278.93215,0.0133,0.00027,-9E-05,-0.00026,0.00164,-0.00026,0.00164,49.19553,0.0016659,0,80000.948,79983.146,-0.948,16.854,True,False,False
285.06,INSERTION,COAST,79999.696,33.1423181,3.1923143,135.81109,0.93492,8.4739,0.01439,2278.91884,2278.93215,0.01331,0.00027,-9E-05,-0.00027,0.00165,-0.00027,0.00165,49.19553,0.001667,0,80000.948,79983.147,-0.948,16.853,True,False,False
285.2,INSERTION,COAST,79999.697,33.1423181,3.1923143,135.83538,0.93476,8.54486,0.01438,2278.91883,2278.93215,0.01332,0.00027,-9E-05,-0.00027,0.00165,-0.00027,0.00165,49.19553,0.001668,0,80000.948,79983.147,-0.948,16.853,True,False,False
285.36,INSERTION,COAST,79999.698,33.1423181,3.1923143,135.86319,0.93457,8.62684,0.01437,2278.91882,2278.93215,0.01332,0.00027,-9E-05,-0.00027,0.00165,-0.00027,0.00165,49.19553,0.0016693,0,80000.948,79983.147,-0.948,16.853,True,False,False
285.5,INSERTION,COAST,79999.699,33.1423181,3.1923143,135.88757,0.9344,8.69998,0.01436,2278.91882,2278.93214,0.01333,0.00027,-9E-05,-0.00028,0.00165,-0.00028,0.00165,49.19553,0.0016704,0,80000.948,79983.147,-0.948,16.853,True,False,False
285.64,INSERTION,COAST,79999.699,33.1423181,3.1923143,135.91199,0.93423,8.77516,0.01435,2278.91881,2278.93214,0.01333,0.00027,-9E-05,-0.00028,0.00165,-0.00028,0.00165,49.19553,0.0016714,0,80000.948,79983.147,-0.948,16.853,True,False,False
285.78,INSERTION,COAST,79999.7,33.1423181,3.1923143,135.93644,0.93406,8.8526,0.01433,2278.9188,2278.93214,0.01334,0.00027,-9E-05,-0.00028,0.00165,-0.00028,0.00165,49.19553,0.0016724,0,80000.948,79983.147,-0.948,16.853,True,False,False
285.94,INSERTION,COAST,79999.701,33.1423181,3.1923143,135.96444,0.93387,8.94366,0.01432,2278.9188,2278.93214,0.01334,0.00027,-9E-05,-0.00028,0.00165,-0.00028,0.00165,49.19553,0.0016736,0,80000.948,79983.147,-0.948,16.853,True,False,False
286.08,INSERTION,COAST,79999.701,33.1423181,3.1923143,135.98897,0.9337,9.02497,0.01431,2278.91879,2278.93214,0.01335,0.00027,-9E-05,-0.00029,0.00165,-0.00029,0.00165,49.19553,0.0016745,0,80000.949,79983.148,-0.949,16.852,True,False,False
286.22,INSERTION,COAST,79999.702,33.1423181,3.1923143,136.01355,0.93353,9.10717,0.0143,2278.91878,2278.93214,0.01335,0.00027,-9E-05,-0.00029,0.00165,-0.00029,0.00165,49.19553,0.0016755,0,80000.949,79983.148,-0.949,16.852,True,False,False
286.36,INSERTION,COAST,79999.703,33.1423181,3.1923143,136.03817,0.93336,9.18946,0.01429,2278.91878,2278.93214,0.01336,0.00027,-9E-05,-0.00029,0.00165,-0.00029,0.00165,49.19553,0.0016764,0,80000.949,79983.148,-0.949,16.852,True,False,False
286.52,INSERTION,COAST,79999.701,33.1423181,3.1923143,136.06635,0.93317,9.28263,0.01427,2278.91877,2278.93214,0.01337,0.00027,-9E-05,-0.00029,0.00165,-0.00029,0.00165,49.19553,0.0016774,0,80000.949,79983.148,-0.949,16.852,True,False,False
286.66,INSERTION,COAST,79999.696,33.1423182,3.1923143,136.09105,0.933,9.36233,0.01426,2278.91878,2278.93215,0.01336,0.00027,-9E-05,-0.00025,0.00165,-0.00025,0.00165,49.19553,0.0016706,0,80000.943,79983.15,-0.943,16.85,True,False,False
286.8,INSERTION,COAST,79999.697,33.1423182,3.1923143,136.11579,0.93283,9.42842,0.01424,2278.91878,2278.93215,0.01337,0.00027,-9E-05,-0.00025,0.00165,-0.00025,0.00165,49.19553,0.00167,0,80000.941,79983.151,-0.941,16.849,True,False,False
286.94,INSERTION,COAST,79999.699,33.1423182,3.1923143,136.14057,0.93266,9.43674,0.0142,2278.91877,2278.93215,0.01338,0.00027,-9E-05,-0.00025,0.00165,-0.00025,0.00165,49.19553,0.0016711,0,80000.936,79983.15,-0.936,16.85,True,False,False
287.1,INSERTION,COAST,79999.702,33.1423182,3.1923143,136.16893,0.93247,9.38293,0.01415,2278.91875,2278.93214,0.01339,0.00027,-9E-05,-0.00025,0.00165,-0.00025,0.00165,49.19553,0.0016733,0,80000.93,79983.148,-0.93,16.852,True,False,False
287.24,INSERTION,COAST,79999.705,33.1423182,3.1923143,136.19379,0.9323,9.30362,0.01412,2278.91874,2278.93214,0.01339,0.00027,-9E-05,-0.00027,0.00165,-0.00027,0.00165,49.19553,0.0016761,0,80000.927,79983.148,-0.927,16.852,True,False,False
287.38,INSERTION,COAST,79999.709,33.1423182,3.1923143,136.2187,0.93213,9.22251,0.0141,2278.91874,2278.93213,0.01339,0.00027,-9E-05,-0.00029,0.00165,-0.00029,0.00165,49.19553,0.0016794,0,80000.927,79983.148,-0.927,16.852,True,False,False
287.52,INSERTION,COAST,79999.712,33.1423182,3.1923143,136.24364,0.93196,9.15955,0.0141,2278.91873,2278.93212,0.01339,0.00027,-9E-05,-0.00031,0.00165,-0.00031,0.00165,49.19553,0.001683,0,80000.928,79983.148,-0.928,16.852,True,False,False
287.68,INSERTION,COAST,79999.714,33.1423182,3.1923143,136.27219,0.93176,9.12887,0.0141,2278.91873,2278.93212,0.01339,0.00027,-9E-05,-0.00033,0.00165,-0.00033,0.00165,49.19553,0.0016871,0,80000.931,79983.149,-0.931,16.851,True,False,False
287.82,INSERTION,COAST,79999.716,33.1423182,3.1923143,136.29721,0.93159,9.14902,0.01412,2278.91872,2278.93212,0.01339,0.00027,-9E-05,-0.00035,0.00165,-0.00035,0.00165,49.19553,0.0016901,0,80000.935,79983.149,-0.935,16.851,True,False,False
287.96,INSERTION,COAST,79999.717,33.1423182,3.1923143,136.32228,0.93142,9.21712,0.01413,2278.91872,2278.93211,0.01339,0.00027,-9E-05,-0.00036,0.00165,-0.00036,0.00165,49.19553,0.0016923,0,80000.939,79983.15,-0.939,16.85,True,False,False
288.1,INSERTION,COAST,79999.717,33.1423182,3.1923143,136.34738,0.93125,9.333,0.01415,2278.91872,2278.93211,0.01339,0.00027,-9E-05,-0.00036,0.00165,-0.00036,0.00165,49.19553,0.0016937,0,80000.943,79983.151,-0.943,16.849,True,False,False
288.26,INSERTION,COAST,79999.716,33.1423182,3.1923143,136.37612,0.93105,9.51942,0.01416,2278.91872,2278.93211,0.0134,0.00027,-9E-05,-0.00036,0.00166,-0.00036,0.00166,49.19553,0.0016941,0,80000.948,79983.153,-0.948,16.847,True,False,False
288.4,INSERTION,COAST,79999.714,33.1423182,3.1923143,136.40131,0.93088,9.71992,0.01417,2278.91871,2278.93212,0.0134,0.00027,-9E-05,-0.00036,0.00166,-0.00036,0.00166,49.19553,0.0016933,0,80000.951,79983.154,-0.951,16.846,True,False,False
288.54,INSERTION,COAST,79999.713,33.1423182,3.1923143,136.42654,0.93071,9.93951,0.01417,2278.91871,2278.93212,0.01341,0.00027,-9E-05,-0.00034,0.00166,-0.00034,0.00166,49.19553,0.0016919,0,80000.953,79983.155,-0.953,16.845,True,False,False
288.68,INSERTION,COAST,79999.711,33.1423182,3.1923144,136.45181,0.93053,10.16426,0.01416,2278.91871,2278.93212,0.01342,0.00027,-9E-05,-0.00033,0.00166,-0.00033,0.00166,49.19553,0.0016902,0,80000.954,79983.156,-0.954,16.844,True,False,False
288.84,INSERTION,COAST,79999.709,33.1423182,3.1923144,136.48073,0.93034,10.40401,0.01414,2278.9187,2278.93212,0.01343,0.00027,-9E-05,-0.00031,0.00166,-0.00031,0.00166,49.19553,0.0016883,0,80000.953,79983.156,-0.953,16.844,True,False,False
288.98,INSERTION,COAST,79999.708,33.1423182,3.1923143,136.50609,0.93016,10.57326,0.01411,2278.91869,2278.93213,0.01344,0.00027,-9E-05,-0.0003,0.00166,-0.0003,0.00166,49.19553,0.001687,0,80000.95,79983.156,-0.95,16.844,True,False,False
289.12,INSERTION,COAST,79999.708,33.1423182,3.1923144,136.53148,0.92999,10.68538,0.01406,2278.91868,2278.93213,0.01345,0.00027,-9E-05,-0.00029,0.00166,-0.00029,0.00166,49.19553,0.0016865,0,80000.945,79983.154,-0.945,16.846,True,False,False
289.26,INSERTION,COAST,79999.709,33.1423182,3.1923144,136.55691,0.92982,10.73342,0.01402,2278.91866,2278.93213,0.01347,0.00027,-9E-05,-0.00028,0.00166,-0.00028,0.00166,49.19553,0.001687,0,80000.939,79983.152,-0.939,16.848,True,False,False
289.42,INSERTION,COAST,79999.712,33.1423182,3.1923144,136.58602,0.92962,10.71573,0.01396,2278.91865,2278.93212,0.01348,0.00027,-9E-05,-0.00029,0.00166,-0.00029,0.00166,49.19553,0.0016888,0,80000.933,79983.15,-0.933,16.85,True,False,False
289.56,INSERTION,COAST,79999.715,33.1423182,3.1923144,136.61154,0.92945,10.65328,0.01392,2278.91864,2278.93212,0.01348,0.00027,-9E-05,-0.0003,0.00166,-0.0003,0.00166,49.19553,0.0016913,0,80000.929,79983.148,-0.929,16.852,True,False,False
289.7,INSERTION,COAST,79999.718,33.1423182,3.1923144,136.6371,0.92927,10.57094,0.0139,2278.91863,2278.93211,0.01349,0.00027,-9E-05,-0.00032,0.00167,-0.00032,0.00167,49.19553,0.0016947,0,80000.927,79983.147,-0.927,16.853,True,False,False
289.84,INSERTION,COAST,79999.721,33.1423182,3.1923144,136.66269,0.9291,10.49261,0.01389,2278.91862,2278.93211,0.01349,0.00027,-9E-05,-0.00034,0.00167,-0.00034,0.00167,49.19553,0.0016985,0,80000.927,79983.147,-0.927,16.853,True,False,False
290,INSERTION,COAST,79999.725,33.1423182,3.1923144,136.692,0.9289,10.43151,0.01389,2278.91862,2278.9321,0.01349,0.00027,-9E-05,-0.00036,0.00166,-0.00036,0.00166,49.19553,0.0017031,0,80000.929,79983.148,-0.929,16.852,True,False,False
290.14,INSERTION,COAST,79999.727,33.1423182,3.1923144,136.71768,0.92873,10.41753,0.01389,2278.91861,2278.9321,0.01349,0.00027,-9E-05,-0.00038,0.00166,-0.00038,0.00166,49.19553,0.0017067,0,80000.932,79983.149,-0.932,16.851,True,False,False
290.28,INSERTION,COAST,79999.728,33.1423182,3.1923144,136.7434,0.92855,10.44821,0.0139,2278.91861,2278.93209,0.01348,0.00027,-9E-05,-0.00039,0.00166,-0.00039,0.00166,49.19553,0.0017098,0,80000.936,79983.151,-0.936,16.849,True,False,False
290.42,INSERTION,COAST,79999.729,33.1423182,3.1923144,136.76916,0.92838,10.52692,0.01392,2278.91861,2278.93209,0.01348,0.00027,-9E-05,-0.0004,0.00166,-0.0004,0.00166,49.19553,0.001712,0,80000.94,79983.152,-0.94,16.848,True,False,False
290.58,INSERTION,COAST,79999.728,33.1423182,3.1923144,136.79866,0.92818,10.67571,0.01394,2278.91861,2278.93209,0.01349,0.00027,-9E-05,-0.0004,0.00166,-0.0004,0.00166,49.19553,0.0017132,0,80000.945,79983.154,-0.945,16.846,True,False,False
290.72,INSERTION,COAST,79999.727,33.1423182,3.1923144,136.8245,0.928,10.85085,0.01395,2278.91861,2278.93209,0.01349,0.00027,-9E-05,-0.0004,0.00167,-0.0004,0.00167,49.19553,0.0017129,0,80000.949,79983.156,-0.949,16.844,True,False,False
290.86,INSERTION,COAST,79999.726,33.1423182,3.1923144,136.85039,0.92782,11.05458,0.01396,2278.9186,2278.9321,0.01349,0.00027,-9E-05,-0.00039,0.00167,-0.00039,0.00167,49.19553,0.0017118,0,80000.952,79983.158,-0.952,16.842,True,False,False
291,INSERTION,COAST,79999.724,33.1423182,3.1923144,136.87632,0.92765,11.27367,0.01395,2278.9186,2278.9321,0.0135,0.00027,-9E-05,-0.00038,0.00167,-0.00038,0.00167,49.19553,0.00171,0,80000.953,79983.16,-0.953,16.84,True,False,False
291.16,INSERTION,COAST,79999.722,33.1423182,3.1923144,136.906,0.92745,11.52417,0.01394,2278.91859,2278.9321,0.01351,0.00027,-9E-05,-0.00037,0.00167,-0.00037,0.00167,49.19553,0.0017078,0,80000.954,79983.16,-0.954,16.84,True,False,False
291.3,INSERTION,COAST,79999.72,33.1423182,3.1923144,136.93202,0.92727,11.72201,0.01392,2278.91858,2278.93211,0.01352,0.00027,-9E-05,-0.00035,0.00167,-0.00035,0.00167,49.19553,0.0017059,0,80000.952,79983.16,-0.952,16.84,True,False,False
291.44,INSERTION,COAST,79999.72,33.1423182,3.1923144,136.95807,0.92709,11.87587,0.01388,2278.91857,2278.93211,0.01353,0.00028,-9E-05,-0.00034,0.00167,-0.00034,0.00167,49.19553,0.0017046,0,80000.948,79983.159,-0.948,16.841,True,False,False
291.58,INSERTION,COAST,79999.72,33.1423182,3.1923144,136.98417,0.92692,11.97189,0.01384,2278.91856,2278.93211,0.01355,0.00028,-9E-05,-0.00033,0.00167,-0.00033,0.00167,49.19553,0.0017042,0,80000.944,79983.156,-0.944,16.844,True,False,False
291.74,INSERTION,COAST,79999.722,33.1423182,3.1923144,137.01404,0.92672,12.00628,0.01378,2278.91855,2278.93211,0.01356,0.00028,-9E-05,-0.00033,0.00167,-0.00033,0.00167,49.19553,0.0017051,0,80000.937,79983.153,-0.937,16.847,True,False,False
291.88,INSERTION,COAST,79999.724,33.1423182,3.1923144,137.04022,0.92654,11.97848,0.01374,2278.91853,2278.9321,0.01357,0.00028,-9E-05,-0.00033,0.00167,-0.00033,0.00167,49.19553,0.0017071,0,80000.933,79983.15,-0.933,16.85,True,False,False
292.02,INSERTION,COAST,79999.727,33.1423182,3.1923144,137.06644,0.92636,11.91324,0.0137,2278.91852,2278.9321,0.01358,0.00028,-9E-05,-0.00034,0.00168,-0.00034,0.00168,49.19553,0.0017101,0,80000.929,79983.148,-0.929,16.852,True,False,False
292.16,INSERTION,COAST,79999.73,33.1423182,3.1923144,137.0927,0.92618,11.83397,0.01368,2278.91851,2278.93209,0.01358,0.00028,-9E-05,-0.00036,0.00168,-0.00036,0.00168,49.19553,0.0017138,0,80000.928,79983.147,-0.928,16.853,True,False,False
292.32,INSERTION,COAST,79999.734,33.1423182,3.1923144,137.12277,0.92598,11.75534,0.01367,2278.91851,2278.93209,0.01358,0.00028,-9E-05,-0.00038,0.00168,-0.00038,0.00168,49.19553,0.0017186,0,80000.928,79983.147,-0.928,16.853,True,False,False
292.46,INSERTION,COAST,79999.737,33.1423182,3.1923144,137.14912,0.9258,11.7134,0.01367,2278.9185,2278.93208,0.01358,0.00028,-9E-05,-0.0004,0.00168,-0.0004,0.00168,49.19553,0.0017227,0,80000.93,79983.148,-0.93,16.852,True,False,False
292.6,INSERTION,COAST,79999.739,33.1423182,3.1923144,137.17551,0.92563,11.70802,0.01368,2278.9185,2278.93208,0.01358,0.00028,-9E-05,-0.00042,0.00168,-0.00042,0.00168,49.19553,0.0017265,0,80000.933,79983.15,-0.933,16.85,True,False,False
292.74,INSERTION,COAST,79999.74,33.1423182,3.1923144,137.20194,0.92545,11.7459,0.01369,2278.9185,2278.93208,0.01358,0.00028,-9E-05,-0.00043,0.00168,-0.00043,0.00168,49.19553,0.0017295,0,80000.937,79983.152,-0.937,16.848,True,False,False
292.9,INSERTION,COAST,79999.74,33.1423182,3.1923144,137.23219,0.92524,11.84706,0.01371,2278.9185,2278.93207,0.01358,0.00028,-9E-05,-0.00044,0.00168,-0.00044,0.00168,49.19553,0.0017318,0,80000.942,79983.155,-0.942,16.845,True,False,False
293.04,INSERTION,COAST,79999.74,33.1423182,3.1923144,137.25871,0.92506,11.9839,0.01372,2278.9185,2278.93207,0.01358,0.00028,-9E-05,-0.00044,0.00168,-0.00044,0.00168,49.19553,0.0017325,0,80000.945,79983.157,-0.945,16.843,True,False,False
293.18,INSERTION,COAST,79999.739,33.1423182,3.1923144,137.28527,0.92489,12.15639,0.01373,2278.91849,2278.93207,0.01358,0.00028,-9E-05,-0.00044,0.00168,-0.00044,0.00168,49.19553,0.0017321,0,80000.949,79983.16,-0.949,16.84,True,False,False
293.32,INSERTION,COAST,79999.737,33.1423182,3.1923144,137.31187,0.92471,12.35401,0.01373,2278.91849,2278.93208,0.01358,0.00028,-9E-05,-0.00043,0.00168,-0.00043,0.00168,49.19553,0.0017307,0,80000.951,79983.162,-0.951,16.838,True,False,False
293.48,INSERTION,COAST,79999.735,33.1423182,3.1923144,137.34232,0.9245,12.59502,0.01373,2278.91849,2278.93208,0.01359,0.00028,-9E-05,-0.00042,0.00168,-0.00042,0.00168,49.19553,0.0017286,0,80000.953,79983.164,-0.953,16.836,True,False,False
293.62,INSERTION,COAST,79999.734,33.1423182,3.1923144,137.369,0.92432,12.8043,0.01372,2278.91848,2278.93208,0.0136,0.00028,-9E-05,-0.00041,0.00168,-0.00041,0.00168,49.19553,0.0017264,0,80000.953,79983.164,-0.953,16.836,True,False,False
293.76,INSERTION,COAST,79999.733,33.1423182,3.1923144,137.39573,0.92414,12.98941,0.01369,2278.91847,2278.93209,0.01361,0.00028,-9E-05,-0.00039,0.00168,-0.00039,0.00168,49.19553,0.0017245,0,80000.951,79983.164,-0.951,16.836,True,False,False
293.9,INSERTION,COAST,79999.732,33.1423182,3.1923144,137.4225,0.92396,13.13134,0.01366,2278.91846,2278.93209,0.01363,0.00028,-9E-05,-0.00038,0.00168,-0.00038,0.00168,49.19553,0.0017232,0,80000.947,79983.161,-0.947,16.839,True,False,False
294.06,INSERTION,COAST,79999.733,33.1423182,3.1923144,137.45314,0.92376,13.22631,0.01361,2278.91845,2278.93209,0.01364,0.00028,-9E-05,-0.00037,0.00168,-0.00037,0.00168,49.19553,0.0017229,0,80000.942,79983.157,-0.942,16.843,True,False,False
294.2,INSERTION,COAST,79999.734,33.1423182,3.1923144,137.47999,0.92358,13.24893,0.01356,2278.91843,2278.93209,0.01365,0.00028,-9E-05,-0.00037,0.00168,-0.00037,0.00168,49.19553,0.001724,0,80000.937,79983.154,-0.937,16.846,True,False,False
294.34,INSERTION,COAST,79999.736,33.1423182,3.1923144,137.50689,0.92339,13.22214,0.01352,2278.91842,2278.93208,0.01366,0.00028,-9E-05,-0.00038,0.00168,-0.00038,0.00168,49.19553,0.0017262,0,80000.933,79983.15,-0.933,16.85,True,False,False
294.48,INSERTION,COAST,79999.739,33.1423182,3.1923144,137.53383,0.92321,13.16245,0.01349,2278.91841,2278.93208,0.01367,0.00028,-9E-05,-0.00039,0.00169,-0.00039,0.00169,49.19553,0.0017294,0,80000.93,79983.148,-0.93,16.852,True,False,False
294.64,INSERTION,COAST,79999.743,33.1423182,3.1923144,137.56466,0.92301,13.08204,0.01347,2278.9184,2278.93207,0.01367,0.00028,-9E-05,-0.00041,0.00169,-0.00041,0.00169,49.19553,0.0017339,0,80000.929,79983.147,-0.929,16.853,True,False,False
294.78,INSERTION,COAST,79999.746,33.1423182,3.1923144,137.59169,0.92283,13.02277,0.01346,2278.91839,2278.93207,0.01367,0.00028,-9E-05,-0.00042,0.00169,-0.00042,0.00169,49.19553,0.0017383,0,80000.929,79983.147,-0.929,16.853,True,False,False
294.92,INSERTION,COAST,79999.748,33.1423182,3.1923144,137.61876,0.92264,12.98821,0.01346,2278.91839,2278.93206,0.01367,0.00028,-9E-05,-0.00044,0.00169,-0.00044,0.00169,49.19553,0.0017425,0,80000.931,79983.149,-0.931,16.851,True,False,False
295.06,INSERTION,COAST,79999.75,33.1423182,3.1923144,137.64586,0.92246,12.98805,0.01346,2278.91839,2278.93206,0.01367,0.00028,-9E-05,-0.00046,0.00169,-0.00046,0.00169,49.19553,0.0017463,0,80000.934,79983.151,-0.934,16.849,True,False,False
295.22,INSERTION,COAST,79999.751,33.1423182,3.1923144,137.67689,0.92225,13.0393,0.01348,2278.91839,2278.93206,0.01367,0.00028,-9E-05,-0.00047,0.00169,-0.00047,0.00169,49.19553,0.0017498,0,80000.938,79983.154,-0.938,16.846,True,False,False
295.36,INSERTION,COAST,79999.752,33.1423182,3.1923144,137.70409,0.92207,13.1312,0.01349,2278.91839,2278.93205,0.01367,0.00028,-9E-05,-0.00048,0.00169,-0.00048,0.00169,49.19553,0.0017515,0,80000.941,79983.157,-0.941,16.843,True,False,False
295.5,INSERTION,COAST,79999.751,33.1423182,3.1923144,137.73133,0.92189,13.26224,0.0135,2278.91839,2278.93205,0.01367,0.00028,-9E-05,-0.00048,0.00169,-0.00048,0.00169,49.19553,0.0017521,0,80000.945,79983.16,-0.945,16.84,True,False,False
295.64,INSERTION,COAST,79999.75,33.1423182,3.1923144,137.75861,0.92171,13.42576,0.01351,2278.91838,2278.93206,0.01367,0.00028,-9E-05,-0.00048,0.00169,-0.00048,0.00169,49.19553,0.0017517,0,80000.948,79983.163,-0.948,16.837,True,False,False
295.8,INSERTION,COAST,79999.749,33.1423182,3.1923144,137.78983,0.9215,13.64098,0.01351,2278.91838,2278.93206,0.01368,0.00028,-9E-05,-0.00047,0.00169,-0.00047,0.00169,49.19553,0.0017502,0,80000.95,79983.165,-0.95,16.835,True,False,False
295.94,INSERTION,COAST,79999.747,33.1423182,3.1923144,137.8172,0.92132,13.84155,0.0135,2278.91838,2278.93206,0.01368,0.00028,-9E-05,-0.00046,0.00169,-0.00046,0.00169,49.19553,0.0017482,0,80000.952,79983.167,-0.952,16.833,True,False,False
296.08,INSERTION,COAST,79999.746,33.1423182,3.1923144,137.84461,0.92113,14.03907,0.01349,2278.91837,2278.93206,0.01369,0.00028,-9E-05,-0.00045,0.00169,-0.00045,0.00169,49.19553,0.0017461,0,80000.952,79983.167,-0.952,16.833,True,False,False
296.22,INSERTION,COAST,79999.745,33.1423182,3.1923144,137.87206,0.92095,14.21413,0.01347,2278.91836,2278.93206,0.0137,0.00028,-9E-05,-0.00043,0.00169,-0.00043,0.00169,49.19553,0.0017441,0,80000.95,79983.166,-0.95,16.834,True,False,False
296.38,INSERTION,COAST,79999.744,33.1423182,3.1923144,137.90348,0.92074,14.36517,0.01343,2278.91835,2278.93207,0.01372,0.00028,-9E-05,-0.00042,0.00169,-0.00042,0.00169,49.19553,0.0017427,0,80000.946,79983.163,-0.946,16.837,True,False,False
296.52,INSERTION,COAST,79999.745,33.1423182,3.1923144,137.93102,0.92056,14.44394,0.01339,2278.91834,2278.93207,0.01373,0.00028,-9E-05,-0.00042,0.00169,-0.00042,0.00169,49.19553,0.0017426,0,80000.942,79983.159,-0.942,16.841,True,False,False
296.66,INSERTION,COAST,79999.746,33.1423182,3.1923144,137.9586,0.92037,14.46984,0.01334,2278.91832,2278.93206,0.01374,0.00028,-9E-05,-0.00041,0.00169,-0.00041,0.00169,49.19553,0.0017436,0,80000.937,79983.155,-0.937,16.845,True,False,False
296.8,INSERTION,COAST,79999.749,33.1423182,3.1923144,137.98622,0.92019,14.45042,0.01331,2278.91831,2278.93206,0.01375,0.00028,-9E-05,-0.00042,0.00169,-0.00042,0.00169,49.19553,0.0017458,0,80000.934,79983.151,-0.934,16.849,True,False,False
296.96,INSERTION,COAST,79999.752,33.1423182,3.1923144,138.01784,0.91998,14.39216,0.01327,2278.9183,2278.93206,0.01376,0.00028,-9E-05,-0.00043,0.0017,-0.00043,0.0017,49.19553,0.0017497,0,80000.931,79983.148,-0.931,16.852,True,False,False
297.1,INSERTION,COAST,79999.755,33.1423182,3.1923144,138.04555,0.91979,14.33122,0.01325,2278.91829,2278.93205,0.01376,0.00028,-9E-05,-0.00045,0.0017,-0.00045,0.0017,49.19553,0.0017538,0,80000.93,79983.147,-0.93,16.853,True,False,False
297.24,INSERTION,COAST,79999.757,33.1423182,3.1923144,138.07331,0.91961,14.28109,0.01324,2278.91829,2278.93205,0.01376,0.00028,-9E-05,-0.00046,0.0017,-0.00046,0.0017,49.19553,0.0017582,0,80000.93,79983.148,-0.93,16.852,True,False,False
297.38,INSERTION,COAST,79999.76,33.1423182,3.1923144,138.1011,0.91942,14.25313,0.01324,2278.91828,2278.93204,0.01376,0.00028,-9E-05,-0.00048,0.0017,-0.00048,0.0017,49.19553,0.0017624,0,80000.932,79983.149,-0.932,16.851,True,False,False
297.54,INSERTION,COAST,79999.762,33.1423182,3.1923144,138.13292,0.91921,14.26061,0.01325,2278.91828,2278.93204,0.01376,0.00028,-9E-05,-0.0005,0.0017,-0.0005,0.0017,49.19553,0.0017667,0,80000.935,79983.152,-0.935,16.848,True,False,False
297.68,INSERTION,COAST,79999.763,33.1423182,3.1923144,138.16081,0.91902,14.30759,0.01326,2278.91828,2278.93204,0.01376,0.00028,-9E-05,-0.00051,0.0017,-0.00051,0.0017,49.19553,0.0017696,0,80000.938,79983.155,-0.938,16.845,True,False,False
297.82,INSERTION,COAST,79999.763,33.1423182,3.1923144,138.18873,0.91884,14.39237,0.01327,2278.91828,2278.93204,0.01376,0.00028,-9E-05,-0.00051,0.0017,-0.00051,0.0017,49.19553,0.0017714,0,80000.941,79983.159,-0.941,16.841,True,False,False
297.96,INSERTION,COAST,79999.763,33.1423182,3.1923144,138.2167,0.91865,14.5125,0.01327,2278.91828,2278.93204,0.01376,0.00028,-9E-05,-0.00052,0.0017,-0.00052,0.0017,49.19553,0.0017721,0,80000.944,79983.162,-0.944,16.838,True,False,False
298.12,INSERTION,COAST,79999.762,33.1423182,3.1923144,138.24872,0.91844,14.68698,0.01328,2278.91828,2278.93204,0.01376,0.00028,-9E-05,-0.00051,0.0017,-0.00051,0.0017,49.19553,0.0017718,0,80000.947,79983.165,-0.947,16.835,True,False,False
298.26,INSERTION,COAST,79999.761,33.1423182,3.1923144,138.27678,0.91825,14.86313,0.01328,2278.91827,2278.93204,0.01376,0.00028,-9E-05,-0.00051,0.0017,-0.00051,0.0017,49.19553,0.0017705,0,80000.949,79983.168,-0.949,16.832,True,False,False
298.4,INSERTION,COAST,79999.76,33.1423182,3.1923144,138.30488,0.91807,15.04866,0.01327,2278.91827,2278.93204,0.01377,0.00028,-9E-05,-0.0005,0.0017,-0.0005,0.0017,49.19553,0.0017687,0,80000.95,79983.169,-0.95,16.831,True,False,False
298.54,INSERTION,COAST,79999.758,33.1423182,3.1923144,138.33302,0.91788,15.23245,0.01326,2278.91826,2278.93204,0.01378,0.00028,-9E-05,-0.00049,0.0017,-0.00049,0.0017,49.19553,0.0017667,0,80000.95,79983.17,-0.95,16.83,True,False,False
298.7,INSERTION,COAST,79999.757,33.1423182,3.1923144,138.36523,0.91767,15.41929,0.01324,2278.91825,2278.93204,0.01379,0.00028,-9E-05,-0.00048,0.0017,-0.00048,0.0017,49.19553,0.0017646,0,80000.949,79983.169,-0.949,16.831,True,False,False
298.84,INSERTION,COAST,79999.757,33.1423182,3.1923144,138.39347,0.91748,15.54612,0.01321,2278.91824,2278.93205,0.0138,0.00028,-9E-05,-0.00047,0.0017,-0.00047,0.0017,49.19553,0.0017634,0,80000.946,79983.166,-0.946,16.834,True,False,False
298.98,INSERTION,COAST,79999.758,33.1423182,3.1923144,138.42174,0.91729,15.62769,0.01317,2278.91823,2278.93205,0.01382,0.00028,-9E-05,-0.00046,0.0017,-0.00046,0.0017,49.19553,0.0017632,0,80000.942,79983.162,-0.942,16.838,True,False,False
299.12,INSERTION,COAST,79999.759,33.1423182,3.1923144,138.45006,0.9171,15.66224,0.01313,2278.91822,2278.93204,0.01383,0.00028,-9E-05,-0.00046,0.0017,-0.00046,0.0017,49.19553,0.0017641,0,80000.938,79983.157,-0.938,16.843,True,False,False
299.28,INSERTION,COAST,79999.761,33.1423182,3.1923144,138.48247,0.91689,15.65221,0.01309,2278.9182,2278.93204,0.01384,0.00028,-9E-05,-0.00046,0.0017,-0.00046,0.0017,49.19553,0.0017666,0,80000.934,79983.152,-0.934,16.848,True,False,False
299.42,INSERTION,COAST,79999.764,33.1423182,3.1923144,138.51088,0.9167,15.61423,0.01306,2278.91819,2278.93204,0.01385,0.00028,-9E-05,-0.00047,0.00171,-0.00047,0.00171,49.19553,0.0017699,0,80000.932,79983.149,-0.932,16.851,True,False,False
299.56,INSERTION,COAST,79999.766,33.1423182,3.1923144,138.53933,0.91651,15.56735,0.01304,2278.91818,2278.93203,0.01385,0.00028,-9E-05,-0.00049,0.00171,-0.00049,0.00171,49.19553,0.0017739,0,80000.931,79983.148,-0.931,16.852,True,False,False
299.7,INSERTION,COAST,79999.769,33.1423182,3.1923144,138.56782,0.91632,15.52791,0.01303,2278.91818,2278.93203,0.01385,0.00028,-9E-05,-0.0005,0.00171,-0.0005,0.00171,49.19553,0.0017782,0,80000.931,79983.149,-0.931,16.851,True,False,False
299.86,INSERTION,COAST,79999.771,33.1423182,3.1923144,138.60044,0.91611,15.50606,0.01303,2278.91817,2278.93202,0.01385,0.00028,-9E-05,-0.00052,0.00171,-0.00052,0.00171,49.19553,0.0017829,0,80000.933,79983.151,-0.933,16.849,True,False,False
300,INSERTION,COAST,79999.773,33.1423182,3.1923144,138.62902,0.91592,15.51592,0.01303,2278.91817,2278.93202,0.01385,0.00028,-9E-05,-0.00053,0.00171,-0.00053,0.00171,49.19553,0.0017865,0,80000.935,79983.153,-0.935,16.847,True,False,False
300.14,INSERTION,COAST,79999.774,33.1423182,3.1923144,138.65765,0.91573,15.55721,0.01303,2278.91817,2278.93202,0.01385,0.00028,-9E-05,-0.00054,0.00171,-0.00054,0.00171,49.19553,0.0017894,0,80000.938,79983.156,-0.938,16.844,True,False,False
300.28,INSERTION,COAST,79999.774,33.1423182,3.1923144,138.68632,0.91554,15.63141,0.01304,2278.91817,2278.93202,0.01385,0.00028,-9E-05,-0.00055,0.00171,-0.00055,0.00171,49.19553,0.0017914,0,80000.94,79983.16,-0.94,16.84,True,False,False
300.44,INSERTION,COAST,79999.774,33.1423182,3.1923144,138.71914,0.91533,15.75581,0.01305,2278.91817,2278.93202,0.01385,0.00028,-9E-05,-0.00055,0.00171,-0.00055,0.00171,49.19553,0.0017925,0,80000.944,79983.164,-0.944,16.836,True,False,False
300.58,INSERTION,COAST,79999.774,33.1423182,3.1923144,138.7479,0.91514,15.89452,0.01305,2278.91817,2278.93202,0.01385,0.00028,-9E-05,-0.00055,0.00171,-0.00055,0.00171,49.19553,0.0017924,0,80000.946,79983.167,-0.946,16.833,True,False,False
300.72,INSERTION,COAST,79999.773,33.1423182,3.1923144,138.7767,0.91495,16.05205,0.01305,2278.91816,2278.93202,0.01385,0.00028,-9E-05,-0.00055,0.00171,-0.00055,0.00171,49.19553,0.0017914,0,80000.948,79983.169,-0.948,16.831,True,False,False
300.86,INSERTION,COAST,79999.772,33.1423182,3.1923144,138.80555,0.91476,16.21957,0.01304,2278.91816,2278.93202,0.01386,0.00028,-9E-05,-0.00054,0.00171,-0.00054,0.00171,49.19553,0.0017899,0,80000.949,79983.171,-0.949,16.829,True,False,False
301.02,INSERTION,COAST,79999.771,33.1423182,3.1923144,138.83856,0.91454,16.41115,0.01303,2278.91815,2278.93202,0.01387,0.00028,-9E-05,-0.00053,0.00171,-0.00053,0.00171,49.19553,0.001788,0,80000.949,79983.172,-0.949,16.828,True,False,False
301.16,INSERTION,COAST,79999.77,33.1423182,3.1923144,138.8675,0.91435,16.56465,0.01301,2278.91815,2278.93202,0.01388,0.00028,-9E-05,-0.00052,0.00171,-0.00052,0.00171,49.19553,0.0017863,0,80000.948,79983.171,-0.948,16.829,True,False,False
301.3,INSERTION,COAST,79999.77,33.1423182,3.1923144,138.89648,0.91416,16.68964,0.01298,2278.91814,2278.93202,0.01389,0.00028,-9E-05,-0.00051,0.00171,-0.00051,0.00171,49.19553,0.0017851,0,80000.946,79983.168,-0.946,16.832,True,False,False
301.44,INSERTION,COAST,79999.77,33.1423182,3.1923144,138.9255,0.91397,16.77729,0.01295,2278.91812,2278.93202,0.0139,0.00028,-9E-05,-0.00051,0.00171,-0.00051,0.00171,49.19553,0.0017848,0,80000.943,79983.164,-0.943,16.836,True,False,False
301.6,INSERTION,COAST,79999.772,33.1423182,3.1923144,138.95873,0.91375,16.82864,0.01291,2278.91811,2278.93202,0.01391,0.00028,-9E-05,-0.00051,0.00171,-0.00051,0.00171,49.19553,0.0017857,0,80000.939,79983.159,-0.939,16.841,True,False,False
301.72,INSERTION,COAST,79999.773,33.1423182,3.1923144,138.98784,0.91356,16.83546,0.01288,2278.9181,2278.93202,0.01392,0.00028,-9E-05,-0.00051,0.00171,-0.00051,0.00171,49.19553,0.0017877,0,80000.936,79983.155,-0.936,16.845,True,False,False
301.88,INSERTION,COAST,79999.767,33.1423183,3.1923144,139.017,0.91336,16.81667,0.01285,2278.9181,2278.93202,0.01392,0.00028,-9E-05,-0.00049,0.00171,-0.00049,0.00171,49.19553,0.001783,0,80000.93,79983.153,-0.93,16.847,True,False,False
302.02,INSERTION,COAST,79999.77,33.1423183,3.1923144,139.0462,0.91317,16.77568,0.01283,2278.9181,2278.93203,0.01393,0.00028,-9E-05,-0.00048,0.00171,-0.00048,0.00171,49.19553,0.001779,0,80000.925,79983.152,-0.925,16.848,True,False,False
302.18,INSERTION,COAST,79999.773,33.1423183,3.1923144,139.07963,0.91295,16.68607,0.01279,2278.91809,2278.93202,0.01393,0.00028,-9E-05,-0.00049,0.00171,-0.00049,0.00171,49.19553,0.0017837,0,80000.921,79983.148,-0.921,16.852,True,False,False
302.32,INSERTION,COAST,79999.777,33.1423183,3.1923144,139.10892,0.91276,16.57798,0.01276,2278.91808,2278.93202,0.01394,0.00028,-9E-05,-0.00051,0.00172,-0.00051,0.00172,49.19553,0.0017889,0,80000.919,79983.144,-0.919,16.856,True,False,False
302.46,INSERTION,COAST,79999.781,33.1423183,3.1923144,139.13826,0.91257,16.4724,0.01274,2278.91807,2278.93201,0.01394,0.00028,-9E-05,-0.00053,0.00172,-0.00053,0.00172,49.19553,0.001795,0,80000.919,79983.144,-0.919,16.856,True,False,False
302.6,INSERTION,COAST,79999.784,33.1423183,3.1923144,139.16764,0.91238,16.38794,0.01274,2278.91807,2278.932,0.01394,0.00028,-9E-05,-0.00055,0.00172,-0.00055,0.00172,49.19553,0.0018012,0,80000.92,79983.146,-0.92,16.854,True,False,False
302.76,INSERTION,COAST,79999.787,33.1423183,3.1923144,139.20127,0.91215,16.3365,0.01275,2278.91807,2278.932,0.01393,0.00028,-9E-05,-0.00057,0.00171,-0.00057,0.00171,49.19553,0.0018078,0,80000.924,79983.151,-0.924,16.849,True,False,False
302.9,INSERTION,COAST,79999.788,33.1423183,3.1923144,139.23074,0.91196,16.34121,0.01276,2278.91807,2278.93199,0.01393,0.00028,-9E-05,-0.00059,0.00171,-0.00059,0.00171,49.19553,0.0018123,0,80000.927,79983.156,-0.927,16.844,True,False,False
303.04,INSERTION,COAST,79999.789,33.1423183,3.1923144,139.26026,0.91177,16.39555,0.01278,2278.91807,2278.93199,0.01392,0.00028,-9E-05,-0.0006,0.00171,-0.0006,0.00171,49.19553,0.0018155,0,80000.931,79983.161,-0.931,16.839,True,False,False
303.18,INSERTION,COAST,79999.789,33.1423183,3.1923144,139.28982,0.91157,16.49898,0.01279,2278.91807,2278.93199,0.01392,0.00028,-9E-05,-0.00061,0.00171,-0.00061,0.00171,49.19553,0.0018172,0,80000.935,79983.166,-0.935,16.834,True,False,False
303.34,INSERTION,COAST,79999.788,33.1423183,3.1923144,139.32365,0.91135,16.67285,0.01281,2278.91807,2278.93199,0.01392,0.00028,-9E-05,-0.00061,0.00171,-0.00061,0.00171,49.19553,0.0018171,0,80000.939,79983.173,-0.939,16.827,True,False,False
303.48,INSERTION,COAST,79999.787,33.1423183,3.1923144,139.35331,0.91116,16.86418,0.01282,2278.91807,2278.93199,0.01392,0.00028,-9E-05,-0.0006,0.00171,-0.0006,0.00171,49.19553,0.0018153,0,80000.942,79983.177,-0.942,16.823,True,False,False
303.62,INSERTION,COAST,79999.785,33.1423183,3.1923144,139.383,0.91097,17.07692,0.01282,2278.91807,2278.932,0.01392,0.00028,-9E-05,-0.00059,0.00171,-0.00059,0.00171,49.19553,0.0018125,0,80000.945,79983.181,-0.945,16.819,True,False,False
303.76,INSERTION,COAST,79999.783,33.1423183,3.1923144,139.41274,0.91077,17.29727,0.01281,2278.91807,2278.932,0.01393,0.00028,-9E-05,-0.00058,0.00171,-0.00058,0.00171,49.19553,0.001809,0,80000.945,79983.183,-0.945,16.817,True,False,False
303.92,INSERTION,COAST,79999.781,33.1423183,3.1923144,139.44678,0.91055,17.54144,0.01279,2278.91806,2278.932,0.01394,0.00028,-9E-05,-0.00056,0.00172,-0.00056,0.00172,49.19553,0.001805,0,80000.945,79983.183,-0.945,16.817,True,False,False
304.06,INSERTION,COAST,79999.78,33.1423183,3.1923144,139.47662,0.91035,17.72185,0.01277,2278.91805,2278.93201,0.01395,0.00028,-9E-05,-0.00055,0.00172,-0.00055,0.00172,49.19553,0.0018018,0,80000.943,79983.18,-0.943,16.82,True,False,False
304.2,INSERTION,COAST,79999.78,33.1423183,3.1923144,139.50649,0.91016,17.85087,0.01272,2278.91804,2278.93201,0.01397,0.00028,-9E-05,-0.00053,0.00172,-0.00053,0.00172,49.19553,0.0017998,0,80000.939,79983.174,-0.939,16.826,True,False,False
304.34,INSERTION,COAST,79999.78,33.1423183,3.1923144,139.53641,0.90996,17.91933,0.01268,2278.91802,2278.93201,0.01399,0.00028,-9E-05,-0.00053,0.00172,-0.00053,0.00172,49.19553,0.0017994,0,80000.934,79983.167,-0.934,16.833,True,False,False
304.5,INSERTION,COAST,79999.782,33.1423183,3.1923144,139.57066,0.90974,17.92487,0.01263,2278.918,2278.932,0.014,0.00028,-9E-05,-0.00053,0.00172,-0.00053,0.00172,49.19553,0.0018011,0,80000.928,79983.158,-0.928,16.842,True,False,False
304.64,INSERTION,COAST,79999.785,33.1423183,3.1923144,139.60067,0.90955,17.87786,0.01259,2278.91799,2278.932,0.01401,0.00028,-9E-05,-0.00053,0.00172,-0.00053,0.00172,49.19553,0.0018043,0,80000.924,79983.152,-0.924,16.848,True,False,False
304.78,INSERTION,COAST,79999.788,33.1423183,3.1923144,139.63073,0.90935,17.8012,0.01255,2278.91798,2278.932,0.01402,0.00028,-9E-05,-0.00055,0.00172,-0.00055,0.00172,49.19553,0.0018088,0,80000.922,79983.148,-0.922,16.852,True,False,False
304.92,INSERTION,COAST,79999.791,33.1423183,3.1923144,139.66083,0.90915,17.7178,0.01254,2278.91797,2278.93199,0.01402,0.00029,-9E-05,-0.00056,0.00172,-0.00056,0.00172,49.19553,0.0018143,0,80000.921,79983.146,-0.921,16.854,True,False,False
305.08,INSERTION,COAST,79999.794,33.1423183,3.1923144,139.69529,0.90893,17.639,0.01253,2278.91796,2278.93199,0.01402,0.00028,-9E-05,-0.00058,0.00172,-0.00058,0.00172,49.19553,0.0018209,0,80000.922,79983.148,-0.922,16.852,True,False,False
305.22,INSERTION,COAST,79999.797,33.1423183,3.1923144,139.72549,0.90873,17.5977,0.01253,2278.91796,2278.93198,0.01402,0.00028,-9E-05,-0.0006,0.00172,-0.0006,0.00172,49.19553,0.0018262,0,80000.924,79983.151,-0.924,16.849,True,False,False
305.36,INSERTION,COAST,79999.799,33.1423183,3.1923144,139.75573,0.90854,17.59123,0.01253,2278.91796,2278.93198,0.01401,0.00028,-9E-05,-0.00062,0.00172,-0.00062,0.00172,49.19553,0.0018309,0,80000.926,79983.155,-0.926,16.845,True,False,False
305.5,INSERTION,COAST,79999.8,33.1423183,3.1923145,139.78601,0.90834,17.62473,0.01254,2278.91796,2278.93197,0.01401,0.00028,-9E-05,-0.00063,0.00172,-0.00063,0.00172,49.19553,0.0018345,0,80000.93,79983.16,-0.93,16.84,True,False,False
305.66,INSERTION,COAST,79999.8,33.1423183,3.1923144,139.82068,0.90811,17.71547,0.01256,2278.91797,2278.93197,0.01401,0.00028,-9E-05,-0.00064,0.00172,-0.00064,0.00172,49.19553,0.001837,0,80000.934,79983.166,-0.934,16.834,True,False,False
305.8,INSERTION,COAST,79999.8,33.1423183,3.1923144,139.85106,0.90792,17.83824,0.01257,2278.91797,2278.93197,0.01401,0.00028,-9E-05,-0.00064,0.00172,-0.00064,0.00172,49.19553,0.0018376,0,80000.937,79983.172,-0.937,16.828,True,False,False
305.94,INSERTION,COAST,79999.799,33.1423183,3.1923144,139.88148,0.90772,17.99289,0.01257,2278.91797,2278.93197,0.01401,0.00028,-9E-05,-0.00064,0.00172,-0.00064,0.00172,49.19553,0.0018368,0,80000.939,79983.176,-0.939,16.824,True,False,False
306.08,INSERTION,COAST,79999.798,33.1423183,3.1923144,139.91195,0.90752,18.17036,0.01257,2278.91797,2278.93198,0.01401,0.00028,-9E-05,-0.00063,0.00172,-0.00063,0.00172,49.19553,0.001835,0,80000.941,79983.18,-0.941,16.82,True,False,False
306.24,INSERTION,COAST,79999.796,33.1423183,3.1923144,139.94682,0.9073,18.3878,0.01257,2278.91796,2278.93198,0.01402,0.00028,-9E-05,-0.00062,0.00172,-0.00062,0.00172,49.19553,0.001832,0,80000.943,79983.183,-0.943,16.817,True,False,False
306.36,INSERTION,COAST,79999.795,33.1423183,3.1923144,139.97739,0.9071,18.57831,0.01256,2278.91796,2278.93198,0.01402,0.00029,-9E-05,-0.00061,0.00172,-0.00061,0.00172,49.19553,0.0018291,0,80000.943,79983.184,-0.943,16.816,True,False,False
306.52,INSERTION,COAST,79999.786,33.1423183,3.1923145,140.00799,0.9069,18.75075,0.01254,2278.91796,2278.93199,0.01403,0.00029,-9E-05,-0.00057,0.00173,-0.00057,0.00173,49.19553,0.0018176,0,80000.938,79983.183,-0.938,16.817,True,False,False
306.66,INSERTION,COAST,79999.786,33.1423184,3.1923145,140.03865,0.9067,18.87839,0.0125,2278.91796,2278.932,0.01404,0.00029,-9E-05,-0.00054,0.00173,-0.00054,0.00173,49.19553,0.0018075,0,80000.931,79983.18,-0.931,16.82,True,False,False
306.82,INSERTION,COAST,79999.787,33.1423184,3.1923145,140.07373,0.90647,18.92181,0.01244,2278.91794,2278.932,0.01406,0.00029,-9E-05,-0.00053,0.00173,-0.00053,0.00173,49.19553,0.0018074,0,80000.924,79983.167,-0.924,16.833,True,False,False
306.96,INSERTION,COAST,79999.79,33.1423184,3.1923145,140.10448,0.90627,18.85963,0.01237,2278.91791,2278.93199,0.01408,0.00029,-9E-05,-0.00053,0.00173,-0.00053,0.00173,49.19553,0.0018099,0,80000.916,79983.153,-0.916,16.847,True,False,False
307.1,INSERTION,COAST,79999.794,33.1423184,3.1923145,140.13527,0.90608,18.72595,0.01232,2278.91789,2278.93199,0.0141,0.00029,-9E-05,-0.00054,0.00173,-0.00054,0.00173,49.19553,0.0018151,0,80000.91,79983.143,-0.91,16.857,True,False,False
307.24,INSERTION,COAST,79999.798,33.1423184,3.1923145,140.1661,0.90588,18.55303,0.01228,2278.91788,2278.93198,0.0141,0.00029,-9E-05,-0.00056,0.00173,-0.00056,0.00173,49.19553,0.0018222,0,80000.907,79983.137,-0.907,16.863,True,False,False
307.4,INSERTION,COAST,79999.803,33.1423184,3.1923145,140.2014,0.90565,18.35555,0.01226,2278.91787,2278.93197,0.0141,0.00029,-9E-05,-0.00059,0.00173,-0.00059,0.00173,49.19553,0.0018319,0,80000.907,79983.136,-0.907,16.864,True,False,False
307.54,INSERTION,COAST,79999.808,33.1423184,3.1923145,140.23233,0.90545,18.21127,0.01226,2278.91787,2278.93196,0.01409,0.00029,-9E-05,-0.00062,0.00173,-0.00062,0.00173,49.19553,0.0018406,0,80000.908,79983.14,-0.908,16.86,True,False,False
307.68,INSERTION,COAST,79999.811,33.1423184,3.1923145,140.2633,0.90525,18.11276,0.01227,2278.91787,2278.93196,0.01409,0.00029,-9E-05,-0.00065,0.00173,-0.00065,0.00173,49.19553,0.0018487,0,80000.912,79983.145,-0.912,16.855,True,False,False
307.82,INSERTION,COAST,79999.813,33.1423184,3.1923145,140.29433,0.90505,18.07261,0.01229,2278.91788,2278.93195,0.01408,0.00029,-9E-05,-0.00067,0.00173,-0.00067,0.00173,49.19553,0.0018556,0,80000.916,79983.153,-0.916,16.847,True,False,False
307.98,INSERTION,COAST,79999.815,33.1423184,3.1923145,140.32983,0.90482,18.10991,0.01232,2278.91788,2278.93195,0.01407,0.00029,-9E-05,-0.00069,0.00173,-0.00069,0.00173,49.19553,0.0018612,0,80000.922,79983.163,-0.922,16.837,True,False,False
308.12,INSERTION,COAST,79999.815,33.1423184,3.1923145,140.36095,0.90462,18.2164,0.01234,2278.91789,2278.93195,0.01406,0.00029,-9E-05,-0.0007,0.00173,-0.0007,0.00173,49.19553,0.0018633,0,80000.927,79983.172,-0.927,16.828,True,False,False
308.26,INSERTION,COAST,79999.814,33.1423184,3.1923145,140.39211,0.90442,18.38251,0.01236,2278.91789,2278.93195,0.01405,0.00029,-9E-05,-0.0007,0.00173,-0.0007,0.00173,49.19553,0.001863,0,80000.932,79983.181,-0.932,16.819,True,False,False
308.4,INSERTION,COAST,79999.812,33.1423184,3.1923145,140.42332,0.90422,18.5972,0.01238,2278.9179,2278.93195,0.01405,0.00029,-9E-05,-0.00069,0.00173,-0.00069,0.00173,49.19553,0.0018604,0,80000.936,79983.188,-0.936,16.812,True,False,False
308.56,INSERTION,COAST,79999.809,33.1423184,3.1923145,140.45904,0.90399,18.88427,0.01239,2278.9179,2278.93196,0.01406,0.00029,-9E-05,-0.00068,0.00173,-0.00068,0.00173,49.19553,0.0018555,0,80000.94,79983.195,-0.94,16.805,True,False,False
308.7,INSERTION,COAST,79999.806,33.1423184,3.1923145,140.49035,0.90379,19.15315,0.01239,2278.9179,2278.93196,0.01406,0.00029,-9E-05,-0.00066,0.00173,-0.00066,0.00173,49.19553,0.0018499,0,80000.941,79983.199,-0.941,16.801,True,False,False
308.84,INSERTION,COAST,79999.804,33.1423184,3.1923145,140.52169,0.90358,19.41717,0.01238,2278.91789,2278.93196,0.01407,0.00029,-9E-05,-0.00064,0.00173,-0.00064,0.00173,49.19553,0.001844,0,80000.941,79983.2,-0.941,16.8,True,False,False
308.98,INSERTION,COAST,79999.802,33.1423184,3.1923145,140.55309,0.90338,19.64811,0.01235,2278.91788,2278.93197,0.01409,0.00029,-9E-05,-0.00062,0.00173,-0.00062,0.00173,49.19553,0.0018386,0,80000.939,79983.196,-0.939,16.804,True,False,False
309.14,INSERTION,COAST,79999.8,33.1423184,3.1923145,140.58902,0.90315,19.84055,0.0123,2278.91787,2278.93197,0.01411,0.00029,-9E-05,-0.0006,0.00173,-0.0006,0.00173,49.19553,0.0018342,0,80000.934,79983.187,-0.934,16.813,True,False,False
309.28,INSERTION,COAST,79999.801,33.1423184,3.1923145,140.62051,0.90295,19.93099,0.01224,2278.91785,2278.93197,0.01413,0.00029,-9E-05,-0.00059,0.00174,-0.00059,0.00174,49.19553,0.0018326,0,80000.928,79983.177,-0.928,16.823,True,False,False
309.42,INSERTION,COAST,79999.802,33.1423184,3.1923145,140.65204,0.90275,19.94348,0.01219,2278.91782,2278.93197,0.01415,0.00029,-9E-05,-0.00058,0.00174,-0.00058,0.00174,49.19553,0.0018333,0,80000.922,79983.165,-0.922,16.835,True,False,False
309.56,INSERTION,COAST,79999.805,33.1423184,3.1923145,140.68362,0.90254,19.88762,0.01214,2278.91781,2278.93197,0.01416,0.00029,-9E-05,-0.00059,0.00174,-0.00059,0.00174,49.19553,0.0018364,0,80000.917,79983.154,-0.917,16.846,True,False,False
309.72,INSERTION,COAST,79999.809,33.1423184,3.1923145,140.71977,0.90231,19.76599,0.01209,2278.91779,2278.93196,0.01417,0.00029,-0.0001,-0.0006,0.00174,-0.0006,0.00174,49.19553,0.0018424,0,80000.912,79983.145,-0.912,16.855,True,False,False
309.86,INSERTION,COAST,79999.812,33.1423184,3.1923145,140.75145,0.90211,19.63831,0.01206,2278.91778,2278.93196,0.01418,0.00029,-0.0001,-0.00062,0.00174,-0.00062,0.00174,49.19553,0.0018492,0,80000.911,79983.142,-0.911,16.858,True,False,False
310,INSERTION,COAST,79999.816,33.1423184,3.1923145,140.78317,0.90191,19.51953,0.01205,2278.91777,2278.93195,0.01418,0.00029,-0.0001,-0.00064,0.00174,-0.00064,0.00174,49.19553,0.0018567,0,80000.911,79983.142,-0.911,16.858,True,False,False
310.14,INSERTION,COAST,79999.819,33.1423184,3.1923145,140.81494,0.9017,19.42657,0.01205,2278.91777,2278.93194,0.01417,0.00029,-9E-05,-0.00067,0.00174,-0.00067,0.00174,49.19553,0.0018641,0,80000.913,79983.146,-0.913,16.854,True,False,False
310.3,INSERTION,COAST,79999.822,33.1423184,3.1923145,140.85131,0.90147,19.37002,0.01206,2278.91777,2278.93194,0.01416,0.00029,-9E-05,-0.00069,0.00174,-0.00069,0.00174,49.19553,0.0018717,0,80000.916,79983.153,-0.916,16.847,True,False,False
310.44,INSERTION,COAST,79999.824,33.1423184,3.1923145,140.88317,0.90127,19.37336,0.01208,2278.91778,2278.93193,0.01416,0.00029,-9E-05,-0.0007,0.00174,-0.0007,0.00174,49.19553,0.0018768,0,80000.92,79983.16,-0.92,16.84,True,False,False
310.58,INSERTION,COAST,79999.825,33.1423184,3.1923145,140.91509,0.90106,19.428,0.01209,2278.91778,2278.93193,0.01415,0.00029,-9E-05,-0.00072,0.00174,-0.00072,0.00174,49.19553,0.0018802,0,80000.924,79983.167,-0.924,16.833,True,False,False
310.72,INSERTION,COAST,79999.825,33.1423184,3.1923145,140.94705,0.90086,19.53255,0.01211,2278.91779,2278.93193,0.01415,0.00029,-9E-05,-0.00072,0.00174,-0.00072,0.00174,49.19553,0.0018817,0,80000.928,79983.175,-0.928,16.825,True,False,False
310.88,INSERTION,COAST,79999.824,33.1423184,3.1923145,140.98363,0.90062,19.70783,0.01212,2278.91779,2278.93193,0.01414,0.00029,-9E-05,-0.00072,0.00174,-0.00072,0.00174,49.19553,0.0018812,0,80000.932,79983.183,-0.932,16.817,True,False,False
311.02,INSERTION,COAST,79999.822,33.1423184,3.1923145,141.01568,0.90042,19.90008,0.01213,2278.91779,2278.93193,0.01414,0.00029,-9E-05,-0.00071,0.00174,-0.00071,0.00174,49.19553,0.0018788,0,80000.935,79983.19,-0.935,16.81,True,False,False
311.16,INSERTION,COAST,79999.82,33.1423184,3.1923145,141.04779,0.90021,20.11329,0.01213,2278.91779,2278.93194,0.01415,0.00029,-9E-05,-0.0007,0.00174,-0.0007,0.00174,49.19553,0.0018752,0,80000.937,79983.194,-0.937,16.806,True,False,False
311.3,INSERTION,COAST,79999.818,33.1423184,3.1923145,141.07993,0.90001,20.33377,0.01212,2278.91779,2278.93194,0.01415,0.00029,-9E-05,-0.00069,0.00174,-0.00069,0.00174,49.19553,0.0018709,0,80000.937,79983.196,-0.937,16.804,True,False,False
311.46,INSERTION,COAST,79999.816,33.1423184,3.1923145,141.11673,0.89977,20.57782,0.01211,2278.91778,2278.93194,0.01416,0.00029,-9E-05,-0.00067,0.00174,-0.00067,0.00174,49.19553,0.0018658,0,80000.937,79983.196,-0.937,16.804,True,False,False
311.6,INSERTION,COAST,79999.815,33.1423184,3.1923145,141.14898,0.89957,20.7584,0.01208,2278.91777,2278.93195,0.01418,0.00029,-0.0001,-0.00066,0.00174,-0.00066,0.00174,49.19553,0.0018619,0,80000.935,79983.192,-0.935,16.808,True,False,False
311.74,INSERTION,COAST,79999.815,33.1423184,3.1923145,141.18127,0.89936,20.88847,0.01204,2278.91775,2278.93195,0.01419,0.00029,-0.0001,-0.00065,0.00174,-0.00065,0.00174,49.19553,0.0018593,0,80000.931,79983.184,-0.931,16.816,True,False,False
311.88,INSERTION,COAST,79999.815,33.1423184,3.1923145,141.21361,0.89916,20.95911,0.01199,2278.91774,2278.93195,0.01421,0.00029,-0.0001,-0.00064,0.00175,-0.00064,0.00175,49.19553,0.0018585,0,80000.927,79983.175,-0.927,16.825,True,False,False
312.04,INSERTION,COAST,79999.817,33.1423184,3.1923145,141.25062,0.89892,20.96816,0.01194,2278.91772,2278.93195,0.01423,0.00029,-0.0001,-0.00064,0.00175,-0.00064,0.00175,49.19553,0.0018601,0,80000.921,79983.164,-0.921,16.836,True,False,False
312.18,INSERTION,COAST,79999.819,33.1423184,3.1923145,141.28306,0.89871,20.92424,0.0119,2278.9177,2278.93194,0.01424,0.00029,-0.0001,-0.00064,0.00175,-0.00064,0.00175,49.19553,0.0018634,0,80000.918,79983.155,-0.918,16.845,True,False,False
312.32,INSERTION,COAST,79999.818,33.1423184,3.1923145,141.31554,0.89851,20.84915,0.01187,2278.91769,2278.93194,0.01425,0.00029,-0.0001,-0.00066,0.00175,-0.00066,0.00175,49.19553,0.0018684,0,80000.915,79983.15,-0.915,16.85,True,False,False
312.46,INSERTION,COAST,79999.817,33.1423184,3.1923146,141.34807,0.8983,20.76434,0.01185,2278.9177,2278.93195,0.01424,0.00029,-0.0001,-0.00062,0.00175,-0.00062,0.00175,49.19553,0.0018558,0,80000.907,79983.15,-0.907,16.85,True,False,False
312.62,INSERTION,COAST,79999.821,33.1423184,3.1923146,141.38531,0.89806,20.6546,0.01183,2278.9177,2278.93194,0.01425,0.00029,-0.0001,-0.00064,0.00175,-0.00064,0.00175,49.19553,0.0018626,0,80000.906,79983.149,-0.906,16.851,True,False,False
312.76,INSERTION,COAST,79999.825,33.1423184,3.1923146,141.41794,0.89786,20.5381,0.01181,2278.91769,2278.93194,0.01425,0.00029,-0.0001,-0.00066,0.00175,-0.00066,0.00175,49.19553,0.0018692,0,80000.904,79983.145,-0.904,16.855,True,False,False
312.9,INSERTION,COAST,79999.828,33.1423184,3.1923146,141.45061,0.89765,20.43196,0.0118,2278.91768,2278.93193,0.01425,0.00029,-0.0001,-0.00068,0.00175,-0.00068,0.00175,49.19553,0.0018765,0,80000.905,79983.146,-0.905,16.854,True,False,False
313.04,INSERTION,COAST,79999.831,33.1423184,3.1923146,141.48333,0.89744,20.3508,0.0118,2278.91768,2278.93192,0.01424,0.00029,-0.0001,-0.0007,0.00175,-0.0007,0.00175,49.19553,0.0018837,0,80000.907,79983.15,-0.907,16.85,True,False,False
313.2,INSERTION,COAST,79999.834,33.1423184,3.1923146,141.52079,0.8972,20.30447,0.0118,2278.91768,2278.93192,0.01424,0.00029,-0.0001,-0.00072,0.00175,-0.00072,0.00175,49.19553,0.0018909,0,80000.91,79983.157,-0.91,16.843,True,False,False
313.34,INSERTION,COAST,79999.835,33.1423184,3.1923146,141.55361,0.897,20.31274,0.01182,2278.91769,2278.93192,0.01423,0.00029,-0.0001,-0.00074,0.00175,-0.00074,0.00175,49.19553,0.0018957,0,80000.913,79983.164,-0.913,16.836,True,False,False
313.48,INSERTION,COAST,79999.836,33.1423184,3.1923146,141.58648,0.89679,20.36802,0.01183,2278.91769,2278.93191,0.01422,0.00029,-0.0001,-0.00075,0.00175,-0.00075,0.00175,49.19553,0.0018989,0,80000.916,79983.171,-0.916,16.829,True,False,False
313.62,INSERTION,COAST,79999.836,33.1423184,3.1923146,141.6194,0.89658,20.46879,0.01184,2278.91769,2278.93191,0.01422,0.00029,-0.0001,-0.00075,0.00175,-0.00075,0.00175,49.19553,0.0019003,0,80000.92,79983.179,-0.92,16.821,True,False,False
313.78,INSERTION,COAST,79999.835,33.1423184,3.1923146,141.65707,0.89634,20.63453,0.01185,2278.9177,2278.93191,0.01422,0.00029,-0.0001,-0.00075,0.00175,-0.00075,0.00175,49.19553,0.0018998,0,80000.924,79983.188,-0.924,16.812,True,False,False
313.92,INSERTION,COAST,79999.834,33.1423184,3.1923146,141.69009,0.89613,20.81467,0.01186,2278.9177,2278.93192,0.01422,0.00029,-0.0001,-0.00074,0.00175,-0.00074,0.00175,49.19553,0.0018976,0,80000.926,79983.194,-0.926,16.806,True,False,False
314.06,INSERTION,COAST,79999.832,33.1423184,3.1923146,141.72315,0.89592,21.01362,0.01186,2278.9177,2278.93192,0.01422,0.00029,-0.0001,-0.00073,0.00175,-0.00073,0.00175,49.19553,0.0018942,0,80000.928,79983.198,-0.928,16.802,True,False,False
314.2,INSERTION,COAST,79999.83,33.1423184,3.1923146,141.75626,0.89571,21.21895,0.01185,2278.91769,2278.93192,0.01423,0.00029,-0.0001,-0.00072,0.00175,-0.00072,0.00175,49.19553,0.0018902,0,80000.929,79983.2,-0.929,16.8,True,False,False
314.36,INSERTION,COAST,79999.829,33.1423184,3.1923146,141.79415,0.89547,21.44597,0.01183,2278.91769,2278.93192,0.01424,0.00029,-0.0001,-0.00071,0.00175,-0.00071,0.00175,49.19553,0.0018856,0,80000.928,79983.2,-0.928,16.8,True,False,False
314.5,INSERTION,COAST,79999.828,33.1423184,3.1923146,141.82736,0.89527,21.61453,0.01181,2278.91768,2278.93193,0.01425,0.00029,-0.0001,-0.00069,0.00175,-0.00069,0.00175,49.19553,0.0018819,0,80000.926,79983.196,-0.926,16.804,True,False,False
314.64,INSERTION,COAST,79999.827,33.1423184,3.1923146,141.86062,0.89506,21.73741,0.01177,2278.91766,2278.93193,0.01427,0.00029,-0.0001,-0.00068,0.00175,-0.00068,0.00175,49.19553,0.0018795,0,80000.923,79983.188,-0.923,16.812,True,False,False
314.78,INSERTION,COAST,79999.828,33.1423184,3.1923146,141.89392,0.89485,21.8067,0.01173,2278.91765,2278.93193,0.01428,0.00029,-0.0001,-0.00068,0.00175,-0.00068,0.00175,49.19553,0.0018788,0,80000.919,79983.179,-0.919,16.821,True,False,False
314.94,INSERTION,COAST,79999.829,33.1423184,3.1923146,141.93204,0.8946,21.82125,0.01168,2278.91763,2278.93193,0.0143,0.00029,-0.0001,-0.00067,0.00176,-0.00067,0.00176,49.19553,0.0018803,0,80000.914,79983.168,-0.914,16.832,True,False,False
315.08,INSERTION,COAST,79999.832,33.1423184,3.1923146,141.96544,0.89439,21.78711,0.01164,2278.91761,2278.93192,0.01431,0.00029,-0.0001,-0.00068,0.00176,-0.00068,0.00176,49.19553,0.0018835,0,80000.911,79983.16,-0.911,16.84,True,False,False
315.22,INSERTION,COAST,79999.834,33.1423184,3.1923146,141.99889,0.89418,21.72461,0.01161,2278.9176,2278.93192,0.01432,0.00029,-0.0001,-0.00069,0.00176,-0.00069,0.00176,49.19553,0.0018882,0,80000.909,79983.154,-0.909,16.846,True,False,False
315.36,INSERTION,COAST,79999.837,33.1423184,3.1923146,142.03239,0.89397,21.65272,0.01159,2278.91759,2278.93191,0.01432,0.00029,-0.0001,-0.00071,0.00176,-0.00071,0.00176,49.19553,0.0018938,0,80000.908,79983.152,-0.908,16.848,True,False,False
315.52,INSERTION,COAST,79999.84,33.1423184,3.1923146,142.07073,0.89373,21.58104,0.01158,2278.91759,2278.93191,0.01432,0.00029,-0.0001,-0.00072,0.00176,-0.00072,0.00176,49.19553,0.0019007,0,80000.909,79983.154,-0.909,16.846,True,False,False
315.66,INSERTION,COAST,79999.842,33.1423184,3.1923146,142.10433,0.89352,21.53909,0.01158,2278.91759,2278.9319,0.01432,0.00029,-0.0001,-0.00074,0.00176,-0.00074,0.00176,49.19553,0.0019064,0,80000.91,79983.157,-0.91,16.843,True,False,False
315.8,INSERTION,COAST,79999.844,33.1423184,3.1923146,142.13798,0.89331,21.52468,0.01158,2278.91759,2278.9319,0.01432,0.00029,-0.0001,-0.00075,0.00176,-0.00075,0.00176,49.19553,0.0019114,0,80000.912,79983.161,-0.912,16.839,True,False,False
315.94,INSERTION,COAST,79999.846,33.1423184,3.1923146,142.17168,0.8931,21.54265,0.01158,2278.91759,2278.9319,0.01431,0.00029,-0.0001,-0.00076,0.00176,-0.00076,0.00176,49.19553,0.0019155,0,80000.914,79983.167,-0.914,16.833,True,False,False
316.1,INSERTION,COAST,79999.846,33.1423184,3.1923146,142.21024,0.89285,21.60686,0.01159,2278.91759,2278.9319,0.01431,0.00029,-0.0001,-0.00077,0.00176,-0.00077,0.00176,49.19553,0.0019186,0,80000.917,79983.174,-0.917,16.826,True,False,False
316.24,INSERTION,COAST,79999.846,33.1423184,3.1923146,142.24404,0.89264,21.70021,0.0116,2278.91759,2278.9319,0.0143,0.00029,-0.0001,-0.00078,0.00176,-0.00078,0.00176,49.19553,0.0019197,0,80000.919,79983.18,-0.919,16.82,True,False,False
316.38,INSERTION,COAST,79999.846,33.1423184,3.1923146,142.27789,0.89243,21.82219,0.0116,2278.91759,2278.9319,0.0143,0.00029,-0.0001,-0.00078,0.00176,-0.00078,0.00176,49.19553,0.0019196,0,80000.922,79983.186,-0.922,16.814,True,False,False
316.52,INSERTION,COAST,79999.845,33.1423184,3.1923146,142.31178,0.89222,21.96633,0.0116,2278.91759,2278.9319,0.01431,0.00029,-0.0001,-0.00077,0.00176,-0.00077,0.00176,49.19553,0.0019183,0,80000.923,79983.191,-0.923,16.809,True,False,False
316.68,INSERTION,COAST,79999.844,33.1423184,3.1923146,142.35057,0.89197,22.14843,0.0116,2278.91759,2278.9319,0.01431,0.00029,-0.0001,-0.00077,0.00176,-0.00077,0.00176,49.19553,0.0019159,0,80000.925,79983.194,-0.925,16.806,True,False,False
316.82,INSERTION,COAST,79999.843,33.1423184,3.1923146,142.38456,0.89176,22.31326,0.01159,2278.91759,2278.9319,0.01431,0.00029,-0.0001,-0.00076,0.00176,-0.00076,0.00176,49.19553,0.0019132,0,80000.925,79983.196,-0.925,16.804,True,False,False
316.96,INSERTION,COAST,79999.842,33.1423184,3.1923146,142.41861,0.89155,22.47198,0.01157,2278.91758,2278.9319,0.01432,0.00029,-0.0001,-0.00075,0.00176,-0.00075,0.00176,49.19553,0.0019104,0,80000.925,79983.196,-0.925,16.804,True,False,False
317.1,INSERTION,COAST,79999.842,33.1423184,3.1923146,142.4527,0.89134,22.60976,0.01155,2278.91757,2278.9319,0.01433,0.00029,-0.0001,-0.00074,0.00176,-0.00074,0.00176,49.19553,0.0019079,0,80000.924,79983.192,-0.924,16.808,True,False,False
317.26,INSERTION,COAST,79999.842,33.1423184,3.1923146,142.49171,0.89109,22.72816,0.01151,2278.91756,2278.9319,0.01435,0.00029,-0.0001,-0.00073,0.00176,-0.00073,0.00176,49.19553,0.0019063,0,80000.921,79983.186,-0.921,16.814,True,False,False
317.4,INSERTION,COAST,79999.842,33.1423184,3.1923146,142.52591,0.89088,22.79185,0.01148,2278.91754,2278.9319,0.01436,0.00029,-0.0001,-0.00073,0.00176,-0.00073,0.00176,49.19553,0.0019061,0,80000.918,79983.179,-0.918,16.821,True,False,False
317.54,INSERTION,COAST,79999.843,33.1423184,3.1923146,142.56015,0.89066,22.81778,0.01145,2278.91753,2278.9319,0.01437,0.00029,-0.0001,-0.00073,0.00176,-0.00073,0.00176,49.19553,0.0019074,0,80000.916,79983.172,-0.916,16.828,True,False,False
317.68,INSERTION,COAST,79999.845,33.1423184,3.1923146,142.59443,0.89045,22.812,0.01142,2278.91752,2278.9319,0.01438,0.00029,-0.0001,-0.00073,0.00176,-0.00073,0.00176,49.19553,0.00191,0,80000.913,79983.165,-0.913,16.835,True,False,False
317.84,INSERTION,COAST,79999.847,33.1423184,3.1923146,142.63368,0.8902,22.78006,0.01139,2278.91751,2278.9319,0.01439,0.00029,-0.0001,-0.00074,0.00177,-0.00074,0.00177,49.19553,0.0019143,0,80000.911,79983.161,-0.911,16.839,True,False,False
317.98,INSERTION,COAST,79999.85,33.1423184,3.1923146,142.66807,0.88999,22.74412,0.01137,2278.9175,2278.93189,0.01439,0.00029,-0.0001,-0.00075,0.00177,-0.00075,0.00177,49.19553,0.0019189,0,80000.911,79983.159,-0.911,16.841,True,False,False
318.12,INSERTION,COAST,79999.852,33.1423184,3.1923146,142.70251,0.88977,22.71391,0.01136,2278.91749,2278.93189,0.0144,0.00029,-0.0001,-0.00076,0.00177,-0.00076,0.00177,49.19553,0.0019237,0,80000.911,79983.16,-0.911,16.84,True,False,False
318.26,INSERTION,COAST,79999.853,33.1423184,3.1923146,142.737,0.88956,22.69685,0.01135,2278.91749,2278.93189,0.01439,0.00029,-0.0001,-0.00078,0.00177,-0.00078,0.00177,49.19553,0.0019284,0,80000.912,79983.162,-0.912,16.838,True,False,False
318.42,INSERTION,COAST,79999.855,33.1423184,3.1923146,142.77647,0.88931,22.70131,0.01135,2278.91749,2278.93188,0.01439,0.00029,-0.0001,-0.00079,0.00177,-0.00079,0.00177,49.19553,0.0019331,0,80000.913,79983.166,-0.913,16.834,True,False,False
318.56,INSERTION,COAST,79999.856,33.1423184,3.1923146,142.81107,0.8891,22.73022,0.01135,2278.91749,2278.93188,0.01439,0.00029,-0.0001,-0.0008,0.00176,-0.0008,0.00176,49.19553,0.0019363,0,80000.915,79983.17,-0.915,16.83,True,False,False
318.7,INSERTION,COAST,79999.857,33.1423184,3.1923146,142.84571,0.88888,22.78313,0.01135,2278.91749,2278.93188,0.01439,0.00029,-0.0001,-0.0008,0.00176,-0.0008,0.00176,49.19553,0.0019387,0,80000.917,79983.175,-0.917,16.825,True,False,False
318.84,INSERTION,COAST,79999.857,33.1423184,3.1923146,142.88039,0.88867,22.85927,0.01135,2278.91749,2278.93188,0.01439,0.00029,-0.0001,-0.00081,0.00176,-0.00081,0.00176,49.19553,0.00194,0,80000.918,79983.18,-0.918,16.82,True,False,False
319,INSERTION,COAST,79999.857,33.1423184,3.1923146,142.9201,0.88842,22.97223,0.01135,2278.91749,2278.93188,0.01439,0.00029,-0.0001,-0.00081,0.00176,-0.00081,0.00176,49.19553,0.0019405,0,80000.92,79983.185,-0.92,16.815,True,False,False
319.14,INSERTION,COAST,79999.857,33.1423184,3.1923146,142.95489,0.8882,23.08918,0.01135,2278.91749,2278.93188,0.01439,0.00029,-0.0001,-0.00081,0.00176,-0.00081,0.00176,49.19553,0.00194,0,80000.921,79983.188,-0.921,16.812,True,False,False
319.28,INSERTION,COAST,79999.857,33.1423184,3.1923146,142.98973,0.88799,23.21612,0.01134,2278.91748,2278.93188,0.01439,0.00029,-0.0001,-0.0008,0.00177,-0.0008,0.00177,49.19553,0.0019389,0,80000.922,79983.191,-0.922,16.809,True,False,False
319.42,INSERTION,COAST,79999.856,33.1423184,3.1923146,143.02462,0.88777,23.34692,0.01133,2278.91748,2278.93188,0.0144,0.00029,-0.0001,-0.0008,0.00177,-0.0008,0.00177,49.19553,0.0019373,0,80000.923,79983.192,-0.923,16.808,True,False,False
319.58,INSERTION,COAST,79999.856,33.1423184,3.1923146,143.06456,0.88752,23.49241,0.01131,2278.91747,2278.93188,0.0144,0.00029,-0.0001,-0.00079,0.00177,-0.00079,0.00177,49.19553,0.0019355,0,80000.923,79983.192,-0.923,16.808,True,False,False
319.72,INSERTION,COAST,79999.855,33.1423184,3.1923146,143.09955,0.88731,23.60554,0.01129,2278.91747,2278.93188,0.01441,0.00029,-0.0001,-0.00079,0.00177,-0.00079,0.00177,49.19553,0.0019341,0,80000.922,79983.19,-0.922,16.81,True,False,False
319.86,INSERTION,COAST,79999.855,33.1423184,3.1923146,143.13459,0.88709,23.6969,0.01127,2278.91746,2278.93188,0.01442,0.00029,-0.0001,-0.00078,0.00177,-0.00078,0.00177,49.19553,0.0019332,0,80000.92,79983.186,-0.92,16.814,True,False,False
320,INSERTION,COAST,79999.856,33.1423184,3.1923146,143.16968,0.88687,23.76235,0.01124,2278.91745,2278.93188,0.01443,0.00029,-0.0001,-0.00078,0.00177,-0.00078,0.00177,49.19553,0.0019333,0,80000.918,79983.181,-0.918,16.819,True,False,False
320.16,INSERTION,COAST,79999.857,33.1423184,3.1923146,143.20985,0.88662,23.80544,0.01121,2278.91743,2278.93188,0.01445,0.00029,-0.0001,-0.00078,0.00177,-0.00078,0.00177,49.19553,0.0019346,0,80000.916,79983.175,-0.916,16.825,True,False,False
320.3,INSERTION,COAST,79999.858,33.1423184,3.1923146,143.24505,0.8864,23.81947,0.01119,2278.91742,2278.93188,0.01445,0.00029,-0.0001,-0.00078,0.00177,-0.00078,0.00177,49.19553,0.0019368,0,80000.915,79983.17,-0.915,16.83,True,False,False
320.44,INSERTION,COAST,79999.86,33.1423184,3.1923146,143.28029,0.88619,23.81838,0.01116,2278.91741,2278.93187,0.01446,0.00029,-0.0001,-0.00079,0.00177,-0.00079,0.00177,49.19553,0.0019398,0,80000.913,79983.167,-0.913,16.833,True,False,False
320.58,INSERTION,COAST,79999.862,33.1423184,3.1923146,143.31559,0.88597,23.81172,0.01115,2278.91741,2278.93187,0.01446,0.00029,-0.0001,-0.0008,0.00177,-0.0008,0.00177,49.19553,0.0019434,0,80000.913,79983.165,-0.913,16.835,True,False,False
320.74,INSERTION,COAST,79999.864,33.1423184,3.1923146,143.35598,0.88572,23.80738,0.01113,2278.9174,2278.93187,0.01447,0.00029,-0.0001,-0.00081,0.00177,-0.00081,0.00177,49.19553,0.0019477,0,80000.913,79983.166,-0.913,16.834,True,False,False
320.88,INSERTION,COAST,79999.865,33.1423184,3.1923146,143.39139,0.8855,23.81212,0.01113,2278.9174,2278.93187,0.01447,0.00029,-0.0001,-0.00081,0.00177,-0.00081,0.00177,49.19553,0.0019513,0,80000.914,79983.167,-0.914,16.833,True,False,False
321.02,INSERTION,COAST,79999.866,33.1423184,3.1923146,143.42683,0.88528,23.82888,0.01112,2278.9174,2278.93186,0.01447,0.00029,-0.0001,-0.00082,0.00177,-0.00082,0.00177,49.19553,0.0019546,0,80000.914,79983.169,-0.914,16.831,True,False,False
321.16,INSERTION,COAST,79999.867,33.1423184,3.1923146,143.46233,0.88506,23.86016,0.01111,2278.91739,2278.93186,0.01447,0.00029,-0.0001,-0.00083,0.00177,-0.00083,0.00177,49.19553,0.0019575,0,80000.915,79983.172,-0.915,16.828,True,False,False
321.32,INSERTION,COAST,79999.868,33.1423184,3.1923146,143.50297,0.88481,23.91588,0.01111,2278.91739,2278.93186,0.01447,0.00029,-0.0001,-0.00083,0.00177,-0.00083,0.00177,49.19553,0.00196,0,80000.917,79983.176,-0.917,16.824,True,False,False
321.46,INSERTION,COAST,79999.869,33.1423184,3.1923146,143.53857,0.88459,23.982,0.0111,2278.91739,2278.93186,0.01447,0.00029,-0.0001,-0.00084,0.00177,-0.00084,0.00177,49.19553,0.0019615,0,80000.918,79983.18,-0.918,16.82,True,False,False
321.6,INSERTION,COAST,79999.869,33.1423184,3.1923146,143.57423,0.88437,24.06198,0.0111,2278.91739,2278.93186,0.01447,0.00029,-0.0001,-0.00084,0.00177,-0.00084,0.00177,49.19553,0.0019623,0,80000.919,79983.183,-0.919,16.817,True,False,False
321.74,INSERTION,COAST,79999.869,33.1423184,3.1923146,143.60993,0.88415,24.15319,0.01109,2278.91739,2278.93186,0.01447,0.00029,-0.0001,-0.00084,0.00177,-0.00084,0.00177,49.19553,0.0019625,0,80000.92,79983.185,-0.92,16.815,True,False,False
321.9,INSERTION,COAST,79999.869,33.1423184,3.1923146,143.65079,0.8839,24.26701,0.01108,2278.91738,2278.93186,0.01447,0.00029,-0.0001,-0.00084,0.00177,-0.00084,0.00177,49.19553,0.0019623,0,80000.92,79983.188,-0.92,16.812,True,False,False
322.04,INSERTION,COAST,79999.869,33.1423184,3.1923146,143.6866,0.88368,24.37074,0.01107,2278.91738,2278.93186,0.01448,0.00029,-0.0001,-0.00084,0.00177,-0.00084,0.00177,49.19553,0.0019617,0,80000.921,79983.189,-0.921,16.811,True,False,False
322.18,INSERTION,COAST,79999.869,33.1423184,3.1923146,143.72246,0.88346,24.47334,0.01106,2278.91737,2278.93186,0.01448,0.00029,-0.0001,-0.00083,0.00178,-0.00083,0.00178,49.19553,0.001961,0,80000.921,79983.189,-0.921,16.811,True,False,False
322.32,INSERTION,COAST,79999.869,33.1423184,3.1923146,143.75837,0.88324,24.56857,0.01104,2278.91737,2278.93186,0.01449,0.00029,-0.0001,-0.00083,0.00178,-0.00083,0.00178,49.19553,0.0019604,0,80000.92,79983.188,-0.92,16.812,True,False,False
322.48,INSERTION,COAST,79999.869,33.1423184,3.1923146,143.79947,0.88299,24.6617,0.01102,2278.91736,2278.93186,0.0145,0.00029,-0.0001,-0.00083,0.00178,-0.00083,0.00178,49.19553,0.0019602,0,80000.919,79983.185,-0.919,16.815,True,False,False
322.62,INSERTION,COAST,79999.87,33.1423184,3.1923146,143.83549,0.88277,24.72593,0.011,2278.91735,2278.93186,0.01451,0.00029,-0.0001,-0.00083,0.00178,-0.00083,0.00178,49.19553,0.0019605,0,80000.918,79983.182,-0.918,16.818,True,False,False
322.76,INSERTION,COAST,79999.87,33.1423184,3.1923146,143.87156,0.88254,24.773,0.01098,2278.91734,2278.93186,0.01452,0.0003,-0.0001,-0.00083,0.00178,-0.00083,0.00178,49.19553,0.0019615,0,80000.917,79983.178,-0.917,16.822,True,False,False
322.9,INSERTION,COAST,79999.872,33.1423184,3.1923146,143.90767,0.88232,24.80481,0.01095,2278.91733,2278.93185,0.01452,0.0003,-0.0001,-0.00083,0.00178,-0.00083,0.00178,49.19553,0.0019632,0,80000.916,79983.175,-0.916,16.825,True,False,False
323.06,INSERTION,COAST,79999.873,33.1423184,3.1923146,143.94901,0.88207,24.82744,0.01093,2278.91732,2278.93185,0.01453,0.0003,-0.0001,-0.00083,0.00178,-0.00083,0.00178,49.19553,0.0019659,0,80000.915,79983.172,-0.915,16.828,True,False,False
323.2,INSERTION,COAST,79999.874,33.1423184,3.1923146,143.98523,0.88185,24.84084,0.01092,2278.91732,2278.93185,0.01454,0.0003,-0.0001,-0.00084,0.00178,-0.00084,0.00178,49.19553,0.0019687,0,80000.915,79983.17,-0.915,16.83,True,False,False
323.34,INSERTION,COAST,79999.876,33.1423184,3.1923146,144.02151,0.88163,24.85466,0.0109,2278.91731,2278.93185,0.01454,0.0003,-0.0001,-0.00085,0.00178,-0.00085,0.00178,49.19553,0.0019717,0,80000.914,79983.17,-0.914,16.83,True,False,False
323.48,INSERTION,COAST,79999.877,33.1423184,3.1923146,144.05783,0.8814,24.87289,0.01089,2278.91731,2278.93185,0.01454,0.0003,-0.0001,-0.00085,0.00178,-0.00085,0.00178,49.19553,0.0019746,0,80000.915,79983.171,-0.915,16.829,True,False,False
323.64,INSERTION,COAST,79999.878,33.1423184,3.1923146,144.09941,0.88115,24.9027,0.01088,2278.9173,2278.93184,0.01454,0.0003,-0.0001,-0.00086,0.00178,-0.00086,0.00178,49.19553,0.0019778,0,80000.915,79983.173,-0.915,16.827,True,False,False
323.78,INSERTION,COAST,79999.879,33.1423184,3.1923146,144.13584,0.88093,24.93869,0.01087,2278.9173,2278.93184,0.01454,0.0003,-0.0001,-0.00086,0.00178,-0.00086,0.00178,49.19553,0.0019802,0,80000.916,79983.175,-0.916,16.825,True,False,False
323.92,INSERTION,COAST,79999.88,33.1423184,3.1923146,144.17232,0.8807,24.98471,0.01087,2278.9173,2278.93184,0.01454,0.0003,-0.0001,-0.00087,0.00178,-0.00087,0.00178,49.19553,0.0019822,0,80000.917,79983.177,-0.917,16.823,True,False,False
324.06,INSERTION,COAST,79999.88,33.1423184,3.1923146,144.20885,0.88048,25.04086,0.01086,2278.91729,2278.93184,0.01455,0.0003,-0.0001,-0.00087,0.00178,-0.00087,0.00178,49.19553,0.0019838,0,80000.917,79983.179,-0.917,16.821,True,False,False
324.22,INSERTION,COAST,79999.881,33.1423184,3.1923146,144.25067,0.88023,25.11681,0.01085,2278.91729,2278.93184,0.01455,0.0003,-0.0001,-0.00087,0.00178,-0.00087,0.00178,49.19553,0.0019852,0,80000.918,79983.182,-0.918,16.818,True,False,False
324.36,INSERTION,COAST,79999.881,33.1423184,3.1923146,144.28731,0.88,25.19203,0.01084,2278.91729,2278.93184,0.01455,0.0003,-0.0001,-0.00088,0.00178,-0.00088,0.00178,49.19553,0.0019859,0,80000.919,79983.184,-0.919,16.816,True,False,False
324.5,INSERTION,COAST,79999.881,33.1423184,3.1923146,144.324,0.87978,25.27281,0.01083,2278.91728,2278.93184,0.01455,0.0003,-0.0001,-0.00088,0.00178,-0.00088,0.00178,49.19553,0.0019863,0,80000.919,79983.185,-0.919,16.815,True,False,False
324.64,INSERTION,COAST,79999.882,33.1423184,3.1923146,144.36074,0.87955,25.3567,0.01082,2278.91728,2278.93184,0.01456,0.0003,-0.0001,-0.00088,0.00178,-0.00088,0.00178,49.19553,0.0019864,0,80000.919,79983.186,-0.919,16.814,True,False,False
324.8,INSERTION,COAST,79999.882,33.1423184,3.1923146,144.40279,0.8793,25.45303,0.01081,2278.91727,2278.93184,0.01456,0.0003,-0.0001,-0.00087,0.00178,-0.00087,0.00178,49.19553,0.0019865,0,80000.919,79983.187,-0.919,16.813,True,False,False
324.94,INSERTION,COAST,79999.882,33.1423184,3.1923146,144.43964,0.87907,25.53353,0.01079,2278.91727,2278.93184,0.01457,0.0003,-0.0001,-0.00087,0.00178,-0.00087,0.00178,49.19553,0.0019865,0,80000.919,79983.186,-0.919,16.814,True,False,False
325.08,INSERTION,COAST,79999.882,33.1423184,3.1923146,144.47654,0.87885,25.60657,0.01077,2278.91726,2278.93184,0.01457,0.0003,-0.0001,-0.00087,0.00178,-0.00087,0.00178,49.19553,0.0019867,0,80000.919,79983.185,-0.919,16.815,True,False,False
325.22,INSERTION,COAST,79999.883,33.1423184,3.1923146,144.5135,0.87862,25.66971,0.01076,2278.91725,2278.93183,0.01458,0.0003,-0.0001,-0.00087,0.00179,-0.00087,0.00179,49.19553,0.0019873,0,80000.918,79983.183,-0.918,16.817,True,False,False
325.38,INSERTION,COAST,79999.884,33.1423184,3.1923146,144.55579,0.87837,25.7287,0.01073,2278.91725,2278.93183,0.01459,0.0003,-0.0001,-0.00087,0.00179,-0.00087,0.00179,49.19553,0.0019884,0,80000.917,79983.18,-0.917,16.82,True,False,False
325.52,INSERTION,COAST,79999.885,33.1423184,3.1923146,144.59285,0.87814,25.76945,0.01072,2278.91724,2278.93183,0.01459,0.0003,-0.0001,-0.00087,0.00179,-0.00087,0.00179,49.19553,0.0019899,0,80000.916,79983.177,-0.916,16.823,True,False,False
325.66,INSERTION,COAST,79999.886,33.1423184,3.1923146,144.62996,0.87792,25.80223,0.0107,2278.91723,2278.93183,0.0146,0.0003,-0.0001,-0.00088,0.00179,-0.00088,0.00179,49.19553,0.0019917,0,80000.916,79983.176,-0.916,16.824,True,False,False
325.8,INSERTION,COAST,79999.887,33.1423184,3.1923146,144.66713,0.87769,25.83013,0.01068,2278.91723,2278.93183,0.0146,0.0003,-0.0001,-0.00088,0.00179,-0.00088,0.00179,49.19553,0.0019939,0,80000.916,79983.174,-0.916,16.826,True,False,False
325.96,INSERTION,COAST,79999.888,33.1423184,3.1923146,144.70966,0.87743,25.8606,0.01067,2278.91722,2278.93183,0.01461,0.0003,-0.0001,-0.00089,0.00179,-0.00089,0.00179,49.19553,0.0019967,0,80000.915,79983.174,-0.915,16.826,True,False,False
326.1,INSERTION,COAST,79999.889,33.1423184,3.1923146,144.74694,0.87721,25.88914,0.01065,2278.91721,2278.93183,0.01461,0.0003,-0.0001,-0.00089,0.00179,-0.00089,0.00179,49.19553,0.0019991,0,80000.916,79983.174,-0.916,16.826,True,False,False
326.24,INSERTION,COAST,79999.89,33.1423184,3.1923146,144.78426,0.87698,25.92171,0.01064,2278.91721,2278.93182,0.01461,0.0003,-0.0001,-0.0009,0.00179,-0.0009,0.00179,49.19553,0.0020014,0,80000.916,79983.175,-0.916,16.825,True,False,False
326.38,INSERTION,COAST,79999.891,33.1423184,3.1923146,144.82164,0.87675,25.95961,0.01063,2278.91721,2278.93182,0.01462,0.0003,-0.0001,-0.0009,0.00179,-0.0009,0.00179,49.19553,0.0020036,0,80000.916,79983.176,-0.916,16.824,True,False,False
326.54,INSERTION,COAST,79999.892,33.1423184,3.1923146,144.86441,0.8765,26.0107,0.01062,2278.9172,2278.93182,0.01462,0.0003,-0.0001,-0.00091,0.00179,-0.00091,0.00179,49.19553,0.0020058,0,80000.917,79983.178,-0.917,16.822,True,False,False
326.68,INSERTION,COAST,79999.892,33.1423184,3.1923146,144.9019,0.87627,26.06246,0.01061,2278.9172,2278.93182,0.01462,0.0003,-0.0001,-0.00091,0.00179,-0.00091,0.00179,49.19553,0.0020073,0,80000.917,79983.18,-0.917,16.82,True,False,False
326.82,INSERTION,COAST,79999.893,33.1423184,3.1923146,144.93944,0.87604,26.12028,0.0106,2278.9172,2278.93182,0.01462,0.0003,-0.0001,-0.00091,0.00179,-0.00091,0.00179,49.19553,0.0020087,0,80000.917,79983.181,-0.917,16.819,True,False,False
326.96,INSERTION,COAST,79999.893,33.1423184,3.1923146,144.97703,0.87582,26.18332,0.01059,2278.91719,2278.93182,0.01462,0.0003,-0.0001,-0.00091,0.00179,-0.00091,0.00179,49.19553,0.0020097,0,80000.918,79983.183,-0.918,16.817,True,False,False
327.12,INSERTION,COAST,79999.894,33.1423184,3.1923146,145.02005,0.87556,26.26043,0.01058,2278.91719,2278.93182,0.01463,0.0003,-0.0001,-0.00091,0.00179,-0.00091,0.00179,49.19553,0.0020107,0,80000.918,79983.184,-0.918,16.816,True,False,False
327.26,INSERTION,COAST,79999.894,33.1423184,3.1923146,145.05775,0.87533,26.33075,0.01057,2278.91718,2278.93182,0.01463,0.0003,-0.0001,-0.00091,0.00179,-0.00091,0.00179,49.19553,0.0020113,0,80000.918,79983.185,-0.918,16.815,True,False,False
327.4,INSERTION,COAST,79999.895,33.1423184,3.1923146,145.0955,0.8751,26.40183,0.01056,2278.91718,2278.93182,0.01464,0.0003,-0.0001,-0.00092,0.00179,-0.00092,0.00179,49.19553,0.0020118,0,80000.918,79983.185,-0.918,16.815,True,False,False
327.54,INSERTION,COAST,79999.895,33.1423184,3.1923146,145.13331,0.87487,26.47144,0.01054,2278.91717,2278.93181,0.01464,0.0003,-0.0001,-0.00092,0.00179,-0.00092,0.00179,49.19553,0.0020123,0,80000.918,79983.185,-0.918,16.815,True,False,False
327.7,INSERTION,COAST,79999.896,33.1423184,3.1923146,145.17657,0.87461,26.54624,0.01053,2278.91717,2278.93181,0.01465,0.0003,-0.0001,-0.00092,0.00179,-0.00092,0.00179,49.19553,0.002013,0,80000.918,79983.184,-0.918,16.816,True,False,False
327.84,INSERTION,COAST,79999.896,33.1423184,3.1923146,145.21449,0.87438,26.60553,0.01051,2278.91716,2278.93181,0.01465,0.0003,-0.0001,-0.00092,0.00179,-0.00092,0.00179,49.19553,0.0020138,0,80000.918,79983.183,-0.918,16.817,True,False,False
327.98,INSERTION,COAST,79999.897,33.1423184,3.1923146,145.25245,0.87415,26.65819,0.01049,2278.91715,2278.93181,0.01466,0.0003,-0.0001,-0.00092,0.00179,-0.00092,0.00179,49.19553,0.0020148,0,80000.917,79983.181,-0.917,16.819,True,False,False
328.12,INSERTION,COAST,79999.897,33.1423184,3.1923146,145.29047,0.87393,26.7043,0.01048,2278.91715,2278.93181,0.01466,0.0003,-0.0001,-0.00092,0.00179,-0.00092,0.00179,49.19553,0.0020161,0,80000.917,79983.18,-0.917,16.82,True,False,False
328.28,INSERTION,COAST,79999.898,33.1423184,3.1923146,145.33399,0.87366,26.75035,0.01046,2278.91714,2278.93181,0.01467,0.0003,-0.0001,-0.00092,0.0018,-0.00092,0.0018,49.19553,0.002018,0,80000.916,79983.178,-0.916,16.822,True,False,False
328.42,INSERTION,COAST,79999.899,33.1423184,3.1923146,145.37212,0.87343,26.7865,0.01044,2278.91714,2278.93181,0.01467,0.0003,-0.0001,-0.00092,0.0018,-0.00092,0.0018,49.19553,0.0020198,0,80000.916,79983.177,-0.916,16.823,True,False,False
328.56,INSERTION,COAST,79999.9,33.1423184,3.1923146,145.4103,0.87321,26.82122,0.01043,2278.91713,2278.93181,0.01468,0.0003,-0.0001,-0.00093,0.0018,-0.00093,0.0018,49.19553,0.0020218,0,80000.916,79983.177,-0.916,16.823,True,False,False
328.7,INSERTION,COAST,79999.901,33.1423184,3.1923146,145.44853,0.87298,26.85636,0.01042,2278.91713,2278.9318,0.01468,0.0003,-0.0001,-0.00093,0.0018,-0.00093,0.0018,49.19553,0.0020238,0,80000.916,79983.177,-0.916,16.823,True,False,False
328.86,INSERTION,COAST,79999.902,33.1423184,3.1923146,145.49229,0.87271,26.89908,0.0104,2278.91712,2278.9318,0.01468,0.0003,-0.0001,-0.00094,0.0018,-0.00094,0.0018,49.19553,0.0020261,0,80000.916,79983.178,-0.916,16.822,True,False,False
329,INSERTION,COAST,79999.903,33.1423184,3.1923146,145.53064,0.87248,26.93977,0.01039,2278.91712,2278.9318,0.01469,0.0003,-0.0001,-0.00094,0.0018,-0.00094,0.0018,49.19553,0.002028,0,80000.916,79983.178,-0.916,16.822,True,False,False
329.14,INSERTION,COAST,79999.902,33.1423184,3.1923146,145.56904,0.87225,26.98417,0.01038,2278.91711,2278.9318,0.01469,0.0003,-0.0001,-0.00094,0.0018,-0.00094,0.0018,49.19553,0.0020298,0,80000.917,79983.179,-0.917,16.821,True,False,False
329.28,INSERTION,COAST,79999.897,33.1423185,3.1923147,145.60749,0.87202,27.03246,0.01037,2278.91712,2278.93181,0.01468,0.0003,-0.0001,-0.00091,0.0018,-0.00091,0.0018,49.19553,0.0020153,0,80000.912,79983.182,-0.912,16.818,True,False,False
329.44,INSERTION,COAST,79999.897,33.1423185,3.1923147,145.6515,0.87176,27.07771,0.01035,2278.91712,2278.93181,0.01469,0.0003,-0.0001,-0.0009,0.0018,-0.0009,0.0018,49.19553,0.0020089,0,80000.909,79983.182,-0.909,16.818,True,False,False
329.58,INSERTION,COAST,79999.899,33.1423185,3.1923147,145.69007,0.87153,27.08487,0.01032,2278.91711,2278.93181,0.0147,0.0003,-0.0001,-0.0009,0.0018,-0.0009,0.0018,49.19553,0.0020109,0,80000.907,79983.175,-0.907,16.825,True,False,False
329.72,INSERTION,COAST,79999.901,33.1423185,3.1923147,145.72869,0.8713,27.05976,0.01029,2278.9171,2278.93181,0.01471,0.0003,-0.0001,-0.0009,0.0018,-0.0009,0.0018,49.19553,0.0020142,0,80000.905,79983.166,-0.905,16.834,True,False,False
329.86,INSERTION,COAST,79999.903,33.1423185,3.1923147,145.76736,0.87107,27.01497,0.01027,2278.91709,2278.9318,0.01472,0.0003,-0.0001,-0.00091,0.0018,-0.00091,0.0018,49.19553,0.0020189,0,80000.903,79983.161,-0.903,16.839,True,False,False
330.02,INSERTION,COAST,79999.905,33.1423185,3.1923147,145.81161,0.8708,26.95736,0.01025,2278.91708,2278.9318,0.01472,0.0003,-0.0001,-0.00093,0.0018,-0.00093,0.0018,49.19553,0.0020251,0,80000.903,79983.159,-0.903,16.841,True,False,False
330.16,INSERTION,COAST,79999.907,33.1423185,3.1923147,145.8504,0.87057,26.91382,0.01024,2278.91708,2278.9318,0.01472,0.0003,-0.0001,-0.00094,0.0018,-0.00094,0.0018,49.19553,0.0020308,0,80000.903,79983.16,-0.903,16.84,True,False,False
330.3,INSERTION,COAST,79999.909,33.1423185,3.1923147,145.88923,0.87034,26.88447,0.01023,2278.91707,2278.93179,0.01472,0.0003,-0.0001,-0.00095,0.0018,-0.00095,0.0018,49.19553,0.0020361,0,80000.904,79983.163,-0.904,16.837,True,False,False
330.44,INSERTION,COAST,79999.911,33.1423185,3.1923147,145.92812,0.87011,26.87449,0.01023,2278.91707,2278.93179,0.01471,0.0003,-0.0001,-0.00096,0.0018,-0.00096,0.0018,49.19553,0.0020409,0,80000.905,79983.168,-0.905,16.832,True,False,False
330.6,INSERTION,COAST,79999.912,33.1423185,3.1923147,145.97264,0.86984,26.89217,0.01023,2278.91708,2278.93179,0.01471,0.0003,-0.0001,-0.00097,0.0018,-0.00097,0.0018,49.19553,0.0020453,0,80000.907,79983.175,-0.907,16.825,True,False,False
330.74,INSERTION,COAST,79999.913,33.1423185,3.1923147,146.01164,0.86961,26.93472,0.01023,2278.91708,2278.93178,0.01471,0.0003,-0.0001,-0.00098,0.0018,-0.00098,0.0018,49.19553,0.0020479,0,80000.908,79983.181,-0.908,16.819,True,False,False
330.88,INSERTION,COAST,79999.913,33.1423185,3.1923147,146.0507,0.86938,27.00077,0.01022,2278.91708,2278.93178,0.0147,0.0003,-0.0001,-0.00098,0.0018,-0.00098,0.0018,49.19553,0.0020495,0,80000.91,79983.187,-0.91,16.813,True,False,False
331.02,INSERTION,COAST,79999.913,33.1423185,3.1923147,146.08981,0.86914,27.08774,0.01022,2278.91708,2278.93178,0.0147,0.0003,-0.0001,-0.00098,0.0018,-0.00098,0.0018,49.19553,0.00205,0,80000.911,79983.192,-0.911,16.808,True,False,False
331.18,INSERTION,COAST,79999.913,33.1423185,3.1923147,146.13457,0.86888,27.20841,0.01022,2278.91708,2278.93178,0.0147,0.0003,-0.0001,-0.00098,0.0018,-0.00098,0.0018,49.19553,0.0020494,0,80000.913,79983.198,-0.913,16.802,True,False,False
331.32,INSERTION,COAST,79999.913,33.1423185,3.1923147,146.17379,0.86864,27.32713,0.01021,2278.91708,2278.93178,0.0147,0.0003,-0.0001,-0.00098,0.0018,-0.00098,0.0018,49.19553,0.002048,0,80000.914,79983.201,-0.914,16.799,True,False,False
331.46,INSERTION,COAST,79999.912,33.1423185,3.1923147,146.21307,0.86841,27.45113,0.0102,2278.91708,2278.93178,0.01471,0.0003,-0.0001,-0.00097,0.0018,-0.00097,0.0018,49.19553,0.0020462,0,80000.914,79983.203,-0.914,16.797,True,False,False
331.6,INSERTION,COAST,79999.912,33.1423185,3.1923147,146.2524,0.86818,27.57455,0.01019,2278.91707,2278.93179,0.01471,0.0003,-0.0001,-0.00097,0.0018,-0.00097,0.0018,49.19553,0.0020442,0,80000.914,79983.203,-0.914,16.797,True,False,False
331.76,INSERTION,COAST,79999.911,33.1423185,3.1923147,146.29742,0.86791,27.70373,0.01017,2278.91706,2278.93179,0.01472,0.0003,-0.0001,-0.00096,0.0018,-0.00096,0.0018,49.19553,0.002042,0,80000.913,79983.201,-0.913,16.799,True,False,False
331.9,INSERTION,COAST,79999.911,33.1423185,3.1923147,146.33686,0.86768,27.79784,0.01015,2278.91706,2278.93179,0.01473,0.0003,-0.0001,-0.00096,0.0018,-0.00096,0.0018,49.19553,0.0020406,0,80000.912,79983.197,-0.912,16.803,True,False,False
332.04,INSERTION,COAST,79999.912,33.1423185,3.1923147,146.37636,0.86744,27.86855,0.01012,2278.91704,2278.93179,0.01474,0.0003,-0.0001,-0.00095,0.0018,-0.00095,0.0018,49.19553,0.0020401,0,80000.911,79983.191,-0.911,16.809,True,False,False
332.18,INSERTION,COAST,79999.912,33.1423185,3.1923147,146.41591,0.86721,27.9144,0.0101,2278.91703,2278.93179,0.01475,0.0003,-0.0001,-0.00095,0.0018,-0.00095,0.0018,49.19553,0.0020406,0,80000.909,79983.185,-0.909,16.815,True,False,False
332.34,INSERTION,COAST,79999.914,33.1423185,3.1923147,146.46118,0.86694,27.93904,0.01007,2278.91702,2278.93178,0.01476,0.0003,-0.0001,-0.00096,0.00181,-0.00096,0.00181,49.19553,0.0020425,0,80000.908,79983.178,-0.908,16.822,True,False,False
332.48,INSERTION,COAST,79999.915,33.1423185,3.1923147,146.50085,0.86671,27.94172,0.01005,2278.91701,2278.93178,0.01477,0.0003,-0.0001,-0.00096,0.00181,-0.00096,0.00181,49.19553,0.0020452,0,80000.907,79983.173,-0.907,16.827,True,False,False
332.62,INSERTION,COAST,79999.917,33.1423185,3.1923147,146.54057,0.86647,27.93413,0.01003,2278.917,2278.93178,0.01478,0.0003,-0.0001,-0.00097,0.00181,-0.00097,0.00181,49.19553,0.0020486,0,80000.906,79983.17,-0.906,16.83,True,False,False
332.76,INSERTION,COAST,79999.918,33.1423185,3.1923147,146.58035,0.86624,27.92423,0.01001,2278.917,2278.93178,0.01478,0.0003,-0.0001,-0.00097,0.00181,-0.00097,0.00181,49.19553,0.0020524,0,80000.906,79983.169,-0.906,16.831,True,False,False
332.92,INSERTION,COAST,79999.92,33.1423185,3.1923147,146.62587,0.86597,27.9184,0.01,2278.91699,2278.93177,0.01478,0.0003,-0.0001,-0.00098,0.00181,-0.00098,0.00181,49.19553,0.0020569,0,80000.906,79983.171,-0.906,16.829,True,False,False
333.06,INSERTION,COAST,79999.921,33.1423185,3.1923147,146.66577,0.86573,27.92228,0.00999,2278.91699,2278.93177,0.01478,0.0003,-0.0001,-0.00099,0.00181,-0.00099,0.00181,49.19553,0.0020605,0,80000.906,79983.173,-0.906,16.827,True,False,False
333.2,INSERTION,COAST,79999.922,33.1423185,3.1923147,146.70571,0.86549,27.93743,0.00998,2278.91699,2278.93177,0.01478,0.0003,-0.0001,-0.001,0.00181,-0.001,0.00181,49.19553,0.0020638,0,80000.907,79983.175,-0.907,16.825,True,False,False
333.34,INSERTION,COAST,79999.923,33.1423185,3.1923147,146.74572,0.86526,27.96564,0.00998,2278.91699,2278.93177,0.01478,0.0003,-0.0001,-0.001,0.00181,-0.001,0.00181,49.19553,0.0020666,0,80000.908,79983.179,-0.908,16.821,True,False,False
333.5,INSERTION,COAST,79999.924,33.1423185,3.1923147,146.7915,0.86499,28.01529,0.00997,2278.91699,2278.93177,0.01478,0.0003,-0.0001,-0.00101,0.00181,-0.00101,0.00181,49.19553,0.002069,0,80000.909,79983.183,-0.909,16.817,True,False,False
333.64,INSERTION,COAST,79999.925,33.1423185,3.1923147,146.83161,0.86475,28.07353,0.00996,2278.91699,2278.93177,0.01478,0.0003,-0.0001,-0.00101,0.00181,-0.00101,0.00181,49.19553,0.0020704,0,80000.91,79983.187,-0.91,16.813,True,False,False
333.78,INSERTION,COAST,79999.925,33.1423185,3.1923147,146.87179,0.86452,28.14341,0.00996,2278.91698,2278.93176,0.01478,0.0003,-0.0001,-0.00101,0.00181,-0.00101,0.00181,49.19553,0.0020712,0,80000.91,79983.19,-0.91,16.81,True,False,False
333.92,INSERTION,COAST,79999.925,33.1423185,3.1923147,146.91201,0.86428,28.22259,0.00995,2278.91698,2278.93176,0.01478,0.0003,-0.0001,-0.00101,0.00181,-0.00101,0.00181,49.19553,0.0020714,0,80000.911,79983.193,-0.911,16.807,True,False,False
334.08,INSERTION,COAST,79999.925,33.1423185,3.1923147,146.95805,0.86401,28.32108,0.00994,2278.91698,2278.93176,0.01478,0.0003,-0.0001,-0.00101,0.00181,-0.00101,0.00181,49.19553,0.0020713,0,80000.912,79983.195,-0.912,16.805,True,False,False
334.22,INSERTION,COAST,79999.925,33.1423185,3.1923147,146.9984,0.86377,28.41073,0.00993,2278.91698,2278.93176,0.01479,0.0003,-0.0001,-0.00101,0.00181,-0.00101,0.00181,49.19553,0.0020708,0,80000.912,79983.196,-0.912,16.804,True,False,False
334.36,INSERTION,COAST,79999.925,33.1423185,3.1923147,147.0388,0.86353,28.49954,0.00991,2278.91697,2278.93176,0.01479,0.0003,-0.0001,-0.00101,0.00181,-0.00101,0.00181,49.19553,0.0020702,0,80000.912,79983.196,-0.912,16.804,True,False,False
334.5,INSERTION,COAST,79999.925,33.1423185,3.1923147,147.07925,0.8633,28.58261,0.0099,2278.91697,2278.93176,0.0148,0.0003,-0.0001,-0.00101,0.00181,-0.00101,0.00181,49.19553,0.0020696,0,80000.911,79983.195,-0.911,16.805,True,False,False
334.66,INSERTION,COAST,79999.926,33.1423185,3.1923147,147.12555,0.86303,28.66514,0.00988,2278.91696,2278.93176,0.01481,0.0003,-0.0001,-0.001,0.00181,-0.001,0.00181,49.19553,0.0020694,0,80000.911,79983.192,-0.911,16.808,True,False,False
334.8,INSERTION,COAST,79999.926,33.1423185,3.1923147,147.16612,0.86279,28.7236,0.00986,2278.91695,2278.93176,0.01481,0.0003,-0.0001,-0.001,0.00181,-0.001,0.00181,49.19553,0.0020697,0,80000.91,79983.189,-0.91,16.811,True,False,False
334.94,INSERTION,COAST,79999.927,33.1423185,3.1923147,147.20674,0.86255,28.76833,0.00984,2278.91694,2278.93176,0.01482,0.0003,-0.0001,-0.001,0.00181,-0.001,0.00181,49.19553,0.0020706,0,80000.909,79983.185,-0.909,16.815,True,False,False
335.08,INSERTION,COAST,79999.928,33.1423185,3.1923147,147.24742,0.86231,28.80044,0.00982,2278.91693,2278.93176,0.01483,0.0003,-0.0001,-0.001,0.00181,-0.001,0.00181,49.19553,0.0020721,0,80000.908,79983.182,-0.908,16.818,True,False,False
335.24,INSERTION,COAST,79999.929,33.1423185,3.1923147,147.29398,0.86204,28.82528,0.0098,2278.91692,2278.93176,0.01483,0.0003,-0.0001,-0.00101,0.00181,-0.00101,0.00181,49.19553,0.0020745,0,80000.908,79983.179,-0.908,16.821,True,False,False
335.38,INSERTION,COAST,79999.93,33.1423185,3.1923147,147.33478,0.8618,28.84067,0.00978,2278.91692,2278.93176,0.01484,0.0003,-0.0001,-0.00101,0.00181,-0.00101,0.00181,49.19553,0.002077,0,80000.907,79983.177,-0.907,16.823,True,False,False
335.52,INSERTION,COAST,79999.931,33.1423185,3.1923147,147.37564,0.86156,28.8549,0.00977,2278.91691,2278.93175,0.01484,0.0003,-0.0001,-0.00102,0.00181,-0.00102,0.00181,49.19553,0.0020798,0,80000.907,79983.176,-0.907,16.824,True,False,False
335.66,INSERTION,COAST,79999.932,33.1423185,3.1923147,147.41654,0.86132,28.87145,0.00975,2278.91691,2278.93175,0.01484,0.0003,-0.0001,-0.00102,0.00181,-0.00102,0.00181,49.19553,0.0020826,0,80000.907,79983.177,-0.907,16.823,True,False,False
335.82,INSERTION,COAST,79999.933,33.1423185,3.1923147,147.46337,0.86105,28.89618,0.00974,2278.91691,2278.93175,0.01485,0.0003,-0.0001,-0.00103,0.00181,-0.00103,0.00181,49.19553,0.0020856,0,80000.908,79983.178,-0.908,16.822,True,False,False
335.96,INSERTION,COAST,79999.934,33.1423185,3.1923147,147.50439,0.86081,28.92452,0.00973,2278.9169,2278.93175,0.01485,0.0003,-0.0001,-0.00103,0.00181,-0.00103,0.00181,49.19553,0.002088,0,80000.908,79983.18,-0.908,16.82,True,False,False
336.1,INSERTION,COAST,79999.935,33.1423185,3.1923147,147.54548,0.86057,28.96,0.00972,2278.9169,2278.93175,0.01485,0.0003,-0.0001,-0.00104,0.00181,-0.00104,0.00181,49.19553,0.0020902,0,80000.908,79983.182,-0.908,16.818,True,False,False
336.24,INSERTION,COAST,79999.936,33.1423185,3.1923147,147.58662,0.86033,29.00296,0.00971,2278.9169,2278.93175,0.01485,0.0003,-0.0001,-0.00104,0.00181,-0.00104,0.00181,49.19553,0.0020919,0,80000.909,79983.184,-0.909,16.816,True,False,False
336.4,INSERTION,COAST,79999.936,33.1423185,3.1923147,147.6337,0.86005,29.06112,0.0097,2278.91689,2278.93175,0.01485,0.0003,-0.0001,-0.00104,0.00181,-0.00104,0.00181,49.19553,0.0020936,0,80000.909,79983.187,-0.909,16.813,True,False,False
336.54,INSERTION,COAST,79999.937,33.1423185,3.1923147,147.67496,0.85981,29.11912,0.00969,2278.91689,2278.93174,0.01485,0.0003,-0.0001,-0.00105,0.00181,-0.00105,0.00181,49.19553,0.0020946,0,80000.91,79983.188,-0.91,16.812,True,False,False
336.68,INSERTION,COAST,79999.937,33.1423185,3.1923147,147.71627,0.85957,29.18216,0.00968,2278.91689,2278.93174,0.01485,0.0003,-0.0001,-0.00105,0.00182,-0.00105,0.00182,49.19553,0.0020953,0,80000.91,79983.19,-0.91,16.81,True,False,False
336.82,INSERTION,COAST,79999.938,33.1423185,3.1923147,147.75764,0.85933,29.24866,0.00967,2278.91689,2278.93174,0.01486,0.0003,-0.0001,-0.00105,0.00182,-0.00105,0.00182,49.19553,0.0020958,0,80000.91,79983.191,-0.91,16.809,True,False,False
336.98,INSERTION,COAST,79999.938,33.1423185,3.1923147,147.80499,0.85906,29.32669,0.00966,2278.91688,2278.93174,0.01486,0.0003,-0.0001,-0.00105,0.00182,-0.00105,0.00182,49.19553,0.0020962,0,80000.91,79983.192,-0.91,16.808,True,False,False
337.12,INSERTION,COAST,79999.938,33.1423185,3.1923147,147.84648,0.85882,29.39428,0.00964,2278.91688,2278.93174,0.01487,0.0003,-0.0001,-0.00105,0.00182,-0.00105,0.00182,49.19553,0.0020965,0,80000.91,79983.192,-0.91,16.808,True,False,False
337.26,INSERTION,COAST,79999.939,33.1423185,3.1923147,147.88803,0.85858,29.45861,0.00963,2278.91687,2278.93174,0.01487,0.0003,-0.0001,-0.00105,0.00182,-0.00105,0.00182,49.19553,0.0020968,0,80000.91,79983.191,-0.91,16.809,True,False,False
337.4,INSERTION,COAST,79999.939,33.1423185,3.1923147,147.92963,0.85833,29.51746,0.00961,2278.91687,2278.93174,0.01488,0.0003,-0.0001,-0.00105,0.00182,-0.00105,0.00182,49.19553,0.0020973,0,80000.91,79983.19,-0.91,16.81,True,False,False
337.56,INSERTION,COAST,79999.94,33.1423185,3.1923147,147.97724,0.85806,29.57631,0.00959,2278.91686,2278.93174,0.01488,0.0003,-0.0001,-0.00105,0.00182,-0.00105,0.00182,49.19553,0.0020982,0,80000.909,79983.188,-0.909,16.812,True,False,False
337.7,INSERTION,COAST,79999.94,33.1423185,3.1923147,148.01897,0.85782,29.62,0.00958,2278.91685,2278.93174,0.01489,0.0003,-0.0001,-0.00105,0.00182,-0.00105,0.00182,49.19553,0.0020993,0,80000.909,79983.186,-0.909,16.814,True,False,False
337.84,INSERTION,COAST,79999.941,33.1423185,3.1923147,148.06075,0.85757,29.65706,0.00956,2278.91685,2278.93174,0.01489,0.0003,-0.0001,-0.00105,0.00182,-0.00105,0.00182,49.19553,0.0021007,0,80000.909,79983.184,-0.909,16.816,True,False,False
337.98,INSERTION,COAST,79999.942,33.1423185,3.1923147,148.10258,0.85733,29.68895,0.00954,2278.91684,2278.93174,0.0149,0.0003,-0.0001,-0.00105,0.00182,-0.00105,0.00182,49.19553,0.0021025,0,80000.908,79983.182,-0.908,16.818,True,False,False
338.14,INSERTION,COAST,79999.943,33.1423185,3.1923147,148.15046,0.85705,29.72157,0.00953,2278.91683,2278.93173,0.0149,0.0003,-0.0001,-0.00106,0.00182,-0.00106,0.00182,49.19553,0.0021047,0,80000.908,79983.181,-0.908,16.819,True,False,False
338.28,INSERTION,COAST,79999.944,33.1423185,3.1923147,148.19242,0.85681,29.74905,0.00951,2278.91683,2278.93173,0.0149,0.0003,-0.0001,-0.00106,0.00182,-0.00106,0.00182,49.19553,0.0021068,0,80000.908,79983.181,-0.908,16.819,True,False,False
338.42,INSERTION,COAST,79999.945,33.1423185,3.1923147,148.23443,0.85657,29.77758,0.0095,2278.91682,2278.93173,0.01491,0.0003,-0.0001,-0.00106,0.00182,-0.00106,0.00182,49.19553,0.002109,0,80000.908,79983.181,-0.908,16.819,True,False,False
338.56,INSERTION,COAST,79999.946,33.1423185,3.1923147,148.2765,0.85633,29.80859,0.00949,2278.91682,2278.93173,0.01491,0.0003,-0.0001,-0.00107,0.00182,-0.00107,0.00182,49.19553,0.002111,0,80000.908,79983.182,-0.908,16.818,True,False,False
338.72,INSERTION,COAST,79999.947,33.1423185,3.1923147,148.32465,0.85605,29.84817,0.00947,2278.91682,2278.93173,0.01491,0.0003,-0.0001,-0.00107,0.00182,-0.00107,0.00182,49.19553,0.0021133,0,80000.908,79983.183,-0.908,16.817,True,False,False
338.86,INSERTION,COAST,79999.947,33.1423185,3.1923147,148.36684,0.8558,29.88697,0.00946,2278.91681,2278.93173,0.01491,0.0003,-0.0001,-0.00108,0.00182,-0.00108,0.00182,49.19553,0.002115,0,80000.909,79983.184,-0.909,16.816,True,False,False
339,INSERTION,COAST,79999.948,33.1423185,3.1923147,148.40909,0.85556,29.92974,0.00945,2278.91681,2278.93173,0.01492,0.0003,-0.0001,-0.00108,0.00182,-0.00108,0.00182,49.19553,0.0021166,0,80000.909,79983.185,-0.909,16.815,True,False,False
339.14,INSERTION,COAST,79999.949,33.1423185,3.1923147,148.45139,0.85532,29.9763,0.00944,2278.91681,2278.93172,0.01492,0.0003,-0.0001,-0.00108,0.00182,-0.00108,0.00182,49.19553,0.002118,0,80000.909,79983.186,-0.909,16.814,True,False,False
339.3,INSERTION,COAST,79999.949,33.1423185,3.1923147,148.49981,0.85504,30.03373,0.00943,2278.9168,2278.93172,0.01492,0.0003,-0.0001,-0.00108,0.00182,-0.00108,0.00182,49.19553,0.0021193,0,80000.909,79983.188,-0.909,16.812,True,False,False
339.44,INSERTION,COAST,79999.95,33.1423185,3.1923147,148.54224,0.85479,30.08694,0.00942,2278.9168,2278.93172,0.01492,0.0003,-0.0001,-0.00108,0.00182,-0.00108,0.00182,49.19553,0.0021203,0,80000.909,79983.189,-0.909,16.811,True,False,False
339.58,INSERTION,COAST,79999.95,33.1423185,3.1923147,148.58472,0.85455,30.14191,0.0094,2278.9168,2278.93172,0.01493,0.0003,-0.0001,-0.00108,0.00182,-0.00108,0.00182,49.19553,0.0021212,0,80000.91,79983.189,-0.91,16.811,True,False,False
339.72,INSERTION,COAST,79999.951,33.1423185,3.1923147,148.62727,0.85431,30.19755,0.00939,2278.91679,2278.93172,0.01493,0.0003,-0.0001,-0.00109,0.00182,-0.00109,0.00182,49.19553,0.002122,0,80000.91,79983.19,-0.91,16.81,True,False,False
339.88,INSERTION,COAST,79999.951,33.1423185,3.1923147,148.67595,0.85403,30.26055,0.00937,2278.91679,2278.93172,0.01493,0.0003,-0.0001,-0.00109,0.00182,-0.00109,0.00182,49.19553,0.0021229,0,80000.91,79983.19,-0.91,16.81,True,False,False
340.02,INSERTION,COAST,79999.952,33.1423185,3.1923147,148.71862,0.85378,30.31355,0.00936,2278.91678,2278.93172,0.01494,0.0003,-0.0001,-0.00109,0.00182,-0.00109,0.00182,49.19553,0.0021237,0,80000.909,79983.189,-0.909,16.811,True,False,False
340.16,INSERTION,COAST,79999.952,33.1423185,3.1923147,148.76134,0.85354,30.3635,0.00935,2278.91678,2278.93172,0.01494,0.0003,-0.0001,-0.00109,0.00182,-0.00109,0.00182,49.19553,0.0021246,0,80000.909,79983.188,-0.909,16.812,True,False,False
340.3,INSERTION,COAST,79999.953,33.1423185,3.1923147,148.80412,0.85329,30.40979,0.00933,2278.91677,2278.93172,0.01495,0.0003,-0.0001,-0.00109,0.00182,-0.00109,0.00182,49.19553,0.0021256,0,80000.909,79983.187,-0.909,16.813,True,False,False
340.46,INSERTION,COAST,79999.954,33.1423185,3.1923147,148.85308,0.85301,30.4581,0.00931,2278.91676,2278.93172,0.01495,0.0003,-0.0001,-0.00109,0.00183,-0.00109,0.00183,49.19553,0.002127,0,80000.909,79983.186,-0.909,16.814,True,False,False
340.6,INSERTION,COAST,79999.955,33.1423185,3.1923147,148.89598,0.85276,30.4966,0.0093,2278.91676,2278.93172,0.01496,0.0003,-0.0001,-0.00109,0.00183,-0.00109,0.00183,49.19553,0.0021285,0,80000.909,79983.185,-0.909,16.815,True,False,False
340.74,INSERTION,COAST,79999.955,33.1423185,3.1923147,148.93894,0.85252,30.53257,0.00928,2278.91675,2278.93171,0.01496,0.0003,-0.0001,-0.0011,0.00183,-0.0011,0.00183,49.19553,0.00213,0,80000.909,79983.184,-0.909,16.816,True,False,False
340.88,INSERTION,COAST,79999.956,33.1423185,3.1923147,148.98196,0.85227,30.56722,0.00927,2278.91675,2278.93171,0.01496,0.0003,-0.0001,-0.0011,0.00183,-0.0011,0.00183,49.19553,0.0021317,0,80000.908,79983.184,-0.908,16.816,True,False,False
341.04,INSERTION,COAST,79999.957,33.1423185,3.1923147,149.0312,0.85199,30.60628,0.00925,2278.91674,2278.93171,0.01497,0.0003,-0.0001,-0.0011,0.00183,-0.0011,0.00183,49.19553,0.0021337,0,80000.908,79983.184,-0.908,16.816,True,False,False
341.18,INSERTION,COAST,79999.958,33.1423185,3.1923147,149.07434,0.85174,30.64076,0.00924,2278.91674,2278.93171,0.01497,0.0003,-0.0001,-0.0011,0.00183,-0.0011,0.00183,49.19553,0.0021354,0,80000.908,79983.184,-0.908,16.816,True,False,False
341.32,INSERTION,COAST,79999.958,33.1423185,3.1923147,149.11754,0.8515,30.67644,0.00923,2278.91674,2278.93171,0.01497,0.0003,-0.0001,-0.00111,0.00183,-0.00111,0.00183,49.19553,0.0021371,0,80000.908,79983.184,-0.908,16.816,True,False,False
341.46,INSERTION,COAST,79999.959,33.1423185,3.1923147,149.1608,0.85125,30.71389,0.00922,2278.91673,2278.93171,0.01498,0.0003,-0.0001,-0.00111,0.00183,-0.00111,0.00183,49.19553,0.0021388,0,80000.909,79983.185,-0.909,16.815,True,False,False
341.62,INSERTION,COAST,79999.96,33.1423185,3.1923147,149.21031,0.85097,30.75926,0.0092,2278.91673,2278.93171,0.01498,0.0003,-0.0001,-0.00111,0.00183,-0.00111,0.00183,49.19553,0.0021406,0,80000.909,79983.186,-0.909,16.814,True,False,False
341.76,INSERTION,COAST,79999.961,33.1423185,3.1923147,149.25369,0.85072,30.80125,0.00919,2278.91672,2278.9317,0.01498,0.0003,-0.0001,-0.00112,0.00183,-0.00112,0.00183,49.19553,0.002142,0,80000.909,79983.186,-0.909,16.814,True,False,False
341.9,INSERTION,COAST,79999.961,33.1423185,3.1923147,149.29713,0.85047,30.84524,0.00918,2278.91672,2278.9317,0.01498,0.0003,-0.0001,-0.00112,0.00183,-0.00112,0.00183,49.19553,0.0021433,0,80000.909,79983.187,-0.909,16.813,True,False,False
342.04,INSERTION,COAST,79999.962,33.1423185,3.1923147,149.34063,0.85022,30.89097,0.00917,2278.91672,2278.9317,0.01499,0.0003,-0.0001,-0.00112,0.00183,-0.00112,0.00183,49.19553,0.0021446,0,80000.909,79983.187,-0.909,16.813,True,False,False
342.2,INSERTION,COAST,79999.963,33.1423185,3.1923147,149.39042,0.84994,30.94479,0.00915,2278.91671,2278.9317,0.01499,0.0003,-0.0001,-0.00112,0.00183,-0.00112,0.00183,49.19553,0.0021459,0,80000.909,79983.188,-0.909,16.812,True,False,False
342.34,INSERTION,COAST,79999.963,33.1423185,3.1923147,149.43404,0.84969,30.99247,0.00914,2278.91671,2278.9317,0.01499,0.0003,-0.0001,-0.00112,0.00183,-0.00112,0.00183,49.19553,0.002147,0,80000.909,79983.188,-0.909,16.812,True,False,False
342.48,INSERTION,COAST,79999.964,33.1423185,3.1923147,149.47773,0.84944,31.04012,0.00912,2278.9167,2278.9317,0.015,0.0003,-0.0001,-0.00112,0.00183,-0.00112,0.00183,49.19553,0.002148,0,80000.909,79983.188,-0.909,16.812,True,False,False
342.62,INSERTION,COAST,79999.964,33.1423185,3.1923147,149.52147,0.8492,31.08732,0.00911,2278.9167,2278.9317,0.015,0.0003,-0.0001,-0.00113,0.00183,-0.00113,0.00183,49.19553,0.0021491,0,80000.909,79983.188,-0.909,16.812,True,False,False
342.78,INSERTION,COAST,79999.965,33.1423185,3.1923147,149.57153,0.84891,31.14006,0.0091,2278.91669,2278.9317,0.015,0.0003,-0.0001,-0.00113,0.00183,-0.00113,0.00183,49.19553,0.0021503,0,80000.909,79983.188,-0.909,16.812,True,False,False
342.92,INSERTION,COAST,79999.965,33.1423185,3.1923147,149.6154,0.84866,31.18436,0.00908,2278.91669,2278.9317,0.01501,0.00031,-0.0001,-0.00113,0.00183,-0.00113,0.00183,49.19553,0.0021514,0,80000.909,79983.187,-0.909,16.813,True,False,False
343.06,INSERTION,COAST,79999.966,33.1423185,3.1923147,149.65933,0.84841,31.22682,0.00907,2278.91668,2278.9317,0.01501,0.00031,-0.0001,-0.00113,0.00183,-0.00113,0.00183,49.19553,0.0021527,0,80000.909,79983.187,-0.909,16.813,True,False,False
343.2,INSERTION,COAST,79999.967,33.1423185,3.1923147,149.70331,0.84816,31.26743,0.00905,2278.91668,2278.93169,0.01501,0.00031,-0.0001,-0.00113,0.00183,-0.00113,0.00183,49.19553,0.0021539,0,80000.909,79983.186,-0.909,16.814,True,False,False
343.36,INSERTION,COAST,79999.968,33.1423185,3.1923147,149.75366,0.84788,31.31208,0.00904,2278.91667,2278.93169,0.01502,0.00031,-0.0001,-0.00114,0.00183,-0.00114,0.00183,49.19553,0.0021555,0,80000.909,79983.186,-0.909,16.814,True,False,False
343.5,INSERTION,COAST,79999.968,33.1423185,3.1923147,149.79777,0.84763,31.3499,0.00902,2278.91667,2278.93169,0.01502,0.00031,-0.0001,-0.00114,0.00183,-0.00114,0.00183,49.19553,0.002157,0,80000.909,79983.186,-0.909,16.814,True,False,False
343.64,INSERTION,COAST,79999.969,33.1423185,3.1923147,149.84194,0.84738,31.38694,0.00901,2278.91667,2278.93169,0.01503,0.00031,-0.0001,-0.00114,0.00183,-0.00114,0.00183,49.19553,0.0021585,0,80000.909,79983.185,-0.909,16.815,True,False,False
343.78,INSERTION,COAST,79999.97,33.1423185,3.1923147,149.88617,0.84713,31.42361,0.009,2278.91666,2278.93169,0.01503,0.00031,-0.0001,-0.00114,0.00183,-0.00114,0.00183,49.19553,0.00216,0,80000.909,79983.185,-0.909,16.815,True,False,False
343.94,INSERTION,COAST,79999.963,33.1423185,3.1923147,149.93679,0.84684,31.46564,0.00898,2278.91667,2278.9317,0.01503,0.00031,-0.0001,-0.00112,0.00183,-0.00112,0.00183,49.19553,0.002148,0,80000.905,79983.187,-0.905,16.813,True,False,False
344.08,INSERTION,COAST,79999.963,33.1423185,3.1923148,149.98115,0.84659,31.49701,0.00897,2278.91667,2278.9317,0.01503,0.00031,-0.0001,-0.0011,0.00183,-0.0011,0.00183,49.19553,0.002136,0,80000.901,79983.188,-0.901,16.812,True,False,False
344.22,INSERTION,COAST,79999.965,33.1423185,3.1923148,150.02557,0.84634,31.50124,0.00894,2278.91666,2278.9317,0.01504,0.00031,-0.0001,-0.0011,0.00183,-0.0011,0.00183,49.19553,0.0021378,0,80000.899,79983.18,-0.899,16.82,True,False,False
344.36,INSERTION,COAST,79999.966,33.1423185,3.1923148,150.07005,0.84609,31.47066,0.00891,2278.91665,2278.9317,0.01505,0.00031,-0.0001,-0.0011,0.00184,-0.0011,0.00184,49.19553,0.0021411,0,80000.897,79983.169,-0.897,16.831,True,False,False
344.52,INSERTION,COAST,79999.969,33.1423185,3.1923148,150.12095,0.8458,31.40925,0.00888,2278.91664,2278.93169,0.01506,0.00031,-0.0001,-0.00111,0.00184,-0.00111,0.00184,49.19553,0.0021467,0,80000.896,79983.161,-0.896,16.839,True,False,False
344.66,INSERTION,COAST,79999.971,33.1423185,3.1923148,150.16555,0.84555,31.3466,0.00886,2278.91663,2278.93169,0.01506,0.00031,-0.0001,-0.00112,0.00184,-0.00112,0.00184,49.19553,0.0021526,0,80000.896,79983.158,-0.896,16.842,True,False,False
344.8,INSERTION,COAST,79999.973,33.1423185,3.1923148,150.21022,0.8453,31.28854,0.00885,2278.91662,2278.93169,0.01506,0.00031,-0.0001,-0.00113,0.00184,-0.00113,0.00184,49.19553,0.0021588,0,80000.896,79983.159,-0.896,16.841,True,False,False
344.94,INSERTION,COAST,79999.975,33.1423185,3.1923148,150.25494,0.84505,31.24207,0.00884,2278.91662,2278.93168,0.01506,0.00031,-0.0001,-0.00115,0.00184,-0.00115,0.00184,49.19553,0.0021647,0,80000.896,79983.162,-0.896,16.838,True,False,False
345.1,INSERTION,COAST,79999.977,33.1423185,3.1923148,150.30613,0.84476,31.2106,0.00884,2278.91662,2278.93168,0.01505,0.00031,-0.0001,-0.00116,0.00184,-0.00116,0.00184,49.19553,0.0021709,0,80000.897,79983.168,-0.897,16.832,True,False,False
345.24,INSERTION,COAST,79999.978,33.1423185,3.1923148,150.35098,0.84451,31.20602,0.00883,2278.91663,2278.93168,0.01505,0.00031,-0.0001,-0.00117,0.00184,-0.00117,0.00184,49.19553,0.0021753,0,80000.898,79983.174,-0.898,16.826,True,False,False
345.38,INSERTION,COAST,79999.979,33.1423185,3.1923148,150.3959,0.84426,31.22403,0.00883,2278.91663,2278.93167,0.01505,0.00031,-0.0001,-0.00117,0.00184,-0.00117,0.00184,49.19553,0.0021787,0,80000.9,79983.181,-0.9,16.819,True,False,False
345.52,INSERTION,COAST,79999.98,33.1423185,3.1923148,150.44087,0.84401,31.26469,0.00883,2278.91663,2278.93167,0.01504,0.00031,-0.0001,-0.00118,0.00183,-0.00118,0.00183,49.19553,0.0021809,0,80000.901,79983.188,-0.901,16.812,True,False,False
345.68,INSERTION,COAST,79999.98,33.1423185,3.1923148,150.49234,0.84372,31.33784,0.00883,2278.91664,2278.93167,0.01504,0.00031,-0.0001,-0.00118,0.00183,-0.00118,0.00183,49.19553,0.0021822,0,80000.902,79983.196,-0.902,16.804,True,False,False
345.82,INSERTION,COAST,79999.98,33.1423185,3.1923148,150.53745,0.84346,31.42213,0.00882,2278.91664,2278.93167,0.01504,0.00031,-0.0001,-0.00118,0.00183,-0.00118,0.00183,49.19553,0.0021821,0,80000.903,79983.202,-0.903,16.798,True,False,False
345.96,INSERTION,COAST,79999.98,33.1423185,3.1923148,150.58261,0.84321,31.51995,0.00882,2278.91664,2278.93167,0.01503,0.00031,-0.0001,-0.00118,0.00183,-0.00118,0.00183,49.19553,0.0021811,0,80000.904,79983.207,-0.904,16.793,True,False,False
346.1,INSERTION,COAST,79999.979,33.1423185,3.1923148,150.62783,0.84296,31.62656,0.00881,2278.91664,2278.93167,0.01504,0.00031,-0.0001,-0.00118,0.00183,-0.00118,0.00183,49.19553,0.0021795,0,80000.904,79983.21,-0.904,16.79,True,False,False
346.26,INSERTION,COAST,79999.979,33.1423185,3.1923148,150.67959,0.84267,31.75268,0.0088,2278.91663,2278.93167,0.01504,0.00031,-0.0001,-0.00117,0.00183,-0.00117,0.00183,49.19553,0.0021771,0,80000.905,79983.212,-0.905,16.788,True,False,False
346.4,INSERTION,COAST,79999.978,33.1423185,3.1923148,150.72494,0.84242,31.86088,0.00878,2278.91663,2278.93167,0.01505,0.00031,-0.0001,-0.00117,0.00183,-0.00117,0.00183,49.19553,0.0021749,0,80000.905,79983.212,-0.905,16.788,True,False,False
346.54,INSERTION,COAST,79999.978,33.1423185,3.1923148,150.77036,0.84216,31.9586,0.00876,2278.91662,2278.93167,0.01505,0.00031,-0.0001,-0.00116,0.00184,-0.00116,0.00184,49.19553,0.0021729,0,80000.904,79983.209,-0.904,16.791,True,False,False
346.68,INSERTION,COAST,79999.978,33.1423185,3.1923148,150.81583,0.84191,32.03968,0.00874,2278.91661,2278.93167,0.01506,0.00031,-0.0001,-0.00116,0.00184,-0.00116,0.00184,49.19553,0.0021715,0,80000.903,79983.204,-0.903,16.796,True,False,False
346.84,INSERTION,COAST,79999.979,33.1423185,3.1923148,150.86788,0.84162,32.10764,0.00872,2278.9166,2278.93167,0.01507,0.00031,-0.0001,-0.00116,0.00184,-0.00116,0.00184,49.19553,0.0021709,0,80000.902,79983.197,-0.902,16.803,True,False,False
346.98,INSERTION,COAST,79999.979,33.1423185,3.1923148,150.91348,0.84136,32.14476,0.00869,2278.91659,2278.93167,0.01508,0.00031,-0.0001,-0.00115,0.00184,-0.00115,0.00184,49.19553,0.0021714,0,80000.901,79983.19,-0.901,16.81,True,False,False
347.12,INSERTION,COAST,79999.98,33.1423185,3.1923148,150.95915,0.84111,32.16273,0.00867,2278.91658,2278.93167,0.01509,0.00031,-0.0001,-0.00116,0.00184,-0.00116,0.00184,49.19553,0.0021729,0,80000.9,79983.184,-0.9,16.816,True,False,False
347.26,INSERTION,COAST,79999.981,33.1423185,3.1923148,151.00487,0.84085,32.16563,0.00865,2278.91657,2278.93167,0.0151,0.00031,-0.0001,-0.00116,0.00184,-0.00116,0.00184,49.19553,0.0021754,0,80000.899,79983.179,-0.899,16.821,True,False,False
347.42,INSERTION,COAST,79999.983,33.1423185,3.1923148,151.05721,0.84056,32.1578,0.00863,2278.91656,2278.93167,0.0151,0.00031,-0.0001,-0.00116,0.00184,-0.00116,0.00184,49.19553,0.0021789,0,80000.899,79983.176,-0.899,16.824,True,False,False
347.56,INSERTION,COAST,79999.984,33.1423185,3.1923148,151.10307,0.84031,32.14783,0.00861,2278.91656,2278.93167,0.01511,0.00031,-0.0001,-0.00117,0.00184,-0.00117,0.00184,49.19553,0.0021825,0,80000.898,79983.175,-0.898,16.825,True,False,False
347.7,INSERTION,COAST,79999.986,33.1423185,3.1923148,151.14899,0.84005,32.14073,0.0086,2278.91656,2278.93166,0.01511,0.00031,-0.0001,-0.00118,0.00184,-0.00118,0.00184,49.19553,0.0021861,0,80000.899,79983.175,-0.899,16.825,True,False,False
347.84,INSERTION,COAST,79999.987,33.1423185,3.1923148,151.19497,0.8398,32.13955,0.00859,2278.91655,2278.93166,0.01511,0.00031,-0.0001,-0.00118,0.00184,-0.00118,0.00184,49.19553,0.0021896,0,80000.899,79983.177,-0.899,16.823,True,False,False
348,INSERTION,COAST,79999.988,33.1423185,3.1923148,151.24759,0.8395,32.14872,0.00858,2278.91655,2278.93166,0.01511,0.00031,-0.0001,-0.00119,0.00184,-0.00119,0.00184,49.19553,0.0021932,0,80000.899,79983.18,-0.899,16.82,True,False,False
348.14,INSERTION,COAST,79999.989,33.1423185,3.1923148,151.2937,0.83925,32.16763,0.00857,2278.91655,2278.93166,0.01511,0.00031,-0.0001,-0.0012,0.00184,-0.0012,0.00184,49.19553,0.0021959,0,80000.9,79983.183,-0.9,16.817,True,False,False
348.28,INSERTION,COAST,79999.99,33.1423185,3.1923148,151.33988,0.83899,32.19707,0.00856,2278.91655,2278.93166,0.01511,0.00031,-0.0001,-0.0012,0.00184,-0.0012,0.00184,49.19553,0.0021981,0,80000.9,79983.186,-0.9,16.814,True,False,False
348.42,INSERTION,COAST,79999.99,33.1423185,3.1923148,151.38612,0.83874,32.23697,0.00855,2278.91655,2278.93166,0.01511,0.00031,-0.0001,-0.0012,0.00184,-0.0012,0.00184,49.19553,0.0021998,0,80000.901,79983.19,-0.901,16.81,True,False,False
348.58,INSERTION,COAST,79999.991,33.1423185,3.1923148,151.43903,0.83844,32.29468,0.00855,2278.91655,2278.93165,0.01511,0.00031,-0.0001,-0.00121,0.00184,-0.00121,0.00184,49.19553,0.002201,0,80000.901,79983.194,-0.901,16.806,True,False,False
348.72,INSERTION,COAST,79999.991,33.1423185,3.1923148,151.4854,0.83819,32.35423,0.00854,2278.91655,2278.93165,0.01511,0.00031,-0.0001,-0.00121,0.00184,-0.00121,0.00184,49.19553,0.0022016,0,80000.902,79983.196,-0.902,16.804,True,False,False
348.86,INSERTION,COAST,79999.99,33.1423185,3.1923148,151.53183,0.83793,32.41978,0.00853,2278.91654,2278.93165,0.01511,0.00031,-0.0001,-0.00121,0.00184,-0.00121,0.00184,49.19553,0.0022017,0,80000.902,79983.198,-0.902,16.802,True,False,False
349,INSERTION,COAST,79999.984,33.1423186,3.1923148,151.57832,0.83767,32.48905,0.00851,2278.91656,2278.93166,0.0151,0.00031,-0.0001,-0.00117,0.00184,-0.00117,0.00184,49.19553,0.0021828,0,80000.897,79983.202,-0.897,16.798,True,False,False
349.16,INSERTION,COAST,79999.984,33.1423186,3.1923148,151.63154,0.83738,32.55858,0.0085,2278.91656,2278.93167,0.01511,0.00031,-0.0001,-0.00115,0.00184,-0.00115,0.00184,49.19553,0.0021731,0,80000.895,79983.202,-0.895,16.798,True,False,False
349.3,INSERTION,COAST,79999.985,33.1423186,3.1923148,151.67816,0.83712,32.58456,0.00847,2278.91654,2278.93166,0.01512,0.00031,-0.0001,-0.00115,0.00184,-0.00115,0.00184,49.19553,0.0021735,0,80000.893,79983.191,-0.893,16.809,True,False,False
349.44,INSERTION,COAST,79999.986,33.1423186,3.1923148,151.72485,0.83686,32.57295,0.00843,2278.91653,2278.93166,0.01513,0.00031,-0.0001,-0.00115,0.00184,-0.00115,0.00184,49.19553,0.0021756,0,80000.891,79983.179,-0.891,16.821,True,False,False
349.58,INSERTION,COAST,79999.988,33.1423186,3.1923148,151.7716,0.83661,32.53338,0.00841,2278.91652,2278.93166,0.01514,0.00031,-0.0001,-0.00116,0.00185,-0.00116,0.00185,49.19553,0.0021795,0,80000.89,79983.169,-0.89,16.831,True,False,False
349.74,INSERTION,COAST,79999.99,33.1423186,3.1923148,151.8251,0.83631,32.46886,0.00838,2278.91651,2278.93166,0.01515,0.00031,-0.0001,-0.00117,0.00185,-0.00117,0.00185,49.19553,0.0021854,0,80000.889,79983.163,-0.889,16.837,True,False,False
349.88,INSERTION,COAST,79999.992,33.1423186,3.1923148,151.87199,0.83605,32.40904,0.00837,2278.9165,2278.93165,0.01515,0.00031,-0.0001,-0.00118,0.00185,-0.00118,0.00185,49.19553,0.0021912,0,80000.888,79983.162,-0.888,16.838,True,False,False
350.02,INSERTION,COAST,79999.994,33.1423186,3.1923148,151.91893,0.83579,32.35618,0.00836,2278.9165,2278.93165,0.01515,0.00031,-0.0001,-0.00119,0.00185,-0.00119,0.00185,49.19553,0.0021972,0,80000.889,79983.164,-0.889,16.836,True,False,False
350.16,INSERTION,COAST,79999.996,33.1423186,3.1923148,151.96594,0.83554,32.31601,0.00835,2278.9165,2278.93165,0.01515,0.00031,-0.0001,-0.0012,0.00185,-0.0012,0.00185,49.19553,0.0022028,0,80000.889,79983.167,-0.889,16.833,True,False,False
350.32,INSERTION,COAST,79999.998,33.1423186,3.1923148,152.01974,0.83524,32.29186,0.00834,2278.9165,2278.93164,0.01514,0.00031,-0.0001,-0.00121,0.00185,-0.00121,0.00185,49.19553,0.0022084,0,80000.89,79983.174,-0.89,16.826,True,False,False
350.46,INSERTION,COAST,79999.999,33.1423186,3.1923148,152.06689,0.83498,32.29289,0.00834,2278.9165,2278.93164,0.01514,0.00031,-0.0001,-0.00122,0.00184,-0.00122,0.00184,49.19553,0.0022123,0,80000.891,79983.18,-0.891,16.82,True,False,False
350.6,INSERTION,COAST,80000,33.1423186,3.1923148,152.1141,0.83472,32.31504,0.00834,2278.9165,2278.93164,0.01514,0.00031,-0.0001,-0.00123,0.00184,-0.00123,0.00184,49.19553,0.0022153,0,80000.892,79983.187,-0.892,16.813,True,False,False
350.74,INSERTION,COAST,80000,33.1423186,3.1923148,152.16137,0.83446,32.35789,0.00833,2278.91651,2278.93164,0.01513,0.00031,-0.0001,-0.00123,0.00184,-0.00123,0.00184,49.19553,0.0022171,0,80000.893,79983.193,-0.893,16.807,True,False,False
350.9,INSERTION,COAST,80000,33.1423186,3.1923148,152.21547,0.83417,32.43065,0.00833,2278.91651,2278.93164,0.01513,0.00031,-0.0001,-0.00123,0.00184,-0.00123,0.00184,49.19553,0.002218,0,80000.894,79983.201,-0.894,16.799,True,False,False
351.04,INSERTION,COAST,80000,33.1423186,3.1923148,152.26287,0.83391,32.512,0.00832,2278.91651,2278.93164,0.01513,0.00031,-0.0001,-0.00123,0.00184,-0.00123,0.00184,49.19553,0.0022177,0,80000.895,79983.206,-0.895,16.794,True,False,False
351.18,INSERTION,COAST,79999.995,33.1423186,3.1923148,152.31034,0.83365,32.60476,0.00832,2278.91651,2278.93164,0.01513,0.00031,-0.0001,-0.00123,0.00184,-0.00123,0.00184,49.19553,0.0022166,0,80000.896,79983.21,-0.896,16.79,True,False,False
351.32,INSERTION,COAST,79999.988,33.1423186,3.1923149,152.35787,0.83339,32.70448,0.00831,2278.91653,2278.93165,0.01512,0.00031,-0.0001,-0.00118,0.00184,-0.00118,0.00184,49.19553,0.0021865,0,80000.888,79983.216,-0.888,16.784,True,False,False
351.48,INSERTION,COAST,79999.984,33.1423187,3.1923149,152.41227,0.83309,32.80286,0.00829,2278.91655,2278.93167,0.01512,0.00031,-0.0001,-0.00112,0.00184,-0.00112,0.00184,49.19553,0.0021567,0,80000.88,79983.217,-0.88,16.783,True,False,False
351.62,INSERTION,COAST,79999.985,33.1423187,3.1923149,152.45994,0.83283,32.82829,0.00825,2278.91653,2278.93166,0.01514,0.00031,-0.0001,-0.00112,0.00184,-0.00112,0.00184,49.19553,0.002156,0,80000.878,79983.2,-0.878,16.8,True,False,False
351.76,INSERTION,COAST,79999.987,33.1423187,3.1923149,152.50767,0.83257,32.77447,0.00819,2278.9165,2278.93166,0.01516,0.00031,-0.0001,-0.00112,0.00185,-0.00112,0.00185,49.19553,0.0021584,0,80000.874,79983.173,-0.874,16.827,True,False,False
351.9,INSERTION,COAST,79999.99,33.1423187,3.1923149,152.55546,0.83231,32.66064,0.00815,2278.91647,2278.93166,0.01518,0.00031,-0.0001,-0.00112,0.00185,-0.00112,0.00185,49.19553,0.0021643,0,80000.871,79983.153,-0.871,16.847,True,False,False
352.06,INSERTION,COAST,79999.993,33.1423187,3.1923149,152.61016,0.83201,32.4868,0.00811,2278.91646,2278.93165,0.0152,0.00031,-0.0001,-0.00114,0.00185,-0.00114,0.00185,49.19553,0.0021743,0,80000.869,79983.139,-0.869,16.861,True,False,False
352.2,INSERTION,COAST,79999.997,33.1423187,3.1923149,152.65809,0.83175,32.32428,0.00809,2278.91645,2278.93165,0.0152,0.00031,-0.0001,-0.00116,0.00185,-0.00116,0.00185,49.19553,0.0021846,0,80000.868,79983.135,-0.868,16.865,True,False,False
352.34,INSERTION,COAST,80000,33.1423187,3.1923149,152.70609,0.83149,32.17388,0.00808,2278.91645,2278.93164,0.01519,0.00031,-0.0001,-0.00118,0.00185,-0.00118,0.00185,49.19553,0.0021953,0,80000.869,79983.138,-0.869,16.862,True,False,False
352.48,INSERTION,COAST,80000.003,33.1423187,3.1923149,152.75415,0.83122,32.04779,0.00808,2278.91645,2278.93164,0.01518,0.00031,-0.0001,-0.0012,0.00185,-0.0012,0.00185,49.19553,0.0022054,0,80000.87,79983.145,-0.87,16.855,True,False,False
352.64,INSERTION,COAST,80000.006,33.1423187,3.1923149,152.80915,0.83093,31.94664,0.00809,2278.91646,2278.93163,0.01517,0.00031,-0.0001,-0.00122,0.00185,-0.00122,0.00185,49.19553,0.0022157,0,80000.872,79983.158,-0.872,16.842,True,False,False
352.78,INSERTION,COAST,80000.008,33.1423187,3.1923149,152.85735,0.83066,31.90265,0.00809,2278.91647,2278.93163,0.01516,0.00031,-0.0001,-0.00124,0.00185,-0.00124,0.00185,49.19553,0.0022227,0,80000.873,79983.17,-0.873,16.83,True,False,False
352.92,INSERTION,COAST,80000.009,33.1423187,3.1923149,152.90561,0.8304,31.90154,0.0081,2278.91648,2278.93162,0.01515,0.00031,-0.0001,-0.00125,0.00184,-0.00125,0.00184,49.19553,0.0022277,0,80000.875,79983.184,-0.875,16.816,True,False,False
353.06,INSERTION,COAST,80000.01,33.1423187,3.1923149,152.95394,0.83014,31.9429,0.00811,2278.91649,2278.93162,0.01514,0.00031,-0.0001,-0.00126,0.00184,-0.00126,0.00184,49.19553,0.0022306,0,80000.877,79983.197,-0.877,16.803,True,False,False
353.22,INSERTION,COAST,80000.009,33.1423187,3.1923149,153.00925,0.82984,32.03964,0.00812,2278.9165,2278.93162,0.01513,0.00031,-0.0001,-0.00126,0.00184,-0.00126,0.00184,49.19553,0.0022313,0,80000.88,79983.213,-0.88,16.787,True,False,False
353.36,INSERTION,COAST,80000.009,33.1423187,3.1923149,153.05771,0.82958,32.16159,0.00812,2278.9165,2278.93162,0.01512,0.00031,-0.0001,-0.00126,0.00184,-0.00126,0.00184,49.19553,0.0022295,0,80000.881,79983.224,-0.881,16.776,True,False,False
353.5,INSERTION,COAST,80000.008,33.1423187,3.1923149,153.10624,0.82931,32.30808,0.00812,2278.91651,2278.93162,0.01512,0.00031,-0.0001,-0.00125,0.00184,-0.00125,0.00184,49.19553,0.0022261,0,80000.883,79983.233,-0.883,16.767,True,False,False
353.64,INSERTION,COAST,80000.006,33.1423187,3.1923149,153.15484,0.82905,32.4702,0.00812,2278.91651,2278.93163,0.01512,0.00031,-0.0001,-0.00124,0.00184,-0.00124,0.00184,49.19553,0.0022215,0,80000.883,79983.239,-0.883,16.761,True,False,False
353.8,INSERTION,COAST,80000.005,33.1423187,3.1923149,153.21045,0.82875,32.66283,0.0081,2278.91651,2278.93163,0.01512,0.00031,-0.0001,-0.00123,0.00184,-0.00123,0.00184,49.19553,0.0022155,0,80000.884,79983.242,-0.884,16.758,True,False,False
353.94,INSERTION,COAST,80000.004,33.1423187,3.1923149,153.25918,0.82849,32.82796,0.00809,2278.9165,2278.93163,0.01513,0.00031,-0.0001,-0.00122,0.00184,-0.00122,0.00184,49.19553,0.0022099,0,80000.884,79983.242,-0.884,16.758,True,False,False
354.08,INSERTION,COAST,80000.003,33.1423187,3.1923149,153.30798,0.82822,32.97349,0.00807,2278.9165,2278.93163,0.01514,0.00031,-0.0001,-0.00121,0.00184,-0.00121,0.00184,49.19553,0.0022048,0,80000.883,79983.237,-0.883,16.763,True,False,False
354.22,INSERTION,COAST,80000.002,33.1423187,3.1923149,153.35684,0.82796,33.08809,0.00804,2278.91648,2278.93163,0.01515,0.00031,-0.0001,-0.0012,0.00185,-0.0012,0.00185,49.19553,0.0022007,0,80000.882,79983.227,-0.882,16.773,True,False,False
354.38,INSERTION,COAST,80000.002,33.1423187,3.1923149,153.41276,0.82766,33.17321,0.008,2278.91647,2278.93164,0.01517,0.00031,-0.0001,-0.00119,0.00185,-0.00119,0.00185,49.19553,0.002198,0,80000.88,79983.213,-0.88,16.787,True,False,False
354.52,INSERTION,COAST,79999.997,33.1423187,3.1923149,153.46176,0.82739,33.20644,0.00797,2278.91645,2278.93163,0.01519,0.00031,-0.0001,-0.00119,0.00185,-0.00119,0.00185,49.19553,0.0021977,0,80000.878,79983.201,-0.878,16.799,True,False,False
354.66,INSERTION,COAST,79999.996,33.1423187,3.192315,153.51083,0.82713,33.20404,0.00794,2278.91646,2278.93165,0.01519,0.00031,-0.0001,-0.00114,0.00185,-0.00114,0.00185,49.19553,0.0021714,0,80000.868,79983.192,-0.868,16.808,True,False,False
354.8,INSERTION,COAST,79999.998,33.1423187,3.192315,153.55996,0.82686,33.15836,0.00791,2278.91644,2278.93164,0.0152,0.00031,-0.0001,-0.00114,0.00185,-0.00114,0.00185,49.19553,0.0021745,0,80000.867,79983.179,-0.867,16.821,True,False,False
354.96,INSERTION,COAST,80000.001,33.1423187,3.192315,153.61619,0.82656,33.03611,0.00786,2278.91642,2278.93164,0.01522,0.00031,-0.0001,-0.00115,0.00185,-0.00115,0.00185,49.19553,0.002181,0,80000.864,79983.157,-0.864,16.843,True,False,False
355.1,INSERTION,COAST,80000.004,33.1423187,3.192315,153.66546,0.8263,32.89366,0.00783,2278.9164,2278.93163,0.01523,0.00031,-0.0001,-0.00116,0.00185,-0.00116,0.00185,49.19553,0.0021893,0,80000.862,79983.145,-0.862,16.855,True,False,False
355.24,INSERTION,COAST,80000.007,33.1423187,3.192315,153.7148,0.82603,32.74303,0.00781,2278.91639,2278.93163,0.01524,0.00031,-0.0001,-0.00118,0.00185,-0.00118,0.00185,49.19553,0.002199,0,80000.861,79983.142,-0.861,16.858,True,False,False
355.38,INSERTION,COAST,80000.01,33.1423187,3.192315,153.7642,0.82576,32.60303,0.0078,2278.91639,2278.93162,0.01523,0.00031,-0.0001,-0.0012,0.00185,-0.0012,0.00185,49.19553,0.002209,0,80000.862,79983.145,-0.862,16.855,True,False,False
355.54,INSERTION,COAST,80000.014,33.1423187,3.192315,153.82074,0.82546,32.4713,0.0078,2278.9164,2278.93162,0.01522,0.00031,-0.0001,-0.00122,0.00185,-0.00122,0.00185,49.19553,0.0022199,0,80000.863,79983.153,-0.863,16.847,True,False,False
355.68,INSERTION,COAST,80000.016,33.1423187,3.192315,153.87029,0.8252,32.39019,0.0078,2278.9164,2278.93161,0.01521,0.00031,-0.0001,-0.00124,0.00185,-0.00124,0.00185,49.19553,0.0022282,0,80000.864,79983.162,-0.864,16.838,True,False,False
355.82,INSERTION,COAST,80000.018,33.1423187,3.192315,153.9199,0.82493,32.34593,0.0078,2278.91641,2278.93161,0.0152,0.00031,-0.0001,-0.00125,0.00185,-0.00125,0.00185,49.19553,0.0022349,0,80000.866,79983.174,-0.866,16.826,True,False,False
355.96,INSERTION,COAST,80000.019,33.1423187,3.192315,153.96958,0.82466,32.34113,0.00781,2278.91642,2278.93161,0.01519,0.00031,-0.0001,-0.00126,0.00185,-0.00126,0.00185,49.19553,0.0022399,0,80000.868,79983.186,-0.868,16.814,True,False,False
356.12,INSERTION,COAST,80000.019,33.1423187,3.192315,154.02643,0.82436,32.38545,0.00782,2278.91643,2278.93161,0.01518,0.00031,-0.0001,-0.00127,0.00185,-0.00127,0.00185,49.19553,0.0022431,0,80000.87,79983.202,-0.87,16.798,True,False,False
356.26,INSERTION,COAST,80000.019,33.1423187,3.192315,154.07625,0.82409,32.46489,0.00782,2278.91644,2278.93161,0.01517,0.00031,-0.0001,-0.00127,0.00185,-0.00127,0.00185,49.19553,0.0022436,0,80000.872,79983.214,-0.872,16.786,True,False,False
356.4,INSERTION,COAST,80000.019,33.1423187,3.192315,154.12614,0.82383,32.57469,0.00782,2278.91644,2278.93161,0.01516,0.00031,-0.0001,-0.00127,0.00185,-0.00127,0.00185,49.19553,0.0022422,0,80000.873,79983.224,-0.873,16.776,True,False,False
356.54,INSERTION,COAST,80000.018,33.1423187,3.192315,154.17609,0.82356,32.70786,0.00782,2278.91645,2278.93161,0.01516,0.00031,-0.0001,-0.00127,0.00185,-0.00127,0.00185,49.19553,0.0022393,0,80000.874,79983.233,-0.874,16.767,True,False,False
356.7,INSERTION,COAST,80000.017,33.1423187,3.192315,154.23326,0.82325,32.87888,0.00782,2278.91645,2278.93161,0.01516,0.00031,-0.0001,-0.00126,0.00185,-0.00126,0.00185,49.19553,0.0022346,0,80000.875,79983.24,-0.875,16.76,True,False,False
356.84,INSERTION,COAST,80000.015,33.1423187,3.192315,154.28336,0.82299,33.03579,0.00781,2278.91645,2278.93161,0.01516,0.00031,-0.0001,-0.00125,0.00185,-0.00125,0.00185,49.19553,0.0022297,0,80000.875,79983.243,-0.875,16.757,True,False,False
356.98,INSERTION,COAST,80000.014,33.1423187,3.192315,154.33352,0.82272,33.18961,0.00779,2278.91644,2278.93161,0.01517,0.00031,-0.0001,-0.00124,0.00185,-0.00124,0.00185,49.19553,0.0022246,0,80000.875,79983.243,-0.875,16.757,True,False,False
357.12,INSERTION,COAST,80000.013,33.1423187,3.192315,154.38374,0.82245,33.32687,0.00777,2278.91644,2278.93162,0.01518,0.00031,-0.0001,-0.00123,0.00185,-0.00123,0.00185,49.19553,0.0022197,0,80000.875,79983.238,-0.875,16.762,True,False,False
357.28,INSERTION,COAST,80000.013,33.1423187,3.192315,154.44123,0.82214,33.45026,0.00774,2278.91642,2278.93162,0.01519,0.00031,-0.0001,-0.00122,0.00185,-0.00122,0.00185,49.19553,0.0022154,0,80000.873,79983.228,-0.873,16.772,True,False,False
357.42,INSERTION,COAST,80000.013,33.1423187,3.192315,154.4916,0.82188,33.52237,0.00771,2278.91641,2278.93162,0.01521,0.00031,-0.0001,-0.00121,0.00185,-0.00121,0.00185,49.19553,0.0022132,0,80000.872,79983.217,-0.872,16.783,True,False,False
357.56,INSERTION,COAST,80000.013,33.1423187,3.192315,154.54204,0.82161,33.55848,0.00768,2278.91639,2278.93162,0.01522,0.00031,-0.0001,-0.00121,0.00185,-0.00121,0.00185,49.19553,0.0022127,0,80000.87,79983.205,-0.87,16.795,True,False,False
357.7,INSERTION,COAST,80000.014,33.1423187,3.192315,154.59254,0.82134,33.56151,0.00765,2278.91638,2278.93162,0.01524,0.00031,-0.0001,-0.00121,0.00185,-0.00121,0.00185,49.19553,0.0022139,0,80000.869,79983.194,-0.869,16.806,True,False,False
357.86,INSERTION,COAST,80000.016,33.1423187,3.192315,154.65034,0.82103,33.53296,0.00762,2278.91637,2278.93161,0.01525,0.00031,-0.0001,-0.00121,0.00186,-0.00121,0.00186,49.19553,0.0022172,0,80000.867,79983.184,-0.867,16.816,True,False,False
358,INSERTION,COAST,80000.018,33.1423187,3.192315,154.70099,0.82076,33.4899,0.0076,2278.91636,2278.93161,0.01525,0.00031,-0.0001,-0.00122,0.00186,-0.00122,0.00186,49.19553,0.0022214,0,80000.867,79983.178,-0.867,16.822,True,False,False
358.14,INSERTION,COAST,80000.019,33.1423187,3.192315,154.75171,0.8205,33.44085,0.00758,2278.91635,2278.93161,0.01526,0.00031,-0.0001,-0.00123,0.00186,-0.00123,0.00186,49.19553,0.0022263,0,80000.866,79983.175,-0.866,16.825,True,False,False
358.28,INSERTION,COAST,80000.021,33.1423187,3.192315,154.80249,0.82023,33.3948,0.00757,2278.91635,2278.9316,0.01526,0.00031,-0.0001,-0.00124,0.00186,-0.00124,0.00186,49.19553,0.0022314,0,80000.866,79983.176,-0.866,16.824,True,False,False
358.44,INSERTION,COAST,80000.023,33.1423187,3.192315,154.86062,0.81992,33.35307,0.00756,2278.91635,2278.9316,0.01525,0.00031,-0.0001,-0.00125,0.00186,-0.00125,0.00186,49.19553,0.0022371,0,80000.867,79983.179,-0.867,16.821,True,False,False
358.58,INSERTION,COAST,80000.024,33.1423187,3.192315,154.91155,0.81965,33.3305,0.00755,2278.91635,2278.9316,0.01525,0.00031,-0.0001,-0.00126,0.00186,-0.00126,0.00186,49.19553,0.0022415,0,80000.867,79983.183,-0.867,16.817,True,False,False
358.72,INSERTION,COAST,80000.026,33.1423187,3.192315,154.96254,0.81938,33.3235,0.00755,2278.91635,2278.9316,0.01525,0.00031,-0.0001,-0.00126,0.00186,-0.00126,0.00186,49.19553,0.0022453,0,80000.868,79983.188,-0.868,16.812,True,False,False
358.86,INSERTION,COAST,80000.026,33.1423187,3.192315,155.01361,0.81911,33.33349,0.00754,2278.91635,2278.93159,0.01525,0.00031,-0.0001,-0.00127,0.00185,-0.00127,0.00185,49.19553,0.0022482,0,80000.869,79983.194,-0.869,16.806,True,False,False
359,INSERTION,COAST,80000.027,33.1423187,3.192315,155.07205,0.8188,33.36671,0.00753,2278.91635,2278.93159,0.01524,0.00031,-0.0001,-0.00128,0.00185,-0.00128,0.00185,49.19553,0.0022506,0,80000.87,79983.201,-0.87,16.799,True,False,False
359.16,INSERTION,COAST,80000.02,33.1423187,3.192315,155.12327,0.81853,33.41392,0.00753,2278.91637,2278.9316,0.01523,0.00031,-0.0001,-0.00125,0.00185,-0.00125,0.00185,49.19553,0.002237,0,80000.866,79983.208,-0.866,16.792,True,False,False
359.3,INSERTION,COAST,80000.02,33.1423187,3.192315,155.17454,0.81826,33.46784,0.00752,2278.91638,2278.93161,0.01523,0.00031,-0.0001,-0.00123,0.00185,-0.00123,0.00185,49.19553,0.0022227,0,80000.863,79983.213,-0.863,16.787,True,False,False
359.44,INSERTION,COAST,80000.02,33.1423187,3.192315,155.22589,0.81799,33.51652,0.00751,2278.91637,2278.9316,0.01523,0.00031,-0.0001,-0.00123,0.00185,-0.00123,0.00185,49.19553,0.0022227,0,80000.863,79983.213,-0.863,16.787,True,False,False
359.6,INSERTION,COAST,80000.021,33.1423187,3.1923151,155.28466,0.81768,33.54727,0.00748,2278.91636,2278.9316,0.01524,0.00031,-0.0001,-0.00123,0.00185,-0.00123,0.00185,49.19553,0.0022232,0,80000.862,79983.204,-0.862,16.796,True,False,False
359.74,INSERTION,COAST,80000.022,33.1423187,3.1923151,155.33615,0.81741,33.55536,0.00746,2278.91635,2278.9316,0.01525,0.00031,-0.0001,-0.00123,0.00186,-0.00123,0.00186,49.19553,0.0022247,0,80000.861,79983.198,-0.861,16.802,True,False,False
359.88,INSERTION,COAST,80000.023,33.1423187,3.1923151,155.38771,0.81714,33.55014,0.00744,2278.91634,2278.9316,0.01526,0.00031,-0.0001,-0.00123,0.00186,-0.00123,0.00186,49.19553,0.002227,0,80000.86,79983.194,-0.86,16.806,True,False,False
360.02,INSERTION,COAST,80000.024,33.1423187,3.1923151,155.43934,0.81687,33.53703,0.00742,2278.91634,2278.9316,0.01526,0.00031,-0.0001,-0.00124,0.00186,-0.00124,0.00186,49.19553,0.00223,0,80000.86,79983.191,-0.86,16.809,True,False,False
360.18,INSERTION,COAST,80000.026,33.1423187,3.1923151,155.49844,0.81656,33.51986,0.0074,2278.91633,2278.9316,0.01526,0.00031,-0.0001,-0.00124,0.00186,-0.00124,0.00186,49.19553,0.0022338,0,80000.86,79983.19,-0.86,16.81,True,False,False
360.32,INSERTION,COAST,80000.027,33.1423187,3.1923151,155.55021,0.81628,33.50782,0.00739,2278.91633,2278.93159,0.01526,0.00031,-0.0001,-0.00125,0.00186,-0.00125,0.00186,49.19553,0.0022372,0,80000.86,79983.191,-0.86,16.809,True,False,False
360.46,INSERTION,COAST,80000.028,33.1423187,3.1923151,155.60206,0.81601,33.5016,0.00738,2278.91633,2278.93159,0.01526,0.00031,-0.0001,-0.00125,0.00186,-0.00125,0.00186,49.19553,0.0022404,0,80000.86,79983.192,-0.86,16.808,True,False,False
360.6,INSERTION,COAST,80000.029,33.1423187,3.1923151,155.65398,0.81574,33.50322,0.00737,2278.91633,2278.93159,0.01526,0.00031,-0.0001,-0.00126,0.00186,-0.00126,0.00186,49.19553,0.0022433,0,80000.861,79983.195,-0.861,16.805,True,False,False
360.76,INSERTION,COAST,80000.022,33.1423187,3.1923151,155.7134,0.81543,33.51672,0.00736,2278.91633,2278.93159,0.01526,0.00031,-0.0001,-0.00125,0.00186,-0.00125,0.00186,49.19553,0.0022363,0,80000.859,79983.2,-0.859,16.8,True,False,False
360.9,INSERTION,COAST,80000.023,33.1423188,3.1923151,155.76546,0.81516,33.53461,0.00735,2278.91635,2278.9316,0.01525,0.00031,-0.0001,-0.00122,0.00185,-0.00122,0.00185,49.19553,0.002219,0,80000.854,79983.204,-0.854,16.796,True,False,False
361.04,INSERTION,COAST,80000.024,33.1423188,3.1923151,155.8176,0.81488,33.54663,0.00733,2278.91634,2278.9316,0.01526,0.00031,-0.0001,-0.00122,0.00186,-0.00122,0.00186,49.19553,0.0022206,0,80000.854,79983.204,-0.854,16.796,True,False,False
361.18,INSERTION,COAST,80000.025,33.1423188,3.1923151,155.8698,0.81461,33.53767,0.00731,2278.91633,2278.9316,0.01526,0.00031,-0.0001,-0.00122,0.00186,-0.00122,0.00186,49.19553,0.0022227,0,80000.853,79983.196,-0.853,16.804,True,False,False
361.34,INSERTION,COAST,80000.027,33.1423188,3.1923151,155.92955,0.8143,33.51117,0.00729,2278.91632,2278.9316,0.01527,0.00031,-0.0001,-0.00123,0.00186,-0.00123,0.00186,49.19553,0.0022263,0,80000.852,79983.191,-0.852,16.809,True,False,False
361.48,INSERTION,COAST,80000.028,33.1423188,3.1923151,155.9819,0.81402,33.48241,0.00727,2278.91632,2278.93159,0.01527,0.00031,-0.0001,-0.00123,0.00186,-0.00123,0.00186,49.19553,0.0022301,0,80000.852,79983.189,-0.852,16.811,True,False,False
361.62,INSERTION,COAST,80000.029,33.1423188,3.1923151,156.03432,0.81375,33.45545,0.00726,2278.91632,2278.93159,0.01527,0.00031,-0.0001,-0.00124,0.00186,-0.00124,0.00186,49.19553,0.0022341,0,80000.852,79983.189,-0.852,16.811,True,False,False
361.76,INSERTION,COAST,80000.031,33.1423188,3.1923151,156.08681,0.81348,33.43424,0.00725,2278.91631,2278.93159,0.01527,0.00031,-0.0001,-0.00125,0.00186,-0.00125,0.00186,49.19553,0.002238,0,80000.852,79983.191,-0.852,16.809,True,False,False
361.92,INSERTION,COAST,80000.032,33.1423188,3.1923151,156.14689,0.81316,33.42115,0.00724,2278.91631,2278.93159,0.01527,0.00031,-0.0001,-0.00126,0.00186,-0.00126,0.00186,49.19553,0.002242,0,80000.852,79983.194,-0.852,16.806,True,False,False
362.06,INSERTION,COAST,80000.033,33.1423188,3.1923151,156.19953,0.81289,33.42182,0.00723,2278.91631,2278.93158,0.01527,0.00031,-0.0001,-0.00126,0.00186,-0.00126,0.00186,49.19553,0.002245,0,80000.853,79983.198,-0.853,16.802,True,False,False
362.2,INSERTION,COAST,80000.034,33.1423188,3.1923151,156.25224,0.81262,33.43466,0.00722,2278.91631,2278.93158,0.01527,0.00031,-0.0001,-0.00127,0.00186,-0.00127,0.00186,49.19553,0.0022475,0,80000.853,79983.202,-0.853,16.798,True,False,False
362.34,INSERTION,COAST,80000.034,33.1423188,3.1923151,156.30502,0.81234,33.45992,0.00721,2278.91631,2278.93158,0.01527,0.00031,-0.0001,-0.00127,0.00186,-0.00127,0.00186,49.19553,0.0022493,0,80000.854,79983.206,-0.854,16.794,True,False,False
362.5,INSERTION,COAST,80000.035,33.1423188,3.1923151,156.36543,0.81203,33.50374,0.0072,2278.91632,2278.93158,0.01526,0.00031,-0.0001,-0.00127,0.00186,-0.00127,0.00186,49.19553,0.0022506,0,80000.854,79983.211,-0.854,16.789,True,False,False
362.64,INSERTION,COAST,80000.035,33.1423188,3.1923151,156.41837,0.81175,33.55374,0.0072,2278.91632,2278.93158,0.01526,0.00031,-0.0001,-0.00127,0.00186,-0.00127,0.00186,49.19553,0.0022511,0,80000.855,79983.215,-0.855,16.785,True,False,False
362.78,INSERTION,COAST,80000.035,33.1423188,3.1923151,156.47137,0.81148,33.61196,0.00719,2278.91631,2278.93158,0.01526,0.00031,-0.0001,-0.00127,0.00186,-0.00127,0.00186,49.19553,0.0022511,0,80000.855,79983.218,-0.855,16.782,True,False,False
362.92,INSERTION,COAST,80000.036,33.1423188,3.1923151,156.52444,0.8112,33.67598,0.00718,2278.91631,2278.93158,0.01527,0.00031,-0.0001,-0.00127,0.00186,-0.00127,0.00186,49.19553,0.0022506,0,80000.856,79983.22,-0.856,16.78,True,False,False
363.08,INSERTION,COAST,80000.036,33.1423188,3.1923151,156.58519,0.81089,33.75293,0.00716,2278.91631,2278.93158,0.01527,0.00031,-0.0001,-0.00127,0.00186,-0.00127,0.00186,49.19553,0.0022498,0,80000.856,79983.221,-0.856,16.779,True,False,False
363.22,INSERTION,COAST,80000.036,33.1423188,3.1923151,156.63841,0.81061,33.82059,0.00715,2278.91631,2278.93158,0.01527,0.00031,-0.0001,-0.00127,0.00186,-0.00127,0.00186,49.19553,0.0022489,0,80000.856,79983.222,-0.856,16.778,True,False,False
363.36,INSERTION,COAST,80000.036,33.1423188,3.1923151,156.69171,0.81034,33.88448,0.00714,2278.9163,2278.93158,0.01527,0.00031,-0.0001,-0.00127,0.00186,-0.00127,0.00186,49.19553,0.002248,0,80000.856,79983.221,-0.856,16.779,True,False,False
363.5,INSERTION,COAST,80000.036,33.1423188,3.1923151,156.74507,0.81006,33.94091,0.00712,2278.9163,2278.93158,0.01528,0.00031,-0.0001,-0.00126,0.00186,-0.00126,0.00186,49.19553,0.0022473,0,80000.855,79983.218,-0.855,16.782,True,False,False
363.66,INSERTION,COAST,80000.036,33.1423188,3.1923151,156.80615,0.80975,33.99328,0.0071,2278.91629,2278.93158,0.01529,0.00031,-0.0001,-0.00126,0.00186,-0.00126,0.00186,49.19553,0.002247,0,80000.855,79983.215,-0.855,16.785,True,False,False
363.8,INSERTION,COAST,80000.037,33.1423188,3.1923151,156.85967,0.80947,34.02737,0.00708,2278.91628,2278.93158,0.01529,0.00031,-0.0001,-0.00126,0.00186,-0.00126,0.00186,49.19553,0.0022473,0,80000.854,79983.211,-0.854,16.789,True,False,False
363.94,INSERTION,COAST,80000.037,33.1423188,3.1923151,156.91326,0.80919,34.05081,0.00706,2278.91628,2278.93158,0.0153,0.00031,-0.0001,-0.00126,0.00186,-0.00126,0.00186,49.19553,0.0022482,0,80000.854,79983.207,-0.854,16.793,True,False,False
364.08,INSERTION,COAST,80000.038,33.1423188,3.1923151,156.96692,0.80892,34.06515,0.00704,2278.91627,2278.93158,0.0153,0.00031,-0.0001,-0.00127,0.00186,-0.00127,0.00186,49.19553,0.0022495,0,80000.854,79983.204,-0.854,16.796,True,False,False
364.24,INSERTION,COAST,80000.039,33.1423188,3.1923151,157.02834,0.8086,34.07368,0.00702,2278.91626,2278.93157,0.01531,0.00031,-0.0001,-0.00127,0.00186,-0.00127,0.00186,49.19553,0.0022516,0,80000.853,79983.201,-0.853,16.799,True,False,False
364.38,INSERTION,COAST,80000.04,33.1423188,3.1923151,157.08215,0.80832,34.07775,0.00701,2278.91626,2278.93157,0.01531,0.00031,-0.0001,-0.00127,0.00186,-0.00127,0.00186,49.19553,0.0022537,0,80000.853,79983.2,-0.853,16.8,True,False,False
364.52,INSERTION,COAST,80000.041,33.1423188,3.1923151,157.13604,0.80805,34.08166,0.00699,2278.91626,2278.93157,0.01531,0.00031,-0.0001,-0.00128,0.00186,-0.00128,0.00186,49.19553,0.002256,0,80000.853,79983.2,-0.853,16.8,True,False,False
364.66,INSERTION,COAST,80000.042,33.1423188,3.1923151,157.19,0.80777,34.08751,0.00698,2278.91625,2278.93157,0.01531,0.00031,-0.0001,-0.00128,0.00186,-0.00128,0.00186,49.19553,0.0022582,0,80000.853,79983.201,-0.853,16.799,True,False,False
364.82,INSERTION,COAST,80000.043,33.1423188,3.1923151,157.25176,0.80745,34.0985,0.00697,2278.91625,2278.93157,0.01532,0.00031,-0.0001,-0.00128,0.00186,-0.00128,0.00186,49.19553,0.0022606,0,80000.853,79983.202,-0.853,16.798,True,False,False
364.96,INSERTION,COAST,80000.044,33.1423188,3.1923151,157.30587,0.80717,34.11292,0.00696,2278.91625,2278.93157,0.01532,0.00031,-0.0001,-0.00129,0.00186,-0.00129,0.00186,49.19553,0.0022625,0,80000.854,79983.203,-0.854,16.797,True,False,False
365.1,INSERTION,COAST,80000.044,33.1423188,3.1923151,157.36005,0.80689,34.13233,0.00695,2278.91625,2278.93156,0.01532,0.00031,-0.0001,-0.00129,0.00186,-0.00129,0.00186,49.19553,0.0022642,0,80000.854,79983.205,-0.854,16.795,True,False,False
365.24,INSERTION,COAST,80000.045,33.1423188,3.1923151,157.41431,0.80662,34.15692,0.00693,2278.91625,2278.93156,0.01532,0.00031,-0.0001,-0.00129,0.00186,-0.00129,0.00186,49.19553,0.0022656,0,80000.854,79983.207,-0.854,16.793,True,False,False
365.4,INSERTION,COAST,80000.045,33.1423188,3.1923151,157.47641,0.8063,34.19129,0.00692,2278.91624,2278.93156,0.01532,0.00031,-0.0001,-0.00129,0.00186,-0.00129,0.00186,49.19553,0.0022669,0,80000.854,79983.209,-0.854,16.791,True,False,False
365.54,INSERTION,COAST,80000.046,33.1423188,3.1923151,157.53082,0.80602,34.22636,0.00691,2278.91624,2278.93156,0.01532,0.00031,-0.0001,-0.0013,0.00186,-0.0013,0.00186,49.19553,0.0022678,0,80000.854,79983.211,-0.854,16.789,True,False,False
365.68,INSERTION,COAST,80000.046,33.1423188,3.1923151,157.5853,0.80574,34.26507,0.0069,2278.91624,2278.93156,0.01532,0.00031,-0.0001,-0.0013,0.00186,-0.0013,0.00186,49.19553,0.0022684,0,80000.854,79983.212,-0.854,16.788,True,False,False
365.82,INSERTION,COAST,80000.047,33.1423188,3.1923151,157.63986,0.80546,34.30643,0.00689,2278.91624,2278.93156,0.01532,0.00031,-0.0001,-0.0013,0.00186,-0.0013,0.00186,49.19553,0.0022688,0,80000.855,79983.213,-0.855,16.787,True,False,False
365.98,INSERTION,COAST,80000.047,33.1423188,3.1923151,157.7023,0.80514,34.35562,0.00687,2278.91624,2278.93156,0.01532,0.00031,-0.0001,-0.0013,0.00186,-0.0013,0.00186,49.19553,0.0022691,0,80000.855,79983.214,-0.855,16.786,True,False,False
366.12,INSERTION,COAST,80000.047,33.1423188,3.1923151,157.75702,0.80486,34.39884,0.00686,2278.91623,2278.93156,0.01533,0.00031,-0.0001,-0.0013,0.00186,-0.0013,0.00186,49.19553,0.0022693,0,80000.855,79983.214,-0.855,16.786,True,False,False
366.26,INSERTION,COAST,80000.048,33.1423188,3.1923151,157.8118,0.80459,34.44066,0.00685,2278.91623,2278.93156,0.01533,0.00031,-0.0001,-0.0013,0.00186,-0.0013,0.00186,49.19553,0.0022695,0,80000.855,79983.214,-0.855,16.786,True,False,False
366.4,INSERTION,COAST,80000.048,33.1423188,3.1923151,157.86666,0.80431,34.47962,0.00683,2278.91623,2278.93156,0.01533,0.00031,-0.0001,-0.0013,0.00186,-0.0013,0.00186,49.19553,0.0022698,0,80000.855,79983.213,-0.855,16.787,True,False,False
366.56,INSERTION,COAST,80000.049,33.1423188,3.1923151,157.92945,0.80399,34.5193,0.00681,2278.91622,2278.93156,0.01534,0.00031,-0.0001,-0.0013,0.00186,-0.0013,0.00186,49.19553,0.0022703,0,80000.854,79983.211,-0.854,16.789,True,False,False
366.7,INSERTION,COAST,80000.049,33.1423188,3.1923151,157.98446,0.80371,34.54918,0.0068,2278.91622,2278.93156,0.01534,0.00031,-0.0001,-0.0013,0.00186,-0.0013,0.00186,49.19553,0.0022709,0,80000.854,79983.21,-0.854,16.79,True,False,False
366.84,INSERTION,COAST,80000.05,33.1423188,3.1923151,158.03955,0.80343,34.57465,0.00678,2278.91621,2278.93156,0.01534,0.00031,-0.0001,-0.0013,0.00186,-0.0013,0.00186,49.19553,0.0022718,0,80000.854,79983.208,-0.854,16.792,True,False,False
366.98,INSERTION,COAST,80000.05,33.1423188,3.1923151,158.09471,0.80315,34.59627,0.00677,2278.91621,2278.93155,0.01535,0.00031,-0.0001,-0.0013,0.00186,-0.0013,0.00186,49.19553,0.0022729,0,80000.854,79983.207,-0.854,16.793,True,False,False
367.14,INSERTION,COAST,80000.051,33.1423188,3.1923151,158.15784,0.80282,34.6175,0.00675,2278.9162,2278.93155,0.01535,0.00031,-0.0001,-0.0013,0.00186,-0.0013,0.00186,49.19553,0.0022744,0,80000.854,79983.206,-0.854,16.794,True,False,False
367.28,INSERTION,COAST,80000.052,33.1423188,3.1923151,158.21316,0.80254,34.6345,0.00673,2278.9162,2278.93155,0.01535,0.00031,-0.0001,-0.0013,0.00187,-0.0013,0.00187,49.19553,0.0022758,0,80000.854,79983.205,-0.854,16.795,True,False,False
367.42,INSERTION,COAST,80000.053,33.1423188,3.1923151,158.26856,0.80226,34.65102,0.00672,2278.91619,2278.93155,0.01536,0.00031,-0.0001,-0.00131,0.00187,-0.00131,0.00187,49.19553,0.0022773,0,80000.854,79983.205,-0.854,16.795,True,False,False
367.56,INSERTION,COAST,80000.053,33.1423188,3.1923151,158.32403,0.80198,34.66792,0.00671,2278.91619,2278.93155,0.01536,0.00031,-0.0001,-0.00131,0.00187,-0.00131,0.00187,49.19553,0.0022787,0,80000.854,79983.205,-0.854,16.795,True,False,False
367.72,INSERTION,COAST,80000.054,33.1423188,3.1923151,158.38751,0.80166,34.68878,0.00669,2278.91619,2278.93155,0.01536,0.00031,-0.0001,-0.00131,0.00187,-0.00131,0.00187,49.19553,0.0022804,0,80000.854,79983.206,-0.854,16.794,True,False,False
367.86,INSERTION,COAST,80000.055,33.1423188,3.1923151,158.44313,0.80138,34.70894,0.00668,2278.91619,2278.93155,0.01536,0.00031,-0.0001,-0.00131,0.00187,-0.00131,0.00187,49.19553,0.0022818,0,80000.854,79983.206,-0.854,16.794,True,False,False
368,INSERTION,COAST,80000.055,33.1423188,3.1923151,158.49883,0.8011,34.73118,0.00667,2278.91618,2278.93155,0.01536,0.00031,-0.0001,-0.00132,0.00187,-0.00132,0.00187,49.19553,0.002283,0,80000.854,79983.207,-0.854,16.793,True,False,False
368.14,INSERTION,COAST,80000.056,33.1423188,3.1923151,158.55461,0.80082,34.75563,0.00665,2278.91618,2278.93155,0.01536,0.00031,-0.0001,-0.00132,0.00187,-0.00132,0.00187,49.19553,0.0022842,0,80000.854,79983.208,-0.854,16.792,True,False,False
368.3,INSERTION,COAST,80000.057,33.1423188,3.1923151,158.61844,0.80049,34.78618,0.00664,2278.91618,2278.93154,0.01537,0.00031,-0.0001,-0.00132,0.00187,-0.00132,0.00187,49.19553,0.0022854,0,80000.854,79983.209,-0.854,16.791,True,False,False
368.44,INSERTION,COAST,80000.057,33.1423188,3.1923151,158.67438,0.80021,34.81501,0.00663,2278.91618,2278.93154,0.01537,0.00031,-0.0001,-0.00132,0.00187,-0.00132,0.00187,49.19553,0.0022863,0,80000.854,79983.209,-0.854,16.791,True,False,False
368.58,INSERTION,COAST,80000.058,33.1423188,3.1923151,158.73038,0.79993,34.84539,0.00662,2278.91617,2278.93154,0.01537,0.00031,-0.0001,-0.00132,0.00187,-0.00132,0.00187,49.19553,0.0022871,0,80000.854,79983.21,-0.854,16.79,True,False,False
368.72,INSERTION,COAST,80000.058,33.1423188,3.1923151,158.78647,0.79965,34.87681,0.0066,2278.91617,2278.93154,0.01537,0.00031,-0.0001,-0.00132,0.00187,-0.00132,0.00187,49.19553,0.0022878,0,80000.854,79983.211,-0.854,16.789,True,False,False
368.88,INSERTION,COAST,80000.059,33.1423188,3.1923151,158.85065,0.79932,34.91319,0.00659,2278.91617,2278.93154,0.01537,0.00031,-0.0001,-0.00132,0.00187,-0.00132,0.00187,49.19553,0.0022885,0,80000.854,79983.211,-0.854,16.789,True,False,False
369.02,INSERTION,COAST,80000.059,33.1423188,3.1923151,158.9069,0.79904,34.94477,0.00657,2278.91616,2278.93154,0.01538,0.00031,-0.0001,-0.00132,0.00187,-0.00132,0.00187,49.19553,0.0022892,0,80000.854,79983.211,-0.854,16.789,True,False,False
369.16,INSERTION,COAST,80000.059,33.1423188,3.1923151,158.96322,0.79876,34.97572,0.00656,2278.91616,2278.93154,0.01538,0.00031,-0.0001,-0.00133,0.00187,-0.00133,0.00187,49.19553,0.0022898,0,80000.854,79983.211,-0.854,16.789,True,False,False
369.3,INSERTION,COAST,80000.06,33.1423188,3.1923151,159.01961,0.79847,35.00547,0.00655,2278.91616,2278.93154,0.01538,0.00031,-0.0001,-0.00133,0.00187,-0.00133,0.00187,49.19553,0.0022905,0,80000.854,79983.21,-0.854,16.79,True,False,False
369.46,INSERTION,COAST,80000.061,33.1423188,3.1923151,159.08415,0.79815,35.03756,0.00653,2278.91615,2278.93154,0.01538,0.00031,-0.0001,-0.00133,0.00187,-0.00133,0.00187,49.19553,0.0022914,0,80000.854,79983.21,-0.854,16.79,True,False,False
369.6,INSERTION,COAST,80000.061,33.1423188,3.1923151,159.14071,0.79787,35.06366,0.00651,2278.91615,2278.93154,0.01539,0.00031,-0.0001,-0.00133,0.00187,-0.00133,0.00187,49.19553,0.0022922,0,80000.854,79983.209,-0.854,16.791,True,False,False
369.74,INSERTION,COAST,80000.062,33.1423188,3.1923151,159.19734,0.79758,35.0881,0.0065,2278.91615,2278.93154,0.01539,0.00031,-0.0001,-0.00133,0.00187,-0.00133,0.00187,49.19553,0.0022931,0,80000.854,79983.208,-0.854,16.792,True,False,False
369.88,INSERTION,COAST,80000.062,33.1423188,3.1923151,159.25404,0.7973,35.11123,0.00649,2278.91614,2278.93153,0.01539,0.00031,-0.0001,-0.00133,0.00187,-0.00133,0.00187,49.19553,0.0022941,0,80000.854,79983.208,-0.854,16.792,True,False,False
370.04,INSERTION,COAST,80000.063,33.1423188,3.1923151,159.31894,0.79697,35.13647,0.00647,2278.91614,2278.93153,0.01539,0.00031,-0.0001,-0.00133,0.00187,-0.00133,0.00187,49.19553,0.0022953,0,80000.854,79983.208,-0.854,16.792,True,False,False
370.18,INSERTION,COAST,80000.063,33.1423188,3.1923151,159.37581,0.79669,35.15774,0.00646,2278.91614,2278.93153,0.0154,0.00031,-0.0001,-0.00133,0.00187,-0.00133,0.00187,49.19553,0.0022964,0,80000.854,79983.207,-0.854,16.793,True,False,False
370.32,INSERTION,COAST,80000.064,33.1423188,3.1923151,159.43276,0.7964,35.17855,0.00644,2278.91613,2278.93153,0.0154,0.00031,-0.0001,-0.00134,0.00187,-0.00134,0.00187,49.19553,0.0022975,0,80000.854,79983.207,-0.854,16.793,True,False,False
370.46,INSERTION,COAST,80000.065,33.1423188,3.1923151,159.48978,0.79612,35.19927,0.00643,2278.91613,2278.93153,0.0154,0.00031,-0.0001,-0.00134,0.00187,-0.00134,0.00187,49.19553,0.0022986,0,80000.854,79983.207,-0.854,16.793,True,False,False
370.62,INSERTION,COAST,80000.065,33.1423188,3.1923151,159.55503,0.79579,35.22323,0.00641,2278.91613,2278.93153,0.0154,0.00031,-0.0001,-0.00134,0.00187,-0.00134,0.00187,49.19553,0.0022999,0,80000.854,79983.207,-0.854,16.793,True,False,False
370.76,INSERTION,THRUST,80000.066,33.1423188,3.1923151,159.61222,0.79551,35.24465,0.0064,2278.91612,2278.93153,0.01541,0.00031,-0.0001,-0.00134,0.00187,-0.00134,0.00187,49.19553,0.002301,4.677E-05,80000.854,79983.207,-0.854,16.793,True,False,False
370.9,INSERTION,THRUST,80000.067,33.1423188,3.1923151,159.66948,0.79522,35.26683,0.00633,2278.9162,2278.93153,0.01533,0.00031,-0.0001,-0.00133,0.00186,-0.00133,0.00186,49.19554,0.00229,4.655E-05,80000.851,79983.299,-0.851,16.701,True,False,False
371.04,INSERTION,THRUST,80000.067,33.1423188,3.1923151,159.72684,0.79494,35.28947,0.00614,2278.91645,2278.93153,0.01507,0.00031,-0.0001,-0.00131,0.00183,-0.00131,0.00183,49.19554,0.0022487,4.571E-05,80000.843,79983.62,-0.843,16.38,True,False,False
371.2,INSERTION,THRUST,80000.068,33.1423188,3.1923151,159.79248,0.79461,35.31351,0.00591,2278.91675,2278.93153,0.01478,0.0003,-0.0001,-0.00128,0.00179,-0.00128,0.00179,49.19555,0.0022019,4.476E-05,80000.834,79983.982,-0.834,16.018,True,False,False
371.34,INSERTION,THRUST,80000.066,33.1423188,3.1923151,159.85,0.79433,35.32947,0.00572,2278.917,2278.93152,0.01453,0.0003,-0.0001,-0.00125,0.00176,-0.00125,0.00176,49.19555,0.0021617,4.394E-05,80000.826,79984.292,-0.826,15.708,True,False,False
371.48,INSERTION,THRUST,80000.061,33.1423188,3.1923151,159.90759,0.79404,35.33748,0.00552,2278.91726,2278.93153,0.01427,0.00029,-0.0001,-0.00118,0.00173,-0.00118,0.00173,49.19556,0.0020977,4.264E-05,80000.812,79984.597,-0.812,15.403,True,False,False
371.62,INSERTION,THRUST,80000.062,33.1423188,3.1923151,159.96526,0.79375,35.32448,0.00533,2278.9175,2278.93154,0.01404,0.00029,-9E-05,-0.00115,0.0017,-0.00115,0.0017,49.19556,0.0020548,4.177E-05,80000.802,79984.891,-0.802,15.109,True,False,False
371.78,INSERTION,THRUST,80000.064,33.1423188,3.1923151,160.03126,0.79343,35.25215,0.0051,2278.91775,2278.93153,0.01378,0.00028,-9E-05,-0.00112,0.00167,-0.00112,0.00167,49.19557,0.0020144,4.095E-05,80000.792,79985.201,-0.792,14.799,True,False,False
371.92,INSERTION,THRUST,80000.066,33.1423188,3.1923151,160.0891,0.79314,35.14492,0.0049,2278.91796,2278.93153,0.01357,0.00028,-9E-05,-0.00111,0.00164,-0.00111,0.00164,49.19557,0.001982,4.029E-05,80000.784,79985.469,-0.784,14.531,True,False,False
372.06,INSERTION,THRUST,80000.069,33.1423188,3.1923151,160.14701,0.79285,35.00994,0.00471,2278.91818,2278.93153,0.01335,0.00027,-9E-05,-0.00109,0.00162,-0.00109,0.00162,49.19557,0.0019522,3.968E-05,80000.777,79985.737,-0.777,14.263,True,False,False
372.2,INSERTION,THRUST,80000.071,33.1423188,3.1923151,160.205,0.79257,34.8628,0.00453,2278.9184,2278.93152,0.01312,0.00027,-9E-05,-0.00108,0.00159,-0.00108,0.00159,49.19558,0.0019242,3.911E-05,80000.77,79986.006,-0.77,13.994,True,False,False
372.36,INSERTION,THRUST,80000.074,33.1423188,3.1923151,160.27137,0.79224,34.69897,0.00434,2278.91865,2278.93152,0.01287,0.00026,-9E-05,-0.00108,0.00156,-0.00108,0.00156,49.19559,0.0018934,3.849E-05,80000.763,79986.317,-0.763,13.683,True,False,False
372.5,INSERTION,THRUST,80000.077,33.1423188,3.1923151,160.32952,0.79195,34.56986,0.00419,2278.91887,2278.93151,0.01264,0.00026,-8E-05,-0.00107,0.00153,-0.00107,0.00153,49.19559,0.0018666,3.794E-05,80000.757,79986.59,-0.757,13.41,True,False,False
372.64,INSERTION,THRUST,80000.079,33.1423188,3.1923151,160.38776,0.79166,34.46188,0.00404,2278.91909,2278.93151,0.01241,0.00025,-8E-05,-0.00106,0.0015,-0.00106,0.0015,49.19559,0.0018396,3.739E-05,80000.752,79986.862,-0.752,13.138,True,False,False
372.78,INSERTION,THRUST,80000.081,33.1423188,3.1923151,160.44607,0.79138,34.38063,0.00389,2278.91931,2278.9315,0.01219,0.00025,-8E-05,-0.00105,0.00148,-0.00105,0.00148,49.1956,0.0018121,3.683E-05,80000.747,79987.132,-0.747,12.868,True,False,False
372.94,INSERTION,THRUST,80000.082,33.1423188,3.1923152,160.5128,0.79105,34.32651,0.00373,2278.91957,2278.9315,0.01194,0.00024,-8E-05,-0.00104,0.00144,-0.00104,0.00144,49.1956,0.0017795,3.617E-05,80000.742,79987.44,-0.742,12.56,True,False,False
373.08,INSERTION,THRUST,80000.083,33.1423188,3.1923152,160.57128,0.79076,34.31474,0.0036,2278.91978,2278.9315,0.01172,0.00024,-8E-05,-0.00102,0.00142,-0.00102,0.00142,49.19561,0.0017496,3.556E-05,80000.737,79987.705,-0.737,12.295,True,False,False
373.22,INSERTION,THRUST,80000.083,33.1423188,3.1923152,160.62984,0.79047,34.33351,0.00346,2278.92,2278.9315,0.0115,0.00023,-8E-05,-0.00101,0.00139,-0.00101,0.00139,49.19561,0.0017185,3.493E-05,80000.733,79987.966,-0.733,12.034,True,False,False
373.36,INSERTION,COAST,80000.083,33.1423188,3.1923152,160.68847,0.79018,34.3794,0.00333,2278.9202,2278.9315,0.0113,0.00023,-8E-05,-0.00099,0.00137,-0.00099,0.00137,49.19561,0.0016864,0,80000.729,79988.221,-0.729,11.779,True,False,False
373.52,INSERTION,COAST,80000.082,33.1423188,3.1923152,160.75557,0.78985,34.4592,0.00324,2278.92035,2278.9315,0.01115,0.00023,-7E-05,-0.00097,0.00135,-0.00097,0.00135,49.19561,0.0016619,0,80000.726,79988.404,-0.726,11.596,True,False,False
373.66,INSERTION,COAST,80000.081,33.1423188,3.1923152,160.81436,0.78956,34.546,0.00324,2278.92036,2278.9315,0.01114,0.00023,-7E-05,-0.00097,0.00135,-0.00097,0.00135,49.19561,0.0016589,0,80000.726,79988.41,-0.726,11.59,True,False,False
373.8,INSERTION,COAST,80000.08,33.1423188,3.1923152,160.87322,0.78928,34.64029,0.00323,2278.92036,2278.9315,0.01114,0.00023,-7E-05,-0.00096,0.00135,-0.00096,0.00135,49.19561,0.0016551,0,80000.727,79988.414,-0.727,11.586,True,False,False
373.94,INSERTION,COAST,80000.079,33.1423188,3.1923152,160.93217,0.78899,34.73533,0.00322,2278.92036,2278.9315,0.01115,0.00023,-7E-05,-0.00095,0.00135,-0.00095,0.00135,49.19561,0.0016511,0,80000.727,79988.415,-0.727,11.585,True,False,False
374.1,INSERTION,COAST,80000.079,33.1423188,3.1923152,160.99963,0.78866,34.83348,0.00321,2278.92035,2278.93151,0.01115,0.00023,-7E-05,-0.00094,0.00135,-0.00094,0.00135,49.19561,0.0016465,0,80000.727,79988.412,-0.727,11.588,True,False,False
374.24,INSERTION,COAST,80000.078,33.1423188,3.1923152,161.05874,0.78837,34.89943,0.00319,2278.92035,2278.93151,0.01116,0.00023,-7E-05,-0.00094,0.00135,-0.00094,0.00135,49.19561,0.0016432,0,80000.726,79988.405,-0.726,11.595,True,False,False
374.38,INSERTION,COAST,80000.078,33.1423188,3.1923152,161.11793,0.78808,34.93866,0.00317,2278.92034,2278.93151,0.01117,0.00023,-7E-05,-0.00093,0.00135,-0.00093,0.00135,49.19561,0.0016408,0,80000.725,79988.396,-0.725,11.604,True,False,False
374.52,INSERTION,COAST,80000.078,33.1423188,3.1923152,161.1772,0.78779,34.94815,0.00314,2278.92033,2278.93151,0.01118,0.00023,-7E-05,-0.00093,0.00135,-0.00093,0.00135,49.19561,0.0016399,0,80000.725,79988.385,-0.725,11.615,True,False,False
374.68,INSERTION,COAST,80000.079,33.1423188,3.1923152,161.24504,0.78746,34.92435,0.00312,2278.92031,2278.93151,0.01119,0.00023,-8E-05,-0.00093,0.00135,-0.00093,0.00135,49.19561,0.0016406,0,80000.724,79988.373,-0.724,11.627,True,False,False
374.82,INSERTION,COAST,80000.08,33.1423188,3.1923152,161.30448,0.78717,34.87905,0.0031,2278.9203,2278.93151,0.0112,0.00023,-8E-05,-0.00093,0.00135,-0.00093,0.00135,49.19561,0.0016427,0,80000.723,79988.364,-0.723,11.636,True,False,False
374.96,INSERTION,COAST,80000.081,33.1423188,3.1923152,161.364,0.78687,34.81931,0.00308,2278.9203,2278.9315,0.01121,0.00023,-8E-05,-0.00093,0.00136,-0.00093,0.00136,49.19561,0.0016458,0,80000.723,79988.358,-0.723,11.642,True,False,False
375.1,INSERTION,COAST,80000.083,33.1423188,3.1923152,161.4236,0.78658,34.75516,0.00307,2278.92029,2278.9315,0.01121,0.00023,-8E-05,-0.00094,0.00136,-0.00094,0.00136,49.19561,0.0016496,0,80000.723,79988.356,-0.723,11.644,True,False,False
375.26,INSERTION,COAST,80000.084,33.1423188,3.1923152,161.49181,0.78625,34.68782,0.00306,2278.92029,2278.9315,0.0112,0.00023,-8E-05,-0.00095,0.00135,-0.00095,0.00135,49.19561,0.0016542,0,80000.723,79988.358,-0.723,11.642,True,False,False
375.4,INSERTION,COAST,80000.085,33.1423188,3.1923152,161.55158,0.78596,34.63998,0.00305,2278.9203,2278.9315,0.0112,0.00023,-8E-05,-0.00096,0.00135,-0.00096,0.00135,49.19561,0.0016578,0,80000.723,79988.361,-0.723,11.639,True,False,False
375.54,INSERTION,COAST,80000.086,33.1423188,3.1923152,161.61144,0.78567,34.60672,0.00305,2278.9203,2278.93149,0.0112,0.00023,-8E-05,-0.00096,0.00135,-0.00096,0.00135,49.19561,0.0016609,0,80000.724,79988.366,-0.724,11.634,True,False,False
375.68,INSERTION,COAST,80000.087,33.1423188,3.1923152,161.67137,0.78538,34.59072,0.00305,2278.9203,2278.93149,0.01119,0.00023,-8E-05,-0.00097,0.00135,-0.00097,0.00135,49.19561,0.0016632,0,80000.724,79988.372,-0.724,11.628,True,False,False
375.84,INSERTION,COAST,80000.087,33.1423188,3.1923152,161.73996,0.78505,34.59594,0.00305,2278.92031,2278.93149,0.01118,0.00023,-7E-05,-0.00097,0.00135,-0.00097,0.00135,49.19561,0.0016648,0,80000.724,79988.38,-0.724,11.62,True,False,False
375.98,INSERTION,COAST,80000.087,33.1423188,3.1923152,161.80006,0.78475,34.62085,0.00305,2278.92031,2278.93149,0.01118,0.00023,-7E-05,-0.00097,0.00135,-0.00097,0.00135,49.19561,0.0016651,0,80000.725,79988.387,-0.725,11.613,True,False,False
376.12,INSERTION,COAST,80000.087,33.1423188,3.1923152,161.86025,0.78446,34.6619,0.00305,2278.92032,2278.93149,0.01118,0.00023,-7E-05,-0.00097,0.00135,-0.00097,0.00135,49.19561,0.0016644,0,80000.725,79988.393,-0.725,11.607,True,False,False
376.26,INSERTION,COAST,80000.087,33.1423188,3.1923152,161.92051,0.78417,34.7159,0.00304,2278.92032,2278.93149,0.01117,0.00023,-7E-05,-0.00097,0.00135,-0.00097,0.00135,49.19561,0.0016629,0,80000.726,79988.399,-0.726,11.601,True,False,False
376.42,INSERTION,COAST,80000.086,33.1423188,3.1923152,161.98949,0.78384,34.78882,0.00304,2278.92032,2278.93149,0.01117,0.00023,-7E-05,-0.00097,0.00135,-0.00097,0.00135,49.19561,0.0016605,0,80000.726,79988.403,-0.726,11.597,True,False,False
376.56,INSERTION,COAST,80000.086,33.1423188,3.1923152,162.04992,0.78354,34.85745,0.00303,2278.92032,2278.93149,0.01117,0.00023,-7E-05,-0.00096,0.00135,-0.00096,0.00135,49.19561,0.0016578,0,80000.726,79988.405,-0.726,11.595,True,False,False
376.7,INSERTION,COAST,80000.085,33.1423188,3.1923152,162.11044,0.78325,34.92499,0.00302,2278.92032,2278.93149,0.01117,0.00023,-7E-05,-0.00096,0.00135,-0.00096,0.00135,49.19561,0.001655,0,80000.726,79988.405,-0.726,11.595,True,False,False
376.84,INSERTION,COAST,80000.085,33.1423188,3.1923152,162.17104,0.78296,34.98423,0.00301,2278.92032,2278.9315,0.01118,0.00023,-7E-05,-0.00095,0.00135,-0.00095,0.00135,49.19561,0.0016523,0,80000.726,79988.403,-0.726,11.597,True,False,False
377,INSERTION,COAST,80000.085,33.1423188,3.1923152,162.2404,0.78262,35.03357,0.00299,2278.92031,2278.9315,0.01119,0.00023,-7E-05,-0.00095,0.00135,-0.00095,0.00135,49.19561,0.0016499,0,80000.725,79988.397,-0.725,11.603,True,False,False
377.14,INSERTION,COAST,80000.085,33.1423188,3.1923152,162.30117,0.78233,35.05636,0.00297,2278.9203,2278.9315,0.01119,0.00023,-8E-05,-0.00094,0.00135,-0.00094,0.00135,49.19561,0.0016486,0,80000.725,79988.39,-0.725,11.61,True,False,False
377.28,INSERTION,COAST,80000.085,33.1423188,3.1923152,162.36203,0.78204,35.05821,0.00295,2278.92029,2278.9315,0.0112,0.00023,-8E-05,-0.00094,0.00135,-0.00094,0.00135,49.19561,0.0016483,0,80000.725,79988.382,-0.725,11.618,True,False,False
377.42,INSERTION,COAST,80000.086,33.1423188,3.1923152,162.42297,0.78174,35.04086,0.00293,2278.92029,2278.9315,0.01121,0.00023,-8E-05,-0.00094,0.00135,-0.00094,0.00135,49.19561,0.001649,0,80000.724,79988.374,-0.724,11.626,True,False,False
377.58,INSERTION,COAST,80000.087,33.1423188,3.1923152,162.49271,0.78141,35.00302,0.00291,2278.92028,2278.93149,0.01121,0.00023,-8E-05,-0.00094,0.00136,-0.00094,0.00136,49.19561,0.001651,0,80000.724,79988.368,-0.724,11.632,True,False,False
377.72,INSERTION,COAST,80000.088,33.1423188,3.1923152,162.55382,0.78112,34.96095,0.0029,2278.92027,2278.93149,0.01122,0.00023,-8E-05,-0.00095,0.00136,-0.00095,0.00136,49.19561,0.0016534,0,80000.723,79988.365,-0.723,11.635,True,False,False
377.86,INSERTION,COAST,80000.089,33.1423188,3.1923152,162.61501,0.78082,34.91807,0.00289,2278.92027,2278.93149,0.01122,0.00023,-8E-05,-0.00095,0.00136,-0.00095,0.00136,49.19561,0.0016562,0,80000.723,79988.364,-0.723,11.636,True,False,False
378,INSERTION,COAST,80000.09,33.1423188,3.1923152,162.67629,0.78053,34.87963,0.00288,2278.92027,2278.93149,0.01122,0.00023,-8E-05,-0.00096,0.00136,-0.00096,0.00136,49.19561,0.001659,0,80000.724,79988.365,-0.724,11.635,True,False,False
378.16,INSERTION,COAST,80000.091,33.1423188,3.1923152,162.74642,0.78019,34.84586,0.00287,2278.92027,2278.93149,0.01121,0.00023,-8E-05,-0.00096,0.00136,-0.00096,0.00136,49.19561,0.0016619,0,80000.724,79988.369,-0.724,11.631,True,False,False
378.3,INSERTION,COAST,80000.091,33.1423188,3.1923152,162.80787,0.7799,34.82812,0.00287,2278.92028,2278.93149,0.01121,0.00023,-8E-05,-0.00097,0.00135,-0.00097,0.00135,49.19561,0.0016639,0,80000.724,79988.372,-0.724,11.628,True,False,False
378.44,INSERTION,COAST,80000.092,33.1423188,3.1923152,162.86941,0.7796,34.82279,0.00287,2278.92028,2278.93148,0.01121,0.00023,-8E-05,-0.00097,0.00135,-0.00097,0.00135,49.19561,0.0016654,0,80000.724,79988.377,-0.724,11.623,True,False,False
378.58,INSERTION,COAST,80000.092,33.1423188,3.1923152,162.93103,0.77931,34.83034,0.00286,2278.92028,2278.93148,0.0112,0.00023,-8E-05,-0.00097,0.00135,-0.00097,0.00135,49.19561,0.0016662,0,80000.724,79988.382,-0.724,11.618,True,False,False
378.74,INSERTION,COAST,80000.092,33.1423188,3.1923152,163.00155,0.77897,34.85463,0.00286,2278.92029,2278.93148,0.0112,0.00023,-8E-05,-0.00097,0.00135,-0.00097,0.00135,49.19561,0.0016664,0,80000.725,79988.387,-0.725,11.613,True,False,False
378.88,INSERTION,COAST,80000.092,33.1423188,3.1923152,163.06334,0.77867,34.88802,0.00285,2278.92029,2278.93148,0.0112,0.00023,-8E-05,-0.00097,0.00135,-0.00097,0.00135,49.19561,0.0016657,0,80000.725,79988.391,-0.725,11.609,True,False,False
379.02,INSERTION,COAST,80000.092,33.1423188,3.1923152,163.12522,0.77838,34.92962,0.00285,2278.92029,2278.93148,0.01119,0.00023,-8E-05,-0.00097,0.00135,-0.00097,0.00135,49.19561,0.0016646,0,80000.725,79988.395,-0.725,11.605,True,False,False
379.16,INSERTION,COAST,80000.092,33.1423188,3.1923152,163.18718,0.77808,34.97651,0.00284,2278.92029,2278.93148,0.01119,0.00023,-8E-05,-0.00097,0.00135,-0.00097,0.00135,49.19561,0.001663,0,80000.725,79988.397,-0.725,11.603,True,False,False
379.32,INSERTION,COAST,80000.091,33.1423188,3.1923152,163.2581,0.77775,35.03247,0.00283,2278.92029,2278.93148,0.0112,0.00023,-8E-05,-0.00096,0.00135,-0.00096,0.00135,49.19561,0.0016609,0,80000.725,79988.398,-0.725,11.602,True,False,False
379.46,INSERTION,COAST,80000.091,33.1423188,3.1923152,163.32024,0.77745,35.07946,0.00282,2278.92029,2278.93149,0.0112,0.00023,-8E-05,-0.00096,0.00135,-0.00096,0.00135,49.19561,0.001659,0,80000.725,79988.398,-0.725,11.602,True,False,False
379.6,INSERTION,COAST,80000.091,33.1423188,3.1923152,163.38246,0.77715,35.11907,0.00281,2278.92028,2278.93149,0.0112,0.00023,-8E-05,-0.00096,0.00135,-0.00096,0.00135,49.19561,0.0016573,0,80000.725,79988.395,-0.725,11.605,True,False,False
379.74,INSERTION,COAST,80000.091,33.1423188,3.1923152,163.44477,0.77686,35.14724,0.00279,2278.92028,2278.93149,0.01121,0.00023,-8E-05,-0.00095,0.00135,-0.00095,0.00135,49.19561,0.0016559,0,80000.725,79988.391,-0.725,11.609,True,False,False
379.9,INSERTION,COAST,80000.091,33.1423188,3.1923152,163.51608,0.77652,35.16254,0.00278,2278.92027,2278.93149,0.01121,0.00023,-8E-05,-0.00095,0.00135,-0.00095,0.00135,49.19561,0.0016552,0,80000.725,79988.386,-0.725,11.614,True,False,False
380.04,INSERTION,COAST,80000.091,33.1423188,3.1923152,163.57856,0.77622,35.1609,0.00276,2278.92027,2278.93149,0.01122,0.00023,-8E-05,-0.00095,0.00136,-0.00095,0.00136,49.19561,0.0016552,0,80000.724,79988.38,-0.724,11.62,True,False,False
380.18,INSERTION,COAST,80000.092,33.1423188,3.1923152,163.64113,0.77593,35.14675,0.00274,2278.92026,2278.93148,0.01122,0.00023,-8E-05,-0.00095,0.00136,-0.00095,0.00136,49.19561,0.001656,0,80000.724,79988.375,-0.724,11.625,True,False,False
380.32,INSERTION,COAST,80000.093,33.1423188,3.1923152,163.70379,0.77563,35.12345,0.00273,2278.92026,2278.93148,0.01123,0.00023,-8E-05,-0.00095,0.00136,-0.00095,0.00136,49.19561,0.0016573,0,80000.724,79988.372,-0.724,11.628,True,False,False
380.48,INSERTION,COAST,80000.094,33.1423188,3.1923152,163.77549,0.77529,35.09132,0.00272,2278.92025,2278.93148,0.01123,0.00023,-8E-05,-0.00096,0.00136,-0.00096,0.00136,49.19561,0.0016594,0,80000.724,79988.37,-0.724,11.63,True,False,False
380.62,INSERTION,COAST,80000.094,33.1423188,3.1923152,163.83833,0.77499,35.06346,0.00271,2278.92025,2278.93148,0.01123,0.00023,-8E-05,-0.00096,0.00136,-0.00096,0.00136,49.19561,0.0016614,0,80000.724,79988.37,-0.724,11.63,True,False,False
380.76,INSERTION,COAST,80000.095,33.1423188,3.1923152,163.90125,0.77469,35.03943,0.0027,2278.92025,2278.93148,0.01123,0.00023,-8E-05,-0.00096,0.00136,-0.00096,0.00136,49.19561,0.0016633,0,80000.724,79988.371,-0.724,11.629,True,False,False
380.9,INSERTION,COAST,80000.096,33.1423188,3.1923152,163.96425,0.7744,35.02152,0.00269,2278.92025,2278.93148,0.01123,0.00023,-8E-05,-0.00097,0.00136,-0.00097,0.00136,49.19561,0.0016651,0,80000.724,79988.373,-0.724,11.627,True,False,False
381.06,INSERTION,COAST,80000.096,33.1423188,3.1923152,164.03636,0.77406,35.01091,0.00268,2278.92025,2278.93148,0.01122,0.00023,-8E-05,-0.00097,0.00136,-0.00097,0.00136,49.19561,0.0016666,0,80000.724,79988.376,-0.724,11.624,True,False,False
381.2,INSERTION,COAST,80000.097,33.1423188,3.1923152,164.09954,0.77376,35.01132,0.00268,2278.92026,2278.93148,0.01122,0.00023,-8E-05,-0.00097,0.00136,-0.00097,0.00136,49.19561,0.0016675,0,80000.724,79988.38,-0.724,11.62,True,False,False
381.34,INSERTION,COAST,80000.097,33.1423188,3.1923152,164.16281,0.77346,35.02063,0.00267,2278.92026,2278.93148,0.01122,0.00023,-8E-05,-0.00097,0.00136,-0.00097,0.00136,49.19561,0.001668,0,80000.725,79988.383,-0.725,11.617,True,False,False
381.48,INSERTION,COAST,80000.097,33.1423188,3.1923152,164.22617,0.77316,35.03823,0.00267,2278.92026,2278.93148,0.01122,0.00023,-8E-05,-0.00097,0.00135,-0.00097,0.00135,49.19561,0.001668,0,80000.725,79988.386,-0.725,11.614,True,False,False
381.64,INSERTION,COAST,80000.097,33.1423188,3.1923152,164.29868,0.77282,35.06724,0.00266,2278.92026,2278.93148,0.01122,0.00023,-8E-05,-0.00097,0.00135,-0.00097,0.00135,49.19561,0.0016675,0,80000.725,79988.389,-0.725,11.611,True,False,False
381.78,INSERTION,COAST,80000.097,33.1423188,3.1923152,164.36222,0.77252,35.09856,0.00265,2278.92026,2278.93148,0.01121,0.00023,-8E-05,-0.00097,0.00135,-0.00097,0.00135,49.19561,0.0016666,0,80000.725,79988.392,-0.725,11.608,True,False,False
381.92,INSERTION,COAST,80000.097,33.1423188,3.1923152,164.42584,0.77222,35.13287,0.00265,2278.92026,2278.93148,0.01121,0.00023,-8E-05,-0.00097,0.00135,-0.00097,0.00135,49.19561,0.0016655,0,80000.725,79988.393,-0.725,11.607,True,False,False
382.06,INSERTION,COAST,80000.097,33.1423188,3.1923152,164.48955,0.77192,35.16798,0.00264,2278.92026,2278.93148,0.01122,0.00023,-8E-05,-0.00097,0.00135,-0.00097,0.00135,49.19561,0.0016642,0,80000.725,79988.394,-0.725,11.606,True,False,False
382.22,INSERTION,COAST,80000.097,33.1423188,3.1923152,164.56247,0.77158,35.20518,0.00263,2278.92026,2278.93148,0.01122,0.00023,-8E-05,-0.00096,0.00135,-0.00096,0.00135,49.19561,0.0016627,0,80000.725,79988.393,-0.725,11.607,True,False,False
382.36,INSERTION,COAST,80000.097,33.1423188,3.1923152,164.62636,0.77128,35.23147,0.00261,2278.92025,2278.93148,0.01122,0.00023,-8E-05,-0.00096,0.00136,-0.00096,0.00136,49.19561,0.0016616,0,80000.725,79988.391,-0.725,11.609,True,False,False
382.5,INSERTION,COAST,80000.097,33.1423188,3.1923152,164.69034,0.77098,35.24906,0.0026,2278.92025,2278.93148,0.01123,0.00023,-8E-05,-0.00096,0.00136,-0.00096,0.00136,49.19561,0.0016608,0,80000.725,79988.388,-0.725,11.612,True,False,False
382.64,INSERTION,COAST,80000.097,33.1423188,3.1923152,164.75441,0.77068,35.25674,0.00258,2278.92025,2278.93148,0.01123,0.00023,-8E-05,-0.00096,0.00136,-0.00096,0.00136,49.19561,0.0016605,0,80000.725,79988.384,-0.725,11.616,True,False,False
382.8,INSERTION,COAST,80000.097,33.1423188,3.1923152,164.82773,0.77034,35.25367,0.00257,2278.92024,2278.93148,0.01123,0.00023,-8E-05,-0.00096,0.00136,-0.00096,0.00136,49.19561,0.0016607,0,80000.724,79988.38,-0.724,11.62,True,False,False
382.94,INSERTION,COAST,80000.098,33.1423188,3.1923152,164.89198,0.77004,35.24231,0.00255,2278.92024,2278.93147,0.01124,0.00023,-8E-05,-0.00096,0.00136,-0.00096,0.00136,49.19561,0.0016614,0,80000.724,79988.376,-0.724,11.624,True,False,False
383.08,INSERTION,COAST,80000.099,33.1423188,3.1923152,164.95632,0.76974,35.22553,0.00254,2278.92023,2278.93147,0.01124,0.00023,-8E-05,-0.00096,0.00136,-0.00096,0.00136,49.19561,0.0016625,0,80000.724,79988.374,-0.724,11.626,True,False,False
383.22,INSERTION,COAST,80000.099,33.1423188,3.1923152,165.02074,0.76944,35.20679,0.00253,2278.92023,2278.93147,0.01124,0.00023,-8E-05,-0.00096,0.00136,-0.00096,0.00136,49.19561,0.0016639,0,80000.724,79988.373,-0.724,11.627,True,False,False
383.38,INSERTION,COAST,80000.1,33.1423188,3.1923152,165.09448,0.76909,35.18646,0.00252,2278.92023,2278.93147,0.01124,0.00023,-8E-05,-0.00097,0.00136,-0.00097,0.00136,49.19561,0.0016655,0,80000.724,79988.374,-0.724,11.626,True,False,False
383.52,INSERTION,COAST,80000.1,33.1423188,3.1923152,165.15909,0.76879,35.17198,0.00251,2278.92023,2278.93147,0.01124,0.00023,-8E-05,-0.00097,0.00136,-0.00097,0.00136,49.19561,0.0016668,0,80000.724,79988.375,-0.724,11.625,True,False,False
383.66,INSERTION,COAST,80000.101,33.1423188,3.1923152,165.22378,0.76849,35.16209,0.0025,2278.92023,2278.93147,0.01124,0.00023,-8E-05,-0.00097,0.00136,-0.00097,0.00136,49.19561,0.0016679,0,80000.724,79988.376,-0.724,11.624,True,False,False
383.8,INSERTION,COAST,80000.101,33.1423188,3.1923152,165.28857,0.76819,35.15779,0.0025,2278.92023,2278.93147,0.01124,0.00023,-8E-05,-0.00097,0.00136,-0.00097,0.00136,49.19561,0.0016688,0,80000.724,79988.378,-0.724,11.622,True,False,False
383.96,INSERTION,COAST,80000.102,33.1423188,3.1923152,165.36272,0.76785,35.16058,0.00249,2278.92023,2278.93147,0.01124,0.00023,-8E-05,-0.00097,0.00136,-0.00097,0.00136,49.19561,0.0016695,0,80000.724,79988.381,-0.724,11.619,True,False,False
384.1,INSERTION,COAST,80000.102,33.1423188,3.1923152,165.42769,0.76755,35.16978,0.00248,2278.92023,2278.93147,0.01123,0.00023,-8E-05,-0.00097,0.00136,-0.00097,0.00136,49.19561,0.0016697,0,80000.725,79988.383,-0.725,11.617,True,False,False
384.24,INSERTION,COAST,80000.102,33.1423188,3.1923152,165.49275,0.76724,35.18444,0.00248,2278.92023,2278.93147,0.01123,0.00023,-8E-05,-0.00097,0.00136,-0.00097,0.00136,49.19561,0.0016697,0,80000.725,79988.386,-0.725,11.614,True,False,False
384.38,INSERTION,COAST,80000.102,33.1423188,3.1923152,165.5579,0.76694,35.20364,0.00247,2278.92023,2278.93147,0.01123,0.00023,-8E-05,-0.00097,0.00136,-0.00097,0.00136,49.19561,0.0016693,0,80000.725,79988.387,-0.725,11.613,True,False,False
384.54,INSERTION,COAST,80000.102,33.1423188,3.1923152,165.63246,0.7666,35.22961,0.00246,2278.92023,2278.93147,0.01123,0.00023,-8E-05,-0.00097,0.00136,-0.00097,0.00136,49.19561,0.0016686,0,80000.725,79988.389,-0.725,11.611,True,False,False
384.68,INSERTION,COAST,80000.102,33.1423188,3.1923152,165.69779,0.76629,35.25423,0.00245,2278.92023,2278.93147,0.01123,0.00023,-8E-05,-0.00097,0.00136,-0.00097,0.00136,49.19561,0.0016678,0,80000.725,79988.39,-0.725,11.61,True,False,False
384.82,INSERTION,COAST,80000.102,33.1423188,3.1923152,165.76322,0.76599,35.27857,0.00244,2278.92023,2278.93147,0.01123,0.00023,-8E-05,-0.00097,0.00136,-0.00097,0.00136,49.19561,0.0016669,0,80000.725,79988.39,-0.725,11.61,True,False,False
384.96,INSERTION,COAST,80000.102,33.1423188,3.1923152,165.82873,0.76569,35.30059,0.00243,2278.92023,2278.93147,0.01124,0.00023,-8E-05,-0.00097,0.00136,-0.00097,0.00136,49.19561,0.0016661,0,80000.725,79988.389,-0.725,11.611,True,False,False
385.12,INSERTION,COAST,80000.102,33.1423188,3.1923152,165.90371,0.76534,35.32006,0.00242,2278.92023,2278.93147,0.01124,0.00023,-8E-05,-0.00097,0.00136,-0.00097,0.00136,49.19561,0.0016653,0,80000.725,79988.387,-0.725,11.613,True,False,False
385.26,INSERTION,COAST,80000.102,33.1423188,3.1923152,165.96941,0.76504,35.33052,0.00241,2278.92023,2278.93147,0.01124,0.00023,-8E-05,-0.00096,0.00136,-0.00096,0.00136,49.19561,0.0016649,0,80000.725,79988.385,-0.725,11.615,True,False,False
385.4,INSERTION,COAST,80000.103,33.1423188,3.1923152,166.0352,0.76474,35.33413,0.00239,2278.92022,2278.93147,0.01124,0.00023,-8E-05,-0.00096,0.00136,-0.00096,0.00136,49.19561,0.0016648,0,80000.725,79988.382,-0.725,11.618,True,False,False
385.54,INSERTION,COAST,80000.103,33.1423188,3.1923152,166.10108,0.76443,35.33133,0.00238,2278.92022,2278.93147,0.01125,0.00023,-8E-05,-0.00096,0.00136,-0.00096,0.00136,49.19561,0.001665,0,80000.724,79988.38,-0.724,11.62,True,False,False
385.7,INSERTION,COAST,80000.104,33.1423188,3.1923152,166.17648,0.76409,35.32185,0.00237,2278.92022,2278.93147,0.01125,0.00023,-8E-05,-0.00096,0.00136,-0.00096,0.00136,49.19561,0.0016657,0,80000.724,79988.378,-0.724,11.622,True,False,False
385.84,INSERTION,COAST,80000.104,33.1423188,3.1923152,166.24256,0.76378,35.31015,0.00235,2278.92021,2278.93146,0.01125,0.00023,-8E-05,-0.00097,0.00136,-0.00097,0.00136,49.19561,0.0016665,0,80000.724,79988.376,-0.724,11.624,True,False,False
385.98,INSERTION,COAST,80000.105,33.1423188,3.1923152,166.30872,0.76348,35.2976,0.00234,2278.92021,2278.93146,0.01125,0.00023,-8E-05,-0.00097,0.00136,-0.00097,0.00136,49.19561,0.0016675,0,80000.724,79988.376,-0.724,11.624,True,False,False
386.12,INSERTION,COAST,80000.105,33.1423188,3.1923152,166.37497,0.76318,35.28605,0.00234,2278.92021,2278.93146,0.01125,0.00023,-8E-05,-0.00097,0.00136,-0.00097,0.00136,49.19561,0.0016685,0,80000.724,79988.376,-0.724,11.624,True,False,False
386.28,INSERTION,COAST,80000.106,33.1423188,3.1923152,166.45079,0.76283,35.27597,0.00233,2278.92021,2278.93146,0.01125,0.00023,-8E-05,-0.00097,0.00136,-0.00097,0.00136,49.19561,0.0016695,0,80000.724,79988.377,-0.724,11.623,True,False,False
386.42,INSERTION,COAST,80000.106,33.1423188,3.1923152,166.51723,0.76252,35.27091,0.00232,2278.92021,2278.93146,0.01125,0.00023,-8E-05,-0.00097,0.00136,-0.00097,0.00136,49.19561,0.0016703,0,80000.724,79988.378,-0.724,11.622,True,False,False
386.56,INSERTION,COAST,80000.106,33.1423188,3.1923152,166.58376,0.76222,35.26984,0.00231,2278.92021,2278.93146,0.01125,0.00023,-8E-05,-0.00097,0.00136,-0.00097,0.00136,49.19561,0.0016708,0,80000.724,79988.38,-0.724,11.62,True,False,False
386.7,INSERTION,COAST,80000.107,33.1423188,3.1923152,166.65039,0.76191,35.27299,0.0023,2278.92021,2278.93146,0.01125,0.00023,-8E-05,-0.00097,0.00136,-0.00097,0.00136,49.19561,0.0016712,0,80000.724,79988.381,-0.724,11.619,True,False,False
386.86,INSERTION,COAST,80000.107,33.1423188,3.1923152,166.72664,0.76157,35.2818,0.00229,2278.92021,2278.93146,0.01125,0.00023,-8E-05,-0.00098,0.00136,-0.00098,0.00136,49.19561,0.0016713,0,80000.725,79988.383,-0.725,11.617,True,False,False
387,INSERTION,COAST,80000.107,33.1423188,3.1923152,166.79345,0.76126,35.29356,0.00229,2278.92021,2278.93146,0.01125,0.00023,-8E-05,-0.00097,0.00136,-0.00097,0.00136,49.19561,0.0016712,0,80000.725,79988.385,-0.725,11.615,True,False,False
387.14,INSERTION,COAST,80000.107,33.1423188,3.1923152,166.86036,0.76096,35.30815,0.00228,2278.92021,2278.93146,0.01125,0.00023,-8E-05,-0.00097,0.00136,-0.00097,0.00136,49.19561,0.0016709,0,80000.725,79988.386,-0.725,11.614,True,False,False
387.28,INSERTION,COAST,80000.107,33.1423188,3.1923152,166.92735,0.76065,35.32463,0.00227,2278.92021,2278.93146,0.01125,0.00023,-8E-05,-0.00097,0.00136,-0.00097,0.00136,49.19561,0.0016704,0,80000.725,79988.387,-0.725,11.613,True,False,False
387.44,INSERTION,COAST,80000.107,33.1423188,3.1923152,167.00403,0.7603,35.34438,0.00226,2278.92021,2278.93146,0.01125,0.00023,-8E-05,-0.00097,0.00136,-0.00097,0.00136,49.19561,0.0016698,0,80000.725,79988.387,-0.725,11.613,True,False,False
387.58,INSERTION,COAST,80000.107,33.1423188,3.1923152,167.07122,0.75999,35.36085,0.00225,2278.92021,2278.93146,0.01125,0.00023,-8E-05,-0.00097,0.00136,-0.00097,0.00136,49.19561,0.0016692,0,80000.725,79988.387,-0.725,11.613,True,False,False
387.72,INSERTION,COAST,80000.108,33.1423188,3.1923152,167.13851,0.75969,35.37504,0.00224,2278.92021,2278.93146,0.01125,0.00023,-8E-05,-0.00097,0.00136,-0.00097,0.00136,49.19561,0.0016687,0,80000.725,79988.386,-0.725,11.614,True,False,False
387.86,INSERTION,COAST,80000.108,33.1423188,3.1923152,167.20588,0.75938,35.38556,0.00223,2278.92021,2278.93146,0.01125,0.00023,-8E-05,-0.00097,0.00136,-0.00097,0.00136,49.19561,0.0016682,0,80000.725,79988.385,-0.725,11.615,True,False,False
388.02,INSERTION,COAST,80000.108,33.1423188,3.1923152,167.28299,0.75903,35.39217,0.00221,2278.9202,2278.93146,0.01126,0.00023,-8E-05,-0.00097,0.00136,-0.00097,0.00136,49.19561,0.001668,0,80000.725,79988.383,-0.725,11.617,True,False,False
388.16,INSERTION,COAST,80000.108,33.1423188,3.1923152,167.35056,0.75873,35.39299,0.0022,2278.9202,2278.93146,0.01126,0.00023,-8E-05,-0.00097,0.00136,-0.00097,0.00136,49.19561,0.001668,0,80000.724,79988.381,-0.724,11.619,True,False,False
388.3,INSERTION,COAST,80000.109,33.1423188,3.1923152,167.41822,0.75842,35.38971,0.00219,2278.9202,2278.93146,0.01126,0.00023,-8E-05,-0.00097,0.00136,-0.00097,0.00136,49.19561,0.0016683,0,80000.724,79988.38,-0.724,11.62,True,False,False
388.44,INSERTION,COAST,80000.109,33.1423188,3.1923152,167.48597,0.75811,35.38332,0.00218,2278.9202,2278.93146,0.01126,0.00023,-8E-05,-0.00097,0.00136,-0.00097,0.00136,49.19561,0.0016687,0,80000.724,79988.378,-0.724,11.622,True,False,False
388.6,INSERTION,COAST,80000.109,33.1423188,3.1923152,167.56351,0.75776,35.37435,0.00217,2278.92019,2278.93146,0.01126,0.00023,-8E-05,-0.00097,0.00136,-0.00097,0.00136,49.19561,0.0016694,0,80000.724,79988.378,-0.724,11.622,True,False,False
388.74,INSERTION,COAST,80000.11,33.1423188,3.1923152,167.63146,0.75745,35.36613,0.00216,2278.92019,2278.93145,0.01126,0.00023,-8E-05,-0.00097,0.00136,-0.00097,0.00136,49.19561,0.0016701,0,80000.724,79988.378,-0.724,11.622,True,False,False
388.88,INSERTION,COAST,80000.11,33.1423188,3.1923152,167.69951,0.75715,35.35888,0.00215,2278.92019,2278.93145,0.01126,0.00023,-8E-05,-0.00097,0.00136,-0.00097,0.00136,49.19561,0.0016708,0,80000.724,79988.378,-0.724,11.622,True,False,False
389.02,INSERTION,COAST,80000.111,33.1423188,3.1923152,167.76764,0.75684,35.35353,0.00214,2278.92019,2278.93145,0.01126,0.00023,-8E-05,-0.00097,0.00136,-0.00097,0.00136,49.19561,0.0016714,0,80000.724,79988.379,-0.724,11.621,True,False,False
389.18,INSERTION,COAST,80000.111,33.1423188,3.1923152,167.84562,0.75649,35.35054,0.00213,2278.92019,2278.93145,0.01126,0.00023,-8E-05,-0.00097,0.00136,-0.00097,0.00136,49.19561,0.0016719,0,80000.724,79988.38,-0.724,11.62,True,False,False
389.32,INSERTION,COAST,80000.111,33.1423188,3.1923152,167.91395,0.75618,35.35099,0.00212,2278.92019,2278.93145,0.01126,0.00023,-8E-05,-0.00098,0.00136,-0.00098,0.00136,49.19561,0.0016722,0,80000.724,79988.381,-0.724,11.619,True,False,False
389.46,INSERTION,COAST,80000.112,33.1423188,3.1923152,167.98238,0.75587,35.35431,0.00211,2278.92019,2278.93145,0.01126,0.00023,-8E-05,-0.00098,0.00136,-0.00098,0.00136,49.19561,0.0016724,0,80000.724,79988.382,-0.724,11.618,True,False,False
389.6,INSERTION,COAST,80000.112,33.1423188,3.1923152,168.0509,0.75556,35.36031,0.0021,2278.92019,2278.93145,0.01126,0.00023,-8E-05,-0.00098,0.00136,-0.00098,0.00136,49.19561,0.0016724,0,80000.725,79988.383,-0.725,11.617,True,False,False
389.76,INSERTION,COAST,80000.112,33.1423188,3.1923152,168.12932,0.75521,35.37003,0.00209,2278.92019,2278.93145,0.01126,0.00023,-8E-05,-0.00098,0.00136,-0.00098,0.00136,49.19561,0.0016723,0,80000.725,79988.384,-0.725,11.616,True,False,False
389.9,INSERTION,COAST,80000.112,33.1423188,3.1923152,168.19803,0.7549,35.38049,0.00209,2278.92019,2278.93145,0.01126,0.00023,-8E-05,-0.00098,0.00136,-0.00098,0.00136,49.19561,0.0016721,0,80000.725,79988.385,-0.725,11.615,True,False,False
390.04,INSERTION,COAST,80000.112,33.1423188,3.1923152,168.26685,0.75459,35.3919,0.00208,2278.92019,2278.93145,0.01126,0.00023,-8E-05,-0.00097,0.00136,-0.00097,0.00136,49.19561,0.0016717,0,80000.725,79988.385,-0.725,11.615,True,False,False
390.18,INSERTION,COAST,80000.112,33.1423188,3.1923152,168.33575,0.75429,35.40336,0.00207,2278.92019,2278.93145,0.01126,0.00023,-8E-05,-0.00097,0.00136,-0.00097,0.00136,49.19561,0.0016713,0,80000.725,79988.385,-0.725,11.615,True,False,False
390.34,INSERTION,COAST,80000.113,33.1423188,3.1923152,168.41461,0.75393,35.41531,0.00205,2278.92019,2278.93145,0.01126,0.00023,-8E-05,-0.00097,0.00136,-0.00097,0.00136,49.19561,0.0016709,0,80000.725,79988.385,-0.725,11.615,True,False,False
390.48,INSERTION,COAST,80000.113,33.1423188,3.1923152,168.48372,0.75362,35.42371,0.00204,2278.92019,2278.93145,0.01126,0.00023,-8E-05,-0.00097,0.00136,-0.00097,0.00136,49.19561,0.0016706,0,80000.725,79988.384,-0.725,11.616,True,False,False
390.62,INSERTION,COAST,80000.113,33.1423188,3.1923152,168.55292,0.75331,35.42933,0.00203,2278.92018,2278.93145,0.01127,0.00023,-8E-05,-0.00097,0.00136,-0.00097,0.00136,49.19561,0.0016703,0,80000.725,79988.383,-0.725,11.617,True,False,False
390.76,INSERTION,COAST,80000.113,33.1423188,3.1923152,168.62221,0.753,35.43187,0.00202,2278.92018,2278.93145,0.01127,0.00023,-8E-05,-0.00097,0.00136,-0.00097,0.00136,49.19561,0.0016702,0,80000.724,79988.382,-0.724,11.618,True,False,False
390.92,INSERTION,COAST,80000.113,33.1423188,3.1923152,168.70152,0.75265,35.43106,0.00201,2278.92018,2278.93145,0.01127,0.00023,-8E-05,-0.00097,0.00136,-0.00097,0.00136,49.19561,0.0016703,0,80000.724,79988.381,-0.724,11.619,True,False,False
391.06,INSERTION,COAST,80000.114,33.1423188,3.1923152,168.77102,0.75234,35.42758,0.002,2278.92018,2278.93145,0.01127,0.00023,-8E-05,-0.00097,0.00136,-0.00097,0.00136,49.19561,0.0016706,0,80000.724,79988.38,-0.724,11.62,True,False,False
391.2,INSERTION,COAST,80000.114,33.1423188,3.1923152,168.84061,0.75203,35.42241,0.00199,2278.92018,2278.93145,0.01127,0.00023,-8E-05,-0.00097,0.00136,-0.00097,0.00136,49.19561,0.0016709,0,80000.724,79988.379,-0.724,11.621,True,False,False
391.34,INSERTION,COAST,80000.115,33.1423188,3.1923152,168.91029,0.75172,35.41648,0.00198,2278.92018,2278.93145,0.01127,0.00023,-8E-05,-0.00097,0.00136,-0.00097,0.00136,49.19561,0.0016713,0,80000.724,79988.379,-0.724,11.621,True,False,False
391.5,INSERTION,COAST,80000.115,33.1423188,3.1923152,168.99005,0.75137,35.40978,0.00197,2278.92017,2278.93145,0.01127,0.00023,-8E-05,-0.00097,0.00136,-0.00097,0.00136,49.19561,0.0016718,0,80000.724,79988.379,-0.724,11.621,True,False,False
391.64,INSERTION,COAST,80000.115,33.1423188,3.1923152,169.05994,0.75105,35.4048,0.00196,2278.92017,2278.93145,0.01127,0.00023,-8E-05,-0.00097,0.00136,-0.00097,0.00136,49.19561,0.0016723,0,80000.724,79988.379,-0.724,11.621,True,False,False
391.78,INSERTION,COAST,80000.116,33.1423188,3.1923152,169.12992,0.75074,35.40135,0.00195,2278.92017,2278.93144,0.01127,0.00023,-8E-05,-0.00097,0.00136,-0.00097,0.00136,49.19561,0.0016727,0,80000.724,79988.379,-0.724,11.621,True,False,False
391.92,INSERTION,COAST,80000.116,33.1423188,3.1923152,169.2,0.75043,35.3998,0.00194,2278.92017,2278.93144,0.01127,0.00023,-8E-05,-0.00098,0.00136,-0.00098,0.00136,49.19561,0.001673,0,80000.724,79988.38,-0.724,11.62,True,False,False
392.08,INSERTION,COAST,80000.116,33.1423188,3.1923152,169.28021,0.75008,35.40058,0.00193,2278.92017,2278.93144,0.01127,0.00023,-8E-05,-0.00098,0.00136,-0.00098,0.00136,49.19561,0.0016732,0,80000.724,79988.381,-0.724,11.619,True,False,False
392.22,INSERTION,COAST,80000.116,33.1423188,3.1923152,169.35049,0.74977,35.40347,0.00192,2278.92017,2278.93144,0.01127,0.00023,-8E-05,-0.00098,0.00136,-0.00098,0.00136,49.19561,0.0016732,0,80000.724,79988.382,-0.724,11.618,True,False,False
392.36,INSERTION,COAST,80000.117,33.1423188,3.1923152,169.42087,0.74945,35.40813,0.00191,2278.92017,2278.93144,0.01127,0.00023,-8E-05,-0.00098,0.00136,-0.00098,0.00136,49.19561,0.0016732,0,80000.724,79988.383,-0.724,11.617,True,False,False
392.5,INSERTION,COAST,80000.117,33.1423188,3.1923152,169.49135,0.74914,35.41427,0.0019,2278.92017,2278.93144,0.01127,0.00023,-8E-05,-0.00098,0.00136,-0.00098,0.00136,49.19561,0.001673,0,80000.725,79988.383,-0.725,11.617,True,False,False
392.66,INSERTION,COAST,80000.117,33.1423188,3.1923152,169.57201,0.74879,35.42245,0.00189,2278.92017,2278.93144,0.01127,0.00023,-8E-05,-0.00098,0.00136,-0.00098,0.00136,49.19561,0.0016728,0,80000.725,79988.384,-0.725,11.616,True,False,False
392.8,INSERTION,COAST,80000.117,33.1423188,3.1923152,169.6427,0.74847,35.42984,0.00188,2278.92017,2278.93144,0.01127,0.00023,-8E-05,-0.00098,0.00136,-0.00098,0.00136,49.19561,0.0016725,0,80000.725,79988.384,-0.725,11.616,True,False,False
392.94,INSERTION,COAST,80000.117,33.1423188,3.1923152,169.71347,0.74816,35.43691,0.00187,2278.92017,2278.93144,0.01127,0.00023,-8E-05,-0.00097,0.00136,-0.00097,0.00136,49.19561,0.0016722,0,80000.725,79988.384,-0.725,11.616,True,False,False
393.08,INSERTION,COAST,80000.117,33.1423188,3.1923152,169.78435,0.74785,35.44287,0.00186,2278.92017,2278.93144,0.01127,0.00023,-8E-05,-0.00097,0.00136,-0.00097,0.00136,49.19561,0.001672,0,80000.725,79988.383,-0.725,11.617,True,False,False
393.24,INSERTION,COAST,80000.118,33.1423188,3.1923152,169.86547,0.74749,35.44769,0.00185,2278.92017,2278.93144,0.01127,0.00023,-8E-05,-0.00097,0.00136,-0.00097,0.00136,49.19561,0.0016717,0,80000.724,79988.383,-0.724,11.617,True,False,False
393.38,INSERTION,COAST,80000.118,33.1423188,3.1923152,169.93655,0.74718,35.44972,0.00184,2278.92017,2278.93144,0.01128,0.00023,-8E-05,-0.00097,0.00136,-0.00097,0.00136,49.19561,0.0016716,0,80000.724,79988.382,-0.724,11.618,True,False,False
393.52,INSERTION,COAST,80000.118,33.1423188,3.1923152,170.00773,0.74687,35.44961,0.00183,2278.92016,2278.93144,0.01128,0.00023,-8E-05,-0.00097,0.00136,-0.00097,0.00136,49.19561,0.0016716,0,80000.724,79988.381,-0.724,11.619,True,False,False
393.66,INSERTION,COAST,80000.118,33.1423188,3.1923152,170.07901,0.74655,35.44758,0.00182,2278.92016,2278.93144,0.01128,0.00023,-8E-05,-0.00097,0.00136,-0.00097,0.00136,49.19561,0.0016717,0,80000.724,79988.38,-0.724,11.62,True,False,False
393.82,INSERTION,COAST,80000.119,33.1423188,3.1923152,170.16059,0.7462,35.44345,0.00181,2278.92016,2278.93144,0.01128,0.00023,-8E-05,-0.00097,0.00136,-0.00097,0.00136,49.19561,0.0016719,0,80000.724,79988.38,-0.724,11.62,True,False,False
393.96,INSERTION,COAST,80000.119,33.1423188,3.1923152,170.23207,0.74588,35.43895,0.0018,2278.92016,2278.93144,0.01128,0.00023,-8E-05,-0.00097,0.00136,-0.00097,0.00136,49.19561,0.0016721,0,80000.724,79988.379,-0.724,11.621,True,False,False
394.1,INSERTION,COAST,80000.119,33.1423188,3.1923152,170.30366,0.74557,35.43418,0.00179,2278.92016,2278.93144,0.01128,0.00023,-8E-05,-0.00097,0.00136,-0.00097,0.00136,49.19561,0.0016724,0,80000.724,79988.379,-0.724,11.621,True,False,False
394.24,INSERTION,COAST,80000.12,33.1423188,3.1923152,170.37534,0.74526,35.4295,0.00178,2278.92016,2278.93144,0.01128,0.00023,-8E-05,-0.00097,0.00136,-0.00097,0.00136,49.19561,0.0016727,0,80000.724,79988.379,-0.724,11.621,True,False,False
394.4,INSERTION,COAST,80000.12,33.1423188,3.1923152,170.45738,0.7449,35.42507,0.00177,2278.92016,2278.93144,0.01128,0.00023,-8E-05,-0.00097,0.00136,-0.00097,0.00136,49.19561,0.001673,0,80000.724,79988.38,-0.724,11.62,True,False,False
394.54,INSERTION,COAST,80000.12,33.1423188,3.1923152,170.52927,0.74458,35.4224,0.00176,2278.92016,2278.93144,0.01128,0.00023,-8E-05,-0.00098,0.00136,-0.00098,0.00136,49.19561,0.0016732,0,80000.724,79988.38,-0.724,11.62,True,False,False
394.68,INSERTION,COAST,80000.121,33.1423188,3.1923152,170.60126,0.74427,35.42113,0.00175,2278.92016,2278.93144,0.01128,0.00023,-8E-05,-0.00098,0.00136,-0.00098,0.00136,49.19561,0.0016734,0,80000.724,79988.38,-0.724,11.62,True,False,False
394.82,INSERTION,COAST,80000.121,33.1423188,3.1923152,170.67335,0.74395,35.42131,0.00174,2278.92016,2278.93144,0.01128,0.00023,-8E-05,-0.00098,0.00136,-0.00098,0.00136,49.19561,0.0016735,0,80000.724,79988.381,-0.724,11.619,True,False,False
394.98,INSERTION,COAST,80000.121,33.1423188,3.1923152,170.75586,0.7436,35.42326,0.00173,2278.92016,2278.93144,0.01128,0.00023,-8E-05,-0.00098,0.00136,-0.00098,0.00136,49.19561,0.0016734,0,80000.724,79988.382,-0.724,11.618,True,False,False
395.12,INSERTION,COAST,80000.121,33.1423188,3.1923152,170.82816,0.74328,35.42623,0.00172,2278.92015,2278.93144,0.01128,0.00023,-8E-05,-0.00098,0.00136,-0.00098,0.00136,49.19561,0.0016734,0,80000.724,79988.382,-0.724,11.618,True,False,False
395.26,INSERTION,COAST,80000.122,33.1423188,3.1923152,170.90056,0.74297,35.42999,0.00171,2278.92015,2278.93143,0.01128,0.00023,-8E-05,-0.00098,0.00136,-0.00098,0.00136,49.19561,0.0016732,0,80000.724,79988.382,-0.724,11.618,True,False,False
395.4,INSERTION,COAST,80000.122,33.1423188,3.1923152,170.97306,0.74265,35.43409,0.0017,2278.92015,2278.93143,0.01128,0.00023,-8E-05,-0.00098,0.00136,-0.00098,0.00136,49.19561,0.001673,0,80000.724,79988.383,-0.724,11.617,True,False,False
395.56,INSERTION,COAST,80000.122,33.1423188,3.1923152,171.05604,0.74229,35.43862,0.00169,2278.92015,2278.93143,0.01128,0.00023,-8E-05,-0.00097,0.00136,-0.00097,0.00136,49.19561,0.0016727,0,80000.724,79988.383,-0.724,11.617,True,False,False
395.7,INSERTION,COAST,80000.122,33.1423188,3.1923152,171.12875,0.74197,35.44217,0.00168,2278.92015,2278.93143,0.01128,0.00023,-8E-05,-0.00097,0.00136,-0.00097,0.00136,49.19561,0.0016725,0,80000.724,79988.383,-0.724,11.617,True,False,False
395.84,INSERTION,COAST,80000.122,33.1423188,3.1923152,171.20156,0.74166,35.44472,0.00167,2278.92015,2278.93143,0.01128,0.00023,-8E-05,-0.00097,0.00136,-0.00097,0.00136,49.19561,0.0016723,0,80000.724,79988.382,-0.724,11.618,True,False,False
395.98,INSERTION,COAST,80000.123,33.1423188,3.1923152,171.27447,0.74134,35.44595,0.00166,2278.92015,2278.93143,0.01128,0.00023,-8E-05,-0.00097,0.00136,-0.00097,0.00136,49.19561,0.0016722,0,80000.724,79988.382,-0.724,11.618,True,False,False
396.14,INSERTION,COAST,80000.123,33.1423188,3.1923152,171.35792,0.74098,35.44555,0.00165,2278.92015,2278.93143,0.01128,0.00023,-8E-05,-0.00097,0.00136,-0.00097,0.00136,49.19561,0.0016721,0,80000.724,79988.381,-0.724,11.619,True,False,False
396.28,INSERTION,COAST,80000.123,33.1423188,3.1923152,171.43105,0.74067,35.44366,0.00164,2278.92015,2278.93143,0.01129,0.00023,-8E-05,-0.00097,0.00136,-0.00097,0.00136,49.19561,0.0016721,0,80000.724,79988.38,-0.724,11.62,True,False,False
396.42,INSERTION,COAST,80000.123,33.1423188,3.1923152,171.50427,0.74035,35.44056,0.00163,2278.92015,2278.93143,0.01129,0.00023,-8E-05,-0.00097,0.00136,-0.00097,0.00136,49.19561,0.0016722,0,80000.724,79988.38,-0.724,11.62,True,False,False
396.56,INSERTION,COAST,80000.124,33.1423188,3.1923152,171.5776,0.74003,35.43672,0.00162,2278.92014,2278.93143,0.01129,0.00023,-8E-05,-0.00097,0.00136,-0.00097,0.00136,49.19561,0.0016723,0,80000.724,79988.38,-0.724,11.62,True,False,False
396.72,INSERTION,COAST,80000.124,33.1423188,3.1923152,171.66153,0.73967,35.43189,0.00161,2278.92014,2278.93143,0.01129,0.00023,-8E-05,-0.00097,0.00136,-0.00097,0.00136,49.19561,0.0016725,0,80000.724,79988.379,-0.724,11.621,True,False,False
396.86,INSERTION,COAST,80000.124,33.1423188,3.1923152,171.73507,0.73936,35.42749,0.0016,2278.92014,2278.93143,0.01129,0.00023,-8E-05,-0.00097,0.00136,-0.00097,0.00136,49.19561,0.0016726,0,80000.724,79988.379,-0.724,11.621,True,False,False
397,INSERTION,COAST,80000.125,33.1423188,3.1923152,171.80871,0.73904,35.42331,0.00159,2278.92014,2278.93143,0.01129,0.00023,-8E-05,-0.00097,0.00136,-0.00097,0.00136,49.19561,0.0016728,0,80000.724,79988.379,-0.724,11.621,True,False,False
397.14,INSERTION,COAST,80000.125,33.1423188,3.1923152,171.88246,0.73872,35.41966,0.00158,2278.92014,2278.93143,0.01129,0.00023,-8E-05,-0.00097,0.00136,-0.00097,0.00136,49.19561,0.0016729,0,80000.724,79988.38,-0.724,11.62,True,False,False
397.3,INSERTION,COAST,80000.125,33.1423188,3.1923152,171.96686,0.73836,35.41657,0.00157,2278.92014,2278.93143,0.01129,0.00023,-8E-05,-0.00097,0.00136,-0.00097,0.00136,49.19561,0.0016731,0,80000.724,79988.38,-0.724,11.62,True,False,False
397.44,INSERTION,COAST,80000.125,33.1423188,3.1923152,172.04082,0.73804,35.4149,0.00156,2278.92014,2278.93143,0.01129,0.00023,-8E-05,-0.00097,0.00136,-0.00097,0.00136,49.19561,0.0016731,0,80000.724,79988.38,-0.724,11.62,True,False,False
397.58,INSERTION,COAST,80000.126,33.1423188,3.1923152,172.11489,0.73772,35.41421,0.00155,2278.92014,2278.93143,0.01129,0.00023,-8E-05,-0.00097,0.00136,-0.00097,0.00136,49.19561,0.0016731,0,80000.724,79988.381,-0.724,11.619,True,False,False
397.72,INSERTION,COAST,80000.126,33.1423188,3.1923152,172.18905,0.73741,35.41442,0.00154,2278.92014,2278.93143,0.01129,0.00023,-8E-05,-0.00097,0.00136,-0.00097,0.00136,49.19561,0.001673,0,80000.724,79988.381,-0.724,11.619,True,False,False
397.88,INSERTION,COAST,80000.126,33.1423188,3.1923152,172.27394,0.73704,35.41554,0.00153,2278.92014,2278.93143,0.01129,0.00023,-8E-05,-0.00097,0.00136,-0.00097,0.00136,49.19561,0.0016729,0,80000.724,79988.382,-0.724,11.618,True,False,False
398.02,INSERTION,COAST,80000.126,33.1423188,3.1923152,172.34832,0.73672,35.41691,0.00152,2278.92014,2278.93143,0.01129,0.00023,-8E-05,-0.00097,0.00136,-0.00097,0.00136,49.19561,0.0016728,0,80000.724,79988.382,-0.724,11.618,True,False,False
398.16,INSERTION,COAST,80000.126,33.1423188,3.1923152,172.42281,0.73641,35.41831,0.00151,2278.92014,2278.93143,0.01129,0.00023,-8E-05,-0.00097,0.00136,-0.00097,0.00136,49.19561,0.0016726,0,80000.724,79988.382,-0.724,11.618,True,False,False
398.3,INSERTION,COAST,80000.119,33.1423188,3.1923152,172.4974,0.73609,35.41946,0.0015,2278.92014,2278.93143,0.01129,0.00023,-8E-05,-0.00096,0.00136,-0.00096,0.00136,49.19561,0.0016624,0,80000.722,79988.383,-0.722,11.617,True,False,False
398.46,INSERTION,COAST,80000.119,33.1423188,3.1923152,172.58277,0.73572,35.41347,0.00149,2278.92016,2278.93144,0.01128,0.00023,-8E-05,-0.00092,0.00136,-0.00092,0.00136,49.19561,0.0016424,0,80000.717,79988.383,-0.717,11.617,True,False,False
398.6,INSERTION,COAST,80000.12,33.1423188,3.1923152,172.65758,0.73541,35.37675,0.00146,2278.92015,2278.93144,0.01129,0.00023,-8E-05,-0.00092,0.00136,-0.00092,0.00136,49.19561,0.0016427,0,80000.716,79988.373,-0.716,11.627,True,False,False
398.74,INSERTION,COAST,80000.121,33.1423188,3.1923152,172.73249,0.73509,35.29237,0.00143,2278.92013,2278.93144,0.01131,0.00023,-8E-05,-0.00092,0.00136,-0.00092,0.00136,49.19561,0.0016448,0,80000.716,79988.354,-0.716,11.646,True,False,False
398.88,INSERTION,COAST,80000.123,33.1423188,3.1923152,172.8075,0.73477,35.17539,0.00141,2278.92012,2278.93143,0.01132,0.00023,-8E-05,-0.00093,0.00136,-0.00093,0.00136,49.19561,0.0016492,0,80000.715,79988.34,-0.715,11.66,True,False,False
399.04,INSERTION,COAST,80000.125,33.1423188,3.1923152,172.89336,0.7344,35.02335,0.00138,2278.92011,2278.93143,0.01132,0.00023,-8E-05,-0.00094,0.00136,-0.00094,0.00136,49.19561,0.0016559,0,80000.715,79988.333,-0.715,11.667,True,False,False
399.18,INSERTION,COAST,80000.127,33.1423188,3.1923152,172.9686,0.73408,34.89282,0.00138,2278.92011,2278.93143,0.01132,0.00023,-8E-05,-0.00095,0.00136,-0.00095,0.00136,49.19561,0.0016624,0,80000.715,79988.333,-0.715,11.667,True,False,False
399.32,INSERTION,COAST,80000.129,33.1423188,3.1923152,173.04394,0.73376,34.77698,0.00137,2278.92011,2278.93142,0.01131,0.00023,-8E-05,-0.00096,0.00136,-0.00096,0.00136,49.19561,0.0016688,0,80000.715,79988.338,-0.715,11.662,True,False,False
399.46,INSERTION,COAST,80000.131,33.1423188,3.1923152,173.11939,0.73344,34.68439,0.00137,2278.92012,2278.93142,0.0113,0.00023,-8E-05,-0.00098,0.00136,-0.00098,0.00136,49.19561,0.0016744,0,80000.716,79988.347,-0.716,11.653,True,False,False
399.62,INSERTION,COAST,80000.132,33.1423188,3.1923152,173.20574,0.73308,34.61603,0.00138,2278.92013,2278.93142,0.01129,0.00023,-8E-05,-0.00099,0.00136,-0.00099,0.00136,49.19561,0.0016794,0,80000.716,79988.36,-0.716,11.64,True,False,False
399.76,INSERTION,COAST,80000.133,33.1423188,3.1923152,173.28141,0.73276,34.59283,0.00138,2278.92014,2278.93142,0.01127,0.00023,-8E-05,-0.00099,0.00136,-0.00099,0.00136,49.19561,0.001682,0,80000.716,79988.372,-0.716,11.628,True,False,False
399.9,INSERTION,COAST,80000.133,33.1423188,3.1923152,173.35718,0.73244,34.60284,0.00139,2278.92015,2278.93142,0.01126,0.00023,-8E-05,-0.001,0.00136,-0.001,0.00136,49.19561,0.0016828,0,80000.717,79988.385,-0.717,11.615,True,False,False
400.04,INSERTION,COAST,80000.132,33.1423188,3.1923152,173.43306,0.73212,34.64374,0.0014,2278.92016,2278.93142,0.01125,0.00023,-8E-05,-0.001,0.00136,-0.001,0.00136,49.19561,0.0016819,0,80000.717,79988.397,-0.717,11.603,True,False,False
400.2,INSERTION,COAST,80000.131,33.1423188,3.1923152,173.51991,0.73175,34.72359,0.0014,2278.92017,2278.93142,0.01125,0.00023,-8E-05,-0.00099,0.00135,-0.00099,0.00135,49.19561,0.001679,0,80000.717,79988.41,-0.717,11.59,True,False,False
400.34,INSERTION,COAST,80000.13,33.1423188,3.1923152,173.59601,0.73143,34.81552,0.0014,2278.92018,2278.93142,0.01124,0.00023,-8E-05,-0.00099,0.00135,-0.00099,0.00135,49.19561,0.0016749,0,80000.717,79988.418,-0.717,11.582,True,False,False
400.48,INSERTION,COAST,80000.129,33.1423188,3.1923152,173.67222,0.73111,34.9183,0.0014,2278.92018,2278.93142,0.01124,0.00023,-8E-05,-0.00098,0.00135,-0.00098,0.00135,49.19561,0.0016698,0,80000.718,79988.423,-0.718,11.577,True,False,False
400.62,INSERTION,COAST,80000.128,33.1423188,3.1923152,173.74853,0.73079,35.02386,0.00139,2278.92018,2278.93142,0.01124,0.00023,-8E-05,-0.00097,0.00135,-0.00097,0.00135,49.19561,0.0016643,0,80000.718,79988.425,-0.718,11.575,True,False,False
400.78,INSERTION,COAST,80000.126,33.1423188,3.1923152,173.83587,0.73042,35.13465,0.00138,2278.92018,2278.93143,0.01125,0.00023,-8E-05,-0.00096,0.00135,-0.00096,0.00135,49.19561,0.0016579,0,80000.717,79988.422,-0.717,11.578,True,False,False
400.92,INSERTION,COAST,80000.125,33.1423188,3.1923152,173.91241,0.7301,35.20884,0.00136,2278.92017,2278.93143,0.01125,0.00023,-8E-05,-0.00095,0.00136,-0.00095,0.00136,49.19561,0.001653,0,80000.717,79988.415,-0.717,11.585,True,False,False
401.06,INSERTION,COAST,80000.125,33.1423188,3.1923152,173.98906,0.72978,35.25069,0.00133,2278.92016,2278.93143,0.01127,0.00023,-8E-05,-0.00094,0.00136,-0.00094,0.00136,49.19561,0.0016493,0,80000.717,79988.403,-0.717,11.597,True,False,False
401.2,INSERTION,COAST,80000.125,33.1423188,3.1923152,174.06581,0.72946,35.25546,0.0013,2278.92015,2278.93143,0.01128,0.00023,-8E-05,-0.00093,0.00136,-0.00093,0.00136,49.19561,0.0016473,0,80000.717,79988.388,-0.717,11.612,True,False,False
401.36,INSERTION,COAST,80000.126,33.1423188,3.1923152,174.15365,0.72909,35.2164,0.00127,2278.92013,2278.93143,0.01129,0.00023,-8E-05,-0.00093,0.00136,-0.00093,0.00136,49.19561,0.0016473,0,80000.716,79988.372,-0.716,11.628,True,False,False
401.5,INSERTION,COAST,80000.127,33.1423188,3.1923152,174.23063,0.72877,35.14973,0.00125,2278.92012,2278.93143,0.0113,0.00023,-8E-05,-0.00093,0.00136,-0.00093,0.00136,49.19561,0.0016491,0,80000.716,79988.36,-0.716,11.64,True,False,False
401.64,INSERTION,COAST,80000.128,33.1423188,3.1923152,174.30771,0.72844,35.06242,0.00123,2278.92012,2278.93142,0.01131,0.00023,-8E-05,-0.00094,0.00136,-0.00094,0.00136,49.19561,0.0016524,0,80000.716,79988.352,-0.716,11.648,True,False,False
401.78,INSERTION,COAST,80000.13,33.1423188,3.1923152,174.38491,0.72812,34.96674,0.00121,2278.92011,2278.93142,0.01131,0.00023,-8E-05,-0.00094,0.00136,-0.00094,0.00136,49.19561,0.0016566,0,80000.716,79988.348,-0.716,11.652,True,False,False
401.94,INSERTION,COAST,80000.132,33.1423188,3.1923152,174.47326,0.72775,34.86209,0.0012,2278.92011,2278.93142,0.01131,0.00023,-8E-05,-0.00095,0.00136,-0.00095,0.00136,49.19561,0.0016618,0,80000.716,79988.349,-0.716,11.651,True,False,False
402.08,INSERTION,COAST,80000.133,33.1423188,3.1923152,174.55068,0.72743,34.78281,0.0012,2278.92012,2278.93142,0.0113,0.00023,-8E-05,-0.00096,0.00136,-0.00096,0.00136,49.19561,0.0016661,0,80000.716,79988.353,-0.716,11.647,True,False,False
402.22,INSERTION,COAST,80000.134,33.1423188,3.1923152,174.62821,0.72711,34.72077,0.0012,2278.92012,2278.93141,0.01129,0.00023,-8E-05,-0.00097,0.00136,-0.00097,0.00136,49.19561,0.0016698,0,80000.716,79988.359,-0.716,11.641,True,False,False
402.36,INSERTION,COAST,80000.135,33.1423188,3.1923152,174.70584,0.72678,34.67983,0.0012,2278.92013,2278.93141,0.01129,0.00023,-8E-05,-0.00098,0.00136,-0.00098,0.00136,49.19561,0.0016726,0,80000.716,79988.367,-0.716,11.633,True,False,False
402.52,INSERTION,COAST,80000.135,33.1423188,3.1923152,174.7947,0.72641,34.66244,0.0012,2278.92013,2278.93141,0.01128,0.00023,-8E-05,-0.00098,0.00136,-0.00098,0.00136,49.19561,0.0016744,0,80000.716,79988.377,-0.716,11.623,True,False,False
402.66,INSERTION,COAST,80000.135,33.1423188,3.1923152,174.87257,0.72609,34.67316,0.0012,2278.92014,2278.93141,0.01127,0.00023,-8E-05,-0.00098,0.00136,-0.00098,0.00136,49.19561,0.0016747,0,80000.717,79988.386,-0.717,11.614,True,False,False
402.8,INSERTION,COAST,80000.135,33.1423188,3.1923152,174.95055,0.72577,34.70489,0.0012,2278.92015,2278.93141,0.01126,0.00023,-8E-05,-0.00098,0.00136,-0.00098,0.00136,49.19561,0.0016737,0,80000.717,79988.395,-0.717,11.605,True,False,False
402.94,INSERTION,COAST,80000.134,33.1423188,3.1923152,175.02863,0.72544,34.75409,0.0012,2278.92015,2278.93141,0.01126,0.00023,-8E-05,-0.00098,0.00136,-0.00098,0.00136,49.19561,0.0016716,0,80000.717,79988.402,-0.717,11.598,True,False,False
403.1,INSERTION,COAST,80000.134,33.1423188,3.1923152,175.118,0.72507,34.82618,0.0012,2278.92016,2278.93141,0.01126,0.00023,-8E-05,-0.00097,0.00135,-0.00097,0.00135,49.19561,0.0016682,0,80000.717,79988.408,-0.717,11.592,True,False,False
403.24,INSERTION,COAST,80000.133,33.1423188,3.1923152,175.19632,0.72475,34.89711,0.00119,2278.92016,2278.93142,0.01125,0.00023,-8E-05,-0.00097,0.00135,-0.00097,0.00135,49.19561,0.0016646,0,80000.717,79988.412,-0.717,11.588,True,False,False
403.38,INSERTION,COAST,80000.132,33.1423188,3.1923152,175.27475,0.72442,34.96832,0.00118,2278.92016,2278.93142,0.01126,0.00023,-8E-05,-0.00096,0.00135,-0.00096,0.00135,49.19561,0.0016606,0,80000.717,79988.412,-0.717,11.588,True,False,False
403.52,INSERTION,COAST,80000.131,33.1423188,3.1923152,175.35328,0.7241,35.03188,0.00117,2278.92016,2278.93142,0.01126,0.00023,-8E-05,-0.00095,0.00136,-0.00095,0.00136,49.19561,0.0016567,0,80000.717,79988.41,-0.717,11.59,True,False,False
403.68,INSERTION,COAST,80000.13,33.1423188,3.1923152,175.44317,0.72373,35.08407,0.00115,2278.92015,2278.93142,0.01127,0.00023,-8E-05,-0.00095,0.00136,-0.00095,0.00136,49.19561,0.0016529,0,80000.717,79988.403,-0.717,11.597,True,False,False
403.82,INSERTION,COAST,80000.13,33.1423188,3.1923152,175.52193,0.7234,35.10549,0.00113,2278.92014,2278.93142,0.01128,0.00023,-8E-05,-0.00094,0.00136,-0.00094,0.00136,49.19561,0.0016505,0,80000.717,79988.394,-0.717,11.606,True,False,False
403.96,INSERTION,COAST,80000.123,33.1423188,3.1923152,175.60081,0.72308,35.10069,0.00111,2278.92014,2278.93142,0.01128,0.00023,-8E-05,-0.00092,0.00136,-0.00092,0.00136,49.19561,0.0016395,0,80000.714,79988.385,-0.714,11.615,True,False,False
404.1,INSERTION,COAST,80000.123,33.1423188,3.1923152,175.6798,0.72275,35.06427,0.00108,2278.92015,2278.93143,0.01129,0.00023,-8E-05,-0.00088,0.00136,-0.00088,0.00136,49.19561,0.0016205,0,80000.708,79988.376,-0.708,11.624,True,False,False
404.26,INSERTION,COAST,80000.125,33.1423188,3.1923152,175.7702,0.72238,34.95871,0.00105,2278.92013,2278.93143,0.0113,0.00023,-8E-05,-0.00089,0.00136,-0.00089,0.00136,49.19561,0.0016227,0,80000.708,79988.354,-0.708,11.646,True,False,False
404.4,INSERTION,COAST,80000.127,33.1423188,3.1923152,175.84942,0.72206,34.80245,0.00101,2278.92011,2278.93143,0.01132,0.00023,-8E-05,-0.00089,0.00136,-0.00089,0.00136,49.19561,0.0016276,0,80000.708,79988.33,-0.708,11.67,True,False,False
404.54,INSERTION,COAST,80000.13,33.1423188,3.1923152,175.92875,0.72173,34.61213,0.00098,2278.92009,2278.93142,0.01133,0.00023,-8E-05,-0.0009,0.00136,-0.0009,0.00136,49.19561,0.0016351,0,80000.707,79988.316,-0.707,11.684,True,False,False
404.68,INSERTION,COAST,80000.133,33.1423188,3.1923152,176.0082,0.72141,34.41443,0.00096,2278.92009,2278.93142,0.01133,0.00023,-8E-05,-0.00092,0.00136,-0.00092,0.00136,49.19561,0.0016442,0,80000.707,79988.312,-0.707,11.688,True,False,False
404.84,INSERTION,COAST,80000.136,33.1423188,3.1923152,176.09913,0.72103,34.20727,0.00096,2278.92009,2278.93141,0.01132,0.00023,-8E-05,-0.00094,0.00136,-0.00094,0.00136,49.19561,0.0016549,0,80000.707,79988.318,-0.707,11.682,True,False,False
404.98,INSERTION,COAST,80000.139,33.1423188,3.1923152,176.17881,0.72071,34.05759,0.00096,2278.9201,2278.93141,0.0113,0.00023,-8E-05,-0.00096,0.00136,-0.00096,0.00136,49.19561,0.0016635,0,80000.707,79988.328,-0.707,11.672,True,False,False
405.12,INSERTION,COAST,80000.14,33.1423188,3.1923152,176.2586,0.72038,33.94787,0.00097,2278.92011,2278.9314,0.01129,0.00023,-8E-05,-0.00097,0.00136,-0.00097,0.00136,49.19561,0.0016706,0,80000.708,79988.342,-0.708,11.658,True,False,False
405.26,INSERTION,COAST,80000.142,33.1423188,3.1923152,176.33851,0.72005,33.88464,0.00098,2278.92013,2278.9314,0.01127,0.00023,-8E-05,-0.00098,0.00136,-0.00098,0.00136,49.19561,0.0016756,0,80000.708,79988.359,-0.708,11.641,True,False,False
405.42,INSERTION,COAST,80000.142,33.1423188,3.1923152,176.42996,0.71968,33.87481,0.001,2278.92015,2278.9314,0.01125,0.00023,-8E-05,-0.00099,0.00135,-0.00099,0.00135,49.19561,0.0016786,0,80000.708,79988.382,-0.708,11.618,True,False,False
405.56,INSERTION,COAST,80000.141,33.1423188,3.1923152,176.51011,0.71935,33.91956,0.00101,2278.92016,2278.9314,0.01124,0.00023,-8E-05,-0.00099,0.00135,-0.00099,0.00135,49.19561,0.0016781,0,80000.709,79988.4,-0.709,11.6,True,False,False
405.7,INSERTION,COAST,80000.14,33.1423188,3.1923152,176.59036,0.71903,34.00577,0.00102,2278.92018,2278.9314,0.01123,0.00023,-8E-05,-0.00099,0.00135,-0.00099,0.00135,49.19561,0.0016751,0,80000.709,79988.416,-0.709,11.584,True,False,False
405.84,INSERTION,COAST,80000.139,33.1423188,3.1923152,176.67073,0.7187,34.12483,0.00103,2278.92019,2278.9314,0.01122,0.00023,-8E-05,-0.00098,0.00135,-0.00098,0.00135,49.19561,0.0016699,0,80000.709,79988.43,-0.709,11.57,True,False,False
406,INSERTION,COAST,80000.136,33.1423188,3.1923152,176.76272,0.71833,34.28814,0.00104,2278.9202,2278.93141,0.01121,0.00023,-8E-05,-0.00097,0.00135,-0.00097,0.00135,49.19561,0.0016621,0,80000.71,79988.441,-0.71,11.559,True,False,False
406.14,INSERTION,COAST,80000.134,33.1423188,3.1923152,176.84332,0.718,34.44172,0.00103,2278.9202,2278.93141,0.01121,0.00023,-8E-05,-0.00096,0.00135,-0.00096,0.00135,49.19561,0.0016541,0,80000.71,79988.446,-0.71,11.554,True,False,False
406.28,INSERTION,COAST,80000.132,33.1423188,3.1923152,176.92404,0.71767,34.59128,0.00102,2278.9202,2278.93141,0.01122,0.00023,-8E-05,-0.00094,0.00135,-0.00094,0.00135,49.19561,0.0016458,0,80000.71,79988.446,-0.71,11.554,True,False,False
406.42,INSERTION,COAST,80000.131,33.1423188,3.1923152,177.00488,0.71734,34.71627,0.001,2278.92019,2278.93142,0.01123,0.00023,-8E-05,-0.00093,0.00135,-0.00093,0.00135,49.19561,0.001638,0,80000.71,79988.438,-0.71,11.562,True,False,False
406.58,INSERTION,COAST,80000.13,33.1423188,3.1923152,177.09739,0.71697,34.80787,0.00097,2278.92018,2278.93142,0.01124,0.00023,-8E-05,-0.00091,0.00135,-0.00091,0.00135,49.19561,0.0016309,0,80000.709,79988.42,-0.709,11.58,True,False,False
406.72,INSERTION,COAST,80000.129,33.1423188,3.1923152,177.17847,0.71664,34.83264,0.00093,2278.92016,2278.93142,0.01126,0.00023,-8E-05,-0.0009,0.00135,-0.0009,0.00135,49.19561,0.0016272,0,80000.709,79988.401,-0.709,11.599,True,False,False
406.86,INSERTION,COAST,80000.13,33.1423188,3.1923152,177.25966,0.71631,34.80132,0.0009,2278.92014,2278.93142,0.01128,0.00023,-8E-05,-0.0009,0.00136,-0.0009,0.00136,49.19561,0.001626,0,80000.708,79988.379,-0.708,11.621,True,False,False
407,INSERTION,COAST,80000.131,33.1423188,3.1923152,177.34096,0.71598,34.7194,0.00086,2278.92012,2278.93142,0.0113,0.00023,-8E-05,-0.0009,0.00136,-0.0009,0.00136,49.19561,0.0016276,0,80000.708,79988.359,-0.708,11.641,True,False,False
407.16,INSERTION,COAST,80000.133,33.1423188,3.1923152,177.43401,0.71561,34.57994,0.00083,2278.92011,2278.93142,0.01131,0.00023,-8E-05,-0.0009,0.00136,-0.0009,0.00136,49.19561,0.0016323,0,80000.708,79988.342,-0.708,11.658,True,False,False
407.3,INSERTION,COAST,80000.135,33.1423188,3.1923152,177.51556,0.71528,34.43688,0.00081,2278.9201,2278.93141,0.01131,0.00023,-8E-05,-0.00091,0.00136,-0.00091,0.00136,49.19561,0.0016381,0,80000.708,79988.334,-0.708,11.666,True,False,False
407.44,INSERTION,COAST,80000.138,33.1423188,3.1923152,177.59722,0.71495,34.29477,0.0008,2278.9201,2278.93141,0.01131,0.00023,-8E-05,-0.00093,0.00136,-0.00093,0.00136,49.19561,0.0016447,0,80000.708,79988.333,-0.708,11.667,True,False,False
407.58,INSERTION,COAST,80000.14,33.1423188,3.1923152,177.67899,0.71462,34.16623,0.00079,2278.9201,2278.93141,0.0113,0.00023,-8E-05,-0.00094,0.00136,-0.00094,0.00136,49.19561,0.0016513,0,80000.708,79988.337,-0.708,11.663,True,False,False
407.74,INSERTION,COAST,80000.141,33.1423188,3.1923152,177.77259,0.71425,34.04878,0.0008,2278.92011,2278.9314,0.01129,0.00023,-8E-05,-0.00095,0.00136,-0.00095,0.00136,49.19561,0.001658,0,80000.708,79988.348,-0.708,11.652,True,False,False
407.88,INSERTION,COAST,80000.143,33.1423188,3.1923152,177.85461,0.71392,33.9794,0.0008,2278.92012,2278.9314,0.01128,0.00023,-8E-05,-0.00096,0.00136,-0.00096,0.00136,49.19561,0.0016624,0,80000.708,79988.359,-0.708,11.641,True,False,False
408.02,INSERTION,COAST,80000.143,33.1423188,3.1923152,177.93675,0.71359,33.94429,0.00081,2278.92013,2278.9314,0.01127,0.00023,-8E-05,-0.00097,0.00135,-0.00097,0.00135,49.19561,0.0016654,0,80000.708,79988.371,-0.708,11.629,True,False,False
408.16,INSERTION,COAST,80000.143,33.1423188,3.1923152,178.019,0.71326,33.94435,0.00081,2278.92014,2278.9314,0.01126,0.00023,-8E-05,-0.00097,0.00135,-0.00097,0.00135,49.19561,0.0016665,0,80000.709,79988.385,-0.709,11.615,True,False,False
408.32,INSERTION,COAST,80000.143,33.1423188,3.1923152,178.11315,0.71288,33.98655,0.00082,2278.92015,2278.9314,0.01124,0.00023,-8E-05,-0.00097,0.00135,-0.00097,0.00135,49.19561,0.0016656,0,80000.709,79988.4,-0.709,11.6,True,False,False
408.46,INSERTION,COAST,80000.142,33.1423188,3.1923152,178.19565,0.71255,34.05563,0.00083,2278.92016,2278.9314,0.01124,0.00023,-8E-05,-0.00097,0.00135,-0.00097,0.00135,49.19561,0.0016628,0,80000.709,79988.412,-0.709,11.588,True,False,False
408.6,INSERTION,COAST,80000.141,33.1423188,3.1923152,178.27826,0.71222,34.14578,0.00083,2278.92017,2278.9314,0.01123,0.00023,-8E-05,-0.00096,0.00135,-0.00096,0.00135,49.19561,0.0016586,0,80000.709,79988.42,-0.709,11.58,True,False,False
408.74,INSERTION,COAST,80000.139,33.1423188,3.1923152,178.36099,0.71189,34.24872,0.00083,2278.92018,2278.9314,0.01123,0.00023,-8E-05,-0.00095,0.00135,-0.00095,0.00135,49.19561,0.0016533,0,80000.709,79988.426,-0.709,11.574,True,False,False
408.9,INSERTION,COAST,80000.138,33.1423188,3.1923152,178.45568,0.71151,34.37069,0.00082,2278.92018,2278.93141,0.01123,0.00023,-8E-05,-0.00094,0.00135,-0.00094,0.00135,49.19561,0.0016467,0,80000.709,79988.429,-0.709,11.571,True,False,False
409.04,INSERTION,COAST,80000.136,33.1423188,3.1923152,178.53866,0.71118,34.47127,0.00081,2278.92018,2278.93141,0.01123,0.00023,-8E-05,-0.00093,0.00135,-0.00093,0.00135,49.19561,0.0016408,0,80000.709,79988.428,-0.709,11.572,True,False,False
409.18,INSERTION,COAST,80000.135,33.1423188,3.1923152,178.62176,0.71085,34.54924,0.00079,2278.92017,2278.93141,0.01124,0.00023,-8E-05,-0.00092,0.00135,-0.00092,0.00135,49.19561,0.0016353,0,80000.709,79988.42,-0.709,11.58,True,False,False
409.32,INSERTION,COAST,80000.135,33.1423188,3.1923152,178.70497,0.71052,34.5937,0.00076,2278.92016,2278.93141,0.01125,0.00023,-8E-05,-0.00091,0.00135,-0.00091,0.00135,49.19561,0.0016312,0,80000.709,79988.407,-0.709,11.593,True,False,False
409.48,INSERTION,COAST,80000.135,33.1423188,3.1923152,178.80021,0.71014,34.59643,0.00073,2278.92014,2278.93141,0.01127,0.00023,-8E-05,-0.0009,0.00135,-0.0009,0.00135,49.19561,0.0016287,0,80000.709,79988.39,-0.709,11.61,True,False,False
409.62,INSERTION,COAST,80000.136,33.1423188,3.1923152,178.88368,0.70981,34.55732,0.0007,2278.92013,2278.93141,0.01128,0.00023,-8E-05,-0.0009,0.00136,-0.0009,0.00136,49.19561,0.0016285,0,80000.708,79988.375,-0.708,11.625,True,False,False
409.76,INSERTION,COAST,80000.137,33.1423188,3.1923152,178.96726,0.70948,34.48437,0.00067,2278.92012,2278.93141,0.01129,0.00023,-8E-05,-0.0009,0.00136,-0.0009,0.00136,49.19561,0.0016302,0,80000.708,79988.361,-0.708,11.639,True,False,False
409.9,INSERTION,COAST,80000.138,33.1423188,3.1923152,179.05096,0.70915,34.38794,0.00065,2278.92011,2278.93141,0.0113,0.00023,-8E-05,-0.00091,0.00136,-0.00091,0.00136,49.19561,0.0016334,0,80000.708,79988.352,-0.708,11.648,True,False,False
410.06,INSERTION,COAST,80000.14,33.1423188,3.1923152,179.14676,0.70877,34.26587,0.00063,2278.9201,2278.93141,0.0113,0.00023,-8E-05,-0.00092,0.00136,-0.00092,0.00136,49.19561,0.0016384,0,80000.708,79988.347,-0.708,11.653,True,False,False
410.2,INSERTION,COAST,80000.142,33.1423188,3.1923152,179.23071,0.70843,34.16254,0.00063,2278.92011,2278.9314,0.0113,0.00023,-8E-05,-0.00093,0.00136,-0.00093,0.00136,49.19561,0.0016432,0,80000.708,79988.348,-0.708,11.652,True,False,False
410.34,INSERTION,COAST,80000.143,33.1423188,3.1923152,179.31478,0.7081,34.07153,0.00062,2278.92011,2278.9314,0.01129,0.00023,-8E-05,-0.00093,0.00136,-0.00093,0.00136,49.19561,0.0016478,0,80000.708,79988.352,-0.708,11.648,True,False,False
410.48,INSERTION,COAST,80000.144,33.1423188,3.1923152,179.39897,0.70777,33.99922,0.00062,2278.92011,2278.9314,0.01128,0.00023,-8E-05,-0.00094,0.00136,-0.00094,0.00136,49.19561,0.0016517,0,80000.708,79988.359,-0.708,11.641,True,False,False
410.64,INSERTION,COAST,80000.145,33.1423188,3.1923152,179.49533,0.70739,33.94607,0.00062,2278.92012,2278.9314,0.01127,0.00023,-8E-05,-0.00095,0.00135,-0.00095,0.00135,49.19561,0.001655,0,80000.708,79988.369,-0.708,11.631,True,False,False
410.78,INSERTION,COAST,80000.145,33.1423188,3.1923152,179.57978,0.70706,33.92804,0.00062,2278.92013,2278.93139,0.01126,0.00023,-8E-05,-0.00095,0.00135,-0.00095,0.00135,49.19561,0.0016565,0,80000.708,79988.379,-0.708,11.621,True,False,False
410.92,INSERTION,COAST,80000.145,33.1423188,3.1923152,179.66434,0.70672,33.93545,0.00063,2278.92014,2278.93139,0.01126,0.00023,-8E-05,-0.00096,0.00135,-0.00096,0.00135,49.19561,0.0016567,0,80000.709,79988.388,-0.709,11.612,True,False,False
411.06,INSERTION,COAST,80000.145,33.1423188,3.1923152,179.74903,0.70639,33.96618,0.00063,2278.92015,2278.93139,0.01125,0.00023,-8E-05,-0.00096,0.00135,-0.00096,0.00135,49.19561,0.0016556,0,80000.709,79988.398,-0.709,11.602,True,False,False
411.22,INSERTION,COAST,80000.144,33.1423188,3.1923152,179.84595,0.70601,34.02574,0.00063,2278.92015,2278.9314,0.01124,0.00023,-8E-05,-0.00095,0.00135,-0.00095,0.00135,49.19561,0.0016529,0,80000.709,79988.407,-0.709,11.593,True,False,False
411.36,INSERTION,COAST,80000.143,33.1423188,3.1923152,179.93089,0.70568,34.09354,0.00063,2278.92016,2278.9314,0.01124,0.00023,-8E-05,-0.00095,0.00135,-0.00095,0.00135,49.19561,0.0016494,0,80000.709,79988.413,-0.709,11.587,True,False,False
411.5,INSERTION,COAST,80000.142,33.1423188,3.1923152,180.01595,0.70534,34.16821,0.00062,2278.92016,2278.9314,0.01124,0.00023,-8E-05,-0.00094,0.00135,-0.00094,0.00135,49.19561,0.0016453,0,80000.709,79988.416,-0.709,11.584,True,False,False
411.64,INSERTION,COAST,80000.141,33.1423188,3.1923152,180.10113,0.70501,34.24306,0.00061,2278.92016,2278.9314,0.01124,0.00023,-8E-05,-0.00093,0.00135,-0.00093,0.00135,49.19561,0.0016409,0,80000.709,79988.417,-0.709,11.583,True,False,False
411.8,INSERTION,COAST,80000.14,33.1423188,3.1923152,180.19863,0.70463,34.31742,0.0006,2278.92016,2278.9314,0.01124,0.00023,-8E-05,-0.00092,0.00135,-0.00092,0.00135,49.19561,0.001636,0,80000.709,79988.414,-0.709,11.586,True,False,False
411.94,INSERTION,COAST,80000.14,33.1423188,3.1923152,180.28406,0.7043,34.36226,0.00058,2278.92015,2278.9314,0.01125,0.00023,-8E-05,-0.00091,0.00135,-0.00091,0.00135,49.19561,0.0016323,0,80000.709,79988.407,-0.709,11.593,True,False,False
412.08,INSERTION,COAST,80000.14,33.1423188,3.1923152,180.36962,0.70396,34.38034,0.00056,2278.92014,2278.9314,0.01126,0.00023,-8E-05,-0.00091,0.00135,-0.00091,0.00135,49.19561,0.0016297,0,80000.709,79988.397,-0.709,11.603,True,False,False
412.22,INSERTION,COAST,80000.14,33.1423188,3.1923152,180.4553,0.70363,34.36903,0.00053,2278.92013,2278.9314,0.01127,0.00023,-8E-05,-0.0009,0.00135,-0.0009,0.00135,49.19561,0.0016284,0,80000.709,79988.385,-0.709,11.615,True,False,False
412.38,INSERTION,COAST,80000.141,33.1423188,3.1923152,180.55337,0.70324,34.3222,0.00051,2278.92012,2278.9314,0.01128,0.00023,-8E-05,-0.0009,0.00136,-0.0009,0.00136,49.19561,0.0016287,0,80000.708,79988.373,-0.708,11.627,True,False,False
412.52,INSERTION,COAST,80000.142,33.1423188,3.1923152,180.63931,0.70291,34.25778,0.00049,2278.92011,2278.9314,0.01129,0.00023,-8E-05,-0.00091,0.00136,-0.00091,0.00136,49.19561,0.0016304,0,80000.708,79988.364,-0.708,11.636,True,False,False
412.66,INSERTION,COAST,80000.143,33.1423188,3.1923152,180.72537,0.70258,34.18004,0.00047,2278.92011,2278.9314,0.01129,0.00023,-8E-05,-0.00091,0.00136,-0.00091,0.00136,49.19561,0.0016331,0,80000.708,79988.359,-0.708,11.641,True,False,False
412.8,INSERTION,COAST,80000.144,33.1423188,3.1923152,180.81155,0.70224,34.09908,0.00046,2278.92011,2278.9314,0.01129,0.00023,-8E-05,-0.00092,0.00136,-0.00092,0.00136,49.19561,0.0016363,0,80000.708,79988.357,-0.708,11.643,True,False,False
412.96,INSERTION,COAST,80000.145,33.1423188,3.1923152,180.9102,0.70186,34.01336,0.00045,2278.92011,2278.9314,0.01129,0.00023,-8E-05,-0.00092,0.00136,-0.00092,0.00136,49.19561,0.0016402,0,80000.708,79988.359,-0.708,11.641,True,False,False
413.1,INSERTION,COAST,80000.146,33.1423188,3.1923152,180.99664,0.70152,33.95007,0.00044,2278.92011,2278.93139,0.01128,0.00023,-8E-05,-0.00093,0.00136,-0.00093,0.00136,49.19561,0.0016432,0,80000.708,79988.363,-0.708,11.637,True,False,False
413.24,INSERTION,COAST,80000.147,33.1423188,3.1923152,181.08321,0.70119,33.90179,0.00044,2278.92012,2278.93139,0.01128,0.00023,-8E-05,-0.00093,0.00135,-0.00093,0.00135,49.19561,0.0016456,0,80000.708,79988.368,-0.708,11.632,True,False,False
413.38,INSERTION,COAST,80000.148,33.1423188,3.1923152,181.1699,0.70085,33.87108,0.00044,2278.92012,2278.93139,0.01127,0.00023,-8E-05,-0.00094,0.00135,-0.00094,0.00135,49.19561,0.0016472,0,80000.708,79988.375,-0.708,11.625,True,False,False
413.54,INSERTION,COAST,80000.148,33.1423188,3.1923152,181.26913,0.70047,33.85966,0.00044,2278.92013,2278.93139,0.01126,0.00023,-8E-05,-0.00094,0.00135,-0.00094,0.00135,49.19561,0.0016481,0,80000.709,79988.383,-0.709,11.617,True,False,False
413.68,INSERTION,COAST,80000.148,33.1423188,3.1923152,181.35609,0.70013,33.86994,0.00044,2278.92013,2278.93139,0.01126,0.00023,-8E-05,-0.00094,0.00135,-0.00094,0.00135,49.19561,0.0016477,0,80000.709,79988.39,-0.709,11.61,True,False,False
413.82,INSERTION,COAST,80000.148,33.1423188,3.1923152,181.44317,0.6998,33.89605,0.00044,2278.92014,2278.93139,0.01125,0.00023,-8E-05,-0.00094,0.00135,-0.00094,0.00135,49.19561,0.0016463,0,80000.709,79988.397,-0.709,11.603,True,False,False
413.96,INSERTION,COAST,80000.147,33.1423188,3.1923152,181.53037,0.69946,33.93462,0.00043,2278.92014,2278.93139,0.01125,0.00023,-8E-05,-0.00094,0.00135,-0.00094,0.00135,49.19561,0.0016442,0,80000.709,79988.402,-0.709,11.598,True,False,False
414.12,INSERTION,COAST,80000.146,33.1423188,3.1923152,181.63018,0.69908,33.98894,0.00043,2278.92015,2278.93139,0.01125,0.00023,-8E-05,-0.00093,0.00135,-0.00093,0.00135,49.19561,0.0016411,0,80000.709,79988.406,-0.709,11.594,True,False,False
414.26,INSERTION,COAST,80000.146,33.1423188,3.1923152,181.71765,0.69874,34.04034,0.00042,2278.92015,2278.93139,0.01125,0.00023,-8E-05,-0.00093,0.00135,-0.00093,0.00135,49.19561,0.0016379,0,80000.709,79988.408,-0.709,11.592,True,False,False
414.4,INSERTION,COAST,80000.145,33.1423188,3.1923152,181.80524,0.6984,34.08937,0.00041,2278.92015,2278.93139,0.01125,0.00023,-8E-05,-0.00092,0.00135,-0.00092,0.00135,49.19561,0.0016347,0,80000.709,79988.407,-0.709,11.593,True,False,False
414.54,INSERTION,COAST,80000.144,33.1423188,3.1923152,181.89296,0.69807,34.1285,0.0004,2278.92014,2278.9314,0.01125,0.00023,-8E-05,-0.00091,0.00135,-0.00091,0.00135,49.19561,0.0016316,0,80000.709,79988.404,-0.709,11.596,True,False,False
414.7,INSERTION,COAST,80000.144,33.1423188,3.1923152,181.99336,0.69768,34.15323,0.00038,2278.92014,2278.9314,0.01126,0.00023,-8E-05,-0.00091,0.00135,-0.00091,0.00135,49.19561,0.0016288,0,80000.709,79988.397,-0.709,11.603,True,False,False
414.84,INSERTION,COAST,80000.144,33.1423188,3.1923152,182.08134,0.69734,34.15347,0.00036,2278.92013,2278.9314,0.01126,0.00023,-8E-05,-0.0009,0.00135,-0.0009,0.00135,49.19561,0.0016272,0,80000.709,79988.389,-0.709,11.611,True,False,False
414.98,INSERTION,COAST,80000.145,33.1423188,3.1923152,182.16945,0.69701,34.13238,0.00034,2278.92013,2278.9314,0.01127,0.00023,-8E-05,-0.0009,0.00135,-0.0009,0.00135,49.19561,0.0016266,0,80000.709,79988.381,-0.709,11.619,True,False,False
415.12,INSERTION,COAST,80000.145,33.1423188,3.1923152,182.25769,0.69667,34.09226,0.00032,2278.92012,2278.9314,0.01128,0.00023,-8E-05,-0.0009,0.00135,-0.0009,0.00135,49.19561,0.0016271,0,80000.708,79988.374,-0.708,11.626,True,False,False
415.28,INSERTION,COAST,80000.146,33.1423188,3.1923152,182.35868,0.69628,34.0295,0.0003,2278.92011,2278.93139,0.01128,0.00023,-8E-05,-0.0009,0.00135,-0.0009,0.00135,49.19561,0.0016288,0,80000.708,79988.367,-0.708,11.633,True,False,False
415.42,INSERTION,COAST,80000.147,33.1423188,3.1923152,182.44719,0.69595,33.9672,0.00029,2278.92011,2278.93139,0.01128,0.00023,-8E-05,-0.00091,0.00135,-0.00091,0.00135,49.19561,0.0016308,0,80000.708,79988.365,-0.708,11.635,True,False,False
415.56,INSERTION,COAST,80000.141,33.1423188,3.1923152,182.53582,0.69561,33.90582,0.00028,2278.92011,2278.93139,0.01128,0.00023,-8E-05,-0.0009,0.00135,-0.0009,0.00135,49.19561,0.0016284,0,80000.707,79988.365,-0.707,11.635,True,False,False
415.7,INSERTION,COAST,80000.141,33.1423188,3.1923152,182.62458,0.69527,33.84677,0.00027,2278.92013,2278.9314,0.01127,0.00023,-8E-05,-0.00087,0.00135,-0.00087,0.00135,49.19561,0.0016068,0,80000.701,79988.369,-0.701,11.631,True,False,False
415.86,INSERTION,COAST,80000.142,33.1423188,3.1923152,182.72617,0.69488,33.76616,0.00025,2278.92013,2278.9314,0.01127,0.00023,-8E-05,-0.00087,0.00135,-0.00087,0.00135,49.19561,0.0016092,0,80000.701,79988.366,-0.701,11.634,True,False,False
416,INSERTION,COAST,80000.144,33.1423188,3.1923152,182.8152,0.69454,33.66176,0.00023,2278.92012,2278.9314,0.01128,0.00023,-8E-05,-0.00087,0.00135,-0.00087,0.00135,49.19561,0.0016122,0,80000.7,79988.353,-0.7,11.647,True,False,False
416.14,INSERTION,COAST,80000.146,33.1423188,3.1923152,182.90436,0.69421,33.5429,0.00021,2278.92012,2278.9314,0.01128,0.00023,-8E-05,-0.00088,0.00135,-0.00088,0.00135,49.19561,0.0016166,0,80000.7,79988.347,-0.7,11.653,True,False,False
416.28,INSERTION,COAST,80000.147,33.1423188,3.1923152,182.99364,0.69387,33.42491,0.0002,2278.92011,2278.93139,0.01128,0.00023,-8E-05,-0.00089,0.00135,-0.00089,0.00135,49.19561,0.0016217,0,80000.7,79988.347,-0.7,11.653,True,False,False
416.44,INSERTION,COAST,80000.149,33.1423188,3.1923152,183.09584,0.69348,33.30459,0.00019,2278.92012,2278.93139,0.01127,0.00023,-8E-05,-0.0009,0.00135,-0.0009,0.00135,49.19561,0.0016274,0,80000.7,79988.351,-0.7,11.649,True,False,False
416.58,INSERTION,COAST,80000.15,33.1423188,3.1923152,183.1854,0.69314,33.22024,0.00019,2278.92012,2278.93139,0.01126,0.00023,-8E-05,-0.00091,0.00135,-0.00091,0.00135,49.19561,0.0016317,0,80000.701,79988.358,-0.701,11.642,True,False,False
416.72,INSERTION,COAST,80000.151,33.1423188,3.1923152,183.27509,0.6928,33.1607,0.00019,2278.92013,2278.93139,0.01125,0.00023,-8E-05,-0.00092,0.00135,-0.00092,0.00135,49.19561,0.001635,0,80000.701,79988.367,-0.701,11.633,True,False,False
416.86,INSERTION,COAST,80000.152,33.1423188,3.1923152,183.3649,0.69246,33.12898,0.0002,2278.92014,2278.93138,0.01124,0.00023,-8E-05,-0.00093,0.00135,-0.00093,0.00135,49.19561,0.0016371,0,80000.701,79988.377,-0.701,11.623,True,False,False
417.02,INSERTION,COAST,80000.152,33.1423188,3.1923152,183.46771,0.69207,33.12901,0.0002,2278.92015,2278.93138,0.01123,0.00023,-8E-05,-0.00093,0.00135,-0.00093,0.00135,49.19561,0.0016377,0,80000.701,79988.39,-0.701,11.61,True,False,False
417.16,INSERTION,COAST,80000.151,33.1423188,3.1923152,183.5578,0.69173,33.15906,0.00021,2278.92016,2278.93138,0.01122,0.00023,-8E-05,-0.00093,0.00135,-0.00093,0.00135,49.19561,0.0016366,0,80000.701,79988.4,-0.701,11.6,True,False,False
417.3,INSERTION,COAST,80000.151,33.1423188,3.1923152,183.64802,0.69139,33.21139,0.00021,2278.92017,2278.93139,0.01122,0.00023,-8E-05,-0.00093,0.00135,-0.00093,0.00135,49.19561,0.0016341,0,80000.701,79988.409,-0.701,11.591,True,False,False
417.44,INSERTION,COAST,80000.15,33.1423188,3.1923152,183.73837,0.69105,33.28025,0.00021,2278.92017,2278.93139,0.01121,0.00023,-8E-05,-0.00092,0.00135,-0.00092,0.00135,49.19561,0.0016305,0,80000.701,79988.416,-0.701,11.584,True,False,False
417.6,INSERTION,COAST,80000.148,33.1423188,3.1923152,183.84179,0.69067,33.37075,0.0002,2278.92018,2278.93139,0.01121,0.00023,-8E-05,-0.00091,0.00135,-0.00091,0.00135,49.19561,0.0016255,0,80000.701,79988.421,-0.701,11.579,True,False,False
417.74,INSERTION,COAST,80000.147,33.1423188,3.1923152,183.93241,0.69033,33.45215,0.0002,2278.92018,2278.93139,0.01121,0.00023,-8E-05,-0.0009,0.00135,-0.0009,0.00135,49.19561,0.0016206,0,80000.701,79988.423,-0.701,11.577,True,False,False
417.88,INSERTION,COAST,80000.146,33.1423188,3.1923152,184.02317,0.68999,33.52493,0.00018,2278.92018,2278.93139,0.01122,0.00023,-8E-05,-0.00089,0.00135,-0.00089,0.00135,49.19561,0.0016158,0,80000.701,79988.42,-0.701,11.58,True,False,False
418.02,INSERTION,COAST,80000.145,33.1423188,3.1923152,184.11406,0.68964,33.57767,0.00016,2278.92017,2278.93139,0.01122,0.00023,-8E-05,-0.00088,0.00135,-0.00088,0.00135,49.19561,0.0016116,0,80000.701,79988.413,-0.701,11.587,True,False,False
418.18,INSERTION,COAST,80000.145,33.1423188,3.1923152,184.21809,0.68926,33.60298,0.00014,2278.92016,2278.93139,0.01124,0.00023,-8E-05,-0.00088,0.00135,-0.00088,0.00135,49.19561,0.001608,0,80000.701,79988.401,-0.701,11.599,True,False,False
418.32,INSERTION,COAST,80000.145,33.1423188,3.1923152,184.30926,0.68891,33.59078,0.00011,2278.92015,2278.9314,0.01125,0.00023,-8E-05,-0.00087,0.00135,-0.00087,0.00135,49.19561,0.0016065,0,80000.701,79988.389,-0.701,11.611,True,False,False
418.46,INSERTION,COAST,80000.146,33.1423188,3.1923152,184.40055,0.68857,33.54656,9E-05,2278.92014,2278.93139,0.01126,0.00023,-8E-05,-0.00087,0.00135,-0.00087,0.00135,49.19561,0.0016065,0,80000.701,79988.376,-0.701,11.624,True,False,False
418.6,INSERTION,COAST,80000.147,33.1423188,3.1923152,184.49198,0.68823,33.47594,6E-05,2278.92013,2278.93139,0.01126,0.00023,-8E-05,-0.00087,0.00135,-0.00087,0.00135,49.19561,0.0016081,0,80000.701,79988.366,-0.701,11.634,True,False,False
418.76,INSERTION,COAST,80000.148,33.1423188,3.1923152,184.59663,0.68784,33.3748,4E-05,2278.92012,2278.93139,0.01127,0.00023,-8E-05,-0.00088,0.00135,-0.00088,0.00135,49.19561,0.0016113,0,80000.701,79988.358,-0.701,11.642,True,False,False
418.9,INSERTION,COAST,80000.15,33.1423188,3.1923152,184.68835,0.6875,33.2809,3E-05,2278.92012,2278.93139,0.01127,0.00023,-8E-05,-0.00088,0.00135,-0.00088,0.00135,49.19561,0.0016149,0,80000.701,79988.356,-0.701,11.644,True,False,False
419.04,INSERTION,COAST,80000.151,33.1423188,3.1923152,184.78019,0.68716,33.19263,2E-05,2278.92012,2278.93139,0.01126,0.00023,-8E-05,-0.00089,0.00135,-0.00089,0.00135,49.19561,0.0016186,0,80000.701,79988.358,-0.701,11.642,True,False,False
419.18,INSERTION,COAST,80000.152,33.1423188,3.1923152,184.87217,0.68682,33.11625,2E-05,2278.92013,2278.93138,0.01126,0.00023,-8E-05,-0.0009,0.00135,-0.0009,0.00135,49.19561,0.001622,0,80000.701,79988.362,-0.701,11.638,True,False,False
419.34,INSERTION,COAST,80000.153,33.1423188,3.1923152,184.97744,0.68643,33.05046,2E-05,2278.92013,2278.93138,0.01125,0.00023,-8E-05,-0.0009,0.00135,-0.0009,0.00135,49.19561,0.0016252,0,80000.701,79988.369,-0.701,11.631,True,False,False
419.48,INSERTION,COAST,80000.154,33.1423188,3.1923152,185.0697,0.68608,33.01536,1E-05,2278.92014,2278.93138,0.01124,0.00023,-8E-05,-0.00091,0.00135,-0.00091,0.00135,49.19561,0.001627,0,80000.701,79988.376,-0.701,11.624,True,False,False
419.62,INSERTION,COAST,80000.154,33.1423188,3.1923152,185.1621,0.68574,33.0018,2E-05,2278.92015,2278.93138,0.01124,0.00023,-8E-05,-0.00091,0.00135,-0.00091,0.00135,49.19561,0.0016278,0,80000.701,79988.384,-0.701,11.616,True,False,False
419.76,INSERTION,COAST,80000.154,33.1423188,3.1923152,185.25462,0.6854,33.00924,2E-05,2278.92015,2278.93138,0.01123,0.00023,-8E-05,-0.00091,0.00135,-0.00091,0.00135,49.19561,0.0016274,0,80000.701,79988.392,-0.701,11.608,True,False,False
419.92,INSERTION,COAST,80000.153,33.1423188,3.1923152,185.36053,0.68501,33.04132,2E-05,2278.92016,2278.93138,0.01122,0.00023,-8E-05,-0.00091,0.00135,-0.00091,0.00135,49.19561,0.0016258,0,80000.701,79988.401,-0.701,11.599,True,False,False
420.06,INSERTION,COAST,80000.153,33.1423188,3.1923152,185.45335,0.68466,33.08604,2E-05,2278.92016,2278.93138,0.01122,0.00023,-8E-05,-0.00091,0.00135,-0.00091,0.00135,49.19561,0.0016232,0,80000.701,79988.407,-0.701,11.593,True,False,False
420.2,INSERTION,COAST,80000.152,33.1423188,3.1923152,185.54629,0.68432,33.14006,1E-05,2278.92017,2278.93138,0.01122,0.00023,-8E-05,-0.0009,0.00135,-0.0009,0.00135,49.19561,0.00162,0,80000.701,79988.411,-0.701,11.589,True,False,False
420.34,INSERTION,COAST,80000.151,33.1423188,3.1923152,185.63937,0.68398,33.19777,0,2278.92017,2278.93138,0.01122,0.00023,-8E-05,-0.0009,0.00135,-0.0009,0.00135,49.19561,0.0016164,0,80000.701,79988.413,-0.701,11.587,True,False,False
420.5,INSERTION,COAST,80000.15,33.1423188,3.1923152,185.74592,0.68359,33.26068,-1E-05,2278.92017,2278.93139,0.01122,0.00023,-8E-05,-0.00089,0.00135,-0.00089,0.00135,49.19561,0.0016121,0,80000.701,79988.413,-0.701,11.587,True,False,False
420.64,INSERTION,COAST,80000.15,33.1423188,3.1923152,185.83928,0.68324,33.30352,-2E-05,2278.92017,2278.93139,0.01122,0.00023,-8E-05,-0.00088,0.00135,-0.00088,0.00135,49.19561,0.0016086,0,80000.701,79988.409,-0.701,11.591,True,False,False
420.78,INSERTION,COAST,80000.149,33.1423188,3.1923152,185.93279,0.6829,33.32645,-4E-05,2278.92016,2278.93139,0.01123,0.00023,-8E-05,-0.00087,0.00135,-0.00087,0.00135,49.19561,0.0016057,0,80000.701,79988.402,-0.701,11.598,True,False,False
420.92,INSERTION,COAST,80000.149,33.1423188,3.1923152,186.02643,0.68255,33.32509,-6E-05,2278.92015,2278.93139,0.01124,0.00023,-8E-05,-0.00087,0.00135,-0.00087,0.00135,49.19561,0.0016039,0,80000.701,79988.392,-0.701,11.608,True,False,False
421.08,INSERTION,COAST,80000.15,33.1423188,3.1923152,186.13361,0.68216,33.29291,-9E-05,2278.92014,2278.93139,0.01125,0.00023,-8E-05,-0.00087,0.00135,-0.00087,0.00135,49.19561,0.0016033,0,80000.701,79988.382,-0.701,11.618,True,False,False
421.22,INSERTION,COAST,80000.15,33.1423188,3.1923152,186.22754,0.68182,33.2414,-0.00011,2278.92014,2278.93139,0.01125,0.00023,-8E-05,-0.00087,0.00135,-0.00087,0.00135,49.19561,0.001604,0,80000.701,79988.373,-0.701,11.627,True,False,False
421.36,INSERTION,COAST,80000.151,33.1423188,3.1923152,186.3216,0.68147,33.1741,-0.00013,2278.92013,2278.93139,0.01126,0.00023,-8E-05,-0.00087,0.00135,-0.00087,0.00135,49.19561,0.0016057,0,80000.701,79988.367,-0.701,11.633,True,False,False
421.5,INSERTION,COAST,80000.152,33.1423188,3.1923152,186.4158,0.68113,33.09921,-0.00014,2278.92013,2278.93138,0.01126,0.00023,-8E-05,-0.00087,0.00135,-0.00087,0.00135,49.19561,0.0016081,0,80000.701,79988.364,-0.701,11.636,True,False,False
421.66,INSERTION,COAST,80000.154,33.1423188,3.1923152,186.52363,0.68074,33.01565,-0.00015,2278.92013,2278.93138,0.01125,0.00023,-8E-05,-0.00088,0.00135,-0.00088,0.00135,49.19561,0.0016112,0,80000.701,79988.364,-0.701,11.636,True,False,False
421.8,INSERTION,COAST,80000.155,33.1423188,3.1923152,186.61812,0.68039,32.95034,-0.00016,2278.92013,2278.93138,0.01125,0.00023,-8E-05,-0.00089,0.00135,-0.00089,0.00135,49.19561,0.0016138,0,80000.701,79988.366,-0.701,11.634,True,False,False
421.94,INSERTION,COAST,80000.155,33.1423188,3.1923152,186.71276,0.68005,32.89673,-0.00016,2278.92013,2278.93138,0.01124,0.00023,-8E-05,-0.00089,0.00135,-0.00089,0.00135,49.19561,0.001616,0,80000.701,79988.37,-0.701,11.63,True,False,False
422.08,INSERTION,COAST,80000.156,33.1423188,3.1923152,186.80753,0.6797,32.8577,-0.00017,2278.92014,2278.93138,0.01124,0.00023,-8E-05,-0.00089,0.00135,-0.00089,0.00135,49.19561,0.0016176,0,80000.701,79988.376,-0.701,11.624,True,False,False
422.24,INSERTION,COAST,80000.156,33.1423188,3.1923152,186.916,0.67931,32.83374,-0.00017,2278.92014,2278.93138,0.01123,0.00023,-8E-05,-0.0009,0.00135,-0.0009,0.00135,49.19561,0.0016186,0,80000.701,79988.383,-0.701,11.617,True,False,False
422.38,INSERTION,COAST,80000.156,33.1423188,3.1923152,187.01107,0.67896,32.83117,-0.00017,2278.92015,2278.93138,0.01123,0.00023,-8E-05,-0.0009,0.00135,-0.0009,0.00135,49.19561,0.0016184,0,80000.701,79988.389,-0.701,11.611,True,False,False
422.52,INSERTION,COAST,80000.156,33.1423188,3.1923152,187.10627,0.67862,32.84359,-0.00017,2278.92015,2278.93138,0.01122,0.00023,-8E-05,-0.0009,0.00135,-0.0009,0.00135,49.19561,0.0016175,0,80000.701,79988.395,-0.701,11.605,True,False,False
422.66,INSERTION,COAST,80000.156,33.1423188,3.1923152,187.20161,0.67827,32.86844,-0.00017,2278.92016,2278.93138,0.01122,0.00023,-8E-05,-0.00089,0.00135,-0.00089,0.00135,49.19561,0.0016158,0,80000.701,79988.4,-0.701,11.6,True,False,False
422.82,INSERTION,COAST,80000.155,33.1423188,3.1923152,187.31074,0.67787,32.90799,-0.00018,2278.92016,2278.93138,0.01122,0.00023,-8E-05,-0.00089,0.00135,-0.00089,0.00135,49.19561,0.0016131,0,80000.701,79988.404,-0.701,11.596,True,False,False
422.96,INSERTION,COAST,80000.154,33.1423188,3.1923152,187.40638,0.67753,32.9479,-0.00019,2278.92016,2278.93138,0.01121,0.00023,-8E-05,-0.00089,0.00135,-0.00089,0.00135,49.19561,0.0016104,0,80000.701,79988.406,-0.701,11.594,True,False,False
423.1,INSERTION,COAST,80000.154,33.1423188,3.1923152,187.50215,0.67718,32.98755,-0.0002,2278.92016,2278.93138,0.01122,0.00023,-8E-05,-0.00088,0.00135,-0.00088,0.00135,49.19561,0.0016074,0,80000.701,79988.407,-0.701,11.593,True,False,False
423.24,INSERTION,COAST,80000.153,33.1423188,3.1923152,187.59807,0.67684,33.02079,-0.00021,2278.92016,2278.93138,0.01122,0.00023,-8E-05,-0.00087,0.00135,-0.00087,0.00135,49.19561,0.0016045,0,80000.701,79988.405,-0.701,11.595,True,False,False
423.4,INSERTION,COAST,80000.153,33.1423188,3.1923152,187.70786,0.67644,33.04281,-0.00023,2278.92016,2278.93138,0.01122,0.00023,-8E-05,-0.00087,0.00135,-0.00087,0.00135,49.19561,0.0016016,0,80000.701,79988.399,-0.701,11.601,True,False,False
423.54,INSERTION,COAST,80000.153,33.1423188,3.1923152,187.80407,0.67609,33.04361,-0.00024,2278.92015,2278.93138,0.01123,0.00023,-8E-05,-0.00086,0.00135,-0.00086,0.00135,49.19561,0.0015999,0,80000.701,79988.393,-0.701,11.607,True,False,False
423.68,INSERTION,COAST,80000.153,33.1423188,3.1923152,187.90043,0.67575,33.02486,-0.00026,2278.92015,2278.93138,0.01123,0.00023,-8E-05,-0.00086,0.00135,-0.00086,0.00135,49.19561,0.001599,0,80000.701,79988.386,-0.701,11.614,True,False,False
423.82,INSERTION,COAST,80000.154,33.1423188,3.1923152,187.99692,0.6754,32.98781,-0.00028,2278.92014,2278.93138,0.01124,0.00023,-8E-05,-0.00086,0.00135,-0.00086,0.00135,49.19561,0.0015991,0,80000.701,79988.379,-0.701,11.621,True,False,False
423.98,INSERTION,COAST,80000.154,33.1423188,3.1923152,188.10738,0.675,32.92815,-0.0003,2278.92014,2278.93138,0.01124,0.00023,-8E-05,-0.00086,0.00135,-0.00086,0.00135,49.19561,0.0016002,0,80000.701,79988.372,-0.701,11.628,True,False,False
424.12,INSERTION,COAST,80000.155,33.1423188,3.1923152,188.20417,0.67466,32.86722,-0.00032,2278.92013,2278.93138,0.01124,0.00023,-8E-05,-0.00086,0.00135,-0.00086,0.00135,49.19561,0.0016018,0,80000.701,79988.369,-0.701,11.631,True,False,False
424.26,INSERTION,COAST,80000.156,33.1423188,3.1923152,188.30111,0.67431,32.80552,-0.00033,2278.92013,2278.93138,0.01124,0.00023,-8E-05,-0.00087,0.00135,-0.00087,0.00135,49.19561,0.0016037,0,80000.701,79988.368,-0.701,11.632,True,False,False
424.4,INSERTION,COAST,80000.157,33.1423188,3.1923152,188.39819,0.67396,32.74812,-0.00033,2278.92014,2278.93138,0.01124,0.00023,-8E-05,-0.00087,0.00135,-0.00087,0.00135,49.19561,0.0016057,0,80000.701,79988.37,-0.701,11.63,True,False,False
424.56,INSERTION,COAST,80000.158,33.1423188,3.1923152,188.50932,0.67356,32.6926,-0.00034,2278.92014,2278.93137,0.01124,0.00023,-8E-05,-0.00088,0.00135,-0.00088,0.00135,49.19561,0.0016077,0,80000.701,79988.373,-0.701,11.627,True,False,False
424.7,INSERTION,COAST,80000.158,33.1423188,3.1923152,188.6067,0.67322,32.65575,-0.00035,2278.92014,2278.93137,0.01123,0.00023,-8E-05,-0.00088,0.00135,-0.00088,0.00135,49.19561,0.0016089,0,80000.701,79988.377,-0.701,11.623,True,False,False
424.84,INSERTION,COAST,80000.159,33.1423188,3.1923152,188.70423,0.67287,32.63122,-0.00035,2278.92015,2278.93137,0.01123,0.00023,-8E-05,-0.00088,0.00135,-0.00088,0.00135,49.19561,0.0016096,0,80000.701,79988.381,-0.701,11.619,True,False,False
424.98,INSERTION,COAST,80000.159,33.1423188,3.1923152,188.8019,0.67252,32.61943,-0.00035,2278.92015,2278.93137,0.01122,0.00023,-8E-05,-0.00088,0.00135,-0.00088,0.00135,49.19561,0.0016097,0,80000.701,79988.386,-0.701,11.614,True,False,False
425.14,INSERTION,COAST,80000.159,33.1423188,3.1923152,188.9137,0.67212,32.62129,-0.00036,2278.92015,2278.93137,0.01122,0.00023,-8E-05,-0.00088,0.00134,-0.00088,0.00134,49.19561,0.001609,0,80000.701,79988.392,-0.701,11.608,True,False,False
425.28,INSERTION,COAST,80000.158,33.1423188,3.1923152,189.01167,0.67177,32.63466,-0.00036,2278.92016,2278.93137,0.01121,0.00023,-8E-05,-0.00088,0.00134,-0.00088,0.00134,49.19561,0.0016077,0,80000.701,79988.396,-0.701,11.604,True,False,False
425.42,INSERTION,COAST,80000.158,33.1423188,3.1923152,189.10979,0.67143,32.65567,-0.00037,2278.92016,2278.93137,0.01121,0.00023,-8E-05,-0.00088,0.00134,-0.00088,0.00134,49.19561,0.0016059,0,80000.701,79988.399,-0.701,11.601,True,False,False
425.56,INSERTION,COAST,80000.158,33.1423188,3.1923152,189.20805,0.67108,32.6812,-0.00037,2278.92016,2278.93137,0.01121,0.00023,-8E-05,-0.00087,0.00134,-0.00087,0.00134,49.19561,0.0016038,0,80000.701,79988.401,-0.701,11.599,True,False,False
425.72,INSERTION,COAST,80000.157,33.1423188,3.1923152,189.32053,0.67068,32.71187,-0.00038,2278.92016,2278.93137,0.01121,0.00023,-8E-05,-0.00087,0.00134,-0.00087,0.00134,49.19561,0.0016011,0,80000.701,79988.402,-0.701,11.598,True,False,False
425.86,INSERTION,COAST,80000.157,33.1423188,3.1923152,189.4191,0.67033,32.73539,-0.00039,2278.92016,2278.93138,0.01121,0.00023,-8E-05,-0.00087,0.00134,-0.00087,0.00134,49.19561,0.0015987,0,80000.701,79988.401,-0.701,11.599,True,False,False
426,INSERTION,COAST,80000.156,33.1423188,3.1923152,189.51782,0.66998,32.74973,-0.00041,2278.92016,2278.93138,0.01122,0.00023,-8E-05,-0.00086,0.00134,-0.00086,0.00134,49.19561,0.0015965,0,80000.701,79988.398,-0.701,11.602,True,False,False
426.12,INSERTION,COAST,80000.156,33.1423188,3.1923152,189.61668,0.66963,32.75101,-0.00042,2278.92016,2278.93138,0.01122,0.00023,-8E-05,-0.00086,0.00134,-0.00086,0.00134,49.19561,0.0015949,0,80000.701,79988.393,-0.701,11.607,True,False,False
426.3,INSERTION,COAST,80000.149,33.1423188,3.1923152,189.72984,0.66923,32.73413,-0.00044,2278.92017,2278.93139,0.01122,0.00023,-8E-05,-0.00082,0.00134,-0.00082,0.00134,49.19561,0.0015753,0,80000.695,79988.389,-0.695,11.611,True,False,False
426.44,INSERTION,COAST,80000.149,33.1423188,3.1923152,189.82901,0.66888,32.6903,-0.00046,2278.92017,2278.93139,0.01122,0.00023,-8E-05,-0.0008,0.00135,-0.0008,0.00135,49.19561,0.0015661,0,80000.693,79988.382,-0.693,11.618,True,False,False
426.58,INSERTION,COAST,80000.151,33.1423188,3.1923152,189.92832,0.66853,32.58964,-0.0005,2278.92015,2278.93139,0.01124,0.00023,-8E-05,-0.0008,0.00135,-0.0008,0.00135,49.19561,0.0015675,0,80000.693,79988.36,-0.693,11.64,True,False,False
426.72,INSERTION,COAST,80000.153,33.1423188,3.1923152,190.02779,0.66818,32.43511,-0.00054,2278.92013,2278.93138,0.01125,0.00023,-8E-05,-0.00081,0.00135,-0.00081,0.00135,49.19561,0.0015716,0,80000.693,79988.339,-0.693,11.661,True,False,False
426.88,INSERTION,COAST,80000.156,33.1423188,3.1923152,190.14164,0.66778,32.22156,-0.00057,2278.92012,2278.93138,0.01126,0.00023,-8E-05,-0.00082,0.00135,-0.00082,0.00135,49.19561,0.0015791,0,80000.693,79988.326,-0.693,11.674,True,False,False
427.02,INSERTION,COAST,80000.159,33.1423188,3.1923152,190.24142,0.66743,32.03033,-0.00058,2278.92012,2278.93138,0.01125,0.00023,-8E-05,-0.00084,0.00135,-0.00084,0.00135,49.19561,0.0015869,0,80000.693,79988.324,-0.693,11.676,True,False,False
427.16,INSERTION,COAST,80000.161,33.1423188,3.1923152,190.34134,0.66708,31.85572,-0.00059,2278.92013,2278.93137,0.01125,0.00023,-8E-05,-0.00085,0.00135,-0.00085,0.00135,49.19561,0.0015949,0,80000.693,79988.329,-0.693,11.671,True,False,False
427.3,INSERTION,COAST,80000.163,33.1423188,3.1923152,190.44141,0.66673,31.71084,-0.00058,2278.92013,2278.93137,0.01123,0.00023,-8E-05,-0.00087,0.00135,-0.00087,0.00135,49.19561,0.0016021,0,80000.693,79988.339,-0.693,11.661,True,False,False
427.46,INSERTION,COAST,80000.165,33.1423188,3.1923152,190.55596,0.66633,31.596,-0.00057,2278.92015,2278.93136,0.01122,0.00023,-8E-05,-0.00088,0.00134,-0.00088,0.00134,49.19561,0.0016087,0,80000.693,79988.356,-0.693,11.644,True,False,False
427.6,INSERTION,COAST,80000.165,33.1423188,3.1923152,190.65635,0.66598,31.54675,-0.00056,2278.92016,2278.93136,0.0112,0.00023,-8E-05,-0.00089,0.00134,-0.00089,0.00134,49.19561,0.0016121,0,80000.693,79988.372,-0.693,11.628,True,False,False
427.74,INSERTION,COAST,80000.165,33.1423188,3.1923152,190.75689,0.66563,31.54511,-0.00054,2278.92018,2278.93136,0.01118,0.00023,-7E-05,-0.0009,0.00134,-0.0009,0.00134,49.19561,0.0016131,0,80000.693,79988.39,-0.693,11.61,True,False,False
427.88,INSERTION,COAST,80000.165,33.1423188,3.1923152,190.85757,0.66528,31.58841,-0.00053,2278.92019,2278.93136,0.01117,0.00023,-7E-05,-0.0009,0.00134,-0.0009,0.00134,49.19561,0.0016118,0,80000.693,79988.406,-0.693,11.594,True,False,False
428.04,INSERTION,COAST,80000.163,33.1423188,3.1923152,190.97282,0.66488,31.68658,-0.00052,2278.92021,2278.93136,0.01116,0.00023,-7E-05,-0.00089,0.00134,-0.00089,0.00134,49.19561,0.0016076,0,80000.692,79988.424,-0.692,11.576,True,False,False
428.18,INSERTION,COAST,80000.161,33.1423188,3.1923152,191.07382,0.66452,31.80509,-0.00051,2278.92022,2278.93137,0.01115,0.00023,-7E-05,-0.00088,0.00134,-0.00088,0.00134,49.19561,0.0016017,0,80000.692,79988.436,-0.692,11.564,True,False,False
428.32,INSERTION,COAST,80000.159,33.1423188,3.1923152,191.17497,0.66417,31.93949,-0.00051,2278.92022,2278.93137,0.01115,0.00023,-7E-05,-0.00087,0.00134,-0.00087,0.00134,49.19561,0.0015945,0,80000.692,79988.443,-0.692,11.557,True,False,False
428.46,INSERTION,COAST,80000.157,33.1423188,3.1923152,191.27627,0.66382,32.07694,-0.00052,2278.92022,2278.93137,0.01115,0.00023,-7E-05,-0.00086,0.00134,-0.00086,0.00134,49.19561,0.0015866,0,80000.692,79988.446,-0.692,11.554,True,False,False
428.62,INSERTION,COAST,80000.155,33.1423188,3.1923152,191.39223,0.66342,32.21829,-0.00053,2278.92022,2278.93138,0.01116,0.00023,-7E-05,-0.00084,0.00134,-0.00084,0.00134,49.19561,0.0015778,0,80000.692,79988.442,-0.692,11.558,True,False,False
428.76,INSERTION,COAST,80000.154,33.1423188,3.1923152,191.49385,0.66307,32.30655,-0.00056,2278.92021,2278.93138,0.01117,0.00023,-7E-05,-0.00082,0.00134,-0.00082,0.00134,49.19561,0.001571,0,80000.692,79988.43,-0.692,11.57,True,False,False
428.9,INSERTION,COAST,80000.153,33.1423188,3.1923152,191.59562,0.66271,32.34466,-0.00059,2278.9202,2278.93138,0.01118,0.00023,-7E-05,-0.00081,0.00134,-0.00081,0.00134,49.19561,0.0015661,0,80000.693,79988.412,-0.693,11.588,True,False,False
429.04,INSERTION,COAST,80000.153,33.1423188,3.1923152,191.69754,0.66236,32.32566,-0.00063,2278.92018,2278.93138,0.0112,0.00023,-8E-05,-0.0008,0.00134,-0.0008,0.00134,49.19561,0.0015636,0,80000.693,79988.391,-0.693,11.609,True,False,False
429.2,INSERTION,COAST,80000.154,33.1423188,3.1923152,191.81421,0.66196,32.23653,-0.00067,2278.92016,2278.93138,0.01122,0.00023,-8E-05,-0.0008,0.00134,-0.0008,0.00134,49.19561,0.0015641,0,80000.693,79988.367,-0.693,11.633,True,False,False
429.34,INSERTION,COAST,80000.156,33.1423188,3.1923152,191.91645,0.66161,32.11102,-0.00071,2278.92015,2278.93138,0.01123,0.00023,-8E-05,-0.0008,0.00135,-0.0008,0.00135,49.19561,0.0015671,0,80000.693,79988.35,-0.693,11.65,True,False,False
429.48,INSERTION,COAST,80000.158,33.1423188,3.1923152,192.01885,0.66125,31.95801,-0.00073,2278.92014,2278.93138,0.01124,0.00023,-8E-05,-0.00081,0.00135,-0.00081,0.00135,49.19561,0.0015721,0,80000.693,79988.339,-0.693,11.661,True,False,False
429.62,INSERTION,COAST,80000.161,33.1423188,3.1923152,192.1214,0.6609,31.79824,-0.00075,2278.92014,2278.93137,0.01124,0.00023,-8E-05,-0.00082,0.00135,-0.00082,0.00135,49.19561,0.0015782,0,80000.693,79988.336,-0.693,11.664,True,False,False
429.78,INSERTION,COAST,80000.163,33.1423188,3.1923152,192.23878,0.6605,31.62976,-0.00075,2278.92014,2278.93137,0.01123,0.00023,-8E-05,-0.00084,0.00134,-0.00084,0.00134,49.19561,0.0015854,0,80000.693,79988.34,-0.693,11.66,True,False,False
429.92,INSERTION,COAST,80000.165,33.1423188,3.1923152,192.34166,0.66014,31.50696,-0.00075,2278.92015,2278.93136,0.01122,0.00023,-8E-05,-0.00085,0.00134,-0.00085,0.00134,49.19561,0.0015911,0,80000.693,79988.348,-0.693,11.652,True,False,False
430.06,INSERTION,COAST,80000.166,33.1423188,3.1923152,192.44468,0.65979,31.41567,-0.00075,2278.92016,2278.93136,0.01121,0.00023,-8E-05,-0.00086,0.00134,-0.00086,0.00134,49.19561,0.0015958,0,80000.693,79988.359,-0.693,11.641,True,False,False
430.2,INSERTION,COAST,80000.167,33.1423188,3.1923152,192.54787,0.65944,31.36116,-0.00074,2278.92017,2278.93136,0.01119,0.00023,-8E-05,-0.00087,0.00134,-0.00087,0.00134,49.19561,0.0015988,0,80000.693,79988.372,-0.693,11.628,True,False,False
430.36,INSERTION,COAST,80000.167,33.1423188,3.1923152,192.66598,0.65903,31.34815,-0.00073,2278.92018,2278.93136,0.01118,0.00023,-7E-05,-0.00088,0.00134,-0.00088,0.00134,49.19561,0.0016002,0,80000.693,79988.389,-0.693,11.611,True,False,False
430.5,INSERTION,COAST,80000.166,33.1423188,3.1923152,192.76949,0.65868,31.37864,-0.00072,2278.92019,2278.93136,0.01117,0.00023,-7E-05,-0.00088,0.00134,-0.00088,0.00134,49.19561,0.0015991,0,80000.693,79988.403,-0.693,11.597,True,False,False
430.64,INSERTION,COAST,80000.165,33.1423188,3.1923152,192.87315,0.65833,31.44107,-0.00071,2278.9202,2278.93136,0.01116,0.00023,-7E-05,-0.00087,0.00134,-0.00087,0.00134,49.19561,0.0015961,0,80000.692,79988.415,-0.692,11.585,True,False,False
430.78,INSERTION,COAST,80000.164,33.1423188,3.1923152,192.97697,0.65797,31.52797,-0.00071,2278.92021,2278.93136,0.01115,0.00023,-7E-05,-0.00087,0.00134,-0.00087,0.00134,49.19561,0.0015916,0,80000.692,79988.425,-0.692,11.575,True,False,False
430.94,INSERTION,COAST,80000.162,33.1423188,3.1923152,193.0958,0.65757,31.64586,-0.00071,2278.92022,2278.93137,0.01115,0.00023,-7E-05,-0.00085,0.00134,-0.00085,0.00134,49.19561,0.0015851,0,80000.692,79988.432,-0.692,11.568,True,False,False
431.08,INSERTION,COAST,80000.16,33.1423188,3.1923152,193.19995,0.65721,31.75405,-0.00071,2278.92022,2278.93137,0.01115,0.00023,-7E-05,-0.00084,0.00134,-0.00084,0.00134,49.19561,0.0015787,0,80000.692,79988.435,-0.692,11.565,True,False,False
431.22,INSERTION,COAST,80000.159,33.1423188,3.1923152,193.30426,0.65686,31.85358,-0.00073,2278.92022,2278.93137,0.01115,0.00023,-7E-05,-0.00083,0.00134,-0.00083,0.00134,49.19561,0.0015722,0,80000.692,79988.433,-0.692,11.567,True,False,False
431.36,INSERTION,COAST,80000.157,33.1423188,3.1923152,193.40871,0.6565,31.92706,-0.00075,2278.92021,2278.93137,0.01116,0.00023,-7E-05,-0.00082,0.00134,-0.00082,0.00134,49.19561,0.0015664,0,80000.692,79988.424,-0.692,11.576,True,False,False
431.52,INSERTION,COAST,80000.157,33.1423188,3.1923152,193.52829,0.6561,31.96315,-0.00078,2278.9202,2278.93138,0.01118,0.00023,-7E-05,-0.0008,0.00134,-0.0008,0.00134,49.19561,0.0015615,0,80000.692,79988.408,-0.692,11.592,True,False,False
431.66,INSERTION,COAST,80000.157,33.1423188,3.1923152,193.63308,0.65574,31.94631,-0.00081,2278.92019,2278.93138,0.01119,0.00023,-7E-05,-0.0008,0.00134,-0.0008,0.00134,49.19561,0.0015594,0,80000.693,79988.391,-0.693,11.609,True,False,False
431.8,INSERTION,COAST,80000.158,33.1423188,3.1923152,193.73802,0.65539,31.88331,-0.00085,2278.92017,2278.93138,0.0112,0.00023,-8E-05,-0.00079,0.00134,-0.00079,0.00134,49.19561,0.0015593,0,80000.693,79988.374,-0.693,11.626,True,False,False
431.94,INSERTION,COAST,80000.159,33.1423188,3.1923152,193.84313,0.65503,31.7817,-0.00087,2278.92016,2278.93137,0.01121,0.00023,-8E-05,-0.0008,0.00134,-0.0008,0.00134,49.19561,0.0015613,0,80000.693,79988.359,-0.693,11.641,True,False,False
432.1,INSERTION,COAST,80000.161,33.1423188,3.1923152,193.96344,0.65462,31.63538,-0.0009,2278.92015,2278.93137,0.01122,0.00023,-8E-05,-0.0008,0.00134,-0.0008,0.00134,49.19561,0.0015657,0,80000.693,79988.348,-0.693,11.652,True,False,False
432.24,INSERTION,COAST,80000.163,33.1423188,3.1923152,194.06888,0.65427,31.49923,-0.00092,2278.92015,2278.93137,0.01122,0.00023,-8E-05,-0.00081,0.00134,-0.00081,0.00134,49.19561,0.0015706,0,80000.693,79988.345,-0.693,11.655,True,False,False
432.38,INSERTION,COAST,80000.165,33.1423188,3.1923152,194.17448,0.65391,31.37154,-0.00092,2278.92015,2278.93136,0.01121,0.00023,-8E-05,-0.00083,0.00134,-0.00083,0.00134,49.19561,0.0015757,0,80000.693,79988.347,-0.693,11.653,True,False,False
432.52,INSERTION,COAST,80000.166,33.1423188,3.1923152,194.28024,0.65356,31.26169,-0.00092,2278.92016,2278.93136,0.0112,0.00023,-8E-05,-0.00084,0.00134,-0.00084,0.00134,49.19561,0.0015804,0,80000.693,79988.353,-0.693,11.647,True,False,False
432.68,INSERTION,COAST,80000.168,33.1423188,3.1923152,194.4013,0.65315,31.16847,-0.00092,2278.92017,2278.93136,0.01119,0.00023,-8E-05,-0.00085,0.00134,-0.00085,0.00134,49.19561,0.0015848,0,80000.693,79988.364,-0.693,11.636,True,False,False
432.82,INSERTION,COAST,80000.168,33.1423188,3.1923152,194.5074,0.65279,31.12059,-0.00092,2278.92018,2278.93136,0.01118,0.00023,-7E-05,-0.00085,0.00134,-0.00085,0.00134,49.19561,0.0015872,0,80000.693,79988.375,-0.693,11.625,True,False,False
432.96,INSERTION,COAST,80000.168,33.1423188,3.1923152,194.61366,0.65244,31.10493,-0.00091,2278.92019,2278.93136,0.01117,0.00023,-7E-05,-0.00086,0.00134,-0.00086,0.00134,49.19561,0.001588,0,80000.693,79988.386,-0.693,11.614,True,False,False
433.1,INSERTION,COAST,80000.168,33.1423188,3.1923152,194.72007,0.65208,31.12035,-0.0009,2278.9202,2278.93136,0.01116,0.00023,-7E-05,-0.00086,0.00134,-0.00086,0.00134,49.19561,0.0015873,0,80000.693,79988.398,-0.693,11.602,True,False,False
433.26,INSERTION,COAST,80000.167,33.1423188,3.1923152,194.84188,0.65167,31.17249,-0.0009,2278.92021,2278.93136,0.01115,0.00023,-7E-05,-0.00085,0.00134,-0.00085,0.00134,49.19561,0.0015847,0,80000.692,79988.41,-0.692,11.59,True,False,False
433.4,INSERTION,COAST,80000.166,33.1423188,3.1923152,194.94864,0.65132,31.2419,-0.00089,2278.92021,2278.93136,0.01115,0.00023,-7E-05,-0.00085,0.00133,-0.00085,0.00133,49.19561,0.0015808,0,80000.692,79988.418,-0.692,11.582,True,False,False
433.54,INSERTION,COAST,80000.164,33.1423188,3.1923152,195.05556,0.65096,31.32378,-0.0009,2278.92022,2278.93136,0.01114,0.00023,-7E-05,-0.00084,0.00133,-0.00084,0.00133,49.19561,0.001576,0,80000.692,79988.424,-0.692,11.576,True,False,False
433.68,INSERTION,COAST,80000.163,33.1423188,3.1923152,195.16264,0.6506,31.40938,-0.0009,2278.92022,2278.93136,0.01114,0.00023,-7E-05,-0.00083,0.00133,-0.00083,0.00133,49.19561,0.0015707,0,80000.692,79988.426,-0.692,11.574,True,False,False
433.84,INSERTION,COAST,80000.161,33.1423188,3.1923152,195.28521,0.65019,31.50038,-0.00092,2278.92022,2278.93137,0.01115,0.00023,-7E-05,-0.00082,0.00133,-0.00082,0.00133,49.19561,0.0015645,0,80000.692,79988.425,-0.692,11.575,True,False,False
433.98,INSERTION,COAST,80000.16,33.1423188,3.1923152,195.39263,0.64984,31.55787,-0.00094,2278.92022,2278.93137,0.01115,0.00023,-7E-05,-0.00081,0.00134,-0.00081,0.00134,49.19561,0.0015596,0,80000.692,79988.418,-0.692,11.582,True,False,False
434.12,INSERTION,COAST,80000.16,33.1423188,3.1923152,195.50021,0.64948,31.58199,-0.00096,2278.92021,2278.93137,0.01116,0.00023,-7E-05,-0.0008,0.00134,-0.0008,0.00134,49.19561,0.0015558,0,80000.692,79988.406,-0.692,11.594,True,False,False
434.26,INSERTION,COAST,80000.16,33.1423188,3.1923152,195.60795,0.64912,31.56694,-0.00099,2278.92019,2278.93137,0.01118,0.00023,-7E-05,-0.00079,0.00134,-0.00079,0.00134,49.19561,0.0015537,0,80000.693,79988.392,-0.693,11.608,True,False,False
434.42,INSERTION,COAST,80000.161,33.1423188,3.1923152,195.73129,0.64871,31.50229,-0.00102,2278.92018,2278.93137,0.01119,0.00023,-7E-05,-0.00079,0.00134,-0.00079,0.00134,49.19561,0.0015535,0,80000.693,79988.375,-0.693,11.625,True,False,False
434.56,INSERTION,COAST,80000.162,33.1423188,3.1923152,195.83938,0.64835,31.41131,-0.00105,2278.92017,2278.93137,0.0112,0.00023,-8E-05,-0.00079,0.00134,-0.00079,0.00134,49.19561,0.0015552,0,80000.693,79988.363,-0.693,11.637,True,False,False
434.7,INSERTION,COAST,80000.164,33.1423188,3.1923152,195.94764,0.648,31.2994,-0.00107,2278.92017,2278.93137,0.0112,0.00023,-8E-05,-0.00079,0.00134,-0.00079,0.00134,49.19561,0.0015583,0,80000.693,79988.355,-0.693,11.645,True,False,False
434.84,INSERTION,COAST,80000.165,33.1423188,3.1923152,196.05605,0.64764,31.18084,-0.00109,2278.92016,2278.93136,0.0112,0.00023,-8E-05,-0.0008,0.00134,-0.0008,0.00134,49.19561,0.0015623,0,80000.694,79988.352,-0.694,11.648,True,False,False
435,INSERTION,COAST,80000.167,33.1423188,3.1923152,196.18016,0.64723,31.05393,-0.00109,2278.92017,2278.93136,0.01119,0.00023,-8E-05,-0.00081,0.00134,-0.00081,0.00134,49.19561,0.0015671,0,80000.693,79988.354,-0.693,11.646,True,False,False
435.14,INSERTION,COAST,80000.168,33.1423188,3.1923152,196.28893,0.64687,30.95919,-0.0011,2278.92017,2278.93136,0.01119,0.00023,-7E-05,-0.00082,0.00134,-0.00082,0.00134,49.19561,0.0015709,0,80000.693,79988.359,-0.693,11.641,True,False,False
435.28,INSERTION,COAST,80000.169,33.1423188,3.1923152,196.39786,0.64651,30.88607,-0.0011,2278.92018,2278.93136,0.01118,0.00023,-7E-05,-0.00083,0.00134,-0.00083,0.00134,49.19561,0.0015739,0,80000.693,79988.366,-0.693,11.634,True,False,False
435.42,INSERTION,COAST,80000.17,33.1423188,3.1923152,196.50696,0.64615,30.83856,-0.00109,2278.92019,2278.93135,0.01117,0.00023,-7E-05,-0.00083,0.00134,-0.00083,0.00134,49.19561,0.0015759,0,80000.693,79988.375,-0.693,11.625,True,False,False
435.58,INSERTION,COAST,80000.17,33.1423188,3.1923152,196.63184,0.64574,30.819,-0.00109,2278.9202,2278.93135,0.01116,0.00023,-7E-05,-0.00084,0.00134,-0.00084,0.00134,49.19561,0.0015767,0,80000.693,79988.387,-0.693,11.613,True,False,False
435.72,INSERTION,COAST,80000.17,33.1423188,3.1923152,196.7413,0.64538,30.8316,-0.00108,2278.9202,2278.93135,0.01115,0.00023,-7E-05,-0.00084,0.00133,-0.00084,0.00133,49.19561,0.0015759,0,80000.693,79988.397,-0.693,11.603,True,False,False
435.86,INSERTION,COAST,80000.169,33.1423188,3.1923152,196.85091,0.64502,30.86709,-0.00108,2278.92021,2278.93135,0.01114,0.00023,-7E-05,-0.00084,0.00133,-0.00084,0.00133,49.19561,0.0015737,0,80000.692,79988.406,-0.692,11.594,True,False,False
436,INSERTION,COAST,80000.168,33.1423188,3.1923152,196.96069,0.64466,30.92019,-0.00108,2278.92022,2278.93136,0.01114,0.00023,-7E-05,-0.00083,0.00133,-0.00083,0.00133,49.19561,0.0015705,0,80000.692,79988.413,-0.692,11.587,True,False,False
436.16,INSERTION,COAST,80000.167,33.1423188,3.1923152,197.08636,0.64425,30.99451,-0.00109,2278.92022,2278.93136,0.01113,0.00023,-7E-05,-0.00082,0.00133,-0.00082,0.00133,49.19561,0.0015658,0,80000.692,79988.418,-0.692,11.582,True,False,False
436.3,INSERTION,COAST,80000.165,33.1423188,3.1923152,197.1965,0.64389,31.06374,-0.00109,2278.92023,2278.93136,0.01113,0.00023,-7E-05,-0.00081,0.00133,-0.00081,0.00133,49.19561,0.0015612,0,80000.692,79988.42,-0.692,11.58,True,False,False
436.44,INSERTION,COAST,80000.164,33.1423188,3.1923152,197.3068,0.64353,31.12719,-0.0011,2278.92023,2278.93136,0.01114,0.00023,-7E-05,-0.0008,0.00133,-0.0008,0.00133,49.19561,0.0015566,0,80000.692,79988.419,-0.692,11.581,True,False,False
436.58,INSERTION,COAST,80000.163,33.1423188,3.1923152,197.41727,0.64317,31.17207,-0.00112,2278.92022,2278.93136,0.01114,0.00023,-7E-05,-0.00079,0.00133,-0.00079,0.00133,49.19561,0.0015523,0,80000.692,79988.413,-0.692,11.587,True,False,False
436.74,INSERTION,COAST,80000.163,33.1423188,3.1923152,197.54373,0.64276,31.18894,-0.00115,2278.92021,2278.93136,0.01115,0.00023,-7E-05,-0.00079,0.00133,-0.00079,0.00133,49.19561,0.0015487,0,80000.692,79988.401,-0.692,11.599,True,False,False
436.88,INSERTION,COAST,80000.163,33.1423188,3.1923152,197.65456,0.6424,31.16882,-0.00118,2278.9202,2278.93137,0.01116,0.00023,-7E-05,-0.00078,0.00134,-0.00078,0.00134,49.19561,0.001547,0,80000.693,79988.389,-0.693,11.611,True,False,False
437.02,INSERTION,COAST,80000.164,33.1423188,3.1923152,197.76556,0.64204,31.11539,-0.0012,2278.92019,2278.93136,0.01117,0.00023,-7E-05,-0.00078,0.00134,-0.00078,0.00134,49.19561,0.0015468,0,80000.693,79988.377,-0.693,11.623,True,False,False
437.16,INSERTION,COAST,80000.165,33.1423188,3.1923152,197.87672,0.64168,31.03419,-0.00123,2278.92019,2278.93136,0.01118,0.00023,-7E-05,-0.00078,0.00134,-0.00078,0.00134,49.19561,0.0015481,0,80000.693,79988.367,-0.693,11.633,True,False,False
437.32,INSERTION,COAST,80000.166,33.1423188,3.1923152,198.00397,0.64127,30.91979,-0.00125,2278.92018,2278.93136,0.01118,0.00023,-7E-05,-0.00079,0.00134,-0.00079,0.00134,49.19561,0.001551,0,80000.693,79988.359,-0.693,11.641,True,False,False
437.46,INSERTION,COAST,80000.168,33.1423188,3.1923152,198.1155,0.64091,30.81425,-0.00126,2278.92018,2278.93136,0.01118,0.00023,-7E-05,-0.00079,0.00134,-0.00079,0.00134,49.19561,0.0015544,0,80000.694,79988.357,-0.694,11.643,True,False,False
437.6,INSERTION,COAST,80000.169,33.1423188,3.1923152,198.2272,0.64054,30.71516,-0.00127,2278.92018,2278.93136,0.01118,0.00023,-7E-05,-0.0008,0.00134,-0.0008,0.00134,49.19561,0.0015579,0,80000.693,79988.358,-0.693,11.642,True,False,False
437.74,INSERTION,COAST,80000.17,33.1423188,3.1923152,198.33907,0.64018,30.62942,-0.00127,2278.92018,2278.93135,0.01117,0.00023,-7E-05,-0.00081,0.00134,-0.00081,0.00134,49.19561,0.001561,0,80000.693,79988.363,-0.693,11.637,True,False,False
437.9,INSERTION,COAST,80000.171,33.1423188,3.1923152,198.46713,0.63977,30.55535,-0.00127,2278.92019,2278.93135,0.01116,0.00023,-7E-05,-0.00081,0.00134,-0.00081,0.00134,49.19561,0.0015639,0,80000.693,79988.371,-0.693,11.629,True,False,False
438.04,INSERTION,COAST,80000.172,33.1423188,3.1923152,198.57936,0.63941,30.51542,-0.00127,2278.9202,2278.93135,0.01115,0.00023,-7E-05,-0.00082,0.00133,-0.00082,0.00133,49.19561,0.0015653,0,80000.693,79988.378,-0.693,11.622,True,False,False
438.18,INSERTION,COAST,80000.172,33.1423188,3.1923152,198.69176,0.63905,30.49916,-0.00127,2278.92021,2278.93135,0.01114,0.00023,-7E-05,-0.00082,0.00133,-0.00082,0.00133,49.19561,0.0015656,0,80000.693,79988.387,-0.693,11.613,True,False,False
438.32,INSERTION,COAST,80000.171,33.1423188,3.1923152,198.80434,0.63868,30.50555,-0.00127,2278.92021,2278.93135,0.01114,0.00023,-7E-05,-0.00082,0.00133,-0.00082,0.00133,49.19561,0.0015648,0,80000.693,79988.395,-0.693,11.605,True,False,False
438.48,INSERTION,COAST,80000.171,33.1423188,3.1923152,198.9332,0.63827,30.53781,-0.00126,2278.92022,2278.93135,0.01113,0.00023,-7E-05,-0.00082,0.00133,-0.00082,0.00133,49.19561,0.0015626,0,80000.692,79988.404,-0.692,11.596,True,False,False
438.62,INSERTION,COAST,80000.17,33.1423188,3.1923152,199.04615,0.63791,30.58295,-0.00127,2278.92023,2278.93135,0.01113,0.00023,-7E-05,-0.00081,0.00133,-0.00081,0.00133,49.19561,0.0015596,0,80000.692,79988.41,-0.692,11.59,True,False,False
438.76,INSERTION,COAST,80000.169,33.1423188,3.1923152,199.15926,0.63755,30.63651,-0.00127,2278.92023,2278.93135,0.01112,0.00023,-7E-05,-0.00081,0.00133,-0.00081,0.00133,49.19561,0.0015559,0,80000.692,79988.414,-0.692,11.586,True,False,False
438.9,INSERTION,COAST,80000.168,33.1423188,3.1923152,199.27255,0.63718,30.69231,-0.00128,2278.92023,2278.93136,0.01112,0.00023,-7E-05,-0.0008,0.00133,-0.0008,0.00133,49.19561,0.0015518,0,80000.692,79988.415,-0.692,11.585,True,False,False
439.06,INSERTION,COAST,80000.167,33.1423188,3.1923152,199.40223,0.63677,30.74875,-0.00129,2278.92023,2278.93136,0.01113,0.00023,-7E-05,-0.00079,0.00133,-0.00079,0.00133,49.19561,0.0015472,0,80000.692,79988.413,-0.692,11.587,True,False,False
439.2,INSERTION,COAST,80000.166,33.1423188,3.1923152,199.51589,0.63641,30.78014,-0.00131,2278.92023,2278.93136,0.01113,0.00023,-7E-05,-0.00078,0.00133,-0.00078,0.00133,49.19561,0.0015436,0,80000.692,79988.408,-0.692,11.592,True,False,False
439.34,INSERTION,COAST,80000.166,33.1423188,3.1923152,199.62972,0.63604,30.78575,-0.00133,2278.92022,2278.93136,0.01114,0.00023,-7E-05,-0.00077,0.00133,-0.00077,0.00133,49.19561,0.0015409,0,80000.693,79988.398,-0.693,11.602,True,False,False
439.48,INSERTION,COAST,80000.166,33.1423188,3.1923152,199.74373,0.63568,30.76187,-0.00136,2278.92021,2278.93136,0.01115,0.00023,-7E-05,-0.00077,0.00133,-0.00077,0.00133,49.19561,0.0015394,0,80000.693,79988.388,-0.693,11.612,True,False,False
439.64,INSERTION,COAST,80000.164,33.1423188,3.1923152,199.87423,0.63527,30.6997,-0.00138,2278.9202,2278.93136,0.01116,0.00023,-7E-05,-0.00077,0.00133,-0.00077,0.00133,49.19561,0.0015394,0,80000.693,79988.376,-0.693,11.624,True,False,False
439.78,INSERTION,COAST,80000.16,33.1423188,3.1923152,199.98861,0.6349,30.62093,-0.00141,2278.92022,2278.93137,0.01115,0.00023,-7E-05,-0.00073,0.00133,-0.00073,0.00133,49.19561,0.0015193,0,80000.687,79988.37,-0.687,11.63,True,False,False
439.92,INSERTION,COAST,80000.161,33.1423188,3.1923152,200.10316,0.63454,30.51051,-0.00143,2278.92021,2278.93137,0.01116,0.00023,-7E-05,-0.00072,0.00133,-0.00072,0.00133,49.19561,0.0015172,0,80000.686,79988.362,-0.686,11.638,True,False,False
440.06,INSERTION,COAST,80000.164,33.1423188,3.1923152,200.21789,0.63418,30.34364,-0.00147,2278.9202,2278.93137,0.01117,0.00023,-7E-05,-0.00073,0.00134,-0.00073,0.00134,49.19561,0.0015211,0,80000.686,79988.341,-0.686,11.659,True,False,False
440.22,INSERTION,COAST,80000.167,33.1423188,3.1923152,200.34922,0.63376,30.10907,-0.0015,2278.92019,2278.93136,0.01118,0.00023,-7E-05,-0.00074,0.00134,-0.00074,0.00134,49.19561,0.0015284,0,80000.687,79988.326,-0.687,11.674,True,False,False
440.36,INSERTION,COAST,80000.17,33.1423188,3.1923152,200.46433,0.6334,29.89697,-0.00152,2278.92018,2278.93136,0.01117,0.00023,-7E-05,-0.00076,0.00134,-0.00076,0.00134,49.19561,0.0015363,0,80000.687,79988.323,-0.687,11.677,True,False,False
440.5,INSERTION,COAST,80000.173,33.1423188,3.1923152,200.57962,0.63303,29.70271,-0.00152,2278.92019,2278.93135,0.01116,0.00023,-7E-05,-0.00078,0.00133,-0.00078,0.00133,49.19561,0.0015445,0,80000.687,79988.328,-0.687,11.672,True,False,False
440.64,INSERTION,COAST,80000.175,33.1423188,3.1923152,200.69508,0.63267,29.54148,-0.00151,2278.9202,2278.93135,0.01115,0.00023,-7E-05,-0.00079,0.00133,-0.00079,0.00133,49.19561,0.0015519,0,80000.686,79988.338,-0.686,11.662,True,False,False
440.8,INSERTION,COAST,80000.177,33.1423188,3.1923152,200.82725,0.63225,29.4144,-0.0015,2278.92021,2278.93134,0.01113,0.00023,-7E-05,-0.00081,0.00133,-0.00081,0.00133,49.19561,0.0015586,0,80000.686,79988.357,-0.686,11.643,True,False,False
440.94,INSERTION,COAST,80000.177,33.1423188,3.1923152,200.94309,0.63189,29.36114,-0.00148,2278.92023,2278.93134,0.01111,0.00023,-7E-05,-0.00082,0.00133,-0.00082,0.00133,49.19561,0.0015619,0,80000.685,79988.375,-0.685,11.625,True,False,False
441.08,INSERTION,COAST,80000.177,33.1423188,3.1923152,201.05912,0.63152,29.3617,-0.00146,2278.92024,2278.93134,0.0111,0.00023,-7E-05,-0.00083,0.00133,-0.00083,0.00133,49.19561,0.0015627,0,80000.685,79988.393,-0.685,11.607,True,False,False
441.22,INSERTION,COAST,80000.176,33.1423188,3.1923152,201.17532,0.63116,29.41281,-0.00145,2278.92026,2278.93134,0.01108,0.00023,-7E-05,-0.00083,0.00133,-0.00083,0.00133,49.19561,0.0015609,0,80000.684,79988.411,-0.684,11.589,True,False,False
441.38,INSERTION,COAST,80000.174,33.1423188,3.1923152,201.30833,0.63074,29.52526,-0.00143,2278.92028,2278.93134,0.01107,0.00022,-7E-05,-0.00082,0.00132,-0.00082,0.00132,49.19561,0.0015559,0,80000.684,79988.43,-0.684,11.57,True,False,False
441.52,INSERTION,COAST,80000.172,33.1423188,3.1923152,201.42492,0.63038,29.65889,-0.00142,2278.92029,2278.93135,0.01106,0.00022,-7E-05,-0.00081,0.00132,-0.00081,0.00132,49.19561,0.0015491,0,80000.683,79988.442,-0.683,11.558,True,False,False
441.66,INSERTION,COAST,80000.169,33.1423188,3.1923152,201.54168,0.63001,29.80815,-0.00142,2278.92029,2278.93135,0.01106,0.00022,-7E-05,-0.00079,0.00132,-0.00079,0.00132,49.19561,0.001541,0,80000.683,79988.45,-0.683,11.55,True,False,False
441.8,INSERTION,COAST,80000.167,33.1423188,3.1923152,201.65862,0.62964,29.95782,-0.00143,2278.9203,2278.93136,0.01106,0.00022,-7E-05,-0.00077,0.00132,-0.00077,0.00132,49.19561,0.0015324,0,80000.683,79988.451,-0.683,11.549,True,False,False
441.96,INSERTION,COAST,80000.164,33.1423188,3.1923152,201.79249,0.62923,30.10343,-0.00145,2278.92029,2278.93136,0.01107,0.00023,-7E-05,-0.00075,0.00132,-0.00075,0.00132,49.19561,0.0015229,0,80000.683,79988.444,-0.683,11.556,True,False,False
442.1,INSERTION,COAST,80000.163,33.1423188,3.1923152,201.90981,0.62886,30.1842,-0.00148,2278.92028,2278.93136,0.01108,0.00023,-7E-05,-0.00074,0.00133,-0.00074,0.00133,49.19561,0.001516,0,80000.684,79988.43,-0.684,11.57,True,False,False
442.24,INSERTION,COAST,80000.163,33.1423188,3.1923152,202.02732,0.6285,30.2027,-0.00152,2278.92026,2278.93137,0.0111,0.00023,-7E-05,-0.00072,0.00133,-0.00072,0.00133,49.19561,0.0015115,0,80000.684,79988.408,-0.684,11.592,True,False,False
442.38,INSERTION,COAST,80000.163,33.1423188,3.1923152,202.14501,0.62813,30.1529,-0.00157,2278.92024,2278.93137,0.01112,0.00023,-7E-05,-0.00072,0.00133,-0.00072,0.00133,49.19561,0.0015098,0,80000.685,79988.384,-0.685,11.616,True,False,False
442.54,INSERTION,COAST,80000.165,33.1423188,3.1923152,202.27973,0.62771,30.01878,-0.00162,2278.92022,2278.93136,0.01114,0.00023,-7E-05,-0.00072,0.00133,-0.00072,0.00133,49.19561,0.0015114,0,80000.686,79988.358,-0.686,11.642,True,False,False
442.68,INSERTION,COAST,80000.167,33.1423188,3.1923152,202.39781,0.62735,29.85066,-0.00165,2278.92021,2278.93136,0.01115,0.00023,-7E-05,-0.00072,0.00133,-0.00072,0.00133,49.19561,0.0015156,0,80000.687,79988.34,-0.687,11.66,True,False,False
442.82,INSERTION,COAST,80000.17,33.1423188,3.1923152,202.51607,0.62698,29.65839,-0.00167,2278.9202,2278.93136,0.01115,0.00023,-7E-05,-0.00073,0.00133,-0.00073,0.00133,49.19561,0.0015218,0,80000.687,79988.331,-0.687,11.669,True,False,False
442.96,INSERTION,COAST,80000.173,33.1423188,3.1923152,202.63452,0.62661,29.46801,-0.00168,2278.9202,2278.93135,0.01115,0.00023,-7E-05,-0.00075,0.00133,-0.00075,0.00133,49.19561,0.0015289,0,80000.687,79988.331,-0.687,11.669,True,False,False
443.12,INSERTION,COAST,80000.175,33.1423188,3.1923152,202.77011,0.62619,29.27581,-0.00168,2278.92021,2278.93135,0.01114,0.00023,-7E-05,-0.00077,0.00133,-0.00077,0.00133,49.19561,0.0015369,0,80000.687,79988.338,-0.687,11.662,True,False,False
443.26,INSERTION,COAST,80000.177,33.1423188,3.1923152,202.88895,0.62583,29.14415,-0.00168,2278.92022,2278.93134,0.01112,0.00023,-7E-05,-0.00078,0.00133,-0.00078,0.00133,49.19561,0.0015429,0,80000.686,79988.349,-0.686,11.651,True,False,False
443.4,INSERTION,COAST,80000.178,33.1423188,3.1923152,203.00798,0.62546,29.05548,-0.00167,2278.92023,2278.93134,0.01111,0.00023,-7E-05,-0.0008,0.00133,-0.0008,0.00133,49.19561,0.0015473,0,80000.686,79988.363,-0.686,11.637,True,False,False
443.54,INSERTION,COAST,80000.178,33.1423188,3.1923152,203.12719,0.62509,29.01459,-0.00165,2278.92025,2278.93134,0.01109,0.00023,-7E-05,-0.0008,0.00133,-0.0008,0.00133,49.19561,0.0015497,0,80000.685,79988.38,-0.685,11.62,True,False,False
443.7,INSERTION,COAST,80000.178,33.1423188,3.1923152,203.26365,0.62467,29.02907,-0.00163,2278.92026,2278.93134,0.01108,0.00023,-7E-05,-0.00081,0.00132,-0.00081,0.00132,49.19561,0.0015498,0,80000.685,79988.4,-0.685,11.6,True,False,False
443.84,INSERTION,COAST,80000.177,33.1423188,3.1923152,203.38326,0.62431,29.09122,-0.00162,2278.92028,2278.93134,0.01106,0.00022,-7E-05,-0.0008,0.00132,-0.0008,0.00132,49.19561,0.001547,0,80000.684,79988.416,-0.684,11.584,True,False,False
443.98,INSERTION,COAST,80000.175,33.1423188,3.1923152,203.50305,0.62394,29.18836,-0.00161,2278.92029,2278.93134,0.01105,0.00022,-7E-05,-0.0008,0.00132,-0.0008,0.00132,49.19561,0.0015422,0,80000.684,79988.429,-0.684,11.571,True,False,False
444.12,INSERTION,COAST,80000.173,33.1423188,3.1923152,203.62302,0.62357,29.30916,-0.00161,2278.9203,2278.93135,0.01105,0.00022,-7E-05,-0.00078,0.00132,-0.00078,0.00132,49.19561,0.0015358,0,80000.683,79988.438,-0.683,11.562,True,False,False
444.28,INSERTION,COAST,80000.17,33.1423188,3.1923152,203.76037,0.62315,29.45979,-0.00161,2278.9203,2278.93135,0.01105,0.00022,-7E-05,-0.00077,0.00132,-0.00077,0.00132,49.19561,0.0015273,0,80000.683,79988.444,-0.683,11.556,True,False,False
444.42,INSERTION,COAST,80000.168,33.1423188,3.1923152,203.88075,0.62278,29.58742,-0.00162,2278.9203,2278.93135,0.01105,0.00022,-7E-05,-0.00075,0.00132,-0.00075,0.00132,49.19561,0.0015196,0,80000.683,79988.444,-0.683,11.556,True,False,False
444.56,INSERTION,COAST,80000.167,33.1423188,3.1923152,204.00131,0.62241,29.68717,-0.00164,2278.9203,2278.93136,0.01106,0.00022,-7E-05,-0.00073,0.00132,-0.00073,0.00132,49.19561,0.0015123,0,80000.683,79988.435,-0.683,11.565,True,False,False
444.7,INSERTION,COAST,80000.166,33.1423188,3.1923152,204.12206,0.62205,29.74011,-0.00168,2278.92028,2278.93136,0.01108,0.00023,-7E-05,-0.00072,0.00132,-0.00072,0.00132,49.19561,0.0015066,0,80000.684,79988.419,-0.684,11.581,True,False,False
444.86,INSERTION,COAST,80000.165,33.1423188,3.1923152,204.26029,0.62162,29.72894,-0.00172,2278.92027,2278.93136,0.01109,0.00023,-7E-05,-0.00071,0.00133,-0.00071,0.00133,49.19561,0.001503,0,80000.685,79988.396,-0.685,11.604,True,False,False
445,INSERTION,COAST,80000.166,33.1423188,3.1923152,204.38144,0.62126,29.65486,-0.00176,2278.92025,2278.93136,0.01111,0.00023,-7E-05,-0.0007,0.00133,-0.0007,0.00133,49.19561,0.0015025,0,80000.685,79988.375,-0.685,11.625,True,False,False
445.14,INSERTION,COAST,80000.168,33.1423188,3.1923152,204.50278,0.62089,29.52717,-0.0018,2278.92024,2278.93136,0.01112,0.00023,-7E-05,-0.00071,0.00133,-0.00071,0.00133,49.19561,0.0015046,0,80000.686,79988.355,-0.686,11.645,True,False,False
445.28,INSERTION,COAST,80000.17,33.1423188,3.1923152,204.62432,0.62052,29.36232,-0.00183,2278.92023,2278.93136,0.01113,0.00023,-7E-05,-0.00071,0.00133,-0.00071,0.00133,49.19561,0.001509,0,80000.687,79988.341,-0.687,11.659,True,False,False
445.44,INSERTION,COAST,80000.173,33.1423188,3.1923152,204.76344,0.6201,29.15698,-0.00185,2278.92022,2278.93135,0.01113,0.00023,-7E-05,-0.00073,0.00133,-0.00073,0.00133,49.19561,0.0015157,0,80000.687,79988.335,-0.687,11.665,True,False,False
445.58,INSERTION,COAST,80000.175,33.1423188,3.1923152,204.88538,0.61973,28.98599,-0.00186,2278.92022,2278.93135,0.01112,0.00023,-7E-05,-0.00074,0.00133,-0.00074,0.00133,49.19561,0.0015221,0,80000.687,79988.338,-0.687,11.662,True,False,False
445.72,INSERTION,COAST,80000.177,33.1423188,3.1923152,205.00752,0.61936,28.83851,-0.00186,2278.92023,2278.93134,0.01111,0.00023,-7E-05,-0.00076,0.00133,-0.00076,0.00133,49.19561,0.0015282,0,80000.687,79988.345,-0.687,11.655,True,False,False
445.86,INSERTION,COAST,80000.179,33.1423188,3.1923152,205.12984,0.61899,28.72541,-0.00185,2278.92024,2278.93134,0.0111,0.00023,-7E-05,-0.00077,0.00133,-0.00077,0.00133,49.19561,0.0015332,0,80000.686,79988.356,-0.686,11.644,True,False,False
446.02,INSERTION,COAST,80000.18,33.1423188,3.1923152,205.26987,0.61857,28.6494,-0.00183,2278.92026,2278.93134,0.01108,0.00023,-7E-05,-0.00078,0.00132,-0.00078,0.00132,49.19561,0.001537,0,80000.686,79988.373,-0.686,11.627,True,False,False
446.16,INSERTION,COAST,80000.18,33.1423188,3.1923152,205.3926,0.6182,28.63312,-0.00182,2278.92027,2278.93134,0.01107,0.00022,-7E-05,-0.00079,0.00132,-0.00079,0.00132,49.19561,0.0015381,0,80000.685,79988.388,-0.685,11.612,True,False,False
446.3,INSERTION,COAST,80000.179,33.1423188,3.1923152,205.51553,0.61783,28.66022,-0.00181,2278.92028,2278.93134,0.01106,0.00022,-7E-05,-0.00079,0.00132,-0.00079,0.00132,49.19561,0.0015369,0,80000.684,79988.403,-0.684,11.597,True,False,False
446.44,INSERTION,COAST,80000.178,33.1423188,3.1923152,205.63864,0.61746,28.72524,-0.0018,2278.92029,2278.93134,0.01105,0.00022,-7E-05,-0.00078,0.00132,-0.00078,0.00132,49.19561,0.0015338,0,80000.684,79988.417,-0.684,11.583,True,False,False
446.6,INSERTION,COAST,80000.176,33.1423188,3.1923152,205.77959,0.61704,28.83604,-0.00179,2278.9203,2278.93134,0.01104,0.00022,-7E-05,-0.00077,0.00132,-0.00077,0.00132,49.19561,0.001528,0,80000.683,79988.43,-0.683,11.57,True,False,False
446.74,INSERTION,COAST,80000.174,33.1423188,3.1923152,205.90312,0.61667,28.9528,-0.00179,2278.92031,2278.93134,0.01103,0.00022,-7E-05,-0.00076,0.00132,-0.00076,0.00132,49.19561,0.0015216,0,80000.683,79988.437,-0.683,11.563,True,False,False
446.88,INSERTION,COAST,80000.172,33.1423188,3.1923152,206.02684,0.61629,29.07279,-0.00179,2278.92031,2278.93135,0.01103,0.00022,-7E-05,-0.00075,0.00132,-0.00075,0.00132,49.19561,0.0015144,0,80000.683,79988.44,-0.683,11.56,True,False,False
447.02,INSERTION,COAST,80000.17,33.1423188,3.1923152,206.15076,0.61592,29.18133,-0.00181,2278.92031,2278.93135,0.01104,0.00022,-7E-05,-0.00073,0.00132,-0.00073,0.00132,49.19561,0.0015074,0,80000.683,79988.437,-0.683,11.563,True,False,False
447.18,INSERTION,COAST,80000.168,33.1423188,3.1923152,206.29262,0.6155,29.26438,-0.00184,2278.9203,2278.93136,0.01105,0.00022,-7E-05,-0.00071,0.00132,-0.00071,0.00132,49.19561,0.0015003,0,80000.684,79988.424,-0.684,11.576,True,False,False
447.32,INSERTION,COAST,80000.168,33.1423188,3.1923152,206.41695,0.61513,29.28523,-0.00187,2278.92029,2278.93136,0.01107,0.00022,-7E-05,-0.0007,0.00132,-0.0007,0.00132,49.19561,0.001496,0,80000.684,79988.408,-0.684,11.592,True,False,False
447.46,INSERTION,COAST,80000.168,33.1423188,3.1923152,206.54148,0.61476,29.24791,-0.00191,2278.92028,2278.93136,0.01108,0.00023,-7E-05,-0.00069,0.00132,-0.00069,0.00132,49.19561,0.001494,0,80000.685,79988.388,-0.685,11.612,True,False,False
447.6,INSERTION,COAST,80000.169,33.1423188,3.1923152,206.66621,0.61439,29.15434,-0.00195,2278.92026,2278.93136,0.0111,0.00023,-7E-05,-0.00069,0.00132,-0.00069,0.00132,49.19561,0.0014944,0,80000.686,79988.368,-0.686,11.632,True,False,False
447.76,INSERTION,COAST,80000.171,33.1423188,3.1923152,206.809,0.61396,28.99282,-0.00199,2278.92025,2278.93135,0.01111,0.00023,-7E-05,-0.0007,0.00133,-0.0007,0.00133,49.19561,0.0014978,0,80000.687,79988.35,-0.687,11.65,True,False,False
447.9,INSERTION,COAST,80000.174,33.1423188,3.1923152,206.93414,0.61359,28.82401,-0.00201,2278.92024,2278.93135,0.01111,0.00023,-7E-05,-0.00071,0.00133,-0.00071,0.00133,49.19561,0.0015026,0,80000.687,79988.34,-0.687,11.66,True,False,False
448.04,INSERTION,COAST,80000.176,33.1423188,3.1923152,207.05949,0.61322,28.65361,-0.00202,2278.92024,2278.93135,0.01111,0.00023,-7E-05,-0.00072,0.00133,-0.00072,0.00133,49.19561,0.0015084,0,80000.687,79988.339,-0.687,11.661,True,False,False
448.18,INSERTION,COAST,80000.178,33.1423188,3.1923152,207.18503,0.61285,28.49814,-0.00203,2278.92024,2278.93134,0.0111,0.00023,-7E-05,-0.00073,0.00132,-0.00073,0.00132,49.19561,0.0015143,0,80000.687,79988.343,-0.687,11.657,True,False,False
448.34,INSERTION,COAST,80000.18,33.1423188,3.1923152,207.32876,0.61242,28.35509,-0.00202,2278.92025,2278.93134,0.01108,0.00023,-7E-05,-0.00075,0.00132,-0.00075,0.00132,49.19561,0.0015202,0,80000.686,79988.354,-0.686,11.646,True,False,False
448.48,INSERTION,COAST,80000.181,33.1423188,3.1923152,207.45472,0.61205,28.26989,-0.00202,2278.92026,2278.93134,0.01107,0.00023,-7E-05,-0.00076,0.00132,-0.00076,0.00132,49.19561,0.001524,0,80000.686,79988.366,-0.686,11.634,True,False,False
448.62,INSERTION,COAST,80000.181,33.1423188,3.1923152,207.58089,0.61168,28.22608,-0.002,2278.92028,2278.93133,0.01106,0.00022,-7E-05,-0.00077,0.00132,-0.00077,0.00132,49.19561,0.001526,0,80000.685,79988.379,-0.685,11.621,True,False,False
448.76,INSERTION,COAST,80000.181,33.1423188,3.1923152,207.70726,0.61131,28.22452,-0.00199,2278.92029,2278.93133,0.01105,0.00022,-7E-05,-0.00077,0.00132,-0.00077,0.00132,49.19561,0.0015261,0,80000.685,79988.394,-0.685,11.606,True,False,False
448.92,INSERTION,COAST,80000.18,33.1423188,3.1923152,207.85193,0.61088,28.27229,-0.00198,2278.9203,2278.93134,0.01103,0.00022,-7E-05,-0.00077,0.00132,-0.00077,0.00132,49.19561,0.0015239,0,80000.684,79988.41,-0.684,11.59,True,False,False
449.06,INSERTION,COAST,80000.179,33.1423188,3.1923152,207.97872,0.61051,28.35052,-0.00197,2278.92031,2278.93134,0.01102,0.00022,-7E-05,-0.00076,0.00132,-0.00076,0.00132,49.19561,0.0015198,0,80000.684,79988.422,-0.684,11.578,True,False,False
449.2,INSERTION,COAST,80000.177,33.1423188,3.1923152,208.10572,0.61014,28.45032,-0.00197,2278.92032,2278.93134,0.01102,0.00022,-7E-05,-0.00075,0.00132,-0.00075,0.00132,49.19561,0.0015143,0,80000.683,79988.43,-0.683,11.57,True,False,False
449.34,INSERTION,COAST,80000.175,33.1423188,3.1923152,208.23292,0.60977,28.56001,-0.00197,2278.92033,2278.93134,0.01102,0.00022,-7E-05,-0.00074,0.00132,-0.00074,0.00132,49.19561,0.0015079,0,80000.683,79988.435,-0.683,11.565,True,False,False
449.5,INSERTION,COAST,80000.173,33.1423188,3.1923152,208.37853,0.60934,28.68151,-0.00198,2278.92033,2278.93135,0.01102,0.00022,-7E-05,-0.00072,0.00132,-0.00072,0.00132,49.19561,0.0015002,0,80000.683,79988.435,-0.683,11.565,True,False,False
449.64,INSERTION,COAST,80000.171,33.1423188,3.1923152,208.50616,0.60897,28.76489,-0.002,2278.92032,2278.93135,0.01103,0.00022,-7E-05,-0.00071,0.00132,-0.00071,0.00132,49.19561,0.0014939,0,80000.683,79988.428,-0.683,11.572,True,False,False
449.78,INSERTION,COAST,80000.17,33.1423188,3.1923152,208.63399,0.60859,28.80697,-0.00203,2278.92031,2278.93135,0.01104,0.00022,-7E-05,-0.00069,0.00132,-0.00069,0.00132,49.19561,0.0014889,0,80000.684,79988.415,-0.684,11.585,True,False,False
449.92,INSERTION,COAST,80000.17,33.1423188,3.1923152,208.76202,0.60822,28.79685,-0.00207,2278.9203,2278.93135,0.01105,0.00022,-7E-05,-0.00068,0.00132,-0.00068,0.00132,49.19561,0.0014858,0,80000.685,79988.397,-0.685,11.603,True,False,False
450.08,INSERTION,COAST,80000.171,33.1423188,3.1923152,208.9086,0.60779,28.71855,-0.00211,2278.92028,2278.93135,0.01107,0.00023,-7E-05,-0.00068,0.00132,-0.00068,0.00132,49.19561,0.0014851,0,80000.686,79988.375,-0.686,11.625,True,False,False
450.22,INSERTION,COAST,80000.172,33.1423188,3.1923152,209.03707,0.60742,28.59931,-0.00214,2278.92027,2278.93135,0.01108,0.00023,-7E-05,-0.00068,0.00132,-0.00068,0.00132,49.19561,0.0014869,0,80000.686,79988.359,-0.686,11.641,True,False,False
450.36,INSERTION,COAST,80000.174,33.1423188,3.1923152,209.16574,0.60705,28.44697,-0.00217,2278.92026,2278.93135,0.01109,0.00023,-7E-05,-0.00069,0.00132,-0.00069,0.00132,49.19561,0.0014906,0,80000.687,79988.347,-0.687,11.653,True,False,False
450.5,INSERTION,COAST,80000.177,33.1423188,3.1923152,209.29462,0.60667,28.28285,-0.00219,2278.92026,2278.93134,0.01108,0.00023,-7E-05,-0.0007,0.00132,-0.0007,0.00132,49.19561,0.0014956,0,80000.687,79988.342,-0.687,11.658,True,False,False
450.66,INSERTION,COAST,80000.179,33.1423188,3.1923152,209.44216,0.60624,28.10489,-0.0022,2278.92026,2278.93134,0.01108,0.00023,-7E-05,-0.00071,0.00132,-0.00071,0.00132,49.19561,0.0015018,0,80000.687,79988.344,-0.687,11.656,True,False,False
450.8,INSERTION,COAST,80000.181,33.1423188,3.1923152,209.57148,0.60587,27.97161,-0.0022,2278.92027,2278.93134,0.01107,0.00022,-7E-05,-0.00073,0.00132,-0.00073,0.00132,49.19561,0.0015069,0,80000.687,79988.351,-0.687,11.649,True,False,False
450.94,INSERTION,COAST,80000.182,33.1423188,3.1923152,209.70101,0.6055,27.86948,-0.00219,2278.92028,2278.93133,0.01106,0.00022,-7E-05,-0.00074,0.00132,-0.00074,0.00132,49.19561,0.001511,0,80000.686,79988.36,-0.686,11.64,True,False,False
451.08,INSERTION,COAST,80000.183,33.1423188,3.1923152,209.83074,0.60512,27.80482,-0.00218,2278.92029,2278.93133,0.01104,0.00022,-7E-05,-0.00074,0.00132,-0.00074,0.00132,49.19561,0.0015137,0,80000.686,79988.373,-0.686,11.627,True,False,False
451.24,INSERTION,COAST,80000.183,33.1423188,3.1923152,209.97926,0.60469,27.78221,-0.00217,2278.9203,2278.93133,0.01103,0.00022,-7E-05,-0.00075,0.00132,-0.00075,0.00132,49.19561,0.0015148,0,80000.685,79988.389,-0.685,11.611,True,False,False
451.38,INSERTION,COAST,80000.182,33.1423188,3.1923152,210.10944,0.60432,27.80632,-0.00216,2278.92031,2278.93133,0.01102,0.00022,-7E-05,-0.00075,0.00131,-0.00075,0.00131,49.19561,0.0015135,0,80000.684,79988.403,-0.684,11.597,True,False,False
451.52,INSERTION,COAST,80000.181,33.1423188,3.1923152,210.23982,0.60394,27.86397,-0.00215,2278.92033,2278.93133,0.01101,0.00022,-7E-05,-0.00075,0.00131,-0.00075,0.00131,49.19561,0.0015104,0,80000.684,79988.414,-0.684,11.586,True,False,False
451.66,INSERTION,COAST,80000.179,33.1423188,3.1923152,210.37042,0.60357,27.94691,-0.00214,2278.92033,2278.93134,0.011,0.00022,-7E-05,-0.00074,0.00131,-0.00074,0.00131,49.19561,0.0015058,0,80000.683,79988.424,-0.683,11.576,True,False,False
451.82,INSERTION,COAST,80000.177,33.1423188,3.1923152,210.51992,0.60314,28.06,-0.00215,2278.92034,2278.93134,0.011,0.00022,-7E-05,-0.00072,0.00131,-0.00072,0.00131,49.19561,0.0014993,0,80000.683,79988.431,-0.683,11.569,True,False,False
451.96,INSERTION,COAST,80000.175,33.1423188,3.1923152,210.65096,0.60277,28.16227,-0.00215,2278.92034,2278.93134,0.011,0.00022,-7E-05,-0.00071,0.00131,-0.00071,0.00131,49.19561,0.0014929,0,80000.683,79988.433,-0.683,11.567,True,False,False
452.1,INSERTION,COAST,80000.174,33.1423188,3.1923152,210.78221,0.60239,28.25084,-0.00217,2278.92034,2278.93135,0.011,0.00022,-7E-05,-0.0007,0.00131,-0.0007,0.00131,49.19561,0.0014867,0,80000.683,79988.429,-0.683,11.571,True,False,False
452.24,INSERTION,COAST,80000.173,33.1423188,3.1923152,210.91367,0.60202,28.30709,-0.00219,2278.92033,2278.93135,0.01101,0.00022,-7E-05,-0.00068,0.00131,-0.00068,0.00131,49.19561,0.0014813,0,80000.684,79988.419,-0.684,11.581,True,False,False
452.4,INSERTION,COAST,80000.172,33.1423188,3.1923152,211.06417,0.60159,28.31516,-0.00223,2278.92032,2278.93135,0.01103,0.00022,-7E-05,-0.00067,0.00132,-0.00067,0.00132,49.19561,0.0014772,0,80000.684,79988.401,-0.684,11.599,True,False,False
452.54,INSERTION,COAST,80000.172,33.1423188,3.1923152,211.19608,0.60121,28.26732,-0.00227,2278.92031,2278.93135,0.01104,0.00022,-7E-05,-0.00066,0.00132,-0.00066,0.00132,49.19561,0.0014757,0,80000.685,79988.384,-0.685,11.616,True,False,False
452.68,INSERTION,COAST,80000.174,33.1423188,3.1923152,211.3282,0.60083,28.16947,-0.0023,2278.9203,2278.93135,0.01105,0.00022,-7E-05,-0.00066,0.00132,-0.00066,0.00132,49.19561,0.0014764,0,80000.686,79988.367,-0.686,11.633,True,False,False
452.82,INSERTION,COAST,80000.175,33.1423188,3.1923152,211.46053,0.60046,28.03276,-0.00233,2278.92029,2278.93135,0.01106,0.00022,-7E-05,-0.00067,0.00132,-0.00067,0.00132,49.19561,0.0014791,0,80000.687,79988.353,-0.687,11.647,True,False,False
452.98,INSERTION,COAST,80000.178,33.1423188,3.1923152,211.61203,0.60003,27.85145,-0.00236,2278.92028,2278.93134,0.01106,0.00022,-7E-05,-0.00068,0.00132,-0.00068,0.00132,49.19561,0.001484,0,80000.687,79988.344,-0.687,11.656,True,False,False
453.12,INSERTION,COAST,80000.18,33.1423188,3.1923152,211.74482,0.59965,27.69368,-0.00237,2278.92028,2278.93134,0.01106,0.00022,-7E-05,-0.00069,0.00132,-0.00069,0.00132,49.19561,0.0014892,0,80000.687,79988.344,-0.687,11.656,True,False,False
453.26,INSERTION,COAST,80000.182,33.1423188,3.1923152,211.87783,0.59928,27.5522,-0.00237,2278.92029,2278.93134,0.01105,0.00022,-7E-05,-0.0007,0.00132,-0.0007,0.00132,49.19561,0.0014942,0,80000.687,79988.349,-0.687,11.651,True,False,False
453.4,INSERTION,COAST,80000.183,33.1423188,3.1923152,212.01105,0.5989,27.43751,-0.00237,2278.92029,2278.93133,0.01104,0.00022,-7E-05,-0.00072,0.00132,-0.00072,0.00132,49.19561,0.0014986,0,80000.687,79988.357,-0.687,11.643,True,False,False
453.56,INSERTION,COAST,80000.184,33.1423188,3.1923152,212.16356,0.59847,27.35059,-0.00236,2278.92031,2278.93133,0.01102,0.00022,-7E-05,-0.00073,0.00132,-0.00073,0.00132,49.19561,0.0015021,0,80000.686,79988.371,-0.686,11.629,True,False,False
453.7,INSERTION,COAST,80000.184,33.1423188,3.1923152,212.29724,0.59809,27.3179,-0.00235,2278.92032,2278.93133,0.01101,0.00022,-7E-05,-0.00073,0.00131,-0.00073,0.00131,49.19561,0.0015034,0,80000.685,79988.383,-0.685,11.617,True,False,False
453.84,INSERTION,COAST,80000.184,33.1423188,3.1923152,212.43114,0.59771,27.32413,-0.00234,2278.92033,2278.93133,0.011,0.00022,-7E-05,-0.00073,0.00131,-0.00073,0.00131,49.19561,0.0015028,0,80000.685,79988.396,-0.685,11.604,True,False,False
453.98,INSERTION,COAST,80000.183,33.1423188,3.1923152,212.56525,0.59734,27.36552,-0.00233,2278.92034,2278.93133,0.01099,0.00022,-7E-05,-0.00073,0.00131,-0.00073,0.00131,49.19561,0.0015005,0,80000.684,79988.408,-0.684,11.592,True,False,False
454.14,INSERTION,COAST,80000.181,33.1423188,3.1923152,212.71878,0.59691,27.44819,-0.00232,2278.92035,2278.93133,0.01098,0.00022,-7E-05,-0.00072,0.00131,-0.00072,0.00131,49.19561,0.001496,0,80000.683,79988.42,-0.683,11.58,True,False,False
454.28,INSERTION,COAST,80000.18,33.1423188,3.1923152,212.85335,0.59653,27.54124,-0.00232,2278.92036,2278.93134,0.01098,0.00022,-7E-05,-0.00071,0.00131,-0.00071,0.00131,49.19561,0.0014906,0,80000.683,79988.428,-0.683,11.572,True,False,False
454.42,INSERTION,COAST,80000.178,33.1423188,3.1923152,212.98815,0.59615,27.64002,-0.00232,2278.92036,2278.93134,0.01098,0.00022,-7E-05,-0.0007,0.00131,-0.0007,0.00131,49.19561,0.0014846,0,80000.683,79988.431,-0.683,11.569,True,False,False
454.56,INSERTION,COAST,80000.176,33.1423188,3.1923152,213.12315,0.59577,27.73386,-0.00233,2278.92036,2278.93134,0.01098,0.00022,-7E-05,-0.00069,0.00131,-0.00069,0.00131,49.19561,0.0014785,0,80000.683,79988.43,-0.683,11.57,True,False,False
454.72,INSERTION,COAST,80000.174,33.1423188,3.1923152,213.27772,0.59534,27.80896,-0.00236,2278.92035,2278.93134,0.01099,0.00022,-7E-05,-0.00067,0.00131,-0.00067,0.00131,49.19561,0.001472,0,80000.683,79988.421,-0.683,11.579,True,False,False
454.86,INSERTION,COAST,80000.174,33.1423188,3.1923152,213.41319,0.59496,27.83014,-0.00239,2278.92035,2278.93135,0.011,0.00022,-7E-05,-0.00066,0.00131,-0.00066,0.00131,49.19561,0.0014679,0,80000.684,79988.407,-0.684,11.593,True,False,False
455,INSERTION,COAST,80000.174,33.1423188,3.1923152,213.54889,0.59459,27.79885,-0.00243,2278.92033,2278.93135,0.01101,0.00022,-7E-05,-0.00065,0.00131,-0.00065,0.00131,49.19561,0.0014656,0,80000.685,79988.39,-0.685,11.61,True,False,False
455.14,INSERTION,COAST,80000.175,33.1423188,3.1923152,213.6848,0.59421,27.71508,-0.00246,2278.92032,2278.93135,0.01103,0.00022,-7E-05,-0.00065,0.00132,-0.00065,0.00132,49.19561,0.0014656,0,80000.686,79988.372,-0.686,11.628,True,False,False
455.3,INSERTION,COAST,80000.177,33.1423188,3.1923152,213.8404,0.59378,27.56647,-0.0025,2278.92031,2278.93134,0.01104,0.00022,-7E-05,-0.00065,0.00132,-0.00065,0.00132,49.19561,0.0014681,0,80000.687,79988.355,-0.687,11.645,True,False,False
455.44,INSERTION,COAST,80000.179,33.1423188,3.1923152,213.97679,0.5934,27.40807,-0.00252,2278.9203,2278.93134,0.01104,0.00022,-7E-05,-0.00066,0.00132,-0.00066,0.00132,49.19561,0.0014721,0,80000.687,79988.345,-0.687,11.655,True,False,False
455.58,INSERTION,COAST,80000.181,33.1423188,3.1923152,214.1134,0.59302,27.2452,-0.00254,2278.9203,2278.93134,0.01104,0.00022,-7E-05,-0.00067,0.00132,-0.00067,0.00132,49.19561,0.001477,0,80000.687,79988.343,-0.687,11.657,True,False,False
455.72,INSERTION,COAST,80000.183,33.1423188,3.1923152,214.25023,0.59264,27.09486,-0.00254,2278.9203,2278.93133,0.01103,0.00022,-7E-05,-0.00068,0.00131,-0.00068,0.00131,49.19561,0.0014821,0,80000.687,79988.347,-0.687,11.653,True,False,False
455.88,INSERTION,COAST,80000.185,33.1423188,3.1923152,214.40689,0.59221,26.95424,-0.00254,2278.92031,2278.93133,0.01102,0.00022,-7E-05,-0.0007,0.00131,-0.0007,0.00131,49.19561,0.0014874,0,80000.687,79988.356,-0.687,11.644,True,False,False
456.02,INSERTION,COAST,80000.186,33.1423188,3.1923152,214.54419,0.59183,26.86822,-0.00253,2278.92032,2278.93133,0.01101,0.00022,-7E-05,-0.00071,0.00131,-0.00071,0.00131,49.19561,0.0014907,0,80000.686,79988.366,-0.686,11.634,True,False,False
456.16,INSERTION,COAST,80000.186,33.1423188,3.1923152,214.68173,0.59145,26.82108,-0.00252,2278.92033,2278.93133,0.01099,0.00022,-7E-05,-0.00071,0.00131,-0.00071,0.00131,49.19561,0.0014925,0,80000.685,79988.379,-0.685,11.621,True,False,False
456.3,INSERTION,COAST,80000.186,33.1423188,3.1923152,214.81948,0.59107,26.81398,-0.00251,2278.92034,2278.93133,0.01098,0.00022,-7E-05,-0.00072,0.00131,-0.00072,0.00131,49.19561,0.0014925,0,80000.685,79988.392,-0.685,11.608,True,False,False
456.46,INSERTION,COAST,80000.185,33.1423188,3.1923152,214.9772,0.59064,26.85316,-0.0025,2278.92036,2278.93133,0.01097,0.00022,-7E-05,-0.00071,0.00131,-0.00071,0.00131,49.19561,0.0014904,0,80000.684,79988.407,-0.684,11.593,True,False,False
456.6,INSERTION,COAST,80000.184,33.1423188,3.1923153,215.11543,0.59026,26.92219,-0.00249,2278.92037,2278.93133,0.01096,0.00022,-7E-05,-0.00071,0.00131,-0.00071,0.00131,49.19561,0.0014866,0,80000.683,79988.418,-0.683,11.582,True,False,False
456.74,INSERTION,COAST,80000.182,33.1423188,3.1923152,215.2539,0.58988,27.01176,-0.00249,2278.92038,2278.93133,0.01096,0.00022,-7E-05,-0.0007,0.00131,-0.0007,0.00131,49.19561,0.0014815,0,80000.683,79988.426,-0.683,11.574,True,False,False
456.88,INSERTION,COAST,80000.18,33.1423188,3.1923153,215.39258,0.5895,27.11055,-0.00249,2278.92038,2278.93133,0.01096,0.00022,-7E-05,-0.00069,0.00131,-0.00069,0.00131,49.19561,0.0014756,0,80000.683,79988.43,-0.683,11.57,True,False,False
457.04,INSERTION,COAST,80000.178,33.1423188,3.1923153,215.55136,0.58906,27.21911,-0.0025,2278.92038,2278.93134,0.01096,0.00022,-7E-05,-0.00067,0.00131,-0.00067,0.00131,49.19561,0.0014685,0,80000.683,79988.429,-0.683,11.571,True,False,False
457.18,INSERTION,COAST,80000.176,33.1423188,3.1923152,215.69053,0.58868,27.29097,-0.00252,2278.92038,2278.93134,0.01096,0.00022,-7E-05,-0.00066,0.00131,-0.00066,0.00131,49.19561,0.0014628,0,80000.683,79988.423,-0.683,11.577,True,False,False
457.32,INSERTION,COAST,80000.175,33.1423188,3.1923153,215.82993,0.5883,27.32188,-0.00255,2278.92037,2278.93134,0.01098,0.00022,-7E-05,-0.00064,0.00131,-0.00064,0.00131,49.19561,0.0014582,0,80000.684,79988.41,-0.684,11.59,True,False,False
457.46,INSERTION,COAST,80000.175,33.1423188,3.1923153,215.96956,0.58792,27.30146,-0.00259,2278.92036,2278.93134,0.01099,0.00022,-7E-05,-0.00063,0.00131,-0.00063,0.00131,49.19561,0.0014555,0,80000.685,79988.393,-0.685,11.607,True,False,False
457.62,INSERTION,COAST,80000.176,33.1423188,3.1923153,216.12942,0.58749,27.21317,-0.00263,2278.92034,2278.93134,0.011,0.00022,-7E-05,-0.00063,0.00131,-0.00063,0.00131,49.19561,0.0014551,0,80000.686,79988.373,-0.686,11.627,True,False,False
457.76,INSERTION,COAST,80000.178,33.1423188,3.1923153,216.26953,0.58711,27.08738,-0.00267,2278.92033,2278.93134,0.01101,0.00022,-7E-05,-0.00063,0.00131,-0.00063,0.00131,49.19561,0.0014569,0,80000.687,79988.358,-0.687,11.642,True,False,False
457.9,INSERTION,COAST,80000.18,33.1423188,3.1923153,216.40988,0.58673,26.93129,-0.00269,2278.92032,2278.93134,0.01102,0.00022,-7E-05,-0.00064,0.00131,-0.00064,0.00131,49.19561,0.0014605,0,80000.687,79988.347,-0.687,11.653,True,False,False
458.04,INSERTION,COAST,80000.182,33.1423188,3.1923153,216.55046,0.58634,26.76553,-0.00271,2278.92032,2278.93133,0.01101,0.00022,-7E-05,-0.00065,0.00131,-0.00065,0.00131,49.19561,0.0014653,0,80000.688,79988.343,-0.688,11.657,True,False,False
458.2,INSERTION,COAST,80000.185,33.1423188,3.1923153,216.7114,0.58591,26.58922,-0.00271,2278.92033,2278.93133,0.01101,0.00022,-7E-05,-0.00067,0.00131,-0.00067,0.00131,49.19561,0.0014711,0,80000.687,79988.347,-0.687,11.653,True,False,False
458.34,INSERTION,COAST,80000.186,33.1423188,3.1923153,216.85248,0.58553,26.45992,-0.00271,2278.92033,2278.93133,0.011,0.00022,-7E-05,-0.00068,0.00131,-0.00068,0.00131,49.19561,0.0014756,0,80000.687,79988.353,-0.687,11.647,True,False,False
458.48,INSERTION,COAST,80000.187,33.1423188,3.1923153,216.99378,0.58515,26.36355,-0.00271,2278.92034,2278.93133,0.01098,0.00022,-7E-05,-0.00069,0.00131,-0.00069,0.00131,49.19561,0.0014792,0,80000.686,79988.363,-0.686,11.637,True,False,False
458.62,INSERTION,COAST,80000.188,33.1423188,3.1923153,217.13532,0.58477,26.30603,-0.0027,2278.92035,2278.93132,0.01097,0.00022,-7E-05,-0.0007,0.00131,-0.0007,0.00131,49.19561,0.0014814,0,80000.686,79988.375,-0.686,11.625,True,False,False
458.78,INSERTION,COAST,80000.188,33.1423188,3.1923153,217.29736,0.58433,26.29228,-0.00268,2278.92037,2278.93132,0.01096,0.00022,-7E-05,-0.0007,0.00131,-0.0007,0.00131,49.19561,0.0014818,0,80000.685,79988.392,-0.685,11.608,True,False,False
458.92,INSERTION,COAST,80000.187,33.1423188,3.1923153,217.4394,0.58395,26.32383,-0.00267,2278.92038,2278.93132,0.01095,0.00022,-7E-05,-0.0007,0.0013,-0.0007,0.0013,49.19561,0.00148,0,80000.684,79988.404,-0.684,11.596,True,False,False
459.06,INSERTION,COAST,80000.185,33.1423188,3.1923153,217.58167,0.58357,26.38754,-0.00266,2278.92039,2278.93133,0.01094,0.00022,-7E-05,-0.00069,0.0013,-0.00069,0.0013,49.19561,0.0014765,0,80000.683,79988.415,-0.683,11.585,True,False,False
459.2,INSERTION,COAST,80000.184,33.1423188,3.1923153,217.72417,0.58318,26.47416,-0.00266,2278.9204,2278.93133,0.01093,0.00022,-7E-05,-0.00068,0.0013,-0.00068,0.0013,49.19561,0.0014716,0,80000.683,79988.424,-0.683,11.576,True,False,False
459.36,INSERTION,COAST,80000.182,33.1423188,3.1923153,217.88732,0.58275,26.58723,-0.00266,2278.9204,2278.93133,0.01093,0.00022,-7E-05,-0.00067,0.0013,-0.00067,0.0013,49.19561,0.0014649,0,80000.683,79988.429,-0.683,11.571,True,False,False
459.5,INSERTION,COAST,80000.18,33.1423188,3.1923153,218.03033,0.58237,26.68507,-0.00267,2278.9204,2278.93134,0.01093,0.00022,-7E-05,-0.00066,0.0013,-0.00066,0.0013,49.19561,0.0014587,0,80000.683,79988.43,-0.683,11.57,True,False,False
459.64,INSERTION,COAST,80000.178,33.1423188,3.1923153,218.17357,0.58198,26.76181,-0.00269,2278.9204,2278.93134,0.01094,0.00022,-7E-05,-0.00064,0.0013,-0.00064,0.0013,49.19561,0.0014528,0,80000.683,79988.424,-0.683,11.576,True,False,False
459.78,INSERTION,COAST,80000.177,33.1423188,3.1923153,218.31705,0.5816,26.79936,-0.00272,2278.92039,2278.93134,0.01095,0.00022,-7E-05,-0.00063,0.0013,-0.00063,0.0013,49.19561,0.0014481,0,80000.684,79988.412,-0.684,11.588,True,False,False
459.94,INSERTION,COAST,80000.177,33.1423188,3.1923153,218.48132,0.58116,26.77977,-0.00276,2278.92038,2278.93134,0.01096,0.00022,-7E-05,-0.00062,0.00131,-0.00062,0.00131,49.19561,0.0014448,0,80000.685,79988.393,-0.685,11.607,True,False,False
460.08,INSERTION,COAST,80000.178,33.1423188,3.1923153,218.6253,0.58078,26.70517,-0.0028,2278.92037,2278.93134,0.01098,0.00022,-7E-05,-0.00061,0.00131,-0.00061,0.00131,49.19561,0.0014442,0,80000.686,79988.375,-0.686,11.625,True,False,False
460.22,INSERTION,COAST,80000.179,33.1423188,3.1923153,218.76953,0.5804,26.58186,-0.00283,2278.92035,2278.93134,0.01099,0.00022,-7E-05,-0.00061,0.00131,-0.00061,0.00131,49.19561,0.0014457,0,80000.687,79988.359,-0.687,11.641,True,False,False
460.36,INSERTION,COAST,80000.181,33.1423188,3.1923153,218.91399,0.58001,26.4246,-0.00286,2278.92035,2278.93134,0.01099,0.00022,-7E-05,-0.00062,0.00131,-0.00062,0.00131,49.19561,0.0014491,0,80000.688,79988.347,-0.688,11.653,True,False,False
460.52,INSERTION,COAST,80000.184,33.1423188,3.1923153,219.07939,0.57958,26.23111,-0.00288,2278.92034,2278.93133,0.01099,0.00022,-7E-05,-0.00063,0.00131,-0.00063,0.00131,49.19561,0.0014545,0,80000.688,79988.343,-0.688,11.657,True,False,False
460.66,INSERTION,COAST,80000.186,33.1423188,3.1923153,219.22437,0.57919,26.07059,-0.00289,2278.92035,2278.93133,0.01098,0.00022,-7E-05,-0.00065,0.00131,-0.00065,0.00131,49.19561,0.0014596,0,80000.688,79988.344,-0.688,11.656,True,False,False
460.8,INSERTION,COAST,80000.188,33.1423188,3.1923153,219.36958,0.57881,25.93277,-0.00289,2278.92035,2278.93133,0.01097,0.00022,-7E-05,-0.00066,0.00131,-0.00066,0.00131,49.19561,0.0014643,0,80000.687,79988.351,-0.687,11.649,True,False,False
460.94,INSERTION,COAST,80000.189,33.1423188,3.1923153,219.51504,0.57843,25.82798,-0.00288,2278.92036,2278.93132,0.01096,0.00022,-7E-05,-0.00067,0.00131,-0.00067,0.00131,49.19561,0.0014682,0,80000.687,79988.361,-0.687,11.639,True,False,False
461.1,INSERTION,COAST,80000.19,33.1423188,3.1923153,219.68158,0.57799,25.75899,-0.00287,2278.92038,2278.93132,0.01095,0.00022,-7E-05,-0.00068,0.0013,-0.00068,0.0013,49.19561,0.0014709,0,80000.686,79988.376,-0.686,11.624,True,False,False
461.24,INSERTION,COAST,80000.189,33.1423188,3.1923153,219.82756,0.5776,25.74619,-0.00285,2278.92039,2278.93132,0.01093,0.00022,-7E-05,-0.00068,0.0013,-0.00068,0.0013,49.19561,0.0014712,0,80000.685,79988.39,-0.685,11.61,True,False,False
461.38,INSERTION,COAST,80000.189,33.1423188,3.1923153,219.97378,0.57722,25.77374,-0.00284,2278.9204,2278.93132,0.01092,0.00022,-7E-05,-0.00068,0.0013,-0.00068,0.0013,49.19561,0.0014696,0,80000.684,79988.403,-0.684,11.597,True,False,False
461.52,INSERTION,COAST,80000.187,33.1423188,3.1923153,220.12024,0.57684,25.83561,-0.00283,2278.92041,2278.93132,0.01091,0.00022,-7E-05,-0.00068,0.0013,-0.00068,0.0013,49.19561,0.0014662,0,80000.683,79988.414,-0.683,11.586,True,False,False
461.68,INSERTION,COAST,80000.185,33.1423188,3.1923153,220.28793,0.5764,25.93754,-0.00283,2278.92042,2278.93133,0.01091,0.00022,-7E-05,-0.00067,0.0013,-0.00067,0.0013,49.19561,0.0014606,0,80000.683,79988.425,-0.683,11.575,True,False,False
461.82,INSERTION,COAST,80000.183,33.1423188,3.1923153,220.43492,0.57601,26.04143,-0.00283,2278.92042,2278.93133,0.0109,0.00022,-7E-05,-0.00065,0.0013,-0.00065,0.0013,49.19561,0.0014546,0,80000.682,79988.43,-0.682,11.57,True,False,False
461.96,INSERTION,COAST,80000.181,33.1423188,3.1923153,220.58215,0.57563,26.14377,-0.00284,2278.92043,2278.93133,0.01091,0.00022,-7E-05,-0.00064,0.0013,-0.00064,0.0013,49.19561,0.0014482,0,80000.682,79988.431,-0.682,11.569,True,False,False
462.1,INSERTION,COAST,80000.179,33.1423188,3.1923153,220.72962,0.57524,26.22608,-0.00285,2278.92042,2278.93134,0.01091,0.00022,-7E-05,-0.00062,0.0013,-0.00062,0.0013,49.19561,0.0014422,0,80000.683,79988.425,-0.683,11.575,True,False,False
462.26,INSERTION,COAST,80000.178,33.1423188,3.1923153,220.89847,0.5748,26.27115,-0.00289,2278.92041,2278.93134,0.01092,0.00022,-7E-05,-0.00061,0.0013,-0.00061,0.0013,49.19561,0.0014366,0,80000.684,79988.411,-0.684,11.589,True,False,False
462.4,INSERTION,COAST,80000.178,33.1423188,3.1923153,221.04647,0.57442,26.25464,-0.00292,2278.9204,2278.93134,0.01094,0.00022,-7E-05,-0.0006,0.0013,-0.0006,0.0013,49.19561,0.0014336,0,80000.685,79988.395,-0.685,11.605,True,False,False
462.54,INSERTION,COAST,80000.179,33.1423188,3.1923153,221.19472,0.57403,26.17977,-0.00296,2278.92039,2278.93134,0.01095,0.00022,-7E-05,-0.00059,0.0013,-0.00059,0.0013,49.19561,0.0014329,0,80000.686,79988.376,-0.686,11.624,True,False,False
462.68,INSERTION,COAST,80000.18,33.1423188,3.1923153,221.34322,0.57365,26.05271,-0.003,2278.92038,2278.93134,0.01096,0.00022,-7E-05,-0.00059,0.00131,-0.00059,0.00131,49.19561,0.0014344,0,80000.687,79988.358,-0.687,11.642,True,False,False
462.84,INSERTION,COAST,80000.183,33.1423188,3.1923153,221.51323,0.57321,25.86328,-0.00304,2278.92037,2278.93133,0.01097,0.00022,-7E-05,-0.0006,0.00131,-0.0006,0.00131,49.19561,0.0014384,0,80000.688,79988.345,-0.688,11.655,True,False,False
462.98,INSERTION,COAST,80000.185,33.1423188,3.1923153,221.66226,0.57282,25.68289,-0.00305,2278.92037,2278.93133,0.01096,0.00022,-7E-05,-0.00062,0.00131,-0.00062,0.00131,49.19561,0.0014433,0,80000.688,79988.34,-0.688,11.66,True,False,False
463.12,INSERTION,COAST,80000.188,33.1423188,3.1923153,221.81155,0.57244,25.5125,-0.00306,2278.92037,2278.93133,0.01096,0.00022,-7E-05,-0.00063,0.0013,-0.00063,0.0013,49.19561,0.0014487,0,80000.688,79988.342,-0.688,11.658,True,False,False
463.26,INSERTION,COAST,80000.19,33.1423188,3.1923153,221.96108,0.57205,25.36616,-0.00306,2278.92038,2278.93132,0.01095,0.00022,-7E-05,-0.00064,0.0013,-0.00064,0.0013,49.19561,0.0014537,0,80000.688,79988.349,-0.688,11.651,True,False,False
463.42,INSERTION,COAST,80000.191,33.1423188,3.1923153,222.13228,0.57161,25.244,-0.00305,2278.92039,2278.93132,0.01093,0.00022,-7E-05,-0.00066,0.0013,-0.00066,0.0013,49.19561,0.0014583,0,80000.687,79988.362,-0.687,11.638,True,False,False
463.56,INSERTION,COAST,80000.192,33.1423188,3.1923153,222.28235,0.57123,25.18462,-0.00304,2278.9204,2278.93132,0.01092,0.00022,-7E-05,-0.00067,0.0013,-0.00067,0.0013,49.19561,0.0014605,0,80000.686,79988.375,-0.686,11.625,True,False,False
463.7,INSERTION,COAST,80000.191,33.1423188,3.1923153,222.43267,0.57084,25.17065,-0.00302,2278.92041,2278.93132,0.01091,0.00022,-7E-05,-0.00067,0.0013,-0.00067,0.0013,49.19561,0.0014609,0,80000.685,79988.389,-0.685,11.611,True,False,False
463.84,INSERTION,COAST,80000.19,33.1423188,3.1923153,222.58325,0.57045,25.19984,-0.00301,2278.92042,2278.93132,0.01089,0.00022,-7E-05,-0.00067,0.0013,-0.00067,0.0013,49.19561,0.0014593,0,80000.684,79988.403,-0.684,11.597,True,False,False
464,INSERTION,COAST,80000.189,33.1423188,3.1923153,222.75564,0.57001,25.27957,-0.00299,2278.92044,2278.93132,0.01088,0.00022,-7E-05,-0.00066,0.0013,-0.00066,0.0013,49.19561,0.0014552,0,80000.683,79988.417,-0.683,11.583,True,False,False
464.14,INSERTION,COAST,80000.187,33.1423188,3.1923153,222.90676,0.56963,25.37911,-0.00299,2278.92045,2278.93132,0.01088,0.00022,-7E-05,-0.00065,0.0013,-0.00065,0.0013,49.19561,0.0014499,0,80000.682,79988.427,-0.682,11.573,True,False,False
464.28,INSERTION,COAST,80000.185,33.1423188,3.1923153,223.05813,0.56924,25.49085,-0.00299,2278.92045,2278.93133,0.01088,0.00022,-7E-05,-0.00064,0.0013,-0.00064,0.0013,49.19561,0.0014436,0,80000.682,79988.432,-0.682,11.568,True,False,False
464.42,INSERTION,COAST,80000.182,33.1423188,3.1923153,223.20976,0.56885,25.60069,-0.003,2278.92045,2278.93133,0.01088,0.00022,-7E-05,-0.00062,0.0013,-0.00062,0.0013,49.19561,0.0014369,0,80000.682,79988.433,-0.682,11.567,True,False,False
464.58,INSERTION,COAST,80000.18,33.1423188,3.1923153,223.38335,0.56841,25.6983,-0.00302,2278.92045,2278.93133,0.01089,0.00022,-7E-05,-0.0006,0.0013,-0.0006,0.0013,49.19561,0.0014298,0,80000.682,79988.425,-0.682,11.575,True,False,False
464.72,INSERTION,COAST,80000.179,33.1423188,3.1923153,223.53553,0.56802,25.73748,-0.00305,2278.92044,2278.93134,0.0109,0.00022,-7E-05,-0.00059,0.0013,-0.00059,0.0013,49.19561,0.0014248,0,80000.683,79988.412,-0.683,11.588,True,False,False
464.86,INSERTION,COAST,80000.179,33.1423188,3.1923153,223.68796,0.56764,25.71724,-0.00309,2278.92043,2278.93134,0.01091,0.00022,-7E-05,-0.00058,0.0013,-0.00058,0.0013,49.19561,0.0014218,0,80000.685,79988.393,-0.685,11.607,True,False,False
465,INSERTION,COAST,80000.18,33.1423188,3.1923153,223.84064,0.56725,25.63407,-0.00314,2278.92041,2278.93134,0.01093,0.00022,-7E-05,-0.00057,0.0013,-0.00057,0.0013,49.19561,0.0014212,0,80000.686,79988.373,-0.686,11.627,True,False,False
465.16,INSERTION,COAST,80000.182,33.1423188,3.1923153,224.01546,0.56681,25.47166,-0.00318,2278.9204,2278.93134,0.01094,0.00022,-7E-05,-0.00058,0.0013,-0.00058,0.0013,49.19561,0.0014234,0,80000.687,79988.353,-0.687,11.647,True,False,False
465.3,INSERTION,COAST,80000.185,33.1423188,3.1923153,224.1687,0.56642,25.28993,-0.00321,2278.92039,2278.93133,0.01094,0.00022,-7E-05,-0.00058,0.0013,-0.00058,0.0013,49.19561,0.0014273,0,80000.688,79988.341,-0.688,11.659,True,False,False
465.44,INSERTION,COAST,80000.187,33.1423188,3.1923153,224.3222,0.56603,25.09682,-0.00323,2278.92039,2278.93133,0.01094,0.00022,-7E-05,-0.0006,0.0013,-0.0006,0.0013,49.19561,0.0014326,0,80000.689,79988.336,-0.689,11.664,True,False,False
465.58,INSERTION,COAST,80000.188,33.1423188,3.1923153,224.47596,0.56564,24.91574,-0.00324,2278.92039,2278.93132,0.01093,0.00022,-7E-05,-0.00061,0.0013,-0.00061,0.0013,49.19561,0.0014384,0,80000.689,79988.339,-0.689,11.661,True,False,False
465.74,INSERTION,COAST,80000.184,33.1423187,3.1923152,224.652,0.5652,24.74404,-0.00323,2278.92042,2278.93133,0.01091,0.00022,-7E-05,-0.00059,0.0013,-0.00059,0.0013,49.19561,0.0014257,0,80000.681,79988.352,-0.681,11.648,True,False,False
465.88,INSERTION,COAST,80000.185,33.1423187,3.1923152,224.80632,0.56481,24.61689,-0.00323,2278.92043,2278.93133,0.0109,0.00022,-7E-05,-0.00059,0.0013,-0.00059,0.0013,49.19561,0.0014256,0,80000.679,79988.36,-0.679,11.64,True,False,False
466.02,INSERTION,COAST,80000.187,33.1423187,3.1923152,224.9609,0.56442,24.50208,-0.00323,2278.92044,2278.93133,0.01089,0.00022,-7E-05,-0.0006,0.0013,-0.0006,0.0013,49.19561,0.0014286,0,80000.679,79988.364,-0.679,11.636,True,False,False
466.16,INSERTION,COAST,80000.188,33.1423187,3.1923152,225.11574,0.56404,24.40677,-0.00323,2278.92044,2278.93132,0.01088,0.00022,-7E-05,-0.00061,0.0013,-0.00061,0.0013,49.19561,0.0014312,0,80000.679,79988.37,-0.679,11.63,True,False,False
466.32,INSERTION,COAST,80000.189,33.1423187,3.1923152,225.29303,0.56359,24.33093,-0.00322,2278.92045,2278.93132,0.01087,0.00022,-7E-05,-0.00062,0.00129,-0.00062,0.00129,49.19561,0.0014332,0,80000.678,79988.379,-0.678,11.621,True,False,False
466.46,INSERTION,COAST,80000.189,33.1423187,3.1923152,225.44843,0.5632,24.29732,-0.00322,2278.92046,2278.93132,0.01086,0.00022,-7E-05,-0.00062,0.00129,-0.00062,0.00129,49.19561,0.0014337,0,80000.677,79988.388,-0.677,11.612,True,False,False
466.6,INSERTION,COAST,80000.188,33.1423187,3.1923152,225.60411,0.56281,24.29309,-0.00321,2278.92047,2278.93132,0.01085,0.00022,-7E-05,-0.00062,0.00129,-0.00062,0.00129,49.19561,0.001433,0,80000.677,79988.397,-0.677,11.603,True,False,False
466.74,INSERTION,COAST,80000.188,33.1423187,3.1923152,225.76004,0.56243,24.3152,-0.00321,2278.92048,2278.93132,0.01085,0.00022,-7E-05,-0.00062,0.00129,-0.00062,0.00129,49.19561,0.001431,0,80000.676,79988.405,-0.676,11.595,True,False,False
466.9,INSERTION,COAST,80000.186,33.1423187,3.1923152,225.93858,0.56198,24.36637,-0.0032,2278.92048,2278.93133,0.01084,0.00022,-7E-05,-0.00061,0.00129,-0.00061,0.00129,49.19561,0.0014275,0,80000.675,79988.413,-0.675,11.587,True,False,False
467.04,INSERTION,COAST,80000.185,33.1423187,3.1923152,226.09509,0.56159,24.42541,-0.00321,2278.92049,2278.93133,0.01084,0.00022,-7E-05,-0.0006,0.00129,-0.0006,0.00129,49.19561,0.0014235,0,80000.675,79988.418,-0.675,11.582,True,False,False
467.18,INSERTION,COAST,80000.183,33.1423187,3.1923152,226.25186,0.5612,24.48681,-0.00321,2278.92049,2278.93133,0.01084,0.00022,-7E-05,-0.00059,0.00129,-0.00059,0.00129,49.19561,0.0014191,0,80000.675,79988.419,-0.675,11.581,True,False,False
467.32,INSERTION,COAST,80000.182,33.1423187,3.1923152,226.4089,0.56081,24.54013,-0.00323,2278.92049,2278.93133,0.01084,0.00022,-7E-05,-0.00058,0.00129,-0.00058,0.00129,49.19561,0.0014148,0,80000.675,79988.418,-0.675,11.582,True,False,False
467.48,INSERTION,COAST,80000.181,33.1423187,3.1923152,226.5887,0.56037,24.57115,-0.00325,2278.92049,2278.93133,0.01085,0.00022,-7E-05,-0.00057,0.00129,-0.00057,0.00129,49.19561,0.0014104,0,80000.676,79988.41,-0.676,11.59,True,False,False
467.62,INSERTION,COAST,80000.181,33.1423187,3.1923152,226.74632,0.55998,24.56032,-0.00328,2278.92048,2278.93134,0.01085,0.00022,-7E-05,-0.00056,0.00129,-0.00056,0.00129,49.19561,0.0014077,0,80000.677,79988.399,-0.677,11.601,True,False,False
467.76,INSERTION,COAST,80000.181,33.1423187,3.1923152,226.9042,0.55959,24.50697,-0.00331,2278.92047,2278.93134,0.01086,0.00022,-7E-05,-0.00055,0.00129,-0.00055,0.00129,49.19561,0.0014065,0,80000.678,79988.386,-0.678,11.614,True,False,False
467.9,INSERTION,COAST,80000.182,33.1423187,3.1923152,227.06235,0.5592,24.41329,-0.00334,2278.92046,2278.93133,0.01087,0.00022,-7E-05,-0.00055,0.00129,-0.00055,0.00129,49.19561,0.0014069,0,80000.679,79988.373,-0.679,11.627,True,False,False
468.06,INSERTION,COAST,80000.184,33.1423187,3.1923152,227.24343,0.55875,24.26898,-0.00337,2278.92046,2278.93133,0.01087,0.00022,-7E-05,-0.00056,0.00129,-0.00056,0.00129,49.19561,0.0014091,0,80000.679,79988.362,-0.679,11.638,True,False,False
468.2,INSERTION,COAST,80000.186,33.1423187,3.1923152,227.40217,0.55836,24.12684,-0.00339,2278.92045,2278.93133,0.01087,0.00022,-7E-05,-0.00057,0.00129,-0.00057,0.00129,49.19561,0.0014121,0,80000.68,79988.357,-0.68,11.643,True,False,False
468.34,INSERTION,COAST,80000.187,33.1423187,3.1923152,227.56118,0.55797,23.98794,-0.0034,2278.92046,2278.93133,0.01087,0.00022,-7E-05,-0.00058,0.00129,-0.00058,0.00129,49.19561,0.0014157,0,80000.68,79988.358,-0.68,11.642,True,False,False
468.48,INSERTION,COAST,80000.189,33.1423187,3.1923152,227.72046,0.55758,23.86433,-0.0034,2278.92046,2278.93132,0.01086,0.00022,-7E-05,-0.00059,0.00129,-0.00059,0.00129,49.19561,0.0014191,0,80000.68,79988.362,-0.68,11.638,True,False,False
468.64,INSERTION,COAST,80000.19,33.1423187,3.1923152,227.90283,0.55714,23.75488,-0.0034,2278.92047,2278.93132,0.01085,0.00022,-7E-05,-0.0006,0.00129,-0.0006,0.00129,49.19561,0.0014223,0,80000.679,79988.37,-0.679,11.63,True,False,False
468.78,INSERTION,COAST,80000.191,33.1423187,3.1923152,228.06269,0.55675,23.69403,-0.00339,2278.92048,2278.93132,0.01084,0.00022,-7E-05,-0.0006,0.00129,-0.0006,0.00129,49.19561,0.0014238,0,80000.678,79988.379,-0.678,11.621,True,False,False
468.92,INSERTION,COAST,80000.191,33.1423187,3.1923152,228.22284,0.55636,23.66756,-0.00338,2278.92049,2278.93132,0.01083,0.00022,-7E-05,-0.00061,0.00129,-0.00061,0.00129,49.19561,0.0014242,0,80000.677,79988.39,-0.677,11.61,True,False,False
469.06,INSERTION,COAST,80000.19,33.1423187,3.1923152,228.38325,0.55597,23.67455,-0.00337,2278.9205,2278.93132,0.01082,0.00022,-7E-05,-0.00061,0.00129,-0.00061,0.00129,49.19561,0.001423,0,80000.676,79988.4,-0.676,11.6,True,False,False
469.22,INSERTION,COAST,80000.189,33.1423187,3.1923152,228.56692,0.55552,23.71922,-0.00337,2278.92051,2278.93132,0.01081,0.00022,-7E-05,-0.0006,0.00129,-0.0006,0.00129,49.19561,0.0014202,0,80000.676,79988.411,-0.676,11.589,True,False,False
469.36,INSERTION,COAST,80000.187,33.1423187,3.1923152,228.72793,0.55513,23.78258,-0.00336,2278.92051,2278.93132,0.01081,0.00022,-7E-05,-0.00059,0.00129,-0.00059,0.00129,49.19561,0.0014163,0,80000.675,79988.418,-0.675,11.582,True,False,False
469.5,INSERTION,COAST,80000.186,33.1423187,3.1923152,228.88922,0.55474,23.85657,-0.00337,2278.92052,2278.93133,0.01081,0.00022,-7E-05,-0.00058,0.00129,-0.00058,0.00129,49.19561,0.0014117,0,80000.675,79988.422,-0.675,11.578,True,False,False
469.64,INSERTION,COAST,80000.184,33.1423187,3.1923152,229.05078,0.55435,23.93027,-0.00337,2278.92052,2278.93133,0.01081,0.00022,-7E-05,-0.00057,0.00129,-0.00057,0.00129,49.19561,0.0014068,0,80000.675,79988.423,-0.675,11.577,True,False,False
469.8,INSERTION,COAST,80000.182,33.1423187,3.1923152,229.23577,0.5539,23.99493,-0.00339,2278.92052,2278.93133,0.01081,0.00022,-7E-05,-0.00056,0.00129,-0.00056,0.00129,49.19561,0.0014014,0,80000.675,79988.418,-0.675,11.582,True,False,False
469.94,INSERTION,COAST,80000.182,33.1423187,3.1923152,229.39793,0.55351,24.01676,-0.00342,2278.92051,2278.93133,0.01082,0.00022,-7E-05,-0.00055,0.00129,-0.00055,0.00129,49.19561,0.0013975,0,80000.676,79988.409,-0.676,11.591,True,False,False
470.08,INSERTION,COAST,80000.181,33.1423187,3.1923152,229.56037,0.55311,23.99268,-0.00345,2278.92051,2278.93133,0.01083,0.00022,-7E-05,-0.00054,0.00129,-0.00054,0.00129,49.19561,0.0013951,0,80000.677,79988.395,-0.677,11.605,True,False,False
470.22,INSERTION,COAST,80000.182,33.1423187,3.1923152,229.7231,0.55272,23.91929,-0.00349,2278.9205,2278.93133,0.01084,0.00022,-7E-05,-0.00053,0.00129,-0.00053,0.00129,49.19561,0.0013944,0,80000.678,79988.38,-0.678,11.62,True,False,False
470.38,INSERTION,COAST,80000.184,33.1423187,3.1923152,229.90941,0.55228,23.78207,-0.00353,2278.92049,2278.93133,0.01085,0.00022,-7E-05,-0.00053,0.00129,-0.00053,0.00129,49.19561,0.0013958,0,80000.679,79988.365,-0.679,11.635,True,False,False
470.52,INSERTION,COAST,80000.186,33.1423187,3.1923152,230.07273,0.55188,23.63042,-0.00355,2278.92048,2278.93133,0.01085,0.00022,-7E-05,-0.00054,0.00129,-0.00054,0.00129,49.19561,0.0013985,0,80000.68,79988.355,-0.68,11.645,True,False,False
470.66,INSERTION,COAST,80000.188,33.1423187,3.1923152,230.23634,0.55149,23.46963,-0.00357,2278.92048,2278.93133,0.01085,0.00022,-7E-05,-0.00055,0.00129,-0.00055,0.00129,49.19561,0.0014023,0,80000.681,79988.352,-0.681,11.648,True,False,False
470.8,INSERTION,COAST,80000.19,33.1423187,3.1923152,230.40024,0.5511,23.3186,-0.00358,2278.92048,2278.93132,0.01084,0.00022,-7E-05,-0.00056,0.00129,-0.00056,0.00129,49.19561,0.0014064,0,80000.68,79988.354,-0.68,11.646,True,False,False
470.96,INSERTION,COAST,80000.192,33.1423187,3.1923152,230.58789,0.55065,23.17457,-0.00357,2278.92049,2278.93132,0.01083,0.00022,-7E-05,-0.00058,0.00129,-0.00058,0.00129,49.19561,0.0014106,0,80000.68,79988.362,-0.68,11.638,True,False,False
471.1,INSERTION,COAST,80000.192,33.1423187,3.1923152,230.7524,0.55026,23.08404,-0.00357,2278.9205,2278.93132,0.01082,0.00022,-7E-05,-0.00059,0.00129,-0.00059,0.00129,49.19561,0.0014133,0,80000.679,79988.371,-0.679,11.629,True,False,False
471.24,INSERTION,COAST,80000.193,33.1423187,3.1923152,230.91719,0.54986,23.03187,-0.00356,2278.92051,2278.93132,0.01081,0.00022,-7E-05,-0.00059,0.00128,-0.00059,0.00128,49.19561,0.0014147,0,80000.678,79988.382,-0.678,11.618,True,False,False
471.38,INSERTION,COAST,80000.193,33.1423187,3.1923152,231.08226,0.54947,23.01964,-0.00354,2278.92052,2278.93132,0.0108,0.00022,-7E-05,-0.00059,0.00128,-0.00059,0.00128,49.19561,0.0014146,0,80000.677,79988.393,-0.677,11.607,True,False,False
471.54,INSERTION,COAST,80000.191,33.1423187,3.1923152,231.27128,0.54902,23.05303,-0.00353,2278.92053,2278.93132,0.01078,0.00022,-7E-05,-0.00059,0.00128,-0.00059,0.00128,49.19561,0.0014126,0,80000.676,79988.407,-0.676,11.593,True,False,False
471.68,INSERTION,COAST,80000.19,33.1423187,3.1923152,231.43697,0.54863,23.11686,-0.00352,2278.92054,2278.93132,0.01078,0.00022,-7E-05,-0.00059,0.00128,-0.00059,0.00128,49.19561,0.001409,0,80000.675,79988.417,-0.675,11.583,True,False,False
471.82,INSERTION,COAST,80000.188,33.1423187,3.1923152,231.60295,0.54824,23.20042,-0.00352,2278.92055,2278.93132,0.01077,0.00022,-7E-05,-0.00058,0.00128,-0.00058,0.00128,49.19561,0.0014043,0,80000.674,79988.423,-0.674,11.577,True,False,False
471.96,INSERTION,COAST,80000.186,33.1423187,3.1923152,231.76922,0.54784,23.29156,-0.00352,2278.92055,2278.93132,0.01077,0.00022,-7E-05,-0.00056,0.00128,-0.00056,0.00128,49.19561,0.0013989,0,80000.674,79988.427,-0.674,11.573,True,False,False
472.12,INSERTION,COAST,80000.184,33.1423187,3.1923152,231.9596,0.54739,23.38882,-0.00354,2278.92055,2278.93133,0.01078,0.00022,-7E-05,-0.00055,0.00128,-0.00055,0.00128,49.19561,0.0013927,0,80000.674,79988.426,-0.674,11.574,True,False,False
472.26,INSERTION,COAST,80000.183,33.1423187,3.1923152,232.12649,0.547,23.44508,-0.00356,2278.92055,2278.93133,0.01078,0.00022,-7E-05,-0.00053,0.00128,-0.00053,0.00128,49.19561,0.0013877,0,80000.675,79988.419,-0.675,11.581,True,False,False
472.4,INSERTION,COAST,80000.182,33.1423187,3.1923152,232.29367,0.54661,23.4542,-0.00359,2278.92054,2278.93133,0.01079,0.00022,-7E-05,-0.00052,0.00128,-0.00052,0.00128,49.19561,0.001384,0,80000.676,79988.405,-0.676,11.595,True,False,False
472.54,INSERTION,COAST,80000.182,33.1423187,3.1923152,232.46114,0.54621,23.40645,-0.00363,2278.92053,2278.93133,0.0108,0.00022,-7E-05,-0.00051,0.00128,-0.00051,0.00128,49.19561,0.0013821,0,80000.677,79988.388,-0.677,11.612,True,False,False
472.7,INSERTION,COAST,80000.184,33.1423187,3.1923152,232.6529,0.54576,23.28278,-0.00368,2278.92052,2278.93133,0.01082,0.00022,-7E-05,-0.00051,0.00129,-0.00051,0.00129,49.19561,0.0013825,0,80000.679,79988.369,-0.679,11.631,True,False,False
472.84,INSERTION,COAST,80000.186,33.1423187,3.1923152,232.821,0.54537,23.12636,-0.00371,2278.92051,2278.93133,0.01082,0.00022,-7E-05,-0.00051,0.00129,-0.00051,0.00129,49.19561,0.0013848,0,80000.68,79988.355,-0.68,11.645,True,False,False
472.98,INSERTION,COAST,80000.188,33.1423187,3.1923152,232.9894,0.54497,22.94483,-0.00374,2278.9205,2278.93133,0.01082,0.00022,-7E-05,-0.00052,0.00129,-0.00052,0.00129,49.19561,0.0013886,0,80000.681,79988.347,-0.681,11.653,True,False,False
473.12,INSERTION,COAST,80000.19,33.1423187,3.1923152,233.15809,0.54458,22.76348,-0.00375,2278.9205,2278.93132,0.01082,0.00022,-7E-05,-0.00054,0.00129,-0.00054,0.00129,49.19561,0.0013933,0,80000.681,79988.346,-0.681,11.654,True,False,False
473.28,INSERTION,COAST,80000.193,33.1423187,3.1923152,233.35125,0.54413,22.58017,-0.00375,2278.92051,2278.93132,0.01081,0.00022,-7E-05,-0.00055,0.00128,-0.00055,0.00128,49.19561,0.0013987,0,80000.681,79988.352,-0.681,11.648,True,False,False
473.42,INSERTION,COAST,80000.194,33.1423187,3.1923152,233.52058,0.54373,22.45533,-0.00374,2278.92052,2278.93131,0.01079,0.00022,-7E-05,-0.00057,0.00128,-0.00057,0.00128,49.19561,0.0014026,0,80000.68,79988.361,-0.68,11.639,True,False,False
473.56,INSERTION,COAST,80000.195,33.1423187,3.1923152,233.69021,0.54334,22.37295,-0.00373,2278.92053,2278.93131,0.01078,0.00022,-7E-05,-0.00058,0.00128,-0.00058,0.00128,49.19561,0.0014053,0,80000.679,79988.373,-0.679,11.627,True,False,False
473.7,INSERTION,COAST,80000.195,33.1423187,3.1923152,233.86013,0.54295,22.3377,-0.00372,2278.92054,2278.93131,0.01077,0.00022,-7E-05,-0.00058,0.00128,-0.00058,0.00128,49.19561,0.0014063,0,80000.678,79988.386,-0.678,11.614,True,False,False
473.86,INSERTION,COAST,80000.194,33.1423187,3.1923152,234.0547,0.54249,22.35692,-0.00369,2278.92056,2278.93131,0.01076,0.00022,-7E-05,-0.00058,0.00128,-0.00058,0.00128,49.19561,0.0014052,0,80000.676,79988.403,-0.676,11.597,True,False,False
474,INSERTION,COAST,80000.193,33.1423187,3.1923152,234.22526,0.5421,22.42036,-0.00368,2278.92057,2278.93131,0.01075,0.00022,-7E-05,-0.00058,0.00128,-0.00058,0.00128,49.19561,0.0014021,0,80000.675,79988.415,-0.675,11.585,True,False,False
474.14,INSERTION,COAST,80000.191,33.1423187,3.1923152,234.39613,0.5417,22.51423,-0.00367,2278.92058,2278.93132,0.01074,0.00022,-7E-05,-0.00057,0.00128,-0.00057,0.00128,49.19561,0.0013973,0,80000.674,79988.425,-0.674,11.575,True,False,False
474.28,INSERTION,COAST,80000.188,33.1423187,3.1923152,234.56729,0.54131,22.62512,-0.00367,2278.92058,2278.93132,0.01074,0.00022,-7E-05,-0.00055,0.00128,-0.00055,0.00128,49.19561,0.0013915,0,80000.673,79988.431,-0.673,11.569,True,False,False
474.44,INSERTION,COAST,80000.186,33.1423187,3.1923152,234.76328,0.54086,22.7532,-0.00368,2278.92059,2278.93132,0.01074,0.00022,-7E-05,-0.00054,0.00128,-0.00054,0.00128,49.19561,0.0013843,0,80000.673,79988.433,-0.673,11.567,True,False,False
474.58,INSERTION,COAST,80000.184,33.1423187,3.1923152,234.9351,0.54046,22.84535,-0.0037,2278.92059,2278.93133,0.01074,0.00022,-7E-05,-0.00052,0.00128,-0.00052,0.00128,49.19561,0.0013782,0,80000.674,79988.428,-0.674,11.572,True,False,False
474.72,INSERTION,COAST,80000.182,33.1423187,3.1923152,235.10721,0.54007,22.89127,-0.00373,2278.92058,2278.93133,0.01075,0.00022,-7E-05,-0.0005,0.00128,-0.0005,0.00128,49.19561,0.0013732,0,80000.675,79988.416,-0.675,11.584,True,False,False
474.86,INSERTION,COAST,80000.182,33.1423187,3.1923152,235.27963,0.53967,22.8743,-0.00377,2278.92057,2278.93133,0.01077,0.00022,-7E-05,-0.00049,0.00128,-0.00049,0.00128,49.19561,0.0013701,0,80000.677,79988.398,-0.677,11.602,True,False,False
475.02,INSERTION,COAST,80000.183,33.1423187,3.1923152,235.47706,0.53922,22.77063,-0.00383,2278.92055,2278.93133,0.01078,0.00022,-7E-05,-0.00048,0.00128,-0.00048,0.00128,49.19561,0.0013693,0,80000.679,79988.375,-0.679,11.625,True,False,False
475.16,INSERTION,COAST,80000.185,33.1423187,3.1923152,235.65013,0.53882,22.61428,-0.00387,2278.92054,2278.93133,0.01079,0.00022,-7E-05,-0.00049,0.00128,-0.00049,0.00128,49.19561,0.0013711,0,80000.68,79988.356,-0.68,11.644,True,False,False
475.3,INSERTION,COAST,80000.188,33.1423187,3.1923152,235.82351,0.53843,22.415,-0.0039,2278.92053,2278.93133,0.0108,0.00022,-7E-05,-0.0005,0.00128,-0.0005,0.00128,49.19561,0.0013748,0,80000.682,79988.343,-0.682,11.657,True,False,False
475.44,INSERTION,COAST,80000.191,33.1423187,3.1923152,235.9972,0.53803,22.20057,-0.00392,2278.92053,2278.93132,0.01079,0.00022,-7E-05,-0.00051,0.00128,-0.00051,0.00128,49.19561,0.0013799,0,80000.682,79988.338,-0.682,11.662,True,False,False
475.6,INSERTION,COAST,80000.194,33.1423187,3.1923152,236.19608,0.53758,21.97265,-0.00393,2278.92053,2278.93132,0.01078,0.00022,-7E-05,-0.00053,0.00128,-0.00053,0.00128,49.19561,0.0013864,0,80000.682,79988.342,-0.682,11.658,True,False,False
475.74,INSERTION,COAST,80000.196,33.1423187,3.1923152,236.37043,0.53718,21.808,-0.00392,2278.92054,2278.93131,0.01077,0.00022,-7E-05,-0.00055,0.00128,-0.00055,0.00128,49.19561,0.0013916,0,80000.681,79988.35,-0.681,11.65,True,False,False
475.88,INSERTION,COAST,80000.197,33.1423187,3.1923152,236.54509,0.53678,21.69007,-0.00391,2278.92055,2278.93131,0.01076,0.00022,-7E-05,-0.00056,0.00128,-0.00056,0.00128,49.19561,0.0013957,0,80000.68,79988.363,-0.68,11.637,True,False,False
476.02,INSERTION,COAST,80000.198,33.1423187,3.1923152,236.72006,0.53639,21.62726,-0.00389,2278.92057,2278.93131,0.01074,0.00022,-7E-05,-0.00057,0.00128,-0.00057,0.00128,49.19561,0.001398,0,80000.678,79988.378,-0.678,11.622,True,False,False
476.18,INSERTION,COAST,80000.197,33.1423187,3.1923152,236.92041,0.53593,21.62883,-0.00386,2278.92058,2278.93131,0.01072,0.00022,-7E-05,-0.00058,0.00127,-0.00058,0.00127,49.19561,0.0013982,0,80000.676,79988.398,-0.676,11.602,True,False,False
476.32,INSERTION,COAST,80000.189,33.1423187,3.1923152,237.09605,0.53554,21.69073,-0.00384,2278.9206,2278.93131,0.01071,0.00022,-7E-05,-0.00056,0.00127,-0.00056,0.00127,49.19561,0.0013919,0,80000.674,79988.414,-0.674,11.586,True,False,False
476.46,INSERTION,COAST,80000.186,33.1423187,3.1923152,237.272,0.53514,21.7914,-0.00383,2278.92063,2278.93132,0.0107,0.00022,-7E-05,-0.00051,0.00127,-0.00051,0.00127,49.19561,0.0013701,0,80000.666,79988.429,-0.666,11.571,True,False,False
476.6,INSERTION,COAST,80000.183,33.1423187,3.1923152,237.44826,0.53474,21.892,-0.00383,2278.92063,2278.93133,0.01069,0.00022,-7E-05,-0.0005,0.00127,-0.0005,0.00127,49.19561,0.0013643,0,80000.666,79988.433,-0.666,11.567,True,False,False
476.76,INSERTION,COAST,80000.182,33.1423187,3.1923152,237.65009,0.53429,21.95458,-0.00387,2278.92063,2278.93133,0.01071,0.00022,-7E-05,-0.00048,0.00127,-0.00048,0.00127,49.19561,0.0013585,0,80000.667,79988.42,-0.667,11.58,True,False,False
476.9,INSERTION,COAST,80000.181,33.1423187,3.1923152,237.82703,0.53389,21.94719,-0.00391,2278.92062,2278.93133,0.01072,0.00022,-7E-05,-0.00046,0.00127,-0.00046,0.00127,49.19561,0.0013552,0,80000.668,79988.404,-0.668,11.596,True,False,False
477.04,INSERTION,COAST,80000.182,33.1423187,3.1923152,238.00428,0.53349,21.86961,-0.00395,2278.9206,2278.93133,0.01073,0.00022,-7E-05,-0.00046,0.00127,-0.00046,0.00127,49.19561,0.0013541,0,80000.67,79988.384,-0.67,11.616,True,False,False
477.18,INSERTION,COAST,80000.184,33.1423187,3.1923152,238.18185,0.53309,21.72595,-0.004,2278.92059,2278.93133,0.01074,0.00022,-7E-05,-0.00046,0.00128,-0.00046,0.00128,49.19561,0.0013551,0,80000.672,79988.365,-0.672,11.635,True,False,False
477.34,INSERTION,COAST,80000.187,33.1423187,3.1923152,238.38518,0.53264,21.50231,-0.00404,2278.92058,2278.93133,0.01075,0.00022,-7E-05,-0.00047,0.00128,-0.00047,0.00128,49.19561,0.0013588,0,80000.674,79988.349,-0.674,11.651,True,False,False
477.48,INSERTION,COAST,80000.19,33.1423187,3.1923152,238.56343,0.53224,21.28633,-0.00406,2278.92058,2278.93132,0.01074,0.00022,-7E-05,-0.00048,0.00128,-0.00048,0.00128,49.19561,0.0013637,0,80000.675,79988.343,-0.675,11.657,True,False,False
477.62,INSERTION,COAST,80000.193,33.1423187,3.1923152,238.74201,0.53184,21.08022,-0.00407,2278.92058,2278.93132,0.01074,0.00022,-7E-05,-0.0005,0.00127,-0.0005,0.00127,49.19561,0.0013691,0,80000.675,79988.345,-0.675,11.655,True,False,False
477.76,INSERTION,COAST,80000.195,33.1423187,3.1923152,238.9209,0.53144,20.90341,-0.00407,2278.92059,2278.93131,0.01072,0.00022,-7E-05,-0.00052,0.00127,-0.00052,0.00127,49.19561,0.0013744,0,80000.674,79988.352,-0.674,11.648,True,False,False
477.92,INSERTION,COAST,80000.197,33.1423187,3.1923152,239.12574,0.53099,20.75882,-0.00405,2278.9206,2278.93131,0.01071,0.00022,-7E-05,-0.00053,0.00127,-0.00053,0.00127,49.19561,0.0013793,0,80000.672,79988.366,-0.672,11.634,True,False,False
478.06,INSERTION,COAST,80000.197,33.1423187,3.1923152,239.30533,0.53059,20.69372,-0.00403,2278.92062,2278.93131,0.01069,0.00022,-7E-05,-0.00054,0.00127,-0.00054,0.00127,49.19561,0.0013816,0,80000.671,79988.381,-0.671,11.619,True,False,False
478.2,INSERTION,COAST,80000.197,33.1423187,3.1923152,239.48523,0.53019,20.68756,-0.00401,2278.92063,2278.93131,0.01068,0.00022,-7E-05,-0.00055,0.00127,-0.00055,0.00127,49.19561,0.0013819,0,80000.669,79988.397,-0.669,11.603,True,False,False
478.34,INSERTION,COAST,80000.195,33.1423187,3.1923152,239.66546,0.52979,20.73707,-0.00398,2278.92064,2278.93131,0.01067,0.00022,-7E-05,-0.00055,0.00127,-0.00055,0.00127,49.19561,0.0013798,0,80000.667,79988.412,-0.667,11.588,True,False,False
478.5,INSERTION,COAST,80000.193,33.1423187,3.1923152,239.87183,0.52934,20.85213,-0.00396,2278.92066,2278.93131,0.01066,0.00022,-7E-05,-0.00054,0.00127,-0.00054,0.00127,49.19561,0.001375,0,80000.666,79988.428,-0.666,11.572,True,False,False
478.64,INSERTION,COAST,80000.19,33.1423187,3.1923152,240.05276,0.52894,20.98859,-0.00395,2278.92067,2278.93132,0.01065,0.00022,-7E-05,-0.00052,0.00126,-0.00052,0.00126,49.19561,0.0013687,0,80000.665,79988.438,-0.665,11.562,True,False,False
478.78,INSERTION,COAST,80000.187,33.1423187,3.1923152,240.23401,0.52854,21.13649,-0.00395,2278.92067,2278.93132,0.01065,0.00022,-7E-05,-0.0005,0.00126,-0.0005,0.00126,49.19561,0.0013616,0,80000.664,79988.443,-0.664,11.557,True,False,False
478.92,INSERTION,COAST,80000.184,33.1423187,3.1923152,240.41559,0.52814,21.27698,-0.00396,2278.92067,2278.93133,0.01065,0.00022,-7E-05,-0.00048,0.00127,-0.00048,0.00127,49.19561,0.0013544,0,80000.664,79988.443,-0.664,11.557,True,False,False
479.08,INSERTION,COAST,80000.182,33.1423187,3.1923152,240.6235,0.52768,21.38677,-0.004,2278.92067,2278.93133,0.01067,0.00022,-7E-05,-0.00046,0.00127,-0.00046,0.00127,49.19561,0.0013471,0,80000.666,79988.431,-0.666,11.569,True,False,False
479.22,INSERTION,COAST,80000.181,33.1423187,3.1923152,240.80578,0.52729,21.40989,-0.00404,2278.92065,2278.93133,0.01068,0.00022,-7E-05,-0.00044,0.00127,-0.00044,0.00127,49.19561,0.0013426,0,80000.667,79988.413,-0.667,11.587,True,False,False
479.36,INSERTION,COAST,80000.181,33.1423187,3.1923152,240.98839,0.52689,21.34537,-0.0041,2278.92064,2278.93134,0.0107,0.00022,-7E-05,-0.00043,0.00127,-0.00043,0.00127,49.19561,0.0013406,0,80000.67,79988.388,-0.67,11.612,True,False,False
479.5,INSERTION,COAST,80000.183,33.1423187,3.1923152,241.17132,0.52649,21.19343,-0.00416,2278.92062,2278.93133,0.01071,0.00022,-7E-05,-0.00043,0.00127,-0.00043,0.00127,49.19561,0.0013414,0,80000.673,79988.364,-0.673,11.636,True,False,False
479.66,INSERTION,COAST,80000.187,33.1423187,3.1923152,241.3808,0.52603,20.93482,-0.00421,2278.92061,2278.93133,0.01072,0.00022,-7E-05,-0.00044,0.00127,-0.00044,0.00127,49.19561,0.0013453,0,80000.675,79988.341,-0.675,11.659,True,False,False
479.8,INSERTION,COAST,80000.191,33.1423187,3.1923152,241.56445,0.52563,20.66876,-0.00425,2278.9206,2278.93132,0.01072,0.00022,-7E-05,-0.00045,0.00127,-0.00045,0.00127,49.19561,0.0013509,0,80000.677,79988.331,-0.677,11.669,True,False,False
479.94,INSERTION,COAST,80000.194,33.1423187,3.1923152,241.74843,0.52523,20.40624,-0.00426,2278.9206,2278.93132,0.01071,0.00022,-7E-05,-0.00048,0.00127,-0.00048,0.00127,49.19561,0.0013577,0,80000.677,79988.331,-0.677,11.669,True,False,False
480.08,INSERTION,COAST,80000.197,33.1423187,3.1923152,241.93275,0.52483,20.17564,-0.00425,2278.92061,2278.93131,0.0107,0.00022,-7E-05,-0.0005,0.00127,-0.0005,0.00127,49.19561,0.0013647,0,80000.676,79988.338,-0.676,11.662,True,False,False
480.24,INSERTION,COAST,80000.2,33.1423187,3.1923152,242.14381,0.52437,19.9817,-0.00423,2278.92063,2278.9313,0.01068,0.00022,-7E-05,-0.00052,0.00127,-0.00052,0.00127,49.19561,0.0013717,0,80000.674,79988.355,-0.674,11.645,True,False,False
480.38,INSERTION,COAST,80000.201,33.1423187,3.1923152,242.32884,0.52397,19.88937,-0.0042,2278.92064,2278.9313,0.01066,0.00022,-7E-05,-0.00054,0.00127,-0.00054,0.00127,49.19561,0.0013756,0,80000.672,79988.373,-0.672,11.627,True,False,False
480.52,INSERTION,COAST,80000.201,33.1423187,3.1923152,242.51422,0.52357,19.87376,-0.00417,2278.92066,2278.9313,0.01064,0.00022,-7E-05,-0.00055,0.00126,-0.00055,0.00126,49.19561,0.0013768,0,80000.669,79988.393,-0.669,11.607,True,False,False
480.66,INSERTION,COAST,80000.199,33.1423187,3.1923152,242.69992,0.52317,19.93263,-0.00414,2278.92067,2278.9313,0.01063,0.00022,-7E-05,-0.00055,0.00126,-0.00055,0.00126,49.19561,0.0013751,0,80000.667,79988.413,-0.667,11.587,True,False,False
480.82,INSERTION,COAST,80000.196,33.1423187,3.1923152,242.91258,0.52271,20.08076,-0.0041,2278.92069,2278.93131,0.01061,0.00022,-7E-05,-0.00054,0.00126,-0.00054,0.00126,49.19561,0.0013698,0,80000.665,79988.434,-0.665,11.566,True,False,False
480.96,INSERTION,COAST,80000.192,33.1423187,3.1923152,243.09901,0.52231,20.26255,-0.00409,2278.9207,2278.93131,0.01061,0.00022,-7E-05,-0.00052,0.00126,-0.00052,0.00126,49.19561,0.0013623,0,80000.663,79988.448,-0.663,11.552,True,False,False
481.1,INSERTION,COAST,80000.188,33.1423187,3.1923152,243.28579,0.52191,20.46495,-0.00408,2278.92071,2278.93132,0.01061,0.00022,-7E-05,-0.0005,0.00126,-0.0005,0.00126,49.19561,0.0013534,0,80000.662,79988.456,-0.662,11.544,True,False,False
481.24,INSERTION,COAST,80000.185,33.1423187,3.1923152,243.4729,0.52151,20.6621,-0.00409,2278.92072,2278.93133,0.01061,0.00022,-7E-05,-0.00047,0.00126,-0.00047,0.00126,49.19561,0.0013443,0,80000.662,79988.457,-0.662,11.543,True,False,False
481.4,INSERTION,COAST,80000.181,33.1423187,3.1923152,243.68716,0.52105,20.83209,-0.00413,2278.92071,2278.93133,0.01062,0.00022,-7E-05,-0.00044,0.00126,-0.00044,0.00126,49.19561,0.001335,0,80000.664,79988.445,-0.664,11.555,True,False,False
481.54,INSERTION,COAST,80000.18,33.1423187,3.1923152,243.87501,0.52065,20.89235,-0.00418,2278.92069,2278.93134,0.01064,0.00022,-7E-05,-0.00041,0.00126,-0.00041,0.00126,49.19561,0.0013291,0,80000.666,79988.423,-0.666,11.577,True,False,False
481.68,INSERTION,COAST,80000.18,33.1423187,3.1923152,244.06319,0.52025,20.84056,-0.00425,2278.92067,2278.93134,0.01066,0.00022,-7E-05,-0.0004,0.00127,-0.0004,0.00127,49.19561,0.0013264,0,80000.67,79988.393,-0.67,11.607,True,False,False
481.82,INSERTION,COAST,80000.182,33.1423187,3.1923152,244.25173,0.51985,20.67274,-0.00432,2278.92065,2278.93134,0.01068,0.00022,-7E-05,-0.00039,0.00127,-0.00039,0.00127,49.19561,0.0013269,0,80000.673,79988.361,-0.673,11.639,True,False,False
481.98,INSERTION,COAST,80000.186,33.1423187,3.1923152,244.46762,0.51939,20.36245,-0.0044,2278.92063,2278.93133,0.0107,0.00022,-7E-05,-0.0004,0.00127,-0.0004,0.00127,49.19561,0.0013314,0,80000.677,79988.33,-0.677,11.67,True,False,False
482.12,INSERTION,COAST,80000.191,33.1423187,3.1923152,244.65689,0.51899,20.02976,-0.00444,2278.92062,2278.93132,0.0107,0.00022,-7E-05,-0.00042,0.00127,-0.00042,0.00127,49.19561,0.0013381,0,80000.679,79988.314,-0.679,11.686,True,False,False
482.26,INSERTION,COAST,80000.196,33.1423187,3.1923152,244.84651,0.51858,19.69511,-0.00445,2278.92062,2278.93131,0.01069,0.00022,-7E-05,-0.00045,0.00127,-0.00045,0.00127,49.19561,0.0013466,0,80000.679,79988.313,-0.679,11.687,True,False,False
482.4,INSERTION,COAST,80000.2,33.1423187,3.1923152,245.03649,0.51818,19.39818,-0.00445,2278.92063,2278.93131,0.01067,0.00022,-7E-05,-0.00048,0.00127,-0.00048,0.00127,49.19561,0.0013557,0,80000.678,79988.322,-0.678,11.678,True,False,False
482.56,INSERTION,COAST,80000.204,33.1423187,3.1923152,245.25402,0.51772,19.14498,-0.00442,2278.92065,2278.9313,0.01065,0.00022,-7E-05,-0.00052,0.00126,-0.00052,0.00126,49.19561,0.0013651,0,80000.676,79988.343,-0.676,11.657,True,False,False
482.7,INSERTION,COAST,80000.205,33.1423187,3.1923152,245.44475,0.51732,19.02195,-0.00438,2278.92067,2278.9313,0.01063,0.00022,-7E-05,-0.00054,0.00126,-0.00054,0.00126,49.19561,0.0013709,0,80000.673,79988.365,-0.673,11.635,True,False,False
482.84,INSERTION,COAST,80000.205,33.1423187,3.1923152,245.63582,0.51692,18.99871,-0.00433,2278.92069,2278.93129,0.01061,0.00022,-7E-05,-0.00055,0.00126,-0.00055,0.00126,49.19561,0.0013734,0,80000.67,79988.39,-0.67,11.61,True,False,False
482.98,INSERTION,COAST,80000.203,33.1423187,3.1923152,245.82724,0.51651,19.07384,-0.00429,2278.92071,2278.9313,0.01059,0.00022,-7E-05,-0.00055,0.00126,-0.00055,0.00126,49.19561,0.0013721,0,80000.667,79988.415,-0.667,11.585,True,False,False
483.14,INSERTION,COAST,80000.199,33.1423187,3.1923152,246.04645,0.51605,19.26856,-0.00424,2278.92073,2278.9313,0.01057,0.00021,-7E-05,-0.00054,0.00125,-0.00054,0.00125,49.19561,0.0013659,0,80000.663,79988.442,-0.663,11.558,True,False,False
483.28,INSERTION,COAST,80000.195,33.1423187,3.1923152,246.23863,0.51565,19.51103,-0.00421,2278.92075,2278.93131,0.01056,0.00021,-7E-05,-0.00052,0.00125,-0.00052,0.00125,49.19561,0.0013566,0,80000.661,79988.461,-0.661,11.539,True,False,False
483.42,INSERTION,COAST,80000.19,33.1423187,3.1923152,246.43116,0.51525,19.78463,-0.0042,2278.92076,2278.93132,0.01056,0.00021,-7E-05,-0.00049,0.00125,-0.00049,0.00125,49.19561,0.0013454,0,80000.66,79988.472,-0.66,11.528,True,False,False
483.56,INSERTION,COAST,80000.185,33.1423187,3.1923152,246.62405,0.51485,20.05556,-0.0042,2278.92076,2278.93132,0.01056,0.00021,-7E-05,-0.00046,0.00125,-0.00046,0.00125,49.19561,0.0013339,0,80000.66,79988.475,-0.66,11.525,True,False,False
483.72,INSERTION,COAST,80000.18,33.1423187,3.1923152,246.84493,0.51438,20.30095,-0.00425,2278.92075,2278.93133,0.01058,0.00022,-7E-05,-0.00041,0.00126,-0.00041,0.00126,49.19561,0.0013221,0,80000.661,79988.462,-0.661,11.538,True,False,False
483.86,INSERTION,COAST,80000.178,33.1423187,3.1923152,247.03859,0.51398,20.40459,-0.00431,2278.92074,2278.93134,0.0106,0.00022,-7E-05,-0.00038,0.00126,-0.00038,0.00126,49.19561,0.0013148,0,80000.665,79988.435,-0.665,11.565,True,False,False
484,INSERTION,COAST,80000.178,33.1423187,3.1923152,247.2326,0.51358,20.3628,-0.0044,2278.92071,2278.93134,0.01063,0.00022,-7E-05,-0.00036,0.00126,-0.00036,0.00126,49.19561,0.0013114,0,80000.669,79988.397,-0.669,11.603,True,False,False
484.14,INSERTION,COAST,80000.18,33.1423187,3.1923152,247.42697,0.51317,20.16687,-0.00449,2278.92068,2278.93134,0.01066,0.00022,-7E-05,-0.00035,0.00126,-0.00035,0.00126,49.19561,0.001312,0,80000.674,79988.355,-0.674,11.645,True,False,False
484.3,INSERTION,COAST,80000.186,33.1423187,3.1923152,247.64954,0.51271,19.78151,-0.00459,2278.92065,2278.93133,0.01068,0.00022,-7E-05,-0.00036,0.00127,-0.00036,0.00127,49.19561,0.0013173,0,80000.679,79988.314,-0.679,11.686,True,False,False
484.44,INSERTION,COAST,80000.192,33.1423187,3.1923152,247.84469,0.51231,19.35728,-0.00465,2278.92064,2278.93132,0.01068,0.00022,-7E-05,-0.00039,0.00127,-0.00039,0.00127,49.19561,0.0013254,0,80000.682,79988.292,-0.682,11.708,True,False,False
484.58,INSERTION,COAST,80000.199,33.1423187,3.1923152,248.0402,0.51191,18.92412,-0.00467,2278.92064,2278.93131,0.01067,0.00022,-7E-05,-0.00043,0.00126,-0.00043,0.00126,49.19561,0.001336,0,80000.683,79988.29,-0.683,11.71,True,False,False
484.72,INSERTION,COAST,80000.205,33.1423187,3.1923152,248.23607,0.5115,18.53788,-0.00466,2278.92065,2278.9313,0.01065,0.00022,-7E-05,-0.00047,0.00126,-0.00047,0.00126,49.19561,0.0013479,0,80000.682,79988.301,-0.682,11.699,True,False,False
484.88,INSERTION,COAST,80000.209,33.1423187,3.1923152,248.46037,0.51104,18.20837,-0.00461,2278.92067,2278.93129,0.01062,0.00022,-7E-05,-0.00052,0.00126,-0.00052,0.00126,49.19561,0.0013609,0,80000.678,79988.327,-0.678,11.673,True,False,False
485.02,INSERTION,COAST,80000.211,33.1423187,3.1923152,248.65703,0.51064,18.04988,-0.00456,2278.9207,2278.93129,0.01059,0.00022,-7E-05,-0.00055,0.00126,-0.00055,0.00126,49.19561,0.0013693,0,80000.675,79988.355,-0.675,11.645,True,False,False
485.16,INSERTION,COAST,80000.211,33.1423187,3.1923152,248.85405,0.51023,18.03251,-0.00449,2278.92072,2278.93128,0.01056,0.00021,-7E-05,-0.00056,0.00125,-0.00056,0.00125,49.19561,0.0013735,0,80000.67,79988.389,-0.67,11.611,True,False,False
485.3,INSERTION,COAST,80000.208,33.1423187,3.1923152,249.05144,0.50983,18.15676,-0.00442,2278.92075,2278.93129,0.01054,0.00021,-7E-05,-0.00057,0.00125,-0.00057,0.00125,49.19561,0.0013721,0,80000.665,79988.424,-0.665,11.576,True,False,False
485.46,INSERTION,COAST,80000.203,33.1423187,3.1923152,249.27748,0.50937,18.45036,-0.00435,2278.92078,2278.93129,0.01051,0.00021,-7E-05,-0.00055,0.00125,-0.00055,0.00125,49.19561,0.0013635,0,80000.66,79988.461,-0.66,11.539,True,False,False
485.6,INSERTION,COAST,80000.196,33.1423187,3.1923152,249.47565,0.50896,18.79962,-0.00431,2278.9208,2278.9313,0.0105,0.00021,-7E-05,-0.00052,0.00125,-0.00052,0.00125,49.19561,0.0013505,0,80000.657,79988.485,-0.657,11.515,True,False,False
485.74,INSERTION,COAST,80000.189,33.1423187,3.1923152,249.6742,0.50856,19.18503,-0.00429,2278.92081,2278.93131,0.0105,0.00021,-7E-05,-0.00048,0.00125,-0.00048,0.00125,49.19561,0.0013353,0,80000.656,79988.498,-0.656,11.502,True,False,False
485.88,INSERTION,COAST,80000.182,33.1423187,3.1923152,249.87312,0.50815,19.56026,-0.0043,2278.92081,2278.93133,0.01051,0.00021,-7E-05,-0.00043,0.00125,-0.00043,0.00125,49.19561,0.0013201,0,80000.656,79988.501,-0.656,11.499,True,False,False
486.04,INSERTION,COAST,80000.176,33.1423187,3.1923152,250.10091,0.50769,19.8881,-0.00436,2278.9208,2278.93134,0.01054,0.00021,-7E-05,-0.00038,0.00125,-0.00038,0.00125,49.19561,0.0013056,0,80000.659,79988.48,-0.659,11.52,True,False,False
486.18,INSERTION,COAST,80000.174,33.1423187,3.1923152,250.30063,0.50728,20.01422,-0.00445,2278.92078,2278.93135,0.01057,0.00021,-7E-05,-0.00034,0.00125,-0.00034,0.00125,49.19561,0.0012976,0,80000.663,79988.443,-0.663,11.557,True,False,False
486.32,INSERTION,COAST,80000.174,33.1423187,3.1923152,250.50071,0.50688,19.93693,-0.00457,2278.92074,2278.93135,0.01061,0.00022,-7E-05,-0.00031,0.00126,-0.00031,0.00126,49.19561,0.0012949,0,80000.67,79988.389,-0.67,11.611,True,False,False
486.46,INSERTION,COAST,80000.178,33.1423187,3.1923152,250.70118,0.50647,19.65185,-0.00469,2278.9207,2278.93134,0.01064,0.00022,-7E-05,-0.0003,0.00126,-0.0003,0.00126,49.19561,0.001297,0,80000.677,79988.334,-0.677,11.666,True,False,False
486.62,INSERTION,COAST,80000.186,33.1423187,3.1923152,250.93074,0.50601,19.1135,-0.00482,2278.92067,2278.93133,0.01067,0.00022,-7E-05,-0.00032,0.00126,-0.00032,0.00126,49.19561,0.0013045,0,80000.684,79988.281,-0.684,11.719,True,False,False
486.76,INSERTION,COAST,80000.195,33.1423187,3.1923152,251.13201,0.5056,18.53658,-0.00489,2278.92065,2278.93132,0.01067,0.00022,-7E-05,-0.00036,0.00126,-0.00036,0.00126,49.19561,0.0013152,0,80000.688,79988.256,-0.688,11.744,True,False,False
486.9,INSERTION,COAST,80000.204,33.1423187,3.1923152,251.33366,0.5052,17.96452,-0.0049,2278.92065,2278.9313,0.01065,0.00022,-7E-05,-0.00042,0.00126,-0.00042,0.00126,49.19561,0.0013295,0,80000.689,79988.257,-0.689,11.743,True,False,False
487.04,INSERTION,COAST,80000.212,33.1423187,3.1923152,251.5357,0.50479,17.46776,-0.00488,2278.92067,2278.93129,0.01062,0.00022,-7E-05,-0.00048,0.00126,-0.00048,0.00126,49.19561,0.0013457,0,80000.687,79988.275,-0.687,11.725,True,False,False
487.2,INSERTION,COAST,80000.218,33.1423187,3.1923152,251.76706,0.50433,17.06511,-0.00481,2278.9207,2278.93128,0.01058,0.00022,-7E-05,-0.00054,0.00125,-0.00054,0.00125,49.19561,0.0013639,0,80000.681,79988.313,-0.681,11.687,True,False,False
487.34,INSERTION,COAST,80000.22,33.1423187,3.1923152,251.96991,0.50392,16.91259,-0.00472,2278.92073,2278.93127,0.01054,0.00021,-7E-05,-0.00058,0.00125,-0.00058,0.00125,49.19561,0.0013755,0,80000.675,79988.355,-0.675,11.645,True,False,False
487.48,INSERTION,COAST,80000.218,33.1423187,3.1923152,252.17315,0.50352,16.96994,-0.00461,2278.92077,2278.93127,0.0105,0.00021,-7E-05,-0.0006,0.00124,-0.0006,0.00124,49.19561,0.0013803,0,80000.668,79988.404,-0.668,11.596,True,False,False
487.62,INSERTION,COAST,80000.213,33.1423187,3.1923152,252.37676,0.50311,17.22822,-0.00451,2278.9208,2278.93128,0.01047,0.00021,-7E-05,-0.00059,0.00124,-0.00059,0.00124,49.19561,0.001376,0,80000.661,79988.452,-0.661,11.548,True,False,False
487.78,INSERTION,COAST,80000.204,33.1423187,3.1923152,252.60994,0.50265,17.72418,-0.00441,2278.92084,2278.93129,0.01045,0.00021,-7E-05,-0.00056,0.00124,-0.00056,0.00124,49.19561,0.0013607,0,80000.654,79988.5,-0.654,11.5,True,False,False
487.92,INSERTION,COAST,80000.195,33.1423187,3.1923152,252.81438,0.50224,18.26297,-0.00436,2278.92087,2278.9313,0.01044,0.00021,-7E-05,-0.00051,0.00124,-0.00051,0.00124,49.19561,0.0013403,0,80000.65,79988.529,-0.65,11.471,True,False,False
488.06,INSERTION,COAST,80000.185,33.1423187,3.1923152,253.01921,0.50183,18.82642,-0.00435,2278.92088,2278.93132,0.01044,0.00021,-7E-05,-0.00045,0.00124,-0.00045,0.00124,49.19561,0.0013184,0,80000.649,79988.543,-0.649,11.457,True,False,False
488.2,INSERTION,COAST,80000.175,33.1423187,3.1923152,253.22443,0.50143,19.34449,-0.00437,2278.92088,2278.93134,0.01046,0.00021,-7E-05,-0.00038,0.00124,-0.00038,0.00124,49.19561,0.0012987,0,80000.65,79988.539,-0.65,11.461,True,False,False
488.36,INSERTION,COAST,80000.168,33.1423187,3.1923152,253.45943,0.50096,19.73185,-0.00448,2278.92085,2278.93135,0.0105,0.00021,-7E-05,-0.00031,0.00125,-0.00031,0.00125,49.19561,0.0012829,0,80000.656,79988.495,-0.656,11.505,True,False,False
488.5,INSERTION,COAST,80000.166,33.1423187,3.1923152,253.66548,0.50055,19.80706,-0.00463,2278.92081,2278.93136,0.01055,0.00021,-7E-05,-0.00026,0.00125,-0.00026,0.00125,49.19561,0.001277,0,80000.664,79988.433,-0.664,11.567,True,False,False
488.64,INSERTION,COAST,80000.169,33.1423187,3.1923152,253.87191,0.50015,19.59404,-0.00479,2278.92075,2278.93136,0.01061,0.00022,-7E-05,-0.00023,0.00126,-0.00023,0.00126,49.19561,0.0012777,0,80000.674,79988.357,-0.674,11.643,True,False,False
488.78,INSERTION,COAST,80000.177,33.1423187,3.1923152,254.07874,0.49974,19.10544,-0.00496,2278.9207,2278.93135,0.01065,0.00022,-7E-05,-0.00024,0.00126,-0.00024,0.00126,49.19561,0.001283,0,80000.684,79988.283,-0.684,11.717,True,False,False
488.94,INSERTION,COAST,80000.189,33.1423187,3.1923152,254.31559,0.49927,18.28622,-0.00511,2278.92066,2278.93133,0.01067,0.00022,-7E-05,-0.00028,0.00126,-0.00028,0.00126,49.19561,0.001294,0,80000.694,79988.221,-0.694,11.779,True,False,False
489.08,INSERTION,COAST,80000.202,33.1423187,3.1923152,254.52327,0.49887,17.4611,-0.00519,2278.92065,2278.93131,0.01066,0.00022,-7E-05,-0.00035,0.00126,-0.00035,0.00126,49.19561,0.001309,0,80000.698,79988.198,-0.698,11.802,True,False,False
489.22,INSERTION,COAST,80000.215,33.1423187,3.1923152,254.73134,0.49846,16.67868,-0.00519,2278.92066,2278.93129,0.01063,0.00022,-7E-05,-0.00043,0.00126,-0.00043,0.00126,49.19561,0.0013297,0,80000.698,79988.211,-0.698,11.789,True,False,False
489.36,INSERTION,COAST,80000.225,33.1423187,3.1923152,254.93981,0.49805,16.03294,-0.00513,2278.92069,2278.93127,0.01058,0.00022,-7E-05,-0.00051,0.00125,-0.00051,0.00125,49.19561,0.0013541,0,80000.694,79988.244,-0.694,11.756,True,False,False
489.52,INSERTION,COAST,80000.232,33.1423187,3.1923152,255.17856,0.49759,15.56618,-0.005,2278.92073,2278.93125,0.01052,0.00021,-7E-05,-0.0006,0.00125,-0.0006,0.00125,49.19561,0.0013814,0,80000.684,79988.304,-0.684,11.696,True,False,False
489.66,INSERTION,COAST,80000.234,33.1423187,3.1923152,255.38788,0.49718,15.42287,-0.00487,2278.92077,2278.93125,0.01048,0.00021,-7E-05,-0.00064,0.00124,-0.00064,0.00124,49.19561,0.0013976,0,80000.675,79988.359,-0.675,11.641,True,False,False
489.8,INSERTION,COAST,80000.231,33.1423187,3.1923152,255.59761,0.49677,15.51999,-0.00475,2278.92081,2278.93125,0.01044,0.00021,-7E-05,-0.00066,0.00124,-0.00066,0.00124,49.19561,0.0014034,0,80000.666,79988.411,-0.666,11.589,True,False,False
489.94,INSERTION,COAST,80000.225,33.1423187,3.1923152,255.80773,0.49636,15.85749,-0.00462,2278.92085,2278.93125,0.01041,0.00021,-7E-05,-0.00066,0.00123,-0.00066,0.00123,49.19561,0.0013978,0,80000.658,79988.463,-0.658,11.537,True,False,False
490.1,INSERTION,COAST,80000.213,33.1423187,3.1923152,256.04837,0.4959,16.53799,-0.00448,2278.9209,2278.93127,0.01037,0.00021,-7E-05,-0.00062,0.00123,-0.00062,0.00123,49.19561,0.0013776,0,80000.648,79988.528,-0.648,11.472,True,False,False
490.24,INSERTION,COAST,80000.199,33.1423187,3.1923152,256.25936,0.49549,17.32474,-0.00438,2278.92094,2278.93129,0.01036,0.00021,-7E-05,-0.00056,0.00123,-0.00056,0.00123,49.19561,0.0013483,0,80000.641,79988.577,-0.641,11.423,True,False,False
490.38,INSERTION,COAST,80000.185,33.1423187,3.1923152,256.47075,0.49508,18.16201,-0.00435,2278.92096,2278.93132,0.01036,0.00021,-7E-05,-0.00047,0.00123,-0.00047,0.00123,49.19561,0.0013149,0,80000.639,79988.602,-0.639,11.398,True,False,False
490.52,INSERTION,COAST,80000.171,33.1423187,3.1923152,256.68255,0.49467,18.96765,-0.00436,2278.92096,2278.93134,0.01037,0.00021,-7E-05,-0.00037,0.00123,-0.00037,0.00123,49.19561,0.0012858,0,80000.64,79988.609,-0.64,11.391,True,False,False
490.68,INSERTION,COAST,80000.159,33.1423187,3.1923152,256.9251,0.4942,19.62606,-0.00451,2278.92093,2278.93136,0.01043,0.00021,-7E-05,-0.00026,0.00124,-0.00026,0.00124,49.19561,0.0012636,0,80000.648,79988.557,-0.648,11.443,True,False,False
490.82,INSERTION,COAST,80000.154,33.1423187,3.1923152,257.13776,0.49379,19.87634,-0.00468,2278.92088,2278.93138,0.0105,0.00021,-7E-05,-0.00018,0.00124,-0.00018,0.00124,49.19561,0.0012572,0,80000.658,79988.482,-0.658,11.518,True,False,False
490.96,INSERTION,COAST,80000.155,33.1423187,3.1923152,257.35083,0.49339,19.79073,-0.00487,2278.92082,2278.93138,0.01057,0.00021,-7E-05,-0.00013,0.00125,-0.00013,0.00125,49.19561,0.0012586,0,80000.67,79988.393,-0.67,11.607,True,False,False
491.1,INSERTION,COAST,80000.161,33.1423187,3.1923152,257.56431,0.49298,19.36855,-0.00507,2278.92075,2278.93138,0.01062,0.00022,-7E-05,-0.00012,0.00126,-0.00012,0.00126,49.19561,0.0012636,0,80000.682,79988.304,-0.682,11.696,True,False,False
491.26,INSERTION,COAST,80000.175,33.1423187,3.1923152,257.80879,0.49251,18.47684,-0.00529,2278.92069,2278.93136,0.01067,0.00022,-7E-05,-0.00015,0.00126,-0.00015,0.00126,49.19561,0.0012719,0,80000.696,79988.207,-0.696,11.793,True,False,False
491.4,INSERTION,COAST,80000.192,33.1423187,3.1923152,258.02315,0.4921,17.40868,-0.00546,2278.92064,2278.93133,0.01069,0.00022,-7E-05,-0.00022,0.00126,-0.00022,0.00126,49.19561,0.0012832,0,80000.708,79988.141,-0.708,11.859,True,False,False
491.54,INSERTION,COAST,80000.211,33.1423187,3.1923152,258.23794,0.49169,16.24018,-0.00555,2278.92064,2278.9313,0.01067,0.00022,-7E-05,-0.00032,0.00126,-0.00032,0.00126,49.19561,0.0013018,0,80000.714,79988.123,-0.714,11.877,True,False,False
491.68,INSERTION,COAST,80000.228,33.1423187,3.1923152,258.45314,0.49128,15.16403,-0.00553,2278.92066,2278.93127,0.01061,0.00022,-7E-05,-0.00045,0.00125,-0.00045,0.00125,49.19561,0.0013313,0,80000.712,79988.152,-0.712,11.848,True,False,False
491.84,INSERTION,COAST,80000.244,33.1423187,3.1923152,258.69959,0.49081,14.18891,-0.00541,2278.92071,2278.93124,0.01053,0.00021,-7E-05,-0.00058,0.00125,-0.00058,0.00125,49.19561,0.0013743,0,80000.703,79988.215,-0.703,11.785,True,False,False
491.98,INSERTION,COAST,80000.253,33.1423187,3.1923152,258.91568,0.4904,13.60061,-0.00528,2278.92075,2278.93122,0.01047,0.00021,-7E-05,-0.00068,0.00124,-0.00068,0.00124,49.19561,0.0014109,0,80000.693,79988.271,-0.693,11.729,True,False,False
492.12,INSERTION,COAST,80000.258,33.1423187,3.1923152,259.1322,0.48999,13.25273,-0.00516,2278.92079,2278.93121,0.01042,0.00021,-7E-05,-0.00074,0.00123,-0.00074,0.00123,49.19561,0.0014404,0,80000.683,79988.322,-0.683,11.678,True,False,False
492.26,INSERTION,COAST,80000.26,33.1423187,3.1923152,259.34913,0.48958,13.14525,-0.00503,2278.92082,2278.9312,0.01038,0.00021,-7E-05,-0.00079,0.00123,-0.00079,0.00123,49.19561,0.0014592,0,80000.674,79988.369,-0.674,11.631,True,False,False
492.42,INSERTION,COAST,80000.249,33.1423187,3.1923152,259.59756,0.48912,13.32332,-0.00488,2278.92087,2278.93121,0.01034,0.00021,-7E-05,-0.0008,0.00122,-0.0008,0.00122,49.19561,0.0014608,0,80000.662,79988.424,-0.662,11.576,True,False,False
492.56,INSERTION,COAST,80000.24,33.1423186,3.1923152,259.81539,0.48871,13.74472,-0.00475,2278.92092,2278.93123,0.01031,0.00021,-7E-05,-0.00074,0.00122,-0.00074,0.00122,49.19561,0.0014278,0,80000.646,79988.475,-0.646,11.525,True,False,False
492.7,INSERTION,COAST,80000.228,33.1423186,3.1923152,260.03365,0.4883,14.40654,-0.00462,2278.92096,2278.93124,0.01029,0.00021,-7E-05,-0.0007,0.00122,-0.0007,0.00122,49.19561,0.0014052,0,80000.637,79988.525,-0.637,11.475,True,False,False
492.84,INSERTION,COAST,80000.212,33.1423186,3.1923152,260.25233,0.48789,15.30798,-0.0045,2278.921,2278.93127,0.01027,0.00021,-7E-05,-0.00063,0.00122,-0.00063,0.00122,49.19561,0.0013715,0,80000.629,79988.581,-0.629,11.419,True,False,False
493,INSERTION,COAST,80000.191,33.1423186,3.1923152,260.50277,0.48742,16.54964,-0.00439,2278.92104,2278.9313,0.01026,0.00021,-7E-05,-0.00052,0.00122,-0.00052,0.00122,49.19561,0.001323,0,80000.622,79988.641,-0.622,11.359,True,False,False
493.14,INSERTION,COAST,80000.171,33.1423186,3.1923152,260.72236,0.48701,17.65741,-0.00437,2278.92107,2278.93133,0.01027,0.00021,-7E-05,-0.0004,0.00122,-0.0004,0.00122,49.19561,0.0012807,0,80000.62,79988.666,-0.62,11.334,True,False,False
493.28,INSERTION,COAST,80000.155,33.1423186,3.1923152,260.94238,0.4866,18.59539,-0.00446,2278.92106,2278.93136,0.01031,0.00021,-7E-05,-0.00027,0.00122,-0.00027,0.00122,49.19561,0.0012505,0,80000.626,79988.646,-0.626,11.354,True,False,False
493.42,INSERTION,COAST,80000.144,33.1423186,3.1923152,261.16282,0.48618,19.22614,-0.00464,2278.92101,2278.93139,0.01038,0.00021,-7E-05,-0.00015,0.00123,-0.00015,0.00123,49.19561,0.0012383,0,80000.636,79988.579,-0.636,11.421,True,False,False
493.58,INSERTION,COAST,80000.138,33.1423186,3.1923152,261.41528,0.48571,19.53547,-0.00487,2278.92094,2278.9314,0.01046,0.00021,-7E-05,-5E-05,0.00124,-5E-05,0.00124,49.19561,0.0012397,0,80000.65,79988.484,-0.65,11.516,True,False,False
493.72,INSERTION,COAST,80000.139,33.1423186,3.1923152,261.63665,0.4853,19.44553,-0.00506,2278.92088,2278.93141,0.01052,0.00021,-7E-05,0,0.00125,0,0.00125,49.19561,0.0012459,0,80000.662,79988.395,-0.662,11.605,True,False,False
493.86,INSERTION,COAST,80000.145,33.1423186,3.1923152,261.85844,0.48489,19.01903,-0.00525,2278.92082,2278.9314,0.01058,0.00022,-7E-05,1E-05,0.00125,1E-05,0.00125,49.19561,0.001252,0,80000.675,79988.307,-0.675,11.693,True,False,False
494,INSERTION,COAST,80000.157,33.1423186,3.1923152,262.08067,0.48448,18.25596,-0.00545,2278.92076,2278.93139,0.01062,0.00022,-7E-05,-1E-05,0.00126,-1E-05,0.00126,49.19561,0.0012565,0,80000.688,79988.222,-0.688,11.778,True,False,False
494.16,INSERTION,COAST,80000.178,33.1423186,3.1923152,262.33519,0.48401,16.97197,-0.00568,2278.92071,2278.93136,0.01065,0.00022,-7E-05,-9E-05,0.00126,-9E-05,0.00126,49.19561,0.001262,0,80000.704,79988.135,-0.704,11.865,True,False,False
494.3,INSERTION,COAST,80000.201,33.1423186,3.1923152,262.55835,0.4836,15.56983,-0.00585,2278.92068,2278.93132,0.01065,0.00022,-7E-05,-0.00019,0.00126,-0.00019,0.00126,49.19561,0.0012724,0,80000.716,79988.082,-0.716,11.918,True,False,False
494.44,INSERTION,COAST,80000.224,33.1423186,3.1923152,262.78196,0.48319,14.14142,-0.0059,2278.92069,2278.93129,0.0106,0.00022,-7E-05,-0.00033,0.00125,-0.00033,0.00125,49.19561,0.0012953,0,80000.72,79988.09,-0.72,11.91,True,False,False
494.58,INSERTION,COAST,80000.245,33.1423186,3.1923152,263.00602,0.48278,12.8835,-0.00584,2278.92073,2278.93125,0.01052,0.00021,-7E-05,-0.00049,0.00124,-0.00049,0.00124,49.19561,0.0013352,0,80000.715,79988.141,-0.715,11.859,True,False,False
494.74,INSERTION,COAST,80000.263,33.1423186,3.1923152,263.26262,0.48231,11.76805,-0.00568,2278.92079,2278.93121,0.01043,0.00021,-7E-05,-0.00065,0.00123,-0.00065,0.00123,49.19561,0.0013931,0,80000.702,79988.217,-0.702,11.783,True,False,False
494.88,INSERTION,COAST,80000.274,33.1423186,3.1923152,263.48762,0.48189,11.0717,-0.00554,2278.92083,2278.93119,0.01036,0.00021,-7E-05,-0.00076,0.00122,-0.00076,0.00122,49.19561,0.0014416,0,80000.691,79988.272,-0.691,11.728,True,False,False
495.02,INSERTION,COAST,80000.281,33.1423186,3.1923152,263.71306,0.48148,10.62382,-0.00541,2278.92086,2278.93117,0.01031,0.00021,-7E-05,-0.00084,0.00122,-0.00084,0.00122,49.19561,0.0014817,0,80000.681,79988.319,-0.681,11.681,True,False,False
495.16,INSERTION,COAST,80000.284,33.1423186,3.1923152,263.93894,0.48107,10.41714,-0.00528,2278.92089,2278.93116,0.01028,0.00021,-7E-05,-0.0009,0.00122,-0.0009,0.00122,49.19561,0.0015097,0,80000.671,79988.36,-0.671,11.64,True,False,False
495.32,INSERTION,COAST,80000.282,33.1423186,3.1923152,264.19764,0.4806,10.48187,-0.00513,2278.92092,2278.93116,0.01024,0.00021,-7E-05,-0.00093,0.00121,-0.00093,0.00121,49.19561,0.0015251,0,80000.659,79988.406,-0.659,11.594,True,False,False
495.46,INSERTION,COAST,80000.276,33.1423186,3.1923152,264.42448,0.48019,10.80407,-0.005,2278.92095,2278.93117,0.01022,0.00021,-7E-05,-0.00092,0.00121,-0.00092,0.00121,49.19561,0.0015211,0,80000.649,79988.446,-0.649,11.554,True,False,False
495.6,INSERTION,COAST,80000.265,33.1423186,3.1923152,264.65176,0.47977,11.36669,-0.00487,2278.92098,2278.93118,0.01021,0.00021,-7E-05,-0.00089,0.00121,-0.00089,0.00121,49.19561,0.0015016,0,80000.64,79988.487,-0.64,11.513,True,False,False
495.74,INSERTION,COAST,80000.251,33.1423186,3.1923152,264.8795,0.47936,12.16971,-0.00474,2278.92101,2278.9312,0.01019,0.00021,-7E-05,-0.00083,0.00121,-0.00083,0.00121,49.19561,0.0014675,0,80000.63,79988.533,-0.63,11.467,True,False,False
495.9,INSERTION,COAST,80000.229,33.1423186,3.1923152,265.14032,0.47889,13.38839,-0.00459,2278.92105,2278.93123,0.01018,0.00021,-7E-05,-0.00074,0.00121,-0.00074,0.00121,49.19561,0.001414,0,80000.62,79988.595,-0.62,11.405,True,False,False
496.04,INSERTION,COAST,80000.206,33.1423186,3.1923152,265.36903,0.47848,14.71695,-0.00447,2278.9211,2278.93127,0.01017,0.00021,-7E-05,-0.00062,0.00121,-0.00062,0.00121,49.19561,0.001357,0,80000.612,79988.658,-0.612,11.342,True,False,False
496.18,INSERTION,COAST,80000.181,33.1423186,3.1923152,265.59819,0.47807,16.17633,-0.00439,2278.92115,2278.93131,0.01016,0.00021,-7E-05,-0.00048,0.0012,-0.00048,0.0012,49.19561,0.0012968,0,80000.606,79988.716,-0.606,11.284,True,False,False
496.32,INSERTION,COAST,80000.157,33.1423186,3.1923152,265.8278,0.47765,17.57969,-0.00441,2278.92117,2278.93135,0.01018,0.00021,-7E-05,-0.00031,0.00121,-0.00031,0.00121,49.19561,0.0012474,0,80000.607,79988.738,-0.607,11.262,True,False,False
496.48,INSERTION,COAST,80000.135,33.1423186,3.1923152,266.09076,0.47718,18.8459,-0.00459,2278.92114,2278.9314,0.01026,0.00021,-7E-05,-0.00012,0.00122,-0.00012,0.00122,49.19561,0.0012215,0,80000.619,79988.688,-0.619,11.312,True,False,False
496.62,INSERTION,COAST,80000.122,33.1423186,3.1923152,266.32134,0.47677,19.59419,-0.00479,2278.92109,2278.93142,0.01033,0.00021,-7E-05,1E-05,0.00122,1E-05,0.00122,49.19561,0.001224,0,80000.631,79988.613,-0.631,11.387,True,False,False
496.76,INSERTION,COAST,80000.114,33.1423186,3.1923152,266.55238,0.47635,20.00592,-0.00499,2278.92103,2278.93144,0.01041,0.00021,-7E-05,0.00011,0.00123,0.00011,0.00123,49.19561,0.0012376,0,80000.643,79988.53,-0.643,11.47,True,False,False
496.9,INSERTION,COAST,80000.112,33.1423186,3.1923152,266.78388,0.47594,20.0811,-0.00518,2278.92097,2278.93145,0.01048,0.00021,-7E-05,0.00018,0.00124,0.00018,0.00124,49.19561,0.0012529,0,80000.656,79988.44,-0.656,11.56,True,False,False
497.06,INSERTION,COAST,80000.117,33.1423186,3.1923152,267.04901,0.47547,19.75487,-0.0054,2278.9209,2278.93145,0.01055,0.00021,-7E-05,0.00021,0.00125,0.00021,0.00125,49.19561,0.0012652,0,80000.671,79988.336,-0.671,11.664,True,False,False
497.2,INSERTION,COAST,80000.127,33.1423186,3.1923152,267.2815,0.47505,19.10883,-0.0056,2278.92084,2278.93144,0.0106,0.00022,-7E-05,0.0002,0.00125,0.0002,0.00125,49.19561,0.0012685,0,80000.684,79988.247,-0.684,11.753,True,False,False
497.34,INSERTION,COAST,80000.142,33.1423186,3.1923152,267.51445,0.47464,18.12621,-0.00579,2278.92078,2278.93142,0.01063,0.00022,-7E-05,0.00015,0.00126,0.00015,0.00126,49.19561,0.0012655,0,80000.698,79988.164,-0.698,11.836,True,False,False
497.48,INSERTION,COAST,80000.163,33.1423186,3.1923152,267.74787,0.47423,16.80703,-0.00599,2278.92074,2278.93139,0.01065,0.00022,-7E-05,7E-05,0.00126,7E-05,0.00126,49.19561,0.0012596,0,80000.713,79988.092,-0.713,11.908,True,False,False
497.64,INSERTION,COAST,80000.194,33.1423186,3.1923152,268.01521,0.47375,14.90811,-0.00622,2278.9207,2278.93134,0.01064,0.00022,-7E-05,-7E-05,0.00126,-7E-05,0.00126,49.19561,0.0012578,0,80000.73,79988.028,-0.73,11.972,True,False,False
497.78,INSERTION,COAST,80000.224,33.1423186,3.1923152,268.24963,0.47334,13.09233,-0.00634,2278.92071,2278.93129,0.01058,0.00022,-7E-05,-0.00024,0.00125,-0.00024,0.00125,49.19561,0.0012719,0,80000.74,79988.021,-0.74,11.979,True,False,False
497.92,INSERTION,COAST,80000.253,33.1423186,3.1923152,268.48453,0.47293,11.3657,-0.00632,2278.92075,2278.93124,0.01049,0.00021,-7E-05,-0.00043,0.00124,-0.00043,0.00124,49.19561,0.0013119,0,80000.739,79988.069,-0.739,11.931,True,False,False
498.06,INSERTION,COAST,80000.279,33.1423186,3.1923152,268.7199,0.47251,9.77743,-0.00624,2278.9208,2278.9312,0.0104,0.00021,-7E-05,-0.00062,0.00123,-0.00062,0.00123,49.19561,0.0013764,0,80000.732,79988.131,-0.732,11.869,True,False,False
498.22,INSERTION,COAST,80000.307,33.1423186,3.1923152,268.98947,0.47204,8.13125,-0.00619,2278.92084,2278.93115,0.01031,0.00021,-7E-05,-0.00082,0.00122,-0.00082,0.00122,49.19561,0.0014681,0,80000.727,79988.181,-0.727,11.819,True,False,False
498.36,INSERTION,COAST,80000.327,33.1423186,3.1923152,269.22586,0.47162,6.94357,-0.00606,2278.92088,2278.93111,0.01023,0.00021,-7E-05,-0.00098,0.00121,-0.00098,0.00121,49.19561,0.0015574,0,80000.716,79988.236,-0.716,11.764,True,False,False
498.5,INSERTION,COAST,80000.343,33.1423186,3.1923152,269.46271,0.47121,5.9573,-0.00595,2278.92091,2278.93108,0.01017,0.00021,-7E-05,-0.00112,0.0012,-0.00112,0.0012,49.19561,0.0016409,0,80000.706,79988.277,-0.706,11.723,True,False,False
498.64,INSERTION,COAST,80000.357,33.1423186,3.1923152,269.70005,0.47079,5.12597,-0.00586,2278.92093,2278.93105,0.01012,0.00021,-7E-05,-0.00123,0.0012,-0.00123,0.0012,49.19561,0.0017149,0,80000.698,79988.307,-0.698,11.693,True,False,False
498.8,INSERTION,COAST,80000.37,33.1423186,3.1923152,269.97187,0.47032,4.31819,-0.0058,2278.92094,2278.93103,0.01008,0.0002,-7E-05,-0.00133,0.00119,-0.00133,0.00119,49.19561,0.0017868,0,80000.693,79988.327,-0.693,11.673,True,False,False
498.94,INSERTION,COAST,80000.379,33.1423186,3.1923152,270.21022,0.46991,3.75274,-0.00572,2278.92096,2278.93101,0.01005,0.0002,-7E-05,-0.00141,0.00119,-0.00141,0.00119,49.19561,0.001844,0,80000.686,79988.346,-0.686,11.654,True,False,False
499.08,INSERTION,COAST,80000.386,33.1423186,3.1923152,270.44906,0.46949,3.29761,-0.00568,2278.92097,2278.931,0.01003,0.0002,-7E-05,-0.00147,0.00118,-0.00147,0.00118,49.19561,0.0018897,0,80000.681,79988.358,-0.681,11.642,True,False,False
499.22,INSERTION,COAST,80000.39,33.1423186,3.1923152,270.68838,0.46908,3.01275,-0.0056,2278.92097,2278.93099,0.01001,0.0002,-7E-05,-0.00152,0.00118,-0.00152,0.00118,49.19561,0.001929,0,80000.674,79988.372,-0.674,11.628,True,False,False
499.38,INSERTION,COAST,80000.39,33.1423186,3.1923152,270.96248,0.4686,2.97424,-0.00545,2278.92099,2278.93098,0.01,0.0002,-7E-05,-0.00156,0.00118,-0.00156,0.00118,49.19561,0.0019603,0,80000.662,79988.393,-0.662,11.607,True,False,False
499.52,INSERTION,COAST,80000.385,33.1423186,3.1923152,271.20284,0.46819,3.22321,-0.00531,2278.92099,2278.93099,0.00999,0.0002,-7E-05,-0.00157,0.00118,-0.00157,0.00118,49.19561,0.001966,0,80000.65,79988.413,-0.65,11.587,True,False,False
499.66,INSERTION,COAST,80000.376,33.1423186,3.1923152,271.44368,0.46777,3.72661,-0.00517,2278.92101,2278.931,0.00999,0.0002,-7E-05,-0.00155,0.00118,-0.00155,0.00118,49.19561,0.0019483,0,80000.639,79988.435,-0.639,11.565,True,False,False
499.8,INSERTION,COAST,80000.362,33.1423186,3.1923152,271.68501,0.46735,4.47227,-0.00504,2278.92102,2278.93102,0.01,0.0002,-7E-05,-0.0015,0.00118,-0.0015,0.00118,49.19561,0.0019081,0,80000.629,79988.459,-0.629,11.541,True,False,False
499.96,INSERTION,COAST,80000.341,33.1423186,3.1923152,271.96142,0.46688,5.62545,-0.00488,2278.92104,2278.93105,0.01001,0.0002,-7E-05,-0.00141,0.00118,-0.00141,0.00118,49.19561,0.0018385,0,80000.617,79988.495,-0.617,11.505,True,False,False
500.1,INSERTION,COAST,80000.317,33.1423186,3.1923152,272.2038,0.46646,6.90004,-0.00475,2278.92107,2278.93108,0.01001,0.0002,-7E-05,-0.0013,0.00119,-0.0013,0.00119,49.19561,0.0017564,0,80000.608,79988.535,-0.608,11.465,True,False,False
500.24,INSERTION,COAST,80000.283,33.1423186,3.1923152,272.44667,0.46605,8.41505,-0.00463,2278.92112,2278.93113,0.01001,0.0002,-7E-05,-0.00113,0.00119,-0.00113,0.00119,49.19561,0.0016346,0,80000.594,79988.587,-0.594,11.413,True,False,False
500.38,INSERTION,COAST,80000.252,33.1423186,3.1923152,272.69004,0.46563,10.17047,-0.0045,2278.92118,2278.93118,0.01001,0.0002,-7E-05,-0.00094,0.00119,-0.00094,0.00119,49.19561,0.0015163,0,80000.583,79988.651,-0.583,11.349,True,False,False
500.54,INSERTION,COAST,80000.212,33.1423186,3.1923151,272.96879,0.46516,12.47758,-0.00435,2278.92125,2278.93125,0.01,0.0002,-7E-05,-0.00073,0.00119,-0.00073,0.00119,49.19561,0.0013908,0,80000.573,79988.741,-0.573,11.259,True,False,False
500.68,INSERTION,COAST,80000.174,33.1423186,3.1923151,273.21322,0.46474,14.67912,-0.00426,2278.92132,2278.93131,0.00999,0.0002,-7E-05,-0.0005,0.00118,-0.0005,0.00118,49.19561,0.0012877,0,80000.568,79988.829,-0.568,11.171,True,False,False
500.82,INSERTION,COAST,80000.137,33.1423186,3.1923151,273.45816,0.46432,16.7985,-0.00429,2278.92137,2278.93137,0.01001,0.0002,-7E-05,-0.00026,0.00119,-0.00026,0.00119,49.19561,0.0012137,0,80000.57,79988.882,-0.57,11.118,True,False,False
500.96,INSERTION,COAST,80000.107,33.1423186,3.1923151,273.70358,0.46391,18.59366,-0.00449,2278.92136,2278.93143,0.01007,0.0002,-7E-05,0,0.00119,0,0.00119,49.19561,0.0011939,0,80000.583,79988.855,-0.583,11.145,True,False,False
501.12,INSERTION,COAST,80000.079,33.1423186,3.1923151,273.98468,0.46343,20.23322,-0.00473,2278.92132,2278.93148,0.01016,0.00021,-7E-05,0.00024,0.0012,0.00024,0.0012,49.19561,0.0012265,0,80000.597,79988.794,-0.597,11.206,True,False,False
501.26,INSERTION,COAST,80000.061,33.1423186,3.1923151,274.23118,0.46302,21.30724,-0.00493,2278.92127,2278.93152,0.01025,0.00021,-7E-05,0.00041,0.00121,0.00041,0.00121,49.19561,0.001279,0,80000.61,79988.723,-0.61,11.277,True,False,False
501.4,INSERTION,COAST,80000.048,33.1423186,3.1923151,274.47818,0.4626,22.04466,-0.00512,2278.92122,2278.93155,0.01033,0.00021,-7E-05,0.00054,0.00122,0.00054,0.00122,49.19561,0.0013361,0,80000.623,79988.638,-0.623,11.362,True,False,False
501.54,INSERTION,COAST,80000.041,33.1423186,3.1923151,274.72568,0.46218,22.44554,-0.00531,2278.92115,2278.93156,0.01041,0.00021,-7E-05,0.00064,0.00123,0.00064,0.00123,49.19561,0.0013867,0,80000.636,79988.545,-0.636,11.455,True,False,False
501.7,INSERTION,COAST,80000.039,33.1423186,3.1923151,275.00916,0.46171,22.49155,-0.00553,2278.92107,2278.93157,0.0105,0.00021,-7E-05,0.00071,0.00124,0.00071,0.00124,49.19561,0.0014282,0,80000.651,79988.431,-0.651,11.569,True,False,False
501.84,INSERTION,COAST,80000.044,33.1423186,3.1923151,275.25776,0.46129,22.1712,-0.00572,2278.921,2278.93157,0.01057,0.00021,-7E-05,0.00073,0.00125,0.00073,0.00125,49.19561,0.0014461,0,80000.664,79988.33,-0.664,11.67,True,False,False
501.98,INSERTION,COAST,80000.053,33.1423186,3.1923151,275.50686,0.46087,21.51428,-0.00592,2278.92093,2278.93156,0.01063,0.00022,-7E-05,0.00072,0.00126,0.00072,0.00126,49.19561,0.0014455,0,80000.677,79988.232,-0.677,11.768,True,False,False
502.12,INSERTION,COAST,80000.069,33.1423186,3.1923151,275.75647,0.46045,20.5208,-0.00611,2278.92087,2278.93154,0.01067,0.00022,-7E-05,0.00067,0.00126,0.00067,0.00126,49.19561,0.0014267,0,80000.692,79988.14,-0.692,11.86,True,False,False
502.28,INSERTION,COAST,80000.093,33.1423186,3.1923151,276.04238,0.45998,18.97327,-0.00634,2278.92081,2278.9315,0.01069,0.00022,-7E-05,0.00057,0.00126,0.00057,0.00126,49.19561,0.001386,0,80000.709,79988.047,-0.709,11.953,True,False,False
502.42,INSERTION,COAST,80000.121,33.1423186,3.1923151,276.2931,0.45956,17.26014,-0.00654,2278.92077,2278.93146,0.01069,0.00022,-7E-05,0.00045,0.00126,0.00045,0.00126,49.19561,0.0013389,0,80000.725,79987.981,-0.725,12.019,True,False,False
502.56,INSERTION,COAST,80000.154,33.1423186,3.1923151,276.54434,0.45914,15.23399,-0.00673,2278.92075,2278.93141,0.01066,0.00022,-7E-05,0.00029,0.00126,0.00029,0.00126,49.19561,0.0012894,0,80000.741,79987.939,-0.741,12.061,True,False,False
502.7,INSERTION,COAST,80000.191,33.1423186,3.1923151,276.7961,0.45872,13.02765,-0.00688,2278.92076,2278.93135,0.01059,0.00022,-7E-05,9E-05,0.00125,9E-05,0.00125,49.19561,0.0012507,0,80000.754,79987.936,-0.754,12.064,True,False,False
502.86,INSERTION,COAST,80000.233,33.1423186,3.1923151,277.08447,0.45825,10.46577,-0.00692,2278.92082,2278.93128,0.01047,0.00021,-7E-05,-0.00018,0.00123,-0.00018,0.00123,49.19561,0.0012455,0,80000.76,79987.99,-0.76,12.01,True,False,False
503,INSERTION,COAST,80000.27,33.1423186,3.1923151,277.33735,0.45783,8.28805,-0.00693,2278.92087,2278.93122,0.01035,0.00021,-7E-05,-0.00042,0.00122,-0.00042,0.00122,49.19561,0.0012885,0,80000.761,79988.049,-0.761,11.951,True,False,False
503.14,INSERTION,COAST,80000.302,33.1423186,3.1923151,277.59076,0.45741,6.39709,-0.00678,2278.92094,2278.93116,0.01022,0.00021,-7E-05,-0.00067,0.0012,-0.00067,0.0012,49.19561,0.0013761,0,80000.748,79988.141,-0.748,11.859,True,False,False
503.28,INSERTION,COAST,80000.328,33.1423186,3.1923152,277.84469,0.45699,4.8278,-0.00661,2278.921,2278.93111,0.01012,0.00021,-7E-05,-0.00088,0.00119,-0.00088,0.00119,49.19561,0.0014843,0,80000.732,79988.218,-0.732,11.782,True,False,False
503.44,INSERTION,COAST,80000.352,33.1423186,3.1923152,278.13553,0.45652,3.42485,-0.00641,2278.92104,2278.93107,0.01003,0.0002,-7E-05,-0.00109,0.00118,-0.00109,0.00118,49.19561,0.0016081,0,80000.714,79988.284,-0.714,11.716,True,False,False
503.58,INSERTION,COAST,80000.367,33.1423186,3.1923152,278.39059,0.4561,2.53022,-0.00624,2278.92106,2278.93104,0.00997,0.0002,-7E-05,-0.00123,0.00118,-0.00123,0.00118,49.19561,0.0017033,0,80000.698,79988.325,-0.698,11.675,True,False,False
503.72,INSERTION,COAST,80000.377,33.1423186,3.1923152,278.64617,0.45568,1.92513,-0.00608,2278.92108,2278.93102,0.00994,0.0002,-7E-05,-0.00134,0.00117,-0.00134,0.00117,49.19561,0.001779,0,80000.684,79988.355,-0.684,11.645,True,False,False
503.86,INSERTION,COAST,80000.382,33.1423186,3.1923152,278.90228,0.45526,1.57326,-0.00595,2278.92109,2278.931,0.00991,0.0002,-7E-05,-0.00141,0.00117,-0.00141,0.00117,49.19561,0.0018322,0,80000.671,79988.375,-0.671,11.625,True,False,False
504.02,INSERTION,COAST,80000.384,33.1423186,3.1923152,279.19563,0.45478,1.3806,-0.00583,2278.92109,2278.931,0.0099,0.0002,-7E-05,-0.00145,0.00117,-0.00145,0.00117,49.19561,0.0018655,0,80000.661,79988.39,-0.661,11.61,True,False,False
504.16,INSERTION,COAST,80000.383,33.1423186,3.1923152,279.45289,0.45436,1.38915,-0.00575,2278.9211,2278.93099,0.0099,0.0002,-7E-05,-0.00147,0.00117,-0.00147,0.00117,49.19561,0.00188,0,80000.653,79988.399,-0.653,11.601,True,False,False
504.3,INSERTION,COAST,80000.378,33.1423186,3.1923152,279.71068,0.45395,1.63552,-0.00563,2278.9211,2278.931,0.00989,0.0002,-7E-05,-0.00148,0.00117,-0.00148,0.00117,49.19561,0.0018832,0,80000.642,79988.413,-0.642,11.587,True,False,False
504.44,INSERTION,COAST,80000.369,33.1423186,3.1923152,279.96901,0.45353,2.14124,-0.00548,2278.92111,2278.93101,0.0099,0.0002,-7E-05,-0.00145,0.00117,-0.00145,0.00117,49.19561,0.0018666,0,80000.63,79988.43,-0.63,11.57,True,False,False
504.6,INSERTION,COAST,80000.352,33.1423186,3.1923152,280.26491,0.45305,3.03239,-0.00532,2278.92112,2278.93103,0.00991,0.0002,-7E-05,-0.00139,0.00117,-0.00139,0.00117,49.19561,0.0018209,0,80000.617,79988.455,-0.617,11.545,True,False,False
504.74,INSERTION,COAST,80000.333,33.1423186,3.1923152,280.52439,0.45263,4.0785,-0.00519,2278.92114,2278.93106,0.00992,0.0002,-7E-05,-0.00131,0.00117,-0.00131,0.00117,49.19561,0.0017576,0,80000.606,79988.483,-0.606,11.517,True,False,False
504.88,INSERTION,COAST,80000.31,33.1423186,3.1923152,280.78443,0.45221,5.36506,-0.00506,2278.92116,2278.9311,0.00993,0.0002,-7E-05,-0.0012,0.00117,-0.0012,0.00117,49.19561,0.0016767,0,80000.596,79988.519,-0.596,11.481,True,False,False
505.02,INSERTION,COAST,80000.283,33.1423186,3.1923152,281.045,0.45179,6.89201,-0.00493,2278.9212,2278.93114,0.00994,0.0002,-7E-05,-0.00106,0.00118,-0.00106,0.00118,49.19561,0.0015815,0,80000.586,79988.566,-0.586,11.434,True,False,False
505.18,INSERTION,COAST,80000.246,33.1423186,3.1923152,281.34347,0.45131,8.93801,-0.00478,2278.92125,2278.93119,0.00994,0.0002,-7E-05,-0.00087,0.00118,-0.00087,0.00118,49.19561,0.0014619,0,80000.576,79988.636,-0.576,11.364,True,False,False
505.32,INSERTION,COAST,80000.21,33.1423186,3.1923152,281.60523,0.45089,10.99383,-0.00466,2278.92131,2278.93125,0.00994,0.0002,-7E-05,-0.00067,0.00118,-0.00067,0.00118,49.19561,0.0013547,0,80000.567,79988.713,-0.567,11.287,True,False,False
505.46,INSERTION,COAST,80000.172,33.1423186,3.1923152,281.86753,0.45047,13.20063,-0.00456,2278.92138,2278.93131,0.00994,0.0002,-7E-05,-0.00044,0.00118,-0.00044,0.00118,49.19561,0.001258,0,80000.561,79988.798,-0.561,11.202,True,False,False
505.6,INSERTION,COAST,80000.135,33.1423186,3.1923152,282.13038,0.45005,15.32805,-0.00459,2278.92143,2278.93138,0.00995,0.0002,-7E-05,-0.00019,0.00118,-0.00019,0.00118,49.19561,0.0011944,0,80000.563,79988.852,-0.563,11.148,True,False,False
505.76,INSERTION,COAST,80000.1,33.1423186,3.1923152,282.43145,0.44957,17.36329,-0.00483,2278.92142,2278.93144,0.01002,0.0002,-7E-05,9E-05,0.00119,9E-05,0.00119,49.19561,0.0011902,0,80000.579,79988.825,-0.579,11.175,True,False,False
505.9,INSERTION,COAST,80000.076,33.1423186,3.1923152,282.69548,0.44915,18.78354,-0.00503,2278.92139,2278.93149,0.0101,0.00021,-7E-05,0.0003,0.00119,0.0003,0.00119,49.19561,0.0012327,0,80000.593,79988.776,-0.593,11.224,True,False,False
506.04,INSERTION,COAST,80000.057,33.1423186,3.1923152,282.96006,0.44873,19.86725,-0.00523,2278.92135,2278.93153,0.01017,0.00021,-7E-05,0.00048,0.0012,0.00048,0.0012,49.19561,0.0012943,0,80000.607,79988.709,-0.607,11.291,True,False,False
506.18,INSERTION,COAST,80000.044,33.1423186,3.1923152,283.2252,0.44831,20.61439,-0.00543,2278.9213,2278.93155,0.01025,0.00021,-7E-05,0.00061,0.00121,0.00061,0.00121,49.19561,0.0013583,0,80000.621,79988.63,-0.621,11.37,True,False,False
506.34,INSERTION,COAST,80000.036,33.1423186,3.1923152,283.5289,0.44783,21.05613,-0.00565,2278.92123,2278.93157,0.01034,0.00021,-7E-05,0.00072,0.00122,0.00072,0.00122,49.19561,0.0014206,0,80000.636,79988.528,-0.636,11.472,True,False,False
506.48,INSERTION,COAST,80000.035,33.1423186,3.1923152,283.79524,0.44741,21.08207,-0.00584,2278.92116,2278.93158,0.01042,0.00021,-7E-05,0.00078,0.00123,0.00078,0.00123,49.19561,0.0014585,0,80000.65,79988.433,-0.65,11.567,True,False,False
506.62,INSERTION,COAST,80000.039,33.1423186,3.1923152,284.06214,0.44699,20.77141,-0.00604,2278.9211,2278.93158,0.01048,0.00021,-7E-05,0.00081,0.00124,0.00081,0.00124,49.19561,0.0014776,0,80000.664,79988.336,-0.664,11.664,True,False,False
506.76,INSERTION,COAST,80000.049,33.1423186,3.1923152,284.32961,0.44657,20.1242,-0.00623,2278.92103,2278.93157,0.01053,0.00021,-7E-05,0.0008,0.00124,0.0008,0.00124,49.19561,0.0014764,0,80000.679,79988.242,-0.679,11.758,True,False,False
506.92,INSERTION,COAST,80000.067,33.1423186,3.1923152,284.63598,0.44609,18.97241,-0.00645,2278.92097,2278.93154,0.01057,0.00021,-7E-05,0.00074,0.00125,0.00074,0.00125,49.19561,0.0014508,0,80000.696,79988.143,-0.696,11.857,True,False,False
507.06,INSERTION,COAST,80000.088,33.1423186,3.1923152,284.90467,0.44567,17.60398,-0.00665,2278.92092,2278.93151,0.01059,0.00022,-7E-05,0.00065,0.00125,0.00065,0.00125,49.19561,0.0014096,0,80000.712,79988.066,-0.712,11.934,True,False,False
507.2,INSERTION,COAST,80000.116,33.1423186,3.1923152,285.17392,0.44525,15.90715,-0.00685,2278.92089,2278.93147,0.01058,0.00022,-7E-05,0.00053,0.00125,0.00053,0.00125,49.19561,0.0013552,0,80000.729,79988.006,-0.729,11.994,True,False,False
507.34,INSERTION,COAST,80000.149,33.1423186,3.1923152,285.44376,0.44483,13.91475,-0.00703,2278.92088,2278.93142,0.01055,0.00021,-7E-05,0.00037,0.00124,0.00037,0.00124,49.19561,0.0012955,0,80000.745,79987.972,-0.745,12.028,True,False,False
507.5,INSERTION,COAST,80000.192,33.1423186,3.1923152,285.75284,0.44435,11.33973,-0.00721,2278.92089,2278.93135,0.01046,0.00021,-7E-05,0.00014,0.00123,0.00014,0.00123,49.19561,0.0012395,0,80000.762,79987.967,-0.762,12.033,True,False,False
507.64,INSERTION,COAST,80000.232,33.1423186,3.1923152,286.02391,0.44393,8.93467,-0.00734,2278.92093,2278.93129,0.01036,0.00021,-7E-05,-9E-05,0.00122,-9E-05,0.00122,49.19561,0.0012225,0,80000.775,79987.992,-0.775,12.008,True,False,False
507.78,INSERTION,COAST,80000.272,33.1423186,3.1923152,286.29556,0.4435,6.5949,-0.00734,2278.92099,2278.93122,0.01023,0.00021,-7E-05,-0.00035,0.0012,-0.00035,0.0012,49.19561,0.0012538,0,80000.777,79988.06,-0.777,11.94,True,False,False
507.92,INSERTION,COAST,80000.306,33.1423186,3.1923152,286.56779,0.44308,4.55334,-0.00719,2278.92106,2278.93116,0.0101,0.00021,-7E-05,-0.00062,0.00119,-0.00062,0.00119,49.19561,0.0013395,0,80000.763,79988.157,-0.763,11.843,True,False,False
508.08,INSERTION,COAST,80000.339,33.1423186,3.1923152,286.87962,0.4426,2.63213,-0.00698,2278.92112,2278.9311,0.00998,0.0002,-7E-05,-0.00089,0.00117,-0.00089,0.00117,49.19561,0.0014706,0,80000.742,79988.245,-0.742,11.755,True,False,False
508.22,INSERTION,COAST,80000.361,33.1423186,3.1923152,287.1531,0.44218,1.30873,-0.0068,2278.92116,2278.93105,0.0099,0.0002,-7E-05,-0.00108,0.00116,-0.00108,0.00116,49.19561,0.0015882,0,80000.724,79988.301,-0.724,11.699,True,False,False
508.36,INSERTION,COAST,80000.377,33.1423186,3.1923152,287.42716,0.44176,0.31348,-0.00661,2278.92118,2278.93102,0.00984,0.0002,-7E-05,-0.00124,0.00116,-0.00124,0.00116,49.19561,0.001694,0,80000.707,79988.34,-0.707,11.66,True,False,False
508.5,INSERTION,COAST,80000.388,33.1423186,3.1923152,287.7018,0.44134,-0.36226,-0.00644,2278.92119,2278.931,0.00981,0.0002,-7E-05,-0.00135,0.00116,-0.00135,0.00116,49.19561,0.0017803,0,80000.689,79988.366,-0.689,11.634,True,False,False
508.66,INSERTION,COAST,80000.394,33.1423186,3.1923152,288.0164,0.44085,-0.7533,-0.00624,2278.92119,2278.93098,0.00979,0.0002,-7E-05,-0.00145,0.00115,-0.00145,0.00115,49.19561,0.00185,0,80000.67,79988.386,-0.67,11.614,True,False,False
508.8,INSERTION,COAST,80000.394,33.1423186,3.1923152,288.2923,0.44043,-0.7973,-0.00609,2278.92119,2278.93098,0.00979,0.0002,-7E-05,-0.00149,0.00115,-0.00149,0.00115,49.19561,0.0018817,0,80000.656,79988.397,-0.656,11.603,True,False,False
508.94,INSERTION,COAST,80000.391,33.1423186,3.1923152,288.5688,0.44001,-0.67495,-0.00598,2278.92119,2278.93098,0.00979,0.0002,-7E-05,-0.00149,0.00115,-0.00149,0.00115,49.19561,0.0018873,0,80000.645,79988.405,-0.645,11.595,True,False,False
509.08,INSERTION,COAST,80000.387,33.1423186,3.1923152,288.84589,0.43959,-0.47573,-0.00596,2278.92119,2278.93099,0.00979,0.0002,-7E-05,-0.00147,0.00115,-0.00147,0.00115,49.19561,0.0018728,0,80000.643,79988.406,-0.643,11.594,True,False,False
509.24,INSERTION,COAST,80000.377,33.1423186,3.1923152,289.1633,0.43911,0.02484,-0.00583,2278.9212,2278.931,0.0098,0.0002,-7E-05,-0.00145,0.00116,-0.00145,0.00116,49.19561,0.001856,0,80000.631,79988.417,-0.631,11.583,True,False,False
509.38,INSERTION,COAST,80000.364,33.1423186,3.1923152,289.44167,0.43868,0.73852,-0.00569,2278.9212,2278.93101,0.00981,0.0002,-7E-05,-0.00141,0.00116,-0.00141,0.00116,49.19561,0.0018219,0,80000.618,79988.432,-0.618,11.568,True,False,False
509.52,INSERTION,COAST,80000.346,33.1423186,3.1923152,289.72064,0.43826,1.70584,-0.00555,2278.92121,2278.93104,0.00983,0.0002,-7E-05,-0.00133,0.00116,-0.00133,0.00116,49.19561,0.0017656,0,80000.606,79988.453,-0.606,11.547,True,False,False
509.66,INSERTION,COAST,80000.324,33.1423186,3.1923152,290.00022,0.43784,2.91443,-0.00542,2278.92123,2278.93107,0.00985,0.0002,-7E-05,-0.00123,0.00116,-0.00123,0.00116,49.19561,0.0016901,0,80000.595,79988.481,-0.595,11.519,True,False,False
509.82,INSERTION,COAST,80000.294,33.1423186,3.1923152,290.32047,0.43736,4.59662,-0.00527,2278.92126,2278.93112,0.00986,0.0002,-7E-05,-0.00108,0.00117,-0.00108,0.00117,49.19561,0.0015858,0,80000.583,79988.526,-0.583,11.474,True,False,False
509.96,INSERTION,COAST,80000.263,33.1423186,3.1923152,290.60135,0.43693,6.3341,-0.00513,2278.9213,2278.93117,0.00987,0.0002,-7E-05,-0.00091,0.00117,-0.00091,0.00117,49.19561,0.0014816,0,80000.573,79988.579,-0.573,11.421,True,False,False
510.1,INSERTION,COAST,80000.228,33.1423186,3.1923152,290.88283,0.43651,8.31201,-0.00501,2278.92135,2278.93122,0.00988,0.0002,-7E-05,-0.00072,0.00117,-0.00072,0.00117,49.19561,0.0013739,0,80000.564,79988.646,-0.564,11.354,True,False,False
510.24,INSERTION,COAST,80000.189,33.1423186,3.1923152,291.16493,0.43609,10.51461,-0.00489,2278.92141,2278.93128,0.00987,0.0002,-7E-05,-0.00051,0.00117,-0.00051,0.00117,49.19561,0.0012737,0,80000.555,79988.728,-0.555,11.272,True,False,False
510.4,INSERTION,COAST,80000.145,33.1423186,3.1923152,291.48807,0.4356,13.04632,-0.00487,2278.92148,2278.93136,0.00988,0.0002,-7E-05,-0.00022,0.00117,-0.00022,0.00117,49.19561,0.00119,0,80000.554,79988.806,-0.554,11.194,True,False,False
510.54,INSERTION,COAST,80000.111,33.1423186,3.1923152,291.77147,0.43518,14.9934,-0.00502,2278.9215,2278.93142,0.00992,0.0002,-7E-05,4E-05,0.00117,4E-05,0.00117,49.19561,0.0011747,0,80000.565,79988.815,-0.565,11.185,True,False,False
510.68,INSERTION,COAST,80000.081,33.1423186,3.1923152,292.05549,0.43476,16.60532,-0.00523,2278.92149,2278.93147,0.00999,0.0002,-7E-05,0.00027,0.00118,0.00027,0.00118,49.19561,0.0012124,0,80000.58,79988.783,-0.58,11.217,True,False,False
510.82,INSERTION,COAST,80000.053,33.1423185,3.1923151,292.34011,0.43433,17.88071,-0.00543,2278.92148,2278.93153,0.01005,0.0002,-7E-05,0.00051,0.00119,0.00051,0.00119,49.19561,0.0012934,0,80000.589,79988.734,-0.589,11.266,True,False,False
510.98,INSERTION,COAST,80000.035,33.1423185,3.1923151,292.66616,0.43385,18.92615,-0.00566,2278.92143,2278.93157,0.01014,0.00021,-7E-05,0.0007,0.0012,0.0007,0.0012,49.19561,0.0013858,0,80000.604,79988.655,-0.604,11.345,True,False,False
511.12,INSERTION,COAST,80000.025,33.1423185,3.1923151,292.95211,0.43343,19.48032,-0.00586,2278.92138,2278.93159,0.01021,0.00021,-7E-05,0.00081,0.00121,0.00081,0.00121,49.19561,0.0014548,0,80000.619,79988.575,-0.619,11.425,True,False,False
511.26,INSERTION,COAST,80000.02,33.1423185,3.1923151,293.23869,0.433,19.69791,-0.00605,2278.92132,2278.9316,0.01028,0.00021,-7E-05,0.00089,0.00121,0.00089,0.00121,49.19561,0.0015077,0,80000.634,79988.486,-0.634,11.514,True,False,False
511.4,INSERTION,COAST,80000.022,33.1423185,3.1923151,293.5259,0.43258,19.57895,-0.00625,2278.92126,2278.9316,0.01035,0.00021,-7E-05,0.00094,0.00122,0.00094,0.00122,49.19561,0.0015403,0,80000.649,79988.395,-0.649,11.605,True,False,False
511.56,INSERTION,COAST,80000.03,33.1423185,3.1923151,293.8549,0.4321,19.03085,-0.00647,2278.92119,2278.9316,0.01041,0.00021,-7E-05,0.00095,0.00123,0.00095,0.00123,49.19561,0.0015503,0,80000.666,79988.291,-0.666,11.709,True,False,False
511.7,INSERTION,COAST,80000.043,33.1423185,3.1923151,294.14346,0.43167,18.19067,-0.00666,2278.92113,2278.93158,0.01045,0.00021,-7E-05,0.00092,0.00123,0.00092,0.00123,49.19561,0.0015348,0,80000.682,79988.204,-0.682,11.796,True,False,False
511.84,INSERTION,COAST,80000.061,33.1423185,3.1923151,294.43264,0.43125,17.01391,-0.00686,2278.92108,2278.93155,0.01047,0.00021,-7E-05,0.00085,0.00123,0.00085,0.00123,49.19561,0.0014975,0,80000.698,79988.126,-0.698,11.874,True,False,False
511.98,INSERTION,COAST,80000.086,33.1423185,3.1923151,294.72246,0.43082,15.50479,-0.00706,2278.92105,2278.93152,0.01047,0.00021,-7E-05,0.00075,0.00123,0.00075,0.00123,49.19561,0.001441,0,80000.716,79988.061,-0.716,11.939,True,False,False
512.14,INSERTION,COAST,80000.12,33.1423185,3.1923151,295.05447,0.43034,13.40032,-0.00728,2278.92103,2278.93147,0.01044,0.00021,-7E-05,0.00058,0.00123,0.00058,0.00123,49.19561,0.0013594,0,80000.736,79988.012,-0.736,11.988,True,False,False
512.28,INSERTION,COAST,80000.155,33.1423185,3.1923151,295.34566,0.42991,11.30522,-0.00743,2278.92104,2278.93141,0.01038,0.00021,-7E-05,0.0004,0.00122,0.0004,0.00122,49.19561,0.0012832,0,80000.75,79988.004,-0.75,11.996,True,False,False
512.42,INSERTION,COAST,80000.194,33.1423185,3.1923151,295.6375,0.42949,8.97247,-0.00758,2278.92106,2278.93135,0.01029,0.00021,-7E-05,0.00019,0.00121,0.00019,0.00121,49.19561,0.0012241,0,80000.766,79988.011,-0.766,11.989,True,False,False
512.56,INSERTION,COAST,80000.236,33.1423185,3.1923151,295.92998,0.42907,6.52148,-0.0077,2278.9211,2278.93128,0.01018,0.00021,-7E-05,-6E-05,0.0012,-6E-05,0.0012,49.19561,0.0011972,0,80000.779,79988.047,-0.779,11.953,True,False,False
512.72,INSERTION,COAST,80000.28,33.1423185,3.1923151,296.26503,0.42858,3.90542,-0.00764,2278.92118,2278.9312,0.01002,0.0002,-7E-05,-0.00037,0.00118,-0.00037,0.00118,49.19561,0.001233,0,80000.774,79988.14,-0.774,11.86,True,False,False
512.86,INSERTION,COAST,80000.313,33.1423185,3.1923151,296.55889,0.42816,1.96841,-0.00746,2278.92124,2278.93114,0.0099,0.0002,-7E-05,-0.00063,0.00116,-0.00063,0.00116,49.19561,0.0013218,0,80000.756,79988.228,-0.756,11.772,True,False,False
513,INSERTION,COAST,80000.34,33.1423185,3.1923151,296.85341,0.42773,0.36801,-0.00727,2278.92129,2278.93109,0.00981,0.0002,-7E-05,-0.00085,0.00115,-0.00085,0.00115,49.19561,0.0014337,0,80000.737,79988.293,-0.737,11.707,True,False,False
513.14,INSERTION,COAST,80000.361,33.1423185,3.1923151,297.14856,0.42731,-0.89603,-0.00708,2278.92131,2278.93105,0.00974,0.0002,-7E-05,-0.00104,0.00115,-0.00104,0.00115,49.19561,0.0015468,0,80000.718,79988.339,-0.718,11.661,True,False,False
513.3,INSERTION,COAST,80000.378,33.1423185,3.1923151,297.48669,0.42682,-1.92835,-0.00687,2278.92132,2278.93102,0.00969,0.0002,-6E-05,-0.00121,0.00114,-0.00121,0.00114,49.19561,0.0016608,0,80000.696,79988.372,-0.696,11.628,True,False,False
513.44,INSERTION,COAST,80000.387,33.1423185,3.1923151,297.78324,0.4264,-2.47908,-0.00669,2278.92132,2278.931,0.00967,0.0002,-6E-05,-0.00131,0.00114,-0.00131,0.00114,49.19561,0.0017381,0,80000.677,79988.389,-0.677,11.611,True,False,False
513.58,INSERTION,COAST,80000.39,33.1423185,3.1923151,298.08046,0.42597,-2.71117,-0.00651,2278.92132,2278.93099,0.00967,0.0002,-6E-05,-0.00138,0.00114,-0.00138,0.00114,49.19561,0.0017904,0,80000.659,79988.398,-0.659,11.602,True,False,False
513.72,INSERTION,COAST,80000.388,33.1423185,3.1923151,298.37833,0.42554,-2.64551,-0.00635,2278.92131,2278.93099,0.00967,0.0002,-6E-05,-0.00141,0.00114,-0.00141,0.00114,49.19561,0.0018158,0,80000.643,79988.403,-0.643,11.597,True,False,False
513.88,INSERTION,COAST,80000.38,33.1423185,3.1923151,298.71957,0.42506,-2.26398,-0.0062,2278.92131,2278.93099,0.00968,0.0002,-6E-05,-0.00141,0.00114,-0.00141,0.00114,49.19561,0.0018117,0,80000.627,79988.408,-0.627,11.592,True,False,False
514.02,INSERTION,COAST,80000.369,33.1423185,3.1923151,299.01886,0.42463,-1.67699,-0.00607,2278.92131,2278.93101,0.0097,0.0002,-7E-05,-0.00137,0.00114,-0.00137,0.00114,49.19561,0.0017855,0,80000.615,79988.415,-0.615,11.585,True,False,False
514.16,INSERTION,COAST,80000.354,33.1423185,3.1923151,299.31882,0.42421,-0.84104,-0.00593,2278.92131,2278.93103,0.00972,0.0002,-7E-05,-0.00131,0.00115,-0.00131,0.00115,49.19561,0.0017411,0,80000.602,79988.427,-0.602,11.573,True,False,False
514.3,INSERTION,COAST,80000.334,33.1423185,3.1923151,299.61945,0.42378,0.24792,-0.00579,2278.92132,2278.93106,0.00974,0.0002,-7E-05,-0.00122,0.00115,-0.00122,0.00115,49.19561,0.0016771,0,80000.59,79988.446,-0.59,11.554,True,False,False
514.46,INSERTION,COAST,80000.306,33.1423185,3.1923151,299.96385,0.4233,1.79448,-0.00564,2278.92134,2278.9311,0.00976,0.0002,-7E-05,-0.00109,0.00115,-0.00109,0.00115,49.19561,0.0015831,0,80000.576,79988.479,-0.576,11.521,True,False,False
514.6,INSERTION,COAST,80000.277,33.1423185,3.1923151,300.26592,0.42287,3.41339,-0.0055,2278.92137,2278.93115,0.00978,0.0002,-7E-05,-0.00094,0.00116,-0.00094,0.00116,49.19561,0.0014863,0,80000.565,79988.52,-0.565,11.48,True,False,False
514.74,INSERTION,COAST,80000.243,33.1423185,3.1923151,300.56867,0.42244,5.27271,-0.00538,2278.9214,2278.9312,0.00979,0.0002,-7E-05,-0.00076,0.00116,-0.00076,0.00116,49.19561,0.0013834,0,80000.555,79988.575,-0.555,11.425,True,False,False
514.88,INSERTION,COAST,80000.206,33.1423185,3.1923151,300.8721,0.42202,7.37243,-0.00525,2278.92146,2278.93126,0.0098,0.0002,-7E-05,-0.00055,0.00116,-0.00055,0.00116,49.19561,0.0012842,0,80000.545,79988.644,-0.545,11.356,True,False,False
515.04,INSERTION,COAST,80000.161,33.1423185,3.1923151,301.2197,0.42153,9.93475,-0.00515,2278.92153,2278.93133,0.0098,0.0002,-7E-05,-0.00028,0.00116,-0.00028,0.00116,49.19561,0.0011935,0,80000.538,79988.733,-0.538,11.267,True,False,False
515.18,INSERTION,COAST,80000.122,33.1423185,3.1923151,301.52459,0.4211,12.17846,-0.00516,2278.92158,2278.9314,0.00981,0.0002,-7E-05,-3E-05,0.00116,-3E-05,0.00116,49.19561,0.0011606,0,80000.539,79988.795,-0.539,11.205,True,False,False
515.32,INSERTION,COAST,80000.086,33.1423185,3.1923151,301.83015,0.42068,14.21195,-0.00528,2278.92162,2278.93146,0.00985,0.0002,-7E-05,0.00023,0.00116,0.00023,0.00116,49.19561,0.0011871,0,80000.549,79988.821,-0.549,11.179,True,False,False
515.46,INSERTION,COAST,80000.057,33.1423185,3.1923151,302.1364,0.42025,15.91059,-0.00549,2278.92161,2278.93152,0.00991,0.0002,-7E-05,0.00048,0.00117,0.00048,0.00117,49.19561,0.0012644,0,80000.565,79988.795,-0.565,11.205,True,False,False
515.62,INSERTION,COAST,80000.03,33.1423185,3.1923151,302.48724,0.41976,17.43978,-0.00572,2278.92158,2278.93157,0.00999,0.0002,-7E-05,0.00071,0.00118,0.00071,0.00118,49.19561,0.0013768,0,80000.583,79988.739,-0.583,11.261,True,False,False
515.76,INSERTION,COAST,80000.013,33.1423185,3.1923151,302.79496,0.41934,18.41719,-0.00592,2278.92154,2278.9316,0.01006,0.0002,-7E-05,0.00087,0.00119,0.00087,0.00119,49.19561,0.0014742,0,80000.598,79988.673,-0.598,11.327,True,False,False
515.9,INSERTION,COAST,80000.001,33.1423185,3.1923151,303.10337,0.41891,19.05807,-0.00612,2278.92149,2278.93163,0.01013,0.00021,-7E-05,0.001,0.0012,0.001,0.0012,49.19561,0.0015587,0,80000.614,79988.595,-0.614,11.405,True,False,False
516.04,INSERTION,COAST,79999.996,33.1423185,3.1923151,303.41248,0.41848,19.36235,-0.00632,2278.92144,2278.93164,0.01021,0.00021,-7E-05,0.00109,0.0012,0.00109,0.0012,49.19561,0.0016238,0,80000.629,79988.509,-0.629,11.491,True,False,False
516.2,INSERTION,COAST,79999.996,33.1423185,3.1923151,303.7666,0.418,19.298,-0.00654,2278.92137,2278.93165,0.01028,0.00021,-7E-05,0.00115,0.00121,0.00115,0.00121,49.19561,0.00167,0,80000.647,79988.405,-0.647,11.595,True,False,False
516.34,INSERTION,COAST,80000.002,33.1423185,3.1923151,304.0772,0.41757,18.88107,-0.00673,2278.92131,2278.93164,0.01033,0.00021,-7E-05,0.00116,0.00122,0.00116,0.00122,49.19561,0.0016838,0,80000.663,79988.314,-0.663,11.686,True,False,False
516.48,INSERTION,COAST,80000.013,33.1423185,3.1923151,304.38851,0.41714,18.12758,-0.00693,2278.92125,2278.93163,0.01038,0.00021,-7E-05,0.00114,0.00122,0.00114,0.00122,49.19561,0.001672,0,80000.679,79988.227,-0.679,11.773,True,False,False
516.62,INSERTION,COAST,80000.03,33.1423185,3.1923151,304.70052,0.41672,17.03751,-0.00713,2278.9212,2278.93161,0.0104,0.00021,-7E-05,0.00108,0.00122,0.00108,0.00122,49.19561,0.0016352,0,80000.696,79988.147,-0.696,11.853,True,False,False
516.78,INSERTION,COAST,80000.057,33.1423185,3.1923151,305.05798,0.41623,15.38073,-0.00736,2278.92116,2278.93157,0.01041,0.00021,-7E-05,0.00097,0.00122,0.00097,0.00122,49.19561,0.0015643,0,80000.717,79988.069,-0.717,11.931,True,False,False
516.92,INSERTION,COAST,80000.086,33.1423185,3.1923151,305.37152,0.4158,13.5962,-0.00755,2278.92114,2278.93152,0.01038,0.00021,-7E-05,0.00084,0.00122,0.00084,0.00122,49.19561,0.00148,0,80000.735,79988.024,-0.735,11.976,True,False,False
517.06,INSERTION,COAST,80000.119,33.1423185,3.1923151,305.68577,0.41537,11.63576,-0.00769,2278.92115,2278.93147,0.01033,0.00021,-7E-05,0.00066,0.00121,0.00066,0.00121,49.19561,0.0013808,0,80000.749,79988.014,-0.749,11.986,True,False,False
517.2,INSERTION,COAST,80000.153,33.1423185,3.1923151,306.00074,0.41494,9.55713,-0.00774,2278.92118,2278.93142,0.01024,0.00021,-7E-05,0.00046,0.0012,0.00046,0.0012,49.19561,0.0012864,0,80000.755,79988.043,-0.755,11.957,True,False,False
517.36,INSERTION,COAST,80000.199,33.1423185,3.1923151,306.36158,0.41446,6.87077,-0.00793,2278.92121,2278.93134,0.01014,0.00021,-7E-05,0.00022,0.00119,0.00022,0.00119,49.19561,0.0012093,0,80000.776,79988.053,-0.776,11.947,True,False,False
517.5,INSERTION,COAST,80000.241,33.1423185,3.1923151,306.67809,0.41403,4.39074,-0.00805,2278.92126,2278.93127,0.01002,0.0002,-7E-05,-3E-05,0.00117,-3E-05,0.00117,49.19561,0.0011754,0,80000.79,79988.095,-0.79,11.905,True,False,False
517.64,INSERTION,COAST,80000.28,33.1423185,3.1923151,306.99533,0.4136,2.0867,-0.00798,2278.92133,2278.93121,0.00988,0.0002,-7E-05,-0.00031,0.00116,-0.00031,0.00116,49.19561,0.0011992,0,80000.784,79988.178,-0.784,11.822,True,False,False
517.78,INSERTION,COAST,80000.313,33.1423185,3.1923151,307.31328,0.41317,0.11457,-0.0078,2278.92139,2278.93114,0.00976,0.0002,-7E-05,-0.00058,0.00114,-0.00058,0.00114,49.19561,0.0012812,0,80000.765,79988.262,-0.765,11.738,True,False,False
517.94,INSERTION,COAST,80000.345,33.1423185,3.1923151,307.67755,0.41268,-1.72743,-0.00759,2278.92143,2278.93109,0.00966,0.0002,-6E-05,-0.00083,0.00113,-0.00083,0.00113,49.19561,0.0014069,0,80000.742,79988.329,-0.742,11.671,True,False,False
518.08,INSERTION,COAST,80000.365,33.1423185,3.1923151,307.99707,0.41225,-2.97847,-0.0074,2278.92145,2278.93104,0.0096,0.0002,-6E-05,-0.00102,0.00113,-0.00102,0.00113,49.19561,0.0015194,0,80000.722,79988.367,-0.722,11.633,True,False,False
518.22,INSERTION,COAST,80000.38,33.1423185,3.1923151,308.31731,0.41183,-3.89296,-0.00721,2278.92145,2278.93101,0.00956,0.00019,-6E-05,-0.00117,0.00112,-0.00117,0.00112,49.19561,0.0016195,0,80000.701,79988.39,-0.701,11.61,True,False,False
518.36,INSERTION,COAST,80000.39,33.1423185,3.1923151,308.63829,0.4114,-4.47086,-0.00702,2278.92145,2278.93099,0.00955,0.00019,-6E-05,-0.00128,0.00112,-0.00128,0.00112,49.19561,0.0016995,0,80000.68,79988.4,-0.68,11.6,True,False,False
518.52,INSERTION,COAST,80000.393,33.1423185,3.1923151,309.00602,0.41091,-4.7262,-0.00682,2278.92143,2278.93098,0.00955,0.00019,-6E-05,-0.00136,0.00112,-0.00136,0.00112,49.19561,0.0017601,0,80000.658,79988.403,-0.658,11.597,True,False,False
518.66,INSERTION,COAST,80000.39,33.1423185,3.1923151,309.32858,0.41048,-4.60802,-0.00664,2278.92142,2278.93098,0.00956,0.00019,-6E-05,-0.00138,0.00113,-0.00138,0.00113,49.19561,0.0017838,0,80000.639,79988.402,-0.639,11.598,True,False,False
518.8,INSERTION,COAST,80000.382,33.1423185,3.1923151,309.65188,0.41005,-4.20043,-0.00648,2278.92141,2278.93099,0.00958,0.00019,-6E-05,-0.00138,0.00113,-0.00138,0.00113,49.19561,0.0017793,0,80000.623,79988.401,-0.623,11.599,True,False,False
518.94,INSERTION,COAST,80000.371,33.1423185,3.1923151,309.97592,0.40962,-3.60759,-0.00636,2278.9214,2278.93101,0.0096,0.0002,-6E-05,-0.00133,0.00113,-0.00133,0.00113,49.19561,0.0017471,0,80000.611,79988.404,-0.611,11.596,True,False,False
519.1,INSERTION,COAST,80000.354,33.1423185,3.1923151,310.34717,0.40913,-2.73308,-0.00629,2278.92141,2278.93103,0.00962,0.0002,-6E-05,-0.00125,0.00113,-0.00125,0.00113,49.19561,0.001691,0,80000.602,79988.411,-0.602,11.589,True,False,False
519.24,INSERTION,COAST,80000.335,33.1423185,3.1923151,310.67282,0.4087,-1.69318,-0.00614,2278.92141,2278.93106,0.00965,0.0002,-6E-05,-0.00117,0.00114,-0.00117,0.00114,49.19561,0.0016331,0,80000.589,79988.424,-0.589,11.576,True,False,False
519.38,INSERTION,COAST,80000.312,33.1423185,3.1923151,310.99923,0.40828,-0.40266,-0.00601,2278.92142,2278.93109,0.00967,0.0002,-6E-05,-0.00106,0.00114,-0.00106,0.00114,49.19561,0.0015569,0,80000.576,79988.446,-0.576,11.554,True,False,False
519.52,INSERTION,COAST,80000.284,33.1423185,3.1923151,311.32639,0.40785,1.12917,-0.00588,2278.92144,2278.93113,0.0097,0.0002,-6E-05,-0.00092,0.00114,-0.00092,0.00114,49.19561,0.0014672,0,80000.564,79988.478,-0.564,11.522,True,False,False
519.68,INSERTION,COAST,80000.247,33.1423185,3.1923151,311.70121,0.40736,3.18078,-0.00572,2278.92147,2278.93119,0.00972,0.0002,-7E-05,-0.00073,0.00115,-0.00073,0.00115,49.19561,0.0013573,0,80000.551,79988.532,-0.551,11.468,True,False,False
519.82,INSERTION,COAST,80000.211,33.1423185,3.1923151,312.03,0.40693,5.24147,-0.00559,2278.92152,2278.93125,0.00973,0.0002,-7E-05,-0.00053,0.00115,-0.00053,0.00115,49.19561,0.0012635,0,80000.54,79988.594,-0.54,11.406,True,False,False
519.96,INSERTION,COAST,80000.171,33.1423185,3.1923151,312.35955,0.4065,7.46258,-0.00549,2278.92158,2278.93131,0.00973,0.0002,-7E-05,-0.0003,0.00115,-0.0003,0.00115,49.19561,0.0011874,0,80000.532,79988.669,-0.532,11.331,True,False,False
520.1,INSERTION,COAST,80000.133,33.1423185,3.1923151,312.68987,0.40607,9.59876,-0.00551,2278.92163,2278.93138,0.00975,0.0002,-7E-05,-4E-05,0.00115,-4E-05,0.00115,49.19561,0.001152,0,80000.535,79988.725,-0.535,11.275,True,False,False
520.26,INSERTION,COAST,80000.097,33.1423185,3.1923151,313.06831,0.40558,11.63899,-0.00575,2278.92165,2278.93145,0.0098,0.0002,-7E-05,0.00025,0.00116,0.00025,0.00116,49.19561,0.0011843,0,80000.554,79988.721,-0.554,11.279,True,False,False
520.4,INSERTION,COAST,80000.072,33.1423185,3.1923151,313.40027,0.40515,13.06358,-0.00595,2278.92164,2278.93149,0.00985,0.0002,-7E-05,0.00047,0.00116,0.00047,0.00116,49.19561,0.0012542,0,80000.571,79988.693,-0.571,11.307,True,False,False
520.54,INSERTION,COAST,80000.053,33.1423185,3.1923151,313.733,0.40472,14.15161,-0.00616,2278.92162,2278.93153,0.00991,0.0002,-7E-05,0.00065,0.00117,0.00065,0.00117,49.19561,0.0013371,0,80000.588,79988.647,-0.588,11.353,True,False,False
520.68,INSERTION,COAST,80000.039,33.1423185,3.1923151,314.06651,0.40429,14.90304,-0.00636,2278.92159,2278.93156,0.00998,0.0002,-7E-05,0.00079,0.00118,0.00079,0.00118,49.19561,0.0014165,0,80000.605,79988.587,-0.605,11.413,True,False,False
520.84,INSERTION,COAST,80000.03,33.1423185,3.1923151,314.44861,0.4038,15.34975,-0.00659,2278.92154,2278.93158,0.01004,0.0002,-7E-05,0.00091,0.00118,0.00091,0.00118,49.19561,0.0014901,0,80000.624,79988.507,-0.624,11.493,True,False,False
520.98,INSERTION,COAST,80000.029,33.1423185,3.1923151,314.78379,0.40337,15.38,-0.00679,2278.92149,2278.93159,0.0101,0.00021,-7E-05,0.00097,0.00119,0.00097,0.00119,49.19561,0.0015333,0,80000.641,79988.431,-0.641,11.569,True,False,False
521.12,INSERTION,COAST,80000.033,33.1423185,3.1923151,315.11974,0.40294,15.07367,-0.00699,2278.92144,2278.93159,0.01014,0.00021,-7E-05,0.00099,0.00119,0.00099,0.00119,49.19561,0.0015535,0,80000.658,79988.353,-0.658,11.647,True,False,False
521.26,INSERTION,COAST,80000.043,33.1423185,3.1923151,315.45649,0.40251,14.43078,-0.00718,2278.9214,2278.93158,0.01018,0.00021,-7E-05,0.00098,0.0012,0.00098,0.0012,49.19561,0.0015494,0,80000.676,79988.278,-0.676,11.722,True,False,False
521.42,INSERTION,COAST,80000.061,33.1423185,3.1923151,315.84231,0.40201,13.28391,-0.00741,2278.92136,2278.93155,0.0102,0.00021,-7E-05,0.00093,0.0012,0.00093,0.0012,49.19561,0.0015155,0,80000.697,79988.2,-0.697,11.8,True,False,False
521.56,INSERTION,COAST,80000.083,33.1423185,3.1923151,316.18076,0.40158,11.9375,-0.00761,2278.92133,2278.93152,0.01019,0.00021,-7E-05,0.00084,0.0012,0.00084,0.0012,49.19561,0.0014612,0,80000.715,79988.147,-0.715,11.853,True,False,False
521.7,INSERTION,COAST,80000.11,33.1423185,3.1923151,316.52,0.40115,10.32567,-0.00777,2278.92132,2278.93148,0.01016,0.00021,-7E-05,0.00071,0.00119,0.00071,0.00119,49.19561,0.0013878,0,80000.732,79988.118,-0.732,11.882,True,False,False
521.84,INSERTION,COAST,80000.141,33.1423185,3.1923151,316.86004,0.40072,8.4708,-0.00792,2278.92133,2278.93143,0.0101,0.00021,-7E-05,0.00055,0.00119,0.00055,0.00119,49.19561,0.0013078,0,80000.748,79988.105,-0.748,11.895,True,False,False
522,INSERTION,COAST,80000.182,33.1423185,3.1923151,317.24965,0.40023,6.03747,-0.00811,2278.92135,2278.93137,0.01002,0.0002,-7E-05,0.00034,0.00117,0.00034,0.00117,49.19561,0.0012227,0,80000.769,79988.106,-0.769,11.894,True,False,False
522.14,INSERTION,COAST,80000.222,33.1423185,3.1923151,317.59141,0.3998,3.68848,-0.00825,2278.92139,2278.93131,0.00991,0.0002,-7E-05,0.00012,0.00116,0.00012,0.00116,49.19561,0.0011678,0,80000.786,79988.132,-0.786,11.868,True,False,False
522.28,INSERTION,COAST,80000.26,33.1423185,3.1923151,317.93399,0.39937,1.40534,-0.00827,2278.92145,2278.93124,0.00979,0.0002,-7E-05,-0.00014,0.00115,-0.00014,0.00115,49.19561,0.0011553,0,80000.789,79988.193,-0.789,11.807,True,False,False
522.42,INSERTION,COAST,80000.294,33.1423185,3.1923151,318.27738,0.39894,-0.55262,-0.00809,2278.92151,2278.93118,0.00967,0.0002,-6E-05,-0.0004,0.00113,-0.0004,0.00113,49.19561,0.001203,0,80000.77,79988.274,-0.77,11.726,True,False,False
522.58,INSERTION,COAST,80000.324,33.1423185,3.1923151,318.67081,0.39845,-2.37797,-0.00788,2278.92154,2278.93112,0.00958,0.00019,-6E-05,-0.00066,0.00112,-0.00066,0.00112,49.19561,0.0013019,0,80000.746,79988.338,-0.746,11.662,True,False,False
522.72,INSERTION,COAST,80000.345,33.1423185,3.1923151,319.01593,0.39802,-3.61462,-0.00769,2278.92156,2278.93108,0.00952,0.00019,-6E-05,-0.00084,0.00112,-0.00084,0.00112,49.19561,0.0013989,0,80000.724,79988.374,-0.724,11.626,True,False,False
522.86,INSERTION,COAST,80000.36,33.1423185,3.1923151,319.36188,0.39758,-4.51473,-0.0075,2278.92156,2278.93105,0.00949,0.00019,-6E-05,-0.00099,0.00111,-0.00099,0.00111,49.19561,0.0014887,0,80000.703,79988.394,-0.703,11.606,True,False,False
523,INSERTION,COAST,80000.368,33.1423185,3.1923151,319.70864,0.39715,-5.07826,-0.00732,2278.92155,2278.93103,0.00947,0.00019,-6E-05,-0.0011,0.00111,-0.0011,0.00111,49.19561,0.0015617,0,80000.681,79988.403,-0.681,11.597,True,False,False
523.16,INSERTION,COAST,80000.371,33.1423185,3.1923151,320.10594,0.39666,-5.31422,-0.00711,2278.92154,2278.93102,0.00948,0.00019,-6E-05,-0.00117,0.00111,-0.00117,0.00111,49.19561,0.0016175,0,80000.657,79988.404,-0.657,11.596,True,False,False
523.3,INSERTION,COAST,80000.368,33.1423185,3.1923151,320.45447,0.39623,-5.17649,-0.00693,2278.92152,2278.93102,0.00949,0.00019,-6E-05,-0.0012,0.00112,-0.0012,0.00112,49.19561,0.0016387,0,80000.638,79988.401,-0.638,11.599,True,False,False
523.44,INSERTION,COAST,80000.36,33.1423185,3.1923151,320.80383,0.3958,-4.74329,-0.00677,2278.92151,2278.93103,0.00952,0.00019,-6E-05,-0.00119,0.00112,-0.00119,0.00112,49.19561,0.0016334,0,80000.62,79988.4,-0.62,11.6,True,False,False
523.58,INSERTION,COAST,80000.347,33.1423185,3.1923151,321.15402,0.39537,-4.09074,-0.00664,2278.9215,2278.93104,0.00954,0.00019,-6E-05,-0.00114,0.00112,-0.00114,0.00112,49.19561,0.0016019,0,80000.607,79988.402,-0.607,11.598,True,False,False
523.74,INSERTION,COAST,80000.329,33.1423185,3.1923151,321.55527,0.39487,-3.08369,-0.00652,2278.9215,2278.93107,0.00957,0.00019,-6E-05,-0.00106,0.00113,-0.00106,0.00113,49.19561,0.001547,0,80000.594,79988.41,-0.594,11.59,True,False,False
523.88,INSERTION,COAST,80000.307,33.1423185,3.1923151,321.90726,0.39444,-1.92459,-0.00637,2278.92151,2278.9311,0.00959,0.0002,-6E-05,-0.00096,0.00113,-0.00096,0.00113,49.19561,0.0014857,0,80000.579,79988.425,-0.579,11.575,True,False,False
524.02,INSERTION,COAST,80000.282,33.1423185,3.1923151,322.26009,0.39401,-0.51755,-0.00624,2278.92152,2278.93114,0.00962,0.0002,-6E-05,-0.00084,0.00113,-0.00084,0.00113,49.19561,0.00141,0,80000.566,79988.45,-0.566,11.55,True,False,False
524.16,INSERTION,COAST,80000.252,33.1423185,3.1923151,322.61377,0.39358,1.13075,-0.00611,2278.92154,2278.93119,0.00964,0.0002,-6E-05,-0.00068,0.00114,-0.00068,0.00114,49.19561,0.0013269,0,80000.554,79988.487,-0.554,11.513,True,False,False
524.32,INSERTION,COAST,80000.213,33.1423185,3.1923151,323.01902,0.39308,3.31519,-0.00595,2278.92158,2278.93125,0.00966,0.0002,-6E-05,-0.00048,0.00114,-0.00048,0.00114,49.19561,0.0012352,0,80000.54,79988.546,-0.54,11.454,True,False,False
524.46,INSERTION,COAST,80000.175,33.1423185,3.1923151,323.37452,0.39265,5.42496,-0.00584,2278.92163,2278.93131,0.00967,0.0002,-6E-05,-0.00026,0.00114,-0.00026,0.00114,49.19561,0.0011707,0,80000.531,79988.611,-0.531,11.389,True,False,False
524.6,INSERTION,COAST,80000.139,33.1423185,3.1923151,323.73088,0.39222,7.45021,-0.00586,2278.92168,2278.93137,0.00969,0.0002,-6E-05,-2E-05,0.00114,-2E-05,0.00114,49.19561,0.0011431,0,80000.533,79988.663,-0.533,11.337,True,False,False
524.74,INSERTION,COAST,80000.109,33.1423185,3.1923151,324.08809,0.39179,9.14546,-0.00607,2278.9217,2278.93143,0.00973,0.0002,-7E-05,0.00023,0.00115,0.00023,0.00115,49.19561,0.0011704,0,80000.551,79988.663,-0.551,11.337,True,False,False
524.9,INSERTION,COAST,80000.082,33.1423185,3.1923151,324.49738,0.39129,10.67078,-0.0063,2278.9217,2278.93148,0.00978,0.0002,-7E-05,0.00047,0.00115,0.00047,0.00115,49.19561,0.0012451,0,80000.572,79988.637,-0.572,11.363,True,False,False
525.04,INSERTION,COAST,80000.064,33.1423185,3.1923151,324.85643,0.39086,11.64483,-0.00651,2278.92168,2278.93152,0.00983,0.0002,-7E-05,0.00064,0.00116,0.00064,0.00116,49.19561,0.0013223,0,80000.59,79988.596,-0.59,11.404,True,False,False
525.18,INSERTION,COAST,80000.052,33.1423185,3.1923151,325.21635,0.39043,12.2823,-0.00671,2278.92166,2278.93154,0.00988,0.0002,-7E-05,0.00077,0.00116,0.00077,0.00116,49.19561,0.0013944,0,80000.608,79988.542,-0.608,11.458,True,False,False
525.32,INSERTION,COAST,80000.046,33.1423185,3.1923151,325.57714,0.38999,12.58323,-0.00691,2278.92162,2278.93156,0.00993,0.0002,-7E-05,0.00086,0.00117,0.00086,0.00117,49.19561,0.0014518,0,80000.626,79988.48,-0.626,11.52,True,False,False
525.48,INSERTION,COAST,80000.046,33.1423185,3.1923151,325.99054,0.3895,12.515,-0.00714,2278.92158,2278.93156,0.00998,0.0002,-7E-05,0.00092,0.00117,0.00092,0.00117,49.19561,0.0014926,0,80000.647,79988.404,-0.647,11.596,True,False,False
525.62,INSERTION,COAST,80000.052,33.1423185,3.1923151,326.3532,0.38907,12.09469,-0.00734,2278.92154,2278.93156,0.01001,0.0002,-7E-05,0.00094,0.00118,0.00094,0.00118,49.19561,0.0015038,0,80000.665,79988.337,-0.665,11.663,True,False,False
525.76,INSERTION,COAST,80000.064,33.1423185,3.1923151,326.71674,0.38863,11.33958,-0.00754,2278.92151,2278.93154,0.01003,0.0002,-7E-05,0.00091,0.00118,0.00091,0.00118,49.19561,0.0014908,0,80000.684,79988.274,-0.684,11.726,True,False,False
525.9,INSERTION,COAST,80000.081,33.1423185,3.1923151,327.08116,0.3882,10.26577,-0.00774,2278.92149,2278.93152,0.01003,0.0002,-7E-05,0.00085,0.00118,0.00085,0.00118,49.19561,0.0014541,0,80000.703,79988.222,-0.703,11.778,True,False,False
526.06,INSERTION,COAST,80000.107,33.1423185,3.1923151,327.49874,0.38771,8.70101,-0.00793,2278.92147,2278.93148,0.01001,0.0002,-7E-05,0.00074,0.00117,0.00074,0.00117,49.19561,0.0013868,0,80000.723,79988.183,-0.723,11.817,True,False,False
526.2,INSERTION,COAST,80000.135,33.1423185,3.1923151,327.86507,0.38727,7.05818,-0.00809,2278.92148,2278.93144,0.00996,0.0002,-7E-05,0.0006,0.00117,0.0006,0.00117,49.19561,0.0013152,0,80000.74,79988.166,-0.74,11.834,True,False,False
526.34,INSERTION,COAST,80000.166,33.1423185,3.1923151,328.23229,0.38684,5.16265,-0.00825,2278.92149,2278.93139,0.0099,0.0002,-7E-05,0.00044,0.00116,0.00044,0.00116,49.19561,0.0012414,0,80000.758,79988.161,-0.758,11.839,True,False,False
526.48,INSERTION,COAST,80000.203,33.1423185,3.1923151,328.60041,0.38641,3.02504,-0.0084,2278.92152,2278.93133,0.00981,0.0002,-7E-05,0.00025,0.00115,0.00025,0.00115,49.19561,0.0011761,0,80000.776,79988.175,-0.776,11.825,True,False,False
526.64,INSERTION,COAST,80000.246,33.1423185,3.1923151,329.02223,0.38591,0.47251,-0.0085,2278.92158,2278.93126,0.00969,0.0002,-6E-05,-1E-05,0.00113,-1E-05,0.00113,49.19561,0.0011338,0,80000.789,79988.221,-0.789,11.779,True,False,False
526.78,INSERTION,COAST,80000.281,33.1423185,3.1923151,329.39228,0.38548,-1.57223,-0.00842,2278.92163,2278.9312,0.00957,0.00019,-6E-05,-0.00026,0.00112,-0.00026,0.00112,49.19561,0.0011504,0,80000.781,79988.286,-0.781,11.714,True,False,False
526.92,INSERTION,COAST,80000.309,33.1423185,3.1923151,329.76324,0.38504,-3.28476,-0.00824,2278.92166,2278.93115,0.00948,0.00019,-6E-05,-0.0005,0.00111,-0.0005,0.00111,49.19561,0.0012168,0,80000.76,79988.344,-0.76,11.656,True,False,False
527.06,INSERTION,COAST,80000.332,33.1423185,3.1923151,330.1351,0.38461,-4.66074,-0.00805,2278.92168,2278.9311,0.00942,0.00019,-6E-05,-0.0007,0.0011,-0.0007,0.0011,49.19561,0.0013051,0,80000.737,79988.383,-0.737,11.617,True,False,False
527.22,INSERTION,COAST,80000.351,33.1423185,3.1923151,330.56121,0.38411,-5.82114,-0.00784,2278.92168,2278.93106,0.00938,0.00019,-6E-05,-0.00088,0.0011,-0.00088,0.0011,49.19561,0.0014067,0,80000.711,79988.405,-0.711,11.595,True,False,False
527.36,INSERTION,COAST,80000.362,33.1423185,3.1923151,330.93503,0.38368,-6.47587,-0.00765,2278.92167,2278.93104,0.00937,0.00019,-6E-05,-0.00099,0.0011,-0.00099,0.0011,49.19561,0.0014822,0,80000.689,79988.412,-0.689,11.588,True,False,False
527.5,INSERTION,COAST,80000.366,33.1423185,3.1923151,331.30976,0.38325,-6.79403,-0.00746,2278.92166,2278.93103,0.00937,0.00019,-6E-05,-0.00107,0.0011,-0.00107,0.0011,49.19561,0.0015377,0,80000.667,79988.409,-0.667,11.591,True,False,False
527.64,INSERTION,COAST,80000.365,33.1423185,3.1923151,331.68542,0.38281,-6.77934,-0.00728,2278.92163,2278.93102,0.00939,0.00019,-6E-05,-0.00112,0.0011,-0.00112,0.0011,49.19561,0.0015693,0,80000.645,79988.402,-0.645,11.598,True,False,False
527.8,INSERTION,COAST,80000.357,33.1423185,3.1923151,332.11588,0.38232,-6.36916,-0.00708,2278.92161,2278.93103,0.00942,0.00019,-6E-05,-0.00112,0.00111,-0.00112,0.00111,49.19561,0.0015741,0,80000.622,79988.394,-0.622,11.606,True,False,False
527.94,INSERTION,COAST,80000.344,33.1423185,3.1923151,332.49353,0.38188,-5.6981,-0.00692,2278.9216,2278.93105,0.00945,0.00019,-6E-05,-0.00108,0.00111,-0.00108,0.00111,49.19561,0.0015502,0,80000.605,79988.391,-0.605,11.609,True,False,False
528.08,INSERTION,COAST,80000.328,33.1423185,3.1923151,332.87211,0.38145,-4.83185,-0.0068,2278.92159,2278.93107,0.00948,0.00019,-6E-05,-0.00101,0.00111,-0.00101,0.00111,49.19561,0.0015024,0,80000.591,79988.395,-0.591,11.605,True,False,False
528.22,INSERTION,COAST,80000.309,33.1423185,3.1923151,333.25163,0.38101,-3.77377,-0.00672,2278.9216,2278.9311,0.00951,0.00019,-6E-05,-0.00091,0.00112,-0.00091,0.00112,49.19561,0.0014424,0,80000.582,79988.404,-0.582,11.596,True,False,False
528.38,INSERTION,COAST,80000.281,33.1423185,3.1923151,333.68651,0.38052,-2.2458,-0.00655,2278.9216,2278.93114,0.00954,0.00019,-6E-05,-0.00078,0.00112,-0.00078,0.00112,49.19561,0.0013669,0,80000.565,79988.425,-0.565,11.575,True,False,False
528.52,INSERTION,COAST,80000.252,33.1423185,3.1923151,334.06805,0.38008,-0.64156,-0.00641,2278.92162,2278.93119,0.00957,0.00019,-6E-05,-0.00063,0.00113,-0.00063,0.00113,49.19561,0.0012911,0,80000.552,79988.456,-0.552,11.544,True,False,False
528.66,INSERTION,COAST,80000.219,33.1423185,3.1923151,334.45054,0.37965,1.2031,-0.00628,2278.92165,2278.93124,0.00959,0.00019,-6E-05,-0.00045,0.00113,-0.00045,0.00113,49.19561,0.0012176,0,80000.539,79988.499,-0.539,11.501,True,False,False
528.8,INSERTION,COAST,80000.182,33.1423185,3.1923151,334.83398,0.37921,3.24871,-0.00616,2278.92169,2278.9313,0.0096,0.0002,-6E-05,-0.00025,0.00113,-0.00025,0.00113,49.19561,0.0011592,0,80000.529,79988.557,-0.529,11.443,True,False,False
528.96,INSERTION,COAST,80000.141,33.1423185,3.1923151,335.27336,0.37872,5.52233,-0.00618,2278.92175,2278.93137,0.00962,0.0002,-6E-05,2E-05,0.00113,2E-05,0.00113,49.19561,0.0011343,0,80000.53,79988.615,-0.53,11.385,True,False,False
529.1,INSERTION,COAST,80000.111,33.1423185,3.1923151,335.65884,0.37828,7.19656,-0.00636,2278.92177,2278.93142,0.00965,0.0002,-6E-05,0.00027,0.00114,0.00027,0.00114,49.19561,0.0011677,0,80000.547,79988.625,-0.547,11.375,True,False,False
529.24,INSERTION,COAST,80000.087,33.1423185,3.1923151,336.04529,0.37785,8.5349,-0.00656,2278.92178,2278.93147,0.00969,0.0002,-6E-05,0.00048,0.00114,0.00048,0.00114,49.19561,0.0012362,0,80000.566,79988.609,-0.566,11.391,True,False,False
529.38,INSERTION,COAST,80000.069,33.1423185,3.1923151,336.43269,0.37741,9.53667,-0.00677,2278.92177,2278.93151,0.00974,0.0002,-7E-05,0.00065,0.00115,0.00065,0.00115,49.19561,0.0013158,0,80000.585,79988.577,-0.585,11.423,True,False,False
529.54,INSERTION,COAST,80000.055,33.1423185,3.1923151,336.87662,0.37691,10.26943,-0.007,2278.92175,2278.93154,0.00979,0.0002,-7E-05,0.0008,0.00115,0.0008,0.00115,49.19561,0.0014001,0,80000.607,79988.524,-0.607,11.476,True,False,False
529.68,INSERTION,COAST,80000.049,33.1423185,3.1923151,337.2661,0.37648,10.54999,-0.0072,2278.92172,2278.93155,0.00983,0.0002,-7E-05,0.00089,0.00116,0.00089,0.00116,49.19561,0.0014575,0,80000.626,79988.469,-0.626,11.531,True,False,False
529.82,INSERTION,COAST,80000.049,33.1423185,3.1923151,337.65656,0.37604,10.49397,-0.00741,2278.92169,2278.93156,0.00987,0.0002,-7E-05,0.00094,0.00116,0.00094,0.00116,49.19561,0.0014939,0,80000.645,79988.409,-0.645,11.591,True,False,False
529.96,INSERTION,COAST,80000.055,33.1423185,3.1923151,338.04799,0.37561,10.10139,-0.00761,2278.92166,2278.93155,0.00989,0.0002,-7E-05,0.00096,0.00116,0.00096,0.00116,49.19561,0.0015067,0,80000.665,79988.349,-0.665,11.651,True,False,False
530.12,INSERTION,COAST,80000.068,33.1423185,3.1923151,338.49655,0.37511,9.25316,-0.00783,2278.92163,2278.93154,0.00991,0.0002,-7E-05,0.00093,0.00116,0.00093,0.00116,49.19561,0.0014908,0,80000.687,79988.287,-0.687,11.713,True,False,False
530.26,INSERTION,COAST,80000.085,33.1423185,3.1923151,338.8901,0.37467,8.19158,-0.00801,2278.92161,2278.93151,0.0099,0.0002,-7E-05,0.00087,0.00116,0.00087,0.00116,49.19561,0.0014506,0,80000.706,79988.245,-0.706,11.755,True,False,False
530.4,INSERTION,COAST,80000.106,33.1423185,3.1923151,339.28464,0.37424,6.93846,-0.00815,2278.92161,2278.93148,0.00987,0.0002,-7E-05,0.00077,0.00116,0.00077,0.00116,49.19561,0.0013892,0,80000.72,79988.224,-0.72,11.776,True,False,False
530.54,INSERTION,COAST,80000.13,33.1423185,3.1923151,339.68017,0.3738,5.50329,-0.00825,2278.92162,2278.93144,0.00982,0.0002,-7E-05,0.00065,0.00115,0.00065,0.00115,49.19561,0.00132,0,80000.731,79988.221,-0.731,11.779,True,False,False
530.7,INSERTION,COAST,80000.163,33.1423185,3.1923151,340.13344,0.3733,3.54702,-0.00843,2278.92164,2278.93139,0.00976,0.0002,-7E-05,0.00049,0.00114,0.00049,0.00114,49.19561,0.0012413,0,80000.752,79988.213,-0.752,11.787,True,False,False
530.84,INSERTION,COAST,80000.196,33.1423185,3.1923151,340.53112,0.37287,1.5683,-0.00859,2278.92167,2278.93134,0.00968,0.0002,-6E-05,0.00031,0.00113,0.00031,0.00113,49.19561,0.0011743,0,80000.771,79988.223,-0.771,11.777,True,False,False
530.98,INSERTION,COAST,80000.232,33.1423185,3.1923151,340.92981,0.37243,-0.55051,-0.0087,2278.92171,2278.93128,0.00958,0.00019,-6E-05,0.0001,0.00112,0.0001,0.00112,49.19561,0.0011247,0,80000.786,79988.253,-0.786,11.747,True,False,False
531.12,INSERTION,COAST,80000.267,33.1423185,3.1923151,341.32951,0.372,-2.61918,-0.00871,2278.92176,2278.93122,0.00947,0.00019,-6E-05,-0.00013,0.00111,-0.00013,0.00111,49.19561,0.0011138,0,80000.789,79988.304,-0.789,11.696,True,False,False
531.28,INSERTION,COAST,80000.3,33.1423185,3.1923151,341.78754,0.3715,-4.61369,-0.00852,2278.92179,2278.93116,0.00937,0.00019,-6E-05,-0.0004,0.0011,-0.0004,0.0011,49.19561,0.0011647,0,80000.766,79988.367,-0.766,11.633,True,False,False
531.42,INSERTION,COAST,80000.323,33.1423185,3.1923151,342.18941,0.37106,-5.99835,-0.00833,2278.92181,2278.93112,0.00931,0.00019,-6E-05,-0.0006,0.00109,-0.0006,0.00109,49.19561,0.0012411,0,80000.742,79988.401,-0.742,11.599,True,False,False
531.56,INSERTION,COAST,80000.341,33.1423185,3.1923151,342.5923,0.37063,-7.04646,-0.00815,2278.92181,2278.93108,0.00928,0.00019,-6E-05,-0.00076,0.00109,-0.00076,0.00109,49.19561,0.0013233,0,80000.718,79988.418,-0.718,11.582,True,False,False
531.7,INSERTION,COAST,80000.352,33.1423185,3.1923151,342.99621,0.37019,-7.75799,-0.00796,2278.92179,2278.93106,0.00927,0.00019,-6E-05,-0.00088,0.00109,-0.00088,0.00109,49.19561,0.0013969,0,80000.695,79988.421,-0.695,11.579,True,False,False
531.86,INSERTION,COAST,80000.358,33.1423185,3.1923151,343.45908,0.36969,-8.15905,-0.00775,2278.92177,2278.93104,0.00927,0.00019,-6E-05,-0.00097,0.00109,-0.00097,0.00109,49.19561,0.0014597,0,80000.668,79988.414,-0.668,11.586,True,False,False
532,INSERTION,COAST,80000.356,33.1423185,3.1923151,343.8652,0.36925,-8.14935,-0.00756,2278.92174,2278.93104,0.0093,0.00019,-6E-05,-0.00102,0.00109,-0.00102,0.00109,49.19561,0.001491,0,80000.645,79988.403,-0.645,11.597,True,False,False
532.14,INSERTION,COAST,80000.349,33.1423185,3.1923151,344.27236,0.36882,-7.8118,-0.00738,2278.92172,2278.93104,0.00933,0.00019,-6E-05,-0.00102,0.00109,-0.00102,0.00109,49.19561,0.0014976,0,80000.624,79988.391,-0.624,11.609,True,False,False
532.28,INSERTION,COAST,80000.337,33.1423185,3.1923151,344.68055,0.36838,-7.16164,-0.00721,2278.9217,2278.93106,0.00936,0.00019,-6E-05,-0.00099,0.0011,-0.00099,0.0011,49.19561,0.0014797,0,80000.604,79988.382,-0.604,11.618,True,False,False
532.44,INSERTION,COAST,80000.317,33.1423185,3.1923151,345.14835,0.36788,-6.09606,-0.00705,2278.92169,2278.93109,0.0094,0.00019,-6E-05,-0.00091,0.0011,-0.00091,0.0011,49.19561,0.0014305,0,80000.585,79988.382,-0.585,11.618,True,False,False
532.58,INSERTION,COAST,80000.296,33.1423185,3.1923151,345.55879,0.36744,-4.89773,-0.00691,2278.92168,2278.93112,0.00944,0.00019,-6E-05,-0.00081,0.00111,-0.00081,0.00111,49.19561,0.0013712,0,80000.57,79988.39,-0.57,11.61,True,False,False
532.72,INSERTION,COAST,80000.269,33.1423185,3.1923151,345.97029,0.36701,-3.44529,-0.00677,2278.92169,2278.93116,0.00947,0.00019,-6E-05,-0.00068,0.00111,-0.00068,0.00111,49.19561,0.0013032,0,80000.555,79988.408,-0.555,11.592,True,False,False
532.86,INSERTION,COAST,80000.239,33.1423185,3.1923151,346.38284,0.36657,-1.74795,-0.00664,2278.92171,2278.93121,0.0095,0.00019,-6E-05,-0.00052,0.00112,-0.00052,0.00112,49.19561,0.0012318,0,80000.542,79988.439,-0.542,11.561,True,False,False
533.02,INSERTION,COAST,80000.198,33.1423185,3.1923151,346.85564,0.36607,0.49338,-0.00648,2278.92174,2278.93127,0.00953,0.00019,-6E-05,-0.0003,0.00112,-0.0003,0.00112,49.19561,0.0011618,0,80000.527,79988.492,-0.527,11.508,True,False,False
533.14,INSERTION,COAST,80000.161,33.1423185,3.1923151,347.27048,0.36563,2.58208,-0.00639,2278.92179,2278.93133,0.00954,0.00019,-6E-05,-8E-05,0.00112,-8E-05,0.00112,49.19561,0.0011266,0,80000.519,79988.552,-0.519,11.448,True,False,False
533.3,INSERTION,COAST,80000.119,33.1423185,3.1923151,347.68638,0.3652,4.49821,-0.00648,2278.92184,2278.9314,0.00956,0.00019,-6E-05,0.0002,0.00113,0.0002,0.00113,49.19561,0.0011419,0,80000.524,79988.594,-0.524,11.406,True,False,False
533.44,INSERTION,COAST,80000.09,33.1423185,3.1923151,348.10335,0.36476,6.08312,-0.00669,2278.92188,2278.93146,0.00958,0.00019,-6E-05,0.00046,0.00113,0.00046,0.00113,49.19561,0.0012169,0,80000.54,79988.6,-0.54,11.4,True,False,False
533.6,INSERTION,COAST,80000.064,33.1423185,3.1923151,348.58121,0.36426,7.48235,-0.00692,2278.92189,2278.93151,0.00962,0.0002,-6E-05,0.00068,0.00113,0.00068,0.00113,49.19561,0.0013221,0,80000.563,79988.582,-0.563,11.418,True,False,False
533.74,INSERTION,COAST,80000.048,33.1423185,3.1923151,349.0005,0.36382,8.34606,-0.00713,2278.92188,2278.93154,0.00966,0.0002,-6E-05,0.00084,0.00114,0.00084,0.00114,49.19561,0.001413,0,80000.583,79988.548,-0.583,11.452,True,False,False
533.88,INSERTION,COAST,80000.038,33.1423185,3.1923151,349.42087,0.36338,8.87322,-0.00733,2278.92186,2278.93157,0.0097,0.0002,-7E-05,0.00096,0.00114,0.00096,0.00114,49.19561,0.0014901,0,80000.603,79988.504,-0.603,11.496,True,False,False
534.02,INSERTION,COAST,80000.034,33.1423185,3.1923151,349.84234,0.36294,9.06382,-0.00753,2278.92184,2278.93158,0.00974,0.0002,-7E-05,0.00104,0.00114,0.00104,0.00114,49.19561,0.0015468,0,80000.623,79988.452,-0.623,11.548,True,False,False
534.18,INSERTION,COAST,80000.036,33.1423185,3.1923151,350.32535,0.36244,8.86949,-0.00776,2278.92181,2278.93158,0.00977,0.0002,-7E-05,0.00109,0.00115,0.00109,0.00115,49.19561,0.0015817,0,80000.646,79988.389,-0.646,11.611,True,False,False
534.32,INSERTION,COAST,80000.044,33.1423185,3.1923151,350.74916,0.36201,8.34877,-0.00796,2278.92179,2278.93157,0.00979,0.0002,-7E-05,0.00109,0.00115,0.00109,0.00115,49.19561,0.0015836,0,80000.666,79988.337,-0.666,11.663,True,False,False
534.46,INSERTION,COAST,80000.057,33.1423185,3.1923151,351.17408,0.36157,7.52118,-0.00815,2278.92177,2278.93156,0.00979,0.0002,-7E-05,0.00106,0.00115,0.00106,0.00115,49.19561,0.0015589,0,80000.686,79988.292,-0.686,11.708,True,False,False
534.6,INSERTION,COAST,80000.075,33.1423185,3.1923151,351.60011,0.36113,6.45557,-0.0083,2278.92176,2278.93153,0.00977,0.0002,-7E-05,0.00098,0.00114,0.00098,0.00114,49.19561,0.0015078,0,80000.702,79988.264,-0.702,11.736,True,False,False
534.76,INSERTION,COAST,80000.099,33.1423185,3.1923151,352.08836,0.36063,4.95428,-0.00846,2278.92177,2278.93149,0.00973,0.0002,-7E-05,0.00087,0.00114,0.00087,0.00114,49.19561,0.0014315,0,80000.72,79988.245,-0.72,11.755,True,False,False
534.9,INSERTION,COAST,80000.126,33.1423185,3.1923151,352.51678,0.36019,3.36411,-0.00862,2278.92178,2278.93145,0.00968,0.0002,-6E-05,0.00074,0.00113,0.00074,0.00113,49.19561,0.001352,0,80000.739,79988.234,-0.739,11.766,True,False,False
535.04,INSERTION,COAST,80000.157,33.1423185,3.1923151,352.94632,0.35975,1.53183,-0.00877,2278.9218,2278.93141,0.0096,0.0002,-6E-05,0.00058,0.00112,0.00058,0.00112,49.19561,0.0012644,0,80000.757,79988.239,-0.757,11.761,True,False,False
535.18,INSERTION,COAST,80000.192,33.1423185,3.1923151,353.37699,0.35931,-0.54089,-0.00892,2278.92184,2278.93135,0.00951,0.00019,-6E-05,0.0004,0.00111,0.0004,0.00111,49.19561,0.0011797,0,80000.777,79988.259,-0.777,11.741,True,False,False
535.34,INSERTION,COAST,80000.235,33.1423185,3.1923151,353.87057,0.35881,-3.09812,-0.00905,2278.9219,2278.93128,0.00938,0.00019,-6E-05,0.00015,0.0011,0.00015,0.0011,49.19561,0.0011053,0,80000.796,79988.305,-0.796,11.695,True,False,False
535.48,INSERTION,COAST,80000.272,33.1423185,3.1923151,354.30367,0.35837,-5.26199,-0.00905,2278.92195,2278.93122,0.00927,0.00019,-6E-05,-0.0001,0.00108,-0.0001,0.00108,49.19561,0.0010861,0,80000.797,79988.362,-0.797,11.638,True,False,False
535.62,INSERTION,COAST,80000.303,33.1423185,3.1923151,354.7379,0.35794,-7.10124,-0.00886,2278.92198,2278.93116,0.00918,0.00019,-6E-05,-0.00035,0.00107,-0.00035,0.00107,49.19561,0.0011273,0,80000.773,79988.414,-0.773,11.586,True,False,False
535.76,INSERTION,COAST,80000.327,33.1423185,3.1923151,355.17328,0.3575,-8.60396,-0.00867,2278.92199,2278.93111,0.00912,0.00019,-6E-05,-0.00056,0.00107,-0.00056,0.00107,49.19561,0.0012043,0,80000.749,79988.444,-0.749,11.556,True,False,False
535.92,INSERTION,COAST,80000.349,33.1423185,3.1923151,355.67225,0.357,-9.90923,-0.00846,2278.92198,2278.93107,0.00909,0.00018,-6E-05,-0.00076,0.00106,-0.00076,0.00106,49.19561,0.0013039,0,80000.72,79988.456,-0.72,11.544,True,False,False
536.06,INSERTION,COAST,80000.361,33.1423185,3.1923151,356.11009,0.35656,-10.69073,-0.00827,2278.92196,2278.93104,0.00909,0.00018,-6E-05,-0.00089,0.00106,-0.00089,0.00106,49.19561,0.0013832,0,80000.695,79988.451,-0.695,11.549,True,False,False
536.2,INSERTION,COAST,80000.368,33.1423185,3.1923151,356.54908,0.35612,-11.13566,-0.00809,2278.92193,2278.93103,0.0091,0.00018,-6E-05,-0.00098,0.00106,-0.00098,0.00106,49.19561,0.0014457,0,80000.67,79988.435,-0.67,11.565,True,False,False
536.34,INSERTION,COAST,80000.368,33.1423185,3.1923151,356.98923,0.35568,-11.24403,-0.00791,2278.92189,2278.93102,0.00913,0.00019,-6E-05,-0.00103,0.00107,-0.00103,0.00107,49.19561,0.0014863,0,80000.646,79988.414,-0.646,11.586,True,False,False
536.5,INSERTION,COAST,80000.362,33.1423185,3.1923151,357.49369,0.35518,-10.95575,-0.0077,2278.92185,2278.93102,0.00917,0.00019,-6E-05,-0.00105,0.00107,-0.00105,0.00107,49.19561,0.001503,0,80000.619,79988.387,-0.619,11.613,True,False,False
536.64,INSERTION,COAST,80000.351,33.1423185,3.1923151,357.93634,0.35474,-10.347,-0.00752,2278.92182,2278.93104,0.00922,0.00019,-6E-05,-0.00103,0.00108,-0.00103,0.00108,49.19561,0.0014906,0,80000.597,79988.366,-0.597,11.634,True,False,False
536.78,INSERTION,COAST,80000.334,33.1423185,3.1923151,358.38018,0.3543,-9.42135,-0.00734,2278.92179,2278.93106,0.00927,0.00019,-6E-05,-0.00096,0.00109,-0.00096,0.00109,49.19561,0.0014537,0,80000.576,79988.352,-0.576,11.648,True,False,False
536.92,INSERTION,COAST,80000.312,33.1423185,3.1923151,358.82519,0.35386,-8.22673,-0.0072,2278.92178,2278.93109,0.00931,0.00019,-6E-05,-0.00087,0.00109,-0.00087,0.00109,49.19561,0.0013944,0,80000.559,79988.35,-0.559,11.65,True,False,False
537.08,INSERTION,COAST,80000.282,33.1423185,3.1923151,359.33523,0.35336,-6.56735,-0.00705,2278.92178,2278.93114,0.00936,0.00019,-6E-05,-0.00072,0.0011,-0.00072,0.0011,49.19561,0.0013116,0,80000.542,79988.362,-0.542,11.638,True,False,False
537.22,INSERTION,COAST,80000.251,33.1423185,3.1923151,359.7828,0.35292,-4.84086,-0.0069,2278.92179,2278.93119,0.0094,0.00019,-6E-05,-0.00056,0.0011,-0.00056,0.0011,49.19561,0.0012365,0,80000.527,79988.384,-0.527,11.616,True,False,False
537.36,INSERTION,COAST,80000.216,33.1423185,3.1923151,360.23156,0.35248,-2.87213,-0.00677,2278.92181,2278.93124,0.00943,0.00019,-6E-05,-0.00037,0.00111,-0.00037,0.00111,49.19561,0.0011678,0,80000.513,79988.422,-0.513,11.578,True,False,False
537.5,INSERTION,COAST,80000.177,33.1423185,3.1923151,360.68153,0.35204,-0.70908,-0.00665,2278.92185,2278.9313,0.00945,0.00019,-6E-05,-0.00015,0.00111,-0.00015,0.00111,49.19561,0.0011219,0,80000.501,79988.476,-0.501,11.524,True,False,False
537.66,INSERTION,COAST,80000.134,33.1423185,3.1923151,361.19725,0.35153,1.66045,-0.00668,2278.92191,2278.93138,0.00947,0.00019,-6E-05,0.00014,0.00111,0.00014,0.00111,49.19561,0.001123,0,80000.505,79988.539,-0.505,11.461,True,False,False
537.8,INSERTION,COAST,80000.103,33.1423185,3.1923151,361.6498,0.35109,3.38217,-0.00688,2278.92195,2278.93144,0.00949,0.00019,-6E-05,0.0004,0.00112,0.0004,0.00112,49.19561,0.0011837,0,80000.526,79988.561,-0.526,11.439,True,False,False
537.94,INSERTION,COAST,80000.078,33.1423185,3.1923151,362.10356,0.35065,4.76738,-0.00709,2278.92197,2278.93148,0.00951,0.00019,-6E-05,0.00061,0.00112,0.00061,0.00112,49.19561,0.0012746,0,80000.547,79988.561,-0.547,11.439,True,False,False
538.08,INSERTION,COAST,80000.058,33.1423185,3.1923151,362.55854,0.35021,5.81604,-0.00729,2278.92198,2278.93152,0.00955,0.00019,-6E-05,0.00079,0.00112,0.00079,0.00112,49.19561,0.0013717,0,80000.568,79988.543,-0.568,11.457,True,False,False
538.24,INSERTION,COAST,80000.044,33.1423185,3.1923151,363.08002,0.34971,6.60238,-0.00753,2278.92197,2278.93155,0.00958,0.00019,-6E-05,0.00095,0.00112,0.00095,0.00112,49.19561,0.001471,0,80000.592,79988.507,-0.592,11.493,True,False,False
538.38,INSERTION,COAST,80000.037,33.1423185,3.1923151,363.53763,0.34927,6.92982,-0.00773,2278.92196,2278.93157,0.00961,0.0002,-6E-05,0.00105,0.00113,0.00105,0.00113,49.19561,0.001538,0,80000.613,79988.465,-0.613,11.535,True,False,False
538.52,INSERTION,COAST,80000.036,33.1423185,3.1923151,363.99647,0.34883,6.92152,-0.00793,2278.92194,2278.93158,0.00964,0.0002,-6E-05,0.00111,0.00113,0.00111,0.00113,49.19561,0.0015811,0,80000.634,79988.418,-0.634,11.582,True,False,False
538.66,INSERTION,COAST,80000.04,33.1423185,3.1923151,364.45655,0.34839,6.58983,-0.00813,2278.92192,2278.93158,0.00965,0.0002,-6E-05,0.00113,0.00113,0.00113,0.00113,49.19561,0.0015975,0,80000.655,79988.372,-0.655,11.628,True,False,False
538.82,INSERTION,COAST,80000.052,33.1423185,3.1923151,364.98388,0.34789,5.84002,-0.00834,2278.92191,2278.93156,0.00966,0.0002,-6E-05,0.00111,0.00113,0.00111,0.00113,49.19561,0.0015834,0,80000.678,79988.326,-0.678,11.674,True,False,False
538.96,INSERTION,COAST,80000.066,33.1423185,3.1923151,365.44663,0.34745,4.96833,-0.00848,2278.9219,2278.93154,0.00964,0.0002,-6E-05,0.00105,0.00113,0.00105,0.00113,49.19561,0.0015412,0,80000.694,79988.302,-0.694,11.698,True,False,False
539.1,INSERTION,COAST,80000.083,33.1423185,3.1923151,365.91064,0.34701,3.93401,-0.00856,2278.92191,2278.93152,0.00961,0.0002,-6E-05,0.00097,0.00112,0.00097,0.00112,49.19561,0.0014835,0,80000.703,79988.295,-0.703,11.705,True,False,False
539.24,INSERTION,COAST,80000.104,33.1423185,3.1923151,366.37591,0.34657,2.64764,-0.00872,2278.92192,2278.93148,0.00957,0.00019,-6E-05,0.00087,0.00112,0.00087,0.00112,49.19561,0.0014196,0,80000.721,79988.28,-0.721,11.72,True,False,False
539.4,INSERTION,COAST,80000.134,33.1423185,3.1923151,366.9092,0.34606,0.86704,-0.0089,2278.92194,2278.93144,0.0095,0.00019,-6E-05,0.00073,0.00111,0.00073,0.00111,49.19561,0.0013294,0,80000.744,79988.275,-0.744,11.725,True,False,False
539.54,INSERTION,COAST,80000.165,33.1423185,3.1923151,367.37719,0.34562,-0.95731,-0.00905,2278.92197,2278.93139,0.00943,0.00019,-6E-05,0.00057,0.0011,0.00057,0.0011,49.19561,0.0012412,0,80000.763,79988.286,-0.763,11.714,True,False,False
539.68,INSERTION,COAST,80000.2,33.1423185,3.1923151,367.84646,0.34518,-3.0219,-0.0092,2278.92201,2278.93134,0.00933,0.00019,-6E-05,0.00039,0.00109,0.00039,0.00109,49.19561,0.0011559,0,80000.784,79988.312,-0.784,11.688,True,False,False
539.82,INSERTION,COAST,80000.237,33.1423185,3.1923151,368.31702,0.34474,-5.21379,-0.00931,2278.92206,2278.93128,0.00921,0.00019,-6E-05,0.00017,0.00107,0.00017,0.00107,49.19561,0.0010881,0,80000.8,79988.355,-0.8,11.645,True,False,False
539.98,INSERTION,COAST,80000.277,33.1423185,3.1923151,368.85636,0.34424,-7.63989,-0.0093,2278.92212,2278.93121,0.00909,0.00018,-6E-05,-0.0001,0.00106,-0.0001,0.00106,49.19561,0.0010639,0,80000.801,79988.417,-0.801,11.583,True,False,False
540.12,INSERTION,COAST,80000.307,33.1423185,3.1923151,369.32967,0.34379,-9.4455,-0.00912,2278.92214,2278.93115,0.00901,0.00018,-6E-05,-0.00034,0.00105,-0.00034,0.00105,49.19561,0.0011051,0,80000.777,79988.459,-0.777,11.541,True,False,False
540.26,INSERTION,COAST,80000.332,33.1423185,3.1923151,369.80428,0.34335,-10.91462,-0.00893,2278.92214,2278.9311,0.00897,0.00018,-6E-05,-0.00055,0.00105,-0.00055,0.00105,49.19561,0.0011811,0,80000.751,79988.479,-0.751,11.521,True,False,False
540.4,INSERTION,COAST,80000.35,33.1423185,3.1923151,370.28018,0.34291,-12.04718,-0.00875,2278.92212,2278.93107,0.00895,0.00018,-6E-05,-0.00072,0.00104,-0.00072,0.00104,49.19561,0.0012666,0,80000.725,79988.481,-0.725,11.519,True,False,False
540.56,INSERTION,COAST,80000.363,33.1423185,3.1923151,370.82567,0.34241,-12.92941,-0.00854,2278.92209,2278.93104,0.00895,0.00018,-6E-05,-0.00086,0.00105,-0.00086,0.00105,49.19561,0.0013553,0,80000.695,79988.467,-0.695,11.533,True,False,False
540.7,INSERTION,COAST,80000.369,33.1423185,3.1923151,371.30437,0.34197,-13.34077,-0.00835,2278.92205,2278.93102,0.00897,0.00018,-6E-05,-0.00095,0.00105,-0.00095,0.00105,49.19561,0.001415,0,80000.669,79988.443,-0.669,11.557,True,False,False
540.84,INSERTION,COAST,80000.369,33.1423185,3.1923151,371.7844,0.34152,-13.41554,-0.00817,2278.92201,2278.93102,0.00901,0.00018,-6E-05,-0.001,0.00105,-0.001,0.00105,49.19561,0.0014531,0,80000.644,79988.414,-0.644,11.586,True,False,False
540.98,INSERTION,COAST,80000.364,33.1423185,3.1923151,372.26575,0.34108,-13.15375,-0.00799,2278.92197,2278.93102,0.00905,0.00018,-6E-05,-0.00101,0.00106,-0.00101,0.00106,49.19561,0.0014672,0,80000.619,79988.383,-0.619,11.617,True,False,False
541.14,INSERTION,COAST,80000.35,33.1423185,3.1923151,372.81749,0.34058,-12.44243,-0.00778,2278.92192,2278.93104,0.00912,0.00019,-6E-05,-0.00099,0.00107,-0.00099,0.00107,49.19561,0.0014534,0,80000.592,79988.35,-0.592,11.65,True,False,False
541.28,INSERTION,COAST,80000.333,33.1423185,3.1923151,373.3017,0.34014,-11.4694,-0.0076,2278.92189,2278.93106,0.00917,0.00019,-6E-05,-0.00092,0.00108,-0.00092,0.00108,49.19561,0.0014157,0,80000.57,79988.329,-0.57,11.671,True,False,False
541.42,INSERTION,COAST,80000.31,33.1423185,3.1923151,373.78725,0.33969,-10.19587,-0.00744,2278.92187,2278.9311,0.00923,0.00019,-6E-05,-0.00082,0.00108,-0.00082,0.00108,49.19561,0.0013571,0,80000.55,79988.32,-0.55,11.68,True,False,False
541.56,INSERTION,COAST,80000.284,33.1423185,3.1923151,374.27415,0.33925,-8.74489,-0.00732,2278.92187,2278.93114,0.00927,0.00019,-6E-05,-0.00068,0.00109,-0.00068,0.00109,49.19561,0.0012822,0,80000.536,79988.328,-0.536,11.672,True,False,False
541.72,INSERTION,COAST,80000.251,33.1423185,3.1923151,374.83226,0.33875,-6.91185,-0.00725,2278.92189,2278.93119,0.0093,0.00019,-6E-05,-0.00049,0.00109,-0.00049,0.00109,49.19561,0.0011981,0,80000.528,79988.352,-0.528,11.648,True,False,False
541.86,INSERTION,COAST,80000.217,33.1423185,3.1923151,375.32207,0.33831,-5.03335,-0.00711,2278.9219,2278.93124,0.00934,0.00019,-6E-05,-0.00032,0.0011,-0.00032,0.0011,49.19561,0.0011419,0,80000.512,79988.381,-0.512,11.619,True,False,False
542,INSERTION,COAST,80000.18,33.1423185,3.1923151,375.81324,0.33786,-2.95074,-0.00699,2278.92193,2278.9313,0.00937,0.00019,-6E-05,-0.00011,0.0011,-0.00011,0.0011,49.19561,0.0011065,0,80000.499,79988.425,-0.499,11.575,True,False,False
542.14,INSERTION,COAST,80000.143,33.1423185,3.1923151,376.30579,0.33742,-0.91648,-0.00698,2278.92198,2278.93136,0.00939,0.00019,-6E-05,0.00013,0.0011,0.00013,0.0011,49.19561,0.0011112,0,80000.499,79988.479,-0.499,11.521,True,False,False
542.3,INSERTION,COAST,80000.108,33.1423185,3.1923151,376.87038,0.33692,1.02466,-0.00719,2278.92203,2278.93143,0.0094,0.00019,-6E-05,0.00042,0.0011,0.00042,0.0011,49.19561,0.0011801,0,80000.523,79988.513,-0.523,11.487,True,False,False
542.44,INSERTION,COAST,80000.083,33.1423185,3.1923151,377.36588,0.33647,2.36276,-0.0074,2278.92206,2278.93148,0.00942,0.00019,-6E-05,0.00063,0.00111,0.00063,0.00111,49.19561,0.0012716,0,80000.545,79988.52,-0.545,11.48,True,False,False
542.58,INSERTION,COAST,80000.065,33.1423185,3.1923151,377.86276,0.33603,3.36434,-0.0076,2278.92207,2278.93151,0.00944,0.00019,-6E-05,0.0008,0.00111,0.0008,0.00111,49.19561,0.0013674,0,80000.567,79988.51,-0.567,11.49,True,False,False
542.72,INSERTION,COAST,80000.052,33.1423185,3.1923151,378.36103,0.33559,4.02933,-0.00781,2278.92207,2278.93154,0.00947,0.00019,-6E-05,0.00094,0.00111,0.00094,0.00111,49.19561,0.0014529,0,80000.589,79988.486,-0.589,11.514,True,False,False
542.88,INSERTION,COAST,80000.045,33.1423185,3.1923151,378.9322,0.33508,4.38107,-0.00804,2278.92207,2278.93156,0.00949,0.00019,-6E-05,0.00105,0.00111,0.00105,0.00111,49.19561,0.0015271,0,80000.614,79988.449,-0.614,11.551,True,False,False
543.02,INSERTION,COAST,80000.044,33.1423185,3.1923151,379.43348,0.33464,4.34389,-0.00823,2278.92206,2278.93157,0.00951,0.00019,-6E-05,0.0011,0.00111,0.0011,0.00111,49.19561,0.001566,0,80000.636,79988.413,-0.636,11.587,True,False,False
543.16,INSERTION,COAST,80000.049,33.1423185,3.1923151,379.93616,0.3342,4.00787,-0.00841,2278.92205,2278.93156,0.00951,0.00019,-6E-05,0.00112,0.00111,0.00112,0.00111,49.19561,0.0015786,0,80000.656,79988.379,-0.656,11.621,True,False,False
543.3,INSERTION,COAST,80000.058,33.1423185,3.1923151,380.44027,0.33375,3.43499,-0.00856,2278.92205,2278.93155,0.0095,0.00019,-6E-05,0.0011,0.00111,0.0011,0.00111,49.19561,0.0015642,0,80000.673,79988.353,-0.673,11.647,True,False,False
543.44,INSERTION,COAST,80000.072,33.1423185,3.1923151,381.01813,0.33325,2.50698,-0.00872,2278.92205,2278.93153,0.00948,0.00019,-6E-05,0.00105,0.00111,0.00105,0.00111,49.19561,0.0015252,0,80000.691,79988.332,-0.691,11.668,True,False,False
543.6,INSERTION,COAST,80000.082,33.1423184,3.192315,381.52528,0.3328,1.41804,-0.00888,2278.92207,2278.93151,0.00944,0.00019,-6E-05,0.001,0.0011,0.001,0.0011,49.19561,0.00149,0,80000.707,79988.316,-0.707,11.684,True,False,False
543.74,INSERTION,COAST,80000.105,33.1423184,3.192315,382.03387,0.33236,0.07997,-0.00903,2278.92209,2278.93149,0.00939,0.00019,-6E-05,0.00092,0.0011,0.00092,0.0011,49.19561,0.0014344,0,80000.722,79988.311,-0.722,11.689,True,False,False
543.88,INSERTION,COAST,80000.131,33.1423184,3.192315,382.54391,0.33192,-1.50046,-0.00918,2278.92212,2278.93145,0.00933,0.00019,-6E-05,0.00079,0.00109,0.00079,0.00109,49.19561,0.0013475,0,80000.742,79988.316,-0.742,11.684,True,False,False
544.04,INSERTION,COAST,80000.166,33.1423184,3.192315,383.12859,0.33141,-3.60684,-0.00936,2278.92216,2278.93139,0.00923,0.00019,-6E-05,0.00061,0.00108,0.00061,0.00108,49.19561,0.0012389,0,80000.766,79988.335,-0.766,11.665,True,False,False
544.18,INSERTION,COAST,80000.202,33.1423184,3.192315,383.64175,0.33097,-5.71553,-0.00951,2278.92221,2278.93134,0.00912,0.00019,-6E-05,0.00042,0.00106,0.00042,0.00106,49.19561,0.0011446,0,80000.788,79988.369,-0.788,11.631,True,False,False
544.32,INSERTION,COAST,80000.239,33.1423184,3.192315,384.15636,0.33053,-7.94498,-0.00961,2278.92227,2278.93127,0.009,0.00018,-6E-05,0.0002,0.00105,0.0002,0.00105,49.19561,0.0010675,0,80000.805,79988.42,-0.805,11.58,True,False,False
544.46,INSERTION,COAST,80000.274,33.1423184,3.192315,384.67244,0.33008,-10.04131,-0.00956,2278.92232,2278.93121,0.00889,0.00018,-6E-05,-4E-05,0.00104,-4E-05,0.00104,49.19561,0.001036,0,80000.8,79988.474,-0.8,11.526,True,False,False
544.62,INSERTION,COAST,80000.307,33.1423184,3.192315,385.26405,0.32957,-12.03654,-0.00935,2278.92233,2278.93115,0.00882,0.00018,-6E-05,-0.00031,0.00103,-0.00031,0.00103,49.19561,0.0010736,0,80000.77,79988.508,-0.77,11.492,True,False,False
544.76,INSERTION,COAST,80000.329,33.1423184,3.192315,385.78328,0.32913,-13.42179,-0.00916,2278.92231,2278.93111,0.00879,0.00018,-6E-05,-0.00051,0.00102,-0.00051,0.00102,49.19561,0.0011428,0,80000.742,79988.516,-0.742,11.484,True,False,False
544.9,INSERTION,COAST,80000.346,33.1423184,3.192315,386.304,0.32869,-14.47048,-0.00898,2278.92229,2278.93107,0.00879,0.00018,-6E-05,-0.00066,0.00102,-0.00066,0.00102,49.19561,0.0012204,0,80000.714,79988.507,-0.714,11.493,True,False,False
545.04,INSERTION,COAST,80000.357,33.1423184,3.192315,386.82621,0.32824,-15.18259,-0.00879,2278.92225,2278.93105,0.0088,0.00018,-6E-05,-0.00078,0.00103,-0.00078,0.00103,49.19561,0.0012911,0,80000.687,79988.484,-0.687,11.516,True,False,False
545.2,INSERTION,COAST,80000.362,33.1423184,3.192315,387.42485,0.32774,-15.5843,-0.00859,2278.9222,2278.93103,0.00884,0.00018,-6E-05,-0.00087,0.00103,-0.00087,0.00103,49.19561,0.0013522,0,80000.657,79988.447,-0.657,11.553,True,False,False
545.34,INSERTION,COAST,80000.361,33.1423184,3.192315,387.95028,0.32729,-15.57521,-0.00841,2278.92215,2278.93103,0.00888,0.00018,-6E-05,-0.00091,0.00104,-0.00091,0.00104,49.19561,0.0013835,0,80000.63,79988.409,-0.63,11.591,True,False,False
545.48,INSERTION,COAST,80000.354,33.1423184,3.192315,388.47721,0.32685,-15.22955,-0.00823,2278.9221,2278.93104,0.00894,0.00018,-6E-05,-0.00092,0.00105,-0.00092,0.00105,49.19561,0.0013918,0,80000.605,79988.371,-0.605,11.629,True,False,False
545.62,INSERTION,COAST,80000.341,33.1423184,3.192315,389.00567,0.3264,-14.54732,-0.00805,2278.92205,2278.93105,0.009,0.00018,-6E-05,-0.00089,0.00105,-0.00089,0.00105,49.19561,0.0013772,0,80000.58,79988.335,-0.58,11.665,True,False,False
545.78,INSERTION,COAST,80000.32,33.1423184,3.192315,389.61149,0.3259,-13.35619,-0.00784,2278.92201,2278.93108,0.00908,0.00018,-6E-05,-0.00081,0.00106,-0.00081,0.00106,49.19561,0.0013343,0,80000.552,79988.303,-0.552,11.697,True,False,False
545.92,INSERTION,COAST,80000.295,33.1423184,3.192315,390.14322,0.32545,-11.97397,-0.00767,2278.92198,2278.93112,0.00914,0.00019,-6E-05,-0.0007,0.00107,-0.0007,0.00107,49.19561,0.0012771,0,80000.531,79988.289,-0.531,11.711,True,False,False
546.06,INSERTION,COAST,80000.266,33.1423184,3.192315,390.6765,0.32501,-10.34588,-0.00753,2278.92197,2278.93116,0.00919,0.00019,-6E-05,-0.00055,0.00108,-0.00055,0.00108,49.19561,0.0012079,0,80000.514,79988.295,-0.514,11.705,True,False,False
546.2,INSERTION,COAST,80000.233,33.1423184,3.192315,391.21132,0.32456,-8.48085,-0.0074,2278.92198,2278.93122,0.00923,0.00019,-6E-05,-0.00037,0.00108,-0.00037,0.00108,49.19561,0.0011447,0,80000.499,79988.314,-0.499,11.686,True,False,False
546.36,INSERTION,COAST,80000.189,33.1423184,3.192315,391.82446,0.32406,-6.03542,-0.00723,2278.922,2278.93128,0.00928,0.00019,-6E-05,-0.00014,0.00109,-0.00014,0.00109,49.19561,0.001098,0,80000.481,79988.354,-0.481,11.646,True,False,False
546.5,INSERTION,COAST,80000.149,33.1423184,3.192315,392.36262,0.32361,-3.80491,-0.00715,2278.92205,2278.93135,0.0093,0.00019,-6E-05,0.00011,0.00109,0.00011,0.00109,49.19561,0.0010978,0,80000.473,79988.411,-0.473,11.589,True,False,False
546.64,INSERTION,COAST,80000.113,33.1423184,3.192315,392.90235,0.32317,-1.82206,-0.00729,2278.92211,2278.93142,0.00931,0.00019,-6E-05,0.00038,0.00109,0.00038,0.00109,49.19561,0.0011553,0,80000.489,79988.465,-0.489,11.535,True,False,False
546.78,INSERTION,COAST,80000.083,33.1423184,3.192315,393.44366,0.32272,-0.17426,-0.00749,2278.92216,2278.93147,0.00931,0.00019,-6E-05,0.00062,0.00109,0.00062,0.00109,49.19561,0.0012569,0,80000.512,79988.495,-0.512,11.505,True,False,False
546.94,INSERTION,COAST,80000.056,33.1423184,3.192315,394.06423,0.32221,1.29701,-0.00772,2278.92219,2278.93152,0.00933,0.00019,-6E-05,0.00086,0.00109,0.00086,0.00109,49.19561,0.0013891,0,80000.538,79988.505,-0.538,11.495,True,False,False
547.08,INSERTION,COAST,80000.039,33.1423184,3.192315,394.60892,0.32177,2.22366,-0.00793,2278.92221,2278.93156,0.00935,0.00019,-6E-05,0.00102,0.0011,0.00102,0.0011,49.19561,0.001498,0,80000.561,79988.496,-0.561,11.504,True,False,False
547.22,INSERTION,COAST,80000.028,33.1423184,3.192315,395.15521,0.32133,2.81676,-0.00813,2278.92221,2278.93158,0.00937,0.00019,-6E-05,0.00115,0.0011,0.00115,0.0011,49.19561,0.0015889,0,80000.584,79988.474,-0.584,11.526,True,False,False
547.36,INSERTION,COAST,80000.022,33.1423184,3.192315,395.70309,0.32088,3.0857,-0.00833,2278.92221,2278.9316,0.00939,0.00019,-6E-05,0.00124,0.0011,0.00124,0.0011,49.19561,0.0016559,0,80000.607,79988.446,-0.607,11.554,True,False,False
547.52,INSERTION,COAST,80000.022,33.1423184,3.192315,396.33122,0.32037,3.00966,-0.00854,2278.92221,2278.9316,0.0094,0.00019,-6E-05,0.0013,0.0011,0.0013,0.0011,49.19561,0.0017002,0,80000.632,79988.41,-0.632,11.59,True,False,False
547.66,INSERTION,COAST,80000.027,33.1423184,3.192315,396.88256,0.31993,2.65285,-0.00871,2278.9222,2278.9316,0.0094,0.00019,-6E-05,0.00131,0.0011,0.00131,0.0011,49.19561,0.0017074,0,80000.651,79988.383,-0.651,11.617,True,False,False
547.8,INSERTION,COAST,80000.035,33.1423184,3.192315,397.43552,0.31948,2.08429,-0.00884,2278.9222,2278.93159,0.00938,0.00019,-6E-05,0.00129,0.0011,0.00129,0.0011,49.19561,0.0016897,0,80000.667,79988.363,-0.667,11.637,True,False,False
547.94,INSERTION,COAST,80000.048,33.1423184,3.192315,397.99011,0.31904,1.28815,-0.00898,2278.92221,2278.93157,0.00936,0.00019,-6E-05,0.00124,0.00109,0.00124,0.00109,49.19561,0.0016548,0,80000.684,79988.347,-0.684,11.653,True,False,False
548.1,INSERTION,COAST,80000.068,33.1423184,3.192315,398.62594,0.31853,0.06005,-0.00917,2278.92222,2278.93154,0.00932,0.00019,-6E-05,0.00116,0.00109,0.00116,0.00109,49.19561,0.0015924,0,80000.707,79988.33,-0.707,11.67,True,False,False
548.24,INSERTION,COAST,80000.09,33.1423184,3.192315,399.18405,0.31808,-1.28375,-0.00932,2278.92224,2278.93151,0.00927,0.00019,-6E-05,0.00106,0.00108,0.00106,0.00108,49.19561,0.001514,0,80000.727,79988.328,-0.727,11.672,True,False,False
548.38,INSERTION,COAST,80000.117,33.1423184,3.192315,399.74382,0.31764,-2.86681,-0.00947,2278.92227,2278.93147,0.0092,0.00019,-6E-05,0.00093,0.00107,0.00093,0.00107,49.19561,0.0014192,0,80000.747,79988.335,-0.747,11.665,True,False,False
548.52,INSERTION,COAST,80000.147,33.1423184,3.192315,400.30524,0.31719,-4.69029,-0.00961,2278.92231,2278.93142,0.00912,0.00019,-6E-05,0.00077,0.00106,0.00077,0.00106,49.19561,0.0013127,0,80000.768,79988.355,-0.768,11.645,True,False,False
548.68,INSERTION,COAST,80000.187,33.1423184,3.192315,400.94892,0.31668,-7.07518,-0.00978,2278.92237,2278.93136,0.00899,0.00018,-6E-05,0.00056,0.00105,0.00056,0.00105,49.19561,0.0011869,0,80000.795,79988.396,-0.795,11.604,True,False,False
548.82,INSERTION,COAST,80000.226,33.1423184,3.192315,401.51393,0.31624,-9.37086,-0.00991,2278.92243,2278.9313,0.00886,0.00018,-6E-05,0.00034,0.00103,0.00034,0.00103,49.19561,0.0010859,0,80000.816,79988.449,-0.816,11.551,True,False,False
548.96,INSERTION,COAST,80000.263,33.1423184,3.192315,402.08063,0.31579,-11.59504,-0.00991,2278.92249,2278.93123,0.00874,0.00018,-6E-05,9E-05,0.00102,9E-05,0.00102,49.19561,0.0010202,0,80000.818,79988.509,-0.818,11.491,True,False,False
549.1,INSERTION,COAST,80000.294,33.1423184,3.192315,402.649,0.31535,-13.49527,-0.00972,2278.9225,2278.93117,0.00867,0.00018,-6E-05,-0.00016,0.00101,-0.00016,0.00101,49.19561,0.0010206,0,80000.791,79988.542,-0.791,11.458,True,False,False
549.26,INSERTION,COAST,80000.322,33.1423184,3.192315,403.30065,0.31484,-15.25497,-0.00951,2278.92249,2278.93112,0.00864,0.00018,-6E-05,-0.0004,0.001,-0.0004,0.001,49.19561,0.0010804,0,80000.758,79988.552,-0.758,11.448,True,False,False
549.4,INSERTION,COAST,80000.341,33.1423184,3.192315,403.87266,0.31439,-16.4341,-0.00932,2278.92246,2278.93108,0.00863,0.00018,-6E-05,-0.00057,0.001,-0.00057,0.001,49.19561,0.0011536,0,80000.729,79988.54,-0.729,11.46,True,False,False
549.54,INSERTION,COAST,80000.354,33.1423184,3.192315,404.44639,0.31394,-17.27666,-0.00914,2278.92241,2278.93106,0.00864,0.00018,-6E-05,-0.0007,0.00101,-0.0007,0.00101,49.19561,0.001226,0,80000.701,79988.514,-0.701,11.486,True,False,False
549.68,INSERTION,COAST,80000.361,33.1423184,3.192315,405.02183,0.3135,-17.78265,-0.00896,2278.92236,2278.93104,0.00868,0.00018,-6E-05,-0.0008,0.00101,-0.0008,0.00101,49.19561,0.0012863,0,80000.672,79988.477,-0.672,11.523,True,False,False
549.84,INSERTION,COAST,80000.362,33.1423184,3.192315,405.6816,0.31299,-17.94882,-0.00876,2278.9223,2278.93103,0.00873,0.00018,-6E-05,-0.00086,0.00102,-0.00086,0.00102,49.19561,0.0013326,0,80000.641,79988.427,-0.641,11.573,True,False,False
549.98,INSERTION,COAST,80000.357,33.1423184,3.192315,406.26075,0.31254,-17.7336,-0.00858,2278.92224,2278.93103,0.00879,0.00018,-6E-05,-0.00088,0.00103,-0.00088,0.00103,49.19561,0.0013501,0,80000.614,79988.381,-0.614,11.619,True,False,False
550.12,INSERTION,COAST,80000.347,33.1423184,3.192315,406.84166,0.3121,-17.18183,-0.0084,2278.92219,2278.93105,0.00886,0.00018,-6E-05,-0.00086,0.00103,-0.00086,0.00103,49.19561,0.0013452,0,80000.588,79988.335,-0.588,11.665,True,False,False
550.26,INSERTION,COAST,80000.331,33.1423184,3.192315,407.42431,0.31165,-16.29349,-0.00822,2278.92214,2278.93107,0.00893,0.00018,-6E-05,-0.00081,0.00104,-0.00081,0.00104,49.19561,0.0013188,0,80000.562,79988.295,-0.562,11.705,True,False,False
550.42,INSERTION,COAST,80000.306,33.1423184,3.192315,408.09236,0.31114,-14.86611,-0.00802,2278.92209,2278.9311,0.00902,0.00018,-6E-05,-0.0007,0.00105,-0.0007,0.00105,49.19561,0.001266,0,80000.534,79988.261,-0.534,11.739,True,False,False
550.56,INSERTION,COAST,80000.277,33.1423184,3.192315,408.6788,0.31069,-13.27691,-0.00784,2278.92206,2278.93115,0.00908,0.00018,-6E-05,-0.00057,0.00106,-0.00057,0.00106,49.19561,0.0012055,0,80000.511,79988.248,-0.511,11.752,True,False,False
550.7,INSERTION,COAST,80000.245,33.1423184,3.192315,409.26703,0.31025,-11.45046,-0.00771,2278.92206,2278.9312,0.00914,0.00019,-6E-05,-0.0004,0.00107,-0.0004,0.00107,49.19561,0.0011411,0,80000.495,79988.259,-0.495,11.741,True,False,False
550.84,INSERTION,COAST,80000.209,33.1423184,3.192315,409.85704,0.3098,-9.39225,-0.00758,2278.92207,2278.93125,0.00918,0.00019,-6E-05,-0.0002,0.00108,-0.0002,0.00108,49.19561,0.0010942,0,80000.48,79988.284,-0.48,11.716,True,False,False
551,INSERTION,COAST,80000.163,33.1423184,3.192315,410.53354,0.30929,-6.83186,-0.00745,2278.92211,2278.93133,0.00922,0.00019,-6E-05,6E-05,0.00108,6E-05,0.00108,49.19561,0.0010831,0,80000.466,79988.335,-0.466,11.665,True,False,False
551.14,INSERTION,COAST,80000.123,33.1423184,3.192315,411.12742,0.30884,-4.66513,-0.00746,2278.92216,2278.93139,0.00923,0.00019,-6E-05,0.00032,0.00108,0.00032,0.00108,49.19561,0.0011297,0,80000.469,79988.396,-0.469,11.604,True,False,False
551.28,INSERTION,COAST,80000.083,33.1423184,3.192315,411.72309,0.3084,-2.82522,-0.00766,2278.92225,2278.93146,0.00922,0.00019,-6E-05,0.00062,0.00108,0.00062,0.00108,49.19561,0.0012467,0,80000.487,79988.448,-0.487,11.552,True,False,False
551.42,INSERTION,COAST,80000.056,33.1423183,3.192315,412.32058,0.30795,-1.32185,-0.00786,2278.9223,2278.93152,0.00922,0.00019,-6E-05,0.00087,0.00108,0.00087,0.00108,49.19561,0.0013856,0,80000.509,79988.477,-0.509,11.523,True,False,False
551.58,INSERTION,COAST,80000.031,33.1423183,3.192315,413.00568,0.30744,-0.01576,-0.00809,2278.92233,2278.93157,0.00923,0.00019,-6E-05,0.00108,0.00108,0.00108,0.00108,49.19561,0.0015312,0,80000.537,79988.484,-0.537,11.516,True,False,False
551.72,INSERTION,COAST,80000.016,33.1423183,3.192315,413.6071,0.30699,0.77397,-0.00829,2278.92235,2278.9316,0.00925,0.00019,-6E-05,0.00123,0.00108,0.00123,0.00108,49.19561,0.0016408,0,80000.56,79988.476,-0.56,11.524,True,False,False
551.86,INSERTION,COAST,80000.007,33.1423183,3.192315,414.21036,0.30654,1.24315,-0.00849,2278.92236,2278.93162,0.00926,0.00019,-6E-05,0.00135,0.00108,0.00135,0.00108,49.19561,0.0017271,0,80000.584,79988.458,-0.584,11.542,True,False,False
552,INSERTION,COAST,80000.003,33.1423183,3.192315,414.81548,0.3061,1.40648,-0.00868,2278.92236,2278.93163,0.00927,0.00019,-6E-05,0.00142,0.00108,0.00142,0.00108,49.19561,0.0017867,0,80000.606,79988.435,-0.606,11.565,True,False,False
552.16,INSERTION,COAST,80000.004,33.1423183,3.192315,415.50932,0.30558,1.25831,-0.00887,2278.92236,2278.93163,0.00927,0.00019,-6E-05,0.00146,0.00108,0.00146,0.00108,49.19561,0.0018205,0,80000.629,79988.408,-0.629,11.592,True,False,False
552.3,INSERTION,COAST,80000.009,33.1423183,3.192315,416.11843,0.30514,0.88963,-0.00901,2278.92237,2278.93163,0.00926,0.00019,-6E-05,0.00147,0.00108,0.00147,0.00108,49.19561,0.0018211,0,80000.646,79988.389,-0.646,11.611,True,False,False
552.44,INSERTION,COAST,80000.018,33.1423183,3.192315,416.72943,0.30469,0.29518,-0.00914,2278.92237,2278.93162,0.00925,0.00019,-6E-05,0.00144,0.00108,0.00144,0.00108,49.19561,0.0018026,0,80000.663,79988.373,-0.663,11.627,True,False,False
552.58,INSERTION,COAST,80000.032,33.1423183,3.192315,417.34231,0.30424,-0.55762,-0.0093,2278.92238,2278.9316,0.00922,0.00019,-6E-05,0.0014,0.00108,0.0014,0.00108,49.19561,0.0017642,0,80000.683,79988.358,-0.683,11.642,True,False,False
552.74,INSERTION,COAST,80000.053,33.1423183,3.192315,418.04507,0.30373,-1.84179,-0.00948,2278.9224,2278.93157,0.00917,0.00019,-6E-05,0.00131,0.00107,0.00131,0.00107,49.19561,0.001692,0,80000.707,79988.35,-0.707,11.65,True,False,False
552.88,INSERTION,COAST,80000.076,33.1423183,3.192315,418.66203,0.30328,-3.23159,-0.00963,2278.92242,2278.93153,0.00911,0.00019,-6E-05,0.0012,0.00106,0.0012,0.00106,49.19561,0.0016046,0,80000.728,79988.353,-0.728,11.647,True,False,False
553.02,INSERTION,COAST,80000.103,33.1423183,3.192315,419.2809,0.30284,-4.86184,-0.00978,2278.92246,2278.93149,0.00904,0.00018,-6E-05,0.00107,0.00105,0.00107,0.00105,49.19561,0.0014989,0,80000.749,79988.367,-0.749,11.633,True,False,False
553.16,INSERTION,COAST,80000.134,33.1423183,3.192315,419.90171,0.30239,-6.73246,-0.00992,2278.9225,2278.93144,0.00894,0.00018,-6E-05,0.00091,0.00104,0.00091,0.00104,49.19561,0.0013791,0,80000.772,79988.393,-0.772,11.607,True,False,False
553.32,INSERTION,COAST,80000.175,33.1423183,3.192315,420.61356,0.30188,-9.17127,-0.01009,2278.92257,2278.93138,0.00881,0.00018,-6E-05,0.00069,0.00102,0.00069,0.00102,49.19561,0.0012336,0,80000.799,79988.442,-0.799,11.558,True,False,False
553.46,INSERTION,COAST,80000.215,33.1423183,3.192315,421.23852,0.30143,-11.5601,-0.01023,2278.92265,2278.93132,0.00867,0.00018,-6E-05,0.00047,0.00101,0.00047,0.00101,49.19561,0.00111,0,80000.824,79988.503,-0.824,11.497,True,False,False
553.6,INSERTION,COAST,80000.255,33.1423183,3.192315,421.86544,0.30098,-13.97239,-0.01028,2278.92272,2278.93125,0.00853,0.00017,-6E-05,0.00022,0.00099,0.00022,0.00099,49.19561,0.0010121,0,80000.836,79988.573,-0.836,11.427,True,False,False
553.74,INSERTION,COAST,80000.29,33.1423183,3.192315,422.4943,0.30053,-16.12101,-0.01014,2278.92274,2278.93119,0.00844,0.00017,-6E-05,-5E-05,0.00098,-5E-05,0.00098,49.19561,0.0009803,0,80000.815,79988.615,-0.815,11.385,True,False,False
553.9,INSERTION,COAST,80000.322,33.1423183,3.192315,423.21541,0.30002,-18.1659,-0.00992,2278.92273,2278.93112,0.00839,0.00017,-6E-05,-0.00032,0.00097,-0.00032,0.00097,49.19561,0.0010252,0,80000.78,79988.627,-0.78,11.373,True,False,False
554.04,INSERTION,COAST,80000.345,33.1423183,3.192315,423.84849,0.29957,-19.59458,-0.00974,2278.9227,2278.93108,0.00838,0.00017,-6E-05,-0.00051,0.00097,-0.00051,0.00097,49.19561,0.0011006,0,80000.749,79988.614,-0.749,11.386,True,False,False
554.18,INSERTION,COAST,80000.361,33.1423183,3.192315,424.48356,0.29912,-20.6867,-0.00956,2278.92265,2278.93105,0.0084,0.00017,-6E-05,-0.00067,0.00098,-0.00067,0.00098,49.19561,0.0011834,0,80000.719,79988.584,-0.719,11.416,True,False,False
554.32,INSERTION,COAST,80000.372,33.1423183,3.192315,425.12063,0.29868,-21.44223,-0.00938,2278.92259,2278.93102,0.00843,0.00017,-6E-05,-0.00079,0.00098,-0.00079,0.00098,49.19561,0.0012583,0,80000.689,79988.541,-0.689,11.459,True,False,False
554.48,INSERTION,COAST,80000.378,33.1423183,3.192315,425.85117,0.29816,-21.8936,-0.00918,2278.92252,2278.93101,0.00849,0.00017,-6E-05,-0.00088,0.00099,-0.00088,0.00099,49.19561,0.0013238,0,80000.655,79988.479,-0.655,11.521,True,False,False
554.62,INSERTION,COAST,80000.377,33.1423183,3.192315,426.49255,0.29772,-21.92795,-0.00901,2278.92245,2278.931,0.00855,0.00017,-6E-05,-0.00092,0.001,-0.00092,0.001,49.19561,0.0013587,0,80000.626,79988.42,-0.626,11.58,True,False,False
554.76,INSERTION,COAST,80000.371,33.1423183,3.192315,427.13596,0.29727,-21.6257,-0.00883,2278.92238,2278.93101,0.00863,0.00018,-6E-05,-0.00093,0.00101,-0.00093,0.00101,49.19561,0.001371,0,80000.598,79988.359,-0.598,11.641,True,False,False
554.9,INSERTION,COAST,80000.36,33.1423183,3.192315,427.78141,0.29682,-20.9869,-0.00866,2278.92231,2278.93102,0.00871,0.00018,-6E-05,-0.0009,0.00102,-0.0009,0.00102,49.19561,0.0013605,0,80000.571,79988.301,-0.571,11.699,True,False,False
555.06,INSERTION,COAST,80000.34,33.1423183,3.192315,428.52157,0.29631,-19.84472,-0.00846,2278.92224,2278.93105,0.00881,0.00018,-6E-05,-0.00083,0.00103,-0.00083,0.00103,49.19561,0.0013222,0,80000.541,79988.242,-0.541,11.758,True,False,False
555.2,INSERTION,COAST,80000.316,33.1423183,3.192315,429.17142,0.29586,-18.48472,-0.00828,2278.92219,2278.93109,0.00889,0.00018,-6E-05,-0.00073,0.00104,-0.00073,0.00104,49.19561,0.0012692,0,80000.515,79988.201,-0.515,11.799,True,False,False
555.34,INSERTION,COAST,80000.283,33.1423183,3.192315,429.82334,0.29541,-16.79332,-0.0081,2278.92215,2278.93113,0.00898,0.00018,-6E-05,-0.00059,0.00105,-0.00059,0.00105,49.19561,0.0012041,0,80000.491,79988.176,-0.491,11.824,True,False,False
555.48,INSERTION,COAST,80000.241,33.1423183,3.1923149,430.47733,0.29496,-14.79837,-0.00793,2278.92216,2278.9312,0.00904,0.00018,-6E-05,-0.00036,0.00106,-0.00036,0.00106,49.19561,0.0011182,0,80000.462,79988.177,-0.462,11.823,True,False,False
555.64,INSERTION,COAST,80000.189,33.1423182,3.1923149,431.22731,0.29445,-12.24139,-0.00778,2278.92219,2278.93128,0.00908,0.00018,-6E-05,-7E-05,0.00106,-7E-05,0.00106,49.19561,0.0010664,0,80000.438,79988.21,-0.438,11.79,True,False,False
555.78,INSERTION,COAST,80000.147,33.1423182,3.1923148,431.8858,0.294,-9.88877,-0.00769,2278.92224,2278.93135,0.00911,0.00019,-6E-05,0.0002,0.00107,0.0002,0.00107,49.19561,0.0010859,0,80000.424,79988.26,-0.424,11.74,True,False,False
555.92,INSERTION,COAST,80000.108,33.1423182,3.1923148,432.54641,0.29355,-7.72298,-0.00777,2278.92231,2278.93142,0.00911,0.00019,-6E-05,0.00047,0.00107,0.00047,0.00107,49.19561,0.001167,0,80000.436,79988.332,-0.436,11.668,True,False,False
556.06,INSERTION,COAST,80000.075,33.1423182,3.1923148,433.20915,0.2931,-5.88114,-0.00796,2278.92239,2278.93148,0.00909,0.00018,-6E-05,0.00074,0.00106,0.00074,0.00106,49.19561,0.001294,0,80000.46,79988.393,-0.46,11.607,True,False,False
556.22,INSERTION,COAST,80000.044,33.1423182,3.1923148,433.96916,0.29259,-4.17467,-0.00818,2278.92245,2278.93154,0.00909,0.00018,-6E-05,0.00099,0.00106,0.00099,0.00106,49.19561,0.0014552,0,80000.488,79988.436,-0.488,11.564,True,False,False
556.36,INSERTION,COAST,80000.023,33.1423182,3.1923148,434.63647,0.29214,-3.02533,-0.00837,2278.92249,2278.93158,0.00909,0.00018,-6E-05,0.00118,0.00106,0.00118,0.00106,49.19561,0.0015886,0,80000.512,79988.453,-0.512,11.547,True,False,False
556.5,INSERTION,COAST,80000.007,33.1423182,3.1923148,435.30592,0.29169,-2.18939,-0.00856,2278.92252,2278.93161,0.00909,0.00018,-6E-05,0.00133,0.00106,0.00133,0.00106,49.19561,0.0017043,0,80000.536,79988.457,-0.536,11.543,True,False,False
556.64,INSERTION,COAST,79999.996,33.1423182,3.1923148,435.97753,0.29124,-1.64768,-0.00874,2278.92254,2278.93164,0.0091,0.00018,-6E-05,0.00145,0.00106,0.00145,0.00106,49.19561,0.0017962,0,80000.559,79988.451,-0.559,11.549,True,False,False
556.8,INSERTION,COAST,79999.99,33.1423182,3.1923148,436.74774,0.29072,-1.34947,-0.00892,2278.92255,2278.93165,0.0091,0.00018,-6E-05,0.00154,0.00106,0.00154,0.00106,49.19561,0.0018699,0,80000.582,79988.439,-0.582,11.561,True,False,False
556.94,INSERTION,COAST,79999.988,33.1423182,3.1923148,437.42401,0.29028,-1.31203,-0.00906,2278.92256,2278.93166,0.0091,0.00018,-6E-05,0.00158,0.00106,0.00158,0.00106,49.19561,0.0019072,0,80000.599,79988.427,-0.599,11.573,True,False,False
557.08,INSERTION,COAST,79999.989,33.1423182,3.1923148,438.10247,0.28983,-1.47416,-0.00918,2278.92257,2278.93166,0.00909,0.00018,-6E-05,0.00161,0.00106,0.00161,0.00106,49.19561,0.0019253,0,80000.613,79988.417,-0.613,11.583,True,False,False
557.22,INSERTION,COAST,79999.995,33.1423182,3.1923148,438.78314,0.28938,-1.8862,-0.00933,2278.92258,2278.93165,0.00908,0.00018,-6E-05,0.00161,0.00106,0.00161,0.00106,49.19561,0.0019267,0,80000.633,79988.403,-0.633,11.597,True,False,False
557.38,INSERTION,COAST,80000.007,33.1423182,3.1923148,439.56375,0.28886,-2.67571,-0.00952,2278.92259,2278.93164,0.00905,0.00018,-6E-05,0.00158,0.00105,0.00158,0.00105,49.19561,0.0018993,0,80000.658,79988.39,-0.658,11.61,True,False,False
557.52,INSERTION,COAST,80000.023,33.1423182,3.1923148,440.24918,0.28841,-3.6335,-0.00967,2278.92261,2278.93162,0.00901,0.00018,-6E-05,0.00152,0.00105,0.00152,0.00105,49.19561,0.0018471,0,80000.678,79988.386,-0.678,11.614,True,False,False
557.66,INSERTION,COAST,80000.042,33.1423182,3.1923148,440.93684,0.28796,-4.83169,-0.00981,2278.92263,2278.93159,0.00895,0.00018,-6E-05,0.00143,0.00104,0.00143,0.00104,49.19561,0.0017723,0,80000.699,79988.388,-0.699,11.612,True,False,False
557.8,INSERTION,COAST,80000.066,33.1423182,3.1923148,441.62675,0.28751,-6.27029,-0.00996,2278.92267,2278.93155,0.00888,0.00018,-6E-05,0.00132,0.00103,0.00132,0.00103,49.19561,0.0016763,0,80000.721,79988.4,-0.721,11.6,True,False,False
557.96,INSERTION,COAST,80000.098,33.1423182,3.1923148,442.41799,0.287,-8.21532,-0.01013,2278.92272,2278.9315,0.00878,0.00018,-6E-05,0.00116,0.00102,0.00116,0.00102,49.19561,0.001544,0,80000.748,79988.428,-0.748,11.572,True,False,False
558.1,INSERTION,COAST,80000.131,33.1423182,3.1923148,443.11276,0.28655,-10.1828,-0.01027,2278.92278,2278.93145,0.00868,0.00018,-6E-05,0.00099,0.00101,0.00099,0.00101,49.19561,0.00141,0,80000.772,79988.466,-0.772,11.534,True,False,False
558.24,INSERTION,COAST,80000.167,33.1423182,3.1923148,443.80982,0.2861,-12.39067,-0.01041,2278.92285,2278.93139,0.00855,0.00017,-6E-05,0.00079,0.00099,0.00079,0.00099,49.19561,0.0012667,0,80000.797,79988.52,-0.797,11.48,True,False,False
558.38,INSERTION,COAST,80000.208,33.1423182,3.1923148,444.50916,0.28565,-14.83529,-0.01055,2278.92293,2278.93133,0.0084,0.00017,-6E-05,0.00057,0.00097,0.00057,0.00097,49.19561,0.001125,0,80000.823,79988.591,-0.823,11.409,True,False,False
558.534,INSERTION,COAST,80000.224,33.1423182,3.192284,445.38953,0.28508,14.64053,-0.01061,2278.92302,2278.93126,0.00824,0.00017,-6E-05,0.00031,0.00095,0.00031,0.00095,49.19561,0.0010036,0,80000.838,79988.669,-0.838,11.331,True,False,False
558.723,INSERTION,COAST,80000.223,33.1423182,3.192284,446.19532,0.28457,14.64053,-0.01062,2278.92302,2278.93126,0.00824,0.00017,-6E-05,0.00032,0.00095,0.00032,0.00095,49.19561,0.0010061,0,80000.838,79988.669,-0.838,11.331,True,False,False
558.969,INSERTION,COAST,80000.221,33.1423182,3.192284,447.29574,0.28387,14.64053,-0.01063,2278.92303,2278.93127,0.00824,0.00017,-6E-05,0.00033,0.00095,0.00033,0.00095,49.19561,0.0010096,0,80000.838,79988.669,-0.838,11.331,True,False,False
559.33,INSERTION,COAST,80000.218,33.1423182,3.192284,448.95857,0.28281,14.64053,-0.01065,2278.92304,2278.93127,0.00823,0.00017,-6E-05,0.00035,0.00095,0.00035,0.00095,49.19561,0.0010151,0,80000.838,79988.669,-0.838,11.331,True,False,False
559.701,INSERTION,COAST,80000.215,33.1423182,3.192284,450.71511,0.28171,14.64053,-0.01067,2278.92305,2278.93127,0.00822,0.00017,-6E-05,0.00037,0.00095,0.00037,0.00095,49.19561,0.0010213,0,80000.838,79988.669,-0.838,11.331,True,False,False
560.207,INSERTION,COAST,80000.211,33.1423182,3.192284,453.16174,0.28019,14.64053,-0.0107,2278.92307,2278.93128,0.00821,0.00017,-6E-05,0.0004,0.00095,0.0004,0.00095,49.19561,0.0010304,0,80000.838,79988.669,-0.838,11.331,True,False,False
560.703,INSERTION,COAST,80000.207,33.1423182,3.192284,455.60914,0.27869,14.64053,-0.01073,2278.92309,2278.93129,0.0082,0.00017,-5E-05,0.00043,0.00095,0.00043,0.00095,49.19561,0.0010401,0,80000.838,79988.669,-0.838,11.331,True,False,False
561.354,INSERTION,COAST,80000.202,33.1423182,3.192284,458.88877,0.27669,14.64053,-0.01076,2278.92311,2278.93129,0.00818,0.00017,-5E-05,0.00046,0.00095,0.00046,0.00095,49.19561,0.0010539,0,80000.838,79988.669,-0.838,11.331,True,False,False
562.054,INSERTION,COAST,80000.197,33.1423182,3.192284,462.59992,0.27448,14.64053,-0.0108,2278.92313,2278.9313,0.00817,0.00017,-5E-05,0.0005,0.00094,0.0005,0.00094,49.19561,0.0010706,0,80000.838,79988.669,-0.838,11.331,True,False,False
562.786,INSERTION,COAST,80000.191,33.1423182,3.192284,466.47831,0.27219,14.64053,-0.01084,2278.92316,2278.93131,0.00815,0.00017,-5E-05,0.00055,0.00094,0.00055,0.00094,49.19561,0.0010892,0,80000.838,79988.669,-0.838,11.331,True,False,False
563.615,INSERTION,COAST,80000.184,33.1423182,3.192284,470.87305,0.26965,14.64053,-0.01089,2278.92319,2278.93132,0.00813,0.00017,-5E-05,0.00059,0.00094,0.00059,0.00094,49.19561,0.0011114,0,80000.838,79988.669,-0.838,11.331,True,False,False
564.541,INSERTION,COAST,80000.177,33.1423182,3.192284,475.91935,0.26679,14.64053,-0.01094,2278.92322,2278.93133,0.00811,0.00016,-5E-05,0.00065,0.00094,0.00065,0.00094,49.19561,0.0011384,0,80000.838,79988.669,-0.838,11.331,True,False,False
565.566,INSERTION,COAST,80000.168,33.1423182,3.192284,481.65793,0.26361,14.64053,-0.011,2278.92326,2278.93135,0.00809,0.00016,-5E-05,0.00071,0.00093,0.00071,0.00093,49.19561,0.0011706,0,80000.838,79988.669,-0.838,11.331,True,False,False
566.689,INSERTION,COAST,80000.159,33.1423182,3.192284,488.1367,0.26012,14.64053,-0.01106,2278.9233,2278.93136,0.00807,0.00016,-5E-05,0.00077,0.00093,0.00077,0.00093,49.19561,0.0012087,0,80000.838,79988.669,-0.838,11.331,True,False,False
567.909,INSERTION,COAST,80000.149,33.1423182,3.192284,495.41241,0.2563,14.64053,-0.01113,2278.92334,2278.93138,0.00804,0.00016,-5E-05,0.00084,0.00093,0.00084,0.00093,49.19561,0.0012531,0,80000.838,79988.669,-0.838,11.331,True,False,False
569.228,INSERTION,COAST,80000.138,33.1423182,3.192284,503.55031,0.25215,14.64053,-0.0112,2278.92339,2278.9314,0.00801,0.00016,-5E-05,0.00092,0.00092,0.00092,0.00092,49.19561,0.0013044,0,80000.838,79988.669,-0.838,11.331,True,False,False
570.623,INSERTION,COAST,80000.126,33.1423182,3.192284,512.60952,0.2477,14.64053,-0.01128,2278.92344,2278.93142,0.00797,0.00016,-5E-05,0.00101,0.00092,0.00101,0.00092,49.19561,0.0013628,0,80000.838,79988.669,-0.838,11.331,True,False,False
572.023,INSERTION,COAST,80000.115,33.1423182,3.192284,522.20789,0.24314,14.64053,-0.01136,2278.92349,2278.93143,0.00794,0.00016,-5E-05,0.00109,0.00091,0.00109,0.00091,49.19561,0.0014258,0,80000.838,79988.669,-0.838,11.331,True,False,False
573.423,INSERTION,COAST,80000.103,33.1423182,3.192284,532.18435,0.23859,14.64053,-0.01144,2278.92355,2278.93145,0.00791,0.00016,-5E-05,0.00118,0.00091,0.00118,0.00091,49.19561,0.0014918,0,80000.838,79988.669,-0.838,11.331,True,False,False
574.823,INSERTION,COAST,80000.091,33.1423182,3.192284,542.56142,0.23402,14.64053,-0.01152,2278.9236,2278.93147,0.00787,0.00016,-5E-05,0.00127,0.00091,0.00127,0.00091,49.19561,0.0015605,0,80000.838,79988.669,-0.838,11.331,True,False,False
576.223,INSERTION,COAST,80000.079,33.1423182,3.192284,553.36348,0.22946,14.64053,-0.01159,2278.92366,2278.93149,0.00784,0.00016,-5E-05,0.00136,0.0009,0.00136,0.0009,49.19561,0.0016318,0,80000.838,79988.669,-0.838,11.331,True,False,False
577.623,INSERTION,COAST,80000.066,33.1423182,3.192284,564.6169,0.22488,14.64053,-0.01167,2278.92371,2278.93152,0.00781,0.00016,-5E-05,0.00145,0.0009,0.00145,0.0009,49.19561,0.0017054,0,80000.838,79988.669,-0.838,11.331,True,False,False
579.023,INSERTION,COAST,80000.054,33.1423182,3.192284,576.35029,0.2203,14.64053,-0.01175,2278.92376,2278.93154,0.00777,0.00016,-5E-05,0.00154,0.00089,0.00154,0.00089,49.19561,0.0017811,0,80000.838,79988.669,-0.838,11.331,True,False,False
580.423,INSERTION,COAST,80000.042,33.1423182,3.192284,588.59472,0.21572,14.64053,-0.01183,2278.92382,2278.93156,0.00774,0.00016,-5E-05,0.00163,0.00089,0.00163,0.00089,49.19561,0.0018587,0,80000.838,79988.669,-0.838,11.331,True,False,False
581.823,INSERTION,COAST,80000.029,33.1423182,3.192284,601.38402,0.21113,14.64053,-0.01191,2278.92388,2278.93158,0.0077,0.00016,-5E-05,0.00172,0.00088,0.00172,0.00088,49.19561,0.0019383,0,80000.838,79988.669,-0.838,11.331,True,False,False
583.223,INSERTION,COAST,80000.016,33.1423182,3.192284,614.75506,0.20654,14.64053,-0.01199,2278.92393,2278.9316,0.00767,0.00016,-5E-05,0.00182,0.00088,0.00182,0.00088,49.19561,0.0020195,0,80000.838,79988.669,-0.838,11.331,True,False,False
584.623,INSERTION,COAST,80000.004,33.1423182,3.192284,628.74811,0.20194,14.64053,-0.01206,2278.92399,2278.93162,0.00763,0.00016,-5E-05,0.00191,0.00088,0.00191,0.00088,49.19561,0.0021023,0,80000.838,79988.669,-0.838,11.331,True,False,False
586.023,INSERTION,COAST,79999.991,33.1423182,3.192284,643.40727,0.19734,14.64053,-0.01214,2278.92405,2278.93164,0.0076,0.00015,-5E-05,0.00201,0.00087,0.00201,0.00087,49.19561,0.0021866,0,80000.838,79988.669,-0.838,11.331,True,False,False
587.423,INSERTION,COAST,79999.978,33.1423182,3.192284,658.78088,0.19274,14.64053,-0.01222,2278.9241,2278.93166,0.00756,0.00015,-5E-05,0.0021,0.00087,0.0021,0.00087,49.19561,0.0022724,0,80000.838,79988.669,-0.838,11.331,True,False,False
588.823,INSERTION,COAST,79999.964,33.1423182,3.192284,674.9221,0.18813,14.64053,-0.01229,2278.92416,2278.93169,0.00753,0.00015,-5E-05,0.0022,0.00086,0.0022,0.00086,49.19561,0.0023595,0,80000.838,79988.669,-0.838,11.331,True,False,False
590.223,INSERTION,COAST,79999.951,33.1423182,3.192284,691.88948,0.18352,14.64053,-0.01237,2278.92422,2278.93171,0.00749,0.00015,-5E-05,0.00229,0.00086,0.00229,0.00086,49.19561,0.0024479,0,80000.838,79988.669,-0.838,11.331,True,False,False
591.623,INSERTION,COAST,79999.938,33.1423182,3.192284,709.74768,0.1789,14.64053,-0.01244,2278.92428,2278.93173,0.00745,0.00015,-5E-05,0.00239,0.00085,0.00239,0.00085,49.19561,0.0025375,0,80000.838,79988.669,-0.838,11.331,True,False,False
593.023,INSERTION,COAST,79999.924,33.1423182,3.192284,728.56832,0.17428,14.64053,-0.01252,2278.92433,2278.93175,0.00742,0.00015,-5E-05,0.00249,0.00085,0.00249,0.00085,49.19561,0.0026284,0,80000.838,79988.669,-0.838,11.331,True,False,False
594.423,INSERTION,COAST,79999.911,33.1423182,3.192284,748.43086,0.16965,14.64053,-0.0126,2278.92439,2278.93177,0.00738,0.00015,-5E-05,0.00259,0.00084,0.00259,0.00084,49.19561,0.0027202,0,80000.838,79988.669,-0.838,11.331,True,False,False
595.823,INSERTION,COAST,79999.897,33.1423182,3.192284,769.42381,0.16502,14.64053,-0.01267,2278.92445,2278.9318,0.00735,0.00015,-5E-05,0.00269,0.00084,0.00269,0.00084,49.19561,0.0028133,0,80000.838,79988.669,-0.838,11.331,True,False,False
597.223,INSERTION,COAST,79999.883,33.1423182,3.192284,791.64595,0.16039,14.64053,-0.01275,2278.92451,2278.93182,0.00731,0.00015,-5E-05,0.00279,0.00083,0.00279,0.00083,49.19561,0.0029073,0,80000.838,79988.669,-0.838,11.331,True,False,False
598.623,INSERTION,COAST,79999.869,33.1423182,3.192284,815.20794,0.15575,14.64053,-0.01282,2278.92457,2278.93184,0.00727,0.00015,-5E-05,0.00289,0.00083,0.00289,0.00083,49.19561,0.0030024,0,80000.838,79988.669,-0.838,11.331,True,False,False
600.024,INSERTION,COAST,79999.855,33.1423182,3.192284,840.23414,0.15112,14.64053,-0.01289,2278.92463,2278.93187,0.00723,0.00015,-5E-05,0.00299,0.00082,0.00299,0.00082,49.19561,0.0030985,0,80000.838,79988.669,-0.838,11.331,True,False,False
601.881,INSERTION,COAST,79999.835,33.1423182,3.192284,870.13635,0.14592,14.64053,-0.01298,2278.9247,2278.93189,0.00719,0.00015,-5E-05,0.0031,0.00082,0.0031,0.00082,49.19561,0.0032071,0,80000.838,79988.669,-0.838,11.331,True,False,False
604.522,INSERTION,COAST,79999.807,33.1423182,3.192284,918.28362,0.13827,14.64053,-0.0131,2278.9248,2278.93193,0.00713,0.00014,-5E-05,0.00327,0.00081,0.00327,0.00081,49.19561,0.003369,0,80000.838,79988.669,-0.838,11.331,True,False,False
607.946,INSERTION,COAST,79999.77,33.1423182,3.192284,991.91712,0.12801,14.64053,-0.01326,2278.92494,2278.93199,0.00705,0.00014,-5E-05,0.0035,0.0008,0.0035,0.0008,49.19561,0.0035897,0,80000.838,79988.669,-0.838,11.331,True,False,False
612.155,INSERTION,COAST,79999.724,33.1423182,3.192284,1102.98233,0.11512,14.64053,-0.01346,2278.92511,2278.93205,0.00694,0.00014,-5E-05,0.00379,0.00079,0.00379,0.00079,49.19561,0.0038726,0,80000.838,79988.669,-0.838,11.331,True,False,False
617.148,INSERTION,COAST,79999.668,33.1423182,3.1922841,1274.88542,0.0996,14.64053,-0.0137,2278.92532,2278.93214,0.00682,0.00014,-5E-05,0.00415,0.00077,0.00415,0.00077,49.19561,0.0042205,0,80000.838,79988.669,-0.838,11.331,True,False,False
622.925,INSERTION,COAST,79999.602,33.1423182,3.1922841,1559.30059,0.08143,14.64053,-0.01397,2278.92558,2278.93224,0.00666,0.00014,-4E-05,0.00458,0.00075,0.00458,0.00075,49.19561,0.0046382,0,80000.838,79988.669,-0.838,11.331,True,False,False
629.486,INSERTION,COAST,79999.525,33.1423182,3.1922841,2094.74032,0.06061,14.64053,-0.01428,2278.92587,2278.93236,0.00649,0.00013,-4E-05,0.00508,0.00073,0.00508,0.00073,49.19561,0.0051289,0,80000.838,79988.669,-0.838,11.331,True,False,False