MET,mode,actuator,alt_m,inc_deg,plane_angle_deg,plane_error_m,radial_vel_mps,cross_vel_mps,along_vel_mps,circular_vel_mps,along_error_mps,tgo_s,natural_radial_accel,natural_cross_accel,radial_req_accel,cross_req_accel,along_req_accel,radial_alloc_accel,cross_alloc_accel,along_alloc_accel,max_accel,command_accel,throttle,ap_m,pe_m,ap_error_m,pe_error_m,fine_latched,capture,steer_angle_err_deg
203.96,TGO,THRUST,79447.46,27.1410825,0.3688511,-4374.015,79.11874,-65.71345,1229.51003,2279.86869,1050.35866,25.5519,-5.41885,-0.00667,-0.58115,-9.99333,367.76947,-0.58115,-9.99333,33.4782,34.94273,34.9427275,1,80019.058,-484015.802,-19.058,564015.802,False,False,-14.28451
204.1,TGO,THRUST,79458.473,27.1418728,0.3692081,-4378.32,78.70097,-65.96266,1234.35303,2279.85016,1045.49713,25.41258,-5.40103,-0.00681,-0.59897,-9.99319,366.06774,-0.59897,-9.99319,33.53487,34.99729,34.9972861,1,80025.904,-482938.545,-25.904,562938.545,False,False,-13.93336
204.24,TGO,THRUST,79469.422,27.1447667,0.3695625,-4382.594,78.28355,-66.16485,1239.20596,2279.83172,1040.62576,25.27322,-5.38311,-0.00695,-0.61689,-9.99305,364.36257,-0.61689,-9.99305,33.5917,35.05201,35.0520117,1,80032.712,-481852.434,-32.712,561852.434,False,False,-13.07801
204.4,TGO,THRUST,79481.851,27.1460232,0.3699643,-4387.439,77.7446,-66.44251,1244.76353,2279.81079,1035.04726,25.1139,-5.3625,-0.00712,-0.6375,-9.99288,362.40975,-0.6375,-9.99288,33.65684,35.11477,35.1147672,1,80039.537,-480599.128,-39.537,560599.128,False,False,-11.52883
204.54,TGO,THRUST,79492.642,27.1421127,0.3703121,-4391.633,77.19655,-66.79971,1249.63168,2279.79261,1030.16094,24.97457,-5.34435,-0.00726,-0.65565,-9.99274,360.69909,-0.65565,-9.99274,33.71401,35.16986,35.1698648,1,80044.346,-479492.001,-44.346,559492.001,False,False,-9.80751
204.68,TGO,THRUST,79503.346,27.1316054,0.3706545,-4395.764,76.57675,-67.30836,1254.49685,2279.77457,1025.27773,24.83546,-5.32611,-0.0074,-0.67389,-9.9926,358.98938,-0.67389,-9.9926,33.77134,35.22513,35.2251318,1,80048.064,-478376.236,-48.064,558376.236,False,False,-7.89146
204.82,TGO,THRUST,79513.956,27.1134879,0.3709898,-4399.809,75.89603,-67.99305,1259.34983,2279.75668,1020.40686,24.69676,-5.30782,-0.00752,-0.69218,-9.99248,357.28388,-0.69218,-9.99248,33.82884,35.28058,35.2805765,1,80050.847,-477253.558,-50.847,557253.558,False,False,-5.91492
204.98,TGO,THRUST,79525.958,27.0830757,0.3713613,-4404.293,75.06253,-69.00209,1264.86999,2279.73644,1014.86645,24.53897,-5.28688,-0.00764,-0.71312,-9.99236,355.34381,-0.71312,-9.99236,33.89474,35.34415,35.3441539,1,80053.161,-475964.387,-53.161,555964.387,False,False,-3.73717
205.12,TGO,THRUST,79536.347,27.0482401,0.3716738,-4408.067,74.30067,-70.07903,1269.6698,2279.71891,1010.04911,24.40171,-5.26856,-0.00773,-0.73144,-9.99227,353.65686,-0.73144,-9.99227,33.95258,35.39997,35.3999705,1,80054.658,-474832.753,-54.658,554832.753,False,False,-2.03153
205.26,TGO,THRUST,79546.628,27.0064992,0.3719724,-4411.676,73.52058,-71.32114,1274.43805,2279.70156,1005.2635,24.26526,-5.25025,-0.0078,-0.74975,-9.9922,351.98098,-0.74975,-9.9922,34.01058,35.45597,35.4559674,1,80055.839,-473698.681,-55.839,553698.681,False,False,-0.74362
205.4,TGO,THRUST,79556.8,26.9589196,0.3722553,-4415.097,72.73028,-72.70542,1279.17557,2279.68439,1000.50883,24.1296,-5.23196,-0.00786,-0.76804,-9.99214,350.31588,-0.76804,-9.99214,34.06874,35.51214,35.512138,1,80056.818,-472562.255,-56.818,552562.255,False,False,-1.00592
205.56,TGO,THRUST,79568.288,26.8990018,0.3725575,-4418.757,71.82073,-74.42615,1284.55794,2279.665,995.10706,23.97541,-5.21106,-0.00792,-0.78894,-9.99208,348.42415,-0.78894,-9.99208,34.13542,35.57655,35.5765535,1,80057.78,-471259.686,-57.78,551259.686,False,False,-1.92446
205.7,TGO,THRUST,79578.221,26.8432081,0.3728021,-4421.723,71.0219,-76.02008,1289.24766,2279.64823,990.40057,23.84108,-5.19276,-0.00797,-0.80724,-9.99203,346.77588,-0.80724,-9.99203,34.19395,35.63311,35.6331109,1,80058.525,-470115.111,-58.525,550115.111,False,False,-2.46926
205.84,TGO,THRUST,79588.042,26.7856217,0.3730275,-4424.461,70.22112,-77.66593,1293.92802,2279.63165,985.70363,23.70711,-5.17441,-0.00801,-0.82559,-9.99199,345.13094,-0.82559,-9.99199,34.25264,35.68984,35.6898446,1,80059.194,-468964.214,-59.194,548964.214,False,False,-2.74188
205.98,TGO,THRUST,79597.751,26.7274227,0.3732333,-4426.965,69.41829,-79.33676,1298.60807,2279.61526,981.00719,23.57331,-5.15599,-0.00806,-0.84401,-9.99194,343.48615,-0.84401,-9.99194,34.31151,35.74676,35.7467631,1,80059.788,-467805.138,-59.788,547805.138,False,False,-2.769
206.14,TGO,THRUST,79608.708,26.6614618,0.3734441,-4429.538,68.49767,-81.24669,1303.96692,2279.59676,975.62984,23.4204,-5.13481,-0.00812,-0.86519,-9.99188,341.60289,-0.86519,-9.99188,34.379,35.81203,35.8120333,1,80060.373,-466468.236,-60.373,546468.236,False,False,-2.5543
206.28,TGO,THRUST,79618.174,26.6051424,0.3736076,-4431.539,67.68888,-82.89677,1308.67239,2279.58078,970.90838,23.28643,-5.11614,-0.00818,-0.88386,-9.99182,339.94932,-0.88386,-9.99182,34.43823,35.86934,35.8693387,1,80060.798,-465286.11,-60.798,545286.11,False,False,-2.2077
206.42,TGO,THRUST,79627.527,26.5507457,0.3737518,-4433.311,66.87686,-84.51224,1313.39822,2279.56498,966.16677,23.15223,-5.09733,-0.00824,-0.90267,-9.99176,338.28868,-0.90267,-9.99176,34.49764,35.92683,35.9268316,1,80061.14,-464091.367,-61.14,544091.367,False,False,-1.76738
206.56,TGO,THRUST,79636.765,26.4986396,0.3738771,-4434.858,66.06154,-86.08394,1318.14711,2279.54938,961.40227,23.01771,-5.07837,-0.00832,-0.92163,-9.99168,336.62001,-0.92163,-9.99168,34.55722,35.98451,35.9845052,1,80061.402,-462883.36,-61.402,542883.36,False,False,-1.28337
206.72,TGO,THRUST,79647.183,26.4420944,0.373998,-4436.36,65.12583,-87.82105,1323.60379,2279.53178,955.92799,22.86359,-5.05652,-0.00841,-0.94348,-9.99159,334.70275,-0.94348,-9.99159,34.62553,36.05065,36.0506473,1,80061.604,-461486.186,-61.604,541486.186,False,False,-0.7349
206.86,TGO,THRUST,79656.175,26.3952104,0.3740848,-4437.45,64.30388,-89.28943,1328.40345,2279.51659,951.11315,22.7284,-5.03724,-0.0085,-0.96276,-9.9915,333.01642,-0.96276,-9.9915,34.68549,36.10872,36.1087234,1,80061.699,-460249.157,-61.699,540249.157,False,False,-0.30785
207,TGO,THRUST,79665.051,26.3505498,0.3741546,-4438.336,63.47928,-90.71368,1333.22473,2279.5016,946.27687,22.59294,-5.01782,-0.00861,-0.98218,-9.99139,331.32259,-0.98218,-9.99139,34.74562,36.16698,36.1669829,1,80061.724,-458998.835,-61.724,538998.835,False,False,-0.14128
207.14,TGO,THRUST,79673.812,26.307809,0.3742077,-4439.024,62.65236,-92.10052,1338.06529,2279.48679,941.4215,22.45725,-4.99826,-0.00872,-1.00174,-9.99128,329.62205,-1.00174,-9.99128,34.80593,36.22543,36.2254347,1,80061.681,-457735.575,-61.681,537735.575,False,False,-0.38463
207.3,TGO,THRUST,79683.682,26.2608287,0.3742486,-4439.574,61.70479,-93.65071,1343.61752,2279.47012,935.8526,22.30198,-4.97574,-0.00885,-1.02426,-9.99115,327.6716,-1.02426,-9.99115,34.87508,36.29247,36.2924663,1,80061.555,-456276.537,-61.555,536276.537,False,False,-0.58398
207.44,TGO,THRUST,79692.194,26.2208923,0.3742674,-4439.852,60.87368,-94.98746,1348.49024,2279.45573,930.96549,22.166,-4.95591,-0.00897,-1.04409,-9.99103,325.95992,-1.04409,-9.99103,34.93577,36.35132,36.3513208,1,80061.379,-454986.956,-61.379,534986.956,False,False,-0.65841
207.58,TGO,THRUST,79700.589,26.1816204,0.3742704,-4439.943,60.041,-96.31603,1353.37374,2279.44154,926.06781,22.02998,-4.93597,-0.0091,-1.06403,-9.9909,324.24454,-1.06403,-9.9909,34.99664,36.41037,36.4103704,1,80061.146,-453685.729,-61.146,533685.729,False,False,-0.64432
207.72,TGO,THRUST,79708.868,26.1426379,0.3742576,-4439.846,59.20694,-97.64541,1358.26559,2279.42755,921.16196,21.89396,-4.91592,-0.00922,-1.08408,-9.99078,322.52628,-1.08408,-9.99078,35.05769,36.46961,36.4696083,1,80060.857,-452373.207,-60.857,532373.207,False,False,-0.55358
207.88,TGO,THRUST,79718.186,26.0980338,0.3742237,-4439.505,58.25218,-99.17563,1363.86387,2279.4118,915.54793,21.73856,-4.89288,-0.00937,-1.10712,-9.99063,320.55996,-1.10712,-9.99063,35.12768,36.53755,36.5375474,1,80060.463,-450859.716,-60.463,530859.716,False,False,0.37635
208.02,TGO,THRUST,79726.213,26.0586842,0.3741769,-4439.003,57.41551,-100.53096,1368.76717,2279.39822,910.63105,21.60268,-4.87262,-0.00951,-1.12738,-9.99049,318.83781,-1.12738,-9.99049,35.18912,36.5972,36.5972041,1,80060.063,-449523.863,-60.063,529523.863,False,False,0.17734
208.16,TGO,THRUST,79734.123,26.0188597,0.3741139,-4438.308,56.57787,-101.90601,1373.67373,2279.38485,905.71112,21.4669,-4.85227,-0.00964,-1.14773,-9.99036,317.11458,-1.14773,-9.99036,35.25074,36.65705,36.6570519,1,80059.614,-448177.362,-59.614,528177.362,False,False,0.05228
208.3,TGO,THRUST,79741.916,25.9784714,0.3740345,-4437.417,55.73938,-103.30314,1378.58284,2279.37167,900.78883,21.33125,-4.83183,-0.00978,-1.16817,-9.99022,315.39051,-1.16817,-9.99022,35.31255,36.7171,36.7170998,1,80059.119,-446820.248,-59.119,526820.248,False,False,0.27573
208.46,TGO,THRUST,79750.678,25.9316027,0.3739233,-4436.155,54.78014,-104.92762,1384.19609,2279.35685,895.16076,21.17638,-4.80835,-0.00994,-1.19165,-9.99006,313.41921,-1.19165,-9.99006,35.38341,36.78596,36.785965,1,80058.497,-445256.188,-58.497,525256.188,False,False,0.5236
208.6,TGO,THRUST,79758.219,25.8900227,0.3738078,-4434.834,53.94003,-106.37224,1389.11043,2279.3441,890.23366,21.041,-4.78771,-0.01008,-1.21229,-9.98992,311.69343,-1.21229,-9.98992,35.44561,36.84643,36.8464323,1,80057.906,-443876.029,-57.906,523876.029,False,False,0.71653
208.74,TGO,THRUST,79765.642,25.8480092,0.373675,-4433.308,53.09934,-107.8362,1394.02796,2279.33154,885.30358,20.90573,-4.76698,-0.01022,-1.23302,-9.98978,309.96659,-1.23302,-9.98978,35.508,36.9071,36.9071027,1,80057.275,-442484.799,-57.275,522484.799,False,False,0.87771
208.88,TGO,THRUST,79772.948,25.8056919,0.3735248,-4431.574,52.25819,-109.31638,1398.94957,2279.31918,880.3696,20.77055,-4.74615,-0.01037,-1.25385,-9.98963,308.23837,-1.25385,-9.98963,35.57058,36.96797,36.9679693,1,80056.605,-441082.2,-56.605,521082.2,False,False,1.00161
209.04,TGO,THRUST,79781.152,25.7571502,0.3733316,-4429.336,51.29638,-111.02313,1404.58069,2279.30529,874.7246,20.61615,-4.72222,-0.01053,-1.27778,-9.98947,306.26109,-1.27778,-9.98947,35.64232,37.03778,37.0377796,1,80055.793,-439464.869,-55.793,519464.869,False,False,1.09473
209.18,TGO,THRUST,79788.205,25.7146972,0.3731435,-4427.15,50.45442,-112.52534,1409.51489,2279.29335,869.77847,20.4811,-4.70117,-0.01068,-1.29883,-9.98932,304.5286,-1.29883,-9.98932,35.7053,37.09908,37.0990824,1,80055.045,-438036.722,-55.045,518036.722,False,False,1.13458
209.32,TGO,THRUST,79795.14,25.6724231,0.3729376,-4424.753,49.6122,-114.03172,1414.45683,2279.28162,864.82478,20.34607,-4.68002,-0.01083,-1.31998,-9.98917,302.79345,-1.31998,-9.98917,35.76847,37.16058,37.1605843,1,80054.263,-436596.065,-54.263,516596.065,False,False,1.13879
209.46,TGO,THRUST,79801.957,25.6304664,0.3727138,-4422.143,48.76978,-115.53871,1419.40763,2279.27007,859.86245,20.21104,-4.65874,-0.01099,-1.34126,-9.98901,301.05526,-1.34126,-9.98901,35.83183,37.22229,37.2222946,1,80053.45,-435142.534,-53.45,515142.534,False,False,1.11226
209.62,TGO,THRUST,79809.603,25.583055,0.3724363,-4418.9,47.80683,-117.2578,1425.07775,2279.25713,854.17938,20.0567,-4.63429,-0.01117,-1.36571,-9.98883,299.0646,-1.36571,-9.98883,35.90447,37.29307,37.2930697,1,80052.482,-433465.159,-52.482,513465.159,False,False,1.05223
209.76,TGO,THRUST,79816.167,25.5421443,0.3721744,-4415.836,46.9641,-118.75647,1430.05051,2279.24601,849.1955,19.9216,-4.61276,-0.01134,-1.38724,-9.98866,297.31884,-1.38724,-9.98866,35.96824,37.35522,37.355217,1,80051.604,-431982.949,-51.604,511982.949,False,False,0.98126
209.9,TGO,THRUST,79822.613,25.5018346,0.3718948,-4412.561,46.12133,-120.24815,1435.03447,2279.23509,844.20062,19.78647,-4.59112,-0.0115,-1.40888,-9.9885,295.56922,-1.40888,-9.9885,36.03221,37.41758,37.417576,1,80050.698,-430486.931,-50.698,510486.931,False,False,0.90022
210.04,TGO,THRUST,79828.941,25.4621603,0.3715975,-4409.076,45.27857,-121.73181,1440.02996,2279.22437,839.19441,19.65127,-4.56935,-0.01168,-1.43065,-9.98832,293.81563,-1.43065,-9.98832,36.09636,37.48014,37.4801393,1,80049.765,-428976.891,-49.765,508976.891,False,False,0.81545
210.2,TGO,THRUST,79836.029,25.4176075,0.3712364,-4404.837,44.3154,-123.41711,1445.75334,2279.21236,833.45902,19.4967,-4.54432,-0.01188,-1.45568,-9.98812,291.8066,-1.45568,-9.98812,36.16993,37.5519,37.5518993,1,80048.667,-427233.739,-48.667,507233.739,False,False,0.72114
210.34,TGO,THRUST,79842.104,25.3792991,0.3709018,-4400.907,43.47261,-124.88294,1450.77372,2279.20206,828.42834,19.36139,-4.52228,-0.01206,-1.47772,-9.98794,290.04441,-1.47772,-9.98794,36.2345,37.61492,37.6149172,1,80047.68,-425693.104,-47.68,505693.104,False,False,0.64589
210.48,TGO,THRUST,79848.061,25.3415868,0.3705499,-4396.77,42.62992,-126.3413,1455.8055,2279.19196,823.38647,19.22603,-4.50012,-0.01224,-1.49988,-9.98776,288.2783,-1.49988,-9.98776,36.29928,37.67814,37.6781427,1,80046.669,-424137.998,-46.669,504137.998,False,False,0.5809
210.62,TGO,THRUST,79853.9,25.3044255,0.3701807,-4392.428,41.78737,-127.79321,1460.84837,2279.18206,818.33369,19.09063,-4.47784,-0.01243,-1.52216,-9.98757,286.50836,-1.52216,-9.98757,36.36425,37.74159,37.7415854,1,80045.636,-422568.324,-45.636,502568.324,False,False,0.52812
210.78,TGO,THRUST,79860.422,25.2625631,0.3697378,-4387.215,40.82462,-129.44626,1466.62482,2279.17099,812.54617,18.93585,-4.45222,-0.01264,-1.54778,-9.98736,284.48103,-1.54778,-9.98736,36.43875,37.81435,37.814351,1,80044.428,-420756.462,-44.428,500756.462,False,False,0.48381
210.92,TGO,THRUST,79866.007,25.2264036,0.3693319,-4382.436,39.98233,-130.88869,1471.69033,2279.16153,807.47119,18.80039,-4.42968,-0.01284,-1.57032,-9.98716,282.70329,-1.57032,-9.98716,36.50414,37.87825,37.8782493,1,80043.343,-419155.284,-43.343,499155.284,False,False,0.45884
211.06,TGO,THRUST,79871.476,25.1906254,0.368909,-4377.453,39.14025,-132.32881,1476.76583,2279.15225,802.38642,18.66491,-4.40701,-0.01304,-1.59299,-9.98696,280.92211,-1.59299,-9.98696,36.56974,37.94237,37.9423682,1,80042.245,-417539.266,-42.245,497539.266,False,False,0.4456
211.2,TGO,THRUST,79876.826,25.1551793,0.368469,-4372.267,38.29839,-133.76785,1481.85101,2279.14317,797.29216,18.52941,-4.38422,-0.01324,-1.61578,-9.98676,279.1376,-1.61578,-9.98676,36.63554,38.0067,38.0067003,1,80041.13,-415908.31,-41.13,495908.31,False,False,0.44241
211.36,TGO,THRUST,79882.797,25.1150228,0.3679453,-4366.091,37.33653,-135.4125,1487.67416,2279.13303,791.45887,18.37456,-4.35803,-0.01347,-1.63429,-9.98653,277.09421,-1.63429,-9.98653,36.71134,38.08049,38.0804928,1,80039.834,-414025.927,-39.834,494025.927,False,False,0.4502
211.5,TGO,THRUST,79887.895,25.0801593,0.3674688,-4360.47,36.49506,-136.85249,1492.77927,2279.12437,786.3451,18.23907,-4.33498,-0.01368,-1.5945,-9.98632,275.30284,-1.5945,-9.98632,36.78036,38.1453,38.1452988,1,80038.683,-412362.57,-38.683,492362.57,False,False,0.48567
211.64,TGO,THRUST,79892.875,25.0455265,0.3669752,-4354.645,35.65363,-138.29394,1497.89343,2279.11591,781.22248,18.10358,-4.31181,-0.01388,-1.55289,-9.98612,273.50837,-1.55289,-9.98612,36.84962,38.21032,38.2103215,1,80037.515,-410683.878,-37.515,490683.878,False,False,0.53742
211.78,TGO,THRUST,79897.738,25.0111106,0.3664645,-4348.617,34.81166,-139.73719,1503.01657,2279.10765,776.09108,17.96809,-4.28852,-0.0141,-1.50929,-9.9859,271.71081,-1.50929,-9.9859,36.91914,38.27557,38.2755705,1,80036.326,-408989.696,-36.326,488989.696,False,False,0.59652
211.94,TGO,THRUST,79903.151,24.9720388,0.36586,-4341.478,33.84948,-141.3889,1508.88261,2279.09845,770.21584,17.81326,-4.26176,-0.01434,-1.45708,-9.98566,269.65267,-1.45708,-9.98566,36.99889,38.35041,38.3504118,1,80034.951,-407034.282,-34.951,487034.282,False,False,0.66246
212.08,TGO,THRUST,79907.761,24.9380834,0.3653126,-4335.012,33.00935,-142.83599,1514.02521,2279.09061,765.0654,17.67779,-4.23821,-0.01456,-1.40964,-9.98544,267.84842,-1.40964,-9.98544,37.0689,38.41614,38.4161362,1,80033.748,-405306.244,-33.748,485306.244,False,False,0.71249
212.22,TGO,THRUST,79912.255,24.9043542,0.3647481,-4328.342,32.17268,-144.2845,1519.17717,2279.08296,759.9058,17.54232,-4.21453,-0.01478,-1.3609,-9.98522,266.04097,-1.3609,-9.98522,37.13913,38.48209,38.4820906,1,80032.559,-403562.047,-32.559,483562.047,False,False,0.75212
212.36,TGO,THRUST,79916.633,24.870865,0.3641664,-4321.468,31.34123,-145.73404,1524.33872,2279.07552,754.7368,17.40684,-4.19073,-0.015,-1.31122,-9.985,264.23022,-1.31122,-9.985,37.20953,38.54827,38.5482675,1,80031.398,-401801.445,-31.398,481801.445,False,False,0.78052
212.52,TGO,THRUST,79921.495,24.8329066,0.3634806,-4313.361,30.39939,-147.39125,1530.24968,2279.06724,748.81756,17.252,-4.16338,-0.01526,-1.25372,-9.98474,262.15667,-1.25372,-9.98474,37.29022,38.62418,38.6241801,1,80030.119,-399768.916,-30.119,479768.916,False,False,0.80003
212.66,TGO,THRUST,79925.628,24.7999883,0.3628621,-4306.048,29.58405,-148.84124,1535.43258,2279.06021,743.62763,17.11651,-4.1393,-0.01548,-1.20308,-9.98452,260.33861,-1.20308,-9.98452,37.361,38.69085,38.6908515,1,80029.052,-397972.307,-29.052,477972.307,False,False,0.80739
212.8,TGO,THRUST,79929.648,24.7673621,0.3622264,-4298.53,28.77772,-150.29065,1540.62577,2279.05336,738.42759,16.98099,-4.1151,-0.01571,-1.15232,-9.98429,258.51702,-1.15232,-9.98429,37.43193,38.75775,38.7577489,1,80028.038,-396158.504,-28.038,476158.504,False,False,0.80714
212.94,TGO,THRUST,79933.556,24.7350425,0.3615736,-4290.808,27.98102,-151.739,1545.82943,2279.04671,733.21728,16.84546,-4.09077,-0.01593,-1.10158,-9.98407,256.69184,-1.10158,-9.98407,37.50302,38.82488,38.8248826,1,80027.08,-394327.258,-27.08,474327.258,False,False,0.80082
213.1,TGO,THRUST,79937.889,24.6984965,0.3608064,-4281.732,27.08295,-153.39245,1551.78948,2279.03932,727.24984,16.69054,-4.0628,-0.01619,-1.04377,-9.98381,254.60146,-1.04377,-9.98381,37.58445,38.90189,38.9018896,1,80026.054,-392212.736,-26.054,472212.736,False,False,0.78816
213.24,TGO,THRUST,79941.564,24.6668693,0.3601169,-4273.573,26.30848,-154.83732,1557.01604,2279.03306,722.01702,16.55496,-4.03818,-0.01642,-0.99346,-9.98358,252.76843,-0.99346,-9.98358,37.65587,38.96952,38.9695195,1,80025.219,-390343.301,-25.219,470343.301,False,False,0.77381
213.38,TGO,THRUST,79945.132,24.6355732,0.3594102,-4265.209,25.54471,-156.28022,1562.25342,2279.02698,716.77356,16.41936,-4.01343,-0.01665,-0.94343,-9.98335,250.93169,-0.94343,-9.98335,37.72745,39.03739,39.0373895,1,80024.441,-388455.674,-24.441,468455.674,False,False,0.75737
213.52,TGO,THRUST,79948.595,24.6046094,0.3586864,-4256.642,24.7918,-157.72104,1567.50167,2279.02108,711.5194,16.28373,-3.98855,-0.01687,-0.89373,-9.98313,249.09122,-0.89373,-9.98313,37.79918,39.10549,39.1054917,1,80023.718,-386549.625,-23.718,466549.625,False,False,0.73954
213.68,TGO,THRUST,79952.426,24.569626,0.3578384,-4246.602,23.94484,-159.36514,1573.51302,2279.01454,705.50152,16.1287,-3.95995,-0.01713,-0.8374,-9.98287,246.98325,-0.8374,-9.98287,37.88135,39.18362,39.183617,1,80022.958,-384348.428,-22.958,464348.428,False,False,0.7182
213.82,TGO,THRUST,79955.668,24.5393633,0.3570781,-4237.6,23.21577,-160.80155,1578.78464,2279.00901,700.22438,15.99302,-3.93477,-0.01736,-0.7886,-9.98264,245.13476,-0.7886,-9.98264,37.95343,39.25224,39.2522355,1,80022.351,-382402.124,-22.351,462402.124,False,False,0.69929
213.96,TGO,THRUST,79958.811,24.509417,0.3563008,-4228.395,22.49793,-162.2361,1584.06712,2279.00365,694.93653,15.85732,-3.90947,-0.01758,-0.74025,-9.98242,243.28255,-0.74025,-9.98242,38.02567,39.32109,39.3210901,1,80021.795,-380436.679,-21.795,460436.679,False,False,0.68031
214.1,TGO,THRUST,79961.855,24.4797778,0.3555065,-4218.988,21.79139,-163.66897,1589.36046,2278.99846,689.638,15.7216,-3.88402,-0.01781,-0.69239,-9.98219,241.42661,-0.69239,-9.98219,38.09808,39.39019,39.3901912,1,80021.289,-378451.862,-21.289,458451.862,False,False,0.66123
214.26,TGO,THRUST,79965.214,24.4462682,0.3545779,-4207.99,20.99789,-165.30475,1595.42321,2278.99272,683.56951,15.56647,-3.85478,-0.01806,-0.63836,-9.98194,239.301,-0.63836,-9.98194,38.18104,39.46946,39.4694594,1,80020.77,-376159.483,-20.77,456159.483,False,False,0.63947
214.4,TGO,THRUST,79968.052,24.417255,0.3537473,-4198.15,20.31596,-166.73472,1600.73966,2278.98787,678.24821,15.4307,-3.82904,-0.01828,-0.59172,-9.98172,237.43712,-0.59172,-9.98172,38.25381,39.53908,39.5390788,1,80020.365,-374132.37,-20.365,454132.37,False,False,0.62068
214.54,TGO,THRUST,79970.796,24.3885181,0.3528997,-4188.108,19.64554,-168.16369,1606.06683,2278.98319,672.91635,15.29492,-3.80316,-0.01851,-0.54568,-9.98149,235.56957,-0.54568,-9.98149,38.32676,39.60895,39.608949,1,80020.005,-372085.143,-20.005,452085.143,False,False,0.60201
214.68,TGO,THRUST,79973.448,24.3600487,0.3520351,-4177.865,18.98666,-169.59186,1611.40469,2278.97865,667.57396,15.15913,-3.77715,-0.01873,-0.50027,-9.98127,233.69835,-0.50027,-9.98127,38.39989,39.67906,39.6790618,1,80019.688,-370017.559,-19.688,450017.559,False,False,0.58332
214.84,TGO,THRUST,79976.368,24.3278299,0.3510264,-4165.911,18.2478,-171.22328,1617.51816,2278.97366,661.4555,15.00392,-3.74725,-0.01898,-0.44917,-9.98102,231.55533,-0.44917,-9.98102,38.4837,39.7595,39.7594981,1,80019.375,-367629.355,-19.375,447629.355,False,False,0.5619
214.98,TGO,THRUST,79978.828,24.29991,0.3501256,-4155.236,17.61377,-172.65022,1622.87885,2278.96945,656.0906,14.86809,-3.72094,-0.0192,-0.40522,-9.9808,229.67627,-0.40522,-9.9808,38.55723,39.83015,39.8301501,1,80019.143,-365517.29,-19.143,445517.29,False,False,0.54328
215.12,TGO,THRUST,79981.201,24.2722381,0.3492079,-4144.36,16.99128,-174.07674,1628.25019,2278.96539,650.7152,14.73225,-3.69449,-0.01941,-0.36198,-9.98059,227.79355,-0.36198,-9.98059,38.63095,39.90105,39.901049,1,80018.947,-363384.052,-18.947,443384.052,False,False,0.52464
215.26,TGO,THRUST,79983.489,24.2448104,0.3482733,-4133.282,16.38029,-175.50289,1633.63218,2278.96148,645.3293,14.59641,-3.6679,-0.01963,-0.31945,-9.98037,225.90717,-0.31945,-9.98037,38.70488,39.97221,39.9722054,1,80018.785,-361229.37,-18.785,441229.37,False,False,0.50589
215.42,TGO,THRUST,79986.001,24.2137593,0.3471844,-4120.375,15.69606,-177.13239,1639.79607,2278.95718,639.16111,14.44114,-3.63734,-0.01987,-0.27175,-9.98013,223.74683,-0.27175,-9.98013,38.7896,40.05383,40.0538334,1,80018.64,-358740.259,-18.64,438740.259,False,False,0.4845
215.54,TGO,THRUST,79988.111,24.1868463,0.3462136,-4108.866,15.10968,-178.55784,1645.20091,2278.95356,633.75265,14.30527,-3.61045,-0.02009,-0.23084,-9.97991,221.8526,-0.23084,-9.97991,38.86395,40.12553,40.1255339,1,80018.546,-356538.675,-18.546,436538.675,False,False,0.46619
215.7,TGO,THRUST,79990.133,24.160171,0.3452258,-4097.156,14.53463,-179.98295,1650.61648,2278.95009,628.33362,14.16938,-3.58342,-0.0203,-0.19057,-9.9797,219.95468,-0.19057,-9.9797,38.93851,40.19749,40.1974916,1,80018.476,-354314.746,-18.476,434314.746,False,False,0.44849
215.84,TGO,THRUST,79992.084,24.1337326,0.3442212,-4085.245,13.97075,-181.40769,1656.04277,2278.94676,622.90399,14.03349,-3.55624,-0.0205,-0.15103,-9.9795,218.05307,-0.15103,-9.9795,39.01328,40.26971,40.2697078,1,80018.432,-352068.174,-18.432,432068.174,False,False,0.43138
216,TGO,THRUST,79994.219,24.1038057,0.3430523,-4071.386,13.3398,-183.03549,1662.25741,2278.94309,616.68568,13.87817,-3.52501,-0.02074,-0.10687,-9.97926,215.87528,-0.10687,-9.97926,39.099,40.35256,40.352559,1,80018.415,-349472.543,-18.415,429472.543,False,False,0.41248
216.14,TGO,THRUST,79996.007,24.0778711,0.3420115,-4059.045,12.79937,-184.45936,1667.70678,2278.94003,611.23324,13.74225,-3.49752,-0.02094,-0.069,-9.97906,213.96573,-0.069,-9.97906,39.17424,40.42533,40.425334,1,80018.423,-347176.414,-18.423,427176.414,False,False,0.39671
216.28,TGO,THRUST,79997.72,24.0521692,0.3409538,-4046.502,12.26957,-185.88281,1673.16696,2278.93708,605.77012,13.60633,-3.46989,-0.02115,-0.0318,-9.97885,212.05245,-0.0318,-9.97885,39.24971,40.49837,40.498372,1,80018.45,-344856.666,-18.45,424856.666,False,False,0.38154
216.42,TGO,THRUST,79999.361,24.0266994,0.3398792,-4033.758,11.75024,-187.30582,1678.63799,2278.93427,600.29627,13.47039,-3.44211,-0.02135,0.00475,-9.97865,210.13545,0.00475,-9.97865,39.3254,40.57167,40.5716743,1,80018.494,-342512.974,-18.494,422512.974,False,False,0.36688
216.58,TGO,THRUST,80001.149,23.9978732,0.3386304,-4018.949,11.16938,-188.93155,1684.9039,2278.93119,594.02729,13.31502,-3.41019,-0.02157,0.04575,-9.97843,207.93999,0.04575,-9.97843,39.41219,40.65577,40.655774,1,80018.563,-339804.73,-18.563,419804.73,False,False,0.35059
216.72,TGO,THRUST,80002.639,23.9728955,0.3375197,-4005.775,10.67214,-190.35357,1690.39825,2278.92863,588.53038,13.17907,-3.3821,-0.02177,0.08094,-9.97823,206.01495,0.08094,-9.97823,39.48838,40.72965,40.7296478,1,80018.637,-337408.618,-18.637,417408.618,False,False,0.3368
216.86,TGO,THRUST,80004.061,23.9481441,0.3363921,-3992.401,10.18503,-191.77515,1695.90352,2278.92618,583.02266,13.0431,-3.35386,-0.02196,0.11549,-9.97804,204.08614,0.11549,-9.97804,39.56482,40.80379,40.8037905,1,80018.724,-334987.51,-18.724,414987.51,False,False,0.32333
217,TGO,THRUST,80005.417,23.9236171,0.3352476,-3978.826,9.70797,-193.1963,1701.41974,2278.92385,577.50411,12.90712,-3.32548,-0.02215,0.14943,-9.97785,202.15356,0.14943,-9.97785,39.64149,40.8782,40.8782037,1,80018.822,-332541.057,-18.822,412541.057,False,False,0.31014
217.16,TGO,THRUST,80006.886,23.895858,0.333919,-3963.067,9.17498,-194.81995,1707.73742,2278.92131,571.18389,12.75171,-3.29285,-0.02237,0.18745,-9.97763,199.94025,0.18745,-9.97763,39.72942,40.96358,40.9635803,1,80018.944,-329713.622,-18.944,409713.622,False,False,0.29545
217.3,TGO,THRUST,80008.103,23.8718047,0.3327385,-3949.063,8.71926,-196.24022,1713.27718,2278.91921,565.64203,12.61572,-3.26415,-0.02255,0.22002,-9.97745,197.99955,0.22002,-9.97745,39.80662,41.03858,41.038578,1,80019.06,-327211.656,-19.06,407211.656,False,False,0.28305
217.44,TGO,THRUST,80009.258,23.8479681,0.331541,-3934.858,8.27334,-197.66012,1718.82795,2278.91722,560.08927,12.47971,-3.23529,-0.02274,0.25197,-9.97726,196.05505,0.25197,-9.97726,39.88407,41.11385,41.1138507,1,80019.182,-324683.21,-19.182,404683.21,False,False,0.27099
217.58,TGO,THRUST,80010.352,23.8243459,0.3303268,-3920.453,7.83715,-199.07969,1724.38976,2278.91533,554.52557,12.3437,-3.20628,-0.02292,0.2833,-9.97708,194.10673,0.2833,-9.97708,39.96178,41.1894,41.1894001,1,80019.31,-322127.907,-19.31,402127.907,False,False,0.25928
217.74,TGO,THRUST,80011.53,23.7976086,0.3289184,-3903.745,7.3505,-200.70168,1730.75966,2278.91329,548.15363,12.18825,-3.17294,-0.02312,0.31832,-9.97688,191.87541,0.31832,-9.97688,40.05091,41.27608,41.276083,1,80019.461,-319174.181,-19.461,399174.181,False,False,0.24638
217.88,TGO,THRUST,80012.498,23.7744384,0.3276681,-3888.911,6.93498,-202.12061,1736.34521,2278.91161,542.5664,12.05222,-3.14361,-0.02329,0.34828,-9.97671,189.9189,0.34828,-9.97671,40.12918,41.35223,41.3522303,1,80019.596,-316560.023,-19.596,396560.023,False,False,0.23561
218.02,TGO,THRUST,80013.409,23.7514748,0.3264009,-3873.877,6.52896,-203.53929,1741.94187,2278.91003,536.96816,11.91619,-3.11412,-0.02347,0.3776,-9.97653,187.95855,0.3776,-9.97653,40.20771,41.42866,41.4286592,1,80019.734,-313917.775,-19.734,393917.775,False,False,0.22529
218.16,TGO,THRUST,80014.265,23.7287157,0.3251169,-3858.643,6.13234,-204.95775,1747.54967,2278.90854,531.35887,11.78015,-3.08448,-0.02364,0.40629,-9.97636,185.99435,0.40629,-9.97636,40.28651,41.50537,41.5053711,1,80019.872,-311247.031,-19.872,391247.031,False,False,0.2154
218.32,TGO,THRUST,80015.177,23.7029534,0.3236288,-3840.987,5.6905,-206.57859,1753.97227,2278.90696,524.93469,11.62466,-3.05041,-0.02383,0.4383,-9.97617,183.74483,0.4383,-9.97617,40.3769,41.59339,41.5933904,1,80020.03,-308159.318,-20.03,388159.318,False,False,0.20462
218.46,TGO,THRUST,80015.919,23.6806266,0.3223088,-3825.325,5.31379,-207.99661,1759.60404,2278.90566,519.30162,11.4886,-3.02043,-0.02399,0.46564,-9.97601,181.77234,0.46564,-9.97601,40.45628,41.67071,41.6707141,1,80020.167,-305426.088,-20.167,385426.088,False,False,0.1957
218.6,TGO,THRUST,80016.609,23.6584981,0.3209719,-3809.462,4.94625,-209.41445,1765.24705,2278.90446,513.65741,11.35254,-2.9903,-0.02415,0.49235,-9.97585,179.79598,0.49235,-9.97585,40.53594,41.74833,41.7483258,1,80020.302,-302663.019,-20.302,382663.019,False,False,0.1872
218.74,TGO,THRUST,80017.249,23.6365662,0.3196181,-3793.399,4.58779,-210.83214,1770.90131,2278.90334,508.00203,11.21647,-2.96001,-0.0243,0.51843,-9.9757,177.81572,0.51843,-9.9757,40.61588,41.82623,41.8262272,1,80020.435,-299869.668,-20.435,379869.668,False,False,0.17914
218.9,TGO,THRUST,80017.921,23.6117402,0.3180504,-3774.796,4.18915,-212.45215,1777.37716,2278.90216,501.52499,11.06096,-2.9252,-0.02448,0.54746,-9.97552,175.54778,0.54746,-9.97552,40.70759,41.91561,41.9156141,1,80020.582,-296639.6,-20.582,376639.6,False,False,0.17048
219.04,TGO,THRUST,80018.459,23.5902254,0.3166607,-3758.305,3.84989,-213.86948,1783.05568,2278.90121,495.84553,10.92487,-2.89457,-0.02463,0.5722,-9.97537,173.55913,0.5722,-9.97537,40.78814,41.99414,41.9941416,1,80020.706,-293779.81,-20.706,373779.81,False,False,0.16338
219.18,TGO,THRUST,80018.95,23.5689028,0.3152541,-3741.613,3.51945,-215.28665,1788.74557,2278.90035,490.15478,10.78879,-2.86379,-0.02477,0.5963,-9.97523,171.56655,0.5963,-9.97523,40.86898,42.07296,42.0729639,1,80020.825,-290888.276,-20.825,370888.276,False,False,0.15678
219.32,TGO,THRUST,80019.396,23.547771,0.3138307,-3724.722,3.19777,-216.70365,1794.44687,2278.89956,484.45269,10.65269,-2.83284,-0.02492,0.61979,-9.97508,169.57001,0.61979,-9.97508,40.95011,42.15208,42.1520827,1,80020.938,-287964.512,-20.938,367964.512,False,False,0.15061
219.48,TGO,THRUST,80019.852,23.5238526,0.3121833,-3705.173,2.84074,-218.32289,1800.97665,2278.89874,477.92209,10.49715,-2.79727,-0.02508,0.64586,-9.97492,167.28341,0.64586,-9.97492,41.04319,42.24287,42.2428693,1,80021.059,-284582.965,-21.059,364582.965,False,False,0.14415
219.62,TGO,THRUST,80020.206,23.5031266,0.3107239,-3687.854,2.53752,-219.73952,1806.70253,2278.89811,472.19558,10.36104,-2.76597,-0.02521,0.66801,-9.97479,165.27836,0.66801,-9.97479,41.12496,42.32263,42.322629,1,80021.158,-281588.453,-21.158,361588.453,False,False,0.13909
219.76,TGO,THRUST,80020.519,23.4825879,0.3092476,-3670.334,2.2428,-221.15596,1812.43994,2278.89755,466.45761,10.22493,-2.73451,-0.02534,0.68955,-9.97466,163.26932,0.68955,-9.97466,41.20702,42.40269,42.4026905,1,80021.249,-278560.115,-21.249,358560.115,False,False,0.13457
219.9,TGO,THRUST,80020.791,23.462235,0.3077545,-3652.615,1.95648,-222.57223,1818.18891,2278.89705,460.70814,10.08881,-2.70289,-0.02547,0.71048,-9.97453,161.25628,0.71048,-9.97453,41.28939,42.48306,42.4830554,1,80021.332,-275497.425,-21.332,355497.425,False,False,0.1306
220.06,TGO,THRUST,80021.056,23.4392006,0.3060276,-3632.12,1.63944,-224.1906,1824.77339,2278.89657,454.12318,9.93324,-2.66655,-0.02561,0.73365,-9.97439,158.95073,0.73365,-9.97439,41.3839,42.57527,42.5752748,1,80021.417,-271954.449,-21.417,351954.449,False,False,0.12672
220.2,TGO,THRUST,80021.246,23.4192425,0.3044985,-3613.973,1.37086,-225.60647,1830.54729,2278.89621,448.34893,9.79711,-2.63457,-0.02573,0.75328,-9.97427,156.92904,0.75328,-9.97427,41.46693,42.6563,42.6562959,1,80021.481,-268816.309,-21.481,348816.309,False,False,0.12399
220.34,TGO,THRUST,80021.401,23.3994664,0.3029526,-3595.626,1.11042,-227.02215,1836.33288,2278.89592,442.56304,9.66097,-2.60243,-0.02585,0.77231,-9.97415,154.9033,0.77231,-9.97415,41.55027,42.73763,42.737626,1,80021.536,-265642.078,-21.536,345642.078,False,False,-0.12181
220.48,TGO,THRUST,80021.52,23.3798714,0.3013898,-3577.08,0.85804,-228.43764,1842.1302,2278.89568,436.76548,9.52483,-2.57012,-0.02596,0.79074,-9.97404,152.8735,0.79074,-9.97404,41.63392,42.81927,42.8192667,1,80021.581,-262431.177,-21.581,342431.177,False,False,-0.12018
220.64,TGO,THRUST,80021.615,23.3576965,0.2995833,-3555.639,0.57937,-230.05512,1848.77013,2278.89549,430.12536,9.36923,-2.53299,-0.02609,0.81109,-9.97391,150.54872,0.81109,-9.97391,41.7299,42.91295,42.9129532,1,80021.62,-258715.918,-21.62,338715.918,False,False,-0.11894
220.78,TGO,THRUST,80021.663,23.3384851,0.2979846,-3536.665,0.34399,-231.47021,1854.59274,2278.89538,424.30264,9.23307,-2.50032,-0.02619,0.82828,-9.97381,148.51015,0.82828,-9.97381,41.81423,42.99527,42.9952658,1,80021.643,-255424.433,-21.643,335424.433,False,False,-0.11846
220.92,TGO,THRUST,80021.678,23.3194505,0.2963691,-3517.491,0.1164,-232.88511,1860.4272,2278.89532,418.46812,9.09691,-2.46748,-0.02629,0.84489,-9.97371,146.46746,0.84489,-9.97371,41.89888,43.07789,43.0778948,1,80021.656,-252094.38,-21.656,332094.38,False,False,-0.11843
221.06,TGO,THRUST,80021.664,23.3005909,0.2947367,-3498.117,-0.10347,-234.29985,1866.27356,2278.89532,412.62175,8.96075,-2.43447,-0.02638,0.86095,-9.97362,144.42064,0.86095,-9.97362,41.98385,43.16084,43.160842,1,80021.657,-248725.125,-21.657,328725.125,False,False,-0.1188
221.22,TGO,THRUST,80021.61,23.2792499,0.2928506,-3475.732,-0.34542,-235.9165,1872.96974,2278.89537,405.92563,8.80512,-2.39653,-0.02649,0.87861,-9.97351,142.07634,0.87861,-9.97351,42.08137,43.25603,43.2560309,1,80021.645,-244825.716,-21.645,324825.716,False,False,-0.11965
221.36,TGO,THRUST,80021.533,23.2607615,0.2911823,-3455.931,-0.54905,-237.3309,1878.84175,2278.89548,400.05373,8.66894,-2.36315,-0.02657,0.8935,-9.97343,140.02062,0.8935,-9.97343,42.16704,43.33967,43.3396662,1,80021.623,-241370.263,-21.623,321370.263,False,False,-0.12073
221.5,TGO,THRUST,80021.429,23.2424436,0.2894972,-3435.931,-0.74529,-238.74516,1884.72577,2278.89563,394.16985,8.53276,-2.3296,-0.02666,0.90787,-9.97334,137.96073,0.90787,-9.97334,42.25304,43.42363,43.4236255,1,80021.589,-237873.529,-21.589,317873.529,False,False,-0.12209
221.64,TGO,THRUST,80021.298,23.2242948,0.2877953,-3415.731,-0.93415,-240.1593,1890.62186,2278.89582,388.27396,8.39657,-2.29587,-0.02673,0.92172,-9.97327,135.89664,0.92172,-9.97327,42.33937,43.50791,43.5079108,1,80021.544,-234334.821,-21.544,314334.821,False,False,-0.12367
221.8,TGO,THRUST,80021.117,23.2037594,0.2858297,-3392.401,-1.14101,-241.77529,1897.37509,2278.89609,381.521,8.24092,-2.25711,-0.02682,0.93691,-9.97318,133.53253,0.93691,-9.97318,42.43845,43.60464,43.6046383,1,80021.477,-230238.273,-21.477,310238.273,False,False,-0.12575
221.94,TGO,THRUST,80020.934,23.1859701,0.2840918,-3371.773,-1.31426,-243.18913,1903.2972,2278.89638,375.59918,8.10472,-2.223,-0.02688,0.94965,-9.97312,131.45941,0.94965,-9.97312,42.52551,43.68963,43.6896285,1,80021.407,-226607.209,-21.407,306607.209,False,False,-0.12782
222.08,TGO,THRUST,80020.726,23.1683462,0.2823371,-3350.947,-1.4803,-244.60286,1909.23151,2278.89671,369.6652,7.96851,-2.18872,-0.02695,0.96186,-9.97305,129.38205,0.96186,-9.97305,42.6129,43.77495,43.7749505,1,80021.325,-222931.888,-21.325,302931.888,False,False,-0.13
222.22,TGO,THRUST,80020.497,23.1508865,0.2805656,-3329.92,-1.63919,-246.01647,1915.17806,2278.89707,363.71901,7.8323,-2.15426,-0.02701,0.97354,-9.97299,127.30043,0.97354,-9.97299,42.70064,43.86061,43.8606065,1,80021.231,-219211.547,-21.231,299211.547,False,False,-0.13226
222.38,TGO,THRUST,80020.209,23.1311326,0.2785205,-3305.646,-1.81214,-247.63187,1921.98919,2278.89753,356.90834,7.67663,-2.11466,-0.02707,0.98628,-9.97293,124.9162,0.98628,-9.97293,42.80133,43.95891,43.9589105,1,80021.109,-214903.601,-21.109,294903.601,False,False,-0.13501
222.52,TGO,THRUST,80019.936,23.1140221,0.276713,-3284.193,-1.95599,-249.0452,1927.96215,2278.89797,350.93582,7.5404,-2.07981,-0.02712,0.9969,-9.97288,122.8254,0.9969,-9.97288,42.8898,44.04529,44.0452886,1,80020.99,-211084.139,-20.99,291084.139,False,False,-0.13762
222.66,TGO,THRUST,80019.644,23.097072,0.2748887,-3262.54,-2.09286,-250.45843,1933.9475,2278.89844,344.95094,7.40418,-2.04479,-0.02716,1.00699,-9.97284,120.7303,1.00699,-9.97284,42.97863,44.13201,44.1320068,1,80020.859,-207217.148,-20.859,287217.148,False,False,-0.1403
222.8,TGO,THRUST,80019.333,23.0802813,0.2730477,-3240.688,-2.22281,-251.87156,1939.94527,2278.89894,338.95367,7.26794,-2.00958,-0.0272,1.01656,-9.9728,118.63087,1.01656,-9.9728,43.0678,44.21907,44.2190672,1,80020.717,-203301.791,-20.717,283301.791,False,False,-0.14297
222.96,TGO,THRUST,80018.957,23.0612858,0.2709231,-3215.47,-2.36293,-253.48644,1946.81516,2278.89955,332.08439,7.11224,-1.96912,-0.02724,1.02686,-9.97276,116.2262,1.02686,-9.97276,43.17015,44.31899,44.3189864,1,80020.54,-198766.766,-20.54,278766.766,False,False,-0.14597
223.1,TGO,THRUST,80018.611,23.0448342,0.269046,-3193.191,-2.47827,-254.89931,1952.83975,2278.90012,326.06037,6.976,-1.93352,-0.02726,1.03534,-9.97274,114.11745,1.03534,-9.97274,43.26009,44.40679,44.4067868,1,80020.373,-194744.839,-20.373,274744.839,False,False,-0.14857
223.24,TGO,THRUST,80018.249,23.0285388,0.2671522,-3170.713,-2.58691,-256.31208,1958.87692,2278.90071,320.02379,6.83975,-1.89773,-0.02729,1.04333,-9.97271,112.00432,1.04333,-9.97271,43.35038,44.49494,44.4949358,1,80020.195,-190671.775,-20.195,270671.775,False,False,-0.1511
223.38,TGO,THRUST,80017.874,23.0123983,0.2652416,-3148.035,-2.68891,-257.72475,1964.92671,2278.90133,313.97461,6.70349,-1.86176,-0.0273,1.05084,-9.9727,109.88679,1.05084,-9.9727,43.44104,44.58344,44.5834354,1,80020.006,-186546.648,-20.006,266546.648,False,False,-0.15353
223.54,TGO,THRUST,80017.428,22.9941405,0.2630375,-3121.873,-2.79743,-259.33912,1971.85629,2278.90206,307.04577,6.54777,-1.82042,-0.02732,1.05885,-9.97268,107.46136,1.05885,-9.97268,43.54509,44.68501,44.68501,1,80019.776,-181767.248,-19.776,261767.248,False,False,-0.15615
223.68,TGO,THRUST,80017.021,22.9783288,0.261091,-3098.769,-2.88541,-260.75158,1977.9333,2278.90272,300.96942,6.4115,-1.78405,-0.02732,1.06537,-9.97268,105.33436,1.06537,-9.97268,43.63652,44.77427,44.7742681,1,80019.564,-177527.333,-19.564,257527.333,False,False,-0.15826
223.82,TGO,THRUST,80016.603,22.9626687,0.2591276,-3075.465,-2.96696,-262.16396,1984.02312,2278.90342,294.8803,6.27523,-1.74749,-0.02732,1.07266,-9.97268,103.20291,1.07266,-9.97268,43.72829,44.86388,44.8638835,1,80019.333,-173232.297,-19.333,253232.297,False,False,-0.15885
223.96,TGO,THRUST,80016.178,22.9471589,0.2571475,-3051.961,-3.04213,-263.57626,1990.12574,2278.90412,288.77838,6.13896,-1.71074,-0.02732,1.07838,-9.97268,101.06699,1.07838,-9.97268,43.82045,44.95386,44.9538584,1,80019.101,-168881.113,-19.101,248881.113,False,False,-0.16044
224.12,TGO,THRUST,80015.681,22.9296166,0.2548639,-3024.857,-3.12035,-265.19021,1997.11593,2278.90494,281.78901,5.98321,-1.6685,-0.02731,1.08444,-9.97269,98.62045,1.08444,-9.97269,43.92624,45.05713,45.0571297,1,80018.822,-163838.231,-18.822,243838.231,False,False,-0.16204
224.26,TGO,THRUST,80015.237,22.9144268,0.2528478,-3000.926,-3.18214,-266.6023,2003.24621,2278.90568,275.65947,5.84692,-1.63134,-0.02729,1.08938,-9.97271,96.47491,1.08938,-9.97271,44.0192,45.14788,45.1478822,1,80018.568,-159363.161,-18.568,239363.161,False,False,-0.16336
224.4,TGO,THRUST,80014.785,22.8993844,0.2508149,-2976.797,-3.23774,-268.01432,2009.38947,2278.90643,269.51696,5.71063,-1.59399,-0.02727,1.09396,-9.97273,94.32483,1.09396,-9.97273,44.11253,45.239,45.2390009,1,80018.305,-154828.556,-18.305,234828.556,False,False,-0.16457
224.54,TGO,THRUST,80014.326,22.8844881,0.2487652,-2952.469,-3.28717,-269.42627,2015.54576,2278.90719,263.36143,5.57433,-1.55644,-0.02724,1.09819,-9.97276,92.17022,1.09819,-9.97276,44.20624,45.33049,45.3304882,1,80018.033,-150233.281,-18.033,230233.281,False,False,-0.16563
224.7,TGO,THRUST,80013.794,22.867642,0.2464022,-2924.421,-3.33616,-271.03982,2022.59755,2278.90808,256.31053,5.41856,-1.51329,-0.0272,1.10259,-9.9728,89.70223,1.10259,-9.9728,44.31379,45.4355,45.4354993,1,80017.711,-144905.753,-17.711,224905.753,False,False,-0.16661
224.84,TGO,THRUST,80013.324,22.853057,0.2443166,-2899.666,-3.37253,-272.45157,2028.78194,2278.90886,250.12692,5.28225,-1.47532,-0.02716,1.10612,-9.97284,87.53783,1.10612,-9.97284,44.40831,45.52778,45.5277839,1,80017.421,-140176.507,-17.421,220176.507,False,False,-0.16734
224.98,TGO,THRUST,80012.849,22.8386155,0.2422142,-2874.711,-3.40287,-273.86325,2034.97952,2278.90965,243.93013,5.14593,-1.43716,-0.02711,1.10935,-9.97289,85.36883,1.10935,-9.97289,44.50321,45.62044,45.6204441,1,80017.122,-135382.829,-17.122,215382.829,False,False,-0.16787
225.12,TGO,THRUST,80012.371,22.8243164,0.240095,-2849.557,-3.42721,-275.27485,2041.19034,2278.91045,237.72011,5.00961,-1.3988,-0.02706,1.1123,-9.97294,83.19521,1.1123,-9.97294,44.5985,45.71348,45.7134823,1,80016.816,-130523.455,-16.816,210523.455,False,False,-0.16821
225.28,TGO,THRUST,80011.821,22.8081477,0.2376525,-2820.567,-3.44775,-276.88803,2048.3047,2278.91137,230.60666,4.85381,-1.35471,-0.027,1.11537,-9.973,80.70541,1.11537,-9.973,44.70786,45.82028,45.8202774,1,80016.456,-124887.777,-16.456,204887.777,False,False,-0.16833
225.42,TGO,THRUST,80011.339,22.7941513,0.2354973,-2794.986,-3.45939,-278.29946,2054.54408,2278.91218,224.3681,4.71748,-1.31592,-0.02693,1.11784,-9.97307,78.52184,1.11784,-9.97307,44.80397,45.91413,45.9141333,1,80016.134,-119883.217,-16.134,199883.217,False,False,-0.16831
225.56,TGO,THRUST,80010.855,22.7802947,0.2333254,-2769.207,-3.46515,-279.71081,2060.79686,2278.91299,218.11613,4.58115,-1.27692,-0.02686,1.12011,-9.97314,76.3336,1.12011,-9.97314,44.90047,46.00837,46.0083745,1,80015.806,-114808.771,-15.806,194808.771,False,False,-0.16813
225.7,TGO,THRUST,80010.372,22.7665769,0.2311367,-2743.228,-3.46504,-281.12209,2067.06309,2278.9138,211.8507,4.44481,-1.23773,-0.02678,1.12221,-9.97322,74.14066,1.12221,-9.97322,44.99736,46.103,46.1030033,1,80015.471,-109663.032,-15.471,189663.032,False,False,-0.16786
225.86,TGO,THRUST,80009.821,22.7510682,0.2286147,-2713.295,-3.45775,-282.73489,2074.24105,2278.91472,204.67367,4.28899,-1.19268,-0.02668,1.12443,-9.97332,71.62868,1.12443,-9.97332,45.10857,46.21163,46.2116283,1,80015.081,-103693.032,-15.081,183693.032,False,False,-0.16753
226,TGO,THRUST,80009.34,22.7376453,0.2263901,-2686.889,-3.44513,-284.146,2080.5363,2278.91553,198.37923,4.15263,-1.15305,-0.02659,1.12625,-9.97341,69.42562,1.12625,-9.97341,45.2063,46.3071,46.307096,1,80014.734,-98389.599,-14.734,178389.599,False,False,-0.16733
226.14,TGO,THRUST,80008.863,22.7243584,0.2241486,-2660.285,-3.4266,-285.55704,2086.84517,2278.91633,192.07116,4.01628,-1.11321,-0.02649,1.12791,-9.97351,67.21782,1.12791,-9.97351,45.30443,46.40296,46.4029589,1,80014.382,-93010.196,-14.382,173010.196,False,False,-0.16715
226.28,TGO,THRUST,80008.388,22.7112063,0.2218904,-2633.481,-3.40215,-286.96801,2093.16771,2278.91713,185.74942,3.87992,-1.07317,-0.02639,1.22821,-9.97361,65.00524,1.22821,-9.97361,45.4004,46.49922,46.4992195,1,80014.024,-87553.249,-14.024,167553.249,False,False,-0.06987
226.44,TGO,THRUST,80007.852,22.6963397,0.219289,-2602.605,-3.36728,-288.58047,2100.41029,2278.91803,178.50775,3.72407,-1.02714,-0.02626,1.34968,-9.97374,62.47072,1.34968,-9.97374,45.5101,46.60972,46.6097219,1,80013.611,-81219.701,-13.611,161219.701,False,False,0.12476
226.58,TGO,THRUST,80007.388,22.6834747,0.2169948,-2575.375,-3.33175,-289.99129,2106.76234,2278.91882,172.15647,3.5877,-0.98665,-0.02614,1.44883,-9.97386,60.24785,1.44883,-9.97386,45.60649,46.70684,46.7068432,1,80013.25,-75591.046,-13.25,155591.046,False,False,0.22213
226.72,TGO,THRUST,80006.93,22.6707419,0.2146838,-2547.946,-3.29081,-291.40206,2113.12825,2278.91959,165.79133,3.45132,-0.94594,-0.02601,1.54028,-9.97399,58.02013,1.54028,-9.97399,45.70335,46.80437,46.80437,1,80012.887,-69879.594,-12.887,149879.594,False,False,0.29845
226.86,TGO,THRUST,80006.479,22.6581406,0.2123561,-2520.318,-3.24197,-292.81275,2119.508,2278.92035,159.41235,3.31494,-0.90503,-0.02588,1.62115,-9.97412,55.7876,1.62115,-9.97412,45.80082,46.90231,46.9023051,1,80012.514,-64083.636,-12.514,144083.636,False,False,0.34454
227.02,TGO,THRUST,80005.975,22.6438992,0.2096753,-2488.499,-3.1725,-294.42487,2126.81605,2278.92121,152.10516,3.15907,-0.85801,-0.02572,1.69598,-9.97428,53.23025,1.69598,-9.97428,45.91321,47.01473,47.0147338,1,80012.061,-57353.962,-12.061,137353.962,False,False,0.35621
227.16,TGO,THRUST,80005.546,22.6315777,0.2073116,-2460.444,-3.09654,-295.83535,2133.22534,2278.92194,145.6966,3.02269,-0.81663,-0.02556,1.74209,-9.97444,50.98745,1.74209,-9.97444,46.01263,47.11355,47.1135521,1,80011.629,-51370.976,-11.629,131370.976,False,False,0.33095
227.3,TGO,THRUST,80005.13,22.619385,0.2049311,-2432.19,-3.00444,-297.24573,2139.64839,2278.92265,139.27426,2.8863,-0.77505,-0.02539,1.76735,-9.97461,48.73988,1.76735,-9.97461,46.11324,47.21279,47.2127867,1,80011.157,-45297.816,-11.157,125297.816,False,False,0.27537
227.44,TGO,THRUST,80004.729,22.6073201,0.2025338,-2403.737,-2.89514,-298.656,2146.08518,2278.92333,132.83815,2.74992,-0.73325,-0.02521,1.76985,-9.97479,46.48755,1.76985,-9.97479,46.21513,47.31244,47.3124401,1,80010.638,-39132.547,-10.638,119132.547,False,False,0.19411
227.6,TGO,THRUST,80004.294,22.593687,0.1997736,-2370.976,-2.74894,-300.26763,2153.45838,2278.92408,125.4657,2.59407,-0.68522,-0.02499,1.74347,-9.97501,43.90761,1.74347,-9.97501,43.90761,47.42685,45.0601626,0.95009823,80009.987,-31971.152,-9.987,111971.152,False,False,0.62402
227.74,TGO,THRUST,80003.934,22.5821541,0.1973405,-2342.098,-2.60855,-301.64749,2159.78637,2278.92471,119.13833,2.46065,-0.64386,-0.02478,1.70101,-9.97522,41.69343,1.70101,-9.97522,41.69343,47.52382,42.9038527,0.90278637,80009.385,-25738.85,-9.385,105738.85,False,False,1.28236
227.88,TGO,THRUST,80003.593,22.5714007,0.1948914,-2313.031,-2.46658,-302.95549,2165.81195,2278.9253,113.11334,2.33386,-0.60437,-0.02456,1.65148,-9.97544,39.5851,1.65148,-9.97544,39.5851,47.61632,40.8560466,0.85802614,80008.781,-19729.5,-8.781,99729.5,False,False,1.95286
228.02,TGO,THRUST,80003.272,22.561362,0.1924273,-2283.785,-2.32469,-304.19593,2171.54987,2278.92585,107.37598,2.21337,-0.56667,-0.02433,1.59644,-9.97567,37.57743,1.59644,-9.97567,37.57743,47.70456,38.9117731,0.81568238,80008.183,-13937.914,-8.183,93937.914,False,False,2.60574
228.18,TGO,THRUST,80002.93,22.5505645,0.1895936,-2250.152,-2.16356,-305.54112,2177.77246,2278.92645,101.15399,2.08295,-0.52567,-0.02405,1.52761,-9.97595,35.4002,1.52761,-9.97595,35.4002,47.80063,36.8106995,0.77008815,80007.51,-7578.765,-7.51,87578.765,False,False,3.30368
228.32,TGO,THRUST,80002.651,22.541427,0.1870994,-2220.549,-2.02284,-306.67126,2182.96004,2278.92693,95.9669,1.97443,-0.49139,-0.0238,1.46137,-9.9762,33.58513,1.46137,-9.9762,33.58513,47.88059,35.0659597,0.73236269,80006.931,-2212.726,-6.931,82212.726,False,False,3.86068
228.46,TGO,THRUST,80002.391,22.5324352,0.184592,-2190.79,-1.88429,-307.75919,2187.877,2278.92739,91.05039,1.87174,-0.4588,-0.02353,1.3917,-9.97647,31.86476,1.3917,-9.97647,31.86476,47.95672,33.4190044,0.6968576,80006.365,2929.893,-6.365,77070.107,False,False,4.35126
228.6,TGO,THRUST,80002.15,22.5233365,0.1820719,-2160.88,-1.74714,-308.82002,2192.55595,2278.92781,86.37186,1.77418,-0.42771,-0.02326,1.31774,-9.97674,30.22768,1.31774,-9.97674,30.22768,48.02937,31.8588223,0.6633196,80005.812,7876.956,-5.812,72123.044,False,False,-4.77544
228.76,TGO,THRUST,80001.899,22.5125536,0.1791764,-2126.514,-1.59243,-310.01182,2197.62578,2278.92825,81.30247,1.66862,-0.39389,-0.02294,1.22827,-9.97706,28.45385,1.22827,-9.97706,28.45385,48.1085,30.1773444,0.62727674,80005.198,13299.114,-5.198,66700.886,False,False,-5.18204
228.9,TGO,THRUST,80001.698,22.5025452,0.1766295,-2096.287,-1.45848,-311.05076,2201.84765,2278.9286,77.08095,1.58086,-0.36563,-0.02265,1.14522,-9.97735,26.97672,1.14522,-9.97735,26.97672,48.17442,28.7854528,0.59752564,80004.676,17866.153,-4.676,62133.847,False,False,-5.48206
229.04,TGO,THRUST,80001.515,22.4919669,0.1740703,-2065.913,-1.32773,-312.08424,2205.84598,2278.92893,73.08295,1.49785,-0.33877,-0.02235,1.0599,-9.97765,25.5778,1.0599,-9.97765,25.5778,48.23725,27.4754577,0.56959004,80004.176,22237.036,-4.176,57762.964,False,False,-5.7302
229.18,TGO,THRUST,80001.351,22.4806934,0.1714987,-2035.392,-1.19994,-313.1214,2209.6473,2278.92922,69.28192,1.41902,-0.31313,-0.02204,0.97207,-9.97796,24.24782,0.97207,-9.97796,24.24782,48.29728,26.2385445,0.54327167,80003.698,26435.879,-3.698,53564.121,False,False,-5.94021
229.34,TGO,THRUST,80001.183,22.4668864,0.1685445,-2000.331,-1.05827,-314.31608,2213.7625,2278.92952,65.16702,1.3338,-0.28527,-0.02169,0.86954,-9.97831,22.80802,0.86954,-9.97831,22.80802,48.36276,24.9104117,0.51507422,80003.183,31031.609,-3.183,48968.391,False,False,-6.14836
229.48,TGO,THRUST,80001.054,22.4539089,0.1659462,-1969.492,-0.93834,-315.37682,2217.18616,2278.92975,61.74359,1.26298,-0.26198,-0.02137,0.77822,-9.97863,21.61018,0.77822,-9.97863,21.61018,48.41741,23.8155052,0.49187896,80002.763,34896.955,-2.763,45103.045,False,False,-6.32125
229.62,TGO,THRUST,80000.94,22.4402161,0.1633351,-1938.503,-0.82385,-316.44434,2220.42752,2278.92996,58.50244,1.196,-0.23983,-0.02105,0.68745,-9.97895,20.47611,0.68745,-9.97895,20.47611,48.4696,22.7886597,0.47016395,80002.376,38593.252,-2.376,41406.748,False,False,-6.48507
229.76,TGO,THRUST,80000.842,22.4257834,0.1607112,-1907.361,-0.71477,-317.52284,2223.50833,2278.93014,55.42181,1.1324,-0.21869,-0.02073,0.59738,-9.97927,19.39821,0.59738,-9.97927,19.39821,48.51958,21.8227676,0.44977238,80002.022,42141.185,-2.022,37858.815,False,False,-6.65219
229.92,TGO,THRUST,80000.746,22.4084239,0.1576966,-1871.583,-0.59753,-318.76865,2226.84343,2278.93031,52.08688,1.06362,-0.1957,-0.02035,0.49639,-9.97965,18.23132,0.49639,-9.97965,18.23132,48.57424,20.7899256,0.4280031,80001.663,46021.975,-1.663,33978.025,False,False,-6.85655
230.06,TGO,THRUST,80000.676,22.3924552,0.1550448,-1840.11,-0.50173,-319.87403,2229.61802,2278.93044,49.31242,1.00645,-0.17648,-0.02002,0.41027,-9.97998,17.26054,0.41027,-9.97998,17.26054,48.61999,19.9422825,0.41016632,80001.389,49283.826,-1.389,30716.174,False,False,-7.06099
230.2,TGO,THRUST,80000.618,22.3759447,0.1523797,-1808.481,-0.41313,-320.984,2232.24707,2278.93055,46.68348,0.95233,-0.15819,-0.01968,0.32758,-9.98032,16.34067,0.32758,-9.98032,16.34067,48.66382,19.1502315,0.39352089,80001.152,52403.668,-1.152,27596.332,False,False,-7.27727
230.34,TGO,THRUST,80000.571,22.3589019,0.1497014,-1776.694,-0.33146,-322.1007,2234.74832,2278.93064,44.18232,0.90088,-0.1407,-0.01935,0.2483,-9.98065,15.46549,0.2483,-9.98065,15.46549,48.70594,18.4080543,0.37794271,80000.952,55399.173,-0.952,24600.827,False,False,-7.50768
230.5,TGO,THRUST,80000.53,22.3388156,0.1466241,-1740.171,-0.24703,-323.38453,2237.45937,2278.93072,41.47135,0.84516,-0.12165,-0.01896,0.16272,-9.98104,14.51688,0.16272,-9.98104,14.51688,48.75217,17.6178184,0.36137509,80000.767,58677.556,-0.767,21322.444,False,False,-7.7849
230.64,TGO,THRUST,80000.503,22.3206663,0.143917,-1708.043,-0.1811,-324.5184,2239.71699,2278.93077,39.21378,0.7988,-0.10571,-0.01862,0.0927,-9.98138,13.72691,0.0927,-9.98138,13.72691,48.79102,16.9724687,0.34786052,80000.643,61434.137,-0.643,18565.863,False,False,-8.04505
230.78,TGO,THRUST,80000.484,22.3021428,0.1411964,-1675.754,-0.12287,-325.65389,2241.85977,2278.93081,37.07104,0.75483,-0.0905,-0.01827,0.02798,-9.98173,12.97711,0.02798,-9.98173,12.97711,48.8284,16.3719558,0.33529577,80000.551,64073.909,-0.551,15926.091,False,False,-8.30131
230.92,TGO,THRUST,80000.472,22.283224,0.1384622,-1643.304,-0.07184,-326.79382,2243.90117,2278.93084,35.02967,0.71297,-0.07594,-0.01793,-0.03163,-9.98207,12.26275,-0.03163,-9.98207,12.26275,48.86447,15.8119536,0.32358793,80000.488,66611.044,-0.488,13388.956,False,False,-8.55111
231.08,TGO,THRUST,80000.465,22.261117,0.1353208,-1606.02,-0.02254,-328.10297,2246.11653,2278.93085,32.81433,0.66757,-0.06005,-0.01753,-0.09289,-9.98247,11.4875,-0.09289,-9.98247,11.4875,48.90426,15.219097,0.3112019,80000.452,69390.627,-0.452,10609.373,False,False,-8.82144
231.22,TGO,THRUST,80000.464,22.2412751,0.1325573,-1573.222,0.01282,-329.25874,2247.96223,2278.93086,30.96863,0.62977,-0.04674,-0.01719,-0.14023,-9.98281,10.84158,-0.14023,-9.98281,10.84158,48.93786,14.7382528,0.30116259,80000.449,71728.876,-0.449,8271.124,False,False,-9.04694
231.36,TGO,THRUST,80000.467,22.2210964,0.12978,-1540.261,0.04106,-330.41762,2249.71588,2278.93086,29.21497,0.59387,-0.03401,-0.01684,-0.18146,-9.98316,10.22785,-0.18146,-9.98316,10.22785,48.97036,14.2935444,0.29188152,80000.476,73970.716,-0.476,6029.284,False,False,-9.2436
231.5,TGO,THRUST,80000.473,22.2005276,0.1269888,-1507.134,0.06254,-331.58328,2251.38693,2278.93085,27.54392,0.55969,-0.02182,-0.01649,-0.21663,-9.98351,9.64301,-0.21663,-9.98351,9.64301,49.00189,13.8818256,0.28329161,80000.549,76126.59,-0.549,3873.41,False,False,-9.41051
231.66,TGO,THRUST,80000.481,22.1765256,0.1237818,-1469.073,0.07904,-332.92515,2253.19999,2278.93084,25.73085,0.52263,-0.00849,-0.01609,-0.24926,-9.98391,9.00844,-0.24926,-9.98391,9.00844,49.03687,13.4496327,0.27427594,80000.838,78489.13,-0.838,1510.87,False,False,-9.5608
231.8,TGO,THRUST,80000.49,22.1550123,0.1209606,-1435.59,0.08667,-334.11217,2254.70859,2278.93083,24.22223,0.4918,0.00267,-0.01574,-0.27111,-9.98426,8.48041,-0.27111,-9.98426,8.48041,49.06658,13.1025283,0.26703569,80477.615,79999.08,-477.615,0.92,False,False,-9.66266
231.94,TGO,THRUST,80000.499,22.1331313,0.1181251,-1401.938,0.08855,-335.30586,2256.14109,2278.93081,22.78972,0.46255,0.01335,-0.01539,-0.28697,-9.98461,7.97899,-0.28697,-9.98461,7.97899,49.0955,12.7843295,0.26039716,82381.9,80000.201,-2381.9,-0.201,False,False,-9.72154
232.08,TGO,THRUST,80000.507,22.110838,0.1152754,-1368.117,0.0852,-336.50913,2257.50427,2278.9308,21.42652,0.43473,0.02359,-0.01504,-0.29715,-9.98496,7.50181,-0.29715,-9.98496,7.50181,49.12373,12.4925982,0.25430885,84213.562,80000.353,-4213.562,-0.353,False,False,-9.73885
232.24,TGO,THRUST,80000.515,22.0848374,0.112001,-1329.255,0.07562,-337.89723,2258.98023,2278.93078,19.95056,0.40461,0.03477,-0.01463,-0.30218,-9.98537,6.98514,-0.30218,-9.98537,6.98514,49.15522,12.1897936,0.24798574,86219.593,80000.437,-6219.593,-0.437,False,False,-9.70746
232.38,TGO,THRUST,80000.521,22.0615655,0.1091202,-1295.065,0.06277,-339.12659,2260.20431,2278.93077,18.72646,0.37965,0.04412,-0.01428,-0.30117,-9.98572,6.55662,-0.30117,-9.98572,6.55662,49.18216,11.9496689,0.24296754,87903.487,80000.485,-7903.487,-0.485,False,False,-9.64656
232.52,TGO,THRUST,80000.525,22.037896,0.1062247,-1260.701,0.04652,-340.36546,2261.36344,2278.93076,17.56732,0.35603,0.05307,-0.01392,-0.29566,-9.98608,6.15082,-0.29566,-9.98608,6.15082,49.20855,11.7320828,0.23841554,89516.842,80000.516,-9516.842,-0.516,False,False,-9.54317
232.66,TGO,THRUST,80000.526,22.0138167,0.1033143,-1226.16,0.02748,-341.61519,2262.46318,2278.93076,16.46758,0.33362,0.06164,-0.01356,-0.28616,-9.98644,5.76579,-0.28616,-9.98644,5.76579,49.23446,11.5349577,0.23428626,91065.993,80000.536,-11065.993,-0.536,False,False,-9.40098
232.82,TGO,THRUST,80000.524,21.9857877,0.0999699,-1186.467,0.00311,-343.05737,2263.64933,2278.93076,15.28143,0.30947,0.07099,-0.01315,-0.27108,-9.98685,5.3505,-0.27108,-9.98685,5.3505,49.26356,11.3330764,0.23004988,92759.704,80000.544,-12759.704,-0.544,False,False,-9.18828
232.96,TGO,THRUST,80000.519,21.9607929,0.0970273,-1151.544,-0.01982,-344.33302,2264.62904,2278.93076,14.30172,0.28952,0.0788,-0.01278,-0.2548,-9.98722,5.00748,-0.2548,-9.98722,5.00748,49.28861,11.1751638,0.22672913,94178.763,80000.54,-14178.763,-0.54,False,False,8.95654
233.1,TGO,THRUST,80000.511,21.9354389,0.0940694,-1116.439,-0.04353,-345.61789,2265.55392,2278.93077,13.37685,0.27071,0.08627,-0.01241,-0.23629,-9.98759,4.68364,-0.23629,-9.98759,4.68364,49.3133,11.0337755,0.22374847,95537.284,80000.527,-15537.284,-0.527,False,False,8.67659
233.24,TGO,THRUST,80000.501,21.909688,0.0910961,-1081.152,-0.06749,-346.91398,2266.42636,2278.93079,12.50443,0.25296,0.0934,-0.01204,-0.21608,-9.98796,4.37816,-0.21608,-9.98796,4.37816,49.33768,10.9075319,0.22107915,96838.12,80000.505,-16838.12,-0.505,False,False,8.35228
233.4,TGO,THRUST,80000.485,21.8797761,0.0876791,-1040.598,-0.09444,-348.409,2267.36066,2278.93081,11.57015,0.23396,0.10116,-0.01162,-0.19166,-9.98838,4.05102,-0.19166,-9.98838,4.05102,49.36521,10.7803173,0.21837882,98255.425,80000.472,-18255.425,-0.472,False,False,7.9344
233.54,TGO,THRUST,80000.468,21.8531588,0.0846724,-1004.913,-0.11702,-349.73042,2268.12501,2278.93084,10.80583,0.21843,0.10761,-0.01124,-0.16979,-9.98876,3.78337,-0.16979,-9.98876,3.78337,49.38905,10.6826057,0.21629502,99436.856,80000.437,-19436.856,-0.437,False,False,7.53662
233.68,TGO,THRUST,80000.448,21.8261999,0.08165,-969.042,-0.1382,-351.06106,2268.84049,2278.93087,10.09037,0.20389,0.11376,-0.01086,-0.14798,-9.98914,3.53284,-0.14798,-9.98914,3.53284,49.41267,10.5964987,0.21444904,100563.475,80000.399,-20563.475,-0.399,False,False,7.11298
233.82,TGO,THRUST,80000.426,21.7988914,0.0786115,-932.981,-0.15757,-352.40159,2269.50936,2278.9309,9.42154,0.19031,0.11961,-0.01047,-0.12674,2.54413,3.29863,-0.12674,2.54413,3.29863,49.43609,4.1676824,0.08430444,101637.859,80000.358,-21637.859,-0.358,False,False,-102.67103
233.98,TGO,THRUST,80000.4,21.7768222,0.0751214,-891.559,-0.16511,-353.4848,2270.00728,2278.93095,8.92367,0.18021,0.12406,-0.01002,-0.11398,10.01002,3.12428,-0.11398,10.01002,3.12428,49.45066,10.4868793,0.21206754,102455.79,80000.325,-22455.79,-0.325,False,False,-139.33692
234.12,TGO,THRUST,80000.373,21.7581006,0.0720581,-855.204,-0.14652,-354.39343,2270.35553,2278.93099,8.57546,0.17312,0.12733,-0.00961,-0.12662,10.00961,3.00241,-0.12662,10.00961,3.00241,49.46982,10.4509701,0.21125953,103057.838,80000.328,-23057.838,-0.328,False,False,-140.87586
234.26,TGO,THRUST,80000.343,21.7291678,0.0689796,-818.667,-0.10709,-355.78317,2270.84976,2278.93103,8.08127,0.16308,0.13208,-0.00919,-0.16029,10.00919,2.82952,-0.16029,10.00919,2.82952,49.49292,10.4026758,0.21018513,103933.413,80000.352,-23933.413,-0.352,False,False,-142.08913
234.4,TGO,THRUST,80000.307,21.7001645,0.0658845,-781.933,-0.07757,-357.17425,2271.32345,2278.93109,7.60764,0.15346,0.1367,-0.00876,-0.18242,10.00876,2.66379,-0.18242,10.00876,2.66379,49.51593,10.358784,0.20920103,104786.227,80000.36,-24786.227,-0.36,False,False,-142.62916
234.56,TGO,THRUST,80000.254,21.6672066,0.062327,-739.712,-0.08175,-358.75671,2271.8611,2278.93116,7.07007,0.14256,0.14196,-0.0083,-0.16631,10.0083,2.47555,-0.16631,10.0083,2.47555,49.54213,10.3112603,0.20813116,105757.629,80000.347,-25757.629,-0.347,False,False,-142.42399
234.7,TGO,THRUST,80000.188,21.6387238,0.0591966,-702.559,-0.13548,-360.12887,2272.34413,2278.93126,6.58712,0.13277,0.14664,-0.00792,-0.09683,10.00792,2.30628,-0.09683,10.00792,2.30628,49.56496,10.270673,0.20721639,106623.124,80000.292,-26623.124,-0.292,False,False,-141.54928
234.84,TGO,THRUST,80000.097,21.6108131,0.0560499,-665.214,-0.24993,-361.48053,2272.85142,2278.93138,6.07996,0.1225,0.15146,-0.00756,0.04114,10.00756,2.12833,0.04114,10.00756,2.12833,49.58771,10.2314631,0.20633062,107516.942,80000.121,-27516.942,-0.121,False,False,-140.07791
234.98,TGO,THRUST,79999.969,21.5837206,0.0528874,-627.68,-0.43762,-362.80237,2273.39402,2278.93156,5.53754,0.11153,0.1565,-0.00725,0.26344,10.00725,1.9378,0.26344,10.00725,1.9378,49.61038,10.1965431,0.20553244,108451.168,79999.666,-28451.168,0.334,False,False,-138.08941
235.14,FINE,THRUST,79999.765,21.5541599,0.0492541,-584.56,-0.7566,-364.26034,2274.06929,2278.93185,4.86255,0.09789,0.16257,-0.00694,-0.04072,60.31277,0.58202,-0.03284,48.64664,0.58202,49.63944,48.6501361,0.98007014,109580.476,79998.42,-29580.476,1.58,True,False,-141.23958
235.3,FINE,THRUST,79999.335,21.4886598,0.0455952,-541.134,-1.93198,-367.53013,2275.90836,2278.9323,3.02394,0.06081,0.17839,-0.00711,0.13326,61.29232,0.35739,0.10594,48.72842,0.35739,49.723,48.7298457,0.98002636,112537.378,79989.534,-32537.378,10.466,True,False,-134.23572
235.42,FINE,THRUST,79998.556,21.3849466,0.0423337,-502.426,-4.46879,-372.80208,2279.37183,2278.93323,-0.43861,0,0.20732,-0.0081,0.51375,62.59064,0,0.40083,48.83306,0,49.83133,48.8347,0.98,118002.014,79951.433,-38002.014,48.567,True,False,-126.32927
235.56,FINE,THRUST,79997.318,21.2970311,0.0390139,-463.025,-7.64587,-377.4406,2283.20737,2278.93484,-4.27253,0,0.23817,-0.00946,0.99742,63.78155,0,0.76525,48.93534,0,49.94013,48.9413248,0.98,123913.178,79876.315,-43913.178,123.685,True,False,-116.27422
235.7,FINE,THRUST,79995.538,21.230902,0.035645,-423.041,-11.50105,-381.16636,2287.40858,2278.93729,-8.47129,0,0.27055,-0.01123,1.59122,64.81381,0,1.2038,49.03365,0,50.04941,49.04842,0.98,130223.132,79754.188,-50223.132,245.812,True,False,-104.42601
235.84,FINE,THRUST,79993.148,21.1931889,0.03224,-382.629,-15.98948,-383.65435,2291.89253,2278.9407,-12.95183,0,0.30352,-0.01337,2.28941,65.62749,0,1.71376,49.1261,0,50.15916,49.1559811,0.98,136769.475,79577.778,-56769.475,422.222,True,False,-90.88575
235.98,FINE,THRUST,79990.104,21.1911831,0.028816,-341.991,-20.94987,-384.5307,2296.48381,2278.94517,-17.53864,0,0.33546,-0.01575,3.0682,66.15335,0,2.28242,49.21111,0,50.2694,49.2640151,0.98,143243.167,79346.459,-63243.167,653.541,True,False,-76.08491
236.12,FINE,THRUST,79986.402,21.2309581,0.0253945,-301.383,-26.11684,-383.44101,2300.79435,2278.95075,-21.8436,0,0.36334,-0.01818,3.88834,66.32511,0,2.88952,49.2879,0,50.38013,49.372525,0.98,149038.282,79065.819,-69038.282,934.181,True,False,-60.80724
236.26,FINE,THRUST,79982.085,21.3118125,0.0219993,-261.087,-31.02385,-380.33696,2304.3791,2278.95741,-25.4217,0,0.38409,-0.02035,4.67815,66.13122,0,3.49162,49.35817,0,50.49134,49.4815177,0.98,153503.644,78757.802,-73503.644,1242.198,True,False,-45.88734
236.4,FINE,THRUST,79977.254,21.4259063,0.0186525,-221.366,-35.1641,-375.53305,2306.94899,2278.96503,-27.98395,0,0.39612,-0.02197,5.35768,65.62562,0,4.03519,49.42655,0,50.60305,49.5909889,0.98,156253.608,78458.004,-76253.608,1541.996,True,False,-31.86402
236.54,FINE,THRUST,79972.049,21.5619109,0.0153706,-182.415,-38.17205,-369.55533,2308.48461,2278.97343,-29.51118,0,0.39994,-0.02285,5.8672,64.90107,0,4.47483,49.49909,0,50.71525,49.7009455,0.98,157315.817,78204.989,-77315.817,1795.011,True,False,-19.11849
236.68,FINE,THRUST,79966.633,21.7093474,0.012164,-144.359,-39.88559,-362.90363,2309.03607,2278.98234,-30.05373,0,0.39647,-0.02295,6.17886,64.04637,0,4.78334,49.58119,0,50.82795,49.8113909,0.98,156831.245,78025.858,-76831.245,1974.142,True,False,8.66039
236.82,FINE,THRUST,79961.172,21.8594619,0.0090377,-107.256,-40.29321,-356.00594,2308.71309,2278.99148,-29.72161,0,0.38692,-0.02233,6.28854,63.1381,0,4.94778,49.67654,0,50.94115,49.9223282,0.98,155028.401,77935.5,-75028.401,2064.5,True,False,7.53583
236.96,FINE,THRUST,79955.824,22.0057722,0.0059923,-71.114,-39.48815,-349.18887,2307.66841,2279.00058,-28.66782,0,0.3727,-0.0211,6.20871,62.23507,0,4.96683,49.78663,0,51.05486,50.0337646,0.98,152188.671,77937.758,-72188.671,2062.242,True,False,14.99773
237.1,FINE,THRUST,79950.73,22.1442483,0.0030253,-35.902,-37.62582,-342.66561,2306.07408,2279.00939,-27.06469,0,0.35519,-0.01937,5.96188,61.37606,0,4.84818,49.91078,0,51.16908,50.1456957,0.98,148605.092,78027.609,-68605.092,1972.391,True,False,22.33365
237.24,FINE,THRUST,79946.009,22.2731559,0.0001324,-1.571,-34.8879,-336.54116,2304.10179,2279.01768,-25.08411,0,0.33565,-0.01729,5.57503,60.58055,0,4.60563,50.04666,0,51.2838,50.2581288,0.98,144551.473,78193.673,-64551.473,1806.327,True,False,28.39967
237.38,FINE,THRUST,79941.755,22.3927235,-0.0026912,31.938,-31.45705,-330.82765,2301.91334,2279.02528,-22.88806,0,0.31517,-0.01494,5.07557,59.85135,0,4.25634,50.19092,0,51.39905,50.3710672,0.98,140269.347,78420.406,-60269.347,1579.594,True,False,33.01413
237.52,FINE,THRUST,79938.041,22.5048359,-0.0054501,64.677,-27.50188,-325.46068,2299.66781,2279.03203,-20.63578,0,0.29475,-0.01242,4.48896,59.17744,0,3.81858,50.3399,0,51.51481,50.4845182,0.98,135979.028,78689.788,-55979.028,1310.212,True,False,36.18074
237.66,FINE,THRUST,79934.919,22.6122297,-0.0081475,96.688,-23.17246,-320.33313,2297.49602,2279.03784,-18.45818,0,0.27515,-0.00981,3.83802,58.53997,0,3.31025,50.49008,0,51.6311,50.5984775,0.98,131853.805,78980.956,-51853.805,1019.044,True,False,37.97218
237.8,FINE,THRUST,79932.422,22.7179009,-0.0107856,127.993,-18.6036,-315.32168,2295.49461,2279.04262,-16.45198,0,0.25692,-0.00717,3.14352,57.91701,0,2.74846,50.63842,0,51.74791,50.7129525,0.98,128019.107,79270.189,-48019.107,729.811,True,False,38.49649
237.94,FINE,THRUST,79930.565,22.8247698,-0.0133647,158.6,-13.92039,-310.30323,2293.73309,2279.04635,-14.68673,0,0.24039,-0.00455,2.42497,57.28653,0,2.14965,50.78247,0,51.86525,50.8279466,0.98,124565.323,79531.936,-44565.323,468.064,True,False,37.88323
238.08,FINE,THRUST,79929.343,22.9354206,-0.0158842,188.498,-9.24309,-305.16713,2292.25801,2279.04901,-13.20901,0,0.22577,-0.00201,1.70135,56.62857,0,1.52986,50.92049,0,51.98313,50.9434634,0.98,121554.313,79741.097,-41554.313,258.903,True,False,36.27372
238.22,FINE,THRUST,79928.739,23.0519141,-0.0183419,217.663,-4.68994,-299.82381,2291.09507,2279.0506,-12.04447,0,0.21317,0.0004,0.99155,55.92685,0,0.90512,51.05149,0,52.10154,51.0595104,0.98,119020.498,79876.902,-39020.498,123.098,True,False,33.81278
238.36,FINE,THRUST,79928.718,23.1756702,-0.0207349,246.061,-0.37711,-294.20999,2290.24986,2279.05119,-11.19867,0,0.20256,0.00263,0.31434,55.16972,0,0.29158,51.17525,0,52.22049,51.1760834,0.98,116968.394,79927.76,-36968.394,72.24,True,False,30.64197
238.5,FINE,THRUST,79929.228,23.3074313,-0.0230599,273.651,3.5837,-288.29045,2289.71,2279.05083,-10.65916,0,0.19386,0.00462,-0.31205,54.35052,0,-0.29449,51.29234,0,52.33999,51.2931899,0.98,115371.723,79895.289,-35371.723,104.711,True,False,26.89633
238.64,FINE,THRUST,79930.208,23.4472752,-0.025313,300.39,7.08951,-282.05754,2289.44638,2279.04962,-10.39675,0,0.18686,0.00635,-0.87059,53.46752,0,-0.83699,51.40402,0,52.46003,51.4108335,0.98,114174.065,79795.256,-34174.065,204.744,True,False,22.70225
238.78,FINE,THRUST,79931.581,23.5946846,-0.0274908,326.234,10.05081,-275.52849,2289.41636,2279.04768,-10.36867,0,0.18132,0.00777,-1.34627,52.52346,0,-1.32034,51.5121,0,52.58063,51.5290181,0.98,113295.508,79654.363,-33295.508,345.637,True,False,18.17943
238.92,FINE,THRUST,79933.007,23.7486562,-0.0295899,351.145,12.39575,-268.74114,2289.5684,2279.04514,-10.52326,0,0.17693,0.00888,-1.72677,51.52483,0,-1.72677,51.52483,0,52.70179,51.5537575,0.9782165,112643.968,79503.995,-32643.968,496.005,True,False,14.18906
239.06,FINE,THRUST,79934.881,23.9077035,-0.0316077,375.091,14.07243,-261.75432,2289.84637,2279.04215,-10.80422,0,0.17337,0.00967,-2.00291,50.48193,0,-2.00291,50.48193,0,52.82334,50.5216435,0.95642651,112126.95,79373.621,-32126.95,626.379,True,False,-9.36714
239.2,FINE,THRUST,79936.891,24.0686409,-0.0335425,398.053,15.04699,-254.7016,2290.19091,2279.03886,-11.15205,0,0.17035,0.01015,-2.16839,49.41861,0,-2.16839,49.41861,0,52.94344,49.4661578,0.93432075,111664.972,79286.275,-31664.972,713.725,True,False,-4.67928
239.34,FINE,THRUST,79938.943,24.227839,-0.0353947,420.035,15.32438,-247.73628,2290.54598,2279.03543,-11.51055,0,0.16762,0.01035,-2.22313,48.36249,0,-2.22313,48.36249,0,53.06133,48.4135638,0.91240761,111195.276,79254.308,-31195.276,745.692,True,False,-2.2087
239.48,FINE,THRUST,79940.948,24.3836925,-0.0371659,441.056,14.95299,-240.92365,2290.86797,2279.03202,-11.83595,0,0.16492,0.01031,-2.17403,47.32545,0,-2.17403,47.32545,0,53.17698,47.3753612,0.89089989,110669.883,79278.23,-30669.883,721.77,True,False,-5.8187
239.62,FINE,THRUST,79942.829,24.5349548,-0.0388583,461.14,13.99995,-234.31469,2291.12596,2279.02876,-12.0972,0,0.16206,0.01006,-2.03112,46.31685,0,-2.03112,46.31685,0,53.29038,46.3613597,0.86997607,110063.023,79350.44,-30063.023,649.56,True,False,-10.11466
239.76,FINE,THRUST,79944.515,24.6807796,-0.0404744,480.32,12.54353,-227.94416,2291.3016,2279.02578,-12.27582,0,0.15893,0.00966,-1.80634,45.34317,0,-1.80634,45.34317,0,53.40159,45.3791374,0.84977122,109368.021,79457.962,-29368.021,542.038,True,False,-14.15605
239.9,FINE,THRUST,79945.949,24.8207379,-0.0420172,498.631,10.66875,-221.82922,2291.38298,2279.02319,-12.35979,0,0.15545,0.00914,-1.51281,44.40779,0,-1.51281,44.40779,0,53.51066,44.4335522,0.83036823,108587.315,79584.585,-28587.315,415.415,True,False,-17.78373
240.04,FINE,THRUST,79947.087,24.9548096,-0.0434899,516.107,8.46351,-215.96987,2291.36557,2279.02106,-12.34451,0,0.15157,0.00855,-1.16422,43.51099,0,-1.16422,43.51099,0,53.61766,43.5265667,0.81179537,107731.776,79712.868,-27731.776,287.132,True,False,-20.90833
240.18,FINE,THRUST,79947.893,25.0833311,-0.0448951,532.785,6.01428,-210.35123,2291.25142,2279.01947,-12.23196,0,0.14729,0.00791,-0.77415,42.65038,0,-0.77415,42.65038,0,53.72266,42.6574026,0.79402998,106818.372,79825.807,-26818.372,174.193,True,False,-23.46555
240.32,FINE,THRUST,79948.346,25.2069175,-0.0462358,548.696,3.40329,-204.94677,2291.04772,2279.01845,-12.02927,0,0.14263,0.00726,-0.35561,41.82142,0,-0.35561,41.82142,0,53.82575,41.8229341,0.77700612,105867.471,79908.088,-25867.471,91.912,True,False,-25.41013
240.46,FINE,THRUST,79948.433,25.3263721,-0.0475141,563.866,0.70712,-199.72212,2290.76538,2279.01804,-11.74734,0,0.13762,0.00661,0.07923,41.01817,0,0.07923,41.01817,0,53.927,41.0182433,0.76062539,104900.642,79947.067,-24900.642,52.933,True,False,-26.71478
240.6,FINE,THRUST,79948.151,25.4425938,-0.0487319,578.318,-2.00383,-194.63909,2290.41796,2279.01825,-11.39971,0,0.13233,0.00599,0.51906,40.23391,0,0.51906,40.23391,0,54.02647,40.2372596,0.74476939,103938.821,79933.604,-23938.821,66.396,True,False,-27.36963
240.74,FINE,THRUST,79947.508,25.556488,-0.0498907,592.069,-4.66522,-189.65937,2290.02064,2279.01907,-11.00157,0,0.12683,0.00541,0.95351,39.4619,0,0.95351,39.4619,0,54.12422,39.4734132,0.72931151,103000.787,79862.812,-23000.787,137.188,True,False,-27.38148
240.88,FINE,THRUST,79946.517,25.668888,-0.0509914,605.131,-7.21847,-184.7479,2289.58951,2279.02048,-10.56903,0,0.12121,0.0049,1.37305,38.6959,0,1.37305,38.6959,0,54.22028,38.7202512,0.71412863,102101.927,79734.678,-22101.927,265.322,True,False,-26.7727
241.02,FINE,THRUST,79945.201,25.7804904,-0.0520346,617.51,-9.61055,-179.87564,2289.14094,2279.02246,-10.11848,0,0.11557,0.00446,1.76898,37.93075,0,1.76898,37.93075,0,54.31467,37.9719741,0.69911079,101253.339,79554.417,-21253.339,445.583,True,False,-25.57963
241.16,FINE,THRUST,79943.588,25.8918058,-0.0530206,629.21,-11.79403,-175.02156,2288.69096,2279.02496,-9.666,0,0.10999,0.00409,2.13345,37.16268,0,2.13345,37.16268,0,54.40741,37.2238663,0.6841691,100461.396,79332.366,-20461.396,667.634,True,False,-23.85081
241.3,FINE,THRUST,79941.713,26.00313,-0.0539496,640.233,-13.72752,-170.17386,2288.25479,2279.02792,-9.22687,0,0.10457,0.00382,2.45954,36.38958,0,2.45954,36.38958,0,54.49847,36.4725997,0.66924076,99727.884,79083.274,-19727.884,916.726,True,False,-21.64507
241.44,FINE,THRUST,79939.614,26.1145346,-0.0548216,650.579,-15.37652,-165.33027,2287.84626,2279.03128,-8.81497,0,0.09941,0.00363,2.74139,35.61104,0,2.74139,35.61104,0,54.58786,35.7163979,0.65429195,99050.712,78824.959,-19050.712,1175.041,True,False,-19.02945
241.58,FINE,THRUST,79937.333,26.2258776,-0.0556367,660.25,-16.71432,-160.49752,2287.47738,2279.03499,-8.4424,0,0.09458,0.00353,2.9744,34.82828,0,2.9744,34.82828,0,54.67555,34.9550572,0.63931788,98425.072,78576.498,-18425.072,1423.502,True,False,16.0772
241.72,FINE,THRUST,79934.915,26.336835,-0.0563952,669.248,-17.72302,-155.68997,2287.15793,2279.03895,-8.11898,0,0.09017,0.00351,3.15533,34.04391,0,3.15533,34.04391,0,54.76152,34.1898266,0.62434039,97844.796,78356.232,-17844.796,1643.768,True,False,12.86592
241.86,FINE,THRUST,79932.406,26.4469455,-0.0570973,677.578,-18.39415,-150.92758,2286.8951,2279.0431,-7.85201,0,0.08623,0.00358,3.2825,33.26159,0,3.2825,33.26159,0,54.84575,33.4231663,0.60940304,97303.673,78179.932,-17303.673,1820.068,True,False,9.47591
242,FINE,THRUST,79929.85,26.5556678,-0.0577439,685.249,-18.72912,-146.23348,2286.69342,2279.04736,-7.64607,0,0.08279,0.00372,3.3558,32.48555,0,3.3558,32.48555,0,54.92822,32.6584147,0.59456529,96796.491,78059.35,-16796.491,1940.65,True,False,5.98928
242.14,FINE,THRUST,79927.292,26.6624402,-0.0583359,692.272,-18.7384,-141.63143,2286.55477,2279.05165,-7.50312,0,0.07988,0.00393,3.37659,31.72017,0,3.37659,31.72017,0,55.00894,31.8993861,0.57989455,96319.736,78001.441,-16319.736,1998.559,True,False,2.50137
242.28,FINE,THRUST,79924.774,26.7667371,-0.0588745,698.661,-18.44113,-137.14338,2286.47851,2279.05591,-7.4226,0,0.0775,0.00418,3.34766,30.96957,0,3.34766,30.96957,0,55.08791,31.1499827,0.56545955,95871.891,78008.013,-15871.891,1991.987,True,False,1.11428
242.42,FINE,THRUST,79922.332,26.8681155,-0.0593613,704.434,-17.86356,-132.78759,2286.4611,2279.06006,-7.40103,0,0.07563,0.00448,3.27299,30.2372,0,3.27299,30.2372,0,55.16513,30.413821,0.55132331,95452.621,78075.916,-15452.621,1924.084,True,False,4.36823
242.56,FINE,THRUST,79920.001,26.9662446,-0.0597978,709.612,-17.03677,-128.57717,2286.4943,2279.06405,-7.43024,0,0.07421,0.0048,3.15737,29.52559,0,3.15737,29.52559,0,55.24063,29.6939311,0.53753788,95059.993,78197.567,-15059.993,1802.433,True,False,7.50075
242.7,FINE,THRUST,79917.81,27.0609264,-0.0601858,714.214,-15.99498,-124.51944,2286.56657,2279.06783,-7.49873,0,0.07316,0.00515,3.00617,28.83628,0,3.00617,28.83628,0,55.31444,28.9925479,0.52414065,94690.941,78362.099,-14690.941,1637.901,True,False,10.38543
242.84,FINE,THRUST,79915.782,27.1521087,-0.0605271,718.263,-14.77485,-120.61565,2286.66803,2279.07135,-7.59668,0,0.07241,0.0055,2.82514,28.16968,0,2.82514,28.16968,0,55.3866,28.3109878,0.51115225,94345.786,78556.936,-14345.786,1443.064,True,False,12.96401
242.98,FINE,THRUST,79913.938,27.2398756,-0.0608236,721.779,-13.41406,-116.86133,2286.79069,2279.07458,-7.71611,0,0.0719,0.00586,2.62024,27.52519,0,2.62024,27.52519,0,55.45715,27.6496261,0.49857635,94027.452,78768.826,-14027.452,1231.174,True,False,15.19092
243.12,FINE,THRUST,79912.291,27.3244256,-0.061077,724.784,-11.94982,-113.24728,2286.92733,2279.07748,-7.84985,0,0.07158,0.00621,2.39737,26.90135,0,2.39737,26.90135,0,55.52614,27.0079652,0.48640088,93739.319,78984.728,-13739.319,1015.272,True,False,17.03037
243.26,FINE,THRUST,79910.851,27.4060441,-0.0612888,727.295,-10.41792,-109.76065,2287.07175,2279.08005,-7.9917,0,0.07139,0.00655,2.16225,26.29602,0,2.16225,26.29602,0,55.5936,26.3847707,0.47460082,93484.679,79192.704,-13484.679,807.296,True,False,18.4564
243.4,FINE,THRUST,79909.622,27.4850737,-0.0614603,729.329,-8.85216,-106.38628,2287.21881,2279.08226,-8.13655,0,0.07129,0.00687,1.92027,25.70663,0,1.92027,25.70663,0,55.65959,25.7782489,0.46314122,93266.13,79382.652,-13266.13,617.348,True,False,19.45312
243.54,FINE,THRUST,79908.605,27.5618827,-0.0615929,730.902,-7.28396,-103.10801,2287.36423,2279.08412,-8.28011,0,0.07125,0.00717,1.67649,25.13039,0,1.67649,25.13039,0,55.72412,25.1862492,0.45198107,93084.873,79546.87,-13084.873,453.13,True,False,20.01477
243.68,FINE,THRUST,79907.796,27.636836,-0.0616876,732.024,-5.74217,-99.90991,2287.50446,2279.08562,-8.41884,0,0.07123,0.00744,1.43557,24.56456,0,1.43557,24.56456,0,55.78725,24.6064698,0.44107695,92940.251,79680.428,-12940.251,319.572,True,False,20.14539
243.82,FINE,THRUST,79907.189,27.7102695,-0.0617451,732.706,-4.253,-96.77735,2287.63663,2279.08678,-8.54985,0,0.0712,0.00769,1.20176,24.00659,0,1.20176,24.00659,0,55.84899,24.0366509,0.43038648,92829.584,79781.285,-12829.584,218.715,True,False,19.85849
243.96,FINE,THRUST,79906.773,27.7824698,-0.0617663,732.957,-2.83992,-93.6979,2287.75842,2279.08761,-8.67081,0,0.07115,0.00791,0.97889,23.45432,0,0.97889,23.45432,0,55.90937,23.4747434,0.41987134,92748.276,79850.129,-12748.276,149.871,True,False,19.17616
244.1,FINE,THRUST,79906.536,27.8536587,-0.0617516,732.782,-1.52353,-90.66195,2287.86801,2279.08814,-8.77988,0,0.07106,0.00809,0.77035,22.90609,0,0.77035,22.90609,0,55.9684,22.9190423,0.40949966,92690.206,79889.947,-12690.206,110.053,True,False,18.12837
244.24,FINE,THRUST,79906.461,27.9239851,-0.0617015,732.187,-0.32142,-87.66305,2287.96408,2279.08837,-8.87571,0,0.07092,0.00825,0.57907,22.36078,0,0.57907,22.36078,0,56.0261,22.3682801,0.39924746,92648.288,79905.413,-12648.288,94.587,True,False,16.75177
244.38,FINE,THRUST,79906.531,27.9935222,-0.0616164,731.177,0.75205,-84.69804,2288.04571,2279.08836,-8.95736,0,0.07072,0.00837,0.40745,21.81787,0,0.40745,21.81787,0,56.08248,21.8216748,0.38909967,92615.135,79902.187,-12615.135,97.813,True,False,15.08875
244.52,FINE,THRUST,79906.728,28.0622721,-0.0614967,729.758,1.686,-81.76683,2288.11239,2279.08811,-9.02427,0,0.07045,0.00847,0.25736,21.27738,0,0.25736,21.27738,0,56.13754,21.2789362,0.37905003,92583.686,79886.225,-12583.686,113.775,True,False,13.18617
244.66,FINE,THRUST,79907.033,28.1301746,-0.0613429,727.933,2.47317,-78.87199,2288.16396,2279.08768,-9.07629,0,0.07012,0.00853,0.13008,20.73982,0,0.13008,20.73982,0,56.19129,20.740228,0.36910044,92547.734,79863.205,-12547.734,136.795,True,False,11.09432
244.8,FINE,THRUST,79907.424,28.197121,-0.0611554,725.708,3.11006,-76.01823,2288.20064,2279.08708,-9.11356,0,0.06972,0.00857,0.02629,20.20608,0,0.02629,20.20608,0,56.24373,20.2060982,0.35925958,92502.308,79838.091,-12502.308,161.909,True,False,8.86658
244.94,FINE,THRUST,79907.883,28.2629707,-0.0609347,723.089,3.59671,-73.21157,2288.2229,2279.08635,-9.13654,0,0.06926,0.00858,-0.05388,19.6773,0,-0.05388,19.6773,0,56.29487,19.6773776,0.34954121,92443.837,79814.864,-12443.837,185.136,True,False,6.55865
245.08,FINE,THRUST,79908.389,28.3275668,-0.0606814,720.084,3.93716,-70.45877,2288.23158,2279.08554,-9.14604,0,0.06874,0.00856,-0.11096,19.15477,0,-0.11096,19.15477,0,56.34473,19.1550882,0.33996239,92370.338,79796.368,-12370.338,203.632,True,False,4.22807
245.22,FINE,THRUST,79908.925,28.3907542,-0.0603962,716.7,4.13877,-67.76651,2288.22775,2279.08466,-9.14309,0,0.06817,0.00853,-0.14601,18.63974,0,-0.14601,18.63974,0,56.39331,18.6403118,0.33054121,92281.275,79784.319,-12281.275,215.681,True,False,1.94246
245.36,FINE,THRUST,79909.473,28.4523949,-0.0600798,712.946,4.21213,-65.14073,2288.2129,2279.08374,-9.12916,0,0.06757,0.00848,-0.16063,18.13337,0,-0.16063,18.13337,0,56.44063,18.1340822,0.32129485,92177.658,79779.375,-12177.658,220.625,True,False,0.534
245.5,FINE,THRUST,79910.018,28.5123804,-0.0597331,708.833,4.17017,-62.58612,2288.18953,2279.08282,-9.1067,0,0.06694,0.00841,-0.15679,17.63659,0,-0.15679,17.63659,0,56.4867,17.6372838,0.31223782,92062.542,79781.336,-12062.542,218.664,True,False,2.47597
245.64,FINE,THRUST,79910.548,28.5706398,-0.059357,704.37,4.02743,-60.10578,2288.16151,2279.08192,-9.07958,0,0.0663,0.00833,-0.13677,17.15004,0,-0.13677,17.15004,0,56.53155,17.1505832,0.30338073,91941.307,79789.35,-11941.307,210.65,True,False,4.40007
245.78,FINE,THRUST,79911.05,28.627141,-0.0589523,699.568,3.79959,-57.70116,2288.13343,2279.08106,-9.05237,0,0.06571,0.00825,-0.10301,16.67408,0,-0.10301,16.67408,0,56.5752,16.6743944,0.29472977,91820.605,79802.116,-11820.605,197.884,True,False,6.12943
245.92,FINE,THRUST,79911.515,28.6818889,-0.0585199,694.438,3.50294,-55.3721,2288.10962,2279.08025,-9.02937,0,0.06516,0.00815,-0.05808,16.20877,0,-0.05808,16.20877,0,56.61767,16.2088704,0.28628644,91706.986,79818.065,-11706.986,181.935,True,False,7.62647
246.06,FINE,THRUST,79911.935,28.7349201,-0.0580607,688.989,3.15394,-53.11705,2288.09299,2279.07951,-9.01348,0,0.0647,0.00805,-0.0046,15.75392,0,-0.0046,15.75392,0,56.65899,15.7539201,0.27804804,91605.345,79835.552,-11605.345,164.448,True,False,8.86735
246.2,FINE,THRUST,79912.303,28.7862969,-0.0575756,683.233,2.76888,-50.93329,2288.08506,2279.07886,-9.00619,0,0.06431,0.00795,0.05491,15.30914,0,0.05491,15.30914,0,56.69917,15.3092386,0.27000817,91518.737,79853.023,-11518.737,146.977,True,False,9.83711
246.34,FINE,THRUST,79912.625,28.8360995,-0.0570653,677.178,2.36332,-48.81735,2288.08635,2279.07829,-9.00806,0,0.06401,0.00784,0.1179,14.87388,0,0.1179,14.87388,0,56.73825,14.8743516,0.26215738,91448.818,79869.213,-11448.818,130.787,True,False,10.52811
246.48,FINE,THRUST,79912.895,28.8844158,-0.0565307,670.834,1.95151,-46.7654,2288.09684,2279.0778,-9.01904,0,0.0638,0.00773,0.18213,14.44755,0,0.18213,14.44755,0,56.77625,14.4486943,0.25448483,91396.13,79883.199,-11396.13,116.801,True,False,10.93929
246.62,FINE,THRUST,79913.114,28.9313337,-0.0559725,664.21,1.54618,-44.77362,2288.1159,2279.07739,-9.03851,0,0.06366,0.00762,0.24558,14.02952,0,0.24558,14.02952,0,56.81319,14.031665,0.24697901,91360.157,79894.461,-11360.157,105.539,True,False,11.07507
246.76,FINE,THRUST,79913.282,28.976934,-0.0553913,657.313,1.15846,-42.83848,2288.14226,2279.07707,-9.06518,0,0.06359,0.00752,0.30647,13.61923,0,0.30647,13.61923,0,56.84908,13.6226766,0.23962879,91339.218,79902.848,-11339.218,97.152,True,False,10.9458
246.9,FINE,THRUST,79913.405,29.0212864,-0.0547878,650.152,0.79786,-40.95692,2288.17413,2279.07684,-9.0973,0,0.06358,0.00741,0.36327,13.21621,0,0.36327,13.21621,0,56.88396,13.2211972,0.23242401,91330.758,79908.519,-11330.758,91.481,True,False,10.56712
247.04,FINE,THRUST,79913.487,29.064446,-0.0541627,642.734,0.47225,-39.12652,2288.20956,2279.07667,-9.13289,0,0.0636,0.00731,0.41472,12.82007,0,0.41472,12.82007,0,56.91782,12.8267808,0.22535613,91331.799,79911.855,-11331.799,88.145,True,False,9.95938
247.18,FINE,THRUST,79913.531,29.1064523,-0.0535165,635.066,0.18782,-37.34554,2288.24658,2279.07657,-9.17001,0,0.06365,0.0072,0.45979,12.43059,0,0.45979,12.43059,0,56.95071,12.4390859,0.21841846,91339.244,79913.373,-11339.244,86.627,True,False,9.14703
247.32,FINE,THRUST,79913.546,29.1473293,-0.0528498,627.154,-0.05085,-35.61289,2288.28333,2279.07653,-9.2068,0,0.06371,0.0071,0.49775,12.04761,0,0.49775,12.04761,0,56.98261,12.0578834,0.21160636,91350.12,79913.637,-11350.12,86.363,True,False,8.1577
247.46,FINE,THRUST,79913.536,29.1870871,-0.0521631,619.006,-0.24081,-33.92812,2288.31816,2279.07653,-9.24163,0,0.06377,0.007,0.52808,11.67111,0,0.52808,11.67111,0,57.01357,11.6830528,0.20491706,91361.745,79913.179,-11361.745,86.821,True,False,7.02164
247.6,FINE,THRUST,79913.508,29.2257247,-0.0514571,610.627,-0.38063,-32.29123,2288.34968,2279.07656,-9.27311,0,0.06383,0.0069,0.55053,11.30117,0,0.55053,11.30117,0,57.04358,11.3145692,0.19834958,91371.851,79912.453,-11371.851,87.547,True,False,5.77085
247.74,FINE,THRUST,79913.469,29.2632335,-0.0507322,602.026,-0.47032,-30.70258,2288.37678,2279.07662,-9.30016,0,0.06386,0.0068,0.56507,10.9379,0,0.56507,10.9379,0,57.07266,10.9524837,0.19190421,91378.66,79911.796,-11378.66,88.204,True,False,4.43819
247.88,FINE,THRUST,79913.424,29.2996008,-0.0499892,593.208,-0.5112,-29.1627,2288.39867,2279.07669,-9.32198,0,0.06387,0.0067,0.57188,10.58146,0,0.57188,10.58146,0,57.10083,10.5968988,0.18558223,91380.91,79911.412,-11380.91,88.588,True,False,3.0568
248.02,FINE,THRUST,79913.379,29.334814,-0.0492284,584.18,-0.50575,-27.67212,2288.41492,2279.07677,-9.33815,0,0.06386,0.0066,0.57132,10.23201,0,0.57132,10.23201,0,57.12809,10.2479431,0.17938535,91377.882,79911.383,-11377.882,88.617,True,False,1.65891
248.16,FINE,THRUST,79913.341,29.3688631,-0.0484506,574.95,-0.45744,-26.23126,2288.42485,2279.07684,-9.34801,0,0.06381,0.0065,0.5639,9.88968,0,0.5639,9.88968,0,57.15448,9.9057463,0.17331529,91368.722,79911.679,-11368.722,88.321,True,False,0.27559
248.3,FINE,THRUST,79913.313,29.4017437,-0.0476563,565.525,-0.37063,-24.84031,2288.42756,2279.07689,-9.35066,0,0.06372,0.00639,0.55031,9.55458,0,0.55031,9.55458,0,57.18001,9.570419,0.16737352,91352.356,79912.183,-11352.356,87.817,True,False,-1.06318
248.44,FINE,THRUST,79913.3,29.4334588,-0.0468461,555.91,-0.25038,-23.49914,2288.42206,2279.07693,-9.34513,0,0.06359,0.00629,0.53133,9.22675,0,0.53133,9.22675,0,57.20468,9.2420354,0.16156083,91327.662,79912.725,-11327.662,87.275,True,False,-2.32826
248.58,FINE,THRUST,79913.305,29.4640195,-0.0460207,546.114,-0.10225,-22.20727,2288.40743,2279.07693,-9.33049,0,0.06341,0.00618,0.50783,8.90616,0,0.50783,8.90616,0,57.22852,8.9206226,0.15587723,91293.619,79913.112,-11293.619,86.888,True,False,-3.49146
248.72,FINE,THRUST,79913.33,29.4934451,-0.0451804,536.144,0.06786,-20.96387,2288.38289,2279.07691,-9.30598,0,0.06316,0.00608,0.48076,8.59272,0,0.48076,8.59272,0,57.25154,8.6061542,0.15032179,91249.386,79913.157,-11249.386,86.843,True,False,-4.52572
248.86,FINE,THRUST,79913.378,29.5217628,-0.044326,526.005,0.25394,-19.7678,2288.3481,2279.07684,-9.27126,0,0.06286,0.00597,0.45104,8.28628,0,0.45104,8.28628,0,57.27376,8.298549,0.14489268,91194.607,79912.705,-11194.607,87.295,True,False,-5.40691
249,FINE,THRUST,79913.45,29.5490064,-0.043458,515.705,0.44999,-18.61761,2288.3033,2279.07674,-9.22656,0,0.06249,0.00585,0.41965,7.98666,0,0.41965,7.98666,0,57.2952,7.9976745,0.13958717,91129.585,79911.649,-11129.585,88.351,True,False,-6.11546
249.14,FINE,THRUST,79913.546,29.5752144,-0.0425769,505.249,0.65024,-17.51168,2288.24931,2279.0766,-9.17271,0,0.06207,0.00574,0.38748,7.6936,0,0.38748,7.6936,0,57.31587,7.7033537,0.13440175,91055.281,79909.942,-11055.281,90.058,True,False,-6.63934
249.28,FINE,THRUST,79913.666,29.6004282,-0.0416833,494.644,0.8494,-16.44825,2288.18766,2279.07641,-9.11125,0,0.0616,0.00562,0.35538,7.40686,0,0.35538,7.40686,0,57.33579,7.4153781,0.12933244,90973.461,79907.602,-10973.461,92.398,True,False,-6.97482
249.42,FINE,THRUST,79913.81,29.6246896,-0.0407775,483.896,1.0427,-15.42556,2288.12021,2279.07619,-9.04403,0,0.0611,0.0055,0.3241,7.12616,0,0.3241,7.12616,0,57.35498,7.1335229,0.12437495,90886.21,79904.699,-10886.21,95.301,True,False,-7.12546
249.56,FINE,THRUST,79913.977,29.6480379,-0.0398601,473.009,1.22623,-14.44194,2288.0491,2279.07592,-8.97317,0,0.06058,0.00538,0.29424,6.85125,0,0.29424,6.85125,0,57.37345,6.8575663,0.11952509,90795.93,79901.354,-10795.93,98.646,True,False,-7.10116
249.7,FINE,THRUST,79914.166,29.670508,-0.0389316,461.991,1.39703,-13.49591,2287.97654,2279.07562,-8.90091,0,0.06006,0.00526,0.26629,6.58192,0,0.26629,6.58192,0,57.39121,6.5873055,0.114779,90705.102,79897.711,-10705.102,102.289,True,False,-6.91688
249.84,FINE,THRUST,79914.374,29.6921296,-0.0379923,450.845,1.55308,-12.58623,2287.90465,2279.07529,-8.82936,0,0.05954,0.00513,0.24056,6.31799,0,0.24056,6.31799,0,57.40828,6.3225658,0.11013335,90616.058,79893.926,-10616.058,106.074,True,False,-6.58988
249.98,FINE,THRUST,79914.601,29.712927,-0.0370427,439.576,1.6931,-11.71184,2287.83522,2279.07492,-8.7603,0,0.05904,0.00501,0.21725,6.05931,0,0.21725,6.05931,0,57.42467,6.0632029,0.10558533,90530.764,79890.153,-10530.764,109.847,True,False,-6.13722
250.12,FINE,THRUST,79914.843,29.73292,-0.0360832,428.19,1.81659,-10.87191,2287.76991,2279.07452,-8.69539,0,0.05858,0.00488,0.19645,5.80578,0,0.19645,5.80578,0,57.4404,5.8091014,0.10113268,90451.009,79886.529,-10451.009,113.471,True,False,-5.57664
250.26,FINE,THRUST,79915.1,29.7521246,-0.0351142,416.692,1.92362,-10.06576,2287.71021,2279.0741,-8.6361,0,0.05816,0.00475,0.17814,5.55731,0,0.17814,5.55731,0,57.45548,5.5601693,0.09677353,90378.436,79883.167,-10378.436,116.833,True,False,-4.92754
250.4,FINE,THRUST,79915.369,29.770554,-0.0341361,405.085,2.01474,-9.29282,2287.65734,2279.07366,-8.58368,0,0.05778,0.00461,0.16224,5.31386,0,0.16224,5.31386,0,57.46992,5.3163341,0.09250638,90314.393,79880.154,-10314.393,119.846,True,False,-4.20995
250.54,FINE,THRUST,79915.649,29.7882191,-0.0331493,393.375,2.09092,-8.55262,2287.61219,2279.0732,-8.53899,0,0.05746,0.00448,0.14861,5.07536,0,0.14861,5.07536,0,57.48373,5.0775402,0.08833004,90259.836,79877.547,-10259.836,122.453,True,False,-3.44334
250.68,FINE,THRUST,79915.938,29.8051296,-0.0321541,381.566,2.15332,-7.84474,2287.57529,2279.07272,-8.50257,0,0.0572,0.00434,0.13707,4.8418,0,0.13707,4.8418,0,57.49693,4.8437407,0.08424347,90215.336,79875.375,-10215.336,124.625,True,False,-2.6457
250.82,FINE,THRUST,79916.235,29.8212947,-0.031151,369.662,2.2034,-7.16879,2287.54701,2279.07223,-8.47478,0,0.057,0.00421,0.12738,4.61314,0,0.12738,4.61314,0,57.50953,4.6148942,0.08024573,90181.284,79873.641,-10181.284,126.359,True,False,-1.83568
250.96,FINE,THRUST,79916.538,29.8367233,-0.0301404,357.669,2.24285,-6.52437,2287.52749,2279.07173,-8.45576,0,0.05685,0.00407,0.11928,4.38934,0,0.11928,4.38934,0,57.52154,4.3909599,0.07633592,90157.837,79872.319,-10157.837,127.681,True,False,-1.03303
251.1,FINE,THRUST,79916.847,29.8514248,-0.0291225,345.59,2.27339,-5.91109,2287.51655,2279.07121,-8.44534,0,0.05677,0.00393,0.11251,4.17038,0,0.11251,4.17038,0,57.53298,4.171895,0.07251311,90144.785,79871.369,-10144.785,128.631,True,False,-0.26418
251.24,FINE,THRUST,79917.161,29.8654094,-0.0280978,333.43,2.29682,-5.3285,2287.51372,2279.07069,-8.44303,0,0.05675,0.00379,0.10679,3.95621,0,0.10679,3.95621,0,57.54385,3.9576515,0.06877627,90141.569,79870.735,-10141.569,129.265,True,False,0.48587
251.38,FINE,THRUST,79917.479,29.8786882,-0.0270666,321.193,2.31478,-4.77612,2287.51817,2279.07016,-8.44802,0,0.05677,0.00365,0.10187,3.74679,0,0.10187,3.74679,0,57.55417,3.7481739,0.06512428,90147.212,79870.356,-10147.212,129.644,True,False,1.15316
251.52,FINE,THRUST,79917.8,29.8912739,-0.0260292,308.884,2.32871,-4.25341,2287.52884,2279.06962,-8.45922,0,0.05684,0.00351,0.09753,3.54206,0,0.09753,3.54206,0,57.56395,3.5433978,0.06155585,90160.445,79870.173,-10160.445,129.827,True,False,1.74861
251.66,FINE,THRUST,79918.125,29.9031798,-0.0249861,296.505,2.33983,-3.7598,2287.54453,2279.06908,-8.47545,0,0.05695,0.00337,0.09358,3.34194,0,0.09358,3.34194,0,57.5732,3.3432507,0.05806957,90179.855,79870.134,-10179.855,129.866,True,False,2.25989
251.8,FINE,THRUST,79918.451,29.9144206,-0.0239375,284.062,2.34919,-3.29466,2287.56403,2279.06854,-8.49549,0,0.05708,0.00323,0.08986,3.14637,0,0.08986,3.14637,0,57.58193,3.1476531,0.0546639,90203.974,79870.189,-10203.974,129.811,True,False,2.67957
251.94,FINE,THRUST,79918.78,29.9250114,-0.0228838,271.558,2.35764,-2.85734,2287.58611,2279.06799,-8.51813,0,0.05722,0.00308,0.08626,2.95526,0,0.08626,2.95526,0,57.59017,2.956521,0.05133725,90231.349,79870.298,-10231.349,129.702,True,False,3.0034
252.08,FINE,THRUST,79919.111,29.9349678,-0.0218254,258.998,2.36584,-2.44719,2287.60964,2279.06743,-8.54221,0,0.05738,0.00294,0.08268,2.76853,0,0.08268,2.76853,0,57.59791,2.769767,0.04808798,90260.604,79870.427,-10260.604,129.573,True,False,3.22992
252.22,FINE,THRUST,79919.444,29.9443053,-0.0207624,246.384,2.37427,-2.06353,2287.63358,2279.06688,-8.5667,0,0.05754,0.0028,0.07904,2.5861,0,0.07904,2.5861,0,57.60516,2.5873034,0.04491444,90290.487,79870.55,-10290.487,129.45,True,False,3.36031
252.36,FINE,THRUST,79919.779,29.9530394,-0.0196953,233.721,2.38326,-1.70573,2287.65701,2279.06632,-8.59069,0,0.0577,0.00265,0.07531,2.40787,0,0.07531,2.40787,0,57.61194,2.4090436,0.041815,90319.889,79870.65,-10319.889,129.35,True,False,3.39857
252.5,FINE,THRUST,79920.116,29.9611852,-0.0186243,221.012,2.39301,-1.37312,2287.67917,2279.06575,-8.61342,0,0.05786,0.00251,0.07144,2.23376,0,0.07144,2.23376,0,57.61827,2.2349032,0.0387881,90347.876,79870.712,-10347.876,129.288,True,False,3.35092
252.64,FINE,THRUST,79920.455,29.9687573,-0.0175498,208.26,2.40358,-1.0651,2287.69947,2279.06519,-8.63429,0,0.05799,0.00236,0.06745,2.0637,0,0.06745,2.0637,0,57.62414,2.0648016,0.03583223,90373.725,79870.732,-10373.725,129.268,True,False,3.22518
252.78,FINE,THRUST,79920.796,29.9757698,-0.0164719,195.47,2.41496,-0.78107,2287.7175,2279.06462,-8.65288,0,0.05812,0.00222,0.06333,1.89761,0,0.06333,1.89761,0,57.62958,1.8986622,0.03294597,90396.92,79870.707,-10396.92,129.293,True,False,3.03056
252.92,FINE,THRUST,79921.138,29.9822361,-0.0153911,182.644,2.42706,-0.52045,2287.73299,2279.06404,-8.66895,0,0.05823,0.00207,0.0591,1.73541,0,0.0591,1.73541,0,57.63458,1.7364124,0.03012796,90417.133,79870.64,-10417.133,129.36,True,False,2.77715
253.06,FINE,THRUST,79921.482,29.9881692,-0.0143075,169.785,2.43974,-0.28271,2287.74583,2279.06347,-8.68236,0,0.05832,0.00192,0.05478,1.57703,0,0.05478,1.57703,0,57.63916,1.5779829,0.02737692,90434.211,79870.533,-10434.211,129.467,True,False,2.47568
253.2,FINE,THRUST,79921.828,29.9935818,-0.0132215,156.897,2.45283,-0.0673,2287.75604,2279.06289,-8.69315,0,0.05839,0.00178,0.05041,1.42241,0,0.05041,1.42241,0,57.64334,1.4233072,0.02469162,90448.151,79870.395,-10448.151,129.605,True,False,2.13732
253.34,FINE,THRUST,79922.176,29.9984859,-0.0121332,143.983,2.46617,0.12628,2287.76372,2279.06231,-8.70141,0,0.05844,0.00163,0.046,1.27149,0,0.046,1.27149,0,57.64711,1.2723213,0.02207086,90459.081,79870.232,-10459.081,129.768,True,False,1.77337
253.48,FINE,THRUST,79922.525,30.0028935,-0.011043,131.046,2.47956,0.29855,2287.76909,2279.06172,-8.70737,0,0.05848,0.00148,0.04158,1.12419,0,0.04158,1.12419,0,57.65049,1.1249627,0.0195135,90467.234,79870.053,-10467.234,129.947,True,False,1.39569
253.62,FINE,THRUST,79922.877,30.0068163,-0.0099511,118.089,2.49284,0.44999,2287.77241,2279.06114,-8.71127,0,0.05851,0.00134,0.03719,0.98046,0,0.03719,0.98046,0,57.65349,0.9811699,0.01701839,90472.921,79869.866,-10472.921,130.134,True,False,1.01748
253.76,FINE,THRUST,79923.229,30.0102657,-0.0088577,105.114,2.50587,0.58109,2287.77399,2279.06055,-8.71345,0,0.05853,0.00119,0.03284,0.84024,0,0.03284,0.84024,0,57.65613,0.840882,0.01458443,90476.508,79869.679,-10476.508,130.321,True,False,0.65889
253.9,FINE,THRUST,79923.583,30.0132531,-0.0077631,92.125,2.51851,0.69234,2287.77417,2279.05995,-8.71422,0,0.05853,0.00104,0.02855,0.70346,0,0.02855,0.70346,0,57.65839,0.7040388,0.01221052,90478.393,79869.498,-10478.393,130.502,True,False,0.38138
254.04,FINE,THRUST,79923.939,30.0157898,-0.0066676,79.123,2.53066,0.7842,2287.7733,2279.05936,-8.71394,0,0.05853,0.00089,0.02433,0.57006,0,0.02433,0.57006,0,57.66031,0.5705802,0.00989555,90478.983,79869.332,-10478.983,130.668,True,False,0.39142
254.18,FINE,THRUST,79924.295,30.017887,-0.0055712,66.113,2.54224,0.85716,2287.7717,2279.05876,-8.71294,0,0.05852,0.00075,0.0202,0.43998,0,0.0202,0.43998,0,57.66187,0.4404474,0.00763845,90478.674,79869.184,-10478.674,130.816,True,False,0.67014
254.32,FINE,THRUST,79924.647,30.0195557,-0.0044743,53.097,2.5532,0.91168,2287.7697,2279.05817,-8.71153,0,0.05851,0.0006,0.01621,0.31317,0,0.01621,0.31317,0,57.6631,0.3135877,0.00543827,90477.841,79869.054,-10477.841,130.946,True,False,1.06558
254.46,FINE,THRUST,79925.007,30.0208067,-0.0033771,40.076,2.56349,0.94823,2287.76756,2279.05757,-8.70999,0,0.0585,0.00045,0.01228,0.18955,0,0.01228,0.18955,0,57.664,0.1899495,0.00329407,90476.811,79868.956,-10476.811,131.044,True,False,1.74355
254.6,FINE,THRUST,79925.369,30.0216508,-0.0022798,27.054,2.57309,0.96725,2287.76551,2279.05697,-8.70855,0,0.05849,0.0003,0.00845,0.06908,0,0.00845,0.06908,0,57.66458,0.0695899,0.00120681,90475.872,79868.889,-10475.872,131.111,True,False,4.74773
254.74,FINE,THRUST,79925.733,30.0220989,-0.0011825,14.032,2.58197,0.96921,2287.76376,2279.05636,-8.7074,0,0.05849,0.00016,0.00471,-0.04832,0,0.00471,-0.04832,0,57.66484,0.0485505,0.00084194,90475.252,79868.855,-10475.252,131.145,True,False,171.75683
254.88,FINE,THRUST,79926.101,30.0222953,-8.55E-05,1.014,2.59027,0.96031,2287.76233,2279.05575,-8.70659,0,0.05848,1E-05,0.00104,-0.16374,0,0.00104,-0.16374,0,57.66499,0.1637401,0.00283951,90474.999,79868.849,-10474.999,131.151,True,False,176.28452
255.02,FINE,THRUST,79926.476,30.0226139,0.0010113,-12.001,2.59842,0.95663,2287.76138,2279.05512,-8.70626,0,0.05848,-0.00014,-0.00264,-0.28006,0,-0.00264,-0.28006,0,57.66532,0.2800724,0.00485686,90475.324,79868.853,-10475.324,131.147,True,False,176.12307
255.16,FINE,THRUST,79926.858,30.0233074,0.0021079,-25.014,2.60688,0.96905,2287.76063,2279.05449,-8.70614,0,0.05848,-0.00029,-0.00642,-0.39927,0,-0.00642,-0.39927,0,57.66596,0.3993193,0.0069247,90475.913,79868.844,-10475.913,131.156,True,False,175.00054
255.3,FINE,THRUST,79927.247,30.0243819,0.0032045,-38.028,2.61628,0.99782,2287.75947,2279.05384,-8.70563,0,0.05847,-0.00043,-0.01039,-0.52143,0,-0.01039,-0.52143,0,57.6669,0.5215301,0.00904384,90476.077,79868.791,-10476.077,131.209,True,False,173.25774
255.44,FINE,THRUST,79927.643,30.0258453,0.0043015,-51.045,2.62757,1.0433,2287.75692,2279.05318,-8.70374,0,0.05846,-0.00058,-0.0147,-0.64662,0,-0.0147,-0.64662,0,57.66815,0.6467876,0.01121568,90474.65,79868.645,-10474.65,131.355,True,False,170.97862
255.58,FINE,THRUST,79928.046,30.0277031,0.0053989,-64.068,2.64201,1.10572,2287.75164,2279.05251,-8.69913,0,0.05843,-0.00073,-0.01954,-0.77491,0,-0.01954,-0.77491,0,57.66972,0.7751604,0.01344138,90470.086,79868.339,-10470.086,131.661,True,False,168.19263
255.72,FINE,THRUST,79928.458,30.0299564,0.0064969,-77.099,2.66117,1.18514,2287.74196,2279.05183,-8.69013,0,0.05837,-0.00088,-0.02515,-0.90634,0,-0.02515,-0.90634,0,57.67162,0.906687,0.01572155,90460.444,79867.789,-10460.444,132.211,True,False,164.91254
255.86,FINE,THRUST,79928.877,30.0325995,0.0075958,-90.14,2.68691,1.28132,2287.72585,2279.05113,-8.67472,0,0.05827,-0.00103,-0.03183,-1.04087,0,-0.03183,-1.04087,0,57.67386,1.0413564,0.01805595,90443.372,79866.889,-10443.372,133.111,True,False,161.14475
256,FINE,THRUST,79929.306,30.0356166,0.0086958,-103.193,2.72142,1.39359,2287.70094,2279.05042,-8.65053,0,0.0581,-0.00117,-0.03991,-1.17841,0,-0.03991,-1.17841,0,57.67644,1.1790848,0.02044309,90416.119,79865.511,-10416.119,134.489,True,False,156.89243
256.14,FINE,THRUST,79929.744,30.0389786,0.009797,-116.261,2.76711,1.52068,2287.66453,2279.04969,-8.61484,0,0.05786,-0.00132,-0.04976,-1.31875,0,-0.04976,-1.31875,0,57.67937,1.3196882,0.02287972,90375.575,79863.496,-10375.575,136.504,True,False,152.15716
256.28,FINE,THRUST,79930.194,30.0426388,0.0108996,-129.346,2.82663,1.66059,2287.61366,2279.04895,-8.56472,0,0.05753,-0.00147,-0.06179,-1.46155,0,-0.06179,-1.46155,0,57.68266,1.4628512,0.02536033,90318.35,79860.652,-10318.35,139.348,True,False,146.93981
256.42,FINE,THRUST,79930.654,30.0465268,0.0120037,-142.448,2.90283,1.81028,2287.54522,2279.04818,-8.49704,0,0.05707,-0.00162,-0.07644,-1.60627,0,-0.07644,-1.60627,0,57.68632,1.6080841,0.02787635,90240.917,79856.74,-10240.917,143.26,True,False,141.25935
256.56,FINE,THRUST,79931.127,30.0505378,0.0131095,-155.57,2.99921,1.96524,2287.45613,2279.0474,-8.40873,0,0.05648,-0.00177,-0.09426,-1.75211,0,-0.09426,-1.75211,0,57.69035,1.7546398,0.03041479,90139.892,79851.435,-10139.892,148.565,True,False,135.15643
256.7,FINE,THRUST,79931.611,30.0545399,0.0142168,-168.712,3.11836,2.11977,2287.34359,2279.0466,-8.29699,0,0.05573,-0.00192,-0.11564,-1.89805,0,-0.11564,-1.89805,0,57.69476,1.9015645,0.03295905,90012.252,79844.385,-10012.252,155.615,True,False,128.66312
256.84,FINE,THRUST,79932.109,30.0583786,0.0153258,-181.872,3.26165,2.2672,2287.20527,2279.04577,-8.1595,0,0.0548,-0.00207,-0.14079,-2.04288,0,-0.14079,-2.04288,0,57.69955,2.0477221,0.03548939,89855.568,79835.216,-9855.568,164.784,True,False,121.8015
256.98,FINE,THRUST,79932.621,30.061877,0.0164362,-195.05,3.42925,2.3999,2287.03954,2279.04492,-7.99462,0,0.0537,-0.00222,-0.16974,-2.18521,0,-0.16974,-2.18521,0,57.70472,2.1917942,0.03798293,89668.306,79823.523,-9668.306,176.477,True,False,114.58597
257.12,FINE,THRUST,79933.147,30.0648397,0.0175479,-208.242,3.62,2.50945,2286.84577,2279.04405,-7.80171,0,0.0524,-0.00237,-0.20229,-2.32351,0,-0.20229,-2.32351,0,57.71025,2.3323001,0.04041396,89450.145,79808.888,-9450.145,191.112,True,False,107.0251
257.26,FINE,THRUST,79933.689,30.0670599,0.0186604,-221.445,3.83125,2.58692,2286.62456,2279.04316,-7.5814,0,0.05092,-0.00252,-0.23803,-2.45613,0,-0.23803,-2.45613,0,57.71615,2.4676383,0.04275472,89202.269,79790.913,-9202.269,209.087,True,False,99.12257
257.4,FINE,THRUST,79934.246,30.0683287,0.0197734,-234.653,4.05872,2.62331,2286.37804,2279.04223,-7.33581,0,0.04927,-0.00267,-0.27629,-2.5814,0,-0.27629,-2.5814,0,57.72241,2.5961488,0.04497644,88927.622,79769.281,-8927.622,230.719,True,False,90.87824
257.54,FINE,THRUST,79934.818,30.068448,0.0208864,-247.86,4.29642,2.61006,2286.11009,2279.04128,-7.0688,0,0.04747,-0.00282,-0.31615,-2.69774,0,-0.31615,-2.69774,0,57.729,2.7161977,0.04705084,88631.059,79743.849,-8631.059,256.151,True,False,82.28893
257.68,FINE,THRUST,79935.405,30.0672452,0.0219985,-261.059,4.53673,2.53975,2285.82639,2279.04031,-6.78608,0,0.04557,-0.00297,-0.35642,-2.80372,0,-0.35642,-2.80372,0,57.73591,2.8262821,0.0489519,88319.357,79714.769,-8319.357,285.231,True,False,73.35073
257.82,FINE,THRUST,79936.005,30.0645799,0.0231093,-274.241,4.77012,2.40631,2285.53436,2279.03931,-6.49504,0,0.04361,-0.00312,-0.39561,-2.89819,0,-0.39561,-2.89819,0,57.74311,2.9250627,0.05065648,88000.858,79682.676,-8000.858,317.324,True,False,64.11377
257.96,FINE,THRUST,79936.62,30.0603066,0.0242178,-287.396,4.98206,2.20351,2285.2425,2279.0383,-6.20421,0,0.04165,-0.00326,-0.43146,-2.97993,0,-0.43146,-2.97993,0,57.75057,3.0110032,0.05213806,87684.198,79649.21,-7684.198,350.79,True,False,54.71539
258.1,FINE,THRUST,79937.248,30.0544233,0.0253233,-300.515,5.15909,1.93123,2284.96259,2279.03725,-5.92534,0,0.03978,-0.00341,-0.46189,-3.04885,0,-0.46189,-3.04885,0,57.75827,3.083634,0.05338862,87381.212,79616.722,-7381.212,383.278,True,False,45.30049
258.24,FINE,THRUST,79937.89,30.0470725,0.0264249,-313.588,5.29216,1.59564,2284.70863,2279.03619,-5.67244,0,0.03808,-0.00355,-0.48555,-3.10595,0,-0.48555,-3.10595,0,57.76616,3.1436769,0.05442073,87106.119,79587.866,-7106.119,412.134,True,False,36.08017
258.38,FINE,THRUST,79938.542,30.0384319,0.027522,-326.607,5.37885,1.20438,2284.50005,2279.0351,-5.46495,0,0.03668,-0.0037,-0.50217,-3.15256,0,-0.50217,-3.15256,0,57.77422,3.1923045,0.05525483,86879.664,79565.32,-6879.664,434.68,True,False,27.30901
258.52,FINE,THRUST,79939.203,30.0288932,0.0286139,-339.567,5.41997,0.77433,2284.34192,2279.034,-5.30792,0,0.03562,-0.00384,-0.5119,-3.19164,0,-0.5119,-3.19164,0,57.78241,3.2324317,0.05594144,86706.3,79550.67,-6706.3,449.33,True,False,19.06555
258.66,FINE,THRUST,79939.868,30.0188257,0.0297005,-352.461,5.41708,0.32139,2284.23137,2279.03289,-5.19849,0,0.03489,-0.00398,-0.51495,-3.22602,0,-0.51495,-3.22602,0,57.79072,3.2668609,0.05652916,86581.862,79544.572,-6581.862,455.428,True,False,11.47242
258.8,FINE,THRUST,79940.533,30.0084941,0.0307814,-365.289,5.37223,-0.14307,2284.16679,2279.03177,-5.13502,0,0.03446,-0.00412,-0.51161,-3.25773,0,-0.51161,-3.25773,0,57.79912,3.2976565,0.05705375,86504.165,79547.218,-6504.165,452.782,True,False,5.27601
258.94,FINE,THRUST,79941.194,29.9981077,0.0318567,-378.049,5.28808,-0.61003,2284.14618,2279.03066,-5.11552,0,0.03433,-0.00426,-0.50226,-3.28838,0,-0.50226,-3.28838,0,57.8076,3.3265142,0.05754458,86471.15,79558.219,-6471.15,441.781,True,False,5.57568
259.08,FINE,THRUST,79941.846,29.9878318,0.0329262,-390.742,5.16776,-1.07237,2284.16675,2279.02956,-5.13719,0,0.03448,-0.0044,-0.48735,-3.31925,0,-0.48735,-3.31925,0,57.81616,3.3548404,0.058026,86480.381,79576.643,-6480.381,423.357,True,False,-11.02517
259.22,FINE,THRUST,79942.484,29.9777914,0.0339902,-403.369,5.01464,-1.52473,2284.22513,2279.02848,-5.19665,0,0.03488,-0.00454,-0.46738,-3.35133,0,-0.46738,-3.35133,0,57.82479,3.3837635,0.05851752,86529.092,79601.164,-6529.092,398.836,True,False,-16.75521
259.36,FINE,THRUST,79943.104,29.9680747,0.0350487,-415.931,4.83198,-1.96329,2284.31744,2279.02742,-5.29002,0,0.03551,-0.00468,-0.44281,-3.38531,0,-0.44281,-3.38531,0,57.8335,3.4141444,0.05903402,86614.155,79630.252,-6614.155,369.748,True,False,-22.16801
259.5,FINE,THRUST,79943.702,29.9587364,0.0361019,-428.431,4.62288,-2.38571,2284.43963,2279.02641,-5.41323,0,0.03634,-0.00482,-0.41407,-3.42163,0,-0.41407,-3.42163,0,57.84229,3.4465934,0.05958604,86732.245,79662.339,-6732.245,337.661,True,False,-27.16063
259.64,FINE,THRUST,79944.274,29.9498024,0.0371501,-440.87,4.39013,-2.79086,2284.58759,2279.02543,-5.56217,0,0.03734,-0.00496,-0.38157,-3.46052,0,-0.38157,-3.46052,0,57.85116,3.4814938,0.06018019,86879.892,79695.956,-6879.892,304.044,True,False,-31.70254
259.78,FINE,THRUST,79944.816,29.9412746,0.0381935,-453.252,4.13613,-3.17865,2284.75729,2279.0245,-5.7328,0,0.03849,-0.0051,-0.34564,-3.50202,0,-0.34564,-3.50202,0,57.86013,3.5190304,0.06081961,87053.523,79729.821,-7053.523,270.179,True,False,-35.78279
259.92,FINE,THRUST,79945.325,29.9331343,0.0392321,-465.579,3.86289,-3.54988,2284.94481,2279.02362,-5.92119,0,0.03976,-0.00524,-0.30654,-3.54599,0,-0.30654,-3.54599,0,57.86918,3.5592183,0.06150456,87249.476,79762.878,-7249.476,237.122,True,False,-39.39847
260.06,FINE,THRUST,79945.796,29.925347,0.0402664,-477.852,3.57206,-3.90605,2285.14637,2279.0228,-6.12357,0,0.04113,-0.00538,-0.26449,-3.59221,0,-0.26449,-3.59221,0,57.87834,3.6019299,0.06223277,87464.016,79794.309,-7464.016,205.691,True,False,-42.55128
260.2,FINE,THRUST,79946.228,29.9178648,0.0412962,-490.075,3.26492,-4.24921,2285.35829,2279.02205,-6.33624,0,0.04256,-0.00552,-0.21966,-3.6403,0,-0.21966,-3.6403,0,57.88762,3.6469211,0.06300002,87693.324,79823.508,-7693.324,176.492,True,False,-45.24645
260.34,FINE,THRUST,79946.618,29.9106297,0.042322,-502.248,2.94245,-4.58186,2285.57697,2279.02137,-6.5556,0,0.04404,-0.00566,-0.17215,-3.68984,0,-0.17215,-3.68984,0,57.897,3.6938537,0.06380043,87933.481,79850.053,-7933.481,149.947,True,False,-47.49247
260.48,FINE,THRUST,79946.963,29.9035756,0.0433436,-514.372,2.60543,-4.90685,2285.79883,2279.02075,-6.77807,0,0.04554,-0.00579,-0.12206,-3.74032,0,-0.12206,-3.74032,0,57.90651,3.7423158,0.06462686,88180.434,79873.663,-8180.434,126.337,True,False,-49.30102
260.62,FINE,THRUST,79947.262,29.8966298,0.0443613,-526.449,2.25438,-5.22731,2286.02,2279.02022,-6.99978,0,0.04704,-0.00593,-0.06943,-3.7912,0,-0.06943,-3.7912,0,57.91614,3.791832,0.06547107,88429.682,79894.167,-8429.682,105.833,True,False,-50.69288
260.76,FINE,THRUST,79947.512,29.8897046,0.045375,-538.479,1.88875,-5.54704,2286.23393,2279.01977,-7.21416,0,0.04848,-0.00607,-0.01411,-3.84178,0,-0.01411,-3.84178,0,57.92591,3.8418022,0.0663227,88673.367,79911.494,-8673.367,88.506,True,False,-51.70208
260.9,FINE,THRUST,79947.713,29.8827186,0.0463847,-550.462,1.50865,-5.86954,2286.43491,2279.01939,-7.41551,0,0.04984,-0.00621,0.04392,-3.89143,0,0.04392,-3.89143,0,57.9358,3.8916789,0.06717227,88904.602,79925.585,-8904.602,74.415,True,False,-52.35571
261.04,FINE,THRUST,79947.863,29.8756037,0.0473904,-562.397,1.11564,-6.19775,2286.61971,2279.01911,-7.60061,0,0.05109,-0.00635,0.10445,-3.93963,0,0.10445,-3.93963,0,57.94582,3.9410103,0.06801198,89119.551,79936.372,-9119.551,63.628,True,False,-52.66804
261.18,FINE,THRUST,79947.962,29.8682983,0.0483919,-574.283,0.71217,-6.53435,2286.78673,2279.0189,-7.76782,0,0.05222,-0.00649,0.1671,-3.98587,0,0.1671,-3.98587,0,57.95598,3.9893721,0.06883453,89316.282,79943.806,-9316.282,56.194,True,False,-52.6417
261.32,FINE,THRUST,79948.009,29.8607429,0.0493892,-586.118,0.30122,-6.88191,2286.93534,2279.01879,-7.91655,0,0.05323,-0.00663,0.2314,-4.02969,0,0.2314,-4.02969,0,57.96626,4.0363283,0.06963238,89494.063,79947.873,-9494.063,52.127,True,False,-52.27109
261.46,FINE,THRUST,79948.004,29.8528787,0.0503821,-597.901,-0.11379,-7.24299,2287.06568,2279.01876,-8.04693,0,0.05412,-0.00677,0.29681,-4.07061,0,0.29681,-4.07061,0,57.97666,4.0814143,0.07039754,89653.01,79948.614,-9653.01,51.386,True,False,-51.54376
261.6,FINE,THRUST,79947.946,29.8446483,0.0513705,-609.63,-0.52901,-7.62008,2287.17899,2279.01882,-8.16018,0,0.05489,-0.0069,0.3627,-4.10815,0,0.3627,-4.10815,0,57.98719,4.1241347,0.07112148,89794.509,79946.137,-9794.509,53.863,True,False,-50.44311
261.74,FINE,THRUST,79947.839,29.8359951,0.052354,-621.303,-0.94024,-8.01565,2287.27695,2279.01896,-8.25799,0,0.05555,-0.00704,0.42838,-4.14186,0,0.42838,-4.14186,0,57.99783,4.1639593,0.07179509,89920.427,79940.629,-9920.427,59.371,True,False,48.95095
261.88,FINE,THRUST,79947.682,29.826865,0.0533326,-632.916,-1.34298,-8.43207,2287.36152,2279.01919,-8.34233,0,0.05613,-0.00718,0.49312,-4.17129,0,0.49312,-4.17129,0,58.00858,4.2003347,0.07240886,90032.87,79932.376,-10032.87,67.624,True,False,47.04936
262.02,FINE,THRUST,79947.478,29.8172094,0.0543059,-644.466,-1.73239,-8.87146,2287.43472,2279.0195,-8.41523,0,0.05663,-0.00732,0.55609,-4.19602,0,0.55609,-4.19602,0,58.01942,4.2327046,0.07295323,90133.911,79921.771,-10133.911,78.229,True,False,44.72164
262.16,FINE,THRUST,79947.231,29.806989,0.0552737,-655.95,-2.10323,-9.33555,2287.49842,2279.01988,-8.47854,0,0.05707,-0.00745,0.61646,-4.2157,0,0.61646,-4.2157,0,58.03036,4.2605362,0.07341909,90225.323,79909.32,-10225.323,90.68,True,False,41.95279
262.3,FINE,THRUST,79946.945,29.796177,0.0562356,-667.366,-2.44992,-9.82552,2287.55417,2279.02033,-8.53384,0,0.05746,-0.00759,0.67327,-4.23011,0,0.67327,-4.23011,0,58.04137,4.2833518,0.07379826,90308.407,79895.642,-10308.407,104.358,True,False,38.72939
262.44,FINE,THRUST,79946.623,29.7847639,0.0571914,-678.707,-2.76646,-10.3418,2287.60316,2279.02085,-8.58231,0,0.0578,-0.00772,0.72554,-4.23912,0,0.72554,-4.23912,0,58.05244,4.3007596,0.07408404,90383.869,79881.459,-10383.869,118.541,True,False,35.05138
262.58,FINE,THRUST,79946.27,29.7727378,0.0581406,-689.973,-3.04469,-10.88494,2287.64568,2279.02142,-8.62426,0,0.0581,-0.00786,0.77194,-4.24261,0,0.77194,-4.24261,0,58.06358,4.3122603,0.07426791,90451.22,79867.664,-10451.22,132.336,True,False,30.97305
262.72,FINE,THRUST,79945.892,29.7601202,0.0590831,-701.157,-3.27572,-11.45399,2287.6815,2279.02204,-8.65946,0,0.05835,-0.00799,0.811,-4.2407,0,0.811,-4.2407,0,58.07474,4.3175553,0.07434481,90509.156,79855.254,-10509.156,144.746,True,False,26.57019
262.86,FINE,THRUST,79945.494,29.7470008,0.0600186,-712.258,-3.45323,-12.04507,2287.71042,2279.02269,-8.68773,0,0.05856,-0.00812,0.84169,-4.23408,0,0.84169,-4.23408,0,58.08592,4.3169303,0.07431973,90556.587,79845.092,-10556.587,154.908,True,False,21.92715
263,FINE,THRUST,79945.082,29.7335102,0.0609467,-723.272,-3.573,-12.6525,2287.73227,2279.02337,-8.7089,0,0.05873,-0.00825,0.86329,-4.22374,0,0.86329,-4.22374,0,58.09711,4.3110612,0.0742044,90592.615,79837.852,-10592.615,162.148,True,False,17.13006
263.14,FINE,THRUST,79944.662,29.7198008,0.0618674,-734.197,-3.63325,-13.26964,2287.74697,2279.02407,-8.7229,0,0.05885,-0.00838,0.87548,-4.21086,0,0.87548,-4.21086,0,58.1083,4.3009066,0.07401536,90616.726,79833.943,-10616.726,166.057,True,False,12.26686
263.28,FINE,THRUST,79944.24,29.7060281,0.0627806,-745.034,-3.63328,-13.88971,2287.75434,2279.02478,-8.72956,0,0.05891,-0.00851,0.87811,-4.19665,0,0.87811,-4.19665,0,58.11945,4.2875344,0.07377107,90628.483,79833.559,-10628.483,166.441,True,False,7.43922
263.42,FINE,THRUST,79943.822,29.6923413,0.0636863,-755.782,-3.57495,-14.50621,2287.75444,2279.02548,-8.72896,0,0.05894,-0.00863,0.87145,-4.18229,0,0.87145,-4.18229,0,58.13058,4.2721115,0.07349163,90628.069,79836.585,-10628.069,163.415,True,False,2.80574
263.56,FINE,THRUST,79943.414,29.6788685,0.0645845,-766.441,-3.46193,-15.11353,2287.7475,2279.02617,-8.72133,0,0.05891,-0.00875,0.85604,-4.16878,0,0.85604,-4.16878,0,58.14168,4.2557661,0.07319648,90616.125,79842.663,-10616.125,157.337,True,False,2.17887
263.7,FINE,THRUST,79943.016,29.6657082,0.0654755,-777.014,-3.29913,-15.70737,2287.73376,2279.02685,-8.70691,0,0.05884,-0.00887,0.83263,-4.15693,0,0.83263,-4.15693,0,58.15273,4.2394968,0.0729028,90593.463,79851.251,-10593.463,148.749,True,False,6.32522
263.84,FINE,THRUST,79942.641,29.6529218,0.0663594,-787.503,-3.09268,-16.28505,2287.71334,2279.0275,-8.68584,0,0.05873,-0.00899,0.8022,-4.14723,0,0.8022,-4.14723,0,58.16375,4.2241014,0.0726243,90560.928,79861.671,-10560.928,138.329,True,False,10.29588
263.98,FINE,THRUST,79942.294,29.6405219,0.0672364,-797.91,-2.85036,-16.84599,2287.68671,2279.0281,-8.65861,0,0.05857,-0.0091,0.76587,-4.13981,0,0.76587,-4.13981,0,58.17472,4.2100578,0.0723692,90519.923,79873.161,-10519.923,126.839,True,False,-13.95497
264.12,FINE,THRUST,79941.978,29.6285005,0.0681067,-808.237,-2.57849,-17.39053,2287.65442,2279.02865,-8.62577,0,0.05838,-0.00922,0.72468,-4.13463,0,0.72468,-4.13463,0,58.18566,4.1976533,0.07214241,90471.782,79885.045,-10471.782,114.955,True,False,-17.27682
264.26,FINE,THRUST,79941.695,29.6168376,0.0689704,-818.487,-2.28216,-17.91955,2287.61672,2279.02915,-8.58757,0,0.05815,-0.00932,0.6794,-4.13154,0,0.6794,-4.13154,0,58.19657,4.1870325,0.07194638,90417.439,79896.749,-10417.439,103.251,True,False,-20.24814
264.4,FINE,THRUST,79941.45,29.6055017,0.0698278,-828.662,-1.96585,-18.43439,2287.57385,2279.02959,-8.54427,0,0.05788,-0.00943,0.63073,-4.13034,0,0.63073,-4.13034,0,58.20745,4.1782173,0.07178149,90357.701,79907.771,-10357.701,92.229,True,False,-22.85839
264.54,FINE,THRUST,79941.244,29.5944516,0.0706791,-838.764,-1.63365,-18.93686,2287.52611,2279.02996,-8.49614,0,0.05759,-0.00954,0.5793,-4.1307,0,0.5793,-4.1307,0,58.21831,4.1711206,0.0716462,90293.388,79917.676,-10293.388,82.324,True,False,-25.09807
264.68,FINE,THRUST,79941.081,29.5836382,0.0715242,-848.793,-1.28931,-19.4291,2287.47382,2279.03027,-8.44355,0,0.05726,-0.00964,0.5257,-4.13226,0,0.5257,-4.13226,0,58.22915,4.1655603,0.07153737,90225.317,79926.1,-10225.317,73.9,True,False,-26.95836
264.82,FINE,THRUST,79940.96,29.573007,0.0723634,-858.752,-0.93636,-19.91348,2287.41739,2279.0305,-8.38689,0,0.05691,-0.00975,0.47047,-4.13459,0,0.47047,-4.13459,0,58.23998,4.1612747,0.07145049,90154.296,79932.745,-10154.296,67.255,True,False,-28.43085
264.96,FINE,THRUST,79940.884,29.5624995,0.0731967,-868.641,-0.57814,-20.39255,2287.35725,2279.03066,-8.32659,0,0.05653,-0.00985,0.41414,-4.13726,0,0.41414,-4.13726,0,58.25079,4.1579375,0.07137993,90081.117,79937.385,-10081.117,62.615,True,False,-29.50776
265.1,FINE,THRUST,79940.852,29.5520556,0.0740242,-878.461,-0.21788,-20.86895,2287.2939,2279.03074,-8.26316,0,0.05613,-0.00995,0.35722,-4.13979,0,0.35722,-4.13979,0,58.26161,4.1551724,0.07131922,90006.565,79939.866,-10006.565,60.134,True,False,-30.1817
265.24,FINE,THRUST,79940.864,29.5416144,0.0748459,-888.212,0.1412,-21.34535,2287.22791,2279.03076,-8.19715,0,0.05572,-0.01005,0.30023,-4.1417,0,0.30023,-4.1417,0,58.27241,4.1525635,0.07126123,89931.435,79940.108,-9931.435,59.892,True,False,-30.44843
265.38,FINE,THRUST,79940.921,29.531112,0.0756617,-897.893,0.49565,-21.82453,2287.15996,2279.03069,-8.12927,0,0.05529,-0.01014,0.2437,-4.14248,0,0.2437,-4.14248,0,58.28321,4.1496421,0.0711979,89856.61,79938.113,-9856.61,61.887,True,False,-30.3104
265.52,FINE,THRUST,79941.02,29.5204894,0.0764716,-907.505,0.84197,-22.30911,2287.09084,2279.03056,-8.06028,0,0.05486,-0.01024,0.1882,-4.14167,0,0.1882,-4.14167,0,58.29401,4.14594,0.07112121,89782.959,79933.974,-9782.959,66.026,True,False,-29.77581
265.66,FINE,THRUST,79941.16,29.5096929,0.0772756,-917.046,1.17655,-22.80143,2287.0214,2279.03035,-7.99105,0,0.05443,-0.01034,0.13432,-4.13882,0,0.13432,-4.13882,0,58.30479,4.1410004,0.07102333,89711.361,79927.876,-9711.361,72.124,True,False,-28.86097
265.8,FINE,THRUST,79941.34,29.4986786,0.0780735,-926.515,1.49573,-23.30343,2286.95256,2279.03008,-7.92248,0,0.054,-0.01043,0.08263,-4.13359,0,0.08263,-4.13359,0,58.31557,4.1344112,0.07089721,89642.666,79920.095,-9642.666,79.905,True,False,-27.58982
265.94,FINE,THRUST,79941.557,29.4874156,0.0788652,-935.91,1.79596,-23.81649,2286.8853,2279.02974,-7.85556,0,0.05359,-0.01052,0.03372,-4.1257,0,0.03372,-4.1257,0,58.32633,4.1258364,0.07073712,89577.707,79910.998,-9577.707,89.002,True,False,-25.99323
266.08,FINE,THRUST,79941.808,29.4758882,0.0796505,-945.23,2.07386,-24.34131,2286.82059,2279.02934,-7.79125,0,0.05319,-0.01062,-0.01186,-4.11502,0,-0.01186,-4.11502,0,58.33708,4.1150369,0.07053896,89517.206,79901.016,-9517.206,98.984,True,False,-24.1079
266.22,FINE,THRUST,79942.09,29.4640967,0.0804294,-954.474,2.32634,-24.8779,2286.75932,2279.02889,-7.73043,0,0.05282,-0.01071,-0.05361,-4.10153,0,-0.05361,-4.10153,0,58.3478,4.1018818,0.07030054,89461.756,79890.634,-9461.756,109.366,True,False,-21.97544
266.36,FINE,THRUST,79942.401,29.4520563,0.0812017,-963.639,2.55075,-25.4256,2286.70233,2279.02839,-7.67394,0,0.05248,-0.0108,-0.09109,-4.08534,0,-0.09109,-4.08534,0,58.35849,4.0863527,0.07002157,89411.849,79880.351,-9411.849,119.649,True,False,-19.64119
266.5,FINE,THRUST,79942.736,29.4397963,0.0819672,-972.724,2.74497,-25.98315,2286.65037,2279.02785,-7.62252,0,0.05218,-0.0109,-0.12394,-4.06665,0,-0.12394,-4.06665,0,58.36914,4.0685389,0.06970359,89367.861,79870.656,-9367.861,129.344,True,False,-17.15326
266.64,FINE,THRUST,79943.093,29.4273568,0.0827259,-981.728,2.90752,-26.54882,2286.60405,2279.02726,-7.57679,0,0.05191,-0.01099,-0.15191,-4.04577,0,-0.15191,-4.04577,0,58.37975,4.0486252,0.06934982,89330.047,79861.993,-9330.047,138.007,True,False,-14.56111
266.78,FINE,THRUST,79943.467,29.414786,0.0834776,-990.65,3.03768,-27.12049,2286.56382,2279.02665,-7.53717,0,0.05169,-0.01108,-0.17487,-4.02308,0,-0.17487,-4.02308,0,58.39031,4.0268762,0.0689648,89298.522,79854.725,-9298.522,145.275,True,False,-11.9143
266.92,FINE,THRUST,79943.855,29.4021352,0.0842224,-999.489,3.13524,-27.69592,2286.52999,2279.02601,-7.50399,0,0.05151,-0.01118,-0.19275,-3.99896,0,-0.19275,-3.99896,0,58.40082,4.0035997,0.06855382,89273.349,79849.133,-9273.349,150.867,True,False,9.26675
267.06,FINE,THRUST,79944.255,29.3894565,0.0849602,-1008.245,3.20076,-28.27286,2286.50271,2279.02534,-7.47737,0,0.05138,-0.01127,-0.20563,-3.97382,0,-0.20563,-3.97382,0,58.41127,3.9791361,0.06812274,89254.469,79845.387,-9254.469,154.613,True,False,6.67096
267.2,FINE,THRUST,79944.662,29.3767993,0.0856909,-1016.917,3.23569,-28.84911,2286.48188,2279.02467,-7.45721,0,0.0513,-0.01136,-0.21372,-3.94805,0,-0.21372,-3.94805,0,58.42166,3.953835,0.06767755,89241.667,79843.531,-9241.667,156.469,True,False,4.18005
267.34,FINE,THRUST,79945.073,29.3642067,0.0864147,-1025.507,3.24212,-29.4228,2286.46722,2279.02398,-7.44324,0,0.05125,-0.01146,-0.21733,-3.92201,0,-0.21733,-3.92201,0,58.43199,3.9280217,0.06722382,89234.628,79843.502,-9234.628,156.498,True,False,1.86622
267.48,FINE,THRUST,79945.485,29.3517129,0.0871315,-1034.015,3.22263,-29.99241,2286.45828,2279.02329,-7.43499,0,0.05125,-0.01155,-0.21684,-3.89595,0,-0.21684,-3.89595,0,58.44225,3.9019765,0.06676637,89232.92,79845.146,-9232.92,154.854,True,False,0.69465
267.62,FINE,THRUST,79945.897,29.3393422,0.0878415,-1042.44,3.18032,-30.55689,2286.45488,2279.0226,-7.43228,0,0.05128,-0.01164,-0.21274,-3.87008,0,-0.21274,-3.87008,0,58.45244,3.8759204,0.06630896,89236.511,79848.241,-9236.511,151.759,True,False,2.43326
267.76,FINE,THRUST,79946.305,29.3271089,0.0885446,-1050.785,3.11859,-31.11559,2286.457,2279.02191,-7.43509,0,0.05135,-0.01174,-0.20556,-3.84452,0,-0.20556,-3.84452,0,58.46257,3.8500081,0.06585424,89245.634,79852.518,-9245.634,147.482,True,False,4.12346
267.9,FINE,THRUST,79946.708,29.3150176,0.0892409,-1059.049,3.04104,-31.66832,2286.46463,2279.02123,-7.4434,0,0.05145,-0.01183,-0.19585,-3.81931,0,-0.19585,-3.81931,0,58.47264,3.824328,0.06540372,89260.549,79857.69,-9260.549,142.31,True,False,5.56048
268.04,FINE,THRUST,79947.104,29.303065,0.0899306,-1067.234,2.95139,-32.21523,2286.47774,2279.02056,-7.45718,0,0.0516,-0.01193,-0.1842,-3.79444,0,-0.1842,-3.79444,0,58.48263,3.7989061,0.06495785,89281.514,79863.46,-9281.514,136.54,True,False,6.71408
268.18,FINE,THRUST,79947.492,29.2912414,0.0906136,-1075.34,2.85323,-32.75672,2286.49566,2279.01991,-7.47576,0,0.05177,-0.01202,-0.17118,-3.76983,0,-0.17118,-3.76983,0,58.49256,3.7737168,0.06451618,89308.005,79869.552,-9308.005,130.448,True,False,7.57379
268.32,FINE,THRUST,79947.87,29.279533,0.0912901,-1083.369,2.74989,-33.29339,2286.51739,2279.01927,-7.49812,0,0.05198,-0.01212,-0.1573,-3.74539,0,-0.1573,-3.74539,0,58.50244,3.7486954,0.06407759,89339.046,79875.72,-9339.046,124.28,True,False,8.13897
268.46,FINE,THRUST,79948.239,29.2679233,0.09196,-1091.32,2.64466,-33.82595,2286.54184,2279.01864,-7.5232,0,0.0522,-0.01221,-0.14307,-3.721,0,-0.14307,-3.721,0,58.51224,3.7237487,0.06364051,89373.559,79881.754,-9373.559,118.246,True,False,8.41738
268.6,FINE,THRUST,79948.598,29.2563956,0.0926235,-1099.195,2.5405,-34.35513,2286.56787,2279.01803,-7.54984,0,0.05243,-0.0123,-0.12896,-3.69653,0,-0.12896,-3.69653,0,58.52198,3.6987739,0.06320316,89410.326,79887.486,-9410.326,112.514,True,False,8.42321
268.74,FINE,THRUST,79948.947,29.244935,0.0932806,-1106.993,2.44012,-34.88155,2286.59447,2279.01744,-7.57703,0,0.05267,-0.01239,-0.1154,-3.67186,0,-0.1154,-3.67186,0,58.53166,3.6736727,0.06276386,89448.271,79892.791,-9448.271,107.209,True,False,8.17502
268.88,FINE,THRUST,79949.286,29.2335298,0.0939312,-1114.715,2.34589,-35.40573,2286.6207,2279.01687,-7.60383,0,0.0529,-0.01248,-0.10275,-3.64692,0,-0.10275,-3.64692,0,58.54127,3.6483631,0.06232121,89486.333,79897.584,-9486.333,102.416,True,False,7.69574
269.02,FINE,THRUST,79949.616,29.2221717,0.0945755,-1122.361,2.25975,-35.928,2286.64555,2279.01631,-7.62925,0,0.05313,-0.01257,-0.09133,-3.62163,0,-0.09133,-3.62163,0,58.55082,3.6227863,0.06187422,89523.365,79901.816,-9523.365,98.184,True,False,7.01227
269.16,FINE,THRUST,79949.938,29.2108568,0.0952134,-1129.932,2.1833,-36.44853,2286.66809,2279.01576,-7.65233,0,0.05334,-0.01266,-0.08139,-3.59599,0,-0.08139,-3.59599,0,58.56031,3.5969102,0.06142233,89558.252,79905.466,-9558.252,94.534,True,False,6.15476
269.3,FINE,THRUST,79950.245,29.1995846,0.095845,-1137.427,2.11776,-36.96731,2286.68747,2279.01523,-7.67223,0,0.05353,-0.01275,-0.07311,-3.56998,0,-0.07311,-3.56998,0,58.56972,3.5707289,0.06096544,89589.963,79908.528,-9589.963,91.472,True,False,5.15641
269.44,FINE,THRUST,79950.554,29.1883582,0.0964702,-1144.848,2.06397,-37.4842,2286.70296,2279.01472,-7.68824,0,0.05369,-0.01283,-0.06663,-3.54364,0,-0.06663,-3.54364,0,58.57908,3.5442656,0.06050395,89617.61,79911.019,-9617.61,88.981,True,False,4.05231
269.58,FINE,THRUST,79950.858,29.1771834,0.0970892,-1152.194,2.02243,-37.99893,2286.71395,2279.01421,-7.69974,0,0.05383,-0.01292,-0.06207,-3.51702,0,-0.06207,-3.51702,0,58.58836,3.5175654,0.06003864,89640.441,79912.966,-9640.441,87.034,True,False,2.88321
269.72,FINE,THRUST,79951.157,29.1660677,0.0977018,-1159.465,1.99327,-38.51115,2286.72,2279.0137,-7.7063,0,0.05393,-0.013,-0.05944,-3.49018,0,-0.05944,-3.49018,0,58.59757,3.490686,0.05957049,89657.882,79914.394,-9657.882,85.606,True,False,1.71737
269.86,FINE,THRUST,79951.454,29.1550197,0.0983083,-1166.663,1.97632,-39.02048,2286.72075,2279.0132,-7.70754,0,0.05399,-0.01308,-0.0587,-3.4632,0,-0.0587,-3.4632,0,58.60672,3.4636964,0.05910067,89669.441,79915.334,-9669.441,84.666,True,False,0.84172
270,FINE,THRUST,79951.748,29.144048,0.0989086,-1173.787,1.97098,-39.52651,2286.71575,2279.01271,-7.70304,0,0.05402,-0.01316,-0.05976,-3.43615,0,-0.05976,-3.43615,0,58.6158,3.4366692,0.05863043,89674.55,79915.823,-9674.55,84.177,True,False,1.28036
270.14,FINE,THRUST,79952.042,29.1331604,0.0995027,-1180.838,1.97629,-40.0289,2286.70463,2279.01222,-7.69241,0,0.05401,-0.01324,-0.06248,-3.4091,0,-0.06248,-3.4091,0,58.62481,3.4096742,0.05816094,89672.709,79915.898,-9672.709,84.102,True,False,2.33608
270.28,FINE,THRUST,79952.334,29.1223638,0.1000907,-1187.817,1.991,-40.52732,2286.6871,2279.01173,-7.67538,0,0.05395,-0.01332,-0.06665,-3.38212,0,-0.06665,-3.38212,0,58.63375,3.3827719,0.05769326,89663.527,79915.602,-9663.527,84.398,True,False,-3.40071
270.42,FINE,THRUST,79952.627,29.1116629,0.1006726,-1194.723,2.01364,-41.02156,2286.66307,2279.01123,-7.65184,0,0.05385,-0.01339,-0.07205,-3.35524,0,-0.07205,-3.35524,0,58.64262,3.3560093,0.05722816,89646.826,79914.98,-9646.826,85.02,True,False,-4.37115
270.56,FINE,THRUST,79952.921,29.1010606,0.1012485,-1201.558,2.04245,-41.51149,2286.63261,2279.01074,-7.62186,0,0.05371,-0.01346,-0.07839,-3.32849,0,-0.07839,-3.32849,0,58.65142,3.3294149,0.05676614,89622.644,79914.087,-9622.644,85.913,True,False,-5.2055
270.7,FINE,THRUST,79953.217,29.0905574,0.1018185,-1208.323,2.07554,-41.99708,2286.59614,2279.01025,-7.58589,0,0.05353,-0.01354,-0.08539,-3.30189,0,-0.08539,-3.30189,0,58.66015,3.3029966,0.05630733,89591.438,79912.982,-9591.438,87.018,True,False,-5.88022
270.84,FINE,THRUST,79953.514,29.0801517,0.1023825,-1215.017,2.11105,-42.47842,2286.55443,2279.00975,-7.54467,0,0.05331,-0.01361,-0.09275,-3.27543,0,-0.09275,-3.27543,0,58.66882,3.2767423,0.05585151,89554.061,79911.732,-9554.061,88.268,True,False,-6.38331
270.98,FINE,THRUST,79953.814,29.0698403,0.1029407,-1221.642,2.14722,-42.95565,2286.50847,2279.00925,-7.49922,0,0.05307,-0.01368,-0.10021,-3.24908,0,-0.10021,-3.24908,0,58.67742,3.2506241,0.05539821,89511.671,79910.401,-9511.671,89.599,True,False,-6.71197
271.12,FINE,THRUST,79954.117,29.0596193,0.1034931,-1228.197,2.1825,-43.42897,2286.45945,2279.00875,-7.4507,0,0.0528,-0.01375,-0.10752,-3.22281,0,-0.10752,-3.22281,0,58.68595,3.2246052,0.0549468,89465.623,79909.055,-9465.623,90.945,True,False,-6.87074
271.26,FINE,THRUST,79954.422,29.0494843,0.1040397,-1234.685,2.21558,-43.89859,2286.40858,2279.00824,-7.40034,0,0.05252,-0.01382,-0.11448,-3.1966,0,-0.11448,-3.1966,0,58.69441,3.1986455,0.0544966,89417.343,79907.757,-9417.343,92.243,True,False,-6.86951
271.4,FINE,THRUST,79954.731,29.0394317,0.1045805,-1241.104,2.24537,-44.3647,2286.35708,2279.00772,-7.34936,0,0.05224,-0.01389,-0.12093,-3.1704,0,-0.12093,-3.1704,0,58.70281,3.1727079,0.05404695,89368.251,79906.561,-9368.251,93.439,True,False,-6.72073
271.54,FINE,THRUST,79955.041,29.0294588,0.1051157,-1247.455,2.27115,-44.82742,2286.30611,2279.0072,-7.2989,0,0.05196,-0.01395,-0.12675,-3.14421,0,-0.12675,-3.14421,0,58.71114,3.1467629,0.05359737,89319.694,79905.515,-9319.694,94.485,True,False,-6.43854
271.68,FINE,THRUST,79955.354,29.0195636,0.1056452,-1253.74,2.29243,-45.28688,2286.25672,2279.00668,-7.25004,0,0.05169,-0.01402,-0.13189,-3.118,0,-0.13189,-3.118,0,58.7194,3.1207896,0.0531475,89272.934,79904.653,-9272.934,95.347,True,False,-6.03871
271.82,FINE,THRUST,79955.668,29.0097452,0.1061691,-1259.958,2.30895,-45.74312,2286.20992,2279.00615,-7.20377,0,0.05144,-0.01409,-0.13629,-3.09177,0,-0.13629,-3.09177,0,58.7276,3.0947758,0.05269713,89229.136,79904.001,-9229.136,95.999,True,False,-5.53827
271.96,FINE,THRUST,79955.984,29.0000036,0.1066875,-1266.11,2.32065,-46.19618,2286.16656,2279.00563,-7.16093,0,0.05122,-0.01416,-0.13995,-3.06552,0,-0.13995,-3.06552,0,58.73573,3.0687178,0.05224619,89189.328,79903.578,-9189.328,96.422,True,False,-4.95515
272.1,FINE,THRUST,79956.301,28.9903394,0.1072003,-1272.196,2.32755,-46.64602,2286.12738,2279.0051,-7.12228,0,0.05102,-0.01422,-0.14288,-3.03926,0,-0.14288,-3.03926,0,58.74379,3.0426197,0.05179475,89154.381,79903.391,-9154.381,96.609,True,False,-4.30785
272.24,FINE,THRUST,79956.618,28.9807541,0.1077076,-1278.217,2.32979,-47.09261,2286.09294,2279.00456,-7.08838,0,0.05085,-0.01429,-0.1451,-3.013,0,-0.1451,-3.013,0,58.75178,3.0164924,0.051343,89124.98,79903.445,-9124.98,96.555,True,False,-3.61417
272.38,FINE,THRUST,79956.935,28.9712494,0.1082094,-1284.174,2.32761,-47.53587,2286.06371,2279.00403,-7.05967,0,0.05072,-0.01435,-0.14665,-2.98675,0,-0.14665,-2.98675,0,58.75971,2.9903522,0.0508912,89101.672,79903.734,-9101.672,96.266,True,False,-2.89044
272.52,FINE,THRUST,79957.252,28.9618271,0.1087058,-1290.066,2.32153,-47.97573,2286.04006,2279.0035,-7.03656,0,0.05063,-0.01442,-0.14762,-2.96054,0,-0.14762,-2.96054,0,58.76757,2.9642184,0.0504397,89084.939,79904.239,-9084.939,95.761,True,False,-2.15357
272.66,FINE,THRUST,79957.569,28.9524891,0.1091969,-1295.894,2.31211,-48.41212,2286.02224,2279.00297,-7.01927,0,0.05057,-0.01448,-0.14808,-2.93438,0,-0.14808,-2.93438,0,58.77536,2.9381126,0.04998885,89075.087,79904.933,-9075.087,95.067,True,False,-1.42214
272.8,FINE,THRUST,79957.885,28.9432372,0.1096826,-1301.658,2.2999,-48.84495,2286.01026,2279.00244,-7.00782,0,0.05056,-0.01455,-0.14814,-2.90829,0,-0.14814,-2.90829,0,58.78309,2.9120566,0.04953902,89072.159,79905.791,-9072.159,94.209,True,False,0.7176
272.94,FINE,THRUST,79958.2,28.934073,0.110163,-1307.36,2.28538,-49.27416,2286.00395,2279.00191,-7.00204,0,0.05058,-0.01461,-0.14786,-2.88228,0,-0.14786,-2.88228,0,58.79074,2.8860713,0.04909057,89075.975,79906.786,-9075.975,93.214,True,False,0.16227
273.08,FINE,THRUST,79958.514,28.9249976,0.1106381,-1313,2.26902,-49.69968,2286.00302,2279.00138,-7.00163,0,0.05064,-0.01467,-0.14731,-2.85638,0,-0.14731,-2.85638,0,58.79834,2.8601748,0.04864381,89086.18,79907.891,-9086.18,92.109,True,False,0.62735
273.22,FINE,THRUST,79958.826,28.9160117,0.1111081,-1318.577,2.25129,-50.12149,2286.00702,2279.00086,-7.00616,0,0.05073,-0.01474,-0.14657,-2.83059,0,-0.14657,-2.83059,0,58.80586,2.8343818,0.04819897,89102.275,79909.079,-9102.275,90.921,True,False,1.18523
273.36,FINE,THRUST,79959.136,28.9071152,0.1115729,-1324.094,2.23259,-50.53956,2286.01543,2279.00034,-7.01509,0,0.05085,-0.0148,-0.14569,-2.80492,0,-0.14569,-2.80492,0,58.81332,2.8087025,0.04775623,89123.652,79910.326,-9123.652,89.674,True,False,1.68072
273.5,FINE,THRUST,79959.444,28.8983078,0.1120325,-1329.549,2.2133,-50.9539,2286.02767,2278.99982,-7.02785,0,0.051,-0.01486,-0.14473,-2.77938,0,-0.14473,-2.77938,0,58.8207,2.7831433,0.04731571,89149.615,79911.608,-9149.615,88.392,True,False,2.10211
273.64,FINE,THRUST,79959.75,28.8895886,0.1124871,-1334.944,2.19376,-51.36454,2286.04309,2278.99931,-7.04379,0,0.05117,-0.01492,-0.14373,-2.75396,0,-0.14373,-2.75396,0,58.82803,2.7577067,0.04687743,89179.409,79912.905,-9179.409,87.095,True,False,2.4439
273.78,FINE,THRUST,79960.054,28.8809562,0.1129366,-1340.28,2.17425,-51.77152,2286.06103,2278.9988,-7.06224,0,0.05136,-0.01498,-0.14275,-2.72866,0,-0.14275,-2.72866,0,58.83529,2.732392,0.04644138,89212.24,79914.199,-9212.24,85.801,True,False,2.70343
273.92,FINE,THRUST,79960.356,28.8724091,0.1133812,-1345.556,2.15502,-52.1749,2286.08081,2278.99829,-7.08253,0,0.05155,-0.01504,-0.14181,-2.70348,0,-0.14181,-2.70348,0,58.84248,2.7071957,0.04600751,89247.299,79915.475,-9247.299,84.525,True,False,2.88032
274.06,FINE,THRUST,79960.655,28.8639455,0.1138208,-1350.774,2.13626,-52.57473,2286.10177,2278.99779,-7.10398,0,0.05176,-0.0151,-0.14093,-2.67841,0,-0.14093,-2.67841,0,58.8496,2.6821132,0.04557572,89283.788,79916.722,-9283.788,83.278,True,False,2.97601
274.2,FINE,THRUST,79960.952,28.8555638,0.1142554,-1355.933,2.1181,-52.97107,2286.12324,2278.99729,-7.12595,0,0.05197,-0.01516,-0.14014,-2.65344,0,-0.14014,-2.65344,0,58.85667,2.6571388,0.04514593,89320.931,79917.931,-9320.931,82.069,True,False,2.99382
274.34,FINE,THRUST,79961.247,28.8472622,0.1146853,-1361.034,2.10064,-53.36398,2286.14463,2278.99679,-7.14784,0,0.05218,-0.01522,-0.13945,-2.62857,0,-0.13945,-2.62857,0,58.86367,2.6322671,0.04471803,89357.998,79919.095,-9357.998,80.905,True,False,2.93857
274.48,FINE,THRUST,79961.54,28.8390392,0.1151102,-1366.078,2.08395,-53.75352,2286.16539,2278.9963,-7.16909,0,0.05238,-0.01528,-0.13887,-2.60379,0,-0.13887,-2.60379,0,58.8706,2.6074932,0.04429194,89394.318,79920.211,-9394.318,79.789,True,False,2.81644
274.62,FINE,THRUST,79961.83,28.8308935,0.1155304,-1371.066,2.06804,-54.13973,2286.18501,2278.99581,-7.1892,0,0.05258,-0.01533,-0.13838,-2.5791,0,-0.13838,-2.5791,0,58.87746,2.5828137,0.04386761,89429.289,79921.277,-9429.289,78.723,True,False,2.63468
274.76,FINE,THRUST,79962.118,28.8228241,0.1159459,-1375.996,2.05291,-54.52264,2286.20306,2278.99533,-7.20774,0,0.05276,-0.01539,-0.138,-2.5545,0,-0.138,-2.5545,0,58.88427,2.5582265,0.04344499,89462.388,79922.293,-9462.388,77.707,True,False,2.40139
274.9,FINE,THRUST,79962.405,28.8148302,0.1163566,-1380.871,2.0385,-54.90228,2286.21919,2278.99484,-7.22435,0,0.05294,-0.01545,-0.1377,-2.52999,0,-0.1377,-2.52999,0,58.89101,2.5337315,0.04302408,89493.176,79923.259,-9493.176,76.741,True,False,2.12546
275.04,FINE,THRUST,79962.689,28.8069113,0.1167627,-1385.691,2.02478,-55.27865,2286.2331,2278.99437,-7.23874,0,0.05309,-0.0155,-0.13749,-2.50556,0,-0.13749,-2.50556,0,58.89768,2.5093299,0.0426049,89521.294,79924.179,-9521.294,75.821,True,False,1.81654
275.18,FINE,THRUST,79962.971,28.7990672,0.1171641,-1390.455,2.01167,-55.65176,2286.24458,2278.99389,-7.25069,0,0.05324,-0.01555,-0.13734,-2.48123,0,-0.13734,-2.48123,0,58.9043,2.4850245,0.04218749,89546.477,79925.056,-9546.477,74.944,True,False,1.48441
275.32,FINE,THRUST,79963.251,28.7912976,0.1175609,-1395.165,1.99908,-56.02161,2286.25351,2278.99342,-7.26009,0,0.05336,-0.01561,-0.13725,-2.45699,0,-0.13725,-2.45699,0,58.91085,2.4608192,0.04177192,89568.567,79925.893,-9568.567,74.107,True,False,1.13872
275.46,FINE,THRUST,79963.53,28.7836028,0.1179532,-1399.821,1.98694,-56.38819,2286.25983,2278.99295,-7.26688,0,0.05347,-0.01566,-0.1372,-2.43285,0,-0.1372,-2.43285,0,58.91733,2.4367189,0.04135827,89587.503,79926.694,-9587.503,73.306,True,False,0.78871
275.6,FINE,THRUST,79963.806,28.7759828,0.1183409,-1404.423,1.97516,-56.7515,2286.26358,2278.99249,-7.27109,0,0.05355,-0.01571,-0.13718,-2.40883,0,-0.13718,-2.40883,0,58.92375,2.4127287,0.04094662,89603.306,79927.464,-9603.306,72.536,True,False,0.44307
275.74,FINE,THRUST,79964.081,28.7684379,0.1187242,-1408.972,1.96365,-57.11151,2286.26483,2278.99203,-7.2728,0,0.05363,-0.01576,-0.13718,-2.38491,0,-0.13718,-2.38491,0,58.93012,2.3888538,0.04053706,89616.077,79928.208,-9616.077,71.792,True,False,0.10986
275.88,FINE,THRUST,79964.354,28.7609682,0.119103,-1413.468,1.95234,-57.46823,2286.26374,2278.99157,-7.27217,0,0.05368,-0.01581,-0.13718,-2.36112,0,-0.13718,-2.36112,0,58.93642,2.3650988,0.04012967,89625.981,79928.928,-9625.981,71.072,True,False,-0.20437
276.02,FINE,THRUST,79964.626,28.7535738,0.1194774,-1417.912,1.94115,-57.82165,2286.26048,2278.99111,-7.26937,0,0.05372,-0.01586,-0.13717,-2.33745,0,-0.13717,-2.33745,0,58.94265,2.3414679,0.03972451,89633.239,79929.629,-9633.239,70.371,True,False,-0.49272
276.16,FINE,THRUST,79964.895,28.7462547,0.1198474,-1422.304,1.93004,-58.17177,2286.25529,2278.99066,-7.26463,0,0.05375,-0.01591,-0.13715,-2.3139,0,-0.13715,-2.3139,0,58.94883,2.3179644,0.03932163,89638.118,79930.316,-9638.118,69.684,True,False,-0.75039
276.3,FINE,THRUST,79965.163,28.7390109,0.1202131,-1426.645,1.91893,-58.5186,2286.24841,2278.99021,-7.2582,0,0.05377,-0.01596,-0.13711,-2.29049,0,-0.13711,-2.29049,0,58.95494,2.2945908,0.03892109,89640.92,79930.99,-9640.92,69.01,True,False,-0.97316
276.44,FINE,THRUST,79965.43,28.7318421,0.1205745,-1430.935,1.90781,-58.86216,2286.24011,2278.98976,-7.25035,0,0.05377,-0.01601,-0.13704,-2.26721,0,-0.13704,-2.26721,0,58.961,2.2713488,0.0385229,89641.968,79931.655,-9641.968,68.345,True,False,-1.15791
276.58,FINE,THRUST,79965.695,28.7247481,0.1209317,-1435.174,1.89662,-59.20245,2286.23069,2278.98932,-7.24138,0,0.05377,-0.01606,-0.13695,-2.24406,0,-0.13695,-2.24406,0,58.96699,2.2482393,0.03812708,89641.607,79932.313,-9641.607,67.687,True,False,-1.30257
276.72,FINE,THRUST,79965.958,28.7177286,0.1212847,-1439.363,1.88536,-59.53951,2286.22043,2278.98887,-7.23156,0,0.05377,-0.01611,-0.13683,-2.22105,0,-0.13683,-2.22105,0,58.97292,2.2252624,0.03773363,89640.185,79932.966,-9640.185,67.034,True,False,-1.40611
276.86,FINE,THRUST,79966.219,28.7107832,0.1216335,-1443.503,1.87401,-59.87334,2286.20962,2278.98843,-7.22119,0,0.05375,-0.01615,-0.13668,-2.19817,0,-0.13668,-2.19817,0,58.9788,2.202418,0.03734254,89638.051,79933.616,-9638.051,66.384,True,False,-1.46864
277,FINE,THRUST,79966.479,28.7039113,0.1219781,-1447.594,1.86257,-60.20398,2286.19855,2278.988,-7.21055,0,0.05374,-0.0162,-0.13651,-2.17543,0,-0.13651,-2.17543,0,58.98461,2.1797055,0.0369538,89635.551,79934.265,-9635.551,65.735,True,False,-1.49142
277.14,FINE,THRUST,79966.737,28.6971126,0.1223187,-1451.636,1.85104,-60.53146,2286.18748,2278.98756,-7.19992,0,0.05373,-0.01625,-0.13631,-2.15281,0,-0.13631,-2.15281,0,58.99036,2.1571243,0.0365674,89633.005,79934.912,-9633.005,65.088,True,False,-1.47662
277.28,FINE,THRUST,79966.994,28.6903865,0.1226551,-1455.63,1.83944,-60.8558,2286.17665,2278.98713,-7.18952,0,0.05372,-0.01629,-0.13608,-2.13033,0,-0.13608,-2.13033,0,58.99606,2.1346737,0.03618333,89630.703,79935.559,-9630.703,64.441,True,False,-1.42706
277.42,FINE,THRUST,79967.249,28.6837325,0.1229876,-1459.576,1.82777,-61.17702,2286.16628,2278.9867,-7.17958,0,0.05371,-0.01633,-0.13585,-2.10798,0,-0.13585,-2.10798,0,59.00169,2.1123534,0.03580157,89628.901,79936.206,-9628.901,63.794,True,False,-1.34623
277.56,FINE,THRUST,79967.503,28.6771502,0.1233161,-1463.474,1.81606,-61.49516,2286.15655,2278.98628,-7.17027,0,0.0537,-0.01638,-0.13559,-2.08576,0,-0.13559,-2.08576,0,59.00727,2.0901631,0.03542213,89627.822,79936.853,-9627.822,63.147,True,False,1.23813
277.7,FINE,THRUST,79967.754,28.6706392,0.1236406,-1467.326,1.80432,-61.81022,2286.1476,2278.98585,-7.16175,0,0.0537,-0.01642,-0.13533,-2.06367,0,-0.13533,-2.06367,0,59.01279,2.0681032,0.035045,89627.648,79937.499,-9627.648,62.501,True,False,1.1071
277.84,FINE,THRUST,79968.005,28.6641991,0.1239612,-1471.131,1.79257,-62.12224,2286.13957,2278.98543,-7.15413,0,0.05371,-0.01647,-0.13506,-2.04171,0,-0.13506,-2.04171,0,59.01825,2.0461738,0.03467019,89628.524,79938.145,-9628.524,61.855,True,False,0.95776
277.98,FINE,THRUST,79968.253,28.6578293,0.1242779,-1474.89,1.78083,-62.43123,2286.13253,2278.98502,-7.14751,0,0.05372,-0.01651,-0.13479,-2.01988,0,-0.13479,-2.01988,0,59.02366,2.0243759,0.0342977,89630.554,79938.789,-9630.554,61.211,True,False,0.7948
278.12,FINE,THRUST,79968.5,28.6515297,0.1245907,-1478.604,1.76913,-62.73721,2286.12654,2278.9846,-7.14194,0,0.05374,-0.01655,-0.13452,-1.99819,0,-0.13452,-1.99819,0,59.029,2.0027102,0.03392756,89633.805,79939.432,-9633.805,60.568,True,False,0.62303
278.26,FINE,THRUST,79968.746,28.6452997,0.1248998,-1482.272,1.75747,-63.04018,2286.12162,2278.98419,-7.13744,0,0.05376,-0.01659,-0.13426,-1.97662,0,-0.13426,-1.97662,0,59.03429,1.9811779,0.03355978,89638.31,79940.073,-9638.31,59.927,True,False,0.44709
278.4,FINE,THRUST,79968.987,28.639139,0.1252051,-1485.896,1.74587,-63.34018,2286.11779,2278.98378,-7.13401,0,0.0538,-0.01663,-0.134,-1.95519,0,-0.134,-1.95519,0,59.03953,1.9597801,0.03319437,89644.063,79940.71,-9644.063,59.29,True,False,0.27182
278.54,FINE,THRUST,79969.224,28.6330473,0.1255066,-1489.474,1.73434,-63.63721,2286.11501,2278.98338,-7.13163,0,0.05384,-0.01667,-0.1337,-1.9339,0,-0.1337,-1.9339,0,59.04471,1.9385118,0.03283125,89651.033,79941.337,-9651.033,58.663,True,False,0.10464
278.68,FINE,THRUST,79969.464,28.627024,0.1258044,-1493.009,1.72291,-63.93129,2286.11322,2278.98298,-7.13023,0,0.05388,-0.01671,-0.13346,-1.91274,0,-0.13346,-1.91274,0,59.04983,1.9173862,0.03247065,89659.151,79941.967,-9659.151,58.033,True,False,0.07768
278.82,FINE,THRUST,79969.703,28.6210689,0.1260985,-1496.501,1.71156,-64.22244,2286.11234,2278.98258,-7.12976,0,0.05393,-0.01675,-0.13323,-1.89171,0,-0.13323,-1.89171,0,59.0549,1.8963982,0.03211246,89668.335,79942.593,-9668.335,57.407,True,False,0.22377
278.96,FINE,THRUST,79969.941,28.6151813,0.1263891,-1499.949,1.70031,-64.51067,2286.1123,2278.98218,-7.13012,0,0.05399,-0.01679,-0.13301,-1.87083,0,-0.13301,-1.87083,0,59.05991,1.8755484,0.03175671,89678.479,79943.213,-9678.479,56.787,True,False,0.36165
279.1,FINE,THRUST,79970.177,28.6093608,0.126676,-1503.354,1.68916,-64.796,2286.113,2278.98178,-7.13122,0,0.05405,-0.01683,-0.1328,-1.85008,0,-0.1328,-1.85008,0,59.06487,1.8548373,0.03140339,89689.464,79943.828,-9689.464,56.172,True,False,0.48401
279.24,FINE,THRUST,79970.411,28.603607,0.1269593,-1506.718,1.67811,-65.07845,2286.11433,2278.98139,-7.13294,0,0.05412,-0.01687,-0.1326,-1.82947,0,-0.1326,-1.82947,0,59.06977,1.8342653,0.03105252,89701.159,79944.437,-9701.159,55.563,True,False,0.58848
279.38,FINE,THRUST,79970.644,28.5979193,0.1272391,-1510.039,1.66715,-65.35803,2286.11618,2278.981,-7.13518,0,0.05419,-0.01691,-0.13241,-1.80899,0,-0.13241,-1.80899,0,59.07462,1.8138325,0.03070409,89713.426,79945.04,-9713.426,54.96,True,False,-0.67365
279.52,FINE,THRUST,79970.875,28.5922971,0.1275154,-1513.318,1.6563,-65.63478,2286.11843,2278.98061,-7.13782,0,0.05426,-0.01695,-0.13223,-1.78866,0,-0.13223,-1.78866,0,59.07942,1.7935388,0.0303581,89726.123,79945.637,-9726.123,54.363,True,False,-0.73862
279.66,FINE,THRUST,79971.105,28.5867398,0.1277882,-1516.557,1.64553,-65.9087,2286.12096,2278.98022,-7.14074,0,0.05433,-0.01698,-0.13206,-1.76846,0,-0.13206,-1.76846,0,59.08416,1.7733841,0.03001454,89739.107,79946.227,-9739.107,53.773,True,False,-0.78309
279.8,FINE,THRUST,79971.333,28.581247,0.1280576,-1519.754,1.63485,-66.17981,2286.12366,2278.97984,-7.14382,0,0.0544,-0.01702,-0.13189,-1.7484,0,-0.13189,-1.7484,0,59.08885,1.7533681,0.02967342,89752.24,79946.81,-9752.24,53.19,True,False,-0.80729
279.94,FINE,THRUST,79971.56,28.575818,0.1283236,-1522.911,1.62426,-66.44815,2286.12643,2278.97946,-7.14697,0,0.05448,-0.01706,-0.13172,-1.72848,0,-0.13172,-1.72848,0,59.09349,1.7334905,0.02933471,89765.389,79947.386,-9765.389,52.614,True,False,-0.81183
280.08,FINE,THRUST,79971.785,28.5704523,0.1285862,-1526.028,1.61373,-66.71372,2286.12915,2278.97908,-7.15007,0,0.05455,-0.01709,-0.13155,-1.70869,0,-0.13155,-1.70869,0,59.09807,1.713751,0.02899842,89778.429,79947.955,-9778.429,52.045,True,False,-0.79781
280.22,FINE,THRUST,79972.009,28.5651493,0.1288455,-1529.106,1.60328,-66.97655,2286.13174,2278.9787,-7.15303,0,0.05462,-0.01713,-0.13139,-1.68905,0,-0.13139,-1.68905,0,59.10261,1.6941492,0.02866454,89791.246,79948.518,-9791.246,51.482,True,False,-0.76666
280.36,FINE,THRUST,79972.231,28.5599086,0.1291015,-1532.144,1.59288,-67.23667,2286.13411,2278.97833,-7.15578,0,0.05469,-0.01716,-0.13122,-1.66954,0,-0.13122,-1.66954,0,59.10709,1.6746849,0.02833306,89803.742,79949.073,-9803.742,50.927,True,False,-0.72014
280.5,FINE,THRUST,79972.452,28.5547295,0.1293541,-1535.143,1.58254,-67.49407,2286.13619,2278.97796,-7.15823,0,0.05476,-0.0172,-0.13105,-1.65016,0,-0.13105,-1.65016,0,59.11152,1.6553578,0.02800398,89815.828,79949.622,-9815.828,50.378,True,False,-0.66039
280.64,FINE,THRUST,79972.671,28.5496116,0.1296036,-1538.104,1.57224,-67.7488,2286.13792,2278.97759,-7.16033,0,0.05482,-0.01723,-0.13088,-1.63092,0,-0.13088,-1.63092,0,59.1159,1.6361677,0.02767728,89827.43,79950.164,-9827.43,49.836,True,False,-0.58978
280.78,FINE,THRUST,79972.889,28.5445543,0.1298498,-1541.027,1.56199,-68.00087,2286.13926,2278.97723,-7.16204,0,0.05488,-0.01726,-0.1307,-1.61182,0,-0.1307,-1.61182,0,59.12023,1.6171145,0.02735298,89838.493,79950.7,-9838.493,49.3,True,False,-0.51092
280.92,FINE,THRUST,79973.105,28.5395573,0.1300929,-1543.912,1.55177,-68.25028,2286.14018,2278.97686,-7.16332,0,0.05494,-0.0173,-0.13051,-1.59286,0,-0.13051,-1.59286,0,59.12451,1.5981981,0.02703106,89848.977,79951.23,-9848.977,48.77,True,False,-0.42657
281.06,FINE,THRUST,79973.32,28.5346201,0.1303328,-1546.76,1.54159,-68.49708,2286.14065,2278.9765,-7.16415,0,0.055,-0.01733,-0.13031,-1.57403,0,-0.13031,-1.57403,0,59.12874,1.5794185,0.02671152,89858.861,79951.753,-9858.861,48.247,True,False,-0.33969
281.2,FINE,THRUST,79973.534,28.5297422,0.1305695,-1549.57,1.53145,-68.74126,2286.14067,2278.97614,-7.16453,0,0.05505,-0.01736,-0.13011,-1.55534,0,-0.13011,-1.55534,0,59.13292,1.5607758,0.02639436,89868.14,79952.27,-9868.14,47.73,True,False,-0.25382
281.34,FINE,THRUST,79973.746,28.5249231,0.1308032,-1552.344,1.52133,-68.98285,2286.14026,2278.97579,-7.16447,0,0.0551,-0.01739,-0.1299,-1.53679,0,-0.1299,-1.53679,0,59.13705,1.5422698,0.02607958,89876.821,79952.781,-9876.821,47.219,True,False,-0.17439
281.48,FINE,THRUST,79973.956,28.5201625,0.1310339,-1555.081,1.51124,-69.22187,2286.13942,2278.97543,-7.16399,0,0.05514,-0.01742,-0.12969,-1.51837,0,-0.12969,-1.51837,0,59.14114,1.5239006,0.02576718,89884.924,79953.287,-9884.924,46.713,True,False,-0.11438
281.62,FINE,THRUST,79974.166,28.51546,0.1312615,-1557.783,1.50118,-69.45833,2286.13818,2278.97508,-7.1631,0,0.05519,-0.01746,-0.12946,-1.50009,0,-0.12946,-1.50009,0,59.14517,1.5056682,0.02545716,89892.48,79953.786,-9892.48,46.214,True,False,-0.10371
281.76,FINE,THRUST,79974.373,28.5108151,0.1314861,-1560.449,1.49116,-69.69226,2286.13658,2278.97473,-7.16185,0,0.05523,-0.01749,-0.12923,-1.48195,0,-0.12923,-1.48195,0,59.14916,1.4875724,0.02514951,89899.53,79954.281,-9899.53,45.719,True,False,-0.14386
281.9,FINE,THRUST,79974.58,28.5062274,0.1317077,-1563.08,1.48116,-69.92367,2286.13465,2278.97438,-7.16027,0,0.05526,-0.01752,-0.12899,-1.46394,0,-0.12899,-1.46394,0,59.1531,1.4696131,0.02484423,89906.119,79954.77,-9906.119,45.23,True,False,-0.19874
282.04,FINE,THRUST,79974.785,28.5016965,0.1319264,-1565.675,1.47119,-70.15257,2286.13244,2278.97404,-7.1584,0,0.0553,-0.01755,-0.12875,-1.44607,0,-0.12875,-1.44607,0,59.15699,1.4517902,0.02454131,89912.3,79955.253,-9912.3,44.747,True,False,-0.25189
282.18,FINE,THRUST,79974.988,28.4972219,0.1321422,-1568.237,1.46127,-70.379,2286.13,2278.9737,-7.1563,0,0.05533,-0.01758,-0.1285,-1.42833,0,-0.1285,-1.42833,0,59.16084,1.4341035,0.02424076,89918.128,79955.732,-9918.128,44.268,True,False,-0.29821
282.32,FINE,THRUST,79975.191,28.4928033,0.132355,-1570.764,1.45137,-70.60297,2286.12736,2278.97336,-7.15401,0,0.05536,-0.0176,-0.12825,-1.41074,0,-0.12825,-1.41074,0,59.16463,1.4165526,0.02394256,89923.662,79956.206,-9923.662,43.794,True,False,-0.33566
282.46,FINE,THRUST,79975.391,28.4884402,0.1325651,-1573.257,1.44152,-70.82449,2286.12459,2278.97302,-7.15157,0,0.05539,-0.01763,-0.12799,-1.39327,0,-0.12799,-1.39327,0,59.16839,1.3991372,0.0236467,89928.96,79956.674,-9928.96,43.326,True,False,-0.36345
282.6,FINE,THRUST,79975.591,28.4841322,0.1327723,-1575.717,1.43171,-71.04359,2286.12172,2278.97268,-7.14904,0,0.05542,-0.01766,-0.12773,-1.37594,0,-0.12773,-1.37594,0,59.17209,1.381857,0.02335319,89934.08,79957.138,-9934.08,42.862,True,False,-0.38123
282.74,FINE,THRUST,79975.789,28.4798789,0.1329767,-1578.143,1.42194,-71.26028,2286.11881,2278.97235,-7.14646,0,0.05545,-0.01769,-0.12746,-1.35875,0,-0.12746,-1.35875,0,59.17576,1.3647116,0.02306201,89939.078,79957.598,-9939.078,42.402,True,False,-0.38922
282.88,FINE,THRUST,79975.986,28.4756797,0.1331784,-1580.536,1.41223,-71.47459,2286.11589,2278.97202,-7.14387,0,0.05547,-0.01772,-0.1272,-1.34168,0,-0.1272,-1.34168,0,59.17937,1.3477006,0.02277315,89944.006,79958.052,-9944.006,41.948,True,False,-0.38786
283.02,FINE,THRUST,79976.181,28.4715344,0.1333773,-1582.897,1.40256,-71.68654,2286.11302,2278.97169,-7.14132,0,0.0555,-0.01774,-0.12693,-1.32476,0,-0.12693,-1.32476,0,59.18294,1.3308237,0.02248661,89948.915,79958.502,-9948.915,41.498,True,False,-0.37796
283.16,FINE,THRUST,79976.375,28.4674425,0.1335734,-1585.226,1.39293,-71.89613,2286.11021,2278.97137,-7.13885,0,0.05553,-0.01777,-0.12667,-1.30796,0,-0.12667,-1.30796,0,59.18647,1.3140803,0.02220238,89953.847,79958.948,-9953.847,41.052,True,False,-0.36058
283.3,FINE,THRUST,79976.568,28.4634035,0.1337669,-1587.523,1.38336,-72.1034,2286.10752,2278.97104,-7.13647,0,0.05556,-0.0178,-0.1264,-1.2913,0,-0.1264,-1.2913,0,59.18995,1.2974701,0.02192044,89958.84,79959.389,-9958.84,40.611,True,False,-0.33705
283.44,FINE,THRUST,79976.759,28.4594171,0.1339578,-1589.789,1.37385,-72.30836,2286.10495,2278.97072,-7.13423,0,0.05559,-0.01782,-0.12613,-1.27477,0,-0.12613,-1.27477,0,59.19339,1.2809927,0.0216408,89963.923,79959.826,-9963.923,40.174,True,False,-0.30884
283.58,FINE,THRUST,79976.949,28.4554828,0.134146,-1592.023,1.36438,-72.51103,2286.10253,2278.9704,-7.13212,0,0.05561,-0.01785,-0.12587,-1.25837,0,-0.12587,-1.25837,0,59.19679,1.2646476,0.02136345,89969.119,79960.258,-9969.119,39.742,True,False,-0.27781
283.72,FINE,THRUST,79977.138,28.4516001,0.1343316,-1594.226,1.35497,-72.71143,2286.10027,2278.97008,-7.13018,0,0.05564,-0.01788,-0.1256,-1.2421,0,-0.1256,-1.2421,0,59.20014,1.2484345,0.02108837,89974.446,79960.687,-9974.446,39.313,True,False,-0.24616
283.86,FINE,THRUST,79977.325,28.4477687,0.1345146,-1596.398,1.34561,-72.90957,2286.09818,2278.96977,-7.12841,0,0.05567,-0.0179,-0.12534,-1.22596,0,-0.12534,-1.22596,0,59.20345,1.2323528,0.02081556,89979.914,79961.111,-9979.914,38.889,True,False,-0.21661
284,FINE,THRUST,79977.511,28.4439881,0.1346951,-1598.541,1.33632,-73.10548,2286.09627,2278.96946,-7.12681,0,0.05571,-0.01792,-0.12508,-1.20995,0,-0.12508,-1.20995,0,59.20672,1.2164023,0.02054501,89985.527,79961.53,-9985.527,38.47,True,False,-0.19244
284.14,FINE,THRUST,79977.695,28.440258,0.134873,-1600.653,1.32707,-73.29917,2286.09453,2278.96915,-7.12539,0,0.05574,-0.01795,-0.12482,-1.19408,0,-0.12482,-1.19408,0,59.20994,1.2005824,0.0202767,89991.284,79961.946,-9991.284,38.054,True,False,-0.17722
284.28,FINE,THRUST,79977.879,28.4365777,0.1350485,-1602.735,1.31788,-73.49065,2286.09296,2278.96884,-7.12412,0,0.05577,-0.01797,-0.12455,-1.17833,0,-0.12455,-1.17833,0,59.21313,1.1848927,0.02001064,89997.179,79962.357,-9997.179,37.643,True,False,-0.17348
284.42,FINE,THRUST,79978.061,28.4329471,0.1352215,-1604.789,1.30875,-73.67996,2286.09155,2278.96853,-7.12302,0,0.0558,-0.018,-0.1243,-1.16271,0,-0.1243,-1.16271,0,59.21627,1.1693327,0.01974682,90003.202,79962.765,-10003.202,37.235,True,False,-0.18106
284.56,FINE,THRUST,79978.242,28.4293655,0.135392,-1606.813,1.29967,-73.8671,2286.09029,2278.96823,-7.12206,0,0.05584,-0.01802,-0.12404,-1.14722,0,-0.12404,-1.14722,0,59.21937,1.153902,0.01948521,90009.337,79963.168,-10009.337,36.832,True,False,-0.19706
284.7,FINE,THRUST,79978.421,28.4258327,0.1355601,-1608.808,1.29065,-74.05209,2286.08917,2278.96793,-7.12124,0,0.05587,-0.01804,-0.12378,-1.13185,0,-0.12378,-1.13185,0,59.22243,1.1386001,0.01922583,90015.569,79963.567,-10015.569,36.433,True,False,-0.21779
284.84,FINE,THRUST,79978.599,28.4223481,0.1357258,-1610.775,1.28168,-74.23496,2286.08816,2278.96763,-7.12053,0,0.05591,-0.01807,-0.12353,-1.11661,0,-0.12353,-1.11661,0,59.22545,1.1234263,0.01896864,90021.877,79963.962,-10021.877,36.038,True,False,-0.24006
284.98,FINE,THRUST,79978.776,28.4189113,0.1358891,-1612.714,1.27276,-74.41572,2286.08725,2278.96733,-7.11992,0,0.05594,-0.01809,-0.12327,-1.1015,0,-0.12327,-1.1015,0,59.22843,1.1083803,0.01871365,90028.24,79964.353,-10028.24,35.647,True,False,-0.26162
285.12,FINE,THRUST,79978.952,28.4155219,0.13605,-1614.624,1.2639,-74.59438,2286.08642,2278.96703,-7.11938,0,0.05598,-0.01811,-0.12302,-1.08652,0,-0.12302,-1.08652,0,59.23137,1.0934615,0.01846085,90034.636,79964.739,-10034.636,35.261,True,False,-0.28107
285.26,FINE,THRUST,79979.127,28.4121795,0.1362087,-1616.507,1.25508,-74.77096,2286.08565,2278.96674,-7.11891,0,0.05601,-0.01813,-0.12276,-1.07166,0,-0.12276,-1.07166,0,59.23427,1.0786693,0.01821022,90041.043,79965.122,-10041.043,34.878,True,False,-0.29755
285.4,FINE,THRUST,79979.3,28.4088836,0.136365,-1618.363,1.24632,-74.94549,2286.08494,2278.96645,-7.11848,0,0.05605,-0.01816,-0.12251,-1.05693,0,-0.12251,-1.05693,0,59.23713,1.0640031,0.01796176,90047.438,79965.501,-10047.438,34.499,True,False,-0.31064
285.54,FINE,THRUST,79979.472,28.4056339,0.1365191,-1620.192,1.23762,-75.11797,2286.08424,2278.96616,-7.11808,0,0.05609,-0.01818,-0.12225,-1.04232,0,-0.12225,-1.04232,0,59.23996,1.0494624,0.01771545,90053.799,79965.875,-10053.799,34.125,True,False,-0.32013
285.68,FINE,THRUST,79979.642,28.4024298,0.1366709,-1621.994,1.22896,-75.28844,2286.08356,2278.96587,-7.11768,0,0.05612,-0.0182,-0.122,-1.02783,0,-0.122,-1.02783,0,59.24274,1.0350465,0.01747128,90060.104,79966.246,-10060.104,33.754,True,False,-0.32622
285.82,FINE,THRUST,79979.812,28.3992711,0.1368205,-1623.77,1.22035,-75.45689,2286.08287,2278.96559,-7.11728,0,0.05616,-0.01822,-0.12174,-1.01347,0,-0.12174,-1.01347,0,59.24548,1.0207549,0.01722924,90066.336,79966.613,-10066.336,33.387,True,False,-0.32922
285.96,FINE,THRUST,79979.98,28.3961572,0.1369678,-1625.519,1.21179,-75.62336,2286.08215,2278.96531,-7.11685,0,0.05619,-0.01824,-0.12149,-0.99923,0,-0.12149,-0.99923,0,59.24819,1.006587,0.01698933,90072.475,79966.976,-10072.475,33.024,True,False,-0.32965
286.1,FINE,THRUST,79980.147,28.3930877,0.137113,-1627.242,1.20328,-75.78785,2286.08141,2278.96503,-7.11638,0,0.05622,-0.01826,-0.12123,-0.98511,0,-0.12123,-0.98511,0,59.25087,0.9925421,0.01675152,90078.507,79967.335,-10078.507,32.665,True,False,-0.32815
286.24,FINE,THRUST,79980.313,28.3900623,0.1372561,-1628.94,1.19482,-75.95039,2286.08061,2278.96475,-7.11587,0,0.05626,-0.01828,-0.12098,-0.97111,0,-0.12098,-0.97111,0,59.2535,0.9786197,0.01651581,90084.417,79967.69,-10084.417,32.31,True,False,-0.32544
286.38,FINE,THRUST,79980.478,28.3870805,0.1373969,-1630.613,1.1864,-76.11099,2286.07977,2278.96447,-7.1153,0,0.05629,-0.0183,-0.12072,-0.95724,0,-0.12072,-0.95724,0,59.2561,0.9648191,0.01628219,90090.197,79968.041,-10090.197,31.959,True,False,-0.32232
286.52,FINE,THRUST,79980.641,28.384142,0.1375357,-1632.26,1.17804,-76.26968,2286.07886,2278.9642,-7.11466,0,0.05632,-0.01832,-0.12046,-0.94348,0,-0.12046,-0.94348,0,59.25866,0.9511398,0.01605065,90095.838,79968.388,-10095.838,31.612,True,False,-0.31953
286.66,FINE,THRUST,79980.803,28.3812463,0.1376724,-1633.882,1.16972,-76.42645,2286.07788,2278.96392,-7.11396,0,0.05635,-0.01834,-0.1202,-0.92984,0,-0.1202,-0.92984,0,59.26118,0.9375812,0.01582117,90101.336,79968.732,-10101.336,31.268,True,False,-0.31773
286.8,FINE,THRUST,79980.964,28.3783931,0.137807,-1635.48,1.16145,-76.58134,2286.07685,2278.96365,-7.11319,0,0.05638,-0.01835,-0.11994,-0.91633,0,-0.11994,-0.91633,0,59.26368,0.9241425,0.01559374,90106.689,79969.072,-10106.689,30.928,True,False,-0.31746
286.94,FINE,THRUST,79981.124,28.3755819,0.1379395,-1637.054,1.15323,-76.73436,2286.07574,2278.96338,-7.11236,0,0.05641,-0.01837,-0.11968,-0.90293,0,-0.11968,-0.90293,0,59.26613,0.9108234,0.01536836,90111.895,79969.408,-10111.895,30.592,True,False,-0.31912
287.08,FINE,THRUST,79981.283,28.3728124,0.1380701,-1638.603,1.14505,-76.88552,2286.07457,2278.96312,-7.11145,0,0.05644,-0.01839,-0.11942,-0.88964,0,-0.11942,-0.88964,0,59.26855,0.897623,0.01514501,90116.958,79969.741,-10116.958,30.259,True,False,-0.32281
287.22,FINE,THRUST,79981.441,28.3700843,0.1381986,-1640.129,1.13693,-77.03485,2286.07333,2278.96285,-7.11048,0,0.05646,-0.01841,-0.11916,-0.87648,0,-0.11916,-0.87648,0,59.27093,0.8845409,0.01492369,90121.881,79970.07,-10121.881,29.93,True,False,-0.32852
287.36,FINE,THRUST,79981.597,28.367397,0.1383251,-1641.631,1.12885,-77.18235,2286.07204,2278.96259,-7.10945,0,0.05649,-0.01843,-0.1189,-0.86343,0,-0.1189,-0.86343,0,59.27328,0.8715764,0.01470437,90126.669,79970.395,-10126.669,29.605,True,False,-0.336
287.5,FINE,THRUST,79981.752,28.3647503,0.1384497,-1643.11,1.12081,-77.32805,2286.0707,2278.96233,-7.10837,0,0.05652,-0.01844,-0.11863,-0.85049,0,-0.11863,-0.85049,0,59.27559,0.8587289,0.01448706,90131.329,79970.717,-10131.329,29.283,True,False,-0.34495
287.64,FINE,THRUST,79981.906,28.3621438,0.1385723,-1644.565,1.11283,-77.47196,2286.0693,2278.96207,-7.10724,0,0.05654,-0.01846,-0.11837,-0.83768,0,-0.11837,-0.83768,0,59.27787,0.8459978,0.01427173,90135.868,79971.036,-10135.868,28.964,True,False,-0.35499
287.78,FINE,THRUST,79982.059,28.359577,0.138693,-1645.998,1.10489,-77.61409,2286.06787,2278.96181,-7.10606,0,0.05657,-0.01848,-0.11811,-0.82497,0,-0.11811,-0.82497,0,59.28012,0.8333825,0.01405838,90140.296,79971.351,-10140.296,28.649,True,False,-0.36577
287.92,FINE,THRUST,79982.211,28.3570497,0.1388118,-1647.409,1.097,-77.75447,2286.06641,2278.96156,-7.10485,0,0.05659,-0.01849,-0.11784,-0.81238,0,-0.11784,-0.81238,0,59.28233,0.8208823,0.013847,90144.619,79971.663,-10144.619,28.337,True,False,-0.37696
288.06,FINE,THRUST,79982.362,28.3545615,0.1389288,-1648.797,1.08916,-77.8931,2286.06491,2278.9613,-7.10361,0,0.05661,-0.01851,-0.11758,-0.7999,0,-0.11758,-0.7999,0,59.28452,0.8084967,0.01363757,90148.849,79971.971,-10148.849,28.029,True,False,-0.38832
288.2,FINE,THRUST,79982.511,28.352112,0.1390438,-1650.163,1.08136,-78.03001,2286.0634,2278.96105,-7.10235,0,0.05664,-0.01853,-0.11732,-0.78753,0,-0.11732,-0.78753,0,59.28666,0.796225,0.01343009,90152.993,79972.276,-10152.993,27.724,True,False,-0.3997
288.34,FINE,THRUST,79982.66,28.3497009,0.139157,-1651.507,1.07361,-78.16521,2286.06188,2278.9608,-7.10108,0,0.05666,-0.01854,-0.11705,-0.77528,0,-0.11705,-0.77528,0,59.28878,0.7840665,0.01322454,90157.06,79972.578,-10157.06,27.422,True,False,-0.41094
288.48,FINE,THRUST,79982.807,28.3473277,0.1392684,-1652.829,1.06591,-78.29872,2286.06035,2278.96055,-7.0998,0,0.05668,-0.01856,-0.11679,-0.76314,0,-0.11679,-0.76314,0,59.29086,0.7720207,0.01302091,90161.059,79972.876,-10161.059,27.124,True,False,-0.42204
288.62,FINE,THRUST,79982.953,28.3449921,0.1393781,-1654.13,1.05826,-78.43054,2286.05882,2278.96031,-7.09851,0,0.0567,-0.01857,-0.11652,-0.7511,0,-0.11652,-0.7511,0,59.29291,0.7600869,0.01281919,90164.998,79973.172,-10164.998,26.828,True,False,-0.43304
288.76,FINE,THRUST,79983.098,28.3426939,0.1394859,-1655.41,1.05066,-78.5607,2286.0573,2278.96006,-7.09724,0,0.05672,-0.01859,-0.11626,-0.73918,0,-0.11626,-0.73918,0,59.29493,0.7482645,0.01261937,90168.884,79973.464,-10168.884,26.536,True,False,-0.44399
288.9,FINE,THRUST,79983.242,28.3404326,0.1395919,-1656.669,1.04311,-78.68922,2286.05579,2278.95982,-7.09597,0,0.05674,-0.0186,-0.116,-0.72736,0,-0.116,-0.72736,0,59.29692,0.7365529,0.01242144,90172.724,79973.753,-10172.724,26.247,True,False,-0.45511
289.04,FINE,THRUST,79983.385,28.3382078,0.1396962,-1657.908,1.0356,-78.8161,2286.0543,2278.95958,-7.09472,0,0.05677,-0.01862,-0.11574,-0.71565,0,-0.11574,-0.71565,0,59.29888,0.7249514,0.01222538,90176.522,79974.039,-10176.522,25.961,True,False,-0.46648
289.18,FINE,THRUST,79983.527,28.3360193,0.1397988,-1659.126,1.02815,-78.94137,2286.05283,2278.95934,-7.09349,0,0.05679,-0.01863,-0.11548,-0.70405,0,-0.11548,-0.70405,0,59.3008,0.7134594,0.01203119,90180.285,79974.322,-10180.285,25.678,True,False,-0.47827
289.32,FINE,THRUST,79983.668,28.3338666,0.1398997,-1660.323,1.02074,-79.06503,2286.05138,2278.95911,-7.09227,0,0.05681,-0.01865,-0.11522,-0.69256,0,-0.11522,-0.69256,0,59.3027,0.7020763,0.01183886,90184.015,79974.602,-10184.015,25.398,True,False,-0.49063
289.46,FINE,THRUST,79983.808,28.3317495,0.1399989,-1661.501,1.01338,-79.1871,2286.04996,2278.95887,-7.09109,0,0.05683,-0.01866,-0.11496,-0.68117,0,-0.11496,-0.68117,0,59.30457,0.6908015,0.01164837,90187.715,79974.879,-10187.715,25.121,True,False,-0.50367
289.6,FINE,THRUST,79983.946,28.3296676,0.1400965,-1662.659,1.00608,-79.3076,2286.04856,2278.95864,-7.08992,0,0.05685,-0.01867,-0.1147,-0.66989,0,-0.1147,-0.66989,0,59.3064,0.6796342,0.01145971,90191.388,79975.153,-10191.388,24.847,True,False,-0.51747
289.74,FINE,THRUST,79984.084,28.3276205,0.1401923,-1663.797,0.99882,-79.42655,2286.04719,2278.95841,-7.08878,0,0.05687,-0.01869,-0.11444,-0.65871,0,-0.11444,-0.65871,0,59.30821,0.668574,0.01127287,90195.033,79975.424,-10195.033,24.576,True,False,-0.53209
289.88,FINE,THRUST,79984.221,28.3256079,0.1402866,-1664.916,0.99161,-79.54395,2286.04584,2278.95818,-7.08766,0,0.05689,-0.0187,-0.11418,-0.64763,0,-0.11418,-0.64763,0,59.30999,0.6576202,0.01108785,90198.652,79975.692,-10198.652,24.308,True,False,-0.54753
290.02,FINE,THRUST,79984.356,28.3236295,0.1403792,-1666.016,0.98445,-79.65982,2286.04452,2278.95795,-7.08657,0,0.05691,-0.01871,-0.11393,-0.63666,0,-0.11393,-0.63666,0,59.31174,0.6467721,0.01090462,90202.244,79975.958,-10202.244,24.042,True,False,-0.56378
290.16,FINE,THRUST,79984.49,28.3216849,0.1404703,-1667.097,0.97734,-79.77418,2286.04323,2278.95772,-7.0855,0,0.05693,-0.01873,-0.11367,-0.62579,0,-0.11367,-0.62579,0,59.31346,0.6360291,0.01072318,90205.807,79976.22,-10205.807,23.78,True,False,-0.58081
290.3,FINE,THRUST,79984.624,28.3197739,0.1405597,-1668.159,0.97027,-79.88704,2286.04195,2278.9575,-7.08445,0,0.05695,-0.01874,-0.11342,-0.61502,0,-0.11342,-0.61502,0,59.31514,0.6253907,0.01054353,90209.34,79976.48,-10209.34,23.52,True,False,-0.59859
290.44,FINE,THRUST,79984.756,28.317896,0.1406476,-1669.202,0.96326,-79.99841,2286.0407,2278.95728,-7.08342,0,0.05697,-0.01875,-0.11316,-0.60435,0,-0.11316,-0.60435,0,59.31681,0.6148562,0.01036563,90212.839,79976.736,-10212.839,23.264,True,False,-0.61704
290.58,FINE,THRUST,79984.888,28.3160509,0.140734,-1670.227,0.9563,-80.10831,2286.03947,2278.95706,-7.08241,0,0.05698,-0.01876,-0.11291,-0.59378,0,-0.11291,-0.59378,0,59.31844,0.604425,0.0101895,90216.303,79976.99,-10216.303,23.01,True,False,-0.63615
290.72,FINE,THRUST,79985.018,28.3142384,0.1408188,-1671.234,0.94938,-80.21676,2286.03825,2278.95684,-7.08141,0,0.057,-0.01878,-0.11266,-0.58332,0,-0.11266,-0.58332,0,59.32005,0.5940965,0.0100151,90219.73,79977.242,-10219.73,22.758,True,False,-0.65585
290.86,FINE,THRUST,79985.147,28.312458,0.1409021,-1672.224,0.94252,-80.32376,2286.03704,2278.95662,-7.08042,0,0.05702,-0.01879,-0.11241,-0.57295,0,-0.11241,-0.57295,0,59.32163,0.5838701,0.00984245,90223.115,79977.49,-10223.115,22.51,True,False,-0.67611
291,FINE,THRUST,79985.275,28.3107095,0.140984,-1673.195,0.9357,-80.42933,2286.03585,2278.9564,-7.07944,0,0.05704,-0.0188,-0.11216,-0.56267,0,-0.11216,-0.56267,0,59.32318,0.5737452,0.00967152,90226.455,79977.736,-10226.455,22.264,True,False,-0.6969
291.14,FINE,THRUST,79985.403,28.3089926,0.1410643,-1674.149,0.92893,-80.53349,2286.03466,2278.95619,-7.07847,0,0.05706,-0.01881,-0.11192,-0.5525,0,-0.11192,-0.5525,0,59.32471,0.5637212,0.0095023,90229.749,79977.979,-10229.749,22.021,True,False,-0.71825
291.28,FINE,THRUST,79985.529,28.3073068,0.1411432,-1675.085,0.92221,-80.63624,2286.03347,2278.95598,-7.07749,0,0.05708,-0.01882,-0.11167,-0.54242,0,-0.11167,-0.54242,0,59.32621,0.5537975,0.00933479,90232.992,79978.22,-10232.992,21.78,True,False,-0.74019
291.42,FINE,THRUST,79985.654,28.305652,0.1412206,-1676.005,0.91554,-80.73761,2286.03229,2278.95577,-7.07652,0,0.05709,-0.01883,-0.11142,-0.53244,0,-0.11142,-0.53244,0,59.32768,0.5439736,0.00916897,90236.183,79978.458,-10236.183,21.542,True,False,-0.76271
291.56,FINE,THRUST,79985.778,28.3040278,0.1412967,-1676.907,0.90892,-80.83761,2286.0311,2278.95556,-7.07555,0,0.05711,-0.01884,-0.11118,-0.52255,0,-0.11118,-0.52255,0,59.32913,0.5342487,0.00900483,90239.319,79978.693,-10239.319,21.307,True,False,-0.78589
291.7,FINE,THRUST,79985.902,28.3024338,0.1413713,-1677.793,0.90234,-80.93624,2286.02992,2278.95535,-7.07457,0,0.05713,-0.01886,-0.11094,-0.51276,0,-0.11094,-0.51276,0,59.33055,0.5246225,0.00884237,90242.398,79978.926,-10242.398,21.074,True,False,-0.80978
291.84,FINE,THRUST,79986.024,28.3008699,0.1414445,-1678.662,0.89582,-81.03352,2286.02873,2278.95515,-7.07358,0,0.05714,-0.01887,-0.11069,-0.50306,0,-0.11069,-0.50306,0,59.33195,0.5150944,0.00868157,90245.419,79979.156,-10245.419,20.844,True,False,-0.83446
291.98,FINE,THRUST,79986.145,28.2993356,0.1415163,-1679.515,0.88934,-81.12947,2286.02754,2278.95494,-7.07259,0,0.05716,-0.01888,-0.11045,-0.49345,0,-0.11045,-0.49345,0,59.33332,0.5056637,0.00852242,90248.38,79979.384,-10248.38,20.616,True,False,-0.86003
292.12,FINE,THRUST,79986.266,28.2978307,0.1415868,-1680.351,0.88291,-81.2241,2286.02634,2278.95474,-7.0716,0,0.05718,-0.01889,-0.11021,-0.48394,0,-0.11021,-0.48394,0,59.33466,0.49633,0.00836492,90251.28,79979.61,-10251.28,20.39,True,False,-0.88655
292.26,FINE,THRUST,79986.385,28.2963548,0.1416559,-1681.172,0.87653,-81.31742,2286.02513,2278.95454,-7.07059,0,0.05719,-0.0189,-0.10997,-0.47452,0,-0.10997,-0.47452,0,59.33599,0.4870927,0.00820906,90254.117,79979.833,-10254.117,20.167,True,False,-0.91405
292.4,FINE,THRUST,79986.503,28.2949078,0.1417237,-1681.977,0.87019,-81.40945,2286.02391,2278.95434,-7.06957,0,0.05721,-0.01891,-0.10974,-0.46518,0,-0.10974,-0.46518,0,59.33728,0.4779513,0.00805482,90256.895,79980.053,-10256.895,19.947,True,False,-0.94253
292.54,FINE,THRUST,79986.621,28.2934892,0.1417901,-1682.766,0.86391,-81.5002,2286.02269,2278.95414,-7.06855,0,0.05722,-0.01892,-0.1095,-0.45594,0,-0.1095,-0.45594,0,59.33856,0.4689053,0.0079022,90259.612,79980.271,-10259.612,19.729,True,False,-0.97215
292.68,FINE,THRUST,79986.737,28.2920987,0.1418553,-1683.539,0.85767,-81.58967,2286.02146,2278.95395,-7.06752,0,0.05724,-0.01892,-0.10926,-0.44679,0,-0.10926,-0.44679,0,59.3398,0.4599541,0.00775119,90262.267,79980.487,-10262.267,19.513,True,False,-1.00296
292.82,FINE,THRUST,79986.853,28.2907362,0.1419191,-1684.297,0.85148,-81.67789,2286.02023,2278.95375,-7.06647,0,0.05725,-0.01893,-0.10903,-0.43772,0,-0.10903,-0.43772,0,59.34103,0.4510974,0.00760178,90264.861,79980.7,-10264.861,19.3,True,False,-1.03506
292.96,FINE,THRUST,79986.967,28.2894013,0.1419817,-1685.041,0.84533,-81.76486,2286.01898,2278.95356,-7.06542,0,0.05726,-0.01894,-0.10879,-0.42875,0,-0.10879,-0.42875,0,59.34223,0.4423347,0.00745396,90267.396,79980.911,-10267.396,19.089,True,False,-1.06855
293.1,FINE,THRUST,79987.081,28.2880937,0.142043,-1685.769,0.83924,-81.8506,2286.01773,2278.95337,-7.06436,0,0.05728,-0.01895,-0.10856,-0.41986,0,-0.10856,-0.41986,0,59.34341,0.4336654,0.00730773,90269.871,79981.12,-10269.871,18.88,True,False,-1.10352
293.24,FINE,THRUST,79987.193,28.2868131,0.1421031,-1686.482,0.83319,-81.93513,2286.01647,2278.95318,-7.06329,0,0.05729,-0.01896,-0.10833,-0.41105,0,-0.10833,-0.41105,0,59.34456,0.4250892,0.00716307,90272.289,79981.327,-10272.289,18.673,True,False,-1.14005
293.38,FINE,THRUST,79987.305,28.2855592,0.142162,-1687.181,0.82718,-82.01845,2286.01521,2278.95299,-7.06222,0,0.0573,-0.01897,-0.1081,-0.40234,0,-0.1081,-0.40234,0,59.34569,0.4166056,0.00701998,90274.65,79981.531,-10274.65,18.469,True,False,-1.17825
293.52,FINE,THRUST,79987.416,28.2843319,0.1422196,-1687.865,0.82123,-82.10057,2286.01394,2278.9528,-7.06114,0,0.05732,-0.01898,-0.10787,-0.3937,0,-0.10787,-0.3937,0,59.3468,0.4082142,0.00687845,90276.957,79981.733,-10276.957,18.267,True,False,-1.21821
293.66,FINE,THRUST,79987.526,28.2831307,0.142276,-1688.535,0.81532,-82.18151,2286.01267,2278.95262,-7.06005,0,0.05733,-0.01899,-0.10764,-0.38516,0,-0.10764,-0.38516,0,59.34789,0.3999147,0.00673848,90279.21,79981.933,-10279.21,18.067,True,False,-1.26005
293.8,FINE,THRUST,79987.635,28.2819554,0.1423312,-1689.19,0.80947,-82.26128,2286.0114,2278.95244,-7.05897,0,0.05734,-0.01899,-0.10742,-0.37669,0,-0.10742,-0.37669,0,59.34895,0.3917066,0.00660006,90281.412,79982.131,-10281.412,17.869,True,False,-1.30386
293.94,FINE,THRUST,79987.743,28.2808058,0.1423853,-1689.832,0.80366,-82.33989,2286.01013,2278.95226,-7.05787,0,0.05735,-0.019,-0.10719,-0.36831,0,-0.10719,-0.36831,0,59.35,0.3835897,0.00646318,90283.563,79982.326,-10283.563,17.674,True,False,-1.34975
294.08,FINE,THRUST,79987.849,28.2796815,0.1424382,-1690.46,0.79789,-82.41736,2286.00885,2278.95208,-7.05678,0,0.05736,-0.01901,-0.10697,-0.36001,0,-0.10697,-0.36001,0,59.35102,0.3755635,0.00632784,90285.665,79982.519,-10285.665,17.481,True,False,-1.39786
294.22,FINE,THRUST,79987.956,28.2785823,0.1424899,-1691.074,0.79218,-82.49369,2286.00758,2278.9519,-7.05568,0,0.05737,-0.01902,-0.10675,-0.35179,0,-0.10675,-0.35179,0,59.35202,0.3676278,0.00619402,90287.72,79982.711,-10287.72,17.289,True,False,-1.4483
294.36,FINE,THRUST,79988.061,28.277508,0.1425405,-1691.675,0.78652,-82.56891,2286.0063,2278.95172,-7.05458,0,0.05739,-0.01902,-0.10653,-0.34365,0,-0.10653,-0.34365,0,59.353,0.3597823,0.00606174,90289.729,79982.9,-10289.729,17.1,True,False,-1.50116
294.5,FINE,THRUST,79988.165,28.2764581,0.14259,-1692.263,0.7809,-82.64301,2286.00503,2278.95155,-7.05349,0,0.0574,-0.01903,-0.10631,-0.33559,0,-0.10631,-0.33559,0,59.35396,0.3520268,0.00593097,90291.692,79983.087,-10291.692,16.913,True,False,-1.55662
294.64,FINE,THRUST,79988.268,28.2754326,0.1426384,-1692.837,0.77533,-82.71601,2286.00376,2278.95137,-7.05239,0,0.05741,-0.01904,-0.10609,-0.32761,0,-0.10609,-0.32761,0,59.35489,0.344361,0.00580173,90293.612,79983.272,-10293.612,16.728,True,False,-1.61482
294.78,FINE,THRUST,79988.37,28.2744311,0.1426856,-1693.398,0.76981,-82.78793,2286.00249,2278.9512,-7.0513,0,0.05742,-0.01904,-0.10588,-0.31971,0,-0.10588,-0.31971,0,59.35581,0.3367848,0.005674,90295.489,79983.455,-10295.489,16.545,True,False,-1.67597
294.92,FINE,THRUST,79988.472,28.2734534,0.1427318,-1693.946,0.76435,-82.85877,2286.00123,2278.95103,-7.0502,0,0.05743,-0.01905,-0.10566,-0.31188,0,-0.10566,-0.31188,0,59.35671,0.329298,0.00554778,90297.324,79983.637,-10297.324,16.363,True,False,-1.74025
295.06,FINE,THRUST,79988.572,28.2724991,0.1427769,-1694.482,0.75893,-82.92855,2285.99997,2278.95086,-7.04911,0,0.05744,-0.01906,-0.10545,-0.30414,0,-0.10545,-0.30414,0,59.35759,0.3219004,0.00542307,90299.118,79983.816,-10299.118,16.184,True,False,-1.80787
295.2,FINE,THRUST,79988.672,28.2715681,0.1428209,-1695.004,0.75356,-82.99727,2285.99871,2278.95069,-7.04802,0,0.05745,-0.01906,-0.10524,-0.29647,0,-0.10524,-0.29647,0,59.35845,0.3145921,0.00529987,90300.872,79983.993,-10300.872,16.007,True,False,-1.87906
295.34,FINE,THRUST,79988.771,28.2706601,0.1428639,-1695.515,0.74824,-83.06496,2285.99746,2278.95053,-7.04693,0,0.05745,-0.01907,-0.10503,-0.28887,0,-0.10503,-0.28887,0,59.35928,0.3073729,0.00517818,90302.584,79984.168,-10302.584,15.832,True,False,-1.95402
295.48,FINE,THRUST,79988.868,28.2697748,0.1429058,-1696.013,0.74296,-83.13161,2285.99621,2278.95036,-7.04585,0,0.05746,-0.01908,-0.10483,-0.28135,0,-0.10483,-0.28135,0,59.3601,0.3002429,0.00505799,90304.257,79984.342,-10304.257,15.658,True,False,-2.03302
295.62,FINE,THRUST,79988.965,28.2689119,0.1429468,-1696.499,0.73774,-83.19725,2285.99496,2278.9502,-7.04476,0,0.05747,-0.01908,-0.10462,-0.2739,0,-0.10462,-0.2739,0,59.36091,0.2932021,0.00493931,90305.889,79984.513,-10305.889,15.487,True,False,-2.11631
295.76,FINE,THRUST,79989.061,28.2680713,0.1429867,-1696.973,0.73257,-83.26188,2285.99371,2278.95004,-7.04368,0,0.05748,-0.01909,-0.10442,-0.26653,0,-0.10442,-0.26653,0,59.36169,0.2862507,0.00482215,90307.481,79984.683,-10307.481,15.317,True,False,-2.20419
295.9,FINE,THRUST,79989.156,28.2672527,0.1430256,-1697.435,0.72745,-83.32552,2285.99247,2278.94988,-7.04259,0,0.05749,-0.01909,-0.10422,-0.25922,0,-0.10422,-0.25922,0,59.36245,0.2793888,0.00470649,90309.035,79984.85,-10309.035,15.15,True,False,-2.29693
296.04,FINE,THRUST,79989.25,28.2664557,0.1430635,-1697.885,0.72238,-83.38817,2285.99123,2278.94972,-7.04151,0,0.0575,-0.0191,-0.10402,-0.25199,0,-0.10402,-0.25199,0,59.3632,0.2726167,0.00459235,90310.551,79985.016,-10310.551,14.984,True,False,-2.39488
296.18,FINE,THRUST,79989.343,28.2656802,0.1431004,-1698.323,0.71736,-83.44984,2285.99,2278.94956,-7.04044,0,0.05751,-0.01911,-0.10382,-0.24483,0,-0.10382,-0.24483,0,59.36392,0.2659346,0.00447973,90312.028,79985.18,-10312.028,14.82,True,False,-2.49834
296.32,FINE,THRUST,79989.435,28.2649259,0.1431364,-1698.75,0.7124,-83.51056,2285.98877,2278.94941,-7.03936,0,0.05751,-0.01911,-0.10363,-0.23774,0,-0.10363,-0.23774,0,59.36463,0.259343,0.00436864,90313.468,79985.342,-10313.468,14.658,True,False,-2.60766
296.46,FINE,THRUST,79989.526,28.2641925,0.1431714,-1699.166,0.70748,-83.57032,2285.98754,2278.94926,-7.03828,0,0.05752,-0.01912,-0.10343,-0.23072,0,-0.10343,-0.23072,0,59.36532,0.2528422,0.00425909,90314.869,79985.503,-10314.869,14.497,True,False,-2.7232
296.6,FINE,THRUST,79989.616,28.2634799,0.1432054,-1699.57,0.70261,-83.62915,2285.98631,2278.9491,-7.03721,0,0.05753,-0.01912,-0.10324,-0.22376,0,-0.10324,-0.22376,0,59.366,0.2464329,0.00415108,90316.232,79985.662,-10316.232,14.338,True,False,-2.8454
296.74,FINE,THRUST,79989.705,28.2627877,0.1432386,-1699.964,0.6978,-83.68704,2285.98509,2278.94895,-7.03613,0,0.05753,-0.01913,-0.10305,-0.21688,0,-0.10305,-0.21688,0,59.36666,0.2401157,0.00404462,90317.557,79985.819,-10317.557,14.181,True,False,-2.9747
296.88,FINE,THRUST,79989.793,28.2621157,0.1432707,-1700.346,0.69303,-83.74402,2285.98386,2278.9488,-7.03506,0,0.05754,-0.01913,-0.10286,-0.21006,0,-0.10286,-0.21006,0,59.3673,0.2338913,0.00393973,90318.843,79985.974,-10318.843,14.026,True,False,-3.11163
297.02,FINE,THRUST,79989.881,28.2614637,0.143302,-1700.717,0.68832,-83.80009,2285.98264,2278.94866,-7.03398,0,0.05755,-0.01914,-0.10268,-0.2033,0,-0.10268,-0.2033,0,59.36792,0.2277605,0.00383642,90320.092,79986.127,-10320.092,13.873,True,False,-3.25667
297.16,FINE,THRUST,79989.967,28.2608314,0.1433324,-1701.078,0.68366,-83.85526,2285.98142,2278.94851,-7.03291,0,0.05755,-0.01914,-0.10249,-0.19661,0,-0.10249,-0.19661,0,59.36853,0.2217244,0.00373471,90321.302,79986.279,-10321.302,13.721,True,False,-3.41043
297.3,FINE,THRUST,79990.051,28.2602185,0.1433619,-1701.428,0.67905,-83.90955,2285.9802,2278.94837,-7.03183,0,0.05756,-0.01915,-0.10231,-0.18999,0,-0.10231,-0.18999,0,59.36912,0.2157841,0.00363462,90322.475,79986.429,-10322.475,13.571,True,False,-3.57352
297.44,FINE,THRUST,79990.129,28.259625,0.1433904,-1701.767,0.67449,-83.96296,2285.979,2278.94824,-7.03076,0,0.05757,-0.01915,-0.10209,-0.18342,0,-0.10209,-0.18342,0,59.3697,0.2099183,0.00353578,90323.612,79986.571,-10323.612,13.429,True,False,-3.73698
297.58,FINE,THRUST,79990.212,28.2590504,0.1434182,-1702.096,0.66998,-84.01551,2285.97778,2278.9481,-7.02968,0,0.05757,-0.01915,-0.1019,-0.17692,0,-0.1019,-0.17692,0,59.37026,0.2041686,0.0034389,90324.709,79986.717,-10324.709,13.283,True,False,-3.91871
297.72,FINE,THRUST,79990.294,28.2584946,0.143445,-1702.415,0.66553,-84.0672,2285.97656,2278.94796,-7.0286,0,0.05758,-0.01916,-0.10172,-0.17048,0,-0.10172,-0.17048,0,59.3708,0.1985238,0.0033438,90325.769,79986.863,-10325.769,13.137,True,False,-4.1141
297.86,FINE,THRUST,79990.375,28.2579572,0.143471,-1702.724,0.66112,-84.11806,2285.97534,2278.94782,-7.02752,0,0.05758,-0.01916,-0.10154,-0.16411,0,-0.10154,-0.16411,0,59.37133,0.1929809,0.00325041,90326.791,79987.006,-10326.791,12.994,True,False,-4.32205
298,FINE,THRUST,79990.456,28.2574381,0.1434962,-1703.023,0.65677,-84.16808,2285.97412,2278.94769,-7.02643,0,0.05759,-0.01917,-0.10137,-0.15779,0,-0.10137,-0.15779,0,59.37185,0.1875419,0.00315877,90327.777,79987.149,-10327.777,12.851,True,False,-4.54331
298.14,FINE,THRUST,79990.535,28.256937,0.1435205,-1703.312,0.65246,-84.21728,2285.9729,2278.94756,-7.02535,0,0.05759,-0.01917,-0.10119,-0.15153,0,-0.10119,-0.15153,0,59.37235,0.1822089,0.00306892,90328.727,79987.289,-10328.727,12.711,True,False,-4.77872
298.28,FINE,THRUST,79990.613,28.2564536,0.143544,-1703.591,0.6482,-84.26568,2285.97168,2278.94742,-7.02426,0,0.0576,-0.01917,-0.10102,-0.14532,0,-0.10102,-0.14532,0,59.37283,0.1769845,0.0029809,90329.641,79987.429,-10329.641,12.571,True,False,-5.02905
298.42,FINE,THRUST,79990.69,28.2559876,0.1435667,-1703.86,0.644,-84.31329,2285.97046,2278.94729,-7.02317,0,0.0576,-0.01918,-0.10085,-0.13917,0,-0.10085,-0.13917,0,59.37331,0.1718713,0.00289476,90330.52,79987.566,-10330.52,12.434,True,False,-5.29495
298.56,FINE,THRUST,79990.766,28.2555389,0.1435885,-1704.12,0.63984,-84.3601,2285.96924,2278.94717,-7.02208,0,0.05761,-0.01918,-0.10068,-0.13308,0,-0.10068,-0.13308,0,59.37377,0.1668724,0.00281054,90331.365,79987.703,-10331.365,12.297,True,False,-5.57742
298.7,FINE,THRUST,79990.841,28.2551072,0.1436096,-1704.37,0.63573,-84.40615,2285.96802,2278.94704,-7.02098,0,0.05761,-0.01918,-0.10051,-0.12704,0,-0.10051,-0.12704,0,59.37421,0.1619912,0.00272831,90332.174,79987.838,-10332.174,12.162,True,False,-5.87757
298.84,FINE,THRUST,79990.915,28.2546921,0.1436299,-1704.611,0.63166,-84.45143,2285.96681,2278.94691,-7.01989,0,0.05761,-0.01919,-0.10033,-0.12106,0,-0.10033,-0.12106,0,59.37465,0.1572314,0.00264812,90332.951,79987.971,-10332.951,12.029,True,False,-6.19644
298.98,FINE,THRUST,79990.988,28.2542935,0.1436494,-1704.843,0.62764,-84.49596,2285.96559,2278.94679,-7.01879,0,0.05762,-0.01919,-0.10016,-0.11512,0,-0.10016,-0.11512,0,59.37507,0.1525969,0.00257005,90333.694,79988.103,-10333.694,11.897,True,False,-6.53501
299.12,FINE,THRUST,79991.059,28.2539112,0.1436681,-1705.065,0.62366,-84.53976,2285.96437,2278.94667,-7.0177,0,0.05762,-0.01919,-0.09999,-0.10924,0,-0.09999,-0.10924,0,59.37548,0.1480923,0.00249417,90334.405,79988.234,-10334.405,11.766,True,False,-6.89424
299.26,FINE,THRUST,79991.13,28.2535447,0.1436861,-1705.279,0.61971,-84.58283,2285.96315,2278.94655,-7.0166,0,0.05762,-0.01919,-0.09982,-0.10341,0,-0.09982,-0.10341,0,59.37587,0.1437224,0.00242055,90335.084,79988.364,-10335.084,11.636,True,False,-7.2747
299.4,FINE,THRUST,79991.199,28.253194,0.1437033,-1705.483,0.61581,-84.62518,2285.96194,2278.94644,-7.0155,0,0.05763,-0.0192,-0.09964,-0.09762,0,-0.09964,-0.09762,0,59.37625,0.1394925,0.0023493,90335.732,79988.492,-10335.732,11.508,True,False,-7.677
299.54,FINE,THRUST,79991.268,28.2528586,0.1437198,-1705.679,0.61194,-84.66683,2285.96072,2278.94632,-7.0144,0,0.05763,-0.0192,-0.09947,-0.09188,0,-0.09947,-0.09188,0,59.37663,0.1354084,0.0022805,90336.35,79988.619,-10336.35,11.381,True,False,-8.1016
299.68,FINE,THRUST,79991.335,28.2525384,0.1437355,-1705.866,0.60809,-84.70779,2285.95951,2278.94621,-7.0133,0,0.05763,-0.0192,-0.09929,-0.08619,0,-0.09929,-0.08619,0,59.37699,0.1314761,0.00221426,90336.937,79988.746,-10336.937,11.254,True,False,-8.54873
299.82,FINE,THRUST,79991.401,28.2522332,0.1437505,-1706.044,0.60428,-84.74807,2285.95829,2278.9461,-7.0122,0,0.05764,-0.01921,-0.09911,-0.08054,0,-0.09911,-0.08054,0,59.37734,0.1277025,0.00215069,90337.496,79988.871,-10337.496,11.129,True,False,-9.01826
299.96,FINE,THRUST,79991.466,28.2519425,0.1437648,-1706.213,0.60048,-84.78768,2285.95708,2278.94599,-7.0111,0,0.05764,-0.01921,-0.09892,-0.07493,0,-0.09892,-0.07493,0,59.37768,0.1240945,0.00208992,90338.025,79988.995,-10338.025,11.005,True,False,-9.50963
300.1,FINE,THRUST,79991.53,28.2516663,0.1437783,-1706.374,0.59669,-84.82663,2285.95587,2278.94588,-7.00999,0,0.05764,-0.01921,-0.09873,-0.06936,0,-0.09873,-0.06936,0,59.37801,0.1206598,0.00203206,90338.526,79989.118,-10338.526,10.882,True,False,-10.02181
300.24,FINE,THRUST,79991.593,28.2514043,0.1437912,-1706.527,0.59291,-84.86494,2285.95466,2278.94577,-7.00889,0,0.05764,-0.01921,-0.09853,-0.06384,0,-0.09853,-0.06384,0,59.37833,0.1174063,0.00197726,90338.998,79989.24,-10338.998,10.76,True,False,-10.55304
300.38,FINE,THRUST,79991.655,28.2511561,0.1438033,-1706.671,0.58914,-84.90261,2285.95345,2278.94567,-7.00779,0,0.05765,-0.01921,-0.09833,-0.05836,0,-0.09833,-0.05836,0,59.37865,0.1143421,0.00192564,90339.443,79989.361,-10339.443,10.639,True,False,-11.10077
300.52,FINE,THRUST,79991.716,28.2509217,0.1438148,-1706.807,0.58535,-84.93966,2285.95225,2278.94556,-7.00668,0,0.05765,-0.01922,-0.09812,-0.05291,0,-0.09812,-0.05291,0,59.37895,0.1114759,0.00187736,90339.861,79989.482,-10339.861,10.518,True,False,-11.66157
300.66,FINE,THRUST,79991.777,28.2507009,0.1438255,-1706.935,0.58154,-84.97608,2285.95104,2278.94546,-7.00558,0,0.05765,-0.01922,-0.0979,-0.0475,0,-0.0979,-0.0475,0,59.37925,0.1088161,0.00183256,90340.251,79989.602,-10340.251,10.398,True,False,-12.23111
300.8,FINE,THRUST,79991.836,28.2504933,0.1438356,-1707.055,0.5777,-85.0119,2285.94984,2278.94536,-7.00448,0,0.05765,-0.01922,-0.09767,-0.04213,0,-0.09767,-0.04213,0,59.37954,0.1063713,0.00179138,90340.614,79989.722,-10340.614,10.278,True,False,-12.8034
300.94,FINE,THRUST,79991.896,28.250299,0.143845,-1707.167,0.57382,-85.04712,2285.94864,2278.94526,-7.00337,0,0.05765,-0.01922,-0.09743,-0.0368,0,-0.09743,-0.0368,0,59.37983,0.1041497,0.00175396,90340.95,79989.841,-10340.95,10.159,True,False,-13.3716
301.08,FINE,THRUST,79991.954,28.2501177,0.1438538,-1707.271,0.56989,-85.08174,2285.94743,2278.94516,-7.00227,0,0.05765,-0.01922,-0.09718,-0.0315,0,-0.09718,-0.0315,0,59.3801,0.1021592,0.00172043,90341.26,79989.96,-10341.26,10.04,True,False,-13.92749
301.22,FINE,THRUST,79992.006,28.2499495,0.1438618,-1707.366,0.56589,-85.11577,2285.94624,2278.94507,-7.00117,0,0.05765,-0.01922,-0.0969,-0.02624,0,-0.0969,-0.02624,0,59.38037,0.1003904,0.00169063,90341.544,79990.076,-10341.544,9.924,True,False,-14.45972
301.36,FINE,THRUST,79992.064,28.2497942,0.1438692,-1707.455,0.5618,-85.1492,2285.94506,2278.94498,-7.00008,0,0.05766,-0.01923,-0.09659,-0.02101,0,-0.09659,-0.02101,0,59.38064,0.0988491,0.00166467,90341.802,79990.19,-10341.802,9.81,True,False,-14.95902
301.5,FINE,THRUST,79992.122,28.2496521,0.143876,-1707.535,0.55763,-85.18203,2285.94386,2278.94488,-6.99898,0,0.05766,-0.01923,-0.0963,-0.01582,0,-0.0963,-0.01582,0,59.3809,0.09759,0.00164346,90342.031,79990.309,-10342.031,9.691,True,False,-15.4184
301.64,FINE,THRUST,79992.181,28.249523,0.1438822,-1707.608,0.55335,-85.21427,2285.94266,2278.94478,-6.99788,0,0.05766,-0.01923,-0.09599,-0.01068,0,-0.09599,-0.01068,0,59.38117,0.0965835,0.0016265,90342.232,79990.428,-10342.232,9.572,True,False,-15.82189
301.78,FINE,THRUST,79992.241,28.2494072,0.1438877,-1707.674,0.54895,-85.24589,2285.94147,2278.94468,-6.99678,0,0.05766,-0.01923,-0.09567,-0.00558,0,-0.09567,-0.00558,0,59.38142,0.0958305,0.00161381,90342.405,79990.547,-10342.405,9.453,True,False,-16.15738
301.92,FINE,THRUST,79992.302,28.2493049,0.1438926,-1707.732,0.54441,-85.27689,2285.94027,2278.94458,-6.99569,0,0.05766,-0.01923,-0.09533,-0.00052,0,-0.09533,-0.00052,0,59.38168,0.0953301,0.00160538,90342.55,79990.666,-10342.55,9.334,True,False,-16.41298
302.06,FINE,THRUST,79992.364,28.2492165,0.1438969,-1707.783,0.53974,-85.30726,2285.93908,2278.94448,-6.9946,0,0.05766,-0.01923,-0.09497,0.00449,0,-0.09497,0.00449,0,59.38193,0.0950794,0.00160115,90342.664,79990.786,-10342.664,9.214,True,False,-16.57772
302.2,FINE,THRUST,79992.427,28.2491421,0.1439005,-1707.827,0.53491,-85.33698,2285.93789,2278.94437,-6.99352,0,0.05766,-0.01923,-0.0946,0.00945,0,-0.0946,0.00945,0,59.38218,0.0950731,0.00160104,90342.748,79990.906,-10342.748,9.094,True,False,-16.64224
302.34,FINE,THRUST,79992.492,28.2490824,0.1439036,-1707.863,0.52993,-85.36603,2285.9367,2278.94427,-6.99243,0,0.05766,-0.01923,-0.09422,0.01435,0,-0.09422,0.01435,0,59.38243,0.0953038,0.00160492,90342.801,79991.026,-10342.801,8.974,True,False,-16.59963
302.48,FINE,THRUST,79992.559,28.2490377,0.143906,-1707.893,0.52479,-85.39438,2285.93551,2278.94416,-6.99136,0,0.05766,-0.01924,-0.09382,0.01919,0,-0.09382,0.01919,0,59.38268,0.0957615,0.00161262,90342.821,79991.147,-10342.821,8.853,True,False,-16.44758
302.62,FINE,THRUST,79992.628,28.2490087,0.1439079,-1707.915,0.51951,-85.42201,2285.93432,2278.94404,-6.99028,0,0.05766,-0.01924,-0.09341,0.02396,0,-0.09341,0.02396,0,59.38294,0.0964346,0.00162394,90342.807,79991.268,-10342.807,8.732,True,False,-16.18767
302.76,FINE,THRUST,79992.7,28.2489957,0.1439092,-1707.931,0.5141,-85.4489,2285.93314,2278.94392,-6.98922,0,0.05766,-0.01924,-0.09299,0.02866,0,-0.09299,0.02866,0,59.38319,0.0973098,0.00163868,90342.757,79991.388,-10342.757,8.612,True,False,-15.82296
302.9,FINE,THRUST,79992.773,28.2489988,0.14391,-1707.94,0.50856,-85.47504,2285.93195,2278.9438,-6.98815,0,0.05766,-0.01924,-0.09257,0.03329,0,-0.09257,0.03329,0,59.38345,0.0983739,0.00165659,90342.672,79991.509,-10342.672,8.491,True,False,-15.34501
303.04,FINE,THRUST,79992.849,28.2490178,0.1439101,-1707.942,0.50292,-85.50044,2285.93077,2278.94368,-6.98709,0,0.05766,-0.01924,-0.09215,0.03784,0,-0.09215,0.03784,0,59.38371,0.099613,0.00167745,90342.551,79991.629,-10342.551,8.371,True,False,-14.75246
303.18,FINE,THRUST,79992.927,28.2490537,0.1439097,-1707.937,0.49719,-85.52506,2285.92958,2278.94355,-6.98603,0,0.05765,-0.01924,-0.09172,0.04231,0,-0.09172,0.04231,0,59.38397,0.1010101,0.00170097,90342.393,79991.749,-10342.393,8.251,True,False,-14.05047
303.32,FINE,THRUST,79993.007,28.2491069,0.1439088,-1707.927,0.49141,-85.54888,2285.9284,2278.94341,-6.98498,0,0.05765,-0.01924,-0.0913,0.0467,0,-0.0913,0.0467,0,59.38424,0.1025493,0.00172688,90342.196,79991.867,-10342.196,8.133,True,False,-13.2472
303.46,FINE,THRUST,79993.089,28.2491778,0.1439074,-1707.91,0.48559,-85.57187,2285.92721,2278.94328,-6.98393,0,0.05765,-0.01924,-0.09089,0.05099,0,-0.09089,0.05099,0,59.38451,0.1042145,0.00175491,90341.96,79991.985,-10341.96,8.015,True,False,-12.3641
303.6,FINE,THRUST,79993.172,28.2492674,0.1439054,-1707.886,0.4798,-85.59399,2285.92603,2278.94314,-6.98289,0,0.05765,-0.01924,-0.09049,0.05518,0,-0.09049,0.05518,0,59.38479,0.1059881,0.00178477,90341.682,79992.1,-10341.682,7.9,True,False,-11.42553
303.74,FINE,THRUST,79993.257,28.2493753,0.1439029,-1707.857,0.47405,-85.61526,2285.92484,2278.943,-6.98184,0,0.05765,-0.01924,-0.09011,0.05927,0,-0.09011,0.05927,0,59.38506,0.1078569,0.00181623,90341.364,79992.215,-10341.364,7.785,True,False,-10.45171
303.88,FINE,THRUST,79993.343,28.2495009,0.1438999,-1707.822,0.46837,-85.6357,2285.92365,2278.94286,-6.9808,0,0.05765,-0.01924,-0.08975,0.06327,0,-0.08975,0.06327,0,59.38535,0.109808,0.00184908,90341.006,79992.327,-10341.006,7.673,True,False,-9.46094
304.02,FINE,THRUST,79993.43,28.2496439,0.1438964,-1707.78,0.4628,-85.65532,2285.92247,2278.94271,-6.97976,0,0.05765,-0.01924,-0.0894,0.06718,0,-0.0894,0.06718,0,59.38564,0.1118295,0.00188311,90340.609,79992.437,-10340.609,7.563,True,False,-8.46993
304.16,FINE,THRUST,79993.516,28.2498039,0.1438924,-1707.733,0.45734,-85.67416,2285.92128,2278.94257,-6.97871,0,0.05764,-0.01924,-0.08908,0.07099,0,-0.08908,0.07099,0,59.38593,0.1139107,0.00191814,90340.173,79992.544,-10340.173,7.456,True,False,-7.49376
304.3,FINE,THRUST,79993.603,28.2499802,0.143888,-1707.681,0.45203,-85.69224,2285.92009,2278.94242,-6.97767,0,0.05764,-0.01924,-0.08879,0.07472,0,-0.08879,0.07472,0,59.38623,0.1160421,0.00195402,90339.701,79992.65,-10339.701,7.35,True,False,-6.54561
304.44,FINE,THRUST,79993.689,28.2501723,0.1438831,-1707.622,0.44688,-85.70958,2285.91889,2278.94228,-6.97662,0,0.05764,-0.01924,-0.08851,0.07836,0,-0.08851,0.07836,0,59.38654,0.1182152,0.00199061,90339.193,79992.753,-10339.193,7.247,True,False,-5.63649
304.58,FINE,THRUST,79993.774,28.2503795,0.1438777,-1707.559,0.44188,-85.72621,2285.9177,2278.94213,-6.97557,0,0.05764,-0.01924,-0.08826,0.08193,0,-0.08826,0.08193,0,59.38685,0.1204227,0.00202777,90338.65,79992.853,-10338.65,7.147,True,False,-4.77514
304.72,FINE,THRUST,79993.858,28.2506017,0.1438718,-1707.49,0.43707,-85.74215,2285.91651,2278.94199,-6.97451,0,0.05763,-0.01924,-0.08803,0.08542,0,-0.08803,0.08542,0,59.38717,0.1226577,0.00206539,90338.074,79992.951,-10338.074,7.049,True,False,-3.96614
304.86,FINE,THRUST,79993.941,28.2508387,0.1438656,-1707.416,0.43246,-85.75739,2285.9153,2278.94185,-6.97345,0,0.05763,-0.01924,-0.08782,0.08883,0,-0.08782,0.08883,0,59.38749,0.124914,0.00210337,90337.459,79993.046,-10337.459,6.954,True,False,-3.21037
305,FINE,THRUST,79994.023,28.2510888,0.1438589,-1707.336,0.42803,-85.77202,2285.91411,2278.94171,-6.97239,0,0.05763,-0.01924,-0.08764,0.09218,0,-0.08764,0.09218,0,59.38782,0.1271887,0.00214166,90336.822,79993.139,-10336.822,6.861,True,False,-2.5183
305.14,FINE,THRUST,79994.104,28.2513516,0.1438517,-1707.252,0.42375,-85.78607,2285.91294,2278.94158,-6.97137,0,0.05762,-0.01924,-0.08747,0.09547,0,-0.08747,0.09547,0,59.38815,0.1294778,0.0021802,90336.2,79993.23,-10336.2,6.77,True,False,-1.90298
305.28,FINE,THRUST,79994.182,28.2516263,0.1438442,-1707.162,0.41963,-85.79956,2285.91185,2278.94144,-6.97041,0,0.05762,-0.01924,-0.08731,0.0987,0,-0.08731,0.0987,0,59.3885,0.1317779,0.00221891,90335.637,79993.319,-10335.637,6.681,True,False,-1.40443
305.42,FINE,THRUST,79994.259,28.2519125,0.1438362,-1707.068,0.41564,-85.81252,2285.91087,2278.94131,-6.96956,0,0.05762,-0.01924,-0.08717,0.10188,0,-0.08717,0.10188,0,59.38884,0.1340861,0.00225777,90335.181,79993.407,-10335.181,6.593,True,False,-1.12914
305.56,FINE,THRUST,79994.335,28.2522088,0.1438278,-1706.968,0.41174,-85.82502,2285.91001,2278.94119,-6.96882,0,0.05761,-0.01924,-0.08703,0.10503,0,-0.08703,0.10503,0,59.3892,0.1364001,0.00229672,90334.856,79993.492,-10334.856,6.508,True,False,1.20279
305.7,FINE,THRUST,79994.408,28.2525152,0.143819,-1706.864,0.40791,-85.83706,2285.9093,2278.94106,-6.96824,0,0.05761,-0.01924,-0.08689,0.10813,0,-0.08689,0.10813,0,59.38956,0.1387173,0.00233572,90334.695,79993.577,-10334.695,6.423,True,False,1.54909
305.84,FINE,THRUST,79994.479,28.2528313,0.1438098,-1706.755,0.40416,-85.84865,2285.90878,2278.94094,-6.96784,0,0.05761,-0.01924,-0.08675,0.1112,0,-0.08675,0.1112,0,59.38992,0.1410357,0.00237474,90334.735,79993.66,-10334.735,6.34,True,False,2.01261
305.98,FINE,THRUST,79994.549,28.2531569,0.1438002,-1706.641,0.40048,-85.85981,2285.90846,2278.94082,-6.96764,0,0.05762,-0.01924,-0.08662,0.11423,0,-0.08662,0.11423,0,59.39029,0.143354,0.00241376,90334.997,79993.742,-10334.997,6.258,True,False,2.51269
306.12,FINE,THRUST,79994.617,28.2534914,0.1437902,-1706.523,0.39684,-85.87056,2285.90834,2278.94071,-6.96764,0,0.05762,-0.01923,-0.08647,0.11723,0,-0.08647,0.11723,0,59.39067,0.1456713,0.00245276,90335.493,79993.823,-10335.493,6.177,True,False,3.01571
306.26,FINE,THRUST,79994.682,28.2538343,0.1437799,-1706.4,0.39323,-85.88093,2285.90844,2278.9406,-6.96785,0,0.05762,-0.01923,-0.08633,0.1202,0,-0.08633,0.1202,0,59.39106,0.1479869,0.00249174,90336.232,79993.903,-10336.232,6.097,True,False,3.50576
306.4,FINE,THRUST,79994.746,28.2541853,0.1437691,-1706.273,0.38963,-85.89094,2285.90876,2278.94049,-6.96827,0,0.05763,-0.01923,-0.08617,0.12315,0,-0.08617,0.12315,0,59.39144,0.1503003,0.00253067,90337.214,79993.982,-10337.214,6.018,True,False,3.97385
306.54,FINE,THRUST,79994.809,28.2545439,0.143758,-1706.141,0.38601,-85.9006,2285.90928,2278.94038,-6.9689,0,0.05763,-0.01923,-0.086,0.12607,0,-0.086,0.12607,0,59.39184,0.152611,0.00256956,90338.434,79994.061,-10338.434,5.939,True,False,4.41421
306.68,FINE,THRUST,79994.87,28.2549099,0.1437465,-1706.005,0.38236,-85.90993,2285.91001,2278.94028,-6.96973,0,0.05764,-0.01923,-0.08582,0.12898,0,-0.08582,0.12898,0,59.39224,0.1549186,0.0026084,90339.879,79994.139,-10339.879,5.861,True,False,4.82327
306.82,FINE,THRUST,79994.929,28.2552829,0.1437346,-1705.864,0.37866,-85.91895,2285.91092,2278.94018,-6.97074,0,0.05765,-0.01923,-0.08562,0.13186,0,-0.08562,0.13186,0,59.39265,0.1572227,0.00264717,90341.535,79994.217,-10341.535,5.783,True,False,5.19881
306.96,FINE,THRUST,79994.987,28.2556627,0.1437224,-1705.719,0.3749,-85.92765,2285.91199,2278.94008,-6.97191,0,0.05766,-0.01923,-0.0854,0.13474,0,-0.0854,0.13474,0,59.39307,0.1595227,0.00268588,90343.375,79994.294,-10343.375,5.706,True,False,5.53925
307.1,FINE,THRUST,79995.044,28.2560493,0.1437098,-1705.57,0.37107,-85.93605,2285.91315,2278.93998,-6.97316,0,0.05767,-0.01923,-0.08517,0.13759,0,-0.08517,0.13759,0,59.39349,0.1618168,0.00272449,90345.293,79994.371,-10345.293,5.629,True,False,5.84125
307.24,FINE,THRUST,79995.1,28.2564426,0.1436968,-1705.416,0.36717,-85.94413,2285.91442,2278.93989,-6.97453,0,0.05768,-0.01923,-0.08492,0.14043,0,-0.08492,0.14043,0,59.39392,0.1641054,0.002763,90347.344,79994.448,-10347.344,5.552,True,False,6.1011
307.38,FINE,THRUST,79995.154,28.2568426,0.1436835,-1705.258,0.3632,-85.95192,2285.9158,2278.9398,-6.97601,0,0.05769,-0.01922,-0.08465,0.14325,0,-0.08465,0.14325,0,59.39435,0.1663885,0.00280142,90349.511,79994.524,-10349.511,5.476,True,False,6.3169
307.52,FINE,THRUST,79995.208,28.2572492,0.1436698,-1705.096,0.35916,-85.9594,2285.91727,2278.93971,-6.97757,0,0.05771,-0.01922,-0.08436,0.14605,0,-0.08436,0.14605,0,59.39479,0.1686655,0.00283974,90351.766,79994.6,-10351.766,5.4,True,False,6.48836
307.66,FINE,THRUST,79995.262,28.2576622,0.1436558,-1704.93,0.35502,-85.96659,2285.9188,2278.93962,-6.97918,0,0.05772,-0.01922,-0.08405,0.14884,0,-0.08405,0.14884,0,59.39523,0.1709357,0.00287794,90354.074,79994.676,-10354.074,5.324,True,False,6.6165
307.8,FINE,THRUST,79995.315,28.2580816,0.1436414,-1704.759,0.35079,-85.97349,2285.92039,2278.93953,-6.98086,0,0.05773,-0.01922,-0.08373,0.15162,0,-0.08373,0.15162,0,59.39569,0.1731992,0.00291602,90356.445,79994.751,-10356.445,5.249,True,False,6.70419
307.94,FINE,THRUST,79995.367,28.2585072,0.1436267,-1704.585,0.34646,-85.9801,2285.92202,2278.93944,-6.98258,0,0.05775,-0.01922,-0.08338,0.15438,0,-0.08338,0.15438,0,59.39614,0.1754555,0.00295399,90358.86,79994.826,-10358.86,5.174,True,False,6.75657
308.08,FINE,THRUST,79995.419,28.2589393,0.1436117,-1704.406,0.34204,-85.98641,2285.92365,2278.93935,-6.9843,0,0.05776,-0.01922,-0.08302,0.15712,0,-0.08302,0.15712,0,59.39661,0.177703,0.0029918,90361.245,79994.901,-10361.245,5.099,True,False,6.7781
308.22,FINE,THRUST,79995.47,28.2593779,0.1435963,-1704.224,0.33753,-85.99242,2285.92524,2278.93927,-6.98598,0,0.05777,-0.01922,-0.08264,0.15984,0,-0.08264,0.15984,0,59.39707,0.1799406,0.00302945,90363.571,79994.975,-10363.571,5.025,True,False,6.77237
308.36,FINE,THRUST,79995.521,28.2598231,0.1435806,-1704.037,0.33295,-85.99812,2285.92678,2278.93918,-6.9876,0,0.05778,-0.01922,-0.08225,0.16254,0,-0.08225,0.16254,0,59.39755,0.1821676,0.00306692,90365.822,79995.049,-10365.822,4.951,True,False,6.7422
308.5,FINE,THRUST,79995.572,28.2602751,0.1435645,-1703.847,0.32831,-86.0035,2285.92827,2278.93909,-6.98917,0,0.0578,-0.01921,-0.08185,0.16522,0,-0.08185,0.16522,0,59.39803,0.1843833,0.0031042,90367.985,79995.122,-10367.985,4.878,True,False,6.68958
308.64,FINE,THRUST,79995.622,28.2607341,0.1435481,-1703.653,0.32363,-86.00856,2285.92969,2278.93901,-6.99068,0,0.05781,-0.01921,-0.08143,0.16788,0,-0.08143,0.16788,0,59.39852,0.1865867,0.00314127,90370.055,79995.194,-10370.055,4.806,True,False,6.6159
308.78,FINE,THRUST,79995.673,28.2612001,0.1435314,-1703.455,0.31892,-86.01328,2285.93104,2278.93893,-6.99212,0,0.05782,-0.01921,-0.08101,0.17051,0,-0.08101,0.17051,0,59.39901,0.1887772,0.00317812,90372.03,79995.265,-10372.03,4.735,True,False,6.52212
308.92,FINE,THRUST,79995.723,28.2616735,0.1435144,-1703.253,0.31421,-86.01766,2285.93234,2278.93884,-6.99349,0,0.05783,-0.01921,-0.08059,0.17311,0,-0.08059,0.17311,0,59.39951,0.1909537,0.00321474,90373.908,79995.335,-10373.908,4.665,True,False,6.40908
309.06,FINE,THRUST,79995.773,28.2621542,0.1434971,-1703.047,0.30951,-86.02169,2285.93356,2278.93876,-6.99481,0,0.05784,-0.01921,-0.08017,0.17569,0,-0.08017,0.17569,0,59.40001,0.1931156,0.0032511,90375.695,79995.404,-10375.695,4.596,True,False,6.27767
309.2,FINE,THRUST,79995.823,28.2626425,0.1434794,-1702.838,0.30485,-86.02537,2285.93474,2278.93867,-6.99606,0,0.05785,-0.01921,-0.07975,0.17823,0,-0.07975,0.17823,0,59.40052,0.195262,0.00328721,90377.393,79995.472,-10377.393,4.528,True,False,6.12903
309.34,FINE,THRUST,79995.872,28.2631384,0.1434615,-1702.625,0.30024,-86.02869,2285.93586,2278.93859,-6.99727,0,0.05786,-0.0192,-0.07934,0.18074,0,-0.07934,0.18074,0,59.40104,0.197392,0.00332304,90379.01,79995.538,-10379.01,4.462,True,False,5.9647
309.48,FINE,THRUST,79995.922,28.2636422,0.1434432,-1702.408,0.29572,-86.03164,2285.93693,2278.93851,-6.99842,0,0.05787,-0.0192,-0.07894,0.18322,0,-0.07894,0.18322,0,59.40156,0.1995049,0.00335858,90380.552,79995.603,-10380.552,4.397,True,False,5.78672
309.62,FINE,THRUST,79995.971,28.2641537,0.1434247,-1702.188,0.29128,-86.03422,2285.93796,2278.93843,-6.99954,0,0.05787,-0.0192,-0.07856,0.18567,0,-0.07856,0.18567,0,59.40209,0.2016001,0.00339382,90382.027,79995.667,-10382.027,4.333,True,False,5.59759
309.76,FINE,THRUST,79996.019,28.2646732,0.1434058,-1701.965,0.28696,-86.03643,2285.93896,2278.93834,-7.00062,0,0.05788,-0.0192,-0.07819,0.18807,0,-0.07819,0.18807,0,59.40262,0.2036768,0.00342875,90383.442,79995.729,-10383.442,4.271,True,False,5.40035
309.9,FINE,THRUST,79996.068,28.2652007,0.1433867,-1701.738,0.28277,-86.03826,2285.93993,2278.93826,-7.00167,0,0.05789,-0.0192,-0.07783,0.19044,0,-0.07783,0.19044,0,59.40316,0.2057345,0.00346336,90384.805,79995.789,-10384.805,4.211,True,False,5.19842
310.04,FINE,THRUST,79996.115,28.265736,0.1433673,-1701.507,0.27872,-86.03972,2285.94087,2278.93818,-7.00269,0,0.0579,-0.01919,-0.0775,0.19278,0,-0.0775,0.19278,0,59.4037,0.2077728,0.00349764,90386.121,79995.848,-10386.121,4.152,True,False,4.99561
310.18,FINE,THRUST,79996.163,28.2662793,0.1433476,-1701.273,0.27482,-86.04081,2285.94181,2278.9381,-7.00371,0,0.0579,-0.01919,-0.07719,0.19508,0,-0.07719,0.19508,0,59.40425,0.2097914,0.00353159,90387.404,79995.906,-10387.404,4.094,True,False,4.79601
310.32,FINE,THRUST,79996.21,28.2668302,0.1433276,-1701.036,0.27108,-86.04154,2285.9428,2278.93802,-7.00477,0,0.05791,-0.01919,-0.0769,0.19734,0,-0.0769,0.19734,0,59.40481,0.2117911,0.00356522,90388.738,79995.961,-10388.738,4.039,True,False,4.60742
310.46,FINE,THRUST,79996.256,28.2673889,0.1433073,-1700.796,0.2675,-86.0419,2285.94378,2278.93795,-7.00584,0,0.05792,-0.01919,-0.07663,0.19956,0,-0.07663,0.19956,0,59.40537,0.2137708,0.00359851,90390.054,79996.016,-10390.054,3.984,True,False,4.43972
310.6,FINE,THRUST,79996.301,28.2679552,0.1432868,-1700.553,0.26409,-86.04191,2285.94477,2278.93787,-7.0069,0,0.05793,-0.01918,-0.07638,0.20175,0,-0.07638,0.20175,0,59.40593,0.2157302,0.00363146,90391.351,79996.069,-10391.351,3.931,True,False,4.30224
310.74,FINE,THRUST,79996.346,28.268529,0.143266,-1700.306,0.26086,-86.04156,2285.94577,2278.93779,-7.00798,0,0.05793,-0.01918,-0.07616,0.20391,0,-0.07616,0.20391,0,59.4065,0.2176693,0.00366407,90392.649,79996.12,-10392.649,3.88,True,False,4.20248
310.88,FINE,THRUST,79996.39,28.2691101,0.1432449,-1700.056,0.25779,-86.04087,2285.9468,2278.93772,-7.00908,0,0.05794,-0.01918,-0.07596,0.20603,0,-0.07596,0.20603,0,59.40708,0.2195883,0.00369633,90393.964,79996.17,-10393.964,3.83,True,False,4.14464
311.02,FINE,THRUST,79996.433,28.2696984,0.1432236,-1699.803,0.25489,-86.03984,2285.94784,2278.93765,-7.01019,0,0.05795,-0.01918,-0.07578,0.20812,0,-0.07578,0.20812,0,59.40766,0.2214868,0.00372825,90395.277,79996.219,-10395.277,3.781,True,False,4.12697
311.16,FINE,THRUST,79996.474,28.2702938,0.1432021,-1699.547,0.25216,-86.03848,2285.9489,2278.93758,-7.01132,0,0.05795,-0.01917,-0.07562,0.21017,0,-0.07562,0.21017,0,59.40824,0.2233647,0.00375983,90396.598,79996.266,-10396.598,3.734,True,False,4.14019
311.3,FINE,THRUST,79996.515,28.2708959,0.1431802,-1699.289,0.24958,-86.0368,2285.95003,2278.93751,-7.01252,0,0.05796,-0.01917,-0.07548,0.2122,0,-0.07548,0.2122,0,59.40884,0.225223,0.00379107,90397.987,79996.312,-10397.987,3.688,True,False,4.1717
311.44,FINE,THRUST,79996.554,28.2715044,0.1431582,-1699.027,0.24712,-86.03483,2285.95123,2278.93744,-7.01379,0,0.05797,-0.01917,-0.07535,0.2142,0,-0.07535,0.2142,0,59.40943,0.2270621,0.00382199,90399.457,79996.358,-10399.457,3.642,True,False,4.20793
311.58,FINE,THRUST,79996.591,28.2721188,0.1431359,-1698.762,0.24473,-86.03257,2285.95252,2278.93738,-7.01514,0,0.05798,-0.01917,-0.07522,0.21617,0,-0.07522,0.21617,0,59.41003,0.2288826,0.00385259,90401.008,79996.402,-10401.008,3.598,True,False,4.23627
311.72,FINE,THRUST,79996.628,28.2727389,0.1431133,-1698.495,0.24238,-86.03006,2285.95387,2278.93731,-7.01655,0,0.05799,-0.01916,-0.07509,0.21812,0,-0.07509,0.21812,0,59.41064,0.2306846,0.00388288,90402.629,79996.446,-10402.629,3.554,True,False,4.2463
311.86,FINE,THRUST,79996.663,28.2733645,0.1430905,-1698.224,0.24006,-86.02729,2285.95525,2278.93726,-7.018,0,0.058,-0.01916,-0.07495,0.22005,0,-0.07495,0.22005,0,59.41125,0.2324681,0.00391286,90404.28,79996.489,-10404.28,3.511,True,False,4.22998
312,FINE,THRUST,79996.697,28.2739954,0.1430675,-1697.951,0.23774,-86.02427,2285.95666,2278.9372,-7.01946,0,0.05801,-0.01916,-0.07481,0.22197,0,-0.07481,0.22197,0,59.41186,0.2342332,0.00394253,90405.942,79996.532,-10405.942,3.468,True,False,4.18277
312.14,FINE,THRUST,79996.729,28.2746308,0.1430443,-1697.675,0.23533,-86.02104,2285.95808,2278.93714,-7.02094,0,0.05801,-0.01916,-0.07464,0.22386,0,-0.07464,0.22386,0,59.41248,0.2359811,0.00397191,90407.613,79996.575,-10407.613,3.425,True,False,4.10579
312.28,FINE,THRUST,79996.761,28.2752705,0.1430208,-1697.397,0.23279,-86.0176,2285.95947,2278.93709,-7.02238,0,0.05802,-0.01915,-0.07445,0.22575,0,-0.07445,0.22575,0,59.4131,0.2377121,0.004001,90409.234,79996.618,-10409.234,3.382,True,False,4.00411
312.42,FINE,THRUST,79996.792,28.2759143,0.1429971,-1697.115,0.2301,-86.01397,2285.96078,2278.93704,-7.02374,0,0.05803,-0.01915,-0.07423,0.22763,0,-0.07423,0.22763,0,59.41373,0.2394263,0.00402981,90410.751,79996.661,-10410.751,3.339,True,False,3.8862
312.56,FINE,THRUST,79996.822,28.276562,0.1429731,-1696.831,0.22725,-86.01016,2285.96197,2278.93698,-7.02499,0,0.05804,-0.01915,-0.07398,0.2295,0,-0.07398,0.2295,0,59.41437,0.2411241,0.00405835,90412.109,79996.705,-10412.109,3.295,True,False,3.76281
312.7,FINE,THRUST,79996.852,28.2772135,0.142949,-1696.545,0.22421,-86.00616,2285.963,2278.93693,-7.02606,0,0.05804,-0.01914,-0.07369,0.23135,0,-0.07369,0.23135,0,59.41501,0.2428059,0.00408661,90413.258,79996.748,-10413.258,3.252,True,False,3.64548
312.84,FINE,THRUST,79996.882,28.2778688,0.1429246,-1696.255,0.22099,-86.00199,2285.96382,2278.93688,-7.02694,0,0.05805,-0.01914,-0.07337,0.2332,0,-0.07337,0.2332,0,59.41565,0.2444724,0.00411461,90414.156,79996.791,-10414.156,3.209,True,False,3.54544
312.98,FINE,THRUST,79996.912,28.2785277,0.1429,-1695.963,0.2176,-85.99763,2285.96442,2278.93683,-7.02759,0,0.05805,-0.01914,-0.07302,0.23504,0,-0.07302,0.23504,0,59.4163,0.2461239,0.00414236,90414.765,79996.835,-10414.765,3.165,True,False,3.47076
313.12,FINE,THRUST,79996.941,28.2791904,0.1428751,-1695.669,0.21404,-85.99308,2285.96477,2278.93679,-7.02799,0,0.05805,-0.01914,-0.07264,0.23687,0,-0.07264,0.23687,0,59.41694,0.247761,0.00416987,90415.058,79996.878,-10415.058,3.122,True,False,3.42614
313.26,FINE,THRUST,79996.97,28.2798569,0.1428501,-1695.372,0.21036,-85.98835,2285.96485,2278.93674,-7.02811,0,0.05805,-0.01913,-0.07224,0.23869,0,-0.07224,0.23869,0,59.4176,0.249384,0.00419714,90415.013,79996.921,-10415.013,3.079,True,False,3.41174
313.4,FINE,THRUST,79997,28.2805273,0.1428248,-1695.072,0.20656,-85.98342,2285.96465,2278.93669,-7.02796,0,0.05805,-0.01913,-0.07182,0.2405,0,-0.07182,0.2405,0,59.41826,0.2509933,0.00422418,90414.62,79996.964,-10414.62,3.036,True,False,3.42347
313.54,FINE,THRUST,79997.029,28.2812018,0.1427994,-1694.77,0.20269,-85.97829,2285.96417,2278.93664,-7.02753,0,0.05805,-0.01913,-0.07138,0.24229,0,-0.07138,0.24229,0,59.41893,0.2525891,0.00425099,90413.877,79997.006,-10413.877,2.994,True,False,3.45404
313.68,FINE,THRUST,79997.059,28.2818805,0.1427737,-1694.465,0.19876,-85.97296,2285.96342,2278.93659,-7.02683,0,0.05804,-0.01912,-0.07094,0.24407,0,-0.07094,0.24407,0,59.41959,0.2541714,0.00427757,90412.789,79997.047,-10412.789,2.953,True,False,3.49446
313.82,FINE,THRUST,79997.088,28.2825634,0.1427478,-1694.158,0.19481,-85.96741,2285.9624,2278.93654,-7.02586,0,0.05803,-0.01912,-0.07049,0.24583,0,-0.07049,0.24583,0,59.42027,0.2557401,0.00430392,90411.371,79997.088,-10411.371,2.912,True,False,3.53537
313.96,FINE,THRUST,79997.118,28.2832509,0.1427217,-1693.848,0.19087,-85.96164,2285.96114,2278.93649,-7.02465,0,0.05802,-0.01912,-0.07004,0.24758,0,-0.07004,0.24758,0,59.42094,0.257295,0.00433004,90409.643,79997.128,-10409.643,2.872,True,False,3.56832
314.1,FINE,THRUST,79997.148,28.2839429,0.1426954,-1693.536,0.18697,-85.95565,2285.95966,2278.93644,-7.02322,0,0.05801,-0.01912,-0.06959,0.2493,0,-0.06959,0.2493,0,59.42163,0.2588358,0.00435592,90407.631,79997.167,-10407.631,2.833,True,False,3.58618
314.24,FINE,THRUST,79997.177,28.2846398,0.1426689,-1693.222,0.18314,-85.94942,2285.95797,2278.93639,-7.02158,0,0.058,-0.01911,-0.06916,0.25101,0,-0.06916,0.25101,0,59.42231,0.2603621,0.00438156,90405.368,79997.205,-10405.368,2.795,True,False,3.5836
314.38,FINE,THRUST,79997.207,28.2853415,0.1426422,-1692.905,0.17939,-85.94295,2285.95612,2278.93634,-7.01978,0,0.05799,-0.01911,-0.06873,0.25269,0,-0.06873,0.25269,0,59.423,0.2618737,0.00440694,90402.89,79997.242,-10402.89,2.758,True,False,3.557
314.52,FINE,THRUST,79997.236,28.2860482,0.1426154,-1692.586,0.17575,-85.93624,2285.95414,2278.93629,-7.01785,0,0.05797,-0.01911,-0.06832,0.25435,0,-0.06832,0.25435,0,59.42369,0.26337,0.00443207,90400.233,79997.278,-10400.233,2.722,True,False,3.50449
314.66,FINE,THRUST,79997.265,28.2867599,0.1425883,-1692.265,0.17224,-85.92929,2285.95205,2278.93624,-7.01581,0,0.05796,-0.0191,-0.06793,0.25599,0,-0.06793,0.25599,0,59.42439,0.2648506,0.00445693,90397.439,79997.313,-10397.439,2.687,True,False,3.42555
314.8,FINE,THRUST,79997.293,28.2874768,0.142561,-1691.941,0.16885,-85.9221,2285.94989,2278.93619,-7.01369,0,0.05794,-0.0191,-0.06756,0.2576,0,-0.06756,0.2576,0,59.42509,0.2663154,0.00448153,90394.546,79997.346,-10394.546,2.654,True,False,3.32101
314.94,FINE,THRUST,79997.322,28.2881988,0.1425336,-1691.616,0.16562,-85.91465,2285.94769,2278.93615,-7.01154,0,0.05792,-0.0191,-0.0672,0.25919,0,-0.0672,0.25919,0,59.42579,0.2677639,0.00450585,90391.595,79997.379,-10391.595,2.621,True,False,3.19313
315.08,FINE,THRUST,79997.349,28.2889259,0.1425059,-1691.288,0.16253,-85.90696,2285.94548,2278.9361,-7.00938,0,0.05791,-0.01909,-0.06687,0.26076,0,-0.06687,0.26076,0,59.4265,0.269196,0.0045299,90388.623,79997.41,-10388.623,2.59,True,False,3.04434
315.22,FINE,THRUST,79997.377,28.2896581,0.1424781,-1690.957,0.15959,-85.89903,2285.9433,2278.93605,-7.00724,0,0.05789,-0.01909,-0.06656,0.2623,0,-0.06656,0.2623,0,59.42721,0.2706118,0.00455367,90385.666,79997.441,-10385.666,2.559,True,False,2.87824
315.36,FINE,THRUST,79997.404,28.2903954,0.1424501,-1690.625,0.1568,-85.89086,2285.94116,2278.93601,-7.00515,0,0.05788,-0.01909,-0.06627,0.26381,0,-0.06627,0.26381,0,59.42793,0.2720111,0.00457716,90382.756,79997.47,-10382.756,2.53,True,False,2.69899
315.5,FINE,THRUST,79997.43,28.2911377,0.1424219,-1690.291,0.15416,-85.88246,2285.9391,2278.93596,-7.00314,0,0.05786,-0.01908,-0.066,0.26531,0,-0.066,0.26531,0,59.42865,0.2733941,0.00460038,90379.923,79997.499,-10379.923,2.501,True,False,2.5113
315.64,FINE,THRUST,79997.456,28.2918849,0.1423936,-1689.954,0.15166,-85.87382,2285.93713,2278.93592,-7.00121,0,0.05784,-0.01908,-0.06576,0.26678,0,-0.06576,0.26678,0,59.42938,0.274761,0.00462332,90377.192,79997.527,-10377.192,2.473,True,False,2.32026
315.78,FINE,THRUST,79997.481,28.2926369,0.142365,-1689.616,0.14929,-85.86496,2285.93527,2278.93588,-6.99939,0,0.05783,-0.01908,-0.06553,0.26822,0,-0.06553,0.26822,0,59.4301,0.276112,0.004646,90374.583,79997.554,-10374.583,2.446,True,False,2.13128
315.92,FINE,THRUST,79997.506,28.2933935,0.1423363,-1689.276,0.14705,-85.85588,2285.93353,2278.93584,-6.99769,0,0.05782,-0.01907,-0.06531,0.26965,0,-0.06531,0.26965,0,59.43083,0.2774474,0.00466841,90372.113,79997.58,-10372.113,2.42,True,False,1.95
316.06,FINE,THRUST,79997.53,28.2941548,0.1423075,-1688.933,0.14492,-85.84659,2285.93192,2278.93579,-6.99613,0,0.0578,-0.01907,-0.06512,0.27106,0,-0.06512,0.27106,0,59.43157,0.2787676,0.00469056,90369.794,79997.606,-10369.794,2.394,True,False,1.78206
316.2,FINE,THRUST,79997.554,28.2949204,0.1422785,-1688.589,0.14291,-85.83709,2285.93046,2278.93575,-6.9947,0,0.05779,-0.01906,-0.06494,0.27244,0,-0.06494,0.27244,0,59.43231,0.2800729,0.00471247,90367.633,79997.631,-10367.633,2.369,True,False,1.6328
316.34,FINE,THRUST,79997.577,28.2956904,0.1422493,-1688.242,0.14099,-85.82738,2285.92913,2278.93571,-6.99341,0,0.05778,-0.01906,-0.06477,0.27381,0,-0.06477,0.27381,0,59.43305,0.2813639,0.00473413,90365.633,79997.656,-10365.633,2.344,True,False,1.50683
316.48,FINE,THRUST,79997.6,28.2964646,0.1422199,-1687.894,0.13915,-85.81749,2285.92794,2278.93568,-6.99226,0,0.05777,-0.01906,-0.06461,0.27516,0,-0.06461,0.27516,0,59.43379,0.2826406,0.00475555,90363.792,79997.679,-10363.792,2.321,True,False,1.40723
316.62,FINE,THRUST,79997.622,28.2972428,0.1421904,-1687.544,0.1374,-85.8074,2285.92689,2278.93564,-6.99125,0,0.05776,-0.01905,-0.06446,0.27649,0,-0.06446,0.27649,0,59.43454,0.2839037,0.00477675,90362.105,79997.703,-10362.105,2.297,True,False,1.33485
316.76,FINE,THRUST,79997.644,28.298025,0.1421608,-1687.192,0.13571,-85.79713,2285.92596,2278.9356,-6.99036,0,0.05775,-0.01905,-0.06433,0.2778,0,-0.06433,0.2778,0,59.43529,0.2851533,0.00479771,90360.564,79997.726,-10360.564,2.274,True,False,1.28784
316.9,FINE,THRUST,79997.665,28.2988111,0.142131,-1686.839,0.13408,-85.78669,2285.92515,2278.93557,-6.98958,0,0.05774,-0.01905,-0.0642,0.2791,0,-0.0642,0.2791,0,59.43605,0.2863899,0.00481845,90359.157,79997.748,-10359.157,2.252,True,False,1.2618
317.04,FINE,THRUST,79997.686,28.2996009,0.142101,-1686.483,0.13251,-85.77606,2285.92445,2278.93553,-6.98892,0,0.05774,-0.01904,-0.06407,0.28039,0,-0.06407,0.28039,0,59.43681,0.2876136,0.00483898,90357.871,79997.771,-10357.871,2.229,True,False,1.25065
317.18,FINE,THRUST,79997.707,28.3003943,0.1420709,-1686.126,0.13099,-85.76527,2285.92384,2278.9355,-6.98834,0,0.05773,-0.01904,-0.06395,0.28166,0,-0.06395,0.28166,0,59.43757,0.2888247,0.00485929,90356.687,79997.792,-10356.687,2.208,True,False,1.2478
317.32,FINE,THRUST,79997.727,28.3011913,0.1420406,-1685.767,0.1295,-85.7543,2285.9233,2278.93546,-6.98784,0,0.05772,-0.01903,-0.06384,0.28291,0,-0.06384,0.28291,0,59.43833,0.2900233,0.0048794,90355.59,79997.814,-10355.59,2.186,True,False,1.24721
317.46,FINE,THRUST,79997.747,28.3019918,0.1420102,-1685.406,0.12806,-85.74317,2285.92283,2278.93543,-6.9874,0,0.05772,-0.01903,-0.06373,0.28415,0,-0.06373,0.28415,0,59.4391,0.2912096,0.00489929,90354.558,79997.835,-10354.558,2.165,True,False,1.24382
317.6,FINE,THRUST,79997.766,28.3027958,0.1419797,-1685.043,0.12665,-85.73188,2285.9224,2278.9354,-6.987,0,0.05771,-0.01903,-0.06363,0.28538,0,-0.06363,0.28538,0,59.43987,0.2923838,0.00491898,90353.573,79997.856,-10353.573,2.144,True,False,1.23398
317.74,FINE,THRUST,79997.786,28.3036031,0.141949,-1684.679,0.12527,-85.72043,2285.922,2278.93536,-6.98663,0,0.05771,-0.01902,-0.06353,0.28659,0,-0.06353,0.28659,0,59.44065,0.293546,0.00493847,90352.613,79997.876,-10352.613,2.124,True,False,1.21522
317.88,FINE,THRUST,79997.805,28.3044137,0.1419181,-1684.313,0.12392,-85.70882,2285.92161,2278.93533,-6.98627,0,0.0577,-0.01902,-0.06343,0.28779,0,-0.06343,0.28779,0,59.44143,0.2946961,0.00495776,90351.659,79997.897,-10351.659,2.103,True,False,1.18621
318.02,FINE,THRUST,79997.823,28.3052276,0.1418872,-1683.945,0.1226,-85.69706,2285.92121,2278.9353,-6.98591,0,0.0577,-0.01901,-0.06333,0.28898,0,-0.06333,0.28898,0,59.4422,0.2958345,0.00497684,90350.691,79997.917,-10350.691,2.083,True,False,1.14657
318.16,FINE,THRUST,79997.842,28.3060447,0.1418561,-1683.576,0.12131,-85.68514,2285.92079,2278.93527,-6.98553,0,0.05769,-0.01901,-0.06324,0.29015,0,-0.06324,0.29015,0,59.44299,0.296961,0.00499573,90349.691,79997.936,-10349.691,2.064,True,False,1.09673
318.3,FINE,THRUST,79997.86,28.3068649,0.1418248,-1683.205,0.12004,-85.67306,2285.92034,2278.93524,-6.98511,0,0.05769,-0.01901,-0.06315,0.29131,0,-0.06315,0.29131,0,59.44377,0.2980759,0.00501442,90348.643,79997.956,-10348.643,2.044,True,False,1.03777
318.44,FINE,THRUST,79997.879,28.3076883,0.1417934,-1682.833,0.11881,-85.66084,2285.91985,2278.93521,-6.98464,0,0.05768,-0.019,-0.06306,0.29246,0,-0.06306,0.29246,0,59.44456,0.2991791,0.00503291,90347.53,79997.975,-10347.53,2.025,True,False,0.9715
318.58,FINE,THRUST,79997.897,28.3085147,0.1417619,-1682.459,0.1176,-85.64847,2285.91929,2278.93518,-6.98411,0,0.05767,-0.019,-0.06298,0.29359,0,-0.06298,0.29359,0,59.44536,0.3002709,0.00505121,90346.339,79997.994,-10346.339,2.006,True,False,0.90028
318.72,FINE,THRUST,79997.914,28.3093442,0.1417303,-1682.083,0.11643,-85.63594,2285.91867,2278.93515,-6.98352,0,0.05767,-0.01899,-0.0629,0.29471,0,-0.0629,0.29471,0,59.44615,0.3013512,0.00506931,90345.061,79998.013,-10345.061,1.987,True,False,0.82675
318.86,FINE,THRUST,79997.932,28.3101767,0.1416985,-1681.706,0.11528,-85.62327,2285.91797,2278.93512,-6.98286,0,0.05766,-0.01899,-0.06282,0.29582,0,-0.06282,0.29582,0,59.44695,0.3024202,0.00508723,90343.687,79998.031,-10343.687,1.969,True,False,0.75379
319,FINE,THRUST,79997.949,28.3110121,0.1416666,-1681.328,0.11417,-85.61046,2285.9172,2278.93509,-6.98212,0,0.05765,-0.01899,-0.06274,0.29692,0,-0.06274,0.29692,0,59.44775,0.3034781,0.00510496,90342.212,79998.049,-10342.212,1.951,True,False,0.6845
319.14,FINE,THRUST,79997.966,28.3118504,0.1416345,-1680.947,0.11308,-85.5975,2285.91635,2278.93506,-6.98129,0,0.05764,-0.01898,-0.06267,0.29801,0,-0.06267,0.29801,0,59.44856,0.3045251,0.0051225,90340.634,79998.067,-10340.634,1.933,True,False,0.62195
319.28,FINE,THRUST,79997.983,28.3126916,0.1416024,-1680.566,0.11202,-85.58441,2285.91542,2278.93503,-6.98039,0,0.05763,-0.01898,-0.0626,0.29908,0,-0.0626,0.29908,0,59.44937,0.3055611,0.00513985,90338.953,79998.085,-10338.953,1.915,True,False,0.56901
319.42,FINE,THRUST,79998,28.3135357,0.1415701,-1680.183,0.11099,-85.57117,2285.91441,2278.935,-6.97941,0,0.05762,-0.01897,-0.06254,0.30014,0,-0.06254,0.30014,0,59.45017,0.3065865,0.00515703,90337.17,79998.102,-10337.17,1.898,True,False,0.52784
319.56,FINE,THRUST,79998.017,28.3143824,0.1415377,-1679.798,0.10998,-85.5578,2285.91333,2278.93497,-6.97836,0,0.05761,-0.01897,-0.06247,0.30119,0,-0.06247,0.30119,0,59.45099,0.3076014,0.00517403,90335.29,79998.12,-10335.29,1.88,True,False,0.49937
319.7,FINE,THRUST,79998.033,28.315232,0.1415051,-1679.412,0.109,-85.54429,2285.91218,2278.93495,-6.97723,0,0.0576,-0.01896,-0.06241,0.30223,0,-0.06241,0.30223,0,59.4518,0.3086058,0.00519086,90333.319,79998.137,-10333.319,1.863,True,False,0.48295
319.84,FINE,THRUST,79998.05,28.3160842,0.1414725,-1679.025,0.10804,-85.53065,2285.91096,2278.93492,-6.97604,0,0.05759,-0.01896,-0.06235,0.30326,0,-0.06235,0.30326,0,59.45262,0.3096001,0.00520751,90331.263,79998.154,-10331.263,1.846,True,False,0.47629
319.98,FINE,THRUST,79998.066,28.3169391,0.1414397,-1678.636,0.1071,-85.51688,2285.90968,2278.93489,-6.97479,0,0.05758,-0.01896,-0.06229,0.30427,0,-0.06229,0.30427,0,59.45344,0.3105843,0.00522399,90329.133,79998.17,-10329.133,1.83,True,False,0.47619
320.12,FINE,THRUST,79998.082,28.3177967,0.1414068,-1678.245,0.10619,-85.50298,2285.90836,2278.93486,-6.9735,0,0.05756,-0.01895,-0.06223,0.30528,0,-0.06223,0.30528,0,59.45426,0.3115585,0.0052403,90326.937,79998.187,-10326.937,1.813,True,False,0.47917
320.26,FINE,THRUST,79998.098,28.3186568,0.1413738,-1677.854,0.10529,-85.48895,2285.907,2278.93484,-6.97216,0,0.05755,-0.01895,-0.06218,0.30627,0,-0.06218,0.30627,0,59.45509,0.3125228,0.00525645,90324.687,79998.203,-10324.687,1.797,True,False,0.48214
320.4,FINE,THRUST,79998.113,28.3195196,0.1413407,-1677.461,0.10441,-85.4748,2285.90561,2278.93481,-6.9708,0,0.05754,-0.01894,-0.06213,0.30726,0,-0.06213,0.30726,0,59.45592,0.3134775,0.00527244,90322.393,79998.219,-10322.393,1.781,True,False,0.48273
320.54,FINE,THRUST,79998.129,28.3203849,0.1413075,-1677.067,0.10355,-85.46052,2285.90419,2278.93478,-6.96941,0,0.05753,-0.01894,-0.06208,0.30823,0,-0.06208,0.30823,0,59.45675,0.3144226,0.00528826,90320.066,79998.235,-10320.066,1.765,True,False,0.47927
320.68,FINE,THRUST,79998.138,28.3212527,0.1412741,-1676.671,0.10271,-85.44612,2285.90277,2278.93476,-6.96801,0,0.05751,-0.01893,-0.06201,0.3092,0,-0.06201,0.3092,0,59.45758,0.3153561,0.00530388,90317.72,79998.248,-10317.72,1.752,True,False,0.47294
320.82,FINE,THRUST,79998.151,28.3221231,0.1412407,-1676.273,0.10189,-85.43159,2285.90135,2278.93475,-6.96661,0,0.0575,-0.01893,-0.06193,0.31016,0,-0.06193,0.31016,0,59.45842,0.3162781,0.00531932,90315.364,79998.259,-10315.364,1.741,True,False,0.46319
320.96,FINE,THRUST,79998.167,28.3229959,0.1412071,-1675.875,0.10108,-85.41695,2285.89993,2278.93472,-6.96521,0,0.05749,-0.01893,-0.06188,0.3111,0,-0.06188,0.3111,0,59.45925,0.3171953,0.00533467,90313.006,79998.274,-10313.006,1.726,True,False,0.44368
321.1,FINE,THRUST,79998.181,28.3238712,0.1411734,-1675.476,0.10028,-85.40219,2285.89851,2278.9347,-6.96382,0,0.05747,-0.01892,-0.06184,0.31203,0,-0.06184,0.31203,0,59.4601,0.3181033,0.00534986,90310.659,79998.29,-10310.659,1.71,True,False,0.41911
321.24,FINE,THRUST,79998.196,28.3247488,0.1411397,-1675.075,0.0995,-85.38732,2285.89712,2278.93467,-6.96245,0,0.05746,-0.01892,-0.0618,0.31296,0,-0.0618,0.31296,0,59.46094,0.3190024,0.00536491,90308.33,79998.305,-10308.33,1.695,True,False,0.39038
321.38,FINE,THRUST,79998.211,28.3256289,0.1411058,-1674.673,0.09873,-85.37232,2285.89575,2278.93465,-6.9611,0,0.05745,-0.01891,-0.06175,0.31388,0,-0.06175,0.31388,0,59.46178,0.3198925,0.0053798,90306.028,79998.32,-10306.028,1.68,True,False,0.3586
321.52,FINE,THRUST,79998.225,28.3265114,0.1410718,-1674.269,0.09797,-85.35722,2285.89442,2278.93462,-6.95979,0,0.05744,-0.01891,-0.06171,0.31478,0,-0.06171,0.31478,0,59.46263,0.3207738,0.00539454,90303.76,79998.335,-10303.76,1.665,True,False,0.32521
321.66,FINE,THRUST,79998.24,28.3273962,0.1410377,-1673.865,0.09723,-85.342,2285.89312,2278.9346,-6.95852,0,0.05742,-0.0189,-0.06168,0.31568,0,-0.06168,0.31568,0,59.46348,0.3216464,0.00540914,90301.531,79998.35,-10301.531,1.65,True,False,0.29185
321.8,FINE,THRUST,79998.254,28.3282833,0.1410035,-1673.459,0.0965,-85.32666,2285.89186,2278.93457,-6.95728,0,0.05741,-0.0189,-0.06164,0.31657,0,-0.06164,0.31657,0,59.46434,0.3225104,0.00542359,90299.343,79998.365,-10299.343,1.635,True,False,0.26048
321.94,FINE,THRUST,79998.268,28.3291728,0.1409692,-1673.052,0.09578,-85.31122,2285.89064,2278.93455,-6.95609,0,0.0574,-0.01889,-0.0616,0.31744,0,-0.0616,0.31744,0,59.46519,0.323366,0.0054379,90297.201,79998.379,-10297.201,1.621,True,False,0.23325
322.08,FINE,THRUST,79998.282,28.3300645,0.1409348,-1672.644,0.09508,-85.29567,2285.88946,2278.93453,-6.95493,0,0.05739,-0.01889,-0.06157,0.31831,0,-0.06157,0.31831,0,59.46605,0.3242131,0.00545207,90295.103,79998.394,-10295.103,1.606,True,False,0.21234
322.22,FINE,THRUST,79998.296,28.3309584,0.1409003,-1672.235,0.09439,-85.28001,2285.88832,2278.9345,-6.95382,0,0.05738,-0.01889,-0.06154,0.31917,0,-0.06154,0.31917,0,59.46691,0.325052,0.0054661,90293.051,79998.408,-10293.051,1.592,True,False,0.19944
322.36,FINE,THRUST,79998.31,28.3318545,0.1408658,-1671.824,0.0937,-85.26425,2285.88723,2278.93448,-6.95275,0,0.05736,-0.01888,-0.0615,0.32003,0,-0.0615,0.32003,0,59.46777,0.3258828,0.00547999,90291.042,79998.422,-10291.042,1.578,True,False,0.19505
322.5,FINE,THRUST,79998.324,28.3327529,0.1408311,-1671.413,0.09303,-85.24838,2285.88617,2278.93446,-6.95171,0,0.05735,-0.01888,-0.06147,0.32087,0,-0.06147,0.32087,0,59.46863,0.3267055,0.00549375,90289.075,79998.436,-10289.075,1.564,True,False,0.19806
322.64,FINE,THRUST,79998.337,28.3336533,0.1407963,-1671,0.09237,-85.2324,2285.88514,2278.93443,-6.95071,0,0.05734,-0.01887,-0.06144,0.32171,0,-0.06144,0.32171,0,59.4695,0.3275203,0.00550737,90287.145,79998.45,-10287.145,1.55,True,False,0.20616
322.78,FINE,THRUST,79998.351,28.3345559,0.1407614,-1670.586,0.09172,-85.21633,2285.88415,2278.93441,-6.94974,0,0.05733,-0.01887,-0.06142,0.32253,0,-0.06142,0.32253,0,59.47037,0.3283272,0.00552085,90285.249,79998.464,-10285.249,1.536,True,False,0.21672
322.92,FINE,THRUST,79998.364,28.3354606,0.1407264,-1670.171,0.09107,-85.20015,2285.88319,2278.93439,-6.9488,0,0.05732,-0.01886,-0.06139,0.32335,0,-0.06139,0.32335,0,59.47123,0.3291264,0.00553421,90283.382,79998.478,-10283.382,1.522,True,False,0.22747
323.06,FINE,THRUST,79998.377,28.3363673,0.1406914,-1669.755,0.09044,-85.18388,2285.88224,2278.93437,-6.94788,0,0.05731,-0.01886,-0.06136,0.32416,0,-0.06136,0.32416,0,59.47211,0.3299179,0.00554744,90281.538,79998.491,-10281.538,1.509,True,False,0.23673
323.2,FINE,THRUST,79998.391,28.3372761,0.1406562,-1669.338,0.08981,-85.1675,2285.88132,2278.93434,-6.94698,0,0.0573,-0.01885,-0.06134,0.32496,0,-0.06134,0.32496,0,59.47298,0.3307019,0.00556054,90279.711,79998.505,-10279.711,1.495,True,False,0.24335
323.34,FINE,THRUST,79998.404,28.3381869,0.140621,-1668.919,0.0892,-85.15103,2285.88041,2278.93432,-6.94609,0,0.05729,-0.01885,-0.06131,0.32576,0,-0.06131,0.32576,0,59.47386,0.3314783,0.00557351,90277.896,79998.518,-10277.896,1.482,True,False,0.2466
323.48,FINE,THRUST,79998.417,28.3390996,0.1405856,-1668.5,0.08859,-85.13446,2285.87951,2278.9343,-6.94521,0,0.05728,-0.01884,-0.06129,0.32655,0,-0.06129,0.32655,0,59.47474,0.3322473,0.00558636,90276.087,79998.531,-10276.087,1.469,True,False,0.24617
323.62,FINE,THRUST,79998.43,28.3400143,0.1405502,-1668.08,0.08799,-85.1178,2285.87861,2278.93428,-6.94433,0,0.05727,-0.01884,-0.06126,0.32733,0,-0.06126,0.32733,0,59.47562,0.333009,0.00559908,90274.277,79998.545,-10274.277,1.455,True,False,0.24198
323.76,FINE,THRUST,79998.442,28.3409308,0.1405147,-1667.658,0.08739,-85.10104,2285.87771,2278.93426,-6.94345,0,0.05726,-0.01883,-0.06124,0.3281,0,-0.06124,0.3281,0,59.47651,0.3337635,0.00561169,90272.461,79998.558,-10272.461,1.442,True,False,0.23409
323.9,FINE,THRUST,79998.455,28.3418493,0.1404791,-1667.236,0.08681,-85.08419,2285.8768,2278.93424,-6.94257,0,0.05725,-0.01883,-0.06122,0.32886,0,-0.06122,0.32886,0,59.47739,0.3345108,0.00562417,90270.633,79998.571,-10270.633,1.429,True,False,0.22281
324.04,FINE,THRUST,79998.468,28.3427697,0.1404434,-1666.812,0.08623,-85.06724,2285.87589,2278.93422,-6.94167,0,0.05724,-0.01882,-0.0612,0.32962,0,-0.0612,0.32962,0,59.47828,0.335251,0.00563653,90268.789,79998.584,-10268.789,1.416,True,False,0.20848
324.18,FINE,THRUST,79998.48,28.3436918,0.1404076,-1666.388,0.08566,-85.05021,2285.87496,2278.93419,-6.94076,0,0.05723,-0.01882,-0.06117,0.33037,0,-0.06117,0.33037,0,59.47917,0.3359842,0.00564877,90266.924,79998.596,-10266.924,1.404,True,False,0.19156
324.32,FINE,THRUST,79998.493,28.3446158,0.1403718,-1665.962,0.08509,-85.03308,2285.87401,2278.93417,-6.93984,0,0.05722,-0.01882,-0.06115,0.33111,0,-0.06115,0.33111,0,59.48006,0.3367104,0.0056609,90265.036,79998.609,-10265.036,1.391,True,False,0.17257
324.46,FINE,THRUST,79998.505,28.3455416,0.1403358,-1665.536,0.08453,-85.01587,2285.87305,2278.93415,-6.93889,0,0.05721,-0.01881,-0.06113,0.33185,0,-0.06113,0.33185,0,59.48095,0.3374299,0.00567291,90263.121,79998.622,-10263.121,1.378,True,False,0.15212
324.6,FINE,THRUST,79998.517,28.3464692,0.1402998,-1665.108,0.08398,-84.99857,2285.87206,2278.93413,-6.93793,0,0.0572,-0.01881,-0.06111,0.33257,0,-0.06111,0.33257,0,59.48185,0.3381425,0.0056848,90261.177,79998.634,-10261.177,1.366,True,False,0.13072
324.74,FINE,THRUST,79998.529,28.3473984,0.1402637,-1664.68,0.08343,-84.98118,2285.87106,2278.93411,-6.93694,0,0.05719,-0.0188,-0.06109,0.3333,0,-0.06109,0.3333,0,59.48274,0.3388485,0.00569659,90259.203,79998.647,-10259.203,1.353,True,False,0.10904
324.88,FINE,THRUST,79998.541,28.3483294,0.1402275,-1664.25,0.08289,-84.96371,2285.87003,2278.93409,-6.93594,0,0.05718,-0.0188,-0.06107,0.33401,0,-0.06107,0.33401,0,59.48364,0.3395479,0.00570826,90257.198,79998.659,-10257.198,1.341,True,False,0.08781
325.02,FINE,THRUST,79998.553,28.3492621,0.1401913,-1663.82,0.08235,-84.94615,2285.86898,2278.93407,-6.93491,0,0.05717,-0.01879,-0.06105,0.33472,0,-0.06105,0.33472,0,59.48454,0.3402408,0.00571982,90255.163,79998.671,-10255.163,1.329,True,False,0.06785
325.16,FINE,THRUST,79998.565,28.3501965,0.1401549,-1663.389,0.08182,-84.92851,2285.8679,2278.93405,-6.93385,0,0.05715,-0.01879,-0.06103,0.33542,0,-0.06103,0.33542,0,59.48544,0.3409272,0.00573127,90253.097,79998.683,-10253.097,1.317,True,False,0.05043
325.3,FINE,THRUST,79998.577,28.3511325,0.1401185,-1662.956,0.08129,-84.91078,2285.86681,2278.93403,-6.93278,0,0.05714,-0.01878,-0.06101,0.33612,0,-0.06101,0.33612,0,59.48635,0.3416073,0.00574262,90251.001,79998.695,-10251.001,1.305,True,False,0.03784
325.44,FINE,THRUST,79998.589,28.3520702,0.140082,-1662.523,0.08077,-84.89298,2285.8657,2278.93401,-6.93169,0,0.05713,-0.01878,-0.06099,0.3368,0,-0.06099,0.3368,0,59.48726,0.3422811,0.00575386,90248.878,79998.707,-10248.878,1.293,True,False,0.0333
325.58,FINE,THRUST,79998.6,28.3530095,0.1400454,-1662.089,0.08025,-84.87509,2285.86457,2278.93399,-6.93057,0,0.05712,-0.01877,-0.06097,0.33749,0,-0.06097,0.33749,0,59.48816,0.3429488,0.00576499,90246.73,79998.719,-10246.73,1.281,True,False,0.03719
325.72,FINE,THRUST,79998.612,28.3539504,0.1400088,-1661.654,0.07973,-84.85712,2285.86342,2278.93397,-6.92945,0,0.05711,-0.01877,-0.06095,0.33816,0,-0.06095,0.33816,0,59.48907,0.3436103,0.00577602,90244.558,79998.731,-10244.558,1.269,True,False,0.04527
325.86,FINE,THRUST,79998.623,28.3548928,0.139972,-1661.218,0.07922,-84.83907,2285.86226,2278.93395,-6.9283,0,0.05709,-0.01876,-0.06093,0.33883,0,-0.06093,0.33883,0,59.48998,0.3442657,0.00578695,90242.366,79998.743,-10242.366,1.257,True,False,0.05391
326,FINE,THRUST,79998.635,28.3558368,0.1399352,-1660.781,0.07872,-84.82095,2285.86108,2278.93393,-6.92715,0,0.05708,-0.01876,-0.06091,0.33949,0,-0.06091,0.33949,0,59.49089,0.3449152,0.00579778,90240.156,79998.755,-10240.156,1.245,True,False,0.06146
326.14,FINE,THRUST,79998.646,28.3567824,0.1398984,-1660.344,0.07821,-84.80275,2285.8599,2278.93392,-6.92599,0,0.05707,-0.01875,-0.06089,0.34015,0,-0.06089,0.34015,0,59.49181,0.3455589,0.00580851,90237.932,79998.766,-10237.932,1.234,True,False,0.06721
326.28,FINE,THRUST,79998.657,28.3577295,0.1398614,-1659.905,0.07771,-84.78447,2285.85871,2278.9339,-6.92482,0,0.05706,-0.01875,-0.06087,0.3408,0,-0.06087,0.3408,0,59.49272,0.3461967,0.00581914,90235.696,79998.778,-10235.696,1.222,True,False,0.07087
326.42,FINE,THRUST,79998.668,28.3586781,0.1398244,-1659.466,0.07722,-84.76611,2285.85752,2278.93388,-6.92364,0,0.05704,-0.01874,-0.06085,0.34145,0,-0.06085,0.34145,0,59.49365,0.3468288,0.00582968,90233.452,79998.789,-10233.452,1.211,True,False,0.07241
326.56,FINE,THRUST,79998.679,28.3596282,0.1397873,-1659.026,0.07672,-84.74768,2285.85633,2278.93386,-6.92247,0,0.05703,-0.01874,-0.06083,0.34209,0,-0.06083,0.34209,0,59.49457,0.3474552,0.00584012,90231.202,79998.8,-10231.202,1.2,True,False,0.07181
326.7,FINE,THRUST,79998.691,28.3605798,0.1397501,-1658.585,0.07623,-84.72918,2285.85513,2278.93384,-6.92129,0,0.05702,-0.01873,-0.06081,0.34272,0,-0.06081,0.34272,0,59.49549,0.3480761,0.00585046,90228.95,79998.812,-10228.95,1.188,True,False,0.06924
326.84,FINE,THRUST,79998.701,28.3615329,0.1397129,-1658.143,0.07575,-84.7106,2285.85394,2278.93382,-6.92012,0,0.05701,-0.01873,-0.06079,0.34335,0,-0.06079,0.34335,0,59.49641,0.3486914,0.00586071,90226.698,79998.823,-10226.698,1.177,True,False,-0.06483
326.98,FINE,THRUST,79998.712,28.3624874,0.1396756,-1657.7,0.07527,-84.69195,2285.85276,2278.9338,-6.91895,0,0.05699,-0.01872,-0.06077,0.34397,0,-0.06077,0.34397,0,59.49733,0.3493012,0.00587087,90224.449,79998.834,-10224.449,1.166,True,False,-0.05884
327.12,FINE,THRUST,79998.723,28.3634433,0.1396382,-1657.256,0.07479,-84.67323,2285.85158,2278.93379,-6.91779,0,0.05698,-0.01872,-0.06075,0.34459,0,-0.06075,0.34459,0,59.49826,0.3499057,0.00588094,90222.204,79998.845,-10222.204,1.155,True,False,-0.05158
327.26,FINE,THRUST,79998.734,28.3644007,0.1396007,-1656.812,0.07431,-84.65444,2285.85041,2278.93377,-6.91664,0,0.05697,-0.01871,-0.06073,0.3452,0,-0.06073,0.3452,0,59.49919,0.3505049,0.00589092,90219.966,79998.856,-10219.966,1.144,True,False,-0.04339
327.4,FINE,THRUST,79998.744,28.3653594,0.1395632,-1656.367,0.07384,-84.63558,2285.84925,2278.93375,-6.9155,0,0.05696,-0.01871,-0.06071,0.34581,0,-0.06071,0.34581,0,59.50012,0.3510988,0.00590081,90217.737,79998.867,-10217.737,1.133,True,False,-0.03475
327.54,FINE,THRUST,79998.755,28.3663195,0.1395257,-1655.921,0.07337,-84.61664,2285.84809,2278.93373,-6.91436,0,0.05695,-0.0187,-0.06069,0.34641,0,-0.06069,0.34641,0,59.50105,0.3516875,0.00591061,90215.515,79998.878,-10215.515,1.122,True,False,-0.02626
327.68,FINE,THRUST,79998.766,28.367281,0.139488,-1655.474,0.0729,-84.59764,2285.84695,2278.93371,-6.91324,0,0.05693,-0.0187,-0.06067,0.34701,0,-0.06067,0.34701,0,59.50199,0.3522711,0.00592033,90213.304,79998.888,-10213.304,1.112,True,False,-0.01943
327.82,FINE,THRUST,79998.776,28.3682439,0.1394503,-1655.026,0.07243,-84.57858,2285.84582,2278.9337,-6.91213,0,0.05692,-0.01869,-0.06065,0.3476,0,-0.06065,0.3476,0,59.50292,0.3528497,0.00592996,90211.104,79998.899,-10211.104,1.101,True,False,-0.01706
327.96,FINE,THRUST,79998.786,28.3692081,0.1394125,-1654.578,0.07197,-84.55944,2285.8447,2278.93368,-6.91102,0,0.05691,-0.01869,-0.06063,0.34818,0,-0.06063,0.34818,0,59.50385,0.3534233,0.0059395,90208.914,79998.91,-10208.914,1.09,True,False,-0.0207
328.1,FINE,THRUST,79998.797,28.3701736,0.1393747,-1654.129,0.07151,-84.54024,2285.8436,2278.93366,-6.90993,0,0.0569,-0.01868,-0.06061,0.34876,0,-0.06061,0.34876,0,59.50479,0.353992,0.00594897,90206.734,79998.92,-10206.734,1.08,True,False,-0.02767
328.24,FINE,THRUST,79998.807,28.3711404,0.1393368,-1653.679,0.07105,-84.52097,2285.8425,2278.93364,-6.90885,0,0.05688,-0.01868,-0.06059,0.34934,0,-0.06059,0.34934,0,59.50573,0.3545558,0.00595835,90204.563,79998.931,-10204.563,1.069,True,False,-0.03557
328.38,FINE,THRUST,79998.817,28.3721085,0.1392988,-1653.229,0.0706,-84.50164,2285.84141,2278.93363,-6.90778,0,0.05687,-0.01867,-0.06057,0.34991,0,-0.06057,0.34991,0,59.50667,0.3551148,0.00596765,90202.402,79998.941,-10202.402,1.059,True,False,-0.04333
328.52,FINE,THRUST,79998.827,28.3730779,0.1392608,-1652.777,0.07015,-84.48224,2285.84033,2278.93361,-6.90672,0,0.05686,-0.01867,-0.06055,0.35048,0,-0.06055,0.35048,0,59.50762,0.355669,0.00597687,90200.249,79998.951,-10200.249,1.049,True,False,-0.05044
328.66,FINE,THRUST,79998.837,28.3740485,0.1392227,-1652.325,0.0697,-84.46278,2285.83926,2278.93359,-6.90566,0,0.05685,-0.01866,-0.06053,0.35104,0,-0.06053,0.35104,0,59.50856,0.3562186,0.00598601,90198.101,79998.962,-10198.101,1.038,True,False,-0.05665
328.8,FINE,THRUST,79998.847,28.3750204,0.1391845,-1651.872,0.06925,-84.44326,2285.83819,2278.93358,-6.90462,0,0.05684,-0.01866,-0.06051,0.35159,0,-0.06051,0.35159,0,59.50951,0.3567636,0.00599507,90195.959,79998.972,-10195.959,1.028,True,False,-0.06184
328.94,FINE,THRUST,79998.857,28.3759935,0.1391463,-1651.419,0.0688,-84.42368,2285.83713,2278.93356,-6.90357,0,0.05682,-0.01865,-0.06049,0.35215,0,-0.06049,0.35215,0,59.51045,0.357304,0.00600405,90193.821,79998.982,-10193.821,1.018,True,False,-0.06591
329.08,FINE,THRUST,79998.867,28.3769678,0.139108,-1650.964,0.06836,-84.40403,2285.83608,2278.93354,-6.90253,0,0.05681,-0.01865,-0.06047,0.35269,0,-0.06047,0.35269,0,59.5114,0.3578399,0.00601296,90191.685,79998.992,-10191.685,1.008,True,False,-0.06884
329.22,FINE,THRUST,79998.877,28.3779433,0.1390697,-1650.509,0.06792,-84.38432,2285.83502,2278.93353,-6.9015,0,0.0568,-0.01864,-0.06045,0.35324,0,-0.06045,0.35324,0,59.51235,0.3583713,0.0060218,90189.549,79999.002,-10189.549,0.998,True,False,-0.07063
329.36,FINE,THRUST,79998.886,28.3789199,0.1390313,-1650.054,0.06747,-84.36456,2285.83397,2278.93351,-6.90046,0,0.05679,-0.01864,-0.06043,0.35377,0,-0.06043,0.35377,0,59.5133,0.3588983,0.00603056,90187.412,79999.012,-10187.412,0.988,True,False,-0.07131
329.5,FINE,THRUST,79998.896,28.3798978,0.1389928,-1649.597,0.06704,-84.34473,2285.83292,2278.9335,-6.89942,0,0.05678,-0.01863,-0.06041,0.35431,0,-0.06041,0.35431,0,59.51426,0.359421,0.00603924,90185.273,79999.022,-10185.273,0.978,True,False,-0.07095
329.64,FINE,THRUST,79998.905,28.3808768,0.1389543,-1649.14,0.0666,-84.32484,2285.83187,2278.93348,-6.89839,0,0.05677,-0.01863,-0.06039,0.35484,0,-0.06039,0.35484,0,59.51521,0.3599394,0.00604786,90183.129,79999.032,-10183.129,0.968,True,False,-0.06966
329.78,FINE,THRUST,79998.915,28.3818569,0.1389157,-1648.682,0.06616,-84.3049,2285.83081,2278.93346,-6.89735,0,0.05675,-0.01862,-0.06037,0.35536,0,-0.06037,0.35536,0,59.51616,0.3604536,0.0060564,90180.981,79999.041,-10180.981,0.959,True,False,-0.06756
329.92,FINE,THRUST,79998.924,28.3828381,0.1388771,-1648.224,0.06573,-84.2849,2285.82975,2278.93345,-6.8963,0,0.05674,-0.01862,-0.06035,0.35588,0,-0.06035,0.35588,0,59.51712,0.3609636,0.00606487,90178.826,79999.051,-10178.826,0.949,True,False,-0.06478
330.06,FINE,THRUST,79998.934,28.3838205,0.1388384,-1647.765,0.0653,-84.26484,2285.82869,2278.93343,-6.89526,0,0.05673,-0.01861,-0.06033,0.3564,0,-0.06033,0.3564,0,59.51808,0.3614695,0.00607327,90176.663,79999.06,-10176.663,0.94,True,False,-0.06148
330.2,FINE,THRUST,79998.943,28.3848039,0.1387997,-1647.305,0.06487,-84.24472,2285.82762,2278.93342,-6.89421,0,0.05672,-0.01861,-0.06031,0.35691,0,-0.06031,0.35691,0,59.51904,0.3619713,0.0060816,90174.492,79999.07,-10174.492,0.93,True,False,-0.05793
330.34,FINE,THRUST,79998.952,28.3857884,0.1387609,-1646.844,0.06444,-84.22455,2285.82655,2278.9334,-6.89315,0,0.05671,-0.0186,-0.06028,0.35742,0,-0.06028,0.35742,0,59.52,0.362469,0.00608987,90172.312,79999.079,-10172.312,0.921,True,False,-0.05417
330.48,FINE,THRUST,79998.961,28.386774,0.138722,-1646.383,0.06401,-84.20433,2285.82547,2278.93339,-6.89209,0,0.05669,-0.0186,-0.06026,0.35793,0,-0.06026,0.35793,0,59.52096,0.3629628,0.00609807,90170.124,79999.089,-10170.124,0.911,True,False,-0.05033
330.62,FINE,THRUST,79998.971,28.3877606,0.1386831,-1645.921,0.06358,-84.18404,2285.82439,2278.93337,-6.89102,0,0.05668,-0.01859,-0.06024,0.35843,0,-0.06024,0.35843,0,59.52193,0.3634526,0.0061062,90167.927,79999.098,-10167.927,0.902,True,False,-0.04656
330.76,FINE,THRUST,79998.98,28.3887483,0.1386441,-1645.459,0.06316,-84.16371,2285.8233,2278.93335,-6.88994,0,0.05667,-0.01859,-0.06022,0.35892,0,-0.06022,0.35892,0,59.52289,0.3639386,0.00611426,90165.72,79999.107,-10165.72,0.893,True,False,-0.04311
330.9,FINE,THRUST,79998.989,28.389737,0.1386051,-1644.996,0.06273,-84.14332,2285.8222,2278.93334,-6.88886,0,0.05666,-0.01858,-0.0602,0.35941,0,-0.0602,0.35941,0,59.52385,0.3644208,0.00612226,90163.503,79999.117,-10163.503,0.883,True,False,-0.04015
331.04,FINE,THRUST,79998.998,28.3907268,0.138566,-1644.532,0.06231,-84.12288,2285.8211,2278.93332,-6.88778,0,0.05664,-0.01858,-0.06017,0.3599,0,-0.06017,0.3599,0,59.52482,0.3648991,0.0061302,90161.276,79999.126,-10161.276,0.874,True,False,-0.03777
331.18,FINE,THRUST,79999.006,28.3917175,0.1385269,-1644.068,0.06189,-84.10238,2285.82,2278.93331,-6.88669,0,0.05663,-0.01857,-0.06015,0.36039,0,-0.06015,0.36039,0,59.52579,0.3653738,0.00613808,90159.041,79999.135,-10159.041,0.865,True,False,-0.03602
331.32,FINE,THRUST,79999.015,28.3927092,0.1384877,-1643.603,0.06147,-84.08183,2285.81888,2278.93329,-6.88559,0,0.05662,-0.01856,-0.06013,0.36087,0,-0.06013,0.36087,0,59.52676,0.3658447,0.00614589,90156.797,79999.144,-10156.797,0.856,True,False,-0.03488
331.46,FINE,THRUST,79999.024,28.3937019,0.1384485,-1643.137,0.06105,-84.06124,2285.81777,2278.93328,-6.88449,0,0.05661,-0.01856,-0.0601,0.36135,0,-0.0601,0.36135,0,59.52773,0.3663121,0.00615364,90154.545,79999.153,-10154.545,0.847,True,False,-0.03424
331.6,FINE,THRUST,79999.033,28.3946956,0.1384092,-1642.671,0.06063,-84.04059,2285.81665,2278.93327,-6.88338,0,0.05659,-0.01855,-0.06008,0.36182,0,-0.06008,0.36182,0,59.5287,0.3667758,0.00616133,90152.285,79999.162,-10152.285,0.838,True,False,-0.03399
331.74,FINE,THRUST,79999.041,28.3956903,0.1383698,-1642.204,0.06022,-84.01989,2285.81552,2278.93325,-6.88227,0,0.05658,-0.01855,-0.06006,0.36229,0,-0.06006,0.36229,0,59.52968,0.367236,0.00616896,90150.02,79999.17,-10150.02,0.83,True,False,-0.03394
331.88,FINE,THRUST,79999.05,28.3966859,0.1383305,-1641.737,0.0598,-83.99914,2285.81439,2278.93324,-6.88116,0,0.05657,-0.01854,-0.06003,0.36276,0,-0.06003,0.36276,0,59.53065,0.3676927,0.00617653,90147.748,79999.179,-10147.748,0.821,True,False,-0.034
332.02,FINE,THRUST,79999.058,28.3976824,0.138291,-1641.269,0.05939,-83.97834,2285.81326,2278.93322,-6.88004,0,0.05656,-0.01854,-0.06001,0.36322,0,-0.06001,0.36322,0,59.53163,0.3681459,0.00618404,90145.471,79999.188,-10145.471,0.812,True,False,-0.03404
332.16,FINE,THRUST,79999.067,28.3986799,0.1382515,-1640.8,0.05897,-83.95749,2285.81213,2278.93321,-6.87892,0,0.05654,-0.01853,-0.05998,0.36368,0,-0.05998,0.36368,0,59.53261,0.3685958,0.00619149,90143.191,79999.196,-10143.191,0.804,True,False,-0.034
332.3,FINE,THRUST,79999.075,28.3996782,0.138212,-1640.331,0.05856,-83.93659,2285.811,2278.93319,-6.87781,0,0.05653,-0.01853,-0.05996,0.36414,0,-0.05996,0.36414,0,59.53358,0.3690423,0.00619889,90140.907,79999.205,-10140.907,0.795,True,False,-0.03383
332.44,FINE,THRUST,79999.083,28.4006775,0.1381724,-1639.861,0.05815,-83.91565,2285.80987,2278.93318,-6.87669,0,0.05652,-0.01852,-0.05993,0.36459,0,-0.05993,0.36459,0,59.53457,0.3694854,0.00620623,90138.62,79999.214,-10138.62,0.786,True,False,-0.03355
332.58,FINE,THRUST,79999.092,28.4016777,0.1381328,-1639.39,0.05775,-83.89465,2285.80873,2278.93317,-6.87557,0,0.05651,-0.01852,-0.05991,0.36504,0,-0.05991,0.36504,0,59.53554,0.3699253,0.00621352,90136.332,79999.222,-10136.332,0.778,True,False,-0.03316
332.72,FINE,THRUST,79999.1,28.4026788,0.1380931,-1638.919,0.05734,-83.87361,2285.8076,2278.93315,-6.87445,0,0.05649,-0.01851,-0.05988,0.36549,0,-0.05988,0.36549,0,59.53653,0.370362,0.00622075,90134.042,79999.23,-10134.042,0.77,True,False,-0.0327
332.86,FINE,THRUST,79999.108,28.4036808,0.1380533,-1638.448,0.05693,-83.85253,2285.80647,2278.93314,-6.87333,0,0.05648,-0.01851,-0.05986,0.36593,0,-0.05986,0.36593,0,59.53751,0.3707955,0.00622793,90131.752,79999.239,-10131.752,0.761,True,False,-0.03219
333,FINE,THRUST,79999.116,28.4046836,0.1380135,-1637.976,0.05653,-83.83139,2285.80534,2278.93313,-6.87222,0,0.05647,-0.0185,-0.05983,0.36637,0,-0.05983,0.36637,0,59.5385,0.3712258,0.00623505,90129.463,79999.247,-10129.463,0.753,True,False,-0.03171
333.14,FINE,THRUST,79999.124,28.4056873,0.1379737,-1637.503,0.05613,-83.81021,2285.80422,2278.93311,-6.87111,0,0.05645,-0.0185,-0.05981,0.36681,0,-0.05981,0.36681,0,59.53948,0.371653,0.00624213,90127.174,79999.255,-10127.174,0.745,True,False,-0.03128
333.28,FINE,THRUST,79999.132,28.4066919,0.1379338,-1637.03,0.05573,-83.78899,2285.80309,2278.9331,-6.86999,0,0.05644,-0.01849,-0.05978,0.36724,0,-0.05978,0.36724,0,59.54047,0.3720772,0.00624915,90124.885,79999.263,-10124.885,0.737,True,False,-0.03095
333.42,FINE,THRUST,79999.14,28.4076973,0.1378939,-1636.556,0.05533,-83.76772,2285.80197,2278.93308,-6.86888,0,0.05643,-0.01849,-0.05976,0.36767,0,-0.05976,0.36767,0,59.54145,0.3724983,0.00625612,90122.596,79999.271,-10122.596,0.729,True,False,-0.03073
333.56,FINE,THRUST,79999.148,28.4087035,0.1378539,-1636.081,0.05493,-83.7464,2285.80085,2278.93307,-6.86778,0,0.05642,-0.01848,-0.05973,0.3681,0,-0.05973,0.3681,0,59.54245,0.3729164,0.00626303,90120.307,79999.279,-10120.307,0.721,True,False,-0.03069
333.7,FINE,THRUST,79999.156,28.4097106,0.1378139,-1635.606,0.05453,-83.72505,2285.79973,2278.93306,-6.86667,0,0.0564,-0.01847,-0.0597,0.36853,0,-0.0597,0.36853,0,59.54344,0.3733316,0.0062699,90118.019,79999.287,-10118.019,0.713,True,False,-0.03084
333.84,FINE,THRUST,79999.164,28.4107185,0.1377738,-1635.131,0.05414,-83.70364,2285.79861,2278.93305,-6.86556,0,0.05639,-0.01847,-0.05968,0.36895,0,-0.05968,0.36895,0,59.54443,0.3737439,0.00627672,90115.731,79999.295,-10115.731,0.705,True,False,-0.03122
333.98,FINE,THRUST,79999.171,28.4117271,0.1377337,-1634.655,0.05375,-83.6822,2285.7975,2278.93303,-6.86446,0,0.05638,-0.01846,-0.05965,0.36937,0,-0.05965,0.36937,0,59.54542,0.3741533,0.00628349,90113.446,79999.303,-10113.446,0.697,True,False,-0.03172
334.12,FINE,THRUST,79999.179,28.4127366,0.1376936,-1634.178,0.05336,-83.66071,2285.79638,2278.93302,-6.86336,0,0.05637,-0.01846,-0.05963,0.36978,0,-0.05963,0.36978,0,59.54642,0.3745599,0.00629022,90111.162,79999.311,-10111.162,0.689,True,False,-0.03233
334.26,FINE,THRUST,79999.186,28.4137469,0.1376534,-1633.701,0.05297,-83.63918,2285.79528,2278.93301,-6.86227,0,0.05635,-0.01845,-0.0596,0.3702,0,-0.0596,0.3702,0,59.54741,0.3749637,0.00629689,90108.88,79999.319,-10108.88,0.681,True,False,-0.033
334.4,FINE,THRUST,79999.194,28.4147579,0.1376131,-1633.223,0.05258,-83.61761,2285.79417,2278.93299,-6.86117,0,0.05634,-0.01845,-0.05957,0.37061,0,-0.05957,0.37061,0,59.5484,0.3753647,0.00630352,90106.599,79999.326,-10106.599,0.674,True,False,-0.03364
334.54,FINE,THRUST,79999.201,28.4157697,0.1375728,-1632.745,0.05219,-83.59599,2285.79306,2278.93298,-6.86008,0,0.05633,-0.01844,-0.05955,0.37101,0,-0.05955,0.37101,0,59.5494,0.375763,0.00631011,90104.318,79999.334,-10104.318,0.666,True,False,-0.03415
334.68,FINE,THRUST,79999.209,28.4167823,0.1375325,-1632.266,0.05181,-83.57434,2285.79196,2278.93297,-6.85899,0,0.05631,-0.01844,-0.05952,0.37142,0,-0.05952,0.37142,0,59.5504,0.3761586,0.00631664,90102.037,79999.341,-10102.037,0.659,True,False,-0.03454
334.82,FINE,THRUST,79999.216,28.4177956,0.1374921,-1631.787,0.05143,-83.55264,2285.79086,2278.93296,-6.8579,0,0.0563,-0.01843,-0.05949,0.37182,0,-0.05949,0.37182,0,59.5514,0.3765515,0.00632313,90099.756,79999.349,-10099.756,0.651,True,False,-0.03479
334.96,FINE,THRUST,79999.223,28.4188097,0.1374517,-1631.308,0.05105,-83.5309,2285.78976,2278.93294,-6.85681,0,0.05629,-0.01843,-0.05947,0.37222,0,-0.05947,0.37222,0,59.5524,0.3769418,0.00632958,90097.474,79999.356,-10097.474,0.644,True,False,-0.03486
335.1,FINE,THRUST,79999.231,28.4198245,0.1374112,-1630.827,0.05067,-83.50913,2285.78866,2278.93293,-6.85572,0,0.05628,-0.01842,-0.05944,0.37262,0,-0.05944,0.37262,0,59.5534,0.3773296,0.00633599,90095.191,79999.364,-10095.191,0.636,True,False,-0.03477
335.24,FINE,THRUST,79999.238,28.42084,0.1373707,-1630.347,0.05029,-83.48731,2285.78756,2278.93292,-6.85464,0,0.05626,-0.01842,-0.05941,0.37301,0,-0.05941,0.37301,0,59.5544,0.3777148,0.00634235,90092.907,79999.371,-10092.907,0.629,True,False,-0.03449
335.38,FINE,THRUST,79999.245,28.4218563,0.1373302,-1629.865,0.04992,-83.46545,2285.78646,2278.93291,-6.85355,0,0.05625,-0.01841,-0.05939,0.3734,0,-0.05939,0.3734,0,59.5554,0.3780974,0.00634867,90090.62,79999.378,-10090.62,0.622,True,False,-0.03405
335.52,FINE,THRUST,79999.252,28.4228732,0.1372896,-1629.383,0.04954,-83.44356,2285.78535,2278.9329,-6.85246,0,0.05624,-0.0184,-0.05936,0.37379,0,-0.05936,0.37379,0,59.55641,0.3784776,0.00635494,90088.331,79999.385,-10088.331,0.615,True,False,-0.03356
335.66,FINE,THRUST,79999.259,28.4238909,0.1372489,-1628.901,0.04917,-83.42162,2285.78425,2278.93288,-6.85137,0,0.05623,-0.0184,-0.05933,0.37418,0,-0.05933,0.37418,0,59.55741,0.3788553,0.00636118,90086.039,79999.393,-10086.039,0.607,True,False,-0.03303
335.8,FINE,THRUST,79999.266,28.4249092,0.1372082,-1628.418,0.0488,-83.39965,2285.78315,2278.93287,-6.85027,0,0.05621,-0.01839,-0.05931,0.37456,0,-0.05931,0.37456,0,59.55842,0.3792306,0.00636737,90083.744,79999.4,-10083.744,0.6,True,False,-0.03243
335.94,FINE,THRUST,79999.273,28.4259283,0.1371675,-1627.935,0.04843,-83.37764,2285.78204,2278.93286,-6.84918,0,0.0562,-0.01839,-0.05928,0.37495,0,-0.05928,0.37495,0,59.55943,0.3796035,0.00637353,90081.448,79999.407,-10081.448,0.593,True,False,-0.03182
336.08,FINE,THRUST,79999.28,28.426948,0.1371268,-1627.451,0.04806,-83.35559,2285.78094,2278.93285,-6.84809,0,0.05619,-0.01838,-0.05925,0.37533,0,-0.05925,0.37533,0,59.56044,0.3799741,0.00637964,90079.149,79999.414,-10079.149,0.586,True,False,-0.03115
336.22,FINE,THRUST,79999.287,28.4279684,0.137086,-1626.967,0.0477,-83.3335,2285.77983,2278.93284,-6.847,0,0.05618,-0.01838,-0.05922,0.3757,0,-0.05922,0.3757,0,59.56145,0.3803423,0.00638571,90076.848,79999.421,-10076.848,0.579,True,False,-0.03046
336.36,FINE,THRUST,79999.293,28.4289894,0.1370451,-1626.482,0.04733,-83.31138,2285.77873,2278.93283,-6.8459,0,0.05616,-0.01837,-0.0592,0.37608,0,-0.0592,0.37608,0,59.56246,0.3807082,0.00639175,90074.544,79999.428,-10074.544,0.572,True,False,-0.0297
336.5,FINE,THRUST,79999.3,28.4300111,0.1370042,-1625.997,0.04697,-83.28922,2285.77762,2278.93282,-6.84481,0,0.05615,-0.01837,-0.05917,0.37645,0,-0.05917,0.37645,0,59.56347,0.3810719,0.00639774,90072.238,79999.434,-10072.238,0.566,True,False,-0.02895
336.64,FINE,THRUST,79999.307,28.4310335,0.1369633,-1625.512,0.04661,-83.26702,2285.77651,2278.9328,-6.84371,0,0.05614,-0.01836,-0.05914,0.37682,0,-0.05914,0.37682,0,59.56448,0.3814333,0.0064037,90069.93,79999.441,-10069.93,0.559,True,False,-0.02819
336.78,FINE,THRUST,79999.313,28.4320565,0.1369223,-1625.025,0.04625,-83.24479,2285.77541,2278.93279,-6.84261,0,0.05612,-0.01836,-0.05911,0.37719,0,-0.05911,0.37719,0,59.5655,0.3817925,0.00640963,90067.619,79999.448,-10067.619,0.552,True,False,-0.02745
336.92,FINE,THRUST,79999.32,28.4330801,0.1368813,-1624.539,0.04589,-83.22252,2285.7743,2278.93278,-6.84151,0,0.05611,-0.01835,-0.05908,0.37755,0,-0.05908,0.37755,0,59.56651,0.3821495,0.00641551,90065.305,79999.454,-10065.305,0.546,True,False,-0.02667
337.06,FINE,THRUST,79999.327,28.4341044,0.1368403,-1624.052,0.04553,-83.20022,2285.77319,2278.93277,-6.84042,0,0.0561,-0.01835,-0.05906,0.37792,0,-0.05906,0.37792,0,59.56753,0.3825044,0.00642136,90062.989,79999.461,-10062.989,0.539,True,False,-0.02591
337.2,FINE,THRUST,79999.333,28.4351293,0.1367992,-1623.564,0.04518,-83.17788,2285.77208,2278.93276,-6.83932,0,0.05609,-0.01834,-0.05903,0.37828,0,-0.05903,0.37828,0,59.56854,0.3828572,0.00642717,90060.67,79999.468,-10060.67,0.532,True,False,-0.02513
337.34,FINE,THRUST,79999.339,28.4361548,0.1367581,-1623.076,0.04483,-83.1555,2285.77096,2278.93275,-6.83821,0,0.05607,-0.01833,-0.059,0.37864,0,-0.059,0.37864,0,59.56956,0.3832079,0.00643295,90058.349,79999.474,-10058.349,0.526,True,False,-0.02433
337.48,FINE,THRUST,79999.346,28.4371809,0.1367169,-1622.588,0.04448,-83.13309,2285.76985,2278.93274,-6.83711,0,0.05606,-0.01833,-0.05897,0.379,0,-0.05897,0.379,0,59.57058,0.3835565,0.00643869,90056.025,79999.481,-10056.025,0.519,True,False,-0.02353
337.62,FINE,THRUST,79999.352,28.4382076,0.1366757,-1622.099,0.04413,-83.11065,2285.76874,2278.93273,-6.83601,0,0.05605,-0.01832,-0.05894,0.37935,0,-0.05894,0.37935,0,59.57159,0.383903,0.0064444,90053.698,79999.487,-10053.698,0.513,True,False,-0.02272
337.76,FINE,THRUST,79999.358,28.4392349,0.1366345,-1621.609,0.04378,-83.08817,2285.76762,2278.93272,-6.8349,0,0.05603,-0.01832,-0.05892,0.3797,0,-0.05892,0.3797,0,59.57261,0.3842476,0.00645007,90051.368,79999.493,-10051.368,0.507,True,False,-0.02191
337.9,FINE,THRUST,79999.365,28.4402628,0.1365932,-1621.12,0.04344,-83.06566,2285.7665,2278.93271,-6.8338,0,0.05602,-0.01831,-0.05889,0.38006,0,-0.05889,0.38006,0,59.57363,0.3845902,0.00645571,90049.035,79999.5,-10049.035,0.5,True,False,-0.02118
338.04,FINE,THRUST,79999.371,28.4412913,0.1365519,-1620.629,0.04309,-83.04312,2285.76538,2278.9327,-6.83269,0,0.05601,-0.01831,-0.05886,0.3804,0,-0.05886,0.3804,0,59.57466,0.3849308,0.00646132,90046.699,79999.506,-10046.699,0.494,True,False,-0.02056
338.18,FINE,THRUST,79999.377,28.4423203,0.1365106,-1620.138,0.04275,-83.02054,2285.76426,2278.93269,-6.83158,0,0.05599,-0.0183,-0.05883,0.38075,0,-0.05883,0.38075,0,59.57568,0.3852694,0.00646689,90044.36,79999.512,-10044.36,0.488,True,False,-0.02007
338.32,FINE,THRUST,79999.383,28.44335,0.1364692,-1619.647,0.04241,-82.99793,2285.76314,2278.93268,-6.83047,0,0.05598,-0.0183,-0.0588,0.3811,0,-0.0588,0.3811,0,59.57671,0.3856062,0.00647243,90042.017,79999.518,-10042.017,0.482,True,False,-0.0197
338.46,FINE,THRUST,79999.389,28.4443802,0.1364278,-1619.156,0.04208,-82.97528,2285.76202,2278.93267,-6.82935,0,0.05597,-0.01829,-0.05877,0.38144,0,-0.05877,0.38144,0,59.57773,0.3859411,0.00647794,90039.67,79999.524,-10039.67,0.476,True,False,-0.01939
338.6,FINE,THRUST,79999.395,28.4454109,0.1363863,-1618.664,0.04174,-82.95261,2285.76089,2278.93266,-6.82824,0,0.05596,-0.01828,-0.05875,0.38178,0,-0.05875,0.38178,0,59.57875,0.3862741,0.00648342,90037.32,79999.53,-10037.32,0.47,True,False,-0.01915
338.74,FINE,THRUST,79999.401,28.4464422,0.1363448,-1618.171,0.04141,-82.9299,2285.75977,2278.93265,-6.82712,0,0.05594,-0.01828,-0.05872,0.38212,0,-0.05872,0.38212,0,59.57978,0.3866054,0.00648887,90034.967,79999.536,-10034.967,0.464,True,False,-0.01897
338.88,FINE,THRUST,79999.407,28.447474,0.1363033,-1617.678,0.04107,-82.90716,2285.75864,2278.93264,-6.826,0,0.05593,-0.01827,-0.05869,0.38246,0,-0.05869,0.38246,0,59.58081,0.3869347,0.00649428,90032.612,79999.542,-10032.612,0.458,True,False,-0.01878
339.02,FINE,THRUST,79999.412,28.4485064,0.1362617,-1617.185,0.04074,-82.88439,2285.75751,2278.93263,-6.82488,0,0.05592,-0.01827,-0.05866,0.38279,0,-0.05866,0.38279,0,59.58184,0.3872624,0.00649967,90030.254,79999.548,-10030.254,0.452,True,False,-0.01864
339.16,FINE,THRUST,79999.418,28.4495393,0.1362201,-1616.691,0.04042,-82.86158,2285.75638,2278.93262,-6.82376,0,0.0559,-0.01826,-0.05863,0.38313,0,-0.05863,0.38313,0,59.58286,0.3875882,0.00650503,90027.895,79999.554,-10027.895,0.446,True,False,-0.01851
339.3,FINE,THRUST,79999.424,28.4505728,0.1361784,-1616.197,0.04009,-82.83875,2285.75525,2278.93261,-6.82264,0,0.05589,-0.01826,-0.0586,0.38346,0,-0.0586,0.38346,0,59.58389,0.3879123,0.00651036,90025.534,79999.56,-10025.534,0.44,True,False,-0.01833
339.44,FINE,THRUST,79999.43,28.4516067,0.1361368,-1615.702,0.03977,-82.81588,2285.75412,2278.9326,-6.82152,0,0.05588,-0.01825,-0.05857,0.38379,0,-0.05857,0.38379,0,59.58493,0.3882347,0.00651565,90023.171,79999.565,-10023.171,0.435,True,False,-0.01816
339.58,FINE,THRUST,79999.435,28.4526412,0.136095,-1615.207,0.03944,-82.79299,2285.75299,2278.93259,-6.8204,0,0.05586,-0.01825,-0.05855,0.38412,0,-0.05855,0.38412,0,59.58596,0.3885555,0.00652092,90020.807,79999.571,-10020.807,0.429,True,False,-0.01795
339.72,FINE,THRUST,79999.441,28.4536762,0.1360533,-1614.712,0.03912,-82.77006,2285.75186,2278.93258,-6.81928,0,0.05585,-0.01824,-0.05852,0.38445,0,-0.05852,0.38445,0,59.58699,0.3888745,0.00652616,90018.441,79999.577,-10018.441,0.423,True,False,-0.01774
339.86,FINE,THRUST,79999.446,28.4547117,0.1360115,-1614.216,0.0388,-82.7471,2285.75073,2278.93257,-6.81816,0,0.05584,-0.01823,-0.05849,0.38477,0,-0.05849,0.38477,0,59.58802,0.3891919,0.00653138,90016.074,79999.582,-10016.074,0.418,True,False,-0.0175
340,FINE,THRUST,79999.452,28.4557477,0.1359697,-1613.719,0.03849,-82.72411,2285.7496,2278.93256,-6.81704,0,0.05582,-0.01823,-0.05846,0.3851,0,-0.05846,0.3851,0,59.58906,0.3895077,0.00653656,90013.707,79999.588,-10013.707,0.412,True,False,-0.01725
340.14,FINE,THRUST,79999.457,28.4567842,0.1359278,-1613.223,0.03817,-82.7011,2285.74847,2278.93255,-6.81592,0,0.05581,-0.01822,-0.05843,0.38542,0,-0.05843,0.38542,0,59.5901,0.3898219,0.00654172,90011.338,79999.593,-10011.338,0.407,True,False,-0.01703
340.28,FINE,THRUST,79999.463,28.4578212,0.1358859,-1612.725,0.03786,-82.67805,2285.74734,2278.93254,-6.8148,0,0.0558,-0.01822,-0.0584,0.38574,0,-0.0584,0.38574,0,59.59113,0.3901345,0.00654686,90008.967,79999.599,-10008.967,0.401,True,False,-0.0168
340.42,FINE,THRUST,79999.468,28.4588587,0.135844,-1612.228,0.03755,-82.65497,2285.74621,2278.93253,-6.81367,0,0.05579,-0.01821,-0.05838,0.38606,0,-0.05838,0.38606,0,59.59216,0.3904456,0.00655196,90006.596,79999.604,-10006.596,0.396,True,False,-0.01657
340.56,FINE,THRUST,79999.474,28.4598967,0.135802,-1611.73,0.03724,-82.63187,2285.74508,2278.93252,-6.81255,0,0.05577,-0.01821,-0.05835,0.38637,0,-0.05835,0.38637,0,59.59321,0.3907551,0.00655704,90004.223,79999.61,-10004.223,0.39,True,False,-0.01633
340.7,FINE,THRUST,79999.479,28.4609351,0.13576,-1611.231,0.03693,-82.60874,2285.74395,2278.93252,-6.81143,0,0.05576,-0.0182,-0.05832,0.38669,0,-0.05832,0.38669,0,59.59424,0.3910631,0.00656209,90001.85,79999.615,-10001.85,0.385,True,False,-0.01606
340.84,FINE,THRUST,79999.484,28.461974,0.135718,-1610.733,0.03663,-82.58557,2285.74282,2278.93251,-6.81031,0,0.05575,-0.0182,-0.05829,0.387,0,-0.05829,0.387,0,59.59528,0.3913696,0.00656712,89999.475,79999.62,-9999.475,0.38,True,False,-0.0158
340.98,FINE,THRUST,79999.489,28.4630134,0.135676,-1610.233,0.03632,-82.56238,2285.74169,2278.9325,-6.80919,0,0.05573,-0.01819,-0.05826,0.38732,0,-0.05826,0.38732,0,59.59632,0.3916746,0.00657213,89997.099,79999.625,-9997.099,0.375,True,False,-0.01551
341.12,FINE,THRUST,79999.494,28.4640532,0.1356339,-1609.734,0.03602,-82.53916,2285.74056,2278.93249,-6.80807,0,0.05572,-0.01818,-0.05823,0.38763,0,-0.05823,0.38763,0,59.59737,0.3919782,0.00657711,89994.723,79999.631,-9994.723,0.369,True,False,-0.01521
341.26,FINE,THRUST,79999.5,28.4650935,0.1355917,-1609.234,0.03572,-82.51592,2285.73943,2278.93248,-6.80694,0,0.05571,-0.01818,-0.05821,0.38794,0,-0.05821,0.38794,0,59.5984,0.3922804,0.00658206,89992.346,79999.636,-9992.346,0.364,True,False,-0.01491
341.4,FINE,THRUST,79999.505,28.4661342,0.1355496,-1608.733,0.03543,-82.49264,2285.7383,2278.93247,-6.80582,0,0.05569,-0.01817,-0.05818,0.38825,0,-0.05818,0.38825,0,59.59945,0.3925811,0.00658699,89989.967,79999.641,-9989.967,0.359,True,False,-0.0146
341.54,FINE,THRUST,79999.51,28.4671754,0.1355074,-1608.233,0.03513,-82.46934,2285.73717,2278.93246,-6.8047,0,0.05568,-0.01817,-0.05815,0.38855,0,-0.05815,0.38855,0,59.60049,0.3928804,0.0065919,89987.588,79999.646,-9987.588,0.354,True,False,-0.01427
341.68,FINE,THRUST,79999.515,28.4682171,0.1354651,-1607.732,0.03484,-82.44601,2285.73604,2278.93246,-6.80358,0,0.05567,-0.01816,-0.05812,0.38886,0,-0.05812,0.38886,0,59.60154,0.3931784,0.00659678,89985.209,79999.651,-9985.209,0.349,True,False,-0.01394
341.82,FINE,THRUST,79999.52,28.4692591,0.1354229,-1607.23,0.03454,-82.42265,2285.73491,2278.93245,-6.80246,0,0.05565,-0.01816,-0.05809,0.38916,0,-0.05809,0.38916,0,59.60258,0.393475,0.00660164,89982.828,79999.656,-9982.828,0.344,True,False,-0.01368
341.96,FINE,THRUST,79999.524,28.4703016,0.1353806,-1606.728,0.03425,-82.39926,2285.73378,2278.93244,-6.80134,0,0.05564,-0.01815,-0.05806,0.38947,0,-0.05806,0.38947,0,59.60363,0.3937703,0.00660648,89980.447,79999.661,-9980.447,0.339,True,False,-0.01342
342.1,FINE,THRUST,79999.529,28.4713446,0.1353383,-1606.226,0.03396,-82.37585,2285.73265,2278.93243,-6.80022,0,0.05563,-0.01814,-0.05804,0.38977,0,-0.05804,0.38977,0,59.60468,0.3940642,0.0066113,89978.066,79999.666,-9978.066,0.334,True,False,-0.01323
342.24,FINE,THRUST,79999.534,28.4723879,0.1352959,-1605.723,0.03368,-82.35241,2285.73152,2278.93242,-6.7991,0,0.05561,-0.01814,-0.05801,0.39007,0,-0.05801,0.39007,0,59.60573,0.3943568,0.00661609,89975.684,79999.67,-9975.684,0.33,True,False,-0.01308
342.38,FINE,THRUST,79999.539,28.4734317,0.1352535,-1605.22,0.03339,-82.32895,2285.7304,2278.93241,-6.79798,0,0.0556,-0.01813,-0.05798,0.39037,0,-0.05798,0.39037,0,59.60677,0.3946482,0.00662086,89973.301,79999.675,-9973.301,0.325,True,False,-0.01303
342.52,FINE,THRUST,79999.544,28.4744759,0.1352111,-1604.716,0.03311,-82.30546,2285.72927,2278.93241,-6.79686,0,0.05559,-0.01813,-0.05795,0.39066,0,-0.05795,0.39066,0,59.60782,0.3949383,0.00662561,89970.919,79999.68,-9970.919,0.32,True,False,-0.01301
342.66,FINE,THRUST,79999.548,28.4755205,0.1351686,-1604.212,0.03283,-82.28194,2285.72814,2278.9324,-6.79574,0,0.05557,-0.01812,-0.05792,0.39096,0,-0.05792,0.39096,0,59.60887,0.3952271,0.00663034,89968.535,79999.685,-9968.535,0.315,True,False,-0.01304
342.8,FINE,THRUST,79999.553,28.4765655,0.1351261,-1603.708,0.03255,-82.2584,2285.72702,2278.93239,-6.79463,0,0.05556,-0.01812,-0.0579,0.39125,0,-0.0579,0.39125,0,59.60992,0.3955147,0.00663505,89966.152,79999.689,-9966.152,0.311,True,False,-0.01313
342.94,FINE,THRUST,79999.558,28.4776109,0.1350836,-1603.203,0.03227,-82.23483,2285.72589,2278.93238,-6.79351,0,0.05555,-0.01811,-0.05787,0.39155,0,-0.05787,0.39155,0,59.61097,0.3958011,0.00663974,89963.768,79999.694,-9963.768,0.306,True,False,-0.01327
343.08,FINE,THRUST,79999.562,28.4786567,0.1350411,-1602.698,0.032,-82.21123,2285.72477,2278.93238,-6.79239,0,0.05553,-0.0181,-0.05784,0.39184,0,-0.05784,0.39184,0,59.61203,0.3960863,0.0066444,89961.384,79999.698,-9961.384,0.302,True,False,-0.01345
343.22,FINE,THRUST,79999.567,28.4797029,0.1349985,-1602.193,0.03172,-82.18761,2285.72364,2278.93237,-6.79127,0,0.05552,-0.0181,-0.05781,0.39213,0,-0.05781,0.39213,0,59.61308,0.3963703,0.00664905,89959,79999.703,-9959,0.297,True,False,-0.01371
343.36,FINE,THRUST,79999.571,28.4807495,0.1349558,-1601.687,0.03145,-82.16396,2285.72252,2278.93236,-6.79016,0,0.05551,-0.01809,-0.05778,0.39242,0,-0.05778,0.39242,0,59.61413,0.3966531,0.00665368,89956.616,79999.708,-9956.616,0.292,True,False,-0.01401
343.5,FINE,THRUST,79999.576,28.4817965,0.1349132,-1601.181,0.03119,-82.14029,2285.7214,2278.93235,-6.78904,0,0.0555,-0.01809,-0.05776,0.39271,0,-0.05776,0.39271,0,59.61519,0.3969348,0.00665828,89954.231,79999.712,-9954.231,0.288,True,False,-0.0144
343.64,FINE,THRUST,79999.58,28.4828439,0.1348705,-1600.675,0.03092,-82.11659,2285.72027,2278.93235,-6.78793,0,0.05548,-0.01808,-0.05773,0.393,0,-0.05773,0.393,0,59.61624,0.3972154,0.00666287,89951.847,79999.716,-9951.847,0.284,True,False,-0.01483
343.78,FINE,THRUST,79999.584,28.4838917,0.1348278,-1600.168,0.03065,-82.09287,2285.71915,2278.93234,-6.78681,0,0.05547,-0.01808,-0.0577,0.39328,0,-0.0577,0.39328,0,59.6173,0.3974948,0.00666744,89949.463,79999.721,-9949.463,0.279,True,False,-0.01534
343.92,FINE,THRUST,79999.589,28.4849398,0.1347851,-1599.66,0.03039,-82.06913,2285.71803,2278.93233,-6.7857,0,0.05546,-0.01807,-0.05767,0.39357,0,-0.05767,0.39357,0,59.61835,0.3977731,0.00667199,89947.079,79999.725,-9947.079,0.275,True,False,-0.01586
344.06,FINE,THRUST,79999.593,28.4859883,0.1347423,-1599.153,0.03013,-82.04536,2285.71691,2278.93232,-6.78459,0,0.05544,-0.01806,-0.05765,0.39385,0,-0.05765,0.39385,0,59.61941,0.3980503,0.00667652,89944.695,79999.729,-9944.695,0.271,True,False,-0.01642
344.2,FINE,THRUST,79999.597,28.4870372,0.1346995,-1598.645,0.02987,-82.02156,2285.71579,2278.93232,-6.78348,0,0.05543,-0.01806,-0.05762,0.39414,0,-0.05762,0.39414,0,59.62047,0.3983265,0.00668103,89942.312,79999.734,-9942.312,0.266,True,False,-0.01693
344.34,FINE,THRUST,79999.602,28.4880864,0.1346567,-1598.136,0.02961,-81.99774,2285.71468,2278.93231,-6.78237,0,0.05542,-0.01805,-0.05759,0.39442,0,-0.05759,0.39442,0,59.62153,0.3986016,0.00668553,89939.93,79999.738,-9939.93,0.262,True,False,-0.01739
344.48,FINE,THRUST,79999.606,28.489136,0.1346138,-1597.628,0.02936,-81.9739,2285.71356,2278.9323,-6.78126,0,0.0554,-0.01805,-0.05757,0.3947,0,-0.05757,0.3947,0,59.62259,0.3988756,0.00669001,89937.547,79999.742,-9937.547,0.258,True,False,-0.01778
344.62,FINE,THRUST,79999.61,28.4901859,0.1345709,-1597.119,0.0291,-81.95003,2285.71244,2278.93229,-6.78015,0,0.05539,-0.01804,-0.05754,0.39498,0,-0.05754,0.39498,0,59.62365,0.3991486,0.00669447,89935.164,79999.746,-9935.164,0.254,True,False,-0.01809
344.76,FINE,THRUST,79999.614,28.4912363,0.134528,-1596.609,0.02885,-81.92614,2285.71133,2278.93229,-6.77904,0,0.05538,-0.01804,-0.05751,0.39526,0,-0.05751,0.39526,0,59.62472,0.3994206,0.00669891,89932.781,79999.75,-9932.781,0.25,True,False,-0.01832
344.9,FINE,THRUST,79999.618,28.4922869,0.134485,-1596.099,0.0286,-81.90222,2285.71021,2278.93228,-6.77793,0,0.05536,-0.01803,-0.05748,0.39554,0,-0.05748,0.39554,0,59.62578,0.3996916,0.00670334,89930.398,79999.754,-9930.398,0.246,True,False,-0.01844
345.04,FINE,THRUST,79999.622,28.4933379,0.134442,-1595.589,0.02835,-81.87828,2285.7091,2278.93227,-6.77682,0,0.05535,-0.01802,-0.05746,0.39581,0,-0.05746,0.39581,0,59.62684,0.3999616,0.00670774,89928.013,79999.758,-9928.013,0.242,True,False,-0.0185
345.18,FINE,THRUST,79999.626,28.4943893,0.134399,-1595.079,0.02811,-81.85432,2285.70798,2278.93227,-6.77572,0,0.05534,-0.01802,-0.05743,0.39609,0,-0.05743,0.39609,0,59.62791,0.4002306,0.00671214,89925.628,79999.762,-9925.628,0.238,True,False,-0.01852
345.32,FINE,THRUST,79999.63,28.4954409,0.134356,-1594.568,0.02786,-81.83034,2285.70687,2278.93226,-6.77461,0,0.05532,-0.01801,-0.0574,0.39636,0,-0.0574,0.39636,0,59.62897,0.4004986,0.00671651,89923.241,79999.766,-9923.241,0.234,True,False,-0.01845
345.46,FINE,THRUST,79999.634,28.496493,0.1343129,-1594.057,0.02762,-81.80633,2285.70575,2278.93225,-6.7735,0,0.05531,-0.01801,-0.05738,0.39664,0,-0.05738,0.39664,0,59.63004,0.4007657,0.00672087,89920.854,79999.77,-9920.854,0.23,True,False,-0.01837
345.6,FINE,THRUST,79999.638,28.4975453,0.1342698,-1593.545,0.02738,-81.7823,2285.70464,2278.93225,-6.77239,0,0.0553,-0.018,-0.05735,0.39691,0,-0.05735,0.39691,0,59.6311,0.4010319,0.00672521,89918.465,79999.774,-9918.465,0.226,True,False,-0.01825
345.74,FINE,THRUST,79999.642,28.498598,0.1342266,-1593.033,0.02714,-81.75824,2285.70352,2278.93224,-6.77128,0,0.05528,-0.018,-0.05732,0.39718,0,-0.05732,0.39718,0,59.63217,0.4012972,0.00672954,89916.075,79999.778,-9916.075,0.222,True,False,-0.01811
345.88,FINE,THRUST,79999.646,28.499651,0.1341835,-1592.521,0.0269,-81.73416,2285.7024,2278.93223,-6.77017,0,0.05527,-0.01799,-0.0573,0.39745,0,-0.0573,0.39745,0,59.63324,0.4015615,0.00673385,89913.684,79999.782,-9913.684,0.218,True,False,-0.01793
346.02,FINE,THRUST,79999.65,28.5007043,0.1341403,-1592.008,0.02667,-81.71006,2285.70129,2278.93223,-6.76906,0,0.05526,-0.01798,-0.05727,0.39772,0,-0.05727,0.39772,0,59.6343,0.4018249,0.00673815,89911.292,79999.786,-9911.292,0.214,True,False,-0.01773
346.16,FINE,THRUST,79999.65,28.501758,0.1340971,-1591.495,0.02644,-81.68594,2285.70017,2278.93222,-6.76795,0,0.05524,-0.01798,-0.05725,0.39799,0,-0.05725,0.39799,0,59.63537,0.4020874,0.00674243,89908.899,79999.789,-9908.899,0.211,True,False,-0.01751
346.3,FINE,THRUST,79999.649,28.502812,0.1340538,-1590.981,0.0262,-81.66179,2285.69907,2278.93223,-6.76685,0,0.05523,-0.01797,-0.05717,0.39826,0,-0.05717,0.39826,0,59.63644,0.4023459,0.00674665,89906.508,79999.785,-9906.508,0.215,True,False,-0.01343
346.44,FINE,THRUST,79999.653,28.5038663,0.1340105,-1590.468,0.02597,-81.63763,2285.69796,2278.93222,-6.76573,0,0.05522,-0.01797,-0.05714,0.39853,0,-0.05714,0.39853,0,59.63751,0.4026068,0.0067509,89904.112,79999.789,-9904.112,0.211,True,False,-0.01315
346.58,FINE,THRUST,79999.657,28.5049208,0.1339672,-1589.954,0.02574,-81.61344,2285.69684,2278.93222,-6.76462,0,0.0552,-0.01796,-0.05712,0.3988,0,-0.05712,0.3988,0,59.63858,0.4028668,0.00675514,89901.715,79999.793,-9901.715,0.207,True,False,-0.01292
346.72,FINE,THRUST,79999.66,28.5059757,0.1339238,-1589.439,0.02552,-81.58923,2285.69572,2278.93221,-6.76351,0,0.05519,-0.01796,-0.05709,0.39906,0,-0.05709,0.39906,0,59.63965,0.403126,0.00675936,89899.317,79999.796,-9899.317,0.204,True,False,-0.01271
346.86,FINE,THRUST,79999.664,28.5070309,0.1338805,-1588.924,0.02529,-81.56499,2285.6946,2278.9322,-6.7624,0,0.05518,-0.01795,-0.05706,0.39933,0,-0.05706,0.39933,0,59.64072,0.4033844,0.00676357,89896.917,79999.8,-9896.917,0.2,True,False,-0.0125
347,FINE,THRUST,79999.668,28.5080864,0.1338371,-1588.409,0.02507,-81.54074,2285.69348,2278.9322,-6.76128,0,0.05516,-0.01794,-0.05704,0.39959,0,-0.05704,0.39959,0,59.6418,0.4036419,0.00676777,89894.517,79999.803,-9894.517,0.197,True,False,-0.01232
347.14,FINE,THRUST,79999.671,28.5091422,0.1337936,-1587.894,0.02485,-81.51646,2285.69236,2278.93219,-6.76017,0,0.05515,-0.01794,-0.05701,0.39985,0,-0.05701,0.39985,0,59.64287,0.4038987,0.00677195,89892.115,79999.807,-9892.115,0.193,True,False,-0.01217
347.28,FINE,THRUST,79999.675,28.5101983,0.1337502,-1587.378,0.02463,-81.49216,2285.69124,2278.93219,-6.75905,0,0.05514,-0.01793,-0.05699,0.40012,0,-0.05699,0.40012,0,59.64395,0.4041546,0.00677612,89889.711,79999.81,-9889.711,0.19,True,False,-0.01204
347.42,FINE,THRUST,79999.678,28.5112547,0.1337067,-1586.862,0.02442,-81.46784,2285.69012,2278.93218,-6.75794,0,0.05512,-0.01793,-0.05696,0.40038,0,-0.05696,0.40038,0,59.64502,0.4044098,0.00678028,89887.306,79999.814,-9887.306,0.186,True,False,-0.01199
347.56,FINE,THRUST,79999.682,28.5123113,0.1336632,-1586.346,0.0242,-81.4435,2285.68899,2278.93217,-6.75682,0,0.05511,-0.01792,-0.05694,0.40064,0,-0.05694,0.40064,0,59.6461,0.4046642,0.00678442,89884.899,79999.817,-9884.899,0.183,True,False,-0.01196
347.7,FINE,THRUST,79999.685,28.5133683,0.1336196,-1585.829,0.02399,-81.41914,2285.68787,2278.93217,-6.7557,0,0.0551,-0.01791,-0.05691,0.4009,0,-0.05691,0.4009,0,59.64718,0.4049178,0.00678855,89882.491,79999.821,-9882.491,0.179,True,False,-0.01202
347.84,FINE,THRUST,79999.689,28.5144256,0.1335761,-1585.312,0.02378,-81.39475,2285.68675,2278.93216,-6.75458,0,0.05508,-0.01791,-0.05689,0.40116,0,-0.05689,0.40116,0,59.64825,0.4051706,0.00679267,89880.081,79999.824,-9880.081,0.176,True,False,-0.01216
347.98,FINE,THRUST,79999.692,28.5154831,0.1335325,-1584.794,0.02358,-81.37035,2285.68562,2278.93216,-6.75347,0,0.05507,-0.0179,-0.05686,0.40142,0,-0.05686,0.40142,0,59.64933,0.4054227,0.00679677,89877.67,79999.827,-9877.67,0.173,True,False,-0.01238
348.12,FINE,THRUST,79999.695,28.5165409,0.1334888,-1584.277,0.02337,-81.34592,2285.6845,2278.93215,-6.75235,0,0.05506,-0.0179,-0.05684,0.40167,0,-0.05684,0.40167,0,59.65041,0.4056741,0.00680086,89875.257,79999.831,-9875.257,0.169,True,False,-0.01269
348.26,FINE,THRUST,79999.699,28.517599,0.1334452,-1583.759,0.02317,-81.32147,2285.68337,2278.93215,-6.75123,0,0.05504,-0.01789,-0.05681,0.40193,0,-0.05681,0.40193,0,59.65149,0.4059248,0.00680494,89872.842,79999.834,-9872.842,0.166,True,False,-0.01311
348.4,FINE,THRUST,79999.702,28.5186573,0.1334015,-1583.24,0.02297,-81.29701,2285.68224,2278.93214,-6.7501,0,0.05503,-0.01789,-0.05679,0.40218,0,-0.05679,0.40218,0,59.65257,0.4061747,0.00680901,89870.426,79999.837,-9870.426,0.163,True,False,-0.01365
348.54,FINE,THRUST,79999.705,28.519716,0.1333578,-1582.721,0.02278,-81.27252,2285.68112,2278.93213,-6.74898,0,0.05502,-0.01788,-0.05677,0.40244,0,-0.05677,0.40244,0,59.65365,0.406424,0.00681306,89868.007,79999.84,-9868.007,0.16,True,False,-0.01429
348.68,FINE,THRUST,79999.709,28.5207749,0.133314,-1582.202,0.02258,-81.24801,2285.67999,2278.93213,-6.74786,0,0.055,-0.01787,-0.05674,0.40269,0,-0.05674,0.40269,0,59.65473,0.4066725,0.0068171,89865.587,79999.843,-9865.587,0.157,True,False,-0.01503
348.82,FINE,THRUST,79999.712,28.521834,0.1332703,-1581.683,0.02239,-81.22348,2285.67886,2278.93212,-6.74673,0,0.05499,-0.01787,-0.05672,0.40295,0,-0.05672,0.40295,0,59.65581,0.4069203,0.00682113,89863.165,79999.847,-9863.165,0.153,True,False,-0.01588
348.96,FINE,THRUST,79999.715,28.5228935,0.1332265,-1581.163,0.0222,-81.19893,2285.67773,2278.93212,-6.74561,0,0.05498,-0.01786,-0.0567,0.4032,0,-0.0567,0.4032,0,59.65689,0.4071675,0.00682515,89860.742,79999.85,-9860.742,0.15,True,False,-0.01682
349.1,FINE,THRUST,79999.718,28.5239532,0.1331827,-1580.643,0.02201,-81.17436,2285.67659,2278.93211,-6.74448,0,0.05496,-0.01786,-0.05667,0.40345,0,-0.05667,0.40345,0,59.65798,0.407414,0.00682916,89858.316,79999.853,-9858.316,0.147,True,False,-0.01785
349.24,FINE,THRUST,79999.721,28.5250131,0.1331388,-1580.123,0.02183,-81.14976,2285.67546,2278.93211,-6.74335,0,0.05495,-0.01785,-0.05665,0.4037,0,-0.05665,0.4037,0,59.65906,0.4076599,0.00683316,89855.888,79999.856,-9855.888,0.144,True,False,-0.01885
349.38,FINE,THRUST,79999.724,28.5260733,0.1330949,-1579.602,0.02164,-81.12515,2285.67433,2278.9321,-6.74222,0,0.05494,-0.01784,-0.05663,0.40396,0,-0.05663,0.40396,0,59.66015,0.407905,0.00683714,89853.458,79999.859,-9853.458,0.141,True,False,-0.01977
349.52,FINE,THRUST,79999.727,28.5271338,0.133051,-1579.081,0.02146,-81.10052,2285.67319,2278.9321,-6.74109,0,0.05492,-0.01784,-0.0566,0.40421,0,-0.0566,0.40421,0,59.66123,0.4081496,0.00684112,89851.026,79999.862,-9851.026,0.138,True,False,-0.02059
349.66,FINE,THRUST,79999.731,28.5281945,0.1330071,-1578.559,0.02129,-81.07587,2285.67205,2278.93209,-6.73996,0,0.05491,-0.01783,-0.05658,0.40445,0,-0.05658,0.40445,0,59.66232,0.4083935,0.00684508,89848.591,79999.865,-9848.591,0.135,True,False,-0.02127
349.8,FINE,THRUST,79999.734,28.5292554,0.1329631,-1578.038,0.02111,-81.0512,2285.67091,2278.93209,-6.73883,0,0.0549,-0.01783,-0.05656,0.4047,0,-0.05656,0.4047,0,59.66341,0.4086368,0.00684904,89846.153,79999.868,-9846.153,0.132,True,False,-0.02178
349.94,FINE,THRUST,79999.737,28.5303167,0.1329191,-1577.516,0.02094,-81.02651,2285.66977,2278.93208,-6.73769,0,0.05488,-0.01782,-0.05654,0.40495,0,-0.05654,0.40495,0,59.6645,0.4088795,0.00685298,89843.714,79999.871,-9843.714,0.129,True,False,-0.02211
350.08,FINE,THRUST,79999.739,28.5313781,0.1328751,-1576.993,0.02076,-81.00179,2285.66863,2278.93208,-6.73655,0,0.05487,-0.01781,-0.05652,0.4052,0,-0.05652,0.4052,0,59.66558,0.4091215,0.00685691,89841.273,79999.874,-9841.273,0.126,True,False,-0.02223
350.22,FINE,THRUST,79999.742,28.5324398,0.1328311,-1576.47,0.02059,-80.97706,2285.66749,2278.93207,-6.73542,0,0.05486,-0.01781,-0.05649,0.40545,0,-0.05649,0.40545,0,59.66667,0.409363,0.00686083,89838.831,79999.877,-9838.831,0.123,True,False,-0.0222
350.36,FINE,THRUST,79999.738,28.5335017,0.132787,-1575.947,0.02042,-80.95231,2285.66636,2278.93207,-6.73429,0,0.05484,-0.0178,-0.05645,0.40569,0,-0.05645,0.40569,0,59.66776,0.4096024,0.00686472,89836.389,79999.875,-9836.389,0.125,True,False,-0.01878
350.5,FINE,THRUST,79999.74,28.5345639,0.1327429,-1575.424,0.02025,-80.92754,2285.66523,2278.93208,-6.73315,0,0.05483,-0.0178,-0.0564,0.40594,0,-0.0564,0.40594,0,59.66885,0.4098413,0.0068686,89833.947,79999.874,-9833.947,0.126,True,False,-0.01545
350.64,FINE,THRUST,79999.743,28.5356263,0.1326988,-1574.9,0.02008,-80.90275,2285.66409,2278.93207,-6.73202,0,0.05482,-0.01779,-0.05638,0.40619,0,-0.05638,0.40619,0,59.66994,0.4100811,0.00687249,89831.502,79999.877,-9831.502,0.123,True,False,-0.01515
350.78,FINE,THRUST,79999.746,28.5366889,0.1326546,-1574.376,0.01991,-80.87795,2285.66294,2278.93207,-6.73088,0,0.0548,-0.01779,-0.05635,0.40643,0,-0.05635,0.40643,0,59.67103,0.4103204,0.00687637,89829.057,79999.88,-9829.057,0.12,True,False,-0.01477
350.92,FINE,THRUST,79999.749,28.5377517,0.1326104,-1573.852,0.01974,-80.85312,2285.6618,2278.93206,-6.72974,0,0.05479,-0.01778,-0.05633,0.40668,0,-0.05633,0.40668,0,59.67212,0.4105591,0.00688025,89826.611,79999.883,-9826.611,0.117,True,False,-0.0143
351.06,FINE,THRUST,79999.752,28.5388148,0.1325662,-1573.327,0.01958,-80.82827,2285.66066,2278.93206,-6.7286,0,0.05477,-0.01777,-0.05631,0.40692,0,-0.05631,0.40692,0,59.67322,0.4107972,0.00688411,89824.165,79999.885,-9824.165,0.115,True,False,-0.01376
351.2,FINE,THRUST,79999.754,28.5398781,0.132522,-1572.802,0.01941,-80.80341,2285.65952,2278.93205,-6.72746,0,0.05476,-0.01777,-0.05629,0.40716,0,-0.05629,0.40716,0,59.67431,0.4110348,0.00688797,89821.718,79999.888,-9821.718,0.112,True,False,-0.01312
351.34,FINE,THRUST,79999.757,28.5409416,0.1324777,-1572.277,0.01924,-80.77853,2285.65837,2278.93205,-6.72633,0,0.05475,-0.01776,-0.05626,0.4074,0,-0.05626,0.4074,0,59.6754,0.4112719,0.00689182,89819.271,79999.891,-9819.271,0.109,True,False,-0.01241
351.48,FINE,THRUST,79999.76,28.5420053,0.1324334,-1571.751,0.01908,-80.75362,2285.65723,2278.93204,-6.72519,0,0.05473,-0.01776,-0.05624,0.40765,0,-0.05624,0.40765,0,59.6765,0.4115084,0.00689565,89816.823,79999.894,-9816.823,0.106,True,False,-0.01163
351.62,FINE,THRUST,79999.763,28.5430693,0.1323891,-1571.225,0.01891,-80.7287,2285.65609,2278.93204,-6.72405,0,0.05472,-0.01775,-0.05622,0.40789,0,-0.05622,0.40789,0,59.6776,0.4117444,0.00689948,89814.375,79999.896,-9814.375,0.104,True,False,-0.01075
351.76,FINE,THRUST,79999.765,28.5441334,0.1323448,-1570.699,0.01875,-80.70376,2285.65495,2278.93203,-6.72291,0,0.05471,-0.01774,-0.0562,0.40813,0,-0.0562,0.40813,0,59.67869,0.4119799,0.0069033,89811.926,79999.899,-9811.926,0.101,True,False,-0.00982
351.9,FINE,THRUST,79999.768,28.5451978,0.1323004,-1570.173,0.01858,-80.6788,2285.65381,2278.93203,-6.72178,0,0.05469,-0.01774,-0.05617,0.40837,0,-0.05617,0.40837,0,59.67979,0.412215,0.00690711,89809.477,79999.901,-9809.477,0.099,True,False,-0.00887
352.04,FINE,THRUST,79999.771,28.5462624,0.132256,-1569.646,0.01842,-80.65383,2285.65266,2278.93202,-6.72064,0,0.05468,-0.01773,-0.05615,0.40861,0,-0.05615,0.40861,0,59.68089,0.4124495,0.00691091,89807.028,79999.904,-9807.028,0.096,True,False,-0.00794
352.18,FINE,THRUST,79999.773,28.5473271,0.1322116,-1569.119,0.01825,-80.62883,2285.65152,2278.93202,-6.7195,0,0.05467,-0.01773,-0.05613,0.40885,0,-0.05613,0.40885,0,59.68198,0.4126835,0.00691471,89804.579,79999.906,-9804.579,0.094,True,False,-0.00701
352.32,FINE,THRUST,79999.776,28.5483921,0.1321672,-1568.591,0.01809,-80.60382,2285.65038,2278.93202,-6.71837,0,0.05465,-0.01772,-0.0561,0.40909,0,-0.0561,0.40909,0,59.68308,0.4129171,0.00691849,89802.129,79999.909,-9802.129,0.091,True,False,-0.00614
352.46,FINE,THRUST,79999.778,28.5494573,0.1321227,-1568.063,0.01792,-80.57879,2285.64924,2278.93201,-6.71723,0,0.05464,-0.01771,-0.05608,0.40933,0,-0.05608,0.40933,0,59.68418,0.4131502,0.00692227,89799.679,79999.912,-9799.679,0.088,True,False,-0.00532
352.6,FINE,THRUST,79999.781,28.5505227,0.1320782,-1567.535,0.01776,-80.55374,2285.6481,2278.93201,-6.71609,0,0.05463,-0.01771,-0.05606,0.40956,0,-0.05606,0.40956,0,59.68528,0.4133828,0.00692604,89797.229,79999.914,-9797.229,0.086,True,False,-0.00457
352.74,FINE,THRUST,79999.783,28.5515883,0.1320337,-1567.007,0.01759,-80.52867,2285.64696,2278.932,-6.71496,0,0.05461,-0.0177,-0.05603,0.4098,0,-0.05603,0.4098,0,59.68638,0.4136149,0.0069298,89794.779,79999.916,-9794.779,0.084,True,False,-0.00386
352.88,FINE,THRUST,79999.786,28.5526541,0.1319891,-1566.478,0.01743,-80.50358,2285.64582,2278.932,-6.71382,0,0.0546,-0.0177,-0.05601,0.41004,0,-0.05601,0.41004,0,59.68748,0.4138466,0.00693356,89792.33,79999.919,-9792.33,0.081,True,False,-0.0032
353.02,FINE,THRUST,79999.788,28.5537201,0.1319445,-1565.949,0.01727,-80.47848,2285.64468,2278.93199,-6.71269,0,0.05458,-0.01769,-0.05599,0.41028,0,-0.05599,0.41028,0,59.68858,0.4140779,0.0069373,89789.88,79999.921,-9789.88,0.079,True,False,-0.00255
353.16,FINE,THRUST,79999.791,28.5547863,0.1318999,-1565.42,0.01711,-80.45336,2285.64354,2278.93199,-6.71155,0,0.05457,-0.01768,-0.05596,0.41051,0,-0.05596,0.41051,0,59.68969,0.4143087,0.00694104,89787.43,79999.924,-9787.43,0.076,True,False,-0.00189
353.3,FINE,THRUST,79999.793,28.5558527,0.1318553,-1564.89,0.01695,-80.42822,2285.64241,2278.93199,-6.71042,0,0.05456,-0.01768,-0.05594,0.41075,0,-0.05594,0.41075,0,59.69079,0.414539,0.00694477,89784.98,79999.926,-9784.98,0.074,True,False,-0.00121
353.44,FINE,THRUST,79999.796,28.5569192,0.1318107,-1564.36,0.01679,-80.40306,2285.64127,2278.93198,-6.70929,0,0.05454,-0.01767,-0.05592,0.41098,0,-0.05592,0.41098,0,59.6919,0.414769,0.0069485,89782.531,79999.928,-9782.531,0.072,True,False,0.00051
353.58,FINE,THRUST,79999.798,28.557986,0.131766,-1563.83,0.01663,-80.37788,2285.64013,2278.93198,-6.70815,0,0.05453,-0.01767,-0.05589,0.41122,0,-0.05589,0.41122,0,59.693,0.4149985,0.00695221,89780.082,79999.931,-9780.082,0.069,True,False,0.00026
353.72,FINE,THRUST,79999.8,28.559053,0.1317213,-1563.299,0.01648,-80.35269,2285.63899,2278.93197,-6.70702,0,0.05452,-0.01766,-0.05587,0.41145,0,-0.05587,0.41145,0,59.6941,0.4152275,0.00695592,89777.633,79999.933,-9777.633,0.067,True,False,0.00099
353.86,FINE,THRUST,79999.803,28.5601201,0.1316765,-1562.768,0.01632,-80.32747,2285.63786,2278.93197,-6.70589,0,0.0545,-0.01765,-0.05585,0.41169,0,-0.05585,0.41169,0,59.69521,0.4154562,0.00695962,89775.185,79999.935,-9775.185,0.065,True,False,0.0018
354,FINE,THRUST,79999.805,28.5611875,0.1316318,-1562.237,0.01617,-80.30224,2285.63672,2278.93197,-6.70476,0,0.05449,-0.01765,-0.05582,0.41192,0,-0.05582,0.41192,0,59.69631,0.4156844,0.00696332,89772.736,79999.937,-9772.736,0.063,True,False,-0.00262
354.14,FINE,THRUST,79999.807,28.562255,0.131587,-1561.705,0.01602,-80.27699,2285.63559,2278.93196,-6.70363,0,0.05448,-0.01764,-0.0558,0.41215,0,-0.0558,0.41215,0,59.69742,0.4159123,0.00696701,89770.289,79999.94,-9770.289,0.06,True,False,-0.0035
354.28,FINE,THRUST,79999.81,28.5633227,0.1315422,-1561.174,0.01587,-80.25173,2285.63446,2278.93196,-6.7025,0,0.05446,-0.01764,-0.05578,0.41238,0,-0.05578,0.41238,0,59.69853,0.4161397,0.00697069,89767.841,79999.942,-9767.841,0.058,True,False,-0.00439
354.42,FINE,THRUST,79999.812,28.5643906,0.1314973,-1560.641,0.01572,-80.22645,2285.63332,2278.93196,-6.70137,0,0.05445,-0.01763,-0.05575,0.41262,0,-0.05575,0.41262,0,59.69964,0.4163668,0.00697436,89765.395,79999.944,-9765.395,0.056,True,False,-0.00533
354.56,FINE,THRUST,79999.814,28.5654586,0.1314525,-1560.109,0.01558,-80.20114,2285.63219,2278.93195,-6.70024,0,0.05444,-0.01762,-0.05573,0.41285,0,-0.05573,0.41285,0,59.70075,0.4165934,0.00697803,89762.949,79999.946,-9762.949,0.054,True,False,-0.00634
354.7,FINE,THRUST,79999.816,28.5665269,0.1314076,-1559.576,0.01543,-80.17583,2285.63106,2278.93195,-6.69911,0,0.05442,-0.01762,-0.05571,0.41308,0,-0.05571,0.41308,0,59.70186,0.4168197,0.00698169,89760.503,79999.948,-9760.503,0.052,True,False,-0.00737
354.84,FINE,THRUST,79999.818,28.5675953,0.1313627,-1559.043,0.01529,-80.15049,2285.62993,2278.93194,-6.69799,0,0.05441,-0.01761,-0.05569,0.41331,0,-0.05569,0.41331,0,59.70297,0.4170456,0.00698534,89758.058,79999.95,-9758.058,0.05,True,False,-0.00843
354.98,FINE,THRUST,79999.821,28.5686639,0.1313177,-1558.51,0.01515,-80.12514,2285.6288,2278.93194,-6.69686,0,0.05439,-0.01761,-0.05566,0.41354,0,-0.05566,0.41354,0,59.70408,0.4172711,0.00698899,89755.614,79999.953,-9755.614,0.047,True,False,-0.0095
355.12,FINE,THRUST,79999.823,28.5697327,0.1312728,-1557.976,0.015,-80.09976,2285.62767,2278.93194,-6.69574,0,0.05438,-0.0176,-0.05564,0.41377,0,-0.05564,0.41377,0,59.70519,0.4174962,0.00699263,89753.171,79999.955,-9753.171,0.045,True,False,-0.01046
355.26,FINE,THRUST,79999.825,28.5708016,0.1312278,-1557.442,0.01487,-80.07438,2285.62655,2278.93193,-6.69461,0,0.05437,-0.01759,-0.05562,0.414,0,-0.05562,0.414,0,59.7063,0.417721,0.00699626,89750.73,79999.957,-9750.73,0.043,True,False,-0.0113
355.4,FINE,THRUST,79999.827,28.5718707,0.1311828,-1556.908,0.01473,-80.04897,2285.62542,2278.93193,-6.69349,0,0.05435,-0.01759,-0.0556,0.41423,0,-0.0556,0.41423,0,59.70741,0.4179454,0.00699989,89748.289,79999.959,-9748.289,0.041,True,False,-0.01206
355.54,FINE,THRUST,79999.829,28.57294,0.1311377,-1556.373,0.01459,-80.02355,2285.6243,2278.93193,-6.69237,0,0.05434,-0.01758,-0.05558,0.41446,0,-0.05558,0.41446,0,59.70852,0.4181695,0.00700351,89745.849,79999.961,-9745.849,0.039,True,False,-0.0127
355.68,FINE,THRUST,79999.831,28.5740095,0.1310926,-1555.838,0.01446,-79.99811,2285.62317,2278.93192,-6.69125,0,0.05433,-0.01758,-0.05555,0.41469,0,-0.05555,0.41469,0,59.70964,0.4183932,0.00700713,89743.408,79999.963,-9743.408,0.037,True,False,-0.01326
355.82,FINE,THRUST,79999.833,28.5750791,0.1310476,-1555.303,0.01433,-79.97265,2285.62205,2278.93192,-6.69013,0,0.05431,-0.01757,-0.05553,0.41492,0,-0.05553,0.41492,0,59.71076,0.4186166,0.00701074,89740.968,79999.965,-9740.968,0.035,True,False,-0.01373
355.96,FINE,THRUST,79999.835,28.5761489,0.1310024,-1554.768,0.0142,-79.94717,2285.62093,2278.93192,-6.68901,0,0.0543,-0.01756,-0.05551,0.41514,0,-0.05551,0.41514,0,59.71187,0.4188396,0.00701434,89738.527,79999.967,-9738.527,0.033,True,False,-0.01414
356.1,FINE,THRUST,79999.837,28.5772188,0.1309573,-1554.232,0.01407,-79.92168,2285.6198,2278.93191,-6.68789,0,0.05429,-0.01756,-0.05549,0.41537,0,-0.05549,0.41537,0,59.71299,0.4190622,0.00701794,89736.086,79999.969,-9736.086,0.031,True,False,-0.01453
356.24,FINE,THRUST,79999.839,28.5782889,0.1309121,-1553.696,0.01394,-79.89617,2285.61868,2278.93191,-6.68677,0,0.05427,-0.01755,-0.05547,0.4156,0,-0.05547,0.4156,0,59.7141,0.4192846,0.00702153,89733.644,79999.97,-9733.644,0.03,True,False,-0.01492
356.38,FINE,THRUST,79999.841,28.5793592,0.1308669,-1553.16,0.01381,-79.87065,2285.61756,2278.93191,-6.68565,0,0.05426,-0.01755,-0.05545,0.41583,0,-0.05545,0.41583,0,59.71522,0.4195066,0.00702512,89731.202,79999.972,-9731.202,0.028,True,False,-0.01534
356.52,FINE,THRUST,79999.843,28.5804296,0.1308217,-1552.623,0.01369,-79.8451,2285.61643,2278.9319,-6.68453,0,0.05425,-0.01754,-0.05543,0.41605,0,-0.05543,0.41605,0,59.71633,0.4197283,0.0070287,89728.759,79999.974,-9728.759,0.026,True,False,-0.01576
356.66,FINE,THRUST,79999.845,28.5815001,0.1307765,-1552.086,0.01357,-79.81954,2285.61531,2278.9319,-6.68341,0,0.05423,-0.01753,-0.05541,0.41628,0,-0.05541,0.41628,0,59.71746,0.4199497,0.00703228,89726.315,79999.976,-9726.315,0.024,True,False,-0.01616
356.8,FINE,THRUST,79999.847,28.5825709,0.1307312,-1551.549,0.01345,-79.79397,2285.61418,2278.9319,-6.68229,0,0.05422,-0.01753,-0.05539,0.4165,0,-0.05539,0.4165,0,59.71857,0.4201707,0.00703585,89723.871,79999.978,-9723.871,0.022,True,False,-0.01663
356.94,FINE,THRUST,79999.849,28.5836418,0.1306859,-1551.011,0.01333,-79.76837,2285.61306,2278.93189,-6.68117,0,0.05421,-0.01752,-0.05537,0.41673,0,-0.05537,0.41673,0,59.71969,0.4203914,0.00703941,89721.426,79999.98,-9721.426,0.02,True,False,-0.01711
357.08,FINE,THRUST,79999.851,28.5847128,0.1306406,-1550.473,0.01322,-79.74276,2285.61193,2278.93189,-6.68004,0,0.05419,-0.01752,-0.05535,0.41695,0,-0.05535,0.41695,0,59.72081,0.4206118,0.00704297,89718.98,79999.982,-9718.98,0.018,True,False,-0.01758
357.22,FINE,THRUST,79999.853,28.585784,0.1305952,-1549.935,0.0131,-79.71713,2285.61081,2278.93189,-6.67892,0,0.05418,-0.01751,-0.05533,0.41718,0,-0.05533,0.41718,0,59.72193,0.4208319,0.00704652,89716.534,79999.983,-9716.534,0.017,True,False,-0.01802
357.36,FINE,THRUST,79999.855,28.5868553,0.1305498,-1549.396,0.01299,-79.69149,2285.60968,2278.93188,-6.6778,0,0.05416,-0.0175,-0.05531,0.4174,0,-0.05531,0.4174,0,59.72305,0.4210517,0.00705007,89714.087,79999.985,-9714.087,0.015,True,False,-0.01838
357.5,FINE,THRUST,79999.857,28.5879268,0.1305044,-1548.858,0.01288,-79.66583,2285.60856,2278.93188,-6.67668,0,0.05415,-0.0175,-0.05529,0.41763,0,-0.05529,0.41763,0,59.72417,0.4212713,0.00705361,89711.638,79999.987,-9711.638,0.013,True,False,-0.0186
357.64,FINE,THRUST,79999.859,28.5889984,0.130459,-1548.319,0.01277,-79.64015,2285.60743,2278.93188,-6.67555,0,0.05414,-0.01749,-0.05527,0.41785,0,-0.05527,0.41785,0,59.72529,0.4214904,0.00705715,89709.189,79999.989,-9709.189,0.011,True,False,-0.01877
357.78,FINE,THRUST,79999.86,28.5900702,0.1304136,-1547.779,0.01267,-79.61446,2285.6063,2278.93187,-6.67443,0,0.05412,-0.01748,-0.05525,0.41807,0,-0.05525,0.41807,0,59.72642,0.4217094,0.00706068,89706.739,79999.99,-9706.739,0.01,True,False,-0.01882
357.92,FINE,THRUST,79999.862,28.5911421,0.1303681,-1547.239,0.01256,-79.58874,2285.60518,2278.93187,-6.6733,0,0.05411,-0.01748,-0.05523,0.4183,0,-0.05523,0.4183,0,59.72754,0.421928,0.00706421,89704.288,79999.992,-9704.288,0.008,True,False,-0.01875
358.06,FINE,THRUST,79999.864,28.5922141,0.1303226,-1546.699,0.01245,-79.56302,2285.60405,2278.93187,-6.67218,0,0.0541,-0.01747,-0.05521,0.41852,0,-0.05521,0.41852,0,59.72866,0.4221463,0.00706773,89701.836,79999.994,-9701.836,0.006,True,False,-0.01858
358.2,FINE,THRUST,79999.866,28.5932863,0.1302771,-1546.159,0.01235,-79.53727,2285.60292,2278.93186,-6.67105,0,0.05408,-0.01747,-0.05519,0.41874,0,-0.05519,0.41874,0,59.72979,0.4223644,0.00707125,89699.383,79999.995,-9699.383,0.005,True,False,-0.01831
358.34,FINE,THRUST,79999.861,28.5943587,0.1302315,-1545.618,0.01225,-79.51151,2285.6018,2278.93187,-6.66993,0,0.05407,-0.01746,-0.05516,0.41897,0,-0.05516,0.41897,0,59.73092,0.4225814,0.00707475,89696.93,79999.995,-9696.93,0.005,True,False,-0.01602
358.48,FINE,THRUST,79999.861,28.5954311,0.1301859,-1545.077,0.01214,-79.48573,2285.60068,2278.93187,-6.66881,0,0.05406,-0.01745,-0.05511,0.41919,0,-0.05511,0.41919,0,59.73204,0.4227973,0.00707823,89694.477,79999.991,-9694.477,0.009,True,False,-0.012
358.62,FINE,THRUST,79999.863,28.5965037,0.1301403,-1544.536,0.01204,-79.45994,2285.59955,2278.93187,-6.66768,0,0.05404,-0.01745,-0.05509,0.41941,0,-0.05509,0.41941,0,59.73317,0.4230146,0.00708174,89692.021,79999.993,-9692.021,0.007,True,False,-0.0114
358.76,FINE,THRUST,79999.865,28.5975764,0.1300947,-1543.995,0.01194,-79.43413,2285.59842,2278.93187,-6.66655,0,0.05403,-0.01744,-0.05507,0.41963,0,-0.05507,0.41963,0,59.73429,0.4232317,0.00708524,89689.563,79999.994,-9689.563,0.006,True,False,-0.01073
358.9,FINE,THRUST,79999.866,28.5986493,0.130049,-1543.453,0.01184,-79.40831,2285.59729,2278.93186,-6.66543,0,0.05402,-0.01744,-0.05505,0.41985,0,-0.05505,0.41985,0,59.73542,0.4234485,0.00708873,89687.104,79999.996,-9687.104,0.004,True,False,-0.01001
359.04,FINE,THRUST,79999.868,28.5997222,0.1300034,-1542.911,0.01174,-79.38246,2285.59616,2278.93186,-6.6643,0,0.054,-0.01743,-0.05503,0.42008,0,-0.05503,0.42008,0,59.73655,0.423665,0.00709222,89684.644,79999.997,-9684.644,0.003,True,False,-0.00921
359.18,FINE,THRUST,79999.87,28.6007953,0.1299577,-1542.368,0.01163,-79.35661,2285.59502,2278.93186,-6.66317,0,0.05399,-0.01742,-0.05501,0.4203,0,-0.05501,0.4203,0,59.73768,0.4238813,0.00709571,89682.182,79999.999,-9682.182,0.001,True,False,-0.00836
359.32,FINE,THRUST,79999.871,28.6018686,0.129912,-1541.826,0.01153,-79.33073,2285.59389,2278.93185,-6.66203,0,0.05397,-0.01742,-0.05499,0.42052,0,-0.05499,0.42052,0,59.73881,0.4240973,0.00709919,89679.719,80000.001,-9679.719,-0.001,True,False,-0.00745
359.46,FINE,THRUST,79999.873,28.6029419,0.1298662,-1541.283,0.01143,-79.30484,2285.59275,2278.93185,-6.6609,0,0.05396,-0.01741,-0.05497,0.42074,0,-0.05497,0.42074,0,59.73994,0.4243131,0.00710267,89677.254,80000.002,-9677.254,-0.002,True,False,-0.00648
359.6,FINE,THRUST,79999.875,28.6040154,0.1298204,-1540.74,0.01133,-79.27894,2285.59162,2278.93185,-6.65977,0,0.05395,-0.01741,-0.05495,0.42096,0,-0.05495,0.42096,0,59.74107,0.4245286,0.00710614,89674.788,80000.004,-9674.788,-0.004,True,False,-0.00546
359.74,FINE,THRUST,79999.876,28.605089,0.1297746,-1540.196,0.01123,-79.25302,2285.59048,2278.93185,-6.65863,0,0.05393,-0.0174,-0.05493,0.42118,0,-0.05493,0.42118,0,59.7422,0.4247439,0.00710961,89672.321,80000.005,-9672.321,-0.005,True,False,-0.0044
359.88,FINE,THRUST,79999.878,28.6061627,0.1297288,-1539.652,0.01113,-79.22708,2285.58934,2278.93184,-6.6575,0,0.05392,-0.01739,-0.05491,0.4214,0,-0.05491,0.4214,0,59.74334,0.4249589,0.00711308,89669.851,80000.007,-9669.851,-0.007,True,False,-0.00336
360.02,FINE,THRUST,79999.879,28.6072365,0.129683,-1539.108,0.01103,-79.20112,2285.5882,2278.93184,-6.65636,0,0.05391,-0.01739,-0.0549,0.42162,0,-0.0549,0.42162,0,59.74447,0.4251737,0.00711654,89667.38,80000.008,-9667.38,-0.008,True,False,-0.00245
360.16,FINE,THRUST,79999.881,28.6083104,0.1296371,-1538.564,0.01093,-79.17515,2285.58706,2278.93184,-6.65522,0,0.05389,-0.01738,-0.05488,0.42183,0,-0.05488,0.42183,0,59.7456,0.4253883,0.00711999,89664.908,80000.01,-9664.908,-0.01,True,False,-0.00203
360.3,FINE,THRUST,79999.883,28.6093845,0.1295912,-1538.019,0.01083,-79.14917,2285.58592,2278.93184,-6.65408,0,0.05388,-0.01737,-0.05486,0.42205,0,-0.05486,0.42205,0,59.74673,0.4256026,0.00712345,89662.434,80000.011,-9662.434,-0.011,True,False,-0.00251
360.44,FINE,THRUST,79999.884,28.6104587,0.1295453,-1537.474,0.01073,-79.12317,2285.58478,2278.93183,-6.65294,0,0.05386,-0.01737,-0.05484,0.42227,0,-0.05484,0.42227,0,59.74787,0.4258168,0.00712689,89659.957,80000.013,-9659.957,-0.013,True,False,0.00359
360.58,FINE,THRUST,79999.886,28.611533,0.1294993,-1536.929,0.01063,-79.09715,2285.58363,2278.93183,-6.6518,0,0.05385,-0.01736,-0.05481,0.42249,0,-0.05481,0.42249,0,59.74901,0.4260307,0.00713034,89657.479,80000.014,-9657.479,-0.014,True,False,0.00481
360.72,FINE,THRUST,79999.887,28.6126073,0.1294534,-1536.383,0.01053,-79.07112,2285.58249,2278.93183,-6.65066,0,0.05384,-0.01736,-0.05479,0.42271,0,-0.05479,0.42271,0,59.75014,0.4262443,0.00713378,89654.998,80000.015,-9654.998,-0.015,True,False,0.00593
360.86,FINE,THRUST,79999.889,28.6136818,0.1294074,-1535.837,0.01042,-79.04507,2285.58134,2278.93183,-6.64951,0,0.05382,-0.01735,-0.05477,0.42293,0,-0.05477,0.42293,0,59.75128,0.4264578,0.00713722,89652.515,80000.017,-9652.515,-0.017,True,False,0.0069
361,FINE,THRUST,79999.89,28.6147565,0.1293614,-1535.291,0.01032,-79.019,2285.58019,2278.93182,-6.64837,0,0.05381,-0.01734,-0.05475,0.42314,0,-0.05475,0.42314,0,59.75241,0.4266711,0.00714065,89650.031,80000.018,-9650.031,-0.018,True,False,0.0077
361.14,FINE,THRUST,79999.891,28.6158312,0.1293153,-1534.745,0.01022,-78.99292,2285.57904,2278.93182,-6.64722,0,0.0538,-0.01734,-0.05473,0.42336,0,-0.05473,0.42336,0,59.75355,0.4268841,0.00714408,89647.545,80000.02,-9647.545,-0.02,True,False,0.0083
361.28,FINE,THRUST,79999.893,28.616906,0.1292692,-1534.198,0.01012,-78.96683,2285.57789,2278.93182,-6.64607,0,0.05378,-0.01733,-0.05471,0.42358,0,-0.05471,0.42358,0,59.75469,0.4270969,0.0071475,89645.058,80000.021,-9645.058,-0.021,True,False,0.00874
361.42,FINE,THRUST,79999.894,28.617981,0.1292232,-1533.651,0.01002,-78.94072,2285.57674,2278.93182,-6.64492,0,0.05377,-0.01732,-0.05469,0.4238,0,-0.05469,0.4238,0,59.75583,0.4273095,0.00715093,89642.57,80000.022,-9642.57,-0.022,True,False,0.00905
361.56,FINE,THRUST,79999.896,28.619056,0.129177,-1533.104,0.00992,-78.91459,2285.57559,2278.93181,-6.64378,0,0.05375,-0.01732,-0.05467,0.42401,0,-0.05467,0.42401,0,59.75696,0.4275219,0.00715435,89640.082,80000.024,-9640.082,-0.024,True,False,0.00923
361.7,FINE,THRUST,79999.897,28.6201312,0.1291309,-1532.556,0.00982,-78.88845,2285.57444,2278.93181,-6.64263,0,0.05374,-0.01731,-0.05465,0.42423,0,-0.05465,0.42423,0,59.7581,0.4277342,0.00715776,89637.594,80000.025,-9637.594,-0.025,True,False,0.00931
361.84,FINE,THRUST,79999.899,28.6212064,0.1290847,-1532.008,0.00972,-78.86229,2285.57329,2278.93181,-6.64148,0,0.05373,-0.01731,-0.05463,0.42445,0,-0.05463,0.42445,0,59.75924,0.4279462,0.00716117,89635.105,80000.026,-9635.105,-0.026,True,False,0.00932
361.98,FINE,THRUST,79999.9,28.6222818,0.1290385,-1531.46,0.00962,-78.83611,2285.57214,2278.93181,-6.64033,0,0.05371,-0.0173,-0.05461,0.42466,0,-0.05461,0.42466,0,59.76039,0.428158,0.00716458,89632.616,80000.028,-9632.616,-0.028,True,False,0.00925
362.12,FINE,THRUST,79999.901,28.6233572,0.1289923,-1530.911,0.00952,-78.80992,2285.57099,2278.9318,-6.63918,0,0.0537,-0.01729,-0.05459,0.42488,0,-0.05459,0.42488,0,59.76153,0.4283696,0.00716798,89630.127,80000.029,-9630.127,-0.029,True,False,0.00913
362.26,FINE,THRUST,79999.9,28.6244328,0.1289461,-1530.363,0.00943,-78.78372,2285.56984,2278.9318,-6.63804,0,0.05369,-0.01729,-0.05457,0.42509,0,-0.05457,0.42509,0,59.76267,0.428581,0.00717138,89627.637,80000.03,-9627.637,-0.03,True,False,0.00896
362.4,FINE,THRUST,79999.896,28.6255085,0.1288998,-1529.813,0.00934,-78.75749,2285.56871,2278.93181,-6.6369,0,0.05367,-0.01728,-0.0545,0.42531,0,-0.0545,0.42531,0,59.76381,0.42879,0.00717474,89625.151,80000.024,-9625.151,-0.024,True,False,0.0135
362.54,FINE,THRUST,79999.898,28.6265843,0.1288535,-1529.264,0.00924,-78.73126,2285.56756,2278.93181,-6.63575,0,0.05366,-0.01728,-0.05448,0.42553,0,-0.05448,0.42553,0,59.76495,0.4290011,0.00717814,89622.661,80000.025,-9622.661,-0.025,True,False,0.01302
362.68,FINE,THRUST,79999.898,28.6276601,0.1288072,-1528.714,0.00915,-78.705,2285.56641,2278.93181,-6.6346,0,0.05364,-0.01727,-0.05446,0.42574,0,-0.05446,0.42574,0,59.7661,0.429212,0.00718153,89620.171,80000.026,-9620.171,-0.026,True,False,0.01233
362.82,FINE,THRUST,79999.892,28.6287361,0.1287608,-1528.164,0.00906,-78.67873,2285.56528,2278.93182,-6.63346,0,0.05363,-0.01726,-0.0544,0.42596,0,-0.0544,0.42596,0,59.76724,0.4294209,0.00718489,89617.684,80000.021,-9617.684,-0.021,True,False,0.0163
362.96,FINE,THRUST,79999.894,28.6298122,0.1287144,-1527.613,0.00897,-78.65245,2285.56413,2278.93182,-6.63232,0,0.05362,-0.01726,-0.05437,0.42618,0,-0.05437,0.42618,0,59.76839,0.4296311,0.00718827,89615.194,80000.021,-9615.194,-0.021,True,False,0.01612
363.1,FINE,THRUST,79999.895,28.6308883,0.128668,-1527.063,0.00888,-78.62615,2285.56298,2278.93182,-6.63117,0,0.0536,-0.01725,-0.05435,0.42639,0,-0.05435,0.42639,0,59.76953,0.4298415,0.00719165,89612.704,80000.022,-9612.704,-0.022,True,False,0.01467
363.24,FINE,THRUST,79999.896,28.6319646,0.1286216,-1526.512,0.00879,-78.59984,2285.56184,2278.93181,-6.63002,0,0.05359,-0.01724,-0.05433,0.42661,0,-0.05433,0.42661,0,59.77068,0.4300517,0.00719503,89610.213,80000.023,-9610.213,-0.023,True,False,0.01306
363.38,FINE,THRUST,79999.898,28.6330409,0.1285752,-1525.961,0.00871,-78.57351,2285.56069,2278.93181,-6.62888,0,0.05358,-0.01724,-0.05431,0.42682,0,-0.05431,0.42682,0,59.77182,0.4302617,0.0071984,89607.723,80000.024,-9607.723,-0.024,True,False,0.0113
363.52,FINE,THRUST,79999.899,28.6341174,0.1285287,-1525.41,0.00863,-78.54716,2285.55954,2278.93181,-6.62773,0,0.05356,-0.01723,-0.05429,0.42703,0,-0.05429,0.42703,0,59.77297,0.4304716,0.00720178,89605.233,80000.025,-9605.233,-0.025,True,False,0.0094
363.66,FINE,THRUST,79999.9,28.6351939,0.1284823,-1524.858,0.00855,-78.5208,2285.55839,2278.93181,-6.62658,0,0.05355,-0.01723,-0.05427,0.42725,0,-0.05427,0.42725,0,59.77412,0.4306812,0.00720515,89602.743,80000.026,-9602.743,-0.026,True,False,0.00744
363.8,FINE,THRUST,79999.901,28.6362705,0.1284358,-1524.306,0.00848,-78.49442,2285.55724,2278.9318,-6.62544,0,0.05353,-0.01722,-0.05426,0.42746,0,-0.05426,0.42746,0,59.77527,0.4308907,0.00720851,89600.253,80000.028,-9600.253,-0.028,True,False,0.00544
363.94,FINE,THRUST,79999.903,28.6373473,0.1283892,-1523.754,0.00841,-78.46803,2285.5561,2278.9318,-6.62429,0,0.05352,-0.01721,-0.05424,0.42767,0,-0.05424,0.42767,0,59.77642,0.4311,0.00721187,89597.764,80000.029,-9597.764,-0.029,True,False,0.00366
364.08,FINE,THRUST,79999.904,28.6384241,0.1283427,-1523.201,0.00834,-78.44162,2285.55495,2278.9318,-6.62315,0,0.05351,-0.01721,-0.05422,0.42789,0,-0.05422,0.42789,0,59.77757,0.4313091,0.00721523,89595.275,80000.03,-9595.275,-0.03,True,False,-0.00298
364.22,FINE,THRUST,79999.905,28.639501,0.1282961,-1522.648,0.00827,-78.41519,2285.5538,2278.9318,-6.622,0,0.05349,-0.0172,-0.05421,0.4281,0,-0.05421,0.4281,0,59.77872,0.431518,0.00721859,89592.786,80000.031,-9592.786,-0.031,True,False,-0.00419
364.36,FINE,THRUST,79999.906,28.640578,0.1282495,-1522.095,0.00821,-78.38875,2285.55266,2278.9318,-6.62086,0,0.05348,-0.01719,-0.05419,0.42831,0,-0.05419,0.42831,0,59.77987,0.4317268,0.00722194,89590.297,80000.032,-9590.297,-0.032,True,False,-0.0062
364.5,FINE,THRUST,79999.907,28.6416551,0.1282029,-1521.542,0.00815,-78.3623,2285.55151,2278.93179,-6.61972,0,0.05347,-0.01719,-0.05417,0.42852,0,-0.05417,0.42852,0,59.78102,0.4319354,0.00722529,89587.809,80000.033,-9587.809,-0.033,True,False,-0.00827
364.64,FINE,THRUST,79999.909,28.6427323,0.1281562,-1520.988,0.0081,-78.33582,2285.55037,2278.93179,-6.61857,0,0.05345,-0.01718,-0.05416,0.42874,0,-0.05416,0.42874,0,59.78217,0.4321438,0.00722864,89585.321,80000.034,-9585.321,-0.034,True,False,-0.01017
364.78,FINE,THRUST,79999.91,28.6438095,0.1281095,-1520.434,0.00805,-78.30934,2285.54922,2278.93179,-6.61743,0,0.05344,-0.01718,-0.05415,0.42895,0,-0.05415,0.42895,0,59.78332,0.432352,0.00723198,89582.834,80000.035,-9582.834,-0.035,True,False,-0.01184
364.92,FINE,THRUST,79999.911,28.6448869,0.1280628,-1519.88,0.008,-78.28283,2285.54808,2278.93179,-6.61629,0,0.05342,-0.01717,-0.05413,0.42916,0,-0.05413,0.42916,0,59.78448,0.4325601,0.00723532,89580.347,80000.036,-9580.347,-0.036,True,False,-0.01324
365.06,FINE,THRUST,79999.912,28.6459643,0.1280161,-1519.325,0.00795,-78.25632,2285.54694,2278.93179,-6.61515,0,0.05341,-0.01716,-0.05412,0.42937,0,-0.05412,0.42937,0,59.78563,0.432768,0.00723866,89577.861,80000.037,-9577.861,-0.037,True,False,-0.01439
365.2,FINE,THRUST,79999.913,28.6470419,0.1279693,-1518.771,0.0079,-78.22978,2285.5458,2278.93178,-6.61401,0,0.0534,-0.01716,-0.0541,0.42958,0,-0.0541,0.42958,0,59.78678,0.4329757,0.007242,89575.376,80000.038,-9575.376,-0.038,True,False,-0.01531
365.34,FINE,THRUST,79999.914,28.6481194,0.1279226,-1518.215,0.00786,-78.20323,2285.54465,2278.93178,-6.61287,0,0.05338,-0.01715,-0.05409,0.42979,0,-0.05409,0.42979,0,59.78794,0.4331833,0.00724533,89572.891,80000.039,-9572.891,-0.039,True,False,-0.01609
365.48,FINE,THRUST,79999.916,28.6491971,0.1278758,-1517.66,0.00781,-78.17667,2285.54351,2278.93178,-6.61173,0,0.05337,-0.01714,-0.05408,0.43,0,-0.05408,0.43,0,59.78909,0.4333907,0.00724866,89570.407,80000.04,-9570.407,-0.04,True,False,-0.01672
365.62,FINE,THRUST,79999.917,28.6502749,0.127829,-1517.104,0.00777,-78.15009,2285.54238,2278.93178,-6.6106,0,0.05335,-0.01714,-0.05406,0.43021,0,-0.05406,0.43021,0,59.79025,0.433598,0.00725198,89567.924,80000.041,-9567.924,-0.041,True,False,-0.01725
365.76,FINE,THRUST,79999.918,28.6513527,0.1277821,-1516.548,0.00772,-78.1235,2285.54124,2278.93178,-6.60946,0,0.05334,-0.01713,-0.05405,0.43043,0,-0.05405,0.43043,0,59.79141,0.4338051,0.00725531,89565.442,80000.042,-9565.442,-0.042,True,False,-0.01772
365.9,FINE,THRUST,79999.919,28.6524306,0.1277352,-1515.992,0.00767,-78.09689,2285.5401,2278.93177,-6.60832,0,0.05333,-0.01713,-0.05403,0.43064,0,-0.05403,0.43064,0,59.79256,0.434012,0.00725863,89562.96,80000.043,-9562.96,-0.043,True,False,-0.01809
366.04,FINE,THRUST,79999.92,28.6535085,0.1276884,-1515.436,0.00763,-78.07027,2285.53896,2278.93177,-6.60719,0,0.05331,-0.01712,-0.05402,0.43085,0,-0.05402,0.43085,0,59.79372,0.4342188,0.00726195,89560.48,80000.044,-9560.48,-0.044,True,False,-0.01843
366.18,FINE,THRUST,79999.921,28.6545866,0.1276414,-1514.879,0.00758,-78.04363,2285.53783,2278.93177,-6.60606,0,0.0533,-0.01711,-0.054,0.43106,0,-0.054,0.43106,0,59.79488,0.4344255,0.00726526,89558,80000.045,-9558,-0.045,True,False,-0.01871
366.32,FINE,THRUST,79999.922,28.6556646,0.1275945,-1514.322,0.00754,-78.01697,2285.53669,2278.93177,-6.60492,0,0.05329,-0.01711,-0.05399,0.43127,0,-0.05399,0.43127,0,59.79604,0.434632,0.00726858,89555.522,80000.046,-9555.522,-0.046,True,False,-0.0189
366.46,FINE,THRUST,79999.923,28.6567428,0.1275475,-1513.764,0.00749,-77.9903,2285.53556,2278.93177,-6.60379,0,0.05327,-0.0171,-0.05398,0.43148,0,-0.05398,0.43148,0,59.7972,0.4348384,0.00727189,89553.046,80000.047,-9553.046,-0.047,True,False,-0.01898
366.6,FINE,THRUST,79999.924,28.657821,0.1275005,-1513.207,0.00744,-77.96362,2285.53443,2278.93177,-6.60266,0,0.05326,-0.01709,-0.05396,0.43169,0,-0.05396,0.43169,0,59.79836,0.4350447,0.00727519,89550.571,80000.048,-9550.571,-0.048,True,False,-0.01896
366.74,FINE,THRUST,79999.925,28.6588993,0.1274535,-1512.649,0.00739,-77.93692,2285.5333,2278.93176,-6.60154,0,0.05325,-0.01709,-0.05395,0.43189,0,-0.05395,0.43189,0,59.79952,0.4352508,0.0072785,89548.096,80000.049,-9548.096,-0.049,True,False,-0.01878
366.88,FINE,THRUST,79999.926,28.6599777,0.1274065,-1512.09,0.00735,-77.91021,2285.53217,2278.93176,-6.60041,0,0.05323,-0.01708,-0.05393,0.4321,0,-0.05393,0.4321,0,59.80068,0.4354567,0.0072818,89545.622,80000.05,-9545.622,-0.05,True,False,-0.01847
367.02,FINE,THRUST,79999.927,28.6610561,0.1273594,-1511.532,0.0073,-77.88348,2285.53104,2278.93176,-6.59928,0,0.05322,-0.01707,-0.05392,0.43231,0,-0.05392,0.43231,0,59.80184,0.4356626,0.0072851,89543.147,80000.051,-9543.147,-0.051,True,False,-0.01805
367.16,FINE,THRUST,79999.928,28.6621346,0.1273123,-1510.973,0.00725,-77.85674,2285.52991,2278.93176,-6.59815,0,0.0532,-0.01707,-0.0539,0.43252,0,-0.0539,0.43252,0,59.803,0.4358682,0.0072884,89540.673,80000.052,-9540.673,-0.052,True,False,-0.01753
367.3,FINE,THRUST,79999.929,28.6632132,0.1272652,-1510.414,0.0072,-77.82998,2285.52878,2278.93176,-6.59702,0,0.05319,-0.01706,-0.05389,0.43273,0,-0.05389,0.43273,0,59.80417,0.4360738,0.0072917,89538.198,80000.053,-9538.198,-0.053,True,False,-0.0169
367.44,FINE,THRUST,79999.93,28.6642918,0.1272181,-1509.855,0.00715,-77.80321,2285.52765,2278.93176,-6.5959,0,0.05318,-0.01706,-0.05387,0.43294,0,-0.05387,0.43294,0,59.80533,0.4362792,0.00729499,89535.723,80000.054,-9535.723,-0.054,True,False,-0.01619
367.58,FINE,THRUST,79999.931,28.6653704,0.1271709,-1509.295,0.00709,-77.77642,2285.52652,2278.93175,-6.59477,0,0.05316,-0.01705,-0.05386,0.43315,0,-0.05386,0.43315,0,59.80649,0.4364845,0.00729828,89533.248,80000.055,-9533.248,-0.055,True,False,-0.01545
367.72,FINE,THRUST,79999.932,28.6664491,0.1271238,-1508.735,0.00704,-77.74962,2285.52539,2278.93175,-6.59364,0,0.05315,-0.01704,-0.05384,0.43336,0,-0.05384,0.43336,0,59.80766,0.4366897,0.00730157,89530.772,80000.056,-9530.772,-0.056,True,False,-0.01472
367.86,FINE,THRUST,79999.933,28.6675279,0.1270766,-1508.175,0.00699,-77.7228,2285.52426,2278.93175,-6.59251,0,0.05314,-0.01704,-0.05382,0.43357,0,-0.05382,0.43357,0,59.80882,0.4368947,0.00730485,89528.295,80000.057,-9528.295,-0.057,True,False,-0.01403
368,FINE,THRUST,79999.934,28.6686067,0.1270293,-1507.614,0.00693,-77.69597,2285.52313,2278.93175,-6.59138,0,0.05312,-0.01703,-0.05381,0.43378,0,-0.05381,0.43378,0,59.80999,0.4370996,0.00730814,89525.819,80000.058,-9525.819,-0.058,True,False,-0.01343
368.14,FINE,THRUST,79999.935,28.6696856,0.1269821,-1507.054,0.00687,-77.66912,2285.522,2278.93175,-6.59025,0,0.05311,-0.01702,-0.05379,0.43398,0,-0.05379,0.43398,0,59.81116,0.4373044,0.00731142,89523.341,80000.059,-9523.341,-0.059,True,False,-0.013
368.28,FINE,THRUST,79999.936,28.6707645,0.1269348,-1506.493,0.00681,-77.64226,2285.52087,2278.93175,-6.58912,0,0.05309,-0.01702,-0.05377,0.43419,0,-0.05377,0.43419,0,59.81232,0.4375091,0.0073147,89520.863,80000.06,-9520.863,-0.06,True,False,0.01277
368.42,FINE,THRUST,79999.937,28.6718435,0.1268875,-1505.931,0.00675,-77.61538,2285.51974,2278.93174,-6.58799,0,0.05308,-0.01701,-0.05376,0.4344,0,-0.05376,0.4344,0,59.81349,0.4377136,0.00731798,89518.385,80000.061,-9518.385,-0.061,True,False,0.01271
368.56,FINE,THRUST,79999.938,28.6729225,0.1268402,-1505.37,0.00669,-77.58849,2285.51861,2278.93174,-6.58686,0,0.05307,-0.017,-0.05374,0.43461,0,-0.05374,0.43461,0,59.81466,0.4379181,0.00732125,89515.906,80000.061,-9515.906,-0.061,True,False,0.01279
368.7,FINE,THRUST,79999.939,28.6740016,0.1267928,-1504.808,0.00662,-77.56159,2285.51747,2278.93174,-6.58573,0,0.05305,-0.017,-0.05372,0.43482,0,-0.05372,0.43482,0,59.81583,0.4381224,0.00732452,89513.426,80000.062,-9513.426,-0.062,True,False,0.0129
368.84,FINE,THRUST,79999.94,28.6750807,0.1267455,-1504.245,0.00655,-77.53467,2285.51634,2278.93174,-6.5846,0,0.05304,-0.01699,-0.0537,0.43502,0,-0.0537,0.43502,0,59.81699,0.4383266,0.00732779,89510.946,80000.063,-9510.946,-0.063,True,False,0.01304
368.98,FINE,THRUST,79999.941,28.6761599,0.1266981,-1503.683,0.00649,-77.50774,2285.51521,2278.93174,-6.58347,0,0.05303,-0.01699,-0.05368,0.43523,0,-0.05368,0.43523,0,59.81816,0.4385307,0.00733106,89508.465,80000.064,-9508.465,-0.064,True,False,0.0131
369.12,FINE,THRUST,79999.942,28.6772391,0.1266507,-1503.12,0.00642,-77.48079,2285.51408,2278.93174,-6.58234,0,0.05301,-0.01698,-0.05366,0.43544,0,-0.05366,0.43544,0,59.81933,0.4387346,0.00733433,89505.983,80000.065,-9505.983,-0.065,True,False,0.01311
369.26,FINE,THRUST,79999.943,28.6783184,0.1266032,-1502.557,0.00635,-77.45382,2285.51294,2278.93174,-6.58121,0,0.053,-0.01697,-0.05364,0.43565,0,-0.05364,0.43565,0,59.8205,0.4389385,0.00733759,89503.5,80000.066,-9503.5,-0.066,True,False,0.01303
369.4,FINE,THRUST,79999.944,28.6793977,0.1265557,-1501.994,0.00629,-77.42685,2285.51181,2278.93173,-6.58008,0,0.05298,-0.01697,-0.05363,0.43586,0,-0.05363,0.43586,0,59.82167,0.4391422,0.00734085,89501.017,80000.066,-9501.017,-0.066,True,False,0.01289
369.54,FINE,THRUST,79999.944,28.6804771,0.1265083,-1501.43,0.00622,-77.39985,2285.51067,2278.93173,-6.57894,0,0.05297,-0.01696,-0.05361,0.43606,0,-0.05361,0.43606,0,59.82285,0.4393458,0.00734411,89498.533,80000.067,-9498.533,-0.067,True,False,0.01265
369.68,FINE,THRUST,79999.945,28.6815565,0.1264607,-1500.866,0.00616,-77.37285,2285.50954,2278.93173,-6.57781,0,0.05296,-0.01695,-0.05359,0.43627,0,-0.05359,0.43627,0,59.82402,0.4395493,0.00734737,89496.047,80000.068,-9496.047,-0.068,True,False,0.01238
369.82,FINE,THRUST,79999.946,28.682636,0.1264132,-1500.302,0.00609,-77.34582,2285.5084,2278.93173,-6.57667,0,0.05294,-0.01695,-0.05357,0.43648,0,-0.05357,0.43648,0,59.82519,0.4397526,0.00735063,89493.561,80000.069,-9493.561,-0.069,True,False,0.01203
369.96,FINE,THRUST,79999.947,28.6837155,0.1263656,-1499.738,0.00603,-77.31879,2285.50727,2278.93173,-6.57554,0,0.05293,-0.01694,-0.05355,0.43668,0,-0.05355,0.43668,0,59.82637,0.4399559,0.00735388,89491.073,80000.07,-9491.073,-0.07,True,False,0.01163
370.1,FINE,THRUST,79999.948,28.684795,0.1263181,-1499.173,0.00596,-77.29173,2285.50613,2278.93173,-6.5744,0,0.05292,-0.01693,-0.05353,0.43689,0,-0.05353,0.43689,0,59.82754,0.440159,0.00735713,89488.585,80000.07,-9488.585,-0.07,True,False,0.01117
370.24,FINE,THRUST,79999.949,28.6858746,0.1262705,-1498.608,0.0059,-77.26467,2285.50499,2278.93172,-6.57327,0,0.0529,-0.01693,-0.05352,0.4371,0,-0.05352,0.4371,0,59.82871,0.440362,0.00736038,89486.095,80000.071,-9486.095,-0.071,True,False,0.01068
370.38,FINE,THRUST,79999.95,28.6869542,0.1262228,-1498.043,0.00584,-77.23758,2285.50385,2278.93172,-6.57213,0,0.05289,-0.01692,-0.0535,0.4373,0,-0.0535,0.4373,0,59.82989,0.4405649,0.00736363,89483.604,80000.072,-9483.604,-0.072,True,False,0.01013
370.52,FINE,THRUST,79999.95,28.6880339,0.1261752,-1497.477,0.00578,-77.21049,2285.50271,2278.93172,-6.57099,0,0.05287,-0.01692,-0.05348,0.43751,0,-0.05348,0.43751,0,59.83107,0.4407677,0.00736687,89481.112,80000.073,-9481.112,-0.073,True,False,0.00955
370.66,FINE,THRUST,79999.951,28.6891136,0.1261275,-1496.911,0.00572,-77.18338,2285.50157,2278.93172,-6.56985,0,0.05286,-0.01691,-0.05346,0.43772,0,-0.05346,0.43772,0,59.83224,0.4409704,0.00737011,89478.619,80000.073,-9478.619,-0.073,True,False,0.00894
370.8,FINE,THRUST,79999.952,28.6901934,0.1260798,-1496.345,0.00566,-77.15625,2285.50043,2278.93172,-6.56871,0,0.05285,-0.0169,-0.05344,0.43792,0,-0.05344,0.43792,0,59.83342,0.4411729,0.00737335,89476.124,80000.074,-9476.124,-0.074,True,False,0.0083
370.94,FINE,THRUST,79999.953,28.6912732,0.1260321,-1495.778,0.0056,-77.12911,2285.49929,2278.93172,-6.56757,0,0.05283,-0.0169,-0.05343,0.43813,0,-0.05343,0.43813,0,59.8346,0.4413754,0.00737659,89473.628,80000.075,-9473.628,-0.075,True,False,0.00766
371.08,FINE,THRUST,79999.954,28.692353,0.1259843,-1495.212,0.00554,-77.10196,2285.49815,2278.93172,-6.56643,0,0.05282,-0.01689,-0.05341,0.43834,0,-0.05341,0.43834,0,59.83577,0.4415777,0.00737983,89471.13,80000.076,-9471.13,-0.076,True,False,0.00701
371.22,FINE,THRUST,79999.954,28.6934329,0.1259365,-1494.645,0.00549,-77.07479,2285.497,2278.93172,-6.56529,0,0.0528,-0.01688,-0.05339,0.43854,0,-0.05339,0.43854,0,59.83695,0.4417799,0.00738306,89468.631,80000.076,-9468.631,-0.076,True,False,0.00641
371.36,FINE,THRUST,79999.955,28.6945128,0.1258887,-1494.078,0.00543,-77.0476,2285.49586,2278.93171,-6.56414,0,0.05279,-0.01688,-0.05337,0.43875,0,-0.05337,0.43875,0,59.83813,0.441982,0.00738629,89466.131,80000.077,-9466.131,-0.077,True,False,0.00589
371.5,FINE,THRUST,79999.956,28.6955927,0.1258409,-1493.51,0.00538,-77.0204,2285.49471,2278.93171,-6.563,0,0.05278,-0.01687,-0.05335,0.43895,0,-0.05335,0.43895,0,59.83931,0.442184,0.00738952,89463.629,80000.078,-9463.629,-0.078,True,False,0.00551
371.64,FINE,THRUST,79999.957,28.6966727,0.1257931,-1492.942,0.00532,-76.99319,2285.49356,2278.93171,-6.56185,0,0.05276,-0.01686,-0.05334,0.43916,0,-0.05334,0.43916,0,59.84049,0.4423859,0.00739275,89461.125,80000.078,-9461.125,-0.078,True,False,0.00534
371.78,FINE,THRUST,79999.958,28.6977527,0.1257452,-1492.374,0.00527,-76.96596,2285.49241,2278.93171,-6.5607,0,0.05275,-0.01686,-0.05332,0.43936,0,-0.05332,0.43936,0,59.84167,0.4425877,0.00739598,89458.619,80000.079,-9458.619,-0.079,True,False,0.00541
371.92,FINE,THRUST,79999.958,28.6988328,0.1256973,-1491.806,0.00522,-76.93871,2285.49126,2278.93171,-6.55955,0,0.05274,-0.01685,-0.0533,0.43957,0,-0.0533,0.43957,0,59.84285,0.4427894,0.0073992,89456.111,80000.08,-9456.111,-0.08,True,False,0.00563
372.06,FINE,THRUST,79999.959,28.6999129,0.1256494,-1491.237,0.00517,-76.91146,2285.49011,2278.93171,-6.5584,0,0.05272,-0.01685,-0.05329,0.43977,0,-0.05329,0.43977,0,59.84404,0.4429909,0.00740242,89453.601,80000.08,-9453.601,-0.08,True,False,0.00601
372.2,FINE,THRUST,79999.96,28.700993,0.1256015,-1490.668,0.00512,-76.88418,2285.48896,2278.93171,-6.55725,0,0.05271,-0.01684,-0.05327,0.43998,0,-0.05327,0.43998,0,59.84522,0.4431924,0.00740564,89451.089,80000.081,-9451.089,-0.081,True,False,0.00644
372.34,FINE,THRUST,79999.961,28.7020731,0.1255535,-1490.099,0.00508,-76.85689,2285.4878,2278.9317,-6.5561,0,0.05269,-0.01683,-0.05325,0.44018,0,-0.05325,0.44018,0,59.8464,0.4433937,0.00740886,89448.576,80000.082,-9448.576,-0.082,True,False,0.00691
372.48,FINE,THRUST,79999.961,28.7031533,0.1255055,-1489.529,0.00503,-76.82959,2285.48665,2278.9317,-6.55494,0,0.05268,-0.01683,-0.05324,0.44039,0,-0.05324,0.44039,0,59.84759,0.4435949,0.00741208,89446.061,80000.082,-9446.061,-0.082,True,False,-0.00742
372.62,FINE,THRUST,79999.962,28.7042335,0.1254575,-1488.959,0.00499,-76.80227,2285.48549,2278.9317,-6.55379,0,0.05267,-0.01682,-0.05322,0.44059,0,-0.05322,0.44059,0,59.84877,0.4437961,0.00741529,89443.546,80000.083,-9443.546,-0.083,True,False,-0.00798
372.76,FINE,THRUST,79999.963,28.7053137,0.1254095,-1488.389,0.00495,-76.77494,2285.48433,2278.9317,-6.55263,0,0.05265,-0.01681,-0.0532,0.4408,0,-0.0532,0.4408,0,59.84996,0.4439971,0.0074185,89441.031,80000.083,-9441.031,-0.083,True,False,-0.00862
372.9,FINE,THRUST,79999.964,28.706394,0.1253614,-1487.819,0.00491,-76.7476,2285.48318,2278.9317,-6.55148,0,0.05264,-0.01681,-0.05319,0.441,0,-0.05319,0.441,0,59.85114,0.444198,0.00742171,89438.514,80000.084,-9438.514,-0.084,True,False,-0.00936
373.04,FINE,THRUST,79999.964,28.7074742,0.1253133,-1487.248,0.00487,-76.72023,2285.48202,2278.9317,-6.55032,0,0.05262,-0.0168,-0.05317,0.44121,0,-0.05317,0.44121,0,59.85233,0.4443988,0.00742492,89435.998,80000.085,-9435.998,-0.085,True,False,-0.0101
373.18,FINE,THRUST,79999.965,28.7085546,0.1252652,-1486.678,0.00483,-76.69286,2285.48087,2278.9317,-6.54917,0,0.05261,-0.01679,-0.05316,0.44141,0,-0.05316,0.44141,0,59.85351,0.4445995,0.00742813,89433.481,80000.085,-9433.481,-0.085,True,False,-0.01077
373.32,FINE,THRUST,79999.966,28.7096349,0.1252171,-1486.106,0.0048,-76.66547,2285.47971,2278.9317,-6.54801,0,0.0526,-0.01679,-0.05314,0.44161,0,-0.05314,0.44161,0,59.8547,0.4448001,0.00743133,89430.965,80000.086,-9430.965,-0.086,True,False,-0.01138
373.46,FINE,THRUST,79999.966,28.7107153,0.1251689,-1485.535,0.00477,-76.63806,2285.47855,2278.9317,-6.54686,0,0.05258,-0.01678,-0.05313,0.44182,0,-0.05313,0.44182,0,59.85589,0.4450006,0.00743453,89428.448,80000.087,-9428.448,-0.087,True,False,-0.0119
373.6,FINE,THRUST,79999.967,28.7117956,0.1251208,-1484.963,0.00474,-76.61064,2285.4774,2278.93169,-6.5457,0,0.05257,-0.01677,-0.05311,0.44202,0,-0.05311,0.44202,0,59.85708,0.445201,0.00743773,89425.931,80000.087,-9425.931,-0.087,True,False,-0.01229
373.74,FINE,THRUST,79999.968,28.7128761,0.1250726,-1484.391,0.00471,-76.58321,2285.47624,2278.93169,-6.54455,0,0.05255,-0.01677,-0.0531,0.44222,0,-0.0531,0.44222,0,59.85826,0.4454013,0.00744093,89423.414,80000.088,-9423.414,-0.088,True,False,-0.01254
373.88,FINE,THRUST,79999.968,28.7139565,0.1250244,-1483.819,0.00467,-76.55576,2285.47509,2278.93169,-6.54339,0,0.05254,-0.01676,-0.05308,0.44243,0,-0.05308,0.44243,0,59.85945,0.4456014,0.00744413,89420.897,80000.088,-9420.897,-0.088,True,False,-0.01268
374.02,FINE,THRUST,79999.969,28.7150369,0.1249761,-1483.246,0.00464,-76.5283,2285.47393,2278.93169,-6.54224,0,0.05253,-0.01675,-0.05307,0.44263,0,-0.05307,0.44263,0,59.86064,0.4458015,0.00744732,89418.381,80000.089,-9418.381,-0.089,True,False,-0.01272
374.16,FINE,THRUST,79999.97,28.7161174,0.1249278,-1482.673,0.00461,-76.50082,2285.47277,2278.93169,-6.54109,0,0.05251,-0.01675,-0.05306,0.44283,0,-0.05306,0.44283,0,59.86183,0.4460015,0.00745052,89415.864,80000.089,-9415.864,-0.089,True,False,-0.01269
374.3,FINE,THRUST,79999.964,28.7171979,0.1248795,-1482.1,0.00458,-76.47333,2285.47163,2278.93169,-6.53993,0,0.0525,-0.01674,-0.05302,0.44304,0,-0.05302,0.44304,0,59.86303,0.4462009,0.0074537,89413.349,80000.087,-9413.349,-0.087,True,False,-0.01079
374.44,FINE,THRUST,79999.963,28.7182784,0.1248312,-1481.526,0.00455,-76.44582,2285.47049,2278.9317,-6.53879,0,0.05248,-0.01674,-0.05298,0.44325,0,-0.05298,0.44325,0,59.86422,0.4463997,0.00745687,89410.834,80000.083,-9410.834,-0.083,True,False,-0.00749
374.58,FINE,THRUST,79999.964,28.7193589,0.1247829,-1480.953,0.00452,-76.4183,2285.46933,2278.9317,-6.53763,0,0.05247,-0.01673,-0.05296,0.44345,0,-0.05296,0.44345,0,59.86541,0.4465994,0.00746006,89408.318,80000.083,-9408.318,-0.083,True,False,-0.00714
374.72,FINE,THRUST,79999.965,28.7204394,0.1247345,-1480.379,0.00449,-76.39076,2285.46818,2278.9317,-6.53648,0,0.05246,-0.01672,-0.05295,0.44365,0,-0.05295,0.44365,0,59.8666,0.4467991,0.00746324,89405.803,80000.084,-9405.803,-0.084,True,False,-0.00675
374.86,FINE,THRUST,79999.965,28.72152,0.1246861,-1479.804,0.00446,-76.36321,2285.46703,2278.9317,-6.53533,0,0.05244,-0.01672,-0.05293,0.44385,0,-0.05293,0.44385,0,59.86779,0.4469986,0.00746643,89403.287,80000.084,-9403.287,-0.084,True,False,-0.0063
375,FINE,THRUST,79999.966,28.7226005,0.1246377,-1479.23,0.00443,-76.33565,2285.46587,2278.9317,-6.53418,0,0.05243,-0.01671,-0.05292,0.44406,0,-0.05292,0.44406,0,59.86899,0.447198,0.00746961,89400.772,80000.085,-9400.772,-0.085,True,False,-0.0058
375.14,FINE,THRUST,79999.966,28.7236811,0.1245893,-1478.655,0.0044,-76.30807,2285.46472,2278.93169,-6.53303,0,0.05242,-0.0167,-0.0529,0.44426,0,-0.0529,0.44426,0,59.87018,0.4473974,0.00747279,89398.257,80000.086,-9398.257,-0.086,True,False,-0.00525
375.28,FINE,THRUST,79999.967,28.7247616,0.1245408,-1478.08,0.00437,-76.28048,2285.46357,2278.93169,-6.53187,0,0.0524,-0.0167,-0.05289,0.44446,0,-0.05289,0.44446,0,59.87138,0.4475967,0.00747597,89395.743,80000.086,-9395.743,-0.086,True,False,-0.00465
375.42,FINE,THRUST,79999.968,28.7258422,0.1244923,-1477.505,0.00434,-76.25287,2285.46242,2278.93169,-6.53072,0,0.05239,-0.01669,-0.05287,0.44466,0,-0.05287,0.44466,0,59.87257,0.4477959,0.00747915,89393.23,80000.087,-9393.23,-0.087,True,False,-0.004
375.56,FINE,THRUST,79999.968,28.7269228,0.1244438,-1476.929,0.00431,-76.22525,2285.46127,2278.93169,-6.52957,0,0.05237,-0.01668,-0.05286,0.44487,0,-0.05286,0.44487,0,59.87377,0.4479949,0.00748232,89390.717,80000.087,-9390.717,-0.087,True,False,-0.00331
375.7,FINE,THRUST,79999.969,28.7280034,0.1243953,-1476.353,0.00428,-76.19761,2285.46012,2278.93169,-6.52843,0,0.05236,-0.01668,-0.05284,0.44507,0,-0.05284,0.44507,0,59.87496,0.4481939,0.0074855,89388.205,80000.088,-9388.205,-0.088,True,False,-0.00259
375.84,FINE,THRUST,79999.97,28.729084,0.1243468,-1475.777,0.00425,-76.16996,2285.45897,2278.93169,-6.52728,0,0.05235,-0.01667,-0.05283,0.44527,0,-0.05283,0.44527,0,59.87616,0.4483928,0.00748867,89385.693,80000.088,-9385.693,-0.088,True,False,-0.0019
375.98,FINE,THRUST,79999.97,28.7301646,0.1242982,-1475.201,0.00422,-76.1423,2285.45782,2278.93169,-6.52613,0,0.05233,-0.01666,-0.05281,0.44547,0,-0.05281,0.44547,0,59.87736,0.4485916,0.00749184,89383.182,80000.089,-9383.182,-0.089,True,False,-0.0014
376.12,FINE,THRUST,79999.971,28.7312452,0.1242496,-1474.624,0.00419,-76.11462,2285.45667,2278.93169,-6.52498,0,0.05232,-0.01666,-0.0528,0.44567,0,-0.0528,0.44567,0,59.87856,0.4487903,0.00749501,89380.672,80000.089,-9380.672,-0.089,True,False,-0.00143
376.26,FINE,THRUST,79999.971,28.7323258,0.124201,-1474.047,0.00415,-76.08693,2285.45552,2278.93169,-6.52384,0,0.0523,-0.01665,-0.05278,0.44588,0,-0.05278,0.44588,0,59.87975,0.448989,0.00749818,89378.163,80000.09,-9378.163,-0.09,True,False,-0.00208
376.4,FINE,THRUST,79999.972,28.7334065,0.1241523,-1473.47,0.00412,-76.05922,2285.45438,2278.93169,-6.52269,0,0.05229,-0.01664,-0.05277,0.44608,0,-0.05277,0.44608,0,59.88096,0.4491875,0.00750134,89375.655,80000.09,-9375.655,-0.09,True,False,0.00302
376.54,FINE,THRUST,79999.972,28.7344871,0.1241037,-1472.892,0.00409,-76.0315,2285.45323,2278.93168,-6.52155,0,0.05228,-0.01664,-0.05275,0.44628,0,-0.05275,0.44628,0,59.88215,0.449386,0.00750451,89373.147,80000.091,-9373.147,-0.091,True,False,0.00412
376.68,FINE,THRUST,79999.973,28.7355677,0.124055,-1472.314,0.00405,-76.00376,2285.45209,2278.93168,-6.52041,0,0.05226,-0.01663,-0.05274,0.44648,0,-0.05274,0.44648,0,59.88336,0.4495843,0.00750767,89370.641,80000.091,-9370.641,-0.091,True,False,0.00532
376.82,FINE,THRUST,79999.974,28.7366483,0.1240063,-1471.736,0.00402,-75.97601,2285.45095,2278.93168,-6.51926,0,0.05225,-0.01662,-0.05272,0.44668,0,-0.05272,0.44668,0,59.88456,0.4497826,0.00751083,89368.136,80000.092,-9368.136,-0.092,True,False,0.0066
376.96,FINE,THRUST,79999.974,28.7377289,0.1239575,-1471.158,0.00398,-75.94825,2285.4498,2278.93168,-6.51812,0,0.05223,-0.01662,-0.0527,0.44688,0,-0.0527,0.44688,0,59.88576,0.4499808,0.00751399,89365.632,80000.092,-9365.632,-0.092,True,False,0.00798
377.1,FINE,THRUST,79999.975,28.7388096,0.1239088,-1470.579,0.00395,-75.92047,2285.44866,2278.93168,-6.51698,0,0.05222,-0.01661,-0.05269,0.44708,0,-0.05269,0.44708,0,59.88696,0.4501789,0.00751714,89363.129,80000.093,-9363.129,-0.093,True,False,0.00934
377.24,FINE,THRUST,79999.975,28.7398902,0.12386,-1470,0.00391,-75.89268,2285.44752,2278.93168,-6.51584,0,0.05221,-0.0166,-0.05267,0.44729,0,-0.05267,0.44729,0,59.88817,0.4503769,0.0075203,89360.627,80000.093,-9360.627,-0.093,True,False,0.01068
377.38,FINE,THRUST,79999.976,28.7409708,0.1238112,-1469.421,0.00387,-75.86487,2285.44639,2278.93168,-6.51471,0,0.05219,-0.0166,-0.05266,0.44749,0,-0.05266,0.44749,0,59.88937,0.4505748,0.00752345,89358.127,80000.094,-9358.127,-0.094,True,False,0.01193
377.52,FINE,THRUST,79999.976,28.7420514,0.1237624,-1468.841,0.00383,-75.83705,2285.44525,2278.93168,-6.51357,0,0.05218,-0.01659,-0.05264,0.44769,0,-0.05264,0.44769,0,59.89057,0.4507727,0.0075266,89355.629,80000.094,-9355.629,-0.094,True,False,0.013
377.66,FINE,THRUST,79999.977,28.743132,0.1237135,-1468.262,0.00379,-75.80922,2285.44411,2278.93168,-6.51244,0,0.05217,-0.01659,-0.05262,0.44789,0,-0.05262,0.44789,0,59.89177,0.4509704,0.00752976,89353.132,80000.095,-9353.132,-0.095,True,False,0.01391
377.8,FINE,THRUST,79999.977,28.7442126,0.1236647,-1467.682,0.00375,-75.78137,2285.44298,2278.93168,-6.5113,0,0.05215,-0.01658,-0.0526,0.44809,0,-0.0526,0.44809,0,59.89298,0.4511681,0.0075329,89350.637,80000.095,-9350.637,-0.095,True,False,0.01465
377.94,FINE,THRUST,79999.978,28.7452932,0.1236158,-1467.101,0.00371,-75.75351,2285.44185,2278.93168,-6.51017,0,0.05214,-0.01657,-0.05259,0.44829,0,-0.05259,0.44829,0,59.89418,0.4513657,0.00753605,89348.142,80000.096,-9348.142,-0.096,True,False,0.01523
378.08,FINE,THRUST,79999.978,28.7463738,0.1235668,-1466.521,0.00367,-75.72563,2285.44071,2278.93167,-6.50904,0,0.05212,-0.01657,-0.05257,0.44849,0,-0.05257,0.44849,0,59.89539,0.4515632,0.0075392,89345.647,80000.096,-9345.647,-0.096,True,False,0.01566
378.22,FINE,THRUST,79999.979,28.7474544,0.1235179,-1465.94,0.00363,-75.69774,2285.43958,2278.93167,-6.50791,0,0.05211,-0.01656,-0.05255,0.44869,0,-0.05255,0.44869,0,59.8966,0.4517606,0.00754234,89343.153,80000.096,-9343.153,-0.096,True,False,0.016
378.36,FINE,THRUST,79999.979,28.748535,0.1234689,-1465.359,0.00359,-75.66983,2285.43845,2278.93167,-6.50678,0,0.0521,-0.01655,-0.05254,0.44889,0,-0.05254,0.44889,0,59.8978,0.451958,0.00754548,89340.659,80000.097,-9340.659,-0.097,True,False,0.0162
378.5,FINE,THRUST,79999.98,28.7496155,0.1234199,-1464.777,0.00355,-75.64191,2285.43732,2278.93167,-6.50564,0,0.05208,-0.01655,-0.05252,0.44909,0,-0.05252,0.44909,0,59.89901,0.4521552,0.00754863,89338.164,80000.097,-9338.164,-0.097,True,False,0.01633
378.64,FINE,THRUST,79999.98,28.7506961,0.1233709,-1464.196,0.00351,-75.61398,2285.43618,2278.93167,-6.50451,0,0.05207,-0.01654,-0.0525,0.44929,0,-0.0525,0.44929,0,59.90022,0.4523524,0.00755176,89335.669,80000.098,-9335.669,-0.098,True,False,0.01638
378.78,FINE,THRUST,79999.981,28.7517766,0.1233219,-1463.614,0.00347,-75.58603,2285.43505,2278.93167,-6.50338,0,0.05205,-0.01653,-0.05249,0.4495,0,-0.05249,0.4495,0,59.90143,0.4525495,0.0075549,89333.175,80000.098,-9333.175,-0.098,True,False,0.01635
378.92,FINE,THRUST,79999.981,28.7528572,0.1232728,-1463.031,0.00344,-75.55807,2285.43392,2278.93167,-6.50225,0,0.05204,-0.01653,-0.05247,0.4497,0,-0.05247,0.4497,0,59.90264,0.4527464,0.00755804,89330.68,80000.099,-9330.68,-0.099,True,False,0.01625
379.06,FINE,THRUST,79999.982,28.7539377,0.1232237,-1462.449,0.0034,-75.53009,2285.43279,2278.93167,-6.50112,0,0.05203,-0.01652,-0.05245,0.4499,0,-0.05245,0.4499,0,59.90385,0.4529434,0.00756117,89328.184,80000.099,-9328.184,-0.099,True,False,0.01609
379.2,FINE,THRUST,79999.982,28.7550182,0.1231746,-1461.866,0.00336,-75.5021,2285.43165,2278.93167,-6.49998,0,0.05201,-0.01651,-0.05244,0.4501,0,-0.05244,0.4501,0,59.90506,0.4531402,0.00756431,89325.688,80000.099,-9325.688,-0.099,True,False,0.01588
379.34,FINE,THRUST,79999.983,28.7560987,0.1231255,-1461.283,0.00333,-75.47409,2285.43052,2278.93167,-6.49885,0,0.052,-0.01651,-0.05242,0.4503,0,-0.05242,0.4503,0,59.90627,0.4533369,0.00756744,89323.192,80000.1,-9323.192,-0.1,True,False,0.01562
379.48,FINE,THRUST,79999.983,28.7571792,0.1230764,-1460.7,0.00329,-75.44607,2285.42939,2278.93167,-6.49772,0,0.05199,-0.0165,-0.0524,0.4505,0,-0.0524,0.4505,0,59.90748,0.4535335,0.00757057,89320.695,80000.1,-9320.695,-0.1,True,False,0.01532
379.62,FINE,THRUST,79999.984,28.7582597,0.1230272,-1460.116,0.00326,-75.41804,2285.42825,2278.93167,-6.49659,0,0.05197,-0.01649,-0.05239,0.4507,0,-0.05239,0.4507,0,59.9087,0.4537301,0.00757369,89318.198,80000.101,-9318.198,-0.101,True,False,0.01496
379.76,FINE,THRUST,79999.984,28.7593401,0.122978,-1459.532,0.00322,-75.38999,2285.42712,2278.93166,-6.49545,0,0.05196,-0.01649,-0.05237,0.4509,0,-0.05237,0.4509,0,59.9099,0.4539266,0.00757682,89315.7,80000.101,-9315.7,-0.101,True,False,0.01454
379.9,FINE,THRUST,79999.985,28.7604206,0.1229288,-1458.948,0.00319,-75.36193,2285.42598,2278.93166,-6.49432,0,0.05194,-0.01648,-0.05236,0.45109,0,-0.05236,0.45109,0,59.91112,0.454123,0.00757994,89313.202,80000.101,-9313.202,-0.101,True,False,0.01409
380.04,FINE,THRUST,79999.985,28.761501,0.1228795,-1458.364,0.00315,-75.33385,2285.42485,2278.93166,-6.49319,0,0.05193,-0.01647,-0.05234,0.45129,0,-0.05234,0.45129,0,59.91233,0.4543192,0.00758307,89310.703,80000.102,-9310.703,-0.102,True,False,0.01357
380.18,FINE,THRUST,79999.986,28.7625814,0.1228303,-1457.779,0.00312,-75.30576,2285.42371,2278.93166,-6.49205,0,0.05192,-0.01647,-0.05232,0.45149,0,-0.05232,0.45149,0,59.91355,0.4545155,0.00758619,89308.203,80000.102,-9308.203,-0.102,True,False,0.013
380.32,FINE,THRUST,79999.986,28.7636618,0.122781,-1457.194,0.00309,-75.27766,2285.42258,2278.93166,-6.49092,0,0.0519,-0.01646,-0.05231,0.45169,0,-0.05231,0.45169,0,59.91476,0.4547116,0.00758931,89305.703,80000.102,-9305.703,-0.102,True,False,0.01238
380.46,FINE,THRUST,79999.987,28.7647422,0.1227317,-1456.609,0.00306,-75.24954,2285.42144,2278.93166,-6.48978,0,0.05189,-0.01645,-0.05229,0.45189,0,-0.05229,0.45189,0,59.91598,0.4549076,0.00759243,89303.201,80000.103,-9303.201,-0.103,True,False,0.0117
380.6,FINE,THRUST,79999.987,28.7658225,0.1226823,-1456.023,0.00303,-75.2214,2285.4203,2278.93166,-6.48864,0,0.05187,-0.01645,-0.05228,0.45209,0,-0.05228,0.45209,0,59.91719,0.4551036,0.00759554,89300.699,80000.103,-9300.699,-0.103,True,False,0.01098
380.74,FINE,THRUST,79999.988,28.7669028,0.122633,-1455.437,0.003,-75.19325,2285.41917,2278.93166,-6.48751,0,0.05186,-0.01644,-0.05226,0.45229,0,-0.05226,0.45229,0,59.91841,0.4552994,0.00759866,89298.196,80000.103,-9298.196,-0.103,True,False,0.01019
380.88,FINE,THRUST,79999.988,28.7679832,0.1225836,-1454.851,0.00297,-75.16509,2285.41803,2278.93166,-6.48637,0,0.05185,-0.01643,-0.05224,0.45249,0,-0.05224,0.45249,0,59.91962,0.4554952,0.00760177,89295.692,80000.104,-9295.692,-0.104,True,False,0.00937
381.02,FINE,THRUST,79999.988,28.7690634,0.1225342,-1454.265,0.00294,-75.13692,2285.41689,2278.93166,-6.48523,0,0.05183,-0.01643,-0.05223,0.45269,0,-0.05223,0.45269,0,59.92084,0.4556909,0.00760488,89293.187,80000.104,-9293.187,-0.104,True,False,0.00846
381.16,FINE,THRUST,79999.989,28.7701437,0.1224847,-1453.678,0.00291,-75.10873,2285.41575,2278.93166,-6.48409,0,0.05182,-0.01642,-0.05221,0.45289,0,-0.05221,0.45289,0,59.92206,0.4558865,0.00760799,89290.682,80000.105,-9290.682,-0.105,True,False,0.00754
381.3,FINE,THRUST,79999.989,28.7712239,0.1224353,-1453.091,0.00289,-75.08052,2285.41461,2278.93166,-6.48295,0,0.05181,-0.01641,-0.0522,0.45309,0,-0.0522,0.45309,0,59.92328,0.4560821,0.0076111,89288.174,80000.105,-9288.174,-0.105,True,False,0.00655
381.44,FINE,THRUST,79999.99,28.7723042,0.1223858,-1452.504,0.00286,-75.0523,2285.41347,2278.93166,-6.48181,0,0.05179,-0.01641,-0.05218,0.45328,0,-0.05218,0.45328,0,59.9245,0.4562775,0.00761421,89285.666,80000.105,-9285.666,-0.105,True,False,0.00553
381.58,FINE,THRUST,79999.99,28.7733843,0.1223363,-1451.917,0.00284,-75.02407,2285.41233,2278.93166,-6.48067,0,0.05178,-0.0164,-0.05217,0.45348,0,-0.05217,0.45348,0,59.92572,0.4564728,0.00761731,89283.157,80000.106,-9283.157,-0.106,True,False,0.00449
381.72,FINE,THRUST,79999.991,28.7744645,0.1222868,-1451.329,0.00281,-74.99582,2285.41118,2278.93165,-6.47953,0,0.05176,-0.01639,-0.05215,0.45368,0,-0.05215,0.45368,0,59.92694,0.4566681,0.00762041,89280.646,80000.106,-9280.646,-0.106,True,False,0.00344
381.86,FINE,THRUST,79999.991,28.7755446,0.1222373,-1450.741,0.00279,-74.96756,2285.41004,2278.93165,-6.47839,0,0.05175,-0.01639,-0.05214,0.45388,0,-0.05214,0.45388,0,59.92816,0.4568633,0.00762352,89278.134,80000.106,-9278.134,-0.106,True,False,-0.00251
382,FINE,THRUST,79999.991,28.7766247,0.1221877,-1450.153,0.00277,-74.93929,2285.40889,2278.93165,-6.47724,0,0.05174,-0.01638,-0.05212,0.45408,0,-0.05212,0.45408,0,59.92938,0.4570584,0.00762662,89275.621,80000.106,-9275.621,-0.106,True,False,-0.00198
382.14,FINE,THRUST,79999.992,28.7777048,0.1221381,-1449.564,0.00275,-74.911,2285.40775,2278.93165,-6.4761,0,0.05172,-0.01637,-0.05211,0.45427,0,-0.05211,0.45427,0,59.9306,0.4572534,0.00762971,89273.106,80000.107,-9273.106,-0.107,True,False,-0.00226
382.28,FINE,THRUST,79999.992,28.7787849,0.1220885,-1448.975,0.00273,-74.88269,2285.4066,2278.93165,-6.47495,0,0.05171,-0.01637,-0.05209,0.45447,0,-0.05209,0.45447,0,59.93182,0.4574483,0.00763281,89270.59,80000.107,-9270.59,-0.107,True,False,-0.00322
382.42,FINE,THRUST,79999.993,28.7798649,0.1220389,-1448.386,0.00271,-74.85437,2285.40545,2278.93165,-6.4738,0,0.05169,-0.01636,-0.05208,0.45467,0,-0.05208,0.45467,0,59.93305,0.4576431,0.00763591,89268.072,80000.107,-9268.072,-0.107,True,False,-0.00451
382.56,FINE,THRUST,79999.993,28.7809449,0.1219892,-1447.797,0.0027,-74.82604,2285.4043,2278.93165,-6.47265,0,0.05168,-0.01635,-0.05207,0.45487,0,-0.05207,0.45487,0,59.93427,0.4578379,0.007639,89265.552,80000.108,-9265.552,-0.108,True,False,-0.00595
382.7,FINE,THRUST,79999.993,28.7820248,0.1219395,-1447.207,0.00268,-74.7977,2285.40315,2278.93165,-6.4715,0,0.05167,-0.01635,-0.05205,0.45507,0,-0.05205,0.45507,0,59.9355,0.4580326,0.00764209,89263.031,80000.108,-9263.031,-0.108,True,False,-0.00743
382.84,FINE,THRUST,79999.994,28.7831047,0.1218898,-1446.618,0.00267,-74.76933,2285.402,2278.93165,-6.47035,0,0.05165,-0.01634,-0.05204,0.45526,0,-0.05204,0.45526,0,59.93672,0.4582271,0.00764518,89260.507,80000.108,-9260.507,-0.108,True,False,-0.00881
382.98,FINE,THRUST,79999.994,28.7841846,0.1218401,-1446.027,0.00266,-74.74096,2285.40085,2278.93165,-6.4692,0,0.05164,-0.01633,-0.05202,0.45546,0,-0.05202,0.45546,0,59.93795,0.4584216,0.00764827,89257.981,80000.109,-9257.981,-0.109,True,False,-0.01004
383.12,FINE,THRUST,79999.995,28.7852645,0.1217903,-1445.437,0.00264,-74.71257,2285.39969,2278.93165,-6.46804,0,0.05162,-0.01633,-0.05201,0.45566,0,-0.05201,0.45566,0,59.93917,0.458616,0.00765136,89255.453,80000.109,-9255.453,-0.109,True,False,-0.01108
383.26,FINE,THRUST,79999.995,28.7863443,0.1217406,-1444.846,0.00264,-74.68417,2285.39853,2278.93165,-6.46689,0,0.05161,-0.01632,-0.052,0.45585,0,-0.052,0.45585,0,59.9404,0.4588103,0.00765444,89252.925,80000.109,-9252.925,-0.109,True,False,-0.01191
383.4,FINE,THRUST,79999.995,28.7874241,0.1216908,-1444.255,0.00263,-74.65575,2285.39738,2278.93165,-6.46573,0,0.0516,-0.01631,-0.05199,0.45605,0,-0.05199,0.45605,0,59.94163,0.4590046,0.00765753,89250.396,80000.11,-9250.396,-0.11,True,False,-0.01256
383.54,FINE,THRUST,79999.996,28.7885038,0.121641,-1443.664,0.00262,-74.62732,2285.39622,2278.93165,-6.46457,0,0.05158,-0.01631,-0.05197,0.45625,0,-0.05197,0.45625,0,59.94285,0.4591987,0.00766061,89247.865,80000.11,-9247.865,-0.11,True,False,-0.01305
383.68,FINE,THRUST,79999.996,28.7895835,0.1215911,-1443.072,0.00261,-74.59887,2285.39506,2278.93165,-6.46342,0,0.05157,-0.0163,-0.05196,0.45644,0,-0.05196,0.45644,0,59.94408,0.4593928,0.00766369,89245.335,80000.11,-9245.335,-0.11,True,False,-0.01336
383.82,FINE,THRUST,79999.996,28.7906632,0.1215413,-1442.481,0.0026,-74.57041,2285.3939,2278.93164,-6.46226,0,0.05155,-0.01629,-0.05195,0.45664,0,-0.05195,0.45664,0,59.94531,0.4595868,0.00766677,89242.804,80000.11,-9242.804,-0.11,True,False,-0.01354
383.96,FINE,THRUST,79999.997,28.7917428,0.1214914,-1441.889,0.00259,-74.54194,2285.39275,2278.93164,-6.4611,0,0.05154,-0.01629,-0.05193,0.45684,0,-0.05193,0.45684,0,59.94654,0.4597807,0.00766985,89240.274,80000.111,-9240.274,-0.111,True,False,-0.01364
384.1,FINE,THRUST,79999.997,28.7928224,0.1214415,-1441.296,0.00258,-74.51345,2285.39159,2278.93164,-6.45994,0,0.05153,-0.01628,-0.05192,0.45703,0,-0.05192,0.45703,0,59.94777,0.4599745,0.00767292,89237.743,80000.111,-9237.743,-0.111,True,False,-0.01362
384.24,FINE,THRUST,79999.995,28.7939019,0.1213915,-1440.704,0.00257,-74.48495,2285.39043,2278.93164,-6.45879,0,0.05151,-0.01627,-0.05191,0.45723,0,-0.05191,0.45723,0,59.94899,0.4601682,0.007676,89235.212,80000.111,-9235.212,-0.111,True,False,-0.01352
384.38,FINE,THRUST,79999.99,28.7949815,0.1213415,-1440.11,0.00256,-74.45644,2285.3893,2278.93166,-6.45764,0,0.0515,-0.01627,-0.05184,0.45743,0,-0.05184,0.45743,0,59.95023,0.4603608,0.00767905,89232.685,80000.104,-9232.685,-0.104,True,False,-0.009
384.52,FINE,THRUST,79999.99,28.7960609,0.1212916,-1439.517,0.00255,-74.42791,2285.38814,2278.93165,-6.45648,0,0.05148,-0.01626,-0.05183,0.45763,0,-0.05183,0.45763,0,59.95146,0.4605544,0.00768212,89230.154,80000.104,-9230.154,-0.104,True,False,-0.00877
384.66,FINE,THRUST,79999.991,28.7971403,0.1212416,-1438.924,0.00254,-74.39936,2285.38698,2278.93165,-6.45533,0,0.05147,-0.01625,-0.05182,0.45782,0,-0.05182,0.45782,0,59.95269,0.4607479,0.00768519,89227.623,80000.104,-9227.623,-0.104,True,False,-0.00849
384.8,FINE,THRUST,79999.991,28.7982197,0.1211915,-1438.33,0.00253,-74.37081,2285.38582,2278.93165,-6.45417,0,0.05146,-0.01625,-0.0518,0.45802,0,-0.0518,0.45802,0,59.95392,0.4609413,0.00768826,89225.093,80000.105,-9225.093,-0.105,True,False,-0.00812
384.94,FINE,THRUST,79999.992,28.799299,0.1211415,-1437.736,0.00252,-74.34224,2285.38467,2278.93165,-6.45301,0,0.05144,-0.01624,-0.05179,0.45822,0,-0.05179,0.45822,0,59.95515,0.4611347,0.00769133,89222.562,80000.105,-9222.562,-0.105,True,False,-0.00773
385.08,FINE,THRUST,79999.992,28.8003782,0.1210914,-1437.142,0.00251,-74.31365,2285.38351,2278.93165,-6.45186,0,0.05143,-0.01623,-0.05178,0.45841,0,-0.05178,0.45841,0,59.95639,0.461328,0.00769439,89220.032,80000.105,-9220.032,-0.105,True,False,-0.00727
385.22,FINE,THRUST,79999.992,28.8014574,0.1210413,-1436.547,0.0025,-74.28505,2285.38235,2278.93165,-6.4507,0,0.05141,-0.01623,-0.05176,0.45861,0,-0.05176,0.45861,0,59.95762,0.4615212,0.00769746,89217.502,80000.105,-9217.502,-0.105,True,False,-0.00677
385.36,FINE,THRUST,79999.993,28.8025366,0.1209912,-1435.953,0.00249,-74.25644,2285.3812,2278.93165,-6.44955,0,0.0514,-0.01622,-0.05175,0.45881,0,-0.05175,0.45881,0,59.95885,0.4617143,0.00770052,89214.973,80000.106,-9214.973,-0.106,True,False,-0.00624
385.5,FINE,THRUST,79999.993,28.8036157,0.1209411,-1435.358,0.00247,-74.22781,2285.38004,2278.93165,-6.44839,0,0.05139,-0.01621,-0.05173,0.459,0,-0.05173,0.459,0,59.96009,0.4619074,0.00770358,89212.444,80000.106,-9212.444,-0.106,True,False,-0.00569
385.64,FINE,THRUST,79999.993,28.8046948,0.1208909,-1434.762,0.00246,-74.19917,2285.37889,2278.93165,-6.44724,0,0.05137,-0.01621,-0.05172,0.4592,0,-0.05172,0.4592,0,59.96132,0.4621003,0.00770664,89209.915,80000.106,-9209.915,-0.106,True,False,-0.00513
385.78,FINE,THRUST,79999.994,28.8057738,0.1208407,-1434.167,0.00244,-74.17052,2285.37773,2278.93165,-6.44608,0,0.05136,-0.0162,-0.05171,0.45939,0,-0.05171,0.45939,0,59.96256,0.4622932,0.0077097,89207.387,80000.107,-9207.387,-0.107,True,False,0.00463
385.92,FINE,THRUST,79999.994,28.8068527,0.1207905,-1433.571,0.00243,-74.14185,2285.37658,2278.93165,-6.44493,0,0.05134,-0.01619,-0.05169,0.45959,0,-0.05169,0.45959,0,59.9638,0.462486,0.00771275,89204.86,80000.107,-9204.86,-0.107,True,False,0.00423
386.06,FINE,THRUST,79999.994,28.8079316,0.1207403,-1432.975,0.00241,-74.11317,2285.37543,2278.93165,-6.44378,0,0.05133,-0.01619,-0.05168,0.45978,0,-0.05168,0.45978,0,59.96504,0.4626787,0.00771581,89202.333,80000.107,-9202.333,-0.107,True,False,0.00404
386.2,FINE,THRUST,79999.995,28.8090105,0.1206901,-1432.378,0.00239,-74.08448,2285.37427,2278.93165,-6.44263,0,0.05132,-0.01618,-0.05166,0.45998,0,-0.05166,0.45998,0,59.96627,0.4628714,0.00771886,89199.807,80000.107,-9199.807,-0.107,True,False,0.00414
386.34,FINE,THRUST,79999.995,28.8100893,0.1206398,-1431.782,0.00238,-74.05577,2285.37312,2278.93165,-6.44147,0,0.0513,-0.01617,-0.05165,0.46017,0,-0.05165,0.46017,0,59.96751,0.4630639,0.00772191,89197.281,80000.108,-9197.281,-0.108,True,False,0.00455
386.48,FINE,THRUST,79999.995,28.811168,0.1205895,-1431.185,0.00236,-74.02704,2285.37197,2278.93165,-6.44032,0,0.05129,-0.01617,-0.05163,0.46037,0,-0.05163,0.46037,0,59.96875,0.4632564,0.00772496,89194.756,80000.108,-9194.756,-0.108,True,False,0.0052
386.62,FINE,THRUST,79999.996,28.8122467,0.1205392,-1430.588,0.00233,-73.99831,2285.37082,2278.93165,-6.43917,0,0.05127,-0.01616,-0.05162,0.46057,0,-0.05162,0.46057,0,59.96999,0.4634488,0.00772801,89192.232,80000.108,-9192.232,-0.108,True,False,0.00592
386.76,FINE,THRUST,79999.996,28.8133253,0.1204888,-1429.99,0.00231,-73.96956,2285.36967,2278.93165,-6.43802,0,0.05126,-0.01615,-0.0516,0.46076,0,-0.0516,0.46076,0,59.97123,0.4636412,0.00773106,89189.709,80000.108,-9189.709,-0.108,True,False,0.00664
386.9,FINE,THRUST,79999.996,28.8144038,0.1204385,-1429.392,0.00229,-73.94079,2285.36852,2278.93164,-6.43688,0,0.05125,-0.01615,-0.05159,0.46096,0,-0.05159,0.46096,0,59.97247,0.4638334,0.00773411,89187.187,80000.109,-9187.187,-0.109,True,False,0.00738
387.04,FINE,THRUST,79999.996,28.8154823,0.1203881,-1428.794,0.00226,-73.91202,2285.36737,2278.93164,-6.43573,0,0.05123,-0.01614,-0.05157,0.46115,0,-0.05157,0.46115,0,59.97371,0.4640256,0.00773715,89184.665,80000.109,-9184.665,-0.109,True,False,0.00808
387.18,FINE,THRUST,79999.997,28.8165608,0.1203377,-1428.196,0.00224,-73.88322,2285.36623,2278.93164,-6.43458,0,0.05122,-0.01613,-0.05155,0.46135,0,-0.05155,0.46135,0,59.97495,0.4642177,0.00774019,89182.145,80000.109,-9182.145,-0.109,True,False,0.00871
387.32,FINE,THRUST,79999.997,28.8176391,0.1202872,-1427.598,0.00221,-73.85442,2285.36508,2278.93164,-6.43344,0,0.0512,-0.01612,-0.05154,0.46154,0,-0.05154,0.46154,0,59.9762,0.4644097,0.00774323,89179.626,80000.109,-9179.626,-0.109,True,False,0.00933
387.46,FINE,THRUST,79999.997,28.8187174,0.1202368,-1426.999,0.00219,-73.8256,2285.36393,2278.93164,-6.43229,0,0.05119,-0.01612,-0.05152,0.46174,0,-0.05152,0.46174,0,59.97744,0.4646017,0.00774627,89177.108,80000.11,-9177.108,-0.11,True,False,0.0099
387.6,FINE,THRUST,79999.998,28.8197957,0.1201863,-1426.4,0.00216,-73.79677,2285.36279,2278.93164,-6.43115,0,0.05118,-0.01611,-0.05151,0.46193,0,-0.05151,0.46193,0,59.97868,0.4647936,0.00774931,89174.591,80000.11,-9174.591,-0.11,True,False,0.01043
387.74,FINE,THRUST,79999.998,28.8208739,0.1201358,-1425.8,0.00214,-73.76792,2285.36165,2278.93164,-6.43001,0,0.05116,-0.0161,-0.05149,0.46213,0,-0.05149,0.46213,0,59.97993,0.4649854,0.00775235,89172.075,80000.11,-9172.075,-0.11,True,False,0.01101
387.88,FINE,THRUST,79999.998,28.821952,0.1200853,-1425.201,0.00211,-73.73906,2285.36051,2278.93164,-6.42886,0,0.05115,-0.0161,-0.05147,0.46232,0,-0.05147,0.46232,0,59.98117,0.4651771,0.00775539,89169.56,80000.11,-9169.56,-0.11,True,False,0.01162
388.02,FINE,THRUST,79999.999,28.8230301,0.1200347,-1424.601,0.00209,-73.71018,2285.35936,2278.93164,-6.42772,0,0.05113,-0.01609,-0.05146,0.46251,0,-0.05146,0.46251,0,59.98241,0.4653687,0.00775842,89167.047,80000.111,-9167.047,-0.111,True,False,0.01229
388.16,FINE,THRUST,79999.999,28.8241081,0.1199842,-1424.001,0.00206,-73.68129,2285.35823,2278.93164,-6.42658,0,0.05112,-0.01608,-0.05144,0.46271,0,-0.05144,0.46271,0,59.98366,0.4655603,0.00776145,89164.535,80000.111,-9164.535,-0.111,True,False,0.01299
388.3,FINE,THRUST,79999.999,28.825186,0.1199336,-1423.4,0.00204,-73.65239,2285.35709,2278.93164,-6.42545,0,0.05111,-0.01608,-0.05143,0.4629,0,-0.05143,0.4629,0,59.9849,0.4657518,0.00776448,89162.025,80000.111,-9162.025,-0.111,True,False,0.01366
388.44,FINE,THRUST,80000,28.8262639,0.119883,-1422.8,0.00202,-73.62348,2285.35595,2278.93164,-6.42431,0,0.05109,-0.01607,-0.05141,0.4631,0,-0.05141,0.4631,0,59.98615,0.4659431,0.00776751,89159.517,80000.111,-9159.517,-0.111,True,False,0.01426
388.58,FINE,THRUST,80000,28.8273417,0.1198323,-1422.199,0.00199,-73.59454,2285.35482,2278.93164,-6.42318,0,0.05108,-0.01606,-0.0514,0.46329,0,-0.0514,0.46329,0,59.98739,0.4661344,0.00777054,89157.011,80000.111,-9157.011,-0.111,True,False,0.01472
388.72,FINE,THRUST,80000,28.8284194,0.1197817,-1421.598,0.00197,-73.5656,2285.35368,2278.93164,-6.42204,0,0.05106,-0.01606,-0.05138,0.46349,0,-0.05138,0.46349,0,59.98864,0.4663257,0.00777357,89154.507,80000.112,-9154.507,-0.112,True,False,0.01509
388.86,FINE,THRUST,80000,28.8294971,0.119731,-1420.996,0.00195,-73.53664,2285.35255,2278.93164,-6.42091,0,0.05105,-0.01605,-0.05136,0.46368,0,-0.05136,0.46368,0,59.98989,0.4665168,0.00777659,89152.003,80000.112,-9152.003,-0.112,True,False,0.01536
389,FINE,THRUST,80000.001,28.8305747,0.1196803,-1420.394,0.00193,-73.50767,2285.35142,2278.93164,-6.41978,0,0.05104,-0.01604,-0.05135,0.46387,0,-0.05135,0.46387,0,59.99114,0.4667079,0.00777961,89149.5,80000.112,-9149.5,-0.112,True,False,0.01551
389.14,FINE,THRUST,80000.001,28.8316523,0.1196296,-1419.792,0.00191,-73.47868,2285.35029,2278.93164,-6.41865,0,0.05102,-0.01604,-0.05133,0.46407,0,-0.05133,0.46407,0,59.99239,0.4668989,0.00778264,89146.997,80000.112,-9146.997,-0.112,True,False,0.01556
389.28,FINE,THRUST,80000.001,28.8327297,0.1195788,-1419.19,0.00189,-73.44968,2285.34916,2278.93164,-6.41752,0,0.05101,-0.01603,-0.05132,0.46426,0,-0.05132,0.46426,0,59.99364,0.4670898,0.00778566,89144.494,80000.112,-9144.494,-0.112,True,False,0.01552
389.42,FINE,THRUST,80000.002,28.8338071,0.1195281,-1418.588,0.00187,-73.42067,2285.34802,2278.93164,-6.41639,0,0.051,-0.01602,-0.0513,0.46446,0,-0.0513,0.46446,0,59.99489,0.4672806,0.00778867,89141.992,80000.113,-9141.992,-0.113,True,False,0.01538
389.56,FINE,THRUST,80000.002,28.8348844,0.1194773,-1417.985,0.00185,-73.39164,2285.34689,2278.93164,-6.41526,0,0.05098,-0.01602,-0.05129,0.46465,0,-0.05129,0.46465,0,59.99614,0.4674713,0.00779169,89139.489,80000.113,-9139.489,-0.113,True,False,0.01517
389.7,FINE,THRUST,80000.002,28.8359617,0.1194264,-1417.382,0.00183,-73.3626,2285.34576,2278.93163,-6.41413,0,0.05097,-0.01601,-0.05127,0.46484,0,-0.05127,0.46484,0,59.99739,0.467662,0.00779471,89136.986,80000.113,-9136.986,-0.113,True,False,0.01493
389.84,FINE,THRUST,80000.002,28.8370389,0.1193756,-1416.778,0.00181,-73.33355,2285.34463,2278.93163,-6.413,0,0.05095,-0.016,-0.05126,0.46504,0,-0.05126,0.46504,0,59.99864,0.4678526,0.00779772,89134.482,80000.113,-9134.482,-0.113,True,False,0.01464
389.98,FINE,THRUST,80000.003,28.838116,0.1193248,-1416.175,0.00179,-73.30448,2285.3435,2278.93163,-6.41186,0,0.05094,-0.016,-0.05124,0.46523,0,-0.05124,0.46523,0,59.9999,0.4680431,0.00780073,89131.979,80000.113,-9131.979,-0.113,True,False,0.01434
390.12,FINE,THRUST,80000.003,28.839193,0.1192739,-1415.571,0.00178,-73.27539,2285.34237,2278.93163,-6.41073,0,0.05093,-0.01599,-0.05123,0.46542,0,-0.05123,0.46542,0,60.00115,0.4682335,0.00780374,89129.475,80000.113,-9129.475,-0.113,True,False,0.01399
390.26,FINE,THRUST,80000.003,28.8402699,0.119223,-1414.967,0.00176,-73.2463,2285.34123,2278.93163,-6.4096,0,0.05091,-0.01598,-0.05121,0.46562,0,-0.05121,0.46562,0,60.0024,0.4684238,0.00780675,89126.971,80000.114,-9126.971,-0.114,True,False,0.0136
390.4,FINE,THRUST,80000.003,28.8413468,0.119172,-1414.362,0.00175,-73.21719,2285.3401,2278.93163,-6.40847,0,0.0509,-0.01597,-0.0512,0.46581,0,-0.0512,0.46581,0,60.00365,0.4686141,0.00780976,89124.467,80000.114,-9124.467,-0.114,True,False,0.01321
390.54,FINE,THRUST,80000.004,28.8424236,0.1191211,-1413.758,0.00173,-73.18806,2285.33897,2278.93163,-6.40734,0,0.05088,-0.01597,-0.05118,0.466,0,-0.05118,0.466,0,60.00491,0.4688042,0.00781276,89121.963,80000.114,-9121.963,-0.114,True,False,0.0128
390.68,FINE,THRUST,80000.004,28.8435003,0.1190701,-1413.153,0.00172,-73.15892,2285.33784,2278.93163,-6.40621,0,0.05087,-0.01596,-0.05117,0.46619,0,-0.05117,0.46619,0,60.00616,0.4689943,0.00781577,89119.458,80000.114,-9119.458,-0.114,True,False,0.01239
390.82,FINE,THRUST,80000.004,28.844577,0.1190191,-1412.547,0.00171,-73.12977,2285.3367,2278.93163,-6.40507,0,0.05086,-0.01595,-0.05116,0.46639,0,-0.05116,0.46639,0,60.00742,0.4691843,0.00781877,89116.953,80000.114,-9116.953,-0.114,True,False,0.012
390.96,FINE,THRUST,80000.004,28.8456536,0.1189681,-1411.942,0.0017,-73.10061,2285.33557,2278.93163,-6.40394,0,0.05084,-0.01595,-0.05114,0.46658,0,-0.05114,0.46658,0,60.00867,0.4693742,0.00782177,89114.447,80000.115,-9114.447,-0.115,True,False,-0.01164
391.1,FINE,THRUST,80000.005,28.84673,0.1189171,-1411.336,0.00169,-73.07143,2285.33444,2278.93163,-6.40281,0,0.05083,-0.01594,-0.05113,0.46677,0,-0.05113,0.46677,0,60.00993,0.469564,0.00782477,89111.941,80000.115,-9111.941,-0.115,True,False,-0.01132
391.24,FINE,THRUST,80000.005,28.8478064,0.118866,-1410.73,0.00168,-73.04223,2285.3333,2278.93163,-6.40167,0,0.05081,-0.01593,-0.05111,0.46696,0,-0.05111,0.46696,0,60.01119,0.4697538,0.00782777,89109.434,80000.115,-9109.434,-0.115,True,False,-0.01105
391.38,FINE,THRUST,80000.005,28.8488828,0.1188149,-1410.124,0.00167,-73.01302,2285.33217,2278.93163,-6.40054,0,0.0508,-0.01593,-0.0511,0.46716,0,-0.0511,0.46716,0,60.01245,0.4699435,0.00783077,89106.927,80000.115,-9106.927,-0.115,True,False,-0.01087
391.52,FINE,THRUST,80000.005,28.849959,0.1187638,-1409.517,0.00167,-72.9838,2285.33104,2278.93163,-6.39941,0,0.05079,-0.01592,-0.05109,0.46735,0,-0.05109,0.46735,0,60.0137,0.470133,0.00783376,89104.419,80000.115,-9104.419,-0.115,True,False,-0.01083
391.66,FINE,THRUST,80000.006,28.8510352,0.1187127,-1408.91,0.00166,-72.95457,2285.3299,2278.93163,-6.39827,0,0.05077,-0.01591,-0.05107,0.46754,0,-0.05107,0.46754,0,60.01496,0.4703225,0.00783675,89101.91,80000.115,-9101.91,-0.115,True,False,-0.01091
391.8,FINE,THRUST,80000.006,28.8521112,0.1186615,-1408.303,0.00166,-72.92532,2285.32877,2278.93163,-6.39714,0,0.05076,-0.01591,-0.05106,0.46773,0,-0.05106,0.46773,0,60.01622,0.4705119,0.00783975,89099.4,80000.115,-9099.4,-0.115,True,False,-0.01107
391.94,FINE,THRUST,80000.006,28.8531872,0.1186104,-1407.696,0.00166,-72.89606,2285.32763,2278.93163,-6.396,0,0.05075,-0.0159,-0.05105,0.46792,0,-0.05105,0.46792,0,60.01748,0.4707012,0.00784274,89096.89,80000.116,-9096.89,-0.116,True,False,-0.01126
392.08,FINE,THRUST,80000.006,28.8542631,0.1185592,-1407.088,0.00166,-72.86678,2285.32649,2278.93163,-6.39486,0,0.05073,-0.01589,-0.05104,0.46812,0,-0.05104,0.46812,0,60.01874,0.4708904,0.00784572,89094.379,80000.116,-9094.379,-0.116,True,False,-0.01141
392.22,FINE,THRUST,80000.007,28.8553389,0.1185079,-1406.481,0.00166,-72.83749,2285.32535,2278.93163,-6.39373,0,0.05072,-0.01589,-0.05102,0.46831,0,-0.05102,0.46831,0,60.02,0.4710796,0.00784871,89091.867,80000.116,-9091.867,-0.116,True,False,-0.01149
392.36,FINE,THRUST,80000.007,28.8564147,0.1184567,-1405.872,0.00166,-72.80818,2285.32422,2278.93163,-6.39259,0,0.0507,-0.01588,-0.05101,0.4685,0,-0.05101,0.4685,0,60.02126,0.4712686,0.00785169,89089.354,80000.116,-9089.354,-0.116,True,False,-0.0115
392.5,FINE,THRUST,80000.007,28.8574903,0.1184054,-1405.264,0.00166,-72.77886,2285.32308,2278.93163,-6.39145,0,0.05069,-0.01587,-0.051,0.46869,0,-0.051,0.46869,0,60.02253,0.4714576,0.00785468,89086.84,80000.116,-9086.84,-0.116,True,False,-0.01149
392.64,FINE,THRUST,80000.007,28.8585659,0.1183542,-1404.655,0.00166,-72.74953,2285.32194,2278.93163,-6.39031,0,0.05068,-0.01587,-0.05099,0.46888,0,-0.05099,0.46888,0,60.02379,0.4716465,0.00785766,89084.324,80000.116,-9084.324,-0.116,True,False,-0.01142
392.78,FINE,THRUST,80000.008,28.8596413,0.1183028,-1404.046,0.00166,-72.72019,2285.3208,2278.93163,-6.38917,0,0.05066,-0.01586,-0.05098,0.46907,0,-0.05098,0.46907,0,60.02505,0.4718353,0.00786064,89081.808,80000.117,-9081.808,-0.117,True,False,-0.01131
392.92,FINE,THRUST,80000.008,28.8607167,0.1182515,-1403.437,0.00166,-72.69083,2285.31965,2278.93163,-6.38803,0,0.05065,-0.01585,-0.05096,0.46926,0,-0.05096,0.46926,0,60.02631,0.472024,0.00786362,89079.291,80000.117,-9079.291,-0.117,True,False,-0.0112
393.06,FINE,THRUST,80000.008,28.861792,0.1182002,-1402.828,0.00167,-72.66146,2285.31851,2278.93162,-6.38689,0,0.05063,-0.01584,-0.05095,0.46946,0,-0.05095,0.46946,0,60.02758,0.4722127,0.0078666,89076.772,80000.117,-9076.772,-0.117,True,False,-0.01107
393.2,FINE,THRUST,80000.008,28.8628671,0.1181488,-1402.218,0.00167,-72.63207,2285.31737,2278.93162,-6.38574,0,0.05062,-0.01584,-0.05094,0.46965,0,-0.05094,0.46965,0,60.02884,0.4724012,0.00786957,89074.252,80000.117,-9074.252,-0.117,True,False,-0.01094
393.34,FINE,THRUST,80000.009,28.8639422,0.1180974,-1401.608,0.00167,-72.60267,2285.31622,2278.93162,-6.3846,0,0.05061,-0.01583,-0.05093,0.46984,0,-0.05093,0.46984,0,60.03011,0.4725897,0.00787255,89071.731,80000.117,-9071.731,-0.117,True,False,-0.01079
393.48,FINE,THRUST,80000.009,28.8650172,0.118046,-1400.998,0.00167,-72.57325,2285.31508,2278.93162,-6.38345,0,0.05059,-0.01582,-0.05091,0.47003,0,-0.05091,0.47003,0,60.03137,0.4727781,0.00787552,89069.208,80000.117,-9069.208,-0.117,True,False,-0.01065
393.62,FINE,THRUST,80000.009,28.8660921,0.1179945,-1400.387,0.00167,-72.54383,2285.31393,2278.93162,-6.38231,0,0.05058,-0.01582,-0.0509,0.47022,0,-0.0509,0.47022,0,60.03264,0.4729664,0.00787849,89066.684,80000.118,-9066.684,-0.118,True,False,-0.01058
393.76,FINE,THRUST,80000.009,28.8671669,0.1179431,-1399.777,0.00167,-72.51439,2285.31278,2278.93162,-6.38116,0,0.05056,-0.01581,-0.05089,0.47041,0,-0.05089,0.47041,0,60.0339,0.4731546,0.00788146,89064.159,80000.118,-9064.159,-0.118,True,False,-0.01058
393.9,FINE,THRUST,80000.009,28.8682416,0.1178916,-1399.166,0.00167,-72.48493,2285.31163,2278.93162,-6.38001,0,0.05055,-0.0158,-0.05088,0.4706,0,-0.05088,0.4706,0,60.03517,0.4733428,0.00788442,89061.631,80000.118,-9061.631,-0.118,True,False,-0.01059
394.04,FINE,THRUST,80000.01,28.8693161,0.1178401,-1398.554,0.00166,-72.45546,2285.31048,2278.93162,-6.37886,0,0.05054,-0.0158,-0.05086,0.47079,0,-0.05086,0.47079,0,60.03644,0.4735309,0.00788739,89059.101,80000.118,-9059.101,-0.118,True,False,-0.0106
394.18,FINE,THRUST,80000.01,28.8703906,0.1177886,-1397.943,0.00166,-72.42598,2285.30933,2278.93162,-6.3777,0,0.05052,-0.01579,-0.05085,0.47098,0,-0.05085,0.47098,0,60.03771,0.4737189,0.00789036,89056.569,80000.118,-9056.569,-0.118,True,False,-0.01058
394.32,FINE,THRUST,80000.01,28.871465,0.117737,-1397.331,0.00166,-72.39649,2285.30817,2278.93162,-6.37655,0,0.05051,-0.01578,-0.05084,0.47117,0,-0.05084,0.47117,0,60.03897,0.4739068,0.00789332,89054.036,80000.118,-9054.036,-0.118,True,False,-0.01048
394.46,FINE,THRUST,80000.01,28.8725393,0.1176854,-1396.719,0.00165,-72.36698,2285.30702,2278.93162,-6.37539,0,0.05049,-0.01578,-0.05082,0.47136,0,-0.05082,0.47136,0,60.04025,0.4740946,0.00789628,89051.502,80000.119,-9051.502,-0.119,True,False,-0.01031
394.6,FINE,THRUST,80000.011,28.8736135,0.1176338,-1396.106,0.00165,-72.33746,2285.30586,2278.93162,-6.37424,0,0.05048,-0.01577,-0.05081,0.47155,0,-0.05081,0.47155,0,60.04152,0.4742823,0.00789924,89048.967,80000.119,-9048.967,-0.119,True,False,-0.01005
394.74,FINE,THRUST,80000.011,28.8746876,0.1175822,-1395.494,0.00164,-72.30792,2285.3047,2278.93162,-6.37308,0,0.05047,-0.01576,-0.0508,0.47174,0,-0.0508,0.47174,0,60.04279,0.47447,0.0079022,89046.433,80000.119,-9046.433,-0.119,True,False,-0.00971
394.88,FINE,THRUST,80000.011,28.8757615,0.1175306,-1394.881,0.00164,-72.27837,2285.30355,2278.93162,-6.37193,0,0.05045,-0.01575,-0.05078,0.47193,0,-0.05078,0.47193,0,60.04406,0.4746576,0.00790516,89043.898,80000.119,-9043.898,-0.119,True,False,-0.00932
395.02,FINE,THRUST,80000.011,28.8768354,0.1174789,-1394.268,0.00163,-72.24881,2285.30239,2278.93162,-6.37077,0,0.05044,-0.01575,-0.05077,0.47212,0,-0.05077,0.47212,0,60.04533,0.4748451,0.00790811,89041.363,80000.119,-9041.363,-0.119,True,False,-0.00889
395.16,FINE,THRUST,80000.011,28.8779091,0.1174272,-1393.654,0.00162,-72.21923,2285.30124,2278.93162,-6.36962,0,0.05042,-0.01574,-0.05076,0.47231,0,-0.05076,0.47231,0,60.0466,0.4750325,0.00791106,89038.828,80000.119,-9038.828,-0.119,True,False,-0.00847
395.3,FINE,THRUST,80000.012,28.8789828,0.1173755,-1393.041,0.00161,-72.18964,2285.30008,2278.93162,-6.36846,0,0.05041,-0.01573,-0.05074,0.4725,0,-0.05074,0.4725,0,60.04787,0.4752198,0.00791402,89036.294,80000.12,-9036.294,-0.12,True,False,-0.00808
395.44,FINE,THRUST,80000.012,28.8800563,0.1173238,-1392.427,0.0016,-72.16004,2285.29893,2278.93162,-6.36731,0,0.0504,-0.01573,-0.05073,0.47269,0,-0.05073,0.47269,0,60.04914,0.4754071,0.00791697,89033.76,80000.12,-9033.76,-0.12,True,False,-0.00776
395.58,FINE,THRUST,80000.012,28.8811298,0.117272,-1391.813,0.00159,-72.13042,2285.29777,2278.93162,-6.36615,0,0.05038,-0.01572,-0.05071,0.47288,0,-0.05071,0.47288,0,60.05042,0.4755943,0.00791992,89031.226,80000.12,-9031.226,-0.12,True,False,0.00757
395.72,FINE,THRUST,80000.012,28.8822031,0.1172203,-1391.198,0.00157,-72.10079,2285.29662,2278.93162,-6.365,0,0.05037,-0.01571,-0.0507,0.47307,0,-0.0507,0.47307,0,60.05169,0.4757814,0.00792286,89028.692,80000.12,-9028.692,-0.12,True,False,0.00752
395.86,FINE,THRUST,80000.012,28.8832763,0.1171685,-1390.583,0.00156,-72.07115,2285.29546,2278.93162,-6.36385,0,0.05035,-0.01571,-0.05068,0.47326,0,-0.05068,0.47326,0,60.05297,0.4759684,0.00792581,89026.158,80000.12,-9026.158,-0.12,True,False,0.0077
396,FINE,THRUST,80000.013,28.8843494,0.1171167,-1389.968,0.00154,-72.04149,2285.29431,2278.93162,-6.36269,0,0.05034,-0.0157,-0.05067,0.47345,0,-0.05067,0.47345,0,60.05424,0.4761553,0.00792875,89023.625,80000.12,-9023.625,-0.12,True,False,0.00811
396.14,FINE,THRUST,80000.013,28.8854224,0.1170648,-1389.353,0.00152,-72.01182,2285.29316,2278.93162,-6.36154,0,0.05033,-0.01569,-0.05065,0.47364,0,-0.05065,0.47364,0,60.05552,0.4763422,0.0079317,89021.092,80000.12,-9021.092,-0.12,True,False,0.00877
396.28,FINE,THRUST,80000.013,28.8864953,0.1170129,-1388.738,0.0015,-71.98214,2285.292,2278.93162,-6.36039,0,0.05031,-0.01568,-0.05064,0.47383,0,-0.05064,0.47383,0,60.0568,0.476529,0.00793464,89018.559,80000.121,-9018.559,-0.121,True,False,0.00955
396.42,FINE,THRUST,80000.013,28.887568,0.1169611,-1388.122,0.00148,-71.95244,2285.29085,2278.93162,-6.35923,0,0.0503,-0.01568,-0.05062,0.47402,0,-0.05062,0.47402,0,60.05807,0.4767157,0.00793758,89016.027,80000.121,-9016.027,-0.121,True,False,0.0104
396.56,FINE,THRUST,80000.013,28.8886407,0.1169092,-1387.506,0.00146,-71.92273,2285.2897,2278.93162,-6.35808,0,0.05028,-0.01567,-0.0506,0.47421,0,-0.0506,0.47421,0,60.05935,0.4769023,0.00794052,89013.496,80000.121,-9013.496,-0.121,True,False,0.01121
396.7,FINE,THRUST,80000.014,28.8897132,0.1168572,-1386.89,0.00143,-71.89301,2285.28855,2278.93162,-6.35693,0,0.05027,-0.01566,-0.05059,0.4744,0,-0.05059,0.4744,0,60.06062,0.4770889,0.00794346,89010.964,80000.121,-9010.964,-0.121,True,False,0.01191
396.84,FINE,THRUST,80000.014,28.8907856,0.1168053,-1386.273,0.00141,-71.86327,2285.28739,2278.93162,-6.35578,0,0.05026,-0.01566,-0.05057,0.47459,0,-0.05057,0.47459,0,60.0619,0.4772754,0.00794639,89008.434,80000.121,-9008.434,-0.121,True,False,0.0125
396.98,FINE,THRUST,80000.014,28.8918579,0.1167533,-1385.656,0.00138,-71.83352,2285.28624,2278.93161,-6.35463,0,0.05024,-0.01565,-0.05055,0.47478,0,-0.05055,0.47478,0,60.06318,0.4774618,0.00794933,89005.904,80000.121,-9005.904,-0.121,True,False,0.01298
397.12,FINE,THRUST,80000.014,28.8929301,0.1167013,-1385.039,0.00135,-71.80376,2285.28509,2278.93161,-6.35348,0,0.05023,-0.01564,-0.05053,0.47497,0,-0.05053,0.47497,0,60.06446,0.4776481,0.00795226,89003.375,80000.121,-9003.375,-0.121,True,False,0.01332
397.26,FINE,THRUST,80000.014,28.8940021,0.1166493,-1384.422,0.00133,-71.77398,2285.28394,2278.93161,-6.35233,0,0.05021,-0.01564,-0.05052,0.47516,0,-0.05052,0.47516,0,60.06574,0.4778343,0.00795519,89000.846,80000.121,-9000.846,-0.121,True,False,0.01357
397.4,FINE,THRUST,80000.015,28.8950741,0.1165973,-1383.804,0.0013,-71.74419,2285.28279,2278.93161,-6.35118,0,0.0502,-0.01563,-0.0505,0.47535,0,-0.0505,0.47535,0,60.06702,0.4780205,0.00795812,88998.318,80000.122,-8998.318,-0.122,True,False,0.0137
397.54,FINE,THRUST,80000.015,28.8961459,0.1165452,-1383.186,0.00127,-71.71439,2285.28164,2278.93161,-6.35003,0,0.05019,-0.01562,-0.05048,0.47553,0,-0.05048,0.47553,0,60.06831,0.4782066,0.00796105,88995.791,80000.122,-8995.791,-0.122,True,False,0.01367
397.68,FINE,THRUST,80000.015,28.8972176,0.1164931,-1382.568,0.00124,-71.68457,2285.2805,2278.93161,-6.34888,0,0.05017,-0.01562,-0.05047,0.47572,0,-0.05047,0.47572,0,60.06959,0.4783925,0.00796397,88993.265,80000.122,-8993.265,-0.122,True,False,0.01362
397.82,FINE,THRUST,80000.015,28.8982892,0.116441,-1381.95,0.00122,-71.65474,2285.27935,2278.93161,-6.34774,0,0.05016,-0.01561,-0.05045,0.47591,0,-0.05045,0.47591,0,60.07087,0.4785785,0.0079669,88990.74,80000.122,-8990.74,-0.122,True,False,0.01352
397.96,FINE,THRUST,80000.015,28.8993607,0.1163889,-1381.331,0.00119,-71.62489,2285.2782,2278.93161,-6.34659,0,0.05014,-0.0156,-0.05043,0.4761,0,-0.05043,0.4761,0,60.07215,0.4787643,0.00796982,88988.216,80000.122,-8988.216,-0.122,True,False,0.01338
398.1,FINE,THRUST,80000.015,28.900432,0.1163367,-1380.712,0.00117,-71.59503,2285.27706,2278.93161,-6.34545,0,0.05013,-0.01559,-0.05041,0.47629,0,-0.05041,0.47629,0,60.07343,0.47895,0.00797274,88985.693,80000.122,-8985.693,-0.122,True,False,0.01321
398.24,FINE,THRUST,80000.016,28.9015033,0.1162846,-1380.093,0.00114,-71.56516,2285.27591,2278.93161,-6.3443,0,0.05012,-0.01559,-0.0504,0.47648,0,-0.0504,0.47648,0,60.07472,0.4791357,0.00797566,88983.171,80000.122,-8983.171,-0.122,True,False,0.01302
398.38,FINE,THRUST,80000.016,28.9025744,0.1162324,-1379.474,0.00112,-71.53527,2285.27477,2278.93161,-6.34316,0,0.0501,-0.01558,-0.05038,0.47667,0,-0.05038,0.47667,0,60.076,0.4793212,0.00797858,88980.65,80000.122,-8980.65,-0.122,True,False,0.01281
398.52,FINE,THRUST,80000.016,28.9036454,0.1161802,-1378.854,0.0011,-71.50537,2285.27363,2278.93161,-6.34202,0,0.05009,-0.01557,-0.05036,0.47685,0,-0.05036,0.47685,0,60.07729,0.4795067,0.0079815,88978.13,80000.122,-8978.13,-0.122,True,False,0.0126
398.66,FINE,THRUST,80000.016,28.9047162,0.1161279,-1378.234,0.00108,-71.47546,2285.27249,2278.93161,-6.34088,0,0.05007,-0.01557,-0.05035,0.47704,0,-0.05035,0.47704,0,60.07857,0.4796921,0.00798441,88975.611,80000.122,-8975.611,-0.122,True,False,0.01238
398.8,FINE,THRUST,80000.016,28.905787,0.1160757,-1377.614,0.00106,-71.44553,2285.27135,2278.93161,-6.33974,0,0.05006,-0.01556,-0.05033,0.47723,0,-0.05033,0.47723,0,60.07986,0.4798775,0.00798733,88973.094,80000.123,-8973.094,-0.123,True,False,0.01218
398.94,FINE,THRUST,80000.016,28.9068576,0.1160234,-1376.993,0.00104,-71.41559,2285.27021,2278.93161,-6.3386,0,0.05005,-0.01555,-0.05032,0.47742,0,-0.05032,0.47742,0,60.08114,0.4800627,0.00799024,88970.578,80000.123,-8970.578,-0.123,True,False,0.01201
399.08,FINE,THRUST,80000.017,28.9079281,0.1159711,-1376.373,0.00102,-71.38564,2285.26907,2278.93161,-6.33746,0,0.05003,-0.01554,-0.0503,0.47761,0,-0.0503,0.47761,0,60.08243,0.4802478,0.00799315,88968.063,80000.123,-8968.063,-0.123,True,False,0.01188
399.22,FINE,THRUST,80000.017,28.9089985,0.1159188,-1375.752,0.001,-71.35567,2285.26793,2278.93161,-6.33632,0,0.05002,-0.01554,-0.05028,0.47779,0,-0.05028,0.47779,0,60.08371,0.4804329,0.00799606,88965.55,80000.123,-8965.55,-0.123,True,False,0.01182
399.36,FINE,THRUST,80000.017,28.9100687,0.1158664,-1375.13,0.00098,-71.32569,2285.2668,2278.93161,-6.33519,0,0.05,-0.01553,-0.05027,0.47798,0,-0.05027,0.47798,0,60.08501,0.4806179,0.00799897,88963.038,80000.123,-8963.038,-0.123,True,False,0.01185
399.5,FINE,THRUST,80000.017,28.9111388,0.1158141,-1374.509,0.00096,-71.2957,2285.26566,2278.93161,-6.33405,0,0.04999,-0.01552,-0.05025,0.47817,0,-0.05025,0.47817,0,60.08629,0.4808028,0.00800187,88960.528,80000.123,-8960.528,-0.123,True,False,0.01199
399.64,FINE,THRUST,80000.017,28.9122088,0.1157617,-1373.887,0.00095,-71.26569,2285.26453,2278.93161,-6.33292,0,0.04998,-0.01552,-0.05024,0.47836,0,-0.05024,0.47836,0,60.08758,0.4809876,0.00800478,88958.019,80000.123,-8958.019,-0.123,True,False,0.0122
399.78,FINE,THRUST,80000.017,28.9132787,0.1157093,-1373.265,0.00094,-71.23567,2285.2634,2278.93161,-6.33179,0,0.04996,-0.01551,-0.05022,0.47854,0,-0.05022,0.47854,0,60.08887,0.4811723,0.00800768,88955.513,80000.123,-8955.513,-0.123,True,False,0.01241
399.92,FINE,THRUST,80000.018,28.9143484,0.1156568,-1372.643,0.00092,-71.20563,2285.26227,2278.93161,-6.33066,0,0.04995,-0.0155,-0.05021,0.47873,0,-0.05021,0.47873,0,60.09016,0.481357,0.00801058,88953.009,80000.123,-8953.009,-0.123,True,False,0.01258
400.06,FINE,THRUST,80000.018,28.915418,0.1156044,-1372.02,0.00091,-71.17559,2285.26114,2278.93161,-6.32953,0,0.04993,-0.0155,-0.05019,0.47892,0,-0.05019,0.47892,0,60.09145,0.4815415,0.00801348,88950.506,80000.123,-8950.506,-0.123,True,False,0.01275
400.2,FINE,THRUST,80000.018,28.9164875,0.1155519,-1371.398,0.0009,-71.14552,2285.26002,2278.93161,-6.32841,0,0.04992,-0.01549,-0.05018,0.47911,0,-0.05018,0.47911,0,60.09274,0.481726,0.00801638,88948.005,80000.123,-8948.005,-0.123,True,False,0.0129
400.34,FINE,THRUST,80000.018,28.9175568,0.1154994,-1370.774,0.00089,-71.11545,2285.25889,2278.93161,-6.32728,0,0.04991,-0.01548,-0.05016,0.47929,0,-0.05016,0.47929,0,60.09403,0.4819103,0.00801927,88945.503,80000.123,-8945.503,-0.123,True,False,0.01308
400.48,FINE,THRUST,80000.012,28.9186261,0.1154469,-1370.151,0.00089,-71.08536,2285.25777,2278.93161,-6.32616,0,0.04989,-0.01547,-0.05013,0.47948,0,-0.05013,0.47948,0,60.09532,0.4820945,0.00802216,88943.004,80000.121,-8943.004,-0.121,True,False,0.01335
400.62,FINE,THRUST,80000.01,28.9196951,0.1153943,-1369.527,0.00088,-71.05525,2285.25666,2278.93162,-6.32504,0,0.04988,-0.01547,-0.05009,0.47967,0,-0.05009,0.47967,0,60.09662,0.4822785,0.00802505,88940.506,80000.116,-8940.506,-0.116,True,False,0.01399
400.76,FINE,THRUST,80000.011,28.9207641,0.1153417,-1368.903,0.00088,-71.02514,2285.25553,2278.93162,-6.32391,0,0.04986,-0.01546,-0.05007,0.47986,0,-0.05007,0.47986,0,60.09791,0.4824626,0.00802794,88938.005,80000.116,-8938.005,-0.116,True,False,0.01372
400.9,FINE,THRUST,80000.011,28.9218329,0.1152891,-1368.279,0.00088,-70.99501,2285.25441,2278.93162,-6.32279,0,0.04985,-0.01545,-0.05006,0.48004,0,-0.05006,0.48004,0,60.0992,0.4826466,0.00803083,88935.505,80000.116,-8935.505,-0.116,True,False,0.01357
401.04,FINE,THRUST,80000.011,28.9229016,0.1152365,-1367.655,0.00088,-70.96486,2285.25328,2278.93162,-6.32166,0,0.04984,-0.01545,-0.05005,0.48023,0,-0.05005,0.48023,0,60.1005,0.4828306,0.00803372,88933.005,80000.116,-8933.005,-0.116,True,False,-0.01359
401.18,FINE,THRUST,80000.011,28.9239701,0.1151839,-1367.03,0.00089,-70.93471,2285.25216,2278.93162,-6.32054,0,0.04982,-0.01544,-0.05004,0.48042,0,-0.05004,0.48042,0,60.10179,0.4830144,0.00803661,88930.505,80000.116,-8930.505,-0.116,True,False,-0.0137
401.32,FINE,THRUST,80000.011,28.9250385,0.1151313,-1366.405,0.00089,-70.90454,2285.25103,2278.93162,-6.31941,0,0.04981,-0.01543,-0.05002,0.4806,0,-0.05002,0.4806,0,60.10309,0.4831982,0.00803949,88928.004,80000.116,-8928.004,-0.116,True,False,-0.01393
401.46,FINE,THRUST,80000.011,28.9261068,0.1150786,-1365.78,0.0009,-70.87435,2285.24991,2278.93162,-6.31829,0,0.0498,-0.01543,-0.05001,0.48079,0,-0.05001,0.48079,0,60.10438,0.4833819,0.00804237,88925.504,80000.116,-8925.504,-0.116,True,False,-0.01419
401.6,FINE,THRUST,80000.011,28.9271749,0.1150259,-1365.155,0.00091,-70.84415,2285.24878,2278.93162,-6.31716,0,0.04978,-0.01542,-0.05,0.48097,0,-0.05,0.48097,0,60.10568,0.4835654,0.00804525,88923.003,80000.116,-8923.003,-0.116,True,False,-0.01443
401.74,FINE,THRUST,80000.012,28.9282429,0.1149732,-1364.529,0.00092,-70.81394,2285.24765,2278.93162,-6.31604,0,0.04977,-0.01541,-0.04999,0.48116,0,-0.04999,0.48116,0,60.10697,0.4837489,0.00804813,88920.503,80000.116,-8920.503,-0.116,True,False,-0.01463
401.88,FINE,THRUST,80000.012,28.9293108,0.1149204,-1363.903,0.00093,-70.78372,2285.24653,2278.93162,-6.31491,0,0.04975,-0.0154,-0.04998,0.48134,0,-0.04998,0.48134,0,60.10827,0.4839323,0.00805101,88918.002,80000.116,-8918.002,-0.116,True,False,-0.01477
402.02,FINE,THRUST,80000.012,28.9303785,0.1148677,-1363.277,0.00094,-70.75348,2285.2454,2278.93162,-6.31378,0,0.04974,-0.0154,-0.04997,0.48153,0,-0.04997,0.48153,0,60.10957,0.4841156,0.00805389,88915.501,80000.116,-8915.501,-0.116,True,False,-0.01484
402.16,FINE,THRUST,80000.012,28.931446,0.1148149,-1362.651,0.00095,-70.72323,2285.24427,2278.93162,-6.31266,0,0.04973,-0.01539,-0.04996,0.48172,0,-0.04996,0.48172,0,60.11087,0.4842989,0.00805676,88912.999,80000.116,-8912.999,-0.116,True,False,-0.01478
402.3,FINE,THRUST,80000.012,28.9325135,0.1147621,-1362.024,0.00096,-70.69296,2285.24315,2278.93162,-6.31153,0,0.04971,-0.01538,-0.04994,0.4819,0,-0.04994,0.4819,0,60.11216,0.484482,0.00805963,88910.497,80000.116,-8910.497,-0.116,True,False,-0.01471
402.44,FINE,THRUST,80000.012,28.9335807,0.1147093,-1361.397,0.00097,-70.66269,2285.24202,2278.93162,-6.3104,0,0.0497,-0.01538,-0.04993,0.48209,0,-0.04993,0.48209,0,60.11347,0.4846651,0.0080625,88907.995,80000.116,-8907.995,-0.116,True,False,-0.01453
402.58,FINE,THRUST,80000.012,28.9346478,0.1146564,-1360.77,0.00099,-70.6324,2285.24089,2278.93162,-6.30928,0,0.04968,-0.01537,-0.04992,0.48227,0,-0.04992,0.48227,0,60.11476,0.484848,0.00806537,88905.493,80000.116,-8905.493,-0.116,True,False,-0.01431
402.72,FINE,THRUST,80000.013,28.9357148,0.1146036,-1360.142,0.001,-70.60209,2285.23976,2278.93162,-6.30815,0,0.04967,-0.01536,-0.04991,0.48246,0,-0.04991,0.48246,0,60.11606,0.4850309,0.00806824,88902.989,80000.116,-8902.989,-0.116,True,False,-0.01397
402.86,FINE,THRUST,80000.013,28.9367816,0.1145507,-1359.515,0.00101,-70.57177,2285.23864,2278.93162,-6.30702,0,0.04966,-0.01535,-0.0499,0.48264,0,-0.0499,0.48264,0,60.11736,0.4852137,0.00807111,88900.486,80000.116,-8900.486,-0.116,True,False,-0.01357
403,FINE,THRUST,80000.013,28.9378483,0.1144978,-1358.887,0.00102,-70.54144,2285.23751,2278.93162,-6.30589,0,0.04964,-0.01535,-0.04989,0.48283,0,-0.04989,0.48283,0,60.11867,0.4853964,0.00807397,88897.982,80000.117,-8897.982,-0.117,True,False,-0.0131
403.14,FINE,THRUST,80000.013,28.9389148,0.1144448,-1358.259,0.00102,-70.5111,2285.23638,2278.93162,-6.30476,0,0.04963,-0.01534,-0.04988,0.48301,0,-0.04988,0.48301,0,60.11997,0.485579,0.00807683,88895.477,80000.117,-8895.477,-0.117,True,False,-0.01257
403.28,FINE,THRUST,80000.013,28.9399812,0.1143919,-1357.63,0.00103,-70.48074,2285.23525,2278.93162,-6.30363,0,0.04962,-0.01533,-0.04986,0.4832,0,-0.04986,0.4832,0,60.12127,0.4857615,0.0080797,88892.971,80000.117,-8892.971,-0.117,True,False,-0.01195
403.42,FINE,THRUST,80000.013,28.9410474,0.1143389,-1357.001,0.00104,-70.45037,2285.23412,2278.93162,-6.3025,0,0.0496,-0.01533,-0.04985,0.48338,0,-0.04985,0.48338,0,60.12257,0.485944,0.00808256,88890.465,80000.117,-8890.465,-0.117,True,False,-0.01127
403.56,FINE,THRUST,80000.013,28.9421135,0.1142859,-1356.372,0.00105,-70.41999,2285.23299,2278.93162,-6.30137,0,0.04959,-0.01532,-0.04984,0.48356,0,-0.04984,0.48356,0,60.12388,0.4861264,0.00808541,88887.958,80000.117,-8887.958,-0.117,True,False,-0.01053
403.7,FINE,THRUST,80000.013,28.9431794,0.1142329,-1355.743,0.00105,-70.38959,2285.23185,2278.93162,-6.30024,0,0.04957,-0.01531,-0.04983,0.48375,0,-0.04983,0.48375,0,60.12518,0.4863087,0.00808827,88885.45,80000.117,-8885.45,-0.117,True,False,-0.00968
403.84,FINE,THRUST,80000.014,28.9442452,0.1141798,-1355.114,0.00106,-70.35918,2285.23072,2278.93162,-6.29911,0,0.04956,-0.0153,-0.04982,0.48393,0,-0.04982,0.48393,0,60.12648,0.4864908,0.00809112,88882.941,80000.117,-8882.941,-0.117,True,False,-0.00879
403.98,FINE,THRUST,80000.014,28.9453108,0.1141268,-1354.484,0.00107,-70.32876,2285.22959,2278.93162,-6.29797,0,0.04955,-0.0153,-0.0498,0.48412,0,-0.0498,0.48412,0,60.12779,0.486673,0.00809398,88880.431,80000.117,-8880.431,-0.117,True,False,-0.00782
404.12,FINE,THRUST,80000.014,28.9463762,0.1140737,-1353.854,0.00107,-70.29832,2285.22845,2278.93162,-6.29684,0,0.04953,-0.01529,-0.04979,0.4843,0,-0.04979,0.4843,0,60.1291,0.486855,0.00809683,88877.92,80000.117,-8877.92,-0.117,True,False,-0.00675
404.26,FINE,THRUST,80000.014,28.9474415,0.1140206,-1353.224,0.00107,-70.26787,2285.22732,2278.93161,-6.2957,0,0.04952,-0.01528,-0.04978,0.48449,0,-0.04978,0.48449,0,60.1304,0.4870369,0.00809968,88875.408,80000.117,-8875.408,-0.117,True,False,-0.00563
404.4,FINE,THRUST,80000.014,28.9485066,0.1139675,-1352.593,0.00107,-70.23741,2285.22618,2278.93161,-6.29457,0,0.0495,-0.01528,-0.04977,0.48467,0,-0.04977,0.48467,0,60.1317,0.4872188,0.00810253,88872.895,80000.117,-8872.895,-0.117,True,False,-0.00444
404.54,FINE,THRUST,80000.014,28.9495716,0.1139143,-1351.962,0.00107,-70.20693,2285.22504,2278.93161,-6.29343,0,0.04949,-0.01527,-0.04975,0.48485,0,-0.04975,0.48485,0,60.13301,0.4874005,0.00810537,88870.381,80000.117,-8870.381,-0.117,True,False,-0.00322
404.68,FINE,THRUST,80000.014,28.9506364,0.1138612,-1351.331,0.00107,-70.17644,2285.22391,2278.93161,-6.29229,0,0.04948,-0.01526,-0.04974,0.48504,0,-0.04974,0.48504,0,60.13432,0.4875822,0.00810822,88867.866,80000.117,-8867.866,-0.117,True,False,-0.0021
404.82,FINE,THRUST,80000.015,28.951701,0.113808,-1350.7,0.00107,-70.14594,2285.22277,2278.93161,-6.29115,0,0.04946,-0.01525,-0.04973,0.48522,0,-0.04973,0.48522,0,60.13563,0.4877638,0.00811106,88865.349,80000.118,-8865.349,-0.118,True,False,-0.00155
404.96,FINE,THRUST,80000.015,28.9527655,0.1137547,-1350.069,0.00107,-70.11542,2285.22163,2278.93161,-6.29001,0,0.04945,-0.01525,-0.04971,0.48541,0,-0.04971,0.48541,0,60.13694,0.4879453,0.0081139,88862.831,80000.118,-8862.831,-0.118,True,False,0.00231
405.1,FINE,THRUST,80000.015,28.9538298,0.1137015,-1349.437,0.00106,-70.0849,2285.22048,2278.93161,-6.28887,0,0.04943,-0.01524,-0.0497,0.48559,0,-0.0497,0.48559,0,60.13825,0.4881268,0.00811674,88860.312,80000.118,-8860.312,-0.118,True,False,0.00374
405.24,FINE,THRUST,80000.015,28.954894,0.1136483,-1348.805,0.00106,-70.05435,2285.21934,2278.93161,-6.28773,0,0.04942,-0.01523,-0.04968,0.48577,0,-0.04968,0.48577,0,60.13956,0.4883081,0.00811958,88857.791,80000.118,-8857.791,-0.118,True,False,0.00532
405.38,FINE,THRUST,80000.015,28.955958,0.113595,-1348.172,0.00105,-70.0238,2285.2182,2278.93161,-6.28658,0,0.04941,-0.01523,-0.04967,0.48596,0,-0.04967,0.48596,0,60.14087,0.4884894,0.00812242,88855.267,80000.118,-8855.267,-0.118,True,False,0.00692
405.52,FINE,THRUST,80000.015,28.9570218,0.1135417,-1347.54,0.00104,-69.99323,2285.21705,2278.93161,-6.28544,0,0.04939,-0.01522,-0.04965,0.48614,0,-0.04965,0.48614,0,60.14217,0.4886706,0.00812526,88852.742,80000.118,-8852.742,-0.118,True,False,0.00857
405.66,FINE,THRUST,80000.015,28.9580854,0.1134884,-1346.907,0.00102,-69.96265,2285.2159,2278.93161,-6.28429,0,0.04938,-0.01521,-0.04964,0.48632,0,-0.04964,0.48632,0,60.14349,0.4888517,0.00812809,88850.216,80000.118,-8850.216,-0.118,True,False,0.0101
405.8,FINE,THRUST,80000.015,28.9591489,0.113435,-1346.274,0.00101,-69.93206,2285.21475,2278.93161,-6.28314,0,0.04936,-0.0152,-0.04962,0.48651,0,-0.04962,0.48651,0,60.1448,0.4890327,0.00813092,88847.689,80000.118,-8847.689,-0.118,True,False,0.01144
405.94,FINE,THRUST,80000.015,28.9602122,0.1133817,-1345.641,0.00099,-69.90145,2285.21361,2278.93161,-6.28199,0,0.04935,-0.0152,-0.04961,0.48669,0,-0.04961,0.48669,0,60.14611,0.4892136,0.00813375,88845.161,80000.118,-8845.161,-0.118,True,False,0.01261
406.08,FINE,THRUST,80000.016,28.9612754,0.1133283,-1345.007,0.00097,-69.87083,2285.21246,2278.93161,-6.28085,0,0.04934,-0.01519,-0.04959,0.48688,0,-0.04959,0.48688,0,60.14743,0.4893945,0.00813658,88842.633,80000.118,-8842.633,-0.118,True,False,0.01354
406.22,FINE,THRUST,80000.016,28.9623383,0.1132749,-1344.373,0.00095,-69.8402,2285.21131,2278.93161,-6.2797,0,0.04932,-0.01518,-0.04957,0.48706,0,-0.04957,0.48706,0,60.14874,0.4895753,0.00813941,88840.105,80000.118,-8840.105,-0.118,True,False,0.01427
406.36,FINE,THRUST,80000.016,28.9634011,0.1132215,-1343.739,0.00093,-69.80955,2285.21016,2278.93161,-6.27855,0,0.04931,-0.01518,-0.04956,0.48724,0,-0.04956,0.48724,0,60.15005,0.489756,0.00814224,88837.577,80000.118,-8837.577,-0.118,True,False,0.01481
406.5,FINE,THRUST,80000.016,28.9644638,0.113168,-1343.105,0.00091,-69.7789,2285.20901,2278.93161,-6.2774,0,0.04929,-0.01517,-0.04954,0.48743,0,-0.04954,0.48743,0,60.15137,0.4899366,0.00814506,88835.05,80000.118,-8835.05,-0.118,True,False,0.01523
406.64,FINE,THRUST,80000.016,28.9655263,0.1131145,-1342.47,0.00089,-69.74822,2285.20786,2278.93161,-6.27625,0,0.04928,-0.01516,-0.04953,0.48761,0,-0.04953,0.48761,0,60.15268,0.4901171,0.00814788,88832.523,80000.119,-8832.523,-0.119,True,False,0.0155
406.78,FINE,THRUST,80000.016,28.9665886,0.113061,-1341.836,0.00087,-69.71754,2285.20672,2278.93161,-6.2751,0,0.04927,-0.01515,-0.04951,0.48779,0,-0.04951,0.48779,0,60.15399,0.4902975,0.00815071,88829.996,80000.119,-8829.996,-0.119,True,False,0.01565
406.92,FINE,THRUST,80000.016,28.9676507,0.1130075,-1341.2,0.00085,-69.68684,2285.20557,2278.93161,-6.27396,0,0.04925,-0.01515,-0.04949,0.48797,0,-0.04949,0.48797,0,60.15531,0.4904779,0.00815353,88827.47,80000.119,-8827.47,-0.119,True,False,0.01572
407.06,FINE,THRUST,80000.016,28.9687126,0.112954,-1340.565,0.00083,-69.65613,2285.20442,2278.93161,-6.27281,0,0.04924,-0.01514,-0.04948,0.48816,0,-0.04948,0.48816,0,60.15663,0.4906581,0.00815634,88824.944,80000.119,-8824.944,-0.119,True,False,0.01574
407.2,FINE,THRUST,80000.017,28.9697744,0.1129004,-1339.929,0.00081,-69.62541,2285.20327,2278.93161,-6.27166,0,0.04922,-0.01513,-0.04946,0.48834,0,-0.04946,0.48834,0,60.15794,0.4908383,0.00815916,88822.419,80000.119,-8822.419,-0.119,True,False,0.01569
407.34,FINE,THRUST,80000.017,28.970836,0.1128469,-1339.294,0.00079,-69.59467,2285.20213,2278.93161,-6.27052,0,0.04921,-0.01513,-0.04944,0.48852,0,-0.04944,0.48852,0,60.15926,0.4910184,0.00816198,88819.894,80000.119,-8819.894,-0.119,True,False,0.01558
407.48,FINE,THRUST,80000.017,28.9718975,0.1127933,-1338.658,0.00078,-69.56392,2285.20098,2278.93161,-6.26937,0,0.0492,-0.01512,-0.04943,0.48871,0,-0.04943,0.48871,0,60.16058,0.4911984,0.00816479,88817.369,80000.119,-8817.369,-0.119,True,False,0.01542
407.62,FINE,THRUST,80000.017,28.9729588,0.1127397,-1338.021,0.00076,-69.53315,2285.19984,2278.93161,-6.26823,0,0.04918,-0.01511,-0.04941,0.48889,0,-0.04941,0.48889,0,60.1619,0.4913783,0.0081676,88814.845,80000.119,-8814.845,-0.119,True,False,0.01518
407.76,FINE,THRUST,80000.017,28.9740198,0.112686,-1337.385,0.00074,-69.50237,2285.19869,2278.93161,-6.26708,0,0.04917,-0.0151,-0.04939,0.48907,0,-0.04939,0.48907,0,60.16321,0.4915581,0.00817041,88812.322,80000.119,-8812.322,-0.119,True,False,0.01489
407.9,FINE,THRUST,80000.017,28.9750808,0.1126324,-1336.748,0.00072,-69.47158,2285.19755,2278.93161,-6.26594,0,0.04915,-0.0151,-0.04938,0.48925,0,-0.04938,0.48925,0,60.16453,0.4917379,0.00817322,88809.799,80000.119,-8809.799,-0.119,True,False,0.01453
408.04,FINE,THRUST,80000.017,28.9761415,0.1125787,-1336.111,0.0007,-69.44078,2285.1964,2278.93161,-6.26479,0,0.04914,-0.01509,-0.04936,0.48943,0,-0.04936,0.48943,0,60.16585,0.4919175,0.00817603,88807.277,80000.119,-8807.277,-0.119,True,False,0.01413
408.18,FINE,THRUST,80000.017,28.9772021,0.112525,-1335.473,0.00069,-69.40996,2285.19526,2278.93161,-6.26365,0,0.04913,-0.01508,-0.04935,0.48962,0,-0.04935,0.48962,0,60.16717,0.4920971,0.00817883,88804.756,80000.119,-8804.756,-0.119,True,False,0.01366
408.32,FINE,THRUST,80000.017,28.9782625,0.1124712,-1334.836,0.00067,-69.37913,2285.19412,2278.93161,-6.26251,0,0.04911,-0.01507,-0.04933,0.4898,0,-0.04933,0.4898,0,60.16849,0.4922765,0.00818163,88802.236,80000.119,-8802.236,-0.119,True,False,0.01312
408.46,FINE,THRUST,80000.018,28.9793227,0.1124175,-1334.198,0.00066,-69.34829,2285.19297,2278.93161,-6.26137,0,0.0491,-0.01507,-0.04932,0.48998,0,-0.04932,0.48998,0,60.16982,0.4924559,0.00818443,88799.716,80000.119,-8799.716,-0.119,True,False,0.01252
408.6,FINE,THRUST,80000.018,28.9803827,0.1123637,-1333.56,0.00064,-69.31743,2285.19183,2278.93161,-6.26022,0,0.04908,-0.01506,-0.0493,0.49016,0,-0.0493,0.49016,0,60.17114,0.4926352,0.00818723,88797.198,80000.119,-8797.198,-0.119,True,False,0.01186
408.74,FINE,THRUST,80000.018,28.9814426,0.1123099,-1332.921,0.00063,-69.28657,2285.19069,2278.93161,-6.25908,0,0.04907,-0.01505,-0.04928,0.49034,0,-0.04928,0.49034,0,60.17246,0.4928144,0.00819003,88794.68,80000.119,-8794.68,-0.119,True,False,0.01114
408.88,FINE,THRUST,80000.018,28.9825022,0.1122561,-1332.283,0.00062,-69.25568,2285.18955,2278.93161,-6.25794,0,0.04906,-0.01505,-0.04927,0.49053,0,-0.04927,0.49053,0,60.17378,0.4929935,0.00819283,88792.163,80000.119,-8792.163,-0.119,True,False,0.01037
409.02,FINE,THRUST,80000.018,28.9835617,0.1122023,-1331.644,0.00061,-69.22479,2285.18841,2278.93161,-6.25681,0,0.04904,-0.01504,-0.04925,0.49071,0,-0.04925,0.49071,0,60.17511,0.4931726,0.00819562,88789.648,80000.119,-8789.648,-0.119,True,False,0.00954
409.16,FINE,THRUST,80000.018,28.984621,0.1121484,-1331.005,0.0006,-69.19388,2285.18728,2278.93161,-6.25567,0,0.04903,-0.01503,-0.04924,0.49089,0,-0.04924,0.49089,0,60.17643,0.4933515,0.00819842,88787.134,80000.119,-8787.134,-0.119,True,False,0.00868
409.3,FINE,THRUST,80000.018,28.9856802,0.1120946,-1330.365,0.00059,-69.16296,2285.18614,2278.93161,-6.25453,0,0.04901,-0.01502,-0.04922,0.49107,0,-0.04922,0.49107,0,60.17775,0.4935303,0.00820121,88784.62,80000.119,-8784.62,-0.119,True,False,0.00779
409.44,FINE,THRUST,80000.018,28.9867391,0.1120407,-1329.726,0.00058,-69.13202,2285.185,2278.93161,-6.2534,0,0.049,-0.01502,-0.04921,0.49125,0,-0.04921,0.49125,0,60.17908,0.4937091,0.008204,88782.109,80000.119,-8782.109,-0.119,True,False,0.00691
409.58,FINE,THRUST,80000.018,28.9877979,0.1119868,-1329.086,0.00057,-69.10107,2285.18387,2278.93161,-6.25226,0,0.04899,-0.01501,-0.0492,0.49143,0,-0.0492,0.49143,0,60.1804,0.4938878,0.00820679,88779.598,80000.119,-8779.598,-0.119,True,False,0.00605
409.72,FINE,THRUST,80000.018,28.9888564,0.1119328,-1328.446,0.00057,-69.07011,2285.18273,2278.93161,-6.25113,0,0.04897,-0.015,-0.04918,0.49161,0,-0.04918,0.49161,0,60.18173,0.4940663,0.00820957,88777.089,80000.119,-8777.089,-0.119,True,False,0.00531
409.86,FINE,THRUST,80000.018,28.9899148,0.1118789,-1327.805,0.00056,-69.03914,2285.1816,2278.93161,-6.24999,0,0.04896,-0.015,-0.04917,0.49179,0,-0.04917,0.49179,0,60.18306,0.4942448,0.00821236,88774.581,80000.119,-8774.581,-0.119,True,False,0.0048
410,FINE,THRUST,80000.019,28.990973,0.1118249,-1327.165,0.00056,-69.00815,2285.18047,2278.93161,-6.24886,0,0.04895,-0.01499,-0.04915,0.49197,0,-0.04915,0.49197,0,60.18439,0.4944232,0.00821514,88772.074,80000.119,-8772.074,-0.119,True,False,0.00466
410.14,FINE,THRUST,80000.019,28.9920311,0.1117709,-1326.524,0.00056,-68.97715,2285.17934,2278.93161,-6.24773,0,0.04893,-0.01498,-0.04914,0.49215,0,-0.04914,0.49215,0,60.18571,0.4946015,0.00821792,88769.569,80000.119,-8769.569,-0.119,True,False,0.005
410.28,FINE,THRUST,80000.019,28.9930889,0.1117169,-1325.883,0.00056,-68.94613,2285.17821,2278.93161,-6.2466,0,0.04892,-0.01497,-0.04913,0.49233,0,-0.04913,0.49233,0,60.18704,0.4947797,0.0082207,88767.066,80000.119,-8767.066,-0.119,True,False,-0.0058
410.42,FINE,THRUST,80000.019,28.9941466,0.1116628,-1325.241,0.00056,-68.91511,2285.17708,2278.93161,-6.24548,0,0.0489,-0.01497,-0.04911,0.49252,0,-0.04911,0.49252,0,60.18837,0.4949578,0.00822348,88764.564,80000.119,-8764.564,-0.119,True,False,-0.00697
410.56,FINE,THRUST,80000.019,28.995204,0.1116088,-1324.599,0.00056,-68.88406,2285.17596,2278.93161,-6.24435,0,0.04889,-0.01496,-0.0491,0.4927,0,-0.0491,0.4927,0,60.1897,0.4951359,0.00822626,88762.063,80000.119,-8762.063,-0.119,True,False,-0.00833
410.7,FINE,THRUST,80000.019,28.9962613,0.1115547,-1323.958,0.00057,-68.85301,2285.17483,2278.93161,-6.24322,0,0.04888,-0.01495,-0.04909,0.49288,0,-0.04909,0.49288,0,60.19103,0.4953138,0.00822903,88759.565,80000.119,-8759.565,-0.119,True,False,-0.00975
410.84,FINE,THRUST,80000.019,28.9973184,0.1115006,-1323.315,0.00057,-68.82194,2285.17371,2278.93161,-6.2421,0,0.04886,-0.01494,-0.04908,0.49306,0,-0.04908,0.49306,0,60.19236,0.4954916,0.0082318,88757.068,80000.119,-8757.068,-0.119,True,False,-0.01114
410.98,FINE,THRUST,80000.013,28.9983753,0.1114464,-1322.673,0.00058,-68.79086,2285.17259,2278.93161,-6.24098,0,0.04885,-0.01494,-0.04905,0.49324,0,-0.04905,0.49324,0,60.19369,0.4956694,0.00823457,88754.575,80000.117,-8754.575,-0.117,True,False,-0.01152
411.12,FINE,THRUST,80000.012,28.999432,0.1113922,-1322.03,0.00059,-68.75977,2285.17149,2278.93162,-6.23987,0,0.04883,-0.01493,-0.049,0.49342,0,-0.049,0.49342,0,60.19502,0.4958471,0.00823734,88752.086,80000.111,-8752.086,-0.111,True,False,-0.01153
411.26,FINE,THRUST,80000.012,29.0004885,0.1113381,-1321.387,0.0006,-68.72866,2285.17037,2278.93162,-6.23875,0,0.04882,-0.01492,-0.04899,0.4936,0,-0.04899,0.4936,0,60.19635,0.4960246,0.00824011,88749.596,80000.111,-8749.596,-0.111,True,False,-0.01222
411.4,FINE,THRUST,80000.012,29.0015448,0.1112839,-1320.744,0.00061,-68.69754,2285.16925,2278.93162,-6.23763,0,0.04881,-0.01492,-0.04898,0.49378,0,-0.04898,0.49378,0,60.19768,0.4962021,0.00824288,88747.107,80000.111,-8747.107,-0.111,True,False,-0.01283
411.54,FINE,THRUST,80000.012,29.0026009,0.1112297,-1320.1,0.00062,-68.66641,2285.16814,2278.93162,-6.23652,0,0.04879,-0.01491,-0.04897,0.49396,0,-0.04897,0.49396,0,60.19902,0.4963795,0.00824564,88744.619,80000.111,-8744.619,-0.111,True,False,-0.01338
411.68,FINE,THRUST,80000.012,29.0036568,0.1111754,-1319.457,0.00063,-68.63526,2285.16702,2278.93162,-6.2354,0,0.04878,-0.0149,-0.04896,0.49414,0,-0.04896,0.49414,0,60.20034,0.4965568,0.0082484,88742.131,80000.112,-8742.131,-0.112,True,False,-0.01389
411.82,FINE,THRUST,80000.012,29.0047126,0.1111212,-1318.813,0.00064,-68.60411,2285.1659,2278.93162,-6.23429,0,0.04877,-0.01489,-0.04894,0.49432,0,-0.04894,0.49432,0,60.20168,0.496734,0.00825117,88739.645,80000.112,-8739.645,-0.112,True,False,-0.01429
411.96,FINE,THRUST,80000.012,29.0057681,0.1110669,-1318.169,0.00066,-68.57294,2285.16479,2278.93162,-6.23317,0,0.04875,-0.01489,-0.04893,0.4945,0,-0.04893,0.4945,0,60.20301,0.4969111,0.00825392,88737.158,80000.112,-8737.158,-0.112,True,False,-0.01463
412.1,FINE,THRUST,80000.012,29.0068234,0.1110126,-1317.524,0.00067,-68.54175,2285.16367,2278.93162,-6.23206,0,0.04874,-0.01488,-0.04892,0.49467,0,-0.04892,0.49467,0,60.20435,0.4970882,0.00825668,88734.672,80000.112,-8734.672,-0.112,True,False,-0.015
412.24,FINE,THRUST,80000.012,29.0078785,0.1109583,-1316.88,0.00068,-68.51055,2285.16256,2278.93162,-6.23094,0,0.04872,-0.01487,-0.04891,0.49485,0,-0.04891,0.49485,0,60.20569,0.4972651,0.00825944,88732.186,80000.112,-8732.186,-0.112,True,False,-0.01527
412.38,FINE,THRUST,80000.012,29.0089335,0.110904,-1316.235,0.0007,-68.47934,2285.16144,2278.93162,-6.22982,0,0.04871,-0.01486,-0.0489,0.49503,0,-0.0489,0.49503,0,60.20702,0.4974419,0.00826219,88729.7,80000.112,-8729.7,-0.112,True,False,-0.01546
412.52,FINE,THRUST,80000.012,29.0099882,0.1108496,-1315.59,0.00071,-68.44812,2285.16033,2278.93162,-6.22871,0,0.0487,-0.01486,-0.04889,0.49521,0,-0.04889,0.49521,0,60.20835,0.4976187,0.00826494,88727.214,80000.112,-8727.214,-0.112,True,False,-0.01556
412.66,FINE,THRUST,80000.013,29.0110427,0.1107952,-1314.944,0.00073,-68.41688,2285.15921,2278.93162,-6.22759,0,0.04868,-0.01485,-0.04888,0.49539,0,-0.04888,0.49539,0,60.20969,0.4977953,0.00826769,88724.728,80000.112,-8724.728,-0.112,True,False,-0.01561
412.8,FINE,THRUST,80000.013,29.012097,0.1107408,-1314.299,0.00074,-68.38563,2285.1581,2278.93162,-6.22648,0,0.04867,-0.01484,-0.04887,0.49557,0,-0.04887,0.49557,0,60.21103,0.4979719,0.00827044,88722.241,80000.112,-8722.241,-0.112,True,False,-0.01558
412.94,FINE,THRUST,80000.013,29.0131511,0.1106864,-1313.653,0.00076,-68.35437,2285.15698,2278.93162,-6.22536,0,0.04866,-0.01484,-0.04886,0.49575,0,-0.04886,0.49575,0,60.21237,0.4981484,0.00827319,88719.755,80000.112,-8719.755,-0.112,True,False,-0.0155
413.08,FINE,THRUST,80000.013,29.0142051,0.110632,-1313.007,0.00077,-68.3231,2285.15586,2278.93162,-6.22425,0,0.04864,-0.01483,-0.04885,0.49592,0,-0.04885,0.49592,0,60.2137,0.4983247,0.00827594,88717.269,80000.112,-8717.269,-0.112,True,False,-0.01536
413.22,FINE,THRUST,80000.013,29.0152588,0.1105775,-1312.36,0.00078,-68.29181,2285.15475,2278.93162,-6.22313,0,0.04863,-0.01482,-0.04884,0.4961,0,-0.04884,0.4961,0,60.21504,0.4985011,0.00827868,88714.783,80000.112,-8714.783,-0.112,True,False,-0.01512
413.36,FINE,THRUST,80000.013,29.0163122,0.110523,-1311.714,0.0008,-68.26051,2285.15363,2278.93162,-6.22202,0,0.04861,-0.01481,-0.04882,0.49628,0,-0.04882,0.49628,0,60.21638,0.4986773,0.00828142,88712.297,80000.112,-8712.297,-0.112,True,False,-0.01484
413.5,FINE,THRUST,80000.013,29.0173655,0.1104685,-1311.067,0.00081,-68.2292,2285.15252,2278.93162,-6.2209,0,0.0486,-0.01481,-0.04881,0.49646,0,-0.04881,0.49646,0,60.21772,0.4988534,0.00828416,88709.81,80000.112,-8709.81,-0.112,True,False,-0.0145
413.64,FINE,THRUST,80000.013,29.0184186,0.110414,-1310.42,0.00082,-68.19787,2285.1514,2278.93162,-6.21978,0,0.04859,-0.0148,-0.0488,0.49664,0,-0.0488,0.49664,0,60.21906,0.4990294,0.0082869,88707.323,80000.112,-8707.323,-0.112,True,False,-0.0141
413.78,FINE,THRUST,80000.013,29.0194715,0.1103595,-1309.772,0.00083,-68.16653,2285.15028,2278.93162,-6.21867,0,0.04857,-0.01479,-0.04879,0.49682,0,-0.04879,0.49682,0,60.2204,0.4992054,0.00828964,88704.836,80000.112,-8704.836,-0.112,True,False,-0.01363
413.92,FINE,THRUST,80000.013,29.0205241,0.1103049,-1309.125,0.00084,-68.13518,2285.14917,2278.93162,-6.21755,0,0.04856,-0.01478,-0.04878,0.49699,0,-0.04878,0.49699,0,60.22174,0.4993812,0.00829237,88702.349,80000.112,-8702.349,-0.112,True,False,-0.01312
414.06,FINE,THRUST,80000.014,29.0215766,0.1102503,-1308.477,0.00085,-68.10382,2285.14805,2278.93162,-6.21643,0,0.04854,-0.01478,-0.04877,0.49717,0,-0.04877,0.49717,0,60.22308,0.499557,0.00829511,88699.861,80000.112,-8699.861,-0.112,True,False,-0.01254
414.2,FINE,THRUST,80000.014,29.0226288,0.1101957,-1307.829,0.00086,-68.07244,2285.14693,2278.93162,-6.21531,0,0.04853,-0.01477,-0.04876,0.49735,0,-0.04876,0.49735,0,60.22443,0.4997326,0.00829784,88697.372,80000.112,-8697.372,-0.112,True,False,-0.01187
414.34,FINE,THRUST,80000.014,29.0236808,0.1101411,-1307.18,0.00087,-68.04105,2285.14581,2278.93162,-6.2142,0,0.04852,-0.01476,-0.04874,0.49753,0,-0.04874,0.49753,0,60.22577,0.4999082,0.00830057,88694.884,80000.112,-8694.884,-0.112,True,False,-0.01115
414.48,FINE,THRUST,80000.014,29.0247326,0.1100864,-1306.532,0.00088,-68.00964,2285.14469,2278.93162,-6.21308,0,0.0485,-0.01475,-0.04873,0.4977,0,-0.04873,0.4977,0,60.22712,0.5000837,0.0083033,88692.394,80000.112,-8692.394,-0.112,True,False,-0.01035
414.62,FINE,THRUST,80000.014,29.0257842,0.1100317,-1305.883,0.00089,-67.97823,2285.14357,2278.93161,-6.21196,0,0.04849,-0.01475,-0.04872,0.49788,0,-0.04872,0.49788,0,60.22846,0.5002591,0.00830603,88689.904,80000.112,-8689.904,-0.112,True,False,-0.00949
414.76,FINE,THRUST,80000.014,29.0268356,0.1099771,-1305.234,0.00089,-67.9468,2285.14245,2278.93161,-6.21084,0,0.04848,-0.01474,-0.04871,0.49806,0,-0.04871,0.49806,0,60.2298,0.5004344,0.00830875,88687.413,80000.112,-8687.413,-0.112,True,False,-0.00858
414.9,FINE,THRUST,80000.014,29.0278867,0.1099223,-1304.585,0.0009,-67.91536,2285.14133,2278.93161,-6.20972,0,0.04846,-0.01473,-0.0487,0.49824,0,-0.0487,0.49824,0,60.23114,0.5006097,0.00831148,88684.922,80000.112,-8684.922,-0.112,True,False,-0.00758
415.04,FINE,THRUST,80000.014,29.0289377,0.1098676,-1303.935,0.0009,-67.88391,2285.14021,2278.93161,-6.20859,0,0.04845,-0.01473,-0.04868,0.49841,0,-0.04868,0.49841,0,60.23249,0.5007848,0.0083142,88682.429,80000.113,-8682.429,-0.113,True,False,-0.0065
415.18,FINE,THRUST,80000.014,29.0299884,0.1098129,-1303.285,0.00091,-67.85244,2285.13909,2278.93161,-6.20747,0,0.04843,-0.01472,-0.04867,0.49859,0,-0.04867,0.49859,0,60.23383,0.5009599,0.00831692,88679.936,80000.113,-8679.936,-0.113,True,False,-0.00537
415.32,FINE,THRUST,80000.014,29.0310389,0.1097581,-1302.635,0.00091,-67.82096,2285.13796,2278.93161,-6.20635,0,0.04842,-0.01471,-0.04866,0.49877,0,-0.04866,0.49877,0,60.23518,0.5011348,0.00831964,88677.442,80000.113,-8677.442,-0.113,True,False,-0.00416
415.46,FINE,THRUST,80000.015,29.0320892,0.1097033,-1301.985,0.00091,-67.78947,2285.13684,2278.93161,-6.20523,0,0.04841,-0.0147,-0.04865,0.49894,0,-0.04865,0.49894,0,60.23653,0.5013097,0.00832235,88674.947,80000.113,-8674.947,-0.113,True,False,-0.00293
415.6,FINE,THRUST,80000.015,29.0331392,0.1096485,-1301.334,0.00091,-67.75796,2285.13571,2278.93161,-6.2041,0,0.04839,-0.0147,-0.04863,0.49912,0,-0.04863,0.49912,0,60.23787,0.5014844,0.00832507,88672.451,80000.113,-8672.451,-0.113,True,False,-0.00171
415.74,FINE,THRUST,80000.015,29.0341891,0.1095936,-1300.683,0.00091,-67.72645,2285.13459,2278.93161,-6.20298,0,0.04838,-0.01469,-0.04862,0.4993,0,-0.04862,0.4993,0,60.23922,0.5016592,0.00832778,88669.954,80000.113,-8669.954,-0.113,True,False,0.00109
415.88,FINE,THRUST,80000.015,29.0352387,0.1095388,-1300.032,0.0009,-67.69492,2285.13346,2278.93161,-6.20185,0,0.04837,-0.01468,-0.0486,0.49947,0,-0.0486,0.49947,0,60.24057,0.5018337,0.00833049,88667.456,80000.113,-8667.456,-0.113,True,False,0.00199
416.02,FINE,THRUST,80000.015,29.0362881,0.1094839,-1299.381,0.0009,-67.66337,2285.13233,2278.93161,-6.20072,0,0.04835,-0.01467,-0.04859,0.49965,0,-0.04859,0.49965,0,60.24192,0.5020083,0.00833321,88664.957,80000.113,-8664.957,-0.113,True,False,0.00349
416.16,FINE,THRUST,80000.015,29.0373372,0.109429,-1298.73,0.00089,-67.63182,2285.1312,2278.93161,-6.19959,0,0.04834,-0.01467,-0.04858,0.49983,0,-0.04858,0.49983,0,60.24327,0.5021827,0.00833591,88662.456,80000.113,-8662.456,-0.113,True,False,0.00513
416.3,FINE,THRUST,80000.015,29.0383862,0.1093741,-1298.078,0.00089,-67.60025,2285.13007,2278.93161,-6.19846,0,0.04832,-0.01466,-0.04856,0.5,0,-0.04856,0.5,0,60.24462,0.502357,0.00833862,88659.954,80000.113,-8659.954,-0.113,True,False,0.00686
416.44,FINE,THRUST,80000.015,29.0394349,0.1093191,-1297.426,0.00088,-67.56867,2285.12894,2278.93161,-6.19733,0,0.04831,-0.01465,-0.04855,0.50018,0,-0.04855,0.50018,0,60.24597,0.5025313,0.00834133,88657.45,80000.113,-8657.45,-0.113,True,False,0.00866
416.58,FINE,THRUST,80000.015,29.0404834,0.1092642,-1296.773,0.00087,-67.53708,2285.12781,2278.93161,-6.1962,0,0.0483,-0.01464,-0.04853,0.50036,0,-0.04853,0.50036,0,60.24732,0.5027055,0.00834403,88654.944,80000.113,-8654.944,-0.113,True,False,0.01036
416.72,FINE,THRUST,80000.015,29.0415316,0.1092092,-1296.121,0.00085,-67.50547,2285.12667,2278.93161,-6.19506,0,0.04828,-0.01464,-0.04852,0.50053,0,-0.04852,0.50053,0,60.24867,0.5028795,0.00834673,88652.437,80000.113,-8652.437,-0.113,True,False,0.01185
416.86,FINE,THRUST,80000.016,29.0425796,0.1091542,-1295.468,0.00083,-67.47385,2285.12554,2278.93161,-6.19393,0,0.04827,-0.01463,-0.0485,0.50071,0,-0.0485,0.50071,0,60.25002,0.5030535,0.00834943,88649.928,80000.113,-8649.928,-0.113,True,False,0.01313
417,FINE,THRUST,80000.016,29.0436274,0.1090992,-1294.815,0.00082,-67.44222,2285.1244,2278.93161,-6.19279,0,0.04825,-0.01462,-0.04848,0.50089,0,-0.04848,0.50089,0,60.25137,0.5032274,0.00835213,88647.419,80000.113,-8647.419,-0.113,True,False,0.01414
417.14,FINE,THRUST,80000.016,29.044675,0.1090441,-1294.162,0.0008,-67.41058,2285.12326,2278.93161,-6.19165,0,0.04824,-0.01461,-0.04847,0.50106,0,-0.04847,0.50106,0,60.25272,0.5034013,0.00835483,88644.91,80000.113,-8644.91,-0.113,True,False,0.01496
417.28,FINE,THRUST,80000.016,29.0457223,0.1089891,-1293.508,0.00078,-67.37892,2285.12213,2278.93161,-6.19052,0,0.04823,-0.01461,-0.04845,0.50124,0,-0.04845,0.50124,0,60.25408,0.503575,0.00835753,88642.4,80000.113,-8642.4,-0.113,True,False,0.0156
417.42,FINE,THRUST,80000.016,29.0467694,0.108934,-1292.855,0.00076,-67.34726,2285.12099,2278.93161,-6.18938,0,0.04821,-0.0146,-0.04844,0.50141,0,-0.04844,0.50141,0,60.25543,0.5037486,0.00836022,88639.891,80000.113,-8639.891,-0.113,True,False,0.0161
417.56,FINE,THRUST,80000.016,29.0478163,0.1088789,-1292.201,0.00074,-67.31557,2285.11985,2278.93161,-6.18824,0,0.0482,-0.01459,-0.04842,0.50159,0,-0.04842,0.50159,0,60.25679,0.5039222,0.00836291,88637.382,80000.113,-8637.382,-0.113,True,False,0.01646
417.7,FINE,THRUST,80000.016,29.048863,0.1088238,-1291.546,0.00072,-67.28388,2285.11872,2278.93161,-6.18711,0,0.04818,-0.01459,-0.0484,0.50177,0,-0.0484,0.50177,0,60.25814,0.5040956,0.0083656,88634.874,80000.114,-8634.874,-0.114,True,False,0.0167
417.84,FINE,THRUST,80000.016,29.0499094,0.1087686,-1290.892,0.0007,-67.25217,2285.11758,2278.93161,-6.18597,0,0.04817,-0.01458,-0.04839,0.50194,0,-0.04839,0.50194,0,60.2595,0.504269,0.00836829,88632.366,80000.114,-8632.366,-0.114,True,False,0.01685
417.98,FINE,THRUST,80000.016,29.0509556,0.1087134,-1290.237,0.00068,-67.22045,2285.11645,2278.93161,-6.18484,0,0.04816,-0.01457,-0.04837,0.50212,0,-0.04837,0.50212,0,60.26085,0.5044423,0.00837098,88629.858,80000.114,-8629.858,-0.114,True,False,0.01699
418.12,FINE,THRUST,80000.016,29.0520015,0.1086583,-1289.582,0.00066,-67.18872,2285.11531,2278.93161,-6.1837,0,0.04814,-0.01456,-0.04835,0.50229,0,-0.04835,0.50229,0,60.26221,0.5046155,0.00837366,88627.351,80000.114,-8627.351,-0.114,True,False,0.01696
418.26,FINE,THRUST,80000.017,29.0530472,0.108603,-1288.927,0.00065,-67.15698,2285.11418,2278.93161,-6.18257,0,0.04813,-0.01456,-0.04834,0.50247,0,-0.04834,0.50247,0,60.26356,0.5047886,0.00837635,88624.845,80000.114,-8624.845,-0.114,True,False,0.01689
418.4,FINE,THRUST,80000.017,29.0540927,0.1085478,-1288.271,0.00063,-67.12522,2285.11304,2278.93161,-6.18143,0,0.04811,-0.01455,-0.04832,0.50264,0,-0.04832,0.50264,0,60.26492,0.5049616,0.00837903,88622.339,80000.114,-8622.339,-0.114,True,False,0.01675
418.54,FINE,THRUST,80000.017,29.055138,0.1084926,-1287.616,0.00061,-67.09345,2285.11191,2278.93161,-6.1803,0,0.0481,-0.01454,-0.04831,0.50282,0,-0.04831,0.50282,0,60.26628,0.5051345,0.00838171,88619.833,80000.114,-8619.833,-0.114,True,False,0.01654
418.68,FINE,THRUST,80000.017,29.056183,0.1084373,-1286.96,0.00059,-67.06166,2285.11077,2278.93161,-6.17916,0,0.04809,-0.01453,-0.04829,0.50299,0,-0.04829,0.50299,0,60.26764,0.5053073,0.00838439,88617.329,80000.114,-8617.329,-0.114,True,False,0.01626
418.82,FINE,THRUST,80000.017,29.0572278,0.108382,-1286.304,0.00058,-67.02987,2285.10964,2278.93161,-6.17803,0,0.04807,-0.01453,-0.04827,0.50317,0,-0.04827,0.50317,0,60.269,0.50548,0.00838707,88614.825,80000.114,-8614.825,-0.114,True,False,0.01593
418.96,FINE,THRUST,80000.017,29.0582723,0.1083267,-1285.647,0.00056,-66.99806,2285.10851,2278.93161,-6.1769,0,0.04806,-0.01452,-0.04826,0.50334,0,-0.04826,0.50334,0,60.27035,0.5056527,0.00838974,88612.322,80000.114,-8612.322,-0.114,True,False,0.0155
419.1,FINE,THRUST,80000.017,29.0593166,0.1082714,-1284.99,0.00054,-66.96624,2285.10738,2278.93161,-6.17577,0,0.04805,-0.01451,-0.04824,0.50352,0,-0.04824,0.50352,0,60.27171,0.5058252,0.00839242,88609.819,80000.114,-8609.819,-0.114,True,False,0.01503
419.24,FINE,THRUST,80000.017,29.0603607,0.108216,-1284.334,0.00053,-66.9344,2285.10624,2278.93161,-6.17464,0,0.04803,-0.0145,-0.04823,0.50369,0,-0.04823,0.50369,0,60.27307,0.5059977,0.00839509,88607.317,80000.114,-8607.317,-0.114,True,False,0.01447
419.38,FINE,THRUST,80000.017,29.0614045,0.1081606,-1283.676,0.00052,-66.90256,2285.10511,2278.93161,-6.1735,0,0.04802,-0.0145,-0.04821,0.50387,0,-0.04821,0.50387,0,60.27444,0.5061701,0.00839776,88604.817,80000.114,-8604.817,-0.114,True,False,0.01383
419.52,FINE,THRUST,80000.017,29.0624481,0.1081053,-1283.019,0.0005,-66.8707,2285.10398,2278.93161,-6.17237,0,0.048,-0.01449,-0.04819,0.50404,0,-0.04819,0.50404,0,60.27579,0.5063423,0.00840043,88602.317,80000.114,-8602.317,-0.114,True,False,0.01315
419.66,FINE,THRUST,80000.017,29.0634915,0.1080498,-1282.361,0.00049,-66.83883,2285.10285,2278.93161,-6.17125,0,0.04799,-0.01448,-0.04818,0.50422,0,-0.04818,0.50422,0,60.27716,0.5065145,0.00840309,88599.818,80000.114,-8599.818,-0.114,True,False,0.01237
419.8,FINE,THRUST,80000.017,29.0645346,0.1079944,-1281.703,0.00048,-66.80694,2285.10173,2278.93161,-6.17012,0,0.04798,-0.01447,-0.04816,0.50439,0,-0.04816,0.50439,0,60.27852,0.5066865,0.00840576,88597.32,80000.114,-8597.32,-0.114,True,False,0.01154
419.94,FINE,THRUST,80000.017,29.0655775,0.107939,-1281.045,0.00047,-66.77504,2285.1006,2278.93161,-6.16899,0,0.04796,-0.01447,-0.04815,0.50457,0,-0.04815,0.50457,0,60.27988,0.5068585,0.00840842,88594.824,80000.114,-8594.824,-0.114,True,False,0.01064
420.08,FINE,THRUST,80000.018,29.0666201,0.1078835,-1280.387,0.00046,-66.74313,2285.09947,2278.93161,-6.16786,0,0.04795,-0.01446,-0.04813,0.50474,0,-0.04813,0.50474,0,60.28124,0.5070304,0.00841108,88592.328,80000.114,-8592.328,-0.114,True,False,0.00965
420.22,FINE,THRUST,80000.018,29.0676625,0.107828,-1279.728,0.00045,-66.71121,2285.09835,2278.93161,-6.16674,0,0.04793,-0.01445,-0.04812,0.50491,0,-0.04812,0.50491,0,60.28261,0.5072022,0.00841374,88589.834,80000.114,-8589.834,-0.114,True,False,0.00861
420.36,FINE,THRUST,80000.018,29.0687046,0.1077725,-1279.069,0.00045,-66.67927,2285.09722,2278.93161,-6.16561,0,0.04792,-0.01444,-0.04811,0.50509,0,-0.04811,0.50509,0,60.28397,0.5073739,0.0084164,88587.341,80000.114,-8587.341,-0.114,True,False,0.00751
420.5,FINE,THRUST,80000.018,29.0697465,0.1077169,-1278.41,0.00044,-66.64732,2285.0961,2278.93161,-6.16449,0,0.04791,-0.01444,-0.04809,0.50526,0,-0.04809,0.50526,0,60.28534,0.5075455,0.00841905,88584.849,80000.114,-8584.849,-0.114,True,False,0.00636
420.64,FINE,THRUST,80000.018,29.0707882,0.1076614,-1277.751,0.00044,-66.61536,2285.09497,2278.93161,-6.16337,0,0.04789,-0.01443,-0.04808,0.50544,0,-0.04808,0.50544,0,60.2867,0.507717,0.00842171,88582.359,80000.114,-8582.359,-0.114,True,False,0.00521
420.78,FINE,THRUST,80000.018,29.0718296,0.1076058,-1277.091,0.00043,-66.58339,2285.09385,2278.93161,-6.16224,0,0.04788,-0.01442,-0.04806,0.50561,0,-0.04806,0.50561,0,60.28807,0.5078885,0.00842436,88579.87,80000.114,-8579.87,-0.114,True,False,0.0041
420.92,FINE,THRUST,80000.018,29.0728708,0.1075502,-1276.432,0.00043,-66.5514,2285.09273,2278.93161,-6.16112,0,0.04787,-0.01441,-0.04805,0.50578,0,-0.04805,0.50578,0,60.28943,0.5080598,0.00842701,88577.382,80000.114,-8577.382,-0.114,True,False,0.00322
421.06,FINE,THRUST,80000.018,29.0739117,0.1074946,-1275.771,0.00043,-66.5194,2285.09161,2278.93161,-6.16,0,0.04785,-0.01441,-0.04804,0.50596,0,-0.04804,0.50596,0,60.2908,0.508231,0.00842966,88574.896,80000.114,-8574.896,-0.114,True,False,0.00293
421.2,FINE,THRUST,80000.018,29.0749524,0.1074389,-1275.111,0.00043,-66.48739,2285.09049,2278.93161,-6.15889,0,0.04784,-0.0144,-0.04802,0.50613,0,-0.04802,0.50613,0,60.29217,0.5084021,0.00843231,88572.412,80000.114,-8572.412,-0.114,True,False,-0.00351
421.34,FINE,THRUST,80000.018,29.0759928,0.1073833,-1274.451,0.00044,-66.45537,2285.08938,2278.93161,-6.15777,0,0.04782,-0.01439,-0.04801,0.5063,0,-0.04801,0.5063,0,60.29354,0.5085732,0.00843495,88569.929,80000.114,-8569.929,-0.114,True,False,-0.00467
421.48,FINE,THRUST,80000.018,29.077033,0.1073276,-1273.79,0.00045,-66.42333,2285.08826,2278.93161,-6.15665,0,0.04781,-0.01438,-0.048,0.50647,0,-0.048,0.50647,0,60.2949,0.5087441,0.0084376,88567.447,80000.114,-8567.447,-0.114,True,False,-0.00608
421.62,FINE,THRUST,80000.018,29.0780729,0.1072719,-1273.129,0.00045,-66.39128,2285.08715,2278.93161,-6.15554,0,0.0478,-0.01438,-0.04799,0.50665,0,-0.04799,0.50665,0,60.29627,0.508915,0.00844024,88564.968,80000.114,-8564.968,-0.114,True,False,-0.00748
421.76,FINE,THRUST,80000.018,29.0791126,0.1072162,-1272.468,0.00047,-66.35921,2285.08603,2278.93161,-6.15442,0,0.04778,-0.01437,-0.04798,0.50682,0,-0.04798,0.50682,0,60.29764,0.5090857,0.00844288,88562.49,80000.114,-8562.49,-0.114,True,False,-0.00885
421.9,FINE,THRUST,80000.019,29.080152,0.1071605,-1271.806,0.00048,-66.32714,2285.08492,2278.93161,-6.15331,0,0.04777,-0.01436,-0.04796,0.50699,0,-0.04796,0.50699,0,60.29901,0.5092564,0.00844552,88560.014,80000.114,-8560.014,-0.114,True,False,-0.01015
422.04,FINE,THRUST,80000.019,29.0811912,0.1071047,-1271.144,0.00049,-66.29505,2285.08381,2278.93161,-6.1522,0,0.04776,-0.01435,-0.04795,0.50716,0,-0.04795,0.50716,0,60.30038,0.5094269,0.00844815,88557.54,80000.114,-8557.54,-0.114,True,False,-0.01136
422.18,FINE,THRUST,80000.019,29.0822301,0.1070489,-1270.482,0.0005,-66.26295,2285.0827,2278.93161,-6.15109,0,0.04774,-0.01435,-0.04794,0.50734,0,-0.04794,0.50734,0,60.30175,0.5095974,0.00845079,88555.068,80000.114,-8555.068,-0.114,True,False,-0.01247
422.32,FINE,THRUST,80000.019,29.0832688,0.1069931,-1269.82,0.00052,-66.23083,2285.0816,2278.93161,-6.14999,0,0.04773,-0.01434,-0.04793,0.50751,0,-0.04793,0.50751,0,60.30312,0.5097677,0.00845342,88552.599,80000.114,-8552.599,-0.114,True,False,-0.01342
422.46,FINE,THRUST,80000.019,29.0843072,0.1069373,-1269.158,0.00053,-66.19871,2285.08049,2278.93161,-6.14888,0,0.04771,-0.01433,-0.04792,0.50768,0,-0.04792,0.50768,0,60.30449,0.509938,0.00845605,88550.132,80000.114,-8550.132,-0.114,True,False,-0.01424
422.6,FINE,THRUST,80000.019,29.0853454,0.1068815,-1268.495,0.00054,-66.16657,2285.07939,2278.93161,-6.14778,0,0.0477,-0.01432,-0.04791,0.50785,0,-0.04791,0.50785,0,60.30586,0.5101082,0.00845868,88547.667,80000.114,-8547.667,-0.114,True,False,-0.01487
422.74,FINE,THRUST,80000.019,29.0863833,0.1068256,-1267.832,0.00055,-66.13442,2285.07828,2278.93161,-6.14668,0,0.04769,-0.01432,-0.0479,0.50803,0,-0.0479,0.50803,0,60.30723,0.5102782,0.00846131,88545.203,80000.114,-8545.203,-0.114,True,False,-0.01533
422.88,FINE,THRUST,80000.019,29.0874209,0.1067697,-1267.169,0.00057,-66.10225,2285.07718,2278.93161,-6.14558,0,0.04767,-0.01431,-0.04789,0.5082,0,-0.04789,0.5082,0,60.3086,0.5104482,0.00846394,88542.741,80000.114,-8542.741,-0.114,True,False,-0.01567
423.02,FINE,THRUST,80000.019,29.0884583,0.1067138,-1266.505,0.00058,-66.07008,2285.07608,2278.93161,-6.14448,0,0.04766,-0.0143,-0.04787,0.50837,0,-0.04787,0.50837,0,60.30998,0.5106181,0.00846656,88540.279,80000.114,-8540.279,-0.114,True,False,-0.01589
423.16,FINE,THRUST,80000.019,29.0894954,0.1066579,-1265.842,0.00059,-66.03789,2285.07498,2278.93161,-6.14337,0,0.04765,-0.01429,-0.04786,0.50854,0,-0.04786,0.50854,0,60.31135,0.5107879,0.00846918,88537.817,80000.114,-8537.817,-0.114,True,False,-0.01599
423.3,FINE,THRUST,80000.019,29.0905323,0.106602,-1265.178,0.0006,-66.00569,2285.07388,2278.93161,-6.14227,0,0.04763,-0.01429,-0.04785,0.50871,0,-0.04785,0.50871,0,60.31273,0.5109576,0.0084718,88535.356,80000.114,-8535.356,-0.114,True,False,-0.01602
423.44,FINE,THRUST,80000.019,29.0915689,0.106546,-1264.513,0.00061,-65.97348,2285.07278,2278.93161,-6.14117,0,0.04762,-0.01428,-0.04784,0.50888,0,-0.04784,0.50888,0,60.3141,0.5111272,0.00847442,88532.895,80000.114,-8532.895,-0.114,True,False,-0.01599
423.58,FINE,THRUST,80000.019,29.0926052,0.10649,-1263.849,0.00062,-65.94125,2285.07168,2278.93161,-6.14007,0,0.04761,-0.01427,-0.04783,0.50905,0,-0.04783,0.50905,0,60.31548,0.5112968,0.00847704,88530.435,80000.114,-8530.435,-0.114,True,False,-0.01585
423.72,FINE,THRUST,80000.019,29.0936413,0.106434,-1263.184,0.00063,-65.90901,2285.07058,2278.93161,-6.13897,0,0.04759,-0.01426,-0.04782,0.50923,0,-0.04782,0.50923,0,60.31685,0.5114662,0.00847966,88527.975,80000.114,-8527.975,-0.114,True,False,-0.01569
423.86,FINE,THRUST,80000.019,29.0946771,0.106378,-1262.52,0.00064,-65.87676,2285.06948,2278.93161,-6.13787,0,0.04758,-0.01426,-0.0478,0.5094,0,-0.0478,0.5094,0,60.31823,0.5116355,0.00848227,88525.515,80000.114,-8525.515,-0.114,True,False,-0.01542
424,FINE,THRUST,80000.02,29.0957126,0.106322,-1261.855,0.00065,-65.8445,2285.06838,2278.93161,-6.13677,0,0.04756,-0.01425,-0.04779,0.50957,0,-0.04779,0.50957,0,60.31961,0.5118048,0.00848488,88523.055,80000.114,-8523.055,-0.114,True,False,-0.01513
424.14,FINE,THRUST,80000.02,29.0967479,0.1062659,-1261.189,0.00066,-65.81222,2285.06728,2278.93161,-6.13567,0,0.04755,-0.01424,-0.04778,0.50974,0,-0.04778,0.50974,0,60.32099,0.511974,0.00848749,88520.595,80000.114,-8520.595,-0.114,True,False,-0.01478
424.28,FINE,THRUST,80000.02,29.0977829,0.1062098,-1260.524,0.00066,-65.77994,2285.06618,2278.93161,-6.13457,0,0.04754,-0.01423,-0.04777,0.50991,0,-0.04777,0.50991,0,60.32236,0.512143,0.0084901,88518.136,80000.114,-8518.136,-0.114,True,False,-0.01438
424.42,FINE,THRUST,80000.02,29.0988177,0.1061537,-1259.858,0.00067,-65.74764,2285.06508,2278.93161,-6.13347,0,0.04752,-0.01423,-0.04776,0.51008,0,-0.04776,0.51008,0,60.32374,0.512312,0.00849271,88515.676,80000.114,-8515.676,-0.114,True,False,-0.01392
424.56,FINE,THRUST,80000.02,29.0998521,0.1060976,-1259.192,0.00068,-65.71532,2285.06398,2278.93161,-6.13237,0,0.04751,-0.01422,-0.04774,0.51025,0,-0.04774,0.51025,0,60.32512,0.5124809,0.00849531,88513.217,80000.114,-8513.217,-0.114,True,False,-0.0134
424.7,FINE,THRUST,80000.02,29.1008863,0.1060415,-1258.525,0.00068,-65.683,2285.06288,2278.9316,-6.13127,0,0.0475,-0.01421,-0.04773,0.51042,0,-0.04773,0.51042,0,60.3265,0.5126497,0.00849792,88510.757,80000.114,-8510.757,-0.114,True,False,-0.01286
424.84,FINE,THRUST,80000.02,29.1019202,0.1059853,-1257.859,0.00068,-65.65066,2285.06178,2278.9316,-6.13017,0,0.04748,-0.0142,-0.04772,0.51059,0,-0.04772,0.51059,0,60.32788,0.5128183,0.00850052,88508.298,80000.114,-8508.298,-0.114,True,False,-0.01226
424.98,FINE,THRUST,80000.02,29.1029539,0.1059291,-1257.192,0.00069,-65.61831,2285.06068,2278.9316,-6.12907,0,0.04747,-0.0142,-0.04771,0.51076,0,-0.04771,0.51076,0,60.32926,0.512987,0.00850312,88505.838,80000.114,-8505.838,-0.114,True,False,-0.01165
425.12,FINE,THRUST,80000.02,29.1039873,0.1058729,-1256.525,0.00069,-65.58595,2285.05958,2278.9316,-6.12797,0,0.04746,-0.01419,-0.04769,0.51093,0,-0.04769,0.51093,0,60.33064,0.5131555,0.00850572,88503.378,80000.114,-8503.378,-0.114,True,False,-0.01104
425.26,FINE,THRUST,80000.02,29.1050204,0.1058167,-1255.858,0.00069,-65.55358,2285.05848,2278.9316,-6.12687,0,0.04744,-0.01418,-0.04768,0.5111,0,-0.04768,0.5111,0,60.33202,0.5133239,0.00850832,88500.918,80000.114,-8500.918,-0.114,True,False,-0.0104
425.4,FINE,THRUST,80000.02,29.1060532,0.1057605,-1255.19,0.00069,-65.52119,2285.05737,2278.9316,-6.12577,0,0.04743,-0.01417,-0.04767,0.51127,0,-0.04767,0.51127,0,60.3334,0.5134922,0.00851091,88498.458,80000.114,-8498.458,-0.114,True,False,-0.00983
425.54,FINE,THRUST,80000.02,29.1070858,0.1057042,-1254.523,0.00069,-65.48879,2285.05627,2278.9316,-6.12467,0,0.04741,-0.01417,-0.04765,0.51145,0,-0.04765,0.51145,0,60.33478,0.5136605,0.0085135,88495.997,80000.114,-8495.997,-0.114,True,False,0.00933
425.68,FINE,THRUST,80000.02,29.1081181,0.1056479,-1253.855,0.00068,-65.45638,2285.05517,2278.9316,-6.12357,0,0.0474,-0.01416,-0.04764,0.51162,0,-0.04764,0.51162,0,60.33617,0.5138286,0.0085161,88493.536,80000.114,-8493.536,-0.114,True,False,0.00893
425.82,FINE,THRUST,80000.02,29.1091501,0.1055916,-1253.186,0.00068,-65.42396,2285.05407,2278.9316,-6.12246,0,0.04739,-0.01415,-0.04763,0.51179,0,-0.04763,0.51179,0,60.33755,0.5139966,0.00851869,88491.075,80000.114,-8491.075,-0.114,True,False,0.0087
425.96,FINE,THRUST,80000.021,29.1101818,0.1055353,-1252.518,0.00067,-65.39152,2285.05296,2278.9316,-6.12136,0,0.04737,-0.01414,-0.04761,0.51196,0,-0.04761,0.51196,0,60.33893,0.5141646,0.00852127,88488.613,80000.114,-8488.613,-0.114,True,False,0.0087
426.1,FINE,THRUST,80000.021,29.1112133,0.1054789,-1251.849,0.00066,-65.35908,2285.05186,2278.9316,-6.12026,0,0.04736,-0.01414,-0.0476,0.51213,0,-0.0476,0.51213,0,60.34032,0.5143325,0.00852386,88486.151,80000.114,-8486.151,-0.114,True,False,0.00897
426.24,FINE,THRUST,80000.021,29.1122444,0.1054226,-1251.18,0.00065,-65.32662,2285.05076,2278.9316,-6.11915,0,0.04735,-0.01413,-0.04758,0.5123,0,-0.04758,0.5123,0,60.3417,0.5145002,0.00852645,88483.688,80000.114,-8483.688,-0.114,True,False,0.00954
426.38,FINE,THRUST,80000.021,29.1132753,0.1053662,-1250.511,0.00064,-65.29415,2285.04965,2278.9316,-6.11805,0,0.04733,-0.01412,-0.04757,0.51247,0,-0.04757,0.51247,0,60.34308,0.5146679,0.00852903,88481.224,80000.114,-8481.224,-0.114,True,False,0.01025
426.52,FINE,THRUST,80000.021,29.1143059,0.1053098,-1249.842,0.00062,-65.26166,2285.04854,2278.9316,-6.11694,0,0.04732,-0.01411,-0.04755,0.51263,0,-0.04755,0.51263,0,60.34447,0.5148355,0.00853161,88478.759,80000.114,-8478.759,-0.114,True,False,0.01101
426.66,FINE,THRUST,80000.021,29.1153362,0.1052534,-1249.172,0.00061,-65.22917,2285.04744,2278.9316,-6.11583,0,0.0473,-0.01411,-0.04754,0.5128,0,-0.04754,0.5128,0,60.34586,0.515003,0.00853419,88476.294,80000.114,-8476.294,-0.114,True,False,0.01175
426.8,FINE,THRUST,80000.021,29.1163663,0.1051969,-1248.502,0.00059,-65.19666,2285.04633,2278.9316,-6.11473,0,0.04729,-0.0141,-0.04752,0.51297,0,-0.04752,0.51297,0,60.34724,0.5151705,0.00853677,88473.828,80000.114,-8473.828,-0.114,True,False,0.01241
426.94,FINE,THRUST,80000.021,29.117396,0.1051405,-1247.832,0.00057,-65.16414,2285.04522,2278.9316,-6.11362,0,0.04728,-0.01409,-0.0475,0.51314,0,-0.0475,0.51314,0,60.34863,0.5153378,0.00853935,88471.361,80000.114,-8471.361,-0.114,True,False,0.013
427.08,FINE,THRUST,80000.021,29.1184255,0.105084,-1247.162,0.00055,-65.1316,2285.04411,2278.9316,-6.11251,0,0.04726,-0.01408,-0.04749,0.51331,0,-0.04749,0.51331,0,60.35002,0.515505,0.00854192,88468.894,80000.114,-8468.894,-0.114,True,False,0.01352
427.22,FINE,THRUST,80000.021,29.1194547,0.1050275,-1246.492,0.00053,-65.09906,2285.043,2278.9316,-6.1114,0,0.04725,-0.01408,-0.04747,0.51348,0,-0.04747,0.51348,0,60.35141,0.5156722,0.00854449,88466.425,80000.114,-8466.425,-0.114,True,False,0.01399
427.36,FINE,THRUST,80000.021,29.1204836,0.104971,-1245.821,0.00051,-65.0665,2285.04189,2278.9316,-6.11029,0,0.04724,-0.01407,-0.04745,0.51365,0,-0.04745,0.51365,0,60.35279,0.5158392,0.00854706,88463.955,80000.114,-8463.955,-0.114,True,False,0.01443
427.5,FINE,THRUST,80000.021,29.1215123,0.1049144,-1245.15,0.00049,-65.03393,2285.04078,2278.9316,-6.10918,0,0.04722,-0.01406,-0.04744,0.51382,0,-0.04744,0.51382,0,60.35418,0.5160062,0.00854963,88461.484,80000.114,-8461.484,-0.114,True,False,0.01482
427.64,FINE,THRUST,80000.021,29.1225406,0.1048579,-1244.478,0.00047,-65.00135,2285.03967,2278.9316,-6.10806,0,0.04721,-0.01405,-0.04742,0.51399,0,-0.04742,0.51399,0,60.35557,0.516173,0.0085522,88459.012,80000.114,-8459.012,-0.114,True,False,0.0152
427.78,FINE,THRUST,80000.021,29.1235687,0.1048013,-1243.807,0.00045,-64.96876,2285.03855,2278.9316,-6.10695,0,0.0472,-0.01404,-0.0474,0.51416,0,-0.0474,0.51416,0,60.35696,0.5163398,0.00855477,88456.539,80000.114,-8456.539,-0.114,True,False,0.01556
427.92,FINE,THRUST,80000.021,29.1245964,0.1047447,-1243.135,0.00043,-64.93615,2285.03744,2278.9316,-6.10583,0,0.04718,-0.01404,-0.04739,0.51433,0,-0.04739,0.51433,0,60.35835,0.5165065,0.00855733,88454.063,80000.114,-8454.063,-0.114,True,False,0.0159
428.06,FINE,THRUST,80000.021,29.1256239,0.1046881,-1242.463,0.00042,-64.90353,2285.03632,2278.9316,-6.10472,0,0.04717,-0.01403,-0.04737,0.5145,0,-0.04737,0.5145,0,60.35974,0.5166731,0.0085599,88451.586,80000.114,-8451.586,-0.114,True,False,0.01618
428.2,FINE,THRUST,80000.021,29.1266511,0.1046314,-1241.791,0.0004,-64.8709,2285.0352,2278.9316,-6.1036,0,0.04715,-0.01402,-0.04735,0.51467,0,-0.04735,0.51467,0,60.36113,0.5168395,0.00856246,88449.107,80000.114,-8449.107,-0.114,True,False,0.01637
428.34,FINE,THRUST,80000.022,29.127678,0.1045748,-1241.119,0.00038,-64.83826,2285.03408,2278.9316,-6.10248,0,0.04714,-0.01401,-0.04734,0.51483,0,-0.04734,0.51483,0,60.36252,0.5170059,0.00856501,88446.628,80000.114,-8446.628,-0.114,True,False,0.01648
428.48,FINE,THRUST,80000.022,29.1287047,0.1045181,-1240.446,0.00036,-64.8056,2285.03296,2278.9316,-6.10136,0,0.04713,-0.01401,-0.04732,0.515,0,-0.04732,0.515,0,60.36391,0.5171722,0.00856757,88444.149,80000.114,-8444.149,-0.114,True,False,0.01653
428.62,FINE,THRUST,80000.022,29.129731,0.1044614,-1239.773,0.00034,-64.77293,2285.03184,2278.9316,-6.10024,0,0.04711,-0.014,-0.04731,0.51517,0,-0.04731,0.51517,0,60.36531,0.5173384,0.00857013,88441.669,80000.114,-8441.669,-0.114,True,False,0.01647
428.76,FINE,THRUST,80000.022,29.130757,0.1044047,-1239.1,0.00033,-64.74025,2285.03072,2278.9316,-6.09912,0,0.0471,-0.01399,-0.04729,0.51534,0,-0.04729,0.51534,0,60.36671,0.5175045,0.00857268,88439.19,80000.114,-8439.19,-0.114,True,False,0.01632
428.9,FINE,THRUST,80000.022,29.1317828,0.1043479,-1238.426,0.00031,-64.70756,2285.0296,2278.9316,-6.098,0,0.04709,-0.01398,-0.04727,0.51551,0,-0.04727,0.51551,0,60.3681,0.5176705,0.00857523,88436.712,80000.114,-8436.712,-0.114,True,False,0.01609
429.04,FINE,THRUST,80000.022,29.1328083,0.1042912,-1237.753,0.0003,-64.67486,2285.02848,2278.9316,-6.09688,0,0.04707,-0.01398,-0.04726,0.51568,0,-0.04726,0.51568,0,60.36949,0.5178364,0.00857778,88434.233,80000.114,-8434.233,-0.114,True,False,0.0158
429.18,FINE,THRUST,80000.022,29.1338334,0.1042344,-1237.079,0.00028,-64.64214,2285.02736,2278.9316,-6.09576,0,0.04706,-0.01397,-0.04724,0.51584,0,-0.04724,0.51584,0,60.37089,0.5180022,0.00858033,88431.756,80000.114,-8431.756,-0.114,True,False,0.01543
429.32,FINE,THRUST,80000.022,29.1348583,0.1041776,-1236.405,0.00027,-64.60941,2285.02624,2278.9316,-6.09464,0,0.04704,-0.01396,-0.04723,0.51601,0,-0.04723,0.51601,0,60.37228,0.5181679,0.00858288,88429.279,80000.114,-8429.279,-0.114,True,False,0.01499
429.46,FINE,THRUST,80000.022,29.1358829,0.1041208,-1235.731,0.00026,-64.57667,2285.02512,2278.9316,-6.09352,0,0.04703,-0.01395,-0.04721,0.51618,0,-0.04721,0.51618,0,60.37367,0.5183335,0.00858542,88426.803,80000.114,-8426.803,-0.114,True,False,0.01449
429.6,FINE,THRUST,80000.022,29.1369072,0.104064,-1235.056,0.00025,-64.54391,2285.02401,2278.9316,-6.09241,0,0.04702,-0.01395,-0.0472,0.51635,0,-0.0472,0.51635,0,60.37507,0.518499,0.00858797,88424.327,80000.114,-8424.327,-0.114,True,False,0.01391
429.74,FINE,THRUST,80000.022,29.1379312,0.1040071,-1234.381,0.00023,-64.51115,2285.02289,2278.9316,-6.09129,0,0.047,-0.01394,-0.04718,0.51651,0,-0.04718,0.51651,0,60.37647,0.5186645,0.00859051,88421.852,80000.114,-8421.852,-0.114,True,False,0.0133
429.88,FINE,THRUST,80000.022,29.1389549,0.1039502,-1233.706,0.00022,-64.47837,2285.02177,2278.9316,-6.09017,0,0.04699,-0.01393,-0.04717,0.51668,0,-0.04717,0.51668,0,60.37787,0.5188298,0.00859305,88419.377,80000.114,-8419.377,-0.114,True,False,0.01259
430.02,FINE,THRUST,80000.022,29.1399783,0.1038933,-1233.031,0.00022,-64.44558,2285.02066,2278.9316,-6.08905,0,0.04698,-0.01392,-0.04715,0.51685,0,-0.04715,0.51685,0,60.37926,0.518995,0.00859558,88416.903,80000.114,-8416.903,-0.114,True,False,0.01181
430.16,FINE,THRUST,80000.022,29.1410014,0.1038364,-1232.355,0.00021,-64.41277,2285.01954,2278.9316,-6.08794,0,0.04696,-0.01392,-0.04714,0.51702,0,-0.04714,0.51702,0,60.38066,0.5191601,0.00859812,88414.43,80000.114,-8414.43,-0.114,True,False,0.01098
430.3,FINE,THRUST,80000.022,29.1420242,0.1037795,-1231.68,0.0002,-64.37996,2285.01842,2278.9316,-6.08682,0,0.04695,-0.01391,-0.04712,0.51718,0,-0.04712,0.51718,0,60.38206,0.5193252,0.00860065,88411.958,80000.114,-8411.958,-0.114,True,False,0.01011
430.44,FINE,THRUST,80000.022,29.1430467,0.1037225,-1231.004,0.0002,-64.34713,2285.01731,2278.9316,-6.08571,0,0.04693,-0.0139,-0.04711,0.51735,0,-0.04711,0.51735,0,60.38346,0.5194901,0.00860319,88409.486,80000.114,-8409.486,-0.114,True,False,0.00915
430.58,FINE,THRUST,80000.022,29.144069,0.1036656,-1230.328,0.00019,-64.31429,2285.01619,2278.9316,-6.08459,0,0.04692,-0.01389,-0.04709,0.51752,0,-0.04709,0.51752,0,60.38486,0.5196549,0.00860572,88407.016,80000.114,-8407.016,-0.114,True,False,0.00817
430.72,FINE,THRUST,80000.022,29.1450909,0.1036086,-1229.651,0.00019,-64.28144,2285.01508,2278.9316,-6.08348,0,0.04691,-0.01388,-0.04708,0.51768,0,-0.04708,0.51768,0,60.38626,0.5198197,0.00860824,88404.546,80000.114,-8404.546,-0.114,True,False,0.00718
430.86,FINE,THRUST,80000.022,29.1461125,0.1035515,-1228.975,0.00019,-64.24857,2285.01397,2278.9316,-6.08237,0,0.04689,-0.01388,-0.04707,0.51785,0,-0.04707,0.51785,0,60.38766,0.5199843,0.00861077,88402.077,80000.114,-8402.077,-0.114,True,False,0.00619
431,FINE,THRUST,80000.022,29.1471338,0.1034945,-1228.298,0.00019,-64.2157,2285.01285,2278.9316,-6.08125,0,0.04688,-0.01387,-0.04705,0.51802,0,-0.04705,0.51802,0,60.38906,0.5201488,0.0086133,88399.61,80000.114,-8399.61,-0.114,True,False,0.00528
431.14,FINE,THRUST,80000.022,29.1481548,0.1034375,-1227.621,0.00019,-64.18281,2285.01174,2278.9316,-6.08014,0,0.04687,-0.01386,-0.04704,0.51818,0,-0.04704,0.51818,0,60.39046,0.5203133,0.00861582,88397.143,80000.114,-8397.143,-0.114,True,False,0.0046
431.28,FINE,THRUST,80000.022,29.1491756,0.1033804,-1226.943,0.0002,-64.14991,2285.01063,2278.9316,-6.07903,0,0.04685,-0.01385,-0.04703,0.51835,0,-0.04703,0.51835,0,60.39186,0.5204776,0.00861834,88394.677,80000.114,-8394.677,-0.114,True,False,-0.00431
431.42,FINE,THRUST,80000.022,29.150196,0.1033233,-1226.266,0.00021,-64.11699,2285.00952,2278.9316,-6.07792,0,0.04684,-0.01385,-0.04701,0.51851,0,-0.04701,0.51851,0,60.39327,0.5206419,0.00862086,88392.213,80000.114,-8392.213,-0.114,True,False,-0.00451
431.56,FINE,THRUST,80000.022,29.1512161,0.1032662,-1225.588,0.00021,-64.08407,2285.00841,2278.9316,-6.07681,0,0.04682,-0.01384,-0.047,0.51868,0,-0.047,0.51868,0,60.39467,0.520806,0.00862338,88389.75,80000.114,-8389.75,-0.114,True,False,-0.00502
431.7,FINE,THRUST,80000.022,29.1522359,0.1032091,-1224.91,0.00023,-64.05113,2285.0073,2278.9316,-6.0757,0,0.04681,-0.01383,-0.04699,0.51885,0,-0.04699,0.51885,0,60.39607,0.5209701,0.00862589,88387.288,80000.114,-8387.288,-0.114,True,False,-0.00563
431.84,FINE,THRUST,80000.023,29.1532554,0.1031519,-1224.231,0.00024,-64.01818,2285.0062,2278.9316,-6.0746,0,0.0468,-0.01382,-0.04698,0.51901,0,-0.04698,0.51901,0,60.39747,0.521134,0.00862841,88384.827,80000.114,-8384.827,-0.114,True,False,-0.00623
431.98,FINE,THRUST,80000.023,29.1542746,0.1030947,-1223.553,0.00025,-63.98521,2285.00509,2278.9316,-6.07349,0,0.04678,-0.01382,-0.04697,0.51918,0,-0.04697,0.51918,0,60.39888,0.5212978,0.00863092,88382.368,80000.114,-8382.368,-0.114,True,False,-0.0068
432.12,FINE,THRUST,80000.023,29.1552935,0.1030375,-1222.874,0.00027,-63.95224,2285.00398,2278.9316,-6.07238,0,0.04677,-0.01381,-0.04696,0.51934,0,-0.04696,0.51934,0,60.40028,0.5214616,0.00863343,88379.91,80000.114,-8379.91,-0.114,True,False,-0.00731
432.26,FINE,THRUST,80000.023,29.1563121,0.1029803,-1222.195,0.00028,-63.91925,2285.00288,2278.9316,-6.07128,0,0.04676,-0.0138,-0.04695,0.51951,0,-0.04695,0.51951,0,60.40169,0.5216252,0.00863594,88377.454,80000.114,-8377.454,-0.114,True,False,-0.00778
432.4,FINE,THRUST,80000.023,29.1573304,0.1029231,-1221.516,0.0003,-63.88625,2285.00178,2278.9316,-6.07018,0,0.04674,-0.01379,-0.04694,0.51967,0,-0.04694,0.51967,0,60.40309,0.5217888,0.00863844,88374.999,80000.114,-8374.999,-0.114,True,False,-0.00821
432.54,FINE,THRUST,80000.023,29.1583484,0.1028659,-1220.837,0.00031,-63.85324,2285.00067,2278.9316,-6.06907,0,0.04673,-0.01379,-0.04692,0.51984,0,-0.04692,0.51984,0,60.4045,0.5219522,0.00864095,88372.546,80000.114,-8372.546,-0.114,True,False,-0.00861
432.68,FINE,THRUST,80000.023,29.159366,0.1028086,-1220.157,0.00032,-63.82022,2284.99957,2278.9316,-6.06797,0,0.04672,-0.01378,-0.04691,0.52,0,-0.04691,0.52,0,60.4059,0.5221156,0.00864345,88370.094,80000.113,-8370.094,-0.113,True,False,-0.00897
432.82,FINE,THRUST,80000.023,29.1603834,0.1027513,-1219.477,0.00034,-63.78718,2284.99847,2278.9316,-6.06687,0,0.0467,-0.01377,-0.0469,0.52017,0,-0.0469,0.52017,0,60.40731,0.5222789,0.00864595,88367.644,80000.113,-8367.644,-0.113,True,False,-0.00934
432.96,FINE,THRUST,80000.023,29.1614004,0.102694,-1218.797,0.00035,-63.75414,2284.99737,2278.9316,-6.06577,0,0.04669,-0.01376,-0.04689,0.52033,0,-0.04689,0.52033,0,60.40872,0.522442,0.00864845,88365.196,80000.113,-8365.196,-0.113,True,False,-0.00973
433.1,FINE,THRUST,80000.023,29.1624171,0.1026367,-1218.117,0.00036,-63.72108,2284.99628,2278.9316,-6.06468,0,0.04668,-0.01375,-0.04688,0.5205,0,-0.04688,0.5205,0,60.41012,0.5226051,0.00865095,88362.749,80000.113,-8362.749,-0.113,True,False,-0.01013
433.24,FINE,THRUST,80000.023,29.1634335,0.1025793,-1217.436,0.00038,-63.688,2284.99518,2278.9316,-6.06358,0,0.04666,-0.01375,-0.04687,0.52066,0,-0.04687,0.52066,0,60.41153,0.5227681,0.00865345,88360.305,80000.113,-8360.305,-0.113,True,False,-0.01054
433.38,FINE,THRUST,80000.023,29.1644496,0.102522,-1216.755,0.00039,-63.65492,2284.99409,2278.9316,-6.06249,0,0.04665,-0.01374,-0.04686,0.52083,0,-0.04686,0.52083,0,60.41295,0.522931,0.00865594,88357.862,80000.113,-8357.862,-0.113,True,False,-0.01096
433.52,FINE,THRUST,80000.023,29.1654654,0.1024646,-1216.074,0.0004,-63.62183,2284.99299,2278.9316,-6.06139,0,0.04663,-0.01373,-0.04685,0.52099,0,-0.04685,0.52099,0,60.41436,0.5230937,0.00865843,88355.421,80000.113,-8355.421,-0.113,True,False,-0.01142
433.66,FINE,THRUST,80000.023,29.1664808,0.1024072,-1215.393,0.00041,-63.58872,2284.9919,2278.9316,-6.0603,0,0.04662,-0.01372,-0.04683,0.52116,0,-0.04683,0.52116,0,60.41576,0.5232564,0.00866093,88352.982,80000.113,-8352.982,-0.113,True,False,-0.0119
433.8,FINE,THRUST,80000.023,29.167496,0.1023498,-1214.711,0.00043,-63.5556,2284.99081,2278.9316,-6.05921,0,0.04661,-0.01372,-0.04682,0.52132,0,-0.04682,0.52132,0,60.41717,0.523419,0.00866341,88350.545,80000.113,-8350.545,-0.113,True,False,-0.01242
433.94,FINE,THRUST,80000.023,29.1685108,0.1022923,-1214.03,0.00044,-63.52247,2284.98972,2278.9316,-6.05812,0,0.04659,-0.01371,-0.04681,0.52148,0,-0.04681,0.52148,0,60.41858,0.5235815,0.0086659,88348.11,80000.113,-8348.11,-0.113,True,False,-0.01293
434.08,FINE,THRUST,80000.023,29.1695253,0.1022349,-1213.348,0.00045,-63.48932,2284.98864,2278.9316,-6.05704,0,0.04658,-0.0137,-0.0468,0.52165,0,-0.0468,0.52165,0,60.42,0.5237439,0.00866839,88345.678,80000.113,-8345.678,-0.113,True,False,-0.01343
434.22,FINE,THRUST,80000.023,29.1705395,0.1021774,-1212.666,0.00046,-63.45617,2284.98755,2278.9316,-6.05595,0,0.04657,-0.01369,-0.04679,0.52181,0,-0.04679,0.52181,0,60.4214,0.5239062,0.00867087,88343.248,80000.113,-8343.248,-0.113,True,False,-0.01383
434.36,FINE,THRUST,80000.023,29.1715533,0.1021199,-1211.983,0.00046,-63.423,2284.98647,2278.9316,-6.05487,0,0.04655,-0.01369,-0.04678,0.52198,0,-0.04678,0.52198,0,60.42282,0.5240684,0.00867335,88340.821,80000.113,-8340.821,-0.113,True,False,-0.01404
434.5,FINE,THRUST,80000.023,29.1725669,0.1020624,-1211.301,0.00047,-63.38982,2284.98539,2278.9316,-6.05379,0,0.04654,-0.01368,-0.04676,0.52214,0,-0.04676,0.52214,0,60.42423,0.5242306,0.00867583,88338.396,80000.113,-8338.396,-0.113,True,False,-0.01422
434.64,FINE,THRUST,80000.023,29.1735801,0.1020048,-1210.618,0.00048,-63.35663,2284.98431,2278.9316,-6.05271,0,0.04653,-0.01367,-0.04675,0.5223,0,-0.04675,0.5223,0,60.42564,0.5243926,0.00867831,88335.971,80000.113,-8335.971,-0.113,True,False,-0.01429
434.78,FINE,THRUST,80000.023,29.174593,0.1019473,-1209.935,0.00048,-63.32343,2284.98323,2278.9316,-6.05163,0,0.04651,-0.01366,-0.04674,0.52247,0,-0.04674,0.52247,0,60.42706,0.5245545,0.00868079,88333.548,80000.113,-8333.548,-0.113,True,False,-0.01429
434.92,FINE,THRUST,80000.023,29.1756056,0.1018897,-1209.251,0.00049,-63.29021,2284.98215,2278.9316,-6.05055,0,0.0465,-0.01365,-0.04673,0.52263,0,-0.04673,0.52263,0,60.42847,0.5247164,0.00868326,88331.125,80000.113,-8331.125,-0.113,True,False,-0.01423
435.06,FINE,THRUST,80000.023,29.1766178,0.1018321,-1208.568,0.00049,-63.25699,2284.98107,2278.9316,-6.04947,0,0.04649,-0.01365,-0.04671,0.5228,0,-0.04671,0.5228,0,60.42989,0.5248781,0.00868574,88328.703,80000.113,-8328.703,-0.113,True,False,-0.01414
435.2,FINE,THRUST,80000.023,29.1776297,0.1017745,-1207.884,0.00049,-63.22375,2284.97999,2278.9316,-6.04839,0,0.04647,-0.01364,-0.0467,0.52296,0,-0.0467,0.52296,0,60.4313,0.5250398,0.00868821,88326.281,80000.113,-8326.281,-0.113,True,False,-0.01403
435.34,FINE,THRUST,80000.023,29.1786413,0.1017168,-1207.2,0.00049,-63.1905,2284.97891,2278.9316,-6.04731,0,0.04646,-0.01363,-0.04669,0.52312,0,-0.04669,0.52312,0,60.43272,0.5252013,0.00869068,88323.86,80000.113,-8323.86,-0.113,True,False,-0.01394
435.48,FINE,THRUST,80000.024,29.1796526,0.1016592,-1206.516,0.00049,-63.15724,2284.97783,2278.9316,-6.04623,0,0.04645,-0.01362,-0.04668,0.52329,0,-0.04668,0.52329,0,60.43413,0.5253628,0.00869315,88321.439,80000.113,-8321.439,-0.113,True,False,0.01389
435.62,FINE,THRUST,80000.024,29.1806635,0.1016015,-1205.831,0.00049,-63.12396,2284.97675,2278.9316,-6.04515,0,0.04643,-0.01362,-0.04666,0.52345,0,-0.04666,0.52345,0,60.43555,0.5255242,0.00869561,88319.019,80000.113,-8319.019,-0.113,True,False,0.0139
435.76,FINE,THRUST,80000.024,29.1816741,0.1015438,-1205.146,0.00049,-63.09068,2284.97567,2278.9316,-6.04408,0,0.04642,-0.01361,-0.04665,0.52361,0,-0.04665,0.52361,0,60.43697,0.5256854,0.00869808,88316.599,80000.113,-8316.599,-0.113,True,False,0.01395
435.9,FINE,THRUST,80000.024,29.1826844,0.1014861,-1204.462,0.00048,-63.05738,2284.9746,2278.9316,-6.043,0,0.04641,-0.0136,-0.04663,0.52377,0,-0.04663,0.52377,0,60.43838,0.5258466,0.00870054,88314.18,80000.113,-8314.18,-0.113,True,False,0.01411
436.04,FINE,THRUST,80000.024,29.1836943,0.1014284,-1203.776,0.00047,-63.02407,2284.97352,2278.9316,-6.04192,0,0.04639,-0.01359,-0.04662,0.52394,0,-0.04662,0.52394,0,60.4398,0.5260077,0.008703,88311.761,80000.113,-8311.761,-0.113,True,False,0.0144
436.18,FINE,THRUST,80000.024,29.184704,0.1013706,-1203.091,0.00047,-62.99075,2284.97244,2278.9316,-6.04084,0,0.04638,-0.01358,-0.0466,0.5241,0,-0.0466,0.5241,0,60.44122,0.5261687,0.00870546,88309.342,80000.113,-8309.342,-0.113,True,False,0.0148
436.32,FINE,THRUST,80000.024,29.1857132,0.1013129,-1202.405,0.00046,-62.95742,2284.97136,2278.9316,-6.03976,0,0.04637,-0.01358,-0.04659,0.52426,0,-0.04659,0.52426,0,60.44264,0.5263296,0.00870792,88306.923,80000.113,-8306.923,-0.113,True,False,0.01528
436.46,FINE,THRUST,80000.024,29.1867222,0.1012551,-1201.72,0.00044,-62.92407,2284.97028,2278.9316,-6.03869,0,0.04635,-0.01357,-0.04657,0.52443,0,-0.04657,0.52443,0,60.44406,0.5264904,0.00871037,88304.504,80000.113,-8304.504,-0.113,True,False,0.0158
436.6,FINE,THRUST,80000.024,29.1877308,0.1011973,-1201.033,0.00043,-62.89072,2284.96921,2278.9316,-6.03761,0,0.04634,-0.01356,-0.04656,0.52459,0,-0.04656,0.52459,0,60.44548,0.5266511,0.00871283,88302.086,80000.113,-8302.086,-0.113,True,False,0.01626
436.74,FINE,THRUST,80000.024,29.1887391,0.1011394,-1200.347,0.00041,-62.85735,2284.96813,2278.9316,-6.03653,0,0.04633,-0.01355,-0.04654,0.52475,0,-0.04654,0.52475,0,60.4469,0.5268118,0.00871528,88299.668,80000.113,-8299.668,-0.113,True,False,0.01666
436.88,FINE,THRUST,80000.024,29.189747,0.1010816,-1199.661,0.00039,-62.82397,2284.96705,2278.9316,-6.03545,0,0.04631,-0.01355,-0.04653,0.52491,0,-0.04653,0.52491,0,60.44832,0.5269723,0.00871773,88297.249,80000.113,-8297.249,-0.113,True,False,0.01699
437.02,FINE,THRUST,80000.024,29.1907546,0.1010237,-1198.974,0.00037,-62.79058,2284.96597,2278.9316,-6.03437,0,0.0463,-0.01354,-0.04651,0.52508,0,-0.04651,0.52508,0,60.44974,0.5271327,0.00872018,88294.831,80000.113,-8294.831,-0.113,True,False,0.01721
437.16,FINE,THRUST,80000.024,29.1917619,0.1009659,-1198.287,0.00035,-62.75718,2284.96489,2278.9316,-6.03329,0,0.04628,-0.01353,-0.04649,0.52524,0,-0.04649,0.52524,0,60.45116,0.5272931,0.00872263,88292.413,80000.113,-8292.413,-0.113,True,False,0.01735
437.3,FINE,THRUST,80000.024,29.1927688,0.100908,-1197.6,0.00033,-62.72376,2284.96381,2278.9316,-6.03222,0,0.04627,-0.01352,-0.04648,0.5254,0,-0.04648,0.5254,0,60.45258,0.5274533,0.00872507,88289.994,80000.113,-8289.994,-0.113,True,False,0.0174
437.44,FINE,THRUST,80000.024,29.1937754,0.10085,-1196.912,0.00032,-62.69033,2284.96273,2278.9316,-6.03114,0,0.04626,-0.01351,-0.04646,0.52556,0,-0.04646,0.52556,0,60.454,0.5276134,0.00872752,88287.575,80000.113,-8287.575,-0.113,True,False,0.01735
437.58,FINE,THRUST,80000.024,29.1947817,0.1007921,-1196.225,0.0003,-62.65689,2284.96165,2278.9316,-6.03006,0,0.04624,-0.01351,-0.04645,0.52573,0,-0.04645,0.52573,0,60.45543,0.5277735,0.00872996,88285.156,80000.113,-8285.156,-0.113,True,False,0.01723
437.72,FINE,THRUST,80000.024,29.1957876,0.1007341,-1195.537,0.00028,-62.62344,2284.96057,2278.9316,-6.02898,0,0.04623,-0.0135,-0.04643,0.52589,0,-0.04643,0.52589,0,60.45685,0.5279335,0.0087324,88282.737,80000.113,-8282.737,-0.113,True,False,0.01708
437.86,FINE,THRUST,80000.024,29.1967932,0.1006762,-1194.849,0.00026,-62.58998,2284.95949,2278.9316,-6.0279,0,0.04622,-0.01349,-0.04641,0.52605,0,-0.04641,0.52605,0,60.45827,0.5280933,0.00873484,88280.317,80000.113,-8280.317,-0.113,True,False,0.01683
438,FINE,THRUST,80000.024,29.1977984,0.1006182,-1194.16,0.00024,-62.55651,2284.95841,2278.9316,-6.02681,0,0.0462,-0.01348,-0.0464,0.52621,0,-0.0464,0.52621,0,60.4597,0.5282531,0.00873728,88277.897,80000.113,-8277.897,-0.113,True,False,0.01654
438.14,FINE,THRUST,80000.024,29.1988034,0.1005601,-1193.472,0.00022,-62.52302,2284.95733,2278.9316,-6.02573,0,0.04619,-0.01348,-0.04638,0.52637,0,-0.04638,0.52637,0,60.46112,0.5284127,0.00873971,88275.476,80000.113,-8275.476,-0.113,True,False,0.0162
438.28,FINE,THRUST,80000.024,29.1998079,0.1005021,-1192.783,0.00021,-62.48952,2284.95625,2278.9316,-6.02465,0,0.04618,-0.01347,-0.04637,0.52653,0,-0.04637,0.52653,0,60.46255,0.5285723,0.00874214,88273.055,80000.113,-8273.055,-0.113,True,False,0.01582
438.42,FINE,THRUST,80000.024,29.2008121,0.100444,-1192.094,0.00019,-62.45601,2284.95516,2278.9316,-6.02357,0,0.04616,-0.01346,-0.04635,0.5267,0,-0.04635,0.5267,0,60.46398,0.5287318,0.00874457,88270.633,80000.113,-8270.633,-0.113,True,False,0.0154
438.56,FINE,THRUST,80000.024,29.201816,0.100386,-1191.405,0.00017,-62.42249,2284.95408,2278.9316,-6.02248,0,0.04615,-0.01345,-0.04633,0.52686,0,-0.04633,0.52686,0,60.4654,0.5288911,0.008747,88268.211,80000.113,-8268.211,-0.113,True,False,0.01496
438.7,FINE,THRUST,80000.024,29.2028196,0.1003279,-1190.715,0.00016,-62.38896,2284.953,2278.9316,-6.0214,0,0.04614,-0.01344,-0.04632,0.52702,0,-0.04632,0.52702,0,60.46683,0.5290504,0.00874943,88265.788,80000.113,-8265.788,-0.113,True,False,0.01448
438.84,FINE,THRUST,80000.024,29.2038228,0.1002698,-1190.026,0.00014,-62.35541,2284.95191,2278.9316,-6.02031,0,0.04612,-0.01344,-0.0463,0.52718,0,-0.0463,0.52718,0,60.46825,0.5292095,0.00875186,88263.364,80000.113,-8263.364,-0.113,True,False,0.01399
438.98,FINE,THRUST,80000.024,29.2048256,0.1002116,-1189.336,0.00013,-62.32185,2284.95083,2278.9316,-6.01923,0,0.04611,-0.01343,-0.04629,0.52734,0,-0.04629,0.52734,0,60.46968,0.5293686,0.00875428,88260.939,80000.113,-8260.939,-0.113,True,False,0.01347
439.12,FINE,THRUST,80000.024,29.2058281,0.1001535,-1188.646,0.00012,-62.28828,2284.94974,2278.9316,-6.01814,0,0.0461,-0.01342,-0.04627,0.5275,0,-0.04627,0.5275,0,60.47111,0.5295276,0.0087567,88258.513,80000.113,-8258.513,-0.113,True,False,0.01296
439.26,FINE,THRUST,80000.024,29.2068303,0.1000953,-1187.955,0.0001,-62.2547,2284.94865,2278.9316,-6.01705,0,0.04608,-0.01341,-0.04626,0.52766,0,-0.04626,0.52766,0,60.47254,0.5296864,0.00875912,88256.087,80000.113,-8256.087,-0.113,True,False,0.01245
439.4,FINE,THRUST,80000.024,29.2078321,0.1000371,-1187.265,9E-05,-62.22111,2284.94756,2278.9316,-6.01596,0,0.04607,-0.01341,-0.04624,0.52782,0,-0.04624,0.52782,0,60.47397,0.5298452,0.00876154,88253.659,80000.113,-8253.659,-0.113,True,False,0.01196
439.54,FINE,THRUST,80000.024,29.2088336,0.0999789,-1186.574,8E-05,-62.18751,2284.94647,2278.9316,-6.01487,0,0.04606,-0.0134,-0.04622,0.52798,0,-0.04622,0.52798,0,60.4754,0.5300039,0.00876396,88251.23,80000.113,-8251.23,-0.113,True,False,0.01153
439.68,FINE,THRUST,80000.024,29.2098347,0.0999207,-1185.883,7E-05,-62.15389,2284.94538,2278.9316,-6.01378,0,0.04604,-0.01339,-0.04621,0.52814,0,-0.04621,0.52814,0,60.47682,0.5301624,0.00876637,88248.8,80000.113,-8248.8,-0.113,True,False,0.01117
439.82,FINE,THRUST,80000.024,29.2108355,0.0998625,-1185.192,6E-05,-62.12026,2284.94429,2278.9316,-6.01269,0,0.04603,-0.01338,-0.0462,0.52831,0,-0.0462,0.52831,0,60.47826,0.5303209,0.00876879,88246.369,80000.113,-8246.369,-0.113,True,False,0.01082
439.96,FINE,THRUST,80000.024,29.2118359,0.0998042,-1184.5,6E-05,-62.08662,2284.94319,2278.9316,-6.01159,0,0.04602,-0.01337,-0.04618,0.52847,0,-0.04618,0.52847,0,60.47969,0.5304793,0.0087712,88243.935,80000.113,-8243.935,-0.113,True,False,0.0105
440.1,FINE,THRUST,80000.024,29.212836,0.0997459,-1183.808,5E-05,-62.05297,2284.9421,2278.9316,-6.0105,0,0.046,-0.01337,-0.04617,0.52863,0,-0.04617,0.52863,0,60.48112,0.5306375,0.00877361,88241.5,80000.113,-8241.5,-0.113,True,False,0.01015
440.24,FINE,THRUST,80000.024,29.2138358,0.0996876,-1183.116,4E-05,-62.0193,2284.941,2278.9316,-6.0094,0,0.04599,-0.01336,-0.04615,0.52879,0,-0.04615,0.52879,0,60.48255,0.5307957,0.00877601,88239.064,80000.112,-8239.064,-0.112,True,False,0.00977
440.38,FINE,THRUST,80000.024,29.2148351,0.0996293,-1182.424,4E-05,-61.98563,2284.9399,2278.9316,-6.0083,0,0.04598,-0.01335,-0.04614,0.52895,0,-0.04614,0.52895,0,60.48398,0.5309538,0.00877842,88236.629,80000.112,-8236.629,-0.112,True,False,0.00937
440.52,FINE,THRUST,80000.024,29.2158342,0.099571,-1181.732,4E-05,-61.95194,2284.9388,2278.9316,-6.00721,0,0.04596,-0.01334,-0.04612,0.52911,0,-0.04612,0.52911,0,60.48541,0.5311117,0.00878082,88234.193,80000.112,-8234.193,-0.112,True,False,0.00894
440.66,FINE,THRUST,80000.024,29.2168329,0.0995126,-1181.039,4E-05,-61.91824,2284.93771,2278.9316,-6.00611,0,0.04595,-0.01334,-0.04611,0.52926,0,-0.04611,0.52926,0,60.48685,0.5312696,0.00878323,88231.757,80000.112,-8231.757,-0.112,True,False,0.00855
440.8,FINE,THRUST,80000.024,29.2178312,0.0994542,-1180.346,4E-05,-61.88453,2284.93661,2278.9316,-6.00501,0,0.04593,-0.01333,-0.0461,0.52942,0,-0.0461,0.52942,0,60.48828,0.5314274,0.00878562,88229.322,80000.112,-8229.322,-0.112,True,False,0.00819
440.94,FINE,THRUST,80000.024,29.2188292,0.0993958,-1179.653,4E-05,-61.85081,2284.93551,2278.9316,-6.00392,0,0.04592,-0.01332,-0.04608,0.52958,0,-0.04608,0.52958,0,60.48972,0.531585,0.00878802,88226.888,80000.112,-8226.888,-0.112,True,False,0.00799
441.08,FINE,THRUST,80000.024,29.2198268,0.0993374,-1178.96,5E-05,-61.81707,2284.93442,2278.9316,-6.00282,0,0.04591,-0.01331,-0.04607,0.52974,0,-0.04607,0.52974,0,60.49115,0.5317426,0.00879042,88224.454,80000.112,-8224.454,-0.112,True,False,-0.00798
441.22,FINE,THRUST,80000.024,29.2208241,0.099279,-1178.267,5E-05,-61.78332,2284.93332,2278.9316,-6.00172,0,0.04589,-0.0133,-0.04606,0.5299,0,-0.04606,0.5299,0,60.49258,0.5319,0.00879281,88222.021,80000.112,-8222.021,-0.112,True,False,-0.00816
441.36,FINE,THRUST,80000.024,29.221821,0.0992205,-1177.573,6E-05,-61.74956,2284.93223,2278.9316,-6.00063,0,0.04588,-0.0133,-0.04605,0.53006,0,-0.04605,0.53006,0,60.49402,0.5320574,0.00879521,88219.589,80000.112,-8219.589,-0.112,True,False,-0.00848
441.5,FINE,THRUST,80000.024,29.2228175,0.0991621,-1176.879,7E-05,-61.71579,2284.93113,2278.9316,-5.99953,0,0.04587,-0.01329,-0.04604,0.53022,0,-0.04604,0.53022,0,60.49546,0.5322146,0.0087976,88217.157,80000.112,-8217.157,-0.112,True,False,-0.0089
441.64,FINE,THRUST,80000.025,29.2238137,0.0991036,-1176.185,9E-05,-61.68201,2284.93004,2278.9316,-5.99844,0,0.04585,-0.01328,-0.04602,0.53038,0,-0.04602,0.53038,0,60.49689,0.5323718,0.00879999,88214.727,80000.112,-8214.727,-0.112,True,False,-0.00927
441.78,FINE,THRUST,80000.025,29.2248096,0.0990451,-1175.49,0.0001,-61.64822,2284.92894,2278.9316,-5.99735,0,0.04584,-0.01327,-0.04601,0.53054,0,-0.04601,0.53054,0,60.49833,0.5325288,0.00880237,88212.297,80000.112,-8212.297,-0.112,True,False,-0.00961
441.92,FINE,THRUST,80000.025,29.2258051,0.0989865,-1174.796,0.00012,-61.61441,2284.92785,2278.9316,-5.99625,0,0.04583,-0.01326,-0.046,0.5307,0,-0.046,0.5307,0,60.49977,0.5326858,0.00880476,88209.868,80000.112,-8209.868,-0.112,True,False,-0.00988
442.06,FINE,THRUST,80000.025,29.2268002,0.098928,-1174.101,0.00013,-61.58059,2284.92676,2278.9316,-5.99516,0,0.04581,-0.01326,-0.04599,0.53085,0,-0.04599,0.53085,0,60.50121,0.5328426,0.00880714,88207.441,80000.112,-8207.441,-0.112,True,False,-0.0101
442.2,FINE,THRUST,80000.025,29.227795,0.0988694,-1173.406,0.00015,-61.54676,2284.92567,2278.9316,-5.99407,0,0.0458,-0.01325,-0.04598,0.53101,0,-0.04598,0.53101,0,60.50264,0.5329993,0.00880952,88205.014,80000.112,-8205.014,-0.112,True,False,-0.01025
442.34,FINE,THRUST,80000.025,29.2287894,0.0988108,-1172.711,0.00016,-61.51292,2284.92457,2278.9316,-5.99298,0,0.04579,-0.01324,-0.04597,0.53117,0,-0.04597,0.53117,0,60.50408,0.533156,0.0088119,88202.589,80000.112,-8202.589,-0.112,True,False,-0.01031
442.48,FINE,THRUST,80000.022,29.2297834,0.0987522,-1172.015,0.00018,-61.47907,2284.92348,2278.9316,-5.99189,0,0.04577,-0.01323,-0.04596,0.53133,0,-0.04596,0.53133,0,60.50552,0.5333125,0.00881428,88200.164,80000.112,-8200.164,-0.112,True,False,-0.01028
442.62,FINE,THRUST,80000.017,29.2307771,0.0986936,-1171.319,0.00019,-61.4452,2284.92242,2278.93161,-5.99081,0,0.04576,-0.01323,-0.0459,0.53149,0,-0.0459,0.53149,0,60.50696,0.5334701,0.00881667,88197.745,80000.104,-8197.745,-0.104,True,False,-0.00617
442.76,FINE,THRUST,80000.017,29.2317704,0.0986349,-1170.623,0.00021,-61.41133,2284.92133,2278.93161,-5.98972,0,0.04575,-0.01322,-0.04589,0.53165,0,-0.04589,0.53165,0,60.5084,0.5336264,0.00881905,88195.323,80000.104,-8195.323,-0.104,True,False,-0.00585
442.9,FINE,THRUST,80000.017,29.2327634,0.0985763,-1169.927,0.00022,-61.37744,2284.92024,2278.93161,-5.98863,0,0.04573,-0.01321,-0.04588,0.53181,0,-0.04588,0.53181,0,60.50984,0.5337827,0.00882142,88192.902,80000.104,-8192.902,-0.104,True,False,-0.00551
443.04,FINE,THRUST,80000.017,29.233756,0.0985176,-1169.23,0.00024,-61.34354,2284.91915,2278.93161,-5.98754,0,0.04572,-0.0132,-0.04586,0.53197,0,-0.04586,0.53197,0,60.51128,0.5339388,0.00882379,88190.483,80000.104,-8190.483,-0.104,True,False,-0.00513
443.18,FINE,THRUST,80000.017,29.2347482,0.0984589,-1168.534,0.00025,-61.30963,2284.91807,2278.93161,-5.98646,0,0.04571,-0.01319,-0.04585,0.53212,0,-0.04585,0.53212,0,60.51272,0.5340948,0.00882616,88188.066,80000.104,-8188.066,-0.104,True,False,-0.00472
443.32,FINE,THRUST,80000.017,29.23574,0.0984002,-1167.837,0.00026,-61.27571,2284.91698,2278.93161,-5.98537,0,0.04569,-0.01319,-0.04584,0.53228,0,-0.04584,0.53228,0,60.51416,0.5342507,0.00882852,88185.65,80000.104,-8185.65,-0.104,True,False,-0.00429
443.46,FINE,THRUST,80000.017,29.2367315,0.0983415,-1167.14,0.00028,-61.24177,2284.9159,2278.93161,-5.98429,0,0.04568,-0.01318,-0.04583,0.53244,0,-0.04583,0.53244,0,60.5156,0.5344066,0.00883089,88183.235,80000.104,-8183.235,-0.104,True,False,-0.00387
443.6,FINE,THRUST,80000.017,29.2377227,0.0982827,-1166.443,0.00029,-61.20783,2284.91482,2278.93161,-5.98321,0,0.04567,-0.01317,-0.04582,0.53259,0,-0.04582,0.53259,0,60.51705,0.5345623,0.00883325,88180.823,80000.104,-8180.823,-0.104,True,False,-0.00345
443.74,FINE,THRUST,80000.017,29.2387134,0.0982239,-1165.745,0.0003,-61.17387,2284.91373,2278.93161,-5.98212,0,0.04565,-0.01316,-0.04581,0.53275,0,-0.04581,0.53275,0,60.51849,0.5347179,0.00883561,88178.412,80000.104,-8178.412,-0.104,True,False,-0.00309
443.88,FINE,THRUST,80000.017,29.2397038,0.0981652,-1165.048,0.00031,-61.1399,2284.91265,2278.93161,-5.98104,0,0.04564,-0.01315,-0.0458,0.53291,0,-0.0458,0.53291,0,60.51994,0.5348735,0.00883797,88176.003,80000.104,-8176.003,-0.104,True,False,-0.00285
444.02,FINE,THRUST,80000.017,29.2406938,0.0981063,-1164.35,0.00032,-61.10592,2284.91158,2278.93161,-5.97997,0,0.04563,-0.01315,-0.04579,0.53307,0,-0.04579,0.53307,0,60.52138,0.5350289,0.00884033,88173.595,80000.103,-8173.595,-0.103,True,False,-0.00281
444.16,FINE,THRUST,80000.017,29.2416834,0.0980475,-1163.651,0.00033,-61.07193,2284.9105,2278.93161,-5.97889,0,0.04561,-0.01314,-0.04577,0.53322,0,-0.04577,0.53322,0,60.52282,0.5351843,0.00884268,88171.19,80000.103,-8171.19,-0.103,True,False,-0.00299
444.3,FINE,THRUST,80000.017,29.2426727,0.0979887,-1162.953,0.00034,-61.03793,2284.90942,2278.93161,-5.97781,0,0.0456,-0.01313,-0.04576,0.53338,0,-0.04576,0.53338,0,60.52427,0.5353395,0.00884504,88168.786,80000.103,-8168.786,-0.103,True,False,-0.00344
444.44,FINE,THRUST,80000.017,29.2436616,0.0979298,-1162.255,0.00035,-61.00392,2284.90835,2278.93161,-5.97674,0,0.04559,-0.01312,-0.04575,0.53354,0,-0.04575,0.53354,0,60.52572,0.5354946,0.00884739,88166.385,80000.103,-8166.385,-0.103,True,False,-0.00409
444.58,FINE,THRUST,80000.017,29.2446501,0.0978709,-1161.556,0.00036,-60.96989,2284.90728,2278.93161,-5.97567,0,0.04557,-0.01311,-0.04574,0.53369,0,-0.04574,0.53369,0,60.52716,0.5356497,0.00884974,88163.985,80000.103,-8163.985,-0.103,True,False,-0.00491
444.72,FINE,THRUST,80000.017,29.2456383,0.097812,-1160.857,0.00037,-60.93585,2284.9062,2278.93161,-5.97459,0,0.04556,-0.01311,-0.04573,0.53385,0,-0.04573,0.53385,0,60.52861,0.5358047,0.00885209,88161.588,80000.103,-8161.588,-0.103,True,False,-0.00586
444.86,FINE,THRUST,80000.017,29.246626,0.0977531,-1160.157,0.00037,-60.90181,2284.90513,2278.93161,-5.97352,0,0.04555,-0.0131,-0.04571,0.53401,0,-0.04571,0.53401,0,60.53005,0.5359595,0.00885444,88159.193,80000.103,-8159.193,-0.103,True,False,0.00691
445,FINE,THRUST,80000.017,29.2476134,0.0976942,-1159.458,0.00038,-60.86775,2284.90407,2278.93161,-5.97246,0,0.04553,-0.01309,-0.0457,0.53416,0,-0.0457,0.53416,0,60.5315,0.5361143,0.00885678,88156.8,80000.103,-8156.8,-0.103,True,False,0.00807
445.14,FINE,THRUST,80000.017,29.2486005,0.0976352,-1158.758,0.00038,-60.83367,2284.903,2278.93161,-5.97139,0,0.04552,-0.01308,-0.04569,0.53432,0,-0.04569,0.53432,0,60.53295,0.536269,0.00885912,88154.409,80000.103,-8154.409,-0.103,True,False,0.00928
445.28,FINE,THRUST,80000.017,29.2495871,0.0975763,-1158.058,0.00038,-60.79959,2284.90193,2278.93161,-5.97033,0,0.04551,-0.01308,-0.04568,0.53448,0,-0.04568,0.53448,0,60.5344,0.5364235,0.00886147,88152.022,80000.103,-8152.022,-0.103,True,False,0.01045
445.42,FINE,THRUST,80000.017,29.2505734,0.0975173,-1157.358,0.00039,-60.7655,2284.90087,2278.93161,-5.96926,0,0.04549,-0.01307,-0.04566,0.53463,0,-0.04566,0.53463,0,60.53585,0.536578,0.00886381,88149.637,80000.103,-8149.637,-0.103,True,False,0.01158
445.56,FINE,THRUST,80000.017,29.2515593,0.0974583,-1156.658,0.00039,-60.73139,2284.89981,2278.93161,-5.9682,0,0.04548,-0.01306,-0.04565,0.53479,0,-0.04565,0.53479,0,60.53729,0.5367324,0.00886614,88147.256,80000.103,-8147.256,-0.103,True,False,0.01261
445.7,FINE,THRUST,80000.017,29.2525448,0.0973992,-1155.957,0.00038,-60.69727,2284.89876,2278.93161,-5.96715,0,0.04547,-0.01305,-0.04564,0.53494,0,-0.04564,0.53494,0,60.53875,0.5368867,0.00886848,88144.876,80000.103,-8144.876,-0.103,True,False,0.01359
445.84,FINE,THRUST,80000.017,29.2535299,0.0973402,-1155.257,0.00038,-60.66315,2284.8977,2278.93161,-5.96609,0,0.04545,-0.01304,-0.04562,0.5351,0,-0.04562,0.5351,0,60.54019,0.5370409,0.00887082,88142.498,80000.103,-8142.498,-0.103,True,False,0.01448
445.98,FINE,THRUST,80000.017,29.2545146,0.0972811,-1154.556,0.00038,-60.62901,2284.89664,2278.93161,-5.96503,0,0.04544,-0.01304,-0.04561,0.53526,0,-0.04561,0.53526,0,60.54165,0.537195,0.00887315,88140.121,80000.103,-8140.121,-0.103,True,False,0.01528
446.12,FINE,THRUST,80000.017,29.255499,0.097222,-1153.855,0.00037,-60.59486,2284.89559,2278.93161,-5.96398,0,0.04543,-0.01303,-0.0456,0.53541,0,-0.0456,0.53541,0,60.54309,0.537349,0.00887548,88137.746,80000.103,-8137.746,-0.103,True,False,0.01594
446.26,FINE,THRUST,80000.017,29.256483,0.0971629,-1153.153,0.00036,-60.56069,2284.89453,2278.93161,-5.96292,0,0.04541,-0.01302,-0.04558,0.53557,0,-0.04558,0.53557,0,60.54455,0.5375029,0.00887781,88135.371,80000.103,-8135.371,-0.103,True,False,0.01648
446.4,FINE,THRUST,80000.017,29.2574666,0.0971038,-1152.451,0.00035,-60.52652,2284.89348,2278.93161,-5.96187,0,0.0454,-0.01301,-0.04557,0.53572,0,-0.04557,0.53572,0,60.546,0.5376567,0.00888014,88132.997,80000.103,-8132.997,-0.103,True,False,0.01694
446.54,FINE,THRUST,80000.017,29.2584498,0.0970447,-1151.75,0.00034,-60.49234,2284.89242,2278.93161,-5.96081,0,0.04539,-0.013,-0.04555,0.53588,0,-0.04555,0.53588,0,60.54745,0.5378104,0.00888246,88130.624,80000.103,-8130.624,-0.103,True,False,0.01729
446.68,FINE,THRUST,80000.017,29.2594326,0.0969855,-1151.048,0.00033,-60.45814,2284.89137,2278.93161,-5.95976,0,0.04537,-0.013,-0.04554,0.53603,0,-0.04554,0.53603,0,60.5489,0.537964,0.00888479,88128.251,80000.103,-8128.251,-0.103,True,False,0.01753
446.82,FINE,THRUST,80000.017,29.260415,0.0969264,-1150.345,0.00032,-60.42393,2284.89031,2278.93161,-5.9587,0,0.04536,-0.01299,-0.04552,0.53619,0,-0.04552,0.53619,0,60.55036,0.5381176,0.00888711,88125.879,80000.103,-8125.879,-0.103,True,False,0.01767
446.96,FINE,THRUST,80000.017,29.2613971,0.0968672,-1149.643,0.00031,-60.38971,2284.88926,2278.93161,-5.95765,0,0.04535,-0.01298,-0.04551,0.53634,0,-0.04551,0.53634,0,60.55181,0.538271,0.00888943,88123.508,80000.103,-8123.508,-0.103,True,False,0.01772
447.1,FINE,THRUST,80000.017,29.2623787,0.096808,-1148.94,0.0003,-60.35548,2284.88821,2278.93161,-5.9566,0,0.04533,-0.01297,-0.0455,0.5365,0,-0.0455,0.5365,0,60.55326,0.5384243,0.00889175,88121.137,80000.103,-8121.137,-0.103,True,False,0.01773
447.24,FINE,THRUST,80000.018,29.26336,0.0967487,-1148.237,0.00029,-60.32124,2284.88715,2278.93161,-5.95554,0,0.04532,-0.01296,-0.04548,0.53665,0,-0.04548,0.53665,0,60.55472,0.5385775,0.00889406,88118.766,80000.103,-8118.766,-0.103,True,False,0.01769
447.38,FINE,THRUST,80000.018,29.2643409,0.0966895,-1147.534,0.00028,-60.28699,2284.8861,2278.93161,-5.95449,0,0.04531,-0.01296,-0.04547,0.53681,0,-0.04547,0.53681,0,60.55617,0.5387307,0.00889638,88116.396,80000.103,-8116.396,-0.103,True,False,0.01759
447.52,FINE,THRUST,80000.018,29.2653214,0.0966302,-1146.831,0.00028,-60.25272,2284.88505,2278.93161,-5.95344,0,0.0453,-0.01295,-0.04545,0.53696,0,-0.04545,0.53696,0,60.55763,0.5388837,0.00889869,88114.026,80000.103,-8114.026,-0.103,True,False,0.01745
447.66,FINE,THRUST,80000.018,29.2663015,0.0965709,-1146.127,0.00027,-60.21845,2284.88399,2278.93161,-5.95239,0,0.04528,-0.01294,-0.04544,0.53712,0,-0.04544,0.53712,0,60.55908,0.5390366,0.008901,88111.657,80000.103,-8111.657,-0.103,True,False,0.01727
447.8,FINE,THRUST,80000.018,29.2672813,0.0965116,-1145.423,0.00026,-60.18416,2284.88294,2278.93161,-5.95133,0,0.04527,-0.01293,-0.04542,0.53727,0,-0.04542,0.53727,0,60.56054,0.5391894,0.00890331,88109.288,80000.103,-8109.288,-0.103,True,False,0.01704
447.94,FINE,THRUST,80000.018,29.2682606,0.0964523,-1144.719,0.00025,-60.14986,2284.88189,2278.93161,-5.95028,0,0.04526,-0.01292,-0.04541,0.53743,0,-0.04541,0.53743,0,60.562,0.5393422,0.00890562,88106.919,80000.103,-8106.919,-0.103,True,False,0.01676
448.08,FINE,THRUST,80000.018,29.2692396,0.096393,-1144.015,0.00024,-60.11555,2284.88084,2278.93161,-5.94923,0,0.04524,-0.01292,-0.04539,0.53758,0,-0.04539,0.53758,0,60.56346,0.5394948,0.00890793,88104.551,80000.103,-8104.551,-0.103,True,False,0.01643
448.22,FINE,THRUST,80000.018,29.2702181,0.0963336,-1143.31,0.00023,-60.08123,2284.87978,2278.93161,-5.94817,0,0.04523,-0.01291,-0.04538,0.53774,0,-0.04538,0.53774,0,60.56491,0.5396473,0.00891023,88102.183,80000.103,-8102.183,-0.103,True,False,0.01606
448.36,FINE,THRUST,80000.018,29.2711963,0.0962742,-1142.606,0.00023,-60.04689,2284.87873,2278.93161,-5.94712,0,0.04522,-0.0129,-0.04537,0.53789,0,-0.04537,0.53789,0,60.56637,0.5397997,0.00891253,88099.814,80000.103,-8099.814,-0.103,True,False,0.01565
448.5,FINE,THRUST,80000.018,29.2721741,0.0962148,-1141.901,0.00022,-60.01255,2284.87768,2278.93161,-5.94607,0,0.0452,-0.01289,-0.04535,0.53804,0,-0.04535,0.53804,0,60.56783,0.5399521,0.00891483,88097.446,80000.103,-8097.446,-0.103,True,False,0.01518
448.64,FINE,THRUST,80000.018,29.2731514,0.0961554,-1141.196,0.00021,-59.97819,2284.87662,2278.93161,-5.94501,0,0.04519,-0.01288,-0.04534,0.5382,0,-0.04534,0.5382,0,60.56929,0.5401043,0.00891713,88095.078,80000.103,-8095.078,-0.103,True,False,0.01466
448.78,FINE,THRUST,80000.018,29.2741284,0.096096,-1140.49,0.0002,-59.94383,2284.87557,2278.93161,-5.94396,0,0.04518,-0.01288,-0.04532,0.53835,0,-0.04532,0.53835,0,60.57075,0.5402564,0.00891943,88092.71,80000.103,-8092.71,-0.103,True,False,0.01409
448.92,FINE,THRUST,80000.018,29.275105,0.0960366,-1139.785,0.0002,-59.90945,2284.87452,2278.93161,-5.94291,0,0.04516,-0.01287,-0.04531,0.53851,0,-0.04531,0.53851,0,60.57221,0.5404084,0.00892172,88090.341,80000.103,-8090.341,-0.103,True,False,0.01347
449.06,FINE,THRUST,80000.018,29.2760812,0.0959771,-1139.079,0.00019,-59.87506,2284.87346,2278.93161,-5.94185,0,0.04515,-0.01286,-0.0453,0.53866,0,-0.0453,0.53866,0,60.57367,0.5405604,0.00892402,88087.973,80000.103,-8087.973,-0.103,True,False,0.0128
449.2,FINE,THRUST,80000.018,29.277057,0.0959176,-1138.373,0.00019,-59.84066,2284.87241,2278.93161,-5.9408,0,0.04514,-0.01285,-0.04528,0.53881,0,-0.04528,0.53881,0,60.57513,0.5407122,0.00892631,88085.604,80000.103,-8085.604,-0.103,True,False,0.0121
449.34,FINE,THRUST,80000.018,29.2780324,0.0958581,-1137.667,0.00018,-59.80624,2284.87135,2278.93161,-5.93974,0,0.04512,-0.01284,-0.04527,0.53897,0,-0.04527,0.53897,0,60.57659,0.5408639,0.0089286,88083.235,80000.103,-8083.235,-0.103,True,False,0.01133
449.48,FINE,THRUST,80000.018,29.2790074,0.0957986,-1136.96,0.00018,-59.77182,2284.87029,2278.93161,-5.93869,0,0.04511,-0.01284,-0.04525,0.53912,0,-0.04525,0.53912,0,60.57805,0.5410155,0.00893088,88080.865,80000.103,-8080.865,-0.103,True,False,0.01052
449.62,FINE,THRUST,80000.018,29.279982,0.095739,-1136.254,0.00018,-59.73738,2284.86924,2278.93161,-5.93763,0,0.0451,-0.01283,-0.04524,0.53927,0,-0.04524,0.53927,0,60.57951,0.541167,0.00893317,88078.495,80000.103,-8078.495,-0.103,True,False,0.00966
449.76,FINE,THRUST,80000.018,29.2809562,0.0956795,-1135.547,0.00017,-59.70294,2284.86818,2278.93161,-5.93657,0,0.04508,-0.01282,-0.04523,0.53943,0,-0.04523,0.53943,0,60.58097,0.5413184,0.00893545,88076.125,80000.103,-8076.125,-0.103,True,False,0.00876
449.9,FINE,THRUST,80000.018,29.28193,0.0956199,-1134.84,0.00017,-59.66848,2284.86712,2278.93161,-5.93552,0,0.04507,-0.01281,-0.04521,0.53958,0,-0.04521,0.53958,0,60.58244,0.5414698,0.00893773,88073.754,80000.103,-8073.754,-0.103,True,False,0.0078
450.04,FINE,THRUST,80000.018,29.2829034,0.0955603,-1134.133,0.00017,-59.63401,2284.86607,2278.93161,-5.93446,0,0.04506,-0.0128,-0.0452,0.53973,0,-0.0452,0.53973,0,60.5839,0.541621,0.00894001,88071.383,80000.103,-8071.383,-0.103,True,False,0.00682
450.18,FINE,THRUST,80000.018,29.2838764,0.0955007,-1133.425,0.00017,-59.59953,2284.86501,2278.93161,-5.9334,0,0.04505,-0.0128,-0.04519,0.53988,0,-0.04519,0.53988,0,60.58537,0.5417721,0.00894229,88069.011,80000.102,-8069.011,-0.102,True,False,0.00579
450.32,FINE,THRUST,80000.018,29.2848491,0.0954411,-1132.718,0.00017,-59.56504,2284.86395,2278.93161,-5.93234,0,0.04503,-0.01279,-0.04518,0.54004,0,-0.04518,0.54004,0,60.58683,0.5419231,0.00894457,88066.638,80000.102,-8066.638,-0.102,True,False,0.00479
450.46,FINE,THRUST,80000.018,29.2858213,0.0953814,-1132.01,0.00018,-59.53053,2284.86289,2278.93161,-5.93128,0,0.04502,-0.01278,-0.04516,0.54019,0,-0.04516,0.54019,0,60.58829,0.542074,0.00894684,88064.264,80000.102,-8064.264,-0.102,True,False,0.00381
450.72,FINE,THRUST,80000.01,29.2876257,0.0952706,-1130.694,0.00018,-59.46642,2284.86092,2278.93161,-5.92931,0,0.04499,-0.01277,-0.04511,0.54048,0,-0.04511,0.54048,0,60.59102,0.5423547,0.00895108,88059.856,80000.098,-8059.856,-0.098,True,False,0.00505
450.86,FINE,THRUST,80000.01,29.2885968,0.0952109,-1129.985,0.00019,-59.43189,2284.85987,2278.93162,-5.92825,0,0.04498,-0.01276,-0.04508,0.54063,0,-0.04508,0.54063,0,60.59248,0.5425058,0.00895335,88057.482,80000.094,-8057.482,-0.094,True,False,0.00704
451,FINE,THRUST,80000.01,29.2895674,0.0951511,-1129.277,0.00019,-59.39734,2284.85881,2278.93162,-5.92719,0,0.04497,-0.01275,-0.04506,0.54078,0,-0.04506,0.54078,0,60.59395,0.5426562,0.00895562,88055.105,80000.094,-8055.105,-0.094,True,False,0.00665
451.14,FINE,THRUST,80000.01,29.2905376,0.0950914,-1128.568,0.0002,-59.36278,2284.85774,2278.93162,-5.92612,0,0.04496,-0.01274,-0.04505,0.54093,0,-0.04505,0.54093,0,60.59541,0.5428066,0.00895788,88052.726,80000.094,-8052.726,-0.094,True,False,0.00649
451.28,FINE,THRUST,80000.01,29.2915075,0.0950317,-1127.858,0.00021,-59.32821,2284.85667,2278.93162,-5.92505,0,0.04494,-0.01273,-0.04504,0.54109,0,-0.04504,0.54109,0,60.59688,0.5429569,0.00896015,88050.346,80000.094,-8050.346,-0.094,True,False,0.00651
451.42,FINE,THRUST,80000.01,29.2924769,0.0949719,-1127.149,0.00022,-59.29363,2284.8556,2278.93162,-5.92398,0,0.04493,-0.01273,-0.04503,0.54124,0,-0.04503,0.54124,0,60.59835,0.5431071,0.00896241,88047.964,80000.094,-8047.964,-0.094,True,False,0.00671
451.56,FINE,THRUST,80000.01,29.2934459,0.0949121,-1126.439,0.00023,-59.25904,2284.85453,2278.93162,-5.92291,0,0.04492,-0.01272,-0.04502,0.54139,0,-0.04502,0.54139,0,60.59982,0.5432571,0.00896467,88045.581,80000.094,-8045.581,-0.094,True,False,0.00696
451.7,FINE,THRUST,80000.01,29.2944145,0.0948523,-1125.73,0.00024,-59.22443,2284.85346,2278.93162,-5.92184,0,0.0449,-0.01271,-0.04501,0.54154,0,-0.04501,0.54154,0,60.60129,0.5434071,0.00896692,88043.198,80000.094,-8043.198,-0.094,True,False,0.00732
451.84,FINE,THRUST,80000.01,29.2953827,0.0947925,-1125.02,0.00025,-59.18982,2284.85239,2278.93162,-5.92077,0,0.04489,-0.0127,-0.045,0.54169,0,-0.045,0.54169,0,60.60276,0.543557,0.00896918,88040.815,80000.094,-8040.815,-0.094,True,False,-0.00773
451.98,FINE,THRUST,80000.011,29.2963505,0.0947326,-1124.309,0.00027,-59.15519,2284.85132,2278.93162,-5.9197,0,0.04488,-0.01269,-0.04499,0.54184,0,-0.04499,0.54184,0,60.60422,0.5437067,0.00897143,88038.432,80000.094,-8038.432,-0.094,True,False,-0.00829
452.12,FINE,THRUST,80000.011,29.2973179,0.0946728,-1123.599,0.00028,-59.12055,2284.85025,2278.93162,-5.91863,0,0.04486,-0.01269,-0.04498,0.54199,0,-0.04498,0.54199,0,60.6057,0.5438564,0.00897368,88036.05,80000.094,-8036.05,-0.094,True,False,-0.00895
452.26,FINE,THRUST,80000.011,29.2982849,0.0946129,-1122.888,0.0003,-59.0859,2284.84918,2278.93162,-5.91756,0,0.04485,-0.01268,-0.04496,0.54214,0,-0.04496,0.54214,0,60.60716,0.544006,0.00897593,88033.669,80000.094,-8033.669,-0.094,True,False,-0.00972
452.4,FINE,THRUST,80000.011,29.2992515,0.094553,-1122.178,0.00032,-59.05124,2284.84811,2278.93162,-5.91649,0,0.04484,-0.01267,-0.04496,0.5423,0,-0.04496,0.5423,0,60.60864,0.5441554,0.00897818,88031.288,80000.094,-8031.288,-0.094,True,False,-0.01055
452.54,FINE,THRUST,80000.011,29.3002176,0.0944931,-1121.466,0.00034,-59.01657,2284.84704,2278.93162,-5.91542,0,0.04482,-0.01266,-0.04495,0.54245,0,-0.04495,0.54245,0,60.61011,0.5443048,0.00898043,88028.909,80000.094,-8028.909,-0.094,True,False,-0.01133
452.68,FINE,THRUST,80000.011,29.3011834,0.0944331,-1120.755,0.00036,-58.98189,2284.84597,2278.93162,-5.91435,0,0.04481,-0.01265,-0.04494,0.5426,0,-0.04494,0.5426,0,60.61158,0.544454,0.00898267,88026.53,80000.094,-8026.53,-0.094,True,False,-0.012
452.82,FINE,THRUST,80000.011,29.3021487,0.0943732,-1120.044,0.00039,-58.94719,2284.8449,2278.93162,-5.91328,0,0.0448,-0.01265,-0.04493,0.54275,0,-0.04493,0.54275,0,60.61305,0.5446031,0.00898491,88024.152,80000.094,-8024.152,-0.094,True,False,-0.01256
452.96,FINE,THRUST,80000.011,29.3031136,0.0943132,-1119.332,0.00041,-58.91249,2284.84383,2278.93162,-5.91221,0,0.04478,-0.01264,-0.04492,0.5429,0,-0.04492,0.5429,0,60.61453,0.5447521,0.00898716,88021.774,80000.094,-8021.774,-0.094,True,False,-0.01297
453.1,FINE,THRUST,80000.011,29.3040781,0.0942532,-1118.62,0.00044,-58.87777,2284.84277,2278.93162,-5.91115,0,0.04477,-0.01263,-0.04491,0.54305,0,-0.04491,0.54305,0,60.616,0.5449011,0.00898939,88019.398,80000.094,-8019.398,-0.094,True,False,-0.01327
453.24,FINE,THRUST,80000.011,29.3050422,0.0941932,-1117.908,0.00046,-58.84304,2284.8417,2278.93162,-5.91008,0,0.04476,-0.01262,-0.0449,0.5432,0,-0.0449,0.5432,0,60.61747,0.5450499,0.00899163,88017.023,80000.094,-8017.023,-0.094,True,False,-0.01348
453.38,FINE,THRUST,80000.011,29.3060058,0.0941332,-1117.196,0.00049,-58.8083,2284.84063,2278.93162,-5.90901,0,0.04474,-0.01261,-0.04489,0.54335,0,-0.04489,0.54335,0,60.61895,0.5451987,0.00899387,88014.649,80000.094,-8014.649,-0.094,True,False,-0.01361
453.52,FINE,THRUST,80000.011,29.3069691,0.0940732,-1116.483,0.00051,-58.77356,2284.83957,2278.93162,-5.90795,0,0.04473,-0.01261,-0.04488,0.5435,0,-0.04488,0.5435,0,60.62042,0.5453473,0.0089961,88012.276,80000.094,-8012.276,-0.094,True,False,-0.01358
453.66,FINE,THRUST,80000.011,29.3079319,0.0940131,-1115.77,0.00053,-58.73879,2284.8385,2278.93162,-5.90688,0,0.04472,-0.0126,-0.04487,0.54365,0,-0.04487,0.54365,0,60.62189,0.5454958,0.00899833,88009.904,80000.094,-8009.904,-0.094,True,False,-0.01353
453.8,FINE,THRUST,80000.011,29.3088943,0.0939531,-1115.057,0.00056,-58.70402,2284.83744,2278.93162,-5.90582,0,0.0447,-0.01259,-0.04486,0.5438,0,-0.04486,0.5438,0,60.62337,0.5456442,0.00900056,88007.533,80000.094,-8007.533,-0.094,True,False,-0.01337
453.94,FINE,THRUST,80000.011,29.3098563,0.093893,-1114.344,0.00058,-58.66924,2284.83637,2278.93162,-5.90475,0,0.04469,-0.01258,-0.04486,0.54395,0,-0.04486,0.54395,0,60.62484,0.5457926,0.00900279,88005.164,80000.094,-8005.164,-0.094,True,False,-0.01317
454.08,FINE,THRUST,80000.011,29.3108179,0.0938329,-1113.631,0.0006,-58.63445,2284.83531,2278.93162,-5.90369,0,0.04468,-0.01257,-0.04485,0.5441,0,-0.04485,0.5441,0,60.62632,0.5459408,0.00900501,88002.796,80000.094,-8002.796,-0.094,True,False,-0.01288
454.22,FINE,THRUST,80000.011,29.311779,0.0937727,-1112.917,0.00062,-58.59964,2284.83425,2278.93162,-5.90263,0,0.04466,-0.01256,-0.04484,0.54425,0,-0.04484,0.54425,0,60.6278,0.5460889,0.00900724,88000.429,80000.094,-8000.429,-0.094,True,False,-0.01256
454.36,FINE,THRUST,80000.011,29.3127397,0.0937126,-1112.203,0.00064,-58.56482,2284.83319,2278.93162,-5.90157,0,0.04465,-0.01256,-0.04483,0.54439,0,-0.04483,0.54439,0,60.62927,0.546237,0.00900946,87998.064,80000.094,-7998.064,-0.094,True,False,-0.01215
454.5,FINE,THRUST,80000.011,29.3137,0.0936524,-1111.489,0.00066,-58.53,2284.83213,2278.93162,-5.90051,0,0.04464,-0.01255,-0.04482,0.54454,0,-0.04482,0.54454,0,60.63075,0.5463849,0.00901168,87995.7,80000.094,-7995.7,-0.094,True,False,-0.01168
454.64,FINE,THRUST,80000.012,29.3146599,0.0935922,-1110.775,0.00068,-58.49516,2284.83107,2278.93162,-5.89945,0,0.04463,-0.01254,-0.04481,0.54469,0,-0.04481,0.54469,0,60.63223,0.5465327,0.0090139,87993.338,80000.094,-7993.338,-0.094,True,False,-0.01116
454.78,FINE,THRUST,80000.012,29.3156193,0.093532,-1110.061,0.0007,-58.46031,2284.83001,2278.93162,-5.89839,0,0.04461,-0.01253,-0.0448,0.54484,0,-0.0448,0.54484,0,60.63371,0.5466805,0.00901611,87990.978,80000.094,-7990.978,-0.094,True,False,-0.01056
454.92,FINE,THRUST,80000.012,29.3165784,0.0934718,-1109.346,0.00071,-58.42545,2284.82896,2278.93162,-5.89734,0,0.0446,-0.01252,-0.04479,0.54499,0,-0.04479,0.54499,0,60.63518,0.5468281,0.00901833,87988.619,80000.094,-7988.619,-0.094,True,False,-0.00992
455.06,FINE,THRUST,80000.012,29.3175369,0.0934116,-1108.631,0.00073,-58.39058,2284.8279,2278.93162,-5.89628,0,0.04459,-0.01252,-0.04478,0.54514,0,-0.04478,0.54514,0,60.63666,0.5469756,0.00902054,87986.263,80000.094,-7986.263,-0.094,True,False,-0.00924
455.2,FINE,THRUST,80000.012,29.3184951,0.0933514,-1107.916,0.00074,-58.3557,2284.82685,2278.93162,-5.89523,0,0.04457,-0.01251,-0.04477,0.54529,0,-0.04477,0.54529,0,60.63814,0.5471231,0.00902275,87983.907,80000.094,-7983.907,-0.094,True,False,-0.00849
455.34,FINE,THRUST,80000.012,29.3194529,0.0932911,-1107.201,0.00075,-58.32081,2284.82579,2278.93162,-5.89417,0,0.04456,-0.0125,-0.04476,0.54544,0,-0.04476,0.54544,0,60.63962,0.5472704,0.00902496,87981.554,80000.094,-7981.554,-0.094,True,False,-0.00771
455.48,FINE,THRUST,80000.012,29.3204102,0.0932308,-1106.485,0.00077,-58.2859,2284.82474,2278.93162,-5.89312,0,0.04455,-0.01249,-0.04475,0.54559,0,-0.04475,0.54559,0,60.64111,0.5474177,0.00902717,87979.203,80000.095,-7979.203,-0.095,True,False,-0.00691
455.62,FINE,THRUST,80000.012,29.321367,0.0931705,-1105.77,0.00078,-58.25099,2284.82369,2278.93162,-5.89207,0,0.04453,-0.01248,-0.04474,0.54573,0,-0.04474,0.54573,0,60.64259,0.5475648,0.00902938,87976.853,80000.095,-7976.853,-0.095,True,False,-0.00614
455.76,FINE,THRUST,80000.012,29.3223235,0.0931102,-1105.054,0.00079,-58.21606,2284.82264,2278.93162,-5.89102,0,0.04452,-0.01248,-0.04472,0.54588,0,-0.04472,0.54588,0,60.64407,0.5477118,0.00903158,87974.506,80000.095,-7974.506,-0.095,True,False,-0.00547
455.9,FINE,THRUST,80000.012,29.3232795,0.0930498,-1104.338,0.00079,-58.18113,2284.8216,2278.93162,-5.88998,0,0.04451,-0.01247,-0.04471,0.54603,0,-0.04471,0.54603,0,60.64555,0.5478588,0.00903378,87972.161,80000.095,-7972.161,-0.095,True,False,-0.00498
456.04,FINE,THRUST,80000.012,29.3242351,0.0929895,-1103.621,0.0008,-58.14618,2284.82055,2278.93162,-5.88893,0,0.0445,-0.01246,-0.0447,0.54618,0,-0.0447,0.54618,0,60.64703,0.5480057,0.00903598,87969.818,80000.095,-7969.818,-0.095,True,False,-0.00481
456.18,FINE,THRUST,80000.012,29.3251902,0.0929291,-1102.905,0.0008,-58.11122,2284.81951,2278.93162,-5.88789,0,0.04448,-0.01245,-0.04469,0.54633,0,-0.04469,0.54633,0,60.64851,0.5481524,0.00903818,87967.477,80000.095,-7967.477,-0.095,True,False,-0.00503
456.32,FINE,THRUST,80000.012,29.326145,0.0928687,-1102.188,0.00081,-58.07625,2284.81846,2278.93162,-5.88685,0,0.04447,-0.01244,-0.04468,0.54648,0,-0.04468,0.54648,0,60.65,0.548299,0.00904038,87965.139,80000.095,-7965.139,-0.095,True,False,-0.00568
456.46,FINE,THRUST,80000.012,29.3270992,0.0928083,-1101.471,0.00081,-58.04127,2284.81742,2278.93162,-5.8858,0,0.04446,-0.01244,-0.04466,0.54662,0,-0.04466,0.54662,0,60.65148,0.5484456,0.00904258,87962.802,80000.095,-7962.802,-0.095,True,False,0.00671
456.6,FINE,THRUST,80000.013,29.3280531,0.0927479,-1100.754,0.0008,-58.00628,2284.81638,2278.93162,-5.88477,0,0.04444,-0.01243,-0.04465,0.54677,0,-0.04465,0.54677,0,60.65296,0.5485921,0.00904477,87960.469,80000.095,-7960.469,-0.095,True,False,0.00803
456.74,FINE,THRUST,80000.013,29.3290065,0.0926874,-1100.037,0.0008,-57.97128,2284.81535,2278.93162,-5.88373,0,0.04443,-0.01242,-0.04464,0.54692,0,-0.04464,0.54692,0,60.65445,0.5487384,0.00904696,87958.137,80000.095,-7958.137,-0.095,True,False,0.00954
456.88,FINE,THRUST,80000.013,29.3299595,0.092627,-1099.319,0.0008,-57.93627,2284.81431,2278.93162,-5.88269,0,0.04442,-0.01241,-0.04463,0.54707,0,-0.04463,0.54707,0,60.65593,0.5488847,0.00904915,87955.809,80000.095,-7955.809,-0.095,True,False,0.01115
457.02,FINE,THRUST,80000.013,29.330912,0.0925665,-1098.601,0.00079,-57.90125,2284.81328,2278.93162,-5.88166,0,0.0444,-0.0124,-0.04461,0.54722,0,-0.04461,0.54722,0,60.65742,0.5490309,0.00905134,87953.484,80000.095,-7953.484,-0.095,True,False,0.0127
457.16,FINE,THRUST,80000.013,29.3318641,0.092506,-1097.883,0.00078,-57.86621,2284.81225,2278.93162,-5.88063,0,0.04439,-0.01239,-0.0446,0.54736,0,-0.0446,0.54736,0,60.65891,0.5491769,0.00905353,87951.162,80000.095,-7951.162,-0.095,True,False,0.01416
457.3,FINE,THRUST,80000.013,29.3328158,0.0924455,-1097.165,0.00076,-57.83117,2284.81122,2278.93162,-5.8796,0,0.04438,-0.01239,-0.04458,0.54751,0,-0.04458,0.54751,0,60.66039,0.5493229,0.00905571,87948.842,80000.095,-7948.842,-0.095,True,False,0.01545
457.44,FINE,THRUST,80000.013,29.333767,0.092385,-1096.447,0.00075,-57.79611,2284.81019,2278.93162,-5.87857,0,0.04437,-0.01238,-0.04457,0.54766,0,-0.04457,0.54766,0,60.66188,0.5494688,0.00905789,87946.524,80000.095,-7946.524,-0.095,True,False,0.01655
457.58,FINE,THRUST,80000.013,29.3347178,0.0923244,-1095.728,0.00073,-57.76105,2284.80916,2278.93162,-5.87755,0,0.04435,-0.01237,-0.04455,0.54781,0,-0.04455,0.54781,0,60.66336,0.5496146,0.00906007,87944.208,80000.095,-7944.208,-0.095,True,False,0.01744
457.72,FINE,THRUST,80000.013,29.3356682,0.0922638,-1095.009,0.00071,-57.72597,2284.80814,2278.93162,-5.87652,0,0.04434,-0.01236,-0.04454,0.54795,0,-0.04454,0.54795,0,60.66485,0.5497603,0.00906225,87941.894,80000.095,-7941.894,-0.095,True,False,0.01816
457.86,FINE,THRUST,80000.013,29.3366181,0.0922033,-1094.29,0.0007,-57.69088,2284.80711,2278.93162,-5.8755,0,0.04433,-0.01235,-0.04452,0.5481,0,-0.04452,0.5481,0,60.66634,0.5499059,0.00906443,87939.58,80000.095,-7939.58,-0.095,True,False,0.01874
458,FINE,THRUST,80000.013,29.3375675,0.0921427,-1093.571,0.00068,-57.65579,2284.80609,2278.93162,-5.87447,0,0.04431,-0.01235,-0.04451,0.54825,0,-0.04451,0.54825,0,60.66783,0.5500514,0.00906661,87937.268,80000.095,-7937.268,-0.095,True,False,0.01913
458.14,FINE,THRUST,80000.013,29.3385166,0.092082,-1092.852,0.00066,-57.62068,2284.80507,2278.93162,-5.87345,0,0.0443,-0.01234,-0.04449,0.54839,0,-0.04449,0.54839,0,60.66932,0.5501968,0.00906878,87934.956,80000.095,-7934.956,-0.095,True,False,0.01944
458.28,FINE,THRUST,80000.013,29.3394652,0.0920214,-1092.132,0.00064,-57.58556,2284.80404,2278.93162,-5.87243,0,0.04429,-0.01233,-0.04448,0.54854,0,-0.04448,0.54854,0,60.67081,0.5503421,0.00907095,87932.644,80000.095,-7932.644,-0.095,True,False,0.01962
458.42,FINE,THRUST,80000.013,29.3404133,0.0919607,-1091.412,0.00062,-57.55042,2284.80302,2278.93162,-5.8714,0,0.04428,-0.01232,-0.04446,0.54869,0,-0.04446,0.54869,0,60.6723,0.5504873,0.00907312,87930.334,80000.095,-7930.334,-0.095,True,False,0.01971
458.56,FINE,THRUST,80000.014,29.341361,0.0919001,-1090.692,0.0006,-57.51528,2284.80199,2278.93162,-5.87038,0,0.04426,-0.01231,-0.04445,0.54884,0,-0.04445,0.54884,0,60.67378,0.5506324,0.00907529,87928.024,80000.095,-7928.024,-0.095,True,False,0.01975
458.7,FINE,THRUST,80000.014,29.3423083,0.0918394,-1089.972,0.00059,-57.48013,2284.80097,2278.93162,-5.86936,0,0.04425,-0.01231,-0.04443,0.54898,0,-0.04443,0.54898,0,60.67528,0.5507773,0.00907746,87925.715,80000.095,-7925.715,-0.095,True,False,0.01971
458.84,FINE,THRUST,80000.014,29.3432551,0.0917787,-1089.251,0.00057,-57.44497,2284.79995,2278.93162,-5.86833,0,0.04424,-0.0123,-0.04442,0.54913,0,-0.04442,0.54913,0,60.67677,0.5509222,0.00907962,87923.406,80000.095,-7923.406,-0.095,True,False,0.01963
458.98,FINE,THRUST,80000.014,29.3442014,0.091718,-1088.531,0.00055,-57.40979,2284.79893,2278.93162,-5.86731,0,0.04422,-0.01229,-0.0444,0.54928,0,-0.0444,0.54928,0,60.67826,0.551067,0.00908179,87921.098,80000.096,-7921.098,-0.096,True,False,0.01946
459.12,FINE,THRUST,80000.014,29.3451474,0.0916572,-1087.81,0.00054,-57.37461,2284.7979,2278.93162,-5.86629,0,0.04421,-0.01228,-0.04439,0.54942,0,-0.04439,0.54942,0,60.67975,0.5512117,0.00908395,87918.791,80000.096,-7918.791,-0.096,True,False,0.01925
459.26,FINE,THRUST,80000.014,29.3460929,0.0915965,-1087.089,0.00052,-57.33941,2284.79688,2278.93162,-5.86527,0,0.0442,-0.01227,-0.04437,0.54957,0,-0.04437,0.54957,0,60.68124,0.5513563,0.00908611,87916.484,80000.096,-7916.484,-0.096,True,False,0.01895
459.4,FINE,THRUST,80000.014,29.3470379,0.0915357,-1086.367,0.0005,-57.3042,2284.79586,2278.93161,-5.86425,0,0.04419,-0.01226,-0.04436,0.54971,0,-0.04436,0.54971,0,60.68273,0.5515007,0.00908826,87914.177,80000.096,-7914.177,-0.096,True,False,0.0186
459.54,FINE,THRUST,80000.014,29.3479825,0.0914749,-1085.646,0.00049,-57.26898,2284.79484,2278.93161,-5.86322,0,0.04417,-0.01226,-0.04434,0.54986,0,-0.04434,0.54986,0,60.68423,0.5516451,0.00909042,87911.871,80000.096,-7911.871,-0.096,True,False,0.01816
459.68,FINE,THRUST,80000.014,29.3489266,0.0914141,-1084.924,0.00047,-57.23376,2284.79382,2278.93161,-5.8622,0,0.04416,-0.01225,-0.04433,0.55001,0,-0.04433,0.55001,0,60.68572,0.5517894,0.00909257,87909.565,80000.096,-7909.565,-0.096,True,False,0.01767
459.82,FINE,THRUST,80000.014,29.3498703,0.0913533,-1084.202,0.00046,-57.19852,2284.79279,2278.93161,-5.86118,0,0.04415,-0.01224,-0.04431,0.55015,0,-0.04431,0.55015,0,60.68722,0.5519336,0.00909473,87907.26,80000.096,-7907.26,-0.096,True,False,0.01711
459.96,FINE,THRUST,80000.014,29.3508135,0.0912924,-1083.48,0.00045,-57.16326,2284.79177,2278.93161,-5.86016,0,0.04413,-0.01223,-0.0443,0.5503,0,-0.0443,0.5503,0,60.68871,0.5520776,0.00909688,87904.954,80000.096,-7904.954,-0.096,True,False,0.01648
460.1,FINE,THRUST,80000.014,29.3517563,0.0912316,-1082.758,0.00044,-57.128,2284.79075,2278.93161,-5.85913,0,0.04412,-0.01222,-0.04428,0.55044,0,-0.04428,0.55044,0,60.6902,0.5522216,0.00909902,87902.649,80000.096,-7902.649,-0.096,True,False,0.01577
460.24,FINE,THRUST,80000.014,29.3526987,0.0911707,-1082.035,0.00042,-57.09273,2284.78973,2278.93161,-5.85811,0,0.04411,-0.01222,-0.04427,0.55059,0,-0.04427,0.55059,0,60.6917,0.5523654,0.00910117,87900.343,80000.096,-7900.343,-0.096,True,False,0.01499
460.38,FINE,THRUST,80000.014,29.3536406,0.0911098,-1081.313,0.00041,-57.05745,2284.7887,2278.93161,-5.85709,0,0.0441,-0.01221,-0.04425,0.55073,0,-0.04425,0.55073,0,60.69319,0.5525092,0.00910331,87898.038,80000.096,-7898.038,-0.096,True,False,0.01412
460.52,FINE,THRUST,80000.014,29.354582,0.0910489,-1080.59,0.0004,-57.02215,2284.78768,2278.93161,-5.85607,0,0.04408,-0.0122,-0.04424,0.55088,0,-0.04424,0.55088,0,60.69469,0.5526528,0.00910546,87895.733,80000.096,-7895.733,-0.096,True,False,0.0132
460.66,FINE,THRUST,80000.014,29.355523,0.0909879,-1079.867,0.0004,-56.98685,2284.78666,2278.93161,-5.85504,0,0.04407,-0.01219,-0.04423,0.55102,0,-0.04423,0.55102,0,60.69618,0.5527964,0.0091076,87893.427,80000.096,-7893.427,-0.096,True,False,0.01218
460.8,FINE,THRUST,80000.014,29.3564635,0.090927,-1079.143,0.00039,-56.95153,2284.78563,2278.93161,-5.85402,0,0.04406,-0.01218,-0.04421,0.55117,0,-0.04421,0.55117,0,60.69768,0.5529398,0.00910973,87891.122,80000.096,-7891.122,-0.096,True,False,0.0111
460.94,FINE,THRUST,80000.015,29.3574036,0.090866,-1078.42,0.00038,-56.9162,2284.78461,2278.93161,-5.85299,0,0.04405,-0.01217,-0.0442,0.55131,0,-0.0442,0.55131,0,60.69918,0.5530831,0.00911187,87888.816,80000.096,-7888.816,-0.096,True,False,0.00993
461.08,FINE,THRUST,80000.015,29.3583433,0.090805,-1077.696,0.00038,-56.88087,2284.78358,2278.93161,-5.85197,0,0.04403,-0.01217,-0.04419,0.55146,0,-0.04419,0.55146,0,60.70068,0.5532263,0.00911401,87886.51,80000.096,-7886.51,-0.096,True,False,0.00869
461.22,FINE,THRUST,80000.015,29.3592824,0.090744,-1076.972,0.00038,-56.84552,2284.78256,2278.93161,-5.85094,0,0.04402,-0.01216,-0.04417,0.5516,0,-0.04417,0.5516,0,60.70217,0.5533695,0.00911614,87884.203,80000.096,-7884.203,-0.096,True,False,0.00738
461.36,FINE,THRUST,80000.015,29.3602211,0.090683,-1076.248,0.00038,-56.81016,2284.78153,2278.93161,-5.84992,0,0.04401,-0.01215,-0.04416,0.55175,0,-0.04416,0.55175,0,60.70367,0.5535125,0.00911827,87881.896,80000.096,-7881.896,-0.096,True,False,0.00601
461.5,FINE,THRUST,80000.015,29.3611594,0.090622,-1075.524,0.00037,-56.77479,2284.7805,2278.93161,-5.84889,0,0.04399,-0.01214,-0.04415,0.55189,0,-0.04415,0.55189,0,60.70517,0.5536554,0.0091204,87879.589,80000.095,-7879.589,-0.095,True,False,0.00455
461.64,FINE,THRUST,80000.015,29.3620972,0.0905609,-1074.799,0.00038,-56.73941,2284.77948,2278.93161,-5.84786,0,0.04398,-0.01213,-0.04414,0.55204,0,-0.04414,0.55204,0,60.70667,0.5537982,0.00912253,87877.281,80000.095,-7877.281,-0.095,True,False,0.00309
461.78,FINE,THRUST,80000.015,29.3630346,0.0904999,-1074.074,0.00038,-56.70402,2284.77845,2278.93161,-5.84684,0,0.04397,-0.01213,-0.04412,0.55218,0,-0.04412,0.55218,0,60.70817,0.5539409,0.00912465,87874.972,80000.095,-7874.972,-0.095,True,False,0.00178
461.92,FINE,THRUST,80000.015,29.3639715,0.0904388,-1073.349,0.00038,-56.66861,2284.77742,2278.93161,-5.84581,0,0.04396,-0.01212,-0.04411,0.55232,0,-0.04411,0.55232,0,60.70967,0.5540835,0.00912677,87872.663,80000.095,-7872.663,-0.095,True,False,-0.00157
462.06,FINE,THRUST,80000.015,29.3649079,0.0903777,-1072.624,0.00039,-56.6332,2284.77639,2278.93161,-5.84478,0,0.04394,-0.01211,-0.0441,0.55247,0,-0.0441,0.55247,0,60.71118,0.554226,0.0091289,87870.353,80000.095,-7870.353,-0.095,True,False,-0.00277
462.2,FINE,THRUST,80000.015,29.3658439,0.0903166,-1071.899,0.0004,-56.59777,2284.77536,2278.93161,-5.84375,0,0.04393,-0.0121,-0.04409,0.55261,0,-0.04409,0.55261,0,60.71267,0.5543684,0.00913102,87868.043,80000.095,-7868.043,-0.095,True,False,-0.00421
462.34,FINE,THRUST,80000.015,29.3667794,0.0902554,-1071.173,0.00042,-56.56234,2284.77433,2278.93161,-5.84271,0,0.04392,-0.01209,-0.04408,0.55276,0,-0.04408,0.55276,0,60.71417,0.5545106,0.00913313,87865.731,80000.095,-7865.731,-0.095,True,False,-0.00562
462.48,FINE,THRUST,80000.015,29.3677144,0.0901943,-1070.447,0.00043,-56.52689,2284.77329,2278.93161,-5.84168,0,0.0439,-0.01208,-0.04407,0.5529,0,-0.04407,0.5529,0,60.71568,0.5546528,0.00913525,87863.419,80000.095,-7863.419,-0.095,True,False,-0.00697
462.62,FINE,THRUST,80000.015,29.368649,0.0901331,-1069.721,0.00044,-56.49144,2284.77226,2278.93161,-5.84065,0,0.04389,-0.01208,-0.04406,0.55304,0,-0.04406,0.55304,0,60.71718,0.5547948,0.00913736,87861.105,80000.095,-7861.105,-0.095,True,False,-0.00818
462.76,FINE,THRUST,80000.015,29.3695832,0.0900719,-1068.995,0.00046,-56.45597,2284.77122,2278.93161,-5.83961,0,0.04388,-0.01207,-0.04405,0.55319,0,-0.04405,0.55319,0,60.71868,0.5549368,0.00913947,87858.789,80000.095,-7858.789,-0.095,True,False,-0.0092
462.9,FINE,THRUST,80000.015,29.3705168,0.0900107,-1068.269,0.00047,-56.42049,2284.77018,2278.93161,-5.83857,0,0.04387,-0.01206,-0.04404,0.55333,0,-0.04404,0.55333,0,60.72018,0.5550786,0.00914158,87856.472,80000.095,-7856.472,-0.095,True,False,-0.0101
463.04,FINE,THRUST,80000.015,29.37145,0.0899495,-1067.542,0.00049,-56.385,2284.76915,2278.93161,-5.83753,0,0.04385,-0.01205,-0.04403,0.55347,0,-0.04403,0.55347,0,60.72169,0.5552204,0.00914369,87854.154,80000.095,-7854.154,-0.095,True,False,-0.01076
463.18,FINE,THRUST,80000.015,29.3723828,0.0898883,-1066.815,0.00051,-56.3495,2284.76811,2278.93161,-5.83649,0,0.04384,-0.01204,-0.04402,0.55361,0,-0.04402,0.55361,0,60.72319,0.555362,0.0091458,87851.835,80000.095,-7851.835,-0.095,True,False,-0.01131
463.32,FINE,THRUST,80000.015,29.3733151,0.089827,-1066.088,0.00052,-56.31399,2284.76707,2278.93161,-5.83545,0,0.04383,-0.01204,-0.04401,0.55376,0,-0.04401,0.55376,0,60.7247,0.5555035,0.0091479,87849.518,80000.095,-7849.518,-0.095,True,False,-0.01173
463.46,FINE,THRUST,80000.016,29.3742469,0.0897657,-1065.361,0.00054,-56.27847,2284.76603,2278.93161,-5.83441,0,0.04381,-0.01203,-0.044,0.5539,0,-0.044,0.5539,0,60.7262,0.555645,0.00915,87847.201,80000.095,-7847.201,-0.095,True,False,-0.01203
463.6,FINE,THRUST,80000.016,29.3751782,0.0897044,-1064.634,0.00055,-56.24294,2284.76499,2278.93161,-5.83338,0,0.0438,-0.01202,-0.04399,0.55404,0,-0.04399,0.55404,0,60.72771,0.5557863,0.0091521,87844.884,80000.096,-7844.884,-0.096,True,False,-0.01223
463.74,FINE,THRUST,80000.016,29.3761091,0.0896431,-1063.906,0.00057,-56.20739,2284.76395,2278.93161,-5.83234,0,0.04379,-0.01201,-0.04398,0.55419,0,-0.04398,0.55419,0,60.72921,0.5559275,0.0091542,87842.568,80000.096,-7842.568,-0.096,True,False,-0.01229
463.88,FINE,THRUST,80000.016,29.3770395,0.0895818,-1063.178,0.00058,-56.17184,2284.76291,2278.93161,-5.8313,0,0.04378,-0.012,-0.04397,0.55433,0,-0.04397,0.55433,0,60.73072,0.5560686,0.0091563,87840.253,80000.096,-7840.253,-0.096,True,False,-0.01224
464.02,FINE,THRUST,80000.016,29.3779694,0.0895205,-1062.45,0.0006,-56.13628,2284.76187,2278.93161,-5.83026,0,0.04376,-0.01199,-0.04396,0.55447,0,-0.04396,0.55447,0,60.73223,0.5562096,0.00915839,87837.939,80000.096,-7837.939,-0.096,True,False,-0.01211
464.16,FINE,THRUST,80000.016,29.3788989,0.0894591,-1061.722,0.00061,-56.1007,2284.76084,2278.93161,-5.82922,0,0.04375,-0.01199,-0.04395,0.55461,0,-0.04395,0.55461,0,60.73373,0.5563505,0.00916049,87835.626,80000.096,-7835.626,-0.096,True,False,-0.01189
464.3,FINE,THRUST,80000.016,29.3798279,0.0893978,-1060.994,0.00062,-56.06512,2284.7598,2278.93161,-5.82819,0,0.04374,-0.01198,-0.04394,0.55475,0,-0.04394,0.55475,0,60.73524,0.5564913,0.00916258,87833.314,80000.096,-7833.314,-0.096,True,False,-0.01163
464.44,FINE,THRUST,80000.016,29.3807564,0.0893364,-1060.265,0.00063,-56.02952,2284.75876,2278.93161,-5.82715,0,0.04372,-0.01197,-0.04393,0.5549,0,-0.04393,0.5549,0,60.73675,0.556632,0.00916467,87831.003,80000.096,-7831.003,-0.096,True,False,-0.01127
464.58,FINE,THRUST,80000.016,29.3816844,0.089275,-1059.537,0.00064,-55.99392,2284.75773,2278.93161,-5.82612,0,0.04371,-0.01196,-0.04392,0.55504,0,-0.04392,0.55504,0,60.73826,0.5567726,0.00916675,87828.693,80000.096,-7828.693,-0.096,True,False,-0.01086
464.72,FINE,THRUST,80000.016,29.382612,0.0892135,-1058.808,0.00065,-55.9583,2284.75669,2278.93161,-5.82508,0,0.0437,-0.01195,-0.04391,0.55518,0,-0.04391,0.55518,0,60.73977,0.5569131,0.00916884,87826.384,80000.096,-7826.384,-0.096,True,False,-0.01039
464.86,FINE,THRUST,80000.016,29.3835391,0.0891521,-1058.078,0.00066,-55.92268,2284.75566,2278.93161,-5.82405,0,0.04369,-0.01194,-0.0439,0.55532,0,-0.0439,0.55532,0,60.74128,0.5570535,0.00917092,87824.076,80000.096,-7824.076,-0.096,True,False,-0.00985
465,FINE,THRUST,80000.016,29.3844657,0.0890906,-1057.349,0.00067,-55.88704,2284.75462,2278.93161,-5.82301,0,0.04367,-0.01194,-0.04388,0.55546,0,-0.04388,0.55546,0,60.74278,0.5571938,0.009173,87821.77,80000.096,-7821.77,-0.096,True,False,-0.00923
465.14,FINE,THRUST,80000.016,29.3853919,0.0890292,-1056.619,0.00068,-55.85139,2284.75359,2278.93161,-5.82198,0,0.04366,-0.01193,-0.04387,0.5556,0,-0.04387,0.5556,0,60.7443,0.5573341,0.00917508,87819.465,80000.096,-7819.465,-0.096,True,False,-0.00858
465.28,FINE,THRUST,80000.016,29.3863176,0.0889677,-1055.89,0.00068,-55.81573,2284.75256,2278.93161,-5.82095,0,0.04365,-0.01192,-0.04386,0.55575,0,-0.04386,0.55575,0,60.7458,0.5574741,0.00917716,87817.161,80000.096,-7817.161,-0.096,True,False,-0.00785
465.42,FINE,THRUST,80000.016,29.3872428,0.0889062,-1055.16,0.00069,-55.78006,2284.75153,2278.93161,-5.81992,0,0.04363,-0.01191,-0.04385,0.55589,0,-0.04385,0.55589,0,60.74731,0.5576141,0.00917924,87814.859,80000.096,-7814.859,-0.096,True,False,-0.00709
465.56,FINE,THRUST,80000.016,29.3881675,0.0888446,-1054.429,0.00069,-55.74439,2284.7505,2278.93161,-5.81889,0,0.04362,-0.0119,-0.04384,0.55603,0,-0.04384,0.55603,0,60.74883,0.557754,0.00918131,87812.558,80000.096,-7812.558,-0.096,True,False,-0.0063
465.7,FINE,THRUST,80000.017,29.3890917,0.0887831,-1053.699,0.00069,-55.7087,2284.74947,2278.93161,-5.81786,0,0.04361,-0.0119,-0.04383,0.55617,0,-0.04383,0.55617,0,60.75034,0.5578938,0.00918339,87810.259,80000.096,-7810.259,-0.096,True,False,-0.00552
465.84,FINE,THRUST,80000.017,29.3900155,0.0887215,-1052.968,0.00069,-55.673,2284.74844,2278.93161,-5.81683,0,0.0436,-0.01189,-0.04381,0.55631,0,-0.04381,0.55631,0,60.75185,0.5580335,0.00918546,87807.961,80000.096,-7807.961,-0.096,True,False,-0.00481
465.98,FINE,THRUST,80000.017,29.3909388,0.08866,-1052.238,0.00069,-55.63729,2284.74741,2278.93161,-5.8158,0,0.04358,-0.01188,-0.0438,0.55645,0,-0.0438,0.55645,0,60.75336,0.5581731,0.00918753,87805.665,80000.096,-7805.665,-0.096,True,False,0.00429
466.12,FINE,THRUST,80000.017,29.3918616,0.0885984,-1051.507,0.00069,-55.60157,2284.74639,2278.93161,-5.81478,0,0.04357,-0.01187,-0.04379,0.55659,0,-0.04379,0.55659,0,60.75488,0.5583126,0.00918959,87803.37,80000.096,-7803.37,-0.096,True,False,0.00406
466.26,FINE,THRUST,80000.017,29.3927839,0.0885368,-1050.775,0.00069,-55.56583,2284.74536,2278.93161,-5.81375,0,0.04356,-0.01186,-0.04378,0.55673,0,-0.04378,0.55673,0,60.75639,0.558452,0.00919166,87801.078,80000.096,-7801.078,-0.096,True,False,0.00428
466.4,FINE,THRUST,80000.017,29.3937057,0.0884751,-1050.044,0.00068,-55.53009,2284.74434,2278.93161,-5.81273,0,0.04355,-0.01185,-0.04376,0.55687,0,-0.04376,0.55687,0,60.7579,0.5585913,0.00919372,87798.787,80000.096,-7798.787,-0.096,True,False,0.00497
466.54,FINE,THRUST,80000.017,29.3946271,0.0884135,-1049.312,0.00067,-55.49434,2284.74332,2278.93161,-5.81171,0,0.04353,-0.01185,-0.04375,0.55702,0,-0.04375,0.55702,0,60.75941,0.5587305,0.00919578,87796.498,80000.096,-7796.498,-0.096,True,False,0.00603
466.68,FINE,THRUST,80000.017,29.395548,0.0883518,-1048.581,0.00066,-55.45858,2284.7423,2278.93161,-5.81069,0,0.04352,-0.01184,-0.04373,0.55716,0,-0.04373,0.55716,0,60.76093,0.5588695,0.00919784,87794.211,80000.096,-7794.211,-0.096,True,False,0.00731
466.82,FINE,THRUST,80000.017,29.3964684,0.0882902,-1047.849,0.00065,-55.42281,2284.74128,2278.93161,-5.80967,0,0.04351,-0.01183,-0.04372,0.5573,0,-0.04372,0.5573,0,60.76245,0.5590085,0.0091999,87791.926,80000.096,-7791.926,-0.096,True,False,0.00863
466.96,FINE,THRUST,80000.017,29.3973883,0.0882285,-1047.117,0.00064,-55.38703,2284.74026,2278.93161,-5.80865,0,0.04349,-0.01182,-0.04371,0.55744,0,-0.04371,0.55744,0,60.76396,0.5591474,0.00920196,87789.643,80000.096,-7789.643,-0.096,True,False,0.00985
467.1,FINE,THRUST,80000.017,29.3983077,0.0881668,-1046.384,0.00062,-55.35123,2284.73924,2278.93161,-5.80763,0,0.04348,-0.01181,-0.04369,0.55758,0,-0.04369,0.55758,0,60.76548,0.5592862,0.00920401,87787.362,80000.096,-7787.362,-0.096,True,False,0.01093
467.24,FINE,THRUST,80000.017,29.3992266,0.088105,-1045.652,0.0006,-55.31543,2284.73822,2278.93161,-5.80661,0,0.04347,-0.0118,-0.04367,0.55772,0,-0.04367,0.55772,0,60.76699,0.5594249,0.00920607,87785.084,80000.096,-7785.084,-0.096,True,False,0.01193
467.38,FINE,THRUST,80000.017,29.4001451,0.0880433,-1044.919,0.00058,-55.27962,2284.73721,2278.93161,-5.8056,0,0.04346,-0.0118,-0.04366,0.55786,0,-0.04366,0.55786,0,60.76851,0.5595635,0.00920812,87782.807,80000.096,-7782.807,-0.096,True,False,0.01282
467.52,FINE,THRUST,80000.017,29.4010631,0.0879815,-1044.186,0.00056,-55.24379,2284.7362,2278.93161,-5.80459,0,0.04344,-0.01179,-0.04364,0.558,0,-0.04364,0.558,0,60.77003,0.559702,0.00921017,87780.533,80000.096,-7780.533,-0.096,True,False,0.01362
467.66,FINE,THRUST,80000.017,29.4019805,0.0879198,-1043.453,0.00054,-55.20796,2284.73519,2278.93161,-5.80358,0,0.04343,-0.01178,-0.04363,0.55814,0,-0.04363,0.55814,0,60.77154,0.5598404,0.00921221,87778.261,80000.096,-7778.261,-0.096,True,False,0.01431
467.8,FINE,THRUST,80000.017,29.4028975,0.087858,-1042.719,0.00052,-55.17211,2284.73418,2278.93161,-5.80257,0,0.04342,-0.01177,-0.04361,0.55828,0,-0.04361,0.55828,0,60.77306,0.5599787,0.00921426,87775.992,80000.096,-7775.992,-0.096,True,False,0.01498
467.94,FINE,THRUST,80000.017,29.403814,0.0877962,-1041.986,0.0005,-55.13626,2284.73317,2278.93161,-5.80156,0,0.04341,-0.01176,-0.0436,0.55842,0,-0.0436,0.55842,0,60.77458,0.5601169,0.0092163,87773.725,80000.096,-7773.725,-0.096,True,False,0.01561
468.08,FINE,THRUST,80000.017,29.4047301,0.0877343,-1041.252,0.00048,-55.10039,2284.73216,2278.93161,-5.80055,0,0.04339,-0.01175,-0.04358,0.55856,0,-0.04358,0.55856,0,60.7761,0.5602549,0.00921834,87771.46,80000.096,-7771.46,-0.096,True,False,0.0162
468.22,FINE,THRUST,80000.017,29.4056456,0.0876725,-1040.518,0.00046,-55.06452,2284.73116,2278.93161,-5.79955,0,0.04338,-0.01175,-0.04357,0.5587,0,-0.04357,0.5587,0,60.77762,0.5603929,0.00922038,87769.198,80000.096,-7769.198,-0.096,True,False,0.01677
468.36,FINE,THRUST,80000.018,29.4065606,0.0876106,-1039.784,0.00044,-55.02863,2284.73016,2278.93161,-5.79855,0,0.04337,-0.01174,-0.04355,0.55884,0,-0.04355,0.55884,0,60.77914,0.5605308,0.00922242,87766.939,80000.096,-7766.939,-0.096,True,False,0.01738
468.5,FINE,THRUST,80000.018,29.4074752,0.0875488,-1039.05,0.00042,-54.99273,2284.72916,2278.93161,-5.79755,0,0.04336,-0.01173,-0.04354,0.55898,0,-0.04354,0.55898,0,60.78066,0.5606686,0.00922446,87764.682,80000.096,-7764.682,-0.096,True,False,0.01794
468.64,FINE,THRUST,80000.018,29.4083893,0.0874869,-1038.315,0.0004,-54.95682,2284.72816,2278.93161,-5.79655,0,0.04334,-0.01172,-0.04352,0.55911,0,-0.04352,0.55911,0,60.78218,0.5608062,0.00922649,87762.43,80000.096,-7762.43,-0.096,True,False,0.01841
468.78,FINE,THRUST,80000.018,29.4093028,0.087425,-1037.58,0.00039,-54.92091,2284.72717,2278.93161,-5.79556,0,0.04333,-0.01171,-0.04351,0.55925,0,-0.04351,0.55925,0,60.78369,0.5609438,0.00922852,87760.181,80000.096,-7760.181,-0.096,True,False,0.01877
468.92,FINE,THRUST,80000.018,29.4102159,0.087363,-1036.845,0.00037,-54.88498,2284.72617,2278.93161,-5.79456,0,0.04332,-0.0117,-0.04349,0.55939,0,-0.04349,0.55939,0,60.78522,0.5610813,0.00923055,87757.934,80000.096,-7757.934,-0.096,True,False,0.01903
469.06,FINE,THRUST,80000.018,29.4111285,0.0873011,-1036.11,0.00035,-54.84904,2284.72518,2278.93161,-5.79357,0,0.04331,-0.0117,-0.04348,0.55953,0,-0.04348,0.55953,0,60.78674,0.5612186,0.00923258,87755.689,80000.096,-7755.689,-0.096,True,False,0.01918
469.2,FINE,THRUST,80000.018,29.4120406,0.0872391,-1035.375,0.00034,-54.81309,2284.72419,2278.93161,-5.79258,0,0.04329,-0.01169,-0.04346,0.55967,0,-0.04346,0.55967,0,60.78826,0.5613559,0.00923461,87753.445,80000.096,-7753.445,-0.096,True,False,0.01923
469.34,FINE,THRUST,80000.018,29.4129522,0.0871772,-1034.639,0.00032,-54.77713,2284.7232,2278.93161,-5.79159,0,0.04328,-0.01168,-0.04345,0.55981,0,-0.04345,0.55981,0,60.78978,0.561493,0.00923663,87751.203,80000.096,-7751.203,-0.096,True,False,0.01915
469.48,FINE,THRUST,80000.018,29.4138633,0.0871152,-1033.904,0.0003,-54.74116,2284.72221,2278.93161,-5.7906,0,0.04327,-0.01167,-0.04343,0.55995,0,-0.04343,0.55995,0,60.7913,0.5616301,0.00923866,87748.962,80000.096,-7748.962,-0.096,True,False,0.01903
469.62,FINE,THRUST,80000.018,29.414774,0.0870532,-1033.168,0.00029,-54.70518,2284.72122,2278.93161,-5.78961,0,0.04326,-0.01166,-0.04342,0.56009,0,-0.04342,0.56009,0,60.79283,0.561767,0.00924068,87746.721,80000.096,-7746.721,-0.096,True,False,0.01882
469.76,FINE,THRUST,80000.018,29.4156841,0.0869911,-1032.432,0.00028,-54.66919,2284.72023,2278.93161,-5.78862,0,0.04324,-0.01165,-0.0434,0.56023,0,-0.0434,0.56023,0,60.79435,0.5619038,0.0092427,87744.482,80000.096,-7744.482,-0.096,True,False,0.01855
469.9,FINE,THRUST,80000.018,29.4165937,0.0869291,-1031.695,0.00027,-54.63319,2284.71924,2278.93161,-5.78764,0,0.04323,-0.01165,-0.04339,0.56036,0,-0.04339,0.56036,0,60.79588,0.5620406,0.00924472,87742.244,80000.096,-7742.244,-0.096,True,False,0.01819
470.04,FINE,THRUST,80000.018,29.4175028,0.086867,-1030.959,0.00025,-54.59718,2284.71826,2278.93161,-5.78665,0,0.04322,-0.01164,-0.04337,0.5605,0,-0.04337,0.5605,0,60.7974,0.5621772,0.00924673,87740.007,80000.096,-7740.007,-0.096,True,False,0.01777
470.18,FINE,THRUST,80000.018,29.4184115,0.086805,-1030.222,0.00024,-54.56115,2284.71727,2278.93161,-5.78566,0,0.04321,-0.01163,-0.04336,0.56064,0,-0.04336,0.56064,0,60.79893,0.5623137,0.00924874,87737.77,80000.096,-7737.77,-0.096,True,False,0.01731
470.32,FINE,THRUST,80000.018,29.4193196,0.0867429,-1029.485,0.00023,-54.52512,2284.71628,2278.93161,-5.78467,0,0.04319,-0.01162,-0.04335,0.56078,0,-0.04335,0.56078,0,60.80045,0.5624501,0.00925076,87735.535,80000.096,-7735.535,-0.096,True,False,0.01678
470.46,FINE,THRUST,80000.018,29.4202273,0.0866808,-1028.748,0.00023,-54.48908,2284.71529,2278.93161,-5.78369,0,0.04318,-0.01161,-0.04333,0.56092,0,-0.04333,0.56092,0,60.80198,0.5625864,0.00925276,87733.3,80000.096,-7733.3,-0.096,True,False,0.01621
470.6,FINE,THRUST,80000.018,29.4211344,0.0866186,-1028.011,0.00022,-54.45303,2284.71431,2278.93161,-5.7827,0,0.04317,-0.0116,-0.04332,0.56105,0,-0.04332,0.56105,0,60.8035,0.5627226,0.00925477,87731.066,80000.096,-7731.066,-0.096,True,False,0.01562
470.74,FINE,THRUST,80000.018,29.422041,0.0865565,-1027.273,0.00021,-54.41696,2284.71332,2278.93161,-5.78171,0,0.04316,-0.0116,-0.04331,0.56119,0,-0.04331,0.56119,0,60.80503,0.5628587,0.00925678,87728.832,80000.096,-7728.832,-0.096,True,False,0.01497
470.88,FINE,THRUST,80000.018,29.4229472,0.0864944,-1026.536,0.00021,-54.38089,2284.71234,2278.93161,-5.78073,0,0.04314,-0.01159,-0.04329,0.56133,0,-0.04329,0.56133,0,60.80656,0.5629947,0.00925878,87726.599,80000.096,-7726.599,-0.096,True,False,0.01432
471.02,FINE,THRUST,80000.018,29.4238528,0.0864322,-1025.798,0.00021,-54.3448,2284.71135,2278.93161,-5.77974,0,0.04313,-0.01158,-0.04328,0.56146,0,-0.04328,0.56146,0,60.80808,0.5631305,0.00926078,87724.367,80000.096,-7724.367,-0.096,True,False,0.01365
471.16,FINE,THRUST,80000.018,29.424758,0.08637,-1025.06,0.00021,-54.30871,2284.71036,2278.93161,-5.77876,0,0.04312,-0.01157,-0.04327,0.5616,0,-0.04327,0.5616,0,60.80961,0.5632663,0.00926278,87722.135,80000.096,-7722.135,-0.096,True,False,0.013
471.3,FINE,THRUST,80000.018,29.4256626,0.0863078,-1024.321,0.00021,-54.2726,2284.70938,2278.93161,-5.77777,0,0.04311,-0.01156,-0.04326,0.56174,0,-0.04326,0.56174,0,60.81114,0.563402,0.00926478,87719.904,80000.096,-7719.904,-0.096,True,False,0.01238
471.44,FINE,THRUST,80000.018,29.4265667,0.0862456,-1023.583,0.00021,-54.23649,2284.70839,2278.93161,-5.77679,0,0.0431,-0.01155,-0.04325,0.56188,0,-0.04325,0.56188,0,60.81267,0.5635375,0.00926678,87717.673,80000.096,-7717.673,-0.096,True,False,0.01182
471.68,FINE,THRUST,80000.007,29.4281155,0.0861388,-1022.316,0.00022,-54.17455,2284.70673,2278.93162,-5.7751,0,0.04307,-0.01154,-0.04318,0.56212,0,-0.04318,0.56212,0,60.81529,0.5637718,0.00927023,87713.853,80000.088,-7713.853,-0.088,True,False,0.01166
471.82,FINE,THRUST,80000.003,29.4290183,0.0860765,-1021.576,0.00022,-54.1384,2284.70576,2278.93163,-5.77413,0,0.04306,-0.01153,-0.04311,0.56226,0,-0.04311,0.56226,0,60.81682,0.5639086,0.00927225,87711.627,80000.08,-7711.627,-0.08,True,False,0.01287
471.96,FINE,THRUST,80000.003,29.4299205,0.0860142,-1020.837,0.00023,-54.10225,2284.70478,2278.93163,-5.77314,0,0.04305,-0.01152,-0.0431,0.56239,0,-0.0431,0.56239,0,60.81835,0.5640436,0.00927423,87709.397,80000.08,-7709.397,-0.08,True,False,0.01158
472.1,FINE,THRUST,80000.003,29.4308223,0.0859519,-1020.098,0.00024,-54.06608,2284.70379,2278.93163,-5.77216,0,0.04304,-0.01152,-0.04309,0.56253,0,-0.04309,0.56253,0,60.81988,0.5641786,0.00927622,87707.167,80000.08,-7707.167,-0.08,True,False,0.01036
472.24,FINE,THRUST,80000.003,29.4317236,0.0858896,-1019.358,0.00026,-54.02991,2284.7028,2278.93163,-5.77117,0,0.04302,-0.01151,-0.04308,0.56267,0,-0.04308,0.56267,0,60.82141,0.5643134,0.0092782,87704.937,80000.08,-7704.937,-0.08,True,False,0.00925
472.38,FINE,THRUST,80000.003,29.4326243,0.0858273,-1018.619,0.00027,-53.99372,2284.70182,2278.93163,-5.77018,0,0.04301,-0.0115,-0.04307,0.5628,0,-0.04307,0.5628,0,60.82294,0.5644482,0.00928019,87702.708,80000.08,-7702.708,-0.08,True,False,0.00837
472.52,FINE,THRUST,80000.003,29.4335246,0.0857649,-1017.879,0.00029,-53.95753,2284.70083,2278.93163,-5.7692,0,0.043,-0.01149,-0.04306,0.56294,0,-0.04306,0.56294,0,60.82447,0.5645828,0.00928216,87700.478,80000.08,-7700.478,-0.08,True,False,-0.00786
472.66,FINE,THRUST,80000.003,29.4344243,0.0857026,-1017.138,0.00031,-53.92132,2284.69984,2278.93163,-5.76821,0,0.04299,-0.01148,-0.04306,0.56307,0,-0.04306,0.56307,0,60.826,0.5647173,0.00928414,87698.248,80000.08,-7698.248,-0.08,True,False,-0.00773
472.8,FINE,THRUST,80000.003,29.4353235,0.0856402,-1016.398,0.00033,-53.8851,2284.69885,2278.93163,-5.76722,0,0.04298,-0.01147,-0.04305,0.56321,0,-0.04305,0.56321,0,60.82753,0.5648517,0.00928612,87696.018,80000.08,-7696.018,-0.08,True,False,-0.00789
472.94,FINE,THRUST,80000.003,29.4362223,0.0855778,-1015.658,0.00036,-53.84888,2284.69786,2278.93163,-5.76623,0,0.04296,-0.01147,-0.04304,0.56334,0,-0.04304,0.56334,0,60.82907,0.564986,0.00928809,87693.788,80000.08,-7693.788,-0.08,True,False,-0.0082
473.08,FINE,THRUST,80000.003,29.4371205,0.0855154,-1014.917,0.00039,-53.81264,2284.69687,2278.93163,-5.76524,0,0.04295,-0.01146,-0.04303,0.56348,0,-0.04303,0.56348,0,60.8306,0.5651202,0.00929006,87691.558,80000.08,-7691.558,-0.08,True,False,-0.00861
473.22,FINE,THRUST,80000.003,29.4380182,0.085453,-1014.176,0.00042,-53.77639,2284.69589,2278.93163,-5.76425,0,0.04294,-0.01145,-0.04302,0.56361,0,-0.04302,0.56361,0,60.83214,0.5652543,0.00929203,87689.327,80000.08,-7689.327,-0.08,True,False,-0.00899
473.36,FINE,THRUST,80000.003,29.4389154,0.0853905,-1013.435,0.00044,-53.74013,2284.69489,2278.93163,-5.76326,0,0.04293,-0.01144,-0.04302,0.56375,0,-0.04302,0.56375,0,60.83367,0.5653882,0.009294,87687.096,80000.08,-7687.096,-0.08,True,False,-0.00937
473.5,FINE,THRUST,80000.003,29.4398121,0.0853281,-1012.694,0.00047,-53.70387,2284.6939,2278.93163,-5.76227,0,0.04291,-0.01143,-0.04301,0.56388,0,-0.04301,0.56388,0,60.8352,0.5655221,0.00929597,87684.864,80000.08,-7684.864,-0.08,True,False,-0.00969
473.64,FINE,THRUST,80000.003,29.4407082,0.0852656,-1011.952,0.0005,-53.66759,2284.69291,2278.93163,-5.76128,0,0.0429,-0.01142,-0.043,0.56402,0,-0.043,0.56402,0,60.83674,0.5656559,0.00929793,87682.632,80000.08,-7682.632,-0.08,True,False,-0.00998
473.78,FINE,THRUST,80000.003,29.4416039,0.0852031,-1011.211,0.00053,-53.6313,2284.69192,2278.93163,-5.76029,0,0.04289,-0.01142,-0.04299,0.56415,0,-0.04299,0.56415,0,60.83828,0.5657896,0.00929989,87680.399,80000.08,-7680.399,-0.08,True,False,-0.01027
473.92,FINE,THRUST,80000.003,29.442499,0.0851406,-1010.469,0.00056,-53.595,2284.69092,2278.93163,-5.75929,0,0.04288,-0.01141,-0.04299,0.56429,0,-0.04299,0.56429,0,60.83981,0.5659231,0.00930186,87678.166,80000.08,-7678.166,-0.08,True,False,-0.01056
474.06,FINE,THRUST,80000.003,29.4433936,0.0850781,-1009.727,0.00058,-53.55869,2284.68993,2278.93163,-5.7583,0,0.04286,-0.0114,-0.04298,0.56442,0,-0.04298,0.56442,0,60.84134,0.5660566,0.00930381,87675.932,80000.08,-7675.932,-0.08,True,False,-0.01087
474.2,FINE,THRUST,80000.004,29.4442877,0.0850155,-1008.984,0.00061,-53.52237,2284.68893,2278.93163,-5.7573,0,0.04285,-0.01139,-0.04297,0.56456,0,-0.04297,0.56456,0,60.84288,0.5661899,0.00930577,87673.697,80000.08,-7673.697,-0.08,True,False,-0.01114
474.34,FINE,THRUST,80000.004,29.4451813,0.084953,-1008.242,0.00064,-53.48605,2284.68794,2278.93163,-5.75631,0,0.04284,-0.01138,-0.04296,0.56469,0,-0.04296,0.56469,0,60.84442,0.5663232,0.00930773,87671.462,80000.08,-7671.462,-0.08,True,False,-0.01141
474.48,FINE,THRUST,80000.004,29.4460744,0.0848904,-1007.499,0.00066,-53.44971,2284.68694,2278.93163,-5.75531,0,0.04283,-0.01137,-0.04296,0.56483,0,-0.04296,0.56483,0,60.84595,0.5664563,0.00930968,87669.225,80000.08,-7669.225,-0.08,True,False,-0.01165
474.62,FINE,THRUST,80000.004,29.4469669,0.0848278,-1006.757,0.00069,-53.41336,2284.68594,2278.93163,-5.75431,0,0.04281,-0.01136,-0.04295,0.56496,0,-0.04295,0.56496,0,60.84749,0.5665893,0.00931163,87666.986,80000.08,-7666.986,-0.08,True,False,-0.01184
474.76,FINE,THRUST,80000.004,29.4478589,0.0847652,-1006.014,0.00071,-53.377,2284.68494,2278.93163,-5.75331,0,0.0428,-0.01136,-0.04294,0.56509,0,-0.04294,0.56509,0,60.84903,0.5667223,0.00931358,87664.746,80000.08,-7664.746,-0.08,True,False,-0.01193
474.9,FINE,THRUST,80000.004,29.4487504,0.0847026,-1005.271,0.00073,-53.34063,2284.68394,2278.93163,-5.7523,0,0.04279,-0.01135,-0.04293,0.56523,0,-0.04293,0.56523,0,60.85057,0.5668551,0.00931553,87662.505,80000.08,-7662.505,-0.08,True,False,-0.01192
475.04,FINE,THRUST,80000.004,29.4496414,0.0846399,-1004.527,0.00075,-53.30425,2284.68293,2278.93163,-5.7513,0,0.04278,-0.01134,-0.04292,0.56536,0,-0.04292,0.56536,0,60.85211,0.5669878,0.00931747,87660.265,80000.08,-7660.265,-0.08,True,False,-0.01177
475.18,FINE,THRUST,80000.004,29.4505319,0.0845773,-1003.784,0.00078,-53.26787,2284.68193,2278.93163,-5.7503,0,0.04276,-0.01133,-0.04291,0.56549,0,-0.04291,0.56549,0,60.85364,0.5671205,0.00931942,87658.024,80000.08,-7658.024,-0.08,True,False,-0.01151
475.32,FINE,THRUST,80000.004,29.4514218,0.0845146,-1003.04,0.00079,-53.23147,2284.68093,2278.93163,-5.7493,0,0.04275,-0.01132,-0.0429,0.56563,0,-0.0429,0.56563,0,60.85518,0.567253,0.00932136,87655.784,80000.08,-7655.784,-0.08,True,False,-0.01114
475.46,FINE,THRUST,80000.004,29.4523112,0.0844519,-1002.296,0.00081,-53.19506,2284.67992,2278.93163,-5.74829,0,0.04274,-0.01131,-0.0429,0.56576,0,-0.0429,0.56576,0,60.85672,0.5673854,0.0093233,87653.546,80000.08,-7653.546,-0.08,True,False,-0.0107
475.6,FINE,THRUST,80000.004,29.4532001,0.0843893,-1001.552,0.00083,-53.15864,2284.67892,2278.93163,-5.74729,0,0.04273,-0.01131,-0.04289,0.56589,0,-0.04289,0.56589,0,60.85827,0.5675177,0.00932524,87651.309,80000.081,-7651.309,-0.081,True,False,-0.0102
475.74,FINE,THRUST,80000.004,29.4540885,0.0843265,-1000.807,0.00084,-53.12221,2284.67792,2278.93163,-5.74629,0,0.04271,-0.0113,-0.04288,0.56603,0,-0.04288,0.56603,0,60.85981,0.5676499,0.00932717,87649.073,80000.081,-7649.073,-0.081,True,False,-0.00966
475.88,FINE,THRUST,80000.004,29.4549763,0.0842638,-1000.063,0.00085,-53.08577,2284.67692,2278.93163,-5.74529,0,0.0427,-0.01129,-0.04287,0.56616,0,-0.04287,0.56616,0,60.86135,0.567782,0.00932911,87646.838,80000.081,-7646.838,-0.081,True,False,-0.00909
476.02,FINE,THRUST,80000.004,29.4558636,0.0842011,-999.318,0.00086,-53.04933,2284.67592,2278.93163,-5.74429,0,0.04269,-0.01128,-0.04286,0.56629,0,-0.04286,0.56629,0,60.86289,0.5679141,0.00933104,87644.603,80000.081,-7644.603,-0.081,True,False,-0.00855
476.16,FINE,THRUST,80000.005,29.4567504,0.0841383,-998.573,0.00087,-53.01287,2284.67492,2278.93163,-5.74329,0,0.04268,-0.01127,-0.04285,0.56643,0,-0.04285,0.56643,0,60.86443,0.5680459,0.00933297,87642.37,80000.081,-7642.37,-0.081,True,False,-0.00806
476.3,FINE,THRUST,80000.005,29.4576366,0.0840755,-997.828,0.00088,-52.9764,2284.67392,2278.93163,-5.74229,0,0.04266,-0.01126,-0.04283,0.56656,0,-0.04283,0.56656,0,60.86597,0.5681778,0.0093349,87640.139,80000.081,-7640.139,-0.081,True,False,-0.00774
476.44,FINE,THRUST,80000.005,29.4585224,0.0840127,-997.083,0.00088,-52.93992,2284.67293,2278.93163,-5.7413,0,0.04265,-0.01126,-0.04282,0.56669,0,-0.04282,0.56669,0,60.86752,0.5683095,0.00933683,87637.909,80000.081,-7637.909,-0.081,True,False,0.00762
476.58,FINE,THRUST,80000.005,29.4594076,0.0839499,-996.338,0.00089,-52.90344,2284.67193,2278.93163,-5.7403,0,0.04264,-0.01125,-0.04281,0.56683,0,-0.04281,0.56683,0,60.86906,0.5684411,0.00933875,87635.68,80000.081,-7635.68,-0.081,True,False,0.00783
476.72,FINE,THRUST,80000.005,29.4602922,0.0838871,-995.592,0.00089,-52.86694,2284.67093,2278.93163,-5.7393,0,0.04263,-0.01124,-0.0428,0.56696,0,-0.0428,0.56696,0,60.87061,0.5685726,0.00934068,87633.452,80000.081,-7633.452,-0.081,True,False,0.00835
476.86,FINE,THRUST,80000.005,29.4611764,0.0838242,-994.846,0.00088,-52.83043,2284.66994,2278.93163,-5.73831,0,0.04262,-0.01123,-0.04279,0.56709,0,-0.04279,0.56709,0,60.87215,0.568704,0.0093426,87631.226,80000.081,-7631.226,-0.081,True,False,0.0091
477,FINE,THRUST,80000.005,29.46206,0.0837614,-994.1,0.00088,-52.79392,2284.66894,2278.93163,-5.73731,0,0.0426,-0.01122,-0.04277,0.56722,0,-0.04277,0.56722,0,60.87369,0.5688353,0.00934452,87629.002,80000.081,-7629.002,-0.081,True,False,0.00994
477.14,FINE,THRUST,80000.005,29.4629431,0.0836985,-993.354,0.00087,-52.75739,2284.66795,2278.93163,-5.73632,0,0.04259,-0.01121,-0.04276,0.56736,0,-0.04276,0.56736,0,60.87524,0.5689665,0.00934644,87626.78,80000.081,-7626.78,-0.081,True,False,0.01077
477.28,FINE,THRUST,80000.005,29.4638256,0.0836356,-992.608,0.00086,-52.72085,2284.66696,2278.93163,-5.73533,0,0.04258,-0.0112,-0.04275,0.56749,0,-0.04275,0.56749,0,60.87678,0.5690976,0.00934835,87624.559,80000.081,-7624.559,-0.081,True,False,0.0115
477.42,FINE,THRUST,80000.005,29.4647076,0.0835727,-991.861,0.00084,-52.68431,2284.66597,2278.93163,-5.73434,0,0.04257,-0.0112,-0.04273,0.56762,0,-0.04273,0.56762,0,60.87833,0.5692286,0.00935027,87622.339,80000.081,-7622.339,-0.081,True,False,0.01213
477.56,FINE,THRUST,80000.005,29.4655891,0.0835098,-991.114,0.00083,-52.64775,2284.66498,2278.93163,-5.73335,0,0.04255,-0.01119,-0.04272,0.56775,0,-0.04272,0.56775,0,60.87987,0.5693595,0.00935218,87620.122,80000.081,-7620.122,-0.081,True,False,0.01265
477.7,FINE,THRUST,80000.005,29.46647,0.0834469,-990.367,0.00081,-52.61119,2284.66399,2278.93163,-5.73236,0,0.04254,-0.01118,-0.04271,0.56789,0,-0.04271,0.56789,0,60.88142,0.5694904,0.00935409,87617.906,80000.081,-7617.906,-0.081,True,False,0.01306
477.84,FINE,THRUST,80000.002,29.4673505,0.0833839,-989.62,0.0008,-52.57461,2284.663,2278.93163,-5.73137,0,0.04253,-0.01117,-0.04269,0.56802,0,-0.04269,0.56802,0,60.88297,0.5696211,0.009356,87615.693,80000.082,-7615.693,-0.082,True,False,0.0134
477.98,FINE,THRUST,79999.998,29.4682303,0.0833209,-988.872,0.00078,-52.53802,2284.66204,2278.93164,-5.7304,0,0.04252,-0.01116,-0.04263,0.56816,0,-0.04263,0.56816,0,60.88451,0.5697538,0.00935794,87613.485,80000.074,-7613.485,-0.074,True,False,0.01868
478.12,FINE,THRUST,79999.998,29.4691097,0.0832579,-988.125,0.00077,-52.50143,2284.66105,2278.93164,-5.72941,0,0.0425,-0.01115,-0.04261,0.56829,0,-0.04261,0.56829,0,60.88606,0.5698843,0.00935985,87611.275,80000.074,-7611.275,-0.074,True,False,0.0187
478.26,FINE,THRUST,79999.998,29.4699885,0.0831949,-987.377,0.00075,-52.46482,2284.66007,2278.93164,-5.72843,0,0.04249,-0.01115,-0.0426,0.56842,0,-0.0426,0.56842,0,60.88761,0.5700146,0.00936175,87609.068,80000.074,-7609.068,-0.074,True,False,0.01833
478.4,FINE,THRUST,79999.998,29.4708668,0.0831319,-986.629,0.00073,-52.42821,2284.65909,2278.93164,-5.72745,0,0.04248,-0.01114,-0.04258,0.56855,0,-0.04258,0.56855,0,60.88916,0.5701449,0.00936365,87606.863,80000.074,-7606.863,-0.074,True,False,0.0178
478.54,FINE,THRUST,79999.998,29.4717445,0.0830689,-985.881,0.00072,-52.39158,2284.65811,2278.93164,-5.72646,0,0.04247,-0.01113,-0.04257,0.56868,0,-0.04257,0.56868,0,60.89071,0.570275,0.00936555,87604.66,80000.074,-7604.66,-0.074,True,False,0.01718
478.68,FINE,THRUST,79999.998,29.4726217,0.0830058,-985.133,0.0007,-52.35494,2284.65713,2278.93164,-5.72549,0,0.04246,-0.01112,-0.04256,0.56882,0,-0.04256,0.56882,0,60.89226,0.5704051,0.00936745,87602.46,80000.074,-7602.46,-0.074,True,False,0.01645
478.82,FINE,THRUST,79999.998,29.4734984,0.0829427,-984.384,0.00069,-52.3183,2284.65615,2278.93164,-5.72451,0,0.04244,-0.01111,-0.04254,0.56895,0,-0.04254,0.56895,0,60.8938,0.570535,0.00936934,87600.261,80000.074,-7600.261,-0.074,True,False,0.01567
478.96,FINE,THRUST,79999.998,29.4743746,0.0828797,-983.636,0.00068,-52.28164,2284.65517,2278.93164,-5.72353,0,0.04243,-0.0111,-0.04253,0.56908,0,-0.04253,0.56908,0,60.89536,0.5706648,0.00937124,87598.066,80000.074,-7598.066,-0.074,True,False,0.01484
479.1,FINE,THRUST,79999.998,29.4752502,0.0828166,-982.887,0.00067,-52.24498,2284.6542,2278.93164,-5.72256,0,0.04242,-0.01109,-0.04252,0.56921,0,-0.04252,0.56921,0,60.8969,0.5707945,0.00937313,87595.872,80000.074,-7595.872,-0.074,True,False,0.01401
479.24,FINE,THRUST,79999.999,29.4761252,0.0827535,-982.138,0.00067,-52.2083,2284.65323,2278.93164,-5.72159,0,0.04241,-0.01109,-0.0425,0.56934,0,-0.0425,0.56934,0,60.89846,0.5709241,0.00937502,87593.682,80000.074,-7593.682,-0.074,True,False,0.01316
479.38,FINE,THRUST,79999.999,29.4769998,0.0826903,-981.389,0.00066,-52.17162,2284.65226,2278.93164,-5.72062,0,0.04239,-0.01108,-0.04249,0.56947,0,-0.04249,0.56947,0,60.9,0.5710536,0.00937691,87591.494,80000.074,-7591.494,-0.074,True,False,0.01234
479.52,FINE,THRUST,79999.999,29.4778737,0.0826272,-980.639,0.00066,-52.13492,2284.65129,2278.93164,-5.71965,0,0.04238,-0.01107,-0.04248,0.5696,0,-0.04248,0.5696,0,60.90156,0.571183,0.00937879,87589.308,80000.074,-7589.308,-0.074,True,False,0.01164
479.66,FINE,THRUST,79999.999,29.4787472,0.082564,-979.89,0.00066,-52.09822,2284.65032,2278.93164,-5.71868,0,0.04237,-0.01106,-0.04247,0.56973,0,-0.04247,0.56973,0,60.90311,0.5713123,0.00938068,87587.126,80000.074,-7587.126,-0.074,True,False,0.0111
479.8,FINE,THRUST,79999.999,29.4796201,0.0825009,-979.14,0.00066,-52.0615,2284.64936,2278.93164,-5.71772,0,0.04236,-0.01105,-0.04246,0.56986,0,-0.04246,0.56986,0,60.90466,0.5714415,0.00938256,87584.946,80000.074,-7584.946,-0.074,True,False,0.01082
479.94,FINE,THRUST,79999.999,29.4804925,0.0824377,-978.39,0.00066,-52.02478,2284.6484,2278.93164,-5.71676,0,0.04235,-0.01104,-0.04245,0.56999,0,-0.04245,0.56999,0,60.90622,0.5715706,0.00938444,87582.769,80000.074,-7582.769,-0.074,True,False,0.01079
480.08,FINE,THRUST,79999.999,29.4813643,0.0823745,-977.64,0.00066,-51.98804,2284.64744,2278.93164,-5.7158,0,0.04233,-0.01104,-0.04243,0.57012,0,-0.04243,0.57012,0,60.90777,0.5716995,0.00938632,87580.597,80000.074,-7580.597,-0.074,True,False,0.01099
480.22,FINE,THRUST,79999.999,29.4822356,0.0823113,-976.89,0.00067,-51.95129,2284.64648,2278.93164,-5.71484,0,0.04232,-0.01103,-0.04242,0.57025,0,-0.04242,0.57025,0,60.90932,0.5718284,0.00938819,87578.428,80000.074,-7578.428,-0.074,True,False,0.01143
480.36,FINE,THRUST,79999.999,29.4831064,0.082248,-976.139,0.00069,-51.91454,2284.64552,2278.93164,-5.71388,0,0.04231,-0.01102,-0.04242,0.57038,0,-0.04242,0.57038,0,60.91088,0.5719571,0.00939007,87576.262,80000.074,-7576.262,-0.074,True,False,-0.01206
480.5,FINE,THRUST,79999.999,29.4839766,0.0821848,-975.389,0.0007,-51.87777,2284.64457,2278.93164,-5.71293,0,0.0423,-0.01101,-0.04241,0.57051,0,-0.04241,0.57051,0,60.91243,0.5720858,0.00939194,87574.097,80000.074,-7574.097,-0.074,True,False,-0.01277
480.64,FINE,THRUST,80000,29.4848463,0.0821215,-974.638,0.00072,-51.841,2284.64362,2278.93164,-5.71198,0,0.04229,-0.011,-0.0424,0.57064,0,-0.0424,0.57064,0,60.91398,0.5722143,0.00939381,87571.934,80000.074,-7571.934,-0.074,True,False,-0.01345
480.78,FINE,THRUST,80000,29.4857154,0.0820582,-973.887,0.00074,-51.80421,2284.64266,2278.93164,-5.71103,0,0.04227,-0.01099,-0.04239,0.57077,0,-0.04239,0.57077,0,60.91554,0.5723427,0.00939568,87569.773,80000.074,-7569.773,-0.074,True,False,-0.01404
480.92,FINE,THRUST,80000,29.486584,0.0819949,-973.136,0.00076,-51.76742,2284.64171,2278.93164,-5.71007,0,0.04226,-0.01098,-0.04238,0.5709,0,-0.04238,0.5709,0,60.91709,0.572471,0.00939754,87567.613,80000.075,-7567.613,-0.075,True,False,-0.01457
481.06,FINE,THRUST,80000,29.487452,0.0819316,-972.384,0.00078,-51.73061,2284.64076,2278.93164,-5.70912,0,0.04225,-0.01098,-0.04237,0.57103,0,-0.04237,0.57103,0,60.91865,0.5725992,0.00939941,87565.454,80000.075,-7565.454,-0.075,True,False,-0.01501
481.2,FINE,THRUST,80000,29.4883195,0.0818683,-971.633,0.0008,-51.6938,2284.63981,2278.93164,-5.70817,0,0.04224,-0.01097,-0.04237,0.57116,0,-0.04237,0.57116,0,60.92021,0.5727273,0.00940127,87563.296,80000.075,-7563.296,-0.075,True,False,-0.01534
481.34,FINE,THRUST,80000,29.4891864,0.081805,-970.881,0.00082,-51.65697,2284.63886,2278.93164,-5.70722,0,0.04223,-0.01096,-0.04236,0.57129,0,-0.04236,0.57129,0,60.92177,0.5728553,0.00940313,87561.139,80000.075,-7561.139,-0.075,True,False,-0.01562
481.48,FINE,THRUST,80000,29.4900528,0.0817416,-970.129,0.00084,-51.62014,2284.63791,2278.93164,-5.70627,0,0.04221,-0.01095,-0.04235,0.57142,0,-0.04235,0.57142,0,60.92332,0.5729832,0.00940499,87558.983,80000.075,-7558.983,-0.075,True,False,-0.01585
481.62,FINE,THRUST,80000,29.4909186,0.0816782,-969.377,0.00086,-51.58329,2284.63696,2278.93164,-5.70533,0,0.0422,-0.01094,-0.04234,0.57154,0,-0.04234,0.57154,0,60.92488,0.573111,0.00940685,87556.828,80000.075,-7556.828,-0.075,True,False,-0.016
481.76,FINE,THRUST,80000,29.4917839,0.0816148,-968.624,0.00088,-51.54644,2284.63601,2278.93164,-5.70438,0,0.04219,-0.01093,-0.04233,0.57167,0,-0.04233,0.57167,0,60.92643,0.5732386,0.0094087,87554.674,80000.075,-7554.674,-0.075,True,False,-0.01605
481.9,FINE,THRUST,80000,29.4926487,0.0815514,-967.872,0.0009,-51.50958,2284.63507,2278.93164,-5.70343,0,0.04218,-0.01093,-0.04233,0.5718,0,-0.04233,0.5718,0,60.92799,0.5733662,0.00941055,87552.521,80000.075,-7552.521,-0.075,True,False,-0.01601
482.04,FINE,THRUST,80000.001,29.4935129,0.081488,-967.119,0.00092,-51.4727,2284.63412,2278.93164,-5.70248,0,0.04217,-0.01092,-0.04232,0.57193,0,-0.04232,0.57193,0,60.92955,0.5734936,0.00941241,87550.369,80000.075,-7550.369,-0.075,True,False,-0.01591
482.18,FINE,THRUST,80000.001,29.4943765,0.0814246,-966.366,0.00094,-51.43582,2284.63317,2278.93164,-5.70153,0,0.04215,-0.01091,-0.04231,0.57206,0,-0.04231,0.57206,0,60.93111,0.573621,0.00941426,87548.217,80000.075,-7548.217,-0.075,True,False,-0.01576
482.32,FINE,THRUST,80000.001,29.4952396,0.0813611,-965.613,0.00096,-51.39893,2284.63222,2278.93164,-5.70059,0,0.04214,-0.0109,-0.0423,0.57219,0,-0.0423,0.57219,0,60.93267,0.5737482,0.0094161,87546.067,80000.075,-7546.067,-0.075,True,False,-0.01555
482.46,FINE,THRUST,80000.001,29.4961021,0.0812977,-964.86,0.00098,-51.36202,2284.63128,2278.93164,-5.69964,0,0.04213,-0.01089,-0.04229,0.57231,0,-0.04229,0.57231,0,60.93423,0.5738754,0.00941795,87543.917,80000.075,-7543.917,-0.075,True,False,-0.01526
482.6,FINE,THRUST,80000.001,29.4969641,0.0812342,-964.107,0.001,-51.32511,2284.63033,2278.93164,-5.69869,0,0.04212,-0.01088,-0.04228,0.57244,0,-0.04228,0.57244,0,60.93579,0.5740024,0.00941979,87541.767,80000.075,-7541.767,-0.075,True,False,-0.01492
482.74,FINE,THRUST,80000.001,29.4978255,0.0811707,-963.353,0.00101,-51.28819,2284.62938,2278.93164,-5.69774,0,0.04211,-0.01087,-0.04228,0.57257,0,-0.04228,0.57257,0,60.93735,0.5741294,0.00942163,87539.619,80000.075,-7539.619,-0.075,True,False,-0.01451
482.88,FINE,THRUST,80000.001,29.4986863,0.0811072,-962.599,0.00103,-51.25126,2284.62843,2278.93164,-5.6968,0,0.04209,-0.01087,-0.04227,0.5727,0,-0.04227,0.5727,0,60.93891,0.5742562,0.00942347,87537.47,80000.075,-7537.47,-0.075,True,False,-0.01403
483.02,FINE,THRUST,80000.001,29.4995467,0.0810436,-961.845,0.00104,-51.21432,2284.62749,2278.93164,-5.69585,0,0.04208,-0.01086,-0.04226,0.57283,0,-0.04226,0.57283,0,60.94047,0.5743829,0.00942531,87535.323,80000.076,-7535.323,-0.076,True,False,-0.01349
483.16,FINE,THRUST,80000.001,29.5004064,0.0809801,-961.091,0.00106,-51.17737,2284.62654,2278.93164,-5.6949,0,0.04207,-0.01085,-0.04225,0.57295,0,-0.04225,0.57295,0,60.94203,0.5745095,0.00942715,87533.176,80000.076,-7533.176,-0.076,True,False,-0.01287
483.3,FINE,THRUST,80000.002,29.5012656,0.0809165,-960.337,0.00107,-51.14041,2284.62559,2278.93164,-5.69396,0,0.04206,-0.01084,-0.04224,0.57308,0,-0.04224,0.57308,0,60.9436,0.574636,0.00942898,87531.029,80000.076,-7531.029,-0.076,True,False,-0.0122
483.44,FINE,THRUST,80000.002,29.5021242,0.080853,-959.582,0.00108,-51.10344,2284.62465,2278.93164,-5.69301,0,0.04205,-0.01083,-0.04223,0.57321,0,-0.04223,0.57321,0,60.94516,0.5747624,0.00943081,87528.882,80000.076,-7528.882,-0.076,True,False,-0.01148
483.58,FINE,THRUST,80000.002,29.5029823,0.0807894,-958.828,0.00109,-51.06646,2284.6237,2278.93164,-5.69206,0,0.04204,-0.01082,-0.04222,0.57334,0,-0.04222,0.57334,0,60.94672,0.5748887,0.00943264,87526.736,80000.076,-7526.736,-0.076,True,False,-0.01067
483.72,FINE,THRUST,80000.001,29.5038398,0.0807258,-958.073,0.0011,-51.02947,2284.62275,2278.93164,-5.69112,0,0.04202,-0.01081,-0.04221,0.57346,0,-0.04221,0.57346,0,60.94828,0.5750149,0.00943447,87524.59,80000.076,-7524.59,-0.076,True,False,-0.00983
483.86,FINE,THRUST,79999.994,29.5046967,0.0806621,-957.317,0.00111,-50.99247,2284.62182,2278.93165,-5.69018,0,0.04201,-0.01081,-0.04216,0.5736,0,-0.04216,0.5736,0,60.94985,0.575143,0.00943633,87522.447,80000.07,-7522.447,-0.07,True,False,0.00804
484,FINE,THRUST,79999.994,29.5055531,0.0805985,-956.562,0.00111,-50.95546,2284.62088,2278.93165,-5.68923,0,0.042,-0.0108,-0.04214,0.57372,0,-0.04214,0.57372,0,60.95141,0.5752693,0.00943816,87520.302,80000.068,-7520.302,-0.068,True,False,0.00767
484.14,FINE,THRUST,79999.994,29.506409,0.0805348,-955.807,0.00112,-50.91845,2284.61993,2278.93165,-5.68828,0,0.04199,-0.01079,-0.04213,0.57385,0,-0.04213,0.57385,0,60.95297,0.5753951,0.00943998,87518.157,80000.068,-7518.157,-0.068,True,False,0.00737
484.28,FINE,THRUST,79999.994,29.5072642,0.0804712,-955.051,0.00112,-50.88142,2284.61898,2278.93165,-5.68733,0,0.04198,-0.01078,-0.04212,0.57398,0,-0.04212,0.57398,0,60.95454,0.5755209,0.0094418,87516.011,80000.069,-7516.011,-0.069,True,False,0.00728
484.42,FINE,THRUST,79999.995,29.5081189,0.0804075,-954.295,0.00112,-50.84438,2284.61803,2278.93165,-5.68638,0,0.04196,-0.01077,-0.04211,0.5741,0,-0.04211,0.5741,0,60.9561,0.5756465,0.00944362,87513.865,80000.069,-7513.865,-0.069,True,False,0.00742
484.56,FINE,THRUST,79999.995,29.5089731,0.0803438,-953.539,0.00112,-50.80734,2284.61708,2278.93165,-5.68543,0,0.04195,-0.01076,-0.0421,0.57423,0,-0.0421,0.57423,0,60.95767,0.575772,0.00944544,87511.72,80000.069,-7511.72,-0.069,True,False,0.00786
484.7,FINE,THRUST,79999.995,29.5098267,0.0802801,-952.783,0.00112,-50.77028,2284.61613,2278.93165,-5.68448,0,0.04194,-0.01075,-0.04209,0.57436,0,-0.04209,0.57436,0,60.95924,0.5758974,0.00944725,87509.574,80000.069,-7509.574,-0.069,True,False,0.00857
484.84,FINE,THRUST,79999.995,29.5106797,0.0802164,-952.027,0.00112,-50.73322,2284.61518,2278.93165,-5.68353,0,0.04193,-0.01075,-0.04207,0.57448,0,-0.04207,0.57448,0,60.9608,0.5760227,0.00944907,87507.428,80000.069,-7507.428,-0.069,True,False,0.00941
484.98,FINE,THRUST,79999.995,29.5115321,0.0801526,-951.27,0.00111,-50.69614,2284.61423,2278.93165,-5.68258,0,0.04192,-0.01074,-0.04206,0.57461,0,-0.04206,0.57461,0,60.96237,0.576148,0.00945088,87505.281,80000.069,-7505.281,-0.069,True,False,0.01024
485.12,FINE,THRUST,79999.995,29.512384,0.0800889,-950.514,0.0011,-50.65906,2284.61328,2278.93165,-5.68163,0,0.0419,-0.01073,-0.04205,0.57474,0,-0.04205,0.57474,0,60.96394,0.5762731,0.00945269,87503.134,80000.069,-7503.134,-0.069,True,False,0.01104
485.26,FINE,THRUST,79999.995,29.5132353,0.0800251,-949.757,0.00109,-50.62197,2284.61232,2278.93165,-5.68068,0,0.04189,-0.01072,-0.04204,0.57486,0,-0.04204,0.57486,0,60.9655,0.5763981,0.0094545,87500.987,80000.069,-7500.987,-0.069,True,False,0.01181
485.4,FINE,THRUST,79999.995,29.5140861,0.0799613,-949,0.00108,-50.58486,2284.61137,2278.93165,-5.67972,0,0.04188,-0.01071,-0.04202,0.57499,0,-0.04202,0.57499,0,60.96707,0.576523,0.0094563,87498.84,80000.069,-7498.84,-0.069,True,False,0.0125
485.54,FINE,THRUST,79999.996,29.5149363,0.0798975,-948.243,0.00106,-50.54775,2284.61042,2278.93165,-5.67877,0,0.04187,-0.0107,-0.04201,0.57512,0,-0.04201,0.57512,0,60.96864,0.5766478,0.00945811,87496.692,80000.069,-7496.692,-0.069,True,False,0.01316
485.68,FINE,THRUST,79999.996,29.5157859,0.0798337,-947.485,0.00105,-50.51063,2284.60946,2278.93165,-5.67781,0,0.04186,-0.01069,-0.042,0.57524,0,-0.042,0.57524,0,60.97021,0.5767725,0.00945991,87494.543,80000.07,-7494.543,-0.07,True,False,0.01376
485.82,FINE,THRUST,79999.996,29.5166349,0.0797699,-946.728,0.00104,-50.4735,2284.6085,2278.93165,-5.67686,0,0.04184,-0.01069,-0.04198,0.57537,0,-0.04198,0.57537,0,60.97177,0.5768971,0.00946171,87492.394,80000.07,-7492.394,-0.07,True,False,0.01438
485.96,FINE,THRUST,79999.996,29.5174834,0.079706,-945.97,0.00102,-50.43636,2284.60755,2278.93165,-5.6759,0,0.04183,-0.01068,-0.04197,0.57549,0,-0.04197,0.57549,0,60.97334,0.5770216,0.00946351,87490.243,80000.07,-7490.243,-0.07,True,False,0.01497
486.1,FINE,THRUST,79999.996,29.5183313,0.0796421,-945.212,0.00101,-50.39921,2284.60659,2278.93165,-5.67494,0,0.04182,-0.01067,-0.04196,0.57562,0,-0.04196,0.57562,0,60.97492,0.577146,0.0094653,87488.091,80000.07,-7488.091,-0.07,True,False,0.01546
486.24,FINE,THRUST,79999.996,29.5191786,0.0795783,-944.454,0.001,-50.36205,2284.60563,2278.93164,-5.67398,0,0.04181,-0.01066,-0.04194,0.57574,0,-0.04194,0.57574,0,60.97648,0.5772702,0.0094671,87485.938,80000.07,-7485.938,-0.07,True,False,0.01591
486.38,FINE,THRUST,79999.996,29.5200254,0.0795144,-943.696,0.00098,-50.32488,2284.60466,2278.93164,-5.67302,0,0.0418,-0.01065,-0.04193,0.57587,0,-0.04193,0.57587,0,60.97805,0.5773944,0.00946889,87483.784,80000.07,-7483.784,-0.07,True,False,0.01621
486.52,FINE,THRUST,79999.996,29.5208716,0.0794505,-942.937,0.00097,-50.2877,2284.6037,2278.93164,-5.67206,0,0.04178,-0.01064,-0.04192,0.576,0,-0.04192,0.576,0,60.97963,0.5775185,0.00947068,87481.63,80000.07,-7481.63,-0.07,True,False,0.01644
486.66,FINE,THRUST,79999.996,29.5217172,0.0793866,-942.179,0.00096,-50.25051,2284.60274,2278.93164,-5.6711,0,0.04177,-0.01063,-0.0419,0.57612,0,-0.0419,0.57612,0,60.98119,0.5776424,0.00947247,87479.477,80000.07,-7479.477,-0.07,True,False,0.01659
486.8,FINE,THRUST,79999.997,29.5225623,0.0793226,-941.42,0.00094,-50.21332,2284.60178,2278.93164,-5.67013,0,0.04176,-0.01063,-0.04189,0.57625,0,-0.04189,0.57625,0,60.98277,0.5777663,0.00947425,87477.324,80000.07,-7477.324,-0.07,True,False,0.01665
486.94,FINE,THRUST,79999.997,29.5234068,0.0792587,-940.661,0.00093,-50.17611,2284.60082,2278.93164,-5.66917,0,0.04175,-0.01062,-0.04188,0.57637,0,-0.04188,0.57637,0,60.98434,0.57789,0.00947604,87475.173,80000.07,-7475.173,-0.07,True,False,0.01664
487.08,FINE,THRUST,79999.997,29.5242507,0.0791947,-939.902,0.00092,-50.13889,2284.59986,2278.93164,-5.66821,0,0.04174,-0.01061,-0.04186,0.5765,0,-0.04186,0.5765,0,60.98591,0.5780137,0.00947782,87473.022,80000.07,-7473.022,-0.07,True,False,0.01655
487.22,FINE,THRUST,79999.997,29.525094,0.0791307,-939.142,0.00091,-50.10167,2284.5989,2278.93164,-5.66725,0,0.04172,-0.0106,-0.04185,0.57662,0,-0.04185,0.57662,0,60.98748,0.5781372,0.0094796,87470.873,80000.07,-7470.873,-0.07,True,False,0.01639
487.36,FINE,THRUST,79999.997,29.5259368,0.0790667,-938.383,0.0009,-50.06443,2284.59794,2278.93164,-5.66629,0,0.04171,-0.01059,-0.04184,0.57675,0,-0.04184,0.57675,0,60.98906,0.5782606,0.00948138,87468.724,80000.07,-7468.724,-0.07,True,False,0.01617
487.5,FINE,THRUST,79999.997,29.526779,0.0790027,-937.623,0.00088,-50.02719,2284.59698,2278.93164,-5.66533,0,0.0417,-0.01058,-0.04182,0.57687,0,-0.04182,0.57687,0,60.99063,0.5783839,0.00948316,87466.577,80000.071,-7466.577,-0.071,True,False,0.01588
487.64,FINE,THRUST,79999.997,29.5276206,0.0789387,-936.863,0.00087,-49.98993,2284.59602,2278.93164,-5.66438,0,0.04169,-0.01057,-0.04181,0.57699,0,-0.04181,0.57699,0,60.99221,0.5785071,0.00948494,87464.432,80000.071,-7464.432,-0.071,True,False,0.01552
487.78,FINE,THRUST,79999.997,29.5284616,0.0788746,-936.103,0.00086,-49.95267,2284.59506,2278.93164,-5.66342,0,0.04168,-0.01057,-0.0418,0.57712,0,-0.0418,0.57712,0,60.99378,0.5786302,0.00948671,87462.288,80000.071,-7462.288,-0.071,True,False,0.01513
487.92,FINE,THRUST,79999.997,29.5293021,0.0788106,-935.343,0.00085,-49.9154,2284.5941,2278.93164,-5.66246,0,0.04167,-0.01056,-0.04179,0.57724,0,-0.04179,0.57724,0,60.99535,0.5787532,0.00948848,87460.145,80000.071,-7460.145,-0.071,True,False,0.01465
488.06,FINE,THRUST,79999.998,29.530142,0.0787465,-934.582,0.00085,-49.87811,2284.59315,2278.93164,-5.66151,0,0.04165,-0.01055,-0.04177,0.57737,0,-0.04177,0.57737,0,60.99693,0.5788761,0.00949025,87458.004,80000.071,-7458.004,-0.071,True,False,0.01411
488.2,FINE,THRUST,79999.998,29.5309813,0.0786824,-933.822,0.00084,-49.84082,2284.59219,2278.93164,-5.66055,0,0.04164,-0.01054,-0.04176,0.57749,0,-0.04176,0.57749,0,60.9985,0.5789989,0.00949202,87455.864,80000.071,-7455.864,-0.071,True,False,0.01352
488.34,FINE,THRUST,79999.998,29.53182,0.0786183,-933.061,0.00083,-49.80352,2284.59124,2278.93164,-5.6596,0,0.04163,-0.01053,-0.04175,0.57761,0,-0.04175,0.57761,0,61.00008,0.5791216,0.00949378,87453.725,80000.071,-7453.725,-0.071,True,False,0.01285
488.48,FINE,THRUST,79999.998,29.5326582,0.0785542,-932.3,0.00082,-49.76621,2284.59029,2278.93164,-5.65864,0,0.04162,-0.01052,-0.04174,0.57774,0,-0.04174,0.57774,0,61.00165,0.5792441,0.00949555,87451.589,80000.071,-7451.589,-0.071,True,False,0.01213
488.62,FINE,THRUST,79999.998,29.5334957,0.0784901,-931.539,0.00082,-49.72889,2284.58933,2278.93164,-5.65769,0,0.04161,-0.01051,-0.04172,0.57786,0,-0.04172,0.57786,0,61.00323,0.5793666,0.00949731,87449.454,80000.071,-7449.454,-0.071,True,False,0.01135
488.76,FINE,THRUST,79999.998,29.5343327,0.0784259,-930.778,0.00082,-49.69156,2284.58838,2278.93164,-5.65674,0,0.04159,-0.01051,-0.04171,0.57799,0,-0.04171,0.57799,0,61.00481,0.5794889,0.00949907,87447.32,80000.071,-7447.32,-0.071,True,False,0.01049
488.9,FINE,THRUST,79999.998,29.5351692,0.0783618,-930.016,0.00081,-49.65422,2284.58743,2278.93164,-5.65579,0,0.04158,-0.0105,-0.0417,0.57811,0,-0.0417,0.57811,0,61.00638,0.5796112,0.00950083,87445.189,80000.071,-7445.189,-0.071,True,False,0.00958
489.04,FINE,THRUST,79999.998,29.536005,0.0782976,-929.255,0.00081,-49.61687,2284.58648,2278.93164,-5.65484,0,0.04157,-0.01049,-0.04169,0.57823,0,-0.04169,0.57823,0,61.00796,0.5797333,0.00950258,87443.059,80000.071,-7443.059,-0.071,True,False,0.0086
489.18,FINE,THRUST,79999.998,29.5368403,0.0782334,-928.493,0.00081,-49.57951,2284.58553,2278.93164,-5.65389,0,0.04156,-0.01048,-0.04168,0.57836,0,-0.04168,0.57836,0,61.00954,0.5798553,0.00950434,87440.931,80000.071,-7440.931,-0.071,True,False,0.00754
489.32,FINE,THRUST,79999.999,29.5376749,0.0781692,-927.731,0.00081,-49.54214,2284.58459,2278.93164,-5.65295,0,0.04155,-0.01047,-0.04167,0.57848,0,-0.04167,0.57848,0,61.01112,0.5799772,0.00950609,87438.805,80000.071,-7438.805,-0.071,True,False,0.00643
489.46,FINE,THRUST,79999.999,29.538509,0.078105,-926.969,0.00081,-49.50476,2284.58364,2278.93164,-5.652,0,0.04153,-0.01046,-0.04166,0.5786,0,-0.04166,0.5786,0,61.0127,0.5800991,0.00950784,87436.681,80000.071,-7436.681,-0.071,True,False,0.00526
489.6,FINE,THRUST,79999.999,29.5393425,0.0780408,-926.206,0.00082,-49.46738,2284.5827,2278.93164,-5.65106,0,0.04152,-0.01045,-0.04165,0.57872,0,-0.04165,0.57872,0,61.01428,0.5802207,0.00950959,87434.56,80000.071,-7434.56,-0.071,True,False,0.00405
489.74,FINE,THRUST,79999.999,29.5401755,0.0779765,-925.444,0.00082,-49.42998,2284.58175,2278.93164,-5.65011,0,0.04151,-0.01045,-0.04163,0.57885,0,-0.04163,0.57885,0,61.01585,0.5803423,0.00951134,87432.44,80000.071,-7432.44,-0.071,True,False,0.00283
489.88,FINE,THRUST,79999.999,29.5410078,0.0779123,-924.681,0.00083,-49.39257,2284.58081,2278.93164,-5.64917,0,0.0415,-0.01044,-0.04162,0.57897,0,-0.04162,0.57897,0,61.01743,0.5804638,0.00951308,87430.322,80000.072,-7430.322,-0.072,True,False,0.00177
490.02,FINE,THRUST,79999.999,29.5418396,0.077848,-923.918,0.00083,-49.35516,2284.57987,2278.93164,-5.64823,0,0.04149,-0.01043,-0.04161,0.57909,0,-0.04161,0.57909,0,61.01901,0.5805852,0.00951482,87428.207,80000.072,-7428.207,-0.072,True,False,-0.00156
490.16,FINE,THRUST,79999.999,29.5426707,0.0777837,-923.155,0.00084,-49.31773,2284.57893,2278.93164,-5.64729,0,0.04148,-0.01042,-0.04161,0.57921,0,-0.04161,0.57921,0,61.0206,0.5807064,0.00951656,87426.094,80000.072,-7426.094,-0.072,True,False,-0.00254
490.3,FINE,THRUST,79999.999,29.5435013,0.0777194,-922.392,0.00085,-49.2803,2284.578,2278.93164,-5.64636,0,0.04146,-0.01041,-0.0416,0.57934,0,-0.0416,0.57934,0,61.02218,0.5808276,0.0095183,87423.984,80000.072,-7423.984,-0.072,True,False,-0.00388
490.44,FINE,THRUST,79999.999,29.5443313,0.0776551,-921.629,0.00087,-49.24285,2284.57706,2278.93164,-5.64542,0,0.04145,-0.0104,-0.04159,0.57946,0,-0.04159,0.57946,0,61.02376,0.5809486,0.00952004,87421.875,80000.072,-7421.875,-0.072,True,False,-0.0052
490.58,FINE,THRUST,80000,29.5451608,0.0775907,-920.865,0.00089,-49.2054,2284.57613,2278.93164,-5.64449,0,0.04144,-0.01039,-0.04158,0.57958,0,-0.04158,0.57958,0,61.02534,0.5810696,0.00952178,87419.77,80000.072,-7419.77,-0.072,True,False,-0.00644
490.72,FINE,THRUST,80000,29.5459896,0.0775264,-920.101,0.0009,-49.16794,2284.57519,2278.93164,-5.64355,0,0.04143,-0.01039,-0.04157,0.5797,0,-0.04157,0.5797,0,61.02692,0.5811904,0.00952351,87417.667,80000.072,-7417.667,-0.072,True,False,-0.00756
490.86,FINE,THRUST,80000,29.5468178,0.077462,-919.338,0.00092,-49.13047,2284.57426,2278.93164,-5.64262,0,0.04142,-0.01038,-0.04156,0.57982,0,-0.04156,0.57982,0,61.0285,0.5813111,0.00952524,87415.566,80000.072,-7415.566,-0.072,True,False,-0.00859
491,FINE,THRUST,80000,29.5476455,0.0773976,-918.573,0.00094,-49.09299,2284.57333,2278.93164,-5.6417,0,0.04141,-0.01037,-0.04156,0.57994,0,-0.04156,0.57994,0,61.03008,0.5814317,0.00952697,87413.468,80000.072,-7413.468,-0.072,True,False,-0.00955
491.14,FINE,THRUST,80000,29.5484726,0.0773332,-917.809,0.00096,-49.0555,2284.57241,2278.93164,-5.64077,0,0.04139,-0.01036,-0.04155,0.58007,0,-0.04155,0.58007,0,61.03167,0.5815522,0.0095287,87411.373,80000.072,-7411.373,-0.072,True,False,-0.01045
491.28,FINE,THRUST,80000,29.549299,0.0772688,-917.045,0.00098,-49.018,2284.57148,2278.93164,-5.63984,0,0.04138,-0.01035,-0.04154,0.58019,0,-0.04154,0.58019,0,61.03325,0.5816725,0.00953042,87409.281,80000.072,-7409.281,-0.072,True,False,-0.01131
491.42,FINE,THRUST,80000,29.5501249,0.0772044,-916.28,0.001,-48.98049,2284.57056,2278.93164,-5.63892,0,0.04137,-0.01034,-0.04153,0.58031,0,-0.04153,0.58031,0,61.03484,0.5817928,0.00953214,87407.191,80000.072,-7407.191,-0.072,True,False,-0.01213
491.56,FINE,THRUST,80000,29.5509502,0.07714,-915.515,0.00102,-48.94297,2284.56964,2278.93164,-5.638,0,0.04136,-0.01033,-0.04152,0.58043,0,-0.04152,0.58043,0,61.03642,0.581913,0.00953387,87405.104,80000.072,-7405.104,-0.072,True,False,-0.01293
491.7,FINE,THRUST,80000,29.5517749,0.0770755,-914.75,0.00103,-48.90544,2284.56872,2278.93164,-5.63708,0,0.04135,-0.01033,-0.04152,0.58055,0,-0.04152,0.58055,0,61.03801,0.5820331,0.00953558,87403.021,80000.072,-7403.021,-0.072,True,False,-0.01371
491.84,FINE,THRUST,80000.001,29.552599,0.077011,-913.985,0.00105,-48.8679,2284.5678,2278.93164,-5.63616,0,0.04134,-0.01032,-0.04151,0.58067,0,-0.04151,0.58067,0,61.03959,0.582153,0.0095373,87400.941,80000.073,-7400.941,-0.073,True,False,-0.01441
491.98,FINE,THRUST,80000.001,29.5534226,0.0769465,-913.22,0.00107,-48.83036,2284.56689,2278.93164,-5.63525,0,0.04132,-0.01031,-0.0415,0.58079,0,-0.0415,0.58079,0,61.04118,0.5822729,0.00953902,87398.865,80000.073,-7398.865,-0.073,True,False,-0.01501
492.12,FINE,THRUST,80000.001,29.5542455,0.0768821,-912.455,0.00108,-48.7928,2284.56598,2278.93164,-5.63434,0,0.04131,-0.0103,-0.04149,0.58091,0,-0.04149,0.58091,0,61.04276,0.5823926,0.00954073,87396.792,80000.073,-7396.792,-0.073,True,False,-0.01547
492.26,FINE,THRUST,80000.001,29.5550678,0.0768175,-911.689,0.0011,-48.75524,2284.56507,2278.93164,-5.63343,0,0.0413,-0.01029,-0.04148,0.58103,0,-0.04148,0.58103,0,61.04435,0.5825122,0.00954244,87394.722,80000.073,-7394.722,-0.073,True,False,-0.0158
492.4,FINE,THRUST,80000.001,29.5558895,0.076753,-910.923,0.00111,-48.71767,2284.56416,2278.93164,-5.63252,0,0.04129,-0.01028,-0.04148,0.58115,0,-0.04148,0.58115,0,61.04593,0.5826318,0.00954415,87392.654,80000.073,-7392.654,-0.073,True,False,-0.01603
492.54,FINE,THRUST,80000.001,29.5567107,0.0766885,-910.157,0.00113,-48.68008,2284.56325,2278.93164,-5.63161,0,0.04128,-0.01027,-0.04147,0.58127,0,-0.04147,0.58127,0,61.04752,0.5827512,0.00954586,87390.587,80000.073,-7390.587,-0.073,True,False,-0.01613
492.68,FINE,THRUST,80000.001,29.5575312,0.0766239,-909.391,0.00114,-48.64249,2284.56234,2278.93164,-5.63071,0,0.04127,-0.01026,-0.04146,0.58139,0,-0.04146,0.58139,0,61.04911,0.5828705,0.00954757,87388.522,80000.073,-7388.522,-0.073,True,False,-0.01616
492.82,FINE,THRUST,80000.001,29.5583512,0.0765594,-908.625,0.00116,-48.60489,2284.56144,2278.93164,-5.6298,0,0.04126,-0.01026,-0.04145,0.58151,0,-0.04145,0.58151,0,61.05069,0.5829897,0.00954927,87386.458,80000.073,-7386.458,-0.073,True,False,-0.01612
492.96,FINE,THRUST,80000.002,29.5591705,0.0764948,-907.858,0.00117,-48.56728,2284.56053,2278.93164,-5.6289,0,0.04124,-0.01025,-0.04144,0.58163,0,-0.04144,0.58163,0,61.05228,0.5831088,0.00955097,87384.395,80000.073,-7384.395,-0.073,True,False,-0.01598
493.1,FINE,THRUST,80000.002,29.5599892,0.0764302,-907.092,0.00118,-48.52966,2284.55963,2278.93164,-5.62799,0,0.04123,-0.01024,-0.04143,0.58175,0,-0.04143,0.58175,0,61.05387,0.5832278,0.00955268,87382.334,80000.073,-7382.334,-0.073,True,False,-0.01573
493.24,FINE,THRUST,80000.002,29.5608074,0.0763656,-906.325,0.00119,-48.49204,2284.55872,2278.93164,-5.62709,0,0.04122,-0.01023,-0.04142,0.58187,0,-0.04142,0.58187,0,61.05546,0.5833467,0.00955437,87380.274,80000.074,-7380.274,-0.074,True,False,-0.01545
493.38,FINE,THRUST,80000.002,29.5616249,0.0763009,-905.558,0.0012,-48.4544,2284.55782,2278.93164,-5.62618,0,0.04121,-0.01022,-0.04141,0.58199,0,-0.04141,0.58199,0,61.05705,0.5834655,0.00955607,87378.215,80000.074,-7378.215,-0.074,True,False,-0.01512
493.52,FINE,THRUST,80000.002,29.5624419,0.0762363,-904.79,0.0012,-48.41675,2284.55691,2278.93163,-5.62528,0,0.0412,-0.01021,-0.0414,0.58211,0,-0.0414,0.58211,0,61.05864,0.5835841,0.00955777,87376.156,80000.074,-7376.156,-0.074,True,False,-0.01472
493.66,FINE,THRUST,80000.002,29.5632582,0.0761716,-904.023,0.00121,-48.3791,2284.55601,2278.93163,-5.62438,0,0.04119,-0.0102,-0.04139,0.58223,0,-0.04139,0.58223,0,61.06023,0.5837027,0.00955946,87374.099,80000.074,-7374.099,-0.074,True,False,-0.0143
493.8,FINE,THRUST,80000.002,29.564074,0.076107,-903.256,0.00122,-48.34143,2284.55511,2278.93163,-5.62347,0,0.04118,-0.0102,-0.04139,0.58235,0,-0.04139,0.58235,0,61.06181,0.5838212,0.00956115,87372.043,80000.074,-7372.043,-0.074,True,False,-0.01386
493.94,FINE,THRUST,80000.002,29.5648891,0.0760423,-902.488,0.00122,-48.30376,2284.5542,2278.93163,-5.62257,0,0.04116,-0.01019,-0.04138,0.58247,0,-0.04138,0.58247,0,61.0634,0.5839395,0.00956284,87369.987,80000.074,-7369.987,-0.074,True,False,-0.01342
494.08,FINE,THRUST,80000.003,29.5657036,0.0759776,-901.72,0.00122,-48.26608,2284.5533,2278.93163,-5.62167,0,0.04115,-0.01018,-0.04137,0.58259,0,-0.04137,0.58259,0,61.065,0.5840578,0.00956453,87367.933,80000.074,-7367.933,-0.074,True,False,-0.01295
494.22,FINE,THRUST,80000.003,29.5665176,0.0759129,-900.952,0.00122,-48.22839,2284.5524,2278.93163,-5.62077,0,0.04114,-0.01017,-0.04135,0.58271,0,-0.04135,0.58271,0,61.06659,0.5841759,0.00956621,87365.879,80000.074,-7365.879,-0.074,True,False,-0.01251
494.36,FINE,THRUST,80000.003,29.5673309,0.0758481,-900.184,0.00122,-48.19069,2284.5515,2278.93163,-5.61986,0,0.04113,-0.01016,-0.04134,0.58283,0,-0.04134,0.58283,0,61.06818,0.584294,0.0095679,87363.826,80000.074,-7363.826,-0.074,True,False,-0.01208
494.5,FINE,THRUST,80000.003,29.5681436,0.0757834,-899.415,0.00122,-48.15298,2284.55059,2278.93163,-5.61896,0,0.04112,-0.01015,-0.04133,0.58295,0,-0.04133,0.58295,0,61.06977,0.5844119,0.00956958,87361.773,80000.075,-7361.773,-0.075,True,False,0.01172
494.64,FINE,THRUST,80000.003,29.5689557,0.0757186,-898.647,0.00122,-48.11526,2284.54969,2278.93163,-5.61806,0,0.04111,-0.01014,-0.04132,0.58307,0,-0.04132,0.58307,0,61.07136,0.5845297,0.00957126,87359.721,80000.075,-7359.721,-0.075,True,False,0.01148
494.78,FINE,THRUST,80000.003,29.5697672,0.0756539,-897.878,0.00121,-48.07753,2284.54879,2278.93163,-5.61716,0,0.0411,-0.01013,-0.04131,0.58319,0,-0.04131,0.58319,0,61.07296,0.5846474,0.00957293,87357.67,80000.075,-7357.67,-0.075,True,False,0.01135
494.92,FINE,THRUST,80000.003,29.5705781,0.0755891,-897.109,0.0012,-48.03979,2284.54789,2278.93163,-5.61626,0,0.04108,-0.01013,-0.0413,0.5833,0,-0.0413,0.5833,0,61.07455,0.584765,0.00957461,87355.619,80000.075,-7355.619,-0.075,True,False,0.01139
495.06,FINE,THRUST,80000.003,29.5713884,0.0755243,-896.34,0.00119,-48.00205,2284.54699,2278.93163,-5.61535,0,0.04107,-0.01012,-0.04129,0.58342,0,-0.04129,0.58342,0,61.07614,0.5848825,0.00957629,87353.569,80000.075,-7353.569,-0.075,True,False,0.01163
495.2,FINE,THRUST,80000.004,29.5721981,0.0754595,-895.571,0.00118,-47.9643,2284.54608,2278.93163,-5.61445,0,0.04106,-0.01011,-0.04127,0.58354,0,-0.04127,0.58354,0,61.07774,0.5849999,0.00957796,87351.519,80000.075,-7351.519,-0.075,True,False,0.01208
495.34,FINE,THRUST,80000.004,29.5730072,0.0753946,-894.802,0.00117,-47.92653,2284.54518,2278.93163,-5.61355,0,0.04105,-0.0101,-0.04126,0.58366,0,-0.04126,0.58366,0,61.07933,0.5851173,0.00957963,87349.469,80000.075,-7349.469,-0.075,True,False,0.01263
495.48,FINE,THRUST,80000.004,29.5738157,0.0753298,-894.032,0.00115,-47.88876,2284.54428,2278.93163,-5.61265,0,0.04104,-0.01009,-0.04125,0.58378,0,-0.04125,0.58378,0,61.08092,0.5852344,0.0095813,87347.42,80000.075,-7347.42,-0.075,True,False,0.01321
495.62,FINE,THRUST,80000.004,29.5746235,0.0752649,-893.262,0.00113,-47.85098,2284.54338,2278.93163,-5.61174,0,0.04103,-0.01008,-0.04123,0.5839,0,-0.04123,0.5839,0,61.08252,0.5853515,0.00958296,87345.371,80000.075,-7345.371,-0.075,True,False,0.01374
495.76,FINE,THRUST,80000.004,29.5754308,0.0752001,-892.492,0.00111,-47.81319,2284.54247,2278.93163,-5.61084,0,0.04102,-0.01007,-0.04122,0.58402,0,-0.04122,0.58402,0,61.08411,0.5854685,0.00958463,87343.321,80000.075,-7343.321,-0.075,True,False,0.01421
495.9,FINE,THRUST,80000.004,29.5762374,0.0751352,-891.722,0.00109,-47.77539,2284.54157,2278.93163,-5.60994,0,0.041,-0.01006,-0.04121,0.58413,0,-0.04121,0.58413,0,61.08571,0.5855854,0.00958629,87341.272,80000.076,-7341.272,-0.076,True,False,0.01459
496.04,FINE,THRUST,80000.004,29.5770435,0.0750703,-890.952,0.00106,-47.73759,2284.54066,2278.93163,-5.60903,0,0.04099,-0.01006,-0.04119,0.58425,0,-0.04119,0.58425,0,61.08731,0.5857022,0.00958795,87339.223,80000.076,-7339.223,-0.076,True,False,0.01486
496.18,FINE,THRUST,80000.004,29.5778489,0.0750054,-890.182,0.00104,-47.69977,2284.53976,2278.93163,-5.60813,0,0.04098,-0.01005,-0.04118,0.58437,0,-0.04118,0.58437,0,61.0889,0.5858188,0.00958961,87337.174,80000.076,-7337.174,-0.076,True,False,0.01507
496.32,FINE,THRUST,80000.005,29.5786537,0.0749405,-889.411,0.00102,-47.66194,2284.53885,2278.93163,-5.60722,0,0.04097,-0.01004,-0.04116,0.58449,0,-0.04116,0.58449,0,61.0905,0.5859354,0.00959127,87335.125,80000.076,-7335.125,-0.076,True,False,0.01528
496.46,FINE,THRUST,80000.005,29.5794579,0.0748755,-888.64,0.001,-47.62411,2284.53795,2278.93163,-5.60632,0,0.04096,-0.01003,-0.04115,0.58461,0,-0.04115,0.58461,0,61.09209,0.5860518,0.00959292,87333.076,80000.076,-7333.076,-0.076,True,False,0.01544
496.6,FINE,THRUST,80000.005,29.5802614,0.0748106,-887.87,0.00097,-47.58627,2284.53704,2278.93163,-5.60541,0,0.04095,-0.01002,-0.04113,0.58472,0,-0.04113,0.58472,0,61.09369,0.5861682,0.00959458,87331.026,80000.076,-7331.026,-0.076,True,False,0.01556
496.74,FINE,THRUST,80000.005,29.5810644,0.0747456,-887.098,0.00095,-47.54841,2284.53614,2278.93163,-5.60451,0,0.04094,-0.01001,-0.04112,0.58484,0,-0.04112,0.58484,0,61.09529,0.5862844,0.00959623,87328.976,80000.076,-7328.976,-0.076,True,False,0.01562
496.88,FINE,THRUST,80000.005,29.5818668,0.0746806,-886.327,0.00093,-47.51055,2284.53523,2278.93163,-5.6036,0,0.04093,-0.01,-0.0411,0.58496,0,-0.0411,0.58496,0,61.09689,0.5864005,0.00959788,87326.926,80000.076,-7326.926,-0.076,True,False,0.01566
497.02,FINE,THRUST,80000.005,29.5826685,0.0746156,-885.556,0.0009,-47.47268,2284.53432,2278.93163,-5.60269,0,0.04091,-0.01,-0.04109,0.58508,0,-0.04109,0.58508,0,61.09848,0.5865165,0.00959953,87324.875,80000.076,-7324.875,-0.076,True,False,0.0157
497.16,FINE,THRUST,80000.005,29.5834696,0.0745506,-884.784,0.00088,-47.4348,2284.53341,2278.93163,-5.60178,0,0.0409,-0.00999,-0.04108,0.58519,0,-0.04108,0.58519,0,61.10009,0.5866324,0.00960117,87322.824,80000.076,-7322.824,-0.076,True,False,0.01576
497.3,FINE,THRUST,80000.005,29.5842701,0.0744856,-884.013,0.00086,-47.39691,2284.5325,2278.93163,-5.60087,0,0.04089,-0.00998,-0.04106,0.58531,0,-0.04106,0.58531,0,61.10168,0.5867482,0.00960282,87320.772,80000.076,-7320.772,-0.076,True,False,0.01584
497.44,FINE,THRUST,80000.005,29.58507,0.0744205,-883.241,0.00084,-47.35902,2284.53159,2278.93163,-5.59996,0,0.04088,-0.00997,-0.04105,0.58543,0,-0.04105,0.58543,0,61.10328,0.5868639,0.00960446,87318.72,80000.076,-7318.72,-0.076,True,False,0.01593
497.58,FINE,THRUST,80000.006,29.5858693,0.0743555,-882.469,0.00082,-47.32111,2284.53068,2278.93163,-5.59905,0,0.04087,-0.00996,-0.04103,0.58554,0,-0.04103,0.58554,0,61.10488,0.5869795,0.0096061,87316.666,80000.077,-7316.666,-0.077,True,False,0.016
497.72,FINE,THRUST,80000.006,29.586668,0.0742904,-881.696,0.0008,-47.28319,2284.52976,2278.93163,-5.59813,0,0.04086,-0.00995,-0.04102,0.58566,0,-0.04102,0.58566,0,61.10648,0.5870949,0.00960774,87314.61,80000.077,-7314.61,-0.077,True,False,0.01604
497.86,FINE,THRUST,80000.006,29.587466,0.0742253,-880.924,0.00078,-47.24527,2284.52884,2278.93163,-5.59722,0,0.04085,-0.00994,-0.04101,0.58578,0,-0.04101,0.58578,0,61.10808,0.5872103,0.00960937,87312.553,80000.077,-7312.553,-0.077,True,False,0.01598
498,FINE,THRUST,80000.006,29.5882635,0.0741602,-880.151,0.00076,-47.20734,2284.52793,2278.93163,-5.5963,0,0.04083,-0.00993,-0.04099,0.58589,0,-0.04099,0.58589,0,61.10968,0.5873255,0.00961101,87310.496,80000.077,-7310.496,-0.077,True,False,0.01586
498.14,FINE,THRUST,80000.006,29.5890603,0.0740951,-879.379,0.00074,-47.16939,2284.52701,2278.93163,-5.59538,0,0.04082,-0.00993,-0.04098,0.58601,0,-0.04098,0.58601,0,61.11129,0.5874407,0.00961264,87308.441,80000.077,-7308.441,-0.077,True,False,0.01564
498.28,FINE,THRUST,80000.006,29.5898565,0.07403,-878.606,0.00073,-47.13144,2284.5261,2278.93163,-5.59447,0,0.04081,-0.00992,-0.04097,0.58613,0,-0.04097,0.58613,0,61.11288,0.5875557,0.00961427,87306.386,80000.077,-7306.386,-0.077,True,False,0.01534
498.42,FINE,THRUST,80000.006,29.590652,0.0739649,-877.833,0.00071,-47.09348,2284.52518,2278.93163,-5.59355,0,0.0408,-0.00991,-0.04095,0.58624,0,-0.04095,0.58624,0,61.11449,0.5876706,0.0096159,87304.331,80000.077,-7304.331,-0.077,True,False,0.01494
498.56,FINE,THRUST,80000.006,29.591447,0.0738997,-877.059,0.0007,-47.05551,2284.52426,2278.93163,-5.59264,0,0.04079,-0.0099,-0.04094,0.58636,0,-0.04094,0.58636,0,61.11609,0.5877854,0.00961752,87302.278,80000.077,-7302.278,-0.077,True,False,0.01449
498.7,FINE,THRUST,80000.006,29.5922413,0.0738345,-876.286,0.00068,-47.01753,2284.52335,2278.93163,-5.59172,0,0.04078,-0.00989,-0.04093,0.58647,0,-0.04093,0.58647,0,61.11769,0.5879001,0.00961915,87300.227,80000.077,-7300.227,-0.077,True,False,0.01397
498.84,FINE,THRUST,80000.006,29.593035,0.0737694,-875.512,0.00067,-46.97955,2284.52243,2278.93163,-5.59081,0,0.04077,-0.00988,-0.04091,0.58659,0,-0.04091,0.58659,0,61.1193,0.5880146,0.00962077,87298.176,80000.077,-7298.176,-0.077,True,False,0.01336
498.98,FINE,THRUST,80000.006,29.5938281,0.0737042,-874.739,0.00066,-46.94155,2284.52152,2278.93163,-5.58989,0,0.04075,-0.00987,-0.0409,0.58671,0,-0.0409,0.58671,0,61.1209,0.5881291,0.00962239,87296.126,80000.077,-7296.126,-0.077,True,False,0.01268
499.12,FINE,THRUST,80000.007,29.5946206,0.0736389,-873.965,0.00065,-46.90355,2284.52061,2278.93163,-5.58898,0,0.04074,-0.00986,-0.04089,0.58682,0,-0.04089,0.58682,0,61.1225,0.5882434,0.00962401,87294.078,80000.077,-7294.078,-0.077,True,False,0.01191
499.26,FINE,THRUST,80000.007,29.5954125,0.0735737,-873.191,0.00064,-46.86553,2284.5197,2278.93163,-5.58807,0,0.04073,-0.00986,-0.04088,0.58694,0,-0.04088,0.58694,0,61.12411,0.5883577,0.00962562,87292.031,80000.077,-7292.031,-0.077,True,False,0.01113
499.4,FINE,THRUST,80000.007,29.5962037,0.0735085,-872.416,0.00064,-46.82751,2284.51878,2278.93163,-5.58716,0,0.04072,-0.00985,-0.04086,0.58705,0,-0.04086,0.58705,0,61.12571,0.5884718,0.00962724,87289.986,80000.077,-7289.986,-0.077,True,False,0.01029
499.54,FINE,THRUST,80000.007,29.5969943,0.0734432,-871.642,0.00063,-46.78948,2284.51787,2278.93163,-5.58625,0,0.04071,-0.00984,-0.04085,0.58717,0,-0.04085,0.58717,0,61.12732,0.5885858,0.00962885,87287.942,80000.077,-7287.942,-0.077,True,False,0.00943
499.68,FINE,THRUST,80000.007,29.5977843,0.073378,-870.867,0.00063,-46.75144,2284.51696,2278.93163,-5.58534,0,0.0407,-0.00983,-0.04084,0.58728,0,-0.04084,0.58728,0,61.12892,0.5886997,0.00963046,87285.9,80000.077,-7285.9,-0.077,True,False,0.00859
499.82,FINE,THRUST,80000.007,29.5985736,0.0733127,-870.093,0.00063,-46.71339,2284.51605,2278.93163,-5.58443,0,0.04069,-0.00982,-0.04083,0.5874,0,-0.04083,0.5874,0,61.13052,0.5888135,0.00963207,87283.86,80000.077,-7283.86,-0.077,True,False,0.00778
499.96,FINE,THRUST,80000.007,29.5993624,0.0732474,-869.318,0.00063,-46.67533,2284.51515,2278.93163,-5.58352,0,0.04067,-0.00981,-0.04082,0.58751,0,-0.04082,0.58751,0,61.13213,0.5889271,0.00963368,87281.821,80000.077,-7281.821,-0.077,True,False,0.00709
500.1,FINE,THRUST,80000.007,29.6001505,0.0731821,-868.543,0.00063,-46.63726,2284.51424,2278.93163,-5.58261,0,0.04066,-0.0098,-0.04081,0.58763,0,-0.04081,0.58763,0,61.13374,0.5890407,0.00963528,87279.784,80000.077,-7279.784,-0.077,True,False,0.00661
500.24,FINE,THRUST,80000.007,29.6009379,0.0731168,-867.767,0.00063,-46.59918,2284.51333,2278.93163,-5.58171,0,0.04065,-0.00979,-0.0408,0.58774,0,-0.0408,0.58774,0,61.13534,0.5891542,0.00963688,87277.748,80000.077,-7277.748,-0.077,True,False,-0.00641
500.38,FINE,THRUST,80000.007,29.6017248,0.0730515,-866.992,0.00064,-46.5611,2284.51243,2278.93163,-5.5808,0,0.04064,-0.00979,-0.04079,0.58785,0,-0.04079,0.58785,0,61.13695,0.5892675,0.00963848,87275.715,80000.077,-7275.715,-0.077,True,False,-0.00652
500.52,FINE,THRUST,80000.007,29.602511,0.0729861,-866.217,0.00065,-46.523,2284.51152,2278.93163,-5.5799,0,0.04063,-0.00978,-0.04078,0.58797,0,-0.04078,0.58797,0,61.13856,0.5893808,0.00964008,87273.683,80000.077,-7273.683,-0.077,True,False,-0.00682
500.66,FINE,THRUST,80000.007,29.6032966,0.0729207,-865.441,0.00066,-46.4849,2284.51062,2278.93163,-5.57899,0,0.04062,-0.00977,-0.04077,0.58808,0,-0.04077,0.58808,0,61.14017,0.5894939,0.00964168,87271.654,80000.077,-7271.654,-0.077,True,False,-0.00716
500.8,FINE,THRUST,80000.008,29.6040816,0.0728554,-864.665,0.00068,-46.44678,2284.50972,2278.93163,-5.57809,0,0.04061,-0.00976,-0.04076,0.5882,0,-0.04076,0.5882,0,61.14178,0.5896069,0.00964327,87269.626,80000.077,-7269.626,-0.077,True,False,-0.00753
500.94,FINE,THRUST,80000.008,29.604866,0.07279,-863.889,0.00069,-46.40866,2284.50882,2278.93163,-5.57719,0,0.0406,-0.00975,-0.04075,0.58831,0,-0.04075,0.58831,0,61.14338,0.5897198,0.00964487,87267.6,80000.077,-7267.6,-0.077,True,False,-0.00793
501.08,FINE,THRUST,80000.008,29.6056497,0.0727246,-863.113,0.00071,-46.37053,2284.50792,2278.93163,-5.57629,0,0.04058,-0.00974,-0.04075,0.58842,0,-0.04075,0.58842,0,61.14499,0.5898325,0.00964646,87265.577,80000.077,-7265.577,-0.077,True,False,-0.00825
501.22,FINE,THRUST,80000.008,29.6064328,0.0726592,-862.336,0.00072,-46.33239,2284.50702,2278.93163,-5.5754,0,0.04057,-0.00973,-0.04074,0.58854,0,-0.04074,0.58854,0,61.1466,0.5899452,0.00964805,87263.556,80000.078,-7263.556,-0.078,True,False,-0.00855
501.36,FINE,THRUST,80000.008,29.6072152,0.0725937,-861.56,0.00074,-46.29425,2284.50613,2278.93163,-5.5745,0,0.04056,-0.00972,-0.04073,0.58865,0,-0.04073,0.58865,0,61.14821,0.5900577,0.00964963,87261.537,80000.078,-7261.537,-0.078,True,False,-0.0088
501.5,FINE,THRUST,80000.008,29.6079971,0.0725283,-860.783,0.00075,-46.25609,2284.50523,2278.93162,-5.57361,0,0.04055,-0.00972,-0.04072,0.58876,0,-0.04072,0.58876,0,61.14982,0.5901702,0.00965122,87259.52,80000.078,-7259.52,-0.078,True,False,-0.00899
501.64,FINE,THRUST,80000.008,29.6087782,0.0724628,-860.006,0.00077,-46.21792,2284.50434,2278.93162,-5.57271,0,0.04054,-0.00971,-0.04071,0.58888,0,-0.04071,0.58888,0,61.15143,0.5902825,0.0096528,87257.506,80000.078,-7257.506,-0.078,True,False,-0.00913
501.78,FINE,THRUST,80000.008,29.6095588,0.0723974,-859.229,0.00079,-46.17975,2284.50345,2278.93162,-5.57182,0,0.04053,-0.0097,-0.04071,0.58899,0,-0.04071,0.58899,0,61.15304,0.5903947,0.00965438,87255.494,80000.078,-7255.494,-0.078,True,False,-0.00929
501.92,FINE,THRUST,80000.008,29.6103387,0.0723319,-858.452,0.0008,-46.14157,2284.50256,2278.93162,-5.57093,0,0.04052,-0.00969,-0.0407,0.5891,0,-0.0407,0.5891,0,61.15465,0.5905068,0.00965596,87253.485,80000.078,-7253.485,-0.078,True,False,-0.00938
502.06,FINE,THRUST,80000.008,29.611118,0.0722664,-857.675,0.00082,-46.10338,2284.50167,2278.93162,-5.57004,0,0.04051,-0.00968,-0.04069,0.58922,0,-0.04069,0.58922,0,61.15626,0.5906188,0.00965754,87251.479,80000.078,-7251.479,-0.078,True,False,-0.00949
502.2,FINE,THRUST,80000.008,29.6118967,0.0722009,-856.897,0.00083,-46.06518,2284.50078,2278.93162,-5.56916,0,0.04049,-0.00967,-0.04068,0.58933,0,-0.04068,0.58933,0,61.15787,0.5907307,0.00965911,87249.475,80000.078,-7249.475,-0.078,True,False,-0.0096
502.34,FINE,THRUST,80000.008,29.6126747,0.0721353,-856.12,0.00084,-46.02697,2284.4999,2278.93162,-5.56827,0,0.04048,-0.00966,-0.04067,0.58944,0,-0.04067,0.58944,0,61.15948,0.5908425,0.00966069,87247.473,80000.078,-7247.473,-0.078,True,False,-0.00974
502.48,FINE,THRUST,80000.009,29.6134521,0.0720698,-855.342,0.00086,-45.98875,2284.49901,2278.93162,-5.56739,0,0.04047,-0.00965,-0.04066,0.58955,0,-0.04066,0.58955,0,61.16109,0.5909542,0.00966226,87245.475,80000.078,-7245.475,-0.078,True,False,-0.00993
502.62,FINE,THRUST,80000.009,29.6142289,0.0720043,-854.564,0.00087,-45.95052,2284.49813,2278.93162,-5.56651,0,0.04046,-0.00965,-0.04066,0.58967,0,-0.04066,0.58967,0,61.16271,0.5910658,0.00966383,87243.479,80000.078,-7243.479,-0.078,True,False,-0.01015
502.76,FINE,THRUST,80000.009,29.615005,0.0719387,-853.786,0.00088,-45.91229,2284.49725,2278.93162,-5.56563,0,0.04045,-0.00964,-0.04065,0.58978,0,-0.04065,0.58978,0,61.16432,0.5911772,0.00966539,87241.486,80000.078,-7241.486,-0.078,True,False,-0.01042
502.9,FINE,THRUST,80000.009,29.6157804,0.0718731,-853.007,0.00089,-45.87405,2284.49637,2278.93162,-5.56475,0,0.04044,-0.00963,-0.04064,0.58989,0,-0.04064,0.58989,0,61.16593,0.5912886,0.00966696,87239.496,80000.078,-7239.496,-0.078,True,False,-0.01075
503.04,FINE,THRUST,80000.009,29.6165553,0.0718075,-852.229,0.0009,-45.83579,2284.4955,2278.93162,-5.56388,0,0.04043,-0.00962,-0.04063,0.59,0,-0.04063,0.59,0,61.16755,0.5913998,0.00966852,87237.509,80000.078,-7237.509,-0.078,True,False,-0.01113
503.18,FINE,THRUST,80000.009,29.6173295,0.0717419,-851.45,0.00091,-45.79753,2284.49463,2278.93162,-5.563,0,0.04042,-0.00961,-0.04062,0.59011,0,-0.04062,0.59011,0,61.16916,0.5915109,0.00967008,87235.526,80000.078,-7235.526,-0.078,True,False,-0.01161
503.32,FINE,THRUST,80000.009,29.618103,0.0716763,-850.671,0.00092,-45.75926,2284.49375,2278.93162,-5.56213,0,0.04041,-0.0096,-0.04061,0.59023,0,-0.04061,0.59023,0,61.17078,0.5916219,0.00967164,87233.545,80000.078,-7233.545,-0.078,True,False,-0.0121
503.46,FINE,THRUST,80000.009,29.618876,0.0716107,-849.892,0.00093,-45.72099,2284.49289,2278.93162,-5.56126,0,0.0404,-0.00959,-0.0406,0.59034,0,-0.0406,0.59034,0,61.17239,0.5917329,0.0096732,87231.569,80000.078,-7231.569,-0.078,True,False,-0.01256
503.6,FINE,THRUST,80000.009,29.6196483,0.071545,-849.113,0.00094,-45.6827,2284.49202,2278.93162,-5.5604,0,0.04038,-0.00958,-0.04059,0.59045,0,-0.04059,0.59045,0,61.17401,0.5918437,0.00967476,87229.597,80000.079,-7229.597,-0.079,True,False,-0.01293
503.74,FINE,THRUST,80000.009,29.6204199,0.0714794,-848.334,0.00094,-45.64441,2284.49116,2278.93162,-5.55953,0,0.04037,-0.00957,-0.04058,0.59056,0,-0.04058,0.59056,0,61.17562,0.5919544,0.00967631,87227.627,80000.079,-7227.627,-0.079,True,False,-0.01322
503.9,FINE,THRUST,80000.009,29.6211909,0.0714137,-847.555,0.00095,-45.6061,2284.4903,2278.93162,-5.55867,0,0.04036,-0.00957,-0.04057,0.59067,0,-0.04057,0.59067,0,61.17724,0.5920649,0,87225.66,80000.079,-7225.66,-0.079,True,False,-0.01327