MET,event,alt_m,lat_deg,inc_deg,surfspd_mps,orbspd_mps,vertspeed_mps,ap_m,pe_m,eta_ap_s,mass_t,throttle,dv_mps,q_atm
0,PRELAUNCH,82.337,-0.0972068,0.0972068,0.002,174.965,0.002,77.892,-598435.242,-0.02,2.79541,1,4003.245,0
0.22,LIFTOFF,82.58,-0.0972068,0.097207,2.046,174.976,2.046,78.5,-598435.266,0.19,2.69085,1,4000.585,5.9E-06
0.72,BOOSTER_ASCENT,84.815,-0.0972068,0.0972071,6.714,175.099,6.901,83.102,-598435.261,0.687,2.68096,1,3992.678,0.0001935
1.26,BOOSTER_ASCENT,89.86,-0.0972067,0.0972069,11.79,175.373,11.979,93.166,-598435.238,1.208,2.67069,1,3981.212,0.0006715
1.8,BOOSTER_ASCENT,97.657,-0.0972067,0.0972078,16.903,175.794,17.093,108.688,-598435.228,1.732,2.66043,1,3970.351,0.0014432
2.34,BOOSTER_ASCENT,108.224,-0.0972066,0.0972105,22.05,176.366,22.242,129.743,-598435.228,2.26,2.65016,1,3962.886,0.0025128
2.88,BOOSTER_ASCENT,121.581,-0.0972064,0.0972138,27.231,177.089,27.423,156.398,-598435.245,2.791,2.63989,1,3952.072,0.0038837
3.42,BOOSTER_ASCENT,137.743,-0.0972062,0.0972176,32.443,177.965,32.636,188.722,-598435.269,3.326,2.62963,1,3941.5,0.0055582
3.96,BOOSTER_ASCENT,156.729,-0.0972059,0.0972224,37.685,178.994,37.88,226.776,-598435.298,3.864,2.61936,1,3934.809,0.0075376
4.5,BOOSTER_ASCENT,178.553,-0.0972056,0.0972279,43.152,180.175,43.152,270.62,-598435.343,4.405,2.60909,1,3924.632,0.0098225
5.04,BOOSTER_ASCENT,203.231,-0.0972045,0.09731,48.45,181.517,48.45,320.307,-598435.203,4.949,2.59883,1,3917.873,0.0124119
5.58,BOOSTER_ASCENT,230.776,-0.0972017,0.0988781,53.769,183.064,53.769,375.865,-598434.025,5.496,2.58856,1,3908.091,0.0153022
6.12,BOOSTER_ASCENT,261.198,-0.0971955,0.1079229,59.105,184.83,59.105,437.313,-598431.425,6.044,2.5783,1,3898.536,0.0184879
6.66,BOOSTER_ASCENT,294.504,-0.0971835,0.1332467,64.455,186.812,64.453,504.666,-598427.368,6.594,2.56803,1,3892.49,0.0219632
7.2,BOOSTER_ASCENT,330.701,-0.0971634,0.1794133,69.816,189.003,69.812,577.936,-598421.839,7.146,2.55776,1,3883.302,0.0257214
7.74,BOOSTER_ASCENT,369.793,-0.0971326,0.2459503,75.187,191.398,75.177,657.124,-598414.808,7.698,2.5475,1,3874.324,0.0297551
8.28,BOOSTER_ASCENT,411.783,-0.0970886,0.3311935,80.565,193.99,80.547,742.225,-598406.234,8.252,2.53723,1,3868.361,0.0340556
8.82,BOOSTER_ASCENT,456.674,-0.0970288,0.4339536,85.95,196.774,85.918,833.226,-598396.067,8.806,2.52696,1,3860,0.0386134
9.36,BOOSTER_ASCENT,504.464,-0.0969506,0.553553,91.339,199.741,91.287,930.104,-598384.251,9.36,2.5167,1,3854.256,0.0434182
9.9,BOOSTER_ASCENT,555.151,-0.0968513,0.6895995,96.729,202.886,96.651,1032.827,-598370.723,9.915,2.50643,1,3845.93,0.0484587
10.44,BOOSTER_ASCENT,608.733,-0.0967283,0.8418204,102.121,206.202,102.007,1141.363,-598355.415,10.469,2.49617,1,3837.785,0.0537234
10.98,BOOSTER_ASCENT,665.204,-0.0965785,1.0101543,107.514,209.683,107.353,1255.679,-598338.238,11.023,2.4859,1,3832.619,0.0592009
11.52,BOOSTER_ASCENT,724.559,-0.0963993,1.1950924,112.907,213.326,112.688,1375.737,-598319.038,11.576,2.47563,1,3824.745,0.0648799
12.06,BOOSTER_ASCENT,786.792,-0.0961875,1.3953141,118.303,217.121,118.012,1501.53,-598297.852,12.129,2.46537,1,3817.023,0.0707509
12.6,BOOSTER_ASCENT,851.896,-0.0959402,1.6102704,123.704,221.062,123.324,1633.033,-598274.619,12.682,2.4551,1,3811.873,0.0768041
13.14,BOOSTER_ASCENT,919.866,-0.0956544,1.8395842,129.109,225.144,128.625,1770.218,-598249.256,13.234,2.44483,1,3804.382,0.0830286
13.68,BOOSTER_ASCENT,990.694,-0.0953271,2.0827881,134.521,229.359,133.912,1913.055,-598221.69,13.785,2.43457,1,3799.617,0.0894139
14.22,BOOSTER_ASCENT,1064.373,-0.0949553,2.3393655,139.94,233.704,139.185,2061.507,-598191.822,14.336,2.4243,1,3792.326,0.0959488
14.76,BOOSTER_ASCENT,1140.896,-0.0945358,2.6088111,145.366,238.174,144.443,2215.538,-598159.561,14.886,2.41404,1,3785.141,0.1026225
15.3,BOOSTER_ASCENT,1220.253,-0.0940656,2.890572,150.802,242.764,149.685,2375.101,-598124.799,15.436,2.40377,1,3780.329,0.1094234
15.84,BOOSTER_ASCENT,1302.435,-0.0935415,3.1840854,156.246,247.469,154.908,2540.145,-598087.423,15.984,2.3935,1,3773.523,0.1163401
16.38,BOOSTER_ASCENT,1387.432,-0.0929601,3.4887696,161.701,252.285,160.112,2710.618,-598047.321,16.532,2.38324,1,3766.566,0.1233611
16.92,BOOSTER_ASCENT,1475.234,-0.0923183,3.8040035,167.167,257.209,165.294,2886.449,-598004.356,17.078,2.37297,1,3761.891,0.1304739
17.46,BOOSTER_ASCENT,1565.827,-0.0916127,4.1291941,172.643,262.236,170.452,3067.564,-597958.398,17.623,2.3627,1,3755.038,0.1376664
18,BOOSTER_ASCENT,1659.198,-0.0908399,4.4636644,178.131,267.362,175.584,3253.876,-597909.294,18.167,2.35244,1,3750.641,0.1449257
18.54,BOOSTER_ASCENT,1755.332,-0.0899965,4.8067616,183.629,272.585,180.686,3445.284,-597856.883,18.709,2.34217,1,3743.855,0.1522385
19.08,BOOSTER_ASCENT,1854.213,-0.089079,5.1576386,189.139,277.9,185.757,3641.708,-597801.052,19.248,2.3319,1,3737.097,0.1595932
19.62,BOOSTER_ASCENT,1955.824,-0.088084,5.5145499,194.664,283.301,190.8,3843.123,-597741.787,19.786,2.32164,1,3732.528,0.1669799
20.16,BOOSTER_ASCENT,2060.152,-0.0870085,5.875118,200.209,288.78,195.819,4049.621,-597679.274,20.323,2.31137,1,3725.787,0.1743958
20.7,BOOSTER_ASCENT,2167.183,-0.0858494,6.2389925,205.773,294.335,200.812,4261.079,-597613.302,20.858,2.30111,1,3721.437,0.1818289
21.24,BOOSTER_ASCENT,2276.901,-0.0846035,6.6066752,211.353,299.967,205.77,4477.279,-597543.521,21.392,2.29084,1,3714.683,0.1892601
21.78,BOOSTER_ASCENT,2389.286,-0.0832677,6.9773617,216.948,305.672,210.692,4698.121,-597469.809,21.922,2.28057,1,3707.906,0.1966755
22.32,BOOSTER_ASCENT,2504.319,-0.0817837,7.3502183,222.559,311.446,215.574,4923.476,-597391.991,22.451,2.27031,1,3703.295,0.2040627
22.86,BOOSTER_ASCENT,2621.975,-0.0802541,7.7253695,228.184,317.29,220.41,5153.127,-597309.766,22.976,2.26004,1,3696.674,0.2114061
23.4,BOOSTER_ASCENT,2742.228,-0.0786242,8.1024781,233.82,323.201,225.194,5386.84,-597222.828,23.497,2.24977,1,3689.779,0.2186887
23.94,BOOSTER_ASCENT,2865.049,-0.0768902,8.4811462,239.467,329.178,229.921,5624.416,-597130.929,24.013,2.23951,1,3685.072,0.2258968
24.48,BOOSTER_ASCENT,2990.406,-0.0750485,8.8610317,245.124,335.218,234.585,5865.609,-597033.758,24.525,2.22924,1,3678.061,0.2330168
25.02,BOOSTER_ASCENT,3118.263,-0.073095,9.2420504,250.788,341.321,239.179,6110.099,-596930.918,25.031,2.21898,1,3673.494,0.2400328
25.56,BOOSTER_ASCENT,3248.579,-0.0710258,9.6240219,256.459,347.487,243.693,6357.556,-596822.003,25.531,2.20871,1,3666.335,0.2469298
26.1,BOOSTER_ASCENT,3381.311,-0.0688366,10.0062197,262.137,353.714,248.127,6607.778,-596706.745,26.024,2.19844,1,3659.074,0.2536982
26.64,BOOSTER_ASCENT,3516.418,-0.0665235,10.3867381,267.833,359.999,252.491,6860.915,-596585.276,26.511,2.18818,1,3654.089,0.2603435
27.18,BOOSTER_ASCENT,3653.867,-0.0640829,10.7632736,273.554,366.337,256.799,7117.23,-596457.974,26.994,2.17791,1,3646.63,0.266873
27.72,BOOSTER_ASCENT,3793.631,-0.0615121,11.1342198,279.308,372.725,261.064,7376.959,-596325.109,27.474,2.16764,1,3639.038,0.2732909
28.26,BOOSTER_ASCENT,3935.686,-0.0588082,11.4992653,285.099,379.163,265.288,7640.126,-596186.559,27.953,2.15738,1,3634.066,0.2795958
28.8,BOOSTER_ASCENT,4080.011,-0.0559687,11.8582657,290.925,385.649,269.468,7906.572,-596042.147,28.428,2.14711,1,3626.239,0.285779
29.34,BOOSTER_ASCENT,4226.576,-0.052991,12.210291,296.752,392.151,273.572,8175.277,-595892.036,28.897,2.13685,1,3620.85,0.2917823
29.88,BOOSTER_ASCENT,4375.323,-0.0498733,12.5536414,302.514,398.61,277.537,8444.211,-595736.815,29.353,2.12658,1,3613.022,0.2974708
30.42,BOOSTER_ASCENT,4526.167,-0.0466143,12.8873552,308.173,404.986,281.327,8712.066,-595576.92,29.792,2.11631,1,3604.763,0.3027461
30.96,BOOSTER_ASCENT,4679.01,-0.0432132,13.2110207,313.718,411.268,284.936,8978.298,-595412.651,30.213,2.10605,1,3599.066,0.3075756
31.5,BOOSTER_ASCENT,4833.756,-0.0396693,13.5245581,319.151,417.454,288.368,9242.759,-595244.214,30.617,2.09578,1,3590.495,0.3119576
32.04,BOOSTER_ASCENT,4990.312,-0.0359822,13.8281559,324.483,423.549,291.638,9505.549,-595071.716,31.005,2.08551,1,3581.721,0.3159086
32.58,BOOSTER_ASCENT,5148.596,-0.0321517,14.1221023,329.729,429.564,294.762,9766.966,-594895.235,31.379,2.07525,1,3575.951,0.3194572
33.12,BOOSTER_ASCENT,5308.531,-0.0281775,14.4068878,334.904,435.51,297.755,10027.25,-594714.704,31.74,2.06498,1,3566.83,0.322632
33.66,BOOSTER_ASCENT,5470.052,-0.0240591,14.6832857,340.024,441.404,300.634,10286.709,-594529.827,32.091,2.05471,1,3560.525,0.3254653
34.2,BOOSTER_ASCENT,5633.103,-0.0197959,14.9522093,345.12,447.273,303.422,10546.002,-594340.15,32.433,2.04445,1,3551.027,0.3280074
34.74,BOOSTER_ASCENT,5797.643,-0.015387,15.2147889,350.23,453.153,306.156,10806.158,-594144.964,32.77,2.03418,1,3541.299,0.3303284
35.28,BOOSTER_ASCENT,5963.653,-0.0108307,15.4722357,355.4,459.088,308.873,11068.422,-593943.361,33.108,2.02392,1,3534.899,0.3325133
35.82,BOOSTER_ASCENT,6131.129,-0.0061249,15.7251035,360.649,465.095,311.588,11333.268,-593734.778,33.447,2.01365,1,3524.784,0.3346023
36.36,BOOSTER_ASCENT,6300.071,-0.0012674,15.9736954,365.983,471.182,314.304,11600.845,-593518.785,33.789,2.00338,1,3514.432,0.3366035
36.9,BOOSTER_ASCENT,6470.481,0.0037442,16.2182798,371.411,477.357,317.025,11871.302,-593294.931,34.133,1.99312,1,3507.627,0.3385242
37.44,BOOSTER_ASCENT,6642.362,0.0089126,16.4590947,376.939,483.626,319.755,12144.778,-593062.747,34.48,1.98285,1,3496.88,0.3403689
37.98,BOOSTER_ASCENT,6815.719,0.0142404,16.6963473,382.574,489.998,322.496,12421.4,-592821.74,34.83,1.97258,1,3489.463,0.3421401
38.52,BOOSTER_ASCENT,6990.559,0.0197307,16.9302187,388.322,496.478,325.249,12701.28,-592571.404,35.185,1.96232,1,3478.309,0.3438399
39.06,BOOSTER_ASCENT,7166.889,0.0253864,17.1608602,394.188,503.072,328.016,12984.508,-592311.215,35.543,1.95205,1,3466.911,0.3454687
39.6,BOOSTER_ASCENT,7344.717,0.0312108,17.3883881,400.177,509.786,330.798,13271.148,-592040.643,35.905,1.94179,1,3459.427,0.347025
40.14,BOOSTER_ASCENT,7524.052,0.0372072,17.6128988,406.296,516.625,333.599,13561.409,-591759.148,36.272,1.93152,1,3447.625,0.3485082
40.68,BOOSTER_ASCENT,7704.917,0.0433789,17.8341607,412.589,523.622,336.474,13857.429,-591466.674,36.651,1.92125,1,3435.575,0.3499667
41.22,BOOSTER_ASCENT,7887.073,0.0497177,18.0300773,417.911,529.669,338.528,14125.042,-591193.447,36.936,1.91179,1,3428.453,0.3495033
41.76,BOOSTER_ASCENT,8070.516,0.0562253,18.2235719,423.412,535.877,340.674,14398.368,-590910.226,37.234,1.90232,1,3417.09,0.3496926
42.3,BOOSTER_ASCENT,8262.126,0.0629035,18.4254467,429.699,542.828,343.396,14696.178,-590600.542,37.601,1.89251,0.85,3408.997,0.3503322
42.84,BOOSTER_ASCENT,8448.205,0.0697522,18.6231786,436.096,549.872,346.156,14998.127,-590281.515,37.975,1.88264,0.85,3397.404,0.3501079
43.38,BOOSTER_ASCENT,8628.7,0.0767764,18.807919,442.078,556.506,348.538,15288.021,-589967.74,38.307,1.87323,1,3385.573,0.3495921
43.92,BOOSTER_ASCENT,8817.611,0.0839818,18.9919567,448.33,563.39,351.077,15586.884,-589639.733,38.66,1.86376,1,3377.757,0.3495784
44.46,BOOSTER_ASCENT,9008.097,0.0913739,19.1940168,455.992,571.63,354.649,15930.263,-589262.073,39.138,1.8535,1,3364.651,0.3482978
45,BOOSTER_ASCENT,9200.533,0.0989687,19.3930452,463.845,580.049,358.301,16281.252,-588869.271,39.63,1.84323,1,3350.837,0.3473503
45.54,BOOSTER_ASCENT,9394.961,0.1067699,19.5891286,471.89,588.649,362.032,16639.962,-588460.665,40.135,1.83296,1,3341.322,0.346361
46.08,BOOSTER_ASCENT,9591.422,0.1147817,19.7822638,480.124,597.428,365.834,17006.322,-588035.507,40.653,1.8227,1,3327.047,0.3453154
46.62,BOOSTER_ASCENT,9789.955,0.123008,19.9725094,488.551,606.389,369.707,17380.553,-587593.059,41.185,1.81243,1,3317.693,0.3442086
47.16,BOOSTER_ASCENT,9990.597,0.131453,20.1599018,497.171,615.536,373.649,17762.814,-587132.535,41.729,1.80216,1,3302.972,0.3430347
47.7,BOOSTER_ASCENT,10193.386,0.140121,20.3444528,505.986,624.869,377.66,18153.26,-586653.132,42.287,1.7919,1,3287.98,0.3417867
48.24,BOOSTER_ASCENT,10398.358,0.1490163,20.5261763,514.997,634.391,381.735,18552.01,-586154.057,42.859,1.78163,1,3277.672,0.3404556
48.78,BOOSTER_ASCENT,10605.546,0.1581432,20.7050818,524.203,644.101,385.873,18959.149,-585634.527,43.444,1.77137,1,3262.233,0.3390304
49.32,BOOSTER_ASCENT,10814.984,0.1675062,20.881151,533.602,653.997,390.068,19374.717,-585093.777,44.042,1.7611,1,3247.042,0.3374976
49.86,BOOSTER_ASCENT,11026.701,0.1771098,21.0543552,543.191,664.078,394.316,19798.699,-584531.075,44.653,1.75083,1,3236.261,0.3358468
50.4,BOOSTER_ASCENT,11240.723,0.1869584,21.2246472,552.965,674.338,398.609,20231.008,-583945.745,45.276,1.74057,1,3220.128,0.3340697
50.94,BOOSTER_ASCENT,11457.074,0.1970562,21.3919661,562.918,684.772,402.939,20671.473,-583337.183,45.912,1.7303,1,3209.58,0.3321548
51.48,BOOSTER_ASCENT,11675.771,0.2074076,21.5562312,573.038,695.37,407.297,21119.823,-582704.891,46.558,1.72003,1,3193.016,0.330089
52.02,BOOSTER_ASCENT,11896.825,0.2180167,21.7173451,583.315,706.121,411.671,21575.672,-582048.49,47.214,1.70977,1,3176.192,0.327857
52.56,BOOSTER_ASCENT,12120.243,0.2288874,21.8751984,593.734,717.012,416.048,22038.506,-581367.752,47.879,1.6995,1,3164.649,0.3254411
53.1,BOOSTER_ASCENT,12346.021,0.2400233,22.0296921,604.28,728.027,420.414,22507.763,-580662.507,48.551,1.68923,1,3147.391,0.322825
53.64,BOOSTER_ASCENT,12574.152,0.251428,22.1808783,614.95,739.165,424.764,22983.32,-579932.003,49.231,1.67897,1,3136.121,0.3200089
54.18,BOOSTER_ASCENT,12804.629,0.2631051,22.3288668,625.749,750.429,429.099,23465.249,-579175.218,49.917,1.6687,1,3118.44,0.3170025
54.72,BOOSTER_ASCENT,13037.442,0.2750582,22.4737598,636.678,761.823,433.417,23953.623,-578391.076,50.611,1.65844,1,3100.502,0.3138147
55.26,BOOSTER_ASCENT,13272.582,0.287291,22.6156496,647.742,773.35,437.719,24448.503,-577578.458,51.313,1.64817,1,3088.205,0.3104527
55.8,BOOSTER_ASCENT,13510.099,0.2993377,22.7503851,659.092,785.144,442.183,24959.605,-576733.52,52.046,1.6379,1,3069.84,0.306977
56.34,BOOSTER_ASCENT,13750.408,0.312131,22.893112,671.387,797.714,448.017,25551.961,-575870.703,52.957,1.62764,1,3051.829,0.3040136
56.88,BOOSTER_ASCENT,13993.868,0.3252174,23.0331548,683.877,810.462,454.003,26163.823,-574981.139,53.9,1.61737,1,3039.086,0.3009065
57.42,BOOSTER_ASCENT,14240.576,0.3386003,23.1708063,696.602,823.454,460.019,26789.632,-574051.354,54.863,1.6071,1,3020.07,0.297639
57.96,BOOSTER_ASCENT,14490.551,0.3522839,23.305602,709.47,836.58,466.103,27431.365,-573092.391,55.848,1.59684,1,3007.67,0.2941265
58.5,BOOSTER_ASCENT,14743.825,0.3662715,23.437688,722.502,849.868,472.243,28088.996,-572100.238,56.856,1.58657,1,2988.248,0.2903908
59.04,BOOSTER_ASCENT,15000.43,0.3805669,23.5671185,735.701,863.32,478.443,28763.25,-571073.826,57.888,1.57631,1,2968.578,0.2864491
59.58,BOOSTER_ASCENT,15260.4,0.3951737,23.6939373,749.069,876.936,484.705,29454.811,-570012.251,58.944,1.56604,1,2955.112,0.2823105
60.12,BOOSTER_ASCENT,15523.767,0.4100955,23.8182295,762.607,890.72,491.031,30164.373,-568914.199,60.027,1.55577,1,2935.024,0.2779863
60.66,BOOSTER_ASCENT,15790.569,0.4253361,23.9400609,776.319,904.674,497.425,30892.687,-567778.433,61.137,1.54551,1,2914.689,0.2734854
61.2,BOOSTER_ASCENT,16060.84,0.4408992,24.059492,790.208,918.8,503.887,31640.541,-566603.66,62.276,1.53524,1,2901.437,0.268802
61.74,BOOSTER_ASCENT,16334.62,0.4567886,24.1765938,804.277,933.103,510.421,32408.84,-565388.414,63.445,1.52497,1,2880.693,0.2635692
62.28,BOOSTER_ASCENT,16611.949,0.473008,24.2914329,818.529,947.587,517.031,33198.527,-564131.205,64.646,1.51471,1,2866.5,0.2582162
62.82,BOOSTER_ASCENT,16892.866,0.4895615,24.4040648,832.968,962.253,523.719,34010.537,-562830.582,65.881,1.50444,1,2845.342,0.2527416
63.36,BOOSTER_ASCENT,17177.416,0.5064529,24.5145398,847.596,977.104,530.486,34845.863,-561485.033,67.151,1.49418,1,2824.632,0.2471565
63.9,BOOSTER_ASCENT,17465.641,0.5236861,24.6229119,862.414,992.143,537.335,35705.555,-560092.997,68.457,1.48391,1,2809.997,0.2414818
64.44,BOOSTER_ASCENT,17757.587,0.5412651,24.7292284,877.426,1007.372,544.268,36590.719,-558652.862,69.802,1.47364,1,2788.183,0.2357382
64.98,BOOSTER_ASCENT,18053.298,0.5591938,24.8335363,892.634,1022.792,551.287,37502.527,-557162.96,71.188,1.46338,1,2766.119,0.2299456
65.52,BOOSTER_ASCENT,18352.823,0.5774763,24.9358791,908.039,1038.407,558.395,38442.219,-555621.572,72.616,1.45311,1,2751.751,0.224123
66.06,BOOSTER_ASCENT,18656.21,0.5961165,25.0363019,923.643,1054.217,565.593,39411.105,-554026.92,74.089,1.44284,1,2729.272,0.2182878
66.6,BOOSTER_ASCENT,18963.507,0.6151186,25.1348482,939.449,1070.226,572.883,40410.578,-552377.164,75.609,1.43258,1,2713.901,0.212455
67.14,BOOSTER_ASCENT,19274.765,0.6344864,25.2315594,955.458,1086.435,580.267,41442.117,-550670.404,77.178,1.42231,1,2690.995,0.2066373
67.68,BOOSTER_ASCENT,19590.037,0.6542242,25.3264746,971.672,1102.845,587.749,42507.294,-548904.665,78.799,1.41204,1,2667.836,0.2008437
68.22,BOOSTER_ASCENT,19909.373,0.6743358,25.4196345,988.092,1119.459,595.328,43607.787,-547077.903,80.475,1.40178,1,2652.759,0.1950791
68.76,BOOSTER_ASCENT,20232.829,0.6948255,25.5110772,1004.722,1136.279,603.009,44745.389,-545187.99,82.208,1.39151,1,2629.18,0.1893435
69.3,BOOSTER_ASCENT,20560.459,0.7156973,25.6008407,1021.563,1153.306,610.792,45922.019,-543232.71,84.001,1.38125,1,2605.345,0.1836304
69.84,BOOSTER_ASCENT,20892.319,0.7369554,25.688963,1038.617,1170.544,618.68,47139.739,-541209.746,85.859,1.37098,1,2589.054,0.1779265
70.38,BOOSTER_ASCENT,21228.467,0.7586038,25.7754842,1055.886,1187.994,626.677,48400.77,-539116.672,87.783,1.36071,1,2565.579,0.1722109
70.92,BOOSTER_ASCENT,21568.961,0.7806466,25.860439,1073.373,1205.659,634.784,49707.506,-536950.939,89.779,1.35045,1,2549.004,0.1664836
71.46,BOOSTER_ASCENT,21913.862,0.8030881,25.9438644,1091.081,1223.541,643.004,51062.51,-534709.915,91.85,1.34018,1,2524.32,0.1607681
72,BOOSTER_ASCENT,22263.233,0.8259324,26.0257974,1109.013,1241.644,651.339,52468.53,-532390.875,94.001,1.32991,1,2499.375,0.1550857
72.54,BOOSTER_ASCENT,22617.135,0.8491837,26.1062693,1127.17,1259.97,659.793,53928.509,-529991.002,96.236,1.31965,1,2483.142,0.1494575
73.08,BOOSTER_ASCENT,22975.633,0.8728463,26.1853151,1145.554,1278.521,668.369,55445.607,-527507.387,98.561,1.30938,1,2457.762,0.1439033
73.62,BOOSTER_ASCENT,23338.794,0.8969244,26.262961,1164.169,1297.299,677.067,57023.225,-524937.009,100.98,1.29912,1,2432.112,0.1384411
74.16,BOOSTER_ASCENT,23706.685,0.9214222,26.3392402,1183.017,1316.306,685.892,58665.02,-522276.76,103.5,1.28885,1,2414.583,0.1330877
74.7,BOOSTER_ASCENT,24079.374,0.946344,26.4141832,1202.098,1335.545,694.845,60374.929,-519523.426,106.126,1.27858,1,2388.477,0.1278567
75.24,BOOSTER_ASCENT,24456.932,0.9716939,26.4878192,1221.416,1355.018,703.93,62157.212,-516673.685,108.866,1.26832,1,2371.487,0.1227589
75.78,BOOSTER_ASCENT,24839.431,0.9974765,26.5601749,1240.972,1374.726,713.148,64016.473,-513724.094,111.726,1.25805,1,2344.924,0.1178014
75.98,BOOSTER_BURNOUT,24982.359,1.0071357,26.5837456,1246.625,1380.433,715.721,64575.74,-512841.862,112.565,1.25541,0,2336.296,0.1161798
76.3,BOOSTER_COAST,25210.953,1.0226129,26.5817453,1244.35,1378.312,713.191,64523.529,-512927.126,112.149,1.25541,0,2333.827,0.1115478
76.56,BOOSTER_COAST,25396.089,1.0351738,26.5801786,1242.526,1376.613,711.148,64483.06,-512993.631,111.815,1.25541,0,2334.025,0.1074045
76.82,BOOSTER_COAST,25580.696,1.0477221,26.5786613,1240.722,1374.934,709.116,64444.256,-513057.774,111.484,1.25541,0,2334.128,0.1034405
77.08,BOOSTER_COAST,25764.776,1.0602582,26.5771917,1238.938,1373.274,707.094,64407.036,-513119.663,111.155,1.25541,0,2334.219,0.0996272
77.34,BOOSTER_COAST,25948.332,1.072782,26.5757707,1237.173,1371.633,705.083,64371.369,-513179.323,110.829,1.25541,0,2334.393,0.0958212
77.6,BOOSTER_COAST,26131.366,1.085294,26.5743989,1235.426,1370.012,703.081,64337.212,-513236.797,110.506,1.25541,0,2334.485,0.0921781
77.86,BOOSTER_COAST,26313.881,1.0977943,26.5730758,1233.699,1368.409,701.089,64304.499,-513292.168,110.185,1.25541,0,2334.565,0.0886882
78.12,BOOSTER_COAST,26495.879,1.1102831,26.5718008,1231.989,1366.823,699.107,64273.17,-513345.514,109.867,1.25541,0,2334.644,0.0853425
78.38,BOOSTER_COAST,26677.364,1.1227605,26.5705723,1230.296,1365.255,697.134,64243.161,-513396.914,109.551,1.25541,0,2334.802,0.0821319
78.64,BOOSTER_COAST,26858.337,1.1352267,26.5693882,1228.62,1363.703,695.169,64214.414,-513446.446,109.237,1.25541,0,2334.874,0.0790479
78.9,BOOSTER_COAST,27038.799,1.1476818,26.5682464,1226.959,1362.167,693.212,64186.873,-513494.182,108.925,1.25541,0,2334.951,0.0760823
79.16,BOOSTER_COAST,27218.755,1.1601262,26.567145,1225.315,1360.647,691.264,64160.483,-513540.192,108.616,1.25541,0,2335.019,0.0732331
79.42,BOOSTER_COAST,27398.205,1.1725597,26.5660823,1223.685,1359.142,689.323,64135.195,-513584.545,108.308,1.25541,0,2335.15,0.0704978
79.68,BOOSTER_COAST,27577.151,1.1849828,26.5650565,1222.07,1357.651,687.39,64110.959,-513627.309,108.002,1.25541,0,2335.22,0.0678723
79.94,BOOSTER_COAST,27755.595,1.1973953,26.5640663,1220.469,1356.174,685.464,64087.726,-513668.543,107.698,1.25541,0,2335.281,0.0653526
80.2,BOOSTER_COAST,27933.54,1.2097977,26.56311,1218.882,1354.711,683.544,64065.453,-513708.308,107.396,1.25541,0,2335.34,0.0629348
80.46,BOOSTER_COAST,28110.987,1.2221898,26.5621863,1217.307,1353.26,681.632,64044.097,-513746.661,107.095,1.25541,0,2335.46,0.0606151
80.56,PRE_SEPARATION,28179.103,1.2269534,26.5618394,1216.705,1352.706,680.898,64036.119,-513761.049,106.957,1.25541,0,2335.46,0.0595766
80.82,BOOSTER_SEPARATED,28355.957,1.239338,26.5640702,1216.105,1352.225,679.536,64093.034,-513667.327,106.825,0.68541,0,2335.521,0.0576091
82.68,UPPER_ENGINE_READY,29607.88,1.3277304,26.5630781,1206.632,1343.634,666.799,64069.854,-513708.572,104.921,0.68541,0,2335.956,0.0444438
82.96,UPPER_ASCENT,29794.506,1.3410187,26.5735214,1208.423,1345.542,666.671,64310.368,-513274.531,105.105,0.68464,0.5,2332.833,0.042794
83.28,UPPER_ASCENT,30007.905,1.3562486,26.5888126,1211.48,1348.726,667.084,64662.683,-512637.046,105.466,0.68362,0.5,2329.663,0.0412895
83.6,UPPER_ASCENT,30221.437,1.3715258,26.604195,1214.548,1351.922,667.504,65016.873,-511994.836,105.831,0.6826,0.5,2323.887,0.039846
83.92,UPPER_ASCENT,30435.105,1.3868505,26.6196624,1217.627,1355.127,667.93,65372.951,-511347.901,106.2,0.68158,0.5,2320.703,0.0384612
84.24,UPPER_ASCENT,30648.91,1.4022228,26.6351918,1220.719,1358.344,668.362,65730.918,-510696.124,106.573,0.68056,0.5,2314.904,0.0371328
84.56,UPPER_ASCENT,30862.854,1.4176427,26.6507544,1223.822,1361.573,668.799,66090.792,-510039.394,106.95,0.67954,0.5,2311.999,0.0358587
84.88,UPPER_ASCENT,31076.938,1.4331106,26.666324,1226.938,1364.812,669.243,66452.601,-509377.62,107.331,0.67852,0.5,2305.885,0.0346364
85.2,UPPER_ASCENT,31291.166,1.4486264,26.6818794,1230.066,1368.064,669.692,66816.373,-508710.726,107.716,0.67751,0.5,2302.969,0.0334636
85.52,UPPER_ASCENT,31505.538,1.4641902,26.6974055,1233.206,1371.327,670.146,67182.138,-508038.65,108.106,0.67649,0.5,2296.833,0.032338
85.84,UPPER_ASCENT,31720.057,1.4798023,26.7128929,1236.358,1374.602,670.607,67549.922,-507361.339,108.5,0.67547,0.5,2290.974,0.0312571
86.16,UPPER_ASCENT,31934.724,1.4954625,26.7283363,1239.523,1377.889,671.073,67919.753,-506678.75,108.898,0.67445,0.5,2287.745,0.0302186
86.48,UPPER_ASCENT,32149.588,1.5111747,26.7468248,1243.648,1382.131,672.062,68366.992,-505851.596,109.446,0.6732,0.7,2281.033,0.0292398
86.8,UPPER_ASCENT,32364.899,1.5269566,26.7683229,1248.739,1387.333,673.578,68893.918,-504876.439,110.149,0.67177,0.7,2276.484,0.0283619
87.12,UPPER_ASCENT,32580.696,1.5428112,26.7897738,1253.848,1392.553,675.103,69426.032,-503891.346,110.862,0.67034,0.7,2268.194,0.0275123
87.44,UPPER_ASCENT,32796.983,1.5587386,26.8111904,1258.976,1397.792,676.637,69963.428,-502896.232,111.585,0.66891,0.7,2263.624,0.0266884
87.76,UPPER_ASCENT,33013.763,1.5747391,26.8325662,1264.123,1403.048,678.181,70506.206,-501890.989,112.318,0.66749,0.7,2255.296,0.0258878
88.08,UPPER_ASCENT,33231.038,1.5908129,26.853888,1269.289,1408.323,679.735,71054.473,-500875.501,113.061,0.66606,0.7,2251.123,0.0251084
88.4,UPPER_ASCENT,33448.812,1.6069601,26.8751414,1274.474,1413.617,681.299,71608.336,-499849.65,113.814,0.66463,0.7,2242.339,0.0243478
88.72,UPPER_ASCENT,33667.088,1.6231807,26.8963144,1279.678,1418.928,682.872,72167.91,-498813.319,114.578,0.6632,0.7,2233.529,0.0236039
89.04,UPPER_ASCENT,33885.87,1.6394753,26.9173979,1284.901,1424.258,684.456,72733.309,-497766.39,115.353,0.66178,0.7,2229.324,0.0228787
89.36,UPPER_ASCENT,34105.16,1.6558437,26.9383861,1290.144,1429.607,686.05,73304.648,-496708.751,116.139,0.66035,0.7,2220.896,0.0221732
89.68,UPPER_ASCENT,34324.961,1.6722863,26.9592762,1295.405,1434.974,687.654,73882.046,-495640.289,116.937,0.65892,0.7,2216.25,0.0214873
90,UPPER_ASCENT,34545.278,1.688803,26.9800669,1300.686,1440.36,689.268,74465.623,-494560.891,117.746,0.65749,0.7,2207.784,0.0208206
90.32,UPPER_ASCENT,34766.113,1.7053941,27.0007584,1305.986,1445.765,690.893,75055.503,-493470.444,118.566,0.65607,0.7,2203.117,0.0201732
90.64,UPPER_ASCENT,34987.469,1.7220597,27.0213511,1311.305,1451.188,692.528,75651.811,-492368.838,119.399,0.65464,0.7,2194.612,0.0195446
90.96,UPPER_ASCENT,35209.351,1.7388,27.0418463,1316.643,1456.629,694.174,76254.677,-491255.957,120.244,0.65321,0.7,2189.924,0.0189349
91.28,UPPER_ASCENT,35431.761,1.7556152,27.0622451,1322.001,1462.09,695.831,76864.235,-490131.687,121.101,0.65178,0.7,2181.381,0.0183436
91.6,UPPER_ASCENT,35654.703,1.7725055,27.0825484,1327.377,1467.569,697.498,77480.619,-488995.912,121.971,0.65029,0.55,2172.384,0.0177707
91.92,UPPER_ASCENT,35878.063,1.789462,27.0987009,1331.391,1471.69,698.443,77977.554,-488080.634,122.61,0.64916,0.55,2169.013,0.0171911
92.24,UPPER_ASCENT,36101.711,1.8064749,27.1145104,1335.325,1475.732,699.347,78470.071,-487173.19,123.241,0.64804,0.55,2161.922,0.0166189
92.56,UPPER_ASCENT,36325.649,1.8235443,27.1302264,1339.274,1479.788,700.258,78966.572,-486258.164,123.88,0.64692,0.55,2158.54,0.0160673
92.88,UPPER_ASCENT,36549.822,1.8406657,27.1422969,1342.001,1482.627,700.526,79352.508,-485546.619,124.319,0.64612,0.3,2152.689,0.015523
93.2,UPPER_ASCENT,36773.918,1.8578156,27.1507678,1343.501,1484.244,700.148,79625.388,-485042.302,124.527,0.64551,0.3,2150.659,0.0149577
93.52,UPPER_ASCENT,36997.894,1.8749906,27.1598117,1345.103,1485.968,699.767,79918.024,-484505.837,124.739,0.64489,0.3,2146.963,0.0144158
93.84,UPPER_ASCENT,37221.708,1.893263,27.1661037,1345.872,1486.854,699.048,80127.778,-484130.506,124.823,0.64443,0.15,2145.114,0.0138891
94.16,ASCENT_CUTOFF,37445.225,1.9093975,27.171039,1346.344,1487.444,698.128,80288.186,-483806.373,124.839,0.64407,0,2142.621,0.0133721
94.18,UPPER_ASCENT,37459.184,1.9104735,27.171274,1346.343,1487.552,698.01,80310.979,-483756.637,124.845,0.64403,0,2142.621,0.0133406
94.78,ATMOSPHERIC_COAST,37876.863,1.9427329,27.1714506,1343.708,1485.061,694.405,80291.119,-483771.993,124.231,0.64403,0,2141.903,0.0124116
95.28,ATMOSPHERIC_COAST,38223.239,1.9695785,27.1709038,1341.338,1482.897,691.265,80269.334,-483787.229,123.693,0.64403,0,2141.921,0.0117104
95.78,ATMOSPHERIC_COAST,38568.066,1.9963909,27.1698801,1338.981,1480.744,688.151,80250.398,-483804.583,123.159,0.64403,0,2141.946,0.0110596
96.28,ATMOSPHERIC_COAST,38911.346,2.0231702,27.168445,1336.647,1478.614,685.073,80235.891,-483822.477,122.633,0.64403,0,2141.961,0.010453
96.78,ATMOSPHERIC_COAST,39253.087,2.049917,27.1668935,1334.338,1476.508,682.021,80224.513,-483839.306,122.111,0.64403,0,2141.983,0.0098872
97.28,ATMOSPHERIC_COAST,39593.3,2.0766308,27.1654936,1332.052,1474.423,678.985,80215.024,-483854.489,121.593,0.64403,0,2141.997,0.0093586
97.78,ATMOSPHERIC_COAST,39931.994,2.1033123,27.1643388,1329.784,1472.357,675.957,80206.714,-483868.097,121.077,0.64403,0,2142.009,0.0088637
98.28,ATMOSPHERIC_COAST,40269.176,2.1299615,27.1633818,1327.533,1470.306,672.936,80199.181,-483880.471,120.563,0.64403,0,2142.028,0.0083992
98.78,ATMOSPHERIC_COAST,40604.848,2.1565788,27.1625288,1325.295,1468.269,669.921,80192.162,-483892.02,120.049,0.64403,0,2142.039,0.0079621
99.28,ATMOSPHERIC_COAST,40939.014,2.1831644,27.1617031,1323.069,1466.243,666.91,80185.487,-483903.074,119.536,0.64403,0,2142.055,0.0075494
99.78,ATMOSPHERIC_COAST,41271.675,2.2097187,27.160867,1320.853,1464.227,663.903,80179.07,-483913.802,119.024,0.64403,0,2142.065,0.0071696
100.28,ATMOSPHERIC_COAST,41602.834,2.2362418,27.1600184,1318.647,1462.221,660.899,80172.879,-483924.247,118.512,0.64403,0,2142.079,0.0068246
100.78,ATMOSPHERIC_COAST,41932.491,2.2627342,27.1591788,1316.452,1460.225,657.898,80166.932,-483934.348,118,0.64403,0,2142.089,0.0064927
101.28,ATMOSPHERIC_COAST,42260.649,2.289196,27.1583731,1314.268,1458.24,654.902,80161.26,-483944.021,117.489,0.64403,0,2142.097,0.0061723
101.78,ATMOSPHERIC_COAST,42587.31,2.3156273,27.1576157,1312.095,1456.266,651.909,80155.879,-483953.223,116.978,0.64403,0,2142.11,0.0058666
102.28,ATMOSPHERIC_COAST,42912.476,2.3420284,27.1569077,1309.933,1454.303,648.921,80150.783,-483961.957,116.468,0.64403,0,2142.119,0.0055757
102.78,ATMOSPHERIC_COAST,43236.149,2.3683994,27.1562421,1307.783,1452.351,645.936,80145.955,-483970.26,115.959,0.64403,0,2142.131,0.005299
103.28,ATMOSPHERIC_COAST,43558.33,2.3947406,27.1556099,1305.643,1450.409,642.954,80141.379,-483978.174,115.45,0.64403,0,2142.138,0.0050359
103.78,ATMOSPHERIC_COAST,43879.021,2.4210522,27.1550049,1303.514,1448.478,639.977,80137.04,-483985.73,114.941,0.64403,0,2142.148,0.0047859
104.28,ATMOSPHERIC_COAST,44198.225,2.4473345,27.1544244,1301.395,1446.557,637.003,80132.927,-483992.953,114.433,0.64403,0,2142.155,0.0045485
104.78,ATMOSPHERIC_COAST,44515.942,2.4735878,27.1538685,1299.287,1444.646,634.032,80129.028,-483999.856,113.925,0.64403,0,2142.161,0.004323
105.28,ATMOSPHERIC_COAST,44832.176,2.4998119,27.1533376,1297.189,1442.744,631.065,80125.33,-484006.453,113.417,0.64403,0,2142.17,0.004109
105.78,ATMOSPHERIC_COAST,45146.926,2.5260074,27.1528316,1295.101,1440.853,628.101,80121.825,-484012.757,112.91,0.64403,0,2142.177,0.0039059
106.28,ATMOSPHERIC_COAST,45460.196,2.5521743,27.1523496,1293.024,1438.972,625.141,80118.501,-484018.783,112.404,0.64403,0,2142.184,0.0037132
106.78,ATMOSPHERIC_COAST,45771.986,2.5783129,27.1518904,1290.956,1437.1,622.183,80115.348,-484024.548,111.897,0.64403,0,2142.189,0.0035304
107.28,ATMOSPHERIC_COAST,46082.298,2.6044233,27.1514524,1288.899,1435.238,619.229,80112.356,-484030.067,111.391,0.64403,0,2142.197,0.0033571
107.78,ATMOSPHERIC_COAST,46391.134,2.6305056,27.1510342,1286.851,1433.386,616.278,80109.513,-484035.354,110.885,0.64403,0,2142.202,0.0031927
108.28,ATMOSPHERIC_COAST,46698.495,2.6565602,27.1506347,1284.813,1431.543,613.33,80106.813,-484040.423,110.38,0.64403,0,2142.206,0.0030368
108.78,ATMOSPHERIC_COAST,47004.384,2.6825869,27.1502528,1282.784,1429.709,610.385,80104.247,-484045.285,109.874,0.64403,0,2142.212,0.002889
109.28,ATMOSPHERIC_COAST,47308.8,2.7085865,27.149888,1280.766,1427.885,607.443,80101.807,-484049.949,109.369,0.64403,0,2142.216,0.0027487
109.78,ATMOSPHERIC_COAST,47611.746,2.7345586,27.1495394,1278.756,1426.07,604.503,80099.488,-484054.425,108.865,0.64403,0,2142.221,0.0026155
110.28,ATMOSPHERIC_COAST,47913.223,2.7605038,27.1492063,1276.757,1424.264,601.567,80097.283,-484058.721,108.36,0.64403,0,2142.225,0.0024891
110.78,ATMOSPHERIC_COAST,48213.232,2.7864218,27.1488879,1274.767,1422.467,598.633,80095.186,-484062.846,107.856,0.64403,0,2142.23,0.0023689
111.28,ATMOSPHERIC_COAST,48511.776,2.8123131,27.1485836,1272.786,1420.68,595.702,80093.191,-484066.807,107.351,0.64403,0,2142.233,0.0022547
111.78,ATMOSPHERIC_COAST,48808.854,2.8381777,27.1482927,1270.815,1418.901,592.774,80091.295,-484070.611,106.847,0.64403,0,2142.236,0.0021459
112.28,ATMOSPHERIC_COAST,49104.469,2.8640161,27.1480146,1268.852,1417.131,589.848,80089.491,-484074.264,106.344,0.64403,0,2142.24,0.0020422
112.78,ATMOSPHERIC_COAST,49398.622,2.889828,27.1477487,1266.9,1415.371,586.925,80087.775,-484077.771,105.84,0.64403,0,2142.243,0.0019432
113.28,ATMOSPHERIC_COAST,49691.314,2.9156139,27.1474946,1264.956,1413.619,584.004,80086.144,-484081.139,105.336,0.64403,0,2142.247,0.0018488
113.78,ATMOSPHERIC_COAST,49982.547,2.9413736,27.1472517,1263.022,1411.876,581.086,80084.594,-484084.372,104.833,0.64403,0,2142.249,0.0017589
114.28,ATMOSPHERIC_COAST,50272.321,2.9671075,27.1470197,1261.097,1410.142,578.171,80083.12,-484087.474,104.33,0.64403,0,2142.253,0.0016732
114.78,ATMOSPHERIC_COAST,50560.638,2.992816,27.1467981,1259.181,1408.417,575.258,80081.719,-484090.452,103.827,0.64403,0,2142.255,0.0015917
115.28,ATMOSPHERIC_COAST,50847.499,3.0184989,27.1465864,1257.274,1406.7,572.347,80080.388,-484093.309,103.324,0.64403,0,2142.257,0.0015142
115.78,ATMOSPHERIC_COAST,51132.906,3.0441563,27.1463841,1255.377,1404.993,569.439,80079.123,-484096.05,102.821,0.64403,0,2142.26,0.0014404
116.28,ATMOSPHERIC_COAST,51416.859,3.0697887,27.1461909,1253.488,1403.294,566.533,80077.922,-484098.679,102.319,0.64403,0,2142.262,0.0013704
116.78,ATMOSPHERIC_COAST,51699.36,3.0953958,27.1460063,1251.609,1401.604,563.63,80076.78,-484101.201,101.816,0.64403,0,2142.265,0.0013038
117.28,ATMOSPHERIC_COAST,51980.409,3.1209781,27.14583,1249.738,1399.922,560.729,80075.695,-484103.621,101.314,0.64403,0,2142.267,0.0012405
117.78,ATMOSPHERIC_COAST,52260.009,3.1465356,27.1456615,1247.877,1398.249,557.83,80074.664,-484105.941,100.812,0.64403,0,2142.269,0.0011804
118.28,ATMOSPHERIC_COAST,52538.16,3.1720686,27.1455005,1246.025,1396.585,554.934,80073.685,-484108.166,100.309,0.64403,0,2142.271,0.0011234
118.78,ATMOSPHERIC_COAST,52814.863,3.197577,27.1453467,1244.181,1394.929,552.039,80072.754,-484110.3,99.807,0.64403,0,2142.272,0.0010693
119.28,ATMOSPHERIC_COAST,53090.12,3.2230611,27.1451996,1242.347,1393.282,549.147,80071.87,-484112.346,99.305,0.64403,0,2142.274,0.001018
119.78,ATMOSPHERIC_COAST,53363.932,3.2485211,27.1450591,1240.521,1391.643,546.257,80071.03,-484114.307,98.804,0.64403,0,2142.276,0.0009693
120.28,ATMOSPHERIC_COAST,53636.299,3.2739568,27.1449247,1238.705,1390.013,543.369,80070.231,-484116.189,98.302,0.64403,0,2142.278,0.000923
120.78,ATMOSPHERIC_COAST,53907.222,3.2993689,27.1447963,1236.897,1388.391,540.484,80069.472,-484117.992,97.8,0.64403,0,2142.279,0.0008792
121.28,ATMOSPHERIC_COAST,54176.704,3.3247569,27.1446734,1235.098,1386.778,537.6,80068.751,-484119.722,97.299,0.64403,0,2142.281,0.0008376
121.78,ATMOSPHERIC_COAST,54444.744,3.3501215,27.1445559,1233.308,1385.173,534.719,80068.065,-484121.381,96.797,0.64403,0,2142.281,0.0007982
122.28,ATMOSPHERIC_COAST,54711.344,3.3754625,27.1444436,1231.527,1383.577,531.84,80067.412,-484122.971,96.296,0.64403,0,2142.282,0.0007607
122.78,ATMOSPHERIC_COAST,54976.505,3.40078,27.1443361,1229.755,1381.989,528.962,80066.792,-484124.496,95.794,0.64403,0,2142.284,0.0007251
123.28,ATMOSPHERIC_COAST,55240.228,3.4260745,27.1442333,1227.992,1380.409,526.087,80066.202,-484125.958,95.293,0.64403,0,2142.285,0.0006913
123.78,ATMOSPHERIC_COAST,55502.513,3.4513457,27.1441349,1226.237,1378.838,523.214,80065.641,-484127.361,94.792,0.64403,0,2142.286,0.0006592
124.28,ATMOSPHERIC_COAST,55763.363,3.476594,27.1440408,1224.491,1377.275,520.342,80065.107,-484128.705,94.29,0.64403,0,2142.287,0.0006285
124.78,ATMOSPHERIC_COAST,56022.777,3.5018196,27.1439507,1222.754,1375.721,517.473,80064.599,-484129.994,93.789,0.64403,0,2142.288,0.0005994
125.28,ATMOSPHERIC_COAST,56280.758,3.5270224,27.1438646,1221.026,1374.175,514.606,80064.115,-484131.23,93.288,0.64403,0,2142.289,0.0005715
125.78,ATMOSPHERIC_COAST,56537.305,3.5522025,27.1437821,1219.307,1372.637,511.74,80063.654,-484132.418,92.787,0.64403,0,2142.29,0.0005449
126.28,ATMOSPHERIC_COAST,56792.42,3.5773602,27.1437032,1217.596,1371.108,508.877,80063.214,-484133.562,92.286,0.64403,0,2142.291,0.0005195
126.78,ATMOSPHERIC_COAST,57046.103,3.6024957,27.1436276,1215.894,1369.586,506.015,80062.794,-484134.664,91.785,0.64403,0,2142.292,0.0004952
127.28,ATMOSPHERIC_COAST,57298.357,3.6276088,27.1435552,1214.201,1368.074,503.155,80062.391,-484135.727,91.284,0.64403,0,2142.292,0.0004721
127.78,ATMOSPHERIC_COAST,57549.18,3.6526999,27.1434858,1212.517,1366.569,500.297,80062.006,-484136.756,90.783,0.64403,0,2142.293,0.0004498
128.28,ATMOSPHERIC_COAST,57798.576,3.6777692,27.1434193,1210.841,1365.072,497.441,80061.636,-484137.75,90.282,0.64403,0,2142.294,0.0004282
128.78,ATMOSPHERIC_COAST,58046.543,3.7028165,27.1433556,1209.174,1363.584,494.586,80061.282,-484138.712,89.782,0.64403,0,2142.294,0.0004075
129.28,ATMOSPHERIC_COAST,58293.084,3.7278421,27.1432947,1207.516,1362.104,491.734,80060.942,-484139.643,89.281,0.64403,0,2142.295,0.0003878
129.78,ATMOSPHERIC_COAST,58538.199,3.752846,27.1432363,1205.867,1360.632,488.883,80060.615,-484140.544,88.78,0.64403,0,2142.296,0.0003689
130.28,ATMOSPHERIC_COAST,58781.889,3.7778287,27.1431804,1204.226,1359.169,486.034,80060.302,-484141.418,88.279,0.64403,0,2142.296,0.0003509
130.78,ATMOSPHERIC_COAST,59024.155,3.8027899,27.1431268,1202.594,1357.713,483.186,80060.001,-484142.264,87.779,0.64403,0,2142.296,0.0003337
131.28,ATMOSPHERIC_COAST,59264.998,3.8277299,27.1430755,1200.97,1356.266,480.341,80059.712,-484143.084,87.278,0.64403,0,2142.297,0.0003173
131.78,ATMOSPHERIC_COAST,59504.418,3.852649,27.1430264,1199.356,1354.827,477.497,80059.434,-484143.878,86.777,0.64403,0,2142.297,0.0003018
132.28,ATMOSPHERIC_COAST,59742.417,3.8775468,27.1429794,1197.75,1353.396,474.654,80059.167,-484144.648,86.277,0.64403,0,2142.298,0.000287
132.78,ATMOSPHERIC_COAST,59978.995,3.9024239,27.1429343,1196.152,1351.973,471.814,80058.91,-484145.394,85.776,0.64403,0,2142.298,0.000273
132.86,FAIRING_JETTISON,60016.716,3.9064023,27.1429273,1195.898,1351.747,471.36,80058.869,-484145.511,85.696,0.64403,0,2142.298,0.0002708
132.88,NEAR_VACUUM,60026.13,3.9073958,27.1411576,1195.069,1350.927,470.944,80023.03,-484294.656,85.577,0.57288,0,2142.298,0.0002703
133.4,TERMINAL_COAST,60270.215,3.9332268,27.1417309,1193.433,1349.469,468.015,80024.873,-484294.83,85.041,0.57288,0,2549.247,0.0002557
133.96,TERMINAL_COAST,60531.381,3.9610195,27.1416884,1191.662,1347.893,464.834,80024.424,-484296.432,84.48,0.57288,0,2549.247,0.0002419
134.52,TERMINAL_COAST,60790.762,3.9887865,27.1416497,1189.903,1346.327,461.656,80024.017,-484297.945,83.919,0.57288,0,2549.248,0.0002288
135.08,TERMINAL_COAST,61048.356,4.0165277,27.1416136,1188.155,1344.772,458.481,80023.63,-484299.388,83.358,0.57288,0,2549.248,0.0002165
135.64,TERMINAL_COAST,61304.171,4.0442438,27.141579,1186.418,1343.227,455.307,80023.259,-484300.777,82.797,0.57288,0,2549.248,0.0002048
136.2,TERMINAL_COAST,61558.21,4.0719342,27.1415453,1184.692,1341.692,452.135,80022.902,-484302.119,82.236,0.57288,0,2549.249,0.0001939
136.76,TERMINAL_COAST,61810.474,4.0995998,27.1415126,1182.977,1340.168,448.965,80022.56,-484303.415,81.675,0.57288,0,2549.25,0.0001836
137.32,TERMINAL_COAST,62060.963,4.1272407,27.1414812,1181.273,1338.654,445.797,80022.233,-484304.664,81.115,0.57288,0,2549.25,0.0001738
137.88,TERMINAL_COAST,62309.679,4.1548567,27.1414512,1179.58,1337.15,442.632,80021.921,-484305.865,80.554,0.57288,0,2549.25,0.0001646
138.44,TERMINAL_COAST,62556.623,4.1824484,27.1414226,1177.899,1335.657,439.468,80021.623,-484307.019,79.993,0.57288,0,2549.25,0.0001558
139,TERMINAL_COAST,62801.796,4.2100153,27.1413953,1176.228,1334.174,436.306,80021.338,-484308.126,79.432,0.57288,0,2549.251,0.0001471
139.56,TERMINAL_COAST,63045.198,4.2375579,27.1413694,1174.569,1332.701,433.146,80021.067,-484309.186,78.872,0.57288,0,2549.251,0.0001387
140.12,TERMINAL_COAST,63286.832,4.2650766,27.1413447,1172.921,1331.239,429.988,80020.81,-484310.199,78.311,0.57288,0,2549.251,0.0001305
140.68,TERMINAL_COAST,63526.698,4.2925715,27.1413213,1171.284,1329.788,426.832,80020.565,-484311.165,77.75,0.57288,0,2549.252,0.0001225
141.24,TERMINAL_COAST,63764.796,4.3200426,27.1412992,1169.658,1328.346,423.677,80020.333,-484312.083,77.19,0.57288,0,2549.252,0.0001148
141.8,TERMINAL_COAST,64001.129,4.3474898,27.1412783,1168.043,1326.915,420.525,80020.113,-484312.954,76.629,0.57288,0,2549.252,0.0001073
142.36,TERMINAL_COAST,64235.697,4.3749137,27.1412587,1166.44,1325.495,417.374,80019.905,-484313.779,76.069,0.57288,0,2549.252,0.0001
142.92,TERMINAL_COAST,64468.502,4.4023142,27.1412403,1164.848,1324.084,414.226,80019.709,-484314.557,75.508,0.57288,0,2549.253,9.3E-05
143.42,TERMINAL_COAST,64674.873,4.4267592,27.1412249,1163.436,1322.834,411.416,80019.543,-484315.212,75.008,0.57288,0,2549.253,8.69E-05
143.98,TERMINAL_COAST,64904.342,4.4541163,27.1412087,1161.865,1321.444,408.271,80019.368,-484315.903,74.447,0.57288,0,2549.253,8.03E-05
144.54,TERMINAL_COAST,65132.05,4.4814501,27.1411938,1160.305,1320.063,405.127,80019.203,-484316.549,73.887,0.57288,0,2549.254,7.4E-05
145.1,TERMINAL_COAST,65357.998,4.5087614,27.1411799,1158.756,1318.693,401.985,80019.048,-484317.15,73.327,0.57288,0,2549.253,6.79E-05
145.66,TERMINAL_COAST,65582.187,4.5360498,27.1411672,1157.219,1317.334,398.845,80018.902,-484317.707,72.766,0.57288,0,2549.254,6.21E-05
146.22,TERMINAL_COAST,65804.618,4.5633163,27.1411556,1155.693,1315.985,395.707,80018.766,-484318.221,72.206,0.57288,0,2549.254,5.65E-05
146.78,TERMINAL_COAST,66025.293,4.5905604,27.1411451,1154.178,1314.646,392.571,80018.639,-484318.694,71.646,0.57288,0,2549.254,5.12E-05
147.34,TERMINAL_COAST,66244.211,4.6177821,27.1411355,1152.675,1313.318,389.436,80018.519,-484319.127,71.085,0.57288,0,2549.255,4.61E-05
147.9,TERMINAL_COAST,66461.375,4.6449819,27.1411269,1151.182,1312,386.303,80018.408,-484319.522,70.525,0.57288,0,2549.255,4.13E-05
148.46,TERMINAL_COAST,66676.784,4.6721601,27.1411193,1149.701,1310.692,383.171,80018.303,-484319.882,69.965,0.57288,0,2549.255,3.68E-05
149.02,TERMINAL_COAST,66890.44,4.6993165,27.1411125,1148.232,1309.395,380.042,80018.205,-484320.208,69.405,0.57288,0,2549.255,3.25E-05
149.58,TERMINAL_COAST,67102.344,4.7264514,27.1411065,1146.773,1308.108,376.913,80018.113,-484320.503,68.845,0.57288,0,2549.255,2.84E-05
150.14,TERMINAL_COAST,67312.497,4.7535653,27.1411012,1145.326,1306.831,373.787,80018.026,-484320.768,68.285,0.57288,0,2549.255,2.47E-05
150.7,TERMINAL_COAST,67520.9,4.7806573,27.1410967,1143.89,1305.565,370.662,80017.945,-484321.004,67.724,0.57288,0,2549.256,2.12E-05
151.26,TERMINAL_COAST,67727.552,4.8077288,27.1410929,1142.465,1304.309,367.539,80017.868,-484321.212,67.164,0.57288,0,2549.256,1.79E-05
151.82,TERMINAL_COAST,67932.457,4.8347788,27.1410898,1141.052,1303.063,364.417,80017.797,-484321.394,66.604,0.57288,0,2549.256,1.5E-05
152.38,TERMINAL_COAST,68135.613,4.8618088,27.1410873,1139.65,1301.828,361.297,80017.729,-484321.551,66.044,0.57288,0,2549.256,1.23E-05
152.94,TERMINAL_COAST,68337.023,4.8888173,27.1410854,1138.259,1300.603,358.178,80017.665,-484321.682,65.484,0.57288,0,2549.256,9.8E-06
153.5,TERMINAL_COAST,68536.687,4.9158058,27.141084,1136.879,1299.388,355.061,80017.605,-484321.791,64.924,0.57288,0,2549.256,7.7E-06
154.06,TERMINAL_COAST,68734.605,4.9427738,27.1410831,1135.511,1298.184,351.945,80017.549,-484321.878,64.364,0.57288,0,2549.256,5.8E-06
154.62,TERMINAL_COAST,68930.779,4.9697218,27.1410827,1134.154,1296.99,348.831,80017.495,-484321.946,63.804,0.57288,0,2549.256,4.2E-06
155.18,TERMINAL_COAST,69125.209,4.9966493,27.1410827,1132.809,1295.806,345.718,80017.444,-484321.996,63.244,0.57288,0,2549.256,2.8E-06
155.74,TERMINAL_COAST,69317.897,5.0235572,27.1410831,1131.474,1294.632,342.607,80017.395,-484322.031,62.684,0.57288,0,2549.256,1.7E-06
156.3,TERMINAL_COAST,69508.843,5.0504451,27.1410837,1130.151,1293.469,339.497,80017.348,-484322.054,62.124,0.57288,0,2549.256,9E-07
156.86,TERMINAL_COAST,69698.048,5.0773134,27.1410845,1128.84,1292.316,336.388,80017.302,-484322.068,61.564,0.57288,0,2549.256,3E-07
157.42,TERMINAL_COAST,69885.512,5.1041622,27.1410854,1127.539,1291.174,333.281,80017.257,-484322.078,61.004,0.57288,0,2549.256,0
157.98,TERMINAL_COAST,70071.25,5.1309915,27.141086,1126.25,1290.041,330.175,80017.227,-484322.082,60.444,0.57288,0,2549.256,0
158.54,TERMINAL_COAST,70255.277,5.1578016,27.141086,1124.973,1288.919,327.071,80017.227,-484322.082,59.884,0.57288,0,2549.256,0
159.1,TERMINAL_COAST,70437.566,5.1845922,27.141086,1123.706,1287.807,323.968,80017.227,-484322.082,59.324,0.57288,0,2549.257,0
159.66,TERMINAL_COAST,70618.117,5.2113643,27.1410861,1122.451,1286.705,320.866,80017.227,-484322.082,58.764,0.57288,0,2549.257,0
160.22,TERMINAL_COAST,70796.932,5.2381177,27.141086,1121.207,1285.614,317.766,80017.227,-484322.082,58.204,0.57288,0,2549.256,0
160.78,TERMINAL_COAST,70974.011,5.264852,27.141086,1119.975,1284.532,314.667,80017.227,-484322.082,57.644,0.57288,0,2549.256,0
161.34,TERMINAL_COAST,71149.355,5.2915678,27.1410861,1118.754,1283.461,311.569,80017.227,-484322.082,57.084,0.57288,0,2549.257,0
161.9,TERMINAL_COAST,71322.965,5.318265,27.141086,1117.544,1282.401,308.473,80017.227,-484322.082,56.524,0.57288,0,2549.256,0
162.46,TERMINAL_COAST,71494.84,5.344944,27.141086,1116.346,1281.35,305.378,80017.227,-484322.082,55.964,0.57288,0,2549.256,0
163.02,TERMINAL_COAST,71664.983,5.3716049,27.141086,1115.159,1280.31,302.284,80017.227,-484322.082,55.404,0.57288,0,2549.256,0
163.58,TERMINAL_COAST,71833.394,5.3982477,27.141086,1113.983,1279.28,299.191,80017.227,-484322.082,54.844,0.57288,0,2549.257,0
164.14,TERMINAL_COAST,72000.073,5.4248724,27.141086,1112.819,1278.261,296.099,80017.227,-484322.082,54.284,0.57288,0,2549.257,0
164.7,TERMINAL_COAST,72165.021,5.4514794,27.141086,1111.666,1277.251,293.009,80017.227,-484322.082,53.724,0.57288,0,2549.256,0
165.26,TERMINAL_COAST,72328.239,5.4780688,27.1410861,1110.525,1276.252,289.92,80017.227,-484322.082,53.164,0.57288,0,2549.257,0
165.82,TERMINAL_COAST,72489.727,5.5046411,27.1410861,1109.395,1275.264,286.832,80017.227,-484322.082,52.604,0.57288,0,2549.256,0
166.38,TERMINAL_COAST,72649.487,5.5311952,27.1410861,1108.277,1274.285,283.745,80017.227,-484322.082,52.044,0.57288,0,2549.256,0
166.94,TERMINAL_COAST,72807.518,5.5577326,27.1410861,1107.17,1273.317,280.66,80017.227,-484322.082,51.484,0.57288,0,2549.256,0
167.5,TERMINAL_COAST,72963.821,5.5842524,27.1410861,1106.075,1272.359,277.575,80017.227,-484322.082,50.924,0.57288,0,2549.256,0
168.06,TERMINAL_COAST,73118.398,5.6107554,27.1410861,1104.991,1271.412,274.492,80017.227,-484322.082,50.364,0.57288,0,2549.257,0
168.62,TERMINAL_COAST,73271.248,5.6372414,27.1410861,1103.919,1270.474,271.41,80017.227,-484322.082,49.804,0.57288,0,2549.256,0
169.18,TERMINAL_COAST,73422.373,5.6637106,27.1410861,1102.859,1269.547,268.329,80017.227,-484322.082,49.244,0.57288,0,2549.257,0
169.74,TERMINAL_COAST,73571.772,5.6901631,27.1410861,1101.809,1268.631,265.249,80017.227,-484322.082,48.684,0.57288,0,2549.257,0
170.3,TERMINAL_COAST,73719.447,5.716599,27.1410861,1100.772,1267.725,262.17,80017.227,-484322.082,48.124,0.57288,0,2549.256,0
170.86,TERMINAL_COAST,73865.398,5.7430191,27.1410861,1099.746,1266.829,259.092,80017.227,-484322.082,47.564,0.57288,0,2549.256,0
171.42,TERMINAL_COAST,74009.625,5.7694225,27.1410861,1098.731,1265.943,256.015,80017.227,-484322.082,47.004,0.57288,0,2549.256,0
171.98,TERMINAL_COAST,74152.13,5.7958097,27.1410861,1097.729,1265.068,252.939,80017.227,-484322.082,46.444,0.57288,0,2549.256,0
172.54,TERMINAL_COAST,74292.913,5.8221807,27.1410861,1096.738,1264.203,249.864,80017.227,-484322.082,45.884,0.57288,0,2549.256,0
173.1,TERMINAL_COAST,74431.974,5.848536,27.1410861,1095.758,1263.349,246.791,80017.227,-484322.082,45.324,0.57288,0,2549.256,0
173.66,TERMINAL_COAST,74569.314,5.874876,27.1410861,1094.79,1262.504,243.718,80017.227,-484322.082,44.764,0.57288,0,2549.256,0
174.22,TERMINAL_COAST,74704.934,5.9011998,27.1410861,1093.834,1261.671,240.646,80017.227,-484322.082,44.204,0.57288,0,2549.257,0
174.78,TERMINAL_COAST,74838.833,5.9275084,27.1410861,1092.889,1260.847,237.575,80017.227,-484322.082,43.644,0.57288,0,2549.257,0
175.34,TERMINAL_COAST,74971.013,5.9538012,27.141086,1091.956,1260.034,234.505,80017.227,-484322.082,43.084,0.57288,0,2549.256,0
175.9,TERMINAL_COAST,75101.475,5.9800792,27.141086,1091.035,1259.231,231.436,80017.227,-484322.082,42.524,0.57288,0,2549.257,0
176.46,TERMINAL_COAST,75230.218,6.0063415,27.141086,1090.125,1258.439,228.369,80017.227,-484322.082,41.964,0.57288,0,2549.256,0
177.02,TERMINAL_COAST,75357.243,6.032589,27.141086,1089.227,1257.657,225.301,80017.227,-484322.082,41.404,0.57288,0,2549.256,0
177.58,TERMINAL_COAST,75482.551,6.0588217,27.141086,1088.341,1256.885,222.235,80017.227,-484322.082,40.844,0.57288,0,2549.256,0
178.14,TERMINAL_COAST,75606.142,6.0850396,27.141086,1087.467,1256.124,219.17,80017.227,-484322.082,40.284,0.57288,0,2549.257,0
178.7,TERMINAL_COAST,75728.017,6.1112428,27.141086,1086.604,1255.373,216.106,80017.227,-484322.082,39.724,0.57288,0,2549.256,0
179.26,TERMINAL_COAST,75848.176,6.1374316,27.141086,1085.753,1254.633,213.042,80017.227,-484322.082,39.164,0.57288,0,2549.257,0
179.82,TERMINAL_COAST,75966.62,6.1636057,27.1410861,1084.914,1253.903,209.98,80017.227,-484322.082,38.604,0.57288,0,2549.256,0
180.38,TERMINAL_COAST,76083.349,6.1897659,27.1410861,1084.087,1253.183,206.918,80017.227,-484322.082,38.044,0.57288,0,2549.256,0
180.94,TERMINAL_COAST,76198.363,6.2159114,27.1410861,1083.271,1252.474,203.857,80017.227,-484322.082,37.484,0.57288,0,2549.256,0
181.5,TERMINAL_COAST,76311.664,6.2420435,27.1410861,1082.467,1251.775,200.797,80017.227,-484322.082,36.924,0.57288,0,2549.256,0
182.06,TERMINAL_COAST,76423.251,6.2681608,27.1410861,1081.675,1251.087,197.737,80017.227,-484322.082,36.364,0.57288,0,2549.256,0
182.62,TERMINAL_COAST,76533.125,6.2942648,27.1410861,1080.895,1250.409,194.679,80017.227,-484322.082,35.804,0.57288,0,2549.257,0
183.18,TERMINAL_COAST,76641.287,6.3203554,27.1410861,1080.127,1249.742,191.621,80017.227,-484322.082,35.244,0.57288,0,2549.256,0
183.74,TERMINAL_COAST,76747.736,6.3464317,27.1410861,1079.37,1249.084,188.564,80017.227,-484322.082,34.684,0.57288,0,2549.256,0
184.3,TERMINAL_COAST,76852.474,6.3724952,27.1410861,1078.625,1248.438,185.508,80017.227,-484322.082,34.124,0.57288,0,2549.256,0
184.86,TERMINAL_COAST,76955.5,6.3985448,27.1410861,1077.892,1247.802,182.452,80017.227,-484322.082,33.564,0.57288,0,2549.256,0
185.42,TERMINAL_COAST,77056.816,6.4245815,27.141086,1077.171,1247.176,179.398,80017.227,-484322.082,33.004,0.57288,0,2549.257,0
185.98,TERMINAL_COAST,77156.421,6.4506049,27.141086,1076.462,1246.56,176.344,80017.227,-484322.082,32.444,0.57288,0,2549.257,0
186.54,TERMINAL_COAST,77254.316,6.4766154,27.141086,1075.765,1245.955,173.29,80017.227,-484322.082,31.884,0.57288,0,2549.257,0
187.1,TERMINAL_COAST,77350.502,6.5026131,27.141086,1075.08,1245.361,170.238,80017.227,-484322.082,31.324,0.57288,0,2549.256,0
187.66,TERMINAL_COAST,77444.978,6.5285978,27.141086,1074.406,1244.777,167.186,80017.227,-484322.082,30.764,0.57288,0,2549.256,0
188.22,TERMINAL_COAST,77537.745,6.5545697,27.141086,1073.745,1244.203,164.134,80017.227,-484322.082,30.204,0.57288,0,2549.256,0
188.78,TERMINAL_COAST,77628.804,6.5805297,27.1410861,1073.095,1243.64,161.084,80017.227,-484322.082,29.644,0.57288,0,2549.256,0
189.34,TERMINAL_COAST,77718.155,6.6064768,27.1410861,1072.458,1243.088,158.034,80017.227,-484322.082,29.084,0.57288,0,2549.256,0
189.9,TERMINAL_COAST,77805.797,6.6324115,27.1410861,1071.832,1242.546,154.985,80017.227,-484322.082,28.524,0.57288,0,2549.256,0
190.46,TERMINAL_COAST,77891.733,6.6583343,27.1410861,1071.218,1242.014,151.936,80017.227,-484322.082,27.964,0.57288,0,2549.256,0
191.02,TERMINAL_COAST,77975.961,6.6842451,27.1410861,1070.616,1241.493,148.888,80017.227,-484322.082,27.404,0.57288,0,2549.256,0
191.58,TERMINAL_COAST,78058.482,6.7101436,27.1410861,1070.026,1240.982,145.84,80017.227,-484322.082,26.844,0.57288,0,2549.256,0
192.14,TERMINAL_COAST,78139.297,6.7360306,27.1410861,1069.449,1240.482,142.793,80017.227,-484322.082,26.284,0.57288,0,2549.256,0
192.7,TERMINAL_COAST,78218.406,6.7619057,27.1410861,1068.883,1239.992,139.747,80017.227,-484322.082,25.724,0.57288,0,2549.256,0
193.26,TERMINAL_COAST,78295.809,6.7877693,27.1410861,1068.329,1239.512,136.701,80017.227,-484322.081,25.164,0.57288,0,2549.256,0
193.82,TERMINAL_COAST,78371.507,6.813621,27.1410861,1067.787,1239.044,133.656,80017.227,-484322.081,24.604,0.57288,0,2549.256,0
194.38,TERMINAL_COAST,78445.499,6.8394618,27.141086,1067.257,1238.585,130.611,80017.227,-484322.081,24.044,0.57288,0,2549.256,0
194.94,TERMINAL_COAST,78517.786,6.8652911,27.141086,1066.739,1238.137,127.567,80017.227,-484322.081,23.484,0.57288,0,2549.256,0
195.5,TERMINAL_COAST,78588.369,6.8911095,27.141086,1066.233,1237.7,124.523,80017.227,-484322.081,22.924,0.57288,0,2549.256,0
196.06,TERMINAL_COAST,78657.247,6.9169164,27.141086,1065.739,1237.273,121.48,80017.227,-484322.081,22.364,0.57288,0,2549.256,0
196.62,TERMINAL_COAST,78724.422,6.9427128,27.141086,1065.258,1236.857,118.437,80017.227,-484322.081,21.804,0.57288,0,2549.256,0
197.18,TERMINAL_COAST,78789.892,6.9684982,27.1410861,1064.788,1236.451,115.395,80017.227,-484322.081,21.244,0.57288,0,2549.256,0
197.74,TERMINAL_COAST,78853.66,6.9942727,27.1410861,1064.33,1236.056,112.353,80017.227,-484322.081,20.684,0.57288,0,2549.256,0
198.3,TERMINAL_COAST,78915.723,7.0200367,27.1410861,1063.885,1235.671,109.312,80017.227,-484322.081,20.124,0.57288,0,2549.256,0
198.86,TERMINAL_COAST,78976.084,7.0457902,27.1410861,1063.451,1235.297,106.271,80017.227,-484322.081,19.564,0.57288,0,2549.256,0
199.42,TERMINAL_COAST,79034.742,7.0715337,27.1410861,1063.03,1234.933,103.231,80017.227,-484322.081,19.004,0.57288,0,2549.256,0
199.98,TERMINAL_COAST,79091.698,7.0972662,27.1410861,1062.62,1234.579,100.191,80017.227,-484322.081,18.444,0.57288,0,2549.257,0
200.54,TERMINAL_COAST,79146.951,7.1229892,27.1410861,1062.223,1234.237,97.151,80017.227,-484322.081,17.884,0.57288,0,2549.257,0
201.1,TERMINAL_COAST,79200.502,7.1487017,27.1410861,1061.838,1233.904,94.112,80017.227,-484322.081,17.324,0.57288,0,2549.256,0
201.66,TERMINAL_COAST,79252.351,7.1744046,27.1410861,1061.464,1233.583,91.073,80017.227,-484322.081,16.764,0.57288,0,2549.256,0
202.22,TERMINAL_COAST,79302.482,7.2000976,27.1410865,1061.103,1233.272,88.034,80017.21,-484322.084,16.204,0.57288,0,2549.256,0
202.78,TERMINAL_COAST,79350.928,7.2257805,27.1410865,1060.754,1232.971,84.996,80017.21,-484322.084,15.644,0.57288,0,2549.256,0
203.34,TERMINAL_COAST,79397.672,7.2514544,27.1410865,1060.418,1232.681,81.958,80017.21,-484322.084,15.084,0.57288,0,2549.256,0
204.26,SV502_GUIDANCE,79470.981,7.2937317,27.1460947,1074.511,1246.886,77.957,80037.133,-481070.654,14.509,0.57007,1,2535.261,0
204.84,SV502_GUIDANCE,79515.463,7.3208189,27.0956897,1094.326,1266.91,75.381,80052.383,-476448.438,14.229,0.56637,1,2520.498,0
205.42,SV502_GUIDANCE,79558.244,7.3482141,26.9220484,1113.674,1286.688,72.162,80057.435,-471748.726,13.818,0.56268,1,2497.867,0
206,SV502_GUIDANCE,79599.128,7.375813,26.6860505,1132.714,1306.259,68.843,80060.166,-466971.242,13.376,0.55898,1,2474.357,0
206.58,SV502_GUIDANCE,79638.075,7.403584,26.4629209,1151.999,1326.044,65.477,80061.54,-462012.206,12.916,0.55528,1,2459.304,0
207.16,SV502_GUIDANCE,79675.054,7.4315538,26.2782486,1171.722,1346.189,62.06,80061.612,-456825.553,12.438,0.55159,1,2436.226,0
207.74,SV502_GUIDANCE,79710.041,7.459753,26.1147908,1191.741,1366.586,58.61,80060.619,-451428.938,11.943,0.54789,1,2412.978,0
208.32,SV502_GUIDANCE,79743.02,7.4881887,25.949265,1211.899,1387.118,55.14,80058.737,-445844.354,11.432,0.5442,1,2389.555,0
208.9,SV502_GUIDANCE,79773.982,7.5168509,25.775362,1232.153,1407.753,51.657,80056.103,-440073.195,10.903,0.5405,1,2373.35,0
209.48,SV502_GUIDANCE,79802.921,7.5457292,25.6007582,1252.557,1428.533,48.168,80052.849,-434096.227,10.357,0.5368,1,2349.629,0
210.06,SV502_GUIDANCE,79829.836,7.5748253,25.4342168,1273.177,1449.506,44.677,80049.083,-427889.608,9.794,0.53311,1,2325.727,0
210.64,SV502_GUIDANCE,79854.725,7.604147,25.2781904,1294.03,1470.689,41.186,80044.885,-421438.161,9.213,0.52941,1,2309.188,0
211.22,SV502_GUIDANCE,79877.581,7.6337037,25.1300405,1315.098,1492.069,37.697,80040.323,-414734.135,8.612,0.52571,1,2284.976,0
211.8,SV502_GUIDANCE,79898.423,7.6634994,24.9866581,1336.361,1513.63,34.21,80035.468,-407769.981,7.99,0.52202,1,2260.575,0
212.38,SV502_GUIDANCE,79917.249,7.6935372,24.8471002,1357.818,1535.372,30.751,80030.592,-400533.687,7.349,0.51832,1,2235.982,0
212.96,SV502_GUIDANCE,79934.106,7.7238197,24.7121517,1379.48,1557.307,27.418,80026.43,-393008.411,6.712,0.51462,1,2219.738,0
213.54,SV502_GUIDANCE,79949.081,7.7543516,24.5826947,1401.356,1579.443,24.261,80023.235,-385176.753,6.09,0.51093,1,2194.04,0
214.12,SV502_GUIDANCE,79962.282,7.7851386,24.4587897,1423.447,1601.779,21.294,80020.957,-377022.148,5.489,0.50723,1,2168.918,0
214.7,SV502_GUIDANCE,79973.819,7.816185,24.3398729,1445.749,1624.315,18.523,80019.486,-368528.11,4.909,0.50353,1,2152.322,0
215.28,SV502_GUIDANCE,79983.809,7.8474956,24.2253669,1468.258,1647.047,15.951,80018.69,-359677.027,4.352,0.49984,1,2126.863,0
215.86,SV502_GUIDANCE,79992.356,7.8790751,24.1149924,1490.973,1669.975,13.575,80018.418,-350449.446,3.818,0.49614,1,2101.196,0
216.44,SV502_GUIDANCE,79999.589,7.9109268,24.0086479,1513.892,1693.097,11.386,80018.535,-340824.069,3.307,0.49244,1,2083.427,0
217.02,SV502_GUIDANCE,80005.605,7.9430556,23.9062339,1537.015,1716.415,9.373,80018.897,-330777.878,2.816,0.48875,1,2057.401,0
217.6,SV502_GUIDANCE,80010.504,7.9754658,23.8076029,1560.343,1739.929,7.532,80019.404,-320286.035,2.344,0.48505,1,2031.157,0
218.18,SV502_GUIDANCE,80014.383,8.0081606,23.7125834,1583.876,1763.641,5.855,80019.971,-309321.677,1.891,0.48136,1,2004.691,0
218.76,SV502_GUIDANCE,80017.337,8.0411453,23.6210202,1607.614,1787.55,4.337,80020.527,-297855.624,1.456,0.47766,1,1986.365,0
219.34,SV502_GUIDANCE,80019.456,8.0744238,23.5327931,1631.559,1811.658,2.973,80021.015,-285856.102,1.038,0.47396,1,1959.518,0
219.92,SV502_GUIDANCE,80020.827,8.1079998,23.4478103,1655.711,1835.968,1.757,80021.386,-273288.458,0.636,0.47027,1,1932.438,0
220.5,SV502_GUIDANCE,80021.535,8.1418772,23.3659847,1680.074,1860.481,0.683,80021.607,-260114.9,0.248,0.46657,1,1914.539,0
221.08,SV502_GUIDANCE,80021.659,8.1760607,23.2872263,1704.648,1885.2,-0.256,80021.652,-246294.156,1242.265,0.46287,1,1886.205,0
221.66,SV502_GUIDANCE,80021.277,8.2105551,23.2114345,1729.436,1910.127,-1.065,80021.504,-231781.08,1268.157,0.45918,1,1858.483,0
222.24,SV502_GUIDANCE,80020.463,8.2453632,23.1385154,1754.44,1935.264,-1.748,80021.156,-216526.166,1295.599,0.45548,1,1830.514,0
222.82,SV502_GUIDANCE,80019.287,8.2804899,23.0683849,1779.663,1960.615,-2.311,80020.608,-200475.018,1324.715,0.45178,1,1812.022,0
223.4,SV502_GUIDANCE,80017.819,8.3159409,23.0009638,1805.107,1986.182,-2.758,80019.864,-183567.729,1355.646,0.44809,1,1783.634,0
223.98,SV502_GUIDANCE,80016.117,8.3517189,22.9361721,1830.776,2011.968,-3.092,80018.928,-165738.167,1388.549,0.44439,1,1754.087,0
224.56,SV502_GUIDANCE,80014.26,8.3878288,22.8739371,1856.671,2037.977,-3.319,80017.833,-146913.153,1423.596,0.44069,1,1735.138,0
225.14,SV502_GUIDANCE,80012.302,8.4242754,22.8141893,1882.797,2064.211,-3.441,80016.592,-127011.535,1460.982,0.437,1,1706.042,0
225.72,SV502_GUIDANCE,80010.303,8.4610624,22.7568629,1909.156,2090.674,-3.461,80015.228,-105943.055,1500.923,0.4333,1,1676.675,0
226.3,SV502_GUIDANCE,80008.321,8.4981947,22.7018942,1935.751,2117.37,-3.381,80013.766,-83607.058,1543.661,0.4296,1,1647.029,0
226.88,SV502_GUIDANCE,80006.415,8.5356779,22.6492198,1962.587,2144.301,-3.201,80012.235,-59890.961,1589.464,0.42591,1,1626.484,0
227.46,SV502_GUIDANCE,80004.674,8.5735159,22.5987801,1989.663,2171.469,-2.806,80010.238,-34671.278,1638.774,0.42221,1,1596.358,0
228.04,SV502_GUIDANCE,80003.228,8.6117039,22.5545158,2014.893,2196.781,-2.223,80007.759,-9914.093,1687.878,0.41882,0.8156824,1567.873,0
228.62,SV502_GUIDANCE,80002.118,8.6501865,22.516631,2035.531,2217.487,-1.65,80005.424,11308.681,1730.51,0.41607,0.6633196,1551.562,0
229.2,SV502_GUIDANCE,80001.328,8.6888876,22.4721457,2052.38,2234.413,-1.11,80003.371,29344.798,1767.277,0.41382,0.5432717,1531.861,0
229.78,SV502_GUIDANCE,80000.829,8.727726,22.4149967,2066.146,2248.27,-0.64,80001.792,44597.205,1798.931,0.41197,0.4497724,1515.894,0
230.36,SV502_GUIDANCE,80000.566,8.7666273,22.3463784,2077.426,2259.657,-0.277,80000.831,57472.984,1826.249,0.41043,0.3779427,1507.035,0
230.94,SV502_GUIDANCE,80000.471,8.8055334,22.2694258,2086.732,2269.08,-0.04,80000.461,68368.257,1850.188,0.40913,0.3235879,1495.432,0
231.52,SV502_GUIDANCE,80000.473,8.8443966,22.1855509,2094.459,2276.932,0.074,80000.67,77619.435,5.494,0.408,0.2832916,1485.309,0
232.1,SV502_GUIDANCE,80000.508,8.8831778,22.0946219,2100.892,2283.499,0.08,85480.682,80000.411,940.453,0.407,0.2543089,1476.755,0
232.68,SV502_GUIDANCE,80000.526,8.9218407,21.9963359,2106.235,2288.986,0.012,92135.623,80000.542,949.776,0.4061,0.2342863,1471.624,0
233.26,SV502_GUIDANCE,80000.499,8.9603519,21.8910329,2110.647,2293.55,-0.084,97733.398,80000.485,956.639,0.40526,0.2210791,1464.32,0
233.84,SV502_GUIDANCE,80000.423,8.9986839,21.7815515,2114.169,2297.229,-0.167,102287.431,80000.331,961.881,0.40449,0.0843044,1457.413,0
234.42,SV502_GUIDANCE,80000.302,9.0368376,21.6795189,2116.516,2299.721,-0.074,105392.519,80000.355,964.291,0.4038,0.209201,1453.811,0
235,SV502_GUIDANCE,79999.947,9.0747843,21.565033,2119.348,2302.716,-0.623,109148.844,79999.012,971.57,0.40304,0.2055324,1447.195,0
235.06,FINE_MODE_LATCH,79999.876,9.0800028,21.5505936,2119.787,2303.174,-0.805,109726.842,79998.181,973.213,0.40293,0.2055324,1447.195,0
235.6,SV502_GUIDANCE,79997.099,9.1137342,21.247196,2133.789,2317.598,-10.331,128386.718,79794.393,1026.94,0.39998,0.98,1426.77,0
236.16,SV502_GUIDANCE,79985.821,9.1499681,21.2848384,2151.257,2335.008,-29.678,152398.369,78846.832,1088.32,0.39648,0.98,1395.3,0
236.72,SV502_GUIDANCE,79965.852,9.1869326,21.8167227,2153.82,2336.821,-40.306,155662.159,77951.847,1113.386,0.39298,0.98,1373.48,0
237.28,SV502_GUIDANCE,79945.37,9.224884,22.359429,2144.414,2326.65,-32.498,141502.704,78350.44,1097.085,0.38949,0.98,1341.469,0
237.84,SV502_GUIDANCE,79932.118,9.263586,22.7939547,2133.725,2315.343,-15.263,125509.143,79461.46,1045.615,0.38599,0.98,1320.282,0
238.4,SV502_GUIDANCE,79928.759,9.302989,23.268952,2127.207,2308.128,2.494,115784.2,79912.398,961.827,0.38249,0.98,1287.72,0
238.96,SV502_GUIDANCE,79933.522,9.3433142,23.861868,2124.91,2304.94,13.664,112265.986,79407.334,893.786,0.37899,0.9782165,1253.785,0
239.52,SV502_GUIDANCE,79941.501,9.3847589,24.4924829,2124.182,2303.245,14.326,110244.429,79325.68,882.754,0.37564,0.8908999,1232.594,0
240.08,SV502_GUIDANCE,79947.352,9.4272671,25.0473224,2122.886,2301.083,6.731,107082.822,79796.19,920.369,0.37259,0.8117954,1202.817,0
240.64,SV502_GUIDANCE,79948.004,9.4706659,25.5242799,2120.664,2298.098,-3.917,103264.186,79888.876,991.816,0.36981,0.7447694,1183.925,0
241.2,SV502_GUIDANCE,79943.077,9.5148382,25.9714612,2118.135,2294.836,-13.205,99930.591,79155.863,1074.845,0.36724,0.6841691,1158.453,0
241.76,SV502_GUIDANCE,79934.205,9.5597544,26.4157624,2116.139,2292.1,-18.238,97453.833,78224.797,1135.046,0.3649,0.6243404,1135.172,0
242.32,SV502_GUIDANCE,79924.067,9.605402,26.8396259,2115.207,2290.455,-18.054,95568.928,78050.747,1150.908,0.36276,0.5654596,1121.117,0
242.88,SV502_GUIDANCE,79915.236,9.6517324,27.2152724,2115.223,2289.834,-13.813,94114.993,78707.651,1120.56,0.36083,0.5111523,1101.535,0
243.44,SV502_GUIDANCE,79909.31,9.6986666,27.5402567,2115.647,2289.701,-7.728,93132.599,79503.157,1054.389,0.35909,0.4631412,1089.249,0
244,SV502_GUIDANCE,79906.688,9.7461348,27.8335198,2116.122,2289.669,-1.887,92704.751,79881.336,976.897,0.35751,0.4198713,1072.918,0
244.56,SV502_GUIDANCE,79906.805,9.7940903,28.1109748,2116.477,2289.539,2.265,92558.725,79870.157,918.14,0.35607,0.37905,1058.257,0
245.12,SV502_GUIDANCE,79908.54,9.8425007,28.3729604,2116.658,2289.26,4.095,92308.126,79787.029,890.803,0.35478,0.3399624,1049.102,0
245.68,SV502_GUIDANCE,79910.694,9.891325,28.6112769,2116.71,2288.889,3.872,91854.412,79798.096,891.441,0.35363,0.3033807,1037.098,0
246.24,SV502_GUIDANCE,79912.4,9.9405184,28.822115,2116.817,2288.62,2.48,91466.922,79864.808,910.657,0.3526,0.2700082,1026.517,0
246.8,SV502_GUIDANCE,79913.322,9.9900351,29.00882,2117.073,2288.541,0.897,91332.061,79907.166,934.933,0.35168,0.2396288,1020.291,0
247.36,SV502_GUIDANCE,79913.545,10.0398407,29.1759188,2117.4,2288.567,-0.192,91358.513,79913.354,952.075,0.35087,0.2116064,1011.806,0
247.92,SV502_GUIDANCE,79913.411,10.0898991,29.3249436,2117.686,2288.583,-0.512,91379.323,79911.355,957.096,0.35016,0.1855822,1006.624,0
248.48,SV502_GUIDANCE,79913.299,10.1401768,29.4554706,2117.863,2288.524,-0.147,91304.274,79913.029,951.32,0.34954,0.1615608,999.983,0
249.04,SV502_GUIDANCE,79913.475,10.1906395,29.5678893,2117.879,2288.335,0.593,91077.186,79910.492,939.231,0.349,0.1395872,994.306,0
249.6,SV502_GUIDANCE,79914.029,10.2412539,29.6642303,2117.758,2288.039,1.35,90730.744,79898.764,926.015,0.34853,0.1195251,990.925,0
250.16,SV502_GUIDANCE,79914.915,10.2919931,29.7467677,2117.619,2287.75,1.895,90398.161,79884.086,915.647,0.34813,0.1011327,986.695,0
250.72,SV502_GUIDANCE,79916.022,10.3428345,29.8167984,2117.563,2287.567,2.19,90189.837,79874.088,909.628,0.3478,0.0842435,984.329,0
251.28,SV502_GUIDANCE,79917.252,10.3937588,29.8750084,2117.624,2287.523,2.31,90144.789,79870.44,907.315,0.34753,0.0687763,981.299,0
251.84,SV502_GUIDANCE,79918.545,10.444747,29.9220899,2117.768,2287.583,2.355,90223.382,79870.264,906.915,0.3473,0.0546639,978.906,0
252.4,SV502_GUIDANCE,79919.875,10.4957809,29.9589525,2117.926,2287.675,2.39,90340.193,79870.699,906.888,0.34713,0.041815,977.596,0
252.96,SV502_GUIDANCE,79921.236,10.5468445,29.98656,2118.043,2287.744,2.436,90429.746,79870.567,906.541,0.347,0.030128,976.143,0
253.52,SV502_GUIDANCE,79922.626,10.5979195,30.0057736,2118.105,2287.773,2.489,90471.568,79869.919,905.844,0.34691,0.0195135,975.165,0
254.08,SV502_GUIDANCE,79924.041,10.6489925,30.0173585,2118.124,2287.774,2.539,90478.826,79869.222,905.03,0.34685,0.0098955,974.746,0
254.64,SV502_GUIDANCE,79925.472,10.7000504,30.0220345,2118.121,2287.766,2.58,90475.353,79868.859,904.321,0.34683,0.0012068,974.468,0
255.2,SV502_GUIDANCE,79926.969,10.7510815,30.0240119,2118.117,2287.762,2.613,90476.138,79868.815,903.746,0.34682,0.0069247,974.428,0
255.76,SV502_GUIDANCE,79928.577,10.802084,30.0317797,2118.1,2287.733,2.679,90449.335,79867.198,902.493,0.34678,0.0157215,974.12,0
256.32,SV502_GUIDANCE,79930.324,10.8530626,30.0453737,2117.959,2287.57,2.879,90265.808,79858.01,898.037,0.34671,0.0253603,973.435,0
256.88,SV502_GUIDANCE,79932.254,10.9040155,30.0609079,2117.509,2287.094,3.378,89725.835,79827.2,885.667,0.34661,0.0354894,972.721,0
257.44,SV502_GUIDANCE,79934.408,10.9549341,30.0685422,2116.622,2286.195,4.227,88718.588,79751.582,860.559,0.34646,0.0449764,971.326,0
258,SV502_GUIDANCE,79936.798,11.0058022,30.0562726,2115.449,2285.048,5.112,87466.133,79625.81,824.885,0.34629,0.0521381,970.201,0
258.56,SV502_GUIDANCE,79939.393,11.0566034,30.021747,2114.598,2284.265,5.422,86612.649,79545.423,801.26,0.3461,0.0559414,968.193,0
259.12,SV502_GUIDANCE,79942.03,11.107317,29.9806354,2114.464,2284.211,5.062,86511.297,79593.61,808.314,0.34589,0.058026,966.1,0
259.68,SV502_GUIDANCE,79944.432,11.157939,29.9436755,2114.892,2284.713,4.211,87001.367,79720.166,838.71,0.34568,0.0601802,964.678,0
260.24,SV502_GUIDANCE,79946.344,11.208477,29.9126808,2115.638,2285.52,3.036,87863.81,79842.739,877,0.34547,0.063,962.429,0
260.8,SV502_GUIDANCE,79947.575,11.2589378,29.8847305,2116.448,2286.387,1.619,88839.891,79921.883,913.866,0.34524,0.0663227,960.053,0
261.36,SV502_GUIDANCE,79948.013,11.3093243,29.8551661,2117.043,2287.041,0.005,89609.342,79948.737,947.187,0.34499,0.0696324,958.336,0
261.92,SV502_GUIDANCE,79947.628,11.3596277,29.8200294,2117.365,2287.432,-1.623,90106.047,79925.02,976.403,0.34474,0.0724089,955.724,0
262.48,SV502_GUIDANCE,79946.525,11.409832,29.7762395,2117.51,2287.661,-2.97,90432.871,79871.51,998.737,0.34448,0.074084,953.948,0
263.04,SV502_GUIDANCE,79944.963,11.4599247,29.7237296,2117.533,2287.784,-3.622,90611.083,79834.705,1008.917,0.34421,0.0742044,951.107,0
263.6,SV502_GUIDANCE,79943.3,11.5098963,29.6694287,2117.439,2287.794,-3.35,90600.978,79848.581,1004.436,0.34395,0.0731965,948.359,0
264.16,SV502_GUIDANCE,79941.894,11.5597448,29.6201327,2117.25,2287.698,-2.369,90433.539,79893.456,988.523,0.34369,0.0721424,946.578,0
264.72,SV502_GUIDANCE,79941.042,11.6094704,29.5760282,2116.987,2287.52,-1.038,90174.833,79931.043,966.036,0.34343,0.0715374,943.897,0
265.28,SV502_GUIDANCE,79940.876,11.6590767,29.5341219,2116.669,2287.282,0.395,89877.901,79938.908,940.425,0.34318,0.0712612,942.065,0
265.84,SV502_GUIDANCE,79941.398,11.7085638,29.4906589,2116.331,2287.027,1.712,89595.831,79913.706,915.469,0.34293,0.0708972,939.409,0
266.4,SV502_GUIDANCE,79942.494,11.7579279,29.4433164,2116.026,2286.812,2.693,89379.797,79873.337,895.953,0.34267,0.0700216,936.77,0
266.96,SV502_GUIDANCE,79943.969,11.807168,29.3930742,2115.803,2286.685,3.185,89259.225,79846.263,885.749,0.34243,0.0685538,935.061,0
267.52,SV502_GUIDANCE,79945.603,11.8562813,29.342858,2115.682,2286.66,3.195,89234.934,79847.225,885.378,0.34218,0.0667664,932.433,0
268.08,SV502_GUIDANCE,79947.215,11.9052715,29.2946022,2115.655,2286.724,2.882,89299.943,79867.796,891.809,0.34195,0.0649578,930.802,0
268.64,SV502_GUIDANCE,79948.699,11.9541407,29.2481986,2115.694,2286.852,2.468,89437.386,79891.326,900.512,0.34172,0.0632032,928.378,0
269.2,SV502_GUIDANCE,79950.028,12.0028925,29.2027956,2115.735,2286.98,2.135,89581.296,79907.715,907.525,0.3415,0.0614223,926.028,0
269.76,SV502_GUIDANCE,79951.242,12.051527,29.1581636,2115.722,2287.052,1.98,89666.777,79915.114,910.817,0.34128,0.0595705,924.456,0
270.32,SV502_GUIDANCE,79952.418,12.1000452,29.114705,2115.624,2287.037,2.006,89652.36,79915.188,910.256,0.34107,0.0576933,922.236,0
270.88,SV502_GUIDANCE,79953.6,12.148448,29.0727719,2115.432,2286.924,2.137,89524.195,79910.785,907.189,0.34087,0.0558515,920.093,0
271.44,SV502_GUIDANCE,79954.819,12.1967373,29.0322952,2115.189,2286.758,2.264,89333.412,79905.796,903.755,0.34067,0.054047,918.729,0
272,SV502_GUIDANCE,79956.074,12.2449141,28.9930876,2114.969,2286.612,2.326,89163.808,79903.42,901.587,0.34048,0.0522462,916.652,0
272.56,SV502_GUIDANCE,79957.343,12.2929811,28.9551433,2114.822,2286.538,2.315,89077.188,79904.717,901.281,0.3403,0.0504397,915.372,0
273.12,SV502_GUIDANCE,79958.603,12.3409433,28.9185649,2114.767,2286.553,2.256,89097.119,79908.733,902.54,0.34012,0.0486438,913.486,0
273.68,SV502_GUIDANCE,79959.837,12.3888025,28.8834089,2114.787,2286.64,2.18,89202.615,79913.831,904.627,0.33995,0.0468774,911.675,0
274.24,SV502_GUIDANCE,79961.037,12.4365616,28.8496212,2114.842,2286.76,2.106,89347.477,79918.768,906.833,0.33979,0.0451459,910.474,0
274.8,SV502_GUIDANCE,79962.2,12.4842243,28.8171018,2114.892,2286.872,2.043,89484.656,79922.989,908.728,0.33963,0.043445,908.788,0
275.36,SV502_GUIDANCE,79963.331,12.5317917,28.785789,2114.912,2286.952,1.99,89582.426,79926.469,910.183,0.33947,0.0417719,907.721,0
275.92,SV502_GUIDANCE,79964.432,12.5792656,28.7556742,2114.893,2286.991,1.944,89631.424,79929.431,911.269,0.33933,0.0401297,906.153,0
276.48,SV502_GUIDANCE,79965.506,12.6266479,28.7267629,2114.845,2286.998,1.9,89641.834,79932.126,912.139,0.33919,0.0385229,904.609,0
277.04,SV502_GUIDANCE,79966.553,12.6739407,28.6990433,2114.783,2286.99,1.854,89633.718,79934.728,912.941,0.33905,0.0369538,903.665,0
277.6,SV502_GUIDANCE,79967.575,12.7211437,28.672488,2114.726,2286.984,1.808,89627.596,79937.315,913.775,0.33892,0.0354221,902.282,0
278.16,SV502_GUIDANCE,79968.571,12.768261,28.6470684,2114.683,2286.99,1.761,89636.897,79939.89,914.683,0.3388,0.0339276,900.963,0
278.72,SV502_GUIDANCE,79969.533,12.8152933,28.6227594,2114.658,2287.013,1.715,89665.614,79942.415,915.656,0.33868,0.0324706,900.093,0
279.28,SV502_GUIDANCE,79970.478,12.8622437,28.5995337,2114.648,2287.048,1.67,89709.879,79944.869,916.661,0.33857,0.0310525,898.88,0
279.84,SV502_GUIDANCE,79971.398,12.9091129,28.5773589,2114.647,2287.089,1.627,89761.647,79947.222,917.661,0.33846,0.0296734,898.117,0
280.4,SV502_GUIDANCE,79972.294,12.955904,28.5561993,2114.646,2287.13,1.585,89812.429,79949.466,918.625,0.33835,0.0283331,897.003,0
280.96,SV502_GUIDANCE,79973.167,13.0026178,28.5360211,2114.641,2287.165,1.544,89856.106,79951.604,919.538,0.33826,0.0270311,895.914,0
281.52,SV502_GUIDANCE,79974.016,13.0492563,28.5167942,2114.63,2287.192,1.504,89890.381,79953.645,920.399,0.33816,0.0257672,895.252,0
282.08,SV502_GUIDANCE,79974.843,13.0958204,28.4984913,2114.614,2287.212,1.464,89916.5,79955.596,921.216,0.33807,0.0245413,894.287,0
282.64,SV502_GUIDANCE,79975.648,13.142312,28.4810853,2114.596,2287.229,1.425,89937.663,79957.467,922.001,0.33799,0.0233532,893.654,0
283.2,SV502_GUIDANCE,79976.43,13.1887331,28.464549,2114.578,2287.244,1.386,89957.409,79959.264,922.764,0.3379,0.0222024,892.777,0
283.76,SV502_GUIDANCE,79977.191,13.2350836,28.4488552,2114.562,2287.26,1.348,89978.341,79960.99,923.514,0.33783,0.0210884,891.948,0
284.32,SV502_GUIDANCE,79977.931,13.2813663,28.4339765,2114.55,2287.278,1.311,90001.473,79962.649,924.253,0.33775,0.0200106,891.431,0
284.88,SV502_GUIDANCE,79978.65,13.3275814,28.4198855,2114.541,2287.297,1.275,90026.423,79964.242,924.979,0.33768,0.0189686,890.68,0
285.44,SV502_GUIDANCE,79979.349,13.3737316,28.406555,2114.534,2287.317,1.24,90051.991,79965.769,925.689,0.33762,0.0179618,890.191,0
286,SV502_GUIDANCE,79980.028,13.419817,28.3939575,2114.527,2287.336,1.206,90076.801,79967.233,926.379,0.33755,0.0169893,889.514,0
286.56,SV502_GUIDANCE,79980.688,13.4658394,28.3820668,2114.52,2287.354,1.172,90099.785,79968.635,927.046,0.3375,0.0160506,888.879,0
287.12,SV502_GUIDANCE,79981.328,13.5117998,28.3708571,2114.513,2287.37,1.139,90120.493,79969.977,927.69,0.33744,0.015145,888.466,0
287.68,SV502_GUIDANCE,79981.95,13.5576982,28.360304,2114.504,2287.384,1.107,90139.046,79971.262,928.312,0.33739,0.0142717,887.898,0
288.24,SV502_GUIDANCE,79982.554,13.6035376,28.3503836,2114.496,2287.397,1.076,90155.909,79972.492,928.914,0.33734,0.0134301,887.367,0
288.8,SV502_GUIDANCE,79983.14,13.6493177,28.3410727,2114.488,2287.409,1.045,90171.635,79973.671,929.496,0.33729,0.0126194,887.039,0
289.36,SV502_GUIDANCE,79983.708,13.6950397,28.3323487,2114.48,2287.42,1.015,90186.664,79974.8,930.062,0.33725,0.0118389,886.567,0
289.92,SV502_GUIDANCE,79984.259,13.7407055,28.3241893,2114.473,2287.431,0.986,90201.224,79975.882,930.611,0.33721,0.0110878,886.262,0
290.48,SV502_GUIDANCE,79984.794,13.786314,28.3165728,2114.467,2287.442,0.958,90215.321,79976.918,931.144,0.33717,0.0103656,885.846,0
291.04,SV502_GUIDANCE,79985.312,13.8318682,28.3094781,2114.461,2287.452,0.931,90228.816,79977.91,931.66,0.33713,0.0096715,885.46,0
291.6,SV502_GUIDANCE,79985.814,13.877367,28.3028844,2114.455,2287.462,0.904,90241.528,79978.86,932.159,0.3371,0.0090048,885.212,0
292.16,SV502_GUIDANCE,79986.3,13.9228125,28.2967719,2114.449,2287.471,0.878,90253.316,79979.769,932.641,0.33707,0.0083649,884.876,0
292.72,SV502_GUIDANCE,79986.77,13.9682045,28.2911211,2114.444,2287.479,0.853,90264.129,79980.64,933.106,0.33704,0.0077512,884.67,0
293.28,SV502_GUIDANCE,79987.226,14.013545,28.2859132,2114.438,2287.486,0.829,90273.984,79981.473,933.555,0.33701,0.0071631,884.379,0
293.84,SV502_GUIDANCE,79987.666,14.0588341,28.2811302,2114.432,2287.492,0.805,90282.956,79982.271,933.988,0.33699,0.0066001,884.112,0
294.4,SV502_GUIDANCE,79988.091,14.1040716,28.2767542,2114.427,2287.498,0.782,90291.139,79983.034,934.405,0.33696,0.0060617,883.943,0
294.96,SV502_GUIDANCE,79988.501,14.1492586,28.2727681,2114.422,2287.503,0.76,90298.612,79983.765,934.806,0.33694,0.0055478,883.717,0
295.52,SV502_GUIDANCE,79988.896,14.194397,28.269155,2114.416,2287.508,0.739,90305.429,79984.464,935.191,0.33692,0.005058,883.513,0
296.08,SV502_GUIDANCE,79989.276,14.2394857,28.2658984,2114.411,2287.512,0.719,90311.612,79985.134,935.56,0.33691,0.0045924,883.384,0
296.64,SV502_GUIDANCE,79989.642,14.2845259,28.2629823,2114.406,2287.516,0.699,90317.184,79985.774,935.913,0.33689,0.0041511,883.214,0
297.2,SV502_GUIDANCE,79989.991,14.3295174,28.2603907,2114.401,2287.52,0.68,90322.145,79986.387,936.251,0.33688,0.0037347,883.113,0
297.76,SV502_GUIDANCE,79990.318,14.3744621,28.258108,2114.397,2287.522,0.662,90326.504,79986.966,936.573,0.33686,0.0033438,882.974,0
298.32,SV502_GUIDANCE,79990.635,14.4193602,28.2561182,2114.392,2287.525,0.645,90330.274,79987.527,936.879,0.33685,0.0029809,882.85,0
298.88,SV502_GUIDANCE,79990.936,14.4642115,28.2544051,2114.387,2287.527,0.629,90333.486,79988.066,937.171,0.33684,0.0026481,882.775,0
299.44,SV502_GUIDANCE,79991.219,14.5090179,28.2529523,2114.382,2287.528,0.613,90336.177,79988.583,937.449,0.33683,0.0023493,882.677,0
300,SV502_GUIDANCE,79991.484,14.5537786,28.2517433,2114.378,2287.529,0.598,90338.386,79989.083,937.719,0.33683,0.0020899,882.62,0
300.56,SV502_GUIDANCE,79991.734,14.5984955,28.2507623,2114.373,2287.53,0.583,90340.143,79989.568,937.985,0.33682,0.0018774,882.539,0
301.1,SV502_GUIDANCE,79991.971,14.6431684,28.2499961,2114.369,2287.53,0.567,90341.465,79990.045,938.258,0.33681,0.0017204,882.47,0
301.68,SV502_GUIDANCE,79992.198,14.6877995,28.2494389,2114.364,2287.53,0.55,90342.359,79990.513,938.551,0.33681,0.0016265,882.428,0
302.24,SV502_GUIDANCE,79992.446,14.7323875,28.249098,2114.36,2287.53,0.531,90342.789,79990.992,938.879,0.3368,0.001601,882.366,0
302.8,SV502_GUIDANCE,79992.72,14.7769327,28.2489964,2114.355,2287.53,0.51,90342.7,79991.475,939.246,0.33679,0.0016387,882.305,0
303.36,SV502_GUIDANCE,79993.03,14.821434,28.2491556,2114.351,2287.528,0.487,90342.032,79991.951,939.642,0.33679,0.0017269,882.261,0
303.92,SV502_GUIDANCE,79993.368,14.8658895,28.2496012,2114.346,2287.527,0.464,90340.726,79992.405,940.037,0.33678,0.0018491,882.195,0
304.48,SV502_GUIDANCE,79993.713,14.9102983,28.2503186,2114.342,2287.525,0.443,90338.809,79992.824,940.399,0.33678,0.0019906,882.148,0
305.04,SV502_GUIDANCE,79994.046,14.9546595,28.251275,2114.337,2287.522,0.425,90336.374,79993.205,940.713,0.33677,0.0021417,882.069,0
305.6,SV502_GUIDANCE,79994.356,14.9989767,28.2524263,2114.334,2287.52,0.409,90334.723,79993.553,940.987,0.33676,0.0022967,881.985,0
306.16,SV502_GUIDANCE,79994.636,15.0432491,28.2537352,2114.333,2287.521,0.394,90335.996,79993.88,941.245,0.33675,0.0024528,881.927,0
306.72,SV502_GUIDANCE,79994.887,15.0874767,28.2551753,2114.336,2287.525,0.38,90341.04,79994.194,941.506,0.33674,0.0026084,881.832,0
307.28,SV502_GUIDANCE,79995.115,15.1316614,28.2567274,2114.341,2287.531,0.364,90348.88,79994.502,941.786,0.33673,0.002763,881.763,0
307.84,SV502_GUIDANCE,79995.33,15.1758022,28.2583846,2114.347,2287.538,0.348,90358.169,79994.805,942.089,0.33672,0.002916,881.657,0
308.4,SV502_GUIDANCE,79995.536,15.2199011,28.2601449,2114.354,2287.545,0.33,90367.374,79995.101,942.417,0.33671,0.0030669,881.545,0
308.96,SV502_GUIDANCE,79995.737,15.263957,28.2620158,2114.36,2287.551,0.311,90375.192,79995.385,942.754,0.3367,0.0032147,881.467,0
309.52,SV502_GUIDANCE,79995.936,15.307972,28.2640064,2114.364,2287.556,0.293,90381.611,79995.649,943.081,0.33669,0.0033586,881.34,0
310.08,SV502_GUIDANCE,79996.129,15.3519449,28.2661229,2114.369,2287.56,0.276,90387.037,79995.889,943.376,0.33668,0.0034976,881.255,0
310.64,SV502_GUIDANCE,79996.314,15.395875,28.268364,2114.373,2287.564,0.262,90392.276,79996.105,943.629,0.33666,0.0036315,881.122,0
311.2,SV502_GUIDANCE,79996.486,15.439764,28.2707229,2114.377,2287.568,0.25,90397.581,79996.299,943.834,0.33665,0.0037598,880.983,0
311.76,SV502_GUIDANCE,79996.638,15.4836102,28.2731849,2114.383,2287.573,0.241,90403.811,79996.477,944.009,0.33664,0.0038829,880.884,0
312.32,SV502_GUIDANCE,79996.77,15.5274143,28.2757297,2114.389,2287.578,0.231,90410.331,79996.649,944.187,0.33662,0.004001,880.735,0
312.88,SV502_GUIDANCE,79996.89,15.5711765,28.2783388,2114.393,2287.581,0.219,90414.622,79996.822,944.406,0.33661,0.0041146,880.581,0
313.44,SV502_GUIDANCE,79997.008,15.6148958,28.2810084,2114.393,2287.581,0.204,90414.125,79996.994,944.66,0.33659,0.0042242,880.478,0
314,SV502_GUIDANCE,79997.127,15.6585741,28.2837445,2114.389,2287.576,0.188,90408.234,79997.156,944.923,0.33658,0.00433,880.312,0
314.56,SV502_GUIDANCE,79997.244,15.7022104,28.2865558,2114.382,2287.567,0.173,90398.25,79997.303,945.166,0.33656,0.0044321,880.203,0
315.12,SV502_GUIDANCE,79997.357,15.7458057,28.2894482,2114.374,2287.557,0.16,90386.508,79997.432,945.371,0.33655,0.0045299,880.034,0
315.68,SV502_GUIDANCE,79997.463,15.7893591,28.2924213,2114.366,2287.548,0.15,90375.316,79997.546,945.538,0.33653,0.0046233,879.86,0
316.24,SV502_GUIDANCE,79997.561,15.8328705,28.2954698,2114.36,2287.54,0.142,90366.188,79997.649,945.672,0.33651,0.0047125,879.739,0
316.8,SV502_GUIDANCE,79997.65,15.8763399,28.2985859,2114.356,2287.535,0.135,90359.547,79997.742,945.784,0.3365,0.0047977,879.558,0
317.36,SV502_GUIDANCE,79997.732,15.9197674,28.3017626,2114.354,2287.531,0.128,90354.848,79997.829,945.884,0.33648,0.0048794,879.439,0
317.92,SV502_GUIDANCE,79997.81,15.9631529,28.3049945,2114.353,2287.527,0.123,90350.97,79997.911,945.974,0.33646,0.0049578,879.253,0
318.48,SV502_GUIDANCE,79997.884,16.0064964,28.3082781,2114.351,2287.524,0.118,90346.688,79997.988,946.056,0.33645,0.0050329,879.057,0
319.04,SV502_GUIDANCE,79997.954,16.0497971,28.3116105,2114.348,2287.519,0.113,90341.096,79998.062,946.128,0.33643,0.005105,878.931,0
319.6,SV502_GUIDANCE,79998.022,16.0930557,28.3149888,2114.345,2287.513,0.109,90333.891,79998.132,946.191,0.33641,0.005174,878.736,0
320.16,SV502_GUIDANCE,79998.086,16.1362724,28.3184107,2114.34,2287.506,0.106,90325.335,79998.198,946.246,0.33639,0.0052403,878.538,0
320.72,SV502_GUIDANCE,79998.141,16.1794472,28.321874,2114.334,2287.498,0.102,90316.038,79998.254,946.294,0.33637,0.0053039,878.401,0
321.28,SV502_GUIDANCE,79998.2,16.22258,28.3253771,2114.329,2287.49,0.099,90306.683,79998.316,946.338,0.33635,0.0053649,878.198,0
321.84,SV502_GUIDANCE,79998.258,16.2656689,28.3289183,2114.324,2287.483,0.096,90297.809,79998.375,946.379,0.33633,0.0054236,878.064,0
322.4,SV502_GUIDANCE,79998.314,16.3087177,28.3324958,2114.32,2287.476,0.093,90289.633,79998.432,946.417,0.33631,0.00548,877.857,0
322.96,SV502_GUIDANCE,79998.368,16.3517227,28.3361079,2114.316,2287.469,0.091,90282.063,79998.487,946.454,0.33629,0.0055342,877.642,0
323.52,SV502_GUIDANCE,79998.42,16.3946857,28.3397526,2114.313,2287.463,0.088,90274.795,79998.541,946.488,0.33627,0.0055864,877.503,0
324.08,SV502_GUIDANCE,79998.471,16.4376049,28.3434281,2114.309,2287.457,0.086,90267.459,79998.593,946.52,0.33625,0.0056365,877.29,0
324.64,SV502_GUIDANCE,79998.521,16.4804821,28.3471326,2114.306,2287.451,0.084,90259.771,79998.643,946.55,0.33623,0.0056848,877.142,0
325.2,SV502_GUIDANCE,79998.568,16.5233173,28.3508648,2114.302,2287.444,0.081,90251.603,79998.692,946.578,0.33621,0.0057313,876.926,0
325.76,SV502_GUIDANCE,79998.615,16.5661087,28.3546233,2114.297,2287.437,0.079,90242.994,79998.74,946.604,0.33619,0.005776,876.707,0
326.32,SV502_GUIDANCE,79998.66,16.6088581,28.3584068,2114.293,2287.429,0.077,90234.094,79998.786,946.629,0.33617,0.0058191,876.562,0
326.88,SV502_GUIDANCE,79998.705,16.6515636,28.3622144,2114.288,2287.422,0.075,90225.091,79998.831,946.653,0.33615,0.0058607,876.34,0
327.44,SV502_GUIDANCE,79998.748,16.6942253,28.366045,2114.284,2287.414,0.074,90216.149,79998.875,946.676,0.33613,0.0059008,876.187,0
328,SV502_GUIDANCE,79998.789,16.736845,28.3698975,2114.28,2287.407,0.072,90207.356,79998.917,946.698,0.33611,0.0059395,875.962,0
328.56,SV502_GUIDANCE,79998.83,16.7794209,28.373771,2114.276,2287.4,0.07,90198.714,79998.959,946.72,0.33609,0.0059769,875.735,0
329.12,SV502_GUIDANCE,79998.87,16.8219528,28.3776644,2114.272,2287.393,0.068,90190.159,79998.999,946.742,0.33607,0.006013,875.579,0
329.68,SV502_GUIDANCE,79998.908,16.8644428,28.3815766,2114.268,2287.385,0.066,90181.595,79999.038,946.763,0.33605,0.0060479,875.349,0
330.24,SV502_GUIDANCE,79998.946,16.9068871,28.3855069,2114.263,2287.378,0.065,90172.936,79999.077,946.784,0.33602,0.0060816,875.118,0
330.8,SV502_GUIDANCE,79998.982,16.9492893,28.3894544,2114.259,2287.371,0.063,90164.137,79999.114,946.804,0.336,0.0061143,874.966,0
331.36,SV502_GUIDANCE,79999.018,16.9916477,28.3934181,2114.255,2287.363,0.061,90155.189,79999.15,946.823,0.33598,0.0061459,874.733,0
331.92,SV502_GUIDANCE,79999.052,17.0339603,28.3973975,2114.251,2287.356,0.06,90146.123,79999.185,946.842,0.33596,0.0061765,874.572,0
332.48,SV502_GUIDANCE,79999.086,17.076231,28.4013918,2114.246,2287.348,0.058,90136.986,79999.22,946.861,0.33594,0.0062062,874.337,0
333.04,SV502_GUIDANCE,79999.118,17.1184559,28.4054004,2114.242,2287.341,0.056,90127.828,79999.253,946.879,0.33591,0.0062351,874.099,0
333.6,SV502_GUIDANCE,79999.15,17.1606369,28.4094227,2114.238,2287.333,0.055,90118.672,79999.285,946.897,0.33589,0.006263,873.936,0
334.16,SV502_GUIDANCE,79999.181,17.202774,28.4134581,2114.234,2287.326,0.053,90109.532,79999.316,946.915,0.33587,0.0062902,873.697,0
334.72,SV502_GUIDANCE,79999.211,17.2448654,28.417506,2114.229,2287.318,0.052,90100.408,79999.347,946.932,0.33585,0.0063166,873.54,0
335.28,SV502_GUIDANCE,79999.24,17.2869129,28.4215658,2114.225,2287.31,0.05,90091.274,79999.376,946.948,0.33582,0.0063423,873.298,0
335.84,SV502_GUIDANCE,79999.268,17.3289146,28.425637,2114.221,2287.303,0.049,90082.104,79999.405,946.965,0.3358,0.0063674,873.057,0
336.4,SV502_GUIDANCE,79999.295,17.3708725,28.4297191,2114.217,2287.295,0.047,90072.897,79999.432,946.98,0.33578,0.0063917,872.89,0
336.96,SV502_GUIDANCE,79999.322,17.4127865,28.4338116,2114.212,2287.287,0.046,90063.651,79999.459,946.996,0.33576,0.0064155,872.646,0
337.52,SV502_GUIDANCE,79999.348,17.4546528,28.4379142,2114.208,2287.28,0.044,90054.363,79999.485,947.01,0.33573,0.0064387,872.401,0
338.08,SV502_GUIDANCE,79999.372,17.4964752,28.4420262,2114.204,2287.272,0.043,90045.028,79999.51,947.025,0.33571,0.0064613,872.232,0
338.64,SV502_GUIDANCE,79999.397,17.5382519,28.4461474,2114.2,2287.264,0.042,90035.64,79999.535,947.038,0.33569,0.0064834,871.985,0
339.2,SV502_GUIDANCE,79999.42,17.5799828,28.4502774,2114.195,2287.256,0.04,90026.208,79999.558,947.051,0.33566,0.006505,871.823,0
339.76,SV502_GUIDANCE,79999.443,17.6216698,28.4544158,2114.191,2287.249,0.039,90016.751,79999.581,947.064,0.33564,0.0065262,871.575,0
340.32,SV502_GUIDANCE,79999.464,17.6633091,28.4585622,2114.186,2287.241,0.038,90007.274,79999.603,947.076,0.33562,0.0065469,871.326,0
340.88,SV502_GUIDANCE,79999.486,17.7049026,28.4627163,2114.182,2287.233,0.036,89997.778,79999.624,947.088,0.33559,0.0065671,871.154,0
341.44,SV502_GUIDANCE,79999.506,17.7464504,28.4668779,2114.178,2287.225,0.035,89988.268,79999.644,947.099,0.33557,0.006587,870.903,0
342,SV502_GUIDANCE,79999.526,17.7879524,28.4710465,2114.173,2287.217,0.034,89978.747,79999.664,947.109,0.33555,0.0066065,870.738,0
342.56,SV502_GUIDANCE,79999.545,17.8294086,28.4752219,2114.169,2287.209,0.033,89969.216,79999.683,947.119,0.33552,0.0066256,870.478,0
343.12,SV502_GUIDANCE,79999.563,17.8708172,28.4794039,2114.165,2287.201,0.032,89959.681,79999.702,947.129,0.3355,0.0066444,870.225,0
343.68,SV502_GUIDANCE,79999.581,17.9121799,28.4835922,2114.16,2287.193,0.031,89950.144,79999.72,947.138,0.33548,0.0066629,870.059,0
344.24,SV502_GUIDANCE,79999.599,17.9534969,28.4877865,2114.156,2287.186,0.03,89940.611,79999.737,947.146,0.33545,0.006681,869.805,0
344.8,SV502_GUIDANCE,79999.615,17.9947662,28.4919866,2114.152,2287.178,0.029,89931.079,79999.753,947.154,0.33543,0.0066989,869.55,0
345.36,SV502_GUIDANCE,79999.631,18.0359879,28.4961923,2114.147,2287.17,0.028,89921.536,79999.769,947.161,0.3354,0.0067165,869.374,0
345.92,SV502_GUIDANCE,79999.647,18.0771637,28.5004033,2114.143,2287.162,0.027,89911.975,79999.785,947.168,0.33538,0.0067339,869.117,0
346.48,SV502_GUIDANCE,79999.654,18.1182899,28.5046195,2114.139,2287.154,0.026,89902.4,79999.792,947.175,0.33536,0.0067509,868.948,0
347.04,SV502_GUIDANCE,79999.669,18.1593723,28.5088405,2114.134,2287.146,0.025,89892.801,79999.806,947.18,0.33533,0.0067678,868.682,0
347.6,SV502_GUIDANCE,79999.683,18.2004051,28.5130662,2114.13,2287.138,0.024,89883.179,79999.82,947.186,0.33531,0.0067844,868.423,0
348.16,SV502_GUIDANCE,79999.696,18.2413902,28.5172966,2114.126,2287.13,0.023,89873.532,79999.833,947.19,0.33528,0.0068009,868.254,0
348.72,SV502_GUIDANCE,79999.709,18.2823277,28.5215313,2114.121,2287.122,0.022,89863.858,79999.846,947.194,0.33526,0.0068171,867.994,0
349.28,SV502_GUIDANCE,79999.722,18.3232193,28.5257703,2114.117,2287.114,0.022,89854.153,79999.858,947.197,0.33523,0.0068332,867.815,0
349.84,SV502_GUIDANCE,79999.734,18.3640614,28.5300134,2114.113,2287.106,0.021,89844.411,79999.87,947.2,0.33521,0.006849,867.554,0
350.4,SV502_GUIDANCE,79999.738,18.4048538,28.5342604,2114.108,2287.098,0.02,89834.645,79999.874,947.202,0.33519,0.0068647,867.292,0
350.96,SV502_GUIDANCE,79999.75,18.4456005,28.538511,2114.104,2287.09,0.02,89824.864,79999.885,947.203,0.33516,0.0068802,867.121,0
351.52,SV502_GUIDANCE,79999.761,18.4862976,28.5427652,2114.099,2287.082,0.019,89815.074,79999.895,947.205,0.33514,0.0068957,866.849,0
352.08,SV502_GUIDANCE,79999.771,18.526947,28.5470229,2114.095,2287.074,0.018,89805.278,79999.906,947.207,0.33511,0.0069109,866.676,0
352.64,SV502_GUIDANCE,79999.782,18.5675468,28.5512838,2114.09,2287.066,0.018,89795.48,79999.916,947.208,0.33509,0.006926,866.412,0
353.2,SV502_GUIDANCE,79999.791,18.6080971,28.5555479,2114.086,2287.058,0.017,89785.68,79999.925,947.21,0.33506,0.006941,866.147,0
353.76,SV502_GUIDANCE,79999.801,18.6485996,28.5598152,2114.082,2287.05,0.016,89775.884,79999.935,947.211,0.33504,0.0069559,865.965,0
354.32,SV502_GUIDANCE,79999.81,18.6890545,28.5640854,2114.077,2287.041,0.016,89766.094,79999.943,947.211,0.33501,0.0069707,865.699,0
354.88,SV502_GUIDANCE,79999.819,18.7294579,28.5683585,2114.073,2287.033,0.015,89756.312,79999.952,947.211,0.33499,0.0069853,865.433,0
355.44,SV502_GUIDANCE,79999.828,18.7698135,28.5726345,2114.068,2287.025,0.015,89746.546,79999.96,947.211,0.33496,0.0069999,865.257,0
356,SV502_GUIDANCE,79999.836,18.8101177,28.576913,2114.064,2287.017,0.014,89736.784,79999.968,947.211,0.33494,0.0070143,864.982,0
356.56,SV502_GUIDANCE,79999.844,18.8503742,28.5811942,2114.06,2287.009,0.014,89727.013,79999.976,947.209,0.33491,0.0070287,864.805,0
357.12,SV502_GUIDANCE,79999.852,18.8905792,28.5854779,2114.055,2287.001,0.013,89717.233,79999.983,947.208,0.33489,0.007043,864.536,0
357.68,SV502_GUIDANCE,79999.859,18.9307365,28.5897639,2114.051,2286.993,0.013,89707.44,79999.99,947.205,0.33486,0.0070572,864.267,0
358.22,SV502_GUIDANCE,79999.866,18.9708424,28.5940522,2114.046,2286.985,0.012,89697.631,79999.997,947.203,0.33484,0.0070713,864.081,0
358.8,SV502_GUIDANCE,79999.865,19.0108986,28.5983427,2114.042,2286.977,0.012,89687.807,79999.995,947.2,0.33481,0.0070852,863.811,0
359.36,SV502_GUIDANCE,79999.872,19.0509033,28.6026352,2114.038,2286.969,0.011,89677.959,80000.002,947.197,0.33479,0.0070992,863.633,0
359.92,SV502_GUIDANCE,79999.878,19.0908585,28.6069296,2114.033,2286.961,0.011,89668.087,80000.008,947.194,0.33476,0.0071131,863.362,0
360.48,SV502_GUIDANCE,79999.884,19.130764,28.611226,2114.029,2286.952,0.011,89658.187,80000.014,947.191,0.33474,0.0071269,863.081,0
361.04,SV502_GUIDANCE,79999.89,19.1706181,28.6155241,2114.024,2286.944,0.01,89648.255,80000.019,947.188,0.33471,0.0071407,862.902,0
361.6,SV502_GUIDANCE,79999.896,19.2104206,28.6198239,2114.02,2286.936,0.01,89638.305,80000.025,947.185,0.33469,0.0071543,862.629,0
362.16,SV502_GUIDANCE,79999.902,19.2501736,28.6241255,2114.015,2286.928,0.009,89628.349,80000.03,947.182,0.33466,0.007168,862.355,0
362.72,SV502_GUIDANCE,79999.895,19.289875,28.6284287,2114.011,2286.92,0.009,89618.394,80000.023,947.178,0.33463,0.0071815,862.167,0
363.28,SV502_GUIDANCE,79999.897,19.329525,28.6327334,2114.006,2286.911,0.009,89608.435,80000.024,947.174,0.33461,0.007195,861.892,0
363.84,SV502_GUIDANCE,79999.902,19.3691235,28.6370396,2114.002,2286.903,0.008,89598.475,80000.028,947.169,0.33458,0.0072085,861.711,0
364.4,SV502_GUIDANCE,79999.907,19.4086704,28.6413473,2113.997,2286.895,0.008,89588.52,80000.033,947.164,0.33456,0.0072219,861.435,0
364.96,SV502_GUIDANCE,79999.911,19.4481659,28.6456565,2113.993,2286.887,0.008,89578.572,80000.037,947.157,0.33453,0.0072353,861.15,0
365.52,SV502_GUIDANCE,79999.916,19.487608,28.6499669,2113.988,2286.879,0.008,89568.634,80000.041,947.15,0.33451,0.0072487,860.968,0
366.08,SV502_GUIDANCE,79999.92,19.5270004,28.6542785,2113.984,2286.87,0.008,89558.708,80000.045,947.143,0.33448,0.0072619,860.691,0
366.64,SV502_GUIDANCE,79999.925,19.5663395,28.6585912,2113.979,2286.862,0.007,89548.803,80000.049,947.136,0.33445,0.0072752,860.5,0
367.2,SV502_GUIDANCE,79999.929,19.6056271,28.662905,2113.975,2286.854,0.007,89538.905,80000.053,947.13,0.33443,0.0072884,860.221,0
367.76,SV502_GUIDANCE,79999.933,19.6448612,28.6672197,2113.97,2286.846,0.007,89529.003,80000.057,947.123,0.3344,0.0073016,859.942,0
368.32,SV502_GUIDANCE,79999.936,19.6840439,28.6715352,2113.966,2286.838,0.007,89519.093,80000.06,947.117,0.33438,0.0073147,859.759,0
368.88,SV502_GUIDANCE,79999.94,19.723175,28.6758515,2113.962,2286.83,0.007,89509.174,80000.064,947.112,0.33435,0.0073278,859.478,0
369.44,SV502_GUIDANCE,79999.944,19.7622509,28.6801687,2113.957,2286.821,0.006,89499.242,80000.067,947.106,0.33432,0.0073409,859.286,0
370,SV502_GUIDANCE,79999.947,19.8012753,28.6844865,2113.953,2286.813,0.006,89489.296,80000.07,947.101,0.3343,0.0073539,859.004,0
370.56,SV502_GUIDANCE,79999.951,19.8402462,28.6888051,2113.948,2286.805,0.006,89479.331,80000.073,947.095,0.33427,0.0073669,858.723,0
371.12,SV502_GUIDANCE,79999.954,19.8791637,28.6931243,2113.944,2286.797,0.006,89469.346,80000.076,947.089,0.33424,0.0073798,858.529,0
371.68,SV502_GUIDANCE,79999.957,19.9180298,28.6974441,2113.939,2286.789,0.005,89459.335,80000.079,947.082,0.33422,0.0073928,858.246,0
372.24,SV502_GUIDANCE,79999.96,19.9568405,28.7017645,2113.935,2286.78,0.005,89449.294,80000.081,947.076,0.33419,0.0074056,857.963,0
372.8,SV502_GUIDANCE,79999.963,19.9955978,28.7060853,2113.93,2286.772,0.005,89439.234,80000.084,947.068,0.33417,0.0074185,857.777,0
373.36,SV502_GUIDANCE,79999.966,20.0343018,28.7104066,2113.925,2286.764,0.005,89429.167,80000.086,947.06,0.33414,0.0074313,857.492,0
373.92,SV502_GUIDANCE,79999.969,20.0729523,28.7147282,2113.921,2286.755,0.005,89419.1,80000.089,947.052,0.33411,0.0074441,857.296,0
374.48,SV502_GUIDANCE,79999.963,20.1115475,28.7190502,2113.916,2286.747,0.005,89409.037,80000.083,947.044,0.33409,0.0074569,857.011,0
375.04,SV502_GUIDANCE,79999.966,20.1500893,28.7233723,2113.912,2286.739,0.004,89398.976,80000.085,947.036,0.33406,0.0074696,856.725,0
375.6,SV502_GUIDANCE,79999.968,20.1885757,28.7276946,2113.907,2286.731,0.004,89388.922,80000.088,947.028,0.33403,0.0074823,856.529,0
376.16,SV502_GUIDANCE,79999.971,20.2270088,28.7320171,2113.903,2286.722,0.004,89378.88,80000.09,947.02,0.33401,0.007495,856.241,0
376.72,SV502_GUIDANCE,79999.973,20.2653885,28.7363395,2113.898,2286.714,0.004,89368.852,80000.092,947.012,0.33398,0.0075077,856.053,0
377.28,SV502_GUIDANCE,79999.975,20.3037109,28.740662,2113.894,2286.706,0.004,89358.841,80000.094,947.004,0.33395,0.0075203,855.765,0
377.84,SV502_GUIDANCE,79999.978,20.34198,28.7449844,2113.889,2286.698,0.004,89348.855,80000.095,946.997,0.33393,0.0075329,855.477,0
378.4,SV502_GUIDANCE,79999.98,20.3801937,28.7493068,2113.885,2286.689,0.004,89338.877,80000.097,946.989,0.3339,0.0075455,855.278,0
378.96,SV502_GUIDANCE,79999.982,20.418354,28.7536289,2113.88,2286.681,0.003,89328.897,80000.099,946.982,0.33387,0.007558,854.989,0
379.52,SV502_GUIDANCE,79999.984,20.4564571,28.7579509,2113.876,2286.673,0.003,89318.912,80000.1,946.974,0.33384,0.0075706,854.699,0
380.08,SV502_GUIDANCE,79999.985,20.4945049,28.7622727,2113.871,2286.665,0.003,89308.917,80000.102,946.966,0.33382,0.0075831,854.499,0
380.64,SV502_GUIDANCE,79999.987,20.5324974,28.7665942,2113.867,2286.656,0.003,89298.912,80000.103,946.958,0.33379,0.0075955,854.209,0
381.2,SV502_GUIDANCE,79999.989,20.5704346,28.7709153,2113.862,2286.648,0.003,89288.891,80000.105,946.95,0.33376,0.007608,854.017,0
381.76,SV502_GUIDANCE,79999.991,20.6083145,28.775236,2113.858,2286.64,0.003,89278.852,80000.106,946.941,0.33374,0.0076204,853.725,0
382.32,SV502_GUIDANCE,79999.992,20.6461411,28.7795563,2113.853,2286.632,0.003,89268.791,80000.107,946.932,0.33371,0.0076328,853.433,0
382.88,SV502_GUIDANCE,79999.994,20.6839085,28.7838761,2113.849,2286.623,0.003,89258.703,80000.109,946.923,0.33368,0.0076452,853.231,0
383.44,SV502_GUIDANCE,79999.995,20.7216225,28.7881953,2113.844,2286.615,0.003,89248.588,80000.11,946.913,0.33365,0.0076575,852.938,0
384,SV502_GUIDANCE,79999.997,20.7592773,28.7925139,2113.839,2286.607,0.003,89238.466,80000.111,946.903,0.33363,0.0076698,852.745,0
384.56,SV502_GUIDANCE,79999.991,20.7968769,28.7968319,2113.835,2286.598,0.003,89228.346,80000.104,946.893,0.3336,0.0076821,852.442,0
385.12,SV502_GUIDANCE,79999.992,20.8344212,28.8011491,2113.83,2286.59,0.003,89218.225,80000.105,946.884,0.33357,0.0076944,852.147,0
385.68,SV502_GUIDANCE,79999.993,20.8719063,28.8054655,2113.826,2286.582,0.002,89208.11,80000.106,946.874,0.33354,0.0077066,851.953,0
386.24,SV502_GUIDANCE,79999.995,20.9093361,28.809781,2113.821,2286.573,0.002,89198.003,80000.108,946.865,0.33352,0.0077189,851.657,0
386.8,SV502_GUIDANCE,79999.996,20.9467087,28.8140956,2113.816,2286.565,0.002,89187.907,80000.109,946.856,0.33349,0.0077311,851.361,0
387.36,SV502_GUIDANCE,79999.997,20.984024,28.8184093,2113.812,2286.557,0.002,89177.827,80000.11,946.848,0.33346,0.0077432,851.157,0
387.92,SV502_GUIDANCE,79999.998,21.0212822,28.822722,2113.807,2286.548,0.002,89167.765,80000.11,946.839,0.33343,0.0077554,850.859,0
388.48,SV502_GUIDANCE,80000,21.0584812,28.8270337,2113.803,2286.54,0.002,89157.727,80000.111,946.831,0.33341,0.0077675,850.664,0
389.04,SV502_GUIDANCE,80000.001,21.0956249,28.8313444,2113.798,2286.532,0.002,89147.712,80000.112,946.822,0.33338,0.0077796,850.356,0
389.6,SV502_GUIDANCE,80000.002,21.1327095,28.8356539,2113.794,2286.524,0.002,89137.701,80000.113,946.813,0.33335,0.0077917,850.057,0
390.16,SV502_GUIDANCE,80000.003,21.169735,28.8399622,2113.789,2286.515,0.002,89127.687,80000.114,946.804,0.33332,0.0078037,849.861,0
390.72,SV502_GUIDANCE,80000.004,21.2067051,28.8442694,2113.785,2286.507,0.002,89117.668,80000.114,946.795,0.3333,0.0078158,849.561,0
391.28,SV502_GUIDANCE,80000.005,21.2436142,28.8485752,2113.78,2286.499,0.002,89107.643,80000.115,946.785,0.33327,0.0078278,849.355,0
391.84,SV502_GUIDANCE,80000.006,21.280468,28.8528798,2113.776,2286.491,0.002,89097.607,80000.116,946.775,0.33324,0.0078397,849.054,0
392.4,SV502_GUIDANCE,80000.007,21.3172607,28.857183,2113.771,2286.482,0.002,89087.558,80000.116,946.764,0.33321,0.0078517,848.752,0
392.96,SV502_GUIDANCE,80000.008,21.3539963,28.8614847,2113.767,2286.474,0.002,89077.492,80000.117,946.754,0.33318,0.0078636,848.555,0
393.52,SV502_GUIDANCE,80000.009,21.3906727,28.865785,2113.762,2286.466,0.002,89067.406,80000.118,946.743,0.33316,0.0078755,848.243,0
394.08,SV502_GUIDANCE,80000.01,21.42729,28.8700836,2113.757,2286.457,0.002,89057.293,80000.118,946.733,0.33313,0.0078874,848.044,0
394.64,SV502_GUIDANCE,80000.011,21.4638481,28.8743807,2113.753,2286.449,0.002,89047.157,80000.119,946.722,0.3331,0.0078992,847.741,0
395.2,SV502_GUIDANCE,80000.012,21.5003471,28.878676,2113.748,2286.441,0.002,89037.018,80000.119,946.713,0.33307,0.0079111,847.438,0
395.76,SV502_GUIDANCE,80000.012,21.536787,28.8829697,2113.744,2286.432,0.002,89026.882,80000.12,946.703,0.33304,0.0079229,847.228,0
396.32,SV502_GUIDANCE,80000.013,21.5731678,28.8872615,2113.739,2286.424,0.001,89016.751,80000.121,946.694,0.33301,0.0079346,846.924,0
396.88,SV502_GUIDANCE,80000.014,21.6094894,28.8915515,2113.734,2286.416,0.001,89006.627,80000.121,946.685,0.33299,0.0079464,846.619,0
397.44,SV502_GUIDANCE,80000.015,21.64575,28.8958397,2113.73,2286.407,0.001,88996.513,80000.122,946.677,0.33296,0.0079581,846.418,0
398,SV502_GUIDANCE,80000.015,21.6819515,28.9001259,2113.725,2286.399,0.001,88986.414,80000.122,946.669,0.33293,0.0079698,846.102,0
398.56,SV502_GUIDANCE,80000.016,21.718092,28.9044103,2113.72,2286.391,0.001,88976.331,80000.122,946.66,0.3329,0.0079815,845.901,0
399.12,SV502_GUIDANCE,80000.017,21.7541733,28.9086926,2113.716,2286.382,0.001,88966.268,80000.123,946.651,0.33287,0.0079931,845.594,0
399.68,SV502_GUIDANCE,80000.017,21.7901936,28.912973,2113.711,2286.374,0.001,88956.229,80000.123,946.642,0.33284,0.0080048,845.287,0
400.24,SV502_GUIDANCE,80000.018,21.8261547,28.9172513,2113.707,2286.366,0.001,88946.218,80000.123,946.632,0.33281,0.0080164,845.075,0
400.8,SV502_GUIDANCE,80000.011,21.8620529,28.9215275,2113.702,2286.358,0.001,88936.22,80000.116,946.622,0.33279,0.0080279,844.767,0
401.36,SV502_GUIDANCE,80000.011,21.897892,28.9258016,2113.698,2286.349,0.001,88926.218,80000.116,946.612,0.33276,0.0080395,844.564,0
401.92,SV502_GUIDANCE,80000.012,21.93367,28.9300734,2113.693,2286.341,0.001,88916.215,80000.116,946.6,0.33273,0.008051,844.255,0
402.48,SV502_GUIDANCE,80000.012,21.9693871,28.9343429,2113.689,2286.333,0.001,88906.208,80000.116,946.589,0.3327,0.0080625,843.935,0
403.04,SV502_GUIDANCE,80000.013,22.005043,28.9386101,2113.684,2286.325,0.001,88896.193,80000.117,946.578,0.33267,0.008074,843.731,0
403.6,SV502_GUIDANCE,80000.013,22.040638,28.9428749,2113.68,2286.316,0.001,88886.166,80000.117,946.567,0.33264,0.0080854,843.421,0
404.16,SV502_GUIDANCE,80000.014,22.0761719,28.9471371,2113.675,2286.308,0.001,88876.126,80000.117,946.556,0.33261,0.0080968,843.109,0
404.72,SV502_GUIDANCE,80000.014,22.1116428,28.9513968,2113.67,2286.3,0.001,88866.068,80000.118,946.546,0.33258,0.0081082,842.895,0
405.28,SV502_GUIDANCE,80000.015,22.1470528,28.955654,2113.666,2286.291,0.001,88855.988,80000.118,946.535,0.33256,0.0081196,842.583,0
405.84,SV502_GUIDANCE,80000.015,22.1824017,28.9599084,2113.661,2286.283,0.001,88845.883,80000.118,946.526,0.33253,0.0081309,842.378,0
406.4,SV502_GUIDANCE,80000.016,22.2176876,28.9641602,2113.657,2286.275,0.001,88835.772,80000.118,946.517,0.3325,0.0081422,842.065,0
406.96,SV502_GUIDANCE,80000.016,22.2529125,28.9684092,2113.652,2286.266,0.001,88825.666,80000.119,946.508,0.33247,0.0081535,841.741,0
407.52,SV502_GUIDANCE,80000.017,22.2880726,28.9726555,2113.647,2286.258,0.001,88815.566,80000.119,946.499,0.33244,0.0081648,841.535,0
408.08,SV502_GUIDANCE,80000.017,22.3231735,28.976899,2113.643,2286.25,0.001,88805.476,80000.119,946.49,0.33241,0.008176,841.221,0
408.64,SV502_GUIDANCE,80000.018,22.3582096,28.9811397,2113.638,2286.241,0.001,88795.399,80000.119,946.481,0.33238,0.0081872,841.004,0
409.2,SV502_GUIDANCE,80000.018,22.3931847,28.9853775,2113.634,2286.233,0.001,88785.338,80000.119,946.471,0.33235,0.0081984,840.689,0
409.76,SV502_GUIDANCE,80000.018,22.4280949,28.9896124,2113.629,2286.225,0.001,88775.297,80000.119,946.462,0.33232,0.0082096,840.373,0
410.32,SV502_GUIDANCE,80000.019,22.462944,28.9938444,2113.624,2286.217,0.001,88765.278,80000.119,946.451,0.33229,0.0082207,840.166,0
410.86,SV502_GUIDANCE,80000.019,22.4977283,28.9980733,2113.62,2286.208,0.001,88755.286,80000.119,946.44,0.33226,0.0082318,839.849,0
411.44,SV502_GUIDANCE,80000.012,22.5324516,29.0022992,2113.615,2286.2,0.001,88745.33,80000.111,946.429,0.33223,0.0082429,839.631,0
412,SV502_GUIDANCE,80000.012,22.5671101,29.0065219,2113.611,2286.192,0.001,88735.382,80000.112,946.418,0.33221,0.0082539,839.313,0
412.56,SV502_GUIDANCE,80000.012,22.6017036,29.0107414,2113.606,2286.184,0.001,88725.438,80000.112,946.406,0.33218,0.0082649,838.995,0
413.12,SV502_GUIDANCE,80000.013,22.6362362,29.0149577,2113.602,2286.176,0.001,88715.494,80000.112,946.395,0.33215,0.0082759,838.776,0
413.68,SV502_GUIDANCE,80000.013,22.6707039,29.0191707,2113.597,2286.167,0.001,88705.547,80000.112,946.384,0.33212,0.0082869,838.457,0
414.24,SV502_GUIDANCE,80000.014,22.7051067,29.0233802,2113.593,2286.159,0.001,88695.595,80000.112,946.372,0.33209,0.0082978,838.137,0
414.8,SV502_GUIDANCE,80000.014,22.7394466,29.0275864,2113.588,2286.151,0.001,88685.634,80000.112,946.361,0.33206,0.0083088,837.928,0
415.36,SV502_GUIDANCE,80000.015,22.7737217,29.0317891,2113.584,2286.143,0.001,88675.66,80000.113,946.351,0.33203,0.0083196,837.607,0
415.92,SV502_GUIDANCE,80000.015,22.8079338,29.0359882,2113.579,2286.134,0.001,88665.671,80000.113,946.341,0.332,0.0083305,837.387,0
416.48,SV502_GUIDANCE,80000.015,22.8420792,29.0401838,2113.574,2286.126,0.001,88655.661,80000.113,946.331,0.33197,0.0083413,837.065,0
417.04,SV502_GUIDANCE,80000.016,22.8761616,29.0443757,2113.57,2286.118,0.001,88645.627,80000.113,946.322,0.33194,0.0083521,836.743,0
417.6,SV502_GUIDANCE,80000.016,22.9101791,29.0485639,2113.565,2286.11,0.001,88635.591,80000.113,946.313,0.33191,0.0083629,836.522,0
418.16,SV502_GUIDANCE,80000.016,22.9441319,29.0527485,2113.561,2286.101,0.001,88625.561,80000.114,946.304,0.33188,0.0083737,836.199,0
418.72,SV502_GUIDANCE,80000.017,22.9780178,29.0569293,2113.556,2286.093,0.001,88615.54,80000.114,946.295,0.33185,0.0083844,835.987,0
419.28,SV502_GUIDANCE,80000.017,23.0118408,29.0611063,2113.551,2286.085,0.001,88605.531,80000.114,946.286,0.33182,0.0083951,835.663,0
419.84,SV502_GUIDANCE,80000.017,23.0455971,29.0652795,2113.547,2286.077,0,88595.537,80000.114,946.277,0.33179,0.0084058,835.34,0
420.4,SV502_GUIDANCE,80000.018,23.0792885,29.0694489,2113.542,2286.068,0,88585.561,80000.114,946.267,0.33176,0.0084164,835.117,0
420.96,SV502_GUIDANCE,80000.018,23.1129131,29.0736143,2113.538,2286.06,0,88575.606,80000.114,946.257,0.33173,0.008427,834.792,0
421.52,SV502_GUIDANCE,80000.018,23.1464729,29.0777758,2113.533,2286.052,0,88565.676,80000.114,946.246,0.3317,0.0084376,834.467,0
422.08,SV502_GUIDANCE,80000.019,23.1799679,29.0819333,2113.529,2286.044,0,88555.774,80000.114,946.235,0.33167,0.0084482,834.243,0
422.64,SV502_GUIDANCE,80000.019,23.2133961,29.0860868,2113.524,2286.036,0.001,88545.907,80000.114,946.224,0.33164,0.0084587,833.917,0
423.2,SV502_GUIDANCE,80000.019,23.2467575,29.0902361,2113.52,2286.028,0.001,88536.059,80000.114,946.212,0.33161,0.0084692,833.702,0
423.76,SV502_GUIDANCE,80000.019,23.2800522,29.0943812,2113.515,2286.019,0.001,88526.218,80000.114,946.201,0.33158,0.0084797,833.375,0
424.32,SV502_GUIDANCE,80000.02,23.313282,29.098522,2113.511,2286.011,0.001,88516.379,80000.114,946.19,0.33155,0.0084901,833.048,0
424.88,SV502_GUIDANCE,80000.02,23.3464432,29.1026586,2113.506,2286.003,0.001,88506.541,80000.114,946.18,0.33152,0.0085005,832.823,0
425.44,SV502_GUIDANCE,80000.02,23.3795395,29.1067908,2113.502,2285.995,0.001,88496.701,80000.114,946.17,0.33149,0.0085109,832.494,0
426,SV502_GUIDANCE,80000.021,23.412569,29.1109186,2113.497,2285.987,0.001,88486.854,80000.114,946.16,0.33146,0.0085213,832.278,0
426.56,SV502_GUIDANCE,80000.021,23.4455299,29.1150419,2113.492,2285.979,0.001,88476.999,80000.114,946.151,0.33143,0.0085316,831.939,0
427.12,SV502_GUIDANCE,80000.021,23.478426,29.1191607,2113.488,2285.971,0.001,88467.13,80000.114,946.142,0.3314,0.0085419,831.609,0
427.68,SV502_GUIDANCE,80000.021,23.5112534,29.1232749,2113.483,2285.963,0,88457.246,80000.114,946.133,0.33137,0.0085522,831.393,0
428.24,SV502_GUIDANCE,80000.021,23.5440121,29.1273846,2113.479,2285.954,0,88447.336,80000.114,946.125,0.33133,0.0085625,831.062,0
428.8,SV502_GUIDANCE,80000.022,23.576704,29.1314897,2113.474,2285.946,0,88437.42,80000.114,946.116,0.3313,0.0085727,830.731,0
429.36,SV502_GUIDANCE,80000.022,23.6093292,29.1355902,2113.47,2285.938,0,88427.51,80000.114,946.107,0.33127,0.0085829,830.504,0
429.92,SV502_GUIDANCE,80000.022,23.6418858,29.1396859,2113.465,2285.93,0,88417.61,80000.114,946.097,0.33124,0.008593,830.172,0
430.48,SV502_GUIDANCE,80000.022,23.6743755,29.1437769,2113.46,2285.922,0,88407.722,80000.114,946.088,0.33121,0.0086032,829.954,0
431.04,SV502_GUIDANCE,80000.022,23.7067966,29.1478631,2113.456,2285.914,0,88397.848,80000.114,946.077,0.33118,0.0086133,829.611,0
431.6,SV502_GUIDANCE,80000.022,23.7391491,29.1519446,2113.451,2285.905,0,88387.991,80000.114,946.067,0.33115,0.0086234,829.278,0
432.16,SV502_GUIDANCE,80000.023,23.7714329,29.1560211,2113.447,2285.897,0,88378.156,80000.114,946.055,0.33112,0.0086334,829.059,0
432.72,SV502_GUIDANCE,80000.023,23.803648,29.1600927,2113.442,2285.889,0,88368.344,80000.113,946.044,0.33109,0.0086435,828.725,0
433.28,SV502_GUIDANCE,80000.023,23.8357964,29.1641593,2113.438,2285.881,0,88358.56,80000.113,946.033,0.33106,0.0086534,828.495,0
433.84,SV502_GUIDANCE,80000.023,23.8678741,29.1682209,2113.433,2285.873,0,88348.805,80000.113,946.021,0.33103,0.0086634,828.161,0
434.4,SV502_GUIDANCE,80000.023,23.8998833,29.1722773,2113.429,2285.865,0,88339.089,80000.113,946.011,0.331,0.0086734,827.825,0
434.96,SV502_GUIDANCE,80000.023,23.9318237,29.1763286,2113.424,2285.857,0,88329.395,80000.113,946,0.33097,0.0086833,827.606,0
435.52,SV502_GUIDANCE,80000.024,23.9636936,29.1803747,2113.42,2285.849,0,88319.71,80000.113,945.99,0.33093,0.0086931,827.259,0
436.08,SV502_GUIDANCE,80000.024,23.9954967,29.1844155,2113.416,2285.841,0,88310.033,80000.113,945.98,0.3309,0.008703,827.038,0
436.64,SV502_GUIDANCE,80000.024,24.0272274,29.188451,2113.411,2285.833,0,88300.359,80000.113,945.971,0.33087,0.0087128,826.702,0
437.2,SV502_GUIDANCE,80000.024,24.0588913,29.1924811,2113.407,2285.825,0,88290.685,80000.113,945.963,0.33084,0.0087226,826.365,0
437.76,SV502_GUIDANCE,80000.024,24.0904827,29.1965059,2113.402,2285.817,0,88281.008,80000.113,945.955,0.33081,0.0087324,826.133,0
438.32,SV502_GUIDANCE,80000.024,24.1220074,29.2005252,2113.398,2285.809,0,88271.325,80000.113,945.946,0.33078,0.0087421,825.794,0
438.88,SV502_GUIDANCE,80000.024,24.1534595,29.2045391,2113.393,2285.801,0,88261.632,80000.113,945.937,0.33075,0.0087519,825.456,0
439.44,SV502_GUIDANCE,80000.024,24.1848412,29.2085475,2113.389,2285.793,0,88251.924,80000.113,945.928,0.33072,0.0087615,825.233,0
440,SV502_GUIDANCE,80000.024,24.2161541,29.2125503,2113.384,2285.785,0,88242.196,80000.113,945.919,0.33069,0.0087712,824.884,0
440.56,SV502_GUIDANCE,80000.024,24.2473965,29.2165475,2113.38,2285.777,0,88232.453,80000.112,945.909,0.33065,0.0087808,824.661,0
441.12,SV502_GUIDANCE,80000.024,24.2785683,29.2205391,2113.375,2285.769,0,88222.717,80000.112,945.899,0.33062,0.0087904,824.321,0
441.68,SV502_GUIDANCE,80000.025,24.3096676,29.2245251,2113.371,2285.761,0,88212.991,80000.112,945.888,0.33059,0.0088,823.981,0
442.24,SV502_GUIDANCE,80000.025,24.3406982,29.2285053,2113.366,2285.753,0,88203.282,80000.112,945.876,0.33056,0.0088095,823.746,0
442.8,SV502_GUIDANCE,80000.017,24.3716564,29.2324797,2113.362,2285.745,0,88193.594,80000.104,945.865,0.33053,0.008819,823.405,0
443.36,SV502_GUIDANCE,80000.017,24.402544,29.2364483,2113.357,2285.737,0,88183.925,80000.104,945.854,0.3305,0.0088285,823.181,0
443.92,SV502_GUIDANCE,80000.017,24.4333611,29.240411,2113.353,2285.729,0,88174.283,80000.103,945.843,0.33047,0.008838,822.839,0
444.48,SV502_GUIDANCE,80000.017,24.4641056,29.2443677,2113.348,2285.721,0,88164.67,80000.103,945.832,0.33043,0.0088474,822.486,0
445.04,SV502_GUIDANCE,80000.017,24.4947796,29.2483185,2113.344,2285.713,0,88155.092,80000.103,945.821,0.3304,0.0088568,822.26,0
445.6,SV502_GUIDANCE,80000.017,24.5253811,29.2522632,2113.339,2285.705,0,88145.556,80000.103,945.811,0.33037,0.0088661,821.918,0
446.16,SV502_GUIDANCE,80000.017,24.555912,29.2562018,2113.335,2285.698,0,88136.05,80000.103,945.802,0.33034,0.0088755,821.574,0
446.72,SV502_GUIDANCE,80000.017,24.5863686,29.2601343,2113.331,2285.69,0,88126.557,80000.103,945.793,0.33031,0.0088848,821.337,0
447.28,SV502_GUIDANCE,80000.018,24.6167545,29.2640607,2113.326,2285.682,0,88117.073,80000.103,945.784,0.33028,0.0088941,820.993,0
447.84,SV502_GUIDANCE,80000.018,24.6470699,29.2679808,2113.322,2285.674,0,88107.596,80000.103,945.775,0.33024,0.0089033,820.767,0
448.4,SV502_GUIDANCE,80000.018,24.6773109,29.2718947,2113.317,2285.666,0,88098.123,80000.103,945.766,0.33021,0.0089125,820.422,0
448.96,SV502_GUIDANCE,80000.018,24.7074795,29.2758023,2113.313,2285.658,0,88088.649,80000.103,945.757,0.33018,0.0089217,820.065,0
449.52,SV502_GUIDANCE,80000.018,24.7375755,29.2797036,2113.309,2285.651,0,88079.172,80000.103,945.747,0.33015,0.0089309,819.838,0
450.08,SV502_GUIDANCE,80000.018,24.7675991,29.2835985,2113.304,2285.643,0,88069.688,80000.102,945.737,0.33012,0.00894,819.492,0
450.58,SV502_GUIDANCE,80000.018,24.7954121,29.2873482,2113.3,2285.635,0,88060.533,80000.101,945.728,0.33009,0.0089491,819.254,0
451.18,SV502_GUIDANCE,80000.01,24.8263607,29.2912304,2113.296,2285.627,0,88051.026,80000.094,945.717,0.33005,0.0089579,818.906,0
451.74,SV502_GUIDANCE,80000.01,24.8561687,29.2951061,2113.291,2285.619,0,88041.496,80000.094,945.706,0.33002,0.0089669,818.559,0
452.3,SV502_GUIDANCE,80000.011,24.8859024,29.2989753,2113.287,2285.612,0,88031.969,80000.094,945.695,0.32999,0.0089759,818.33,0
452.86,SV502_GUIDANCE,80000.011,24.9155636,29.3028379,2113.282,2285.604,0,88022.453,80000.094,945.683,0.32996,0.0089849,817.982,0
453.42,SV502_GUIDANCE,80000.011,24.9451504,29.3066939,2113.278,2285.596,0.001,88012.954,80000.094,945.671,0.32993,0.0089939,817.742,0
453.98,SV502_GUIDANCE,80000.011,24.9746628,29.3105432,2113.273,2285.588,0.001,88003.472,80000.094,945.659,0.32989,0.0090028,817.394,0
454.54,SV502_GUIDANCE,80000.011,25.0041027,29.3143857,2113.269,2285.58,0.001,87994.013,80000.094,945.648,0.32986,0.0090117,817.044,0
455.1,SV502_GUIDANCE,80000.012,25.0334682,29.3182214,2113.264,2285.572,0.001,87984.58,80000.094,945.636,0.32983,0.0090205,816.803,0
455.66,SV502_GUIDANCE,80000.012,25.0627594,29.3220502,2113.26,2285.565,0.001,87975.177,80000.095,945.626,0.3298,0.0090294,816.453,0
456.22,SV502_GUIDANCE,80000.012,25.0919762,29.3258722,2113.256,2285.557,0.001,87965.807,80000.095,945.615,0.32976,0.0090382,816.223,0
456.78,SV502_GUIDANCE,80000.013,25.1211185,29.3296872,2113.251,2285.549,0.001,87956.474,80000.095,945.606,0.32973,0.009047,815.872,0
457.34,SV502_GUIDANCE,80000.013,25.1501865,29.3334953,2113.247,2285.542,0.001,87947.186,80000.095,945.597,0.3297,0.0090557,815.521,0
457.9,SV502_GUIDANCE,80000.013,25.1791801,29.3372963,2113.243,2285.534,0.001,87937.928,80000.095,945.589,0.32967,0.0090644,815.279,0
458.46,SV502_GUIDANCE,80000.013,25.2080994,29.3410903,2113.238,2285.526,0.001,87928.684,80000.095,945.581,0.32964,0.0090731,814.927,0
459.02,SV502_GUIDANCE,80000.014,25.2369423,29.3448771,2113.234,2285.519,0.001,87919.45,80000.096,945.573,0.3296,0.0090818,814.575,0
459.58,SV502_GUIDANCE,80000.014,25.2657108,29.3486569,2113.23,2285.511,0,87910.224,80000.096,945.565,0.32957,0.0090904,814.332,0
460.14,SV502_GUIDANCE,80000.014,25.294405,29.3524295,2113.226,2285.503,0,87901.002,80000.096,945.557,0.32954,0.009099,813.979,0
460.7,SV502_GUIDANCE,80000.014,25.3230228,29.3561948,2113.221,2285.496,0,87891.78,80000.096,945.548,0.32951,0.0091076,813.747,0
461.26,SV502_GUIDANCE,80000.015,25.3515663,29.359953,2113.217,2285.488,0,87882.555,80000.096,945.539,0.32947,0.0091161,813.393,0
461.82,SV502_GUIDANCE,80000.015,25.3800335,29.3637038,2113.213,2285.481,0,87873.323,80000.095,945.529,0.32944,0.0091247,813.039,0
462.38,SV502_GUIDANCE,80000.015,25.4084263,29.3674473,2113.208,2285.473,0,87864.08,80000.095,945.518,0.32941,0.0091331,812.795,0
462.94,SV502_GUIDANCE,80000.015,25.4367409,29.3711835,2113.204,2285.465,0,87854.816,80000.095,945.507,0.32938,0.0091416,812.44,0
463.5,SV502_GUIDANCE,80000.016,25.4649811,29.3749121,2113.2,2285.458,0.001,87845.546,80000.096,945.496,0.32934,0.00915,812.208,0
464.06,SV502_GUIDANCE,80000.016,25.493145,29.3786333,2113.195,2285.45,0.001,87836.287,80000.096,945.485,0.32931,0.0091584,811.841,0
464.62,SV502_GUIDANCE,80000.016,25.5212326,29.382347,2113.191,2285.442,0.001,87827.043,80000.096,945.475,0.32928,0.0091668,811.484,0
465.18,SV502_GUIDANCE,80000.016,25.5492439,29.3860531,2113.187,2285.435,0.001,87817.819,80000.096,945.464,0.32924,0.0091751,811.25,0
465.74,SV502_GUIDANCE,80000.017,25.577179,29.3897516,2113.182,2285.427,0.001,87808.617,80000.096,945.455,0.32921,0.0091834,810.894,0
466.3,SV502_GUIDANCE,80000.017,25.6050377,29.3934424,2113.178,2285.42,0.001,87799.441,80000.096,945.445,0.32918,0.0091917,810.536,0
466.86,SV502_GUIDANCE,80000.017,25.6328182,29.3971255,2113.174,2285.412,0.001,87790.295,80000.096,945.437,0.32915,0.0091999,810.291,0
467.42,SV502_GUIDANCE,80000.017,25.6605244,29.4008008,2113.169,2285.405,0.001,87781.183,80000.096,945.429,0.32911,0.0092081,809.933,0
467.98,SV502_GUIDANCE,80000.017,25.6881504,29.4044684,2113.165,2285.397,0,87772.107,80000.096,945.421,0.32908,0.0092163,809.698,0
468.54,SV502_GUIDANCE,80000.018,25.7157021,29.4081281,2113.161,2285.39,0,87763.073,80000.096,945.414,0.32905,0.0092245,809.328,0
469.1,SV502_GUIDANCE,80000.018,25.7431755,29.4117801,2113.157,2285.382,0,87754.086,80000.096,945.406,0.32901,0.0092326,808.969,0
469.66,SV502_GUIDANCE,80000.018,25.7705708,29.4154241,2113.152,2285.375,0,87745.122,80000.096,945.398,0.32898,0.0092407,808.733,0
470.22,SV502_GUIDANCE,80000.018,25.7978897,29.4190602,2113.148,2285.367,0,87736.173,80000.096,945.39,0.32895,0.0092487,808.373,0
470.78,SV502_GUIDANCE,80000.018,25.8251305,29.4226883,2113.144,2285.36,0,87727.237,80000.096,945.381,0.32892,0.0092568,808.126,0
471.34,SV502_GUIDANCE,80000.018,25.852293,29.4263085,2113.14,2285.353,0,87718.311,80000.096,945.372,0.32888,0.0092648,807.766,0
471.86,SV502_GUIDANCE,80000.003,25.8774452,29.4296628,2113.136,2285.346,0,87710.034,80000.08,945.363,0.32885,0.0092722,807.529,0
472.42,SV502_GUIDANCE,80000.003,25.904459,29.4332674,2113.132,2285.338,0,87701.115,80000.08,945.352,0.32882,0.0092802,807.168,0
472.98,SV502_GUIDANCE,80000.003,25.9313927,29.4368639,2113.128,2285.331,0,87692.195,80000.08,945.341,0.32879,0.0092881,806.795,0
473.54,SV502_GUIDANCE,80000.003,25.9582481,29.4404522,2113.124,2285.324,0,87683.27,80000.08,945.329,0.32875,0.009296,806.558,0
474.1,SV502_GUIDANCE,80000.003,25.9850254,29.4440323,2113.119,2285.316,0.001,87674.336,80000.08,945.317,0.32872,0.0093038,806.196,0
474.66,SV502_GUIDANCE,80000.004,26.0117245,29.4476041,2113.115,2285.309,0.001,87665.386,80000.08,945.306,0.32869,0.0093116,805.834,0
475.22,SV502_GUIDANCE,80000.004,26.0383453,29.4511676,2113.111,2285.301,0.001,87656.424,80000.08,945.294,0.32865,0.0093194,805.584,0
475.78,SV502_GUIDANCE,80000.004,26.064888,29.4547227,2113.107,2285.294,0.001,87647.476,80000.081,945.284,0.32862,0.0093272,805.222,0
476.34,SV502_GUIDANCE,80000.005,26.0913506,29.4582693,2113.102,2285.287,0.001,87638.546,80000.081,945.273,0.32859,0.0093349,804.983,0
476.9,SV502_GUIDANCE,80000.005,26.117733,29.4618076,2113.098,2285.279,0.001,87629.638,80000.081,945.264,0.32855,0.0093426,804.619,0
477.46,SV502_GUIDANCE,80000.005,26.1440392,29.4653373,2113.094,2285.272,0.001,87620.755,80000.081,945.256,0.32852,0.0093503,804.244,0
478.02,SV502_GUIDANCE,79999.998,26.1702633,29.4688585,2113.09,2285.265,0.001,87611.906,80000.074,945.248,0.32849,0.0093579,804.005,0
478.58,SV502_GUIDANCE,79999.998,26.1964092,29.4723711,2113.086,2285.257,0.001,87603.088,80000.074,945.241,0.32845,0.0093656,803.64,0
479.14,SV502_GUIDANCE,79999.998,26.2224751,29.4758752,2113.081,2285.25,0.001,87594.307,80000.074,945.233,0.32842,0.0093731,803.389,0
479.7,SV502_GUIDANCE,79999.999,26.2484627,29.4793708,2113.077,2285.243,0.001,87585.569,80000.074,945.224,0.32839,0.0093807,803.023,0
480.26,SV502_GUIDANCE,79999.999,26.2743683,29.4828576,2113.073,2285.236,0.001,87576.88,80000.074,945.214,0.32835,0.0093882,802.658,0
480.82,SV502_GUIDANCE,80000,26.3001957,29.4863358,2113.069,2285.229,0.001,87568.23,80000.075,945.203,0.32832,0.0093957,802.418,0
481.38,SV502_GUIDANCE,80000,26.325943,29.4898053,2113.065,2285.222,0.001,87559.599,80000.075,945.193,0.32829,0.0094031,802.051,0
481.94,SV502_GUIDANCE,80000,26.3516083,29.493266,2113.061,2285.214,0.001,87550.984,80000.075,945.182,0.32825,0.0094106,801.799,0
482.5,SV502_GUIDANCE,80000.001,26.3771954,29.4967178,2113.057,2285.207,0.001,87542.381,80000.075,945.171,0.32822,0.0094179,801.432,0
483.06,SV502_GUIDANCE,80000.001,26.4027004,29.5001608,2113.053,2285.2,0.001,87533.789,80000.076,945.161,0.32818,0.0094253,801.065,0
483.62,SV502_GUIDANCE,80000.002,26.4281254,29.5035949,2113.049,2285.193,0.001,87525.203,80000.076,945.151,0.32815,0.0094326,800.812,0
484.18,SV502_GUIDANCE,79999.994,26.4534702,29.5070199,2113.045,2285.186,0.001,87516.624,80000.069,945.141,0.32812,0.00944,800.444,0
484.74,SV502_GUIDANCE,79999.995,26.4787331,29.510436,2113.041,2285.179,0.001,87508.041,80000.069,945.132,0.32808,0.0094473,800.076,0
485.3,SV502_GUIDANCE,79999.995,26.5039158,29.5138431,2113.037,2285.172,0.001,87499.453,80000.069,945.124,0.32805,0.0094545,799.833,0
485.86,SV502_GUIDANCE,79999.996,26.5290184,29.517241,2113.032,2285.165,0.001,87490.858,80000.07,945.116,0.32802,0.0094617,799.465,0
486.42,SV502_GUIDANCE,79999.996,26.554039,29.5206299,2113.028,2285.158,0.001,87482.246,80000.07,945.109,0.32798,0.0094689,799.211,0
486.98,SV502_GUIDANCE,79999.997,26.5789776,29.5240096,2113.024,2285.15,0.001,87473.636,80000.07,945.101,0.32795,0.009476,798.841,0
487.54,SV502_GUIDANCE,79999.997,26.6038361,29.5273802,2113.02,2285.143,0.001,87465.045,80000.071,945.093,0.32791,0.0094832,798.471,0
488.1,SV502_GUIDANCE,79999.998,26.6286125,29.5307415,2113.016,2285.136,0.001,87456.475,80000.071,945.085,0.32788,0.0094903,798.217,0
488.66,SV502_GUIDANCE,79999.998,26.653307,29.5340937,2113.012,2285.129,0.001,87447.93,80000.071,945.077,0.32785,0.0094973,797.846,0
489.22,SV502_GUIDANCE,79999.998,26.6779194,29.5374365,2113.008,2285.122,0.001,87439.412,80000.071,945.068,0.32781,0.0095043,797.603,0
489.78,SV502_GUIDANCE,79999.999,26.7024498,29.54077,2113.004,2285.115,0.001,87430.927,80000.071,945.059,0.32778,0.0095113,797.232,0
490.34,SV502_GUIDANCE,79999.999,26.7268982,29.5440942,2113,2285.108,0.001,87422.478,80000.072,945.049,0.32774,0.0095183,796.86,0
490.9,SV502_GUIDANCE,80000,26.7512646,29.5474091,2112.996,2285.101,0.001,87414.067,80000.072,945.039,0.32771,0.0095252,796.605,0
491.46,SV502_GUIDANCE,80000,26.7755489,29.5507145,2112.992,2285.094,0.001,87405.7,80000.072,945.028,0.32768,0.0095321,796.232,0
492.02,SV502_GUIDANCE,80000.001,26.7997513,29.5540104,2112.988,2285.087,0.001,87397.384,80000.073,945.018,0.32764,0.009539,795.86,0
492.58,SV502_GUIDANCE,80000.001,26.8238697,29.5572968,2112.984,2285.081,0.001,87389.112,80000.073,945.008,0.32761,0.0095459,795.603,0
493.14,SV502_GUIDANCE,80000.002,26.8479061,29.5605737,2112.98,2285.074,0.001,87380.863,80000.073,944.998,0.32757,0.0095527,795.231,0
493.7,SV502_GUIDANCE,80000.002,26.8718605,29.5638409,2112.976,2285.067,0.001,87372.63,80000.074,944.989,0.32754,0.0095595,794.986,0
494.26,SV502_GUIDANCE,80000.003,26.895731,29.5670986,2112.972,2285.06,0.001,87364.412,80000.074,944.98,0.32751,0.0095662,794.612,0
494.82,SV502_GUIDANCE,80000.003,26.9195194,29.5703465,2112.968,2285.053,0.001,87356.205,80000.075,944.972,0.32747,0.0095729,794.238,0
495.38,SV502_GUIDANCE,80000.004,26.943224,29.5735847,2112.964,2285.047,0.001,87348.005,80000.075,944.965,0.32744,0.0095796,793.98,0
495.94,SV502_GUIDANCE,80000.004,26.9668465,29.5768132,2112.96,2285.04,0.001,87339.809,80000.076,944.958,0.3274,0.0095863,793.606,0
496.5,SV502_GUIDANCE,80000.005,26.9903851,29.5800319,2112.957,2285.033,0.001,87331.612,80000.076,944.952,0.32737,0.0095929,793.36,0
497.06,SV502_GUIDANCE,80000.005,27.0138397,29.5832408,2112.953,2285.026,0.001,87323.41,80000.076,944.946,0.32734,0.0095995,792.973,0
497.62,SV502_GUIDANCE,80000.006,27.0372105,29.5864399,2112.949,2285.02,0.001,87315.197,80000.077,944.939,0.3273,0.0096061,792.598,0
498.18,SV502_GUIDANCE,80000.006,27.0604973,29.589629,2112.945,2285.013,0.001,87306.973,80000.077,944.932,0.32727,0.0096126,792.351,0
498.74,SV502_GUIDANCE,80000.006,27.0837002,29.5928083,2112.941,2285.006,0.001,87298.762,80000.077,944.925,0.32723,0.0096191,791.975,0
499.3,SV502_GUIDANCE,80000.007,27.1068211,29.5959777,2112.937,2284.999,0.001,87290.57,80000.077,944.918,0.3272,0.0096256,791.599,0
499.86,SV502_GUIDANCE,80000.007,27.1298561,29.5991371,2112.933,2284.992,0.001,87282.403,80000.077,944.91,0.32716,0.0096321,791.34,0
500.42,SV502_GUIDANCE,80000.007,27.1528072,29.6022865,2112.929,2284.986,0.001,87274.263,80000.077,944.901,0.32713,0.0096385,790.963,0
500.98,SV502_GUIDANCE,80000.008,27.1756744,29.6054258,2112.925,2284.979,0.001,87266.155,80000.077,944.891,0.3271,0.0096449,790.715,0
501.54,SV502_GUIDANCE,80000.008,27.1984558,29.6085551,2112.921,2284.972,0.001,87258.081,80000.078,944.881,0.32706,0.0096512,790.326,0
502.1,SV502_GUIDANCE,80000.008,27.2211552,29.6116743,2112.917,2284.966,0.001,87250.047,80000.078,944.871,0.32703,0.0096575,789.948,0
502.66,SV502_GUIDANCE,80000.009,27.2437687,29.6147833,2112.913,2284.959,0.001,87242.055,80000.078,944.861,0.32699,0.0096638,789.7,0
503.22,SV502_GUIDANCE,80000.009,27.2662964,29.6178821,2112.91,2284.952,0.001,87234.111,80000.078,944.852,0.32696,0.0096701,789.322,0
503.78,SV502_GUIDANCE,80000.009,27.2887402,29.6209707,2112.906,2284.946,0.001,87226.222,80000.079,944.843,0.32692,0.0096763,789.062,0
503.86,GUIDANCE_TIMEOUT,80000.009,27.2919388,29.6214111,2112.905,2284.945,0.001,87224.818,80000.079,944.842,0.32692,0,788.943,0
504.22,SV502_CUTOFF,80000.014,27.3063126,29.6216309,2112.903,2284.944,0.014,87224.342,80000.079,944.525,0.32692,0,788.884,0
504.24,FINAL,80000.015,27.3071098,29.6216308,2112.903,2284.944,0.015,87224.299,80000.079,944.486,0.32692,0,788.884,0